avaliacao,sa1,sa2,sa3,sa4,sa5,sa6,sa7,sa8,sa9,sa10
0,33833,33485,33622,31923,32516,32142,32417,33200,30516,33253
1,33894,33513,33622,32092,32724,32142,32437,33200,30520,33389
2,33894,33570,33631,32123,32898,32142,32575,33200,30935,33389
3,33894,33570,33696,32123,32898,32142,32575,33419,31071,33389
4,33914,33595,33843,32123,32958,32142,32747,33419,31291,33389
5,33914,33595,33843,32123,32958,32142,32752,33419,31310,33389
6,33914,33595,33843,32123,33091,32142,32833,33419,31392,33389
7,33914,33754,33843,32223,33091,32142,32878,33419,31392,33389
8,34084,33832,33843,32326,33211,32142,33076,33419,31510,33389
9,34084,33832,33843,32432,33340,32142,33076,33419,31510,33389
10,34084,33832,33843,32433,33340,32142,33152,33419,31674,33477
11,34084,34051,33843,32462,33340,32239,33152,33502,31873,33742
12,34168,34051,33843,32462,33340,32577,33152,33502,32085,33742
13,34168,34051,33843,32462,33517,32586,33329,33502,32085,33742
14,34190,34099,33924,32632,33580,32757,33373,33612,32085,33742
15,34190,34169,33924,32632,33580,32757,33629,33612,32085,33826
16,34305,34169,33924,32632,33583,32865,33629,33880,32225,33826
17,34305,34206,33924,32632,33583,32865,33629,33954,32225,33826
18,34305,34206,33924,32632,33633,32959,33750,33968,32276,33826
19,34361,34313,34135,32632,33633,32959,33750,34062,32301,33927
20,34478,34321,34362,32632,33633,32959,33781,34216,32301,33927
21,34478,34656,34443,32632,33633,33027,33781,34216,32537,33927
22,34478,34656,34443,32714,33633,33027,33781,34216,32940,34234
23,34478,34665,34443,32714,33633,33027,33781,34228,32940,34341
24,34489,34665,34496,32833,33633,33316,33781,34228,32940,34487
25,34489,34719,34635,32906,33633,33316,33781,34228,32940,34487
26,34685,34846,34635,33022,33876,33316,33781,34228,32940,34487
27,34685,35033,34655,33022,33876,33481,33781,34470,32940,34487
28,34877,35033,34655,33136,33957,33550,33781,34470,32940,34487
29,34877,35033,34870,33136,33957,33564,33781,34470,32970,34563
30,34877,35136,34870,33136,34017,33564,33781,34470,33009,34563
31,34877,35160,34870,33136,34252,33778,33781,34470,33009,34616
32,34877,35160,34870,33175,34252,33778,33781,34470,33009,34663
33,34877,35226,34932,33220,34322,34160,33781,34602,33009,34764
34,34877,35336,35155,33234,34322,34160,33781,34715,33131,34845
35,34877,35336,35155,33234,34322,34198,33781,34715,33131,34845
36,34959,35336,35155,33234,34322,34393,33781,34757,33131,35051
37,34959,35336,35379,33456,34322,34393,33781,34903,33131,35051
38,34959,35336,35379,33718,34322,34393,33861,34917,33131,35051
39,34959,35419,35379,33718,34322,34475,33861,35071,33131,35051
40,34959,35460,35469,33718,34322,34475,33903,35071,33131,35051
41,34959,35470,35471,33718,34322,34475,33947,35071,33131,35051
42,34959,35470,35471,33718,34322,34528,33947,35118,33131,35051
43,34959,35470,35471,33718,34494,34528,34286,35118,33131,35051
44,34959,35470,35471,33718,34655,34595,34458,35118,33131,35051
45,34959,35790,35695,33734,34686,34595,34458,35118,33131,35051
46,34959,35790,35695,33744,34949,34595,34458,35118,33272,35051
47,34959,35790,35780,33744,34949,34619,34458,35162,33272,35051
48,34959,35850,35905,33744,34949,34619,34473,35238,33272,35051
49,34959,35850,35905,33796,35088,34619,34473,35238,33272,35051
50,34959,35850,35963,33796,35088,34619,34473,35276,33272,35051
51,34983,35850,35963,33796,35188,34869,34473,35324,33272,35051
52,34983,35850,36246,33796,35515,34869,34473,35324,33502,35051
53,34983,35850,36246,33796,35595,35088,34473,35324,33502,35051
54,34983,35850,36489,33957,35595,35088,34473,35370,33694,35051
55,35167,35911,36489,34219,35693,35154,34473,35370,33880,35051
56,35167,36014,36489,34219,35693,35154,34473,35370,33941,35051
57,35167,36088,36489,34219,35693,35154,34473,35370,34044,35051
58,35167,36088,36722,34259,35693,35154,34473,35370,34057,35051
59,35167,36088,36722,34259,35693,35201,34473,35370,34094,35051
60,35167,36088,36722,34259,35800,35373,34473,35370,34317,35051
61,35167,36232,36722,34259,35804,35373,34531,35370,34384,35051
62,35174,36232,36722,34259,35804,35373,34531,35370,34384,35051
63,35174,36277,36722,34259,35804,35373,34531,35370,34384,35051
64,35218,36277,36778,34259,35804,35373,34667,35370,34384,35051
65,35394,36277,36778,34259,35834,35546,34819,35429,34384,35051
66,35394,36294,36778,34259,35834,35546,34819,35429,34384,35051
67,35394,36294,36778,34259,35863,35546,34819,35429,34384,35094
68,35394,36294,36778,34259,35863,35546,34879,35429,34453,35096
69,35394,36294,36778,34259,36183,35546,34879,35557,34637,35416
70,35394,36340,36918,34259,36356,35692,34965,35792,34734,35424
71,35394,36499,36918,34259,36356,35692,34965,35994,34734,35424
72,35441,36608,36918,34276,36356,35848,35146,36214,34734,35424
73,35557,36608,36918,34276,36356,36099,35146,36214,34734,35424
74,35557,36608,36918,34276,36356,36162,35219,36214,34734,35424
75,35557,36608,36918,34276,36356,36365,35219,36214,34734,35524
76,35557,36608,36918,34357,36356,36487,35219,36214,34734,35524
77,35557,36679,36918,34407,36356,36510,35219,36386,34734,35527
78,35557,36679,36918,34466,36356,36510,35219,36386,34974,35527
79,35557,36840,36918,34466,36618,36510,35264,36386,34974,35527
80,35625,36840,36918,34466,36618,36510,35264,36433,35033,35586
81,35768,36840,36918,34466,36618,36510,35264,36433,35128,35679
82,35768,36840,36968,34466,36618,36510,35383,36433,35181,35705
83,35768,36876,36968,34466,36618,36745,35383,36433,35310,35705
84,35768,36876,36978,34466,36618,36745,35425,36685,35368,35705
85,35768,37116,37214,34466,36618,36745,35425,36850,35368,35712
86,35768,37197,37245,34466,36618,36745,35425,36850,35395,35712
87,35768,37197,37245,34675,36618,36745,35425,36872,35395,35712
88,35768,37197,37298,34675,36618,36745,35425,36872,35493,35712
89,35850,37197,37501,34687,36618,36753,35540,36872,35493,35712
90,36060,37197,37577,34795,36618,36805,35566,36872,35541,35712
91,36264,37197,37577,34795,36618,36805,35566,36872,35617,35712
92,36264,37197,37680,34795,36618,36811,35573,37019,35695,35712
93,36264,37283,37680,34846,36618,36811,35785,37113,35695,35712
94,36264,37325,37680,34846,36618,36811,35873,37113,35695,35712
95,36368,37325,37681,34846,36618,36811,35873,37113,35695,35712
96,36368,37325,37681,34937,36618,36944,35873,37113,35912,35780
97,36394,37325,37681,35204,36618,36944,35873,37113,35912,35780
98,36394,37355,37681,35204,36618,36944,35873,37113,36008,35780
99,36399,37355,37706,35204,36731,36944,35873,37205,36008,35780
100,36399,37355,37882,35205,36731,36988,35873,37205,36008,35780
101,36399,37355,37882,35205,36794,37237,35873,37205,36008,35780
102,36399,37355,37882,35205,36842,37380,35873,37205,36008,35780
103,36459,37355,37943,35205,36842,37380,35873,37205,36008,35780
104,36527,37652,38011,35527,37006,37380,35873,37205,36008,35780
105,36527,37652,38011,35536,37167,37380,35873,37205,36008,35780
106,36561,37652,38048,35536,37167,37380,35873,37205,36120,35907
107,36561,37652,38048,35536,37167,37380,35873,37205,36120,36040
108,36601,37652,38048,35762,37167,37596,35873,37383,36120,36040
109,36601,37652,38176,35953,37167,37747,35873,37383,36276,36040
110,36601,37652,38428,35953,37167,37747,35873,37450,36300,36067
111,36601,37652,38428,35953,37167,37747,35873,37450,36300,36303
112,36757,37652,38428,36080,37171,37747,35873,37466,36439,36393
113,36757,37652,38462,36080,37171,37751,35873,37661,36439,36495
114,36894,37706,38658,36366,37171,37751,36088,37661,36448,36641
115,36980,37995,38658,36506,37171,37751,36088,37661,36448,36714
116,36980,37995,38658,36633,37237,37751,36227,37812,36717,36714
117,37024,38219,38719,36736,37237,37751,36232,37812,36842,36714
118,37151,38405,38719,36999,37237,37751,36232,37812,36842,36714
119,37210,38405,38719,36999,37237,37751,36232,37812,36842,36714
120,37406,38617,38719,36999,37237,37833,36232,37872,37009,36714
121,37406,38743,38719,37201,37237,37833,36232,37872,37235,36714
122,37424,38970,38719,37201,37237,37833,36479,37872,37235,36714
123,37452,39152,38719,37201,37237,37833,36479,37872,37303,36718
124,37655,39328,38719,37249,37237,37833,36479,37872,37303,36847
125,37692,39328,38719,37249,37237,37833,36479,37872,37303,36861
126,37709,39328,38719,37249,37237,37833,36479,37872,37303,36861
127,37709,39328,38719,37249,37237,37881,36479,38030,37303,36861
128,37720,39519,38719,37249,37237,37881,36479,38216,37303,37073
129,37720,39519,38719,37249,37237,37925,36699,38459,37303,37073
130,37720,39519,38719,37249,37286,37925,36847,38459,37331,37073
131,37720,39519,38719,37249,37358,37925,36847,38459,37331,37073
132,37720,39635,38719,37249,37358,38098,36881,38459,37331,37073
133,37720,39731,38719,37249,37508,38174,36882,38459,37442,37102
134,37720,39749,38719,37249,37590,38286,36934,38459,37442,37255
135,37804,39749,38719,37249,37604,38286,36934,38459,37684,37356
136,37804,39749,38719,37249,37706,38286,36934,38459,37684,37356
137,37804,39767,38719,37249,37706,38286,37042,38459,37766,37356
138,37826,39767,38719,37249,37755,38286,37053,38459,37766,37436
139,37826,39767,38719,37249,37854,38296,37134,38459,37766,37436
140,37826,39975,38892,37249,37854,38296,37134,38624,37766,37436
141,37826,39975,38892,37249,37854,38296,37134,38624,37766,37436
142,37826,39975,38892,37249,38032,38296,37134,38624,37766,37436
143,37826,40042,38892,37249,38032,38296,37309,38693,37766,37436
144,37830,40042,38892,37249,38204,38296,37309,38821,37766,37436
145,37894,40204,38892,37249,38204,38296,37309,38928,37766,37436
146,37894,40204,38892,37249,38204,38296,37309,38928,37766,37436
147,37894,40316,38969,37249,38204,38345,37309,38928,37766,37436
148,37894,40316,39076,37249,38204,38593,37309,38949,37766,37436
149,37894,40316,39145,37249,38204,39016,37334,38949,37766,37436
150,37894,40316,39145,37249,38230,39016,37334,38949,37766,37436
151,37894,40316,39145,37249,38385,39016,37509,39198,37790,37436
152,37894,40316,39145,37249,38385,39182,37522,39289,37999,37436
153,37894,40316,39145,37249,38469,39182,37689,39289,37999,37535
154,37894,40316,39145,37249,38469,39182,37689,39289,37999,37535
155,37945,40316,39145,37249,38606,39182,37689,39289,38307,37535
156,37945,40316,39145,37249,38606,39182,37689,39289,38328,37617
157,37945,40316,39145,37249,38606,39526,37689,39488,38328,37623
158,37945,40316,39298,37354,38606,39608,37765,39488,38357,37623
159,37945,40316,39298,37354,38606,39608,37765,39488,38357,37623
160,37945,40316,39298,37354,38606,39608,37765,39488,38438,37623
161,38100,40316,39298,37354,38606,39608,37765,39488,38438,37623
162,38100,40316,39298,37354,38606,39674,37765,39488,38438,37623
163,38100,40316,39298,37476,38606,39791,37765,39488,38581,37623
164,38138,40316,39298,37476,38606,39791,37785,39488,38658,37623
165,38209,40316,39298,37618,38825,39791,37909,39488,38658,37623
166,38304,40316,39298,37618,38841,39891,37964,39488,38658,37623
167,38451,40316,39298,37618,38841,39891,38032,39488,38658,37623
168,38451,40316,39298,37618,38841,39976,38135,39488,38658,37623
169,38451,40316,39572,37618,38841,40218,38297,39488,38658,37623
170,38451,40316,39618,37671,38841,40218,38511,39488,38658,37711
171,38451,40316,39629,37982,38841,40218,38610,39625,38658,37758
172,38474,40316,40007,37982,38841,40218,38610,39625,38658,37758
173,38523,40316,40007,37982,38841,40263,38664,39625,38658,37758
174,38523,40316,40314,37982,38841,40406,38664,39625,38658,37774
175,38523,40316,40314,37982,38841,40421,38664,39625,38769,37774
176,38523,40316,40314,37982,38841,40421,38752,39625,38769,37774
177,38523,40316,40314,37982,38841,40421,38752,39625,38769,37774
178,38642,40316,40322,37982,38841,40421,38873,39625,38769,37774
179,38717,40355,40322,37982,38841,40421,38873,39625,38769,37806
180,38717,40355,40322,37982,38841,40594,38873,39625,38769,37930
181,38717,40355,40354,38093,38841,40625,38947,39625,38911,37991
182,38717,40464,40354,38112,38841,40625,38947,39625,38911,37991
183,38717,40464,40354,38112,38841,40625,38947,39715,39149,37999
184,38787,40464,40354,38227,38841,40625,38947,39715,39149,38131
185,38873,40561,40715,38227,38841,40625,38947,39731,39169,38131
186,38873,40596,40893,38227,38841,40744,38947,39745,39169,38131
187,38873,40596,40893,38227,38841,40744,38947,39745,39169,38192
188,38873,40596,40893,38227,38841,40765,38947,39745,39169,38192
189,38873,40778,40893,38227,38841,41088,38947,39745,39169,38436
190,38873,40778,40893,38227,38841,41123,38947,39745,39169,38519
191,38948,40788,40893,38227,38939,41123,38947,39745,39169,38519
192,38948,40788,40893,38227,38939,41123,38947,39745,39169,38519
193,38948,40788,40893,38227,38939,41123,38947,39745,39169,38585
194,38948,40788,40893,38227,38939,41123,38947,39745,39169,38695
195,39118,40788,40893,38227,38939,41123,38947,39745,39169,38695
196,39118,40788,40893,38227,38939,41123,38947,40121,39169,38695
197,39118,40951,40893,38227,38939,41123,38947,40152,39169,38924
198,39296,40951,40893,38227,38958,41123,38947,40152,39169,38924
199,39318,40951,40893,38276,38958,41123,38947,40334,39169,39243
200,39318,40951,40893,38276,38958,41123,38947,40334,39428,39243
201,39358,40951,40893,38339,38958,41123,38947,40334,39428,39243
202,39464,40951,40893,38339,38958,41123,38947,40334,39551,39396
203,39510,40963,40897,38463,38958,41123,38947,40334,39551,39396
204,39747,40963,40897,38463,38958,41123,38947,40334,39551,39396
205,39811,40963,40897,38499,38958,41123,38947,40334,39551,39396
206,39811,40963,40897,38499,38958,41170,38947,40334,39551,39396
207,39811,40963,40897,38499,39166,41170,38947,40334,39551,39396
208,39811,41014,40897,38499,39166,41338,38947,40334,39551,39816
209,39811,41014,40897,38499,39406,41338,38947,40334,39551,39898
210,39811,41122,40897,38499,39416,41509,38947,40334,39551,40078
211,39811,41225,40897,38499,39469,41509,39103,40382,39617,40078
212,39811,41225,40897,38499,39604,41509,39103,40403,39617,40078
213,39811,41225,40897,38499,39604,41509,39103,40403,39617,40078
214,39811,41323,40897,38499,39741,41509,39103,40464,39617,40078
215,39811,41323,40897,38499,39741,41509,39103,40580,39617,40078
216,39811,41323,40930,38499,39741,41575,39103,40580,39635,40078
217,39811,41323,40930,38499,39751,41575,39103,40580,39635,40156
218,39811,41323,40930,38499,39883,41669,39103,40580,39635,40156
219,39811,41323,40930,38499,39883,41669,39103,40696,39635,40355
220,39811,41323,41003,38499,39883,41669,39103,40696,39635,40355
221,39811,41323,41398,38499,40171,41669,39103,40696,39635,40355
222,39811,41323,41398,38499,40272,41669,39103,40696,39635,40355
223,39811,41333,41471,38499,40275,41669,39103,40696,39635,40355
224,39811,41333,41471,38499,40396,41669,39103,40696,39635,40355
225,39811,41333,41481,38569,40396,41669,39103,40696,39635,40355
226,39811,41432,41481,39038,40396,41669,39103,40696,39635,40355
227,39811,41440,41634,39038,40520,41669,39103,40696,39635,40426
228,39811,41440,41634,39043,40537,41669,39103,40715,39635,40470
229,39811,41440,41634,39043,40537,41669,39103,40715,39789,40502
230,39811,41440,41634,39043,40546,41706,39103,40715,39789,40502
231,39846,41440,41634,39122,40546,41737,39103,40805,40051,40502
232,39956,41440,41932,39322,40546,41809,39103,40805,40081,40597
233,40093,41440,41932,39322,40546,41836,39103,40805,40088,40597
234,40093,41483,41964,39322,40546,41836,39103,40947,40088,40597
235,40108,41483,41964,39322,40546,41854,39103,40947,40088,40597
236,40108,41526,41968,39322,40546,41854,39103,40947,40088,40597
237,40108,41582,41968,39336,40546,41854,39103,40947,40088,40636
238,40108,41582,41968,39336,40546,41854,39103,40947,40088,40636
239,40122,41608,41968,39336,40546,41854,39103,41000,40088,40636
240,40122,41673,41968,39336,40546,41854,39103,41033,40088,40825
241,40163,41673,41968,39356,40546,41854,39103,41033,40088,40825
242,40163,41673,41968,39356,40546,41854,39103,41033,40088,40825
243,40163,41728,41968,39468,40546,41854,39122,41033,40300,40828
244,40163,41728,41968,39468,40546,41854,39122,41033,40410,40828
245,40163,41728,41968,39468,40546,41854,39122,41033,40410,40828
246,40198,41728,41968,39468,40546,41854,39122,41033,40410,40881
247,40308,41728,41968,39706,40546,41854,39122,41080,40472,40948
248,40464,41728,41968,39706,40546,41854,39122,41199,40688,40948
249,40464,41728,41968,39706,40546,41854,39122,41199,40775,40948
250,40464,41728,41968,39706,40546,41854,39122,41199,40847,40948
251,40464,41728,42078,39757,40546,41854,39122,41199,40878,40948
252,40464,41728,42078,39833,40546,41854,39122,41204,40878,41133
253,40464,41728,42078,39833,40546,41854,39122,41204,40878,41172
254,40560,41767,42078,39833,40546,41854,39122,41288,40878,41323
255,40560,41767,42078,39833,40546,41854,39122,41288,40878,41323
256,40719,41767,42078,39839,40546,41854,39122,41288,40998,41323
257,40830,41767,42078,39839,40546,41854,39122,41343,40998,41323
258,40830,41767,42078,39839,40546,41854,39122,41343,40998,41535
259,40830,41767,42078,39839,40546,41854,39122,41366,41045,41535
260,40975,41767,42142,39839,40546,41854,39122,41478,41157,41535
261,40975,41767,42142,39839,40546,41854,39122,41478,41230,41535
262,40975,41808,42142,39839,40546,41854,39122,41478,41230,41535
263,40975,41808,42201,39839,40546,41854,39122,41478,41230,41535
264,40975,41808,42201,39839,40546,41854,39136,41478,41230,41535
265,40975,41808,42201,39839,40546,41854,39140,41478,41316,41535
266,40975,41808,42201,39839,40597,41854,39140,41478,41316,41535
267,40975,41808,42201,39839,40597,41854,39402,41547,41316,41535
268,40975,41808,42201,39839,40597,41854,39402,41547,41392,41535
269,40975,41808,42312,39839,40597,41854,39402,41547,41392,41535
270,40975,41808,42312,39839,40597,41854,39402,41547,41392,41535
271,41041,41808,42312,39839,40597,41854,39402,41646,41454,41535
272,41244,41808,42495,39839,40597,41854,39402,41646,41637,41535
273,41250,41808,42495,39839,40597,41854,39402,41646,41637,41535
274,41250,41808,42495,39839,40597,41854,39402,41646,41637,41535
275,41250,41808,42513,39839,40597,41854,39402,41646,41637,41535
276,41250,41808,42513,39839,40597,41854,39402,41687,41637,41535
277,41250,41808,42513,39839,40597,41854,39402,41687,41637,41535
278,41392,41808,42513,39839,40652,41854,39402,41687,41799,41535
279,41392,41808,42513,39839,40652,41854,39402,41687,41799,41535
280,41392,41808,42513,39839,40652,41854,39402,41687,41799,41535
281,41392,41808,42513,39839,40652,41854,39402,41687,41799,41535
282,41392,41808,42513,39839,40669,41854,39402,41687,41799,41535
283,41392,41808,42513,39839,40669,41864,39402,41687,41799,41535
284,41547,41808,42513,39839,40745,41864,39402,41687,41799,41535
285,41555,41808,42513,39839,40745,41864,39402,41687,41799,41535
286,41555,41808,42513,39839,40745,41864,39402,41736,41799,41535
287,41908,41808,42513,39839,40745,41864,39402,41736,41799,41535
288,41908,41808,42513,39839,40745,41864,39402,41736,41799,41535
289,41941,41808,42513,39839,40745,41864,39402,41736,41799,41535
290,41941,41808,42513,39839,40745,41864,39402,41736,41799,41535
291,41941,41808,42513,39839,40745,41937,39402,41880,41799,41535
292,41999,41808,42513,39839,40745,41937,39402,41880,41799,41535
293,41999,41808,42513,39839,40745,41937,39402,41880,41799,41535
294,41999,41808,42513,39839,40745,41937,39402,41880,41799,41535
295,41999,41808,42513,39839,40745,41937,39402,41880,41799,41535
296,41999,41808,42513,39839,40745,41937,39402,41880,41799,41535
297,41999,41808,42513,39839,40745,41937,39402,41880,41799,41535
298,42121,41808,42513,39913,40745,41937,39402,41880,41823,41535
299,42121,41808,42562,39913,40745,41937,39402,41880,41823,41535
300,42121,41808,42562,39913,40745,41937,39402,41880,41823,41535
301,42121,41808,42562,39913,40745,41937,39402,41880,41823,41535
302,42121,41808,42562,39913,40745,41937,39402,41880,41823,41535
303,42121,41808,42705,39913,40745,41937,39402,41880,41841,41535
304,42302,41808,42705,39913,40745,41937,39469,41880,41841,41535
305,42302,41808,42705,39913,40745,41988,39469,42171,41915,41535
306,42302,41808,42794,39929,40745,41988,39469,42284,41991,41535
307,42302,41831,42794,39929,40745,41988,39469,42284,41991,41535
308,42302,41831,42802,39930,40745,41988,39469,42449,41991,41535
309,42332,41831,43034,40052,40745,41988,39523,42449,42006,41535
310,42332,41831,43034,40052,40745,41988,39523,42449,42006,41535
311,42420,41831,43034,40052,40745,41988,39523,42449,42006,41535
312,42562,41831,43034,40052,40745,41988,39523,42449,42006,41535
313,42562,41831,43034,40052,40828,41988,39523,42449,42006,41535
314,42562,41831,43063,40052,40850,41988,39523,42449,42006,41535
315,42676,41831,43063,40066,40936,41988,39523,42449,42006,41551
316,42861,41831,43277,40066,40936,41988,39523,42449,42221,41551
317,42861,41831,43277,40066,40936,41988,39523,42449,42221,41551
318,42870,41831,43288,40066,40936,41988,39523,42449,42221,41551
319,42870,41831,43288,40066,40936,41988,39523,42531,42221,41551
320,42870,41831,43288,40066,40936,41988,39523,42646,42221,41551
321,42907,41831,43288,40066,40936,41988,39523,42646,42221,41551
322,42907,41831,43308,40066,40936,41988,39523,42646,42221,41551
323,42907,41831,43308,40066,40936,42043,39523,42646,42221,41551
324,42907,41831,43308,40066,40936,42473,39523,42646,42221,41551
325,42907,41831,43454,40066,40936,42473,39523,42646,42221,41551
326,42907,41831,43454,40069,40936,42551,39523,42646,42221,41551
327,42907,41831,43677,40069,40936,42646,39523,42698,42226,41570
328,42907,41831,43677,40147,40936,42646,39523,42698,42305,41570
329,42962,41831,43677,40147,40936,42646,39523,42698,42305,41570
330,42962,41831,43677,40147,40936,42646,39523,42698,42384,41570
331,42962,41831,43677,40193,40936,42646,39523,42698,42384,41570
332,42962,41831,43677,40193,40936,42724,39523,42698,42384,41570
333,43056,41831,43677,40208,40936,42724,39538,42698,42384,41588
334,43352,41831,43677,40347,40936,42724,39538,42698,42384,41756
335,43352,41831,43677,40361,40936,42803,39538,42698,42446,41756
336,43352,41831,43677,40404,40936,42803,39538,42698,42446,41756
337,43352,41831,43677,40404,40936,42907,39538,42698,42446,41766
338,43352,41831,43677,40404,40936,42907,39538,42698,42446,41766
339,43352,41831,43677,40404,40936,42935,39641,42698,42519,41766
340,43435,41831,43677,40404,40936,42935,39641,42698,42519,41823
341,43518,41831,43677,40508,40936,42935,39641,42698,42519,41823
342,43518,41831,43677,40508,40944,42935,39995,42698,42519,41823
343,43518,41831,43677,40596,40944,42935,39995,42698,42519,42173
344,43518,41831,43677,40815,40944,42998,39995,42698,42519,42173
345,43518,41831,43677,40815,40944,42998,39995,42698,42519,42173
346,43518,41831,43677,40815,40989,42998,39995,42698,42519,42173
347,43518,41831,43677,40815,40989,42999,39995,42698,42519,42173
348,43518,41831,43677,40815,40989,42999,39995,42698,42519,42173
349,43555,41939,43677,40848,40989,42999,39995,42698,42519,42173
350,43555,41939,43677,40848,41327,42999,40140,42698,42519,42173
351,43555,41939,43677,40848,41327,42999,40140,42698,42519,42173
352,43555,42009,43677,40848,41327,42999,40140,42706,42675,42173
353,43555,42086,43677,40848,41327,42999,40140,42706,42675,42173
354,43555,42086,43677,40848,41327,43007,40218,42706,42675,42173
355,43555,42086,43677,40848,41327,43007,40290,42706,42705,42173
356,43555,42167,43677,40848,41327,43007,40290,42706,42705,42173
357,43555,42167,43677,40881,41327,43100,40312,42706,42801,42173
358,43555,42294,43677,40881,41327,43106,40312,42706,42801,42173
359,43555,42294,43677,40881,41327,43106,40312,42706,42801,42278
360,43555,42294,43677,40881,41327,43106,40469,42706,42801,42278
361,43555,42294,43677,40881,41415,43106,40648,42706,42801,42278
362,43555,42294,43677,40881,41415,43106,40857,42706,42801,42278
363,43555,42294,43677,40881,41415,43106,40857,42706,42801,42278
364,43555,42294,43677,40946,41415,43106,40857,42706,42801,42278
365,43555,42294,43677,40974,41415,43106,41074,42706,42801,42278
366,43555,42294,43677,41190,41415,43106,41074,42706,42801,42278
367,43830,42294,43677,41190,41415,43106,41074,42706,42801,42278
368,43830,42294,43677,41272,41415,43106,41074,42720,42801,42278
369,43830,42294,43677,41272,41415,43125,41074,42720,42801,42278
370,43830,42294,43677,41272,41415,43125,41074,42720,42801,42278
371,43830,42294,43677,41272,41415,43205,41074,42720,42801,42329
372,43830,42294,43677,41272,41415,43231,41074,42720,42801,42329
373,43830,42294,43677,41272,41415,43231,41074,42720,42801,42329
374,43830,42294,43677,41272,41415,43244,41074,42720,42801,42329
375,43830,42294,43677,41272,41415,43384,41074,42720,42801,42329
376,43830,42335,43677,41272,41415,43384,41074,42720,42801,42329
377,43830,42335,43677,41272,41415,43384,41074,42720,42801,42329
378,43830,42335,43677,41272,41415,43384,41074,42720,42801,42329
379,43830,42335,43677,41272,41415,43455,41074,42720,42801,42329
380,43830,42335,43677,41272,41415,43459,41074,42720,42801,42329
381,43830,42335,43677,41272,41415,43459,41074,42720,42801,42329
382,43830,42335,43677,41272,41415,43459,41074,42720,42995,42329
383,43830,42335,43677,41272,41415,43459,41074,42720,42995,42329
384,43830,42335,43677,41272,41415,43459,41074,42720,42995,42329
385,43830,42335,43677,41321,41415,43523,41074,42720,43247,42329
386,43830,42335,43677,41321,41415,43527,41074,42720,43247,42329
387,43830,42335,43677,41321,41415,43527,41074,42720,43247,42329
388,43830,42335,43677,41321,41415,43527,41074,42720,43268,42329
389,43830,42335,43677,41321,41415,43555,41074,42720,43268,42329
390,43830,42335,43677,41327,41415,43555,41074,42720,43268,42329
391,43830,42335,43677,41327,41415,43555,41074,42720,43268,42329
392,43830,42335,43677,41327,41415,43555,41074,42720,43268,42329
393,43830,42335,43677,41327,41415,43555,41074,42774,43268,42329
394,43830,42335,43677,41711,41415,43555,41074,42774,43273,42329
395,43830,42335,43677,41711,41415,43555,41074,42774,43323,42329
396,43830,42335,43677,41711,41415,43555,41074,42774,43323,42329
397,43830,42335,43677,41711,41415,43619,41074,42774,43323,42329
398,43830,42335,43677,41711,41415,43619,41074,42928,43323,42329
399,43830,42335,43677,41727,41415,43646,41074,42928,43323,42329
400,43830,42335,43677,41727,41415,43646,41074,43034,43323,42329
401,43830,42335,43677,41727,41415,43646,41074,43034,43323,42329
402,43830,42335,43677,41727,41415,43646,41074,43034,43323,42329
403,43830,42335,43677,41727,41415,43646,41218,43034,43323,42329
404,43830,42440,43677,41727,41415,43646,41218,43063,43323,42329
405,43830,42440,43677,41727,41415,43646,41218,43063,43323,42329
406,43830,42440,43677,41727,41415,43646,41218,43063,43323,42329
407,43830,42440,43677,41727,41415,43646,41218,43063,43323,42329
408,43830,42440,43677,41901,41415,43646,41218,43063,43323,42329
409,43830,42440,43677,41901,41415,43646,41218,43063,43323,42329
410,43830,42440,43677,41901,41415,43646,41218,43063,43323,42329
411,43830,42440,43677,41901,41415,43646,41218,43063,43323,42329
412,43830,42440,43677,41901,41415,43646,41235,43063,43323,42329
413,43830,42440,43677,41901,41415,43646,41235,43063,43323,42329
414,43830,42440,43677,41901,41415,43646,41235,43063,43325,42329
415,43830,42521,43677,41901,41415,43646,41235,43063,43325,42329
416,43830,42521,43677,41901,41415,43646,41281,43063,43325,42329
417,43830,42521,43677,41901,41415,43646,41281,43076,43325,42329
418,43830,42521,43677,41901,41415,43646,41281,43076,43325,42378
419,43830,42521,43677,41901,41415,43646,41469,43076,43325,42378
420,43830,42521,43677,41901,41415,43646,41469,43076,43325,42378
421,43830,42521,43677,41901,41415,43646,41469,43076,43325,42378
422,43836,42521,43677,41901,41415,43646,41469,43076,43325,42378
423,43836,42521,43677,41901,41415,43646,41667,43110,43423,42481
424,44043,42521,43677,41901,41415,43646,41667,43188,43423,42481
425,44043,42521,43677,41901,41415,43646,41697,43210,43423,42481
426,44043,42521,43677,41901,41506,43646,41890,43210,43423,42550
427,44043,42521,43677,41901,41506,43646,41955,43210,43423,42767
428,44043,42521,43677,41901,41543,43646,41955,43210,43423,42844
429,44043,42521,43677,41901,41543,43646,41955,43247,43423,43000
430,44043,42521,43677,41901,41591,43646,42008,43247,43423,43000
431,44043,42619,43677,41901,41591,43647,42291,43359,43423,43000
432,44043,42619,43677,41901,41774,43647,42291,43359,43423,43000
433,44043,42619,43677,41901,41774,43647,42291,43359,43423,43116
434,44181,42619,43750,41901,41774,43647,42291,43359,43423,43116
435,44181,42619,43750,41901,41774,43647,42291,43359,43440,43116
436,44265,42619,43750,41901,41774,43647,42291,43367,43440,43116
437,44265,42619,43750,41965,41774,43647,42291,43408,43440,43204
438,44275,42619,43750,41965,41782,43647,42291,43408,43440,43204
439,44275,42619,43750,41965,41782,43647,42291,43408,43440,43204
440,44500,42619,43750,41965,41782,43647,42291,43494,43440,43204
441,44500,42619,43750,42017,41782,43647,42291,43514,43440,43204
442,44500,42619,43931,42050,41782,43647,42291,43514,43440,43204
443,44500,42619,43954,42050,41782,43647,42291,43514,43440,43204
444,44500,42619,44012,42050,41782,43647,42291,43540,43440,43278
445,44577,42619,44012,42176,41782,43647,42291,43540,43440,43278
446,44577,42619,44171,42176,41782,43647,42291,43540,43440,43278
447,44583,42619,44171,42189,41782,43647,42368,43540,43440,43278
448,44583,42619,44171,42189,41782,43647,42498,43540,43440,43278
449,44583,42619,44490,42189,41782,43647,42505,43540,43440,43278
450,44583,42619,44490,42189,41902,43647,42564,43540,43440,43302
451,44583,42619,44490,42189,41916,43647,42564,43540,43440,43302
452,44583,42619,44490,42189,41916,43647,42564,43540,43440,43302
453,44583,42619,44490,42189,41916,43647,42564,43540,43440,43302
454,44583,42619,44490,42189,41916,43647,42564,43540,43440,43333
455,44583,42619,44561,42189,41916,43647,42564,43540,43440,43333
456,44583,42619,44561,42189,41916,43647,42564,43540,43440,43402
457,44583,42619,44561,42389,41916,43647,42564,43603,43440,43402
458,44583,42619,44578,42506,41916,43647,42564,43641,43440,43402
459,44631,42619,44578,42506,41916,43647,42564,43695,43440,43402
460,44631,42619,44578,42570,41916,43647,42633,43932,43440,43402
461,44643,42619,44578,42809,41916,43647,42633,43932,43440,43402
462,44643,42637,44603,42944,41991,43647,42633,43932,43440,43402
463,44643,42637,44603,42944,41991,43647,42633,43932,43440,43402
464,44780,42637,44603,42944,42135,43647,42633,43932,43440,43402
465,44842,42637,44641,42944,42135,43647,42633,43932,43440,43742
466,44882,42637,44753,42944,42135,43647,42633,43932,43440,43838
467,44882,42637,44753,42944,42220,43647,42633,43932,43440,43838
468,44882,42637,44753,42944,42236,43647,42633,43932,43450,43842
469,45076,42637,44753,42944,42270,43647,42633,43932,43450,43842
470,45076,42637,44753,42960,42334,43691,42633,43991,43450,43842
471,45076,42776,44753,43078,42334,43691,42633,43991,43450,43842
472,45076,42776,44753,43187,42675,43691,42633,43991,43450,43898
473,45076,42776,44753,43187,42717,43691,42633,43991,43450,44031
474,45076,42776,44753,43187,42717,43691,42633,43991,43450,44031
475,45076,43141,44753,43240,42717,43691,42633,43991,43672,44032
476,45076,43141,44753,43240,42717,43731,42633,43991,43856,44032
477,45076,43141,44753,43240,42717,43731,42633,44273,43856,44032
478,45076,43141,44753,43240,42717,43731,42633,44273,43856,44032
479,45076,43171,44753,43240,42717,43731,42633,44273,43856,44032
480,45076,43171,44753,43240,42801,43731,42633,44384,43856,44032
481,45076,43171,44753,43252,42801,43731,42633,44384,43856,44032
482,45076,43217,44753,43252,42888,43731,42633,44384,43869,44032
483,45076,43217,44753,43252,42888,43731,42633,44384,43869,44032
484,45076,43217,44753,43252,42888,43781,42633,44572,43958,44032
485,45076,43217,44753,43252,42888,43781,42633,44572,44069,44032
486,45076,43315,44753,43403,42888,43833,42633,44572,44069,44032
487,45076,43397,44827,43403,42888,43833,42633,44572,44069,44032
488,45076,43397,44827,43412,42888,43833,42633,44572,44069,44032
489,45076,43397,44848,43464,42903,43833,42633,44572,44069,44032
490,45076,43397,44848,43464,42903,43833,42633,44677,44069,44032
491,45090,43397,44848,43464,42903,43833,42633,44677,44069,44032
492,45090,43397,44848,43464,42903,43833,42633,44677,44200,44032
493,45095,43397,44848,43464,42903,43833,42633,44780,44224,44032
494,45126,43517,44848,43473,42903,43833,42633,44780,44224,44032
495,45126,43517,44848,43473,42903,43833,42633,44780,44224,44032
496,45126,43609,44940,43473,42903,43833,42808,44780,44224,44032
497,45126,43609,44940,43561,42903,43833,42808,44780,44224,44032
498,45369,43609,44966,43561,42903,43833,42808,44780,44224,44039
499,45369,43609,44966,43561,42903,43833,42808,44886,44228,44039
500,45369,43609,44966,43561,42903,43833,42808,44886,44228,44039
501,45369,43609,44966,43561,42903,43833,42808,44886,44248,44039
502,45388,43609,44966,43561,42903,43833,42808,44886,44248,44039
503,45388,43609,44966,43561,42903,43833,42808,44886,44248,44039
504,45465,43609,44966,43616,42903,43833,42808,44969,44248,44039
505,45465,43687,44966,43616,43063,43833,42808,44969,44248,44039
506,45518,43782,44966,43616,43063,43833,42808,44969,44340,44039
507,45518,43826,44966,43768,43063,43833,42816,44969,44533,44138
508,45518,44028,44966,43768,43063,43833,42816,44969,44533,44245
509,45518,44028,44966,43768,43063,43833,42816,44969,44537,44245
510,45611,44037,44966,43768,43063,43948,42816,44969,44537,44245
511,45655,44037,44966,43768,43063,43948,42816,45074,44537,44245
512,45655,44037,44966,43768,43126,43953,42816,45074,44537,44245
513,45655,44037,44966,43768,43140,43953,42816,45074,44537,44245
514,45655,44037,44966,43768,43140,43953,42816,45074,44537,44245
515,45655,44037,44966,43786,43140,43953,42816,45074,44537,44245
516,45655,44037,44966,44017,43140,43960,42816,45074,44537,44245
517,45655,44037,44966,44017,43140,43960,42853,45074,44537,44245
518,45655,44037,44966,44017,43140,43960,42853,45074,44537,44245
519,45655,44037,44966,44017,43253,43960,42853,45074,44537,44245
520,45655,44037,44966,44084,43546,43960,42853,45074,44537,44245
521,45655,44037,44966,44084,43546,43990,42882,45074,44537,44245
522,45655,44037,44966,44084,43546,43990,42882,45074,44537,44245
523,45746,44037,44966,44084,43546,43990,42882,45074,44537,44245
524,45746,44114,44966,44084,43546,43990,42998,45074,44537,44245
525,45746,44114,44966,44084,43546,43990,43068,45074,44537,44245
526,45746,44114,44966,44108,43546,43990,43068,45074,44537,44245
527,45746,44174,45188,44210,43546,43990,43068,45074,44537,44298
528,45746,44182,45223,44270,43637,44038,43220,45074,44537,44472
529,45746,44182,45223,44270,43637,44038,43220,45074,44537,44472
530,45746,44182,45223,44270,43654,44038,43231,45143,44537,44472
531,45804,44182,45223,44523,43654,44038,43255,45143,44537,44568
532,45804,44240,45223,44523,43654,44094,43264,45159,44537,44687
533,45804,44240,45223,44523,43766,44094,43295,45250,44537,44687
534,45804,44240,45223,44523,43766,44101,43295,45250,44537,44687
535,45804,44240,45223,44523,43766,44101,43295,45250,44537,44687
536,45804,44240,45223,44709,43821,44156,43305,45250,44537,44687
537,45804,44240,45223,44809,43821,44242,43335,45250,44537,44687
538,45804,44240,45223,45001,44024,44242,43393,45250,44537,44687
539,45991,44240,45223,45136,44024,44352,43461,45282,44537,44687
540,45991,44240,45223,45161,44024,44352,43510,45382,44537,44744
541,45991,44240,45223,45161,44024,44352,43510,45382,44537,44744
542,46055,44240,45223,45161,44055,44352,43510,45382,44537,44744
543,46055,44240,45223,45161,44055,44352,43510,45382,44537,44744
544,46079,44240,45223,45161,44055,44537,43510,45417,44537,44744
545,46079,44240,45237,45161,44055,44537,43553,45417,44537,44744
546,46079,44240,45237,45161,44330,44537,43610,45417,44537,44744
547,46079,44240,45237,45161,44330,44537,43610,45417,44537,44804
548,46079,44240,45237,45161,44330,44592,43610,45417,44537,44804
549,46079,44240,45237,45161,44330,44592,43610,45417,44537,44804
550,46079,44240,45237,45161,44330,44600,43610,45417,44537,44804
551,46079,44240,45237,45161,44351,44600,43610,45417,44537,45020
552,46079,44240,45237,45161,44351,44600,43610,45417,44537,45034
553,46079,44240,45237,45161,44351,44600,43641,45417,44537,45034
554,46079,44240,45378,45184,44393,44600,43641,45417,44537,45223
555,46079,44240,45378,45184,44393,44887,43641,45417,44537,45223
556,46079,44240,45378,45184,44393,44887,43641,45417,44537,45223
557,46079,44240,45378,45184,44393,44887,43641,45417,44537,45223
558,46079,44240,45378,45244,44393,44887,43641,45450,44537,45223
559,46079,44379,45588,45244,44393,44993,43641,45540,44537,45223
560,46079,44382,45588,45244,44393,44993,43641,45540,44537,45223
561,46120,44382,45588,45244,44393,44993,43641,45540,44537,45223
562,46120,44382,45588,45244,44393,44993,43641,45540,44537,45295
563,46133,44382,45588,45244,44393,44993,43641,45540,44537,45295
564,46133,44382,45719,45244,44393,44993,43641,45540,44537,45295
565,46133,44382,45719,45244,44393,44993,43641,45540,44537,45321
566,46133,44382,45719,45344,44393,44993,43641,45540,44537,45396
567,46133,44382,45819,45398,44393,45016,43641,45540,44537,45396
568,46133,44382,45819,45398,44393,45016,43641,45540,44537,45424
569,46133,44382,45819,45520,44393,45016,43641,45540,44537,45424
570,46133,44382,45819,45520,44451,45016,43641,45540,44537,45424
571,46198,44382,45819,45520,44451,45016,43711,45540,44537,45424
572,46198,44382,45846,45520,44462,45016,43711,45540,44537,45424
573,46198,44382,46076,45520,44462,45016,43711,45540,44557,45424
574,46198,44382,46076,45520,44462,45016,43711,45540,44706,45474
575,46393,44382,46076,45671,44462,45055,43711,45540,44706,45474
576,46393,44382,46076,45671,44462,45055,43711,45540,44706,45474
577,46393,44382,46076,45671,44462,45055,43711,45598,44706,45497
578,46393,44499,46076,45671,44462,45085,43711,45598,44739,45521
579,46393,44499,46076,45671,44462,45085,43711,45598,44888,45521
580,46399,44499,46076,45671,44462,45085,43711,45598,44888,45521
581,46399,44499,46076,45671,44462,45085,43711,45598,44888,45521
582,46625,44499,46076,45803,44462,45085,43711,45684,44888,45521
583,46625,44555,46111,45803,44462,45085,43711,45684,44888,45521
584,46625,44555,46217,45803,44462,45085,43711,45684,44888,45521
585,46625,44555,46217,45803,44462,45085,43711,45753,44888,45558
586,46625,44555,46217,45803,44462,45085,43711,45753,44888,45558
587,46625,44555,46290,45882,44462,45085,43842,45753,44888,45558
588,46625,44555,46290,45882,44462,45085,43842,45807,44888,45558
589,46625,44555,46292,45882,44462,45085,43842,45807,44888,45558
590,46625,44555,46439,45882,44462,45085,43842,45807,44888,45558
591,46625,44555,46439,45882,44462,45085,43842,45807,44888,45558
592,46625,44555,46439,46033,44462,45086,43842,45807,44888,45559
593,46625,44555,46587,46033,44462,45139,43842,45807,44888,45652
594,46625,44555,46587,46033,44462,45139,43842,45807,44888,45652
595,46625,44555,46587,46196,44462,45139,43842,45846,44888,45686
596,46625,44555,46587,46196,44462,45139,43842,45846,44888,45686
597,46625,44555,46619,46196,44462,45139,43842,45846,44888,45823
598,46625,44555,46619,46196,44462,45139,43842,45846,44888,45823
599,46625,44555,46619,46196,44462,45139,43842,45846,44888,45823
600,46625,44555,46619,46319,44462,45211,43842,45846,44888,45823
601,46625,44555,46619,46353,44462,45257,43842,45846,44996,45884
602,46625,44555,46619,46353,44462,45257,43842,46037,45056,45884
603,46625,44555,46619,46353,44462,45358,43842,46037,45056,45884
604,46625,44555,46632,46353,44462,45358,43842,46051,45056,45884
605,46625,44555,46632,46353,44507,45358,43842,46051,45056,45884
606,46625,44555,46632,46353,44550,45358,43842,46051,45195,45884
607,46625,44555,46789,46419,44550,45358,43842,46051,45203,45884
608,46625,44555,46789,46419,44550,45358,43842,46051,45203,45884
609,46625,44555,46789,46419,44550,45358,43842,46051,45250,45892
610,46625,44555,46789,46466,44550,45358,43842,46051,45250,45892
611,46625,44555,46919,46466,44550,45358,43842,46051,45480,45892
612,46625,44555,46919,46466,44550,45601,43842,46051,45480,45892
613,46625,44555,46919,46466,44550,45601,43842,46051,45480,45892
614,46625,44555,47091,46466,44550,45601,44015,46057,45480,45892
615,46625,44555,47091,46466,44550,45601,44020,46057,45480,45892
616,46625,44555,47185,46466,44550,45601,44042,46057,45480,45962
617,46625,44555,47185,46466,44550,45601,44042,46057,45480,46019
618,46625,44555,47185,46466,44550,45765,44042,46057,45497,46172
619,46625,44749,47195,46550,44550,45765,44042,46057,45497,46172
620,46625,44749,47195,46550,44550,45836,44042,46057,45497,46172
621,46760,44749,47195,46550,44550,45836,44042,46158,45497,46357
622,46760,44749,47195,46550,44550,45836,44042,46158,45497,46357
623,46760,44749,47195,46550,44550,45836,44042,46158,45497,46423
624,46760,44749,47195,46550,44550,45911,44042,46191,45497,46423
625,46760,44852,47242,46625,44550,45911,44042,46246,45497,46423
626,46760,44852,47242,46625,44550,45911,44042,46335,45497,46423
627,46760,44852,47246,46625,44550,45911,44042,46335,45497,46431
628,46760,45039,47251,46625,44550,45911,44042,46335,45497,46431
629,46760,45039,47251,46625,44550,45911,44042,46335,45497,46431
630,46760,45039,47251,46625,44639,45911,44042,46335,45497,46630
631,46760,45093,47251,46627,44639,45911,44042,46335,45497,46630
632,46828,45093,47251,46627,44708,45911,44042,46335,45497,46630
633,46828,45093,47363,46627,44708,45911,44042,46335,45497,46630
634,46828,45093,47390,46635,45030,45911,44042,46335,45497,46630
635,46828,45093,47390,46635,45050,45911,44057,46335,45497,46630
636,46828,45093,47390,46635,45050,45911,44057,46335,45497,46630
637,46863,45093,47390,46635,45050,45911,44130,46461,45497,46630
638,46863,45093,47390,46635,45050,45911,44130,46461,45497,46630
639,46863,45093,47390,46635,45050,45911,44267,46461,45497,46630
640,46863,45093,47390,46635,45050,45911,44267,46461,45497,46630
641,46863,45222,47390,46635,45050,45911,44267,46461,45497,46630
642,46863,45222,47449,46869,45050,45911,44267,46461,45561,46630
643,46863,45222,47449,46869,45050,45911,44267,46461,45561,46630
644,46863,45222,47620,46869,45050,45911,44267,46461,45561,46732
645,46863,45222,47825,46869,45050,45911,44267,46461,45703,46732
646,46863,45222,47842,46869,45050,45911,44267,46461,45703,46873
647,46863,45222,47880,46869,45054,45911,44338,46461,45703,46873
648,46863,45222,47880,46869,45054,45911,44576,46493,45703,46873
649,46863,45222,47880,46869,45103,45911,44576,46493,45703,46873
650,46879,45222,47880,46869,45103,45911,44576,46493,45703,46873
651,46879,45222,47880,46869,45103,45911,44758,46493,45703,46907
652,46879,45513,47880,46871,45103,45911,44758,46493,45703,46907
653,47043,45710,47880,46871,45103,45911,44758,46493,45703,46926
654,47043,45710,47880,46871,45103,45911,44758,46493,45703,46926
655,47043,45710,47880,46871,45103,45911,44794,46493,45703,46926
656,47043,45710,47880,46871,45103,45911,44794,46540,45703,46926
657,47043,45766,47880,46932,45103,45911,44890,46540,45808,46948
658,47043,45766,47880,46932,45103,45911,44890,46540,45808,46948
659,47043,45766,47880,46932,45103,45911,44947,46540,45808,46948
660,47043,45766,47880,46967,45103,45911,44947,46578,45818,46948
661,47043,45857,47880,46967,45103,45911,44970,46578,45818,46948
662,47043,45857,47880,47068,45103,46047,44970,46578,45818,46948
663,47043,45875,47880,47068,45103,46047,44970,46578,45818,46948
664,47043,45875,47880,47068,45103,46047,44970,46578,45818,46948
665,47043,45875,47880,47464,45103,46106,44970,46578,45818,46948
666,47043,45875,47880,47464,45103,46106,44970,46578,45818,46948
667,47043,45987,47880,47464,45103,46106,44970,46578,45818,46948
668,47043,45987,47880,47464,45103,46106,44970,46578,45818,47088
669,47043,45987,47965,47464,45103,46106,44970,46578,45818,47088
670,47043,45987,47965,47464,45107,46106,44970,46578,45818,47126
671,47043,45987,47965,47464,45107,46106,45017,46578,45818,47126
672,47043,45987,47965,47464,45107,46106,45176,46578,45818,47126
673,47043,45987,47965,47464,45107,46106,45176,46578,45818,47126
674,47043,45987,48179,47464,45107,46106,45197,46578,45818,47126
675,47043,45987,48179,47464,45107,46106,45197,46578,45818,47126
676,47043,45987,48179,47464,45107,46106,45197,46578,45818,47126
677,47043,45987,48332,47464,45107,46106,45197,46578,45818,47126
678,47043,46063,48332,47464,45107,46106,45197,46578,45818,47126
679,47043,46063,48332,47464,45107,46106,45197,46578,45818,47126
680,47043,46063,48332,47464,45107,46106,45197,46578,45818,47126
681,47043,46063,48332,47464,45107,46106,45197,46578,45818,47126
682,47043,46063,48332,47464,45107,46106,45197,46578,45818,47126
683,47043,46063,48332,47464,45107,46106,45197,46578,45818,47126
684,47043,46063,48332,47464,45107,46106,45197,46719,45818,47137
685,47043,46063,48332,47464,45107,46106,45197,46719,45818,47137
686,47043,46063,48332,47464,45107,46106,45197,46719,45818,47137
687,47043,46063,48338,47464,45107,46106,45197,46719,45818,47137
688,47043,46063,48338,47464,45107,46106,45197,46719,45818,47137
689,47043,46063,48338,47464,45265,46106,45197,46719,45818,47137
690,47043,46063,48338,47464,45265,46106,45197,46719,45818,47137
691,47043,46063,48338,47464,45305,46106,45197,46719,45818,47157
692,47043,46063,48338,47464,45305,46106,45197,46719,45818,47157
693,47043,46063,48365,47464,45305,46106,45314,46719,45818,47157
694,47043,46063,48365,47464,45305,46106,45314,46719,45818,47157
695,47043,46063,48512,47464,45305,46106,45314,46719,45818,47157
696,47043,46063,48512,47464,45305,46106,45314,47021,45818,47157
697,47043,46063,48512,47464,45305,46106,45314,47021,45818,47157
698,47043,46063,48532,47464,45305,46106,45538,47021,45818,47157
699,47043,46063,48532,47464,45447,46106,45695,47021,45818,47157
700,47043,46063,48532,47464,45447,46106,45695,47021,45818,47157
701,47043,46063,48532,47464,45447,46106,45695,47021,45818,47157
702,47043,46063,48532,47464,45447,46106,45695,47021,45818,47157
703,47043,46063,48686,47464,45571,46106,45750,47021,45818,47157
704,47071,46063,48686,47464,45621,46106,45750,47021,45818,47157
705,47071,46063,48686,47464,45743,46106,45750,47021,45818,47157
706,47222,46063,48686,47464,45746,46106,45750,47021,45818,47246
707,47222,46063,48686,47464,45746,46149,45750,47021,45818,47246
708,47222,46063,48686,47464,45746,46149,45750,47085,45818,47246
709,47222,46063,48686,47464,45750,46149,45750,47085,45818,47246
710,47222,46063,48686,47464,45750,46149,45750,47085,45818,47246
711,47222,46063,48686,47464,45750,46149,45801,47085,45818,47246
712,47222,46063,48686,47464,45750,46149,45884,47085,45818,47246
713,47222,46063,48686,47464,45750,46279,45884,47085,45818,47293
714,47222,46063,48689,47464,45876,46279,45884,47085,45818,47293
715,47222,46063,48689,47464,45876,46279,45884,47085,45818,47436
716,47222,46106,48689,47464,45876,46291,45884,47085,45818,47436
717,47222,46106,48692,47464,45876,46291,45884,47085,45818,47436
718,47222,46106,48692,47464,45876,46291,46079,47085,45818,47436
719,47222,46106,48692,47464,45876,46291,46079,47223,45818,47436
720,47222,46106,48692,47464,45876,46291,46079,47223,45818,47436
721,47222,46106,48692,47464,45876,46291,46079,47223,45818,47436
722,47222,46106,48692,47464,45876,46291,46079,47223,45818,47436
723,47222,46205,48692,47464,45881,46384,46079,47235,45818,47514
724,47222,46267,48692,47464,45881,46384,46079,47235,45818,47514
725,47222,46267,48692,47464,45881,46384,46079,47235,45818,47583
726,47222,46267,48692,47464,45881,46384,46079,47255,45818,47583
727,47222,46267,48692,47473,45881,46384,46173,47255,45818,47650
728,47222,46267,48796,47473,45881,46384,46180,47255,45818,47767
729,47222,46267,48796,47473,46046,46384,46180,47255,45818,47767
730,47222,46267,48886,47473,46046,46384,46180,47334,45818,47767
731,47222,46267,48886,47473,46046,46384,46180,47334,45818,47767
732,47222,46267,48886,47473,46046,46384,46275,47334,45818,47767
733,47222,46267,48952,47473,46046,46384,46275,47334,45818,47767
734,47222,46267,48952,47473,46046,46384,46275,47334,45818,47790
735,47222,46331,48952,47473,46228,46384,46275,47334,45818,47790
736,47222,46331,49076,47473,46228,46384,46275,47334,45818,47790
737,47222,46331,49076,47473,46336,46384,46275,47334,45818,47790
738,47292,46331,49190,47473,46336,46384,46275,47366,45818,47790
739,47330,46331,49190,47473,46336,46384,46275,47366,45818,47790
740,47330,46331,49190,47473,46336,46384,46429,47366,45818,47790
741,47330,46331,49190,47473,46336,46384,46509,47366,45818,47790
742,47330,46331,49190,47473,46336,46384,46509,47366,45818,47886
743,47330,46348,49190,47473,46336,46384,46509,47366,45818,47886
744,47330,46448,49190,47473,46336,46384,46707,47366,45818,47886
745,47330,46472,49190,47473,46336,46384,46707,47366,45818,47886
746,47330,46472,49190,47473,46336,46384,46707,47366,45818,47886
747,47472,46472,49190,47473,46336,46384,46707,47366,45818,47886
748,47472,46472,49190,47473,46336,46384,46707,47366,45818,47886
749,47472,46472,49190,47670,46336,46454,46707,47486,45818,47916
750,47472,46472,49190,47670,46336,46454,46707,47486,45818,47916
751,47472,46472,49190,47670,46336,46454,46707,47486,45818,47916
752,47472,46576,49190,47676,46336,46454,46707,47486,45818,47916
753,47472,46576,49190,47676,46356,46454,46707,47486,45818,47916
754,47472,46576,49190,47676,46356,46454,46707,47486,45818,47916
755,47472,46576,49190,47676,46356,46454,46707,47486,45818,47916
756,47472,46576,49190,47774,46356,46454,46707,47486,45818,47916
757,47526,46576,49190,47774,46356,46454,46707,47486,45818,47916
758,47526,46576,49190,47774,46356,46454,46707,47486,45818,47916
759,47526,46576,49190,47774,46369,46454,46707,47486,45818,47916
760,47526,46576,49190,47774,46369,46454,46707,47486,45818,47916
761,47526,46781,49190,47774,46369,46454,46707,47486,45818,47916
762,47526,46781,49190,47774,46586,46584,46707,47486,45818,47916
763,47526,46781,49190,47774,46586,46584,46707,47486,45818,47916
764,47526,46781,49190,47893,46586,46584,46707,47569,45818,47916
765,47526,46781,49190,47893,46586,46584,46738,47569,45818,47916
766,47526,46819,49190,47893,46586,46584,46738,47569,45933,47916
767,47623,46851,49190,47893,46586,46584,46738,47628,45933,47916
768,47623,46851,49190,47893,46595,46584,46738,47628,45933,47916
769,47623,46851,49190,47893,46598,46584,46738,47671,45933,47916
770,47623,46851,49190,47893,46598,46584,46738,47671,45933,47916
771,47623,46851,49190,47893,46598,46584,46738,47671,46092,47916
772,47623,46851,49190,47893,46598,46584,46832,47671,46092,47916
773,47623,46851,49190,47893,46598,46584,46832,47671,46092,47916
774,47623,46851,49190,47893,46608,46584,46832,47671,46132,47916
775,47623,46851,49190,47893,46608,46584,46832,47671,46146,47916
776,47666,46851,49190,47893,46608,46584,46832,47671,46146,47916
777,47666,46851,49190,47893,46608,46584,46832,47671,46146,47916
778,47666,46851,49190,47893,46608,46584,46832,47671,46146,47916
779,47666,46851,49190,47971,46608,46607,46832,47671,46146,47916
780,47666,46851,49190,48063,46608,46671,46859,47671,46146,47916
781,47666,46851,49190,48063,46608,46671,46859,47671,46173,47916
782,47666,46851,49190,48063,46608,46671,46859,47671,46173,47916
783,47666,46851,49190,48083,46608,46775,46859,47671,46173,47916
784,47666,46851,49190,48083,46608,46846,46859,47671,46173,47916
785,47666,46851,49190,48083,46608,46846,46859,47671,46173,47916
786,47771,46851,49190,48083,46608,46846,46859,47671,46173,47916
787,47771,47013,49190,48083,46608,46973,46859,47671,46173,47916
788,47771,47013,49190,48083,46608,46973,46859,47671,46173,47916
789,47771,47013,49190,48083,46608,46973,46859,47671,46173,47916
790,47771,47013,49190,48083,46608,46973,46859,47671,46173,47916
791,47771,47013,49190,48083,46608,46973,46859,47685,46173,47916
792,47771,47013,49190,48083,46680,46973,46859,47685,46173,47916
793,47771,47013,49190,48083,46680,46973,46859,47685,46173,47916
794,47828,47013,49190,48083,46680,46973,46859,47685,46173,47916
795,47828,47013,49190,48083,46680,46973,46859,47685,46173,47916
796,47828,47013,49190,48083,46680,46973,46859,47780,46173,47941
797,47879,47045,49190,48083,46680,46973,46859,47802,46173,47941
798,47879,47045,49190,48083,46680,46973,46859,47992,46173,47941
799,47879,47045,49190,48083,46705,46973,46859,47992,46173,47941
800,47879,47045,49190,48083,46705,46973,46859,47992,46173,47941
801,47954,47045,49190,48083,46839,46973,46859,47992,46173,47941
802,47954,47045,49190,48083,46839,46973,46859,47992,46173,47941
803,47954,47045,49190,48083,46839,46973,46859,48014,46173,47941
804,47954,47045,49190,48083,46929,46973,46859,48014,46173,47941
805,47954,47045,49190,48083,46986,46973,46859,48014,46173,47941
806,47954,47045,49190,48083,46986,46973,46859,48014,46173,47941
807,47954,47045,49190,48083,47114,46973,46859,48014,46173,47941
808,47954,47045,49190,48083,47114,46973,46859,48014,46173,47941
809,47954,47045,49190,48083,47114,46973,46859,48014,46173,47941
810,47963,47134,49190,48083,47114,46973,46859,48014,46237,47941
811,47963,47134,49190,48129,47114,46973,46859,48014,46237,47941
812,47963,47134,49190,48129,47213,46973,46859,48014,46237,47941
813,47963,47220,49190,48129,47213,46973,46859,48014,46237,47941
814,47963,47220,49190,48129,47213,46973,46859,48014,46237,47941
815,47963,47220,49190,48129,47297,46973,46859,48014,46237,47941
816,48053,47220,49190,48129,47297,46998,46859,48135,46237,47941
817,48053,47220,49190,48129,47297,46998,46859,48135,46237,47941
818,48053,47220,49190,48129,47297,46998,46859,48135,46237,47941
819,48056,47220,49190,48173,47297,46998,46859,48318,46237,47941
820,48056,47220,49190,48173,47297,46998,46859,48318,46245,47941
821,48056,47220,49190,48173,47297,46998,46859,48318,46245,47941
822,48102,47220,49190,48173,47297,46998,46859,48318,46245,47941
823,48102,47220,49190,48173,47297,46998,46859,48318,46245,47954
824,48102,47220,49190,48173,47297,46998,46859,48348,46245,47954
825,48102,47220,49190,48173,47297,46998,46859,48348,46245,47954
826,48102,47220,49190,48380,47297,46998,46966,48348,46245,47954
827,48102,47220,49190,48380,47297,46998,46966,48348,46245,47954
828,48102,47278,49190,48380,47297,46998,46966,48348,46408,47954
829,48102,47278,49190,48406,47297,46998,46966,48348,46408,47954
830,48102,47586,49190,48497,47297,46998,46966,48348,46408,47954
831,48102,47586,49190,48497,47297,47119,46966,48348,46408,47954
832,48102,47586,49190,48497,47297,47119,46966,48348,46408,47954
833,48174,47586,49190,48497,47297,47119,46966,48411,46408,47954
834,48174,47586,49190,48497,47297,47119,46966,48411,46408,47954
835,48188,47586,49190,48543,47297,47119,46966,48411,46408,47954
836,48188,47586,49190,48577,47297,47136,46989,48411,46408,47954
837,48313,47586,49190,48577,47297,47136,47049,48411,46408,47954
838,48313,47586,49190,48577,47297,47136,47049,48411,46408,47954
839,48313,47586,49190,48577,47297,47136,47049,48411,46408,48155
840,48313,47586,49190,48577,47297,47136,47049,48411,46408,48155
841,48313,47586,49190,48577,47297,47136,47049,48415,46408,48155
842,48313,47586,49190,48625,47474,47136,47069,48415,46556,48155
843,48313,47586,49190,48625,47474,47136,47069,48415,46556,48155
844,48313,47586,49190,48625,47474,47136,47253,48415,46556,48155
845,48313,47586,49190,48625,47474,47136,47253,48415,46560,48155
846,48313,47586,49190,48625,47474,47136,47285,48415,46755,48155
847,48380,47586,49190,48625,47474,47136,47285,48415,46755,48155
848,48380,47586,49190,48625,47474,47136,47285,48498,46755,48155
849,48380,47586,49190,48625,47474,47136,47285,48498,46755,48155
850,48380,47586,49190,48625,47474,47136,47285,48514,46755,48155
851,48380,47586,49190,48625,47474,47136,47285,48514,46755,48155
852,48424,47586,49190,48667,47474,47136,47285,48514,46755,48307
853,48424,47686,49190,48667,47474,47136,47285,48514,46964,48307
854,48424,47686,49190,48667,47474,47136,47285,48538,46964,48307
855,48424,47686,49190,48667,47474,47136,47285,48538,46964,48307
856,48424,47686,49190,48667,47474,47136,47285,48538,46964,48307
857,48424,47686,49190,48667,47474,47136,47285,48538,46964,48307
858,48424,47810,49190,48667,47474,47136,47285,48538,46964,48307
859,48424,47810,49190,48667,47474,47136,47420,48538,46964,48307
860,48424,47810,49190,48667,47474,47136,47420,48538,46964,48307
861,48424,47810,49190,48667,47474,47136,47420,48538,46964,48307
862,48424,47837,49190,48667,47474,47195,47420,48627,46964,48307
863,48424,47837,49190,48667,47474,47195,47496,48643,46964,48307
864,48424,47837,49190,48667,47474,47325,47496,48643,46982,48307
865,48424,47842,49190,48667,47474,47384,47496,48659,46982,48307
866,48424,47842,49190,48667,47547,47384,47496,48659,46991,48307
867,48424,47842,49190,48667,47602,47384,47496,48659,47099,48307
868,48424,47842,49190,48667,47602,47384,47496,48659,47222,48393
869,48424,47842,49190,48667,47602,47384,47496,48842,47222,48393
870,48424,47842,49190,48667,47602,47384,47496,48842,47280,48393
871,48424,47842,49190,48667,47602,47384,47496,48842,47346,48393
872,48424,47842,49190,48667,47602,47384,47585,48842,47346,48393
873,48526,47842,49190,48667,47751,47384,47585,48842,47373,48393
874,48526,47859,49190,48667,47751,47384,47771,48842,47373,48393
875,48565,47932,49190,48667,47751,47384,48167,48842,47373,48441
876,48565,47932,49190,48667,47751,47384,48167,48842,47506,48441
877,48565,47932,49190,48667,47751,47453,48167,48842,47506,48441
878,48592,47932,49190,48772,47751,47453,48167,49001,47506,48441
879,48592,47932,49190,48772,47813,47453,48167,49050,47598,48475
880,48592,47932,49190,48772,47813,47453,48167,49050,47598,48475
881,48592,47932,49190,48772,47813,47453,48167,49050,47598,48475
882,48592,47932,49190,48772,47947,47453,48167,49050,47598,48475
883,48727,48114,49190,48772,47947,47453,48167,49050,47598,48475
884,48727,48114,49190,48772,47947,47453,48284,49050,47598,48475
885,48727,48114,49190,48772,47947,47453,48284,49050,47598,48475
886,48803,48114,49190,48811,47969,47453,48356,49166,47598,48493
887,48803,48114,49190,48811,48156,47453,48356,49166,47598,48493
888,48803,48114,49190,48811,48156,47682,48356,49166,47739,48493
889,48803,48114,49190,48811,48156,47682,48356,49166,47739,48493
890,48803,48136,49190,48811,48156,47682,48356,49166,47739,48493
891,48803,48136,49190,48811,48156,47682,48356,49166,47746,48493
892,48803,48136,49190,48811,48156,47682,48356,49166,47746,48493
893,48803,48256,49190,48811,48156,47682,48356,49166,47746,48493
894,48803,48256,49190,48811,48156,47682,48356,49166,47746,48493
895,48803,48256,49221,48811,48156,47682,48356,49166,47746,48651
896,48803,48256,49221,48811,48240,47682,48356,49166,47746,48651
897,48904,48256,49221,48811,48342,47682,48356,49181,47746,48651
898,48904,48256,49221,48811,48342,47682,48400,49193,47746,48783
899,48904,48262,49221,48811,48390,47682,48400,49193,47746,48783
900,48916,48282,49221,48811,48390,47682,48400,49193,47746,48783
901,48916,48282,49221,48811,48390,47745,48400,49193,47746,48832
902,48916,48282,49221,48811,48390,47745,48400,49193,47746,48832
903,48925,48282,49221,48811,48390,47745,48400,49193,47779,48832
904,49033,48282,49221,48811,48399,47745,48400,49193,47788,48898
905,49033,48282,49221,48811,48399,47745,48407,49193,47788,48898
906,49115,48282,49221,48811,48399,47745,48537,49193,47788,48898
907,49202,48282,49221,48811,48399,47745,48537,49193,47788,48898
908,49202,48282,49221,48811,48587,47745,48537,49193,47788,48898
909,49202,48370,49221,48811,48587,47745,48537,49193,47788,48924
910,49202,48370,49221,48811,48587,47745,48537,49193,47788,48924
911,49202,48370,49235,48811,48587,47745,48563,49193,47788,48924
912,49202,48370,49235,48811,48587,47745,48563,49193,47788,48924
913,49202,48370,49235,48811,48587,47745,48563,49193,47788,48924
914,49286,48370,49237,48811,48625,47745,48563,49193,47788,48924
915,49286,48370,49237,48811,48625,47745,48563,49193,47788,48924
916,49286,48370,49237,48811,48625,47745,48563,49193,47788,48924
917,49286,48370,49237,48811,48644,47745,48563,49193,47788,48924
918,49286,48370,49237,48811,48644,47745,48563,49193,47788,48924
919,49286,48370,49237,48811,48644,47745,48563,49193,47788,48924
920,49286,48370,49237,48811,48644,47745,48563,49193,47788,48924
921,49286,48420,49237,48811,48644,47745,48563,49193,47788,48924
922,49286,48423,49237,48811,48644,47745,48563,49193,47788,48924
923,49310,48507,49237,48876,48644,47862,48563,49193,47788,48924
924,49327,48568,49237,48876,48644,47862,48563,49193,47788,48924
925,49327,48568,49237,48876,48644,47862,48563,49193,47788,48924
926,49327,48899,49237,48876,48644,47862,48563,49193,47788,48924
927,49327,48899,49237,48876,48644,47862,48563,49193,47788,49108
928,49327,48899,49237,48876,48644,47873,48563,49193,47788,49108
929,49327,48899,49237,48876,48644,47873,48563,49213,47788,49108
930,49327,48899,49237,48876,48644,47873,48563,49213,47788,49108
931,49327,48899,49237,48876,48644,47873,48563,49231,47788,49108
932,49327,48899,49237,48876,48644,47937,48563,49231,47788,49108
933,49327,48899,49237,48876,48644,47947,48637,49231,47788,49108
934,49327,48899,49237,48876,48644,47947,48637,49231,47788,49108
935,49327,48899,49237,48876,48644,47947,48637,49231,47788,49108
936,49327,48905,49237,48876,48644,47947,48727,49231,47788,49108
937,49327,48905,49237,48991,48666,47947,48788,49231,47788,49108
938,49327,48905,49237,48991,48666,47947,48788,49231,47788,49108
939,49327,48905,49237,49039,48710,47947,48788,49231,47788,49108
940,49327,48905,49237,49039,48710,47947,48788,49231,47799,49108
941,49327,48905,49237,49039,48710,47969,48827,49231,47799,49108
942,49327,48905,49237,49039,48710,47969,48827,49412,47799,49108
943,49327,48905,49237,49039,48710,47969,48827,49412,47799,49108
944,49327,48905,49237,49118,48710,47969,48827,49412,47799,49108
945,49327,48905,49237,49118,48710,47969,48971,49412,47799,49108
946,49327,48909,49237,49207,48710,47969,49020,49412,47799,49108
947,49327,48909,49237,49207,48723,47969,49020,49412,47799,49108
948,49327,48909,49237,49207,48723,47969,49020,49412,47799,49108
949,49327,48909,49237,49207,48723,47969,49020,49412,47799,49108
950,49327,48909,49237,49207,48723,47969,49020,49412,47799,49108
951,49327,48909,49237,49207,48723,47969,49020,49412,47799,49108
952,49327,48909,49237,49207,48754,47969,49020,49412,47799,49108
953,49327,48909,49237,49207,48754,47969,49020,49412,47799,49108
954,49327,48909,49237,49207,48754,47969,49020,49412,47799,49108
955,49327,48909,49237,49207,48754,47969,49242,49412,47799,49108
956,49327,48909,49237,49207,48754,47969,49242,49412,47799,49108
957,49327,48909,49237,49207,48754,48006,49242,49412,47799,49108
958,49327,48909,49237,49207,48754,48006,49242,49412,47799,49108
959,49327,48909,49251,49207,48754,48006,49242,49412,47799,49108
960,49327,48909,49251,49207,48754,48006,49242,49412,47799,49108
961,49327,48909,49251,49207,48864,48006,49242,49412,47799,49108
962,49327,48909,49251,49207,48864,48006,49242,49418,47799,49108
963,49327,48909,49251,49207,48864,48006,49242,49418,47799,49108
964,49327,48909,49251,49207,48864,48006,49242,49418,47799,49108
965,49327,48909,49251,49207,48864,48006,49242,49418,47799,49108
966,49327,48957,49251,49207,48864,48006,49242,49418,47799,49108
967,49327,48957,49251,49207,48864,48006,49242,49418,47799,49108
968,49327,48957,49251,49207,48864,48006,49242,49418,47944,49108
969,49327,48957,49251,49207,48864,48006,49242,49418,48143,49108
970,49327,48957,49251,49207,48864,48006,49242,49418,48143,49108
971,49327,48957,49251,49207,48864,48006,49242,49418,48143,49108
972,49327,48957,49251,49207,48864,48006,49242,49418,48143,49108
973,49327,48979,49251,49207,49124,48006,49242,49418,48143,49108
974,49327,48979,49251,49207,49124,48006,49242,49418,48143,49108
975,49327,49029,49251,49207,49124,48006,49255,49418,48143,49108
976,49327,49029,49251,49207,49124,48039,49255,49418,48143,49108
977,49327,49029,49251,49207,49124,48039,49255,49418,48143,49205
978,49327,49029,49251,49207,49124,48245,49255,49418,48143,49205
979,49327,49032,49251,49207,49124,48245,49255,49418,48162,49205
980,49327,49032,49251,49207,49124,48245,49255,49418,48162,49205
981,49327,49064,49251,49207,49124,48245,49255,49418,48259,49205
982,49327,49064,49251,49207,49124,48245,49255,49418,48259,49205
983,49327,49067,49251,49207,49124,48245,49255,49418,48259,49205
984,49327,49107,49251,49207,49124,48245,49255,49418,48259,49205
985,49327,49107,49251,49207,49124,48245,49255,49418,48259,49205
986,49327,49107,49251,49207,49124,48245,49255,49418,48259,49205
987,49327,49107,49251,49207,49124,48245,49255,49418,48299,49205
988,49327,49107,49251,49207,49124,48245,49261,49418,48299,49205
989,49327,49107,49251,49207,49124,48245,49261,49418,48299,49205
990,49327,49270,49251,49207,49124,48365,49261,49418,48299,49205
991,49327,49270,49251,49207,49124,48365,49261,49418,48299,49205
992,49327,49270,49251,49207,49124,48365,49261,49418,48299,49205
993,49327,49270,49251,49207,49124,48365,49261,49418,48299,49205
994,49327,49270,49251,49207,49124,48365,49261,49465,48299,49205
995,49327,49270,49251,49207,49159,48365,49261,49465,48299,49205
996,49327,49270,49251,49207,49159,48365,49261,49465,48299,49274
997,49327,49270,49251,49207,49159,48365,49261,49465,48299,49274
998,49327,49270,49251,49207,49159,48372,49261,49465,48299,49274
999,49327,49270,49251,49207,49159,48372,49261,49491,48299,49274
1000,49327,49270,49251,49207,49159,48372,49261,49491,48299,49274
1001,49327,49270,49251,49207,49159,48372,49261,49491,48299,49274
1002,49327,49270,49251,49207,49238,48372,49261,49491,48299,49274
1003,49327,49270,49251,49207,49238,48384,49261,49491,48348,49274
1004,49327,49270,49251,49207,49238,48384,49261,49491,48348,49274
1005,49327,49270,49251,49207,49238,48384,49261,49491,48348,49274
1006,49327,49270,49251,49207,49238,48384,49261,49491,48395,49274
1007,49327,49283,49251,49207,49238,48384,49261,49491,48395,49274
1008,49327,49283,49251,49207,49238,48384,49261,49491,48395,49274
1009,49327,49283,49251,49207,49238,48384,49261,49491,48395,49274
1010,49327,49283,49251,49207,49238,48384,49328,49491,48395,49274
1011,49327,49283,49251,49207,49238,48384,49328,49491,48395,49274
1012,49327,49283,49251,49207,49238,48604,49328,49491,48503,49274
1013,49327,49283,49251,49207,49238,48604,49328,49491,48503,49274
1014,49327,49283,49251,49207,49238,48604,49328,49491,48503,49274
1015,49327,49283,49251,49207,49238,48604,49328,49491,48503,49274
1016,49327,49283,49251,49207,49238,48652,49328,49491,48503,49328
1017,49327,49283,49251,49207,49238,48652,49328,49491,48503,49328
1018,49327,49283,49251,49207,49238,48652,49328,49491,48503,49328
1019,49327,49283,49251,49207,49238,48792,49328,49491,48503,49328
1020,49327,49283,49251,49207,49238,48792,49328,49491,48503,49328
1021,49327,49283,49251,49207,49266,48792,49328,49491,48503,49328
1022,49327,49283,49251,49207,49266,48792,49328,49491,48503,49328
1023,49327,49283,49251,49207,49266,48792,49328,49491,48503,49328
1024,49327,49283,49251,49207,49266,48792,49328,49491,48503,49328
1025,49327,49283,49251,49207,49266,48838,49328,49491,48503,49328
1026,49327,49283,49251,49207,49266,48838,49328,49491,48503,49328
1027,49327,49283,49251,49207,49266,48838,49328,49491,48503,49328
1028,49327,49283,49251,49207,49266,48838,49328,49491,48503,49328
1029,49327,49283,49251,49207,49266,48838,49328,49491,48503,49328
1030,49327,49283,49251,49207,49266,48838,49328,49491,48503,49328
1031,49327,49283,49251,49207,49266,48838,49328,49491,48503,49328
1032,49327,49283,49251,49207,49266,48838,49328,49491,48715,49328
1033,49327,49283,49251,49207,49266,48838,49328,49491,48715,49328
1034,49327,49283,49251,49207,49266,48838,49328,49491,48715,49328
1035,49327,49307,49251,49207,49266,48838,49328,49491,48715,49328
1036,49327,49307,49251,49207,49266,48838,49328,49491,48715,49328
1037,49327,49307,49251,49207,49266,48838,49328,49491,48800,49328
1038,49327,49307,49251,49207,49266,48838,49336,49491,48800,49328
1039,49327,49307,49251,49207,49266,48838,49336,49491,48800,49328
1040,49327,49307,49251,49207,49266,48838,49357,49491,48800,49328
1041,49327,49307,49251,49207,49266,48838,49357,49491,48800,49328
1042,49327,49307,49251,49207,49266,48838,49357,49491,48800,49328
1043,49327,49307,49251,49207,49266,48838,49357,49491,48800,49328
1044,49327,49307,49251,49207,49291,48838,49357,49491,48800,49328
1045,49327,49307,49251,49207,49291,48838,49357,49491,48800,49328
1046,49327,49307,49251,49207,49291,48838,49357,49491,48800,49328
1047,49327,49307,49251,49207,49291,48838,49357,49491,48886,49328
1048,49327,49307,49251,49207,49291,48838,49357,49491,48886,49328
1049,49327,49307,49251,49207,49291,48838,49357,49491,48886,49328
1050,49327,49307,49251,49207,49291,48838,49357,49491,48886,49328
1051,49327,49307,49251,49207,49291,48838,49357,49491,48886,49328
1052,49327,49307,49251,49207,49291,48915,49357,49491,48886,49328
1053,49327,49307,49251,49207,49291,48915,49357,49491,48922,49328
1054,49327,49307,49251,49213,49291,48915,49357,49491,49020,49328
1055,49327,49307,49251,49213,49291,48915,49357,49491,49020,49328
1056,49327,49307,49251,49213,49304,48915,49357,49491,49020,49328
1057,49327,49307,49251,49213,49304,48915,49357,49491,49038,49328
1058,49327,49307,49251,49213,49304,48915,49357,49491,49038,49328
1059,49327,49307,49251,49213,49304,48915,49357,49491,49132,49328
1060,49327,49307,49251,49213,49304,49096,49357,49491,49132,49328
1061,49327,49307,49251,49213,49304,49096,49357,49491,49132,49328
1062,49327,49307,49251,49213,49304,49096,49357,49491,49132,49328
1063,49327,49307,49251,49213,49304,49178,49357,49491,49231,49328
1064,49327,49307,49251,49213,49304,49178,49357,49491,49231,49328
1065,49327,49307,49251,49227,49304,49178,49357,49491,49231,49328
1066,49327,49307,49251,49227,49304,49178,49357,49491,49231,49328
1067,49327,49307,49251,49227,49304,49226,49357,49491,49231,49328
1068,49327,49307,49251,49227,49304,49226,49357,49491,49231,49328
1069,49327,49307,49251,49227,49304,49226,49357,49491,49287,49328
1070,49327,49307,49251,49227,49304,49226,49357,49491,49287,49328
1071,49327,49307,49251,49227,49304,49226,49357,49491,49287,49328
1072,49327,49307,49251,49227,49304,49226,49357,49491,49287,49328
1073,49327,49307,49251,49227,49304,49226,49357,49491,49287,49328
1074,49327,49307,49251,49227,49304,49226,49357,49491,49287,49328
1075,49327,49307,49251,49227,49304,49226,49357,49491,49287,49328
1076,49327,49307,49251,49227,49304,49226,49357,49491,49287,49328
1077,49327,49307,49251,49227,49304,49226,49357,49491,49287,49328
1078,49327,49307,49251,49227,49304,49226,49357,49491,49287,49328
1079,49327,49307,49251,49227,49304,49226,49357,49491,49287,49328
1080,49327,49307,49251,49227,49304,49226,49357,49491,49287,49328
1081,49327,49307,49251,49227,49304,49226,49357,49491,49287,49328
1082,49327,49307,49251,49227,49304,49226,49357,49491,49427,49328
1083,49327,49307,49251,49227,49304,49226,49357,49491,49427,49328
1084,49327,49307,49251,49227,49304,49226,49357,49491,49427,49328
1085,49327,49307,49251,49227,49304,49226,49357,49491,49427,49328
1086,49327,49307,49251,49227,49304,49226,49357,49491,49427,49328
1087,49327,49307,49251,49227,49304,49226,49357,49491,49427,49328
1088,49327,49307,49251,49227,49304,49226,49357,49491,49427,49328
1089,49327,49307,49251,49227,49304,49226,49357,49491,49427,49328
1090,49327,49307,49251,49227,49304,49226,49357,49491,49427,49328
1091,49327,49307,49251,49227,49304,49226,49357,49491,49427,49328
1092,49327,49307,49251,49227,49304,49226,49357,49491,49427,49328
1093,49327,49307,49251,49227,49304,49226,49357,49491,49427,49328
1094,49327,49307,49251,49241,49304,49226,49357,49491,49427,49328
1095,49327,49307,49251,49241,49304,49226,49357,49491,49427,49328
1096,49327,49307,49251,49241,49304,49226,49357,49491,49427,49328
1097,49336,49307,49251,49241,49304,49226,49357,49491,49427,49328
1098,49336,49307,49251,49241,49304,49226,49357,49491,49427,49328
1099,49336,49307,49251,49241,49304,49226,49357,49491,49427,49328
1100,49336,49307,49251,49241,49304,49226,49357,49491,49427,49328
1101,49336,49307,49251,49241,49304,49226,49357,49491,49427,49328
1102,49336,49307,49251,49241,49304,49226,49357,49491,49427,49328
1103,49336,49307,49251,49241,49304,49226,49357,49491,49427,49328
1104,49336,49307,49251,49241,49304,49253,49357,49491,49427,49328
1105,49336,49307,49251,49241,49304,49253,49357,49491,49427,49328
1106,49336,49307,49251,49241,49304,49253,49357,49491,49427,49328
1107,49336,49307,49251,49241,49304,49253,49357,49491,49427,49328
1108,49336,49307,49251,49241,49304,49253,49357,49491,49427,49328
1109,49336,49307,49251,49241,49304,49253,49357,49491,49427,49328
1110,49336,49307,49251,49241,49304,49253,49357,49491,49427,49328
1111,49336,49307,49251,49241,49304,49253,49357,49491,49427,49328
1112,49336,49307,49251,49241,49304,49253,49357,49491,49427,49328
1113,49336,49307,49251,49241,49304,49253,49357,49491,49427,49328
1114,49336,49307,49251,49241,49304,49253,49357,49491,49427,49328
1115,49336,49307,49251,49241,49304,49253,49357,49491,49427,49328
1116,49336,49307,49251,49241,49304,49253,49357,49491,49427,49328
1117,49336,49307,49251,49241,49304,49253,49357,49491,49427,49328
1118,49336,49307,49251,49241,49304,49253,49357,49491,49427,49328
1119,49336,49307,49251,49241,49304,49253,49357,49491,49427,49328
1120,49336,49307,49251,49241,49304,49253,49357,49491,49427,49328
1121,49336,49307,49251,49241,49304,49253,49357,49491,49427,49328
1122,49336,49307,49251,49241,49304,49253,49357,49491,49427,49328
1123,49336,49307,49251,49241,49304,49253,49357,49491,49427,49328
1124,49336,49307,49251,49241,49304,49261,49357,49491,49427,49328
1125,49336,49307,49251,49241,49304,49261,49357,49491,49427,49328
1126,49336,49307,49251,49241,49304,49261,49357,49491,49427,49328
1127,49336,49307,49251,49241,49304,49291,49357,49491,49427,49328
1128,49336,49307,49251,49241,49304,49291,49357,49491,49427,49328
1129,49336,49307,49251,49241,49304,49291,49357,49491,49427,49328
1130,49336,49307,49251,49241,49304,49291,49357,49491,49427,49328
1131,49336,49307,49251,49241,49304,49291,49357,49491,49427,49328
1132,49336,49307,49251,49241,49304,49291,49357,49491,49427,49328
1133,49336,49307,49251,49241,49304,49291,49357,49491,49427,49328
1134,49336,49307,49251,49241,49304,49291,49357,49491,49427,49328
1135,49336,49307,49251,49241,49304,49291,49357,49491,49427,49328
1136,49336,49307,49251,49241,49304,49291,49357,49491,49427,49328
1137,49336,49307,49251,49241,49304,49291,49357,49491,49427,49328
1138,49336,49320,49251,49241,49304,49291,49357,49491,49427,49328
1139,49381,49320,49251,49241,49304,49291,49357,49491,49427,49328
1140,49381,49320,49251,49241,49304,49291,49357,49491,49427,49328
1141,49381,49320,49251,49241,49304,49291,49357,49491,49427,49328
1142,49381,49320,49251,49241,49304,49291,49357,49491,49427,49328
1143,49381,49320,49251,49241,49304,49305,49357,49491,49427,49328
1144,49381,49320,49251,49241,49304,49305,49357,49491,49427,49328
1145,49381,49320,49251,49241,49304,49305,49357,49491,49427,49328
1146,49381,49320,49251,49241,49304,49321,49357,49491,49427,49328
1147,49381,49320,49251,49241,49304,49321,49357,49491,49427,49328
1148,49381,49320,49251,49241,49304,49321,49357,49491,49427,49328
1149,49381,49320,49251,49241,49304,49321,49357,49491,49427,49328
1150,49381,49320,49251,49241,49304,49321,49357,49491,49427,49328
1151,49381,49320,49251,49241,49304,49321,49357,49491,49427,49328
1152,49381,49320,49251,49241,49304,49321,49357,49491,49427,49328
1153,49381,49320,49251,49241,49304,49321,49357,49491,49427,49328
1154,49381,49320,49251,49244,49304,49321,49357,49491,49427,49328
1155,49381,49320,49251,49244,49304,49321,49357,49491,49427,49328
1156,49381,49320,49251,49244,49304,49321,49357,49491,49427,49328
1157,49381,49320,49251,49244,49304,49321,49357,49491,49427,49328
1158,49381,49320,49251,49244,49304,49321,49357,49491,49427,49328
1159,49381,49320,49251,49244,49304,49321,49357,49491,49427,49328
1160,49381,49320,49251,49244,49304,49321,49357,49491,49427,49328
1161,49381,49320,49251,49244,49304,49321,49357,49491,49427,49328
1162,49381,49320,49251,49244,49304,49321,49357,49491,49427,49328
1163,49381,49320,49251,49244,49304,49321,49357,49491,49427,49328
1164,49381,49320,49251,49244,49304,49321,49357,49491,49427,49328
1165,49381,49320,49251,49244,49304,49321,49357,49491,49427,49328
1166,49381,49320,49251,49244,49304,49321,49357,49491,49427,49328
1167,49381,49320,49251,49244,49304,49321,49357,49491,49427,49328
1168,49381,49320,49251,49244,49304,49321,49357,49491,49427,49328
1169,49381,49320,49251,49244,49304,49321,49357,49491,49427,49328
1170,49381,49320,49251,49244,49304,49321,49357,49491,49427,49328
1171,49381,49320,49251,49244,49304,49321,49357,49491,49427,49328
1172,49381,49320,49251,49244,49304,49321,49357,49491,49427,49328
1173,49381,49320,49251,49244,49304,49321,49357,49491,49427,49328
1174,49381,49320,49251,49244,49304,49321,49357,49491,49427,49328
1175,49381,49320,49251,49244,49304,49321,49357,49491,49427,49328
1176,49381,49320,49251,49244,49304,49337,49357,49491,49427,49328
1177,49381,49320,49251,49244,49304,49337,49357,49491,49427,49328
1178,49381,49320,49251,49244,49304,49337,49357,49491,49427,49328
1179,49381,49320,49251,49244,49304,49337,49357,49491,49427,49328
1180,49381,49320,49251,49244,49304,49337,49357,49491,49427,49328
1181,49381,49320,49251,49244,49304,49337,49357,49491,49427,49328
1182,49381,49320,49251,49244,49304,49337,49357,49491,49427,49328
1183,49381,49320,49251,49244,49304,49337,49357,49491,49427,49328
1184,49381,49320,49251,49244,49304,49337,49357,49491,49427,49328
1185,49381,49320,49251,49244,49304,49337,49357,49491,49427,49328
1186,49381,49320,49262,49244,49304,49343,49357,49491,49427,49328
1187,49381,49320,49262,49244,49304,49343,49357,49491,49427,49328
1188,49381,49320,49262,49244,49304,49343,49357,49491,49427,49328
1189,49381,49320,49262,49244,49304,49343,49357,49491,49427,49328
1190,49381,49326,49262,49244,49304,49343,49357,49491,49427,49328
1191,49381,49326,49262,49244,49304,49343,49357,49491,49427,49328
1192,49381,49326,49262,49244,49304,49343,49357,49491,49427,49328
1193,49381,49333,49262,49244,49304,49343,49357,49491,49427,49328
1194,49381,49333,49262,49244,49304,49343,49357,49491,49427,49328
1195,49381,49333,49262,49244,49304,49343,49357,49491,49427,49328
1196,49381,49333,49262,49244,49304,49343,49357,49491,49427,49328
1197,49381,49333,49262,49244,49304,49343,49357,49491,49427,49328
1198,49381,49333,49262,49244,49304,49343,49357,49491,49427,49328
1199,49381,49333,49262,49244,49304,49343,49357,49491,49427,49328
1200,49381,49333,49262,49244,49304,49343,49357,49491,49427,49328
1201,49381,49333,49262,49244,49304,49343,49357,49491,49427,49328
1202,49381,49333,49262,49244,49304,49343,49357,49491,49427,49328
1203,49381,49333,49262,49244,49304,49343,49357,49491,49427,49328
1204,49381,49333,49262,49244,49304,49343,49357,49491,49427,49328
1205,49381,49333,49262,49244,49304,49343,49357,49491,49427,49328
1206,49381,49333,49262,49244,49304,49343,49357,49491,49427,49328
1207,49381,49333,49262,49244,49304,49343,49357,49491,49427,49328
1208,49381,49333,49262,49244,49304,49343,49357,49491,49427,49328
1209,49381,49333,49262,49244,49304,49343,49357,49491,49427,49328
1210,49381,49333,49262,49244,49304,49343,49357,49491,49427,49328
1211,49381,49333,49262,49244,49304,49343,49357,49491,49434,49328
1212,49381,49333,49262,49244,49304,49343,49357,49491,49434,49328
1213,49381,49333,49262,49244,49304,49343,49357,49491,49434,49328
1214,49381,49333,49262,49244,49304,49343,49357,49491,49434,49328
1215,49381,49333,49262,49244,49304,49343,49357,49491,49434,49328
1216,49381,49333,49262,49244,49304,49343,49357,49491,49434,49328
1217,49381,49333,49262,49244,49304,49343,49357,49491,49434,49328
1218,49381,49333,49262,49244,49304,49343,49357,49491,49434,49328
1219,49381,49333,49262,49244,49304,49343,49357,49491,49434,49328
1220,49381,49333,49262,49244,49304,49343,49357,49491,49434,49328
1221,49381,49333,49262,49244,49304,49343,49357,49491,49434,49328
1222,49381,49333,49262,49244,49304,49343,49357,49491,49434,49328
1223,49381,49333,49262,49244,49304,49343,49357,49491,49434,49328
1224,49381,49333,49262,49244,49304,49343,49357,49491,49434,49328
1225,49381,49333,49262,49244,49304,49343,49357,49491,49434,49328
1226,49381,49333,49262,49244,49304,49343,49357,49491,49434,49328
1227,49381,49333,49262,49244,49304,49343,49357,49491,49434,49328
1228,49381,49333,49262,49244,49304,49343,49357,49491,49434,49328
1229,49381,49333,49262,49244,49304,49343,49357,49491,49434,49328
1230,49381,49333,49262,49244,49304,49343,49357,49491,49434,49328
1231,49381,49333,49262,49244,49304,49343,49357,49491,49434,49328
1232,49381,49333,49262,49244,49304,49343,49357,49491,49434,49328
1233,49381,49333,49262,49244,49304,49343,49357,49491,49434,49328
1234,49400,49333,49262,49244,49304,49343,49357,49491,49434,49328
1235,49400,49333,49262,49244,49304,49343,49357,49491,49434,49328
1236,49400,49333,49262,49244,49304,49343,49357,49491,49434,49328
1237,49400,49333,49262,49244,49304,49343,49357,49491,49434,49328
1238,49400,49333,49262,49244,49304,49343,49357,49491,49434,49328
1239,49400,49333,49262,49244,49304,49343,49357,49491,49434,49328
1240,49400,49333,49262,49244,49304,49343,49357,49491,49434,49328
1241,49400,49333,49262,49244,49304,49343,49357,49491,49434,49328
1242,49400,49333,49262,49244,49304,49343,49357,49491,49434,49328
1243,49400,49333,49262,49244,49304,49343,49357,49491,49434,49328
1244,49400,49333,49262,49244,49304,49343,49357,49491,49434,49328
1245,49400,49333,49262,49244,49304,49343,49357,49491,49434,49328
1246,49400,49333,49262,49244,49304,49343,49357,49491,49434,49328
1247,49400,49333,49262,49244,49304,49343,49357,49491,49434,49328
1248,49400,49333,49262,49244,49304,49343,49357,49491,49434,49328
1249,49400,49333,49262,49244,49304,49343,49357,49491,49434,49328
1250,49400,49333,49262,49244,49304,49343,49357,49491,49434,49328
1251,49400,49333,49262,49244,49304,49343,49357,49491,49434,49328
1252,49400,49333,49262,49244,49304,49343,49357,49491,49434,49328
1253,49400,49333,49262,49244,49304,49343,49357,49491,49434,49328
1254,49400,49333,49262,49244,49304,49343,49357,49491,49434,49328
1255,49400,49333,49262,49244,49304,49343,49357,49491,49434,49328
1256,49400,49333,49262,49244,49304,49343,49357,49491,49434,49328
1257,49400,49333,49262,49244,49304,49343,49357,49491,49434,49328
1258,49400,49333,49262,49244,49304,49343,49357,49491,49434,49328
1259,49400,49333,49262,49244,49304,49343,49357,49491,49434,49328
1260,49400,49333,49262,49244,49304,49343,49357,49491,49434,49328
1261,49400,49333,49262,49244,49304,49343,49357,49491,49434,49328
1262,49400,49333,49262,49244,49304,49343,49357,49491,49434,49328
1263,49400,49333,49262,49244,49304,49343,49357,49491,49434,49328
1264,49400,49333,49262,49244,49304,49343,49357,49491,49434,49328
1265,49400,49333,49262,49244,49304,49343,49357,49491,49434,49328
1266,49400,49333,49262,49244,49304,49343,49357,49491,49434,49328
1267,49400,49333,49262,49244,49304,49343,49357,49491,49434,49328
1268,49400,49333,49262,49244,49304,49343,49357,49491,49434,49328
1269,49400,49333,49262,49244,49304,49343,49357,49491,49434,49328
1270,49400,49333,49262,49244,49304,49343,49357,49491,49434,49328
1271,49400,49333,49262,49244,49304,49343,49357,49491,49434,49328
1272,49400,49333,49262,49244,49304,49343,49357,49491,49434,49328
1273,49400,49333,49262,49244,49304,49343,49357,49491,49434,49328
1274,49400,49333,49262,49244,49304,49343,49357,49491,49434,49328
1275,49400,49333,49262,49244,49304,49343,49357,49491,49434,49328
1276,49400,49333,49262,49244,49304,49343,49357,49491,49434,49328
1277,49400,49333,49262,49244,49304,49343,49357,49491,49434,49328
1278,49400,49333,49262,49244,49304,49343,49357,49491,49434,49328
1279,49400,49333,49262,49244,49304,49343,49357,49491,49434,49328
1280,49400,49333,49262,49244,49304,49343,49357,49491,49434,49328
1281,49400,49333,49262,49244,49304,49343,49357,49491,49434,49328
1282,49400,49333,49262,49244,49304,49343,49357,49491,49434,49328
1283,49400,49333,49273,49244,49304,49343,49357,49491,49434,49328
1284,49400,49333,49273,49244,49304,49343,49357,49491,49434,49328
1285,49400,49333,49273,49244,49304,49343,49357,49491,49434,49328
1286,49400,49333,49273,49244,49304,49343,49357,49491,49434,49328
1287,49400,49333,49273,49244,49304,49343,49357,49491,49434,49328
1288,49400,49333,49273,49244,49304,49343,49357,49491,49434,49328
1289,49400,49333,49273,49244,49304,49343,49357,49491,49434,49328
1290,49400,49333,49273,49244,49304,49343,49357,49491,49434,49328
1291,49400,49333,49273,49244,49304,49343,49357,49491,49434,49328
1292,49400,49333,49273,49244,49304,49343,49357,49491,49434,49328
1293,49400,49333,49273,49244,49304,49343,49361,49491,49434,49328
1294,49400,49333,49273,49244,49304,49343,49361,49491,49434,49328
1295,49400,49333,49273,49244,49304,49343,49361,49491,49434,49328
1296,49400,49333,49273,49244,49304,49343,49361,49491,49434,49328
1297,49400,49333,49273,49244,49304,49343,49361,49491,49434,49328
1298,49400,49333,49273,49244,49304,49343,49361,49491,49434,49328
1299,49400,49333,49273,49244,49304,49343,49361,49491,49434,49328
1300,49400,49333,49273,49244,49304,49343,49361,49491,49434,49328
1301,49400,49333,49273,49244,49304,49343,49361,49491,49434,49328
1302,49400,49333,49273,49244,49304,49343,49361,49491,49434,49328
1303,49400,49333,49273,49244,49304,49343,49361,49491,49434,49328
1304,49400,49333,49299,49244,49304,49343,49361,49491,49434,49328
1305,49400,49333,49299,49244,49304,49343,49361,49491,49434,49328
1306,49400,49333,49299,49244,49304,49343,49361,49491,49434,49328
1307,49400,49333,49299,49244,49304,49343,49361,49491,49434,49328
1308,49400,49333,49299,49244,49304,49343,49381,49491,49434,49328
1309,49400,49333,49299,49244,49304,49343,49381,49491,49434,49328
1310,49400,49333,49299,49244,49304,49343,49381,49491,49434,49328
1311,49400,49333,49299,49265,49304,49343,49381,49491,49434,49328
1312,49400,49333,49299,49265,49304,49343,49381,49491,49434,49328
1313,49400,49333,49299,49265,49304,49343,49381,49491,49434,49328
1314,49400,49333,49299,49265,49304,49343,49381,49491,49434,49328
1315,49400,49333,49318,49265,49304,49343,49381,49491,49434,49328
1316,49400,49333,49318,49265,49304,49343,49381,49491,49434,49328
1317,49400,49333,49318,49265,49304,49343,49381,49491,49434,49328
1318,49400,49333,49318,49265,49304,49343,49381,49491,49434,49328
1319,49400,49333,49318,49265,49304,49343,49381,49491,49434,49328
1320,49400,49333,49318,49265,49304,49343,49381,49491,49434,49328
1321,49400,49333,49318,49265,49304,49343,49381,49491,49434,49328
1322,49400,49333,49318,49265,49304,49343,49381,49491,49434,49328
1323,49400,49333,49318,49265,49304,49343,49381,49491,49434,49328
1324,49400,49333,49318,49265,49304,49343,49381,49491,49434,49328
1325,49400,49333,49318,49265,49304,49343,49381,49491,49434,49328
1326,49400,49333,49318,49265,49304,49343,49381,49491,49434,49328
1327,49400,49333,49318,49265,49304,49343,49381,49491,49434,49328
1328,49400,49333,49318,49265,49304,49343,49381,49491,49434,49328
1329,49400,49333,49318,49265,49304,49343,49381,49491,49434,49328
1330,49400,49333,49318,49265,49304,49343,49381,49491,49434,49328
1331,49400,49333,49318,49265,49304,49343,49381,49491,49434,49328
1332,49400,49333,49318,49265,49304,49343,49381,49491,49434,49328
1333,49400,49333,49318,49265,49304,49343,49381,49491,49434,49328
1334,49400,49333,49318,49265,49304,49343,49381,49491,49434,49328
1335,49400,49333,49318,49265,49304,49343,49381,49491,49434,49328
1336,49400,49333,49318,49265,49304,49343,49381,49491,49434,49328
1337,49400,49333,49318,49265,49304,49343,49381,49491,49434,49328
1338,49400,49333,49318,49279,49304,49343,49381,49491,49434,49328
1339,49400,49333,49318,49279,49304,49343,49381,49491,49434,49328
1340,49400,49333,49318,49279,49304,49343,49381,49491,49434,49328
1341,49400,49333,49318,49279,49304,49343,49381,49491,49434,49328
1342,49400,49333,49318,49279,49304,49343,49381,49491,49434,49328
1343,49400,49333,49318,49279,49304,49343,49381,49491,49434,49328
1344,49400,49333,49318,49279,49304,49343,49381,49491,49434,49328
1345,49400,49333,49343,49279,49304,49343,49381,49491,49434,49328
1346,49400,49333,49343,49279,49304,49343,49381,49491,49434,49328
1347,49400,49333,49343,49279,49304,49343,49381,49491,49434,49328
1348,49400,49333,49343,49279,49304,49343,49381,49491,49434,49328
1349,49400,49333,49343,49279,49304,49343,49381,49491,49434,49328
1350,49400,49333,49343,49279,49304,49343,49381,49491,49434,49328
1351,49400,49333,49343,49279,49304,49343,49381,49491,49434,49328
1352,49400,49333,49343,49279,49304,49343,49381,49491,49434,49328
1353,49400,49333,49343,49279,49304,49343,49381,49491,49434,49328
1354,49400,49333,49343,49279,49304,49343,49381,49491,49434,49328
1355,49400,49333,49343,49279,49304,49343,49381,49491,49434,49328
1356,49400,49333,49343,49279,49304,49343,49381,49491,49434,49328
1357,49400,49333,49343,49279,49304,49343,49381,49491,49434,49328
1358,49400,49333,49343,49279,49304,49343,49381,49491,49434,49328
1359,49400,49333,49343,49279,49304,49343,49381,49491,49434,49328
1360,49400,49333,49343,49279,49304,49343,49381,49491,49434,49328
1361,49400,49333,49343,49279,49304,49343,49381,49491,49434,49328
1362,49400,49333,49344,49279,49304,49343,49381,49491,49434,49328
1363,49400,49333,49344,49279,49304,49343,49381,49491,49434,49328
1364,49400,49333,49344,49279,49304,49343,49381,49491,49434,49328
1365,49400,49333,49344,49279,49304,49343,49381,49491,49434,49328
1366,49400,49333,49344,49279,49304,49343,49381,49491,49434,49328
1367,49400,49333,49344,49279,49304,49343,49381,49491,49434,49328
1368,49400,49333,49344,49279,49304,49343,49381,49491,49434,49328
1369,49400,49333,49344,49279,49304,49343,49381,49491,49434,49328
1370,49400,49333,49365,49279,49304,49343,49381,49491,49434,49328
1371,49400,49333,49365,49279,49304,49343,49381,49491,49434,49328
1372,49400,49333,49365,49279,49304,49343,49381,49491,49434,49328
1373,49400,49333,49365,49279,49304,49343,49381,49491,49434,49328
1374,49400,49333,49365,49279,49304,49343,49381,49491,49434,49328
1375,49400,49333,49365,49279,49304,49343,49381,49491,49434,49328
1376,49400,49333,49365,49279,49304,49343,49381,49491,49434,49328
1377,49400,49333,49365,49279,49304,49343,49381,49491,49434,49328
1378,49400,49333,49365,49279,49304,49345,49381,49491,49434,49328
1379,49400,49333,49365,49279,49304,49345,49381,49491,49434,49328
1380,49400,49333,49365,49279,49304,49345,49381,49491,49434,49328
1381,49400,49333,49365,49279,49304,49345,49381,49491,49434,49328
1382,49400,49333,49365,49279,49304,49345,49381,49491,49434,49328
1383,49400,49333,49365,49279,49304,49345,49381,49491,49434,49328
1384,49400,49333,49365,49279,49304,49345,49381,49491,49434,49328
1385,49400,49333,49365,49279,49304,49345,49381,49491,49434,49328
1386,49400,49333,49365,49279,49304,49345,49381,49491,49434,49328
1387,49400,49333,49365,49279,49304,49345,49381,49491,49434,49328
1388,49400,49333,49365,49279,49304,49345,49381,49491,49434,49328
1389,49400,49333,49365,49279,49304,49345,49381,49491,49434,49328
1390,49400,49333,49365,49279,49304,49345,49381,49491,49434,49328
1391,49400,49333,49365,49279,49304,49345,49381,49491,49434,49328
1392,49400,49333,49365,49279,49304,49345,49381,49491,49434,49328
1393,49400,49333,49365,49279,49304,49345,49381,49491,49434,49328
1394,49400,49333,49365,49279,49304,49345,49381,49491,49434,49328
1395,49400,49333,49365,49279,49304,49345,49381,49491,49434,49328
1396,49400,49333,49365,49279,49304,49345,49381,49491,49434,49328
1397,49400,49333,49365,49279,49304,49345,49381,49491,49434,49328
1398,49400,49333,49365,49279,49304,49345,49381,49491,49434,49328
1399,49400,49333,49365,49279,49304,49345,49381,49491,49434,49328
1400,49400,49333,49365,49279,49304,49345,49381,49491,49434,49328
1401,49400,49333,49365,49279,49304,49345,49389,49491,49434,49328
1402,49400,49333,49365,49279,49304,49345,49389,49491,49434,49328
1403,49400,49333,49365,49279,49304,49345,49389,49491,49434,49328
1404,49400,49333,49365,49279,49304,49345,49389,49491,49434,49328
1405,49400,49333,49365,49279,49304,49345,49389,49491,49434,49328
1406,49400,49333,49365,49279,49304,49345,49389,49491,49434,49328
1407,49400,49333,49365,49279,49304,49345,49389,49491,49434,49328
1408,49400,49333,49365,49279,49304,49345,49389,49491,49434,49328
1409,49400,49333,49365,49279,49304,49345,49389,49491,49434,49328
1410,49400,49333,49365,49279,49304,49345,49389,49491,49434,49344
1411,49400,49333,49365,49279,49304,49345,49389,49491,49434,49344
1412,49400,49333,49365,49279,49304,49345,49389,49491,49434,49344
1413,49400,49333,49365,49279,49304,49345,49389,49491,49434,49344
1414,49400,49333,49365,49279,49304,49345,49389,49491,49434,49348
1415,49400,49333,49365,49279,49304,49345,49389,49491,49434,49348
1416,49400,49333,49365,49279,49304,49345,49389,49491,49434,49348
1417,49400,49333,49365,49279,49304,49345,49389,49491,49434,49348
1418,49400,49333,49365,49279,49304,49345,49389,49491,49434,49348
1419,49400,49333,49365,49279,49304,49345,49389,49491,49434,49348
1420,49400,49333,49365,49279,49304,49345,49389,49491,49434,49348
1421,49400,49333,49365,49279,49304,49345,49389,49491,49434,49348
1422,49400,49333,49365,49279,49304,49345,49389,49491,49434,49348
1423,49400,49333,49365,49279,49304,49345,49389,49491,49434,49348
1424,49400,49333,49365,49279,49304,49345,49389,49491,49434,49348
1425,49400,49333,49365,49279,49304,49345,49389,49491,49434,49348
1426,49400,49333,49365,49279,49304,49345,49389,49491,49434,49348
1427,49400,49333,49365,49279,49304,49345,49389,49491,49440,49348
1428,49400,49333,49365,49279,49304,49345,49389,49491,49440,49348
1429,49400,49333,49365,49279,49304,49345,49389,49491,49440,49348
1430,49400,49333,49365,49279,49304,49345,49389,49491,49440,49348
1431,49400,49333,49365,49279,49304,49345,49389,49491,49440,49348
1432,49400,49333,49365,49279,49304,49345,49389,49491,49440,49348
1433,49400,49333,49365,49279,49304,49345,49389,49491,49440,49348
1434,49400,49333,49365,49279,49304,49345,49389,49491,49440,49348
1435,49400,49333,49365,49279,49304,49345,49389,49491,49440,49348
1436,49400,49333,49365,49279,49304,49345,49391,49491,49440,49348
1437,49400,49333,49365,49279,49304,49345,49391,49491,49440,49348
1438,49400,49333,49365,49279,49304,49345,49391,49491,49440,49348
1439,49400,49333,49365,49279,49304,49345,49391,49491,49440,49348
1440,49400,49333,49365,49279,49304,49345,49391,49491,49440,49348
1441,49400,49333,49365,49301,49304,49345,49391,49491,49440,49348
1442,49400,49333,49365,49301,49304,49345,49391,49491,49440,49348
1443,49400,49333,49365,49301,49304,49345,49391,49491,49440,49348
1444,49400,49333,49365,49301,49304,49345,49391,49491,49440,49348
1445,49400,49333,49365,49301,49304,49345,49391,49491,49440,49348
1446,49400,49333,49365,49301,49304,49345,49391,49491,49440,49348
1447,49400,49333,49365,49301,49304,49345,49391,49491,49440,49348
1448,49400,49333,49365,49301,49304,49345,49391,49491,49440,49348
1449,49400,49333,49365,49301,49304,49345,49391,49491,49440,49348
1450,49400,49333,49365,49301,49304,49345,49391,49491,49440,49348
1451,49400,49333,49365,49301,49304,49345,49393,49491,49440,49348
1452,49400,49333,49365,49301,49304,49345,49393,49491,49440,49348
1453,49400,49333,49365,49301,49304,49345,49393,49491,49440,49348
1454,49400,49333,49365,49301,49321,49345,49393,49491,49440,49348
1455,49400,49333,49365,49301,49321,49345,49393,49491,49440,49348
1456,49400,49333,49365,49301,49321,49345,49393,49491,49440,49348
1457,49400,49333,49365,49301,49321,49345,49393,49491,49440,49348
1458,49400,49333,49365,49301,49321,49345,49393,49491,49440,49348
1459,49400,49333,49365,49301,49321,49345,49393,49491,49440,49348
1460,49400,49333,49365,49301,49321,49345,49393,49491,49440,49348
1461,49400,49333,49365,49301,49321,49345,49393,49491,49440,49348
1462,49400,49333,49365,49301,49321,49345,49393,49491,49440,49348
1463,49400,49333,49365,49301,49324,49345,49393,49491,49440,49371
1464,49400,49333,49365,49301,49324,49345,49393,49491,49440,49371
1465,49400,49333,49377,49301,49324,49345,49393,49491,49440,49371
1466,49400,49333,49377,49301,49324,49345,49393,49491,49440,49371
1467,49400,49333,49377,49301,49324,49345,49393,49491,49440,49371
1468,49400,49333,49377,49301,49324,49345,49393,49491,49440,49371
1469,49400,49333,49377,49301,49324,49345,49393,49491,49440,49371
1470,49400,49333,49377,49301,49324,49345,49393,49491,49440,49371
1471,49400,49333,49377,49301,49324,49345,49393,49491,49440,49371
1472,49400,49333,49377,49301,49324,49345,49393,49491,49440,49371
1473,49400,49333,49377,49301,49324,49345,49393,49491,49440,49384
1474,49400,49333,49377,49301,49324,49345,49393,49491,49440,49402
1475,49400,49333,49377,49301,49324,49345,49393,49491,49440,49402
1476,49400,49333,49377,49301,49324,49345,49393,49491,49440,49402
1477,49400,49333,49377,49301,49324,49345,49393,49491,49440,49402
1478,49400,49333,49377,49301,49324,49345,49393,49491,49440,49402
1479,49400,49333,49377,49301,49324,49345,49393,49491,49440,49402
1480,49400,49333,49377,49301,49324,49345,49393,49491,49440,49419
1481,49400,49333,49377,49301,49324,49345,49393,49491,49440,49419
1482,49400,49333,49377,49301,49324,49345,49393,49491,49440,49419
1483,49400,49333,49377,49301,49324,49345,49393,49491,49440,49419
1484,49400,49333,49377,49301,49324,49345,49393,49491,49440,49419
1485,49400,49333,49377,49301,49324,49345,49393,49491,49440,49419
1486,49400,49333,49377,49301,49324,49345,49393,49491,49440,49419
1487,49400,49333,49377,49301,49324,49345,49393,49491,49440,49419
1488,49400,49333,49377,49301,49324,49345,49393,49491,49440,49419
1489,49400,49333,49377,49313,49324,49345,49393,49491,49440,49419
1490,49400,49333,49377,49313,49324,49345,49393,49491,49440,49419
1491,49400,49333,49377,49313,49324,49345,49393,49491,49440,49419
1492,49400,49333,49377,49313,49324,49345,49393,49491,49440,49419
1493,49400,49333,49377,49313,49324,49345,49393,49491,49440,49419
1494,49400,49333,49377,49313,49324,49345,49393,49491,49440,49419
1495,49400,49333,49377,49313,49324,49345,49393,49491,49494,49419
1496,49400,49333,49377,49313,49324,49345,49393,49491,49494,49419
1497,49400,49333,49377,49313,49324,49345,49393,49491,49494,49419
1498,49400,49333,49377,49313,49324,49345,49393,49491,49494,49419
1499,49400,49333,49377,49313,49324,49345,49393,49491,49494,49419
1500,49400,49333,49377,49313,49324,49345,49393,49491,49494,49419
1501,49400,49333,49377,49313,49324,49345,49393,49491,49494,49419
1502,49400,49333,49377,49313,49324,49345,49393,49491,49494,49419
1503,49400,49333,49377,49313,49324,49345,49393,49491,49494,49419
1504,49400,49333,49377,49313,49324,49345,49393,49491,49494,49419
1505,49400,49333,49377,49313,49324,49345,49393,49491,49494,49419
1506,49400,49333,49377,49313,49324,49345,49393,49491,49494,49419
1507,49400,49333,49377,49313,49324,49345,49393,49491,49494,49419
1508,49400,49333,49377,49313,49324,49345,49393,49491,49494,49419
1509,49400,49333,49377,49313,49324,49345,49393,49491,49494,49419
1510,49400,49333,49377,49313,49324,49345,49393,49491,49494,49419
1511,49400,49333,49377,49313,49324,49345,49408,49491,49494,49419
1512,49400,49333,49377,49313,49324,49345,49408,49491,49494,49419
1513,49400,49333,49377,49313,49324,49345,49408,49491,49494,49419
1514,49400,49333,49377,49313,49324,49345,49408,49491,49494,49419
1515,49400,49333,49377,49313,49324,49345,49408,49491,49494,49419
1516,49400,49333,49377,49313,49324,49345,49408,49491,49494,49419
1517,49400,49333,49377,49313,49324,49345,49408,49491,49494,49419
1518,49400,49333,49377,49313,49324,49345,49415,49491,49494,49419
1519,49400,49333,49377,49313,49324,49345,49415,49491,49494,49431
1520,49400,49333,49377,49313,49324,49345,49415,49491,49494,49431
1521,49400,49333,49377,49313,49324,49345,49415,49491,49494,49431
1522,49400,49333,49377,49313,49324,49345,49415,49491,49494,49431
1523,49400,49333,49377,49313,49324,49345,49415,49491,49494,49431
1524,49400,49333,49377,49313,49324,49345,49415,49491,49494,49431
1525,49400,49333,49377,49313,49324,49345,49415,49491,49494,49431
1526,49400,49333,49377,49313,49324,49345,49415,49491,49494,49431
1527,49400,49333,49377,49313,49324,49345,49415,49491,49494,49431
1528,49400,49333,49377,49313,49324,49345,49415,49491,49494,49431
1529,49400,49333,49377,49313,49324,49345,49415,49491,49494,49431
1530,49400,49333,49377,49313,49324,49345,49415,49491,49494,49431
1531,49400,49333,49377,49313,49324,49345,49415,49491,49494,49431
1532,49400,49333,49377,49313,49324,49345,49415,49491,49494,49431
1533,49400,49333,49377,49313,49324,49345,49415,49491,49494,49431
1534,49400,49333,49377,49313,49324,49345,49415,49491,49494,49431
1535,49400,49333,49377,49313,49324,49345,49415,49491,49494,49431
1536,49400,49333,49377,49313,49324,49345,49415,49491,49494,49431
1537,49400,49333,49377,49313,49324,49345,49415,49491,49494,49431
1538,49400,49333,49377,49313,49324,49345,49415,49491,49494,49431
1539,49400,49333,49377,49313,49324,49345,49415,49491,49494,49431
1540,49400,49333,49377,49313,49324,49345,49415,49491,49494,49431
1541,49400,49333,49377,49313,49324,49345,49415,49491,49494,49431
1542,49400,49333,49377,49313,49324,49345,49415,49491,49494,49431
1543,49400,49333,49377,49313,49324,49345,49415,49491,49494,49431
1544,49400,49333,49377,49313,49324,49345,49415,49491,49494,49431
1545,49400,49333,49377,49313,49324,49345,49415,49491,49494,49431
1546,49400,49333,49377,49313,49324,49345,49415,49491,49494,49431
1547,49400,49333,49377,49313,49324,49345,49415,49491,49494,49431
1548,49400,49333,49377,49313,49324,49345,49415,49491,49494,49431
1549,49400,49343,49377,49313,49324,49345,49415,49491,49494,49431
1550,49400,49343,49377,49313,49324,49345,49415,49491,49494,49431
1551,49400,49343,49377,49313,49324,49345,49415,49491,49494,49431
1552,49400,49343,49377,49313,49324,49345,49415,49491,49494,49431
1553,49400,49343,49377,49313,49324,49345,49415,49491,49494,49431
1554,49400,49343,49377,49313,49324,49345,49415,49491,49494,49431
1555,49400,49343,49377,49313,49324,49345,49415,49491,49494,49431
1556,49400,49343,49377,49313,49324,49345,49415,49503,49494,49431
1557,49400,49343,49377,49313,49324,49345,49415,49503,49494,49431
1558,49400,49343,49377,49313,49324,49345,49415,49503,49494,49431
1559,49400,49343,49377,49313,49324,49345,49415,49503,49494,49431
1560,49400,49343,49377,49313,49324,49345,49415,49503,49494,49431
1561,49400,49343,49377,49313,49324,49345,49415,49503,49494,49431
1562,49400,49343,49377,49313,49339,49345,49415,49503,49494,49431
1563,49400,49343,49377,49313,49339,49345,49415,49503,49494,49431
1564,49400,49343,49377,49313,49339,49345,49415,49503,49494,49431
1565,49400,49343,49377,49313,49339,49345,49415,49503,49494,49431
1566,49400,49343,49377,49313,49339,49345,49415,49503,49494,49431
1567,49400,49343,49377,49313,49339,49345,49415,49503,49494,49431
1568,49400,49343,49377,49313,49339,49345,49415,49503,49494,49431
1569,49400,49343,49377,49313,49339,49345,49415,49503,49494,49431
1570,49400,49343,49377,49313,49339,49345,49415,49503,49494,49431
1571,49400,49343,49377,49331,49339,49345,49415,49503,49494,49431
1572,49400,49343,49377,49331,49339,49345,49415,49503,49494,49431
1573,49400,49343,49377,49331,49339,49345,49415,49503,49494,49431
1574,49400,49343,49377,49331,49339,49345,49415,49503,49494,49431
1575,49400,49343,49377,49331,49339,49345,49415,49503,49494,49431
1576,49400,49343,49377,49331,49339,49345,49415,49503,49494,49431
1577,49400,49343,49377,49331,49339,49345,49415,49503,49494,49431
1578,49400,49343,49377,49331,49339,49345,49415,49503,49494,49431
1579,49400,49343,49377,49331,49339,49345,49415,49503,49494,49431
1580,49400,49343,49377,49331,49339,49345,49415,49503,49494,49431
1581,49400,49343,49377,49331,49339,49345,49415,49503,49494,49431
1582,49400,49343,49377,49331,49339,49345,49415,49503,49494,49431
1583,49400,49343,49377,49331,49339,49345,49415,49503,49494,49431
1584,49400,49343,49377,49331,49339,49345,49415,49503,49494,49431
1585,49400,49343,49377,49331,49339,49345,49415,49503,49494,49431
1586,49400,49343,49377,49331,49339,49345,49415,49503,49494,49431
1587,49400,49343,49377,49331,49339,49345,49415,49503,49494,49431
1588,49400,49343,49377,49331,49339,49345,49415,49503,49494,49431
1589,49400,49343,49377,49331,49339,49345,49415,49503,49494,49431
1590,49400,49343,49377,49331,49339,49345,49415,49503,49494,49431
1591,49400,49343,49377,49331,49339,49345,49415,49503,49494,49431
1592,49400,49343,49377,49331,49339,49345,49415,49503,49494,49431
1593,49400,49343,49377,49331,49339,49345,49415,49503,49494,49431
1594,49400,49343,49377,49331,49339,49345,49415,49503,49494,49431
1595,49400,49343,49377,49331,49339,49345,49415,49503,49494,49431
1596,49400,49343,49377,49331,49339,49345,49415,49503,49494,49431
1597,49400,49343,49377,49331,49339,49345,49415,49503,49494,49431
1598,49400,49343,49377,49332,49339,49345,49415,49503,49494,49431
1599,49400,49343,49377,49332,49339,49345,49415,49503,49494,49431
1600,49400,49343,49377,49332,49339,49345,49415,49503,49494,49431
1601,49400,49343,49377,49332,49339,49345,49415,49503,49494,49431
1602,49400,49343,49377,49332,49339,49345,49415,49503,49494,49431
1603,49400,49343,49377,49332,49339,49345,49415,49503,49494,49431
1604,49400,49343,49377,49332,49339,49345,49415,49503,49494,49431
1605,49400,49343,49377,49332,49339,49345,49415,49514,49494,49431
1606,49400,49343,49377,49332,49339,49345,49415,49514,49494,49431
1607,49400,49343,49377,49332,49339,49345,49415,49514,49494,49431
1608,49400,49343,49377,49332,49339,49345,49415,49514,49494,49431
1609,49400,49343,49377,49332,49339,49345,49415,49514,49494,49431
1610,49400,49343,49377,49332,49339,49345,49415,49514,49494,49431
1611,49400,49343,49377,49332,49339,49345,49415,49514,49494,49431
1612,49400,49343,49377,49332,49339,49345,49415,49514,49494,49431
1613,49400,49343,49377,49332,49339,49345,49415,49514,49494,49431
1614,49400,49343,49377,49332,49339,49345,49415,49514,49494,49431
1615,49400,49343,49377,49332,49339,49345,49415,49514,49494,49431
1616,49400,49343,49377,49332,49339,49345,49415,49514,49494,49431
1617,49400,49343,49377,49332,49339,49345,49415,49514,49494,49431
1618,49400,49344,49377,49332,49339,49345,49415,49514,49494,49431
1619,49400,49344,49377,49332,49339,49345,49415,49514,49494,49431
1620,49400,49344,49377,49332,49339,49345,49415,49514,49494,49431
1621,49400,49344,49377,49332,49339,49345,49415,49514,49494,49431
1622,49400,49344,49377,49332,49339,49345,49415,49514,49494,49444
1623,49400,49344,49377,49332,49339,49345,49415,49514,49494,49444
1624,49400,49344,49377,49332,49339,49345,49438,49514,49494,49444
1625,49400,49344,49377,49332,49339,49345,49438,49514,49494,49444
1626,49400,49344,49377,49332,49339,49345,49438,49514,49494,49444
1627,49400,49344,49377,49332,49339,49345,49438,49514,49494,49444
1628,49400,49344,49377,49332,49339,49345,49438,49514,49494,49444
1629,49400,49344,49377,49332,49339,49345,49438,49514,49494,49444
1630,49400,49344,49377,49332,49339,49345,49438,49514,49494,49444
1631,49400,49344,49377,49332,49339,49345,49438,49514,49494,49444
1632,49400,49344,49377,49332,49339,49345,49438,49514,49494,49444
1633,49400,49344,49377,49332,49339,49345,49438,49514,49494,49444
1634,49400,49344,49377,49332,49339,49345,49438,49514,49494,49444
1635,49400,49344,49377,49332,49339,49345,49438,49514,49494,49444
1636,49400,49344,49377,49332,49339,49345,49438,49514,49494,49444
1637,49400,49344,49377,49332,49339,49345,49438,49514,49494,49444
1638,49400,49344,49377,49332,49339,49345,49438,49514,49494,49444
1639,49400,49344,49377,49332,49339,49345,49438,49514,49494,49444
1640,49400,49344,49377,49332,49339,49345,49438,49514,49494,49444
1641,49400,49350,49377,49332,49339,49345,49438,49514,49494,49444
1642,49400,49350,49377,49332,49339,49345,49438,49514,49494,49444
1643,49400,49350,49377,49332,49339,49345,49438,49514,49494,49444
1644,49400,49350,49377,49332,49339,49345,49438,49514,49494,49444
1645,49400,49350,49377,49332,49339,49345,49438,49514,49494,49444
1646,49400,49351,49377,49332,49339,49345,49438,49514,49494,49444
1647,49400,49351,49377,49332,49339,49345,49438,49514,49494,49444
1648,49400,49351,49377,49332,49339,49345,49438,49514,49511,49444
1649,49400,49351,49377,49332,49339,49345,49438,49514,49511,49444
1650,49400,49351,49377,49361,49339,49345,49438,49514,49511,49444
1651,49400,49351,49377,49361,49339,49345,49438,49514,49511,49444
1652,49400,49351,49377,49361,49339,49345,49438,49514,49511,49444
1653,49400,49351,49377,49361,49339,49345,49438,49514,49511,49444
1654,49400,49351,49377,49361,49339,49345,49438,49514,49511,49444
1655,49400,49351,49377,49361,49339,49345,49438,49514,49511,49444
1656,49400,49351,49377,49361,49339,49345,49438,49514,49511,49444
1657,49400,49351,49377,49361,49339,49345,49438,49514,49511,49444
1658,49400,49351,49377,49361,49339,49345,49438,49514,49511,49444
1659,49400,49351,49377,49361,49339,49345,49438,49514,49511,49444
1660,49400,49351,49377,49361,49339,49345,49438,49514,49511,49444
1661,49400,49351,49377,49361,49339,49345,49438,49514,49511,49444
1662,49400,49351,49377,49361,49339,49345,49438,49514,49511,49444
1663,49400,49351,49377,49361,49339,49345,49438,49514,49511,49444
1664,49400,49351,49377,49361,49339,49345,49438,49514,49511,49444
1665,49400,49351,49377,49361,49339,49345,49438,49514,49511,49444
1666,49400,49351,49377,49361,49339,49345,49438,49514,49511,49444
1667,49400,49351,49377,49361,49339,49345,49438,49514,49511,49444
1668,49400,49351,49377,49361,49339,49345,49438,49514,49511,49444
1669,49400,49351,49377,49361,49339,49345,49438,49514,49511,49444
1670,49400,49351,49377,49361,49339,49345,49438,49514,49511,49444
1671,49400,49351,49377,49361,49339,49345,49438,49514,49511,49444
1672,49400,49351,49377,49361,49339,49345,49438,49514,49511,49444
1673,49400,49351,49377,49361,49339,49345,49438,49514,49511,49444
1674,49400,49351,49377,49361,49339,49345,49438,49514,49511,49444
1675,49400,49351,49390,49361,49339,49345,49438,49514,49511,49444
1676,49400,49351,49390,49361,49339,49345,49438,49514,49511,49444
1677,49400,49351,49390,49361,49339,49345,49438,49514,49511,49444
1678,49400,49351,49390,49361,49339,49345,49438,49514,49511,49444
1679,49400,49351,49390,49361,49339,49345,49438,49514,49511,49444
1680,49400,49351,49390,49361,49339,49345,49438,49514,49511,49444
1681,49400,49351,49390,49361,49339,49345,49438,49514,49511,49444
1682,49400,49351,49390,49361,49339,49345,49438,49514,49511,49444
1683,49400,49351,49390,49361,49339,49345,49438,49514,49511,49444
1684,49400,49351,49390,49361,49339,49345,49438,49514,49511,49444
1685,49400,49351,49390,49361,49339,49345,49438,49514,49511,49444
1686,49400,49351,49390,49361,49339,49345,49438,49514,49511,49444
1687,49400,49351,49390,49361,49339,49345,49438,49514,49511,49444
1688,49400,49351,49390,49361,49339,49345,49438,49514,49511,49444
1689,49400,49351,49390,49361,49339,49345,49438,49514,49511,49444
1690,49400,49351,49390,49361,49339,49345,49438,49514,49511,49444
1691,49400,49351,49390,49361,49339,49345,49438,49514,49511,49444
1692,49400,49351,49390,49361,49339,49345,49438,49514,49511,49444
1693,49400,49351,49390,49361,49339,49345,49438,49514,49511,49444
1694,49400,49351,49390,49361,49339,49345,49438,49514,49511,49444
1695,49400,49351,49390,49361,49339,49345,49438,49514,49511,49444
1696,49400,49351,49390,49361,49339,49345,49438,49514,49511,49444
1697,49400,49351,49390,49361,49339,49345,49438,49514,49511,49444
1698,49400,49351,49390,49361,49339,49345,49438,49514,49511,49444
1699,49400,49351,49390,49361,49339,49345,49438,49514,49511,49444
1700,49400,49351,49390,49361,49339,49345,49438,49514,49511,49444
1701,49400,49351,49390,49361,49339,49345,49438,49514,49511,49444
1702,49400,49351,49390,49361,49339,49345,49438,49514,49511,49444
1703,49400,49351,49390,49361,49339,49345,49438,49514,49511,49444
1704,49400,49351,49390,49361,49339,49345,49438,49514,49511,49444
1705,49400,49351,49390,49361,49339,49345,49438,49514,49511,49444
1706,49400,49351,49390,49361,49339,49345,49438,49514,49511,49444
1707,49400,49351,49390,49361,49339,49345,49438,49514,49511,49444
1708,49400,49351,49390,49361,49339,49345,49438,49514,49511,49444
1709,49400,49351,49390,49361,49339,49345,49438,49514,49511,49444
1710,49400,49351,49390,49361,49339,49345,49438,49514,49511,49444
1711,49400,49351,49390,49361,49339,49345,49438,49514,49511,49444
1712,49400,49351,49390,49361,49339,49345,49438,49514,49511,49444
1713,49400,49351,49390,49361,49339,49345,49438,49514,49511,49444
1714,49400,49351,49390,49361,49339,49345,49438,49514,49511,49444
1715,49400,49351,49390,49361,49339,49345,49438,49514,49511,49444
1716,49400,49351,49390,49361,49339,49345,49438,49514,49511,49444
1717,49400,49351,49390,49361,49339,49345,49438,49514,49511,49444
1718,49400,49351,49390,49361,49339,49345,49438,49514,49511,49444
1719,49400,49351,49390,49361,49339,49345,49438,49514,49511,49444
1720,49400,49351,49390,49361,49339,49345,49438,49514,49511,49444
1721,49400,49351,49390,49361,49339,49345,49438,49514,49511,49444
1722,49400,49351,49390,49361,49339,49345,49438,49514,49511,49444
1723,49400,49351,49390,49361,49339,49345,49438,49514,49511,49444
1724,49400,49351,49390,49361,49339,49345,49438,49514,49511,49444
1725,49400,49351,49390,49361,49339,49345,49438,49514,49511,49444
1726,49400,49351,49390,49361,49340,49345,49438,49514,49511,49444
1727,49400,49351,49390,49361,49340,49345,49438,49514,49511,49444
1728,49400,49351,49390,49361,49340,49345,49438,49514,49511,49444
1729,49400,49351,49390,49361,49340,49345,49438,49514,49511,49444
1730,49400,49351,49390,49361,49340,49345,49438,49514,49511,49444
1731,49400,49351,49390,49361,49340,49345,49438,49514,49511,49444
1732,49400,49351,49390,49361,49356,49345,49438,49514,49511,49444
1733,49400,49351,49390,49361,49356,49345,49438,49514,49511,49444
1734,49400,49351,49390,49361,49356,49345,49438,49514,49511,49444
1735,49400,49351,49390,49361,49356,49345,49438,49514,49511,49444
1736,49400,49351,49390,49361,49356,49345,49438,49514,49511,49444
1737,49400,49351,49390,49361,49356,49345,49438,49514,49511,49444
1738,49400,49351,49390,49361,49356,49345,49438,49514,49511,49444
1739,49400,49351,49390,49361,49356,49345,49438,49514,49511,49444
1740,49400,49351,49390,49361,49356,49345,49438,49514,49511,49444
1741,49400,49351,49390,49361,49356,49345,49438,49514,49511,49444
1742,49400,49351,49390,49361,49356,49345,49438,49514,49511,49444
1743,49400,49351,49390,49361,49356,49345,49438,49514,49511,49444
1744,49400,49351,49390,49361,49356,49345,49438,49514,49511,49444
1745,49400,49351,49390,49361,49356,49345,49438,49514,49511,49444
1746,49400,49351,49390,49361,49356,49345,49438,49514,49511,49444
1747,49400,49351,49390,49361,49356,49345,49438,49514,49511,49444
1748,49400,49351,49390,49361,49356,49345,49438,49514,49511,49444
1749,49400,49351,49390,49361,49356,49345,49438,49514,49511,49444
1750,49400,49351,49390,49361,49356,49345,49438,49514,49511,49444
1751,49400,49351,49390,49361,49356,49345,49438,49514,49511,49444
1752,49400,49351,49390,49361,49356,49345,49438,49514,49511,49444
1753,49400,49351,49390,49361,49356,49345,49438,49514,49511,49444
1754,49400,49351,49390,49361,49356,49345,49438,49514,49511,49444
1755,49400,49351,49390,49361,49356,49345,49438,49514,49511,49444
1756,49400,49351,49390,49361,49356,49345,49438,49514,49511,49444
1757,49400,49351,49390,49361,49356,49345,49438,49514,49511,49444
1758,49400,49351,49390,49361,49356,49345,49438,49514,49511,49444
1759,49400,49351,49390,49361,49356,49345,49438,49514,49511,49444
1760,49400,49351,49390,49361,49356,49345,49438,49514,49511,49444
1761,49400,49351,49390,49361,49356,49345,49438,49514,49511,49444
1762,49400,49351,49390,49361,49356,49345,49438,49514,49511,49444
1763,49400,49351,49390,49361,49356,49345,49438,49514,49511,49444
1764,49400,49351,49390,49361,49356,49345,49438,49514,49511,49444
1765,49400,49351,49390,49361,49356,49345,49438,49514,49511,49444
1766,49400,49351,49390,49361,49356,49359,49438,49514,49511,49444
1767,49400,49351,49390,49361,49356,49359,49438,49514,49511,49444
1768,49400,49351,49390,49361,49356,49359,49438,49514,49511,49444
1769,49400,49351,49390,49361,49356,49359,49438,49514,49511,49444
1770,49400,49351,49390,49361,49356,49359,49438,49514,49511,49444
1771,49400,49351,49390,49361,49372,49359,49438,49514,49511,49444
1772,49400,49351,49390,49361,49372,49359,49438,49514,49511,49444
1773,49400,49351,49390,49361,49372,49359,49438,49514,49511,49444
1774,49400,49351,49390,49361,49372,49359,49438,49514,49511,49444
1775,49400,49351,49390,49361,49372,49359,49438,49514,49511,49444
1776,49400,49351,49390,49361,49372,49359,49438,49514,49511,49444
1777,49400,49351,49390,49361,49372,49359,49438,49514,49511,49444
1778,49400,49351,49390,49361,49372,49359,49438,49514,49511,49444
1779,49400,49351,49390,49361,49372,49359,49438,49514,49511,49444
1780,49400,49351,49390,49361,49372,49359,49438,49514,49511,49444
1781,49400,49351,49390,49361,49372,49359,49438,49514,49511,49444
1782,49400,49351,49390,49361,49372,49359,49438,49514,49511,49444
1783,49400,49351,49390,49361,49372,49359,49438,49514,49511,49444
1784,49400,49351,49390,49361,49372,49359,49438,49514,49511,49444
1785,49400,49351,49390,49361,49372,49359,49438,49514,49511,49444
1786,49400,49351,49390,49361,49372,49359,49438,49514,49511,49444
1787,49400,49351,49390,49361,49372,49359,49438,49514,49511,49444
1788,49400,49351,49390,49361,49372,49359,49438,49514,49511,49444
1789,49400,49351,49390,49361,49372,49359,49438,49514,49511,49444
1790,49400,49351,49390,49361,49372,49359,49438,49514,49511,49444
1791,49400,49351,49390,49361,49372,49359,49438,49514,49511,49444
1792,49400,49351,49390,49361,49372,49359,49438,49514,49511,49444
1793,49400,49351,49390,49361,49372,49359,49438,49514,49511,49444
1794,49400,49351,49390,49361,49372,49359,49438,49514,49511,49444
1795,49400,49351,49390,49361,49372,49359,49438,49514,49511,49444
1796,49400,49351,49390,49361,49372,49359,49438,49514,49511,49444
1797,49400,49351,49390,49361,49372,49359,49438,49514,49511,49444
1798,49400,49351,49390,49361,49372,49367,49438,49514,49511,49444
1799,49400,49351,49390,49361,49372,49367,49438,49514,49511,49444
1800,49400,49351,49390,49361,49372,49367,49438,49514,49511,49451
1801,49400,49351,49390,49361,49372,49367,49438,49514,49511,49451
1802,49400,49351,49390,49361,49372,49372,49438,49514,49511,49451
1803,49400,49351,49390,49361,49372,49372,49438,49514,49511,49451
1804,49400,49351,49390,49361,49372,49372,49438,49514,49511,49451
1805,49400,49351,49390,49361,49372,49372,49438,49514,49511,49451
1806,49400,49351,49390,49361,49372,49372,49438,49514,49511,49451
1807,49400,49351,49390,49361,49372,49372,49438,49514,49511,49451
1808,49400,49351,49390,49361,49372,49372,49438,49514,49511,49451
1809,49400,49351,49390,49361,49372,49372,49438,49514,49511,49451
1810,49400,49351,49390,49361,49372,49372,49438,49514,49511,49451
1811,49400,49351,49390,49361,49372,49372,49438,49514,49511,49451
1812,49400,49351,49390,49361,49372,49372,49438,49514,49511,49451
1813,49400,49351,49390,49361,49372,49372,49438,49514,49511,49451
1814,49400,49351,49390,49361,49372,49372,49438,49514,49511,49451
1815,49400,49351,49390,49361,49372,49372,49438,49514,49511,49451
1816,49400,49351,49390,49361,49372,49372,49438,49514,49511,49451
1817,49400,49351,49390,49361,49372,49372,49438,49514,49511,49451
1818,49400,49351,49390,49361,49372,49372,49438,49514,49511,49451
1819,49400,49351,49390,49361,49372,49372,49438,49514,49511,49451
1820,49400,49351,49390,49361,49372,49372,49438,49514,49511,49451
1821,49400,49351,49390,49361,49372,49372,49438,49514,49511,49451
1822,49400,49351,49390,49361,49372,49372,49438,49514,49511,49451
1823,49400,49351,49390,49361,49372,49372,49438,49514,49511,49451
1824,49400,49351,49390,49361,49372,49372,49438,49514,49511,49451
1825,49400,49351,49390,49361,49372,49372,49438,49514,49511,49451
1826,49400,49351,49390,49361,49372,49372,49438,49514,49511,49451
1827,49400,49351,49390,49361,49372,49372,49438,49514,49511,49451
1828,49400,49351,49390,49361,49372,49372,49438,49514,49511,49451
1829,49400,49351,49390,49361,49372,49372,49438,49514,49511,49451
1830,49400,49351,49390,49361,49372,49372,49438,49514,49511,49451
1831,49400,49351,49390,49361,49372,49372,49438,49514,49511,49451
1832,49400,49351,49390,49361,49372,49372,49438,49514,49511,49451
1833,49400,49351,49390,49361,49372,49372,49438,49514,49511,49455
1834,49400,49351,49390,49361,49372,49372,49438,49514,49511,49455
1835,49400,49351,49390,49361,49372,49372,49438,49514,49511,49455
1836,49400,49351,49390,49361,49372,49372,49438,49514,49511,49455
1837,49400,49351,49390,49361,49372,49372,49438,49514,49511,49455
1838,49400,49351,49390,49361,49372,49372,49438,49514,49511,49455
1839,49400,49351,49390,49361,49372,49372,49438,49514,49511,49455
1840,49400,49351,49390,49361,49372,49372,49438,49514,49511,49455
1841,49400,49351,49390,49361,49372,49372,49438,49514,49511,49455
1842,49400,49351,49390,49361,49372,49372,49438,49514,49511,49455
1843,49400,49351,49390,49361,49372,49372,49438,49514,49511,49455
1844,49400,49351,49390,49361,49372,49372,49438,49514,49511,49455
1845,49400,49351,49390,49361,49372,49372,49438,49514,49511,49455
1846,49400,49351,49390,49361,49372,49372,49438,49514,49511,49455
1847,49400,49351,49390,49361,49372,49372,49438,49514,49511,49455
1848,49400,49351,49390,49361,49372,49372,49438,49514,49511,49455
1849,49400,49351,49390,49361,49372,49372,49438,49514,49511,49455
1850,49400,49351,49390,49361,49372,49372,49438,49514,49511,49455
1851,49400,49351,49390,49361,49372,49372,49438,49514,49511,49455
1852,49400,49351,49390,49361,49372,49372,49438,49514,49511,49455
1853,49400,49351,49390,49361,49372,49372,49438,49514,49511,49455
1854,49400,49351,49390,49361,49372,49372,49438,49514,49511,49455
1855,49400,49351,49390,49361,49372,49372,49438,49514,49511,49455
1856,49400,49351,49390,49361,49372,49372,49438,49514,49511,49455
1857,49400,49351,49390,49361,49372,49372,49438,49514,49511,49455
1858,49400,49351,49390,49361,49372,49372,49438,49514,49511,49455
1859,49400,49351,49390,49361,49372,49372,49438,49514,49511,49455
1860,49400,49351,49390,49361,49372,49372,49438,49514,49511,49455
1861,49400,49351,49390,49361,49372,49372,49438,49514,49511,49455
1862,49400,49351,49390,49361,49372,49372,49438,49514,49511,49455
1863,49400,49351,49390,49361,49372,49372,49438,49514,49511,49455
1864,49400,49351,49390,49361,49372,49372,49438,49514,49511,49455
1865,49400,49351,49390,49361,49372,49372,49438,49514,49511,49455
1866,49400,49351,49390,49361,49372,49372,49438,49514,49511,49455
1867,49400,49351,49390,49361,49372,49372,49438,49514,49511,49455
1868,49400,49351,49390,49361,49372,49372,49438,49514,49511,49455
1869,49400,49351,49390,49361,49372,49372,49438,49514,49511,49455
1870,49400,49351,49390,49361,49372,49372,49438,49514,49511,49455
1871,49400,49351,49390,49361,49372,49372,49438,49514,49511,49455
1872,49400,49351,49390,49361,49372,49372,49438,49514,49511,49455
1873,49400,49351,49390,49361,49372,49372,49438,49514,49511,49455
1874,49400,49351,49390,49361,49372,49372,49438,49514,49511,49455
1875,49400,49351,49390,49361,49372,49372,49438,49514,49511,49455
1876,49400,49351,49390,49361,49372,49372,49438,49514,49511,49455
1877,49400,49351,49390,49361,49372,49372,49438,49514,49511,49455
1878,49400,49351,49390,49361,49372,49372,49438,49514,49511,49455
1879,49400,49351,49390,49361,49372,49372,49438,49514,49511,49455
1880,49400,49351,49390,49361,49372,49372,49438,49514,49511,49455
1881,49400,49351,49390,49361,49372,49372,49438,49514,49511,49455
1882,49400,49351,49390,49361,49372,49381,49438,49514,49511,49455
1883,49400,49351,49390,49361,49372,49381,49438,49514,49511,49455
1884,49400,49351,49390,49361,49372,49381,49438,49514,49511,49455
1885,49400,49351,49390,49361,49372,49381,49438,49514,49511,49455
1886,49400,49351,49390,49361,49372,49381,49438,49514,49511,49455
1887,49400,49351,49390,49361,49372,49381,49438,49514,49511,49455
1888,49400,49351,49390,49361,49372,49381,49438,49514,49511,49455
1889,49400,49351,49390,49361,49372,49381,49438,49514,49511,49455
1890,49400,49351,49390,49361,49372,49382,49438,49514,49511,49455
1891,49400,49351,49390,49361,49372,49382,49438,49514,49511,49455
1892,49400,49351,49390,49361,49372,49382,49438,49514,49511,49455
1893,49400,49351,49390,49361,49372,49382,49438,49514,49511,49455
1894,49400,49351,49390,49361,49372,49382,49438,49514,49511,49455
1895,49400,49351,49390,49361,49372,49382,49438,49514,49511,49455
1896,49400,49351,49390,49361,49372,49382,49438,49514,49511,49455
1897,49400,49351,49390,49361,49372,49382,49438,49514,49511,49455
1898,49400,49351,49390,49361,49372,49382,49438,49514,49511,49455
1899,49400,49351,49390,49361,49372,49382,49438,49514,49511,49455
1900,49400,49351,49390,49361,49372,49382,49438,49514,49511,49455
1901,49400,49351,49390,49361,49372,49382,49438,49514,49511,49455
1902,49400,49351,49390,49361,49372,49382,49438,49514,49511,49455
1903,49400,49351,49390,49361,49372,49382,49438,49514,49511,49455
1904,49400,49351,49390,49361,49372,49398,49438,49514,49511,49455
1905,49400,49351,49390,49361,49372,49398,49438,49514,49511,49455
1906,49400,49351,49390,49361,49372,49398,49438,49514,49511,49455
1907,49400,49351,49390,49361,49372,49398,49438,49514,49511,49455
1908,49400,49351,49390,49361,49372,49398,49438,49514,49511,49455
1909,49400,49351,49390,49361,49372,49398,49438,49514,49511,49455
1910,49400,49351,49390,49361,49372,49398,49438,49514,49511,49455
1911,49400,49351,49390,49361,49372,49398,49438,49514,49511,49455
1912,49400,49351,49390,49361,49372,49398,49438,49514,49511,49455
1913,49400,49351,49390,49361,49372,49398,49438,49514,49511,49455
1914,49400,49351,49390,49361,49372,49398,49438,49514,49511,49455
1915,49400,49351,49390,49361,49372,49398,49438,49514,49511,49455
1916,49400,49351,49390,49361,49372,49398,49438,49514,49511,49455
1917,49400,49351,49390,49361,49372,49398,49438,49514,49511,49455
1918,49400,49351,49390,49361,49372,49398,49438,49514,49511,49455
1919,49400,49351,49390,49361,49372,49398,49438,49514,49511,49455
1920,49400,49351,49390,49361,49372,49398,49438,49514,49511,49455
1921,49400,49351,49390,49361,49372,49398,49438,49514,49511,49455
1922,49400,49351,49390,49361,49372,49398,49438,49514,49511,49455
1923,49400,49351,49390,49361,49372,49398,49438,49514,49511,49455
1924,49400,49351,49390,49361,49372,49398,49438,49514,49511,49455
1925,49400,49351,49390,49361,49372,49398,49438,49514,49511,49455
1926,49400,49351,49390,49361,49372,49398,49438,49514,49511,49455
1927,49400,49351,49390,49361,49372,49398,49438,49514,49511,49455
1928,49400,49351,49390,49361,49372,49398,49438,49514,49511,49455
1929,49400,49351,49390,49361,49372,49398,49438,49514,49511,49455
1930,49400,49351,49390,49361,49372,49398,49438,49514,49511,49455
1931,49400,49351,49390,49361,49372,49398,49438,49514,49511,49455
1932,49400,49351,49390,49361,49372,49398,49438,49514,49511,49455
1933,49400,49351,49390,49361,49372,49398,49438,49514,49511,49455
1934,49400,49351,49390,49361,49372,49398,49438,49514,49511,49455
1935,49400,49351,49390,49361,49372,49398,49438,49514,49511,49455
1936,49400,49351,49390,49361,49372,49398,49438,49514,49511,49455
1937,49400,49351,49390,49361,49372,49398,49438,49514,49511,49455
1938,49400,49351,49390,49361,49372,49398,49438,49523,49511,49455
1939,49400,49351,49390,49361,49372,49398,49438,49523,49511,49455
1940,49400,49351,49390,49361,49372,49398,49438,49523,49511,49455
1941,49400,49351,49390,49361,49372,49398,49438,49523,49511,49455
1942,49400,49351,49390,49361,49372,49398,49438,49523,49511,49455
1943,49400,49351,49390,49361,49372,49398,49438,49523,49511,49455
1944,49400,49351,49390,49361,49372,49398,49438,49532,49511,49455
1945,49400,49351,49390,49361,49372,49398,49438,49532,49511,49455
1946,49400,49351,49390,49361,49372,49398,49438,49532,49511,49455
1947,49400,49351,49390,49361,49372,49398,49438,49532,49511,49455
1948,49400,49351,49390,49361,49372,49398,49438,49532,49511,49455
1949,49400,49351,49390,49361,49372,49398,49438,49532,49511,49455
1950,49400,49351,49390,49361,49372,49398,49438,49532,49511,49455
1951,49400,49351,49390,49361,49372,49398,49438,49532,49511,49455
1952,49400,49351,49390,49361,49372,49398,49438,49532,49511,49455
1953,49400,49351,49390,49361,49372,49398,49438,49532,49511,49455
1954,49400,49351,49390,49361,49372,49398,49438,49532,49511,49455
1955,49400,49351,49390,49361,49372,49398,49438,49532,49511,49455
1956,49400,49351,49390,49361,49372,49398,49438,49532,49511,49455
1957,49400,49351,49390,49361,49372,49398,49438,49532,49511,49455
1958,49400,49351,49390,49361,49372,49398,49438,49532,49511,49455
1959,49400,49351,49390,49361,49372,49398,49438,49532,49511,49455
1960,49400,49351,49390,49361,49372,49398,49438,49532,49511,49455
1961,49400,49351,49390,49361,49372,49398,49438,49532,49511,49455
1962,49400,49351,49390,49361,49372,49398,49438,49532,49511,49455
1963,49400,49351,49390,49361,49372,49398,49438,49532,49511,49455
1964,49400,49351,49390,49361,49372,49398,49438,49532,49511,49455
1965,49400,49351,49390,49361,49372,49399,49438,49532,49511,49455
1966,49400,49351,49390,49361,49372,49399,49438,49532,49511,49455
1967,49400,49351,49390,49361,49372,49399,49438,49532,49511,49455
1968,49400,49351,49390,49361,49372,49399,49438,49532,49511,49455
1969,49400,49351,49390,49361,49372,49399,49438,49532,49511,49455
1970,49400,49351,49390,49361,49372,49399,49438,49532,49511,49455
1971,49400,49351,49390,49361,49372,49399,49438,49532,49511,49455
1972,49400,49351,49390,49361,49372,49399,49438,49532,49511,49455
1973,49400,49351,49390,49361,49372,49399,49438,49532,49511,49455
1974,49400,49351,49390,49363,49372,49399,49438,49532,49511,49455
1975,49400,49351,49390,49363,49372,49399,49438,49532,49511,49455
1976,49400,49351,49390,49363,49372,49399,49438,49532,49511,49455
1977,49400,49351,49390,49363,49372,49399,49438,49532,49511,49455
1978,49400,49351,49390,49363,49372,49399,49438,49532,49511,49455
1979,49400,49351,49390,49363,49372,49399,49438,49532,49511,49455
1980,49400,49351,49390,49363,49372,49399,49438,49532,49511,49455
1981,49400,49351,49390,49363,49372,49412,49438,49532,49511,49470
1982,49400,49351,49390,49363,49372,49412,49438,49532,49511,49470
1983,49400,49351,49390,49363,49372,49412,49438,49532,49511,49470
1984,49400,49351,49390,49363,49372,49412,49438,49532,49511,49470
1985,49400,49351,49390,49363,49372,49412,49438,49532,49511,49470
1986,49400,49351,49390,49363,49372,49412,49438,49532,49511,49470
1987,49400,49351,49390,49363,49372,49412,49438,49532,49511,49470
1988,49400,49351,49390,49363,49372,49412,49438,49532,49511,49470
1989,49400,49351,49390,49363,49372,49412,49438,49532,49511,49470
1990,49400,49351,49390,49363,49372,49412,49438,49532,49521,49470
1991,49400,49351,49390,49363,49372,49412,49438,49532,49521,49470
1992,49400,49351,49390,49363,49372,49412,49438,49532,49521,49470
1993,49400,49360,49390,49363,49372,49412,49438,49532,49521,49470
1994,49400,49360,49390,49363,49372,49412,49438,49532,49521,49470
1995,49400,49360,49390,49363,49372,49412,49438,49532,49521,49470
1996,49400,49360,49390,49363,49372,49412,49438,49532,49521,49470
1997,49400,49360,49390,49363,49372,49412,49438,49532,49521,49470
1998,49400,49360,49390,49363,49372,49412,49438,49532,49521,49470
1999,49400,49360,49390,49363,49372,49412,49438,49532,49521,49470
2000,49400,49360,49390,49363,49372,49412,49438,49532,49521,49470
2001,49400,49360,49390,49363,49372,49412,49438,49532,49521,49470
2002,49400,49360,49390,49363,49372,49412,49438,49532,49521,49470
2003,49400,49360,49390,49363,49372,49412,49438,49532,49521,49470
2004,49400,49360,49390,49363,49372,49412,49438,49532,49521,49470
2005,49400,49360,49390,49363,49372,49412,49438,49532,49521,49470
2006,49400,49360,49390,49363,49372,49412,49438,49532,49521,49470
2007,49400,49360,49390,49363,49372,49412,49438,49532,49552,49470
2008,49400,49360,49390,49363,49372,49412,49438,49532,49552,49470
2009,49400,49360,49390,49363,49372,49412,49438,49532,49552,49470
2010,49400,49360,49390,49363,49372,49412,49438,49532,49552,49470
2011,49400,49360,49390,49363,49372,49412,49438,49532,49552,49470
2012,49400,49360,49390,49363,49372,49412,49438,49532,49552,49470
2013,49400,49360,49390,49363,49372,49412,49438,49532,49552,49470
2014,49400,49360,49390,49363,49372,49412,49438,49532,49552,49470
2015,49400,49360,49390,49363,49372,49412,49438,49532,49552,49470
2016,49400,49360,49390,49363,49372,49412,49438,49532,49552,49470
2017,49400,49360,49390,49363,49372,49412,49438,49532,49552,49470
2018,49400,49360,49390,49363,49372,49412,49438,49532,49552,49470
2019,49400,49360,49390,49363,49372,49412,49438,49532,49552,49470
2020,49400,49360,49390,49363,49372,49412,49438,49532,49552,49470
2021,49400,49360,49390,49363,49372,49412,49438,49532,49552,49470
2022,49400,49360,49390,49363,49372,49412,49438,49532,49552,49470
2023,49400,49360,49390,49363,49372,49412,49438,49532,49552,49470
2024,49400,49360,49390,49363,49372,49412,49438,49532,49552,49470
2025,49400,49360,49390,49363,49372,49412,49438,49532,49552,49470
2026,49400,49360,49390,49363,49372,49412,49438,49532,49552,49470
2027,49400,49360,49390,49363,49372,49412,49438,49532,49552,49470
2028,49400,49360,49390,49363,49372,49412,49438,49532,49552,49470
2029,49400,49360,49390,49363,49372,49412,49438,49532,49552,49470
2030,49400,49360,49390,49363,49372,49412,49438,49532,49552,49470
2031,49400,49360,49390,49363,49372,49412,49438,49532,49552,49470
2032,49400,49360,49390,49363,49372,49412,49438,49532,49552,49470
2033,49400,49360,49390,49363,49372,49412,49438,49532,49552,49470
2034,49400,49360,49390,49363,49372,49412,49438,49532,49552,49470
2035,49400,49360,49390,49363,49372,49412,49438,49532,49552,49470
2036,49400,49360,49390,49363,49372,49412,49438,49532,49552,49470
2037,49400,49360,49390,49363,49372,49412,49438,49532,49552,49470
2038,49400,49371,49390,49363,49372,49412,49438,49532,49552,49470
2039,49400,49371,49390,49363,49372,49412,49438,49532,49552,49470
2040,49400,49371,49390,49363,49372,49412,49438,49532,49552,49470
2041,49400,49371,49390,49363,49372,49412,49438,49532,49552,49470
2042,49400,49371,49390,49363,49372,49412,49438,49532,49552,49470
2043,49400,49371,49390,49363,49372,49412,49438,49532,49552,49470
2044,49400,49371,49390,49363,49372,49412,49438,49532,49552,49470
2045,49400,49371,49390,49363,49372,49412,49438,49532,49552,49470
2046,49400,49371,49390,49363,49372,49412,49438,49532,49552,49470
2047,49400,49371,49390,49363,49372,49412,49438,49532,49552,49470
2048,49400,49371,49390,49363,49372,49412,49438,49532,49552,49470
2049,49400,49371,49390,49363,49372,49412,49438,49532,49552,49470
2050,49400,49371,49390,49363,49372,49412,49438,49532,49552,49470
2051,49400,49371,49390,49363,49372,49412,49438,49532,49552,49470
2052,49400,49371,49390,49363,49372,49412,49438,49532,49552,49470
2053,49400,49371,49390,49363,49372,49412,49438,49532,49552,49470
2054,49400,49371,49390,49363,49372,49412,49438,49532,49552,49470
2055,49400,49371,49390,49363,49372,49412,49438,49532,49552,49470
2056,49400,49371,49390,49363,49372,49412,49438,49532,49552,49470
2057,49400,49371,49390,49363,49372,49412,49438,49532,49552,49470
2058,49400,49371,49390,49363,49372,49412,49438,49532,49552,49470
2059,49400,49371,49390,49363,49372,49415,49438,49532,49552,49470
2060,49400,49371,49390,49363,49372,49415,49438,49532,49555,49470
2061,49400,49371,49390,49363,49372,49415,49438,49532,49555,49470
2062,49400,49371,49390,49363,49372,49415,49438,49532,49555,49470
2063,49400,49371,49390,49363,49372,49415,49438,49532,49555,49470
2064,49400,49371,49390,49363,49372,49415,49438,49532,49555,49470
2065,49400,49371,49390,49363,49372,49415,49438,49532,49555,49470
2066,49400,49371,49390,49363,49372,49415,49438,49532,49555,49470
2067,49400,49371,49390,49363,49372,49415,49438,49532,49555,49470
2068,49400,49371,49390,49363,49372,49415,49438,49532,49555,49470
2069,49400,49371,49390,49363,49372,49415,49438,49532,49555,49470
2070,49400,49371,49390,49363,49372,49415,49438,49532,49555,49470
2071,49400,49371,49390,49363,49372,49415,49438,49532,49555,49470
2072,49400,49371,49390,49363,49372,49415,49438,49532,49555,49470
2073,49400,49371,49390,49363,49372,49415,49438,49532,49555,49470
2074,49400,49371,49390,49363,49372,49415,49438,49532,49555,49470
2075,49400,49371,49390,49363,49372,49415,49438,49532,49555,49470
2076,49400,49371,49390,49363,49372,49415,49438,49532,49555,49470
2077,49400,49371,49395,49363,49372,49415,49438,49532,49555,49470
2078,49400,49371,49395,49363,49372,49415,49438,49532,49555,49470
2079,49400,49371,49395,49363,49372,49415,49438,49532,49555,49470
2080,49400,49371,49395,49363,49372,49415,49438,49532,49555,49470
2081,49400,49371,49395,49363,49372,49415,49438,49532,49555,49470
2082,49400,49371,49395,49363,49372,49415,49438,49532,49555,49470
2083,49400,49371,49395,49363,49372,49415,49438,49532,49555,49470
2084,49400,49371,49395,49363,49372,49415,49438,49532,49555,49470
2085,49400,49371,49395,49363,49372,49415,49438,49532,49555,49470
2086,49400,49371,49395,49363,49372,49415,49438,49532,49555,49470
2087,49400,49371,49395,49363,49372,49415,49438,49532,49555,49470
2088,49400,49371,49395,49363,49372,49415,49438,49532,49555,49470
2089,49400,49371,49395,49363,49372,49415,49438,49532,49555,49470
2090,49400,49371,49395,49363,49372,49415,49438,49532,49555,49470
2091,49400,49371,49395,49363,49372,49415,49438,49532,49555,49470
2092,49400,49371,49395,49363,49372,49415,49438,49532,49555,49470
2093,49400,49371,49395,49363,49372,49415,49438,49532,49555,49470
2094,49400,49371,49395,49363,49372,49415,49438,49532,49555,49470
2095,49400,49371,49395,49363,49372,49415,49438,49532,49555,49470
2096,49400,49371,49395,49363,49372,49415,49438,49532,49555,49470
2097,49400,49371,49395,49363,49372,49415,49438,49532,49555,49470
2098,49400,49371,49395,49363,49372,49415,49438,49532,49555,49470
2099,49400,49371,49395,49363,49372,49415,49438,49532,49555,49470
2100,49400,49371,49395,49363,49372,49415,49438,49532,49555,49470
2101,49400,49371,49395,49363,49372,49415,49438,49532,49555,49470
2102,49400,49371,49395,49363,49372,49415,49438,49532,49555,49470
2103,49400,49371,49395,49363,49372,49415,49438,49532,49555,49470
2104,49400,49371,49395,49363,49372,49415,49438,49532,49555,49470
2105,49400,49371,49395,49363,49372,49415,49438,49532,49555,49470
2106,49400,49371,49395,49363,49372,49415,49438,49532,49555,49470
2107,49400,49371,49395,49363,49372,49415,49438,49532,49555,49470
2108,49400,49371,49395,49363,49372,49415,49438,49532,49555,49470
2109,49400,49371,49395,49363,49372,49415,49438,49532,49555,49470
2110,49400,49371,49395,49363,49372,49415,49438,49532,49555,49470
2111,49400,49371,49395,49363,49372,49415,49438,49532,49555,49470
2112,49400,49371,49395,49363,49372,49415,49438,49532,49555,49470
2113,49400,49371,49395,49363,49372,49415,49438,49532,49555,49470
2114,49400,49371,49395,49363,49372,49415,49438,49532,49555,49470
2115,49400,49371,49395,49363,49372,49415,49438,49532,49555,49470
2116,49400,49371,49395,49363,49372,49415,49438,49532,49555,49470
2117,49400,49371,49395,49363,49372,49415,49438,49532,49555,49470
2118,49400,49371,49395,49363,49372,49415,49438,49532,49555,49470
2119,49400,49371,49395,49363,49372,49415,49438,49532,49555,49470
2120,49400,49371,49395,49363,49372,49415,49438,49532,49555,49470
2121,49400,49371,49395,49368,49372,49415,49438,49532,49555,49470
2122,49400,49371,49395,49368,49372,49415,49438,49532,49555,49470
2123,49400,49371,49395,49368,49372,49415,49438,49532,49555,49470
2124,49400,49371,49395,49368,49372,49415,49438,49532,49555,49470
2125,49400,49371,49395,49368,49372,49415,49438,49532,49555,49470
2126,49400,49371,49395,49368,49372,49415,49438,49532,49555,49470
2127,49400,49371,49395,49368,49372,49415,49438,49532,49555,49470
2128,49400,49371,49395,49368,49372,49415,49438,49532,49555,49470
2129,49400,49371,49395,49368,49372,49415,49438,49532,49555,49470
2130,49400,49371,49395,49368,49372,49415,49438,49532,49555,49470
2131,49400,49371,49395,49368,49372,49415,49438,49532,49555,49470
2132,49400,49371,49395,49368,49372,49415,49438,49532,49555,49470
2133,49400,49371,49395,49368,49372,49415,49438,49532,49555,49470
2134,49400,49371,49395,49368,49372,49415,49438,49532,49555,49470
2135,49400,49371,49395,49368,49372,49415,49438,49532,49555,49470
2136,49400,49371,49395,49368,49372,49415,49438,49532,49555,49470
2137,49400,49371,49395,49368,49372,49415,49438,49532,49555,49470
2138,49400,49371,49395,49368,49372,49415,49438,49532,49555,49470
2139,49400,49371,49395,49368,49372,49415,49438,49532,49555,49470
2140,49400,49371,49395,49368,49372,49415,49438,49532,49555,49470
2141,49400,49371,49395,49368,49372,49415,49438,49532,49555,49470
2142,49400,49371,49395,49368,49372,49415,49438,49532,49555,49470
2143,49400,49371,49395,49368,49372,49415,49438,49532,49555,49470
2144,49400,49371,49395,49368,49372,49415,49438,49532,49555,49470
2145,49400,49371,49395,49368,49372,49415,49438,49532,49555,49470
2146,49400,49371,49395,49368,49372,49415,49438,49532,49555,49470
2147,49400,49371,49395,49368,49372,49415,49438,49532,49555,49470
2148,49400,49371,49395,49368,49372,49415,49438,49532,49555,49470
2149,49400,49371,49395,49368,49372,49415,49438,49532,49555,49470
2150,49400,49371,49395,49368,49372,49415,49438,49532,49555,49473
2151,49400,49371,49395,49368,49372,49415,49438,49532,49555,49473
2152,49400,49371,49395,49368,49372,49415,49438,49532,49555,49473
2153,49400,49371,49395,49368,49372,49415,49438,49532,49555,49473
2154,49400,49371,49395,49368,49372,49415,49438,49532,49555,49473
2155,49400,49371,49395,49368,49372,49415,49438,49532,49555,49473
2156,49400,49371,49395,49371,49372,49415,49438,49532,49555,49473
2157,49400,49371,49395,49371,49372,49415,49438,49532,49555,49473
2158,49400,49371,49395,49371,49372,49415,49438,49532,49555,49473
2159,49400,49371,49395,49371,49372,49415,49438,49532,49555,49473
2160,49400,49371,49395,49371,49372,49415,49438,49532,49555,49473
2161,49400,49371,49395,49371,49372,49415,49438,49532,49555,49473
2162,49400,49371,49395,49371,49372,49415,49438,49532,49555,49473
2163,49400,49371,49395,49371,49372,49415,49438,49532,49555,49473
2164,49400,49373,49395,49371,49372,49415,49438,49532,49555,49473
2165,49400,49373,49395,49371,49372,49415,49438,49532,49555,49473
2166,49400,49373,49395,49371,49372,49415,49438,49532,49555,49473
2167,49400,49373,49395,49371,49372,49415,49438,49532,49555,49473
2168,49400,49373,49395,49371,49372,49415,49438,49532,49555,49473
2169,49400,49373,49395,49371,49372,49415,49438,49532,49555,49473
2170,49400,49373,49403,49371,49372,49415,49438,49532,49555,49473
2171,49400,49373,49403,49371,49372,49415,49438,49532,49555,49473
2172,49400,49373,49403,49371,49372,49415,49438,49532,49555,49473
2173,49400,49373,49403,49371,49372,49415,49438,49532,49555,49473
2174,49400,49373,49403,49371,49372,49415,49438,49532,49555,49473
2175,49400,49373,49403,49371,49372,49415,49438,49532,49555,49473
2176,49400,49373,49403,49371,49372,49415,49438,49532,49555,49473
2177,49400,49373,49403,49371,49372,49415,49438,49532,49555,49473
2178,49400,49373,49403,49371,49372,49415,49438,49532,49555,49473
2179,49400,49373,49403,49371,49372,49415,49438,49532,49555,49473
2180,49400,49373,49403,49371,49372,49415,49438,49532,49555,49473
2181,49400,49373,49403,49371,49372,49415,49438,49532,49555,49473
2182,49400,49373,49403,49371,49372,49415,49438,49532,49555,49473
2183,49400,49373,49403,49371,49372,49415,49438,49532,49555,49473
2184,49400,49373,49403,49371,49372,49415,49438,49532,49555,49473
2185,49400,49373,49403,49371,49372,49415,49438,49532,49555,49473
2186,49400,49373,49403,49371,49372,49415,49438,49532,49555,49473
2187,49400,49373,49403,49371,49372,49415,49438,49532,49555,49473
2188,49400,49373,49403,49371,49372,49415,49438,49532,49555,49473
2189,49400,49373,49403,49371,49372,49415,49438,49532,49555,49473
2190,49400,49373,49403,49371,49372,49415,49438,49532,49555,49473
2191,49400,49373,49403,49371,49372,49415,49438,49532,49555,49473
2192,49400,49373,49403,49371,49372,49415,49438,49532,49555,49473
2193,49400,49373,49403,49371,49372,49415,49438,49532,49555,49473
2194,49400,49373,49418,49371,49372,49415,49438,49532,49555,49473
2195,49400,49373,49418,49371,49372,49415,49438,49532,49555,49473
2196,49400,49373,49418,49371,49372,49415,49438,49532,49555,49473
2197,49400,49373,49418,49371,49372,49415,49438,49532,49555,49473
2198,49400,49373,49418,49371,49372,49415,49438,49532,49555,49473
2199,49400,49373,49418,49371,49372,49415,49438,49532,49555,49473
2200,49400,49373,49418,49371,49372,49415,49438,49532,49555,49473
2201,49400,49373,49418,49371,49372,49415,49438,49532,49555,49473
2202,49400,49373,49418,49371,49372,49415,49438,49532,49555,49473
2203,49400,49373,49418,49371,49372,49415,49438,49532,49555,49473
2204,49400,49373,49418,49371,49372,49415,49438,49532,49555,49473
2205,49400,49373,49418,49371,49372,49415,49438,49532,49555,49473
2206,49400,49373,49418,49371,49372,49415,49438,49532,49555,49473
2207,49400,49373,49418,49371,49372,49415,49438,49532,49555,49473
2208,49400,49373,49418,49371,49372,49415,49438,49532,49555,49473
2209,49400,49373,49418,49371,49372,49415,49438,49532,49555,49473
2210,49400,49373,49418,49371,49372,49415,49438,49532,49555,49473
2211,49400,49373,49418,49371,49372,49415,49438,49532,49555,49473
2212,49400,49373,49418,49371,49372,49415,49438,49532,49555,49473
2213,49400,49373,49418,49371,49372,49415,49438,49532,49555,49473
2214,49400,49373,49418,49371,49372,49415,49438,49532,49555,49473
2215,49400,49373,49418,49371,49372,49415,49438,49532,49555,49473
2216,49400,49373,49418,49371,49372,49415,49438,49532,49555,49473
2217,49400,49373,49418,49371,49374,49415,49438,49532,49555,49473
2218,49400,49373,49418,49371,49374,49415,49438,49532,49555,49473
2219,49400,49373,49418,49371,49374,49415,49438,49532,49555,49473
2220,49400,49373,49418,49371,49374,49415,49438,49532,49555,49473
2221,49400,49373,49418,49371,49374,49415,49438,49532,49555,49473
2222,49400,49373,49418,49371,49374,49415,49438,49532,49555,49473
2223,49400,49373,49418,49371,49374,49415,49438,49532,49555,49473
2224,49400,49373,49418,49371,49374,49415,49438,49532,49555,49473
2225,49400,49373,49418,49371,49374,49415,49438,49532,49555,49473
2226,49400,49373,49418,49371,49374,49415,49438,49532,49555,49473
2227,49400,49373,49418,49371,49374,49415,49438,49532,49555,49473
2228,49400,49373,49418,49371,49374,49415,49438,49532,49555,49473
2229,49400,49373,49418,49371,49374,49415,49438,49532,49555,49473
2230,49400,49373,49418,49371,49374,49415,49438,49532,49555,49473
2231,49400,49373,49418,49371,49374,49415,49438,49532,49555,49473
2232,49400,49373,49418,49371,49374,49415,49438,49532,49555,49473
2233,49400,49373,49418,49371,49374,49415,49438,49532,49555,49473
2234,49400,49373,49418,49371,49374,49415,49438,49532,49555,49473
2235,49400,49373,49418,49371,49374,49415,49438,49532,49555,49473
2236,49400,49373,49418,49371,49374,49415,49438,49532,49555,49473
2237,49400,49373,49418,49371,49374,49415,49438,49532,49555,49473
2238,49400,49373,49418,49371,49374,49415,49438,49532,49555,49473
2239,49400,49373,49418,49371,49374,49415,49438,49532,49555,49473
2240,49400,49373,49418,49371,49374,49415,49438,49532,49555,49473
2241,49400,49373,49418,49371,49374,49415,49438,49532,49555,49473
2242,49400,49373,49418,49371,49374,49415,49438,49532,49555,49473
2243,49400,49373,49418,49371,49374,49415,49438,49532,49555,49473
2244,49400,49373,49418,49371,49374,49415,49438,49532,49555,49473
2245,49400,49373,49418,49380,49374,49415,49438,49532,49555,49473
2246,49400,49373,49418,49380,49374,49415,49438,49532,49555,49473
2247,49400,49373,49418,49380,49374,49415,49438,49532,49555,49473
2248,49400,49373,49418,49380,49374,49415,49438,49532,49555,49473
2249,49400,49373,49418,49380,49374,49415,49438,49532,49555,49473
2250,49400,49373,49418,49380,49374,49415,49438,49532,49555,49473
2251,49400,49373,49418,49380,49374,49415,49438,49532,49555,49473
2252,49400,49373,49418,49380,49374,49415,49438,49532,49555,49473
2253,49400,49373,49418,49380,49374,49415,49438,49532,49555,49473
2254,49400,49373,49418,49380,49374,49415,49438,49532,49555,49473
2255,49400,49373,49418,49380,49374,49415,49438,49532,49555,49473
2256,49400,49389,49418,49380,49374,49415,49438,49532,49555,49473
2257,49400,49389,49418,49380,49374,49415,49438,49532,49555,49473
2258,49400,49389,49418,49380,49374,49415,49438,49532,49555,49473
2259,49400,49389,49418,49380,49374,49415,49438,49532,49555,49473
2260,49400,49389,49418,49380,49374,49415,49438,49532,49555,49473
2261,49400,49389,49418,49380,49374,49415,49438,49532,49555,49473
2262,49400,49389,49418,49380,49374,49415,49438,49532,49555,49473
2263,49400,49389,49418,49380,49374,49415,49438,49532,49555,49473
2264,49400,49389,49418,49380,49374,49415,49438,49532,49555,49473
2265,49400,49389,49418,49380,49374,49415,49438,49532,49555,49473
2266,49400,49389,49418,49380,49374,49415,49438,49532,49555,49473
2267,49400,49389,49418,49380,49374,49415,49438,49532,49555,49473
2268,49400,49389,49418,49380,49374,49415,49438,49532,49555,49473
2269,49400,49389,49418,49380,49374,49415,49438,49532,49555,49473
2270,49400,49389,49418,49380,49374,49415,49438,49532,49555,49473
2271,49400,49389,49418,49380,49374,49415,49438,49532,49555,49473
2272,49400,49389,49418,49380,49374,49415,49438,49532,49555,49473
2273,49400,49389,49418,49380,49374,49415,49438,49532,49555,49473
2274,49400,49389,49418,49380,49374,49415,49438,49532,49555,49473
2275,49400,49389,49418,49380,49374,49415,49438,49532,49555,49473
2276,49400,49389,49418,49380,49374,49415,49438,49532,49555,49473
2277,49400,49389,49418,49380,49374,49415,49438,49532,49555,49473
2278,49400,49389,49418,49380,49374,49415,49438,49532,49555,49473
2279,49400,49389,49418,49380,49374,49415,49438,49532,49555,49473
2280,49400,49389,49418,49380,49374,49415,49438,49532,49555,49473
2281,49400,49389,49418,49380,49374,49415,49438,49532,49555,49473
2282,49400,49389,49418,49380,49374,49415,49438,49532,49555,49473
2283,49400,49389,49418,49380,49374,49415,49438,49532,49555,49473
2284,49400,49389,49423,49380,49374,49415,49438,49532,49555,49473
2285,49400,49389,49423,49380,49374,49415,49438,49532,49555,49473
2286,49400,49389,49423,49380,49374,49415,49438,49532,49555,49473
2287,49400,49389,49423,49399,49374,49415,49438,49532,49555,49473
2288,49400,49389,49423,49399,49374,49415,49438,49532,49555,49473
2289,49400,49389,49423,49399,49374,49415,49438,49532,49555,49473
2290,49400,49389,49423,49399,49374,49415,49438,49532,49555,49473
2291,49400,49389,49423,49399,49374,49423,49438,49532,49555,49473
2292,49400,49389,49423,49399,49374,49423,49438,49532,49555,49473
2293,49400,49389,49423,49399,49374,49423,49438,49532,49555,49473
2294,49400,49389,49423,49399,49374,49423,49438,49532,49555,49473
2295,49400,49389,49423,49399,49374,49423,49438,49532,49555,49473
2296,49400,49389,49423,49399,49374,49423,49438,49532,49555,49473
2297,49400,49389,49423,49410,49374,49423,49438,49532,49555,49473
2298,49400,49389,49423,49410,49374,49423,49438,49532,49555,49473
2299,49400,49389,49423,49410,49374,49423,49438,49532,49555,49473
2300,49400,49389,49423,49410,49374,49423,49438,49532,49555,49473
2301,49400,49389,49423,49410,49374,49423,49438,49532,49555,49473
2302,49400,49389,49423,49410,49374,49423,49438,49532,49555,49473
2303,49400,49389,49423,49410,49374,49423,49438,49532,49555,49473
2304,49400,49389,49423,49410,49374,49423,49438,49532,49555,49473
2305,49400,49389,49423,49410,49374,49423,49438,49532,49555,49473
2306,49400,49389,49423,49410,49374,49423,49438,49532,49555,49473
2307,49400,49389,49423,49410,49374,49423,49438,49532,49555,49473
2308,49400,49389,49423,49410,49374,49423,49438,49532,49555,49473
2309,49400,49389,49423,49410,49374,49423,49438,49532,49555,49473
2310,49400,49389,49423,49410,49374,49423,49438,49532,49555,49473
2311,49400,49389,49423,49410,49374,49423,49438,49532,49555,49473
2312,49400,49389,49423,49410,49374,49423,49438,49532,49555,49473
2313,49400,49389,49423,49410,49374,49423,49438,49532,49555,49473
2314,49400,49389,49423,49410,49374,49423,49438,49532,49555,49473
2315,49400,49389,49423,49413,49374,49423,49438,49532,49555,49473
2316,49400,49389,49423,49413,49374,49423,49438,49532,49555,49473
2317,49400,49389,49423,49413,49374,49423,49438,49532,49555,49473
2318,49400,49389,49423,49413,49374,49423,49438,49532,49555,49473
2319,49400,49389,49423,49413,49374,49423,49438,49532,49555,49473
2320,49400,49389,49423,49413,49374,49423,49438,49532,49555,49473
2321,49400,49389,49423,49413,49374,49423,49438,49532,49555,49473
2322,49400,49389,49423,49413,49374,49423,49438,49532,49555,49473
2323,49400,49389,49423,49413,49374,49423,49438,49532,49555,49473
2324,49400,49389,49423,49413,49374,49423,49438,49532,49555,49473
2325,49400,49389,49423,49413,49374,49423,49438,49532,49555,49473
2326,49400,49389,49423,49413,49374,49423,49438,49532,49555,49473
2327,49400,49389,49423,49413,49374,49423,49438,49532,49555,49473
2328,49400,49389,49423,49413,49374,49423,49438,49532,49555,49473
2329,49400,49389,49423,49413,49374,49423,49438,49532,49555,49473
2330,49400,49389,49423,49413,49374,49423,49438,49532,49555,49473
2331,49400,49389,49423,49413,49374,49423,49438,49532,49555,49473
2332,49400,49389,49425,49413,49374,49423,49438,49532,49555,49473
2333,49400,49389,49425,49413,49374,49423,49438,49532,49555,49473
2334,49400,49389,49425,49413,49374,49423,49438,49532,49555,49473
2335,49400,49389,49425,49413,49374,49423,49438,49532,49567,49473
2336,49400,49389,49425,49413,49374,49423,49438,49532,49567,49473
2337,49400,49389,49425,49413,49374,49423,49438,49532,49567,49473
2338,49400,49389,49425,49413,49374,49423,49438,49532,49567,49473
2339,49400,49389,49425,49413,49374,49423,49438,49532,49567,49473
2340,49400,49389,49425,49420,49374,49423,49438,49532,49567,49473
2341,49400,49389,49425,49420,49374,49423,49438,49532,49567,49473
2342,49400,49389,49425,49420,49374,49423,49438,49532,49567,49473
2343,49400,49389,49425,49420,49374,49423,49438,49532,49567,49473
2344,49400,49389,49425,49420,49374,49423,49438,49532,49567,49473
2345,49400,49389,49425,49420,49374,49423,49438,49532,49567,49473
2346,49400,49389,49425,49420,49374,49423,49438,49532,49567,49473
2347,49400,49389,49425,49420,49374,49423,49438,49532,49567,49473
2348,49400,49389,49425,49420,49374,49423,49438,49532,49567,49473
2349,49400,49389,49425,49420,49374,49423,49438,49532,49567,49473
2350,49400,49389,49425,49420,49374,49423,49438,49532,49567,49473
2351,49400,49389,49425,49420,49374,49423,49438,49532,49567,49473
2352,49400,49389,49425,49420,49374,49423,49438,49532,49567,49473
2353,49400,49389,49425,49420,49374,49423,49438,49532,49567,49473
2354,49400,49389,49425,49420,49374,49423,49438,49532,49567,49473
2355,49400,49389,49425,49420,49374,49423,49438,49532,49567,49473
2356,49400,49389,49425,49420,49374,49423,49438,49532,49567,49473
2357,49400,49389,49425,49420,49374,49423,49438,49532,49567,49473
2358,49400,49389,49425,49420,49374,49423,49438,49532,49567,49473
2359,49400,49389,49425,49420,49374,49423,49438,49532,49567,49473
2360,49400,49389,49425,49420,49374,49423,49438,49532,49567,49473
2361,49400,49389,49425,49420,49374,49423,49438,49532,49567,49473
2362,49400,49389,49425,49420,49374,49423,49438,49532,49567,49473
2363,49400,49389,49425,49420,49374,49423,49438,49532,49567,49473
2364,49400,49389,49425,49420,49374,49423,49438,49532,49567,49473
2365,49400,49389,49425,49420,49374,49423,49438,49532,49567,49473
2366,49400,49389,49425,49420,49374,49423,49438,49532,49567,49473
2367,49400,49389,49425,49420,49374,49423,49438,49532,49567,49473
2368,49400,49389,49425,49420,49374,49423,49438,49532,49567,49473
2369,49400,49389,49425,49420,49374,49423,49438,49532,49567,49473
2370,49400,49389,49425,49420,49374,49423,49438,49532,49567,49473
2371,49400,49389,49425,49420,49374,49423,49438,49532,49567,49473
2372,49400,49389,49425,49420,49374,49423,49438,49532,49567,49473
2373,49400,49389,49425,49420,49374,49423,49438,49532,49567,49473
2374,49400,49389,49425,49420,49374,49423,49438,49532,49567,49473
2375,49400,49389,49425,49420,49374,49423,49438,49532,49567,49473
2376,49400,49389,49425,49420,49374,49423,49438,49532,49567,49473
2377,49400,49389,49425,49420,49374,49423,49438,49532,49567,49473
2378,49400,49389,49425,49420,49374,49423,49438,49532,49567,49473
2379,49400,49389,49425,49420,49374,49423,49438,49532,49567,49473
2380,49400,49389,49425,49420,49374,49423,49438,49532,49567,49473
2381,49400,49389,49425,49420,49374,49423,49438,49532,49567,49473
2382,49400,49389,49425,49420,49374,49423,49438,49532,49567,49473
2383,49400,49389,49425,49420,49374,49423,49438,49532,49567,49473
2384,49400,49389,49425,49420,49374,49423,49438,49532,49567,49473
2385,49400,49389,49425,49420,49374,49423,49438,49532,49567,49473
2386,49400,49389,49425,49420,49374,49423,49438,49532,49567,49473
2387,49400,49389,49425,49420,49374,49423,49438,49532,49567,49473
2388,49400,49389,49425,49420,49374,49423,49438,49532,49567,49473
2389,49400,49389,49425,49420,49400,49423,49438,49532,49567,49473
2390,49400,49389,49425,49420,49400,49423,49438,49532,49567,49473
2391,49400,49389,49425,49420,49400,49423,49438,49532,49567,49473
2392,49400,49389,49425,49420,49400,49423,49438,49532,49567,49473
2393,49400,49389,49425,49420,49400,49423,49438,49532,49567,49473
2394,49400,49389,49425,49420,49400,49423,49438,49532,49567,49473
2395,49400,49389,49425,49420,49400,49423,49438,49532,49567,49473
2396,49400,49389,49425,49420,49400,49423,49438,49532,49567,49473
2397,49400,49389,49425,49420,49400,49423,49438,49532,49567,49473
2398,49400,49389,49425,49420,49400,49423,49438,49532,49567,49473
2399,49400,49389,49425,49420,49400,49423,49438,49532,49567,49473
2400,49400,49389,49425,49420,49400,49423,49438,49532,49567,49473
2401,49400,49389,49425,49420,49400,49423,49438,49532,49567,49473
2402,49400,49389,49425,49420,49400,49423,49438,49532,49567,49473
2403,49400,49389,49425,49420,49400,49423,49438,49532,49567,49473
2404,49400,49389,49425,49420,49400,49423,49438,49532,49567,49473
2405,49400,49389,49425,49420,49400,49423,49438,49532,49567,49473
2406,49400,49389,49425,49420,49400,49423,49438,49532,49567,49473
2407,49400,49389,49425,49420,49400,49423,49438,49532,49567,49473
2408,49400,49389,49425,49420,49400,49423,49438,49532,49567,49473
2409,49400,49389,49425,49420,49400,49423,49438,49532,49567,49473
2410,49400,49389,49425,49420,49400,49423,49438,49532,49567,49473
2411,49400,49389,49425,49420,49400,49423,49438,49532,49567,49473
2412,49400,49389,49425,49420,49400,49423,49438,49532,49567,49473
2413,49400,49389,49425,49420,49400,49423,49438,49532,49567,49473
2414,49400,49389,49425,49420,49400,49423,49438,49532,49567,49473
2415,49400,49389,49425,49420,49400,49423,49438,49532,49567,49473
2416,49400,49389,49425,49420,49400,49423,49438,49532,49567,49473
2417,49400,49389,49425,49420,49407,49423,49438,49532,49567,49473
2418,49400,49389,49425,49420,49407,49423,49438,49532,49567,49473
2419,49400,49389,49425,49420,49407,49423,49438,49532,49567,49473
2420,49400,49389,49425,49420,49407,49423,49438,49532,49567,49473
2421,49400,49389,49425,49420,49407,49423,49438,49532,49567,49473
2422,49400,49389,49425,49420,49407,49423,49438,49532,49567,49473
2423,49400,49389,49425,49420,49407,49423,49438,49532,49567,49473
2424,49400,49389,49425,49420,49407,49423,49438,49532,49567,49473
2425,49400,49389,49425,49420,49407,49423,49438,49532,49567,49473
2426,49400,49389,49425,49420,49407,49423,49438,49532,49567,49473
2427,49400,49389,49425,49420,49407,49423,49438,49532,49567,49473
2428,49400,49389,49425,49420,49407,49423,49438,49532,49567,49473
2429,49400,49389,49425,49420,49407,49423,49438,49532,49567,49473
2430,49400,49389,49425,49420,49407,49423,49438,49532,49567,49473
2431,49400,49389,49425,49420,49407,49423,49438,49532,49567,49473
2432,49400,49389,49425,49420,49407,49423,49438,49532,49567,49473
2433,49400,49389,49425,49420,49407,49423,49438,49532,49567,49473
2434,49400,49389,49425,49420,49407,49423,49438,49532,49567,49473
2435,49400,49389,49425,49420,49407,49423,49438,49532,49567,49473
2436,49400,49389,49425,49420,49407,49423,49438,49532,49567,49473
2437,49400,49389,49425,49420,49407,49423,49438,49532,49567,49473
2438,49400,49389,49425,49420,49407,49423,49438,49532,49567,49473
2439,49400,49389,49425,49420,49407,49423,49438,49532,49567,49473
2440,49400,49389,49425,49420,49407,49423,49438,49532,49567,49473
2441,49400,49389,49425,49420,49407,49423,49438,49532,49567,49473
2442,49400,49389,49425,49420,49407,49423,49438,49532,49567,49473
2443,49400,49389,49425,49420,49407,49423,49438,49532,49567,49473
2444,49400,49389,49425,49420,49407,49423,49438,49532,49567,49473
2445,49400,49389,49425,49420,49407,49423,49438,49532,49567,49473
2446,49400,49389,49425,49420,49407,49423,49438,49532,49567,49473
2447,49400,49389,49425,49420,49407,49423,49438,49532,49567,49473
2448,49400,49389,49425,49420,49407,49423,49438,49532,49567,49473
2449,49400,49389,49425,49420,49407,49423,49438,49532,49567,49473
2450,49400,49389,49425,49420,49407,49423,49438,49532,49567,49473
2451,49400,49389,49425,49420,49407,49423,49438,49532,49567,49473
2452,49400,49389,49425,49420,49407,49423,49438,49532,49567,49473
2453,49400,49389,49425,49420,49407,49423,49438,49532,49567,49473
2454,49400,49389,49425,49420,49407,49423,49438,49532,49567,49473
2455,49400,49389,49425,49420,49407,49423,49438,49532,49567,49473
2456,49400,49389,49425,49420,49407,49423,49438,49532,49567,49473
2457,49400,49389,49425,49420,49424,49423,49438,49532,49567,49473
2458,49400,49389,49425,49420,49424,49423,49438,49532,49567,49473
2459,49400,49389,49425,49420,49424,49423,49438,49532,49567,49473
2460,49400,49389,49425,49420,49424,49423,49438,49532,49567,49473
2461,49400,49389,49425,49420,49424,49423,49438,49532,49567,49473
2462,49400,49389,49425,49420,49429,49423,49438,49532,49567,49473
2463,49400,49389,49425,49420,49429,49423,49438,49532,49567,49473
2464,49400,49389,49425,49420,49429,49423,49438,49532,49567,49473
2465,49400,49389,49425,49420,49429,49423,49438,49532,49567,49473
2466,49400,49389,49425,49420,49429,49423,49438,49532,49567,49473
2467,49400,49389,49425,49420,49429,49423,49438,49532,49567,49473
2468,49400,49389,49425,49420,49429,49423,49438,49532,49567,49473
2469,49400,49389,49425,49420,49430,49423,49438,49532,49567,49473
2470,49400,49389,49425,49420,49430,49423,49438,49532,49567,49473
2471,49400,49389,49438,49420,49430,49423,49438,49532,49567,49473
2472,49400,49389,49438,49420,49430,49423,49438,49532,49567,49473
2473,49414,49389,49438,49420,49430,49423,49438,49532,49567,49473
2474,49414,49389,49438,49420,49430,49423,49438,49532,49567,49473
2475,49414,49389,49438,49420,49430,49423,49438,49532,49567,49473
2476,49414,49389,49438,49420,49430,49423,49438,49532,49567,49473
2477,49414,49389,49438,49420,49430,49423,49438,49532,49567,49473
2478,49414,49389,49438,49420,49430,49423,49438,49532,49567,49473
2479,49414,49389,49438,49420,49430,49423,49438,49532,49567,49473
2480,49414,49389,49438,49420,49430,49423,49438,49532,49567,49473
2481,49414,49389,49438,49420,49430,49423,49438,49532,49567,49473
2482,49414,49389,49438,49420,49444,49423,49438,49532,49567,49473
2483,49414,49389,49438,49420,49444,49423,49438,49532,49567,49473
2484,49414,49389,49438,49420,49444,49423,49438,49532,49567,49473
2485,49414,49389,49438,49434,49444,49423,49438,49532,49567,49473
2486,49414,49389,49438,49434,49444,49423,49438,49532,49567,49473
2487,49414,49389,49438,49434,49444,49423,49438,49532,49567,49473
2488,49414,49389,49438,49434,49444,49423,49438,49532,49567,49473
2489,49414,49389,49438,49434,49444,49423,49438,49532,49567,49473
2490,49414,49389,49438,49434,49444,49423,49438,49532,49567,49473
2491,49414,49389,49438,49434,49444,49423,49438,49532,49567,49473
2492,49414,49389,49438,49434,49444,49423,49438,49532,49567,49473
2493,49414,49389,49438,49434,49444,49423,49438,49532,49567,49473
2494,49414,49389,49438,49434,49444,49423,49438,49532,49567,49473
2495,49414,49389,49438,49434,49444,49423,49438,49532,49567,49473
2496,49414,49389,49438,49434,49444,49423,49438,49532,49567,49473
2497,49414,49389,49438,49434,49444,49423,49438,49532,49567,49473
2498,49414,49389,49438,49434,49444,49423,49438,49532,49567,49473
2499,49414,49389,49438,49434,49444,49423,49438,49532,49567,49473
2500,49414,49389,49438,49434,49444,49423,49438,49532,49567,49473
2501,49414,49389,49438,49434,49444,49423,49438,49532,49567,49473
2502,49414,49389,49438,49434,49444,49423,49438,49532,49567,49473
2503,49414,49389,49438,49434,49444,49423,49438,49532,49567,49473
2504,49414,49389,49438,49434,49444,49423,49438,49532,49567,49473
2505,49414,49389,49438,49434,49444,49423,49438,49532,49567,49473
2506,49414,49389,49438,49434,49444,49423,49438,49532,49567,49473
2507,49414,49389,49438,49434,49444,49423,49438,49532,49567,49473
2508,49414,49389,49438,49434,49444,49423,49438,49532,49567,49473
2509,49414,49389,49438,49434,49444,49423,49438,49532,49567,49473
2510,49414,49389,49438,49434,49444,49423,49438,49532,49567,49473
2511,49414,49389,49438,49434,49444,49423,49438,49532,49567,49473
2512,49414,49389,49438,49434,49444,49423,49438,49532,49567,49473
2513,49414,49389,49438,49434,49444,49423,49438,49532,49572,49473
2514,49414,49389,49438,49434,49444,49423,49438,49532,49572,49473
2515,49414,49389,49438,49434,49444,49423,49438,49532,49572,49473
2516,49414,49389,49438,49434,49444,49423,49438,49532,49572,49473
2517,49414,49389,49438,49434,49444,49423,49438,49532,49572,49473
2518,49414,49389,49438,49434,49444,49423,49438,49532,49572,49473
2519,49414,49389,49438,49434,49444,49423,49438,49532,49572,49473
2520,49414,49389,49438,49434,49444,49423,49438,49532,49572,49473
2521,49414,49389,49438,49434,49444,49423,49438,49532,49572,49473
2522,49414,49389,49438,49434,49444,49423,49438,49532,49572,49473
2523,49414,49389,49438,49434,49444,49423,49438,49532,49572,49473
2524,49414,49389,49438,49434,49444,49423,49438,49532,49572,49473
2525,49414,49389,49438,49434,49444,49423,49438,49532,49572,49473
2526,49414,49389,49438,49434,49444,49423,49438,49532,49572,49473
2527,49414,49389,49438,49434,49444,49423,49438,49532,49572,49473
2528,49414,49389,49438,49434,49444,49423,49438,49532,49572,49473
2529,49414,49389,49438,49434,49444,49423,49438,49532,49572,49473
2530,49414,49389,49438,49434,49444,49423,49438,49532,49572,49473
2531,49414,49389,49438,49434,49444,49423,49438,49532,49572,49473
2532,49414,49389,49438,49434,49444,49423,49438,49532,49572,49473
2533,49414,49389,49438,49434,49444,49423,49438,49532,49572,49473
2534,49414,49389,49438,49434,49444,49423,49438,49532,49572,49473
2535,49414,49389,49438,49434,49444,49423,49438,49532,49572,49473
2536,49414,49389,49438,49434,49444,49423,49438,49532,49572,49473
2537,49414,49389,49438,49434,49444,49423,49438,49532,49572,49473
2538,49414,49389,49438,49434,49444,49423,49438,49532,49572,49473
2539,49414,49389,49438,49434,49444,49423,49438,49532,49572,49473
2540,49414,49389,49438,49434,49444,49423,49438,49532,49572,49473
2541,49414,49389,49438,49434,49444,49423,49438,49532,49572,49473
2542,49414,49389,49438,49434,49444,49423,49438,49532,49572,49473
2543,49414,49389,49438,49434,49444,49423,49438,49532,49572,49473
2544,49414,49389,49438,49434,49444,49423,49438,49532,49572,49473
2545,49414,49389,49438,49434,49444,49423,49438,49532,49572,49473
2546,49414,49389,49438,49434,49444,49423,49438,49532,49572,49473
2547,49414,49389,49438,49434,49444,49423,49438,49532,49572,49473
2548,49414,49389,49438,49434,49444,49423,49438,49532,49572,49473
2549,49414,49389,49438,49434,49444,49423,49438,49532,49572,49473
2550,49414,49389,49438,49434,49444,49423,49438,49532,49572,49473
2551,49414,49389,49438,49434,49444,49423,49438,49532,49572,49473
2552,49414,49389,49438,49434,49444,49423,49438,49532,49572,49473
2553,49414,49389,49438,49434,49444,49423,49438,49532,49572,49473
2554,49414,49389,49438,49434,49444,49423,49438,49532,49572,49473
2555,49414,49389,49438,49434,49444,49423,49438,49532,49572,49473
2556,49414,49389,49438,49434,49444,49423,49438,49532,49572,49473
2557,49414,49389,49438,49434,49444,49423,49438,49532,49572,49473
2558,49414,49389,49438,49434,49444,49423,49438,49532,49572,49473
2559,49414,49389,49438,49434,49444,49423,49438,49532,49572,49473
2560,49414,49389,49438,49434,49444,49423,49438,49532,49572,49473
2561,49414,49389,49438,49434,49444,49423,49438,49532,49572,49473
2562,49414,49389,49438,49434,49444,49423,49438,49532,49572,49473
2563,49414,49389,49438,49434,49444,49423,49438,49536,49572,49473
2564,49414,49389,49438,49434,49444,49423,49438,49536,49572,49473
2565,49414,49389,49438,49434,49444,49423,49438,49536,49572,49473
2566,49414,49389,49438,49434,49444,49423,49438,49536,49572,49473
2567,49414,49389,49438,49434,49453,49423,49438,49536,49572,49473
2568,49414,49389,49438,49434,49453,49423,49438,49536,49572,49473
2569,49414,49389,49438,49434,49453,49423,49438,49536,49572,49473
2570,49414,49389,49438,49434,49453,49423,49438,49536,49572,49473
2571,49414,49389,49438,49434,49453,49423,49438,49536,49572,49473
2572,49414,49389,49438,49434,49453,49423,49438,49536,49572,49473
2573,49414,49389,49438,49434,49453,49423,49438,49536,49572,49473
2574,49414,49389,49438,49434,49453,49423,49438,49536,49572,49473
2575,49414,49389,49438,49434,49453,49423,49438,49536,49572,49473
2576,49414,49389,49438,49434,49453,49423,49438,49536,49572,49473
2577,49414,49389,49438,49434,49453,49423,49438,49536,49572,49473
2578,49414,49389,49438,49434,49453,49423,49438,49536,49572,49473
2579,49414,49389,49438,49434,49453,49423,49438,49536,49572,49473
2580,49414,49389,49438,49434,49453,49423,49438,49536,49572,49473
2581,49414,49389,49438,49434,49453,49423,49438,49536,49572,49473
2582,49414,49389,49438,49434,49453,49423,49438,49536,49572,49473
2583,49414,49389,49438,49434,49453,49423,49438,49536,49572,49473
2584,49414,49389,49438,49434,49453,49423,49438,49536,49572,49473
2585,49414,49389,49438,49434,49453,49423,49438,49536,49572,49473
2586,49414,49389,49438,49434,49453,49423,49438,49536,49572,49473
2587,49414,49389,49438,49434,49453,49423,49446,49536,49572,49473
2588,49414,49389,49438,49434,49453,49423,49446,49536,49572,49473
2589,49414,49389,49438,49434,49453,49423,49446,49536,49572,49473
2590,49414,49389,49438,49434,49453,49423,49446,49536,49572,49473
2591,49414,49389,49438,49434,49453,49423,49446,49536,49572,49473
2592,49414,49389,49438,49434,49453,49423,49446,49536,49572,49473
2593,49414,49389,49438,49434,49453,49423,49446,49536,49572,49473
2594,49414,49389,49438,49434,49453,49423,49446,49536,49572,49473
2595,49414,49389,49438,49434,49453,49423,49446,49536,49572,49473
2596,49414,49389,49438,49434,49453,49423,49446,49536,49572,49473
2597,49414,49389,49438,49434,49453,49423,49446,49536,49572,49473
2598,49414,49389,49438,49434,49453,49423,49446,49536,49572,49473
2599,49414,49389,49438,49434,49453,49423,49446,49536,49572,49473
2600,49414,49389,49438,49434,49453,49428,49446,49536,49572,49473
2601,49414,49389,49438,49434,49453,49428,49446,49536,49572,49473
2602,49414,49389,49438,49434,49453,49428,49446,49536,49572,49473
2603,49414,49389,49438,49434,49453,49428,49446,49536,49572,49473
2604,49414,49389,49438,49434,49453,49428,49446,49536,49572,49473
2605,49414,49389,49438,49434,49453,49428,49446,49536,49572,49473
2606,49414,49389,49438,49434,49453,49428,49446,49536,49572,49473
2607,49414,49389,49438,49434,49453,49428,49446,49536,49572,49473
2608,49414,49389,49438,49434,49453,49428,49446,49536,49572,49473
2609,49414,49389,49438,49434,49453,49428,49446,49536,49572,49473
2610,49414,49389,49438,49434,49453,49428,49446,49536,49572,49473
2611,49414,49389,49438,49434,49453,49428,49446,49536,49572,49473
2612,49414,49389,49438,49434,49453,49428,49446,49536,49572,49473
2613,49414,49389,49438,49434,49453,49428,49446,49536,49572,49473
2614,49414,49389,49438,49434,49453,49428,49446,49536,49572,49473
2615,49414,49389,49438,49434,49453,49428,49446,49536,49572,49473
2616,49414,49389,49438,49434,49453,49428,49446,49536,49572,49473
2617,49414,49389,49438,49434,49453,49428,49446,49536,49572,49473
2618,49414,49389,49438,49434,49453,49428,49446,49536,49572,49473
2619,49414,49389,49438,49434,49453,49428,49446,49536,49572,49473
2620,49414,49389,49438,49434,49453,49428,49446,49536,49572,49473
2621,49414,49389,49438,49434,49453,49428,49446,49536,49572,49473
2622,49414,49389,49438,49434,49453,49428,49446,49536,49572,49473
2623,49414,49389,49438,49434,49453,49428,49446,49536,49572,49473
2624,49414,49389,49438,49434,49453,49428,49446,49536,49572,49473
2625,49414,49389,49438,49434,49453,49428,49446,49536,49572,49473
2626,49414,49389,49438,49434,49453,49428,49446,49536,49572,49473
2627,49414,49389,49438,49434,49453,49428,49452,49536,49572,49473
2628,49414,49389,49438,49451,49453,49428,49452,49536,49572,49473
2629,49414,49389,49438,49451,49453,49428,49452,49536,49572,49473
2630,49414,49389,49438,49451,49453,49428,49452,49536,49572,49473
2631,49414,49389,49438,49453,49453,49428,49452,49536,49572,49473
2632,49414,49389,49438,49453,49453,49428,49452,49536,49572,49473
2633,49414,49389,49438,49453,49453,49428,49452,49536,49572,49473
2634,49414,49389,49438,49453,49453,49428,49452,49536,49572,49473
2635,49414,49389,49438,49453,49453,49428,49452,49536,49572,49473
2636,49414,49389,49438,49453,49453,49428,49452,49536,49572,49473
2637,49414,49389,49438,49453,49453,49428,49452,49536,49572,49473
2638,49414,49389,49438,49453,49453,49428,49452,49536,49572,49473
2639,49414,49389,49438,49453,49453,49428,49452,49536,49572,49473
2640,49414,49389,49438,49453,49453,49428,49452,49536,49572,49473
2641,49414,49389,49438,49453,49453,49428,49452,49536,49572,49473
2642,49414,49389,49438,49453,49453,49428,49452,49536,49572,49473
2643,49414,49389,49438,49453,49453,49428,49452,49536,49572,49473
2644,49414,49389,49438,49453,49453,49428,49452,49536,49572,49473
2645,49414,49389,49438,49453,49453,49428,49452,49536,49572,49473
2646,49414,49389,49438,49453,49453,49428,49452,49536,49572,49473
2647,49414,49389,49438,49453,49453,49428,49452,49536,49572,49473
2648,49414,49389,49438,49453,49453,49428,49452,49536,49572,49473
2649,49414,49389,49438,49453,49453,49428,49452,49536,49572,49473
2650,49414,49389,49438,49453,49453,49428,49452,49536,49572,49473
2651,49414,49389,49438,49453,49453,49428,49452,49536,49572,49473
2652,49414,49389,49438,49453,49453,49428,49452,49536,49572,49473
2653,49414,49389,49438,49453,49453,49428,49452,49536,49572,49473
2654,49414,49389,49438,49453,49453,49428,49452,49536,49572,49473
2655,49414,49389,49438,49453,49453,49428,49452,49536,49572,49473
2656,49414,49389,49438,49453,49453,49428,49452,49536,49572,49473
2657,49414,49389,49438,49453,49453,49428,49452,49536,49572,49473
2658,49414,49389,49438,49453,49453,49428,49452,49536,49572,49473
2659,49414,49389,49438,49453,49453,49428,49452,49536,49572,49473
2660,49414,49389,49438,49453,49453,49428,49452,49536,49572,49473
2661,49414,49389,49441,49453,49453,49428,49452,49536,49572,49473
2662,49414,49389,49458,49453,49453,49428,49452,49536,49572,49473
2663,49414,49389,49458,49453,49453,49428,49452,49536,49572,49473
2664,49414,49389,49458,49453,49453,49428,49452,49536,49572,49473
2665,49414,49389,49458,49453,49453,49428,49452,49536,49572,49473
2666,49414,49389,49458,49453,49453,49428,49452,49536,49572,49473
2667,49414,49394,49458,49453,49453,49428,49452,49536,49572,49473
2668,49414,49394,49458,49453,49453,49428,49452,49536,49572,49473
2669,49414,49394,49458,49453,49453,49428,49452,49536,49572,49473
2670,49414,49394,49458,49453,49453,49428,49452,49536,49572,49473
2671,49414,49394,49458,49453,49453,49428,49452,49536,49572,49473
2672,49414,49394,49458,49453,49453,49428,49452,49536,49572,49473
2673,49414,49394,49458,49453,49453,49428,49452,49536,49572,49473
2674,49414,49394,49458,49453,49453,49428,49452,49536,49572,49473
2675,49414,49394,49458,49453,49453,49428,49452,49536,49572,49473
2676,49414,49394,49458,49453,49453,49428,49452,49536,49572,49473
2677,49414,49394,49458,49453,49453,49428,49452,49536,49572,49473
2678,49414,49394,49458,49453,49453,49428,49452,49536,49572,49473
2679,49414,49394,49458,49453,49453,49428,49452,49536,49572,49473
2680,49414,49394,49458,49468,49453,49428,49452,49536,49572,49473
2681,49414,49394,49458,49468,49453,49428,49452,49536,49572,49473
2682,49414,49394,49458,49468,49453,49428,49452,49536,49572,49473
2683,49414,49394,49458,49468,49453,49428,49452,49536,49572,49473
2684,49414,49394,49458,49468,49453,49428,49452,49536,49572,49473
2685,49414,49394,49458,49468,49453,49428,49452,49536,49572,49473
2686,49414,49394,49458,49468,49453,49428,49452,49536,49572,49473
2687,49414,49394,49458,49468,49453,49428,49452,49536,49572,49473
2688,49414,49394,49458,49468,49453,49428,49452,49536,49572,49473
2689,49414,49394,49458,49468,49453,49428,49452,49536,49572,49473
2690,49414,49394,49458,49468,49453,49428,49452,49536,49572,49473
2691,49414,49394,49458,49468,49453,49428,49452,49536,49572,49473
2692,49414,49394,49458,49468,49453,49428,49452,49536,49572,49473
2693,49414,49394,49458,49468,49453,49428,49452,49536,49572,49473
2694,49414,49394,49458,49468,49453,49428,49452,49536,49572,49473
2695,49414,49394,49458,49468,49453,49428,49452,49536,49572,49473
2696,49414,49394,49458,49468,49453,49428,49452,49536,49572,49473
2697,49414,49394,49458,49468,49453,49428,49452,49536,49572,49473
2698,49414,49394,49458,49468,49453,49428,49452,49536,49572,49473
2699,49414,49394,49458,49468,49453,49428,49452,49536,49572,49473
2700,49414,49394,49458,49468,49453,49428,49452,49536,49572,49473
2701,49414,49394,49458,49468,49453,49428,49452,49536,49572,49473
2702,49414,49394,49458,49468,49453,49428,49452,49536,49572,49473
2703,49414,49394,49458,49468,49453,49428,49452,49536,49572,49473
2704,49414,49394,49458,49468,49453,49428,49452,49536,49572,49473
2705,49414,49394,49458,49468,49453,49428,49452,49536,49572,49473
2706,49414,49394,49458,49468,49453,49428,49452,49536,49572,49473
2707,49414,49394,49458,49468,49453,49428,49452,49536,49572,49473
2708,49414,49394,49458,49468,49453,49428,49452,49536,49572,49473
2709,49414,49394,49458,49468,49453,49428,49452,49536,49572,49473
2710,49414,49394,49458,49468,49453,49428,49452,49536,49572,49473
2711,49414,49394,49458,49468,49453,49428,49452,49536,49572,49473
2712,49414,49394,49458,49468,49453,49428,49452,49536,49572,49473
2713,49414,49394,49458,49468,49453,49428,49452,49536,49572,49473
2714,49414,49394,49458,49468,49453,49428,49452,49536,49572,49473
2715,49414,49394,49459,49468,49453,49428,49452,49536,49572,49473
2716,49414,49394,49459,49468,49453,49428,49452,49536,49572,49473
2717,49414,49394,49459,49468,49453,49428,49452,49536,49572,49473
2718,49414,49394,49459,49468,49453,49428,49452,49537,49572,49473
2719,49414,49394,49459,49468,49453,49428,49452,49537,49572,49473
2720,49414,49394,49459,49468,49453,49428,49452,49537,49572,49473
2721,49414,49394,49459,49468,49453,49428,49452,49537,49572,49473
2722,49414,49394,49459,49468,49453,49428,49452,49537,49572,49473
2723,49414,49394,49459,49468,49453,49428,49452,49537,49572,49473
2724,49414,49394,49459,49468,49453,49428,49452,49537,49572,49473
2725,49414,49394,49459,49468,49453,49428,49452,49537,49572,49473
2726,49423,49394,49459,49468,49453,49428,49452,49537,49572,49473
2727,49423,49394,49459,49468,49453,49428,49452,49537,49572,49473
2728,49423,49394,49459,49468,49453,49428,49452,49537,49572,49473
2729,49423,49394,49459,49468,49453,49428,49452,49537,49572,49473
2730,49423,49394,49459,49468,49453,49428,49452,49537,49572,49473
2731,49423,49394,49459,49468,49453,49428,49452,49537,49572,49473
2732,49423,49394,49459,49468,49453,49428,49452,49537,49572,49473
2733,49423,49394,49459,49468,49453,49428,49452,49537,49572,49473
2734,49423,49394,49459,49468,49453,49428,49452,49537,49572,49473
2735,49423,49394,49459,49468,49453,49428,49452,49537,49572,49473
2736,49423,49394,49459,49468,49453,49428,49452,49537,49572,49473
2737,49423,49394,49459,49468,49453,49428,49452,49537,49572,49473
2738,49423,49394,49459,49468,49453,49428,49463,49537,49572,49473
2739,49423,49394,49463,49468,49453,49428,49463,49537,49572,49473
2740,49423,49394,49463,49468,49453,49428,49463,49537,49572,49473
2741,49423,49402,49463,49468,49453,49428,49463,49537,49572,49473
2742,49423,49402,49463,49468,49453,49428,49463,49537,49572,49473
2743,49423,49402,49463,49468,49453,49428,49463,49537,49572,49473
2744,49423,49402,49463,49468,49453,49428,49463,49537,49572,49473
2745,49423,49402,49463,49468,49453,49428,49463,49537,49572,49473
2746,49423,49402,49463,49468,49453,49428,49463,49537,49572,49473
2747,49423,49402,49463,49468,49453,49428,49463,49537,49572,49473
2748,49423,49402,49479,49468,49453,49428,49463,49537,49572,49473
2749,49423,49402,49479,49468,49453,49428,49463,49537,49572,49473
2750,49423,49402,49479,49468,49453,49428,49463,49537,49572,49473
2751,49423,49402,49479,49468,49453,49428,49463,49537,49572,49473
2752,49423,49402,49479,49468,49453,49428,49463,49537,49572,49473
2753,49423,49402,49479,49468,49453,49428,49463,49537,49572,49473
2754,49423,49402,49479,49468,49453,49428,49463,49537,49572,49473
2755,49423,49402,49479,49468,49453,49428,49463,49537,49572,49473
2756,49423,49402,49479,49468,49453,49428,49463,49537,49572,49473
2757,49423,49402,49479,49468,49453,49428,49463,49537,49574,49473
2758,49423,49402,49479,49468,49453,49428,49463,49537,49574,49473
2759,49423,49402,49479,49468,49453,49428,49463,49537,49574,49473
2760,49423,49402,49479,49468,49453,49428,49463,49537,49574,49473
2761,49423,49402,49479,49468,49453,49428,49463,49537,49574,49473
2762,49423,49402,49479,49468,49453,49428,49463,49537,49574,49473
2763,49423,49402,49479,49468,49453,49428,49463,49537,49574,49473
2764,49423,49430,49479,49468,49453,49428,49463,49537,49574,49473
2765,49423,49430,49479,49468,49453,49428,49463,49537,49574,49473
2766,49423,49430,49479,49468,49453,49441,49463,49537,49574,49473
2767,49423,49430,49479,49468,49453,49441,49463,49537,49574,49473
2768,49423,49430,49479,49468,49453,49441,49463,49537,49574,49473
2769,49423,49430,49479,49468,49453,49441,49463,49537,49574,49473
2770,49423,49430,49479,49468,49453,49441,49463,49537,49574,49473
2771,49423,49430,49479,49468,49453,49441,49463,49537,49574,49473
2772,49423,49430,49479,49468,49453,49441,49463,49537,49574,49473
2773,49423,49430,49479,49468,49465,49441,49463,49537,49574,49473
2774,49423,49430,49479,49468,49465,49441,49463,49537,49574,49473
2775,49423,49430,49479,49468,49465,49441,49463,49537,49574,49473
2776,49423,49430,49479,49468,49465,49441,49463,49537,49574,49473
2777,49423,49430,49479,49468,49465,49441,49463,49537,49574,49473
2778,49423,49430,49479,49468,49465,49441,49463,49537,49574,49473
2779,49423,49430,49479,49468,49465,49441,49463,49537,49574,49473
2780,49423,49430,49479,49468,49465,49441,49463,49537,49574,49473
2781,49423,49430,49479,49468,49465,49441,49463,49537,49574,49473
2782,49423,49430,49479,49468,49465,49441,49463,49537,49574,49473
2783,49423,49430,49479,49468,49465,49441,49463,49537,49574,49473
2784,49423,49430,49479,49468,49465,49441,49463,49537,49574,49473
2785,49423,49430,49479,49468,49465,49441,49463,49551,49574,49473
2786,49423,49430,49479,49468,49465,49441,49463,49551,49574,49473
2787,49423,49430,49479,49468,49465,49441,49463,49551,49574,49473
2788,49423,49430,49481,49468,49465,49441,49463,49551,49574,49473
2789,49423,49430,49481,49468,49465,49441,49463,49551,49574,49473
2790,49423,49430,49481,49468,49465,49441,49463,49551,49574,49473
2791,49423,49430,49481,49468,49465,49441,49463,49551,49574,49473
2792,49423,49430,49481,49468,49465,49441,49463,49551,49574,49473
2793,49423,49430,49481,49468,49465,49441,49463,49551,49574,49473
2794,49431,49430,49481,49468,49465,49441,49463,49551,49574,49473
2795,49431,49430,49481,49468,49465,49441,49463,49551,49574,49473
2796,49431,49430,49481,49468,49499,49441,49463,49551,49574,49473
2797,49431,49430,49481,49468,49499,49441,49463,49551,49574,49473
2798,49431,49430,49481,49468,49499,49441,49463,49551,49574,49473
2799,49431,49430,49481,49468,49499,49441,49463,49551,49574,49473
2800,49431,49430,49481,49468,49499,49441,49463,49551,49574,49473
2801,49431,49430,49481,49468,49499,49441,49463,49551,49574,49473
2802,49439,49430,49481,49468,49499,49441,49463,49551,49574,49473
2803,49439,49430,49481,49468,49499,49441,49463,49551,49574,49473
2804,49439,49430,49481,49468,49499,49441,49463,49551,49574,49473
2805,49439,49430,49481,49468,49499,49441,49463,49551,49574,49473
2806,49439,49430,49481,49468,49499,49441,49463,49551,49574,49473
2807,49439,49430,49481,49468,49499,49441,49463,49551,49574,49473
2808,49439,49430,49481,49468,49499,49441,49463,49551,49574,49473
2809,49439,49430,49481,49468,49499,49441,49463,49551,49574,49473
2810,49439,49430,49481,49468,49499,49441,49463,49551,49574,49473
2811,49439,49430,49481,49468,49499,49441,49463,49551,49574,49473
2812,49439,49430,49481,49468,49499,49441,49463,49551,49574,49473
2813,49439,49430,49481,49468,49499,49441,49463,49551,49574,49473
2814,49439,49430,49481,49468,49499,49441,49463,49551,49574,49473
2815,49439,49430,49481,49468,49499,49441,49463,49551,49574,49473
2816,49439,49430,49481,49468,49499,49441,49463,49551,49574,49473
2817,49439,49430,49481,49468,49499,49441,49463,49551,49574,49473
2818,49439,49430,49481,49468,49499,49441,49463,49551,49574,49473
2819,49439,49430,49481,49468,49499,49441,49463,49551,49574,49473
2820,49439,49430,49481,49468,49499,49441,49463,49551,49574,49473
2821,49439,49430,49481,49468,49499,49441,49463,49551,49574,49473
2822,49439,49430,49481,49468,49499,49441,49463,49551,49574,49473
2823,49439,49430,49481,49468,49499,49441,49463,49551,49574,49473
2824,49439,49430,49481,49468,49499,49441,49463,49551,49574,49473
2825,49439,49430,49481,49468,49499,49441,49463,49551,49574,49473
2826,49439,49430,49481,49468,49499,49441,49463,49551,49574,49473
2827,49439,49430,49481,49468,49499,49441,49463,49551,49574,49473
2828,49439,49430,49481,49468,49499,49441,49463,49551,49574,49473
2829,49439,49430,49481,49468,49499,49441,49463,49551,49574,49473
2830,49439,49430,49481,49468,49499,49441,49463,49558,49574,49473
2831,49439,49430,49481,49468,49499,49441,49463,49558,49574,49473
2832,49439,49430,49481,49468,49499,49441,49463,49558,49574,49473
2833,49439,49430,49481,49468,49499,49441,49463,49558,49574,49473
2834,49439,49430,49481,49468,49499,49441,49463,49558,49574,49473
2835,49439,49430,49481,49468,49499,49441,49463,49558,49574,49473
2836,49439,49430,49481,49468,49499,49441,49463,49558,49574,49473
2837,49439,49430,49481,49468,49499,49441,49463,49558,49574,49473
2838,49439,49430,49481,49468,49499,49441,49463,49558,49574,49473
2839,49439,49430,49485,49468,49499,49441,49463,49558,49574,49473
2840,49439,49430,49485,49468,49499,49441,49463,49558,49574,49473
2841,49439,49430,49485,49468,49499,49441,49463,49558,49574,49473
2842,49439,49430,49485,49468,49499,49441,49463,49558,49574,49473
2843,49439,49430,49485,49468,49507,49441,49463,49558,49574,49473
2844,49439,49430,49485,49468,49507,49441,49463,49558,49574,49473
2845,49439,49430,49485,49468,49507,49441,49463,49558,49574,49473
2846,49439,49430,49485,49468,49507,49441,49463,49558,49574,49473
2847,49439,49430,49485,49468,49507,49441,49463,49558,49574,49473
2848,49439,49430,49485,49468,49507,49441,49463,49558,49574,49473
2849,49439,49430,49485,49468,49507,49441,49463,49558,49574,49473
2850,49439,49430,49485,49468,49507,49441,49463,49558,49574,49473
2851,49439,49430,49485,49468,49507,49441,49463,49558,49574,49473
2852,49439,49430,49485,49468,49507,49441,49463,49558,49574,49473
2853,49439,49430,49485,49468,49507,49441,49463,49558,49574,49473
2854,49439,49430,49485,49468,49507,49441,49463,49558,49574,49473
2855,49439,49430,49485,49468,49507,49441,49463,49558,49574,49473
2856,49439,49430,49485,49468,49507,49441,49463,49558,49574,49473
2857,49439,49430,49485,49468,49507,49449,49463,49558,49574,49473
2858,49439,49430,49485,49468,49507,49449,49463,49558,49574,49473
2859,49439,49430,49485,49468,49507,49449,49463,49558,49574,49473
2860,49439,49430,49485,49468,49507,49449,49463,49558,49574,49473
2861,49439,49430,49485,49468,49507,49449,49463,49558,49574,49473
2862,49439,49430,49485,49468,49507,49449,49463,49558,49574,49473
2863,49439,49430,49485,49468,49507,49453,49463,49558,49574,49473
2864,49439,49430,49485,49468,49507,49453,49463,49558,49574,49473
2865,49439,49430,49485,49468,49507,49453,49463,49558,49574,49473
2866,49439,49430,49485,49468,49507,49453,49463,49558,49574,49473
2867,49439,49430,49485,49468,49507,49453,49463,49558,49574,49473
2868,49439,49430,49485,49468,49507,49453,49463,49558,49574,49473
2869,49439,49430,49485,49468,49507,49453,49463,49558,49574,49473
2870,49439,49430,49485,49468,49507,49453,49463,49558,49574,49473
2871,49439,49430,49485,49468,49507,49453,49463,49558,49574,49473
2872,49439,49430,49485,49468,49507,49453,49463,49558,49574,49473
2873,49439,49430,49485,49468,49507,49453,49463,49558,49574,49473
2874,49439,49430,49485,49468,49507,49453,49463,49558,49574,49473
2875,49439,49430,49485,49468,49507,49453,49463,49558,49574,49473
2876,49439,49430,49485,49468,49507,49453,49463,49558,49574,49473
2877,49439,49430,49485,49468,49507,49453,49463,49558,49574,49473
2878,49439,49430,49485,49468,49507,49453,49463,49558,49574,49473
2879,49439,49430,49485,49468,49507,49453,49463,49558,49574,49473
2880,49439,49430,49485,49468,49507,49453,49463,49558,49574,49473
2881,49439,49430,49485,49468,49507,49453,49463,49558,49574,49473
2882,49439,49430,49485,49468,49507,49453,49463,49558,49574,49473
2883,49439,49430,49485,49468,49507,49457,49463,49558,49574,49473
2884,49439,49430,49485,49468,49507,49457,49463,49558,49574,49473
2885,49439,49430,49485,49468,49507,49457,49463,49558,49574,49473
2886,49439,49430,49485,49468,49507,49457,49463,49558,49574,49473
2887,49439,49430,49485,49468,49507,49457,49463,49558,49574,49473
2888,49439,49430,49485,49468,49507,49457,49463,49558,49574,49473
2889,49439,49430,49485,49468,49507,49457,49463,49558,49574,49473
2890,49439,49430,49485,49468,49507,49457,49463,49558,49574,49473
2891,49439,49430,49485,49468,49507,49457,49463,49558,49574,49473
2892,49439,49430,49485,49468,49507,49457,49463,49558,49574,49473
2893,49439,49430,49485,49468,49507,49457,49463,49558,49574,49473
2894,49439,49430,49485,49468,49507,49457,49463,49558,49574,49473
2895,49439,49430,49485,49468,49507,49457,49463,49558,49586,49473
2896,49439,49430,49485,49468,49507,49457,49463,49558,49586,49473
2897,49439,49430,49485,49468,49507,49457,49463,49558,49586,49473
2898,49439,49430,49485,49468,49507,49457,49463,49558,49586,49473
2899,49439,49430,49485,49468,49507,49457,49463,49558,49586,49473
2900,49439,49430,49485,49468,49507,49457,49463,49558,49586,49473
2901,49439,49430,49485,49468,49507,49457,49463,49558,49586,49473
2902,49439,49430,49485,49468,49507,49457,49463,49558,49586,49473
2903,49439,49430,49485,49468,49507,49457,49463,49558,49586,49473
2904,49439,49430,49485,49468,49507,49457,49463,49558,49586,49473
2905,49439,49430,49485,49468,49507,49457,49463,49558,49586,49473
2906,49439,49430,49485,49468,49507,49457,49463,49558,49586,49473
2907,49439,49430,49485,49468,49507,49457,49463,49558,49586,49473
2908,49439,49430,49485,49468,49507,49457,49463,49558,49586,49473
2909,49439,49430,49485,49468,49507,49457,49463,49558,49586,49473
2910,49439,49430,49485,49468,49507,49457,49463,49558,49586,49473
2911,49439,49430,49485,49468,49507,49457,49463,49558,49586,49473
2912,49439,49430,49485,49468,49507,49457,49463,49558,49586,49473
2913,49439,49430,49485,49468,49507,49457,49463,49558,49586,49473
2914,49439,49430,49485,49468,49507,49457,49463,49558,49586,49473
2915,49439,49430,49485,49468,49507,49457,49463,49558,49586,49473
2916,49439,49430,49485,49468,49507,49457,49463,49558,49586,49473
2917,49439,49430,49485,49468,49507,49457,49463,49558,49586,49473
2918,49439,49430,49485,49468,49507,49457,49463,49558,49586,49473
2919,49439,49430,49485,49468,49507,49457,49463,49558,49586,49473
2920,49439,49430,49485,49468,49507,49457,49463,49558,49586,49473
2921,49439,49430,49485,49468,49507,49457,49463,49558,49586,49473
2922,49439,49430,49485,49468,49507,49457,49463,49558,49586,49473
2923,49439,49430,49485,49468,49507,49457,49463,49558,49586,49473
2924,49439,49430,49485,49468,49507,49457,49463,49558,49586,49473
2925,49439,49430,49485,49468,49507,49457,49463,49558,49586,49473
2926,49439,49430,49485,49468,49507,49457,49463,49558,49586,49473
2927,49439,49430,49485,49468,49507,49457,49463,49558,49586,49473
2928,49439,49430,49485,49468,49507,49457,49463,49558,49586,49473
2929,49439,49430,49485,49468,49507,49457,49463,49558,49586,49473
2930,49439,49430,49485,49468,49507,49457,49463,49558,49586,49473
2931,49439,49430,49485,49468,49507,49457,49463,49558,49586,49473
2932,49439,49430,49485,49468,49507,49457,49463,49558,49586,49473
2933,49439,49430,49485,49468,49507,49457,49463,49558,49586,49473
2934,49439,49430,49485,49468,49507,49457,49463,49558,49586,49473
2935,49439,49430,49485,49468,49507,49457,49463,49558,49586,49473
2936,49439,49430,49485,49468,49507,49457,49463,49558,49586,49473
2937,49439,49430,49485,49468,49507,49457,49463,49558,49586,49473
2938,49439,49430,49485,49468,49507,49457,49463,49558,49586,49473
2939,49439,49430,49485,49468,49507,49457,49463,49558,49586,49473
2940,49439,49430,49485,49468,49507,49457,49463,49558,49586,49473
2941,49439,49430,49485,49468,49507,49457,49463,49558,49586,49473
2942,49439,49430,49485,49468,49507,49457,49463,49558,49586,49473
2943,49439,49430,49485,49468,49507,49457,49463,49558,49586,49473
2944,49439,49430,49485,49468,49507,49457,49463,49558,49586,49473
2945,49439,49430,49485,49468,49507,49457,49463,49558,49586,49473
2946,49439,49430,49485,49468,49507,49457,49463,49558,49586,49473
2947,49439,49430,49485,49468,49507,49457,49463,49558,49586,49473
2948,49439,49430,49485,49468,49507,49457,49463,49558,49586,49473
2949,49439,49430,49485,49468,49507,49457,49463,49558,49586,49473
2950,49439,49430,49485,49468,49507,49457,49463,49558,49586,49473
2951,49439,49430,49485,49468,49507,49457,49463,49558,49586,49473
2952,49439,49430,49485,49468,49507,49457,49463,49558,49586,49473
2953,49439,49430,49485,49468,49507,49457,49463,49558,49586,49473
2954,49439,49430,49485,49468,49507,49457,49463,49558,49586,49473
2955,49439,49430,49485,49468,49507,49457,49463,49558,49586,49473
2956,49439,49430,49485,49468,49507,49457,49463,49558,49586,49473
2957,49439,49430,49485,49468,49507,49457,49463,49558,49586,49473
2958,49439,49430,49497,49468,49507,49457,49463,49558,49586,49473
2959,49439,49430,49497,49468,49507,49457,49463,49558,49586,49473
2960,49439,49430,49497,49468,49507,49457,49463,49558,49586,49473
2961,49439,49430,49497,49468,49507,49457,49463,49558,49586,49473
2962,49439,49430,49497,49468,49507,49457,49463,49558,49586,49473
2963,49439,49430,49497,49468,49507,49457,49463,49558,49586,49473
2964,49439,49430,49497,49468,49507,49457,49463,49558,49586,49473
2965,49439,49430,49497,49468,49507,49457,49463,49558,49586,49473
2966,49439,49430,49497,49468,49507,49457,49463,49558,49586,49473
2967,49439,49430,49497,49468,49507,49457,49463,49558,49586,49473
2968,49439,49430,49497,49468,49507,49457,49463,49558,49586,49473
2969,49439,49430,49497,49468,49507,49457,49463,49558,49586,49473
2970,49439,49430,49497,49468,49507,49457,49463,49558,49586,49473
2971,49439,49430,49497,49468,49507,49457,49463,49558,49586,49473
2972,49439,49430,49497,49468,49507,49457,49463,49558,49586,49473
2973,49439,49430,49497,49468,49507,49457,49463,49558,49586,49473
2974,49439,49430,49497,49468,49507,49457,49463,49558,49586,49473
2975,49439,49430,49497,49468,49507,49457,49463,49558,49586,49473
2976,49439,49430,49497,49468,49507,49457,49463,49558,49586,49473
2977,49439,49430,49497,49468,49507,49457,49463,49558,49586,49473
2978,49439,49430,49497,49468,49507,49457,49463,49558,49586,49473
2979,49439,49430,49497,49468,49507,49457,49463,49558,49586,49473
2980,49439,49430,49497,49468,49507,49457,49463,49558,49586,49473
2981,49439,49430,49497,49468,49507,49457,49463,49558,49586,49473
2982,49439,49430,49497,49468,49507,49457,49463,49558,49586,49473
2983,49439,49430,49497,49468,49507,49457,49463,49558,49586,49473
2984,49439,49430,49497,49468,49507,49457,49463,49558,49586,49473
2985,49439,49430,49497,49468,49507,49457,49463,49558,49586,49473
2986,49439,49430,49497,49468,49507,49457,49463,49558,49586,49473
2987,49439,49430,49497,49468,49507,49457,49463,49558,49586,49473
2988,49439,49430,49497,49468,49507,49457,49463,49558,49586,49473
2989,49439,49430,49497,49468,49507,49457,49463,49558,49586,49473
2990,49439,49430,49497,49468,49507,49457,49463,49558,49586,49473
2991,49439,49430,49497,49468,49507,49457,49463,49558,49586,49473
2992,49439,49430,49497,49468,49507,49457,49463,49558,49586,49473
2993,49439,49430,49497,49468,49507,49457,49463,49558,49586,49473
2994,49439,49430,49497,49468,49507,49457,49463,49558,49586,49473
2995,49439,49430,49497,49468,49507,49457,49463,49558,49586,49473
2996,49439,49430,49497,49468,49507,49457,49463,49558,49586,49473
2997,49439,49430,49497,49468,49507,49457,49463,49558,49586,49473
2998,49439,49430,49497,49468,49507,49457,49463,49558,49586,49473
2999,49439,49430,49497,49468,49507,49457,49463,49558,49586,49473
3000,49439,49430,49497,49468,49507,49457,49463,49558,49586,49473
3001,49439,49430,49497,49468,49507,49457,49463,49558,49586,49473
3002,49439,49430,49497,49468,49507,49457,49463,49558,49586,49473
3003,49439,49430,49497,49468,49507,49457,49463,49558,49586,49473
3004,49439,49430,49497,49468,49507,49457,49463,49558,49586,49473
3005,49439,49430,49497,49468,49507,49457,49463,49558,49586,49473
3006,49439,49430,49497,49468,49507,49457,49463,49558,49586,49473
3007,49439,49430,49497,49468,49507,49457,49463,49558,49586,49473
3008,49439,49430,49497,49468,49507,49457,49463,49558,49586,49473
3009,49439,49430,49497,49468,49507,49457,49463,49558,49586,49473
3010,49439,49430,49497,49468,49507,49457,49463,49558,49586,49473
3011,49439,49430,49497,49468,49507,49457,49463,49558,49586,49473
3012,49439,49430,49497,49468,49507,49457,49463,49558,49586,49473
3013,49439,49430,49497,49468,49507,49457,49463,49558,49586,49473
3014,49439,49430,49497,49468,49507,49457,49463,49558,49586,49473
3015,49439,49430,49497,49468,49507,49457,49463,49558,49586,49473
3016,49439,49430,49497,49468,49507,49457,49463,49558,49586,49473
3017,49439,49430,49497,49468,49507,49457,49463,49558,49586,49473
3018,49439,49430,49497,49468,49507,49457,49463,49558,49586,49473
3019,49439,49430,49497,49468,49507,49457,49463,49558,49586,49473
3020,49439,49430,49497,49468,49507,49457,49463,49558,49586,49473
3021,49439,49430,49497,49468,49507,49457,49463,49558,49586,49473
3022,49439,49430,49497,49468,49507,49457,49463,49558,49586,49473
3023,49439,49430,49497,49468,49507,49457,49463,49558,49586,49473
3024,49439,49430,49497,49468,49507,49457,49463,49558,49586,49473
3025,49439,49430,49497,49468,49507,49457,49463,49558,49586,49473
3026,49439,49430,49497,49468,49507,49457,49463,49558,49586,49473
3027,49439,49430,49497,49468,49507,49457,49463,49558,49586,49473
3028,49439,49430,49497,49468,49507,49457,49463,49558,49586,49473
3029,49439,49430,49497,49468,49507,49457,49463,49558,49586,49473
3030,49439,49430,49497,49468,49507,49457,49463,49558,49586,49473
3031,49439,49430,49497,49468,49507,49457,49463,49558,49586,49473
3032,49439,49430,49497,49468,49507,49457,49463,49563,49586,49473
3033,49439,49430,49497,49468,49507,49457,49463,49563,49586,49473
3034,49439,49430,49497,49468,49507,49457,49463,49563,49586,49473
3035,49439,49430,49497,49468,49507,49457,49463,49563,49586,49473
3036,49439,49430,49497,49468,49507,49457,49463,49563,49586,49473
3037,49439,49430,49497,49468,49507,49457,49463,49563,49586,49473
3038,49439,49430,49497,49468,49507,49457,49463,49563,49586,49473
3039,49439,49430,49497,49468,49507,49457,49463,49563,49586,49473
3040,49439,49430,49497,49468,49507,49457,49463,49563,49586,49473
3041,49439,49430,49497,49468,49507,49457,49463,49563,49586,49473
3042,49439,49430,49497,49468,49507,49457,49463,49563,49586,49473
3043,49439,49430,49497,49468,49507,49457,49463,49563,49586,49473
3044,49439,49430,49497,49468,49507,49457,49463,49563,49586,49473
3045,49439,49430,49497,49468,49507,49457,49463,49563,49586,49473
3046,49439,49430,49497,49468,49507,49457,49463,49563,49586,49473
3047,49439,49430,49497,49468,49507,49457,49463,49563,49586,49473
3048,49439,49430,49497,49468,49507,49457,49463,49564,49586,49473
3049,49439,49430,49497,49468,49507,49457,49463,49564,49586,49473
3050,49439,49430,49497,49468,49507,49457,49463,49564,49586,49473
3051,49443,49430,49497,49468,49507,49457,49463,49564,49586,49473
3052,49443,49430,49497,49468,49507,49457,49463,49564,49586,49473
3053,49443,49430,49497,49468,49507,49457,49463,49564,49586,49473
3054,49443,49430,49497,49468,49507,49457,49463,49564,49586,49473
3055,49443,49430,49497,49468,49507,49457,49463,49564,49586,49473
3056,49443,49430,49497,49468,49507,49457,49463,49564,49586,49473
3057,49443,49430,49497,49468,49507,49457,49463,49564,49586,49473
3058,49443,49430,49497,49468,49507,49457,49463,49564,49586,49473
3059,49443,49430,49497,49468,49507,49457,49463,49564,49586,49473
3060,49443,49430,49497,49468,49507,49457,49463,49564,49586,49473
3061,49443,49430,49497,49468,49507,49457,49463,49564,49586,49473
3062,49443,49430,49497,49468,49507,49457,49463,49564,49586,49473
3063,49464,49430,49497,49468,49507,49457,49463,49564,49586,49473
3064,49464,49430,49497,49468,49507,49457,49463,49564,49586,49473
3065,49464,49430,49497,49468,49507,49472,49463,49564,49586,49473
3066,49464,49430,49497,49468,49507,49472,49463,49564,49586,49473
3067,49464,49430,49497,49468,49507,49472,49463,49572,49586,49473
3068,49464,49430,49497,49468,49507,49472,49463,49572,49586,49473
3069,49464,49430,49497,49468,49507,49472,49463,49572,49586,49473
3070,49464,49430,49497,49468,49507,49472,49463,49572,49586,49473
3071,49464,49430,49497,49468,49507,49484,49463,49572,49586,49473
3072,49464,49430,49497,49468,49507,49484,49463,49572,49586,49473
3073,49464,49430,49497,49468,49507,49484,49463,49572,49586,49473
3074,49464,49430,49497,49468,49507,49484,49463,49572,49586,49473
3075,49464,49430,49497,49468,49507,49494,49463,49572,49586,49473
3076,49464,49430,49497,49468,49507,49494,49463,49572,49586,49473
3077,49464,49430,49497,49468,49507,49494,49463,49572,49586,49473
3078,49464,49430,49497,49468,49507,49494,49463,49572,49586,49473
3079,49464,49430,49497,49468,49507,49494,49463,49572,49586,49473
3080,49464,49430,49497,49468,49507,49494,49463,49572,49586,49473
3081,49464,49430,49497,49468,49507,49494,49463,49572,49586,49473
3082,49464,49430,49497,49468,49507,49494,49463,49572,49586,49473
3083,49464,49430,49497,49468,49507,49494,49463,49572,49586,49473
3084,49464,49430,49497,49468,49507,49494,49463,49572,49586,49473
3085,49464,49430,49497,49468,49507,49494,49463,49572,49586,49473
3086,49464,49430,49497,49468,49507,49494,49463,49572,49586,49473
3087,49464,49430,49497,49468,49507,49494,49463,49572,49586,49473
3088,49464,49430,49497,49468,49507,49494,49463,49572,49586,49473
3089,49464,49430,49497,49468,49507,49494,49463,49572,49586,49473
3090,49464,49430,49497,49468,49507,49494,49463,49572,49586,49473
3091,49464,49430,49497,49468,49507,49494,49463,49572,49586,49473
3092,49464,49430,49497,49468,49507,49494,49463,49572,49586,49473
3093,49464,49430,49497,49468,49507,49494,49463,49572,49586,49473
3094,49464,49430,49497,49468,49507,49494,49463,49572,49586,49473
3095,49464,49430,49497,49468,49507,49494,49463,49572,49586,49473
3096,49464,49430,49497,49468,49507,49494,49463,49572,49586,49473
3097,49464,49430,49497,49468,49507,49494,49463,49572,49586,49473
3098,49464,49430,49497,49468,49507,49494,49463,49572,49586,49473
3099,49464,49430,49497,49468,49507,49494,49463,49572,49586,49473
3100,49464,49430,49497,49468,49507,49494,49463,49572,49586,49473
3101,49464,49430,49497,49468,49507,49494,49463,49572,49586,49473
3102,49464,49430,49497,49468,49507,49494,49463,49572,49586,49473
3103,49464,49430,49497,49468,49507,49494,49463,49572,49586,49473
3104,49464,49430,49497,49468,49507,49494,49463,49572,49586,49473
3105,49464,49430,49497,49468,49507,49494,49463,49584,49586,49473
3106,49464,49430,49497,49468,49507,49494,49463,49584,49586,49473
3107,49464,49430,49497,49468,49507,49494,49463,49584,49586,49473
3108,49464,49430,49497,49468,49507,49494,49463,49584,49586,49473
3109,49464,49430,49497,49468,49507,49494,49463,49584,49586,49473
3110,49464,49430,49497,49468,49507,49494,49463,49584,49586,49473
3111,49464,49430,49497,49468,49507,49494,49463,49584,49586,49473
3112,49464,49430,49497,49468,49507,49494,49463,49584,49586,49473
3113,49464,49430,49497,49468,49507,49494,49463,49584,49586,49473
3114,49464,49430,49497,49468,49507,49494,49463,49584,49586,49473
3115,49464,49430,49497,49468,49507,49494,49463,49584,49586,49473
3116,49464,49430,49497,49468,49507,49494,49463,49584,49586,49473
3117,49464,49430,49497,49468,49507,49494,49463,49584,49586,49473
3118,49464,49430,49497,49468,49507,49494,49463,49584,49586,49473
3119,49464,49430,49497,49468,49507,49494,49463,49584,49586,49473
3120,49464,49430,49497,49468,49507,49494,49463,49584,49586,49473
3121,49464,49430,49497,49468,49507,49494,49463,49584,49586,49473
3122,49464,49430,49497,49468,49507,49494,49463,49584,49586,49473
3123,49464,49430,49497,49468,49507,49494,49463,49584,49586,49473
3124,49464,49430,49497,49468,49507,49494,49463,49584,49586,49473
3125,49464,49430,49497,49468,49507,49494,49463,49584,49586,49473
3126,49464,49430,49497,49468,49507,49494,49463,49584,49586,49473
3127,49464,49430,49497,49468,49507,49494,49463,49584,49586,49473
3128,49464,49430,49497,49468,49507,49494,49463,49584,49586,49473
3129,49464,49430,49497,49468,49507,49494,49463,49584,49586,49473
3130,49464,49430,49497,49468,49507,49494,49463,49584,49586,49473
3131,49464,49430,49497,49468,49507,49494,49463,49584,49586,49473
3132,49464,49430,49497,49468,49507,49494,49463,49584,49586,49473
3133,49464,49430,49497,49468,49507,49494,49463,49584,49586,49473
3134,49464,49430,49497,49468,49507,49499,49463,49584,49586,49473
3135,49464,49430,49497,49468,49507,49499,49463,49584,49586,49473
3136,49464,49430,49497,49468,49507,49499,49463,49584,49586,49473
3137,49464,49430,49497,49468,49507,49499,49463,49584,49586,49473
3138,49464,49430,49497,49468,49507,49499,49463,49584,49586,49473
3139,49464,49430,49497,49468,49507,49499,49463,49584,49586,49473
3140,49464,49430,49497,49468,49507,49499,49463,49584,49586,49473
3141,49464,49430,49497,49468,49507,49499,49463,49584,49586,49473
3142,49464,49430,49497,49468,49507,49499,49463,49584,49586,49473
3143,49464,49430,49497,49468,49507,49499,49463,49584,49586,49473
3144,49464,49430,49497,49468,49507,49499,49463,49584,49586,49473
3145,49464,49430,49497,49468,49507,49499,49463,49584,49586,49473
3146,49464,49430,49497,49468,49507,49499,49463,49584,49586,49473
3147,49464,49430,49497,49468,49507,49499,49463,49584,49586,49473
3148,49464,49430,49497,49468,49507,49499,49463,49584,49586,49473
3149,49464,49430,49497,49468,49507,49499,49463,49584,49586,49473
3150,49464,49430,49497,49468,49507,49499,49463,49584,49586,49473
3151,49464,49430,49497,49468,49507,49499,49463,49584,49586,49473
3152,49464,49430,49497,49468,49507,49499,49463,49584,49586,49473
3153,49464,49430,49497,49468,49507,49499,49463,49584,49586,49473
3154,49464,49430,49497,49468,49507,49499,49463,49584,49586,49473
3155,49464,49430,49497,49468,49507,49499,49463,49584,49586,49473
3156,49464,49430,49497,49468,49507,49499,49463,49584,49586,49473
3157,49464,49430,49497,49468,49507,49499,49463,49584,49586,49473
3158,49464,49430,49497,49468,49507,49499,49463,49584,49586,49473
3159,49464,49430,49497,49468,49507,49499,49463,49584,49586,49473
3160,49464,49430,49497,49468,49507,49499,49463,49584,49586,49473
3161,49464,49430,49497,49468,49507,49499,49463,49584,49586,49473
3162,49464,49430,49497,49468,49507,49499,49463,49584,49586,49473
3163,49464,49430,49497,49468,49507,49499,49463,49584,49586,49473
3164,49464,49430,49497,49468,49507,49499,49463,49584,49586,49473
3165,49464,49430,49497,49468,49507,49499,49463,49584,49586,49473
3166,49464,49430,49497,49468,49507,49499,49463,49584,49586,49473
3167,49464,49430,49497,49468,49507,49499,49463,49584,49586,49473
3168,49464,49430,49497,49468,49507,49499,49463,49584,49586,49473
3169,49464,49430,49497,49468,49507,49499,49463,49584,49586,49473
3170,49464,49430,49497,49468,49507,49499,49463,49584,49586,49473
3171,49464,49430,49497,49468,49507,49499,49463,49584,49586,49473
3172,49464,49430,49497,49468,49507,49499,49463,49584,49586,49473
3173,49464,49430,49497,49468,49507,49499,49463,49584,49586,49473
3174,49464,49430,49497,49468,49507,49499,49463,49584,49586,49473
3175,49464,49430,49497,49468,49507,49499,49463,49584,49586,49473
3176,49464,49430,49497,49468,49507,49499,49463,49584,49586,49473
3177,49464,49430,49497,49468,49507,49499,49463,49584,49586,49473
3178,49464,49430,49497,49468,49507,49499,49463,49584,49586,49473
3179,49464,49430,49497,49468,49507,49499,49463,49584,49586,49473
3180,49464,49430,49497,49468,49507,49499,49463,49584,49586,49473
3181,49464,49430,49497,49468,49507,49499,49463,49584,49586,49473
3182,49464,49430,49497,49468,49507,49499,49463,49584,49586,49473
3183,49464,49430,49497,49468,49507,49499,49463,49584,49586,49475
3184,49464,49430,49497,49468,49507,49499,49463,49584,49586,49475
3185,49464,49430,49497,49468,49507,49499,49463,49584,49586,49475
3186,49464,49430,49497,49468,49507,49499,49463,49584,49586,49475
3187,49464,49430,49497,49468,49507,49499,49463,49584,49586,49475
3188,49464,49430,49497,49468,49507,49499,49463,49584,49586,49475
3189,49464,49430,49497,49468,49507,49499,49463,49584,49586,49475
3190,49464,49430,49497,49468,49507,49499,49463,49584,49586,49475
3191,49464,49430,49497,49468,49507,49499,49463,49584,49586,49475
3192,49464,49430,49497,49468,49507,49499,49463,49584,49586,49475
3193,49464,49430,49497,49468,49523,49499,49463,49584,49586,49475
3194,49464,49430,49497,49468,49523,49499,49463,49584,49586,49475
3195,49464,49430,49497,49468,49523,49499,49463,49584,49586,49475
3196,49464,49430,49497,49468,49523,49499,49463,49584,49586,49475
3197,49464,49430,49497,49468,49523,49499,49463,49584,49586,49475
3198,49464,49430,49497,49468,49523,49499,49463,49584,49586,49475
3199,49464,49430,49497,49468,49523,49499,49463,49584,49586,49475
3200,49464,49430,49497,49468,49523,49499,49463,49584,49586,49480
3201,49464,49430,49497,49468,49523,49499,49463,49584,49586,49480
3202,49464,49430,49497,49468,49523,49499,49463,49584,49586,49480
3203,49464,49430,49497,49468,49523,49499,49463,49584,49586,49480
3204,49464,49430,49497,49468,49523,49499,49463,49584,49586,49480
3205,49464,49430,49497,49468,49523,49499,49463,49584,49586,49494
3206,49464,49430,49497,49468,49523,49499,49463,49584,49586,49494
3207,49464,49430,49497,49468,49523,49499,49463,49584,49586,49494
3208,49464,49430,49497,49468,49523,49499,49463,49584,49586,49494
3209,49464,49430,49497,49468,49523,49499,49463,49584,49586,49494
3210,49464,49430,49497,49468,49523,49499,49463,49584,49586,49494
3211,49464,49430,49497,49468,49523,49499,49463,49584,49586,49494
3212,49464,49430,49497,49468,49523,49499,49463,49584,49586,49494
3213,49464,49430,49497,49468,49523,49499,49463,49584,49586,49494
3214,49464,49430,49497,49468,49523,49499,49463,49584,49586,49494
3215,49464,49430,49506,49468,49523,49499,49463,49584,49586,49494
3216,49464,49432,49506,49468,49523,49499,49463,49584,49586,49494
3217,49464,49432,49506,49468,49523,49499,49463,49584,49586,49494
3218,49464,49432,49506,49468,49523,49499,49463,49584,49586,49494
3219,49464,49448,49506,49468,49523,49499,49463,49584,49586,49494
3220,49464,49448,49506,49468,49523,49499,49463,49584,49586,49494
3221,49464,49448,49506,49468,49523,49499,49463,49584,49586,49494
3222,49464,49448,49506,49468,49523,49499,49463,49584,49586,49494
3223,49464,49448,49506,49468,49523,49499,49463,49584,49586,49494
3224,49464,49453,49506,49468,49523,49499,49463,49584,49586,49494
3225,49464,49453,49506,49468,49523,49499,49463,49584,49586,49494
3226,49464,49453,49506,49468,49523,49499,49463,49584,49586,49494
3227,49464,49453,49506,49468,49523,49499,49463,49584,49586,49494
3228,49464,49453,49506,49468,49523,49499,49463,49584,49586,49494
3229,49472,49453,49506,49468,49523,49499,49463,49584,49586,49494
3230,49472,49453,49506,49468,49523,49499,49463,49584,49586,49494
3231,49472,49453,49506,49468,49523,49499,49463,49584,49586,49494
3232,49472,49453,49506,49468,49523,49499,49463,49584,49586,49494
3233,49472,49453,49506,49468,49523,49499,49463,49584,49586,49494
3234,49472,49453,49506,49468,49523,49499,49463,49584,49586,49494
3235,49472,49453,49506,49468,49523,49499,49463,49584,49586,49494
3236,49472,49453,49506,49468,49523,49499,49463,49584,49586,49494
3237,49472,49464,49506,49468,49523,49499,49463,49584,49586,49494
3238,49472,49464,49506,49468,49523,49499,49463,49584,49586,49494
3239,49472,49464,49506,49468,49523,49499,49463,49584,49586,49494
3240,49472,49464,49506,49468,49523,49499,49463,49584,49586,49494
3241,49472,49464,49506,49468,49523,49499,49463,49584,49586,49494
3242,49472,49464,49506,49468,49523,49499,49463,49584,49586,49494
3243,49472,49464,49506,49468,49523,49499,49463,49584,49586,49494
3244,49472,49464,49506,49468,49523,49499,49463,49584,49586,49494
3245,49472,49464,49506,49468,49523,49499,49463,49584,49586,49494
3246,49472,49464,49506,49468,49523,49499,49463,49584,49586,49494
3247,49472,49464,49506,49468,49523,49499,49463,49584,49586,49494
3248,49472,49464,49506,49468,49523,49499,49463,49584,49586,49494
3249,49472,49464,49506,49468,49523,49499,49463,49584,49586,49494
3250,49472,49464,49506,49468,49523,49499,49463,49584,49586,49494
3251,49472,49464,49506,49468,49523,49499,49463,49585,49586,49494
3252,49472,49464,49506,49468,49523,49499,49463,49585,49586,49494
3253,49472,49464,49506,49468,49523,49499,49463,49585,49586,49494
3254,49472,49464,49506,49468,49523,49499,49463,49585,49586,49494
3255,49472,49464,49506,49468,49523,49499,49463,49585,49586,49494
3256,49472,49464,49506,49468,49523,49499,49463,49585,49586,49494
3257,49472,49464,49506,49468,49523,49499,49463,49585,49586,49494
3258,49472,49464,49506,49468,49523,49499,49463,49585,49586,49494
3259,49472,49464,49506,49468,49523,49499,49463,49585,49586,49494
3260,49472,49464,49506,49468,49523,49499,49463,49585,49586,49494
3261,49472,49464,49506,49468,49523,49499,49463,49585,49586,49494
3262,49472,49464,49506,49468,49523,49499,49463,49585,49586,49494
3263,49472,49464,49506,49468,49523,49499,49463,49585,49586,49494
3264,49472,49464,49506,49468,49523,49499,49463,49585,49586,49494
3265,49472,49464,49506,49468,49523,49499,49463,49585,49586,49494
3266,49472,49464,49506,49468,49523,49499,49463,49585,49586,49494
3267,49472,49464,49506,49468,49523,49499,49463,49585,49586,49494
3268,49472,49464,49506,49468,49523,49499,49463,49585,49586,49494
3269,49472,49464,49506,49468,49523,49499,49463,49585,49586,49494
3270,49472,49464,49506,49468,49523,49499,49463,49585,49586,49494
3271,49472,49464,49506,49468,49523,49499,49463,49585,49586,49494
3272,49472,49464,49506,49468,49523,49499,49463,49585,49586,49494
3273,49472,49464,49506,49468,49523,49499,49463,49585,49586,49494
3274,49472,49464,49506,49468,49523,49499,49463,49585,49586,49494
3275,49472,49464,49506,49468,49523,49499,49463,49585,49586,49494
3276,49472,49464,49506,49468,49523,49499,49463,49585,49586,49494
3277,49472,49464,49506,49468,49523,49499,49463,49585,49586,49494
3278,49472,49464,49506,49468,49523,49499,49463,49585,49586,49494
3279,49472,49464,49506,49468,49523,49499,49463,49585,49586,49494
3280,49472,49464,49506,49468,49523,49499,49463,49585,49586,49494
3281,49475,49464,49506,49468,49523,49499,49463,49585,49586,49494
3282,49475,49464,49506,49468,49523,49499,49463,49585,49586,49494
3283,49475,49464,49506,49468,49523,49499,49463,49585,49586,49494
3284,49475,49464,49506,49468,49523,49499,49463,49585,49586,49494
3285,49475,49464,49506,49468,49523,49499,49463,49585,49586,49494
3286,49475,49464,49506,49468,49523,49499,49463,49585,49586,49494
3287,49475,49464,49506,49468,49523,49499,49463,49585,49586,49494
3288,49475,49464,49506,49468,49523,49499,49463,49585,49586,49494
3289,49475,49464,49506,49468,49523,49499,49463,49585,49586,49494
3290,49475,49464,49506,49468,49523,49499,49463,49585,49586,49494
3291,49475,49464,49506,49468,49523,49499,49463,49585,49586,49494
3292,49475,49464,49506,49468,49523,49499,49463,49585,49586,49494
3293,49475,49464,49506,49468,49523,49499,49463,49585,49586,49494
3294,49475,49464,49506,49468,49523,49499,49463,49585,49586,49494
3295,49475,49464,49506,49468,49523,49499,49463,49585,49586,49494
3296,49475,49464,49506,49468,49523,49499,49463,49585,49586,49494
3297,49475,49464,49506,49468,49523,49499,49463,49585,49586,49494
3298,49475,49464,49506,49468,49523,49499,49463,49585,49586,49494
3299,49475,49464,49506,49468,49523,49499,49463,49585,49586,49494
3300,49475,49464,49506,49468,49523,49499,49463,49585,49586,49494
3301,49475,49464,49506,49468,49523,49499,49463,49585,49586,49494
3302,49475,49464,49506,49468,49523,49499,49463,49585,49586,49494
3303,49475,49464,49506,49468,49523,49499,49463,49585,49586,49494
3304,49475,49464,49506,49468,49523,49499,49463,49585,49586,49494
3305,49475,49464,49506,49468,49523,49499,49463,49585,49586,49494
3306,49475,49464,49506,49468,49523,49499,49463,49585,49586,49494
3307,49475,49464,49506,49468,49523,49499,49463,49585,49586,49494
3308,49475,49464,49506,49468,49523,49499,49463,49585,49586,49494
3309,49475,49464,49506,49468,49523,49499,49463,49585,49586,49494
3310,49475,49464,49506,49483,49523,49499,49463,49585,49586,49494
3311,49475,49464,49506,49483,49523,49499,49463,49585,49586,49494
3312,49475,49464,49506,49483,49523,49499,49463,49585,49586,49494
3313,49475,49464,49506,49483,49523,49499,49463,49585,49586,49494
3314,49475,49464,49506,49483,49523,49499,49463,49585,49586,49494
3315,49475,49464,49506,49483,49523,49499,49463,49585,49586,49494
3316,49475,49464,49506,49483,49523,49499,49463,49585,49586,49494
3317,49475,49464,49506,49483,49523,49499,49463,49585,49586,49494
3318,49475,49464,49506,49483,49523,49499,49463,49585,49586,49494
3319,49475,49464,49506,49483,49523,49499,49463,49585,49586,49494
3320,49475,49464,49506,49483,49523,49499,49463,49585,49586,49494
3321,49475,49464,49506,49483,49523,49499,49463,49585,49586,49494
3322,49475,49464,49506,49483,49523,49499,49463,49585,49586,49498
3323,49475,49464,49506,49483,49523,49499,49463,49585,49586,49498
3324,49475,49464,49506,49483,49523,49499,49463,49585,49586,49498
3325,49475,49464,49506,49483,49523,49499,49463,49585,49586,49498
3326,49475,49464,49506,49483,49523,49499,49463,49585,49586,49498
3327,49475,49464,49506,49483,49523,49499,49463,49585,49586,49498
3328,49475,49464,49506,49483,49523,49499,49463,49585,49586,49498
3329,49475,49464,49506,49483,49523,49499,49463,49585,49586,49498
3330,49475,49464,49506,49483,49523,49499,49463,49585,49586,49498
3331,49475,49464,49506,49483,49523,49499,49463,49585,49586,49505
3332,49475,49464,49506,49483,49523,49499,49463,49585,49586,49505
3333,49475,49468,49506,49483,49523,49499,49463,49585,49586,49505
3334,49475,49468,49506,49483,49523,49499,49463,49585,49586,49505
3335,49477,49468,49506,49483,49523,49499,49463,49585,49586,49505
3336,49477,49468,49506,49483,49523,49499,49463,49585,49586,49505
3337,49477,49468,49506,49483,49523,49499,49463,49585,49586,49505
3338,49477,49468,49506,49483,49523,49499,49463,49585,49586,49505
3339,49477,49468,49506,49483,49523,49499,49463,49585,49586,49505
3340,49477,49468,49506,49483,49523,49499,49463,49585,49586,49505
3341,49477,49468,49506,49483,49523,49499,49463,49585,49586,49505
3342,49477,49468,49506,49483,49523,49499,49463,49585,49586,49505
3343,49477,49468,49506,49483,49523,49499,49463,49585,49586,49505
3344,49477,49468,49506,49483,49523,49499,49463,49585,49586,49505
3345,49477,49468,49506,49483,49523,49499,49463,49585,49586,49505
3346,49477,49468,49506,49483,49523,49499,49463,49585,49586,49505
3347,49477,49468,49506,49483,49523,49499,49463,49585,49586,49505
3348,49477,49468,49506,49483,49523,49499,49463,49585,49586,49505
3349,49477,49468,49506,49483,49523,49499,49463,49585,49586,49505
3350,49477,49468,49506,49483,49523,49499,49463,49585,49586,49505
3351,49477,49468,49506,49483,49523,49499,49463,49585,49586,49505
3352,49477,49468,49506,49483,49523,49499,49463,49585,49586,49505
3353,49477,49468,49506,49483,49523,49499,49463,49585,49586,49505
3354,49477,49468,49506,49483,49523,49499,49463,49585,49586,49505
3355,49477,49468,49506,49483,49523,49499,49463,49585,49586,49505
3356,49477,49468,49506,49483,49523,49499,49463,49585,49586,49505
3357,49477,49468,49506,49483,49523,49499,49463,49585,49586,49505
3358,49477,49468,49506,49483,49523,49499,49463,49585,49586,49505
3359,49477,49468,49506,49483,49523,49499,49463,49585,49586,49505
3360,49477,49468,49506,49483,49523,49499,49463,49585,49586,49505
3361,49477,49468,49506,49483,49523,49499,49463,49585,49586,49505
3362,49477,49468,49506,49483,49523,49499,49463,49585,49586,49505
3363,49477,49468,49506,49483,49523,49499,49463,49585,49586,49505
3364,49477,49468,49506,49483,49523,49499,49463,49585,49586,49505
3365,49477,49468,49506,49483,49523,49499,49463,49585,49586,49505
3366,49477,49468,49506,49483,49523,49499,49463,49585,49586,49505
3367,49477,49468,49506,49483,49523,49499,49463,49585,49586,49505
3368,49477,49468,49506,49483,49523,49499,49463,49585,49586,49505
3369,49477,49468,49506,49483,49523,49499,49463,49585,49586,49505
3370,49477,49468,49506,49483,49523,49499,49463,49585,49586,49505
3371,49477,49468,49506,49483,49523,49499,49463,49585,49586,49505
3372,49477,49468,49506,49483,49523,49499,49463,49585,49586,49505
3373,49477,49468,49506,49483,49523,49499,49463,49585,49586,49505
3374,49477,49468,49506,49483,49523,49499,49463,49585,49586,49505
3375,49495,49468,49506,49483,49523,49501,49463,49585,49586,49505
3376,49495,49468,49506,49483,49523,49501,49463,49585,49586,49505
3377,49495,49468,49506,49483,49523,49501,49463,49585,49586,49505
3378,49495,49468,49506,49483,49523,49501,49463,49585,49586,49505
3379,49495,49468,49508,49483,49523,49501,49463,49585,49586,49505
3380,49495,49468,49508,49483,49523,49501,49463,49585,49586,49505
3381,49495,49468,49508,49483,49523,49501,49463,49585,49586,49505
3382,49495,49468,49508,49483,49523,49501,49463,49585,49586,49505
3383,49495,49468,49508,49483,49523,49501,49463,49585,49586,49505
3384,49495,49468,49508,49483,49523,49501,49463,49585,49586,49505
3385,49495,49468,49508,49483,49523,49501,49463,49585,49586,49505
3386,49495,49468,49508,49483,49523,49501,49463,49585,49586,49505
3387,49495,49468,49508,49483,49523,49501,49463,49585,49586,49505
3388,49495,49468,49508,49483,49523,49501,49463,49585,49586,49505
3389,49495,49468,49508,49483,49523,49501,49463,49585,49586,49505
3390,49495,49468,49508,49483,49523,49501,49463,49585,49586,49505
3391,49495,49468,49508,49483,49523,49501,49463,49585,49586,49505
3392,49495,49468,49508,49483,49523,49501,49463,49585,49586,49505
3393,49495,49468,49508,49483,49523,49501,49463,49585,49586,49505
3394,49495,49468,49508,49483,49523,49501,49463,49585,49586,49505
3395,49495,49468,49508,49483,49523,49501,49463,49585,49586,49505
3396,49495,49468,49508,49483,49523,49501,49463,49585,49586,49505
3397,49495,49468,49508,49483,49523,49501,49463,49585,49586,49505
3398,49495,49468,49508,49483,49523,49501,49463,49585,49586,49505
3399,49495,49468,49508,49483,49523,49501,49463,49585,49586,49505
3400,49495,49468,49508,49483,49523,49501,49463,49585,49586,49505
3401,49495,49468,49508,49483,49523,49501,49463,49585,49586,49505
3402,49495,49468,49508,49483,49523,49501,49463,49585,49586,49505
3403,49495,49487,49508,49483,49523,49501,49463,49596,49586,49505
3404,49495,49487,49508,49483,49523,49501,49463,49596,49586,49505
3405,49495,49487,49508,49483,49523,49501,49463,49596,49586,49505
3406,49495,49487,49508,49483,49523,49501,49463,49596,49586,49505
3407,49495,49487,49508,49483,49523,49501,49463,49596,49586,49505
3408,49495,49487,49508,49483,49523,49501,49463,49596,49586,49505
3409,49495,49487,49508,49483,49523,49501,49463,49596,49586,49505
3410,49495,49487,49508,49483,49523,49501,49463,49596,49586,49505
3411,49495,49487,49508,49483,49523,49501,49463,49596,49586,49505
3412,49495,49487,49508,49483,49523,49501,49463,49596,49586,49505
3413,49495,49487,49508,49483,49523,49501,49463,49596,49586,49505
3414,49495,49487,49508,49483,49523,49501,49463,49596,49586,49505
3415,49495,49487,49508,49483,49523,49501,49463,49596,49586,49505
3416,49495,49487,49508,49483,49523,49501,49463,49596,49586,49505
3417,49495,49487,49508,49483,49523,49501,49463,49596,49586,49505
3418,49495,49487,49508,49483,49523,49501,49463,49596,49586,49505
3419,49495,49487,49508,49483,49523,49501,49463,49596,49586,49505
3420,49495,49487,49508,49483,49523,49501,49463,49596,49586,49505
3421,49495,49487,49508,49483,49523,49501,49463,49596,49586,49505
3422,49495,49489,49508,49483,49523,49501,49463,49596,49586,49505
3423,49495,49489,49508,49483,49523,49501,49463,49596,49586,49505
3424,49495,49489,49508,49483,49523,49501,49463,49596,49586,49505
3425,49495,49489,49508,49483,49523,49501,49463,49596,49586,49505
3426,49498,49489,49508,49483,49523,49501,49463,49596,49586,49505
3427,49498,49489,49508,49483,49523,49501,49463,49596,49586,49505
3428,49498,49489,49508,49483,49523,49501,49463,49596,49586,49505
3429,49498,49489,49508,49483,49523,49501,49463,49596,49586,49505
3430,49533,49489,49508,49483,49523,49501,49463,49596,49586,49505
3431,49533,49489,49508,49483,49523,49501,49463,49596,49586,49505
3432,49533,49489,49508,49483,49523,49501,49463,49596,49586,49505
3433,49533,49489,49508,49483,49523,49501,49463,49596,49586,49505
3434,49533,49489,49508,49483,49523,49501,49463,49596,49586,49505
3435,49533,49489,49508,49483,49523,49501,49463,49596,49586,49505
3436,49533,49489,49508,49483,49523,49501,49463,49596,49586,49505
3437,49533,49489,49508,49483,49523,49501,49463,49596,49586,49505
3438,49533,49504,49508,49483,49523,49501,49463,49596,49586,49505
3439,49533,49504,49508,49483,49523,49501,49463,49596,49586,49505
3440,49533,49504,49508,49483,49523,49501,49463,49596,49586,49505
3441,49533,49504,49508,49483,49523,49501,49463,49596,49586,49505
3442,49533,49504,49508,49483,49523,49501,49463,49596,49586,49505
3443,49533,49504,49508,49483,49523,49501,49463,49596,49586,49505
3444,49533,49504,49508,49483,49523,49501,49463,49596,49586,49505
3445,49533,49504,49508,49483,49523,49501,49463,49596,49586,49505
3446,49533,49504,49508,49483,49523,49501,49463,49596,49586,49505
3447,49533,49504,49508,49483,49523,49501,49463,49596,49586,49505
3448,49533,49504,49508,49483,49523,49501,49463,49596,49586,49505
3449,49533,49504,49508,49483,49523,49501,49463,49596,49586,49505
3450,49533,49504,49508,49483,49523,49501,49463,49596,49586,49505
3451,49533,49504,49508,49483,49523,49501,49463,49596,49586,49505
3452,49533,49506,49508,49483,49523,49501,49463,49596,49586,49505
3453,49533,49506,49508,49483,49523,49501,49463,49596,49586,49505
3454,49533,49506,49508,49483,49523,49501,49463,49596,49586,49505
3455,49533,49506,49508,49483,49523,49501,49463,49596,49586,49505
3456,49533,49506,49508,49483,49523,49501,49463,49596,49586,49515
3457,49533,49506,49508,49483,49523,49501,49463,49596,49586,49515
3458,49533,49506,49508,49483,49523,49501,49463,49596,49586,49515
3459,49533,49506,49517,49483,49523,49501,49463,49596,49586,49515
3460,49533,49506,49517,49483,49523,49501,49463,49596,49586,49515
3461,49533,49506,49517,49483,49523,49501,49463,49596,49586,49515
3462,49533,49506,49517,49483,49523,49501,49463,49596,49586,49515
3463,49533,49506,49517,49483,49523,49501,49463,49596,49586,49515
3464,49533,49506,49517,49483,49523,49501,49463,49600,49586,49515
3465,49533,49506,49517,49483,49523,49501,49463,49600,49586,49515
3466,49533,49506,49523,49483,49523,49501,49463,49600,49586,49515
3467,49533,49506,49523,49483,49523,49501,49463,49600,49586,49515
3468,49533,49506,49523,49483,49523,49501,49463,49600,49586,49515
3469,49533,49506,49523,49483,49523,49501,49463,49600,49586,49515
3470,49533,49506,49523,49483,49523,49501,49463,49600,49586,49515
3471,49533,49506,49523,49483,49523,49501,49463,49600,49586,49515
3472,49533,49506,49523,49483,49523,49501,49463,49600,49586,49515
3473,49533,49506,49523,49483,49523,49501,49463,49600,49586,49515
3474,49533,49506,49523,49483,49523,49501,49463,49600,49586,49515
3475,49533,49506,49523,49483,49523,49501,49463,49600,49586,49515
3476,49533,49506,49523,49483,49523,49501,49463,49600,49586,49515
3477,49533,49506,49523,49483,49523,49501,49463,49600,49586,49515
3478,49533,49506,49523,49483,49523,49501,49463,49600,49586,49515
3479,49533,49506,49523,49483,49523,49501,49463,49600,49586,49515
3480,49533,49506,49523,49483,49523,49501,49463,49600,49586,49515
3481,49533,49506,49523,49483,49523,49501,49463,49600,49586,49515
3482,49533,49506,49523,49483,49523,49501,49463,49600,49586,49515
3483,49533,49506,49523,49483,49523,49501,49463,49600,49586,49515
3484,49533,49531,49523,49483,49523,49501,49463,49600,49586,49515
3485,49533,49531,49523,49483,49523,49501,49463,49600,49586,49515
3486,49533,49531,49523,49483,49523,49501,49463,49600,49586,49515
3487,49533,49531,49523,49483,49523,49501,49463,49600,49586,49515
3488,49533,49531,49523,49483,49523,49501,49463,49600,49586,49515
3489,49533,49531,49523,49483,49523,49501,49463,49600,49586,49515
3490,49533,49531,49523,49483,49523,49501,49463,49600,49586,49515
3491,49533,49531,49523,49483,49523,49501,49463,49600,49586,49515
3492,49533,49531,49523,49483,49523,49501,49463,49600,49586,49515
3493,49533,49531,49523,49483,49523,49501,49463,49600,49602,49515
3494,49533,49531,49523,49483,49523,49501,49463,49600,49602,49515
3495,49533,49531,49523,49483,49523,49501,49463,49600,49602,49515
3496,49533,49531,49523,49483,49523,49501,49463,49600,49602,49515
3497,49533,49531,49523,49483,49523,49501,49463,49600,49602,49515
3498,49533,49531,49523,49483,49523,49501,49463,49600,49602,49515
3499,49533,49531,49523,49483,49523,49501,49463,49600,49602,49515
3500,49533,49531,49523,49483,49523,49501,49463,49600,49602,49515
3501,49533,49531,49523,49483,49523,49501,49463,49600,49602,49515
3502,49533,49531,49523,49483,49523,49501,49463,49600,49602,49515
3503,49533,49531,49523,49483,49523,49501,49463,49600,49602,49515
3504,49533,49531,49523,49483,49523,49501,49463,49600,49602,49515
3505,49533,49531,49523,49483,49523,49501,49463,49600,49602,49515
3506,49533,49531,49523,49483,49523,49501,49463,49600,49602,49515
3507,49533,49531,49523,49483,49523,49501,49463,49600,49602,49515
3508,49533,49531,49523,49483,49523,49501,49463,49600,49602,49515
3509,49533,49531,49523,49483,49523,49501,49463,49600,49602,49515
3510,49533,49531,49523,49483,49523,49501,49463,49600,49602,49515
3511,49533,49531,49523,49483,49523,49501,49463,49600,49602,49515
3512,49533,49531,49523,49483,49523,49501,49463,49600,49602,49515
3513,49533,49531,49523,49483,49523,49501,49463,49600,49602,49515
3514,49533,49531,49523,49483,49523,49501,49463,49600,49602,49515
3515,49533,49531,49523,49483,49523,49501,49463,49600,49602,49515
3516,49533,49531,49523,49483,49523,49501,49463,49600,49602,49515
3517,49533,49531,49523,49483,49523,49501,49463,49600,49602,49515
3518,49533,49531,49523,49483,49523,49501,49463,49600,49614,49515
3519,49533,49531,49523,49483,49523,49501,49463,49600,49614,49515
3520,49533,49531,49523,49483,49523,49501,49463,49621,49614,49515
3521,49533,49531,49523,49483,49523,49501,49463,49621,49614,49515
3522,49533,49531,49523,49483,49523,49501,49463,49621,49614,49515
3523,49533,49531,49526,49483,49523,49501,49463,49621,49614,49515
3524,49533,49531,49526,49483,49523,49501,49463,49621,49614,49515
3525,49533,49531,49526,49483,49523,49501,49463,49621,49614,49515
3526,49533,49531,49526,49483,49523,49501,49463,49621,49614,49515
3527,49533,49531,49526,49483,49523,49501,49463,49621,49614,49515
3528,49533,49531,49526,49483,49523,49501,49463,49621,49614,49515
3529,49533,49531,49526,49483,49523,49501,49463,49621,49614,49515
3530,49533,49531,49526,49483,49523,49501,49463,49621,49614,49515
3531,49533,49531,49526,49483,49523,49501,49463,49621,49614,49515
3532,49533,49531,49526,49483,49523,49501,49463,49621,49614,49515
3533,49533,49531,49526,49483,49523,49501,49463,49621,49614,49515
3534,49533,49531,49526,49483,49523,49501,49463,49621,49614,49515
3535,49533,49531,49526,49483,49523,49501,49463,49621,49614,49515
3536,49533,49531,49526,49483,49523,49501,49463,49621,49614,49515
3537,49533,49531,49526,49483,49523,49501,49463,49621,49614,49515
3538,49533,49531,49526,49483,49523,49501,49463,49621,49614,49515
3539,49533,49531,49526,49483,49523,49501,49463,49621,49614,49515
3540,49533,49531,49526,49483,49523,49501,49463,49621,49614,49541
3541,49533,49531,49526,49483,49523,49501,49463,49621,49614,49541
3542,49533,49531,49526,49483,49523,49501,49463,49621,49614,49541
3543,49533,49531,49526,49483,49523,49501,49463,49621,49614,49541
3544,49533,49531,49526,49483,49523,49501,49463,49621,49614,49541
3545,49533,49531,49526,49483,49523,49501,49463,49621,49614,49541
3546,49533,49531,49526,49483,49523,49501,49463,49621,49614,49541
3547,49533,49531,49526,49483,49523,49501,49463,49621,49614,49541
3548,49533,49531,49526,49483,49523,49501,49463,49621,49614,49541
3549,49533,49531,49526,49483,49523,49501,49463,49621,49614,49541
3550,49533,49531,49526,49483,49523,49501,49463,49621,49614,49541
3551,49533,49531,49526,49483,49523,49501,49463,49621,49614,49541
3552,49533,49531,49526,49483,49523,49501,49463,49621,49614,49541
3553,49533,49531,49526,49483,49523,49501,49463,49621,49614,49541
3554,49533,49531,49526,49483,49523,49501,49463,49621,49614,49541
3555,49533,49531,49526,49483,49523,49501,49463,49621,49614,49541
3556,49533,49531,49526,49483,49523,49513,49463,49621,49614,49541
3557,49533,49531,49526,49483,49523,49513,49463,49621,49614,49541
3558,49533,49531,49526,49483,49523,49513,49463,49621,49614,49541
3559,49533,49531,49526,49483,49523,49513,49463,49621,49614,49541
3560,49533,49531,49526,49483,49523,49513,49463,49621,49614,49541
3561,49533,49531,49526,49483,49523,49513,49463,49621,49614,49541
3562,49533,49531,49526,49483,49523,49513,49463,49621,49614,49541
3563,49533,49531,49526,49483,49523,49513,49463,49621,49614,49541
3564,49533,49531,49526,49483,49523,49513,49463,49621,49614,49541
3565,49533,49531,49526,49483,49523,49513,49463,49621,49614,49541
3566,49533,49531,49526,49483,49523,49513,49463,49621,49614,49541
3567,49533,49531,49526,49483,49523,49513,49463,49621,49614,49541
3568,49533,49531,49526,49483,49523,49513,49463,49621,49614,49541
3569,49533,49531,49526,49483,49523,49513,49463,49621,49614,49541
3570,49533,49531,49526,49483,49523,49513,49463,49621,49614,49541
3571,49533,49531,49526,49483,49523,49513,49463,49621,49614,49541
3572,49533,49531,49526,49483,49523,49513,49463,49621,49614,49541
3573,49533,49531,49526,49483,49523,49513,49463,49621,49614,49541
3574,49533,49531,49526,49483,49523,49513,49463,49621,49614,49541
3575,49533,49531,49526,49483,49523,49513,49463,49621,49614,49541
3576,49533,49531,49526,49483,49523,49513,49463,49621,49614,49541
3577,49533,49531,49526,49483,49523,49513,49463,49621,49614,49541
3578,49533,49531,49526,49483,49523,49513,49463,49621,49614,49541
3579,49533,49531,49526,49483,49523,49513,49463,49621,49614,49541
3580,49533,49531,49526,49483,49523,49513,49463,49621,49614,49541
3581,49533,49531,49526,49483,49523,49513,49463,49621,49614,49541
3582,49533,49531,49526,49483,49523,49513,49463,49621,49614,49541
3583,49533,49531,49526,49483,49523,49513,49463,49621,49614,49541
3584,49533,49531,49526,49483,49523,49513,49463,49621,49614,49541
3585,49533,49531,49526,49483,49523,49513,49463,49621,49614,49541
3586,49533,49531,49526,49483,49523,49513,49463,49621,49614,49541
3587,49533,49531,49526,49483,49523,49513,49463,49621,49614,49541
3588,49533,49531,49526,49483,49523,49513,49463,49621,49614,49541
3589,49533,49531,49526,49483,49523,49513,49463,49621,49614,49541
3590,49533,49531,49526,49483,49523,49513,49463,49621,49619,49541
3591,49533,49531,49526,49483,49523,49513,49463,49621,49619,49541
3592,49533,49531,49526,49483,49523,49513,49463,49621,49619,49541
3593,49533,49531,49526,49483,49523,49513,49463,49621,49619,49541
3594,49533,49531,49526,49483,49523,49513,49463,49621,49619,49541
3595,49533,49531,49526,49483,49523,49513,49463,49621,49619,49541
3596,49533,49531,49526,49483,49523,49513,49463,49621,49619,49541
3597,49533,49531,49526,49483,49523,49513,49463,49621,49619,49541
3598,49533,49531,49526,49483,49523,49513,49463,49621,49619,49541
3599,49533,49531,49526,49483,49523,49513,49463,49621,49619,49541
3600,49533,49531,49526,49483,49523,49513,49463,49621,49619,49541
3601,49533,49531,49526,49483,49523,49513,49463,49621,49619,49541
3602,49533,49531,49526,49483,49523,49513,49463,49621,49619,49541
3603,49533,49531,49526,49483,49523,49513,49463,49621,49619,49541
3604,49533,49531,49526,49483,49523,49513,49463,49621,49619,49541
3605,49533,49531,49526,49483,49523,49513,49463,49621,49619,49541
3606,49533,49531,49526,49483,49523,49513,49463,49621,49619,49541
3607,49533,49531,49526,49483,49523,49513,49463,49621,49619,49541
3608,49533,49531,49526,49483,49523,49513,49463,49621,49619,49541
3609,49533,49531,49526,49483,49523,49513,49463,49621,49619,49541
3610,49533,49531,49526,49483,49523,49513,49463,49621,49619,49541
3611,49533,49531,49526,49483,49523,49513,49463,49621,49619,49541
3612,49533,49531,49526,49483,49523,49513,49463,49621,49619,49541
3613,49533,49531,49526,49483,49523,49513,49463,49621,49619,49541
3614,49533,49531,49526,49483,49523,49513,49463,49621,49619,49541
3615,49533,49531,49526,49483,49523,49513,49463,49621,49619,49541
3616,49533,49531,49526,49483,49523,49513,49463,49621,49619,49541
3617,49533,49531,49526,49483,49523,49513,49463,49621,49619,49541
3618,49533,49531,49526,49483,49523,49513,49463,49621,49619,49541
3619,49533,49531,49526,49483,49523,49513,49463,49621,49619,49541
3620,49533,49531,49526,49483,49523,49513,49463,49621,49619,49541
3621,49533,49531,49526,49483,49523,49513,49463,49621,49619,49541
3622,49533,49531,49526,49483,49523,49513,49463,49621,49619,49541
3623,49533,49531,49526,49483,49523,49513,49463,49621,49619,49541
3624,49533,49531,49526,49483,49523,49513,49463,49621,49619,49541
3625,49533,49531,49526,49483,49523,49513,49463,49621,49619,49541
3626,49533,49531,49526,49483,49523,49513,49463,49621,49619,49541
3627,49533,49531,49526,49483,49523,49513,49463,49621,49619,49541
3628,49533,49531,49526,49483,49523,49513,49463,49621,49619,49541
3629,49533,49531,49526,49483,49523,49513,49463,49621,49619,49541
3630,49533,49531,49526,49483,49523,49520,49463,49621,49619,49541
3631,49533,49531,49526,49483,49523,49520,49463,49621,49619,49541
3632,49533,49531,49526,49483,49523,49520,49463,49621,49619,49541
3633,49533,49531,49526,49483,49523,49520,49463,49621,49619,49541
3634,49533,49531,49526,49483,49523,49520,49463,49621,49619,49541
3635,49533,49531,49526,49483,49523,49520,49463,49621,49619,49541
3636,49533,49531,49526,49483,49523,49520,49463,49621,49619,49541
3637,49533,49531,49526,49483,49523,49520,49463,49621,49619,49541
3638,49533,49531,49526,49483,49523,49520,49463,49621,49619,49541
3639,49533,49531,49526,49483,49523,49520,49463,49621,49619,49541
3640,49533,49531,49526,49483,49523,49520,49463,49621,49619,49541
3641,49533,49531,49526,49483,49523,49520,49463,49621,49619,49541
3642,49533,49531,49526,49483,49523,49520,49463,49621,49619,49541
3643,49533,49531,49526,49483,49523,49520,49463,49621,49619,49541
3644,49533,49531,49526,49483,49523,49520,49463,49621,49619,49541
3645,49533,49531,49526,49483,49523,49520,49463,49621,49619,49541
3646,49533,49531,49526,49483,49523,49520,49463,49621,49619,49541
3647,49533,49531,49526,49483,49523,49520,49463,49621,49619,49541
3648,49533,49531,49526,49483,49523,49520,49463,49621,49619,49541
3649,49533,49531,49526,49483,49523,49520,49463,49621,49619,49541
3650,49533,49531,49526,49483,49523,49520,49463,49621,49619,49541
3651,49533,49531,49526,49483,49523,49520,49463,49621,49619,49541
3652,49533,49531,49526,49483,49523,49520,49463,49621,49619,49541
3653,49533,49531,49526,49483,49523,49520,49463,49621,49619,49541
3654,49533,49531,49526,49483,49523,49520,49463,49621,49619,49541
3655,49533,49531,49526,49483,49523,49520,49463,49621,49619,49541
3656,49533,49531,49526,49483,49523,49520,49463,49621,49619,49541
3657,49533,49531,49526,49483,49523,49520,49463,49621,49619,49541
3658,49533,49531,49526,49483,49523,49520,49463,49621,49619,49541
3659,49533,49531,49526,49483,49523,49520,49463,49621,49619,49541
3660,49533,49531,49526,49483,49523,49520,49463,49621,49619,49541
3661,49533,49531,49526,49483,49523,49520,49463,49621,49619,49541
3662,49533,49531,49526,49483,49523,49520,49463,49621,49619,49541
3663,49533,49531,49526,49483,49523,49520,49463,49621,49619,49541
3664,49533,49531,49526,49483,49523,49520,49463,49621,49619,49541
3665,49533,49531,49526,49483,49523,49520,49463,49621,49619,49541
3666,49533,49531,49526,49483,49523,49520,49463,49621,49619,49541
3667,49533,49531,49526,49483,49523,49520,49463,49621,49619,49541
3668,49533,49531,49526,49483,49523,49520,49463,49621,49619,49541
3669,49533,49531,49526,49483,49523,49520,49463,49621,49619,49541
3670,49550,49531,49526,49483,49523,49520,49463,49621,49619,49541
3671,49550,49531,49526,49483,49523,49520,49463,49621,49619,49541
3672,49550,49531,49526,49483,49523,49520,49463,49621,49619,49541
3673,49550,49531,49526,49483,49523,49520,49463,49621,49619,49541
3674,49550,49531,49526,49483,49523,49520,49463,49621,49619,49541
3675,49550,49531,49526,49483,49523,49520,49463,49621,49619,49541
3676,49550,49531,49526,49483,49523,49520,49463,49621,49619,49541
3677,49550,49531,49526,49483,49523,49520,49463,49621,49619,49541
3678,49550,49531,49526,49483,49523,49520,49463,49621,49619,49541
3679,49550,49531,49526,49483,49523,49520,49463,49621,49619,49541
3680,49550,49531,49526,49483,49523,49520,49463,49621,49619,49541
3681,49550,49531,49526,49483,49523,49520,49463,49621,49619,49541
3682,49550,49531,49526,49483,49523,49520,49463,49621,49619,49541
3683,49550,49531,49526,49483,49523,49520,49463,49621,49619,49541
3684,49550,49531,49526,49483,49523,49520,49463,49621,49619,49541
3685,49550,49531,49526,49483,49523,49520,49463,49621,49619,49541
3686,49550,49531,49526,49483,49523,49520,49463,49621,49619,49541
3687,49550,49531,49526,49483,49523,49520,49463,49621,49619,49541
3688,49550,49531,49526,49483,49523,49520,49463,49621,49619,49541
3689,49550,49531,49526,49483,49523,49520,49463,49621,49619,49541
3690,49550,49531,49526,49483,49523,49520,49463,49630,49619,49541
3691,49550,49531,49526,49483,49523,49520,49463,49630,49619,49541
3692,49550,49531,49526,49483,49523,49520,49463,49630,49619,49541
3693,49550,49531,49526,49483,49523,49520,49463,49630,49619,49541
3694,49550,49531,49526,49483,49523,49520,49463,49630,49619,49541
3695,49550,49531,49526,49483,49523,49520,49463,49630,49619,49541
3696,49550,49531,49526,49483,49523,49520,49463,49630,49619,49541
3697,49550,49538,49526,49483,49523,49541,49463,49630,49619,49541
3698,49550,49538,49526,49483,49523,49541,49463,49630,49619,49554
3699,49550,49538,49526,49483,49523,49541,49463,49630,49619,49554
3700,49550,49538,49526,49483,49523,49541,49463,49630,49619,49554
3701,49550,49538,49526,49483,49523,49541,49463,49630,49619,49554
3702,49550,49538,49526,49483,49523,49541,49463,49630,49619,49554
3703,49550,49538,49526,49483,49523,49541,49463,49630,49619,49554
3704,49550,49538,49526,49483,49523,49541,49463,49630,49619,49554
3705,49550,49538,49526,49483,49523,49541,49463,49630,49619,49554
3706,49550,49538,49526,49483,49523,49541,49463,49630,49619,49554
3707,49550,49538,49526,49483,49523,49541,49463,49630,49619,49554
3708,49550,49538,49526,49483,49523,49541,49463,49630,49619,49554
3709,49550,49538,49526,49483,49523,49541,49463,49630,49619,49554
3710,49550,49538,49526,49483,49523,49541,49463,49630,49619,49554
3711,49550,49538,49526,49483,49523,49541,49463,49630,49619,49554
3712,49550,49538,49526,49483,49523,49541,49463,49630,49619,49554
3713,49550,49538,49526,49483,49523,49541,49463,49630,49619,49554
3714,49550,49538,49526,49483,49523,49541,49463,49630,49619,49554
3715,49550,49538,49526,49483,49523,49541,49463,49630,49619,49554
3716,49550,49538,49526,49483,49523,49541,49463,49630,49619,49554
3717,49550,49538,49526,49483,49523,49541,49463,49630,49619,49554
3718,49550,49538,49526,49483,49523,49541,49463,49630,49619,49554
3719,49550,49538,49526,49483,49523,49541,49463,49630,49640,49554
3720,49550,49538,49526,49483,49523,49541,49463,49630,49640,49554
3721,49550,49538,49526,49483,49523,49541,49463,49630,49640,49554
3722,49550,49538,49526,49483,49523,49541,49463,49630,49640,49554
3723,49550,49538,49526,49483,49525,49541,49463,49630,49640,49554
3724,49550,49538,49526,49483,49525,49541,49463,49630,49640,49554
3725,49550,49538,49526,49483,49525,49541,49463,49630,49640,49554
3726,49550,49538,49526,49483,49525,49541,49463,49630,49640,49554
3727,49550,49538,49526,49483,49525,49541,49463,49630,49640,49554
3728,49550,49538,49526,49483,49525,49541,49463,49630,49640,49554
3729,49550,49538,49526,49483,49525,49541,49463,49630,49640,49554
3730,49550,49538,49526,49483,49525,49541,49463,49630,49640,49554
3731,49550,49538,49526,49483,49525,49541,49463,49630,49640,49554
3732,49550,49538,49526,49483,49525,49541,49463,49630,49640,49554
3733,49550,49538,49526,49483,49525,49541,49463,49630,49640,49554
3734,49550,49538,49526,49483,49525,49541,49463,49630,49640,49554
3735,49550,49538,49526,49483,49525,49541,49463,49630,49640,49554
3736,49550,49538,49526,49483,49525,49541,49463,49630,49640,49554
3737,49550,49538,49526,49483,49525,49541,49463,49630,49640,49554
3738,49550,49538,49526,49483,49525,49552,49463,49630,49640,49554
3739,49550,49538,49526,49483,49525,49552,49463,49630,49640,49557
3740,49550,49538,49526,49483,49525,49552,49463,49630,49640,49557
3741,49550,49538,49526,49483,49525,49552,49463,49630,49640,49557
3742,49550,49538,49526,49483,49525,49552,49463,49630,49640,49557
3743,49550,49538,49526,49483,49525,49552,49463,49630,49640,49557
3744,49550,49538,49526,49483,49525,49552,49463,49630,49640,49557
3745,49550,49538,49526,49483,49525,49552,49463,49630,49640,49557
3746,49550,49538,49526,49483,49525,49552,49463,49630,49640,49557
3747,49550,49538,49526,49483,49525,49552,49463,49630,49640,49557
3748,49550,49538,49526,49483,49525,49552,49463,49630,49640,49557
3749,49550,49538,49526,49483,49525,49552,49463,49630,49640,49557
3750,49550,49538,49526,49483,49525,49552,49463,49630,49640,49557
3751,49550,49538,49526,49483,49525,49552,49463,49630,49640,49557
3752,49550,49538,49526,49483,49525,49552,49463,49630,49640,49557
3753,49550,49538,49526,49483,49525,49552,49463,49630,49640,49557
3754,49550,49538,49526,49483,49525,49552,49463,49630,49640,49557
3755,49550,49538,49526,49483,49525,49552,49463,49630,49640,49557
3756,49550,49538,49526,49483,49525,49552,49463,49630,49640,49557
3757,49550,49538,49526,49483,49525,49552,49463,49630,49640,49557
3758,49550,49538,49526,49483,49525,49552,49463,49630,49640,49557
3759,49550,49538,49526,49483,49525,49552,49463,49630,49640,49557
3760,49550,49538,49526,49483,49525,49552,49463,49630,49640,49557
3761,49550,49538,49526,49483,49525,49552,49463,49630,49640,49557
3762,49550,49538,49526,49483,49525,49552,49463,49630,49640,49557
3763,49550,49538,49526,49483,49525,49552,49463,49630,49640,49557
3764,49550,49538,49526,49483,49525,49552,49463,49630,49640,49557
3765,49550,49538,49526,49483,49525,49552,49463,49630,49640,49557
3766,49550,49538,49526,49483,49525,49552,49463,49630,49640,49557
3767,49550,49538,49526,49483,49525,49552,49463,49630,49640,49557
3768,49550,49538,49526,49483,49525,49552,49463,49630,49640,49557
3769,49550,49538,49526,49483,49525,49552,49463,49630,49640,49557
3770,49550,49538,49526,49483,49525,49552,49463,49630,49640,49557
3771,49550,49538,49526,49483,49525,49552,49463,49630,49640,49557
3772,49550,49538,49526,49483,49525,49560,49463,49630,49640,49557
3773,49550,49538,49526,49483,49525,49560,49463,49630,49640,49557
3774,49550,49538,49526,49483,49525,49560,49463,49630,49640,49557
3775,49550,49538,49526,49483,49525,49560,49463,49630,49640,49557
3776,49550,49538,49526,49483,49525,49560,49463,49630,49640,49557
3777,49550,49538,49526,49483,49525,49560,49463,49630,49640,49557
3778,49550,49538,49526,49483,49525,49560,49463,49630,49640,49557
3779,49550,49538,49526,49483,49525,49560,49463,49630,49640,49557
3780,49550,49538,49526,49483,49525,49560,49463,49630,49640,49557
3781,49550,49538,49526,49483,49525,49560,49463,49630,49640,49557
3782,49550,49538,49526,49483,49525,49560,49463,49630,49640,49557
3783,49550,49538,49526,49483,49525,49560,49463,49630,49640,49557
3784,49550,49538,49526,49483,49525,49560,49463,49630,49640,49557
3785,49550,49538,49526,49483,49525,49560,49463,49630,49640,49557
3786,49550,49538,49526,49483,49525,49560,49463,49630,49640,49557
3787,49550,49538,49526,49483,49525,49560,49463,49630,49640,49557
3788,49550,49538,49526,49483,49525,49560,49463,49630,49640,49557
3789,49550,49538,49526,49483,49525,49560,49463,49630,49640,49557
3790,49550,49538,49526,49483,49525,49560,49463,49630,49640,49557
3791,49550,49538,49526,49483,49525,49560,49463,49630,49640,49557
3792,49550,49538,49526,49483,49525,49560,49463,49630,49640,49557
3793,49550,49538,49526,49483,49525,49560,49463,49630,49640,49557
3794,49550,49538,49526,49483,49525,49560,49463,49630,49640,49557
3795,49550,49538,49526,49483,49525,49560,49463,49630,49640,49557
3796,49550,49538,49526,49483,49525,49560,49463,49630,49640,49557
3797,49550,49538,49526,49483,49525,49560,49463,49630,49640,49557
3798,49550,49538,49526,49483,49525,49560,49463,49630,49640,49557
3799,49550,49538,49526,49483,49525,49560,49463,49630,49640,49557
3800,49550,49538,49526,49483,49525,49560,49463,49630,49640,49557
3801,49550,49538,49526,49483,49525,49560,49464,49630,49640,49557
3802,49550,49538,49526,49483,49525,49560,49464,49630,49640,49557
3803,49550,49538,49526,49483,49525,49560,49464,49630,49640,49557
3804,49550,49538,49526,49483,49525,49560,49464,49630,49640,49557
3805,49550,49538,49526,49483,49525,49560,49464,49630,49640,49557
3806,49550,49538,49526,49483,49525,49560,49464,49630,49640,49557
3807,49550,49538,49526,49483,49525,49560,49464,49630,49640,49557
3808,49550,49538,49526,49483,49525,49560,49464,49630,49640,49557
3809,49550,49538,49526,49483,49525,49560,49464,49630,49640,49557
3810,49550,49538,49526,49483,49525,49560,49464,49630,49640,49557
3811,49550,49538,49526,49483,49525,49560,49464,49630,49640,49565
3812,49550,49538,49526,49483,49525,49560,49464,49630,49640,49565
3813,49550,49538,49526,49483,49525,49560,49464,49630,49640,49565
3814,49550,49538,49526,49483,49525,49560,49464,49630,49640,49565
3815,49550,49538,49526,49483,49525,49560,49464,49630,49640,49565
3816,49550,49538,49526,49483,49525,49560,49464,49630,49640,49565
3817,49550,49538,49526,49483,49525,49560,49464,49630,49640,49565
3818,49550,49538,49526,49483,49525,49560,49464,49630,49640,49565
3819,49550,49538,49526,49483,49525,49560,49464,49630,49640,49565
3820,49550,49538,49526,49483,49525,49571,49464,49630,49640,49565
3821,49550,49538,49526,49483,49532,49571,49464,49630,49651,49565
3822,49550,49538,49526,49483,49532,49571,49464,49630,49651,49565
3823,49550,49538,49526,49483,49532,49571,49464,49630,49651,49565
3824,49550,49538,49526,49483,49532,49571,49464,49630,49651,49565
3825,49550,49538,49526,49483,49532,49571,49464,49630,49651,49565
3826,49550,49538,49526,49483,49532,49571,49464,49630,49651,49565
3827,49550,49538,49526,49483,49532,49571,49464,49630,49651,49565
3828,49550,49538,49526,49483,49532,49571,49464,49630,49651,49565
3829,49550,49538,49526,49483,49532,49571,49464,49630,49651,49565
3830,49550,49538,49526,49483,49532,49571,49464,49630,49651,49565
3831,49550,49538,49526,49483,49532,49571,49464,49630,49651,49565
3832,49550,49538,49526,49483,49532,49571,49464,49630,49651,49565
3833,49550,49538,49526,49483,49532,49571,49464,49630,49651,49565
3834,49550,49538,49526,49483,49532,49571,49464,49630,49651,49565
3835,49550,49538,49526,49483,49532,49571,49464,49630,49651,49565
3836,49550,49538,49526,49483,49532,49571,49464,49630,49651,49565
3837,49550,49538,49526,49483,49532,49571,49464,49630,49651,49565
3838,49550,49538,49526,49483,49532,49571,49464,49630,49651,49565
3839,49550,49538,49526,49483,49544,49571,49464,49630,49651,49565
3840,49550,49538,49526,49483,49544,49571,49464,49630,49651,49565
3841,49550,49538,49526,49483,49544,49571,49464,49630,49651,49565
3842,49550,49538,49526,49483,49544,49571,49464,49630,49651,49565
3843,49550,49538,49526,49483,49544,49571,49464,49630,49651,49565
3844,49550,49538,49526,49483,49544,49571,49464,49630,49651,49565
3845,49550,49538,49526,49483,49544,49571,49464,49630,49651,49565
3846,49550,49538,49526,49483,49544,49571,49464,49630,49651,49565
3847,49550,49538,49526,49483,49544,49571,49464,49630,49651,49565
3848,49550,49538,49526,49483,49544,49571,49464,49630,49651,49565
3849,49550,49538,49526,49483,49544,49571,49464,49630,49651,49565
3850,49550,49538,49526,49483,49544,49571,49464,49630,49651,49565
3851,49550,49538,49526,49483,49544,49571,49464,49630,49651,49565
3852,49550,49538,49526,49483,49544,49571,49464,49630,49651,49565
3853,49550,49538,49526,49483,49544,49571,49464,49630,49651,49587
3854,49550,49538,49526,49483,49544,49571,49464,49630,49651,49587
3855,49550,49538,49526,49483,49544,49571,49464,49630,49651,49587
3856,49550,49538,49526,49483,49544,49571,49464,49630,49651,49587
3857,49550,49538,49526,49483,49544,49571,49464,49630,49651,49587
3858,49550,49538,49526,49483,49544,49571,49464,49630,49651,49587
3859,49550,49538,49526,49483,49544,49571,49464,49630,49651,49587
3860,49550,49538,49526,49483,49544,49571,49464,49630,49651,49587
3861,49550,49538,49526,49483,49544,49571,49464,49630,49651,49587
3862,49550,49538,49526,49483,49544,49571,49464,49630,49651,49587
3863,49550,49538,49526,49483,49544,49571,49464,49630,49651,49587
3864,49550,49538,49526,49483,49544,49571,49464,49630,49651,49587
3865,49550,49538,49526,49483,49544,49571,49464,49630,49651,49587
3866,49550,49538,49526,49483,49544,49571,49464,49630,49651,49587
3867,49550,49538,49526,49483,49544,49571,49464,49630,49651,49587
3868,49550,49538,49526,49483,49544,49571,49464,49630,49651,49587
3869,49550,49538,49526,49483,49544,49571,49464,49630,49651,49587
3870,49550,49538,49526,49483,49544,49571,49464,49630,49651,49587
3871,49550,49538,49526,49483,49544,49571,49464,49630,49651,49587
3872,49550,49538,49526,49483,49544,49571,49464,49630,49651,49587
3873,49550,49538,49526,49483,49544,49571,49464,49630,49651,49587
3874,49550,49538,49526,49483,49544,49571,49464,49630,49651,49587
3875,49550,49538,49526,49483,49544,49571,49464,49630,49651,49587
3876,49550,49538,49526,49483,49544,49571,49464,49630,49651,49587
3877,49550,49538,49526,49483,49544,49571,49464,49630,49651,49587
3878,49550,49538,49526,49483,49544,49571,49464,49630,49651,49596
3879,49550,49538,49526,49483,49544,49571,49464,49630,49651,49596
3880,49550,49538,49526,49483,49544,49571,49464,49630,49651,49596
3881,49550,49538,49526,49483,49544,49571,49464,49630,49651,49596
3882,49550,49538,49526,49483,49544,49571,49464,49630,49651,49596
3883,49550,49538,49526,49483,49544,49571,49464,49630,49651,49596
3884,49550,49538,49526,49483,49544,49571,49464,49630,49651,49596
3885,49550,49538,49526,49483,49544,49571,49464,49630,49651,49596
3886,49550,49538,49526,49483,49544,49571,49464,49630,49651,49596
3887,49550,49538,49526,49483,49544,49571,49464,49630,49651,49596
3888,49550,49538,49526,49483,49544,49571,49464,49630,49651,49596
3889,49550,49538,49526,49483,49544,49571,49464,49630,49651,49596
3890,49550,49538,49526,49494,49544,49571,49464,49630,49651,49596
3891,49550,49538,49526,49494,49544,49571,49464,49630,49651,49596
3892,49550,49538,49526,49494,49544,49571,49464,49630,49651,49596
3893,49550,49538,49526,49494,49544,49571,49464,49630,49651,49596
3894,49550,49538,49526,49494,49544,49571,49464,49630,49651,49596
3895,49550,49538,49526,49494,49544,49571,49464,49630,49651,49596
3896,49550,49538,49526,49494,49544,49571,49464,49630,49651,49596
3897,49550,49538,49526,49494,49544,49571,49464,49630,49651,49596
3898,49550,49538,49526,49494,49544,49571,49464,49630,49651,49596
3899,49550,49538,49526,49494,49544,49571,49464,49630,49651,49596
3900,49550,49538,49526,49494,49544,49571,49464,49630,49651,49596
3901,49550,49538,49526,49494,49544,49571,49464,49630,49651,49596
3902,49550,49538,49526,49494,49544,49571,49464,49630,49651,49596
3903,49550,49538,49526,49494,49544,49571,49464,49630,49651,49596
3904,49550,49538,49526,49494,49544,49571,49464,49630,49651,49596
3905,49550,49538,49526,49494,49544,49571,49464,49630,49651,49596
3906,49550,49538,49526,49494,49544,49571,49464,49630,49651,49596
3907,49550,49538,49526,49494,49544,49571,49464,49630,49651,49596
3908,49550,49538,49526,49494,49544,49571,49464,49630,49651,49596
3909,49550,49538,49526,49494,49544,49571,49464,49630,49651,49596
3910,49550,49538,49526,49494,49544,49571,49464,49630,49651,49596
3911,49550,49538,49526,49494,49544,49571,49464,49630,49651,49596
3912,49550,49538,49526,49494,49544,49571,49464,49630,49651,49596
3913,49550,49538,49526,49494,49544,49571,49464,49630,49651,49596
3914,49550,49538,49526,49494,49544,49571,49464,49630,49651,49596
3915,49550,49538,49526,49494,49544,49571,49464,49630,49651,49596
3916,49550,49538,49526,49494,49544,49571,49464,49630,49651,49596
3917,49550,49538,49526,49494,49544,49571,49464,49630,49651,49596
3918,49550,49538,49526,49494,49544,49571,49464,49630,49651,49596
3919,49550,49538,49526,49494,49544,49571,49464,49630,49651,49596
3920,49550,49538,49526,49494,49544,49571,49464,49630,49651,49596
3921,49550,49538,49526,49494,49544,49571,49464,49630,49651,49596
3922,49550,49538,49526,49494,49544,49571,49464,49630,49651,49596
3923,49550,49538,49526,49494,49544,49571,49464,49630,49651,49596
3924,49550,49538,49526,49494,49544,49571,49464,49630,49651,49596
3925,49550,49538,49526,49494,49544,49571,49464,49630,49651,49596
3926,49550,49538,49526,49494,49544,49571,49464,49630,49651,49596
3927,49550,49538,49526,49494,49544,49571,49464,49630,49651,49596
3928,49550,49538,49526,49494,49544,49571,49464,49630,49651,49596
3929,49550,49538,49526,49494,49544,49571,49464,49630,49651,49596
3930,49550,49538,49526,49494,49544,49571,49464,49630,49651,49596
3931,49550,49538,49526,49494,49544,49571,49464,49630,49651,49596
3932,49550,49538,49526,49494,49544,49571,49464,49630,49651,49596
3933,49550,49538,49526,49494,49544,49571,49464,49630,49651,49596
3934,49550,49538,49526,49494,49544,49571,49464,49630,49651,49596
3935,49550,49538,49526,49494,49544,49571,49464,49630,49651,49596
3936,49550,49538,49526,49494,49544,49571,49464,49630,49651,49596
3937,49550,49538,49526,49494,49544,49571,49473,49630,49651,49596
3938,49550,49538,49526,49494,49544,49571,49473,49630,49651,49596
3939,49550,49538,49526,49494,49544,49571,49473,49630,49651,49596
3940,49550,49538,49526,49494,49544,49571,49473,49630,49651,49596
3941,49550,49538,49526,49494,49544,49571,49473,49630,49651,49596
3942,49550,49538,49526,49494,49544,49571,49473,49630,49651,49596
3943,49550,49538,49526,49494,49544,49571,49473,49630,49651,49609
3944,49550,49538,49526,49494,49544,49571,49473,49630,49651,49609
3945,49550,49538,49526,49494,49544,49571,49473,49630,49651,49609
3946,49550,49538,49526,49494,49544,49571,49473,49630,49651,49609
3947,49550,49538,49526,49494,49544,49571,49473,49630,49651,49609
3948,49550,49538,49526,49494,49544,49571,49473,49630,49651,49609
3949,49550,49538,49526,49494,49544,49571,49473,49630,49651,49609
3950,49550,49538,49526,49494,49544,49571,49473,49630,49651,49609
3951,49550,49538,49526,49494,49544,49571,49473,49630,49651,49609
3952,49550,49538,49526,49494,49544,49571,49473,49630,49651,49609
3953,49550,49538,49526,49494,49544,49571,49473,49630,49651,49609
3954,49550,49538,49526,49494,49544,49571,49473,49630,49651,49609
3955,49550,49538,49526,49494,49544,49571,49473,49630,49651,49609
3956,49550,49538,49526,49494,49544,49571,49473,49630,49651,49609
3957,49550,49538,49526,49494,49544,49571,49473,49643,49651,49609
3958,49550,49538,49526,49494,49544,49571,49473,49643,49651,49609
3959,49550,49538,49526,49494,49544,49571,49473,49643,49651,49609
3960,49550,49538,49526,49494,49544,49571,49473,49643,49651,49609
3961,49550,49538,49526,49494,49544,49571,49473,49643,49651,49609
3962,49550,49538,49526,49494,49544,49571,49473,49643,49651,49609
3963,49550,49538,49526,49494,49544,49571,49473,49643,49651,49609
3964,49550,49538,49526,49494,49544,49571,49473,49643,49651,49609
3965,49550,49538,49526,49494,49544,49571,49473,49643,49651,49609
3966,49550,49538,49526,49494,49544,49571,49473,49643,49651,49609
3967,49550,49538,49526,49494,49544,49571,49473,49643,49651,49609
3968,49550,49538,49526,49494,49544,49571,49473,49643,49651,49609
3969,49550,49538,49526,49494,49544,49571,49473,49643,49651,49609
3970,49550,49538,49526,49494,49544,49571,49473,49643,49651,49609
3971,49550,49538,49526,49494,49544,49571,49473,49643,49651,49609
3972,49550,49538,49526,49494,49544,49571,49473,49643,49651,49609
3973,49550,49538,49526,49494,49544,49571,49473,49643,49651,49609
3974,49550,49538,49526,49494,49544,49571,49473,49643,49651,49609
3975,49550,49538,49526,49494,49544,49571,49473,49643,49651,49609
3976,49550,49538,49526,49494,49544,49571,49473,49643,49651,49609
3977,49550,49538,49526,49494,49544,49571,49473,49643,49651,49609
3978,49550,49538,49526,49494,49544,49571,49473,49643,49651,49609
3979,49550,49538,49526,49494,49544,49571,49473,49643,49651,49609
3980,49550,49538,49526,49494,49544,49571,49473,49643,49651,49609
3981,49550,49538,49526,49494,49544,49571,49473,49643,49651,49609
3982,49550,49538,49526,49494,49544,49571,49473,49643,49651,49609
3983,49550,49538,49526,49494,49544,49571,49473,49643,49651,49609
3984,49550,49538,49526,49494,49544,49571,49473,49643,49651,49609
3985,49550,49538,49526,49494,49544,49571,49473,49643,49651,49609
3986,49550,49538,49526,49494,49544,49571,49473,49643,49651,49609
3987,49550,49538,49526,49494,49544,49571,49473,49643,49651,49609
3988,49550,49538,49526,49494,49544,49571,49473,49643,49651,49609
3989,49550,49538,49526,49494,49544,49571,49473,49643,49651,49609
3990,49550,49538,49526,49494,49544,49571,49473,49643,49651,49609
3991,49550,49538,49526,49494,49544,49574,49473,49643,49651,49609
3992,49550,49538,49526,49494,49544,49574,49473,49643,49651,49609
3993,49550,49538,49526,49494,49544,49574,49473,49643,49651,49609
3994,49550,49538,49526,49494,49544,49574,49473,49643,49651,49609
3995,49550,49538,49526,49494,49544,49574,49473,49643,49651,49609
3996,49550,49538,49526,49494,49544,49574,49473,49643,49651,49609
3997,49550,49538,49526,49494,49544,49574,49473,49643,49651,49609
3998,49550,49538,49526,49494,49544,49574,49473,49643,49651,49609
3999,49550,49538,49526,49494,49544,49574,49473,49643,49651,49609
4000,49550,49538,49526,49494,49544,49574,49473,49643,49651,49609
4001,49550,49538,49526,49494,49544,49574,49473,49643,49651,49609
4002,49550,49538,49526,49494,49544,49574,49473,49643,49651,49609
4003,49550,49538,49526,49494,49544,49574,49473,49643,49651,49609
4004,49550,49538,49526,49494,49544,49574,49473,49643,49651,49609
4005,49550,49538,49526,49494,49544,49574,49473,49643,49651,49609
4006,49550,49538,49526,49494,49544,49574,49473,49643,49651,49609
4007,49550,49538,49526,49494,49544,49574,49473,49643,49651,49609
4008,49550,49538,49526,49494,49544,49574,49473,49643,49651,49609
4009,49550,49538,49526,49494,49544,49574,49473,49643,49651,49609
4010,49550,49538,49526,49494,49544,49574,49473,49643,49651,49609
4011,49550,49538,49526,49494,49544,49574,49473,49643,49651,49613
4012,49550,49538,49526,49494,49544,49574,49473,49643,49651,49613
4013,49550,49538,49526,49494,49544,49574,49484,49643,49651,49613
4014,49550,49538,49526,49494,49544,49574,49484,49643,49651,49613
4015,49550,49538,49526,49494,49544,49574,49484,49643,49651,49613
4016,49550,49538,49526,49494,49544,49574,49484,49643,49651,49613
4017,49550,49538,49526,49494,49544,49574,49484,49643,49651,49613
4018,49550,49538,49526,49494,49544,49574,49484,49643,49651,49613
4019,49550,49538,49526,49494,49544,49574,49484,49643,49651,49613
4020,49550,49538,49526,49494,49544,49574,49484,49643,49651,49613
4021,49550,49538,49526,49494,49544,49574,49484,49643,49651,49613
4022,49550,49538,49526,49494,49544,49574,49484,49643,49651,49613
4023,49550,49538,49526,49494,49544,49574,49484,49643,49651,49613
4024,49550,49538,49526,49494,49544,49574,49484,49643,49651,49613
4025,49550,49538,49526,49494,49544,49574,49484,49643,49651,49613
4026,49550,49538,49526,49494,49544,49574,49484,49643,49651,49613
4027,49550,49538,49526,49494,49544,49574,49484,49643,49651,49613
4028,49550,49538,49526,49494,49544,49574,49484,49643,49651,49613
4029,49550,49538,49526,49494,49544,49574,49484,49643,49651,49613
4030,49550,49538,49526,49494,49544,49574,49484,49643,49651,49613
4031,49550,49538,49526,49494,49544,49574,49484,49643,49651,49613
4032,49550,49538,49526,49494,49544,49574,49484,49643,49651,49613
4033,49550,49538,49526,49494,49544,49574,49484,49643,49651,49613
4034,49550,49538,49526,49502,49544,49574,49484,49643,49651,49613
4035,49550,49538,49526,49502,49544,49574,49484,49643,49651,49613
4036,49550,49542,49526,49502,49544,49574,49484,49643,49651,49613
4037,49550,49542,49526,49502,49544,49574,49484,49643,49651,49613
4038,49550,49542,49526,49502,49544,49574,49484,49643,49651,49613
4039,49550,49542,49526,49502,49544,49574,49484,49643,49651,49613
4040,49550,49542,49526,49502,49544,49574,49484,49643,49651,49613
4041,49550,49542,49526,49502,49544,49574,49484,49643,49651,49613
4042,49550,49542,49526,49502,49544,49574,49484,49643,49651,49613
4043,49550,49542,49526,49502,49544,49574,49484,49643,49651,49613
4044,49550,49542,49526,49502,49544,49574,49484,49643,49651,49613
4045,49550,49542,49526,49502,49544,49574,49484,49643,49651,49613
4046,49550,49542,49526,49502,49544,49574,49484,49643,49651,49613
4047,49550,49542,49526,49502,49544,49574,49484,49643,49651,49613
4048,49550,49542,49526,49502,49544,49574,49484,49643,49651,49613
4049,49550,49542,49526,49502,49544,49574,49484,49643,49651,49613
4050,49550,49542,49526,49502,49544,49574,49484,49643,49651,49613
4051,49550,49542,49526,49502,49544,49574,49484,49643,49651,49613
4052,49550,49542,49526,49502,49544,49574,49484,49643,49651,49613
4053,49550,49542,49526,49502,49544,49574,49484,49643,49651,49613
4054,49550,49542,49526,49502,49544,49574,49484,49643,49651,49613
4055,49550,49542,49526,49502,49544,49574,49484,49643,49651,49613
4056,49550,49542,49526,49502,49544,49574,49484,49643,49651,49613
4057,49550,49542,49526,49502,49544,49574,49484,49643,49651,49613
4058,49550,49542,49526,49502,49544,49574,49484,49643,49651,49613
4059,49550,49542,49526,49502,49544,49574,49484,49643,49651,49613
4060,49550,49542,49526,49502,49544,49574,49484,49643,49651,49613
4061,49550,49542,49526,49502,49544,49574,49484,49643,49651,49613
4062,49550,49542,49526,49502,49544,49574,49484,49643,49651,49613
4063,49550,49542,49526,49502,49544,49574,49484,49643,49651,49613
4064,49550,49550,49526,49502,49544,49574,49484,49643,49651,49613
4065,49550,49550,49526,49502,49544,49574,49484,49643,49651,49613
4066,49550,49550,49533,49502,49544,49574,49484,49643,49651,49613
4067,49550,49550,49533,49502,49544,49574,49484,49643,49651,49613
4068,49550,49550,49533,49502,49544,49574,49484,49643,49651,49613
4069,49550,49550,49533,49502,49544,49574,49484,49643,49651,49613
4070,49550,49550,49533,49502,49544,49574,49484,49643,49651,49613
4071,49550,49550,49533,49502,49544,49574,49484,49643,49651,49613
4072,49550,49550,49533,49502,49544,49574,49484,49643,49651,49613
4073,49550,49550,49533,49502,49544,49574,49484,49643,49651,49613
4074,49550,49550,49533,49502,49544,49574,49484,49643,49651,49613
4075,49550,49550,49533,49502,49544,49574,49484,49643,49651,49613
4076,49550,49550,49533,49502,49544,49574,49484,49643,49651,49613
4077,49550,49550,49533,49502,49544,49574,49484,49643,49651,49613
4078,49550,49550,49533,49502,49544,49574,49484,49643,49651,49613
4079,49550,49550,49533,49502,49544,49574,49484,49643,49651,49613
4080,49550,49550,49533,49502,49544,49574,49484,49643,49651,49613
4081,49550,49578,49533,49502,49544,49574,49484,49643,49651,49613
4082,49550,49578,49533,49502,49544,49574,49484,49643,49651,49613
4083,49550,49578,49533,49502,49544,49574,49484,49643,49651,49613
4084,49550,49578,49533,49502,49544,49574,49484,49643,49659,49613
4085,49550,49578,49533,49502,49544,49574,49484,49643,49659,49613
4086,49550,49578,49533,49502,49544,49574,49484,49643,49659,49613
4087,49550,49578,49533,49502,49544,49574,49484,49643,49659,49613
4088,49550,49578,49533,49502,49544,49574,49484,49643,49659,49613
4089,49550,49578,49533,49502,49544,49574,49484,49643,49659,49613
4090,49550,49578,49533,49502,49544,49574,49484,49643,49659,49613
4091,49550,49578,49533,49502,49544,49574,49484,49643,49659,49613
4092,49550,49578,49533,49502,49544,49574,49484,49643,49659,49613
4093,49550,49578,49533,49502,49544,49574,49484,49643,49659,49613
4094,49550,49578,49533,49502,49544,49574,49484,49643,49659,49613
4095,49550,49578,49533,49502,49544,49574,49484,49643,49659,49613
4096,49550,49578,49533,49502,49544,49574,49484,49643,49659,49614
4097,49550,49578,49533,49502,49544,49574,49484,49643,49659,49614
4098,49550,49578,49533,49502,49544,49574,49484,49643,49659,49614
4099,49550,49578,49533,49502,49544,49574,49484,49643,49659,49614
4100,49550,49578,49533,49502,49544,49574,49484,49643,49659,49614
4101,49550,49578,49533,49511,49544,49574,49484,49643,49659,49614
4102,49550,49578,49533,49511,49544,49574,49484,49643,49659,49614
4103,49550,49578,49533,49511,49544,49574,49484,49643,49659,49614
4104,49550,49578,49533,49511,49554,49574,49484,49643,49659,49614
4105,49550,49578,49533,49511,49554,49574,49484,49643,49659,49614
4106,49550,49578,49533,49511,49554,49574,49484,49643,49659,49614
4107,49550,49578,49533,49511,49554,49574,49484,49643,49659,49614
4108,49550,49578,49533,49512,49554,49574,49484,49643,49659,49614
4109,49550,49578,49533,49512,49554,49574,49484,49643,49659,49614
4110,49550,49578,49533,49512,49554,49574,49484,49643,49659,49614
4111,49550,49578,49533,49512,49554,49574,49484,49643,49659,49614
4112,49550,49578,49533,49512,49554,49574,49484,49643,49659,49614
4113,49550,49578,49533,49512,49554,49574,49484,49643,49659,49614
4114,49550,49578,49533,49512,49554,49574,49484,49643,49659,49614
4115,49550,49578,49533,49512,49554,49574,49484,49643,49659,49614
4116,49550,49578,49533,49512,49554,49574,49484,49643,49659,49614
4117,49550,49578,49533,49512,49554,49574,49484,49643,49659,49614
4118,49550,49578,49533,49512,49554,49574,49484,49643,49659,49614
4119,49550,49578,49533,49512,49554,49574,49484,49643,49659,49614
4120,49550,49578,49533,49512,49554,49574,49484,49643,49659,49614
4121,49550,49578,49533,49512,49554,49574,49484,49643,49659,49614
4122,49550,49578,49533,49512,49554,49574,49484,49643,49659,49614
4123,49550,49578,49533,49512,49554,49574,49484,49643,49659,49614
4124,49550,49578,49533,49512,49554,49574,49484,49643,49659,49614
4125,49550,49578,49533,49512,49554,49574,49484,49643,49659,49614
4126,49550,49578,49533,49512,49554,49574,49484,49643,49659,49614
4127,49550,49578,49533,49512,49554,49574,49484,49643,49659,49614
4128,49550,49578,49533,49512,49554,49574,49484,49643,49659,49614
4129,49550,49578,49533,49512,49554,49574,49484,49643,49659,49614
4130,49550,49578,49533,49512,49554,49574,49484,49643,49659,49614
4131,49550,49578,49533,49512,49554,49574,49484,49643,49659,49614
4132,49550,49578,49533,49512,49554,49574,49484,49643,49659,49614
4133,49550,49578,49533,49512,49554,49574,49484,49643,49659,49614
4134,49550,49578,49533,49512,49554,49574,49484,49643,49659,49614
4135,49550,49578,49533,49512,49554,49574,49484,49643,49659,49614
4136,49550,49578,49533,49512,49554,49574,49484,49643,49659,49614
4137,49550,49578,49533,49512,49554,49574,49484,49643,49659,49614
4138,49550,49578,49533,49512,49554,49574,49484,49643,49659,49614
4139,49550,49578,49533,49512,49554,49574,49484,49643,49659,49614
4140,49550,49578,49533,49512,49554,49574,49484,49643,49659,49614
4141,49550,49578,49533,49512,49554,49574,49484,49643,49659,49614
4142,49550,49578,49533,49512,49554,49574,49484,49643,49659,49614
4143,49550,49578,49533,49512,49554,49574,49490,49643,49659,49614
4144,49550,49578,49533,49512,49554,49574,49490,49643,49659,49614
4145,49550,49578,49533,49512,49554,49574,49490,49643,49659,49614
4146,49550,49578,49533,49512,49554,49574,49490,49643,49659,49614
4147,49550,49578,49533,49512,49554,49574,49490,49643,49659,49619
4148,49550,49578,49533,49512,49554,49574,49490,49643,49659,49619
4149,49550,49578,49533,49512,49554,49574,49490,49643,49659,49619
4150,49550,49578,49533,49512,49554,49574,49490,49643,49659,49619
4151,49550,49578,49536,49512,49554,49574,49490,49643,49659,49619
4152,49550,49578,49536,49512,49554,49574,49490,49643,49659,49619
4153,49550,49578,49536,49512,49554,49574,49490,49643,49659,49619
4154,49550,49578,49536,49512,49554,49574,49490,49643,49659,49619
4155,49550,49578,49536,49512,49554,49574,49490,49643,49659,49619
4156,49550,49578,49536,49512,49554,49574,49490,49643,49659,49619
4157,49550,49578,49536,49512,49554,49574,49490,49643,49659,49619
4158,49550,49578,49536,49512,49554,49574,49490,49643,49659,49619
4159,49550,49578,49536,49512,49554,49574,49490,49643,49659,49619
4160,49550,49578,49536,49512,49554,49574,49490,49643,49659,49619
4161,49550,49578,49536,49512,49554,49574,49490,49643,49659,49619
4162,49550,49578,49536,49512,49554,49574,49490,49643,49659,49619
4163,49550,49578,49536,49512,49554,49574,49490,49643,49659,49619
4164,49550,49578,49536,49512,49554,49574,49490,49643,49659,49619
4165,49550,49578,49536,49512,49554,49574,49490,49643,49659,49619
4166,49550,49578,49536,49512,49554,49574,49490,49643,49659,49619
4167,49550,49578,49536,49512,49554,49574,49490,49643,49659,49619
4168,49550,49578,49536,49512,49554,49574,49490,49643,49659,49623
4169,49550,49578,49536,49512,49554,49574,49490,49643,49659,49623
4170,49550,49578,49536,49532,49554,49574,49490,49643,49659,49623
4171,49550,49578,49536,49532,49554,49574,49490,49643,49659,49623
4172,49550,49578,49536,49532,49554,49574,49490,49643,49659,49623
4173,49550,49578,49536,49532,49554,49574,49490,49643,49659,49623
4174,49550,49578,49536,49532,49554,49574,49490,49643,49659,49623
4175,49550,49578,49536,49532,49554,49574,49490,49643,49659,49623
4176,49550,49578,49536,49532,49554,49574,49490,49643,49659,49623
4177,49550,49578,49536,49532,49554,49574,49490,49643,49659,49623
4178,49550,49578,49536,49532,49554,49574,49490,49643,49659,49623
4179,49550,49578,49536,49532,49554,49574,49490,49643,49659,49623
4180,49550,49578,49536,49532,49554,49574,49490,49643,49659,49623
4181,49550,49578,49536,49532,49554,49574,49490,49643,49659,49623
4182,49550,49578,49536,49532,49554,49574,49495,49643,49659,49623
4183,49550,49578,49536,49532,49554,49574,49495,49643,49659,49623
4184,49550,49578,49536,49532,49554,49574,49495,49643,49673,49623
4185,49550,49578,49536,49532,49554,49574,49495,49643,49673,49623
4186,49550,49578,49536,49532,49554,49574,49495,49643,49673,49623
4187,49550,49578,49536,49532,49554,49574,49495,49643,49673,49623
4188,49550,49578,49536,49532,49554,49574,49495,49643,49673,49623
4189,49550,49578,49536,49532,49554,49574,49495,49643,49673,49623
4190,49550,49578,49536,49532,49554,49574,49495,49643,49673,49623
4191,49550,49578,49536,49532,49554,49574,49495,49643,49673,49623
4192,49550,49578,49536,49532,49554,49574,49495,49643,49673,49623
4193,49550,49578,49536,49532,49554,49574,49495,49643,49673,49623
4194,49550,49578,49536,49532,49554,49574,49495,49643,49673,49623
4195,49550,49578,49536,49532,49554,49574,49495,49643,49673,49623
4196,49550,49578,49548,49532,49554,49574,49495,49643,49673,49623
4197,49550,49578,49548,49532,49554,49574,49495,49643,49673,49623
4198,49550,49578,49548,49532,49554,49574,49495,49643,49673,49623
4199,49550,49578,49548,49532,49554,49574,49495,49643,49673,49623
4200,49550,49578,49548,49532,49554,49574,49495,49643,49673,49623
4201,49550,49578,49548,49532,49554,49574,49495,49643,49673,49623
4202,49550,49578,49548,49532,49554,49574,49495,49643,49673,49623
4203,49550,49578,49548,49532,49554,49574,49495,49643,49673,49623
4204,49550,49578,49548,49532,49554,49574,49495,49643,49673,49623
4205,49550,49578,49548,49532,49554,49574,49495,49643,49673,49623
4206,49550,49578,49548,49532,49554,49574,49495,49643,49673,49623
4207,49550,49578,49548,49532,49554,49574,49495,49643,49673,49623
4208,49550,49578,49548,49532,49554,49574,49495,49643,49673,49623
4209,49550,49578,49548,49532,49554,49574,49495,49643,49673,49623
4210,49550,49578,49548,49532,49554,49574,49495,49643,49673,49623
4211,49550,49578,49548,49532,49554,49574,49495,49643,49673,49623
4212,49550,49578,49548,49532,49554,49574,49495,49643,49673,49623
4213,49550,49578,49548,49532,49554,49574,49495,49643,49673,49623
4214,49550,49578,49548,49532,49554,49574,49495,49643,49673,49623
4215,49550,49578,49548,49532,49554,49574,49495,49643,49673,49623
4216,49550,49578,49548,49532,49554,49574,49495,49643,49673,49623
4217,49550,49578,49548,49532,49554,49574,49495,49643,49673,49623
4218,49550,49578,49548,49532,49554,49574,49495,49643,49673,49623
4219,49550,49578,49548,49532,49554,49574,49495,49643,49673,49623
4220,49550,49578,49548,49532,49554,49574,49495,49643,49673,49623
4221,49550,49578,49548,49532,49554,49583,49495,49643,49673,49623
4222,49550,49578,49548,49532,49554,49583,49495,49643,49673,49623
4223,49550,49578,49548,49532,49554,49583,49495,49643,49673,49623
4224,49550,49578,49548,49532,49554,49583,49495,49643,49673,49623
4225,49550,49578,49548,49532,49554,49583,49495,49643,49673,49623
4226,49550,49578,49548,49532,49554,49583,49495,49643,49673,49623
4227,49550,49578,49548,49532,49554,49583,49495,49643,49673,49623
4228,49550,49578,49548,49532,49554,49583,49495,49643,49673,49623
4229,49550,49578,49548,49532,49554,49583,49495,49643,49673,49623
4230,49550,49578,49548,49532,49554,49583,49495,49643,49673,49623
4231,49550,49578,49548,49532,49554,49583,49495,49643,49673,49623
4232,49550,49578,49548,49532,49554,49583,49495,49643,49673,49623
4233,49550,49578,49548,49532,49554,49583,49495,49643,49673,49623
4234,49550,49578,49548,49532,49554,49583,49495,49643,49673,49623
4235,49551,49578,49548,49532,49554,49583,49495,49643,49673,49623
4236,49551,49578,49548,49532,49554,49583,49495,49643,49673,49623
4237,49551,49578,49548,49532,49554,49583,49495,49643,49673,49623
4238,49551,49578,49548,49532,49554,49583,49495,49643,49673,49623
4239,49551,49578,49548,49532,49554,49583,49495,49643,49673,49623
4240,49551,49578,49548,49532,49554,49583,49495,49643,49673,49623
4241,49551,49578,49548,49532,49554,49583,49495,49643,49673,49623
4242,49551,49578,49548,49532,49554,49583,49495,49643,49673,49623
4243,49551,49578,49548,49532,49554,49583,49495,49643,49673,49623
4244,49551,49578,49548,49532,49554,49583,49495,49643,49673,49623
4245,49551,49578,49548,49532,49554,49583,49495,49643,49673,49623
4246,49551,49578,49548,49532,49554,49583,49495,49643,49673,49623
4247,49551,49578,49548,49532,49554,49583,49495,49643,49673,49623
4248,49551,49578,49548,49532,49554,49583,49495,49643,49673,49623
4249,49551,49578,49548,49532,49554,49583,49495,49643,49673,49623
4250,49551,49578,49548,49532,49554,49583,49495,49643,49673,49623
4251,49551,49578,49548,49532,49554,49583,49495,49643,49673,49623
4252,49551,49578,49548,49532,49554,49583,49495,49643,49673,49623
4253,49551,49578,49548,49532,49554,49583,49495,49643,49673,49623
4254,49551,49578,49548,49532,49554,49583,49495,49643,49673,49623
4255,49551,49578,49548,49532,49554,49583,49495,49643,49673,49623
4256,49551,49578,49548,49532,49554,49583,49495,49643,49673,49623
4257,49551,49578,49548,49532,49554,49583,49495,49643,49673,49623
4258,49551,49578,49548,49532,49554,49583,49495,49643,49673,49623
4259,49551,49578,49548,49532,49554,49583,49495,49643,49673,49623
4260,49551,49578,49548,49532,49554,49583,49495,49643,49673,49623
4261,49551,49578,49548,49532,49554,49583,49495,49643,49673,49623
4262,49551,49578,49548,49532,49554,49583,49495,49643,49673,49623
4263,49551,49578,49548,49532,49554,49583,49495,49643,49673,49623
4264,49551,49578,49548,49532,49554,49583,49495,49643,49673,49623
4265,49551,49578,49548,49532,49554,49583,49495,49643,49673,49623
4266,49551,49578,49548,49532,49554,49583,49495,49643,49673,49623
4267,49551,49578,49548,49532,49554,49583,49495,49643,49673,49623
4268,49551,49578,49548,49532,49554,49583,49495,49643,49673,49623
4269,49551,49578,49548,49532,49554,49583,49495,49643,49673,49623
4270,49551,49578,49548,49532,49554,49583,49495,49643,49673,49623
4271,49551,49578,49548,49532,49554,49583,49495,49643,49673,49623
4272,49551,49578,49548,49532,49554,49583,49495,49643,49673,49623
4273,49551,49578,49548,49532,49554,49583,49495,49643,49673,49623
4274,49551,49578,49548,49532,49554,49583,49495,49643,49673,49623
4275,49551,49578,49548,49532,49570,49583,49495,49643,49673,49623
4276,49551,49578,49548,49532,49570,49583,49495,49643,49673,49623
4277,49551,49578,49548,49532,49570,49583,49495,49643,49673,49623
4278,49551,49578,49548,49532,49570,49591,49495,49643,49673,49623
4279,49551,49578,49548,49532,49570,49591,49495,49643,49673,49623
4280,49551,49578,49548,49532,49570,49591,49495,49643,49673,49623
4281,49551,49578,49548,49532,49570,49591,49495,49643,49673,49623
4282,49551,49578,49548,49532,49570,49591,49495,49643,49673,49623
4283,49551,49578,49548,49532,49570,49591,49495,49643,49673,49623
4284,49551,49578,49548,49532,49570,49591,49495,49643,49673,49623
4285,49551,49578,49548,49532,49570,49591,49495,49643,49673,49623
4286,49551,49578,49548,49532,49570,49591,49495,49643,49673,49623
4287,49551,49578,49548,49532,49570,49591,49495,49643,49673,49623
4288,49551,49578,49551,49532,49570,49591,49495,49643,49673,49623
4289,49551,49578,49551,49532,49570,49591,49495,49643,49673,49623
4290,49551,49578,49551,49532,49570,49591,49495,49643,49673,49623
4291,49551,49578,49551,49532,49570,49591,49495,49643,49673,49623
4292,49551,49578,49551,49532,49570,49591,49495,49643,49673,49623
4293,49551,49578,49551,49532,49570,49591,49495,49643,49673,49623
4294,49551,49578,49551,49532,49570,49591,49495,49643,49673,49623
4295,49551,49578,49551,49532,49570,49591,49495,49643,49673,49623
4296,49551,49578,49551,49532,49570,49591,49495,49643,49673,49623
4297,49551,49578,49551,49532,49570,49591,49495,49643,49673,49623
4298,49551,49578,49551,49532,49570,49591,49495,49643,49673,49623
4299,49551,49578,49551,49532,49570,49591,49495,49643,49673,49623
4300,49551,49578,49551,49532,49570,49591,49495,49643,49673,49623
4301,49551,49578,49551,49532,49570,49591,49495,49643,49673,49623
4302,49551,49578,49551,49532,49570,49591,49495,49643,49673,49623
4303,49551,49581,49551,49532,49570,49591,49495,49643,49673,49623
4304,49551,49581,49551,49532,49570,49591,49495,49643,49673,49623
4305,49551,49581,49551,49532,49570,49591,49495,49643,49673,49623
4306,49551,49581,49551,49532,49570,49591,49495,49643,49673,49623
4307,49551,49581,49551,49532,49570,49591,49495,49643,49673,49623
4308,49551,49581,49551,49532,49570,49591,49495,49643,49673,49623
4309,49551,49581,49551,49532,49570,49591,49495,49643,49673,49623
4310,49551,49581,49551,49532,49570,49591,49495,49643,49673,49623
4311,49551,49581,49551,49532,49570,49591,49495,49643,49673,49623
4312,49551,49581,49551,49532,49570,49591,49495,49643,49673,49623
4313,49551,49581,49551,49532,49570,49591,49495,49643,49673,49623
4314,49551,49581,49551,49532,49570,49591,49495,49643,49673,49623
4315,49551,49581,49551,49532,49570,49591,49495,49643,49673,49623
4316,49551,49581,49551,49532,49570,49591,49495,49643,49673,49623
4317,49551,49581,49551,49532,49570,49591,49495,49643,49673,49623
4318,49551,49581,49551,49532,49570,49591,49495,49643,49673,49623
4319,49551,49581,49551,49532,49570,49591,49495,49643,49673,49623
4320,49551,49581,49551,49532,49570,49591,49495,49643,49673,49623
4321,49551,49581,49551,49532,49570,49591,49495,49643,49673,49623
4322,49551,49581,49551,49532,49570,49591,49495,49643,49673,49623
4323,49551,49581,49551,49532,49570,49591,49495,49643,49673,49623
4324,49551,49581,49551,49532,49570,49591,49495,49643,49673,49623
4325,49551,49581,49551,49532,49570,49591,49495,49643,49673,49623
4326,49551,49581,49551,49532,49570,49591,49495,49643,49673,49623
4327,49551,49581,49551,49532,49570,49591,49495,49643,49673,49623
4328,49551,49581,49551,49532,49570,49591,49495,49643,49673,49623
4329,49551,49581,49551,49532,49570,49591,49495,49643,49673,49623
4330,49551,49581,49551,49532,49570,49591,49505,49643,49673,49623
4331,49551,49581,49551,49532,49570,49591,49505,49643,49673,49623
4332,49551,49581,49551,49532,49570,49591,49505,49643,49673,49623
4333,49551,49581,49551,49532,49570,49591,49505,49643,49673,49623
4334,49551,49581,49551,49532,49570,49591,49505,49643,49673,49623
4335,49551,49581,49551,49532,49570,49591,49505,49643,49673,49623
4336,49558,49581,49551,49532,49570,49591,49505,49643,49673,49623
4337,49558,49581,49551,49532,49570,49591,49505,49643,49673,49623
4338,49558,49581,49551,49532,49570,49591,49505,49643,49673,49623
4339,49558,49581,49551,49532,49570,49591,49505,49643,49673,49623
4340,49558,49581,49551,49532,49570,49591,49505,49643,49673,49623
4341,49558,49581,49551,49532,49570,49591,49505,49643,49673,49623
4342,49558,49581,49551,49532,49570,49591,49505,49643,49673,49623
4343,49558,49581,49551,49532,49570,49591,49505,49643,49673,49623
4344,49559,49581,49551,49532,49570,49591,49505,49643,49673,49623
4345,49559,49581,49551,49532,49570,49591,49505,49643,49673,49623
4346,49559,49581,49551,49532,49570,49591,49505,49643,49673,49623
4347,49559,49581,49551,49532,49570,49591,49505,49643,49673,49623
4348,49559,49581,49551,49532,49570,49591,49505,49643,49673,49623
4349,49559,49581,49551,49532,49570,49591,49505,49643,49673,49623
4350,49559,49581,49551,49532,49570,49591,49505,49643,49673,49623
4351,49559,49581,49551,49532,49570,49591,49505,49643,49673,49623
4352,49559,49581,49551,49532,49570,49591,49505,49643,49673,49623
4353,49559,49581,49551,49532,49570,49591,49505,49643,49673,49623
4354,49559,49581,49551,49532,49570,49591,49505,49643,49673,49623
4355,49559,49581,49551,49532,49570,49591,49505,49643,49673,49623
4356,49559,49581,49551,49532,49570,49591,49505,49643,49673,49623
4357,49559,49581,49551,49532,49570,49591,49505,49643,49673,49623
4358,49559,49581,49551,49532,49570,49591,49505,49643,49673,49623
4359,49559,49581,49551,49532,49570,49591,49505,49643,49673,49623
4360,49559,49581,49551,49532,49570,49591,49505,49643,49673,49623
4361,49559,49581,49551,49532,49570,49591,49505,49643,49673,49623
4362,49559,49581,49551,49532,49570,49591,49505,49643,49673,49623
4363,49559,49581,49551,49532,49570,49591,49505,49643,49673,49623
4364,49559,49581,49551,49532,49570,49591,49505,49643,49673,49623
4365,49559,49581,49551,49532,49570,49591,49505,49643,49673,49623
4366,49559,49581,49551,49532,49570,49591,49505,49643,49673,49623
4367,49559,49581,49551,49532,49570,49591,49505,49643,49673,49623
4368,49559,49581,49551,49532,49570,49591,49505,49643,49673,49623
4369,49559,49581,49551,49532,49570,49591,49505,49643,49673,49623
4370,49559,49581,49551,49532,49570,49591,49505,49643,49673,49623
4371,49560,49581,49551,49532,49570,49591,49505,49643,49673,49623
4372,49560,49581,49551,49532,49570,49591,49505,49643,49673,49623
4373,49560,49581,49551,49532,49570,49591,49505,49643,49673,49623
4374,49560,49581,49551,49532,49576,49591,49505,49643,49673,49623
4375,49560,49581,49551,49532,49576,49591,49505,49643,49673,49623
4376,49560,49581,49551,49532,49576,49591,49505,49643,49673,49623
4377,49560,49581,49551,49532,49576,49591,49505,49643,49673,49623
4378,49560,49581,49551,49532,49576,49591,49505,49643,49673,49623
4379,49560,49581,49551,49532,49576,49591,49505,49643,49673,49623
4380,49560,49581,49551,49532,49576,49591,49505,49643,49673,49623
4381,49560,49581,49551,49532,49576,49591,49505,49643,49673,49623
4382,49560,49581,49551,49532,49576,49591,49505,49643,49673,49623
4383,49560,49581,49551,49532,49576,49591,49505,49643,49673,49623
4384,49560,49581,49551,49532,49576,49591,49505,49643,49673,49623
4385,49560,49581,49551,49532,49576,49591,49505,49643,49673,49623
4386,49560,49581,49551,49532,49576,49591,49505,49643,49673,49623
4387,49560,49581,49551,49532,49576,49591,49505,49643,49673,49623
4388,49560,49581,49551,49532,49576,49591,49505,49643,49673,49623
4389,49560,49581,49551,49532,49576,49591,49505,49643,49673,49623
4390,49560,49581,49551,49532,49576,49591,49505,49643,49673,49623
4391,49560,49581,49551,49532,49576,49591,49505,49643,49673,49623
4392,49560,49581,49551,49532,49576,49591,49505,49643,49673,49623
4393,49560,49581,49551,49532,49576,49591,49505,49643,49673,49623
4394,49560,49581,49551,49532,49576,49591,49505,49643,49673,49623
4395,49560,49581,49551,49532,49576,49591,49505,49643,49673,49623
4396,49560,49581,49551,49532,49576,49591,49505,49643,49673,49623
4397,49560,49581,49551,49532,49576,49591,49505,49643,49673,49623
4398,49560,49581,49551,49532,49576,49591,49505,49643,49673,49623
4399,49560,49581,49551,49532,49576,49591,49505,49643,49673,49623
4400,49560,49581,49551,49532,49576,49591,49505,49643,49673,49623
4401,49560,49581,49551,49532,49576,49591,49505,49643,49673,49623
4402,49560,49581,49551,49532,49576,49591,49505,49643,49673,49623
4403,49560,49581,49551,49532,49576,49591,49505,49643,49673,49623
4404,49560,49581,49551,49532,49576,49591,49505,49643,49673,49623
4405,49560,49581,49551,49532,49576,49591,49505,49643,49673,49623
4406,49560,49581,49551,49532,49576,49591,49505,49643,49673,49623
4407,49560,49581,49551,49532,49576,49591,49505,49643,49673,49623
4408,49560,49581,49551,49532,49576,49591,49505,49643,49673,49623
4409,49560,49581,49551,49532,49576,49591,49505,49643,49673,49623
4410,49560,49581,49551,49532,49576,49591,49505,49643,49673,49623
4411,49560,49581,49551,49532,49576,49591,49505,49643,49673,49623
4412,49560,49581,49551,49532,49576,49591,49505,49643,49673,49623
4413,49560,49581,49551,49532,49576,49591,49505,49643,49673,49623
4414,49560,49581,49551,49532,49576,49591,49505,49643,49673,49623
4415,49560,49581,49551,49532,49576,49591,49505,49643,49673,49623
4416,49560,49581,49551,49532,49576,49591,49505,49643,49673,49623
4417,49560,49581,49551,49532,49576,49591,49505,49643,49673,49623
4418,49560,49581,49551,49532,49576,49591,49505,49643,49673,49623
4419,49560,49581,49551,49532,49576,49591,49505,49643,49673,49623
4420,49560,49581,49551,49532,49576,49591,49531,49643,49673,49623
4421,49560,49581,49551,49532,49576,49591,49531,49643,49673,49623
4422,49560,49581,49551,49532,49576,49591,49531,49643,49673,49623
4423,49560,49581,49551,49532,49576,49591,49531,49643,49673,49623
4424,49560,49581,49551,49532,49576,49591,49531,49643,49673,49623
4425,49560,49581,49551,49532,49576,49591,49531,49643,49673,49623
4426,49560,49581,49551,49532,49576,49591,49531,49643,49673,49623
4427,49560,49581,49551,49532,49576,49591,49531,49643,49673,49623
4428,49560,49581,49551,49532,49576,49591,49531,49643,49673,49623
4429,49560,49581,49551,49532,49576,49591,49531,49643,49673,49623
4430,49560,49581,49551,49532,49576,49591,49531,49643,49673,49623
4431,49560,49581,49551,49532,49576,49591,49531,49643,49673,49623
4432,49560,49581,49551,49532,49576,49591,49531,49643,49673,49623
4433,49560,49581,49551,49532,49576,49591,49531,49643,49673,49623
4434,49560,49605,49551,49532,49576,49591,49531,49643,49673,49623
4435,49560,49605,49551,49532,49576,49591,49531,49643,49673,49623
4436,49560,49605,49551,49532,49576,49591,49531,49643,49673,49623
4437,49560,49605,49551,49532,49576,49591,49531,49643,49673,49623
4438,49560,49605,49551,49532,49576,49591,49531,49643,49673,49623
4439,49560,49605,49551,49532,49576,49591,49531,49643,49673,49623
4440,49560,49605,49551,49532,49576,49591,49531,49643,49673,49623
4441,49560,49605,49551,49532,49576,49591,49531,49643,49673,49623
4442,49560,49605,49551,49532,49576,49591,49531,49643,49673,49623
4443,49560,49605,49551,49532,49576,49591,49531,49643,49673,49623
4444,49560,49605,49551,49532,49576,49591,49531,49643,49673,49623
4445,49560,49605,49551,49532,49576,49591,49531,49643,49673,49623
4446,49560,49605,49551,49532,49576,49591,49531,49643,49673,49623
4447,49560,49605,49551,49532,49576,49591,49531,49643,49673,49623
4448,49560,49605,49551,49532,49576,49591,49531,49643,49673,49623
4449,49560,49605,49551,49532,49576,49591,49531,49643,49673,49623
4450,49560,49605,49551,49532,49576,49591,49531,49643,49673,49623
4451,49560,49605,49551,49532,49576,49591,49531,49643,49673,49623
4452,49560,49605,49551,49532,49576,49591,49531,49643,49673,49623
4453,49560,49605,49551,49532,49576,49591,49531,49643,49673,49623
4454,49560,49605,49551,49532,49576,49591,49531,49643,49673,49623
4455,49560,49605,49551,49532,49576,49591,49531,49643,49673,49623
4456,49560,49605,49551,49533,49576,49591,49531,49643,49673,49623
4457,49560,49605,49551,49533,49576,49591,49531,49643,49673,49623
4458,49560,49605,49551,49533,49576,49591,49531,49643,49673,49623
4459,49560,49605,49551,49533,49576,49591,49531,49643,49673,49623
4460,49560,49605,49551,49533,49576,49591,49531,49643,49673,49623
4461,49560,49605,49551,49533,49576,49591,49531,49643,49673,49623
4462,49560,49605,49551,49533,49576,49591,49531,49643,49673,49623
4463,49560,49605,49551,49533,49576,49591,49531,49643,49673,49623
4464,49560,49605,49551,49533,49576,49591,49531,49643,49673,49623
4465,49560,49605,49551,49533,49576,49591,49531,49643,49673,49623
4466,49560,49605,49551,49533,49576,49591,49531,49643,49673,49623
4467,49560,49605,49551,49533,49576,49591,49531,49643,49673,49623
4468,49560,49605,49551,49533,49576,49591,49531,49643,49673,49630
4469,49560,49605,49551,49533,49576,49591,49531,49643,49673,49630
4470,49560,49605,49551,49533,49576,49591,49531,49643,49673,49630
4471,49560,49605,49569,49533,49576,49591,49531,49643,49673,49630
4472,49560,49605,49569,49533,49576,49591,49531,49643,49673,49630
4473,49560,49605,49569,49533,49576,49591,49531,49643,49673,49630
4474,49560,49605,49569,49533,49576,49591,49531,49643,49673,49630
4475,49560,49605,49569,49533,49576,49591,49531,49643,49673,49630
4476,49560,49605,49569,49533,49576,49591,49531,49643,49673,49630
4477,49560,49605,49569,49533,49576,49591,49531,49643,49673,49630
4478,49560,49605,49569,49533,49576,49591,49531,49643,49673,49630
4479,49560,49605,49569,49533,49576,49591,49531,49643,49673,49630
4480,49560,49605,49569,49533,49576,49591,49531,49643,49673,49630
4481,49560,49605,49569,49533,49576,49591,49531,49643,49673,49630
4482,49560,49605,49569,49533,49576,49591,49531,49643,49673,49630
4483,49560,49605,49569,49533,49576,49591,49531,49643,49673,49630
4484,49560,49605,49569,49533,49576,49591,49532,49643,49673,49630
4485,49560,49605,49569,49533,49576,49591,49532,49643,49673,49630
4486,49560,49605,49569,49533,49576,49591,49532,49643,49673,49630
4487,49560,49605,49569,49533,49576,49591,49532,49643,49673,49630
4488,49560,49605,49569,49533,49576,49591,49532,49643,49673,49630
4489,49560,49605,49569,49533,49576,49591,49532,49643,49673,49630
4490,49560,49605,49569,49533,49576,49591,49532,49643,49673,49630
4491,49560,49605,49569,49533,49576,49591,49532,49643,49673,49630
4492,49560,49605,49569,49533,49576,49591,49532,49643,49673,49630
4493,49560,49605,49569,49533,49576,49591,49532,49643,49673,49630
4494,49560,49605,49569,49533,49576,49598,49532,49643,49673,49630
4495,49560,49605,49569,49533,49576,49598,49532,49643,49673,49630
4496,49560,49605,49569,49533,49576,49598,49532,49643,49673,49630
4497,49560,49605,49569,49533,49576,49598,49532,49643,49673,49630
4498,49560,49605,49569,49533,49576,49598,49532,49643,49673,49630
4499,49560,49605,49569,49533,49576,49598,49532,49643,49673,49630
4500,49560,49605,49569,49533,49576,49598,49532,49643,49673,49630
4501,49560,49605,49569,49533,49576,49598,49532,49643,49673,49630
4502,49560,49605,49569,49533,49576,49598,49532,49643,49673,49630
4503,49560,49605,49569,49533,49576,49598,49532,49643,49673,49630
4504,49560,49605,49569,49533,49576,49598,49532,49643,49673,49630
4505,49560,49605,49569,49533,49576,49598,49532,49643,49673,49630
4506,49560,49605,49569,49533,49576,49598,49532,49643,49673,49630
4507,49560,49605,49569,49533,49576,49598,49532,49643,49673,49630
4508,49560,49605,49569,49533,49576,49598,49532,49643,49673,49630
4509,49560,49619,49569,49533,49576,49598,49532,49643,49673,49630
4510,49560,49619,49569,49533,49576,49598,49532,49643,49673,49630
4511,49560,49619,49569,49533,49576,49598,49532,49643,49673,49630
4512,49560,49619,49569,49533,49576,49598,49532,49643,49673,49630
4513,49560,49619,49569,49533,49576,49598,49532,49643,49673,49630
4514,49560,49619,49569,49533,49576,49598,49532,49643,49673,49630
4515,49560,49619,49569,49533,49576,49598,49532,49643,49673,49630
4516,49560,49619,49569,49533,49576,49598,49532,49643,49673,49630
4517,49560,49619,49569,49533,49576,49598,49532,49643,49673,49630
4518,49560,49619,49569,49533,49576,49598,49532,49643,49673,49630
4519,49560,49619,49569,49533,49576,49598,49532,49643,49673,49630
4520,49560,49619,49569,49533,49576,49598,49532,49643,49673,49630
4521,49560,49619,49569,49533,49576,49598,49532,49643,49673,49630
4522,49560,49619,49569,49533,49576,49598,49532,49643,49673,49630
4523,49560,49619,49569,49533,49576,49598,49532,49643,49673,49630
4524,49560,49619,49569,49533,49576,49598,49532,49643,49673,49630
4525,49560,49619,49569,49533,49576,49598,49532,49643,49673,49630
4526,49560,49619,49569,49533,49576,49598,49532,49643,49673,49630
4527,49560,49619,49569,49533,49576,49598,49532,49643,49673,49630
4528,49560,49619,49569,49533,49576,49598,49532,49643,49673,49630
4529,49560,49619,49569,49533,49576,49598,49532,49643,49673,49630
4530,49560,49619,49569,49533,49576,49598,49532,49643,49673,49630
4531,49560,49619,49569,49533,49576,49598,49532,49643,49673,49630
4532,49560,49619,49569,49533,49576,49598,49532,49643,49673,49630
4533,49560,49619,49569,49533,49576,49598,49532,49643,49673,49630
4534,49560,49619,49569,49533,49593,49598,49532,49643,49673,49630
4535,49560,49619,49569,49533,49593,49598,49532,49643,49673,49630
4536,49560,49619,49569,49533,49593,49598,49532,49643,49673,49630
4537,49560,49619,49569,49533,49593,49598,49532,49643,49673,49630
4538,49560,49619,49569,49553,49593,49598,49532,49643,49673,49630
4539,49560,49619,49569,49553,49593,49598,49532,49643,49673,49630
4540,49560,49619,49569,49553,49593,49598,49532,49643,49673,49630
4541,49560,49619,49569,49553,49593,49598,49532,49643,49673,49630
4542,49560,49619,49569,49553,49593,49598,49532,49643,49673,49630
4543,49560,49619,49569,49553,49593,49598,49532,49643,49673,49630
4544,49560,49619,49569,49553,49593,49598,49532,49643,49673,49630
4545,49560,49619,49569,49553,49593,49598,49532,49643,49673,49630
4546,49560,49619,49569,49553,49593,49598,49532,49643,49673,49630
4547,49560,49619,49569,49553,49593,49598,49532,49643,49673,49630
4548,49560,49619,49569,49553,49593,49598,49532,49643,49673,49630
4549,49560,49619,49569,49553,49593,49598,49532,49643,49673,49630
4550,49560,49619,49569,49553,49593,49598,49532,49643,49673,49630
4551,49560,49619,49569,49553,49593,49598,49532,49643,49673,49630
4552,49560,49619,49569,49553,49593,49598,49532,49643,49673,49630
4553,49560,49619,49569,49553,49593,49598,49532,49643,49673,49630
4554,49560,49619,49569,49553,49593,49598,49532,49643,49673,49630
4555,49560,49619,49569,49553,49593,49598,49532,49643,49673,49630
4556,49560,49619,49569,49553,49593,49598,49532,49643,49673,49630
4557,49560,49619,49569,49553,49593,49598,49532,49643,49673,49630
4558,49560,49619,49569,49553,49593,49598,49532,49643,49673,49630
4559,49560,49619,49569,49553,49593,49598,49532,49643,49673,49630
4560,49560,49619,49569,49553,49593,49598,49532,49643,49673,49630
4561,49560,49619,49569,49553,49593,49598,49532,49643,49673,49630
4562,49560,49619,49569,49553,49593,49598,49532,49643,49676,49630
4563,49560,49619,49569,49553,49593,49598,49532,49643,49676,49630
4564,49560,49619,49569,49553,49593,49598,49532,49643,49676,49630
4565,49560,49619,49569,49553,49593,49598,49532,49643,49676,49630
4566,49560,49619,49569,49553,49593,49598,49532,49643,49676,49630
4567,49560,49619,49569,49553,49593,49598,49532,49643,49676,49630
4568,49560,49619,49569,49553,49593,49598,49532,49643,49676,49630
4569,49560,49619,49569,49553,49593,49598,49532,49643,49676,49630
4570,49560,49619,49569,49553,49593,49598,49532,49643,49676,49630
4571,49560,49619,49569,49553,49593,49598,49532,49643,49676,49630
4572,49560,49619,49569,49553,49593,49598,49532,49643,49676,49630
4573,49560,49623,49569,49553,49593,49598,49532,49643,49676,49630
4574,49560,49623,49569,49553,49593,49598,49532,49643,49676,49638
4575,49560,49623,49569,49553,49593,49598,49532,49643,49676,49638
4576,49560,49623,49569,49553,49593,49598,49532,49643,49676,49638
4577,49560,49623,49569,49553,49593,49598,49532,49643,49676,49638
4578,49560,49623,49569,49553,49593,49598,49532,49643,49676,49638
4579,49560,49623,49569,49553,49593,49598,49532,49643,49676,49638
4580,49560,49623,49569,49553,49593,49598,49532,49643,49676,49638
4581,49560,49623,49569,49553,49593,49598,49532,49643,49676,49638
4582,49560,49623,49569,49553,49593,49598,49532,49643,49676,49638
4583,49560,49623,49569,49553,49593,49598,49532,49643,49676,49638
4584,49560,49623,49569,49553,49593,49598,49532,49643,49676,49638
4585,49560,49623,49569,49553,49593,49598,49532,49643,49676,49638
4586,49560,49623,49569,49553,49593,49598,49532,49643,49676,49638
4587,49560,49623,49569,49553,49593,49598,49532,49643,49676,49638
4588,49560,49623,49569,49553,49593,49598,49532,49643,49676,49638
4589,49560,49623,49569,49553,49593,49598,49532,49643,49676,49638
4590,49560,49623,49569,49553,49593,49598,49532,49643,49676,49638
4591,49560,49623,49569,49553,49593,49598,49532,49643,49676,49638
4592,49560,49623,49569,49553,49593,49598,49532,49643,49676,49638
4593,49560,49623,49569,49553,49593,49598,49532,49643,49676,49638
4594,49560,49623,49569,49553,49593,49598,49532,49643,49676,49638
4595,49560,49623,49569,49553,49593,49598,49532,49643,49676,49638
4596,49560,49623,49569,49553,49593,49598,49532,49643,49676,49638
4597,49560,49623,49569,49553,49593,49598,49532,49643,49676,49638
4598,49560,49623,49569,49553,49593,49598,49532,49643,49676,49638
4599,49560,49623,49569,49553,49593,49598,49532,49643,49676,49638
4600,49560,49623,49569,49553,49593,49598,49532,49643,49676,49638
4601,49560,49623,49569,49553,49593,49598,49532,49643,49676,49638
4602,49560,49623,49569,49553,49593,49598,49532,49643,49676,49638
4603,49560,49623,49569,49553,49593,49598,49532,49643,49676,49638
4604,49560,49623,49569,49553,49593,49598,49532,49643,49676,49638
4605,49560,49623,49569,49553,49601,49598,49532,49643,49676,49638
4606,49560,49623,49569,49553,49601,49598,49532,49643,49676,49638
4607,49560,49623,49569,49553,49601,49598,49532,49643,49676,49638
4608,49560,49623,49569,49553,49601,49598,49532,49643,49676,49638
4609,49560,49623,49569,49553,49601,49598,49532,49643,49676,49638
4610,49560,49623,49569,49553,49601,49598,49532,49643,49676,49638
4611,49560,49623,49569,49553,49601,49598,49532,49643,49676,49638
4612,49560,49623,49569,49553,49601,49598,49532,49643,49676,49638
4613,49560,49623,49569,49553,49601,49598,49532,49643,49676,49638
4614,49560,49623,49569,49553,49601,49598,49532,49643,49676,49638
4615,49560,49623,49569,49553,49601,49598,49532,49643,49676,49638
4616,49560,49623,49569,49553,49601,49598,49532,49643,49676,49638
4617,49560,49623,49569,49553,49601,49598,49532,49643,49676,49638
4618,49560,49623,49569,49553,49601,49598,49532,49643,49676,49638
4619,49560,49623,49569,49553,49601,49598,49532,49643,49676,49638
4620,49560,49623,49569,49553,49601,49598,49532,49643,49676,49638
4621,49560,49623,49569,49553,49601,49598,49532,49643,49676,49638
4622,49560,49623,49569,49553,49601,49598,49540,49643,49676,49638
4623,49560,49623,49569,49553,49601,49598,49540,49643,49676,49638
4624,49560,49623,49569,49553,49601,49598,49540,49643,49676,49638
4625,49560,49623,49569,49553,49601,49598,49540,49643,49676,49638
4626,49560,49623,49569,49553,49601,49598,49540,49643,49676,49638
4627,49560,49623,49569,49553,49601,49598,49540,49643,49676,49638
4628,49560,49623,49569,49553,49601,49607,49540,49643,49676,49638
4629,49560,49623,49569,49553,49601,49607,49540,49643,49676,49638
4630,49560,49623,49569,49553,49601,49607,49540,49643,49676,49638
4631,49560,49623,49569,49553,49601,49607,49540,49643,49676,49638
4632,49560,49623,49569,49553,49601,49607,49540,49643,49676,49638
4633,49560,49623,49569,49553,49601,49607,49540,49643,49676,49638
4634,49560,49623,49569,49553,49601,49607,49540,49643,49676,49638
4635,49560,49623,49569,49553,49601,49607,49540,49643,49676,49638
4636,49560,49623,49569,49553,49601,49607,49540,49643,49676,49638
4637,49560,49623,49569,49553,49601,49607,49540,49643,49676,49638
4638,49560,49623,49569,49553,49601,49607,49540,49643,49676,49638
4639,49560,49623,49569,49553,49601,49607,49540,49643,49676,49638
4640,49560,49623,49569,49553,49601,49607,49540,49643,49676,49638
4641,49560,49623,49569,49553,49601,49607,49540,49643,49676,49638
4642,49560,49623,49569,49553,49601,49607,49540,49643,49676,49638
4643,49560,49623,49569,49553,49601,49607,49540,49643,49676,49638
4644,49560,49623,49569,49553,49601,49607,49540,49643,49676,49638
4645,49560,49623,49569,49553,49601,49607,49540,49643,49676,49638
4646,49560,49623,49569,49553,49601,49607,49540,49643,49676,49638
4647,49560,49623,49569,49553,49601,49607,49540,49643,49676,49638
4648,49560,49623,49569,49553,49601,49607,49540,49643,49676,49638
4649,49560,49623,49569,49553,49601,49607,49540,49643,49676,49638
4650,49560,49623,49569,49553,49601,49607,49540,49643,49676,49638
4651,49560,49623,49569,49553,49601,49607,49540,49643,49676,49638
4652,49560,49623,49569,49553,49601,49607,49540,49643,49676,49638
4653,49560,49623,49569,49553,49601,49607,49540,49643,49676,49638
4654,49560,49623,49569,49553,49601,49607,49540,49643,49676,49638
4655,49560,49623,49569,49553,49601,49607,49540,49653,49676,49638
4656,49560,49623,49569,49553,49601,49607,49540,49653,49676,49638
4657,49575,49623,49569,49553,49601,49607,49540,49653,49676,49638
4658,49575,49623,49569,49553,49601,49607,49540,49653,49676,49638
4659,49575,49623,49569,49553,49601,49607,49540,49653,49676,49638
4660,49575,49623,49569,49553,49601,49607,49540,49653,49676,49638
4661,49575,49623,49569,49553,49601,49607,49540,49653,49676,49638
4662,49575,49623,49575,49553,49601,49607,49540,49653,49676,49638
4663,49575,49623,49575,49553,49601,49607,49540,49653,49676,49638
4664,49575,49623,49575,49553,49601,49607,49540,49653,49676,49638
4665,49575,49623,49575,49553,49601,49607,49540,49653,49676,49638
4666,49575,49623,49575,49553,49601,49607,49540,49653,49676,49638
4667,49575,49623,49575,49553,49601,49607,49540,49653,49676,49638
4668,49575,49623,49592,49553,49601,49607,49540,49653,49676,49638
4669,49575,49623,49592,49553,49601,49607,49540,49653,49676,49638
4670,49575,49623,49592,49553,49601,49607,49540,49653,49676,49638
4671,49575,49623,49592,49553,49601,49607,49540,49653,49676,49638
4672,49575,49623,49592,49553,49601,49607,49540,49653,49676,49638
4673,49575,49623,49592,49553,49601,49607,49540,49653,49676,49638
4674,49575,49623,49592,49553,49601,49607,49540,49653,49676,49638
4675,49575,49623,49592,49553,49601,49607,49540,49653,49676,49638
4676,49575,49623,49592,49553,49601,49607,49540,49653,49676,49638
4677,49575,49623,49592,49553,49601,49607,49540,49653,49676,49638
4678,49575,49623,49592,49553,49601,49607,49540,49653,49676,49638
4679,49575,49623,49592,49553,49601,49607,49540,49653,49676,49638
4680,49575,49623,49592,49553,49601,49611,49540,49653,49676,49638
4681,49575,49623,49592,49553,49601,49611,49540,49653,49676,49638
4682,49575,49623,49592,49553,49601,49611,49540,49653,49676,49638
4683,49575,49623,49592,49553,49601,49611,49540,49653,49676,49638
4684,49575,49623,49592,49553,49601,49611,49540,49653,49676,49638
4685,49575,49623,49592,49553,49601,49611,49540,49653,49676,49638
4686,49575,49623,49592,49553,49601,49611,49540,49653,49676,49638
4687,49575,49623,49592,49553,49601,49611,49540,49653,49676,49638
4688,49575,49623,49592,49553,49601,49611,49540,49653,49676,49638
4689,49575,49623,49592,49553,49601,49611,49540,49653,49676,49638
4690,49575,49623,49592,49553,49601,49611,49540,49653,49676,49638
4691,49575,49623,49592,49553,49601,49611,49540,49653,49676,49638
4692,49575,49623,49592,49553,49601,49611,49540,49653,49676,49638
4693,49575,49623,49592,49553,49601,49611,49540,49653,49676,49638
4694,49575,49623,49592,49553,49601,49611,49540,49653,49676,49638
4695,49575,49623,49592,49553,49601,49611,49540,49653,49676,49638
4696,49575,49623,49592,49553,49601,49611,49540,49653,49676,49638
4697,49575,49623,49592,49553,49601,49611,49540,49653,49676,49638
4698,49575,49623,49592,49553,49601,49611,49540,49653,49676,49638
4699,49575,49623,49592,49553,49601,49611,49540,49653,49676,49638
4700,49575,49623,49592,49553,49601,49611,49540,49653,49676,49638
4701,49593,49623,49592,49553,49601,49611,49540,49653,49676,49638
4702,49593,49623,49592,49553,49601,49611,49540,49653,49676,49638
4703,49593,49623,49592,49553,49601,49611,49540,49653,49676,49638
4704,49593,49623,49592,49553,49601,49611,49540,49653,49676,49638
4705,49593,49623,49592,49553,49601,49611,49540,49653,49676,49638
4706,49593,49623,49592,49553,49601,49611,49540,49653,49676,49638
4707,49593,49623,49592,49553,49601,49611,49540,49653,49676,49638
4708,49593,49623,49592,49553,49601,49611,49540,49653,49676,49638
4709,49593,49623,49592,49553,49601,49611,49540,49653,49676,49638
4710,49593,49623,49592,49553,49601,49611,49540,49653,49676,49638
4711,49593,49623,49592,49553,49601,49611,49540,49653,49676,49638
4712,49593,49623,49592,49553,49601,49611,49540,49653,49676,49638
4713,49593,49623,49592,49553,49601,49611,49540,49653,49676,49638
4714,49593,49623,49592,49553,49601,49611,49540,49653,49676,49638
4715,49593,49623,49592,49553,49601,49611,49540,49653,49676,49638
4716,49593,49623,49592,49553,49601,49611,49540,49653,49676,49638
4717,49593,49623,49592,49553,49601,49611,49540,49653,49676,49638
4718,49593,49623,49592,49553,49601,49611,49540,49653,49676,49638
4719,49593,49623,49592,49553,49601,49611,49540,49653,49676,49638
4720,49593,49623,49592,49553,49601,49611,49540,49653,49676,49638
4721,49593,49623,49592,49553,49601,49611,49540,49653,49676,49638
4722,49593,49623,49592,49553,49601,49611,49540,49653,49676,49638
4723,49593,49623,49592,49553,49601,49611,49544,49653,49676,49638
4724,49593,49623,49592,49553,49601,49611,49544,49653,49676,49638
4725,49593,49623,49592,49553,49601,49611,49544,49653,49676,49638
4726,49593,49623,49592,49553,49601,49611,49544,49653,49676,49638
4727,49593,49623,49592,49553,49601,49611,49544,49653,49676,49638
4728,49593,49633,49592,49553,49601,49611,49544,49653,49676,49638
4729,49593,49633,49592,49553,49601,49611,49544,49653,49676,49638
4730,49593,49633,49592,49553,49601,49611,49544,49653,49676,49638
4731,49593,49633,49592,49553,49601,49611,49544,49653,49676,49638
4732,49593,49633,49592,49553,49601,49611,49544,49653,49676,49638
4733,49593,49633,49592,49553,49601,49611,49544,49653,49676,49638
4734,49593,49633,49592,49553,49601,49611,49544,49653,49676,49638
4735,49593,49633,49592,49553,49601,49611,49544,49653,49676,49638
4736,49593,49633,49592,49553,49601,49611,49544,49653,49676,49638
4737,49593,49633,49592,49553,49601,49611,49544,49653,49676,49638
4738,49593,49633,49592,49553,49601,49611,49544,49653,49676,49638
4739,49593,49633,49592,49553,49601,49611,49544,49653,49676,49638
4740,49593,49633,49592,49553,49601,49611,49544,49653,49676,49638
4741,49593,49633,49592,49553,49601,49611,49544,49653,49676,49638
4742,49593,49633,49592,49553,49601,49611,49544,49653,49676,49638
4743,49593,49633,49592,49553,49601,49611,49544,49653,49676,49638
4744,49593,49633,49592,49553,49601,49611,49558,49653,49676,49638
4745,49593,49633,49592,49553,49601,49611,49558,49653,49676,49638
4746,49593,49633,49592,49553,49601,49611,49558,49653,49676,49638
4747,49593,49633,49592,49553,49601,49611,49558,49653,49676,49638
4748,49593,49633,49592,49553,49601,49611,49558,49653,49676,49638
4749,49593,49633,49592,49553,49601,49611,49558,49653,49676,49638
4750,49593,49633,49592,49553,49601,49611,49558,49653,49676,49638
4751,49593,49633,49592,49553,49601,49611,49558,49653,49676,49638
4752,49593,49633,49592,49553,49601,49611,49558,49653,49676,49638
4753,49593,49633,49592,49553,49601,49611,49558,49653,49676,49638
4754,49593,49633,49592,49553,49601,49611,49558,49653,49676,49638
4755,49593,49633,49592,49553,49601,49611,49558,49653,49676,49638
4756,49593,49633,49592,49553,49601,49611,49558,49653,49676,49638
4757,49593,49633,49592,49553,49601,49611,49558,49653,49676,49638
4758,49593,49633,49592,49553,49601,49611,49558,49653,49676,49638
4759,49593,49633,49592,49553,49601,49611,49558,49653,49676,49638
4760,49593,49633,49592,49553,49601,49611,49558,49653,49676,49638
4761,49593,49633,49592,49553,49601,49611,49558,49653,49676,49638
4762,49593,49633,49592,49553,49601,49611,49558,49653,49676,49638
4763,49593,49633,49592,49553,49601,49611,49558,49653,49676,49638
4764,49593,49633,49592,49553,49601,49611,49558,49653,49676,49638
4765,49593,49633,49592,49553,49601,49611,49558,49653,49676,49638
4766,49593,49633,49592,49553,49601,49611,49558,49653,49676,49638
4767,49593,49633,49592,49553,49601,49611,49558,49653,49676,49638
4768,49593,49633,49592,49553,49601,49611,49558,49653,49676,49638
4769,49593,49633,49592,49553,49601,49611,49558,49653,49676,49638
4770,49593,49633,49592,49553,49601,49611,49558,49653,49676,49638
4771,49593,49633,49592,49553,49601,49611,49558,49653,49676,49638
4772,49593,49633,49592,49553,49601,49611,49558,49653,49676,49638
4773,49593,49633,49592,49553,49601,49611,49558,49653,49676,49638
4774,49593,49633,49592,49553,49601,49611,49558,49653,49676,49638
4775,49593,49633,49592,49553,49601,49611,49558,49653,49676,49638
4776,49593,49633,49592,49553,49601,49611,49558,49653,49676,49638
4777,49593,49633,49592,49553,49601,49611,49558,49653,49676,49638
4778,49593,49633,49592,49553,49601,49611,49558,49653,49676,49638
4779,49593,49633,49592,49553,49601,49611,49558,49653,49676,49638
4780,49593,49633,49592,49553,49601,49611,49558,49653,49676,49638
4781,49593,49633,49602,49553,49601,49611,49558,49653,49676,49638
4782,49593,49633,49602,49553,49601,49611,49558,49653,49676,49638
4783,49593,49633,49602,49553,49601,49611,49558,49653,49676,49638
4784,49593,49633,49602,49553,49601,49611,49558,49653,49676,49638
4785,49593,49633,49602,49553,49601,49611,49558,49653,49676,49638
4786,49593,49633,49602,49553,49610,49628,49558,49653,49676,49638
4787,49593,49633,49602,49553,49610,49628,49558,49653,49676,49638
4788,49593,49633,49602,49553,49610,49628,49558,49653,49676,49638
4789,49593,49633,49602,49553,49610,49628,49558,49653,49676,49638
4790,49593,49633,49602,49553,49610,49628,49558,49653,49676,49638
4791,49593,49633,49602,49553,49610,49628,49558,49653,49676,49638
4792,49593,49633,49602,49553,49610,49628,49558,49653,49676,49638
4793,49593,49649,49602,49553,49610,49646,49558,49653,49676,49638
4794,49593,49649,49602,49553,49610,49646,49558,49653,49676,49638
4795,49593,49649,49602,49553,49610,49646,49558,49653,49676,49638
4796,49593,49649,49602,49553,49610,49646,49558,49653,49676,49638
4797,49593,49649,49602,49553,49610,49646,49558,49653,49676,49638
4798,49593,49649,49602,49553,49610,49646,49558,49653,49676,49638
4799,49593,49649,49602,49553,49610,49646,49558,49653,49676,49638
4800,49593,49649,49602,49553,49610,49646,49558,49653,49676,49638
4801,49593,49649,49602,49553,49610,49646,49558,49653,49676,49638
4802,49593,49649,49602,49553,49610,49646,49558,49653,49676,49638
4803,49593,49649,49602,49553,49610,49646,49558,49653,49676,49638
4804,49593,49649,49602,49553,49610,49646,49558,49653,49676,49638
4805,49593,49649,49602,49553,49610,49646,49558,49653,49676,49638
4806,49593,49649,49602,49553,49610,49646,49558,49653,49676,49638
4807,49593,49649,49602,49553,49610,49646,49558,49653,49676,49638
4808,49593,49649,49602,49553,49610,49646,49558,49653,49676,49638
4809,49593,49649,49602,49553,49610,49646,49558,49653,49676,49638
4810,49593,49649,49602,49553,49610,49646,49558,49653,49676,49638
4811,49593,49649,49602,49553,49610,49646,49564,49653,49676,49638
4812,49593,49649,49602,49553,49610,49646,49564,49653,49676,49638
4813,49593,49649,49602,49553,49610,49646,49564,49653,49676,49638
4814,49593,49649,49602,49553,49610,49646,49564,49653,49676,49638
4815,49593,49649,49602,49553,49610,49646,49564,49653,49676,49638
4816,49593,49649,49602,49553,49610,49646,49577,49653,49676,49638
4817,49593,49649,49602,49553,49610,49646,49577,49653,49676,49638
4818,49593,49649,49602,49553,49610,49646,49577,49653,49676,49638
4819,49593,49649,49602,49553,49610,49646,49577,49653,49676,49638
4820,49593,49656,49602,49553,49610,49646,49577,49653,49676,49638
4821,49593,49656,49602,49553,49610,49664,49577,49653,49676,49638
4822,49593,49656,49602,49553,49610,49664,49577,49653,49676,49638
4823,49593,49656,49602,49553,49610,49664,49577,49653,49676,49638
4824,49593,49656,49602,49553,49610,49664,49577,49653,49676,49638
4825,49593,49656,49602,49553,49610,49664,49577,49653,49676,49638
4826,49593,49656,49602,49553,49610,49664,49577,49653,49682,49638
4827,49593,49656,49602,49553,49610,49664,49577,49653,49682,49638
4828,49593,49656,49602,49553,49610,49664,49577,49653,49682,49638
4829,49593,49656,49602,49553,49610,49664,49577,49653,49682,49638
4830,49593,49656,49602,49553,49610,49664,49577,49653,49682,49638
4831,49593,49656,49602,49553,49610,49664,49577,49653,49682,49638
4832,49593,49656,49602,49553,49610,49664,49577,49653,49682,49638
4833,49593,49656,49602,49553,49610,49664,49577,49653,49682,49638
4834,49593,49656,49602,49553,49610,49664,49577,49653,49682,49638
4835,49593,49656,49602,49553,49610,49664,49577,49653,49682,49638
4836,49593,49656,49602,49553,49610,49664,49577,49653,49682,49638
4837,49593,49656,49602,49553,49610,49664,49577,49653,49682,49638
4838,49593,49656,49602,49553,49610,49664,49577,49653,49682,49638
4839,49593,49656,49602,49553,49610,49664,49577,49653,49682,49638
4840,49593,49656,49602,49553,49610,49664,49577,49653,49682,49638
4841,49593,49656,49602,49553,49610,49664,49577,49653,49682,49638
4842,49593,49656,49602,49553,49610,49664,49577,49653,49682,49638
4843,49593,49656,49602,49553,49610,49664,49577,49653,49682,49638
4844,49593,49656,49602,49553,49610,49664,49577,49653,49682,49638
4845,49593,49656,49602,49553,49610,49664,49577,49653,49682,49638
4846,49593,49656,49602,49553,49610,49664,49577,49653,49682,49638
4847,49593,49656,49602,49553,49610,49664,49577,49653,49682,49638
4848,49593,49656,49602,49553,49610,49664,49577,49653,49682,49638
4849,49593,49656,49602,49553,49610,49664,49577,49653,49682,49638
4850,49593,49656,49602,49553,49610,49664,49577,49653,49682,49638
4851,49593,49656,49602,49553,49610,49664,49577,49653,49682,49638
4852,49593,49656,49602,49553,49610,49664,49577,49653,49682,49638
4853,49593,49656,49602,49553,49610,49664,49577,49653,49682,49638
4854,49593,49656,49602,49553,49610,49664,49577,49653,49682,49638
4855,49593,49656,49602,49553,49610,49664,49577,49653,49682,49638
4856,49593,49656,49602,49553,49610,49664,49577,49653,49682,49638
4857,49593,49656,49602,49553,49610,49664,49577,49653,49682,49638
4858,49593,49656,49602,49553,49610,49664,49577,49653,49682,49638
4859,49593,49656,49602,49553,49610,49664,49577,49653,49682,49638
4860,49593,49656,49602,49553,49610,49664,49577,49653,49682,49638
4861,49593,49656,49602,49553,49610,49664,49577,49653,49682,49638
4862,49593,49656,49602,49553,49610,49664,49577,49653,49682,49638
4863,49593,49656,49602,49553,49610,49664,49577,49653,49682,49638
4864,49593,49656,49602,49553,49610,49664,49577,49653,49682,49638
4865,49593,49656,49602,49553,49610,49664,49577,49653,49682,49638
4866,49593,49656,49602,49553,49610,49664,49577,49653,49682,49638
4867,49593,49656,49602,49553,49610,49664,49577,49653,49682,49638
4868,49593,49656,49602,49553,49610,49664,49577,49653,49682,49638
4869,49593,49656,49602,49553,49610,49664,49577,49653,49682,49638
4870,49593,49656,49602,49553,49610,49664,49577,49653,49682,49638
4871,49593,49656,49602,49553,49610,49664,49577,49653,49682,49640
4872,49593,49656,49602,49553,49610,49664,49577,49653,49682,49640
4873,49593,49656,49602,49553,49610,49664,49577,49653,49682,49640
4874,49593,49656,49602,49553,49610,49664,49577,49653,49682,49640
4875,49593,49656,49602,49553,49610,49664,49577,49653,49682,49640
4876,49593,49656,49602,49553,49610,49664,49577,49653,49682,49640
4877,49593,49656,49602,49553,49610,49664,49577,49653,49682,49640
4878,49593,49656,49602,49553,49610,49664,49577,49653,49682,49640
4879,49593,49656,49602,49553,49610,49664,49577,49653,49682,49640
4880,49593,49656,49602,49553,49610,49664,49577,49653,49682,49640
4881,49593,49656,49602,49553,49610,49664,49577,49653,49682,49640
4882,49593,49656,49602,49553,49610,49664,49577,49653,49682,49640
4883,49593,49656,49602,49553,49610,49664,49577,49653,49682,49640
4884,49593,49656,49602,49553,49610,49664,49577,49653,49682,49640
4885,49593,49656,49602,49553,49610,49664,49577,49653,49682,49640
4886,49593,49656,49602,49562,49610,49664,49577,49653,49682,49640
4887,49593,49656,49602,49562,49610,49664,49577,49653,49693,49640
4888,49593,49656,49602,49562,49610,49664,49577,49653,49693,49640
4889,49593,49656,49602,49562,49610,49674,49577,49653,49693,49640
4890,49593,49656,49602,49562,49610,49674,49577,49653,49693,49640
4891,49593,49656,49602,49562,49610,49674,49577,49653,49693,49656
4892,49593,49656,49602,49562,49610,49674,49577,49653,49693,49658
4893,49593,49656,49602,49562,49610,49674,49577,49653,49693,49658
4894,49593,49656,49602,49562,49610,49674,49577,49653,49693,49658
4895,49593,49656,49602,49562,49610,49674,49577,49653,49693,49658
4896,49593,49656,49602,49562,49610,49674,49577,49653,49693,49658
4897,49593,49656,49602,49562,49610,49674,49577,49653,49693,49658
4898,49593,49656,49602,49562,49610,49674,49577,49653,49693,49658
4899,49593,49656,49602,49562,49610,49674,49577,49653,49693,49658
4900,49593,49656,49602,49562,49610,49674,49577,49653,49693,49658
4901,49593,49656,49602,49562,49610,49674,49577,49653,49693,49658
4902,49593,49656,49602,49562,49610,49674,49577,49653,49693,49658
4903,49593,49656,49602,49562,49610,49674,49577,49653,49693,49658
4904,49593,49656,49602,49562,49610,49674,49577,49653,49693,49658
4905,49593,49656,49602,49562,49610,49674,49577,49653,49693,49658
4906,49593,49656,49602,49562,49610,49674,49577,49653,49693,49658
4907,49593,49656,49602,49562,49610,49674,49577,49653,49693,49658
4908,49593,49656,49602,49562,49610,49674,49577,49653,49693,49658
4909,49593,49656,49602,49562,49610,49674,49577,49653,49693,49658
4910,49593,49656,49602,49562,49610,49674,49577,49653,49693,49658
4911,49593,49656,49602,49562,49610,49674,49577,49653,49693,49658
4912,49593,49656,49602,49562,49610,49674,49577,49653,49693,49658
4913,49593,49656,49602,49562,49610,49674,49577,49653,49693,49658
4914,49593,49656,49602,49562,49610,49674,49577,49653,49693,49658
4915,49593,49656,49602,49562,49610,49674,49577,49653,49693,49658
4916,49593,49656,49602,49562,49610,49674,49577,49653,49693,49658
4917,49593,49656,49602,49562,49610,49674,49577,49653,49693,49658
4918,49593,49656,49602,49562,49610,49674,49577,49653,49694,49658
4919,49593,49656,49602,49562,49610,49674,49577,49653,49694,49658
4920,49593,49656,49602,49562,49610,49674,49578,49653,49694,49658
4921,49593,49656,49602,49562,49610,49674,49578,49653,49694,49658
4922,49593,49656,49602,49562,49610,49674,49578,49653,49694,49658
4923,49593,49656,49602,49562,49610,49674,49578,49653,49694,49658
4924,49593,49656,49602,49562,49610,49674,49578,49653,49694,49658
4925,49593,49656,49602,49562,49610,49674,49578,49653,49694,49658
4926,49593,49656,49602,49562,49610,49674,49578,49653,49694,49658
4927,49593,49656,49602,49562,49610,49674,49578,49653,49694,49658
4928,49593,49656,49602,49562,49610,49674,49578,49653,49694,49658
4929,49593,49656,49602,49562,49610,49674,49578,49653,49694,49658
4930,49593,49656,49602,49562,49610,49674,49578,49653,49694,49658
4931,49593,49656,49602,49562,49610,49674,49578,49653,49694,49658
4932,49593,49656,49602,49562,49610,49674,49578,49653,49694,49658
4933,49593,49656,49602,49562,49610,49674,49578,49653,49694,49658
4934,49593,49656,49602,49562,49610,49674,49578,49653,49694,49658
4935,49593,49656,49602,49562,49610,49674,49578,49653,49694,49658
4936,49593,49656,49602,49562,49610,49674,49578,49653,49694,49669
4937,49593,49656,49602,49562,49610,49674,49578,49653,49694,49669
4938,49593,49656,49602,49562,49610,49674,49578,49653,49694,49669
4939,49593,49656,49602,49562,49610,49674,49578,49653,49694,49669
4940,49593,49656,49602,49562,49610,49674,49578,49653,49694,49669
4941,49593,49656,49602,49562,49610,49674,49578,49653,49694,49669
4942,49593,49656,49602,49562,49610,49674,49578,49653,49694,49669
4943,49593,49656,49602,49562,49610,49674,49578,49653,49694,49669
4944,49593,49656,49602,49562,49610,49674,49578,49653,49694,49669
4945,49593,49656,49602,49562,49610,49674,49578,49653,49694,49669
4946,49593,49656,49602,49562,49610,49674,49578,49653,49694,49669
4947,49593,49656,49602,49562,49610,49674,49578,49653,49694,49669
4948,49593,49656,49602,49562,49610,49674,49578,49653,49694,49669
4949,49593,49656,49602,49562,49610,49674,49578,49653,49694,49669
4950,49593,49656,49602,49562,49610,49674,49578,49653,49694,49669
4951,49593,49656,49602,49562,49610,49674,49578,49653,49694,49669
4952,49593,49656,49602,49562,49610,49674,49578,49653,49694,49669
4953,49593,49656,49602,49562,49610,49674,49578,49653,49694,49669
4954,49593,49656,49602,49562,49610,49674,49578,49653,49694,49669
4955,49593,49656,49602,49562,49610,49674,49578,49653,49694,49669
4956,49593,49657,49602,49562,49610,49674,49578,49653,49694,49669
4957,49593,49657,49602,49562,49610,49674,49578,49653,49694,49669
4958,49593,49657,49602,49562,49610,49674,49578,49653,49694,49669
4959,49593,49657,49602,49562,49610,49674,49578,49653,49694,49669
4960,49593,49657,49602,49562,49610,49674,49578,49653,49694,49669
4961,49593,49657,49602,49562,49610,49674,49578,49653,49694,49669
4962,49593,49657,49602,49562,49610,49674,49578,49653,49694,49669
4963,49593,49657,49602,49562,49610,49674,49578,49653,49694,49669
4964,49593,49657,49602,49562,49610,49674,49578,49653,49694,49669
4965,49593,49657,49602,49562,49610,49674,49578,49653,49694,49669
4966,49593,49657,49602,49562,49610,49674,49578,49653,49694,49669
4967,49593,49657,49602,49562,49610,49674,49578,49653,49694,49669
4968,49593,49657,49602,49562,49610,49674,49578,49653,49694,49669
4969,49593,49657,49602,49562,49610,49674,49578,49653,49694,49669
4970,49593,49657,49602,49562,49610,49674,49578,49653,49694,49669
4971,49593,49657,49602,49562,49610,49674,49578,49653,49694,49687
4972,49593,49657,49602,49562,49610,49674,49578,49653,49694,49687
4973,49593,49657,49602,49562,49610,49674,49578,49653,49694,49687
4974,49593,49657,49602,49562,49610,49674,49578,49653,49694,49687
4975,49593,49657,49609,49562,49610,49674,49578,49653,49694,49687
4976,49593,49657,49609,49562,49610,49674,49578,49653,49694,49687
4977,49593,49657,49609,49562,49610,49674,49578,49653,49694,49687
4978,49593,49657,49609,49562,49610,49674,49578,49653,49694,49687
4979,49593,49657,49609,49562,49610,49674,49578,49653,49694,49687
4980,49593,49657,49609,49562,49610,49674,49578,49653,49694,49687
4981,49593,49657,49609,49562,49610,49674,49578,49653,49694,49687
4982,49593,49657,49609,49562,49610,49674,49578,49653,49694,49687
4983,49593,49657,49609,49562,49610,49674,49578,49653,49694,49687
4984,49593,49657,49609,49562,49610,49674,49578,49653,49694,49687
4985,49593,49657,49609,49562,49610,49674,49578,49653,49694,49687
4986,49593,49657,49609,49562,49610,49674,49578,49653,49694,49687
4987,49593,49657,49609,49562,49610,49674,49578,49653,49694,49687
4988,49593,49657,49609,49562,49610,49674,49578,49653,49694,49687
4989,49593,49657,49609,49562,49610,49674,49578,49653,49694,49687
4990,49593,49657,49609,49562,49610,49674,49578,49653,49694,49687
4991,49593,49657,49609,49562,49610,49674,49578,49653,49694,49687
4992,49593,49657,49609,49562,49610,49674,49578,49653,49694,49687
4993,49593,49657,49609,49562,49610,49674,49578,49653,49694,49687
4994,49593,49657,49609,49562,49610,49689,49578,49653,49694,49687
4995,49593,49657,49609,49562,49610,49689,49578,49653,49694,49687
4996,49593,49657,49609,49562,49610,49689,49578,49661,49694,49687
4997,49593,49657,49609,49562,49610,49689,49578,49661,49694,49687
4998,49593,49657,49609,49562,49610,49689,49599,49661,49694,49687
4999,49593,49657,49609,49562,49610,49689,49599,49661,49694,49687
5000,49593,49657,49609,49562,49610,49689,49599,49661,49694,49687
5001,49593,49657,49609,49562,49610,49689,49599,49661,49694,49687
5002,49593,49657,49609,49562,49610,49689,49599,49661,49694,49687
5003,49593,49657,49609,49562,49610,49689,49599,49661,49694,49687
5004,49593,49657,49609,49562,49610,49689,49599,49661,49694,49687
5005,49593,49657,49609,49562,49610,49689,49599,49661,49694,49687
5006,49593,49657,49609,49562,49610,49689,49599,49661,49694,49687
5007,49593,49657,49609,49562,49610,49689,49599,49661,49694,49687
5008,49593,49657,49609,49562,49610,49689,49599,49661,49694,49687
5009,49593,49657,49609,49562,49610,49689,49599,49661,49694,49687
5010,49593,49657,49609,49562,49610,49689,49599,49661,49694,49687
5011,49593,49657,49609,49562,49610,49689,49599,49661,49694,49687
5012,49593,49657,49609,49562,49610,49689,49599,49661,49694,49687
5013,49593,49657,49609,49562,49610,49689,49599,49661,49694,49687
5014,49593,49657,49609,49562,49610,49689,49599,49661,49694,49687
5015,49593,49657,49609,49562,49610,49699,49599,49661,49694,49687
5016,49593,49657,49609,49562,49610,49699,49599,49661,49694,49687
5017,49593,49657,49609,49562,49610,49699,49599,49661,49694,49687
5018,49593,49657,49609,49562,49610,49699,49599,49661,49694,49687
5019,49593,49657,49609,49562,49610,49699,49599,49661,49694,49687
5020,49593,49657,49609,49562,49610,49699,49599,49661,49694,49687
5021,49593,49657,49609,49562,49610,49699,49599,49661,49694,49687
5022,49593,49657,49609,49562,49610,49699,49599,49661,49694,49709
5023,49593,49657,49609,49562,49610,49699,49599,49661,49694,49709
5024,49593,49657,49609,49562,49610,49699,49599,49661,49694,49709
5025,49593,49657,49609,49562,49610,49699,49599,49661,49694,49709
5026,49593,49657,49609,49562,49610,49699,49599,49661,49694,49709
5027,49593,49657,49609,49562,49610,49699,49599,49664,49694,49709
5028,49593,49657,49609,49562,49610,49699,49599,49664,49694,49709
5029,49593,49657,49609,49562,49610,49699,49599,49664,49694,49709
5030,49593,49657,49609,49562,49610,49699,49599,49664,49694,49709
5031,49593,49657,49609,49562,49610,49699,49599,49664,49694,49709
5032,49593,49657,49609,49562,49610,49699,49599,49664,49694,49709
5033,49593,49657,49609,49562,49610,49699,49599,49664,49696,49709
5034,49593,49657,49609,49562,49610,49699,49599,49664,49696,49709
5035,49593,49657,49609,49562,49610,49699,49599,49664,49696,49709
5036,49593,49657,49609,49562,49610,49699,49599,49664,49696,49709
5037,49593,49657,49609,49562,49610,49699,49599,49664,49696,49709
5038,49593,49657,49609,49562,49610,49699,49599,49664,49696,49709
5039,49593,49657,49609,49564,49610,49699,49599,49664,49696,49709
5040,49593,49657,49609,49564,49610,49699,49599,49664,49696,49709
5041,49593,49657,49609,49564,49610,49699,49599,49664,49696,49709
5042,49593,49657,49609,49564,49610,49699,49599,49664,49696,49709
5043,49593,49657,49609,49564,49610,49699,49599,49664,49696,49709
5044,49593,49657,49609,49564,49610,49699,49599,49664,49696,49709
5045,49593,49657,49619,49564,49610,49699,49599,49664,49696,49709
5046,49593,49657,49619,49564,49610,49699,49599,49664,49696,49709
5047,49597,49657,49619,49564,49610,49699,49599,49664,49696,49709
5048,49597,49657,49619,49564,49610,49699,49599,49664,49696,49709
5049,49597,49657,49619,49564,49610,49699,49599,49674,49696,49709
5050,49597,49657,49619,49564,49610,49699,49599,49674,49696,49709
5051,49597,49657,49619,49564,49610,49699,49599,49674,49696,49709
5052,49597,49657,49619,49564,49610,49699,49599,49674,49696,49709
5053,49597,49657,49619,49564,49610,49699,49599,49674,49696,49709
5054,49614,49657,49619,49564,49610,49699,49599,49674,49696,49709
5055,49614,49657,49619,49564,49610,49699,49599,49674,49696,49709
5056,49614,49657,49619,49564,49610,49699,49599,49674,49696,49709
5057,49614,49657,49619,49564,49610,49699,49599,49674,49696,49709
5058,49614,49657,49619,49564,49610,49699,49599,49674,49696,49709
5059,49614,49657,49619,49564,49610,49699,49599,49674,49696,49709
5060,49614,49657,49619,49564,49610,49704,49599,49674,49696,49709
5061,49614,49657,49619,49564,49610,49704,49599,49674,49696,49709
5062,49614,49657,49619,49564,49621,49704,49599,49674,49696,49709
5063,49614,49657,49619,49564,49621,49704,49599,49674,49696,49709
5064,49614,49657,49619,49564,49621,49704,49599,49674,49696,49709
5065,49614,49657,49619,49564,49621,49704,49599,49674,49696,49709
5066,49614,49657,49619,49564,49621,49704,49599,49674,49696,49709
5067,49614,49657,49619,49564,49621,49704,49599,49674,49696,49709
5068,49614,49657,49619,49564,49621,49704,49599,49674,49696,49709
5069,49614,49657,49619,49564,49621,49704,49599,49674,49696,49709
5070,49614,49657,49619,49564,49621,49704,49599,49674,49696,49709
5071,49614,49657,49619,49564,49621,49704,49599,49674,49696,49709
5072,49614,49657,49619,49564,49621,49704,49599,49674,49696,49709
5073,49614,49657,49619,49564,49621,49704,49599,49674,49696,49709
5074,49614,49670,49619,49564,49621,49704,49599,49674,49696,49709
5075,49614,49670,49619,49564,49621,49704,49599,49674,49696,49709
5076,49614,49670,49619,49564,49621,49704,49599,49674,49696,49709
5077,49614,49670,49619,49564,49621,49704,49599,49674,49696,49709
5078,49614,49670,49624,49564,49621,49704,49599,49674,49696,49709
5079,49614,49670,49624,49564,49621,49704,49599,49674,49696,49709
5080,49614,49670,49624,49564,49621,49704,49599,49674,49696,49709
5081,49614,49670,49624,49564,49621,49704,49599,49674,49696,49709
5082,49614,49670,49624,49564,49621,49704,49599,49674,49696,49709
5083,49614,49670,49624,49564,49621,49704,49599,49674,49696,49709
5084,49614,49670,49624,49564,49621,49704,49599,49674,49696,49709
5085,49614,49670,49624,49564,49621,49704,49599,49674,49696,49709
5086,49614,49670,49624,49564,49621,49704,49599,49674,49696,49709
5087,49614,49670,49624,49564,49621,49704,49599,49674,49696,49709
5088,49614,49670,49624,49564,49621,49704,49599,49674,49696,49709
5089,49615,49670,49624,49564,49621,49704,49599,49674,49696,49709
5090,49615,49670,49624,49564,49621,49704,49599,49674,49696,49709
5091,49615,49670,49624,49564,49621,49704,49599,49674,49696,49709
5092,49615,49670,49624,49564,49621,49704,49599,49674,49696,49709
5093,49615,49670,49624,49564,49621,49704,49599,49674,49696,49709
5094,49615,49670,49624,49564,49621,49704,49599,49674,49696,49709
5095,49615,49670,49624,49564,49621,49704,49599,49674,49696,49709
5096,49615,49670,49624,49564,49621,49704,49599,49674,49696,49709
5097,49615,49670,49624,49564,49621,49704,49599,49674,49696,49709
5098,49615,49670,49624,49564,49621,49704,49599,49674,49696,49709
5099,49615,49670,49624,49564,49621,49704,49599,49674,49696,49709
5100,49615,49670,49624,49564,49621,49704,49599,49674,49696,49709
5101,49615,49670,49624,49564,49621,49704,49599,49674,49696,49709
5102,49615,49670,49624,49564,49621,49704,49599,49674,49696,49709
5103,49615,49670,49624,49564,49621,49704,49599,49674,49696,49709
5104,49615,49670,49624,49564,49621,49704,49599,49674,49696,49709
5105,49615,49670,49624,49564,49621,49704,49599,49674,49696,49709
5106,49615,49670,49624,49564,49621,49704,49599,49674,49696,49709
5107,49615,49670,49624,49564,49621,49704,49599,49674,49696,49709
5108,49615,49670,49624,49564,49621,49704,49599,49674,49696,49709
5109,49615,49670,49624,49564,49621,49704,49599,49674,49696,49709
5110,49615,49670,49624,49564,49621,49704,49599,49674,49696,49709
5111,49615,49670,49624,49564,49621,49704,49599,49674,49696,49709
5112,49615,49670,49624,49564,49621,49704,49599,49674,49696,49709
5113,49615,49670,49624,49564,49621,49704,49599,49674,49696,49709
5114,49615,49670,49624,49564,49621,49704,49599,49674,49696,49709
5115,49615,49670,49624,49564,49621,49704,49599,49674,49696,49709
5116,49615,49670,49624,49564,49621,49704,49599,49674,49696,49709
5117,49615,49670,49624,49564,49621,49704,49599,49674,49696,49709
5118,49615,49670,49624,49564,49621,49704,49599,49674,49696,49709
5119,49615,49670,49624,49564,49621,49704,49599,49674,49696,49709
5120,49615,49670,49624,49564,49621,49704,49599,49674,49696,49709
5121,49615,49670,49624,49564,49621,49704,49599,49674,49696,49709
5122,49615,49670,49624,49564,49621,49704,49599,49674,49696,49709
5123,49615,49670,49624,49564,49621,49704,49599,49674,49696,49709
5124,49615,49670,49624,49564,49621,49704,49599,49674,49696,49709
5125,49615,49670,49624,49564,49621,49704,49599,49674,49696,49709
5126,49615,49670,49624,49564,49621,49704,49599,49674,49696,49709
5127,49615,49670,49624,49564,49621,49704,49599,49674,49696,49709
5128,49615,49670,49624,49564,49621,49704,49599,49674,49696,49709
5129,49615,49670,49624,49564,49621,49704,49599,49674,49696,49709
5130,49615,49670,49624,49564,49621,49704,49599,49674,49696,49709
5131,49615,49670,49624,49564,49621,49704,49599,49674,49696,49709
5132,49615,49670,49624,49564,49621,49704,49609,49674,49696,49709
5133,49615,49670,49624,49564,49621,49704,49609,49674,49696,49709
5134,49615,49670,49624,49564,49621,49704,49609,49674,49696,49709
5135,49615,49670,49624,49564,49621,49704,49609,49674,49696,49709
5136,49615,49670,49624,49564,49628,49704,49609,49674,49696,49709
5137,49615,49670,49624,49564,49628,49704,49609,49674,49696,49709
5138,49615,49670,49624,49564,49628,49704,49609,49674,49696,49709
5139,49615,49670,49624,49564,49628,49704,49609,49674,49696,49709
5140,49615,49670,49624,49564,49628,49704,49609,49674,49696,49709
5141,49615,49670,49624,49564,49628,49704,49609,49674,49696,49709
5142,49615,49670,49624,49564,49628,49704,49609,49674,49696,49709
5143,49615,49670,49624,49564,49628,49704,49609,49674,49696,49709
5144,49615,49670,49624,49564,49628,49704,49609,49674,49696,49709
5145,49615,49670,49624,49564,49628,49704,49609,49674,49696,49709
5146,49615,49670,49624,49564,49628,49704,49609,49674,49696,49709
5147,49615,49670,49624,49564,49628,49704,49609,49674,49696,49709
5148,49615,49670,49624,49564,49628,49704,49609,49674,49696,49709
5149,49615,49670,49624,49564,49628,49704,49609,49674,49696,49709
5150,49615,49670,49624,49564,49628,49704,49609,49674,49696,49709
5151,49634,49670,49624,49564,49628,49704,49609,49674,49696,49709
5152,49634,49670,49624,49564,49628,49704,49609,49674,49696,49709
5153,49634,49670,49624,49564,49628,49704,49609,49674,49696,49709
5154,49652,49670,49624,49564,49628,49704,49609,49674,49696,49709
5155,49652,49670,49624,49564,49628,49704,49609,49674,49696,49709
5156,49652,49670,49624,49564,49628,49704,49609,49674,49696,49709
5157,49652,49670,49624,49564,49628,49704,49609,49674,49696,49709
5158,49652,49670,49624,49564,49628,49704,49609,49674,49696,49709
5159,49652,49670,49624,49564,49628,49704,49609,49674,49696,49709
5160,49652,49670,49624,49564,49628,49713,49609,49674,49696,49709
5161,49652,49670,49624,49564,49628,49713,49609,49674,49696,49709
5162,49652,49670,49624,49564,49628,49713,49609,49674,49696,49709
5163,49652,49670,49624,49564,49628,49713,49609,49674,49696,49709
5164,49652,49670,49624,49564,49628,49713,49609,49680,49696,49709
5165,49652,49670,49624,49564,49628,49713,49609,49680,49696,49709
5166,49652,49670,49624,49564,49628,49713,49609,49680,49696,49709
5167,49652,49670,49624,49564,49628,49713,49609,49680,49696,49709
5168,49652,49670,49624,49564,49628,49713,49609,49680,49696,49709
5169,49652,49670,49624,49564,49628,49713,49609,49680,49696,49709
5170,49652,49670,49624,49564,49628,49713,49609,49680,49696,49709
5171,49652,49670,49624,49564,49628,49713,49609,49680,49696,49709
5172,49652,49670,49624,49564,49628,49713,49609,49680,49696,49709
5173,49652,49670,49624,49564,49628,49713,49609,49680,49696,49709
5174,49652,49670,49624,49564,49628,49713,49609,49680,49696,49709
5175,49652,49670,49624,49564,49628,49713,49609,49680,49696,49709
5176,49652,49670,49624,49564,49628,49713,49609,49680,49696,49709
5177,49652,49670,49624,49564,49628,49713,49609,49680,49696,49709
5178,49652,49670,49624,49564,49628,49713,49609,49680,49696,49709
5179,49652,49670,49624,49564,49628,49713,49609,49680,49696,49709
5180,49652,49670,49624,49564,49628,49713,49609,49680,49696,49709
5181,49652,49670,49624,49564,49628,49713,49609,49680,49696,49709
5182,49652,49670,49624,49564,49628,49713,49609,49680,49696,49709
5183,49652,49670,49624,49564,49628,49713,49609,49680,49696,49709
5184,49652,49670,49624,49564,49628,49713,49609,49680,49696,49709
5185,49652,49670,49624,49564,49628,49713,49609,49680,49696,49709
5186,49652,49670,49624,49564,49628,49713,49609,49680,49696,49709
5187,49652,49670,49624,49564,49628,49713,49609,49680,49696,49709
5188,49652,49670,49624,49564,49628,49713,49609,49680,49696,49709
5189,49652,49691,49624,49582,49628,49713,49609,49680,49696,49709
5190,49652,49691,49624,49582,49628,49713,49609,49680,49696,49709
5191,49652,49691,49624,49582,49628,49713,49609,49680,49696,49709
5192,49652,49691,49624,49582,49628,49713,49609,49680,49696,49709
5193,49652,49691,49624,49582,49628,49713,49609,49680,49696,49709
5194,49652,49691,49624,49582,49628,49713,49609,49680,49696,49709
5195,49652,49691,49624,49582,49628,49713,49609,49680,49696,49709
5196,49652,49691,49624,49582,49628,49713,49609,49680,49696,49709
5197,49652,49691,49624,49582,49628,49713,49609,49680,49696,49709
5198,49652,49691,49624,49582,49628,49713,49609,49680,49696,49709
5199,49652,49691,49624,49582,49628,49713,49609,49680,49696,49709
5200,49652,49691,49624,49582,49628,49713,49609,49680,49696,49709
5201,49652,49691,49624,49582,49628,49713,49609,49680,49696,49709
5202,49652,49691,49624,49582,49628,49713,49609,49680,49696,49709
5203,49652,49691,49624,49582,49628,49713,49609,49680,49696,49709
5204,49652,49691,49624,49582,49628,49713,49609,49680,49696,49709
5205,49652,49691,49624,49582,49628,49713,49609,49680,49696,49709
5206,49652,49691,49624,49582,49628,49713,49609,49680,49696,49709
5207,49652,49691,49624,49582,49628,49713,49609,49680,49696,49709
5208,49652,49691,49624,49582,49628,49713,49609,49680,49696,49709
5209,49652,49691,49624,49582,49628,49713,49609,49680,49696,49709
5210,49652,49691,49624,49582,49628,49713,49609,49680,49696,49709
5211,49652,49691,49624,49582,49628,49713,49609,49680,49696,49709
5212,49652,49691,49624,49582,49628,49713,49609,49680,49696,49709
5213,49652,49691,49624,49582,49628,49713,49609,49680,49696,49709
5214,49652,49691,49624,49582,49628,49713,49609,49680,49696,49709
5215,49652,49691,49624,49582,49628,49713,49609,49680,49696,49709
5216,49652,49691,49624,49582,49628,49713,49609,49680,49696,49709
5217,49652,49691,49624,49582,49628,49713,49609,49680,49696,49709
5218,49652,49691,49624,49582,49628,49713,49609,49680,49696,49709
5219,49652,49691,49624,49582,49628,49713,49609,49680,49696,49709
5220,49652,49691,49624,49582,49628,49713,49609,49680,49696,49709
5221,49652,49691,49624,49582,49628,49713,49609,49680,49696,49709
5222,49652,49691,49624,49582,49628,49713,49609,49680,49696,49709
5223,49652,49691,49624,49582,49628,49713,49609,49680,49696,49709
5224,49652,49691,49624,49582,49628,49713,49609,49680,49696,49709
5225,49652,49691,49624,49582,49628,49713,49609,49680,49696,49709
5226,49652,49691,49624,49582,49628,49713,49609,49680,49696,49709
5227,49652,49691,49624,49582,49628,49713,49609,49680,49696,49709
5228,49652,49691,49624,49582,49628,49713,49609,49680,49696,49709
5229,49652,49691,49624,49582,49628,49713,49609,49680,49696,49709
5230,49652,49691,49624,49582,49628,49713,49609,49680,49696,49709
5231,49652,49691,49624,49582,49628,49713,49609,49680,49696,49709
5232,49652,49691,49624,49582,49628,49713,49609,49680,49696,49709
5233,49652,49691,49624,49582,49628,49713,49609,49680,49696,49709
5234,49652,49691,49624,49582,49628,49713,49609,49680,49696,49709
5235,49652,49691,49624,49582,49628,49713,49609,49680,49696,49709
5236,49652,49691,49624,49582,49628,49713,49609,49680,49696,49709
5237,49652,49691,49624,49582,49628,49713,49609,49680,49696,49709
5238,49652,49691,49624,49582,49628,49713,49609,49680,49696,49709
5239,49652,49691,49624,49582,49628,49713,49609,49680,49696,49709
5240,49652,49691,49624,49582,49628,49713,49609,49680,49696,49709
5241,49652,49691,49624,49582,49628,49713,49609,49680,49696,49709
5242,49652,49691,49624,49582,49628,49713,49609,49680,49696,49709
5243,49652,49691,49624,49582,49628,49713,49609,49680,49696,49709
5244,49652,49691,49624,49582,49628,49713,49609,49680,49696,49709
5245,49652,49691,49624,49582,49628,49713,49609,49680,49696,49709
5246,49652,49691,49624,49582,49628,49713,49609,49680,49696,49709
5247,49652,49691,49624,49582,49628,49713,49609,49680,49696,49709
5248,49652,49691,49624,49582,49628,49713,49609,49680,49696,49709
5249,49652,49691,49624,49582,49628,49713,49609,49680,49696,49709
5250,49652,49691,49624,49582,49628,49713,49609,49680,49696,49709
5251,49652,49691,49624,49582,49628,49713,49609,49680,49696,49709
5252,49652,49691,49624,49582,49628,49713,49609,49680,49696,49709
5253,49652,49691,49624,49582,49628,49713,49609,49680,49696,49709
5254,49652,49691,49624,49582,49628,49713,49609,49680,49696,49709
5255,49652,49691,49624,49582,49628,49713,49609,49680,49696,49709
5256,49652,49691,49624,49582,49628,49713,49609,49680,49696,49709
5257,49652,49691,49624,49582,49628,49713,49609,49680,49696,49709
5258,49652,49691,49624,49582,49628,49713,49609,49680,49696,49709
5259,49652,49691,49624,49582,49628,49713,49609,49680,49696,49709
5260,49652,49691,49624,49582,49628,49713,49609,49680,49696,49709
5261,49652,49691,49624,49582,49628,49713,49609,49680,49696,49709
5262,49654,49691,49624,49582,49628,49713,49609,49680,49696,49709
5263,49654,49691,49624,49582,49628,49713,49609,49680,49696,49709
5264,49654,49691,49624,49582,49628,49713,49609,49683,49696,49709
5265,49654,49691,49624,49582,49628,49713,49609,49683,49696,49709
5266,49654,49691,49624,49582,49628,49713,49609,49683,49696,49709
5267,49654,49691,49624,49582,49628,49713,49609,49683,49696,49709
5268,49654,49691,49624,49582,49628,49713,49609,49683,49696,49709
5269,49654,49691,49624,49582,49628,49713,49609,49683,49696,49709
5270,49654,49691,49624,49582,49628,49713,49609,49683,49696,49709
5271,49654,49691,49624,49582,49628,49713,49609,49683,49696,49709
5272,49654,49691,49624,49582,49628,49713,49609,49683,49696,49709
5273,49654,49691,49624,49582,49628,49713,49609,49683,49696,49709
5274,49654,49691,49624,49582,49628,49713,49609,49683,49696,49709
5275,49654,49691,49624,49582,49628,49713,49609,49683,49696,49709
5276,49654,49691,49624,49582,49628,49713,49609,49683,49696,49709
5277,49654,49691,49624,49582,49628,49713,49609,49683,49696,49709
5278,49654,49691,49624,49582,49628,49713,49609,49683,49696,49709
5279,49654,49691,49624,49582,49628,49713,49609,49683,49696,49709
5280,49654,49691,49624,49582,49628,49713,49609,49683,49696,49709
5281,49654,49691,49624,49582,49628,49713,49609,49683,49696,49709
5282,49654,49691,49624,49582,49628,49713,49609,49683,49696,49709
5283,49654,49691,49624,49582,49639,49713,49609,49683,49696,49709
5284,49654,49691,49624,49582,49639,49713,49609,49683,49696,49709
5285,49654,49691,49624,49582,49639,49713,49609,49683,49696,49709
5286,49654,49691,49624,49582,49639,49713,49609,49683,49696,49709
5287,49654,49691,49624,49582,49639,49713,49609,49683,49696,49709
5288,49654,49691,49624,49582,49639,49713,49609,49683,49696,49709
5289,49654,49691,49624,49582,49639,49713,49609,49683,49696,49709
5290,49654,49691,49624,49582,49639,49713,49609,49683,49696,49709
5291,49654,49691,49624,49582,49639,49713,49609,49683,49696,49709
5292,49654,49691,49624,49582,49639,49713,49609,49683,49696,49709
5293,49654,49691,49624,49582,49639,49713,49609,49683,49696,49709
5294,49654,49691,49624,49582,49639,49713,49609,49683,49696,49709
5295,49654,49691,49624,49582,49639,49713,49609,49683,49696,49709
5296,49654,49691,49624,49582,49639,49713,49609,49683,49696,49709
5297,49654,49691,49624,49582,49639,49713,49609,49683,49696,49709
5298,49654,49691,49624,49582,49639,49713,49609,49683,49696,49709
5299,49654,49691,49624,49582,49639,49713,49609,49683,49696,49709
5300,49654,49691,49624,49582,49639,49713,49609,49683,49696,49709
5301,49654,49691,49624,49582,49639,49713,49609,49683,49696,49709
5302,49654,49691,49624,49582,49639,49713,49609,49683,49696,49709
5303,49654,49691,49624,49582,49639,49713,49609,49683,49696,49709
5304,49654,49691,49624,49582,49639,49713,49609,49683,49696,49709
5305,49654,49691,49624,49582,49639,49713,49609,49683,49696,49709
5306,49654,49691,49624,49582,49639,49713,49609,49683,49696,49709
5307,49654,49691,49624,49582,49639,49713,49609,49683,49696,49709
5308,49654,49691,49624,49582,49639,49713,49609,49683,49696,49709
5309,49654,49691,49624,49582,49639,49713,49609,49683,49696,49709
5310,49654,49691,49624,49582,49639,49713,49609,49683,49696,49709
5311,49654,49691,49624,49582,49639,49713,49609,49683,49696,49709
5312,49654,49691,49624,49582,49639,49713,49609,49683,49696,49709
5313,49654,49691,49624,49582,49639,49713,49609,49683,49696,49709
5314,49654,49691,49624,49582,49639,49713,49609,49683,49696,49709
5315,49654,49691,49624,49582,49639,49713,49609,49683,49696,49709
5316,49654,49691,49624,49582,49639,49713,49609,49683,49696,49709
5317,49654,49691,49624,49582,49639,49713,49609,49683,49696,49709
5318,49654,49691,49624,49582,49639,49713,49609,49683,49696,49709
5319,49654,49691,49624,49582,49639,49713,49609,49683,49696,49709
5320,49654,49691,49624,49582,49639,49713,49609,49683,49696,49709
5321,49654,49691,49624,49582,49639,49713,49609,49683,49696,49709
5322,49654,49691,49624,49582,49639,49713,49609,49683,49696,49709
5323,49654,49691,49624,49582,49639,49713,49609,49683,49696,49709
5324,49654,49691,49624,49582,49639,49713,49609,49683,49696,49709
5325,49654,49691,49624,49582,49639,49713,49609,49683,49696,49709
5326,49654,49691,49624,49582,49639,49713,49609,49683,49696,49709
5327,49654,49691,49624,49582,49639,49713,49609,49683,49696,49709
5328,49654,49691,49624,49582,49639,49713,49609,49683,49696,49709
5329,49654,49691,49624,49582,49639,49713,49609,49683,49696,49709
5330,49654,49691,49624,49582,49639,49713,49609,49683,49696,49709
5331,49654,49691,49624,49582,49639,49713,49609,49683,49696,49709
5332,49654,49691,49624,49582,49639,49713,49609,49683,49696,49709
5333,49654,49691,49624,49582,49639,49713,49609,49683,49696,49709
5334,49654,49691,49624,49582,49639,49713,49609,49683,49696,49709
5335,49654,49691,49624,49582,49639,49713,49609,49683,49696,49709
5336,49654,49691,49624,49582,49639,49713,49609,49683,49696,49709
5337,49654,49691,49624,49590,49639,49713,49609,49683,49696,49709
5338,49654,49691,49624,49590,49639,49713,49609,49683,49696,49709
5339,49654,49691,49624,49590,49639,49713,49609,49683,49696,49709
5340,49654,49691,49624,49590,49639,49713,49609,49683,49696,49709
5341,49654,49691,49624,49590,49639,49713,49609,49683,49696,49709
5342,49654,49691,49624,49590,49639,49713,49609,49683,49696,49709
5343,49654,49691,49624,49590,49639,49713,49609,49683,49696,49709
5344,49654,49691,49624,49590,49639,49713,49609,49683,49696,49709
5345,49654,49691,49624,49590,49639,49713,49609,49683,49696,49709
5346,49654,49691,49624,49590,49639,49713,49609,49683,49696,49709
5347,49654,49691,49624,49590,49652,49713,49609,49683,49696,49709
5348,49654,49691,49624,49590,49652,49713,49609,49683,49696,49709
5349,49654,49691,49624,49590,49652,49713,49609,49683,49696,49709
5350,49654,49691,49624,49590,49652,49713,49609,49683,49696,49709
5351,49654,49691,49624,49590,49652,49713,49609,49683,49696,49709
5352,49654,49697,49624,49590,49652,49713,49609,49683,49696,49709
5353,49654,49697,49624,49590,49652,49713,49609,49683,49696,49709
5354,49654,49697,49624,49590,49652,49713,49609,49683,49696,49709
5355,49654,49697,49624,49590,49652,49713,49609,49683,49696,49709
5356,49654,49697,49624,49590,49652,49713,49609,49683,49696,49709
5357,49654,49697,49624,49590,49652,49713,49609,49683,49696,49709
5358,49654,49697,49624,49590,49652,49713,49609,49683,49696,49709
5359,49654,49697,49624,49590,49652,49713,49609,49683,49696,49709
5360,49654,49697,49624,49590,49652,49713,49609,49683,49696,49709
5361,49654,49697,49624,49590,49652,49713,49609,49683,49696,49709
5362,49654,49697,49624,49590,49652,49713,49609,49683,49696,49709
5363,49654,49697,49624,49590,49652,49713,49609,49683,49696,49709
5364,49654,49697,49624,49590,49652,49713,49609,49683,49696,49709
5365,49654,49697,49624,49590,49652,49713,49609,49683,49696,49709
5366,49654,49697,49624,49590,49652,49713,49609,49683,49696,49709
5367,49654,49697,49624,49590,49652,49713,49609,49683,49696,49709
5368,49654,49697,49624,49590,49652,49713,49609,49683,49696,49709
5369,49654,49697,49624,49590,49652,49713,49609,49683,49696,49709
5370,49654,49697,49624,49590,49652,49713,49609,49683,49696,49709
5371,49654,49697,49624,49590,49652,49713,49609,49683,49696,49709
5372,49654,49697,49624,49590,49652,49713,49609,49683,49696,49709
5373,49654,49697,49624,49590,49652,49713,49609,49683,49696,49709
5374,49654,49697,49624,49590,49652,49713,49609,49683,49696,49709
5375,49654,49697,49624,49590,49652,49713,49609,49683,49696,49709
5376,49654,49697,49624,49590,49652,49713,49609,49683,49696,49709
5377,49654,49697,49624,49597,49652,49713,49609,49683,49696,49709
5378,49654,49697,49624,49599,49652,49713,49609,49683,49696,49709
5379,49654,49697,49624,49599,49652,49713,49609,49683,49696,49709
5380,49654,49697,49624,49599,49652,49713,49609,49683,49696,49709
5381,49654,49697,49624,49599,49652,49713,49609,49683,49696,49709
5382,49654,49697,49624,49599,49652,49713,49609,49683,49696,49709
5383,49654,49697,49624,49599,49652,49713,49609,49683,49696,49709
5384,49654,49697,49624,49599,49652,49713,49609,49683,49696,49709
5385,49654,49697,49624,49599,49652,49713,49609,49683,49696,49709
5386,49654,49697,49624,49599,49652,49713,49609,49683,49696,49709
5387,49654,49697,49624,49599,49652,49713,49609,49683,49696,49709
5388,49654,49697,49624,49599,49656,49713,49609,49683,49696,49709
5389,49654,49697,49624,49599,49656,49713,49609,49683,49696,49709
5390,49654,49701,49624,49599,49656,49713,49609,49683,49696,49709
5391,49654,49701,49624,49599,49656,49713,49609,49683,49696,49709
5392,49654,49701,49624,49599,49656,49713,49609,49683,49696,49709
5393,49654,49701,49624,49599,49667,49713,49609,49683,49696,49709
5394,49654,49701,49624,49599,49667,49713,49609,49683,49696,49709
5395,49654,49701,49624,49599,49667,49713,49609,49683,49696,49709
5396,49654,49701,49624,49599,49667,49713,49609,49683,49696,49709
5397,49654,49701,49624,49599,49667,49713,49609,49683,49696,49709
5398,49654,49701,49624,49599,49667,49713,49609,49683,49696,49709
5399,49654,49701,49624,49599,49667,49713,49609,49683,49696,49709
5400,49654,49701,49624,49599,49667,49713,49624,49683,49696,49709
5401,49654,49701,49624,49599,49667,49713,49624,49683,49696,49709
5402,49654,49701,49624,49599,49671,49713,49624,49683,49696,49709
5403,49656,49701,49624,49599,49671,49713,49624,49683,49696,49709
5404,49656,49701,49624,49599,49671,49713,49624,49683,49696,49709
5405,49656,49701,49624,49599,49671,49713,49624,49683,49696,49709
5406,49656,49701,49624,49599,49671,49713,49624,49683,49696,49709
5407,49656,49701,49624,49599,49671,49713,49624,49683,49696,49709
5408,49656,49701,49624,49599,49671,49713,49624,49683,49696,49709
5409,49656,49701,49624,49599,49671,49713,49624,49683,49696,49709
5410,49656,49701,49624,49599,49671,49713,49624,49683,49696,49709
5411,49656,49701,49624,49599,49671,49713,49624,49683,49696,49709
5412,49656,49701,49624,49599,49671,49713,49624,49683,49696,49709
5413,49656,49701,49624,49599,49671,49713,49624,49683,49696,49709
5414,49656,49701,49624,49599,49671,49713,49624,49683,49696,49709
5415,49656,49701,49624,49599,49671,49713,49624,49683,49696,49709
5416,49656,49701,49624,49599,49671,49713,49624,49683,49696,49709
5417,49656,49701,49624,49599,49671,49713,49624,49683,49696,49709
5418,49656,49701,49624,49599,49671,49713,49624,49683,49696,49709
5419,49656,49701,49624,49599,49671,49713,49624,49683,49696,49709
5420,49656,49701,49624,49599,49671,49713,49624,49683,49696,49709
5421,49656,49701,49624,49599,49671,49713,49624,49683,49696,49709
5422,49656,49701,49624,49599,49671,49713,49624,49683,49696,49709
5423,49656,49701,49624,49599,49671,49713,49624,49683,49696,49709
5424,49656,49701,49624,49599,49671,49713,49624,49683,49696,49709
5425,49656,49701,49624,49599,49671,49713,49624,49683,49696,49709
5426,49656,49701,49624,49599,49671,49713,49624,49683,49696,49709
5427,49656,49701,49624,49599,49671,49713,49624,49683,49696,49709
5428,49656,49701,49624,49599,49671,49713,49624,49703,49696,49709
5429,49656,49701,49624,49599,49671,49713,49624,49703,49696,49709
5430,49656,49701,49624,49599,49671,49713,49624,49703,49696,49709
5431,49656,49701,49624,49599,49671,49713,49624,49703,49696,49709
5432,49656,49701,49624,49599,49671,49713,49624,49703,49696,49709
5433,49656,49701,49624,49599,49671,49713,49624,49703,49696,49709
5434,49656,49701,49624,49599,49671,49713,49624,49703,49696,49709
5435,49656,49701,49624,49599,49671,49713,49624,49703,49696,49709
5436,49656,49701,49624,49599,49671,49713,49624,49703,49696,49709
5437,49656,49701,49624,49599,49671,49713,49624,49703,49696,49709
5438,49656,49701,49624,49599,49671,49713,49624,49703,49696,49709
5439,49656,49701,49624,49599,49671,49713,49624,49703,49696,49709
5440,49656,49701,49624,49599,49671,49713,49624,49703,49696,49709
5441,49656,49701,49624,49599,49671,49713,49624,49703,49696,49709
5442,49656,49701,49624,49599,49671,49713,49624,49703,49696,49709
5443,49669,49701,49624,49599,49671,49713,49624,49703,49696,49709
5444,49669,49701,49624,49599,49671,49713,49624,49703,49711,49709
5445,49669,49701,49624,49599,49671,49713,49624,49703,49711,49709
5446,49669,49701,49624,49599,49671,49713,49624,49703,49711,49709
5447,49669,49701,49624,49599,49671,49713,49624,49703,49711,49709
5448,49669,49701,49624,49599,49671,49713,49624,49703,49711,49709
5449,49669,49701,49624,49599,49671,49713,49624,49703,49711,49709
5450,49669,49701,49624,49599,49671,49713,49624,49703,49711,49709
5451,49669,49701,49624,49599,49671,49713,49624,49703,49711,49709
5452,49669,49701,49624,49599,49671,49713,49624,49703,49711,49709
5453,49669,49701,49624,49599,49671,49713,49624,49703,49711,49709
5454,49669,49701,49624,49599,49671,49713,49624,49703,49711,49709
5455,49669,49701,49624,49599,49671,49713,49624,49703,49711,49709
5456,49669,49701,49624,49599,49671,49713,49624,49703,49711,49709
5457,49669,49701,49624,49599,49671,49713,49624,49703,49711,49709
5458,49669,49701,49624,49599,49671,49713,49624,49703,49711,49709
5459,49669,49701,49624,49599,49671,49713,49624,49703,49711,49709
5460,49669,49701,49624,49599,49671,49713,49624,49703,49711,49709
5461,49669,49701,49624,49599,49671,49713,49624,49703,49711,49709
5462,49669,49701,49624,49599,49671,49713,49624,49703,49711,49709
5463,49669,49701,49624,49599,49671,49713,49624,49703,49711,49709
5464,49669,49701,49624,49599,49671,49713,49624,49703,49711,49709
5465,49669,49703,49624,49599,49671,49713,49624,49703,49711,49709
5466,49669,49703,49624,49599,49671,49713,49624,49703,49711,49709
5467,49669,49703,49624,49599,49671,49713,49624,49703,49711,49709
5468,49669,49703,49624,49599,49671,49713,49624,49703,49711,49709
5469,49669,49703,49624,49599,49671,49713,49624,49703,49711,49709
5470,49669,49703,49624,49599,49671,49713,49624,49703,49711,49709
5471,49669,49703,49624,49599,49671,49713,49624,49703,49711,49709
5472,49669,49703,49624,49619,49671,49713,49624,49703,49711,49709
5473,49669,49703,49624,49619,49671,49713,49624,49703,49711,49709
5474,49669,49703,49624,49619,49671,49713,49624,49703,49711,49709
5475,49669,49703,49624,49619,49671,49713,49624,49703,49711,49709
5476,49669,49703,49624,49619,49671,49713,49624,49703,49711,49709
5477,49669,49703,49624,49619,49671,49713,49624,49703,49711,49709
5478,49669,49703,49624,49619,49671,49713,49624,49703,49711,49709
5479,49669,49703,49624,49619,49671,49713,49624,49703,49711,49709
5480,49669,49703,49624,49619,49671,49713,49624,49703,49711,49709
5481,49669,49703,49624,49619,49671,49713,49624,49703,49711,49709
5482,49669,49703,49624,49619,49671,49713,49624,49703,49711,49709
5483,49669,49703,49624,49619,49671,49713,49624,49703,49711,49709
5484,49669,49703,49624,49619,49671,49713,49624,49703,49711,49709
5485,49669,49703,49624,49619,49671,49713,49624,49703,49711,49709
5486,49669,49703,49624,49619,49671,49713,49624,49703,49711,49709
5487,49669,49703,49624,49619,49671,49713,49624,49703,49711,49709
5488,49669,49703,49624,49619,49671,49713,49624,49703,49711,49709
5489,49669,49703,49624,49619,49671,49713,49624,49703,49711,49709
5490,49669,49703,49624,49619,49671,49713,49624,49703,49711,49709
5491,49669,49703,49624,49619,49671,49713,49624,49703,49711,49709
5492,49669,49703,49624,49619,49671,49713,49624,49703,49711,49709
5493,49669,49703,49624,49619,49671,49713,49624,49703,49711,49709
5494,49669,49703,49624,49619,49671,49713,49624,49703,49711,49709
5495,49669,49703,49624,49619,49671,49713,49624,49703,49711,49709
5496,49669,49703,49624,49619,49671,49713,49624,49703,49711,49709
5497,49669,49703,49624,49619,49671,49713,49624,49703,49711,49709
5498,49669,49703,49624,49619,49671,49713,49624,49703,49711,49709
5499,49669,49703,49624,49619,49671,49713,49624,49703,49711,49709
5500,49669,49703,49624,49619,49671,49713,49624,49703,49711,49709
5501,49669,49703,49624,49619,49671,49713,49624,49703,49711,49709
5502,49669,49703,49624,49619,49671,49713,49624,49703,49711,49709
5503,49669,49703,49624,49619,49671,49713,49624,49703,49711,49709
5504,49669,49703,49624,49619,49671,49713,49624,49703,49711,49709
5505,49669,49703,49624,49619,49671,49713,49624,49703,49711,49709
5506,49669,49703,49624,49619,49671,49713,49624,49703,49711,49709
5507,49669,49703,49624,49619,49671,49713,49624,49703,49711,49709
5508,49669,49703,49624,49619,49671,49713,49624,49703,49711,49709
5509,49669,49703,49624,49619,49671,49713,49624,49703,49711,49709
5510,49669,49703,49624,49619,49671,49713,49624,49703,49711,49709
5511,49669,49703,49624,49619,49671,49713,49624,49703,49711,49709
5512,49669,49703,49624,49619,49671,49713,49624,49703,49711,49709
5513,49669,49703,49624,49619,49671,49713,49624,49703,49711,49709
5514,49669,49703,49624,49619,49671,49713,49624,49703,49711,49709
5515,49669,49703,49624,49619,49671,49713,49624,49703,49711,49709
5516,49669,49703,49624,49619,49671,49713,49624,49703,49711,49709
5517,49669,49703,49624,49619,49671,49713,49624,49703,49711,49709
5518,49669,49703,49624,49619,49671,49713,49624,49703,49711,49709
5519,49669,49703,49624,49619,49671,49713,49624,49703,49711,49709
5520,49669,49703,49624,49619,49671,49713,49624,49703,49711,49709
5521,49669,49703,49624,49619,49671,49713,49624,49703,49711,49709
5522,49669,49703,49624,49619,49671,49713,49624,49703,49711,49709
5523,49669,49703,49624,49619,49671,49713,49624,49703,49711,49709
5524,49669,49703,49624,49619,49671,49713,49624,49703,49711,49709
5525,49669,49703,49624,49619,49671,49713,49624,49703,49711,49709
5526,49669,49703,49624,49619,49671,49713,49624,49703,49711,49709
5527,49669,49703,49624,49619,49671,49713,49624,49703,49711,49709
5528,49669,49703,49624,49619,49671,49713,49624,49703,49711,49709
5529,49669,49703,49624,49619,49671,49713,49624,49703,49711,49709
5530,49669,49703,49624,49619,49671,49713,49624,49703,49711,49709
5531,49669,49703,49624,49619,49671,49713,49624,49703,49711,49709
5532,49669,49703,49624,49619,49671,49713,49624,49703,49711,49709
5533,49669,49703,49624,49619,49671,49713,49624,49703,49711,49709
5534,49669,49703,49624,49619,49671,49713,49624,49703,49711,49714
5535,49669,49703,49624,49619,49671,49713,49624,49703,49711,49714
5536,49669,49703,49624,49619,49671,49713,49624,49703,49711,49714
5537,49669,49703,49624,49619,49671,49713,49624,49703,49711,49714
5538,49669,49703,49624,49619,49671,49713,49624,49703,49711,49714
5539,49669,49703,49624,49619,49671,49713,49624,49703,49711,49714
5540,49669,49703,49624,49619,49671,49713,49624,49703,49711,49714
5541,49669,49703,49624,49619,49671,49713,49624,49703,49711,49714
5542,49669,49703,49624,49619,49671,49713,49624,49703,49711,49714
5543,49677,49703,49624,49619,49671,49713,49624,49703,49711,49714
5544,49677,49703,49656,49619,49671,49713,49624,49703,49711,49714
5545,49677,49703,49656,49619,49671,49713,49624,49703,49711,49714
5546,49677,49703,49656,49619,49671,49713,49624,49703,49711,49714
5547,49677,49703,49656,49619,49671,49713,49624,49703,49711,49714
5548,49677,49703,49656,49619,49671,49713,49624,49703,49711,49714
5549,49677,49703,49656,49619,49671,49713,49624,49703,49711,49714
5550,49677,49703,49656,49619,49671,49713,49624,49703,49711,49714
5551,49677,49703,49656,49619,49671,49713,49624,49703,49711,49714
5552,49677,49703,49656,49619,49671,49713,49624,49703,49711,49714
5553,49677,49703,49656,49619,49671,49713,49624,49703,49711,49714
5554,49677,49703,49656,49619,49671,49713,49624,49703,49711,49714
5555,49677,49703,49656,49619,49671,49713,49624,49703,49711,49714
5556,49677,49703,49656,49619,49671,49713,49624,49703,49711,49714
5557,49677,49703,49656,49619,49671,49713,49624,49703,49711,49714
5558,49677,49703,49656,49619,49671,49713,49624,49703,49711,49714
5559,49677,49703,49656,49619,49671,49713,49624,49703,49711,49714
5560,49677,49703,49656,49619,49671,49713,49624,49703,49711,49714
5561,49677,49703,49656,49619,49671,49713,49624,49703,49711,49714
5562,49677,49703,49656,49619,49671,49713,49624,49703,49711,49714
5563,49677,49703,49656,49619,49671,49713,49624,49703,49711,49714
5564,49677,49703,49656,49619,49671,49713,49624,49703,49711,49714
5565,49677,49703,49656,49619,49671,49713,49624,49703,49711,49714
5566,49677,49703,49656,49619,49671,49713,49624,49703,49711,49714
5567,49677,49703,49656,49619,49671,49713,49624,49703,49711,49714
5568,49677,49703,49656,49619,49671,49713,49624,49703,49711,49714
5569,49677,49703,49656,49619,49671,49713,49624,49703,49711,49714
5570,49677,49703,49656,49619,49671,49713,49624,49703,49711,49714
5571,49677,49703,49656,49619,49671,49713,49624,49703,49711,49714
5572,49677,49703,49656,49619,49671,49713,49624,49703,49711,49714
5573,49677,49703,49656,49619,49671,49713,49624,49703,49711,49714
5574,49677,49703,49656,49619,49671,49713,49624,49703,49711,49714
5575,49677,49703,49656,49619,49671,49713,49624,49703,49711,49714
5576,49677,49703,49656,49619,49671,49713,49624,49703,49711,49714
5577,49677,49703,49656,49619,49671,49713,49624,49703,49711,49714
5578,49677,49703,49656,49619,49671,49713,49624,49703,49711,49714
5579,49677,49703,49656,49619,49671,49713,49624,49703,49711,49714
5580,49677,49703,49656,49619,49671,49713,49624,49703,49711,49714
5581,49677,49703,49656,49619,49671,49713,49624,49703,49711,49714
5582,49677,49703,49656,49619,49671,49713,49624,49703,49711,49714
5583,49677,49703,49656,49619,49671,49713,49624,49703,49711,49714
5584,49677,49703,49656,49619,49671,49713,49624,49703,49711,49714
5585,49677,49703,49656,49619,49671,49713,49624,49703,49711,49714
5586,49677,49703,49656,49619,49671,49713,49624,49703,49711,49714
5587,49677,49703,49656,49619,49671,49713,49624,49703,49711,49714
5588,49677,49703,49656,49619,49671,49713,49624,49703,49711,49714
5589,49677,49703,49656,49619,49671,49713,49624,49703,49711,49714
5590,49677,49703,49656,49619,49671,49713,49624,49703,49711,49714
5591,49677,49703,49656,49619,49671,49713,49624,49703,49711,49714
5592,49677,49703,49656,49619,49671,49713,49624,49703,49711,49714
5593,49677,49703,49656,49619,49671,49713,49624,49703,49711,49714
5594,49677,49703,49656,49619,49671,49713,49624,49703,49711,49714
5595,49677,49703,49656,49619,49671,49713,49624,49703,49711,49714
5596,49677,49703,49656,49619,49671,49713,49624,49703,49711,49714
5597,49677,49703,49656,49619,49671,49713,49624,49703,49711,49714
5598,49677,49703,49656,49619,49671,49713,49624,49703,49711,49714
5599,49677,49703,49656,49619,49671,49713,49624,49703,49711,49714
5600,49677,49703,49656,49619,49671,49713,49624,49703,49711,49714
5601,49677,49703,49656,49619,49671,49713,49624,49703,49711,49714
5602,49677,49703,49656,49619,49671,49713,49624,49703,49711,49714
5603,49677,49703,49656,49619,49671,49713,49624,49703,49711,49714
5604,49677,49703,49656,49619,49671,49713,49624,49703,49711,49714
5605,49677,49703,49656,49619,49671,49713,49624,49703,49711,49714
5606,49677,49703,49656,49619,49671,49713,49624,49703,49711,49714
5607,49677,49703,49656,49619,49671,49713,49624,49703,49711,49714
5608,49677,49703,49656,49619,49671,49713,49624,49703,49711,49714
5609,49677,49703,49656,49619,49671,49713,49624,49703,49711,49714
5610,49677,49703,49656,49619,49671,49713,49624,49703,49711,49714
5611,49677,49703,49656,49619,49671,49713,49624,49703,49711,49714
5612,49677,49703,49656,49619,49671,49713,49624,49703,49711,49714
5613,49677,49703,49656,49619,49671,49713,49624,49703,49711,49714
5614,49677,49703,49656,49619,49671,49713,49624,49703,49711,49714
5615,49677,49703,49656,49619,49671,49713,49624,49703,49711,49714
5616,49677,49703,49656,49619,49671,49713,49624,49703,49711,49714
5617,49677,49703,49656,49619,49671,49713,49624,49703,49711,49714
5618,49677,49703,49656,49619,49671,49713,49624,49703,49711,49714
5619,49677,49703,49656,49619,49671,49713,49624,49703,49711,49714
5620,49677,49703,49656,49619,49671,49713,49624,49703,49711,49714
5621,49677,49703,49656,49619,49671,49713,49624,49703,49711,49714
5622,49677,49703,49656,49619,49671,49713,49624,49703,49711,49714
5623,49677,49703,49656,49619,49671,49713,49624,49703,49711,49714
5624,49677,49703,49656,49619,49671,49713,49624,49703,49711,49714
5625,49677,49703,49656,49619,49671,49713,49624,49703,49711,49714
5626,49677,49703,49656,49619,49671,49713,49624,49703,49711,49714
5627,49677,49703,49656,49619,49671,49713,49624,49704,49711,49714
5628,49677,49703,49656,49619,49671,49713,49624,49704,49711,49714
5629,49677,49703,49656,49619,49671,49713,49624,49704,49711,49714
5630,49677,49703,49656,49619,49671,49713,49624,49704,49711,49714
5631,49677,49703,49656,49619,49671,49713,49624,49704,49711,49714
5632,49677,49703,49656,49619,49671,49713,49624,49704,49711,49714
5633,49677,49703,49656,49619,49671,49713,49624,49704,49711,49714
5634,49677,49703,49656,49619,49671,49713,49624,49704,49711,49714
5635,49677,49703,49656,49619,49671,49713,49624,49704,49711,49714
5636,49677,49703,49656,49619,49671,49713,49624,49704,49711,49714
5637,49677,49703,49656,49619,49671,49713,49624,49704,49711,49714
5638,49677,49703,49656,49619,49671,49713,49624,49704,49711,49714
5639,49677,49703,49656,49619,49671,49713,49624,49704,49711,49714
5640,49677,49703,49656,49619,49671,49713,49624,49704,49711,49714
5641,49677,49703,49656,49619,49671,49713,49624,49704,49711,49714
5642,49677,49703,49656,49619,49671,49713,49624,49704,49711,49714
5643,49677,49703,49656,49619,49671,49713,49624,49704,49711,49714
5644,49677,49703,49656,49619,49671,49713,49624,49704,49711,49714
5645,49677,49703,49656,49619,49671,49713,49624,49704,49711,49714
5646,49677,49703,49656,49619,49671,49713,49624,49704,49711,49714
5647,49677,49703,49656,49619,49671,49713,49624,49704,49711,49714
5648,49677,49703,49656,49619,49671,49713,49624,49704,49711,49714
5649,49677,49703,49656,49619,49671,49713,49624,49704,49711,49714
5650,49677,49703,49656,49619,49671,49713,49624,49704,49711,49714
5651,49677,49703,49656,49619,49671,49713,49624,49704,49711,49714
5652,49677,49703,49656,49619,49671,49713,49624,49704,49716,49714
5653,49677,49703,49656,49619,49671,49713,49624,49704,49716,49714
5654,49677,49703,49656,49619,49671,49713,49624,49704,49716,49714
5655,49677,49703,49656,49619,49671,49713,49624,49704,49716,49714
5656,49677,49703,49656,49619,49671,49713,49624,49704,49716,49714
5657,49677,49703,49656,49619,49671,49713,49624,49704,49716,49714
5658,49677,49703,49656,49619,49671,49713,49624,49704,49716,49714
5659,49677,49703,49656,49619,49671,49713,49624,49704,49716,49714
5660,49677,49703,49656,49619,49671,49713,49624,49704,49716,49714
5661,49677,49703,49656,49619,49671,49713,49624,49704,49716,49714
5662,49677,49703,49656,49619,49671,49713,49624,49704,49716,49714
5663,49677,49703,49656,49619,49671,49713,49624,49704,49716,49714
5664,49677,49703,49656,49619,49671,49713,49624,49704,49716,49714
5665,49677,49703,49656,49619,49671,49713,49624,49704,49716,49714
5666,49677,49703,49656,49619,49671,49713,49624,49704,49716,49714
5667,49677,49703,49656,49619,49671,49713,49624,49704,49716,49714
5668,49677,49703,49656,49619,49671,49713,49624,49704,49716,49714
5669,49677,49703,49656,49619,49671,49713,49624,49704,49716,49714
5670,49677,49703,49656,49619,49671,49713,49624,49704,49716,49714
5671,49677,49703,49656,49619,49671,49713,49624,49704,49716,49714
5672,49677,49703,49656,49619,49671,49713,49624,49704,49716,49714
5673,49677,49703,49656,49619,49671,49713,49624,49704,49716,49714
5674,49677,49703,49656,49619,49671,49713,49624,49704,49716,49714
5675,49677,49703,49656,49619,49671,49713,49624,49704,49716,49714
5676,49677,49703,49656,49619,49671,49713,49624,49704,49716,49714
5677,49677,49703,49656,49619,49671,49713,49624,49704,49716,49714
5678,49677,49703,49656,49619,49671,49713,49624,49704,49716,49714
5679,49677,49703,49656,49619,49671,49713,49624,49704,49736,49714
5680,49677,49703,49656,49619,49671,49713,49624,49704,49736,49714
5681,49677,49703,49656,49619,49671,49713,49624,49704,49736,49714
5682,49677,49703,49656,49619,49671,49713,49624,49704,49736,49714
5683,49677,49703,49656,49619,49671,49713,49624,49704,49736,49714
5684,49677,49703,49656,49619,49671,49713,49624,49704,49736,49714
5685,49677,49703,49656,49619,49671,49713,49624,49704,49736,49714
5686,49677,49703,49656,49619,49671,49713,49624,49704,49736,49714
5687,49677,49703,49656,49619,49671,49713,49624,49704,49736,49714
5688,49677,49703,49656,49619,49671,49713,49624,49704,49736,49714
5689,49677,49703,49656,49619,49671,49713,49624,49704,49736,49714
5690,49677,49703,49656,49619,49671,49713,49624,49704,49736,49714
5691,49677,49703,49656,49619,49671,49713,49624,49704,49736,49714
5692,49677,49703,49656,49619,49671,49713,49624,49704,49736,49714
5693,49677,49703,49656,49619,49671,49713,49624,49704,49736,49714
5694,49677,49703,49656,49619,49671,49713,49624,49704,49736,49714
5695,49677,49703,49656,49619,49671,49713,49624,49704,49736,49714
5696,49677,49703,49656,49619,49671,49713,49624,49704,49736,49714
5697,49677,49703,49656,49619,49671,49713,49624,49704,49736,49714
5698,49677,49703,49656,49619,49671,49713,49624,49704,49736,49714
5699,49677,49703,49656,49619,49671,49713,49624,49704,49736,49714
5700,49677,49703,49656,49619,49671,49713,49624,49704,49736,49714
5701,49677,49703,49656,49619,49671,49713,49624,49704,49736,49714
5702,49677,49703,49656,49619,49671,49713,49624,49704,49736,49714
5703,49677,49703,49656,49619,49671,49713,49624,49704,49736,49714
5704,49677,49703,49656,49619,49671,49713,49624,49704,49736,49714
5705,49677,49703,49656,49619,49671,49713,49624,49704,49736,49714
5706,49677,49703,49656,49619,49671,49713,49624,49704,49736,49714
5707,49677,49703,49656,49619,49671,49713,49624,49704,49736,49714
5708,49677,49703,49656,49619,49671,49713,49624,49704,49736,49714
5709,49677,49703,49656,49619,49671,49713,49624,49704,49736,49714
5710,49677,49703,49656,49619,49671,49713,49624,49704,49736,49714
5711,49677,49703,49656,49619,49671,49713,49624,49704,49736,49714
5712,49677,49703,49656,49619,49671,49713,49624,49704,49736,49714
5713,49677,49703,49656,49619,49671,49713,49624,49704,49736,49714
5714,49677,49703,49656,49619,49671,49713,49624,49704,49736,49714
5715,49677,49703,49656,49619,49671,49713,49624,49704,49736,49714
5716,49677,49703,49656,49619,49671,49713,49624,49704,49736,49714
5717,49677,49703,49656,49619,49671,49713,49624,49704,49736,49714
5718,49677,49703,49656,49619,49671,49713,49624,49704,49736,49714
5719,49677,49703,49656,49619,49671,49713,49624,49704,49736,49714
5720,49677,49703,49656,49619,49671,49713,49624,49704,49736,49714
5721,49677,49703,49656,49619,49671,49713,49624,49704,49736,49714
5722,49677,49703,49656,49619,49671,49713,49624,49704,49736,49714
5723,49677,49703,49656,49619,49671,49713,49624,49704,49736,49714
5724,49677,49703,49656,49619,49671,49713,49624,49704,49736,49714
5725,49677,49703,49656,49619,49671,49713,49624,49704,49736,49714
5726,49677,49703,49656,49619,49671,49713,49624,49704,49736,49714
5727,49677,49703,49656,49619,49671,49713,49624,49704,49736,49714
5728,49677,49703,49656,49619,49671,49713,49624,49704,49736,49714
5729,49677,49703,49656,49619,49671,49713,49624,49704,49736,49714
5730,49677,49703,49656,49619,49671,49713,49624,49704,49736,49714
5731,49677,49703,49656,49619,49671,49713,49624,49704,49736,49714
5732,49677,49703,49656,49619,49671,49713,49624,49704,49736,49714
5733,49677,49703,49656,49619,49671,49713,49624,49704,49736,49714
5734,49677,49703,49656,49619,49671,49713,49624,49704,49736,49714
5735,49677,49703,49656,49619,49671,49713,49624,49704,49736,49714
5736,49677,49703,49656,49619,49671,49713,49624,49704,49736,49714
5737,49677,49703,49656,49619,49671,49713,49624,49704,49736,49714
5738,49677,49703,49656,49619,49671,49713,49624,49704,49736,49714
5739,49677,49703,49656,49619,49671,49713,49624,49704,49736,49714
5740,49677,49703,49656,49619,49671,49713,49624,49704,49736,49714
5741,49677,49703,49656,49619,49671,49713,49624,49704,49736,49714
5742,49677,49703,49656,49619,49671,49713,49624,49704,49736,49714
5743,49677,49703,49656,49619,49671,49713,49624,49704,49736,49714
5744,49677,49703,49656,49620,49671,49713,49624,49704,49736,49714
5745,49677,49703,49656,49620,49671,49713,49624,49707,49736,49714
5746,49677,49703,49656,49620,49671,49713,49624,49707,49736,49714
5747,49677,49703,49656,49620,49671,49713,49624,49707,49736,49714
5748,49677,49703,49656,49620,49671,49713,49624,49707,49736,49714
5749,49677,49703,49656,49621,49671,49713,49624,49707,49736,49714
5750,49677,49703,49656,49621,49671,49713,49624,49707,49736,49714
5751,49677,49703,49656,49621,49671,49713,49624,49707,49736,49714
5752,49677,49703,49656,49621,49671,49713,49624,49707,49736,49714
5753,49677,49703,49656,49621,49671,49713,49624,49713,49736,49714
5754,49677,49703,49656,49621,49671,49713,49624,49713,49736,49714
5755,49677,49703,49656,49621,49671,49713,49624,49713,49736,49714
5756,49677,49703,49656,49621,49671,49713,49624,49713,49736,49714
5757,49677,49703,49656,49621,49671,49713,49624,49713,49736,49714
5758,49677,49703,49656,49621,49671,49713,49624,49713,49736,49714
5759,49677,49703,49656,49621,49671,49713,49624,49713,49736,49714
5760,49677,49703,49656,49621,49671,49713,49624,49713,49736,49714
5761,49677,49703,49656,49621,49671,49713,49624,49720,49736,49714
5762,49677,49703,49656,49621,49671,49713,49624,49720,49736,49714
5763,49677,49703,49656,49621,49671,49713,49624,49720,49736,49714
5764,49677,49703,49656,49621,49671,49713,49624,49720,49736,49714
5765,49677,49703,49656,49621,49671,49713,49624,49720,49736,49714
5766,49677,49703,49656,49621,49671,49713,49624,49720,49736,49714
5767,49677,49703,49656,49621,49671,49713,49624,49720,49736,49714
5768,49677,49703,49656,49636,49671,49713,49624,49720,49736,49714
5769,49677,49703,49656,49636,49671,49713,49624,49720,49736,49714
5770,49677,49703,49656,49636,49671,49713,49624,49720,49736,49714
5771,49677,49703,49656,49636,49689,49713,49624,49720,49736,49714
5772,49693,49703,49656,49636,49689,49713,49624,49720,49736,49714
5773,49693,49703,49656,49636,49689,49713,49624,49720,49736,49714
5774,49693,49703,49656,49636,49689,49713,49624,49720,49736,49714
5775,49693,49703,49656,49636,49689,49713,49624,49720,49736,49714
5776,49693,49703,49656,49636,49689,49713,49624,49720,49736,49714
5777,49693,49703,49656,49636,49689,49713,49624,49720,49736,49714
5778,49693,49703,49656,49636,49689,49713,49624,49720,49736,49714
5779,49693,49703,49656,49636,49689,49713,49624,49720,49736,49714
5780,49693,49703,49656,49636,49689,49713,49624,49720,49736,49714
5781,49693,49703,49656,49636,49689,49713,49624,49720,49736,49714
5782,49693,49703,49656,49636,49689,49713,49624,49720,49736,49714
5783,49693,49703,49656,49636,49689,49713,49624,49720,49736,49714
5784,49693,49703,49656,49636,49689,49713,49624,49720,49736,49714
5785,49693,49703,49656,49636,49689,49713,49624,49720,49736,49714
5786,49693,49703,49656,49636,49689,49713,49624,49720,49736,49714
5787,49693,49703,49656,49636,49689,49713,49624,49720,49736,49714
5788,49693,49703,49656,49636,49689,49713,49624,49720,49736,49714
5789,49693,49703,49656,49636,49689,49713,49624,49720,49736,49714
5790,49693,49703,49656,49636,49689,49713,49624,49720,49736,49714
5791,49693,49703,49656,49636,49689,49713,49624,49720,49736,49714
5792,49693,49703,49656,49636,49689,49713,49624,49720,49736,49714
5793,49693,49703,49656,49636,49689,49713,49624,49720,49736,49714
5794,49693,49703,49656,49636,49689,49713,49624,49720,49736,49714
5795,49693,49703,49656,49636,49689,49713,49624,49720,49736,49714
5796,49693,49703,49656,49636,49689,49713,49624,49720,49736,49714
5797,49693,49703,49656,49636,49689,49713,49624,49720,49736,49714
5798,49693,49703,49656,49636,49689,49713,49624,49720,49736,49714
5799,49693,49703,49656,49636,49689,49713,49624,49720,49736,49714
5800,49693,49703,49656,49636,49689,49713,49624,49720,49736,49714
5801,49693,49703,49656,49648,49689,49713,49624,49720,49736,49714
5802,49693,49703,49656,49648,49689,49713,49624,49720,49736,49714
5803,49693,49703,49656,49648,49689,49713,49624,49720,49736,49714
5804,49693,49703,49656,49648,49689,49713,49624,49720,49736,49714
5805,49693,49703,49656,49648,49689,49713,49624,49720,49736,49714
5806,49693,49703,49656,49648,49689,49713,49624,49720,49736,49714
5807,49693,49703,49656,49648,49689,49713,49624,49720,49736,49714
5808,49693,49703,49656,49648,49689,49713,49624,49720,49736,49714
5809,49693,49703,49656,49648,49689,49713,49624,49720,49736,49714
5810,49693,49703,49656,49648,49689,49713,49624,49720,49736,49714
5811,49693,49703,49656,49648,49689,49713,49624,49720,49736,49714
5812,49693,49703,49656,49648,49689,49713,49624,49720,49736,49714
5813,49693,49703,49656,49648,49689,49713,49624,49720,49736,49714
5814,49693,49703,49656,49648,49689,49713,49624,49720,49736,49714
5815,49693,49703,49656,49648,49689,49713,49624,49720,49736,49714
5816,49693,49703,49656,49648,49689,49713,49624,49720,49736,49714
5817,49693,49703,49656,49648,49689,49713,49634,49720,49736,49714
5818,49693,49703,49656,49648,49689,49713,49634,49720,49736,49714
5819,49693,49703,49656,49648,49689,49713,49634,49720,49736,49714
5820,49693,49703,49656,49648,49689,49713,49634,49720,49736,49714
5821,49693,49703,49656,49648,49689,49713,49634,49720,49740,49714
5822,49693,49703,49656,49648,49689,49713,49634,49720,49740,49714
5823,49693,49703,49656,49648,49689,49713,49634,49720,49761,49714
5824,49693,49703,49656,49648,49689,49713,49634,49720,49761,49714
5825,49693,49703,49656,49648,49689,49713,49634,49720,49761,49714
5826,49693,49703,49656,49648,49689,49713,49634,49720,49761,49714
5827,49693,49703,49656,49648,49689,49713,49634,49720,49761,49714
5828,49693,49703,49656,49648,49689,49713,49634,49720,49761,49714
5829,49693,49703,49656,49648,49689,49713,49634,49720,49761,49714
5830,49693,49703,49656,49648,49689,49713,49634,49720,49761,49714
5831,49693,49703,49656,49648,49689,49713,49634,49720,49761,49714
5832,49693,49703,49656,49648,49689,49713,49634,49720,49761,49714
5833,49693,49703,49656,49648,49693,49713,49634,49720,49761,49714
5834,49693,49703,49656,49648,49693,49713,49634,49720,49761,49714
5835,49693,49703,49656,49648,49693,49713,49634,49720,49761,49714
5836,49693,49703,49656,49648,49693,49713,49634,49720,49761,49714
5837,49693,49703,49656,49648,49693,49713,49634,49720,49761,49714
5838,49693,49703,49656,49648,49693,49713,49634,49720,49761,49714
5839,49693,49703,49656,49648,49693,49713,49634,49720,49761,49714
5840,49693,49703,49656,49648,49693,49713,49634,49720,49761,49714
5841,49693,49703,49656,49648,49693,49713,49634,49720,49761,49714
5842,49693,49703,49656,49648,49693,49713,49634,49720,49761,49714
5843,49693,49703,49656,49648,49693,49713,49634,49720,49761,49714
5844,49693,49703,49656,49648,49693,49713,49634,49720,49761,49714
5845,49693,49703,49656,49648,49693,49713,49634,49720,49761,49714
5846,49693,49703,49656,49648,49693,49713,49634,49720,49761,49714
5847,49693,49703,49656,49648,49693,49713,49634,49720,49761,49714
5848,49693,49703,49656,49648,49693,49713,49634,49720,49761,49714
5849,49693,49703,49656,49648,49693,49713,49634,49720,49761,49714
5850,49693,49703,49656,49648,49693,49713,49634,49720,49761,49714
5851,49693,49703,49656,49648,49693,49713,49634,49720,49761,49714
5852,49693,49703,49656,49648,49693,49713,49634,49720,49761,49714
5853,49693,49703,49656,49648,49693,49713,49634,49720,49761,49714
5854,49693,49703,49656,49661,49693,49713,49634,49720,49761,49714
5855,49698,49703,49656,49661,49693,49713,49634,49720,49761,49714
5856,49698,49703,49656,49661,49693,49713,49634,49720,49761,49714
5857,49698,49703,49656,49661,49693,49713,49634,49720,49761,49714
5858,49698,49703,49656,49661,49693,49713,49634,49720,49761,49714
5859,49698,49703,49656,49661,49693,49713,49634,49720,49761,49714
5860,49698,49703,49656,49661,49693,49713,49634,49720,49761,49714
5861,49698,49703,49656,49661,49693,49713,49634,49720,49761,49714
5862,49698,49703,49656,49661,49693,49713,49634,49720,49761,49714
5863,49698,49703,49656,49661,49693,49713,49634,49720,49761,49714
5864,49698,49703,49656,49661,49693,49713,49634,49720,49761,49714
5865,49698,49703,49656,49661,49693,49713,49634,49720,49761,49714
5866,49698,49703,49656,49661,49693,49713,49634,49720,49761,49714
5867,49698,49703,49656,49661,49693,49713,49634,49720,49761,49714
5868,49698,49703,49656,49661,49693,49713,49634,49720,49761,49714
5869,49698,49703,49656,49661,49693,49713,49634,49720,49761,49714
5870,49698,49703,49656,49661,49693,49713,49634,49720,49761,49714
5871,49698,49703,49656,49661,49693,49713,49634,49720,49761,49714
5872,49698,49703,49656,49661,49693,49713,49634,49720,49761,49714
5873,49698,49703,49656,49661,49693,49713,49634,49720,49761,49714
5874,49698,49703,49656,49661,49693,49713,49634,49720,49761,49714
5875,49698,49703,49656,49671,49693,49713,49634,49720,49761,49714
5876,49698,49703,49656,49671,49693,49713,49634,49720,49761,49714
5877,49698,49703,49656,49671,49693,49713,49634,49720,49761,49714
5878,49698,49703,49656,49671,49693,49713,49634,49720,49761,49714
5879,49698,49703,49656,49671,49693,49713,49634,49720,49761,49714
5880,49698,49703,49656,49671,49693,49713,49634,49720,49761,49714
5881,49698,49703,49656,49671,49693,49713,49634,49720,49761,49714
5882,49698,49703,49656,49671,49693,49713,49634,49720,49761,49714
5883,49698,49703,49674,49671,49693,49713,49634,49720,49761,49714
5884,49698,49703,49674,49671,49693,49713,49634,49720,49761,49714
5885,49698,49703,49674,49671,49693,49713,49634,49720,49761,49714
5886,49698,49713,49674,49671,49693,49713,49634,49720,49761,49714
5887,49698,49713,49674,49671,49693,49713,49634,49720,49761,49714
5888,49698,49713,49674,49671,49693,49713,49634,49720,49761,49714
5889,49698,49713,49674,49671,49693,49713,49634,49720,49761,49714
5890,49698,49713,49674,49671,49693,49713,49634,49720,49761,49714
5891,49698,49713,49674,49671,49693,49713,49634,49720,49761,49714
5892,49698,49713,49674,49671,49693,49713,49634,49720,49761,49714
5893,49698,49713,49674,49671,49693,49713,49634,49720,49761,49714
5894,49698,49713,49674,49671,49693,49713,49634,49720,49761,49714
5895,49698,49713,49674,49671,49693,49713,49634,49720,49761,49714
5896,49698,49713,49674,49671,49693,49713,49634,49720,49761,49714
5897,49698,49713,49674,49671,49693,49713,49634,49720,49761,49714
5898,49698,49713,49674,49671,49693,49713,49634,49720,49761,49714
5899,49698,49713,49674,49671,49693,49713,49634,49720,49761,49714
5900,49698,49713,49674,49671,49693,49713,49634,49720,49761,49714
5901,49698,49713,49674,49671,49693,49713,49634,49720,49761,49714
5902,49698,49713,49674,49671,49693,49713,49634,49720,49761,49714
5903,49698,49713,49674,49671,49693,49713,49634,49720,49761,49714
5904,49698,49713,49674,49671,49693,49713,49634,49720,49761,49714
5905,49698,49713,49674,49671,49697,49713,49634,49720,49761,49714
5906,49698,49713,49674,49671,49697,49713,49634,49720,49761,49714
5907,49698,49713,49674,49671,49697,49713,49634,49720,49761,49714
5908,49698,49713,49674,49671,49697,49713,49634,49720,49761,49714
5909,49698,49713,49674,49671,49697,49713,49634,49720,49761,49714
5910,49698,49713,49674,49671,49697,49713,49634,49720,49761,49714
5911,49698,49713,49674,49671,49697,49713,49634,49720,49761,49714
5912,49698,49713,49674,49671,49697,49713,49634,49720,49761,49714
5913,49698,49713,49674,49671,49697,49724,49634,49720,49761,49714
5914,49698,49713,49674,49671,49697,49724,49634,49720,49761,49714
5915,49698,49713,49674,49671,49697,49724,49634,49720,49761,49714
5916,49698,49713,49674,49671,49697,49724,49634,49720,49761,49714
5917,49698,49713,49674,49671,49724,49724,49634,49720,49761,49714
5918,49698,49713,49674,49671,49724,49724,49634,49720,49761,49714
5919,49698,49713,49674,49671,49724,49724,49634,49720,49761,49714
5920,49698,49713,49674,49671,49724,49724,49634,49720,49761,49714
5921,49698,49713,49674,49671,49724,49724,49634,49720,49761,49714
5922,49698,49713,49674,49671,49724,49724,49634,49720,49761,49714
5923,49698,49713,49674,49671,49724,49724,49634,49720,49761,49714
5924,49698,49713,49674,49671,49724,49724,49634,49720,49761,49714
5925,49698,49713,49674,49671,49724,49724,49634,49720,49761,49714
5926,49698,49713,49674,49671,49724,49724,49634,49720,49761,49714
5927,49698,49713,49674,49671,49724,49724,49634,49720,49761,49714
5928,49698,49713,49674,49671,49724,49724,49634,49720,49761,49714
5929,49698,49713,49674,49671,49724,49724,49634,49720,49761,49714
5930,49698,49713,49674,49671,49724,49724,49634,49720,49761,49714
5931,49698,49713,49674,49671,49724,49724,49634,49720,49761,49714
5932,49698,49713,49674,49671,49724,49724,49634,49720,49761,49714
5933,49698,49713,49674,49671,49724,49724,49634,49720,49761,49714
5934,49698,49713,49674,49671,49724,49724,49634,49720,49761,49714
5935,49698,49713,49674,49671,49724,49724,49634,49720,49761,49714
5936,49698,49713,49674,49671,49724,49724,49634,49720,49761,49714
5937,49698,49713,49674,49671,49724,49724,49634,49720,49761,49714
5938,49698,49713,49674,49671,49724,49724,49634,49720,49761,49714
5939,49698,49713,49674,49671,49724,49724,49634,49720,49761,49714
5940,49698,49713,49674,49671,49724,49724,49634,49720,49761,49714
5941,49698,49713,49674,49671,49724,49724,49634,49720,49761,49714
5942,49698,49713,49674,49671,49724,49724,49634,49720,49761,49714
5943,49698,49713,49674,49671,49724,49724,49634,49720,49761,49714
5944,49698,49713,49674,49671,49724,49724,49634,49720,49761,49714
5945,49698,49713,49674,49671,49724,49724,49634,49720,49761,49714
5946,49703,49713,49674,49671,49724,49724,49634,49720,49761,49714
5947,49703,49713,49674,49671,49724,49724,49634,49720,49761,49714
5948,49703,49713,49674,49671,49724,49724,49634,49720,49761,49714
5949,49703,49713,49674,49671,49724,49724,49634,49720,49761,49714
5950,49703,49713,49674,49681,49724,49724,49634,49720,49761,49714
5951,49703,49713,49674,49681,49724,49724,49634,49720,49761,49714
5952,49703,49713,49674,49681,49724,49724,49634,49720,49761,49714
5953,49703,49713,49674,49681,49724,49724,49634,49720,49761,49714
5954,49703,49713,49674,49681,49724,49724,49634,49720,49761,49714
5955,49703,49713,49674,49681,49724,49724,49634,49720,49761,49714
5956,49703,49713,49674,49681,49724,49724,49634,49720,49761,49714
5957,49703,49713,49674,49681,49724,49724,49634,49720,49761,49714
5958,49703,49713,49674,49681,49724,49724,49634,49720,49761,49714
5959,49703,49713,49674,49681,49724,49724,49634,49720,49761,49714
5960,49703,49713,49674,49681,49724,49724,49634,49720,49761,49714
5961,49703,49713,49674,49681,49724,49724,49634,49720,49761,49714
5962,49703,49713,49674,49681,49724,49724,49634,49720,49761,49714
5963,49703,49713,49674,49681,49724,49724,49634,49720,49761,49714
5964,49703,49713,49674,49681,49724,49724,49634,49720,49761,49714
5965,49703,49713,49674,49681,49724,49724,49634,49720,49761,49714
5966,49703,49713,49674,49681,49724,49724,49634,49720,49761,49714
5967,49703,49713,49674,49681,49724,49724,49634,49720,49761,49714
5968,49703,49713,49674,49681,49724,49724,49634,49720,49761,49714
5969,49703,49713,49674,49681,49724,49724,49634,49720,49761,49714
5970,49703,49713,49674,49681,49724,49724,49634,49720,49761,49714
5971,49703,49713,49674,49681,49724,49724,49634,49720,49761,49714
5972,49703,49713,49674,49681,49724,49724,49634,49720,49761,49714
5973,49703,49713,49674,49681,49724,49724,49634,49720,49761,49714
5974,49703,49715,49674,49681,49724,49724,49634,49720,49761,49714
5975,49703,49715,49674,49681,49724,49724,49634,49720,49761,49714
5976,49703,49715,49674,49681,49724,49724,49634,49720,49761,49714
5977,49703,49715,49674,49681,49724,49724,49634,49720,49761,49714
5978,49703,49715,49674,49681,49724,49724,49634,49720,49761,49714
5979,49703,49715,49674,49681,49724,49724,49634,49720,49761,49714
5980,49703,49715,49674,49681,49734,49724,49634,49720,49761,49714
5981,49703,49715,49674,49681,49734,49724,49634,49720,49761,49714
5982,49703,49715,49674,49681,49734,49724,49634,49720,49761,49714
5983,49703,49729,49674,49681,49734,49724,49634,49720,49761,49714
5984,49703,49729,49674,49681,49734,49724,49634,49720,49761,49714
5985,49703,49729,49674,49681,49734,49724,49634,49720,49761,49714
5986,49709,49729,49674,49681,49734,49724,49634,49720,49761,49714
5987,49709,49729,49674,49681,49734,49724,49634,49720,49761,49714
5988,49709,49729,49674,49681,49734,49724,49634,49720,49761,49714
5989,49709,49731,49674,49681,49734,49724,49634,49720,49761,49714
5990,49709,49731,49674,49681,49734,49724,49634,49720,49761,49714
5991,49709,49731,49674,49681,49734,49724,49634,49720,49761,49714
5992,49709,49731,49674,49681,49734,49724,49634,49720,49761,49714
5993,49709,49731,49674,49681,49734,49724,49634,49720,49761,49714
5994,49709,49731,49674,49681,49734,49724,49634,49720,49761,49714
5995,49709,49731,49674,49681,49734,49724,49634,49720,49761,49714
5996,49709,49731,49674,49681,49734,49724,49634,49720,49761,49714
5997,49709,49731,49674,49681,49734,49724,49634,49720,49761,49714
5998,49709,49731,49674,49681,49734,49724,49634,49720,49761,49714
5999,49709,49731,49674,49681,49734,49724,49634,49720,49761,49714
6000,49709,49731,49674,49681,49734,49724,49634,49720,49761,49714
6001,49709,49731,49674,49681,49734,49724,49634,49720,49761,49714
6002,49709,49731,49674,49681,49734,49724,49634,49720,49761,49714
6003,49709,49731,49674,49681,49734,49724,49634,49720,49761,49714
6004,49709,49731,49674,49681,49734,49724,49634,49720,49761,49714
6005,49709,49731,49674,49681,49734,49724,49634,49720,49761,49714
6006,49709,49731,49674,49681,49734,49724,49634,49720,49761,49714
6007,49709,49731,49674,49681,49734,49724,49634,49720,49761,49714
6008,49709,49731,49674,49681,49734,49724,49634,49720,49761,49714
6009,49709,49731,49674,49681,49734,49724,49634,49720,49761,49714
6010,49709,49731,49674,49681,49734,49724,49634,49720,49761,49714
6011,49709,49731,49674,49681,49734,49724,49634,49720,49761,49714
6012,49710,49731,49674,49681,49734,49724,49634,49720,49761,49714
6013,49710,49731,49674,49681,49734,49724,49634,49720,49761,49714
6014,49710,49731,49674,49681,49734,49724,49634,49720,49761,49714
6015,49710,49731,49674,49681,49734,49724,49635,49720,49761,49714
6016,49710,49731,49674,49681,49734,49724,49635,49720,49761,49714
6017,49710,49731,49674,49681,49734,49724,49635,49720,49761,49714
6018,49710,49731,49674,49681,49734,49724,49635,49720,49761,49714
6019,49710,49731,49674,49681,49734,49724,49635,49720,49761,49714
6020,49710,49731,49674,49681,49734,49724,49635,49720,49761,49714
6021,49710,49731,49674,49681,49734,49724,49635,49720,49761,49714
6022,49710,49731,49674,49681,49734,49724,49635,49720,49761,49714
6023,49710,49731,49674,49681,49734,49724,49635,49720,49761,49714
6024,49737,49731,49674,49681,49734,49724,49635,49720,49761,49714
6025,49737,49731,49674,49681,49734,49724,49635,49720,49761,49714
6026,49737,49731,49674,49681,49734,49724,49635,49720,49761,49714
6027,49737,49731,49674,49681,49734,49724,49635,49720,49761,49714
6028,49737,49731,49674,49681,49734,49724,49635,49720,49761,49714
6029,49737,49731,49674,49681,49734,49724,49635,49720,49761,49714
6030,49737,49731,49674,49681,49734,49724,49635,49720,49761,49714
6031,49737,49731,49674,49681,49734,49724,49635,49720,49761,49714
6032,49737,49731,49677,49681,49734,49724,49635,49720,49761,49714
6033,49737,49731,49677,49681,49734,49724,49635,49720,49761,49714
6034,49737,49731,49677,49681,49734,49724,49635,49720,49761,49714
6035,49737,49731,49677,49681,49734,49724,49635,49720,49761,49714
6036,49737,49731,49677,49681,49734,49724,49635,49720,49761,49714
6037,49737,49731,49677,49681,49734,49724,49635,49720,49761,49714
6038,49737,49731,49677,49681,49734,49724,49635,49720,49761,49714
6039,49737,49731,49677,49681,49734,49724,49635,49720,49761,49714
6040,49737,49731,49677,49681,49734,49724,49635,49720,49761,49714
6041,49737,49731,49677,49681,49734,49724,49635,49720,49761,49714
6042,49737,49731,49677,49681,49734,49724,49635,49720,49761,49714
6043,49737,49731,49677,49681,49734,49724,49635,49720,49761,49714
6044,49737,49731,49677,49681,49734,49724,49635,49720,49761,49714
6045,49737,49731,49677,49681,49734,49724,49635,49720,49761,49714
6046,49737,49731,49677,49681,49734,49724,49635,49720,49761,49714
6047,49737,49731,49677,49681,49734,49724,49635,49720,49761,49714
6048,49737,49731,49677,49681,49734,49724,49635,49720,49761,49714
6049,49737,49731,49677,49681,49734,49724,49635,49720,49761,49714
6050,49737,49731,49677,49681,49734,49724,49635,49720,49761,49714
6051,49737,49731,49677,49681,49734,49724,49635,49720,49761,49714
6052,49737,49731,49677,49681,49734,49724,49635,49720,49761,49714
6053,49737,49731,49677,49681,49734,49724,49635,49720,49761,49714
6054,49737,49731,49677,49681,49734,49724,49635,49720,49761,49714
6055,49737,49731,49677,49681,49734,49724,49635,49720,49761,49714
6056,49737,49731,49677,49681,49734,49724,49635,49720,49761,49714
6057,49737,49731,49677,49681,49734,49724,49635,49720,49761,49714
6058,49737,49731,49677,49681,49734,49724,49635,49720,49761,49714
6059,49737,49731,49677,49681,49734,49724,49635,49720,49761,49714
6060,49737,49731,49677,49681,49734,49724,49635,49720,49761,49714
6061,49737,49731,49677,49681,49734,49724,49635,49720,49761,49714
6062,49737,49731,49677,49681,49734,49724,49635,49720,49761,49714
6063,49737,49731,49677,49681,49734,49724,49653,49720,49761,49714
6064,49737,49731,49677,49681,49734,49724,49653,49720,49761,49714
6065,49737,49731,49677,49681,49734,49724,49653,49720,49761,49714
6066,49737,49731,49677,49681,49734,49724,49653,49720,49761,49714
6067,49737,49731,49677,49681,49734,49724,49653,49720,49761,49714
6068,49737,49731,49677,49681,49734,49724,49653,49720,49761,49714
6069,49737,49731,49677,49681,49734,49724,49653,49720,49761,49714
6070,49737,49731,49677,49681,49734,49724,49653,49720,49761,49714
6071,49737,49731,49677,49681,49734,49724,49653,49720,49761,49714
6072,49737,49731,49677,49681,49734,49724,49653,49720,49770,49714
6073,49737,49731,49677,49681,49734,49724,49653,49720,49770,49714
6074,49737,49731,49677,49681,49734,49724,49653,49720,49770,49714
6075,49737,49731,49677,49681,49734,49724,49653,49720,49770,49714
6076,49737,49731,49677,49681,49734,49724,49653,49720,49770,49714
6077,49737,49731,49677,49681,49734,49724,49653,49720,49770,49714
6078,49737,49731,49677,49681,49734,49724,49653,49720,49770,49714
6079,49737,49731,49677,49681,49734,49724,49653,49720,49770,49714
6080,49737,49731,49677,49681,49734,49724,49653,49720,49770,49714
6081,49737,49731,49677,49681,49734,49724,49653,49720,49770,49714
6082,49737,49731,49677,49681,49734,49724,49653,49720,49770,49718
6083,49737,49731,49677,49681,49734,49724,49653,49720,49770,49718
6084,49737,49731,49677,49681,49734,49724,49653,49720,49770,49718
6085,49737,49731,49677,49681,49734,49724,49653,49720,49770,49718
6086,49743,49731,49677,49681,49734,49724,49653,49720,49770,49718
6087,49743,49731,49677,49681,49734,49724,49653,49720,49770,49718
6088,49743,49731,49677,49681,49734,49724,49653,49720,49770,49718
6089,49743,49731,49677,49681,49734,49724,49653,49720,49770,49718
6090,49743,49731,49677,49681,49734,49724,49653,49720,49770,49718
6091,49743,49731,49677,49681,49734,49724,49653,49720,49770,49718
6092,49743,49731,49677,49681,49734,49724,49653,49720,49770,49718
6093,49743,49731,49677,49681,49734,49724,49653,49720,49770,49718
6094,49743,49731,49677,49681,49734,49724,49653,49720,49770,49718
6095,49743,49731,49677,49681,49734,49724,49653,49720,49770,49718
6096,49743,49731,49677,49681,49734,49724,49653,49720,49770,49718
6097,49743,49731,49677,49681,49734,49724,49653,49720,49770,49718
6098,49743,49731,49677,49681,49734,49724,49653,49720,49770,49718
6099,49743,49731,49677,49681,49734,49724,49653,49720,49770,49718
6100,49743,49731,49677,49681,49734,49724,49653,49720,49770,49718
6101,49743,49731,49677,49681,49734,49724,49653,49720,49770,49718
6102,49743,49731,49677,49681,49734,49724,49653,49720,49770,49718
6103,49743,49731,49677,49681,49734,49724,49653,49720,49770,49718
6104,49743,49731,49677,49681,49734,49724,49653,49720,49770,49718
6105,49743,49731,49677,49681,49734,49724,49653,49720,49770,49718
6106,49743,49731,49677,49681,49734,49724,49653,49720,49770,49718
6107,49744,49731,49677,49681,49734,49724,49653,49720,49770,49718
6108,49744,49731,49677,49686,49734,49724,49653,49720,49770,49718
6109,49744,49731,49677,49686,49734,49724,49653,49720,49770,49718
6110,49744,49731,49677,49686,49734,49724,49653,49720,49770,49718
6111,49744,49731,49677,49686,49734,49724,49653,49720,49770,49718
6112,49744,49731,49677,49686,49734,49724,49653,49720,49770,49718
6113,49744,49731,49677,49686,49734,49724,49653,49720,49770,49718
6114,49744,49731,49677,49686,49734,49724,49653,49720,49770,49718
6115,49744,49731,49677,49686,49734,49724,49653,49720,49770,49718
6116,49744,49731,49677,49686,49734,49724,49653,49720,49770,49718
6117,49744,49731,49677,49686,49734,49724,49653,49720,49770,49718
6118,49744,49731,49677,49686,49734,49724,49653,49720,49770,49718
6119,49744,49731,49677,49686,49734,49724,49653,49720,49770,49718
6120,49744,49731,49677,49686,49734,49724,49653,49720,49770,49718
6121,49744,49731,49677,49686,49734,49724,49653,49720,49770,49718
6122,49744,49731,49677,49686,49734,49724,49653,49720,49770,49718
6123,49744,49731,49677,49686,49734,49724,49653,49720,49770,49718
6124,49744,49731,49677,49686,49734,49724,49653,49720,49770,49718
6125,49744,49731,49677,49686,49734,49724,49653,49720,49770,49718
6126,49744,49731,49677,49686,49734,49724,49653,49720,49770,49718
6127,49744,49731,49677,49686,49734,49724,49653,49720,49770,49718
6128,49744,49731,49677,49686,49734,49724,49653,49720,49770,49718
6129,49744,49731,49677,49686,49734,49724,49653,49720,49770,49718
6130,49744,49731,49677,49686,49734,49724,49653,49720,49770,49718
6131,49744,49731,49677,49686,49734,49724,49653,49720,49770,49718
6132,49744,49731,49677,49686,49734,49724,49653,49720,49770,49718
6133,49744,49731,49677,49686,49734,49724,49653,49720,49770,49718
6134,49744,49731,49677,49686,49734,49724,49653,49720,49770,49718
6135,49744,49731,49677,49686,49734,49724,49653,49720,49770,49718
6136,49744,49731,49677,49686,49734,49724,49653,49720,49770,49718
6137,49744,49731,49677,49686,49734,49724,49653,49720,49770,49718
6138,49744,49731,49677,49686,49734,49724,49653,49720,49770,49718
6139,49744,49731,49677,49686,49734,49724,49653,49720,49770,49718
6140,49744,49731,49677,49686,49734,49724,49653,49720,49770,49718
6141,49744,49731,49677,49686,49734,49724,49653,49720,49770,49718
6142,49744,49731,49677,49686,49734,49724,49653,49720,49770,49718
6143,49744,49731,49677,49686,49734,49724,49653,49720,49770,49718
6144,49744,49731,49677,49686,49734,49724,49653,49720,49770,49718
6145,49744,49731,49677,49686,49734,49724,49653,49720,49770,49718
6146,49744,49731,49677,49686,49734,49724,49653,49720,49770,49718
6147,49744,49731,49677,49686,49734,49724,49653,49720,49770,49718
6148,49744,49731,49677,49686,49734,49724,49653,49720,49770,49718
6149,49744,49731,49677,49686,49734,49724,49653,49720,49770,49718
6150,49744,49731,49677,49686,49734,49724,49653,49720,49770,49718
6151,49744,49731,49677,49686,49734,49724,49653,49720,49770,49718
6152,49744,49731,49677,49686,49734,49724,49653,49720,49770,49718
6153,49744,49731,49677,49686,49734,49724,49653,49720,49770,49718
6154,49744,49731,49681,49686,49734,49724,49653,49720,49770,49718
6155,49744,49731,49681,49686,49734,49724,49653,49720,49770,49718
6156,49744,49731,49681,49686,49734,49724,49653,49720,49770,49718
6157,49744,49731,49681,49686,49734,49724,49653,49720,49770,49718
6158,49744,49731,49681,49686,49734,49724,49653,49720,49770,49718
6159,49744,49731,49681,49686,49734,49724,49653,49720,49770,49718
6160,49744,49731,49681,49686,49734,49724,49653,49720,49770,49718
6161,49744,49731,49681,49686,49734,49724,49653,49720,49770,49718
6162,49744,49731,49681,49686,49734,49724,49653,49720,49775,49718
6163,49744,49731,49681,49686,49734,49724,49653,49720,49775,49718
6164,49744,49731,49681,49686,49734,49724,49653,49720,49775,49718
6165,49744,49731,49681,49686,49734,49724,49653,49720,49775,49718
6166,49744,49731,49681,49686,49734,49724,49653,49720,49775,49718
6167,49744,49731,49681,49686,49734,49724,49653,49720,49775,49718
6168,49744,49731,49681,49686,49734,49724,49653,49720,49775,49718
6169,49744,49731,49681,49686,49734,49724,49653,49720,49775,49718
6170,49744,49731,49681,49686,49734,49724,49653,49720,49775,49718
6171,49744,49731,49681,49686,49734,49724,49653,49720,49775,49718
6172,49744,49731,49681,49686,49734,49724,49653,49720,49775,49718
6173,49744,49731,49681,49686,49734,49724,49653,49720,49775,49718
6174,49744,49731,49681,49686,49734,49724,49653,49720,49775,49718
6175,49744,49731,49681,49686,49734,49724,49653,49720,49775,49718
6176,49744,49731,49681,49686,49734,49724,49653,49720,49775,49718
6177,49744,49731,49681,49686,49734,49724,49653,49720,49775,49718
6178,49744,49731,49681,49686,49734,49724,49653,49720,49775,49718
6179,49744,49731,49681,49686,49734,49724,49653,49720,49775,49718
6180,49744,49731,49681,49686,49734,49724,49653,49720,49775,49718
6181,49744,49731,49681,49686,49734,49724,49653,49720,49775,49718
6182,49744,49731,49681,49686,49734,49724,49653,49720,49775,49718
6183,49744,49731,49681,49686,49734,49724,49653,49720,49775,49718
6184,49744,49731,49681,49686,49734,49724,49653,49720,49775,49718
6185,49744,49731,49681,49686,49734,49724,49653,49720,49775,49718
6186,49744,49731,49681,49686,49734,49724,49653,49720,49775,49718
6187,49744,49731,49681,49686,49734,49724,49653,49720,49775,49718
6188,49744,49731,49681,49686,49734,49724,49653,49720,49775,49718
6189,49744,49731,49681,49686,49734,49724,49653,49720,49775,49718
6190,49744,49731,49681,49686,49734,49724,49653,49720,49775,49718
6191,49744,49731,49681,49686,49734,49724,49653,49720,49775,49718
6192,49744,49731,49681,49686,49734,49724,49653,49720,49775,49718
6193,49744,49731,49681,49686,49734,49724,49653,49720,49775,49718
6194,49744,49731,49681,49686,49734,49724,49653,49720,49775,49718
6195,49744,49731,49681,49686,49734,49724,49653,49720,49775,49718
6196,49744,49731,49681,49686,49734,49724,49653,49720,49775,49718
6197,49744,49731,49681,49686,49734,49724,49653,49720,49775,49718
6198,49744,49731,49681,49686,49734,49724,49653,49720,49775,49718
6199,49744,49731,49681,49686,49734,49724,49653,49720,49775,49718
6200,49744,49731,49681,49686,49734,49724,49653,49720,49775,49718
6201,49744,49731,49681,49686,49734,49724,49653,49720,49775,49718
6202,49744,49731,49681,49686,49734,49724,49653,49720,49775,49718
6203,49744,49731,49681,49686,49734,49724,49653,49720,49775,49718
6204,49744,49731,49681,49686,49734,49724,49653,49720,49775,49718
6205,49744,49731,49681,49686,49734,49724,49653,49720,49775,49718
6206,49744,49731,49681,49686,49734,49724,49653,49720,49775,49718
6207,49744,49731,49681,49686,49734,49724,49653,49720,49775,49718
6208,49744,49731,49681,49686,49734,49724,49653,49720,49775,49718
6209,49744,49731,49681,49686,49734,49724,49653,49720,49775,49718
6210,49744,49731,49681,49686,49734,49724,49653,49720,49775,49718
6211,49744,49731,49681,49686,49734,49724,49653,49720,49775,49718
6212,49744,49731,49681,49686,49734,49724,49653,49720,49775,49718
6213,49744,49731,49681,49686,49734,49724,49653,49725,49775,49718
6214,49744,49731,49681,49686,49734,49724,49653,49725,49775,49718
6215,49744,49731,49681,49686,49734,49724,49653,49725,49775,49718
6216,49744,49731,49681,49686,49734,49724,49653,49725,49775,49718
6217,49744,49731,49681,49686,49734,49724,49653,49725,49775,49718
6218,49744,49731,49681,49686,49734,49724,49653,49725,49775,49718
6219,49744,49731,49681,49686,49734,49724,49653,49725,49775,49718
6220,49744,49731,49681,49686,49734,49724,49653,49725,49775,49718
6221,49744,49731,49681,49686,49734,49724,49653,49725,49775,49718
6222,49744,49731,49681,49686,49734,49724,49653,49725,49775,49718
6223,49744,49731,49681,49686,49734,49724,49653,49725,49775,49718
6224,49744,49731,49681,49686,49734,49724,49653,49725,49775,49718
6225,49744,49731,49681,49686,49734,49724,49653,49725,49775,49718
6226,49744,49731,49681,49686,49734,49724,49653,49725,49775,49718
6227,49744,49731,49681,49686,49734,49724,49653,49725,49775,49718
6228,49744,49731,49681,49686,49734,49724,49653,49725,49775,49718
6229,49744,49731,49681,49686,49734,49724,49653,49725,49775,49718
6230,49744,49731,49681,49686,49734,49724,49653,49725,49775,49718
6231,49744,49731,49681,49686,49734,49724,49653,49725,49775,49718
6232,49744,49731,49681,49686,49734,49724,49653,49725,49775,49718
6233,49744,49731,49681,49686,49734,49724,49653,49725,49775,49718
6234,49744,49731,49681,49686,49734,49724,49653,49725,49775,49718
6235,49744,49731,49681,49686,49734,49724,49653,49725,49775,49718
6236,49744,49731,49681,49686,49734,49724,49653,49725,49775,49718
6237,49744,49731,49681,49686,49734,49724,49653,49725,49775,49718
6238,49744,49731,49681,49686,49734,49724,49653,49725,49775,49718
6239,49744,49731,49681,49686,49734,49724,49653,49725,49775,49718
6240,49744,49731,49681,49686,49734,49724,49653,49725,49775,49718
6241,49744,49731,49681,49686,49734,49724,49653,49725,49775,49718
6242,49744,49731,49681,49686,49734,49724,49653,49725,49775,49718
6243,49744,49731,49681,49686,49734,49724,49653,49725,49775,49718
6244,49744,49731,49681,49686,49734,49724,49653,49725,49775,49718
6245,49744,49731,49681,49686,49734,49724,49653,49725,49775,49718
6246,49744,49731,49681,49686,49734,49724,49653,49725,49775,49718
6247,49744,49731,49681,49686,49734,49724,49653,49725,49775,49718
6248,49744,49731,49681,49686,49734,49724,49653,49725,49775,49718
6249,49744,49731,49681,49686,49734,49724,49653,49725,49775,49718
6250,49744,49731,49681,49686,49734,49724,49653,49725,49775,49718
6251,49744,49731,49681,49686,49734,49724,49653,49725,49775,49718
6252,49744,49731,49681,49686,49734,49724,49653,49725,49775,49718
6253,49744,49731,49681,49686,49734,49724,49653,49725,49775,49718
6254,49744,49731,49681,49686,49734,49724,49653,49725,49775,49718
6255,49744,49739,49681,49686,49734,49724,49653,49725,49775,49718
6256,49744,49739,49681,49686,49734,49724,49653,49725,49775,49718
6257,49744,49739,49681,49686,49734,49724,49653,49725,49775,49718
6258,49744,49739,49681,49686,49734,49724,49653,49725,49775,49718
6259,49744,49739,49681,49686,49734,49724,49653,49725,49775,49718
6260,49744,49739,49681,49686,49734,49724,49653,49725,49775,49718
6261,49744,49739,49681,49686,49734,49724,49653,49725,49775,49718
6262,49744,49739,49681,49686,49734,49724,49653,49725,49775,49718
6263,49744,49739,49681,49686,49739,49724,49653,49725,49775,49718
6264,49744,49739,49681,49686,49739,49724,49653,49725,49775,49718
6265,49744,49739,49681,49686,49739,49724,49653,49725,49775,49718
6266,49744,49739,49681,49686,49739,49724,49653,49725,49775,49718
6267,49744,49739,49681,49686,49739,49724,49653,49725,49775,49718
6268,49744,49739,49681,49686,49739,49724,49653,49725,49775,49718
6269,49744,49739,49681,49686,49739,49724,49653,49725,49775,49718
6270,49744,49739,49681,49686,49739,49724,49653,49725,49775,49718
6271,49744,49739,49681,49686,49739,49724,49653,49725,49775,49718
6272,49744,49739,49681,49686,49739,49724,49653,49725,49775,49718
6273,49744,49739,49681,49686,49739,49724,49653,49725,49775,49718
6274,49744,49739,49681,49686,49739,49724,49653,49725,49775,49718
6275,49744,49739,49681,49686,49739,49724,49653,49725,49775,49718
6276,49744,49742,49681,49686,49739,49724,49653,49725,49775,49718
6277,49744,49742,49681,49686,49739,49724,49653,49725,49775,49718
6278,49744,49742,49681,49686,49739,49724,49653,49725,49775,49718
6279,49744,49742,49681,49686,49739,49724,49653,49725,49775,49718
6280,49744,49742,49681,49686,49739,49724,49653,49725,49775,49718
6281,49744,49742,49681,49686,49739,49724,49653,49725,49775,49718
6282,49744,49742,49681,49686,49739,49724,49653,49725,49775,49718
6283,49744,49742,49681,49686,49739,49724,49653,49725,49775,49718
6284,49744,49742,49681,49686,49739,49724,49653,49725,49775,49718
6285,49744,49742,49681,49686,49739,49724,49653,49725,49775,49718
6286,49744,49742,49681,49686,49739,49724,49653,49725,49775,49718
6287,49744,49742,49681,49686,49739,49724,49653,49725,49775,49730
6288,49744,49742,49681,49686,49739,49724,49653,49725,49775,49730
6289,49744,49742,49681,49686,49739,49724,49653,49725,49775,49730
6290,49744,49742,49681,49686,49739,49724,49653,49725,49775,49730
6291,49744,49742,49681,49686,49739,49724,49653,49725,49775,49730
6292,49744,49742,49681,49686,49739,49724,49653,49725,49775,49730
6293,49744,49742,49681,49686,49739,49724,49653,49725,49775,49730
6294,49744,49742,49681,49686,49739,49724,49653,49725,49775,49730
6295,49744,49750,49681,49686,49739,49724,49653,49725,49775,49730
6296,49744,49750,49681,49686,49739,49724,49653,49725,49775,49730
6297,49744,49750,49681,49686,49739,49724,49653,49725,49775,49730
6298,49744,49750,49681,49686,49739,49724,49653,49725,49775,49730
6299,49744,49750,49681,49686,49739,49724,49653,49725,49775,49730
6300,49744,49750,49681,49686,49739,49724,49653,49725,49775,49730
6301,49744,49750,49681,49686,49739,49724,49653,49725,49775,49730
6302,49744,49750,49681,49686,49739,49724,49653,49725,49775,49730
6303,49744,49750,49681,49686,49739,49724,49653,49725,49775,49730
6304,49744,49750,49681,49686,49739,49724,49653,49725,49775,49730
6305,49744,49750,49681,49686,49739,49724,49653,49725,49775,49730
6306,49744,49750,49681,49686,49739,49724,49653,49725,49775,49730
6307,49744,49750,49681,49686,49739,49724,49653,49725,49775,49730
6308,49744,49750,49681,49686,49739,49724,49653,49725,49775,49730
6309,49744,49750,49681,49686,49739,49724,49653,49725,49775,49730
6310,49744,49750,49681,49686,49739,49724,49653,49725,49775,49730
6311,49744,49750,49681,49686,49739,49724,49653,49725,49775,49730
6312,49744,49750,49681,49686,49739,49724,49653,49725,49775,49730
6313,49744,49750,49681,49686,49739,49724,49653,49725,49775,49730
6314,49744,49750,49681,49686,49739,49724,49653,49725,49775,49730
6315,49744,49750,49681,49686,49739,49724,49653,49725,49775,49730
6316,49744,49750,49681,49686,49739,49724,49653,49725,49775,49730
6317,49744,49750,49681,49686,49739,49724,49653,49725,49775,49730
6318,49744,49750,49681,49686,49739,49724,49653,49725,49775,49730
6319,49744,49750,49681,49686,49739,49724,49653,49725,49775,49730
6320,49744,49750,49681,49686,49739,49724,49653,49725,49775,49730
6321,49744,49750,49681,49686,49739,49724,49653,49725,49775,49730
6322,49744,49750,49681,49686,49739,49724,49653,49725,49775,49730
6323,49744,49750,49681,49686,49739,49724,49662,49725,49775,49730
6324,49744,49750,49681,49686,49739,49724,49662,49725,49775,49730
6325,49744,49750,49681,49686,49739,49724,49662,49725,49775,49730
6326,49744,49750,49681,49686,49739,49724,49662,49725,49775,49730
6327,49744,49750,49681,49686,49739,49724,49662,49725,49775,49730
6328,49744,49750,49681,49686,49739,49724,49662,49725,49775,49730
6329,49744,49750,49681,49686,49739,49724,49662,49725,49775,49730
6330,49744,49750,49681,49686,49739,49724,49662,49725,49775,49730
6331,49744,49750,49681,49686,49739,49724,49662,49725,49775,49730
6332,49744,49750,49681,49686,49739,49724,49662,49725,49775,49730
6333,49744,49750,49681,49686,49739,49724,49662,49725,49775,49730
6334,49744,49750,49681,49686,49739,49724,49662,49725,49775,49730
6335,49744,49750,49681,49686,49739,49724,49662,49725,49775,49730
6336,49744,49750,49681,49686,49739,49724,49662,49725,49775,49730
6337,49744,49750,49681,49686,49739,49724,49662,49725,49775,49730
6338,49744,49750,49681,49686,49739,49724,49662,49725,49775,49730
6339,49744,49750,49681,49686,49739,49724,49662,49725,49775,49730
6340,49744,49750,49681,49686,49739,49724,49662,49725,49775,49730
6341,49744,49750,49681,49686,49739,49724,49662,49725,49775,49730
6342,49744,49750,49681,49686,49739,49724,49662,49725,49775,49730
6343,49744,49750,49681,49686,49739,49724,49662,49725,49775,49730
6344,49744,49750,49681,49686,49739,49724,49662,49725,49775,49730
6345,49744,49750,49681,49686,49739,49724,49662,49725,49775,49730
6346,49744,49750,49681,49686,49739,49724,49662,49725,49775,49730
6347,49744,49750,49681,49686,49739,49724,49662,49725,49775,49730
6348,49744,49750,49681,49686,49739,49724,49662,49725,49775,49730
6349,49744,49750,49681,49686,49739,49724,49662,49725,49775,49730
6350,49744,49750,49681,49686,49739,49724,49662,49725,49775,49730
6351,49744,49750,49681,49686,49739,49724,49662,49725,49775,49730
6352,49744,49750,49681,49686,49739,49724,49662,49725,49775,49730
6353,49744,49750,49681,49686,49739,49724,49662,49725,49775,49730
6354,49744,49750,49681,49686,49739,49724,49662,49725,49775,49730
6355,49744,49750,49681,49686,49739,49724,49662,49725,49775,49730
6356,49744,49750,49681,49686,49739,49724,49662,49725,49775,49730
6357,49744,49750,49681,49686,49739,49724,49662,49725,49775,49730
6358,49744,49750,49681,49686,49739,49724,49662,49725,49775,49730
6359,49744,49750,49681,49686,49739,49724,49662,49725,49775,49730
6360,49744,49750,49681,49686,49739,49724,49662,49725,49775,49730
6361,49744,49750,49681,49686,49739,49724,49662,49725,49775,49730
6362,49744,49750,49681,49686,49739,49724,49662,49725,49775,49730
6363,49744,49750,49681,49686,49739,49724,49662,49725,49775,49730
6364,49744,49750,49681,49686,49739,49724,49662,49725,49775,49730
6365,49744,49750,49681,49686,49739,49724,49662,49725,49775,49730
6366,49744,49750,49681,49686,49739,49724,49662,49725,49775,49730
6367,49744,49750,49681,49686,49739,49724,49662,49725,49775,49730
6368,49744,49750,49681,49686,49739,49724,49662,49725,49775,49730
6369,49744,49750,49681,49686,49739,49724,49662,49725,49775,49730
6370,49744,49750,49681,49686,49739,49724,49662,49725,49775,49730
6371,49744,49750,49681,49686,49739,49724,49662,49725,49775,49730
6372,49744,49750,49681,49686,49739,49724,49670,49725,49775,49730
6373,49744,49750,49681,49686,49739,49724,49670,49725,49775,49730
6374,49744,49750,49681,49686,49739,49724,49670,49725,49775,49730
6375,49744,49750,49681,49686,49739,49724,49670,49725,49775,49730
6376,49744,49750,49681,49686,49739,49724,49670,49725,49775,49730
6377,49744,49750,49681,49686,49739,49724,49670,49725,49775,49730
6378,49744,49750,49681,49686,49739,49724,49670,49725,49775,49730
6379,49744,49750,49681,49686,49739,49724,49670,49725,49775,49730
6380,49744,49750,49681,49686,49739,49724,49670,49725,49775,49730
6381,49744,49750,49681,49686,49739,49724,49670,49725,49775,49730
6382,49744,49750,49681,49686,49739,49724,49670,49725,49775,49730
6383,49744,49750,49681,49686,49739,49724,49670,49725,49775,49730
6384,49744,49750,49681,49686,49739,49724,49670,49725,49775,49730
6385,49744,49750,49681,49686,49739,49724,49670,49725,49775,49730
6386,49744,49750,49681,49686,49739,49724,49670,49725,49775,49730
6387,49744,49750,49681,49686,49739,49724,49670,49725,49775,49730
6388,49744,49750,49681,49686,49739,49724,49670,49725,49775,49730
6389,49744,49750,49681,49686,49739,49724,49670,49725,49775,49730
6390,49744,49750,49681,49686,49739,49724,49670,49725,49775,49730
6391,49744,49750,49681,49686,49739,49724,49670,49725,49775,49730
6392,49744,49750,49681,49686,49739,49724,49670,49725,49775,49730
6393,49744,49750,49681,49688,49739,49724,49670,49725,49775,49730
6394,49744,49750,49681,49688,49739,49724,49670,49725,49775,49730
6395,49744,49750,49681,49688,49739,49724,49670,49725,49775,49730
6396,49744,49750,49681,49688,49739,49724,49670,49725,49775,49730
6397,49744,49750,49681,49702,49739,49724,49670,49725,49775,49730
6398,49744,49750,49681,49702,49739,49724,49670,49725,49775,49730
6399,49744,49750,49681,49702,49739,49724,49670,49725,49775,49730
6400,49744,49750,49681,49702,49739,49724,49670,49725,49775,49730
6401,49744,49750,49681,49702,49739,49724,49670,49725,49775,49730
6402,49744,49750,49681,49702,49739,49724,49670,49725,49775,49730
6403,49744,49750,49681,49702,49739,49724,49670,49725,49781,49730
6404,49744,49750,49681,49702,49739,49724,49670,49725,49781,49730
6405,49744,49750,49681,49702,49739,49724,49670,49725,49781,49730
6406,49744,49761,49681,49702,49739,49724,49670,49725,49781,49730
6407,49744,49761,49703,49702,49739,49724,49670,49725,49781,49730
6408,49744,49761,49703,49702,49739,49724,49670,49725,49781,49741
6409,49744,49761,49703,49702,49739,49724,49670,49725,49781,49741
6410,49744,49761,49703,49702,49739,49724,49670,49725,49781,49741
6411,49744,49761,49703,49702,49739,49724,49670,49725,49781,49741
6412,49744,49761,49703,49702,49739,49724,49670,49725,49783,49741
6413,49744,49761,49703,49702,49739,49724,49670,49725,49783,49741
6414,49744,49761,49703,49702,49739,49724,49670,49725,49783,49741
6415,49744,49761,49703,49702,49739,49724,49670,49725,49783,49741
6416,49744,49761,49703,49702,49739,49724,49670,49725,49783,49741
6417,49744,49761,49703,49702,49739,49724,49670,49725,49783,49741
6418,49744,49761,49703,49702,49739,49724,49670,49725,49783,49741
6419,49744,49761,49703,49702,49739,49724,49670,49725,49783,49741
6420,49744,49761,49703,49702,49739,49724,49670,49725,49783,49741
6421,49744,49761,49703,49702,49739,49724,49670,49725,49783,49741
6422,49744,49761,49703,49702,49739,49724,49670,49725,49783,49741
6423,49744,49761,49703,49702,49739,49724,49670,49725,49783,49741
6424,49744,49761,49703,49702,49739,49724,49670,49725,49783,49741
6425,49744,49761,49703,49702,49739,49724,49670,49725,49783,49741
6426,49744,49761,49703,49702,49739,49724,49670,49725,49783,49741
6427,49744,49761,49703,49702,49739,49724,49670,49725,49783,49741
6428,49744,49761,49703,49702,49739,49724,49670,49725,49783,49741
6429,49744,49761,49703,49702,49739,49724,49670,49725,49783,49741
6430,49744,49761,49703,49702,49739,49724,49670,49725,49783,49741
6431,49744,49761,49703,49702,49739,49724,49670,49725,49783,49741
6432,49744,49761,49703,49702,49739,49724,49670,49725,49783,49741
6433,49744,49761,49703,49702,49739,49724,49670,49725,49783,49741
6434,49744,49761,49703,49702,49739,49724,49670,49725,49783,49741
6435,49744,49761,49703,49702,49739,49724,49670,49725,49783,49741
6436,49744,49761,49703,49702,49739,49724,49670,49725,49783,49741
6437,49744,49761,49703,49702,49739,49724,49670,49725,49783,49741
6438,49744,49761,49703,49702,49739,49724,49670,49725,49783,49741
6439,49744,49761,49703,49702,49739,49724,49670,49725,49783,49741
6440,49744,49761,49703,49702,49739,49724,49670,49725,49783,49741
6441,49744,49761,49703,49702,49739,49724,49670,49725,49783,49741
6442,49744,49761,49703,49702,49739,49724,49670,49725,49783,49741
6443,49744,49761,49703,49702,49739,49724,49670,49725,49783,49741
6444,49744,49761,49703,49702,49739,49724,49670,49725,49783,49741
6445,49744,49761,49703,49702,49739,49724,49670,49725,49783,49741
6446,49744,49761,49703,49702,49739,49724,49670,49725,49783,49741
6447,49744,49761,49703,49702,49739,49724,49670,49725,49783,49741
6448,49744,49761,49703,49702,49739,49724,49670,49725,49783,49741
6449,49744,49761,49703,49702,49739,49724,49670,49725,49783,49741
6450,49744,49761,49703,49702,49739,49724,49670,49725,49783,49741
6451,49744,49761,49703,49702,49739,49724,49670,49725,49783,49741
6452,49744,49761,49703,49702,49739,49724,49670,49725,49783,49742
6453,49744,49761,49703,49702,49739,49724,49670,49725,49783,49742
6454,49744,49761,49703,49702,49739,49724,49670,49725,49783,49742
6455,49744,49761,49703,49702,49739,49724,49670,49725,49783,49742
6456,49744,49761,49703,49702,49739,49724,49670,49725,49783,49742
6457,49744,49761,49703,49702,49739,49724,49670,49725,49783,49742
6458,49744,49761,49703,49702,49739,49724,49670,49725,49783,49742
6459,49744,49761,49703,49702,49739,49724,49670,49725,49783,49742
6460,49744,49761,49703,49702,49739,49724,49670,49725,49783,49742
6461,49744,49761,49703,49702,49739,49724,49670,49725,49783,49742
6462,49744,49761,49703,49702,49739,49724,49670,49725,49783,49742
6463,49744,49761,49703,49702,49739,49724,49670,49725,49783,49742
6464,49744,49761,49703,49702,49739,49724,49670,49725,49783,49742
6465,49744,49761,49703,49702,49739,49724,49670,49725,49783,49742
6466,49744,49761,49703,49702,49739,49724,49670,49725,49783,49742
6467,49744,49761,49703,49702,49739,49724,49670,49725,49783,49742
6468,49744,49761,49703,49702,49739,49724,49670,49725,49783,49742
6469,49744,49761,49703,49702,49739,49724,49670,49725,49783,49742
6470,49744,49761,49703,49702,49739,49724,49670,49725,49783,49742
6471,49744,49761,49703,49702,49739,49724,49670,49725,49783,49742
6472,49744,49761,49703,49702,49739,49724,49670,49725,49783,49742
6473,49744,49761,49703,49702,49739,49724,49670,49725,49783,49742
6474,49744,49761,49703,49702,49739,49724,49670,49725,49783,49742
6475,49744,49761,49703,49702,49739,49724,49670,49725,49783,49742
6476,49744,49761,49703,49702,49739,49724,49670,49725,49783,49742
6477,49744,49761,49703,49702,49739,49724,49670,49725,49783,49742
6478,49744,49761,49703,49702,49739,49724,49670,49725,49783,49742
6479,49744,49761,49703,49702,49739,49724,49670,49725,49783,49742
6480,49744,49761,49703,49702,49739,49724,49670,49725,49783,49742
6481,49744,49761,49703,49702,49739,49724,49670,49725,49783,49742
6482,49744,49761,49703,49702,49739,49724,49670,49725,49783,49742
6483,49744,49761,49703,49702,49739,49724,49670,49725,49783,49742
6484,49744,49761,49703,49702,49739,49724,49670,49725,49783,49742
6485,49744,49761,49703,49702,49739,49724,49670,49725,49783,49742
6486,49744,49761,49703,49702,49739,49724,49670,49725,49783,49742
6487,49744,49761,49703,49702,49739,49724,49670,49725,49783,49742
6488,49744,49761,49703,49702,49739,49724,49670,49725,49783,49742
6489,49744,49761,49703,49702,49739,49724,49670,49725,49783,49742
6490,49744,49761,49703,49702,49739,49724,49670,49725,49783,49742
6491,49744,49761,49703,49702,49739,49724,49670,49725,49783,49742
6492,49744,49761,49703,49702,49739,49724,49670,49725,49783,49742
6493,49744,49761,49703,49702,49739,49724,49670,49725,49783,49742
6494,49744,49761,49703,49702,49739,49724,49670,49725,49783,49742
6495,49744,49761,49703,49702,49739,49724,49670,49725,49783,49742
6496,49744,49761,49703,49702,49739,49724,49670,49725,49783,49742
6497,49744,49761,49703,49702,49739,49724,49670,49725,49783,49742
6498,49744,49761,49703,49702,49739,49724,49670,49725,49783,49742
6499,49744,49761,49703,49702,49739,49724,49670,49725,49783,49742
6500,49744,49761,49703,49702,49739,49724,49670,49725,49783,49742
6501,49744,49761,49703,49702,49739,49724,49670,49725,49783,49742
6502,49744,49761,49703,49702,49739,49724,49670,49725,49783,49742
6503,49744,49761,49703,49702,49739,49724,49670,49725,49783,49742
6504,49744,49761,49703,49702,49739,49724,49670,49725,49783,49742
6505,49744,49761,49703,49702,49739,49724,49670,49725,49783,49742
6506,49744,49761,49703,49702,49739,49724,49670,49725,49783,49742
6507,49744,49761,49703,49702,49739,49724,49670,49725,49783,49742
6508,49744,49761,49703,49702,49739,49724,49670,49725,49783,49742
6509,49744,49761,49703,49702,49739,49724,49670,49725,49783,49742
6510,49744,49761,49703,49702,49739,49724,49670,49725,49783,49742
6511,49744,49761,49703,49702,49739,49724,49670,49725,49783,49742
6512,49744,49761,49703,49702,49739,49724,49670,49725,49783,49742
6513,49744,49761,49703,49702,49739,49724,49670,49725,49783,49742
6514,49744,49761,49703,49702,49739,49724,49670,49725,49783,49742
6515,49744,49761,49703,49702,49739,49724,49670,49725,49783,49742
6516,49744,49761,49703,49702,49739,49724,49670,49725,49783,49742
6517,49744,49761,49703,49702,49739,49724,49670,49725,49783,49742
6518,49744,49761,49703,49702,49739,49724,49670,49725,49783,49742
6519,49744,49761,49703,49702,49739,49724,49670,49725,49783,49742
6520,49744,49761,49703,49702,49739,49724,49670,49725,49783,49742
6521,49744,49761,49703,49702,49739,49724,49670,49725,49783,49742
6522,49744,49761,49703,49702,49739,49724,49670,49725,49783,49742
6523,49744,49761,49703,49702,49739,49724,49670,49725,49783,49742
6524,49744,49761,49703,49702,49739,49724,49670,49725,49783,49742
6525,49744,49761,49703,49702,49739,49724,49670,49725,49783,49742
6526,49744,49761,49703,49702,49739,49724,49670,49725,49783,49742
6527,49744,49761,49703,49702,49739,49724,49670,49725,49783,49742
6528,49744,49761,49703,49702,49739,49724,49670,49730,49783,49742
6529,49744,49761,49703,49702,49739,49724,49684,49730,49783,49742
6530,49744,49761,49703,49702,49739,49724,49684,49730,49783,49742
6531,49744,49761,49703,49702,49739,49724,49684,49730,49783,49742
6532,49744,49761,49703,49702,49739,49724,49684,49730,49783,49742
6533,49744,49761,49703,49702,49739,49724,49684,49730,49783,49742
6534,49744,49761,49703,49702,49739,49724,49684,49730,49783,49742
6535,49744,49761,49703,49702,49739,49724,49684,49730,49783,49742
6536,49744,49761,49703,49702,49739,49724,49684,49730,49783,49742
6537,49744,49761,49703,49702,49739,49724,49684,49730,49783,49742
6538,49744,49761,49703,49702,49739,49724,49684,49730,49783,49742
6539,49744,49761,49703,49702,49739,49724,49684,49730,49783,49742
6540,49744,49761,49703,49702,49739,49724,49684,49730,49783,49742
6541,49744,49761,49703,49702,49739,49724,49684,49730,49783,49742
6542,49744,49761,49703,49702,49739,49724,49684,49730,49783,49742
6543,49744,49761,49703,49702,49739,49724,49684,49730,49783,49742
6544,49744,49761,49703,49702,49739,49724,49684,49730,49783,49742
6545,49744,49763,49703,49702,49739,49724,49684,49730,49783,49742
6546,49744,49763,49703,49702,49739,49724,49684,49730,49783,49742
6547,49744,49763,49703,49702,49739,49724,49684,49730,49783,49742
6548,49744,49765,49703,49702,49739,49724,49684,49730,49783,49742
6549,49744,49765,49703,49702,49739,49724,49684,49730,49783,49764
6550,49744,49765,49703,49702,49739,49724,49684,49730,49783,49764
6551,49744,49765,49703,49702,49739,49724,49684,49730,49783,49764
6552,49744,49765,49703,49702,49739,49724,49684,49730,49783,49764
6553,49744,49765,49703,49702,49739,49724,49684,49730,49783,49764
6554,49744,49765,49703,49702,49739,49724,49684,49730,49783,49764
6555,49744,49765,49703,49702,49739,49724,49684,49730,49783,49764
6556,49744,49765,49703,49702,49739,49724,49684,49730,49783,49764
6557,49744,49765,49703,49702,49739,49724,49684,49730,49783,49764
6558,49744,49765,49703,49702,49739,49724,49684,49730,49783,49764
6559,49744,49765,49703,49702,49739,49724,49684,49730,49783,49764
6560,49744,49765,49703,49702,49739,49724,49684,49730,49783,49764
6561,49744,49765,49703,49702,49739,49724,49684,49730,49783,49764
6562,49744,49765,49703,49702,49739,49724,49684,49730,49783,49764
6563,49744,49765,49703,49702,49739,49724,49684,49730,49783,49764
6564,49744,49765,49703,49702,49739,49724,49684,49730,49783,49764
6565,49744,49765,49703,49702,49739,49724,49684,49730,49783,49764
6566,49744,49765,49703,49702,49739,49724,49684,49735,49783,49764
6567,49744,49765,49703,49702,49739,49724,49684,49735,49783,49764
6568,49744,49765,49703,49702,49739,49724,49684,49735,49783,49764
6569,49744,49765,49703,49702,49739,49724,49684,49735,49783,49764
6570,49744,49765,49703,49702,49739,49724,49684,49735,49783,49764
6571,49744,49765,49703,49702,49739,49724,49684,49735,49783,49764
6572,49744,49765,49703,49702,49739,49724,49684,49735,49783,49764
6573,49744,49765,49703,49702,49739,49724,49684,49735,49783,49764
6574,49744,49765,49703,49702,49739,49724,49684,49735,49783,49764
6575,49744,49765,49703,49702,49739,49724,49684,49735,49783,49764
6576,49744,49765,49703,49702,49739,49724,49684,49735,49783,49764
6577,49744,49765,49703,49702,49739,49724,49684,49735,49783,49764
6578,49744,49765,49703,49702,49739,49724,49684,49735,49783,49764
6579,49744,49765,49703,49702,49739,49724,49684,49735,49783,49764
6580,49744,49765,49703,49702,49739,49724,49684,49735,49783,49764
6581,49744,49765,49703,49702,49739,49724,49684,49735,49783,49764
6582,49744,49765,49703,49702,49739,49724,49684,49735,49783,49764
6583,49744,49765,49703,49702,49739,49724,49684,49735,49783,49764
6584,49744,49765,49703,49702,49739,49724,49684,49735,49783,49764
6585,49744,49765,49703,49702,49739,49724,49684,49735,49783,49764
6586,49744,49765,49703,49702,49739,49724,49684,49735,49783,49764
6587,49744,49765,49703,49702,49739,49724,49684,49735,49783,49764
6588,49744,49765,49703,49702,49739,49724,49684,49735,49783,49764
6589,49744,49765,49703,49702,49739,49724,49684,49735,49783,49764
6590,49744,49765,49703,49702,49739,49724,49684,49735,49783,49764
6591,49744,49765,49703,49702,49739,49724,49684,49735,49783,49764
6592,49744,49765,49703,49702,49739,49724,49684,49735,49783,49764
6593,49744,49765,49703,49702,49739,49724,49684,49735,49783,49764
6594,49744,49765,49703,49702,49739,49724,49684,49735,49783,49764
6595,49744,49765,49703,49702,49739,49724,49684,49735,49783,49764
6596,49744,49765,49703,49702,49739,49724,49684,49735,49783,49764
6597,49744,49765,49703,49702,49739,49724,49684,49735,49783,49764
6598,49744,49765,49703,49702,49739,49724,49684,49735,49783,49764
6599,49744,49765,49703,49702,49739,49724,49684,49735,49783,49764
6600,49744,49765,49703,49702,49739,49724,49684,49735,49783,49764
6601,49744,49765,49703,49702,49739,49724,49684,49735,49783,49764
6602,49744,49765,49703,49702,49739,49724,49684,49735,49783,49764
6603,49744,49765,49703,49702,49739,49724,49684,49735,49783,49764
6604,49744,49765,49703,49702,49739,49724,49684,49735,49783,49764
6605,49744,49765,49703,49702,49739,49724,49684,49735,49783,49764
6606,49744,49765,49703,49702,49739,49724,49684,49735,49783,49764
6607,49744,49765,49703,49702,49739,49724,49684,49735,49783,49764
6608,49744,49765,49703,49702,49739,49724,49684,49735,49783,49764
6609,49744,49765,49703,49702,49739,49724,49684,49735,49783,49764
6610,49744,49765,49703,49702,49739,49724,49684,49735,49783,49764
6611,49744,49765,49703,49702,49739,49724,49684,49735,49783,49764
6612,49744,49765,49703,49702,49739,49724,49684,49735,49783,49764
6613,49744,49765,49703,49702,49739,49724,49684,49735,49783,49764
6614,49744,49765,49703,49702,49739,49724,49684,49735,49783,49764
6615,49744,49765,49703,49702,49739,49724,49684,49735,49783,49764
6616,49744,49765,49703,49702,49739,49724,49684,49735,49783,49764
6617,49744,49765,49703,49702,49739,49724,49684,49735,49783,49764
6618,49744,49765,49703,49702,49739,49724,49684,49735,49783,49764
6619,49744,49765,49703,49702,49739,49724,49684,49752,49783,49764
6620,49744,49765,49703,49702,49739,49724,49684,49752,49783,49764
6621,49744,49765,49703,49702,49739,49724,49684,49752,49783,49764
6622,49744,49765,49703,49702,49739,49724,49684,49752,49783,49764
6623,49744,49765,49703,49702,49739,49724,49684,49752,49783,49764
6624,49744,49765,49703,49702,49739,49724,49684,49773,49783,49764
6625,49744,49765,49703,49702,49739,49730,49684,49773,49783,49764
6626,49744,49765,49703,49702,49739,49730,49684,49773,49783,49764
6627,49744,49765,49703,49702,49739,49730,49684,49773,49783,49764
6628,49744,49765,49703,49702,49739,49730,49684,49773,49783,49764
6629,49744,49771,49703,49702,49739,49730,49684,49773,49783,49764
6630,49744,49771,49703,49702,49739,49730,49684,49773,49783,49764
6631,49744,49771,49703,49702,49739,49730,49684,49773,49783,49764
6632,49744,49771,49703,49702,49739,49730,49684,49773,49783,49764
6633,49744,49771,49703,49702,49739,49730,49684,49773,49783,49764
6634,49744,49771,49703,49702,49739,49730,49684,49773,49783,49764
6635,49744,49771,49703,49702,49739,49730,49684,49773,49783,49764
6636,49744,49771,49703,49702,49739,49730,49684,49773,49783,49764
6637,49744,49771,49703,49702,49739,49730,49684,49773,49783,49764
6638,49744,49771,49703,49702,49739,49730,49684,49773,49783,49764
6639,49744,49771,49703,49702,49739,49730,49684,49773,49783,49764
6640,49744,49771,49703,49702,49739,49730,49684,49773,49783,49764
6641,49744,49771,49703,49702,49739,49730,49684,49773,49783,49764
6642,49744,49771,49703,49702,49739,49730,49684,49773,49783,49764
6643,49744,49771,49703,49702,49739,49730,49684,49773,49783,49764
6644,49744,49771,49703,49702,49739,49730,49684,49773,49790,49764
6645,49744,49771,49703,49702,49739,49730,49684,49773,49790,49764
6646,49744,49771,49703,49702,49739,49730,49684,49773,49790,49764
6647,49744,49771,49703,49702,49739,49730,49684,49773,49790,49764
6648,49744,49771,49703,49702,49739,49730,49684,49773,49790,49764
6649,49744,49771,49703,49702,49739,49730,49684,49773,49790,49764
6650,49744,49771,49703,49702,49739,49730,49684,49773,49790,49764
6651,49744,49771,49703,49702,49739,49730,49684,49773,49790,49764
6652,49744,49771,49703,49702,49739,49730,49684,49773,49790,49764
6653,49744,49771,49703,49702,49739,49730,49684,49773,49790,49764
6654,49744,49771,49703,49702,49739,49730,49684,49773,49790,49764
6655,49744,49771,49703,49702,49739,49730,49684,49773,49790,49764
6656,49744,49771,49703,49702,49739,49730,49684,49773,49790,49764
6657,49744,49771,49703,49702,49739,49730,49684,49773,49790,49764
6658,49744,49771,49703,49702,49739,49730,49684,49773,49790,49764
6659,49744,49771,49703,49702,49739,49730,49684,49773,49790,49764
6660,49744,49771,49703,49702,49739,49730,49684,49773,49790,49764
6661,49744,49771,49703,49702,49739,49730,49684,49773,49790,49764
6662,49744,49771,49703,49702,49739,49730,49684,49773,49790,49764
6663,49744,49771,49703,49702,49739,49730,49684,49773,49790,49764
6664,49744,49771,49703,49702,49739,49730,49684,49773,49790,49764
6665,49744,49771,49703,49702,49739,49730,49684,49773,49790,49764
6666,49744,49771,49703,49702,49739,49730,49684,49773,49790,49764
6667,49744,49771,49703,49702,49739,49730,49684,49773,49790,49764
6668,49744,49771,49703,49702,49739,49730,49684,49773,49790,49764
6669,49744,49771,49703,49702,49739,49730,49684,49773,49790,49764
6670,49744,49771,49703,49702,49739,49730,49684,49773,49790,49764
6671,49744,49771,49703,49702,49739,49730,49684,49773,49790,49764
6672,49744,49771,49703,49702,49739,49730,49684,49773,49790,49764
6673,49744,49771,49703,49702,49739,49730,49684,49773,49799,49764
6674,49744,49771,49703,49702,49739,49730,49684,49773,49799,49764
6675,49744,49771,49703,49702,49739,49730,49684,49773,49799,49764
6676,49744,49771,49703,49702,49739,49730,49684,49773,49799,49764
6677,49744,49771,49703,49702,49739,49730,49684,49773,49799,49764
6678,49744,49771,49703,49702,49739,49730,49684,49773,49799,49764
6679,49744,49771,49703,49702,49739,49730,49684,49773,49799,49764
6680,49744,49771,49703,49702,49739,49730,49684,49773,49799,49764
6681,49744,49771,49703,49702,49739,49730,49684,49773,49799,49764
6682,49744,49771,49708,49702,49739,49730,49684,49773,49799,49764
6683,49744,49771,49708,49702,49739,49730,49684,49773,49799,49764
6684,49744,49771,49708,49702,49739,49730,49684,49773,49799,49764
6685,49744,49771,49708,49702,49739,49730,49684,49773,49799,49764
6686,49744,49771,49708,49702,49739,49730,49684,49773,49799,49764
6687,49744,49771,49708,49702,49739,49730,49684,49773,49799,49764
6688,49744,49771,49708,49702,49739,49730,49684,49773,49799,49764
6689,49744,49771,49708,49702,49739,49730,49684,49773,49799,49764
6690,49744,49771,49708,49702,49739,49730,49684,49773,49799,49764
6691,49744,49771,49708,49702,49739,49730,49684,49773,49799,49764
6692,49744,49771,49708,49702,49739,49730,49684,49773,49799,49764
6693,49744,49771,49708,49702,49739,49730,49684,49773,49799,49764
6694,49744,49771,49708,49702,49739,49730,49684,49773,49799,49764
6695,49744,49771,49708,49702,49739,49730,49684,49773,49799,49764
6696,49744,49771,49708,49702,49739,49730,49684,49773,49799,49764
6697,49744,49771,49708,49702,49739,49730,49684,49773,49799,49764
6698,49744,49771,49708,49702,49739,49730,49684,49773,49799,49764
6699,49744,49771,49708,49702,49739,49730,49684,49773,49799,49764
6700,49744,49771,49708,49702,49739,49730,49684,49773,49799,49764
6701,49744,49771,49708,49702,49739,49730,49684,49773,49799,49764
6702,49744,49771,49708,49702,49739,49730,49684,49773,49799,49764
6703,49744,49771,49708,49702,49739,49730,49684,49773,49799,49764
6704,49744,49771,49708,49702,49739,49730,49684,49773,49799,49764
6705,49744,49771,49708,49702,49739,49730,49684,49773,49799,49764
6706,49744,49771,49708,49702,49739,49730,49684,49773,49799,49764
6707,49744,49771,49708,49702,49739,49730,49684,49773,49799,49764
6708,49744,49771,49708,49702,49739,49730,49684,49773,49799,49764
6709,49744,49771,49708,49702,49739,49730,49684,49773,49799,49764
6710,49744,49771,49708,49702,49739,49730,49684,49773,49799,49764
6711,49744,49771,49708,49702,49739,49730,49684,49773,49799,49764
6712,49744,49771,49708,49702,49739,49730,49684,49773,49799,49764
6713,49744,49771,49708,49702,49739,49730,49684,49773,49799,49764
6714,49744,49771,49708,49702,49739,49730,49684,49773,49799,49764
6715,49744,49771,49708,49702,49739,49730,49684,49773,49799,49764
6716,49744,49771,49708,49702,49739,49730,49684,49773,49799,49764
6717,49744,49771,49708,49702,49739,49730,49684,49773,49799,49764
6718,49744,49771,49708,49702,49739,49730,49684,49773,49799,49764
6719,49744,49771,49708,49702,49739,49730,49684,49773,49799,49764
6720,49744,49771,49708,49702,49739,49730,49684,49773,49799,49764
6721,49744,49771,49708,49702,49739,49730,49684,49773,49799,49764
6722,49744,49771,49708,49702,49739,49730,49684,49773,49799,49764
6723,49744,49771,49708,49702,49739,49730,49684,49773,49799,49764
6724,49744,49771,49708,49702,49739,49730,49684,49773,49799,49764
6725,49744,49771,49708,49702,49739,49730,49684,49773,49799,49764
6726,49744,49771,49708,49702,49739,49730,49684,49773,49799,49764
6727,49744,49771,49708,49702,49739,49730,49684,49773,49799,49764
6728,49744,49771,49708,49702,49739,49730,49684,49773,49799,49764
6729,49744,49771,49708,49711,49739,49730,49684,49773,49799,49764
6730,49744,49771,49708,49711,49739,49730,49684,49773,49799,49764
6731,49744,49771,49708,49711,49739,49730,49684,49773,49799,49764
6732,49744,49771,49708,49711,49739,49730,49684,49773,49799,49764
6733,49744,49771,49708,49711,49739,49730,49684,49773,49799,49764
6734,49744,49771,49708,49711,49739,49730,49684,49773,49799,49764
6735,49744,49771,49708,49711,49739,49730,49684,49773,49799,49764
6736,49744,49771,49708,49711,49739,49730,49684,49773,49799,49764
6737,49744,49771,49708,49711,49739,49730,49684,49773,49799,49764
6738,49744,49771,49708,49711,49739,49730,49684,49773,49799,49764
6739,49744,49771,49708,49711,49739,49730,49684,49773,49799,49764
6740,49744,49771,49708,49711,49739,49730,49684,49773,49799,49764
6741,49744,49771,49708,49711,49739,49730,49684,49773,49799,49764
6742,49744,49771,49708,49711,49739,49730,49684,49773,49799,49764
6743,49744,49771,49708,49711,49739,49730,49684,49773,49799,49764
6744,49744,49771,49708,49711,49739,49730,49684,49773,49799,49764
6745,49744,49771,49708,49711,49739,49730,49684,49773,49799,49764
6746,49744,49771,49708,49711,49739,49730,49684,49773,49799,49764
6747,49744,49771,49708,49711,49739,49730,49684,49773,49799,49764
6748,49744,49781,49708,49711,49739,49730,49684,49773,49799,49764
6749,49744,49781,49708,49711,49739,49730,49684,49773,49799,49764
6750,49744,49781,49708,49711,49739,49730,49684,49773,49799,49764
6751,49744,49781,49708,49711,49739,49730,49684,49773,49799,49764
6752,49744,49781,49708,49711,49739,49730,49684,49773,49799,49764
6753,49744,49781,49708,49711,49739,49730,49684,49773,49799,49764
6754,49744,49781,49708,49711,49739,49730,49684,49773,49799,49764
6755,49744,49781,49708,49711,49739,49730,49684,49773,49799,49764
6756,49744,49781,49708,49711,49739,49730,49684,49773,49799,49764
6757,49744,49781,49708,49711,49739,49730,49684,49773,49799,49764
6758,49744,49781,49708,49711,49739,49730,49684,49773,49799,49764
6759,49744,49781,49708,49711,49739,49730,49684,49773,49799,49764
6760,49744,49781,49708,49711,49739,49730,49684,49773,49799,49770
6761,49744,49781,49708,49711,49739,49730,49684,49773,49799,49770
6762,49744,49781,49708,49713,49739,49730,49684,49773,49799,49770
6763,49744,49781,49708,49713,49739,49730,49684,49773,49799,49770
6764,49744,49781,49708,49713,49739,49730,49684,49773,49799,49770
6765,49744,49781,49708,49713,49739,49730,49684,49773,49799,49770
6766,49744,49781,49708,49713,49739,49730,49684,49773,49799,49770
6767,49744,49781,49708,49713,49739,49730,49684,49773,49799,49770
6768,49744,49781,49708,49713,49739,49730,49684,49773,49799,49770
6769,49744,49781,49708,49713,49739,49730,49684,49773,49799,49770
6770,49744,49781,49723,49713,49739,49730,49684,49773,49799,49770
6771,49744,49781,49723,49713,49739,49730,49684,49773,49799,49770
6772,49744,49781,49723,49713,49739,49730,49684,49773,49799,49770
6773,49744,49781,49723,49713,49739,49730,49684,49773,49799,49770
6774,49744,49781,49723,49713,49739,49730,49684,49773,49799,49770
6775,49744,49781,49723,49713,49739,49730,49684,49773,49799,49770
6776,49744,49781,49723,49713,49739,49730,49684,49773,49799,49770
6777,49744,49781,49723,49713,49739,49730,49684,49773,49799,49770
6778,49744,49781,49723,49713,49739,49730,49684,49773,49799,49770
6779,49744,49781,49723,49713,49739,49730,49684,49773,49799,49770
6780,49744,49781,49723,49713,49739,49730,49684,49773,49799,49770
6781,49744,49781,49723,49713,49739,49730,49684,49773,49799,49770
6782,49744,49781,49723,49713,49739,49730,49684,49773,49799,49770
6783,49744,49781,49723,49713,49739,49730,49684,49773,49799,49770
6784,49744,49781,49723,49713,49739,49730,49684,49773,49799,49770
6785,49744,49781,49723,49713,49739,49730,49684,49773,49799,49770
6786,49744,49781,49723,49713,49739,49730,49684,49773,49799,49770
6787,49744,49781,49723,49713,49739,49730,49684,49773,49799,49770
6788,49744,49781,49723,49713,49739,49730,49684,49773,49799,49770
6789,49744,49781,49723,49713,49739,49730,49684,49773,49799,49770
6790,49744,49781,49723,49713,49739,49730,49684,49773,49799,49770
6791,49744,49781,49723,49713,49739,49730,49684,49773,49799,49770
6792,49744,49781,49723,49713,49739,49730,49684,49773,49799,49770
6793,49744,49781,49723,49713,49739,49730,49684,49773,49799,49770
6794,49744,49781,49723,49713,49739,49730,49684,49779,49799,49770
6795,49744,49781,49723,49713,49739,49730,49684,49779,49799,49770
6796,49744,49783,49723,49713,49739,49730,49684,49779,49799,49770
6797,49744,49783,49723,49713,49739,49730,49684,49779,49799,49770
6798,49744,49783,49723,49713,49739,49730,49684,49779,49799,49770
6799,49744,49783,49723,49713,49739,49730,49684,49779,49799,49770
6800,49744,49783,49723,49713,49739,49730,49684,49779,49799,49770
6801,49744,49783,49723,49713,49739,49730,49684,49779,49799,49770
6802,49744,49783,49723,49713,49739,49730,49684,49779,49799,49770
6803,49744,49783,49723,49713,49739,49730,49684,49779,49799,49770
6804,49744,49783,49723,49713,49739,49730,49684,49779,49799,49770
6805,49744,49783,49723,49713,49739,49730,49684,49779,49799,49770
6806,49744,49783,49723,49713,49739,49730,49684,49779,49799,49770
6807,49744,49783,49723,49713,49739,49730,49684,49779,49799,49770
6808,49744,49783,49723,49713,49739,49730,49684,49779,49799,49770
6809,49744,49783,49723,49713,49739,49731,49684,49779,49799,49770
6810,49744,49783,49723,49713,49739,49731,49684,49779,49799,49770
6811,49744,49783,49723,49713,49739,49731,49684,49779,49799,49770
6812,49744,49783,49723,49713,49739,49731,49684,49779,49799,49770
6813,49744,49783,49723,49713,49739,49731,49684,49779,49799,49770
6814,49744,49783,49723,49713,49739,49731,49684,49779,49799,49770
6815,49744,49783,49723,49713,49739,49731,49684,49779,49799,49770
6816,49744,49783,49723,49713,49739,49731,49684,49779,49799,49770
6817,49744,49783,49723,49713,49739,49731,49684,49779,49799,49770
6818,49744,49783,49723,49713,49739,49731,49684,49779,49799,49770
6819,49744,49783,49723,49713,49739,49731,49684,49779,49799,49770
6820,49744,49783,49723,49713,49739,49731,49684,49779,49799,49770
6821,49744,49783,49723,49713,49739,49731,49684,49779,49799,49770
6822,49744,49783,49723,49713,49739,49731,49684,49779,49799,49770
6823,49744,49783,49723,49713,49739,49731,49684,49779,49799,49770
6824,49744,49783,49723,49713,49739,49731,49684,49779,49799,49770
6825,49744,49783,49723,49713,49739,49731,49684,49779,49799,49770
6826,49744,49783,49723,49713,49739,49731,49684,49779,49799,49770
6827,49744,49783,49723,49713,49739,49731,49684,49779,49799,49770
6828,49744,49783,49723,49713,49739,49731,49684,49779,49799,49770
6829,49744,49783,49723,49713,49739,49731,49684,49779,49799,49770
6830,49744,49783,49723,49713,49739,49731,49684,49779,49799,49770
6831,49744,49783,49723,49713,49750,49731,49684,49779,49799,49770
6832,49744,49783,49723,49713,49750,49731,49684,49779,49799,49770
6833,49744,49783,49723,49713,49750,49731,49684,49779,49799,49770
6834,49744,49783,49723,49713,49750,49731,49684,49779,49799,49770
6835,49744,49783,49723,49713,49750,49731,49684,49779,49799,49770
6836,49744,49783,49723,49713,49750,49731,49684,49779,49799,49770
6837,49744,49783,49723,49713,49750,49731,49684,49779,49799,49770
6838,49744,49783,49723,49713,49750,49731,49684,49779,49799,49770
6839,49744,49783,49723,49713,49750,49731,49684,49779,49799,49770
6840,49744,49783,49723,49713,49750,49731,49684,49779,49799,49770
6841,49744,49783,49723,49713,49750,49731,49684,49779,49799,49770
6842,49744,49783,49723,49713,49750,49731,49684,49779,49799,49770
6843,49744,49783,49723,49713,49750,49731,49684,49779,49799,49770
6844,49744,49783,49723,49713,49750,49731,49684,49779,49799,49770
6845,49744,49783,49723,49713,49750,49731,49684,49779,49799,49770
6846,49744,49783,49723,49713,49750,49731,49684,49779,49799,49770
6847,49744,49783,49723,49713,49750,49731,49684,49779,49799,49770
6848,49744,49783,49723,49713,49750,49731,49684,49779,49799,49770
6849,49744,49783,49723,49713,49750,49731,49684,49779,49799,49770
6850,49744,49783,49723,49713,49750,49731,49684,49779,49799,49770
6851,49744,49783,49723,49713,49750,49731,49684,49779,49799,49770
6852,49744,49783,49723,49713,49750,49731,49684,49779,49799,49770
6853,49744,49783,49723,49713,49750,49731,49684,49779,49799,49770
6854,49744,49783,49723,49713,49750,49731,49684,49779,49799,49770
6855,49744,49783,49723,49713,49750,49731,49684,49779,49799,49770
6856,49744,49783,49723,49713,49750,49731,49684,49779,49799,49770
6857,49744,49783,49723,49713,49750,49731,49684,49779,49799,49770
6858,49744,49783,49723,49713,49750,49731,49684,49779,49799,49770
6859,49744,49783,49723,49713,49750,49731,49684,49779,49799,49770
6860,49744,49783,49723,49713,49750,49731,49684,49779,49799,49770
6861,49744,49783,49723,49713,49750,49731,49684,49779,49799,49770
6862,49744,49783,49723,49713,49750,49731,49684,49779,49799,49770
6863,49744,49783,49723,49713,49750,49731,49684,49779,49799,49770
6864,49744,49783,49723,49713,49750,49731,49684,49779,49799,49770
6865,49744,49783,49723,49713,49750,49731,49684,49779,49799,49770
6866,49744,49783,49723,49713,49750,49731,49684,49779,49799,49770
6867,49744,49783,49723,49713,49750,49731,49684,49779,49799,49770
6868,49744,49783,49723,49713,49750,49731,49684,49779,49799,49770
6869,49744,49783,49723,49713,49750,49731,49684,49779,49799,49770
6870,49744,49783,49723,49713,49750,49731,49684,49779,49799,49770
6871,49744,49783,49723,49713,49750,49731,49684,49779,49799,49770
6872,49744,49783,49723,49713,49750,49731,49684,49779,49799,49770
6873,49744,49783,49723,49713,49750,49731,49684,49779,49799,49770
6874,49744,49783,49723,49713,49750,49731,49684,49779,49799,49770
6875,49744,49783,49723,49713,49750,49731,49684,49779,49799,49770
6876,49744,49783,49723,49713,49750,49731,49684,49779,49799,49770
6877,49744,49783,49723,49713,49750,49731,49684,49779,49799,49770
6878,49744,49783,49723,49713,49750,49731,49684,49779,49799,49770
6879,49744,49783,49723,49713,49750,49731,49684,49779,49799,49770
6880,49744,49783,49723,49713,49750,49731,49684,49779,49799,49770
6881,49744,49783,49723,49713,49750,49731,49686,49779,49799,49770
6882,49744,49783,49723,49713,49750,49731,49686,49779,49799,49770
6883,49744,49783,49723,49713,49750,49731,49686,49779,49799,49770
6884,49744,49783,49723,49713,49750,49731,49686,49779,49799,49770
6885,49744,49783,49723,49713,49750,49731,49686,49783,49799,49770
6886,49744,49783,49723,49713,49750,49731,49686,49783,49799,49770
6887,49744,49783,49723,49713,49750,49731,49686,49783,49799,49770
6888,49744,49783,49723,49713,49750,49731,49686,49783,49799,49770
6889,49744,49783,49723,49713,49750,49731,49686,49783,49799,49770
6890,49744,49783,49723,49713,49750,49731,49686,49783,49799,49770
6891,49744,49783,49729,49713,49750,49731,49686,49783,49799,49770
6892,49744,49783,49729,49713,49750,49731,49686,49783,49799,49770
6893,49744,49783,49729,49713,49750,49731,49686,49783,49799,49770
6894,49744,49783,49729,49713,49750,49731,49686,49802,49799,49770
6895,49744,49783,49729,49713,49750,49731,49686,49802,49799,49770
6896,49744,49783,49729,49713,49750,49731,49686,49802,49799,49770
6897,49744,49783,49729,49713,49750,49731,49686,49802,49799,49770
6898,49744,49783,49729,49713,49750,49731,49686,49802,49799,49770
6899,49744,49783,49729,49713,49750,49731,49686,49802,49799,49770
6900,49744,49783,49729,49713,49750,49731,49686,49802,49799,49770
6901,49744,49783,49729,49713,49750,49731,49686,49802,49799,49770
6902,49744,49783,49729,49713,49750,49731,49686,49802,49799,49770
6903,49744,49783,49729,49713,49750,49731,49686,49802,49799,49770
6904,49744,49783,49729,49713,49750,49731,49686,49802,49799,49770
6905,49744,49783,49729,49713,49750,49731,49686,49802,49799,49770
6906,49744,49783,49729,49713,49750,49731,49686,49802,49799,49770
6907,49744,49783,49729,49713,49750,49731,49705,49802,49799,49770
6908,49744,49783,49729,49713,49750,49731,49705,49802,49799,49770
6909,49744,49783,49729,49713,49750,49731,49705,49802,49799,49770
6910,49744,49783,49729,49713,49750,49731,49718,49802,49799,49770
6911,49744,49783,49729,49713,49750,49731,49718,49802,49799,49770
6912,49744,49783,49729,49713,49750,49731,49718,49802,49799,49770
6913,49744,49783,49729,49713,49750,49731,49718,49802,49799,49770
6914,49744,49783,49729,49713,49750,49731,49718,49802,49799,49770
6915,49744,49783,49729,49713,49750,49731,49718,49802,49799,49770
6916,49744,49783,49729,49713,49750,49731,49718,49802,49799,49770
6917,49744,49783,49729,49713,49750,49731,49718,49802,49799,49770
6918,49744,49783,49729,49713,49750,49731,49718,49802,49799,49770
6919,49744,49783,49729,49713,49750,49731,49718,49802,49799,49770
6920,49744,49783,49729,49713,49750,49731,49718,49802,49799,49770
6921,49744,49783,49729,49719,49750,49731,49718,49802,49807,49770
6922,49744,49783,49729,49719,49750,49731,49718,49802,49807,49770
6923,49744,49783,49729,49719,49750,49731,49718,49802,49807,49770
6924,49744,49783,49729,49719,49750,49731,49718,49802,49807,49770
6925,49744,49783,49729,49719,49750,49731,49718,49802,49807,49770
6926,49744,49783,49729,49719,49750,49731,49718,49802,49807,49770
6927,49744,49783,49729,49719,49750,49731,49718,49802,49807,49770
6928,49744,49783,49729,49719,49750,49731,49718,49802,49807,49770
6929,49744,49783,49729,49719,49750,49731,49718,49802,49807,49770
6930,49744,49783,49729,49719,49750,49731,49718,49802,49807,49770
6931,49744,49783,49729,49719,49750,49731,49718,49802,49807,49770
6932,49744,49783,49729,49719,49750,49731,49718,49802,49807,49770
6933,49744,49783,49729,49719,49750,49731,49718,49802,49807,49770
6934,49744,49783,49729,49719,49750,49731,49718,49802,49807,49770
6935,49744,49783,49729,49719,49750,49731,49718,49802,49807,49770
6936,49744,49783,49729,49719,49750,49731,49718,49802,49807,49770
6937,49744,49783,49729,49719,49750,49731,49718,49802,49807,49770
6938,49744,49783,49729,49719,49750,49731,49718,49802,49807,49770
6939,49744,49783,49729,49719,49750,49731,49718,49802,49807,49770
6940,49744,49783,49729,49719,49750,49731,49718,49802,49807,49770
6941,49744,49783,49729,49719,49750,49731,49718,49802,49807,49770
6942,49744,49783,49729,49719,49750,49731,49718,49802,49807,49770
6943,49744,49783,49729,49719,49750,49731,49718,49802,49807,49770
6944,49744,49783,49729,49719,49750,49731,49718,49802,49807,49770
6945,49744,49783,49729,49719,49750,49731,49718,49802,49807,49770
6946,49744,49783,49729,49719,49750,49731,49718,49802,49807,49770
6947,49744,49783,49729,49719,49750,49731,49718,49802,49807,49770
6948,49744,49783,49729,49719,49750,49731,49718,49802,49807,49770
6949,49744,49783,49729,49719,49750,49731,49718,49802,49807,49770
6950,49744,49783,49729,49719,49750,49731,49718,49802,49807,49770
6951,49744,49783,49729,49719,49750,49731,49718,49802,49807,49770
6952,49744,49783,49729,49719,49750,49731,49718,49802,49807,49770
6953,49744,49783,49729,49719,49750,49731,49718,49802,49807,49770
6954,49744,49783,49729,49719,49750,49731,49718,49802,49807,49770
6955,49744,49783,49729,49719,49750,49731,49718,49802,49807,49770
6956,49744,49783,49729,49719,49750,49731,49718,49802,49807,49770
6957,49744,49783,49729,49719,49750,49731,49718,49802,49807,49770
6958,49744,49783,49729,49719,49750,49731,49718,49802,49807,49770
6959,49744,49783,49733,49719,49750,49731,49718,49802,49807,49770
6960,49744,49783,49733,49719,49750,49731,49718,49802,49807,49770
6961,49744,49783,49733,49719,49750,49731,49718,49802,49807,49770
6962,49744,49783,49733,49719,49750,49731,49718,49802,49807,49770
6963,49744,49783,49733,49719,49750,49731,49718,49802,49807,49770
6964,49744,49783,49733,49719,49750,49731,49718,49802,49807,49770
6965,49744,49783,49733,49719,49750,49731,49718,49802,49807,49770
6966,49744,49783,49750,49719,49750,49731,49718,49802,49807,49770
6967,49744,49783,49750,49719,49750,49731,49718,49802,49807,49770
6968,49744,49783,49750,49719,49750,49731,49718,49802,49807,49770
6969,49744,49783,49750,49719,49750,49731,49718,49802,49807,49770
6970,49744,49783,49750,49719,49750,49731,49718,49802,49807,49770
6971,49744,49783,49750,49719,49750,49731,49718,49802,49807,49770
6972,49744,49783,49750,49719,49750,49731,49718,49802,49807,49770
6973,49744,49783,49750,49719,49750,49731,49718,49802,49807,49770
6974,49744,49783,49750,49719,49750,49731,49718,49802,49807,49770
6975,49744,49783,49750,49719,49750,49731,49718,49802,49807,49770
6976,49744,49783,49750,49719,49750,49731,49718,49802,49807,49770
6977,49744,49783,49750,49719,49750,49731,49718,49802,49807,49770
6978,49744,49783,49750,49719,49750,49731,49718,49802,49807,49770
6979,49744,49783,49750,49719,49750,49731,49718,49802,49807,49770
6980,49744,49783,49750,49719,49750,49731,49718,49802,49807,49770
6981,49744,49783,49750,49719,49750,49731,49718,49802,49807,49770
6982,49744,49783,49750,49719,49750,49731,49718,49802,49807,49770
6983,49744,49783,49750,49719,49750,49731,49718,49802,49807,49770
6984,49744,49783,49750,49719,49750,49731,49718,49802,49807,49770
6985,49744,49783,49750,49719,49750,49731,49718,49802,49807,49770
6986,49744,49783,49750,49719,49750,49731,49718,49802,49807,49770
6987,49744,49783,49750,49719,49750,49731,49718,49802,49807,49770
6988,49744,49783,49750,49719,49750,49731,49718,49802,49807,49770
6989,49744,49783,49750,49719,49750,49731,49718,49802,49807,49770
6990,49744,49783,49750,49719,49750,49731,49718,49802,49807,49770
6991,49744,49783,49750,49719,49750,49731,49718,49802,49807,49770
6992,49744,49783,49750,49719,49750,49731,49718,49802,49807,49770
6993,49744,49783,49750,49719,49750,49731,49718,49802,49807,49770
6994,49744,49783,49750,49719,49750,49731,49718,49802,49807,49770
6995,49744,49783,49750,49719,49750,49731,49718,49802,49807,49770
6996,49744,49783,49750,49719,49750,49731,49718,49802,49807,49770
6997,49744,49783,49750,49719,49750,49731,49718,49802,49807,49770
6998,49744,49783,49750,49719,49750,49731,49718,49802,49807,49770
6999,49744,49783,49750,49719,49750,49731,49718,49802,49807,49770
7000,49744,49783,49750,49719,49750,49731,49718,49802,49807,49770
7001,49744,49783,49750,49719,49750,49731,49718,49802,49807,49770
7002,49744,49783,49750,49719,49750,49731,49718,49802,49807,49770
7003,49744,49783,49750,49719,49753,49731,49718,49802,49807,49770
7004,49744,49783,49750,49719,49753,49731,49718,49802,49807,49770
7005,49744,49783,49750,49719,49753,49731,49718,49802,49807,49770
7006,49744,49783,49750,49719,49753,49731,49718,49802,49807,49770
7007,49744,49783,49750,49719,49753,49731,49718,49802,49807,49770
7008,49744,49783,49750,49719,49753,49731,49718,49802,49807,49770
7009,49744,49783,49750,49719,49753,49731,49718,49802,49807,49770
7010,49744,49783,49750,49719,49753,49731,49718,49802,49807,49770
7011,49744,49783,49750,49726,49753,49731,49718,49802,49807,49770
7012,49744,49783,49750,49726,49753,49731,49718,49802,49807,49770
7013,49744,49783,49750,49726,49753,49731,49718,49802,49807,49770
7014,49744,49783,49750,49726,49753,49731,49718,49802,49807,49770
7015,49744,49783,49750,49726,49753,49731,49718,49802,49807,49770
7016,49744,49783,49750,49726,49753,49731,49718,49802,49807,49770
7017,49744,49783,49750,49726,49753,49731,49718,49802,49807,49770
7018,49744,49783,49750,49726,49753,49731,49718,49802,49807,49770
7019,49744,49783,49750,49726,49753,49731,49718,49802,49807,49770
7020,49744,49783,49750,49726,49753,49731,49718,49802,49807,49770
7021,49744,49783,49750,49726,49753,49731,49718,49802,49807,49770
7022,49744,49783,49750,49726,49753,49731,49718,49802,49807,49770
7023,49744,49783,49750,49726,49753,49731,49718,49802,49807,49770
7024,49744,49783,49750,49726,49753,49731,49718,49802,49807,49770
7025,49744,49783,49750,49726,49753,49731,49718,49802,49807,49770
7026,49744,49783,49750,49726,49753,49731,49718,49802,49807,49770
7027,49744,49783,49750,49726,49753,49731,49718,49802,49807,49770
7028,49744,49783,49750,49726,49753,49731,49718,49802,49807,49770
7029,49744,49784,49750,49726,49753,49731,49718,49802,49807,49770
7030,49744,49784,49750,49726,49753,49731,49718,49802,49807,49770
7031,49744,49784,49750,49726,49753,49731,49718,49802,49807,49770
7032,49744,49784,49761,49726,49753,49731,49718,49802,49807,49770
7033,49744,49784,49761,49726,49753,49731,49718,49802,49807,49770
7034,49744,49784,49761,49726,49753,49731,49718,49802,49807,49770
7035,49744,49784,49761,49726,49753,49731,49718,49802,49807,49770
7036,49744,49784,49761,49726,49753,49731,49718,49802,49807,49770
7037,49744,49784,49761,49726,49753,49731,49718,49802,49807,49770
7038,49744,49784,49761,49726,49753,49731,49718,49802,49807,49770
7039,49744,49784,49761,49726,49753,49731,49718,49802,49807,49770
7040,49744,49784,49761,49726,49753,49731,49718,49802,49807,49770
7041,49744,49784,49761,49726,49753,49731,49718,49802,49807,49770
7042,49744,49784,49761,49726,49753,49731,49718,49802,49807,49770
7043,49744,49784,49761,49726,49753,49731,49718,49802,49807,49770
7044,49744,49784,49761,49726,49753,49731,49718,49802,49807,49770
7045,49744,49784,49761,49726,49753,49731,49718,49802,49807,49770
7046,49744,49784,49761,49726,49753,49731,49718,49802,49807,49770
7047,49744,49784,49761,49726,49753,49731,49718,49802,49807,49770
7048,49744,49784,49761,49726,49753,49731,49718,49802,49807,49770
7049,49744,49784,49761,49726,49753,49731,49718,49802,49807,49770
7050,49744,49784,49761,49726,49753,49731,49718,49802,49807,49770
7051,49744,49784,49761,49726,49753,49731,49718,49802,49807,49770
7052,49744,49784,49761,49726,49753,49731,49718,49802,49807,49770
7053,49744,49784,49761,49726,49753,49731,49718,49802,49807,49770
7054,49744,49784,49761,49726,49753,49731,49718,49802,49807,49770
7055,49744,49784,49761,49726,49753,49731,49718,49802,49807,49770
7056,49744,49784,49761,49726,49753,49731,49718,49802,49807,49770
7057,49744,49784,49761,49726,49753,49731,49718,49802,49807,49770
7058,49744,49784,49761,49726,49753,49731,49718,49802,49807,49770
7059,49744,49784,49761,49726,49753,49731,49718,49802,49807,49770
7060,49744,49784,49761,49726,49753,49731,49718,49802,49807,49770
7061,49744,49784,49761,49726,49753,49731,49718,49802,49807,49770
7062,49744,49784,49761,49726,49753,49731,49718,49802,49807,49770
7063,49744,49784,49761,49726,49753,49731,49718,49802,49807,49770
7064,49744,49784,49761,49726,49753,49731,49718,49802,49807,49770
7065,49744,49784,49761,49726,49753,49731,49718,49802,49807,49770
7066,49744,49784,49761,49726,49753,49731,49718,49802,49807,49770
7067,49744,49784,49761,49726,49753,49731,49718,49802,49807,49770
7068,49744,49784,49761,49726,49753,49731,49718,49802,49807,49770
7069,49744,49784,49761,49726,49753,49731,49718,49802,49807,49770
7070,49744,49784,49761,49726,49753,49731,49718,49802,49807,49770
7071,49744,49784,49761,49726,49753,49731,49718,49802,49807,49770
7072,49744,49784,49761,49726,49753,49731,49718,49802,49807,49770
7073,49744,49784,49761,49726,49753,49731,49718,49802,49807,49770
7074,49744,49784,49761,49726,49753,49731,49718,49802,49807,49770
7075,49744,49784,49761,49726,49753,49731,49718,49802,49807,49770
7076,49744,49784,49761,49726,49753,49731,49718,49802,49807,49770
7077,49744,49784,49761,49726,49753,49731,49718,49802,49807,49770
7078,49744,49784,49761,49726,49753,49731,49718,49802,49807,49770
7079,49744,49784,49761,49726,49753,49731,49718,49802,49807,49770
7080,49744,49784,49761,49726,49753,49731,49718,49802,49807,49770
7081,49744,49784,49761,49726,49753,49731,49718,49802,49807,49770
7082,49744,49784,49761,49726,49753,49731,49718,49802,49807,49770
7083,49744,49784,49761,49726,49764,49731,49718,49802,49807,49770
7084,49744,49784,49761,49726,49764,49731,49718,49802,49807,49770
7085,49744,49784,49761,49726,49764,49731,49718,49802,49807,49770
7086,49744,49784,49761,49726,49764,49731,49718,49802,49807,49770
7087,49744,49784,49761,49726,49764,49731,49718,49802,49807,49770
7088,49744,49784,49761,49726,49764,49731,49718,49802,49807,49770
7089,49744,49784,49761,49726,49764,49731,49718,49802,49808,49770
7090,49744,49784,49761,49726,49764,49731,49718,49802,49808,49770
7091,49744,49784,49761,49726,49764,49731,49718,49802,49808,49770
7092,49744,49784,49761,49726,49764,49731,49718,49802,49808,49770
7093,49744,49784,49761,49726,49771,49731,49718,49802,49808,49770
7094,49744,49784,49761,49726,49771,49731,49718,49802,49808,49770
7095,49744,49784,49761,49726,49771,49731,49718,49802,49808,49770
7096,49744,49784,49761,49726,49771,49731,49718,49802,49808,49770
7097,49744,49784,49761,49726,49771,49731,49718,49802,49808,49770
7098,49744,49784,49761,49726,49771,49731,49718,49802,49808,49770
7099,49744,49784,49761,49726,49771,49731,49718,49802,49808,49770
7100,49744,49784,49761,49726,49771,49731,49718,49802,49808,49770
7101,49744,49784,49761,49726,49771,49731,49718,49802,49808,49770
7102,49744,49784,49761,49726,49771,49731,49718,49802,49808,49770
7103,49744,49784,49761,49726,49771,49731,49718,49802,49808,49770
7104,49744,49784,49761,49726,49771,49731,49718,49802,49808,49770
7105,49744,49784,49761,49726,49771,49731,49718,49802,49808,49770
7106,49744,49784,49761,49726,49771,49731,49718,49802,49808,49770
7107,49744,49784,49761,49726,49771,49731,49718,49802,49808,49770
7108,49744,49784,49761,49726,49771,49731,49718,49802,49808,49770
7109,49744,49784,49761,49726,49771,49731,49718,49802,49808,49770
7110,49744,49784,49761,49726,49771,49731,49718,49802,49808,49770
7111,49744,49784,49761,49726,49771,49731,49718,49802,49808,49770
7112,49744,49784,49761,49726,49771,49731,49718,49802,49808,49770
7113,49744,49784,49761,49726,49771,49731,49718,49802,49808,49770
7114,49744,49784,49761,49726,49771,49731,49718,49802,49808,49770
7115,49744,49784,49761,49726,49771,49731,49718,49802,49808,49770
7116,49744,49784,49761,49726,49771,49731,49718,49802,49808,49770
7117,49744,49784,49761,49726,49771,49731,49718,49802,49808,49770
7118,49744,49784,49761,49726,49771,49731,49718,49802,49808,49770
7119,49744,49784,49761,49726,49771,49731,49718,49802,49808,49770
7120,49744,49784,49761,49726,49771,49731,49718,49802,49808,49770
7121,49744,49784,49761,49726,49771,49731,49718,49802,49808,49770
7122,49744,49784,49761,49726,49771,49731,49718,49802,49808,49770
7123,49744,49784,49761,49726,49771,49731,49718,49802,49808,49770
7124,49744,49784,49761,49726,49771,49731,49718,49802,49808,49770
7125,49744,49784,49761,49726,49771,49731,49718,49802,49808,49770
7126,49744,49784,49761,49726,49771,49731,49718,49802,49808,49770
7127,49744,49784,49761,49726,49771,49731,49718,49802,49808,49770
7128,49744,49784,49761,49726,49771,49731,49718,49802,49808,49770
7129,49744,49784,49761,49726,49771,49731,49718,49802,49808,49770
7130,49744,49784,49761,49726,49771,49731,49718,49802,49808,49770
7131,49744,49784,49761,49726,49771,49731,49718,49802,49808,49770
7132,49744,49784,49761,49726,49786,49731,49718,49802,49808,49770
7133,49744,49784,49761,49726,49786,49731,49718,49802,49808,49770
7134,49744,49784,49761,49726,49786,49731,49718,49802,49808,49770
7135,49744,49784,49761,49726,49786,49731,49718,49802,49808,49770
7136,49744,49784,49761,49726,49786,49731,49718,49802,49808,49770
7137,49744,49784,49761,49726,49786,49731,49718,49802,49808,49770
7138,49744,49784,49761,49726,49786,49731,49718,49802,49808,49770
7139,49744,49784,49761,49726,49786,49731,49734,49802,49808,49770
7140,49744,49784,49761,49726,49786,49731,49734,49802,49808,49770
7141,49744,49784,49761,49726,49786,49731,49734,49802,49808,49770
7142,49744,49784,49761,49726,49786,49731,49734,49802,49808,49770
7143,49744,49784,49761,49726,49786,49731,49743,49802,49808,49770
7144,49744,49784,49761,49726,49786,49731,49743,49802,49808,49770
7145,49744,49784,49761,49726,49786,49731,49743,49802,49808,49770
7146,49744,49784,49761,49726,49786,49731,49743,49802,49808,49770
7147,49744,49784,49761,49726,49786,49731,49743,49802,49808,49779
7148,49744,49784,49761,49726,49786,49731,49743,49802,49808,49779
7149,49744,49784,49761,49726,49786,49731,49743,49802,49808,49779
7150,49744,49784,49761,49726,49786,49731,49743,49802,49808,49779
7151,49744,49784,49761,49726,49786,49731,49743,49802,49808,49779
7152,49744,49784,49761,49726,49786,49731,49743,49802,49808,49779
7153,49744,49784,49761,49726,49786,49731,49743,49802,49808,49779
7154,49744,49784,49761,49726,49786,49731,49743,49802,49808,49779
7155,49744,49784,49761,49726,49786,49731,49743,49802,49808,49779
7156,49744,49784,49761,49726,49786,49731,49743,49802,49808,49779
7157,49744,49784,49761,49726,49786,49731,49743,49802,49808,49779
7158,49744,49784,49761,49726,49786,49731,49743,49802,49808,49779
7159,49744,49784,49761,49726,49786,49731,49743,49802,49808,49779
7160,49744,49784,49761,49726,49786,49731,49743,49802,49808,49779
7161,49744,49784,49761,49726,49786,49731,49743,49802,49808,49779
7162,49744,49784,49761,49726,49786,49731,49743,49802,49808,49779
7163,49744,49784,49761,49726,49786,49731,49743,49802,49808,49779
7164,49744,49784,49761,49726,49786,49731,49743,49802,49808,49779
7165,49744,49784,49761,49726,49786,49731,49743,49802,49808,49779
7166,49744,49784,49761,49726,49786,49731,49743,49802,49808,49779
7167,49744,49784,49761,49726,49786,49731,49743,49802,49808,49779
7168,49744,49784,49761,49726,49786,49731,49743,49802,49808,49779
7169,49744,49784,49761,49726,49786,49731,49743,49802,49808,49779
7170,49744,49784,49761,49726,49786,49731,49743,49802,49808,49779
7171,49744,49784,49761,49726,49786,49731,49743,49802,49808,49779
7172,49744,49784,49761,49726,49786,49731,49743,49802,49808,49779
7173,49744,49784,49761,49726,49786,49731,49743,49802,49808,49779
7174,49744,49784,49761,49726,49786,49731,49743,49802,49808,49779
7175,49744,49784,49761,49726,49786,49731,49743,49802,49808,49779
7176,49744,49784,49761,49726,49786,49731,49743,49802,49808,49779
7177,49744,49784,49761,49726,49786,49731,49743,49802,49808,49779
7178,49744,49784,49761,49726,49786,49731,49743,49802,49808,49779
7179,49744,49784,49761,49726,49786,49731,49743,49802,49808,49779
7180,49744,49784,49761,49726,49786,49731,49743,49802,49808,49779
7181,49744,49784,49761,49726,49786,49731,49743,49802,49808,49779
7182,49744,49784,49761,49726,49786,49731,49743,49802,49808,49779
7183,49744,49784,49761,49726,49786,49731,49743,49802,49808,49779
7184,49744,49784,49761,49726,49786,49731,49743,49802,49808,49779
7185,49744,49784,49761,49726,49786,49731,49743,49802,49808,49779
7186,49744,49784,49761,49726,49786,49731,49743,49802,49808,49779
7187,49744,49784,49761,49726,49786,49731,49743,49802,49808,49779
7188,49744,49784,49761,49726,49786,49731,49743,49802,49808,49779
7189,49744,49784,49761,49726,49786,49731,49743,49802,49808,49779
7190,49744,49784,49761,49726,49786,49731,49743,49802,49808,49779
7191,49744,49784,49761,49726,49786,49731,49743,49802,49808,49779
7192,49744,49784,49761,49726,49786,49731,49743,49802,49808,49779
7193,49744,49784,49761,49726,49786,49731,49743,49802,49808,49779
7194,49744,49784,49761,49726,49786,49731,49743,49802,49808,49779
7195,49744,49784,49761,49726,49786,49731,49743,49802,49808,49779
7196,49744,49784,49761,49726,49786,49731,49743,49802,49808,49779
7197,49744,49784,49761,49726,49786,49731,49743,49802,49808,49779
7198,49744,49784,49761,49726,49786,49731,49743,49802,49808,49779
7199,49744,49784,49761,49726,49786,49731,49743,49802,49811,49779
7200,49744,49784,49761,49726,49786,49731,49743,49802,49811,49779
7201,49744,49784,49761,49726,49786,49731,49743,49802,49811,49779
7202,49744,49784,49761,49726,49786,49731,49743,49802,49811,49779
7203,49744,49784,49761,49726,49786,49731,49743,49802,49811,49779
7204,49744,49784,49761,49726,49786,49731,49743,49802,49811,49779
7205,49744,49784,49761,49726,49786,49731,49743,49802,49811,49779
7206,49744,49784,49761,49726,49786,49731,49743,49802,49811,49779
7207,49744,49784,49761,49726,49786,49731,49743,49802,49811,49779
7208,49744,49784,49761,49726,49786,49731,49743,49802,49811,49779
7209,49744,49784,49761,49726,49786,49731,49743,49802,49811,49779
7210,49744,49784,49761,49726,49786,49731,49743,49802,49811,49779
7211,49744,49784,49761,49726,49786,49731,49743,49802,49811,49779
7212,49744,49784,49761,49726,49786,49731,49743,49802,49811,49779
7213,49744,49784,49761,49726,49786,49731,49743,49802,49811,49779
7214,49744,49784,49761,49726,49786,49731,49743,49802,49811,49779
7215,49744,49784,49761,49726,49786,49731,49743,49802,49811,49779
7216,49744,49784,49761,49726,49786,49731,49743,49802,49811,49779
7217,49744,49784,49761,49726,49786,49731,49743,49802,49811,49779
7218,49744,49784,49761,49726,49786,49731,49743,49802,49811,49779
7219,49744,49784,49761,49726,49786,49731,49743,49802,49811,49779
7220,49744,49784,49761,49726,49786,49731,49743,49802,49811,49779
7221,49744,49784,49761,49726,49786,49731,49743,49802,49811,49779
7222,49744,49784,49761,49726,49786,49731,49743,49802,49811,49779
7223,49744,49784,49761,49726,49786,49731,49743,49802,49811,49779
7224,49744,49784,49761,49726,49786,49731,49743,49802,49811,49779
7225,49744,49784,49761,49726,49786,49731,49743,49802,49811,49779
7226,49744,49784,49761,49726,49786,49731,49743,49802,49811,49779
7227,49744,49784,49761,49726,49786,49731,49743,49802,49811,49779
7228,49744,49784,49761,49726,49786,49731,49743,49802,49811,49779
7229,49744,49784,49761,49726,49786,49731,49743,49802,49811,49779
7230,49744,49784,49761,49726,49786,49731,49743,49802,49811,49779
7231,49744,49784,49761,49726,49786,49731,49743,49802,49811,49779
7232,49744,49784,49761,49726,49786,49731,49743,49802,49811,49779
7233,49744,49784,49761,49726,49786,49731,49743,49802,49811,49779
7234,49744,49784,49761,49726,49786,49731,49743,49802,49811,49779
7235,49744,49784,49761,49726,49786,49731,49743,49802,49811,49779
7236,49744,49784,49761,49726,49786,49731,49743,49803,49811,49779
7237,49744,49784,49761,49726,49786,49731,49743,49803,49811,49779
7238,49744,49784,49761,49726,49786,49731,49743,49803,49811,49779
7239,49744,49784,49761,49726,49786,49731,49743,49803,49811,49779
7240,49744,49784,49761,49726,49786,49731,49743,49803,49811,49779
7241,49744,49784,49761,49726,49786,49731,49743,49803,49811,49779
7242,49744,49784,49761,49726,49786,49731,49743,49803,49811,49779
7243,49744,49784,49761,49726,49786,49731,49743,49803,49811,49779
7244,49744,49784,49761,49726,49786,49731,49743,49803,49811,49779
7245,49744,49784,49761,49726,49786,49731,49743,49803,49811,49779
7246,49744,49784,49761,49726,49786,49731,49743,49803,49811,49779
7247,49744,49784,49761,49726,49786,49731,49743,49803,49811,49779
7248,49744,49784,49761,49726,49786,49731,49743,49803,49811,49779
7249,49744,49784,49761,49726,49786,49731,49743,49803,49811,49779
7250,49744,49784,49761,49726,49786,49731,49743,49803,49811,49779
7251,49744,49784,49761,49726,49786,49731,49743,49803,49811,49779
7252,49744,49784,49761,49726,49786,49731,49743,49803,49811,49779
7253,49744,49784,49761,49726,49786,49731,49743,49803,49811,49779
7254,49744,49784,49761,49726,49786,49731,49743,49803,49811,49779
7255,49744,49784,49761,49726,49786,49731,49743,49803,49811,49779
7256,49744,49784,49761,49726,49786,49731,49743,49803,49811,49779
7257,49744,49784,49761,49726,49786,49731,49743,49803,49811,49779
7258,49744,49784,49761,49726,49786,49731,49743,49803,49811,49779
7259,49744,49784,49761,49726,49786,49731,49743,49803,49811,49779
7260,49744,49784,49761,49726,49786,49731,49743,49803,49811,49779
7261,49744,49784,49761,49726,49786,49731,49743,49803,49811,49779
7262,49744,49784,49761,49726,49786,49731,49743,49803,49811,49779
7263,49744,49784,49761,49726,49786,49731,49743,49803,49811,49779
7264,49744,49784,49761,49726,49786,49731,49743,49803,49811,49779
7265,49744,49784,49761,49726,49786,49731,49743,49803,49811,49779
7266,49744,49784,49761,49726,49786,49731,49743,49803,49811,49779
7267,49744,49784,49761,49726,49786,49731,49743,49803,49811,49779
7268,49744,49784,49761,49726,49786,49731,49743,49803,49811,49779
7269,49744,49784,49761,49726,49786,49731,49743,49803,49811,49779
7270,49744,49784,49761,49726,49786,49731,49743,49803,49811,49779
7271,49744,49784,49761,49726,49786,49731,49743,49803,49811,49779
7272,49744,49784,49761,49726,49786,49731,49743,49803,49811,49779
7273,49744,49784,49761,49726,49786,49731,49743,49803,49811,49779
7274,49744,49784,49761,49726,49786,49731,49743,49803,49811,49779
7275,49744,49784,49761,49726,49786,49731,49743,49803,49811,49779
7276,49744,49784,49761,49726,49786,49731,49743,49803,49811,49779
7277,49744,49784,49761,49726,49786,49731,49743,49803,49811,49779
7278,49744,49784,49761,49726,49786,49731,49743,49803,49811,49779
7279,49744,49784,49761,49726,49786,49731,49743,49803,49811,49779
7280,49744,49784,49761,49726,49786,49731,49743,49803,49811,49779
7281,49744,49784,49761,49726,49786,49731,49743,49803,49811,49779
7282,49744,49784,49761,49726,49786,49738,49743,49803,49811,49779
7283,49744,49784,49761,49726,49786,49738,49743,49803,49811,49779
7284,49744,49784,49761,49726,49786,49738,49743,49803,49811,49779
7285,49744,49784,49761,49726,49786,49738,49743,49821,49811,49779
7286,49744,49784,49761,49726,49786,49738,49743,49821,49811,49779
7287,49744,49784,49761,49726,49786,49738,49743,49821,49811,49779
7288,49744,49784,49761,49726,49786,49738,49743,49821,49811,49779
7289,49744,49784,49761,49726,49786,49738,49743,49821,49811,49779
7290,49744,49784,49761,49726,49786,49738,49743,49821,49811,49779
7291,49744,49784,49761,49726,49786,49738,49743,49821,49811,49779
7292,49744,49784,49761,49726,49786,49738,49743,49821,49811,49779
7293,49744,49784,49761,49726,49786,49738,49743,49821,49811,49779
7294,49744,49784,49761,49726,49786,49738,49743,49821,49811,49779
7295,49744,49784,49761,49726,49786,49738,49743,49821,49811,49779
7296,49744,49784,49761,49726,49786,49738,49743,49821,49811,49779
7297,49744,49784,49761,49726,49786,49738,49743,49821,49811,49779
7298,49744,49784,49761,49726,49786,49738,49743,49821,49811,49779
7299,49744,49784,49761,49726,49786,49738,49743,49821,49811,49779
7300,49744,49784,49761,49726,49786,49738,49743,49821,49811,49779
7301,49744,49784,49761,49726,49786,49738,49743,49821,49811,49779
7302,49744,49784,49761,49726,49786,49738,49743,49821,49811,49779
7303,49744,49784,49761,49726,49786,49738,49743,49821,49811,49779
7304,49744,49784,49761,49726,49786,49738,49743,49821,49811,49779
7305,49744,49784,49761,49726,49786,49738,49743,49821,49811,49779
7306,49744,49784,49761,49726,49786,49738,49743,49821,49811,49779
7307,49744,49784,49761,49726,49786,49738,49743,49821,49811,49779
7308,49744,49784,49761,49726,49786,49738,49743,49821,49811,49779
7309,49744,49784,49761,49726,49786,49738,49743,49821,49811,49779
7310,49744,49784,49761,49726,49786,49738,49743,49821,49811,49779
7311,49744,49784,49761,49726,49786,49738,49743,49821,49811,49779
7312,49744,49784,49761,49726,49786,49738,49743,49821,49811,49779
7313,49744,49784,49761,49726,49786,49738,49743,49821,49811,49779
7314,49744,49784,49761,49726,49786,49738,49743,49821,49811,49779
7315,49744,49784,49761,49726,49786,49738,49743,49821,49811,49779
7316,49744,49784,49761,49726,49786,49738,49743,49821,49811,49779
7317,49744,49784,49761,49726,49786,49738,49743,49821,49811,49779
7318,49744,49784,49761,49726,49786,49738,49743,49821,49811,49779
7319,49744,49784,49761,49726,49786,49738,49743,49821,49811,49779
7320,49744,49784,49761,49726,49786,49738,49743,49821,49811,49779
7321,49744,49784,49761,49726,49786,49738,49743,49821,49811,49779
7322,49744,49784,49761,49726,49786,49738,49743,49821,49811,49779
7323,49744,49784,49761,49726,49786,49738,49743,49821,49811,49779
7324,49744,49784,49761,49726,49786,49738,49743,49821,49811,49779
7325,49744,49784,49761,49726,49786,49738,49743,49821,49811,49779
7326,49744,49784,49761,49726,49786,49738,49743,49821,49811,49779
7327,49744,49784,49761,49726,49786,49738,49743,49821,49811,49779
7328,49744,49784,49761,49726,49786,49738,49743,49821,49811,49779
7329,49744,49784,49761,49726,49786,49738,49743,49821,49811,49779
7330,49744,49784,49761,49726,49786,49738,49743,49843,49811,49779
7331,49744,49784,49761,49726,49786,49738,49743,49843,49811,49779
7332,49744,49784,49761,49726,49786,49738,49743,49843,49811,49779
7333,49744,49784,49773,49726,49786,49738,49743,49843,49811,49779
7334,49744,49784,49773,49726,49786,49738,49743,49843,49811,49779
7335,49744,49784,49773,49726,49786,49738,49743,49843,49811,49779
7336,49744,49784,49773,49726,49786,49738,49743,49843,49811,49779
7337,49744,49784,49773,49726,49786,49738,49743,49843,49811,49779
7338,49744,49784,49773,49726,49786,49738,49743,49843,49811,49779
7339,49744,49784,49773,49726,49786,49738,49743,49843,49811,49779
7340,49744,49784,49773,49726,49786,49738,49743,49843,49811,49779
7341,49744,49784,49773,49726,49786,49738,49743,49843,49811,49779
7342,49744,49784,49773,49726,49786,49738,49743,49843,49811,49779
7343,49744,49784,49773,49726,49786,49738,49743,49843,49811,49779
7344,49744,49784,49773,49726,49786,49738,49743,49843,49811,49779
7345,49744,49784,49773,49726,49786,49738,49743,49843,49811,49779
7346,49744,49784,49773,49726,49786,49738,49743,49843,49811,49779
7347,49744,49784,49773,49726,49786,49738,49743,49843,49811,49779
7348,49744,49784,49773,49726,49786,49738,49743,49843,49811,49779
7349,49744,49795,49773,49726,49786,49738,49743,49843,49811,49779
7350,49744,49795,49773,49726,49786,49738,49743,49843,49811,49779
7351,49744,49795,49773,49726,49786,49738,49743,49843,49811,49779
7352,49744,49795,49773,49726,49786,49738,49743,49843,49811,49779
7353,49744,49795,49773,49726,49786,49738,49743,49843,49811,49779
7354,49744,49795,49773,49726,49786,49738,49743,49843,49811,49779
7355,49744,49795,49773,49726,49786,49738,49743,49843,49811,49779
7356,49744,49795,49773,49726,49786,49738,49743,49843,49811,49779
7357,49744,49795,49773,49726,49786,49738,49743,49843,49811,49779
7358,49744,49795,49773,49726,49786,49738,49743,49843,49811,49779
7359,49744,49795,49773,49726,49786,49738,49743,49843,49811,49779
7360,49744,49795,49773,49726,49786,49738,49743,49843,49811,49779
7361,49744,49795,49773,49726,49786,49738,49743,49843,49811,49779
7362,49744,49795,49773,49726,49786,49738,49743,49843,49811,49779
7363,49744,49795,49773,49726,49786,49738,49743,49843,49811,49779
7364,49744,49795,49773,49726,49786,49738,49743,49843,49811,49779
7365,49744,49795,49773,49726,49786,49738,49743,49843,49811,49779
7366,49744,49795,49773,49726,49786,49738,49743,49843,49811,49779
7367,49744,49795,49773,49726,49786,49738,49743,49843,49811,49779
7368,49744,49795,49773,49726,49786,49738,49743,49843,49811,49779
7369,49744,49795,49773,49726,49786,49738,49743,49843,49811,49779
7370,49744,49795,49773,49726,49791,49738,49743,49843,49811,49779
7371,49744,49795,49773,49726,49791,49738,49743,49843,49811,49779
7372,49744,49795,49773,49726,49791,49738,49743,49843,49811,49779
7373,49744,49795,49773,49726,49791,49738,49743,49843,49811,49779
7374,49744,49795,49773,49726,49791,49738,49743,49843,49811,49779
7375,49744,49795,49773,49726,49791,49738,49743,49843,49811,49779
7376,49744,49795,49773,49726,49791,49738,49743,49843,49811,49779
7377,49744,49795,49773,49726,49791,49738,49743,49843,49811,49779
7378,49744,49795,49773,49726,49791,49738,49743,49843,49811,49779
7379,49744,49795,49773,49726,49791,49738,49743,49843,49811,49779
7380,49744,49795,49773,49726,49791,49738,49743,49843,49811,49779
7381,49744,49795,49773,49726,49791,49738,49743,49843,49811,49779
7382,49744,49795,49773,49726,49791,49738,49743,49843,49811,49779
7383,49744,49795,49773,49726,49791,49738,49743,49843,49811,49779
7384,49744,49795,49773,49726,49791,49738,49743,49843,49811,49782
7385,49744,49795,49773,49726,49791,49738,49743,49843,49811,49782
7386,49744,49795,49773,49726,49791,49738,49743,49843,49811,49782
7387,49744,49795,49773,49726,49791,49738,49743,49843,49811,49782
7388,49744,49795,49773,49726,49791,49738,49743,49843,49811,49782
7389,49744,49795,49773,49726,49791,49738,49743,49843,49811,49782
7390,49744,49795,49773,49726,49791,49738,49743,49843,49811,49782
7391,49744,49795,49773,49726,49791,49738,49743,49843,49811,49782
7392,49744,49795,49773,49726,49814,49738,49743,49843,49811,49782
7393,49744,49795,49773,49726,49814,49738,49743,49843,49811,49782
7394,49744,49795,49773,49726,49814,49738,49743,49843,49811,49782
7395,49744,49795,49773,49726,49814,49738,49743,49843,49811,49782
7396,49744,49795,49773,49726,49814,49738,49743,49843,49811,49782
7397,49744,49795,49773,49726,49814,49738,49743,49843,49811,49782
7398,49744,49795,49773,49726,49814,49738,49743,49843,49811,49782
7399,49744,49795,49773,49726,49814,49738,49743,49843,49811,49782
7400,49744,49795,49773,49726,49814,49738,49743,49843,49811,49782
7401,49744,49795,49773,49726,49814,49738,49743,49843,49811,49782
7402,49744,49795,49773,49726,49814,49738,49743,49843,49811,49782
7403,49744,49795,49773,49726,49814,49738,49743,49843,49811,49782
7404,49744,49795,49773,49726,49814,49738,49743,49843,49811,49782
7405,49744,49795,49773,49726,49814,49738,49743,49843,49811,49782
7406,49744,49795,49773,49726,49814,49738,49743,49843,49811,49782
7407,49744,49795,49773,49726,49814,49738,49743,49843,49811,49782
7408,49744,49795,49773,49726,49814,49738,49743,49843,49811,49782
7409,49744,49795,49773,49726,49814,49738,49743,49843,49811,49782
7410,49744,49795,49773,49726,49814,49738,49743,49843,49811,49782
7411,49744,49795,49773,49726,49814,49738,49743,49843,49811,49782
7412,49744,49795,49773,49726,49814,49738,49743,49843,49811,49782
7413,49744,49795,49773,49726,49814,49738,49743,49853,49811,49782
7414,49744,49795,49773,49726,49814,49738,49743,49853,49811,49782
7415,49744,49795,49773,49726,49814,49738,49743,49853,49811,49782
7416,49744,49795,49773,49726,49814,49738,49743,49853,49811,49782
7417,49744,49795,49773,49726,49814,49738,49743,49853,49811,49782
7418,49744,49795,49773,49726,49814,49738,49743,49853,49811,49782
7419,49744,49795,49773,49726,49814,49738,49743,49853,49811,49782
7420,49744,49795,49773,49726,49814,49738,49743,49853,49811,49782
7421,49744,49795,49773,49726,49814,49738,49743,49853,49811,49782
7422,49744,49795,49773,49726,49814,49738,49743,49853,49811,49782
7423,49744,49795,49773,49726,49814,49738,49743,49853,49811,49782
7424,49744,49795,49773,49726,49814,49738,49743,49853,49811,49782
7425,49744,49795,49773,49726,49814,49738,49743,49853,49811,49782
7426,49744,49795,49773,49726,49814,49738,49743,49853,49811,49782
7427,49744,49795,49773,49726,49814,49738,49743,49853,49811,49782
7428,49744,49795,49773,49726,49814,49738,49743,49853,49811,49782
7429,49744,49795,49773,49726,49814,49738,49743,49853,49811,49782
7430,49744,49795,49773,49726,49814,49738,49743,49853,49811,49782
7431,49744,49795,49773,49726,49814,49738,49743,49853,49811,49782
7432,49744,49795,49773,49726,49814,49738,49743,49853,49811,49782
7433,49744,49795,49773,49726,49814,49738,49743,49853,49811,49782
7434,49744,49795,49773,49726,49814,49738,49743,49853,49811,49782
7435,49744,49795,49773,49726,49814,49738,49743,49853,49811,49782
7436,49744,49795,49773,49726,49814,49738,49743,49853,49819,49782
7437,49744,49795,49773,49726,49814,49738,49743,49853,49819,49782
7438,49744,49795,49773,49726,49814,49738,49743,49853,49819,49782
7439,49744,49795,49773,49726,49814,49738,49743,49853,49819,49782
7440,49744,49795,49773,49726,49814,49738,49743,49853,49819,49782
7441,49744,49795,49773,49726,49814,49738,49743,49853,49819,49782
7442,49744,49795,49773,49726,49814,49738,49743,49853,49819,49782
7443,49744,49795,49773,49726,49814,49738,49743,49853,49819,49782
7444,49744,49795,49773,49726,49814,49738,49743,49853,49819,49782
7445,49744,49795,49773,49726,49814,49738,49743,49853,49819,49782
7446,49744,49795,49773,49726,49814,49738,49743,49853,49819,49782
7447,49744,49795,49773,49726,49814,49738,49743,49853,49819,49782
7448,49744,49795,49773,49726,49814,49738,49743,49853,49819,49782
7449,49744,49795,49773,49726,49814,49738,49743,49853,49819,49782
7450,49744,49795,49773,49726,49814,49738,49743,49853,49819,49782
7451,49744,49795,49773,49726,49814,49738,49743,49853,49819,49782
7452,49744,49795,49773,49726,49814,49738,49743,49853,49819,49782
7453,49744,49795,49773,49726,49814,49738,49743,49853,49819,49782
7454,49744,49795,49773,49726,49814,49738,49743,49853,49819,49782
7455,49744,49795,49773,49726,49814,49738,49743,49853,49819,49782
7456,49744,49795,49773,49726,49814,49738,49743,49853,49819,49782
7457,49744,49795,49773,49726,49814,49738,49743,49853,49819,49782
7458,49744,49795,49773,49726,49814,49738,49743,49853,49819,49782
7459,49744,49795,49773,49726,49814,49738,49743,49853,49819,49782
7460,49744,49795,49773,49726,49814,49738,49743,49853,49819,49782
7461,49744,49795,49773,49726,49814,49738,49743,49853,49819,49782
7462,49744,49795,49773,49726,49814,49738,49743,49853,49819,49782
7463,49744,49795,49773,49726,49814,49738,49743,49853,49819,49782
7464,49744,49795,49773,49726,49814,49738,49743,49853,49819,49782
7465,49744,49795,49773,49726,49814,49738,49743,49853,49819,49782
7466,49744,49795,49773,49726,49814,49738,49743,49853,49819,49782
7467,49744,49795,49773,49726,49814,49738,49743,49853,49819,49782
7468,49744,49795,49773,49726,49814,49738,49743,49853,49819,49782
7469,49744,49795,49773,49726,49814,49738,49743,49853,49819,49782
7470,49744,49795,49773,49726,49814,49738,49743,49853,49819,49782
7471,49744,49795,49773,49726,49814,49738,49743,49853,49819,49782
7472,49744,49795,49773,49726,49814,49738,49743,49853,49819,49782
7473,49744,49795,49773,49726,49814,49738,49743,49853,49819,49782
7474,49744,49795,49773,49726,49814,49738,49743,49853,49819,49782
7475,49744,49795,49773,49726,49814,49738,49743,49853,49819,49782
7476,49744,49795,49773,49726,49814,49738,49743,49853,49819,49782
7477,49744,49795,49773,49726,49814,49738,49743,49853,49819,49782
7478,49744,49795,49773,49726,49814,49738,49743,49853,49819,49782
7479,49744,49795,49773,49726,49814,49738,49743,49853,49819,49782
7480,49744,49795,49773,49726,49814,49738,49743,49853,49819,49782
7481,49744,49795,49773,49726,49814,49738,49743,49853,49819,49782
7482,49744,49795,49773,49726,49814,49738,49743,49853,49819,49782
7483,49744,49795,49773,49726,49814,49738,49743,49853,49819,49782
7484,49744,49795,49773,49726,49814,49738,49743,49853,49819,49782
7485,49744,49795,49773,49726,49814,49738,49743,49853,49819,49782
7486,49744,49795,49773,49726,49814,49738,49743,49853,49819,49782
7487,49744,49795,49773,49726,49814,49738,49743,49853,49819,49782
7488,49744,49795,49773,49726,49814,49738,49743,49853,49819,49782
7489,49744,49795,49773,49726,49814,49738,49743,49853,49819,49782
7490,49744,49795,49773,49726,49814,49738,49743,49853,49819,49782
7491,49744,49795,49773,49726,49814,49738,49743,49853,49819,49782
7492,49744,49795,49773,49726,49814,49738,49743,49853,49819,49782
7493,49744,49795,49773,49726,49814,49738,49743,49853,49819,49782
7494,49744,49795,49773,49726,49814,49738,49743,49853,49819,49782
7495,49744,49795,49773,49726,49814,49738,49743,49853,49819,49782
7496,49744,49795,49773,49726,49814,49738,49743,49853,49819,49782
7497,49744,49795,49773,49726,49814,49738,49743,49853,49819,49782
7498,49744,49795,49773,49726,49814,49738,49743,49853,49819,49782
7499,49744,49795,49773,49726,49814,49738,49743,49853,49819,49782
7500,49744,49795,49773,49726,49814,49738,49743,49853,49819,49782
7501,49744,49795,49773,49726,49814,49738,49743,49853,49819,49782
7502,49744,49795,49773,49726,49814,49738,49743,49853,49819,49782
7503,49744,49795,49773,49726,49814,49738,49743,49853,49819,49782
7504,49744,49795,49773,49726,49814,49738,49743,49853,49819,49782
7505,49744,49795,49773,49726,49814,49738,49743,49853,49819,49782
7506,49744,49795,49773,49726,49814,49738,49743,49853,49819,49782
7507,49744,49795,49773,49726,49814,49738,49743,49853,49819,49782
7508,49752,49795,49773,49726,49814,49738,49743,49853,49819,49782
7509,49752,49795,49773,49726,49814,49738,49743,49853,49819,49782
7510,49760,49795,49773,49726,49814,49738,49743,49853,49819,49782
7511,49760,49795,49773,49726,49814,49738,49743,49853,49819,49782
7512,49760,49795,49773,49726,49814,49738,49743,49853,49819,49782
7513,49760,49795,49773,49726,49814,49738,49743,49853,49819,49782
7514,49760,49795,49773,49726,49814,49738,49743,49853,49819,49782
7515,49760,49795,49773,49726,49814,49738,49743,49853,49819,49782
7516,49760,49795,49773,49726,49814,49738,49743,49853,49819,49782
7517,49760,49795,49773,49726,49814,49738,49743,49853,49819,49782
7518,49760,49795,49773,49726,49814,49738,49743,49853,49819,49782
7519,49760,49795,49773,49726,49814,49738,49743,49853,49819,49782
7520,49760,49795,49773,49726,49814,49738,49743,49853,49819,49782
7521,49760,49795,49773,49726,49814,49738,49743,49853,49819,49782
7522,49760,49795,49773,49726,49814,49738,49743,49853,49819,49782
7523,49760,49795,49773,49726,49814,49738,49743,49853,49819,49782
7524,49760,49795,49773,49726,49814,49738,49743,49853,49819,49782
7525,49760,49795,49773,49726,49814,49738,49743,49853,49819,49782
7526,49760,49795,49773,49726,49814,49738,49743,49853,49819,49782
7527,49760,49795,49773,49726,49814,49738,49743,49853,49819,49782
7528,49760,49795,49773,49726,49814,49738,49743,49853,49819,49782
7529,49760,49795,49773,49726,49814,49738,49743,49853,49819,49782
7530,49760,49795,49773,49726,49814,49738,49743,49853,49819,49782
7531,49760,49795,49773,49726,49814,49738,49743,49853,49819,49782
7532,49760,49795,49773,49726,49814,49738,49743,49853,49819,49782
7533,49760,49795,49773,49726,49814,49738,49743,49853,49819,49782
7534,49760,49795,49773,49726,49814,49738,49743,49853,49819,49782
7535,49760,49795,49773,49726,49814,49738,49743,49853,49819,49782
7536,49760,49795,49773,49726,49814,49738,49743,49853,49819,49782
7537,49760,49795,49773,49726,49814,49738,49743,49853,49819,49782
7538,49760,49795,49773,49726,49814,49738,49743,49853,49819,49782
7539,49760,49795,49773,49726,49814,49738,49743,49853,49819,49782
7540,49760,49795,49773,49726,49814,49738,49743,49853,49819,49782
7541,49760,49795,49773,49726,49814,49738,49743,49853,49819,49782
7542,49760,49795,49773,49726,49814,49738,49743,49853,49819,49782
7543,49760,49795,49773,49726,49814,49738,49743,49853,49819,49782
7544,49760,49795,49773,49726,49814,49738,49743,49853,49819,49782
7545,49760,49795,49773,49726,49814,49738,49743,49853,49819,49782
7546,49760,49795,49773,49726,49814,49738,49743,49853,49819,49782
7547,49760,49795,49773,49726,49814,49738,49743,49853,49819,49782
7548,49760,49795,49773,49726,49814,49738,49743,49853,49819,49782
7549,49760,49795,49773,49726,49814,49738,49743,49853,49819,49782
7550,49760,49795,49773,49726,49814,49738,49743,49853,49819,49782
7551,49760,49795,49773,49726,49814,49738,49743,49853,49819,49782
7552,49760,49795,49773,49726,49814,49738,49743,49853,49819,49782
7553,49760,49795,49773,49726,49814,49738,49743,49853,49819,49782
7554,49760,49795,49773,49726,49814,49738,49743,49853,49819,49782
7555,49760,49795,49773,49726,49814,49738,49743,49853,49819,49782
7556,49760,49795,49773,49726,49814,49738,49743,49853,49819,49782
7557,49760,49795,49773,49726,49814,49738,49743,49853,49819,49782
7558,49760,49795,49773,49726,49814,49738,49743,49853,49819,49782
7559,49760,49795,49773,49726,49814,49738,49743,49853,49819,49782
7560,49760,49795,49773,49726,49814,49738,49743,49853,49819,49782
7561,49760,49795,49773,49726,49814,49738,49743,49853,49819,49782
7562,49760,49795,49773,49726,49814,49738,49743,49853,49819,49782
7563,49760,49795,49773,49726,49814,49738,49743,49853,49819,49782
7564,49760,49795,49773,49726,49814,49738,49743,49853,49819,49782
7565,49760,49795,49773,49726,49814,49738,49743,49853,49819,49782
7566,49760,49795,49773,49726,49814,49738,49743,49853,49819,49782
7567,49760,49795,49773,49726,49814,49738,49743,49853,49819,49782
7568,49760,49795,49773,49726,49814,49738,49743,49853,49819,49782
7569,49760,49795,49773,49726,49814,49738,49743,49853,49819,49782
7570,49760,49795,49773,49726,49814,49738,49743,49853,49819,49782
7571,49760,49795,49773,49726,49814,49738,49743,49853,49819,49782
7572,49760,49795,49773,49726,49814,49738,49743,49853,49819,49782
7573,49760,49795,49773,49726,49814,49738,49743,49853,49819,49782
7574,49760,49795,49773,49726,49814,49738,49743,49853,49819,49782
7575,49760,49795,49773,49726,49814,49738,49743,49853,49819,49782
7576,49760,49795,49773,49726,49814,49738,49743,49853,49819,49782
7577,49760,49795,49773,49726,49814,49738,49743,49853,49819,49782
7578,49760,49795,49773,49726,49814,49738,49743,49853,49819,49782
7579,49760,49795,49773,49726,49814,49738,49743,49853,49819,49782
7580,49760,49795,49773,49726,49814,49738,49743,49853,49819,49782
7581,49760,49795,49773,49726,49814,49738,49743,49853,49819,49782
7582,49760,49795,49773,49726,49814,49738,49743,49853,49819,49782
7583,49760,49795,49773,49726,49814,49738,49743,49853,49819,49782
7584,49760,49795,49773,49726,49814,49738,49743,49853,49819,49782
7585,49760,49795,49773,49726,49814,49738,49743,49853,49819,49782
7586,49760,49795,49773,49726,49814,49738,49743,49853,49819,49782
7587,49760,49795,49773,49726,49814,49738,49743,49853,49819,49782
7588,49760,49795,49773,49726,49814,49738,49743,49853,49819,49782
7589,49760,49795,49773,49726,49814,49738,49743,49853,49819,49782
7590,49760,49795,49773,49726,49814,49738,49743,49853,49819,49782
7591,49760,49795,49773,49726,49814,49738,49743,49853,49819,49782
7592,49760,49795,49773,49726,49814,49738,49743,49853,49819,49782
7593,49760,49795,49773,49726,49814,49738,49743,49853,49819,49782
7594,49760,49795,49773,49726,49814,49738,49743,49853,49819,49782
7595,49760,49795,49773,49726,49814,49738,49743,49853,49819,49782
7596,49760,49795,49773,49726,49814,49738,49743,49853,49819,49782
7597,49760,49795,49773,49726,49814,49738,49743,49853,49819,49782
7598,49760,49795,49773,49726,49814,49738,49743,49853,49819,49782
7599,49760,49795,49773,49726,49814,49738,49743,49853,49819,49782
7600,49760,49795,49773,49726,49814,49738,49743,49853,49819,49782
7601,49760,49795,49773,49726,49814,49738,49743,49853,49819,49782
7602,49760,49795,49773,49726,49814,49738,49743,49853,49819,49782
7603,49760,49795,49773,49726,49814,49738,49743,49853,49819,49782
7604,49760,49795,49773,49726,49814,49738,49743,49853,49819,49782
7605,49760,49795,49773,49726,49814,49738,49743,49853,49819,49782
7606,49760,49795,49773,49726,49814,49738,49743,49853,49819,49782
7607,49760,49795,49773,49726,49814,49738,49743,49853,49819,49782
7608,49760,49795,49773,49726,49814,49738,49743,49853,49819,49782
7609,49760,49795,49773,49726,49814,49738,49743,49853,49819,49782
7610,49760,49795,49773,49726,49814,49738,49743,49853,49819,49782
7611,49760,49795,49773,49726,49814,49738,49743,49853,49819,49782
7612,49760,49795,49773,49726,49814,49738,49743,49853,49819,49782
7613,49760,49795,49773,49726,49814,49738,49743,49853,49819,49782
7614,49760,49795,49773,49726,49814,49738,49743,49853,49819,49782
7615,49760,49795,49773,49726,49814,49738,49753,49853,49819,49782
7616,49760,49795,49773,49726,49814,49738,49753,49853,49819,49782
7617,49760,49795,49773,49726,49814,49738,49753,49853,49819,49782
7618,49760,49795,49773,49726,49814,49738,49753,49853,49819,49782
7619,49760,49795,49773,49726,49814,49738,49753,49853,49819,49782
7620,49760,49795,49773,49726,49814,49738,49753,49853,49819,49782
7621,49760,49795,49773,49726,49814,49738,49753,49853,49819,49782
7622,49760,49795,49773,49726,49814,49738,49753,49853,49819,49782
7623,49760,49795,49773,49726,49814,49738,49753,49853,49819,49782
7624,49760,49795,49773,49726,49814,49738,49753,49853,49819,49782
7625,49760,49795,49773,49726,49814,49738,49753,49853,49819,49782
7626,49760,49795,49773,49726,49814,49738,49753,49853,49819,49782
7627,49760,49795,49773,49726,49814,49738,49753,49853,49819,49782
7628,49760,49795,49773,49726,49814,49738,49753,49853,49819,49784
7629,49760,49795,49773,49726,49814,49738,49753,49853,49819,49784
7630,49760,49795,49773,49726,49814,49738,49753,49853,49819,49784
7631,49760,49795,49773,49726,49814,49738,49753,49853,49819,49784
7632,49760,49795,49773,49726,49814,49738,49753,49853,49819,49784
7633,49760,49795,49773,49726,49814,49738,49753,49853,49819,49784
7634,49760,49795,49773,49726,49814,49738,49753,49853,49819,49784
7635,49760,49795,49773,49726,49814,49738,49762,49853,49819,49784
7636,49760,49795,49773,49726,49814,49738,49762,49853,49819,49784
7637,49760,49795,49773,49726,49814,49748,49762,49853,49819,49784
7638,49760,49795,49773,49726,49814,49748,49762,49853,49819,49784
7639,49760,49795,49773,49726,49814,49748,49762,49853,49819,49784
7640,49760,49795,49773,49726,49814,49748,49762,49853,49819,49784
7641,49760,49795,49773,49726,49814,49748,49762,49853,49819,49784
7642,49760,49795,49773,49726,49814,49748,49762,49853,49819,49784
7643,49760,49795,49773,49726,49814,49748,49762,49853,49819,49784
7644,49760,49795,49773,49726,49814,49748,49762,49853,49819,49784
7645,49760,49795,49773,49726,49814,49748,49762,49853,49819,49784
7646,49760,49795,49773,49726,49814,49748,49762,49853,49819,49784
7647,49760,49795,49773,49726,49814,49748,49762,49853,49819,49784
7648,49760,49795,49773,49726,49814,49748,49762,49853,49819,49784
7649,49760,49795,49773,49726,49814,49748,49762,49853,49819,49784
7650,49760,49795,49773,49726,49814,49748,49762,49853,49819,49784
7651,49760,49795,49773,49726,49814,49748,49762,49853,49819,49784
7652,49760,49795,49773,49726,49814,49748,49762,49853,49819,49784
7653,49760,49795,49773,49726,49814,49748,49762,49853,49819,49784
7654,49760,49795,49773,49726,49814,49748,49762,49853,49819,49784
7655,49760,49795,49773,49726,49814,49748,49762,49853,49819,49784
7656,49760,49795,49773,49726,49814,49748,49762,49853,49819,49784
7657,49760,49795,49773,49726,49814,49761,49762,49853,49819,49784
7658,49760,49795,49773,49726,49814,49761,49762,49853,49819,49784
7659,49760,49795,49773,49726,49814,49761,49762,49853,49819,49784
7660,49760,49795,49773,49726,49814,49761,49762,49853,49819,49784
7661,49760,49795,49773,49726,49814,49761,49762,49853,49819,49784
7662,49760,49795,49773,49726,49814,49761,49762,49853,49819,49784
7663,49760,49795,49773,49726,49814,49761,49762,49853,49829,49784
7664,49760,49795,49773,49726,49814,49761,49762,49853,49829,49784
7665,49760,49795,49773,49726,49814,49761,49762,49853,49829,49784
7666,49760,49795,49773,49726,49814,49761,49762,49853,49829,49784
7667,49760,49795,49773,49726,49814,49761,49762,49853,49829,49784
7668,49760,49795,49773,49726,49814,49761,49762,49853,49829,49784
7669,49760,49795,49773,49726,49814,49761,49762,49853,49829,49784
7670,49760,49795,49773,49726,49814,49761,49762,49853,49829,49784
7671,49760,49795,49773,49726,49814,49761,49762,49853,49829,49784
7672,49760,49795,49773,49726,49814,49761,49762,49853,49829,49784
7673,49760,49795,49773,49726,49814,49761,49762,49853,49829,49784
7674,49760,49795,49773,49726,49814,49761,49762,49853,49829,49784
7675,49760,49795,49773,49726,49814,49761,49762,49853,49829,49784
7676,49760,49795,49773,49726,49814,49761,49762,49853,49829,49784
7677,49760,49795,49773,49726,49814,49761,49762,49853,49829,49784
7678,49760,49795,49773,49726,49814,49761,49762,49853,49829,49784
7679,49760,49795,49773,49726,49814,49761,49762,49853,49829,49784
7680,49760,49795,49773,49726,49814,49761,49762,49853,49829,49784
7681,49760,49795,49773,49726,49814,49761,49762,49853,49829,49784
7682,49760,49795,49773,49726,49814,49761,49762,49853,49829,49784
7683,49760,49795,49773,49726,49814,49761,49762,49853,49829,49784
7684,49760,49795,49773,49726,49814,49761,49762,49853,49829,49784
7685,49760,49795,49773,49726,49814,49761,49762,49853,49829,49784
7686,49760,49795,49773,49726,49814,49761,49762,49853,49829,49784
7687,49760,49795,49773,49726,49814,49761,49762,49853,49829,49784
7688,49760,49795,49773,49726,49814,49761,49762,49853,49829,49784
7689,49760,49795,49773,49726,49814,49761,49762,49853,49829,49784
7690,49760,49795,49773,49726,49814,49761,49762,49853,49829,49784
7691,49760,49795,49773,49726,49814,49761,49762,49853,49829,49784
7692,49760,49795,49773,49726,49814,49761,49762,49853,49829,49784
7693,49760,49795,49773,49726,49814,49761,49762,49853,49829,49784
7694,49760,49795,49773,49726,49814,49761,49762,49853,49829,49784
7695,49760,49795,49773,49726,49814,49761,49762,49853,49829,49784
7696,49760,49795,49773,49726,49814,49761,49762,49853,49829,49784
7697,49760,49795,49773,49726,49814,49761,49762,49853,49829,49784
7698,49760,49795,49773,49726,49814,49761,49762,49853,49829,49784
7699,49760,49795,49773,49726,49814,49761,49762,49853,49829,49784
7700,49760,49795,49773,49726,49814,49761,49762,49853,49829,49784
7701,49760,49795,49773,49726,49814,49761,49762,49853,49829,49784
7702,49760,49795,49773,49726,49814,49761,49762,49853,49829,49784
7703,49760,49795,49773,49726,49814,49761,49762,49853,49829,49784
7704,49760,49795,49773,49726,49814,49761,49762,49853,49829,49784
7705,49760,49795,49773,49726,49814,49761,49762,49853,49829,49784
7706,49760,49795,49773,49726,49814,49761,49762,49853,49829,49784
7707,49760,49795,49773,49726,49814,49761,49762,49853,49829,49784
7708,49760,49795,49773,49726,49814,49761,49762,49853,49829,49784
7709,49760,49795,49773,49726,49814,49761,49762,49853,49829,49784
7710,49760,49795,49773,49726,49814,49761,49762,49853,49829,49784
7711,49760,49795,49773,49726,49814,49761,49762,49853,49829,49784
7712,49760,49795,49773,49726,49814,49761,49762,49853,49829,49784
7713,49760,49795,49773,49726,49814,49761,49762,49853,49829,49784
7714,49760,49795,49773,49726,49814,49761,49762,49853,49829,49784
7715,49760,49795,49773,49726,49814,49761,49762,49853,49829,49784
7716,49760,49795,49773,49726,49814,49761,49762,49853,49829,49784
7717,49760,49795,49773,49726,49814,49761,49762,49853,49829,49784
7718,49760,49795,49773,49726,49814,49761,49762,49853,49829,49784
7719,49760,49795,49773,49726,49814,49761,49762,49853,49829,49784
7720,49760,49795,49773,49726,49814,49761,49762,49853,49829,49784
7721,49760,49795,49773,49726,49814,49761,49762,49853,49829,49784
7722,49760,49795,49773,49726,49814,49761,49762,49853,49829,49784
7723,49773,49795,49773,49726,49814,49761,49762,49853,49829,49784
7724,49773,49795,49773,49726,49814,49761,49762,49853,49829,49784
7725,49773,49795,49773,49726,49814,49761,49762,49853,49829,49784
7726,49773,49795,49773,49726,49814,49761,49762,49853,49829,49784
7727,49773,49795,49773,49726,49814,49761,49762,49853,49829,49784
7728,49773,49795,49773,49726,49814,49761,49762,49853,49829,49784
7729,49773,49795,49773,49726,49814,49761,49762,49853,49829,49784
7730,49773,49795,49773,49726,49814,49761,49762,49853,49829,49784
7731,49773,49795,49773,49726,49814,49761,49762,49853,49829,49784
7732,49773,49795,49773,49726,49814,49761,49762,49853,49829,49784
7733,49773,49795,49773,49726,49814,49761,49762,49853,49829,49784
7734,49773,49795,49773,49726,49814,49761,49762,49853,49829,49784
7735,49773,49795,49773,49726,49814,49761,49762,49853,49829,49784
7736,49773,49795,49773,49726,49814,49761,49762,49853,49829,49784
7737,49773,49795,49773,49726,49814,49761,49762,49853,49829,49784
7738,49773,49795,49773,49726,49814,49761,49762,49853,49829,49784
7739,49773,49795,49773,49726,49814,49771,49762,49853,49829,49784
7740,49773,49795,49773,49726,49814,49771,49762,49853,49829,49784
7741,49773,49795,49773,49726,49814,49771,49762,49853,49829,49784
7742,49773,49795,49773,49726,49814,49771,49762,49853,49829,49784
7743,49773,49795,49773,49726,49814,49771,49762,49853,49829,49784
7744,49773,49795,49773,49726,49814,49771,49762,49853,49829,49784
7745,49773,49801,49773,49726,49814,49771,49762,49853,49829,49784
7746,49773,49801,49773,49726,49814,49771,49762,49853,49829,49784
7747,49773,49801,49773,49726,49814,49771,49762,49853,49829,49784
7748,49773,49801,49773,49726,49814,49771,49762,49853,49829,49784
7749,49773,49801,49773,49726,49814,49771,49762,49853,49829,49784
7750,49773,49801,49773,49726,49814,49771,49762,49853,49829,49784
7751,49773,49801,49773,49726,49814,49771,49762,49853,49829,49784
7752,49773,49801,49773,49726,49814,49771,49762,49853,49829,49784
7753,49773,49801,49773,49726,49814,49771,49762,49853,49829,49784
7754,49773,49801,49773,49726,49814,49771,49762,49853,49829,49784
7755,49773,49801,49773,49726,49814,49771,49762,49853,49829,49784
7756,49773,49801,49773,49726,49814,49771,49762,49853,49829,49784
7757,49773,49801,49773,49726,49814,49771,49762,49853,49829,49784
7758,49773,49801,49773,49726,49814,49771,49762,49853,49829,49784
7759,49773,49801,49773,49726,49814,49771,49762,49853,49829,49784
7760,49773,49801,49773,49726,49814,49771,49762,49853,49829,49784
7761,49773,49801,49773,49726,49814,49771,49762,49853,49829,49784
7762,49773,49801,49773,49726,49814,49771,49762,49853,49829,49784
7763,49773,49801,49773,49726,49824,49771,49762,49853,49829,49784
7764,49773,49801,49773,49726,49824,49771,49762,49853,49829,49784
7765,49773,49801,49773,49726,49824,49771,49762,49853,49829,49784
7766,49773,49801,49773,49726,49824,49771,49762,49853,49829,49784
7767,49773,49801,49773,49726,49824,49771,49762,49853,49829,49784
7768,49773,49801,49773,49726,49824,49771,49762,49853,49829,49784
7769,49773,49801,49773,49726,49824,49771,49762,49853,49829,49784
7770,49773,49801,49773,49726,49824,49771,49762,49853,49829,49784
7771,49773,49801,49773,49726,49824,49771,49762,49853,49829,49784
7772,49773,49801,49773,49726,49824,49771,49762,49853,49829,49784
7773,49773,49801,49773,49726,49824,49771,49762,49853,49829,49784
7774,49773,49801,49773,49726,49824,49771,49762,49853,49829,49784
7775,49773,49801,49773,49726,49824,49771,49762,49853,49829,49784
7776,49773,49801,49773,49726,49824,49771,49762,49853,49829,49784
7777,49773,49801,49773,49726,49824,49771,49762,49853,49829,49784
7778,49773,49801,49773,49726,49824,49771,49762,49853,49829,49784
7779,49773,49801,49773,49726,49824,49771,49762,49853,49829,49784
7780,49773,49801,49773,49726,49824,49771,49762,49853,49829,49784
7781,49773,49801,49773,49726,49824,49771,49762,49853,49829,49784
7782,49773,49801,49773,49726,49824,49771,49762,49853,49829,49784
7783,49773,49801,49773,49726,49824,49771,49762,49853,49829,49784
7784,49773,49801,49773,49726,49824,49771,49762,49853,49829,49784
7785,49773,49801,49773,49726,49824,49771,49762,49853,49829,49784
7786,49773,49801,49773,49726,49824,49771,49762,49853,49829,49784
7787,49773,49801,49773,49726,49824,49771,49762,49853,49829,49784
7788,49773,49801,49773,49726,49824,49771,49762,49853,49829,49784
7789,49773,49801,49773,49726,49824,49771,49762,49853,49829,49784
7790,49773,49801,49773,49726,49824,49771,49762,49853,49829,49784
7791,49773,49801,49773,49726,49824,49771,49762,49853,49829,49784
7792,49773,49801,49773,49726,49824,49771,49762,49853,49829,49784
7793,49773,49801,49773,49726,49824,49771,49762,49853,49829,49784
7794,49773,49801,49773,49726,49824,49771,49762,49853,49829,49784
7795,49773,49801,49773,49726,49824,49771,49762,49853,49829,49784
7796,49773,49801,49773,49726,49824,49771,49762,49853,49829,49784
7797,49773,49801,49773,49726,49824,49771,49762,49853,49829,49784
7798,49773,49801,49773,49726,49824,49771,49762,49853,49829,49784
7799,49773,49801,49773,49726,49824,49771,49762,49853,49829,49784
7800,49773,49801,49773,49726,49824,49771,49762,49853,49829,49784
7801,49773,49801,49773,49726,49824,49771,49762,49853,49829,49784
7802,49773,49801,49773,49726,49824,49771,49762,49853,49829,49784
7803,49773,49801,49773,49726,49824,49771,49762,49853,49829,49784
7804,49773,49801,49773,49726,49824,49771,49762,49853,49829,49784
7805,49773,49801,49773,49726,49824,49771,49762,49853,49829,49784
7806,49773,49801,49773,49726,49824,49771,49762,49853,49829,49784
7807,49773,49801,49773,49726,49824,49771,49762,49853,49829,49784
7808,49773,49801,49773,49726,49824,49771,49762,49853,49829,49784
7809,49773,49801,49773,49726,49824,49771,49762,49853,49829,49784
7810,49773,49801,49773,49726,49824,49771,49762,49853,49829,49784
7811,49773,49801,49773,49726,49824,49771,49762,49853,49829,49784
7812,49773,49801,49773,49726,49824,49771,49762,49853,49829,49784
7813,49773,49801,49773,49726,49824,49771,49762,49853,49829,49784
7814,49773,49801,49773,49726,49824,49771,49762,49853,49829,49784
7815,49773,49801,49773,49726,49824,49771,49762,49853,49829,49784
7816,49773,49801,49773,49726,49824,49771,49762,49853,49829,49784
7817,49773,49801,49773,49726,49824,49771,49762,49853,49829,49784
7818,49773,49801,49773,49726,49824,49771,49762,49853,49829,49784
7819,49773,49801,49773,49726,49824,49771,49762,49853,49829,49784
7820,49773,49801,49773,49726,49824,49771,49762,49853,49829,49784
7821,49773,49801,49773,49726,49824,49771,49762,49853,49829,49784
7822,49773,49801,49773,49726,49824,49771,49762,49853,49829,49784
7823,49773,49801,49773,49726,49824,49771,49762,49853,49829,49784
7824,49773,49801,49773,49726,49824,49771,49762,49853,49829,49784
7825,49773,49801,49773,49726,49824,49771,49762,49853,49829,49784
7826,49773,49801,49773,49726,49824,49771,49762,49853,49829,49784
7827,49773,49801,49773,49726,49824,49771,49762,49853,49829,49784
7828,49773,49801,49773,49726,49824,49771,49762,49853,49829,49784
7829,49773,49801,49773,49726,49824,49771,49762,49853,49829,49784
7830,49773,49801,49773,49726,49824,49771,49762,49853,49829,49784
7831,49773,49801,49773,49726,49824,49771,49762,49853,49829,49784
7832,49773,49801,49773,49726,49824,49771,49762,49853,49829,49784
7833,49773,49801,49773,49726,49824,49771,49762,49853,49829,49784
7834,49773,49801,49773,49726,49824,49771,49762,49853,49829,49784
7835,49773,49801,49773,49726,49824,49771,49762,49853,49829,49784
7836,49773,49801,49773,49726,49824,49771,49762,49853,49829,49784
7837,49773,49801,49773,49726,49824,49771,49762,49853,49829,49784
7838,49773,49801,49773,49726,49824,49771,49762,49853,49829,49784
7839,49773,49801,49773,49726,49824,49771,49762,49853,49829,49784
7840,49773,49801,49773,49726,49824,49771,49762,49853,49829,49784
7841,49773,49801,49773,49726,49824,49771,49762,49853,49829,49784
7842,49773,49801,49773,49726,49824,49771,49762,49853,49829,49784
7843,49773,49801,49773,49726,49824,49771,49762,49853,49829,49784
7844,49773,49801,49773,49726,49824,49771,49762,49853,49829,49784
7845,49773,49801,49773,49726,49824,49771,49762,49853,49829,49784
7846,49773,49801,49773,49726,49824,49771,49762,49853,49829,49784
7847,49773,49801,49773,49726,49824,49771,49762,49853,49829,49784
7848,49773,49801,49773,49726,49824,49771,49762,49853,49829,49784
7849,49773,49801,49773,49726,49824,49771,49762,49853,49829,49784
7850,49773,49801,49773,49726,49824,49771,49762,49853,49829,49784
7851,49773,49801,49773,49726,49824,49771,49762,49853,49829,49784
7852,49773,49801,49773,49726,49824,49771,49774,49853,49829,49784
7853,49773,49801,49773,49726,49824,49771,49774,49853,49829,49784
7854,49773,49801,49773,49726,49824,49771,49774,49853,49829,49784
7855,49773,49801,49773,49726,49824,49771,49774,49853,49829,49784
7856,49773,49801,49773,49726,49824,49771,49774,49853,49829,49784
7857,49773,49801,49773,49726,49824,49771,49774,49853,49829,49784
7858,49773,49801,49773,49726,49824,49771,49774,49853,49829,49784
7859,49773,49801,49773,49726,49824,49771,49774,49853,49829,49784
7860,49773,49801,49773,49738,49824,49771,49774,49853,49829,49784
7861,49773,49801,49773,49738,49824,49771,49774,49853,49829,49784
7862,49773,49801,49773,49738,49824,49771,49774,49853,49829,49784
7863,49773,49801,49773,49738,49824,49771,49774,49853,49829,49784
7864,49773,49804,49773,49738,49824,49771,49774,49853,49829,49784
7865,49773,49804,49773,49738,49824,49771,49774,49853,49829,49784
7866,49773,49804,49773,49738,49824,49771,49774,49853,49829,49784
7867,49773,49804,49773,49738,49824,49771,49774,49853,49829,49784
7868,49773,49804,49773,49738,49824,49771,49774,49853,49829,49784
7869,49773,49804,49773,49738,49824,49771,49774,49853,49829,49784
7870,49773,49804,49773,49738,49824,49771,49774,49853,49829,49784
7871,49773,49804,49773,49738,49824,49771,49774,49853,49829,49784
7872,49773,49804,49773,49738,49824,49780,49774,49853,49829,49784
7873,49773,49804,49773,49738,49824,49780,49774,49853,49829,49784
7874,49773,49804,49773,49738,49824,49780,49774,49853,49829,49784
7875,49773,49804,49773,49738,49824,49780,49774,49853,49829,49784
7876,49773,49804,49773,49738,49824,49780,49774,49853,49829,49784
7877,49773,49804,49773,49738,49824,49780,49774,49853,49829,49784
7878,49773,49804,49773,49738,49824,49780,49774,49853,49829,49784
7879,49773,49804,49773,49738,49824,49780,49774,49853,49829,49784
7880,49773,49804,49773,49738,49824,49780,49774,49853,49829,49784
7881,49773,49804,49773,49738,49824,49780,49774,49853,49829,49784
7882,49773,49804,49773,49738,49824,49780,49774,49853,49829,49784
7883,49773,49804,49773,49738,49824,49780,49774,49853,49829,49784
7884,49773,49804,49773,49738,49824,49780,49774,49853,49829,49784
7885,49773,49804,49773,49738,49824,49780,49774,49853,49829,49784
7886,49773,49804,49773,49738,49824,49780,49774,49853,49829,49784
7887,49773,49804,49773,49738,49824,49780,49774,49853,49829,49784
7888,49773,49804,49773,49738,49824,49780,49774,49853,49829,49784
7889,49773,49804,49773,49738,49824,49780,49774,49853,49829,49784
7890,49773,49804,49773,49738,49824,49780,49774,49853,49829,49784
7891,49773,49804,49773,49738,49824,49780,49774,49853,49844,49784
7892,49773,49804,49773,49738,49824,49780,49774,49853,49844,49784
7893,49773,49804,49773,49738,49824,49780,49774,49853,49844,49784
7894,49773,49804,49773,49738,49824,49780,49774,49853,49844,49784
7895,49773,49804,49773,49738,49824,49780,49774,49853,49844,49784
7896,49773,49804,49773,49738,49824,49780,49774,49853,49844,49784
7897,49773,49804,49773,49738,49824,49780,49774,49853,49844,49784
7898,49773,49804,49773,49738,49824,49780,49774,49853,49844,49784
7899,49773,49804,49773,49738,49824,49780,49774,49853,49844,49784
7900,49773,49804,49773,49738,49824,49780,49774,49853,49844,49784
7901,49773,49804,49773,49738,49824,49780,49774,49853,49844,49784
7902,49773,49804,49773,49738,49824,49780,49774,49853,49844,49784
7903,49773,49804,49773,49738,49824,49780,49774,49853,49844,49784
7904,49773,49804,49773,49738,49824,49780,49774,49853,49844,49784
7905,49773,49804,49773,49738,49824,49780,49774,49853,49844,49784
7906,49773,49804,49773,49738,49824,49780,49774,49853,49844,49784
7907,49773,49804,49773,49738,49824,49780,49774,49853,49844,49784
7908,49773,49804,49773,49738,49824,49780,49774,49853,49844,49784
7909,49773,49804,49773,49738,49824,49780,49774,49853,49844,49784
7910,49773,49804,49773,49738,49824,49780,49774,49853,49844,49784
7911,49773,49804,49773,49738,49824,49780,49774,49853,49844,49784
7912,49773,49804,49773,49738,49824,49780,49774,49853,49844,49784
7913,49773,49804,49773,49738,49824,49780,49774,49853,49844,49784
7914,49773,49804,49773,49738,49824,49780,49774,49853,49844,49784
7915,49773,49804,49773,49738,49824,49780,49774,49853,49844,49784
7916,49773,49804,49773,49738,49824,49780,49774,49853,49844,49784
7917,49773,49804,49773,49738,49824,49780,49774,49853,49844,49784
7918,49773,49804,49773,49738,49824,49780,49774,49853,49844,49784
7919,49773,49804,49773,49738,49824,49780,49774,49853,49844,49784
7920,49773,49804,49773,49738,49824,49780,49774,49853,49844,49784
7921,49773,49804,49773,49738,49824,49780,49774,49853,49844,49784
7922,49773,49804,49773,49738,49824,49780,49774,49853,49844,49784
7923,49773,49804,49773,49738,49824,49780,49774,49853,49844,49784
7924,49773,49804,49773,49738,49824,49780,49774,49853,49844,49784
7925,49773,49804,49773,49738,49824,49780,49774,49853,49844,49784
7926,49773,49804,49773,49738,49824,49780,49774,49853,49844,49784
7927,49773,49804,49773,49738,49824,49780,49774,49853,49844,49784
7928,49773,49804,49773,49738,49824,49780,49774,49853,49844,49784
7929,49773,49804,49773,49738,49824,49780,49774,49853,49844,49784
7930,49773,49804,49773,49738,49824,49780,49774,49853,49844,49784
7931,49773,49804,49773,49738,49824,49780,49774,49853,49844,49784
7932,49773,49804,49773,49738,49824,49780,49774,49853,49844,49784
7933,49773,49804,49773,49738,49824,49780,49774,49853,49844,49784
7934,49773,49804,49773,49738,49824,49780,49774,49853,49844,49784
7935,49773,49804,49773,49738,49824,49780,49774,49853,49844,49784
7936,49773,49804,49773,49738,49824,49780,49774,49853,49844,49784
7937,49773,49821,49773,49738,49824,49780,49774,49853,49844,49784
7938,49773,49821,49773,49738,49824,49780,49774,49853,49844,49784
7939,49773,49821,49773,49738,49824,49781,49774,49853,49844,49784
7940,49773,49821,49773,49738,49824,49781,49774,49853,49844,49784
7941,49773,49821,49773,49738,49824,49781,49774,49853,49844,49784
7942,49773,49821,49773,49738,49824,49781,49774,49853,49844,49784
7943,49773,49821,49773,49738,49824,49781,49774,49853,49844,49784
7944,49773,49821,49773,49738,49824,49781,49774,49853,49844,49784
7945,49773,49821,49773,49738,49824,49781,49774,49853,49844,49784
7946,49773,49821,49773,49738,49824,49781,49774,49853,49844,49784
7947,49773,49821,49773,49742,49824,49781,49774,49853,49844,49784
7948,49773,49821,49773,49742,49824,49781,49774,49853,49844,49784
7949,49773,49821,49773,49742,49824,49783,49774,49853,49844,49784
7950,49773,49821,49773,49742,49824,49783,49774,49853,49844,49784
7951,49773,49821,49773,49742,49824,49783,49774,49853,49844,49784
7952,49773,49821,49773,49742,49824,49783,49774,49853,49844,49784
7953,49773,49821,49773,49742,49824,49783,49774,49853,49844,49784
7954,49773,49821,49773,49742,49824,49783,49774,49853,49844,49787
7955,49773,49821,49773,49742,49824,49783,49774,49853,49844,49787
7956,49773,49821,49773,49742,49824,49783,49774,49853,49844,49787
7957,49773,49821,49773,49742,49824,49783,49774,49853,49844,49787
7958,49773,49821,49773,49742,49824,49783,49774,49853,49844,49787
7959,49773,49821,49773,49742,49824,49783,49774,49853,49844,49787
7960,49773,49821,49773,49742,49824,49783,49774,49853,49844,49787
7961,49773,49821,49773,49742,49824,49783,49774,49853,49844,49787
7962,49773,49821,49773,49742,49824,49783,49774,49853,49844,49787
7963,49773,49821,49773,49742,49824,49783,49774,49853,49844,49787
7964,49773,49821,49773,49742,49824,49783,49774,49853,49844,49787
7965,49773,49821,49773,49742,49824,49783,49774,49853,49844,49787
7966,49773,49821,49773,49742,49824,49783,49774,49853,49844,49787
7967,49773,49821,49773,49742,49824,49783,49774,49853,49844,49787
7968,49773,49821,49773,49742,49824,49783,49774,49853,49844,49787
7969,49773,49821,49773,49742,49824,49783,49774,49853,49844,49787
7970,49773,49821,49773,49742,49824,49783,49774,49853,49844,49787
7971,49773,49821,49773,49742,49824,49783,49774,49853,49844,49787
7972,49773,49821,49773,49742,49824,49783,49774,49853,49844,49787
7973,49773,49821,49773,49742,49824,49783,49774,49853,49844,49787
7974,49773,49821,49773,49742,49824,49783,49774,49853,49844,49787
7975,49773,49821,49773,49742,49824,49783,49774,49853,49844,49787
7976,49773,49821,49773,49742,49824,49783,49774,49853,49844,49787
7977,49773,49821,49773,49742,49824,49783,49774,49853,49844,49787
7978,49773,49821,49773,49742,49824,49783,49774,49853,49844,49787
7979,49773,49821,49773,49742,49824,49783,49774,49853,49844,49787
7980,49773,49821,49773,49742,49824,49783,49774,49853,49844,49787
7981,49773,49821,49773,49742,49824,49783,49774,49853,49844,49787
7982,49773,49821,49773,49742,49824,49783,49774,49853,49844,49787
7983,49773,49821,49773,49742,49824,49783,49774,49853,49844,49787
7984,49773,49821,49773,49742,49824,49783,49774,49853,49844,49787
7985,49773,49821,49773,49742,49824,49783,49774,49853,49844,49787
7986,49773,49821,49773,49742,49824,49783,49774,49853,49844,49787
7987,49773,49821,49773,49742,49824,49783,49774,49853,49844,49787
7988,49773,49821,49773,49742,49824,49783,49774,49853,49844,49787
7989,49773,49821,49773,49742,49824,49783,49774,49853,49844,49787
7990,49773,49821,49773,49742,49824,49783,49774,49853,49844,49787
7991,49773,49821,49773,49742,49824,49783,49774,49853,49844,49787
7992,49773,49821,49773,49742,49824,49783,49774,49853,49844,49787
7993,49773,49821,49773,49742,49824,49783,49774,49853,49844,49787
7994,49773,49821,49773,49742,49824,49783,49774,49853,49844,49787
7995,49773,49821,49773,49742,49824,49783,49774,49853,49844,49787
7996,49773,49821,49773,49744,49824,49783,49774,49853,49844,49787
7997,49773,49821,49773,49744,49824,49783,49774,49853,49844,49787
7998,49773,49821,49773,49744,49824,49783,49774,49853,49844,49787
7999,49773,49821,49773,49744,49824,49783,49774,49853,49844,49787
8000,49773,49821,49773,49744,49824,49783,49774,49853,49844,49787
8001,49773,49821,49773,49744,49824,49783,49774,49853,49844,49787
8002,49773,49821,49773,49744,49824,49783,49774,49853,49844,49787
8003,49773,49821,49773,49744,49824,49783,49774,49853,49844,49787
8004,49773,49821,49773,49744,49824,49783,49774,49853,49844,49787
8005,49773,49821,49773,49744,49824,49783,49774,49853,49844,49787
8006,49773,49821,49773,49744,49824,49783,49774,49853,49844,49787
8007,49773,49821,49773,49744,49824,49783,49774,49853,49844,49787
8008,49773,49821,49773,49744,49824,49783,49774,49853,49844,49787
8009,49773,49821,49773,49744,49824,49783,49774,49853,49844,49787
8010,49773,49821,49773,49744,49824,49783,49774,49853,49844,49787
8011,49773,49821,49773,49744,49824,49783,49774,49853,49844,49787
8012,49773,49821,49773,49744,49824,49783,49774,49853,49844,49787
8013,49773,49821,49773,49744,49824,49783,49774,49853,49844,49787
8014,49773,49821,49773,49744,49824,49783,49774,49853,49844,49787
8015,49773,49821,49773,49744,49824,49783,49774,49853,49844,49787
8016,49773,49821,49773,49744,49824,49783,49774,49853,49844,49787
8017,49773,49821,49773,49744,49824,49783,49774,49853,49844,49787
8018,49773,49821,49773,49744,49824,49783,49774,49853,49844,49787
8019,49773,49821,49773,49744,49824,49783,49774,49853,49844,49787
8020,49773,49821,49773,49744,49824,49783,49774,49853,49844,49787
8021,49773,49821,49773,49744,49824,49783,49774,49853,49844,49787
8022,49773,49821,49773,49744,49824,49783,49774,49853,49844,49787
8023,49773,49821,49773,49744,49824,49783,49774,49853,49844,49787
8024,49773,49821,49773,49744,49824,49783,49774,49853,49844,49787
8025,49773,49821,49773,49744,49824,49783,49774,49853,49844,49787
8026,49773,49821,49773,49744,49824,49783,49774,49853,49844,49787
8027,49773,49821,49773,49744,49824,49783,49774,49853,49844,49787
8028,49773,49821,49773,49744,49824,49783,49774,49853,49844,49787
8029,49773,49821,49773,49744,49824,49783,49774,49853,49844,49787
8030,49773,49821,49773,49744,49824,49783,49774,49853,49844,49787
8031,49773,49821,49773,49744,49824,49783,49774,49853,49844,49787
8032,49773,49821,49773,49744,49824,49783,49774,49853,49844,49787
8033,49773,49821,49773,49744,49824,49783,49774,49853,49844,49787
8034,49773,49821,49773,49744,49824,49783,49774,49853,49844,49787
8035,49773,49821,49773,49744,49824,49783,49774,49853,49844,49787
8036,49776,49821,49773,49744,49824,49783,49774,49853,49844,49787
8037,49776,49821,49773,49744,49824,49783,49774,49853,49844,49791
8038,49776,49821,49773,49744,49824,49783,49774,49853,49844,49791
8039,49776,49821,49773,49744,49824,49783,49774,49853,49844,49791
8040,49776,49821,49773,49744,49824,49783,49774,49853,49844,49791
8041,49776,49821,49773,49744,49824,49783,49774,49853,49844,49791
8042,49776,49821,49773,49744,49824,49783,49774,49853,49844,49801
8043,49776,49821,49773,49744,49824,49783,49774,49853,49844,49801
8044,49776,49821,49773,49744,49824,49783,49774,49853,49844,49801
8045,49776,49821,49773,49744,49824,49783,49774,49853,49844,49801
8046,49776,49821,49773,49744,49824,49783,49774,49853,49844,49801
8047,49776,49821,49773,49744,49824,49783,49774,49853,49844,49801
8048,49776,49821,49773,49744,49824,49783,49774,49853,49844,49801
8049,49776,49821,49773,49744,49824,49789,49774,49853,49844,49801
8050,49776,49821,49773,49744,49824,49789,49774,49853,49844,49801
8051,49787,49821,49773,49744,49824,49789,49774,49853,49844,49801
8052,49787,49821,49773,49744,49824,49789,49774,49853,49844,49801
8053,49787,49821,49773,49744,49824,49789,49774,49853,49844,49801
8054,49787,49821,49773,49744,49824,49789,49774,49853,49844,49801
8055,49787,49821,49773,49744,49824,49789,49774,49853,49844,49801
8056,49787,49821,49773,49744,49824,49789,49774,49853,49844,49801
8057,49787,49821,49773,49744,49824,49789,49774,49853,49844,49801
8058,49787,49821,49773,49744,49824,49789,49774,49853,49844,49801
8059,49787,49821,49773,49744,49824,49789,49774,49863,49844,49801
8060,49787,49821,49773,49744,49824,49789,49774,49863,49844,49801
8061,49787,49821,49773,49744,49824,49789,49774,49863,49844,49801
8062,49787,49821,49773,49744,49824,49789,49774,49863,49844,49816
8063,49787,49821,49773,49744,49824,49789,49774,49863,49844,49816
8064,49787,49821,49773,49744,49824,49789,49774,49863,49844,49816
8065,49787,49821,49773,49744,49824,49789,49774,49863,49844,49816
8066,49787,49821,49773,49744,49824,49789,49774,49863,49844,49816
8067,49787,49821,49773,49744,49824,49789,49774,49863,49844,49816
8068,49787,49821,49773,49744,49824,49789,49774,49863,49844,49816
8069,49787,49821,49773,49744,49824,49789,49774,49863,49844,49816
8070,49787,49821,49773,49744,49824,49789,49774,49863,49844,49816
8071,49787,49821,49773,49744,49824,49789,49774,49863,49844,49816
8072,49787,49821,49773,49744,49824,49789,49774,49863,49844,49816
8073,49787,49821,49773,49744,49824,49789,49774,49863,49844,49816
8074,49787,49821,49773,49744,49824,49789,49774,49863,49844,49816
8075,49787,49821,49773,49744,49824,49789,49774,49863,49844,49816
8076,49787,49821,49773,49744,49824,49789,49774,49863,49844,49816
8077,49787,49821,49773,49744,49824,49789,49774,49863,49844,49816
8078,49787,49821,49773,49744,49824,49789,49774,49863,49844,49816
8079,49787,49821,49773,49744,49824,49789,49774,49863,49844,49816
8080,49787,49821,49773,49744,49824,49789,49774,49863,49844,49816
8081,49787,49821,49773,49744,49824,49789,49774,49863,49844,49816
8082,49787,49821,49773,49744,49824,49789,49774,49863,49844,49816
8083,49787,49821,49773,49744,49824,49789,49774,49863,49844,49816
8084,49787,49821,49773,49744,49824,49789,49774,49863,49844,49816
8085,49787,49821,49773,49744,49824,49789,49774,49863,49844,49816
8086,49787,49821,49773,49744,49824,49789,49774,49863,49844,49816
8087,49787,49821,49773,49744,49824,49789,49774,49863,49844,49816
8088,49787,49821,49773,49744,49824,49789,49774,49863,49844,49816
8089,49787,49821,49773,49744,49824,49789,49774,49863,49844,49816
8090,49787,49821,49773,49744,49824,49789,49774,49863,49844,49816
8091,49787,49821,49773,49744,49824,49789,49774,49863,49844,49816
8092,49787,49821,49773,49744,49824,49789,49774,49863,49844,49816
8093,49787,49821,49773,49744,49824,49789,49774,49863,49844,49816
8094,49787,49821,49773,49744,49824,49789,49774,49863,49844,49816
8095,49787,49821,49773,49744,49824,49789,49774,49863,49844,49816
8096,49787,49821,49773,49744,49824,49789,49774,49863,49844,49816
8097,49787,49821,49773,49744,49824,49789,49774,49863,49844,49816
8098,49787,49821,49773,49744,49824,49789,49774,49863,49844,49816
8099,49787,49821,49773,49744,49824,49789,49774,49863,49844,49816
8100,49787,49821,49773,49744,49824,49789,49774,49863,49844,49816
8101,49787,49821,49773,49744,49824,49789,49774,49863,49844,49816
8102,49787,49821,49773,49744,49832,49789,49774,49863,49844,49816
8103,49787,49821,49773,49744,49832,49789,49774,49863,49844,49816
8104,49787,49821,49773,49744,49832,49789,49774,49863,49844,49816
8105,49787,49821,49773,49744,49832,49789,49774,49863,49844,49816
8106,49787,49821,49773,49744,49832,49789,49774,49863,49844,49816
8107,49787,49821,49773,49744,49832,49789,49774,49863,49844,49816
8108,49787,49821,49773,49744,49832,49789,49774,49863,49844,49816
8109,49787,49821,49773,49744,49832,49789,49774,49863,49844,49816
8110,49787,49821,49773,49744,49832,49789,49774,49863,49844,49816
8111,49787,49821,49773,49744,49832,49789,49774,49863,49844,49816
8112,49787,49821,49773,49744,49832,49789,49774,49863,49844,49816
8113,49787,49821,49773,49744,49832,49789,49774,49863,49844,49816
8114,49787,49821,49773,49744,49832,49789,49774,49863,49844,49816
8115,49787,49821,49773,49744,49832,49789,49774,49863,49844,49816
8116,49787,49821,49773,49744,49832,49789,49774,49863,49844,49816
8117,49787,49821,49773,49744,49832,49789,49774,49863,49844,49816
8118,49787,49821,49773,49744,49832,49789,49774,49863,49844,49816
8119,49787,49821,49773,49744,49832,49789,49774,49863,49844,49816
8120,49787,49821,49773,49744,49832,49789,49774,49863,49844,49816
8121,49787,49821,49773,49744,49832,49789,49774,49863,49844,49816
8122,49787,49821,49773,49744,49832,49789,49774,49863,49844,49816
8123,49787,49821,49773,49744,49832,49789,49774,49863,49844,49816
8124,49787,49821,49773,49744,49832,49789,49774,49863,49844,49816
8125,49787,49821,49773,49744,49832,49789,49774,49863,49844,49816
8126,49787,49821,49773,49744,49832,49789,49774,49863,49844,49816
8127,49787,49821,49773,49744,49832,49789,49774,49863,49844,49816
8128,49787,49821,49773,49744,49832,49789,49774,49863,49844,49816
8129,49787,49821,49773,49744,49832,49789,49774,49863,49844,49816
8130,49787,49821,49773,49744,49832,49789,49774,49863,49844,49816
8131,49787,49821,49773,49744,49832,49789,49774,49863,49844,49816
8132,49787,49821,49773,49744,49832,49789,49774,49863,49844,49816
8133,49787,49821,49773,49744,49832,49789,49774,49863,49844,49816
8134,49787,49821,49773,49744,49832,49789,49774,49863,49844,49816
8135,49787,49821,49773,49744,49832,49789,49774,49863,49844,49816
8136,49787,49821,49773,49744,49832,49789,49774,49863,49844,49816
8137,49787,49821,49773,49744,49832,49789,49774,49863,49844,49816
8138,49787,49821,49773,49744,49832,49789,49774,49863,49844,49816
8139,49787,49821,49773,49744,49832,49789,49774,49863,49844,49816
8140,49787,49821,49773,49744,49832,49789,49774,49863,49844,49816
8141,49787,49821,49773,49744,49832,49789,49774,49863,49844,49816
8142,49787,49821,49773,49744,49832,49789,49774,49863,49844,49816
8143,49787,49821,49773,49744,49832,49789,49774,49863,49844,49816
8144,49787,49821,49773,49744,49832,49789,49774,49863,49844,49816
8145,49787,49821,49773,49744,49832,49789,49774,49863,49844,49816
8146,49787,49821,49773,49744,49832,49789,49774,49863,49844,49816
8147,49787,49821,49773,49744,49832,49789,49774,49863,49844,49816
8148,49787,49821,49773,49744,49832,49789,49774,49863,49844,49816
8149,49787,49821,49773,49744,49832,49789,49774,49863,49844,49816
8150,49787,49821,49773,49744,49832,49789,49774,49863,49844,49816
8151,49787,49821,49773,49744,49832,49789,49774,49863,49844,49816
8152,49787,49821,49773,49744,49832,49789,49774,49863,49844,49816
8153,49787,49821,49773,49744,49832,49789,49774,49863,49844,49816
8154,49787,49821,49773,49744,49832,49789,49774,49863,49844,49816
8155,49787,49821,49773,49744,49832,49789,49774,49863,49844,49816
8156,49787,49821,49773,49744,49832,49789,49774,49863,49844,49816
8157,49787,49821,49773,49744,49832,49789,49774,49863,49844,49816
8158,49787,49821,49773,49744,49832,49789,49774,49863,49844,49816
8159,49787,49821,49773,49744,49832,49789,49774,49863,49844,49816
8160,49787,49821,49773,49744,49832,49789,49777,49863,49844,49816
8161,49787,49821,49773,49744,49832,49789,49777,49863,49844,49816
8162,49787,49821,49773,49744,49832,49789,49777,49863,49844,49816
8163,49787,49821,49773,49744,49832,49789,49777,49863,49844,49816
8164,49787,49821,49773,49744,49832,49789,49777,49863,49844,49816
8165,49787,49821,49773,49744,49832,49789,49777,49863,49844,49816
8166,49787,49821,49773,49744,49832,49789,49777,49863,49844,49816
8167,49787,49821,49773,49744,49832,49789,49777,49863,49844,49816
8168,49787,49821,49773,49744,49832,49789,49777,49866,49844,49816
8169,49787,49821,49773,49744,49832,49789,49777,49866,49844,49816
8170,49787,49830,49773,49744,49832,49789,49777,49866,49844,49816
8171,49787,49830,49773,49744,49832,49789,49777,49866,49844,49816
8172,49787,49830,49773,49744,49832,49789,49777,49866,49844,49816
8173,49787,49830,49773,49744,49832,49789,49777,49866,49844,49816
8174,49787,49830,49773,49744,49832,49789,49777,49866,49844,49816
8175,49787,49830,49773,49744,49832,49789,49777,49866,49844,49816
8176,49787,49830,49773,49744,49832,49789,49777,49866,49844,49816
8177,49787,49830,49773,49744,49832,49789,49777,49866,49844,49816
8178,49787,49830,49773,49744,49832,49804,49777,49866,49844,49816
8179,49787,49830,49773,49744,49832,49804,49777,49866,49844,49816
8180,49787,49830,49773,49744,49832,49804,49777,49866,49844,49816
8181,49787,49830,49773,49744,49832,49804,49777,49866,49844,49816
8182,49787,49830,49773,49744,49832,49804,49777,49866,49844,49816
8183,49787,49830,49773,49744,49838,49804,49777,49866,49844,49816
8184,49787,49830,49773,49744,49838,49804,49777,49866,49844,49816
8185,49787,49830,49773,49744,49838,49804,49777,49866,49844,49816
8186,49787,49830,49773,49744,49838,49804,49777,49866,49844,49816
8187,49787,49830,49773,49744,49838,49804,49777,49866,49844,49816
8188,49787,49830,49773,49744,49838,49804,49777,49866,49844,49816
8189,49787,49830,49773,49744,49838,49804,49777,49866,49844,49816
8190,49787,49830,49773,49744,49838,49804,49777,49866,49844,49816
8191,49787,49830,49773,49744,49838,49804,49777,49866,49844,49816
8192,49787,49830,49773,49744,49838,49804,49777,49866,49844,49816
8193,49787,49830,49773,49744,49838,49804,49777,49866,49844,49816
8194,49787,49830,49773,49744,49838,49804,49777,49866,49844,49816
8195,49787,49830,49773,49744,49838,49804,49777,49866,49844,49816
8196,49787,49830,49773,49744,49838,49804,49777,49866,49844,49816
8197,49787,49830,49773,49744,49838,49804,49777,49866,49844,49816
8198,49787,49830,49773,49744,49838,49804,49777,49866,49844,49816
8199,49787,49830,49773,49744,49838,49804,49777,49866,49844,49816
8200,49787,49830,49773,49744,49838,49804,49777,49866,49844,49816
8201,49787,49830,49773,49744,49838,49804,49777,49866,49844,49816
8202,49787,49830,49773,49744,49838,49804,49777,49866,49844,49816
8203,49787,49830,49773,49744,49838,49804,49777,49866,49844,49816
8204,49787,49830,49773,49744,49838,49804,49777,49866,49844,49816
8205,49787,49830,49773,49744,49838,49804,49777,49866,49844,49816
8206,49787,49830,49773,49744,49838,49804,49777,49866,49844,49816
8207,49787,49830,49773,49744,49838,49804,49777,49866,49844,49816
8208,49802,49830,49773,49744,49838,49804,49777,49866,49844,49816
8209,49802,49830,49773,49744,49838,49804,49777,49866,49844,49816
8210,49802,49830,49773,49744,49838,49804,49777,49866,49844,49816
8211,49802,49830,49773,49744,49838,49804,49777,49866,49844,49816
8212,49802,49830,49773,49744,49838,49804,49777,49866,49844,49816
8213,49802,49830,49773,49744,49838,49804,49777,49866,49844,49816
8214,49802,49830,49773,49744,49838,49804,49777,49866,49844,49816
8215,49802,49830,49773,49744,49838,49804,49777,49866,49844,49816
8216,49802,49830,49773,49744,49838,49804,49777,49866,49844,49816
8217,49802,49830,49773,49744,49838,49804,49777,49866,49844,49816
8218,49802,49830,49773,49744,49838,49804,49777,49866,49844,49816
8219,49802,49830,49773,49744,49838,49804,49777,49866,49844,49816
8220,49802,49830,49773,49744,49838,49804,49777,49866,49844,49816
8221,49802,49830,49773,49744,49838,49804,49777,49866,49844,49816
8222,49802,49830,49773,49744,49838,49804,49777,49866,49844,49816
8223,49802,49830,49773,49744,49838,49804,49777,49866,49844,49816
8224,49802,49830,49773,49744,49838,49804,49777,49866,49844,49816
8225,49802,49830,49773,49744,49838,49804,49777,49866,49844,49816
8226,49802,49830,49773,49744,49838,49804,49788,49866,49844,49816
8227,49802,49830,49773,49744,49838,49804,49788,49866,49844,49816
8228,49802,49830,49773,49744,49838,49804,49788,49866,49844,49816
8229,49802,49830,49773,49744,49838,49804,49788,49866,49844,49816
8230,49802,49830,49773,49744,49838,49804,49788,49866,49844,49816
8231,49802,49830,49773,49744,49838,49804,49788,49866,49844,49816
8232,49802,49830,49773,49744,49838,49804,49788,49866,49844,49816
8233,49802,49830,49773,49744,49838,49804,49788,49866,49844,49816
8234,49802,49830,49773,49744,49838,49804,49788,49866,49844,49816
8235,49802,49830,49773,49744,49838,49804,49788,49866,49844,49816
8236,49802,49830,49773,49744,49838,49804,49804,49866,49844,49816
8237,49802,49830,49773,49744,49838,49804,49804,49866,49844,49816
8238,49802,49830,49773,49744,49838,49804,49804,49866,49844,49816
8239,49802,49830,49773,49744,49838,49804,49804,49866,49844,49816
8240,49802,49830,49773,49744,49838,49804,49804,49866,49844,49816
8241,49802,49830,49773,49744,49838,49804,49804,49866,49844,49816
8242,49802,49830,49773,49744,49838,49804,49804,49866,49844,49816
8243,49802,49830,49773,49744,49838,49804,49804,49866,49844,49816
8244,49802,49830,49773,49744,49838,49804,49804,49866,49844,49816
8245,49802,49830,49773,49744,49838,49804,49804,49866,49844,49816
8246,49802,49830,49773,49744,49838,49804,49804,49866,49844,49816
8247,49802,49830,49773,49744,49838,49804,49804,49866,49844,49816
8248,49802,49830,49773,49744,49838,49804,49804,49866,49844,49816
8249,49802,49830,49773,49744,49838,49804,49804,49866,49844,49816
8250,49802,49830,49773,49744,49838,49804,49804,49866,49844,49816
8251,49802,49830,49773,49744,49838,49804,49804,49866,49844,49816
8252,49802,49830,49773,49744,49838,49804,49804,49866,49844,49816
8253,49802,49830,49773,49744,49838,49804,49804,49866,49844,49816
8254,49802,49830,49773,49744,49838,49804,49804,49866,49844,49816
8255,49802,49830,49773,49744,49838,49804,49804,49866,49844,49816
8256,49802,49830,49773,49744,49838,49804,49804,49866,49844,49816
8257,49802,49830,49773,49744,49838,49804,49804,49866,49844,49816
8258,49802,49830,49773,49744,49838,49804,49804,49866,49844,49816
8259,49802,49830,49773,49744,49838,49804,49804,49866,49844,49816
8260,49802,49830,49773,49744,49838,49804,49804,49866,49844,49816
8261,49802,49830,49773,49744,49838,49804,49804,49866,49844,49816
8262,49802,49830,49773,49744,49838,49804,49804,49866,49844,49816
8263,49802,49830,49773,49744,49838,49804,49804,49866,49844,49816
8264,49802,49830,49773,49744,49838,49804,49804,49866,49844,49816
8265,49802,49830,49773,49744,49838,49804,49804,49866,49844,49816
8266,49802,49830,49773,49744,49838,49804,49804,49866,49844,49816
8267,49802,49830,49773,49744,49838,49804,49804,49866,49844,49816
8268,49802,49830,49773,49744,49838,49804,49804,49866,49844,49816
8269,49802,49830,49773,49744,49838,49804,49804,49866,49844,49816
8270,49802,49830,49773,49744,49838,49804,49804,49866,49844,49816
8271,49802,49830,49773,49744,49838,49804,49804,49866,49844,49816
8272,49802,49830,49773,49744,49838,49804,49804,49866,49844,49816
8273,49802,49830,49773,49744,49838,49804,49804,49866,49844,49816
8274,49802,49830,49773,49744,49838,49804,49804,49866,49844,49816
8275,49802,49830,49773,49744,49838,49804,49804,49866,49844,49816
8276,49802,49830,49773,49744,49838,49804,49804,49866,49844,49816
8277,49802,49830,49773,49744,49838,49804,49804,49866,49844,49816
8278,49802,49830,49773,49744,49838,49804,49804,49866,49844,49816
8279,49802,49830,49773,49744,49838,49804,49804,49866,49844,49816
8280,49802,49830,49773,49744,49838,49804,49804,49866,49844,49816
8281,49802,49830,49773,49744,49838,49804,49804,49866,49844,49816
8282,49802,49830,49773,49744,49838,49804,49804,49866,49844,49816
8283,49802,49830,49773,49744,49838,49804,49804,49866,49844,49816
8284,49802,49830,49773,49744,49838,49804,49804,49866,49844,49816
8285,49802,49830,49773,49744,49838,49804,49804,49866,49844,49816
8286,49802,49830,49773,49744,49838,49804,49804,49866,49844,49816
8287,49802,49830,49773,49744,49838,49804,49804,49866,49844,49816
8288,49802,49830,49773,49744,49838,49804,49804,49866,49844,49816
8289,49802,49830,49773,49744,49838,49804,49804,49866,49844,49816
8290,49802,49830,49773,49744,49838,49804,49804,49866,49844,49816
8291,49802,49830,49773,49744,49838,49804,49804,49866,49844,49816
8292,49802,49830,49773,49744,49838,49804,49804,49866,49844,49816
8293,49802,49842,49773,49744,49838,49804,49804,49866,49844,49816
8294,49802,49842,49773,49744,49838,49804,49804,49866,49844,49816
8295,49802,49842,49773,49744,49838,49804,49804,49866,49844,49816
8296,49802,49842,49773,49744,49838,49804,49804,49866,49844,49816
8297,49802,49846,49773,49744,49838,49804,49804,49866,49844,49816
8298,49802,49846,49773,49744,49838,49804,49804,49866,49844,49816
8299,49802,49846,49773,49744,49838,49804,49804,49866,49844,49816
8300,49802,49846,49773,49744,49838,49804,49804,49866,49844,49816
8301,49802,49846,49773,49744,49838,49804,49804,49866,49845,49816
8302,49802,49846,49773,49744,49838,49804,49804,49866,49845,49816
8303,49802,49846,49773,49744,49838,49804,49804,49866,49845,49816
8304,49802,49846,49773,49744,49838,49804,49804,49866,49845,49816
8305,49802,49846,49773,49744,49838,49804,49804,49866,49845,49816
8306,49802,49846,49773,49744,49838,49804,49804,49866,49845,49816
8307,49802,49846,49773,49744,49838,49804,49804,49866,49845,49816
8308,49802,49846,49773,49744,49838,49804,49804,49866,49845,49816
8309,49802,49846,49773,49744,49838,49804,49804,49866,49845,49816
8310,49802,49846,49773,49744,49838,49804,49804,49866,49845,49816
8311,49802,49846,49773,49744,49838,49804,49804,49866,49845,49816
8312,49802,49846,49773,49744,49838,49804,49804,49866,49845,49816
8313,49802,49846,49773,49744,49838,49804,49804,49866,49845,49816
8314,49802,49846,49773,49744,49838,49804,49804,49866,49845,49816
8315,49802,49846,49773,49744,49838,49804,49804,49866,49845,49816
8316,49802,49846,49773,49744,49838,49804,49804,49866,49845,49816
8317,49802,49846,49773,49744,49838,49804,49804,49866,49845,49816
8318,49802,49846,49773,49744,49838,49804,49804,49866,49845,49816
8319,49802,49846,49773,49744,49838,49804,49804,49866,49845,49816
8320,49802,49846,49773,49744,49838,49804,49804,49866,49845,49816
8321,49802,49846,49773,49744,49838,49804,49804,49866,49845,49816
8322,49802,49846,49773,49744,49838,49804,49804,49866,49845,49816
8323,49802,49846,49773,49744,49838,49804,49804,49866,49845,49816
8324,49802,49846,49773,49744,49838,49804,49804,49866,49845,49816
8325,49802,49846,49773,49744,49838,49804,49804,49866,49845,49816
8326,49802,49846,49773,49744,49838,49804,49804,49866,49845,49816
8327,49802,49846,49773,49744,49838,49804,49804,49866,49845,49816
8328,49802,49846,49773,49744,49838,49804,49804,49866,49845,49816
8329,49802,49846,49773,49744,49838,49804,49804,49866,49845,49816
8330,49802,49846,49773,49744,49838,49804,49804,49866,49845,49816
8331,49802,49846,49773,49744,49838,49804,49804,49866,49845,49816
8332,49802,49846,49773,49744,49838,49804,49804,49866,49845,49816
8333,49802,49846,49773,49744,49838,49804,49804,49866,49845,49816
8334,49802,49846,49773,49744,49838,49804,49804,49866,49845,49816
8335,49802,49846,49773,49744,49838,49804,49804,49866,49845,49816
8336,49802,49846,49773,49744,49838,49804,49804,49866,49845,49816
8337,49802,49846,49773,49744,49838,49804,49804,49866,49845,49816
8338,49802,49846,49773,49744,49838,49804,49804,49866,49845,49816
8339,49802,49846,49773,49744,49838,49804,49804,49866,49845,49816
8340,49802,49846,49773,49744,49838,49804,49804,49866,49845,49816
8341,49802,49846,49773,49744,49838,49804,49804,49866,49845,49816
8342,49802,49846,49773,49744,49838,49804,49804,49866,49845,49816
8343,49802,49846,49773,49744,49838,49804,49804,49866,49845,49816
8344,49802,49846,49773,49744,49838,49804,49804,49866,49845,49816
8345,49802,49846,49773,49744,49838,49804,49804,49866,49845,49816
8346,49802,49846,49773,49744,49838,49804,49804,49866,49845,49816
8347,49802,49846,49773,49744,49838,49804,49804,49866,49845,49816
8348,49802,49846,49773,49744,49838,49804,49804,49866,49845,49816
8349,49802,49846,49773,49744,49838,49804,49804,49866,49845,49816
8350,49802,49846,49773,49744,49838,49804,49804,49866,49845,49816
8351,49802,49846,49773,49744,49838,49804,49804,49866,49845,49816
8352,49802,49846,49773,49744,49838,49804,49804,49866,49845,49816
8353,49802,49846,49773,49744,49838,49804,49804,49866,49845,49816
8354,49802,49846,49773,49744,49838,49804,49804,49866,49845,49816
8355,49802,49846,49773,49744,49838,49804,49804,49866,49845,49816
8356,49802,49846,49773,49744,49838,49804,49804,49866,49845,49816
8357,49802,49846,49773,49744,49838,49804,49804,49866,49845,49816
8358,49802,49846,49773,49744,49838,49804,49804,49866,49845,49816
8359,49802,49846,49773,49744,49838,49804,49804,49866,49845,49816
8360,49802,49846,49773,49744,49838,49804,49804,49866,49845,49816
8361,49802,49846,49773,49744,49838,49804,49804,49866,49845,49816
8362,49802,49846,49773,49744,49838,49804,49804,49866,49845,49816
8363,49802,49846,49773,49744,49838,49804,49804,49866,49845,49816
8364,49802,49846,49773,49744,49838,49804,49804,49866,49845,49816
8365,49802,49846,49773,49744,49838,49804,49804,49866,49845,49816
8366,49802,49846,49773,49744,49838,49804,49804,49866,49845,49816
8367,49802,49846,49773,49744,49838,49804,49804,49866,49845,49816
8368,49802,49846,49773,49744,49838,49804,49804,49866,49845,49816
8369,49802,49846,49773,49744,49838,49804,49804,49866,49845,49816
8370,49802,49846,49773,49744,49838,49804,49804,49866,49845,49816
8371,49802,49846,49773,49744,49838,49804,49804,49866,49845,49816
8372,49802,49846,49773,49744,49838,49804,49804,49866,49845,49816
8373,49802,49846,49773,49744,49838,49804,49804,49866,49845,49816
8374,49802,49846,49773,49744,49838,49804,49804,49866,49845,49816
8375,49802,49846,49773,49744,49838,49804,49804,49866,49845,49816
8376,49802,49846,49773,49744,49838,49804,49804,49866,49845,49816
8377,49802,49846,49773,49744,49838,49804,49804,49866,49845,49816
8378,49802,49846,49773,49744,49838,49804,49804,49866,49845,49816
8379,49802,49846,49773,49744,49838,49804,49804,49866,49845,49816
8380,49802,49846,49773,49744,49838,49804,49804,49866,49845,49816
8381,49802,49846,49773,49744,49838,49804,49804,49866,49845,49816
8382,49802,49846,49773,49744,49838,49804,49804,49866,49845,49816
8383,49802,49846,49773,49744,49838,49804,49804,49866,49845,49816
8384,49802,49846,49773,49744,49838,49804,49804,49866,49845,49816
8385,49802,49846,49773,49744,49838,49804,49804,49866,49845,49816
8386,49802,49846,49773,49744,49838,49804,49804,49866,49845,49816
8387,49802,49846,49773,49744,49838,49804,49804,49866,49845,49816
8388,49802,49846,49773,49744,49838,49804,49804,49866,49845,49816
8389,49802,49846,49773,49744,49838,49804,49804,49866,49845,49816
8390,49802,49846,49773,49744,49838,49804,49804,49866,49845,49816
8391,49802,49846,49773,49744,49838,49804,49804,49866,49845,49816
8392,49802,49846,49773,49744,49838,49804,49804,49866,49845,49816
8393,49802,49846,49773,49744,49838,49804,49804,49866,49845,49816
8394,49802,49846,49773,49744,49838,49804,49804,49866,49845,49816
8395,49802,49846,49773,49744,49838,49804,49804,49866,49845,49816
8396,49802,49846,49773,49744,49838,49806,49804,49866,49845,49816
8397,49802,49846,49773,49744,49838,49806,49804,49866,49845,49816
8398,49802,49846,49773,49744,49838,49806,49804,49866,49845,49816
8399,49802,49846,49773,49744,49838,49806,49804,49866,49845,49816
8400,49802,49846,49773,49744,49838,49806,49804,49866,49845,49816
8401,49802,49846,49773,49744,49838,49806,49804,49866,49845,49816
8402,49802,49846,49773,49744,49838,49806,49804,49866,49845,49816
8403,49802,49846,49773,49744,49838,49806,49804,49866,49845,49816
8404,49802,49846,49773,49744,49838,49806,49804,49866,49845,49816
8405,49802,49846,49773,49744,49838,49806,49804,49866,49845,49816
8406,49802,49846,49773,49744,49838,49806,49804,49866,49845,49816
8407,49802,49846,49773,49744,49838,49806,49804,49866,49845,49816
8408,49802,49846,49773,49744,49838,49806,49804,49866,49845,49816
8409,49802,49846,49773,49744,49838,49806,49804,49866,49845,49816
8410,49802,49846,49773,49744,49838,49806,49804,49866,49845,49816
8411,49802,49846,49773,49744,49838,49806,49804,49866,49845,49816
8412,49802,49846,49773,49744,49838,49806,49804,49866,49845,49816
8413,49802,49846,49773,49744,49838,49806,49804,49866,49845,49816
8414,49802,49846,49773,49744,49838,49806,49804,49866,49845,49816
8415,49802,49846,49773,49744,49838,49806,49804,49866,49845,49816
8416,49802,49846,49773,49744,49838,49806,49804,49866,49845,49816
8417,49802,49846,49773,49744,49838,49806,49804,49866,49845,49816
8418,49802,49846,49773,49744,49838,49806,49804,49866,49845,49816
8419,49802,49846,49773,49744,49838,49806,49804,49866,49845,49816
8420,49802,49846,49773,49744,49838,49806,49804,49866,49845,49816
8421,49802,49846,49773,49744,49838,49806,49804,49866,49845,49816
8422,49802,49846,49773,49744,49838,49806,49804,49866,49845,49816
8423,49802,49846,49773,49744,49838,49806,49804,49866,49845,49816
8424,49802,49846,49773,49744,49838,49806,49804,49866,49845,49816
8425,49802,49846,49773,49744,49838,49806,49804,49866,49845,49816
8426,49802,49846,49773,49744,49838,49806,49804,49866,49845,49816
8427,49802,49846,49773,49744,49838,49806,49804,49866,49845,49816
8428,49802,49846,49773,49744,49838,49806,49804,49866,49845,49816
8429,49802,49846,49773,49744,49838,49806,49804,49866,49845,49816
8430,49802,49846,49773,49744,49838,49806,49804,49866,49845,49833
8431,49802,49857,49773,49744,49838,49806,49804,49866,49845,49833
8432,49802,49857,49773,49744,49838,49806,49804,49866,49845,49833
8433,49802,49857,49773,49748,49838,49806,49804,49866,49845,49833
8434,49802,49857,49773,49748,49838,49806,49804,49866,49845,49833
8435,49802,49857,49773,49748,49838,49806,49804,49866,49845,49833
8436,49802,49857,49773,49748,49838,49806,49804,49866,49845,49833
8437,49802,49857,49773,49748,49838,49806,49804,49866,49845,49833
8438,49802,49857,49773,49748,49838,49806,49804,49866,49845,49833
8439,49802,49857,49773,49748,49838,49806,49804,49866,49845,49833
8440,49802,49857,49773,49748,49838,49806,49804,49866,49845,49833
8441,49802,49857,49773,49748,49838,49806,49804,49866,49845,49833
8442,49802,49857,49773,49748,49838,49806,49804,49866,49845,49833
8443,49802,49857,49773,49748,49838,49806,49804,49866,49845,49833
8444,49802,49857,49773,49748,49838,49806,49804,49866,49845,49833
8445,49802,49857,49773,49748,49838,49806,49804,49866,49845,49833
8446,49802,49857,49773,49748,49838,49806,49804,49866,49845,49833
8447,49802,49857,49773,49748,49838,49806,49804,49866,49845,49833
8448,49802,49857,49773,49748,49838,49806,49804,49866,49845,49833
8449,49802,49857,49773,49748,49838,49806,49804,49866,49845,49833
8450,49802,49857,49773,49748,49838,49806,49804,49866,49845,49833
8451,49802,49857,49773,49748,49838,49806,49804,49866,49845,49833
8452,49802,49857,49773,49748,49838,49806,49804,49866,49845,49833
8453,49802,49857,49773,49748,49838,49806,49804,49866,49845,49833
8454,49802,49857,49773,49748,49838,49806,49804,49866,49845,49833
8455,49802,49857,49773,49748,49838,49806,49804,49866,49846,49833
8456,49802,49857,49773,49748,49838,49806,49804,49866,49846,49833
8457,49802,49857,49773,49748,49838,49806,49804,49866,49846,49833
8458,49802,49857,49773,49748,49838,49806,49804,49866,49846,49833
8459,49802,49857,49773,49748,49838,49806,49804,49866,49846,49833
8460,49802,49857,49773,49748,49838,49806,49804,49866,49846,49833
8461,49802,49857,49773,49748,49838,49806,49804,49866,49846,49833
8462,49802,49857,49773,49748,49838,49806,49804,49866,49846,49833
8463,49802,49857,49773,49748,49838,49806,49804,49866,49846,49833
8464,49802,49857,49773,49748,49838,49806,49804,49866,49846,49833
8465,49802,49857,49773,49764,49838,49806,49804,49866,49846,49833
8466,49802,49857,49773,49764,49838,49806,49804,49866,49846,49833
8467,49802,49857,49773,49764,49838,49806,49804,49866,49846,49833
8468,49802,49857,49773,49764,49838,49806,49804,49866,49846,49833
8469,49802,49857,49773,49764,49838,49806,49804,49866,49846,49833
8470,49802,49857,49773,49764,49838,49806,49804,49866,49846,49833
8471,49802,49857,49773,49764,49838,49806,49804,49866,49846,49840
8472,49802,49857,49773,49764,49838,49806,49804,49866,49846,49840
8473,49802,49857,49773,49764,49838,49806,49804,49866,49846,49840
8474,49802,49857,49773,49764,49838,49806,49804,49866,49846,49840
8475,49802,49857,49773,49764,49838,49806,49804,49866,49846,49840
8476,49802,49857,49773,49764,49838,49806,49804,49866,49846,49840
8477,49802,49857,49773,49764,49838,49806,49804,49866,49846,49840
8478,49802,49857,49773,49764,49838,49806,49804,49866,49846,49840
8479,49802,49857,49773,49764,49838,49806,49804,49866,49846,49840
8480,49802,49857,49773,49764,49838,49806,49804,49866,49846,49840
8481,49802,49857,49773,49764,49838,49806,49804,49866,49846,49840
8482,49802,49857,49773,49764,49838,49806,49804,49866,49846,49840
8483,49802,49857,49773,49764,49838,49806,49804,49866,49846,49840
8484,49802,49857,49773,49764,49838,49806,49804,49866,49846,49840
8485,49802,49857,49773,49764,49838,49806,49804,49866,49846,49840
8486,49802,49857,49773,49764,49838,49806,49804,49866,49846,49840
8487,49802,49857,49773,49764,49838,49806,49804,49866,49846,49840
8488,49802,49857,49773,49764,49838,49806,49804,49866,49854,49840
8489,49802,49857,49773,49764,49838,49806,49804,49866,49854,49840
8490,49802,49857,49773,49764,49838,49806,49804,49866,49854,49840
8491,49802,49857,49773,49764,49838,49806,49804,49866,49854,49840
8492,49802,49857,49773,49764,49838,49806,49804,49866,49854,49840
8493,49802,49857,49773,49764,49838,49806,49804,49866,49854,49840
8494,49802,49857,49773,49764,49838,49806,49804,49866,49854,49840
8495,49802,49857,49773,49764,49838,49806,49804,49866,49854,49840
8496,49802,49857,49773,49764,49838,49806,49804,49866,49854,49840
8497,49802,49857,49773,49764,49838,49806,49804,49866,49854,49840
8498,49802,49857,49773,49764,49838,49806,49804,49866,49854,49840
8499,49802,49858,49773,49764,49838,49806,49804,49866,49854,49840
8500,49802,49858,49773,49764,49838,49806,49804,49866,49854,49840
8501,49802,49858,49773,49764,49838,49806,49804,49866,49854,49840
8502,49802,49858,49773,49764,49838,49806,49804,49866,49854,49840
8503,49802,49858,49773,49764,49838,49806,49804,49866,49854,49840
8504,49802,49858,49773,49764,49838,49806,49804,49866,49854,49840
8505,49802,49858,49773,49764,49838,49806,49804,49866,49854,49840
8506,49802,49858,49773,49764,49838,49806,49804,49866,49854,49840
8507,49802,49858,49773,49764,49838,49806,49804,49866,49854,49840
8508,49802,49858,49773,49764,49838,49806,49804,49866,49854,49840
8509,49802,49858,49773,49764,49838,49806,49804,49866,49854,49840
8510,49802,49858,49773,49764,49838,49806,49804,49866,49854,49840
8511,49802,49858,49773,49764,49838,49806,49804,49866,49854,49840
8512,49802,49858,49773,49764,49838,49806,49804,49866,49854,49840
8513,49802,49858,49773,49764,49838,49806,49804,49866,49854,49840
8514,49802,49858,49773,49764,49838,49806,49804,49866,49854,49840
8515,49802,49858,49773,49764,49838,49806,49804,49866,49854,49840
8516,49802,49858,49773,49764,49838,49806,49804,49866,49854,49840
8517,49802,49858,49773,49764,49838,49806,49804,49866,49854,49840
8518,49802,49858,49773,49764,49838,49806,49804,49866,49854,49840
8519,49802,49858,49773,49764,49838,49806,49804,49866,49854,49840
8520,49802,49858,49773,49764,49838,49806,49804,49866,49854,49840
8521,49802,49858,49773,49764,49838,49806,49804,49866,49854,49840
8522,49802,49858,49773,49764,49838,49806,49804,49866,49862,49840
8523,49802,49858,49773,49764,49838,49806,49804,49866,49862,49840
8524,49802,49858,49773,49764,49838,49806,49804,49866,49862,49840
8525,49802,49858,49773,49764,49838,49806,49804,49866,49862,49840
8526,49802,49858,49773,49764,49838,49806,49804,49866,49862,49840
8527,49802,49858,49773,49764,49838,49806,49804,49866,49862,49840
8528,49802,49858,49773,49764,49838,49806,49804,49866,49862,49840
8529,49802,49858,49773,49764,49838,49806,49804,49866,49862,49840
8530,49802,49858,49773,49764,49838,49806,49804,49866,49862,49840
8531,49802,49858,49773,49764,49838,49806,49804,49866,49862,49840
8532,49802,49858,49773,49764,49838,49806,49804,49866,49862,49840
8533,49802,49858,49773,49764,49838,49806,49804,49866,49862,49840
8534,49802,49858,49773,49764,49838,49806,49804,49866,49862,49840
8535,49802,49858,49773,49764,49838,49806,49804,49866,49862,49840
8536,49802,49858,49773,49764,49838,49806,49804,49866,49862,49840
8537,49802,49858,49773,49764,49838,49806,49804,49866,49862,49840
8538,49802,49858,49773,49764,49838,49806,49804,49866,49862,49840
8539,49802,49858,49773,49764,49838,49806,49804,49866,49862,49840
8540,49802,49858,49773,49764,49838,49806,49804,49866,49862,49840
8541,49802,49858,49773,49764,49838,49806,49804,49866,49862,49840
8542,49802,49858,49773,49764,49838,49806,49804,49866,49862,49840
8543,49802,49858,49773,49764,49838,49806,49804,49866,49862,49840
8544,49802,49858,49773,49764,49838,49806,49804,49866,49862,49840
8545,49802,49858,49773,49764,49838,49806,49804,49866,49862,49840
8546,49802,49858,49773,49764,49838,49806,49804,49866,49862,49840
8547,49802,49858,49773,49764,49838,49806,49804,49866,49862,49840
8548,49802,49858,49773,49764,49838,49806,49804,49866,49862,49840
8549,49802,49858,49773,49764,49838,49806,49804,49866,49862,49840
8550,49802,49858,49773,49764,49838,49806,49804,49866,49862,49840
8551,49802,49858,49773,49764,49838,49806,49804,49866,49862,49840
8552,49802,49858,49773,49764,49838,49806,49804,49866,49862,49840
8553,49802,49858,49773,49764,49838,49806,49804,49866,49862,49840
8554,49802,49858,49773,49764,49838,49806,49804,49866,49862,49840
8555,49802,49858,49773,49764,49838,49806,49804,49866,49862,49840
8556,49802,49858,49773,49764,49838,49806,49804,49866,49862,49840
8557,49802,49858,49773,49764,49838,49806,49804,49866,49862,49840
8558,49802,49858,49773,49764,49838,49806,49804,49866,49862,49840
8559,49802,49858,49773,49764,49838,49806,49804,49866,49862,49840
8560,49802,49858,49773,49764,49838,49806,49804,49866,49862,49840
8561,49802,49858,49773,49764,49838,49806,49804,49866,49862,49840
8562,49802,49858,49773,49764,49838,49806,49804,49866,49862,49840
8563,49802,49858,49773,49764,49838,49806,49804,49866,49862,49840
8564,49802,49858,49773,49764,49838,49806,49804,49866,49862,49840
8565,49802,49858,49773,49764,49838,49806,49804,49866,49862,49840
8566,49802,49858,49773,49764,49838,49806,49804,49866,49862,49840
8567,49802,49858,49773,49764,49838,49806,49804,49866,49862,49840
8568,49802,49858,49773,49764,49838,49806,49804,49866,49862,49840
8569,49802,49858,49773,49764,49838,49806,49804,49866,49862,49840
8570,49802,49858,49773,49764,49838,49806,49804,49866,49862,49854
8571,49802,49858,49773,49764,49838,49806,49804,49866,49862,49854
8572,49802,49858,49773,49764,49838,49806,49804,49866,49862,49854
8573,49802,49858,49773,49764,49838,49806,49804,49866,49862,49854
8574,49802,49858,49773,49764,49838,49806,49804,49866,49862,49854
8575,49802,49858,49773,49764,49838,49806,49804,49866,49862,49854
8576,49802,49858,49773,49764,49838,49806,49804,49866,49862,49854
8577,49802,49858,49773,49764,49838,49806,49804,49866,49862,49854
8578,49802,49858,49773,49764,49838,49806,49804,49866,49862,49854
8579,49802,49858,49773,49764,49838,49806,49804,49866,49862,49854
8580,49802,49858,49773,49764,49838,49806,49804,49866,49862,49854
8581,49802,49858,49773,49764,49838,49806,49804,49866,49862,49854
8582,49802,49858,49773,49764,49838,49806,49804,49866,49862,49854
8583,49802,49858,49773,49764,49838,49806,49804,49866,49862,49854
8584,49802,49858,49773,49764,49838,49806,49804,49866,49862,49854
8585,49802,49858,49773,49764,49838,49806,49804,49866,49862,49854
8586,49802,49858,49773,49764,49838,49806,49804,49866,49862,49854
8587,49802,49858,49773,49764,49838,49806,49804,49866,49862,49854
8588,49802,49858,49773,49764,49838,49806,49804,49866,49862,49854
8589,49802,49858,49773,49764,49838,49806,49804,49866,49862,49854
8590,49802,49858,49773,49764,49838,49806,49804,49866,49862,49854
8591,49802,49858,49773,49764,49838,49806,49804,49866,49862,49854
8592,49802,49858,49773,49764,49838,49806,49804,49866,49862,49854
8593,49802,49858,49773,49764,49838,49806,49804,49866,49862,49854
8594,49802,49858,49773,49764,49838,49806,49804,49866,49862,49854
8595,49802,49858,49773,49764,49838,49806,49804,49866,49862,49854
8596,49802,49858,49773,49764,49838,49806,49804,49866,49862,49854
8597,49802,49858,49773,49764,49838,49806,49804,49866,49862,49854
8598,49802,49858,49773,49764,49838,49806,49804,49866,49862,49854
8599,49802,49858,49773,49764,49838,49806,49804,49866,49862,49854
8600,49802,49858,49773,49764,49838,49806,49804,49866,49862,49854
8601,49802,49858,49773,49764,49838,49806,49804,49866,49862,49854
8602,49802,49858,49773,49764,49838,49806,49804,49866,49862,49854
8603,49802,49858,49773,49764,49838,49806,49804,49866,49862,49854
8604,49802,49858,49773,49764,49838,49806,49804,49866,49862,49854
8605,49802,49858,49773,49764,49838,49806,49804,49866,49862,49854
8606,49802,49858,49773,49764,49838,49806,49804,49866,49862,49854
8607,49802,49858,49773,49764,49838,49806,49804,49866,49862,49854
8608,49802,49858,49773,49764,49838,49806,49804,49866,49862,49854
8609,49802,49858,49773,49764,49838,49806,49804,49866,49862,49854
8610,49802,49858,49773,49764,49838,49806,49804,49866,49862,49854
8611,49802,49858,49773,49764,49838,49806,49804,49866,49862,49854
8612,49802,49858,49773,49764,49838,49806,49804,49866,49862,49854
8613,49802,49858,49773,49764,49838,49806,49804,49866,49862,49854
8614,49802,49858,49773,49764,49838,49806,49804,49866,49862,49854
8615,49802,49858,49773,49764,49838,49806,49804,49866,49862,49854
8616,49802,49858,49773,49764,49838,49806,49804,49866,49862,49854
8617,49802,49858,49773,49764,49838,49806,49804,49866,49862,49854
8618,49802,49858,49773,49764,49838,49806,49804,49866,49862,49854
8619,49802,49858,49773,49764,49838,49806,49804,49866,49862,49854
8620,49802,49858,49773,49764,49838,49806,49804,49866,49862,49854
8621,49802,49858,49773,49764,49838,49806,49804,49866,49862,49854
8622,49802,49858,49773,49764,49838,49806,49804,49866,49862,49854
8623,49802,49858,49773,49764,49838,49806,49804,49866,49862,49854
8624,49802,49858,49773,49764,49838,49806,49804,49866,49862,49854
8625,49802,49858,49773,49764,49838,49806,49804,49866,49862,49854
8626,49802,49858,49773,49764,49838,49806,49804,49866,49862,49854
8627,49802,49858,49773,49764,49838,49806,49804,49866,49862,49854
8628,49802,49858,49773,49764,49838,49806,49804,49866,49862,49854
8629,49802,49870,49773,49764,49838,49806,49804,49866,49862,49854
8630,49802,49870,49773,49764,49838,49806,49804,49866,49862,49854
8631,49802,49870,49773,49764,49838,49806,49804,49866,49862,49854
8632,49802,49870,49773,49764,49838,49806,49804,49866,49862,49854
8633,49802,49870,49773,49764,49838,49806,49804,49866,49862,49854
8634,49802,49870,49773,49764,49838,49806,49804,49866,49862,49854
8635,49802,49870,49773,49764,49838,49806,49804,49866,49862,49854
8636,49802,49870,49773,49764,49838,49806,49804,49866,49862,49854
8637,49802,49884,49773,49764,49838,49806,49804,49866,49862,49854
8638,49802,49884,49773,49764,49838,49806,49804,49866,49862,49854
8639,49802,49884,49773,49764,49838,49806,49804,49866,49862,49854
8640,49802,49884,49773,49764,49838,49806,49804,49866,49862,49854
8641,49802,49884,49773,49764,49838,49806,49804,49866,49862,49854
8642,49802,49884,49773,49764,49838,49806,49804,49866,49862,49854
8643,49802,49884,49773,49764,49838,49806,49804,49866,49862,49854
8644,49802,49884,49773,49764,49838,49806,49804,49866,49862,49854
8645,49814,49884,49773,49764,49838,49806,49804,49866,49862,49854
8646,49814,49884,49773,49764,49838,49806,49804,49866,49862,49854
8647,49814,49884,49773,49764,49838,49806,49804,49866,49862,49854
8648,49814,49884,49773,49764,49838,49806,49804,49866,49862,49854
8649,49814,49884,49773,49764,49838,49806,49804,49866,49862,49854
8650,49814,49884,49773,49764,49838,49806,49804,49866,49862,49854
8651,49814,49884,49773,49764,49838,49824,49804,49866,49862,49854
8652,49814,49884,49773,49764,49838,49824,49804,49866,49862,49854
8653,49814,49884,49773,49764,49838,49824,49804,49866,49862,49854
8654,49814,49884,49773,49764,49838,49824,49804,49866,49862,49854
8655,49814,49884,49773,49764,49838,49824,49804,49866,49862,49854
8656,49814,49884,49773,49764,49838,49824,49804,49866,49862,49854
8657,49814,49884,49773,49764,49838,49824,49804,49866,49862,49854
8658,49814,49884,49773,49764,49838,49824,49804,49866,49862,49854
8659,49814,49884,49773,49764,49838,49824,49804,49882,49862,49854
8660,49814,49884,49773,49764,49838,49824,49804,49882,49862,49854
8661,49814,49884,49773,49764,49838,49824,49804,49882,49862,49854
8662,49814,49884,49773,49764,49838,49824,49804,49882,49862,49854
8663,49814,49884,49773,49764,49838,49824,49804,49882,49862,49854
8664,49814,49884,49773,49764,49838,49824,49804,49882,49862,49854
8665,49814,49884,49773,49764,49838,49824,49804,49882,49862,49854
8666,49814,49884,49773,49764,49838,49824,49804,49882,49862,49854
8667,49814,49884,49773,49764,49838,49824,49804,49882,49862,49854
8668,49814,49884,49773,49764,49838,49824,49804,49882,49862,49854
8669,49814,49884,49773,49764,49838,49824,49804,49882,49862,49854
8670,49814,49884,49773,49764,49838,49824,49804,49882,49862,49854
8671,49814,49884,49773,49764,49838,49824,49804,49882,49862,49854
8672,49814,49884,49773,49764,49838,49824,49804,49882,49862,49854
8673,49814,49884,49773,49764,49838,49824,49804,49882,49862,49854
8674,49814,49884,49773,49764,49838,49824,49804,49882,49862,49854
8675,49814,49884,49773,49764,49838,49824,49804,49882,49862,49854
8676,49814,49884,49773,49764,49838,49824,49804,49882,49862,49854
8677,49814,49884,49773,49764,49838,49824,49804,49882,49862,49854
8678,49814,49884,49773,49764,49838,49824,49804,49882,49862,49854
8679,49814,49884,49773,49764,49838,49824,49804,49882,49862,49854
8680,49814,49884,49773,49764,49838,49824,49804,49882,49862,49854
8681,49814,49884,49773,49764,49838,49824,49804,49882,49862,49854
8682,49814,49884,49773,49764,49838,49824,49804,49882,49862,49854
8683,49814,49884,49773,49764,49838,49824,49804,49882,49862,49854
8684,49814,49884,49773,49764,49838,49824,49804,49882,49862,49854
8685,49814,49884,49773,49764,49838,49824,49804,49882,49862,49854
8686,49814,49884,49773,49764,49838,49824,49804,49882,49862,49854
8687,49814,49884,49773,49764,49838,49824,49804,49882,49862,49854
8688,49814,49884,49773,49764,49838,49824,49804,49882,49862,49854
8689,49814,49884,49773,49764,49838,49824,49804,49882,49862,49854
8690,49814,49884,49773,49764,49838,49824,49804,49882,49862,49854
8691,49814,49884,49773,49764,49838,49824,49804,49882,49862,49854
8692,49814,49884,49773,49764,49838,49824,49804,49882,49862,49854
8693,49814,49884,49773,49764,49838,49824,49804,49882,49862,49854
8694,49814,49884,49773,49764,49838,49824,49804,49882,49862,49854
8695,49814,49884,49773,49764,49838,49824,49804,49882,49862,49854
8696,49814,49884,49773,49764,49838,49824,49804,49882,49862,49854
8697,49814,49884,49773,49764,49838,49824,49804,49882,49862,49854
8698,49814,49884,49773,49764,49838,49824,49804,49882,49862,49854
8699,49814,49884,49773,49764,49838,49824,49804,49882,49862,49854
8700,49814,49884,49773,49764,49838,49824,49804,49882,49862,49854
8701,49814,49884,49773,49764,49838,49824,49804,49882,49862,49854
8702,49814,49884,49773,49764,49838,49824,49804,49882,49862,49854
8703,49814,49884,49773,49764,49838,49824,49804,49882,49862,49854
8704,49814,49884,49773,49764,49838,49824,49804,49882,49862,49854
8705,49814,49884,49773,49764,49838,49824,49804,49882,49862,49854
8706,49814,49884,49773,49764,49838,49824,49804,49882,49862,49854
8707,49814,49884,49773,49764,49838,49824,49804,49882,49862,49854
8708,49814,49884,49773,49764,49838,49824,49804,49882,49862,49854
8709,49814,49884,49773,49764,49838,49824,49804,49882,49862,49854
8710,49814,49884,49773,49764,49838,49824,49804,49882,49862,49854
8711,49814,49884,49773,49764,49838,49824,49804,49882,49862,49854
8712,49814,49884,49773,49764,49838,49824,49804,49882,49862,49854
8713,49814,49884,49773,49764,49838,49824,49804,49882,49862,49854
8714,49814,49884,49773,49764,49838,49824,49804,49882,49862,49854
8715,49814,49884,49773,49764,49838,49824,49804,49882,49862,49854
8716,49814,49884,49773,49764,49838,49824,49804,49882,49862,49854
8717,49814,49884,49773,49764,49838,49824,49804,49882,49862,49854
8718,49814,49887,49773,49764,49838,49824,49804,49882,49862,49854
8719,49814,49887,49773,49764,49838,49824,49804,49882,49862,49854
8720,49814,49887,49773,49764,49838,49824,49804,49882,49862,49854
8721,49814,49887,49773,49764,49838,49824,49804,49882,49862,49854
8722,49814,49888,49773,49764,49838,49824,49804,49882,49862,49854
8723,49814,49888,49773,49764,49838,49824,49804,49882,49862,49854
8724,49814,49888,49773,49764,49838,49824,49804,49882,49862,49854
8725,49814,49888,49773,49764,49838,49824,49804,49882,49862,49854
8726,49814,49888,49773,49764,49838,49824,49804,49882,49862,49854
8727,49814,49888,49773,49764,49838,49824,49804,49882,49862,49854
8728,49814,49888,49773,49764,49838,49824,49804,49882,49862,49854
8729,49814,49888,49773,49764,49838,49824,49804,49882,49862,49854
8730,49814,49888,49773,49764,49838,49824,49804,49882,49862,49854
8731,49814,49888,49773,49764,49838,49824,49804,49882,49862,49854
8732,49814,49888,49773,49764,49838,49824,49804,49882,49862,49854
8733,49814,49888,49773,49764,49838,49824,49804,49882,49862,49854
8734,49815,49888,49773,49764,49838,49824,49804,49882,49862,49854
8735,49815,49888,49773,49764,49838,49824,49804,49882,49862,49854
8736,49825,49888,49773,49764,49838,49824,49804,49882,49862,49854
8737,49825,49888,49773,49764,49838,49824,49804,49882,49862,49854
8738,49825,49888,49773,49764,49838,49824,49804,49882,49862,49854
8739,49825,49888,49773,49764,49838,49824,49804,49882,49862,49854
8740,49825,49888,49773,49764,49838,49824,49804,49882,49862,49854
8741,49825,49888,49773,49764,49838,49824,49804,49882,49862,49854
8742,49825,49888,49773,49764,49838,49824,49804,49882,49862,49854
8743,49825,49888,49773,49764,49838,49824,49804,49882,49862,49854
8744,49825,49888,49773,49764,49838,49824,49804,49882,49862,49854
8745,49825,49888,49773,49764,49838,49824,49804,49882,49862,49854
8746,49825,49888,49773,49764,49838,49824,49804,49882,49862,49854
8747,49825,49888,49773,49764,49838,49824,49804,49882,49862,49854
8748,49825,49888,49773,49764,49838,49824,49804,49882,49862,49854
8749,49825,49888,49773,49764,49838,49824,49804,49882,49862,49854
8750,49825,49888,49773,49764,49838,49824,49804,49882,49862,49854
8751,49825,49888,49773,49764,49838,49824,49804,49882,49862,49854
8752,49825,49888,49773,49764,49838,49824,49804,49882,49862,49854
8753,49825,49888,49773,49764,49838,49824,49804,49882,49862,49854
8754,49825,49888,49773,49764,49838,49824,49804,49882,49862,49854
8755,49825,49888,49773,49764,49838,49824,49804,49882,49862,49854
8756,49825,49888,49773,49764,49838,49824,49804,49882,49862,49854
8757,49825,49888,49773,49764,49838,49824,49804,49882,49862,49854
8758,49825,49888,49773,49764,49838,49824,49804,49882,49862,49854
8759,49825,49888,49773,49764,49838,49824,49804,49882,49862,49854
8760,49825,49888,49773,49764,49838,49824,49804,49882,49862,49854
8761,49825,49888,49773,49764,49838,49824,49804,49882,49862,49854
8762,49825,49888,49773,49764,49838,49824,49804,49882,49862,49854
8763,49825,49888,49773,49764,49838,49824,49804,49882,49862,49854
8764,49825,49907,49773,49764,49838,49824,49804,49882,49862,49854
8765,49825,49907,49773,49764,49838,49824,49804,49882,49862,49854
8766,49825,49907,49773,49764,49838,49824,49804,49882,49862,49854
8767,49825,49907,49773,49764,49838,49824,49804,49882,49862,49854
8768,49825,49907,49773,49764,49838,49824,49804,49882,49862,49854
8769,49825,49907,49773,49764,49838,49824,49804,49882,49862,49854
8770,49825,49907,49773,49764,49838,49824,49804,49882,49862,49854
8771,49825,49907,49773,49764,49838,49824,49804,49882,49862,49854
8772,49825,49907,49773,49764,49838,49824,49804,49882,49862,49854
8773,49825,49907,49773,49764,49838,49824,49804,49882,49862,49854
8774,49825,49907,49773,49764,49838,49824,49804,49882,49862,49854
8775,49825,49907,49773,49764,49838,49824,49804,49882,49862,49854
8776,49825,49907,49773,49764,49838,49824,49804,49882,49862,49854
8777,49825,49907,49773,49764,49838,49824,49804,49882,49862,49854
8778,49825,49907,49773,49764,49838,49824,49804,49882,49862,49854
8779,49825,49907,49773,49764,49838,49824,49804,49882,49862,49854
8780,49825,49907,49773,49764,49838,49824,49804,49882,49862,49854
8781,49825,49907,49773,49764,49838,49824,49804,49882,49862,49854
8782,49825,49907,49773,49764,49838,49824,49804,49882,49862,49854
8783,49825,49907,49773,49764,49838,49824,49804,49882,49862,49854
8784,49825,49907,49773,49764,49838,49824,49804,49882,49862,49854
8785,49825,49907,49773,49764,49838,49824,49804,49882,49862,49854
8786,49825,49907,49773,49764,49838,49824,49804,49882,49862,49854
8787,49825,49907,49773,49764,49838,49824,49804,49882,49862,49854
8788,49825,49907,49773,49764,49838,49824,49804,49882,49862,49854
8789,49825,49907,49773,49764,49838,49824,49804,49882,49862,49854
8790,49825,49907,49773,49764,49838,49824,49804,49882,49862,49854
8791,49825,49907,49773,49764,49838,49824,49804,49882,49862,49854
8792,49825,49907,49773,49764,49838,49824,49804,49882,49862,49854
8793,49825,49907,49773,49764,49838,49824,49804,49882,49862,49854
8794,49825,49907,49773,49764,49838,49824,49804,49882,49862,49854
8795,49825,49907,49773,49764,49838,49824,49804,49882,49862,49854
8796,49825,49907,49773,49764,49838,49824,49804,49882,49862,49854
8797,49825,49907,49773,49764,49838,49824,49804,49882,49862,49854
8798,49825,49907,49773,49764,49838,49824,49804,49882,49862,49854
8799,49825,49907,49773,49764,49838,49824,49804,49882,49862,49854
8800,49825,49907,49773,49764,49838,49824,49804,49882,49862,49854
8801,49825,49907,49773,49764,49838,49824,49804,49882,49862,49854
8802,49825,49907,49773,49764,49838,49824,49804,49882,49862,49854
8803,49825,49907,49773,49764,49838,49824,49804,49882,49862,49854
8804,49825,49907,49773,49764,49838,49824,49804,49882,49862,49854
8805,49825,49907,49773,49764,49838,49824,49804,49882,49862,49854
8806,49825,49907,49773,49764,49838,49824,49804,49882,49862,49854
8807,49825,49907,49773,49764,49838,49824,49804,49882,49862,49854
8808,49825,49907,49773,49764,49838,49824,49804,49882,49862,49854
8809,49825,49907,49773,49764,49838,49824,49804,49882,49862,49854
8810,49825,49907,49773,49764,49838,49824,49804,49882,49862,49854
8811,49825,49907,49773,49764,49838,49824,49804,49882,49862,49854
8812,49825,49907,49773,49764,49838,49824,49804,49882,49862,49854
8813,49825,49907,49773,49764,49838,49824,49804,49882,49862,49854
8814,49825,49907,49773,49764,49838,49824,49804,49882,49862,49854
8815,49825,49907,49773,49764,49838,49824,49804,49882,49862,49854
8816,49825,49907,49773,49764,49838,49824,49804,49882,49862,49854
8817,49825,49907,49773,49764,49838,49824,49804,49882,49862,49854
8818,49825,49907,49773,49764,49838,49824,49804,49882,49862,49854
8819,49825,49907,49773,49764,49838,49824,49804,49882,49862,49854
8820,49825,49907,49773,49764,49838,49824,49804,49882,49862,49854
8821,49825,49907,49773,49764,49838,49824,49804,49882,49862,49854
8822,49825,49907,49773,49764,49838,49824,49804,49882,49862,49854
8823,49825,49907,49773,49764,49838,49824,49804,49882,49862,49854
8824,49825,49907,49773,49764,49838,49824,49804,49882,49862,49854
8825,49825,49907,49773,49764,49838,49824,49804,49882,49862,49854
8826,49825,49907,49773,49764,49838,49824,49804,49882,49862,49854
8827,49825,49907,49773,49764,49838,49824,49804,49882,49862,49854
8828,49825,49907,49773,49764,49838,49824,49804,49882,49862,49854
8829,49825,49907,49773,49764,49838,49824,49804,49882,49862,49854
8830,49825,49907,49773,49764,49838,49824,49804,49882,49862,49854
8831,49825,49907,49773,49764,49838,49824,49804,49882,49862,49854
8832,49825,49907,49773,49764,49838,49824,49804,49882,49862,49854
8833,49825,49907,49773,49764,49838,49824,49804,49882,49862,49854
8834,49825,49907,49773,49764,49838,49824,49804,49882,49862,49854
8835,49825,49907,49773,49764,49838,49824,49804,49882,49862,49854
8836,49825,49907,49773,49764,49838,49824,49804,49882,49862,49854
8837,49825,49907,49773,49764,49838,49824,49804,49882,49862,49854
8838,49825,49907,49773,49764,49838,49824,49804,49882,49862,49854
8839,49825,49907,49773,49764,49838,49824,49804,49882,49862,49854
8840,49825,49907,49773,49764,49838,49824,49804,49882,49862,49854
8841,49825,49907,49773,49764,49838,49824,49804,49882,49862,49854
8842,49825,49907,49773,49764,49838,49824,49804,49882,49862,49854
8843,49825,49907,49773,49764,49838,49824,49804,49882,49862,49854
8844,49825,49907,49773,49764,49838,49824,49804,49882,49862,49854
8845,49825,49907,49773,49764,49838,49824,49804,49882,49862,49854
8846,49825,49907,49773,49764,49838,49824,49804,49882,49862,49854
8847,49825,49907,49773,49764,49838,49824,49804,49882,49862,49854
8848,49825,49907,49773,49764,49838,49824,49804,49882,49862,49854
8849,49825,49907,49773,49764,49838,49824,49804,49882,49862,49854
8850,49825,49907,49773,49764,49838,49824,49804,49882,49862,49854
8851,49825,49907,49773,49764,49838,49824,49804,49882,49862,49854
8852,49825,49907,49773,49764,49838,49824,49804,49882,49862,49854
8853,49825,49907,49773,49764,49838,49824,49804,49882,49862,49854
8854,49825,49907,49773,49764,49838,49824,49804,49882,49862,49854
8855,49825,49907,49773,49764,49838,49824,49804,49882,49862,49854
8856,49825,49907,49773,49764,49838,49824,49804,49882,49862,49854
8857,49825,49907,49773,49764,49838,49824,49804,49882,49862,49854
8858,49825,49907,49773,49764,49838,49824,49804,49882,49862,49854
8859,49825,49907,49773,49764,49838,49824,49804,49882,49862,49854
8860,49825,49907,49773,49764,49838,49824,49804,49882,49862,49854
8861,49825,49907,49773,49764,49838,49824,49804,49882,49862,49854
8862,49825,49907,49773,49764,49838,49824,49804,49882,49862,49854
8863,49825,49907,49773,49764,49838,49824,49804,49882,49862,49854
8864,49825,49907,49773,49764,49838,49824,49804,49882,49862,49854
8865,49825,49907,49773,49764,49838,49824,49804,49882,49862,49854
8866,49825,49907,49773,49764,49838,49824,49804,49882,49862,49854
8867,49825,49907,49773,49764,49838,49824,49804,49882,49862,49854
8868,49825,49907,49773,49764,49838,49824,49804,49882,49862,49854
8869,49825,49907,49773,49764,49838,49824,49804,49882,49862,49854
8870,49825,49907,49773,49764,49838,49824,49804,49882,49862,49854
8871,49825,49907,49773,49764,49838,49824,49804,49882,49862,49854
8872,49825,49907,49773,49764,49838,49824,49804,49882,49862,49854
8873,49825,49907,49773,49764,49838,49824,49804,49882,49862,49854
8874,49825,49907,49773,49764,49838,49824,49804,49882,49862,49854
8875,49825,49907,49773,49764,49838,49824,49804,49882,49862,49854
8876,49825,49907,49773,49764,49838,49824,49804,49882,49862,49854
8877,49825,49907,49773,49764,49838,49824,49804,49882,49862,49854
8878,49825,49907,49773,49764,49838,49824,49804,49882,49862,49854
8879,49825,49907,49773,49764,49838,49824,49804,49882,49862,49854
8880,49825,49907,49773,49764,49838,49824,49804,49882,49862,49854
8881,49825,49907,49773,49764,49838,49824,49804,49882,49862,49854
8882,49825,49907,49773,49764,49838,49824,49804,49882,49862,49854
8883,49825,49907,49773,49764,49838,49824,49804,49882,49862,49854
8884,49825,49907,49773,49764,49838,49824,49804,49882,49862,49854
8885,49825,49907,49773,49764,49838,49824,49804,49882,49862,49854
8886,49825,49907,49773,49764,49838,49824,49804,49882,49862,49854
8887,49825,49907,49773,49764,49838,49824,49804,49882,49862,49854
8888,49825,49907,49773,49764,49838,49824,49804,49882,49862,49854
8889,49825,49907,49773,49764,49838,49824,49804,49882,49862,49854
8890,49825,49907,49773,49764,49838,49824,49804,49882,49862,49854
8891,49825,49907,49773,49764,49838,49824,49804,49882,49862,49854
8892,49825,49907,49773,49764,49838,49824,49804,49882,49862,49854
8893,49825,49907,49773,49764,49838,49824,49804,49882,49862,49854
8894,49825,49907,49773,49764,49838,49824,49804,49882,49862,49854
8895,49825,49907,49773,49764,49838,49824,49804,49882,49862,49854
8896,49825,49907,49773,49764,49838,49824,49804,49882,49862,49854
8897,49825,49907,49773,49764,49838,49824,49804,49882,49862,49854
8898,49825,49907,49773,49764,49838,49824,49804,49882,49862,49854
8899,49825,49907,49773,49764,49838,49824,49804,49882,49862,49854
8900,49825,49907,49773,49764,49838,49824,49804,49882,49862,49854
8901,49825,49907,49773,49764,49838,49824,49804,49882,49862,49854
8902,49825,49907,49773,49764,49838,49824,49804,49882,49862,49854
8903,49825,49907,49773,49764,49838,49824,49804,49882,49862,49854
8904,49825,49907,49773,49764,49838,49824,49804,49882,49862,49854
8905,49825,49907,49773,49764,49838,49824,49804,49882,49862,49854
8906,49825,49907,49773,49764,49838,49824,49804,49882,49862,49854
8907,49825,49907,49773,49764,49838,49824,49804,49882,49862,49854
8908,49825,49907,49773,49764,49838,49824,49804,49882,49862,49854
8909,49825,49907,49773,49764,49838,49824,49804,49882,49862,49854
8910,49825,49907,49773,49764,49838,49824,49804,49882,49862,49854
8911,49825,49907,49773,49764,49838,49824,49804,49882,49862,49854
8912,49825,49907,49773,49764,49838,49824,49804,49882,49862,49854
8913,49825,49907,49773,49764,49838,49824,49804,49882,49862,49854
8914,49825,49907,49773,49764,49838,49824,49804,49882,49862,49854
8915,49825,49907,49773,49764,49838,49824,49804,49882,49862,49854
8916,49825,49907,49773,49764,49838,49824,49804,49882,49862,49854
8917,49825,49907,49773,49764,49838,49824,49804,49882,49862,49854
8918,49825,49907,49773,49764,49838,49824,49804,49882,49862,49854
8919,49825,49907,49773,49764,49838,49824,49804,49882,49862,49854
8920,49825,49907,49773,49764,49838,49824,49804,49882,49862,49854
8921,49825,49907,49773,49764,49838,49824,49804,49882,49862,49854
8922,49825,49907,49773,49764,49838,49824,49804,49882,49862,49854
8923,49825,49907,49773,49764,49838,49824,49804,49882,49862,49854
8924,49825,49907,49773,49764,49838,49824,49804,49882,49862,49854
8925,49825,49907,49773,49764,49838,49824,49804,49882,49862,49854
8926,49825,49907,49773,49764,49838,49824,49804,49882,49862,49854
8927,49825,49907,49773,49764,49838,49824,49804,49882,49862,49854
8928,49825,49907,49773,49764,49838,49824,49804,49882,49862,49854
8929,49825,49907,49773,49764,49838,49824,49804,49882,49862,49854
8930,49825,49907,49773,49764,49838,49824,49804,49882,49862,49854
8931,49825,49907,49773,49764,49838,49824,49804,49882,49862,49854
8932,49825,49907,49773,49764,49838,49824,49804,49882,49862,49854
8933,49825,49907,49773,49764,49838,49824,49804,49882,49862,49854
8934,49825,49907,49773,49764,49838,49824,49804,49882,49862,49854
8935,49825,49907,49773,49764,49838,49824,49804,49882,49862,49854
8936,49825,49907,49773,49764,49838,49824,49804,49882,49862,49854
8937,49825,49907,49773,49764,49838,49824,49804,49882,49862,49854
8938,49825,49907,49773,49764,49838,49824,49804,49882,49862,49854
8939,49825,49907,49773,49764,49838,49824,49804,49882,49862,49854
8940,49825,49907,49773,49764,49838,49824,49804,49882,49862,49854
8941,49825,49907,49773,49764,49838,49824,49804,49882,49862,49854
8942,49825,49907,49773,49764,49838,49824,49804,49882,49862,49854
8943,49825,49907,49773,49764,49838,49824,49804,49882,49862,49854
8944,49825,49907,49773,49764,49838,49824,49804,49882,49862,49854
8945,49825,49907,49773,49764,49838,49824,49804,49882,49862,49854
8946,49825,49907,49773,49764,49838,49824,49804,49882,49862,49854
8947,49825,49907,49773,49764,49838,49824,49804,49882,49862,49854
8948,49825,49907,49773,49764,49838,49824,49804,49882,49862,49854
8949,49825,49907,49773,49764,49838,49824,49804,49882,49862,49854
8950,49825,49907,49773,49764,49838,49824,49804,49882,49862,49854
8951,49825,49907,49773,49764,49838,49824,49804,49882,49862,49854
8952,49825,49907,49773,49764,49838,49824,49804,49882,49862,49854
8953,49825,49907,49773,49764,49838,49824,49804,49882,49862,49854
8954,49825,49907,49773,49764,49838,49824,49804,49882,49862,49854
8955,49825,49907,49773,49764,49838,49824,49804,49882,49862,49854
8956,49825,49907,49773,49764,49838,49824,49804,49882,49862,49854
8957,49825,49907,49773,49764,49838,49824,49804,49882,49862,49854
8958,49825,49907,49773,49764,49838,49824,49804,49882,49862,49854
8959,49825,49907,49773,49764,49838,49824,49804,49882,49862,49854
8960,49825,49907,49773,49764,49838,49824,49804,49882,49862,49854
8961,49825,49907,49773,49764,49838,49824,49804,49882,49862,49854
8962,49825,49907,49773,49764,49838,49824,49804,49882,49862,49854
8963,49825,49907,49773,49764,49838,49824,49804,49882,49862,49854
8964,49825,49907,49773,49764,49838,49824,49804,49882,49862,49854
8965,49825,49907,49773,49764,49838,49824,49804,49882,49862,49854
8966,49825,49907,49773,49764,49838,49824,49804,49882,49862,49854
8967,49825,49907,49773,49764,49838,49824,49804,49882,49862,49854
8968,49825,49907,49773,49764,49838,49824,49804,49882,49862,49854
8969,49825,49907,49773,49764,49838,49824,49804,49882,49862,49854
8970,49825,49907,49773,49764,49838,49824,49804,49882,49862,49854
8971,49825,49907,49773,49764,49838,49824,49804,49882,49862,49854
8972,49825,49907,49773,49764,49838,49824,49804,49882,49862,49854
8973,49825,49907,49773,49764,49838,49824,49804,49882,49862,49854
8974,49825,49907,49773,49764,49838,49824,49804,49882,49862,49854
8975,49825,49907,49773,49764,49838,49824,49804,49882,49862,49854
8976,49825,49907,49773,49764,49838,49824,49804,49882,49862,49854
8977,49825,49907,49773,49764,49838,49824,49804,49882,49862,49854
8978,49825,49907,49773,49764,49838,49824,49804,49882,49862,49854
8979,49825,49907,49773,49764,49838,49824,49804,49882,49862,49854
8980,49825,49907,49773,49764,49838,49824,49804,49882,49862,49854
8981,49825,49907,49773,49764,49838,49824,49804,49882,49862,49854
8982,49825,49907,49773,49764,49838,49824,49804,49882,49862,49854
8983,49825,49907,49773,49764,49838,49824,49804,49882,49862,49854
8984,49825,49907,49773,49764,49838,49824,49804,49882,49862,49854
8985,49825,49907,49773,49764,49838,49824,49804,49882,49862,49854
8986,49825,49907,49773,49764,49838,49824,49804,49882,49862,49854
8987,49825,49907,49773,49764,49838,49824,49804,49882,49862,49854
8988,49825,49907,49773,49764,49838,49824,49804,49882,49862,49854
8989,49825,49907,49773,49764,49838,49824,49804,49882,49862,49854
8990,49825,49907,49773,49764,49838,49824,49804,49882,49862,49854
8991,49825,49907,49773,49764,49838,49824,49804,49882,49862,49854
8992,49825,49907,49773,49764,49838,49824,49804,49882,49862,49854
8993,49825,49907,49773,49764,49838,49824,49804,49882,49862,49854
8994,49825,49907,49773,49764,49838,49824,49804,49882,49862,49854
8995,49825,49907,49773,49764,49838,49824,49804,49882,49862,49854
8996,49825,49907,49773,49764,49838,49824,49804,49882,49862,49854
8997,49825,49907,49773,49764,49838,49824,49804,49882,49862,49854
8998,49825,49907,49773,49764,49838,49824,49804,49882,49862,49854
8999,49825,49907,49773,49764,49838,49824,49804,49882,49862,49854
9000,49825,49907,49773,49764,49838,49824,49804,49882,49862,49854
9001,49825,49907,49773,49764,49838,49824,49804,49882,49862,49854
9002,49825,49907,49773,49764,49838,49824,49804,49882,49862,49854
9003,49825,49907,49773,49764,49838,49824,49804,49882,49862,49854
9004,49825,49907,49773,49764,49838,49824,49804,49882,49862,49854
9005,49825,49907,49773,49764,49838,49824,49804,49882,49862,49854
9006,49825,49907,49773,49764,49838,49824,49804,49882,49862,49854
9007,49825,49907,49773,49764,49838,49824,49804,49882,49862,49854
9008,49825,49907,49773,49764,49838,49824,49804,49882,49862,49854
9009,49825,49907,49773,49764,49838,49824,49804,49882,49862,49854
9010,49825,49907,49773,49764,49838,49824,49804,49882,49862,49854
9011,49825,49907,49773,49764,49838,49824,49804,49882,49862,49854
9012,49825,49907,49773,49764,49838,49824,49804,49882,49862,49854
9013,49825,49907,49773,49764,49838,49824,49804,49882,49862,49854
9014,49825,49907,49773,49764,49838,49824,49804,49882,49862,49854
9015,49825,49907,49773,49764,49838,49824,49804,49882,49862,49854
9016,49825,49907,49773,49764,49838,49824,49804,49882,49862,49854
9017,49825,49907,49773,49764,49838,49824,49804,49882,49862,49854
9018,49825,49907,49773,49764,49838,49824,49804,49882,49862,49854
9019,49825,49907,49773,49764,49838,49824,49804,49882,49862,49854
9020,49825,49907,49773,49764,49838,49824,49804,49882,49862,49854
9021,49825,49907,49773,49764,49838,49824,49804,49882,49862,49854
9022,49825,49907,49773,49764,49838,49824,49804,49882,49862,49854
9023,49825,49907,49773,49764,49838,49824,49804,49882,49862,49854
9024,49825,49907,49773,49764,49838,49824,49804,49882,49862,49854
9025,49825,49907,49773,49764,49838,49824,49804,49882,49862,49854
9026,49825,49907,49773,49764,49838,49824,49804,49882,49862,49854
9027,49825,49907,49773,49764,49838,49824,49804,49882,49862,49854
9028,49825,49907,49773,49764,49838,49824,49804,49882,49862,49854
9029,49825,49907,49773,49764,49838,49824,49804,49882,49862,49854
9030,49825,49907,49773,49764,49838,49824,49804,49882,49862,49854
9031,49825,49907,49773,49764,49838,49824,49804,49882,49862,49854
9032,49825,49907,49773,49764,49838,49824,49804,49882,49862,49854
9033,49825,49907,49773,49764,49838,49824,49804,49882,49862,49854
9034,49825,49907,49773,49764,49838,49824,49804,49882,49862,49854
9035,49825,49907,49773,49764,49838,49824,49804,49882,49862,49854
9036,49825,49907,49773,49764,49838,49824,49804,49882,49862,49854
9037,49825,49907,49773,49764,49838,49824,49804,49882,49862,49854
9038,49825,49907,49773,49764,49838,49824,49804,49882,49862,49854
9039,49825,49907,49773,49764,49838,49824,49804,49882,49862,49854
9040,49825,49907,49773,49764,49838,49824,49804,49882,49862,49854
9041,49825,49907,49773,49764,49838,49824,49804,49882,49862,49854
9042,49825,49907,49773,49764,49838,49824,49804,49882,49862,49854
9043,49825,49907,49773,49764,49838,49824,49804,49882,49862,49854
9044,49825,49907,49773,49764,49838,49824,49804,49882,49862,49854
9045,49825,49907,49773,49764,49838,49824,49804,49882,49862,49854
9046,49825,49907,49773,49764,49838,49824,49804,49882,49862,49854
9047,49825,49907,49773,49764,49838,49824,49804,49882,49862,49854
9048,49825,49907,49773,49764,49838,49824,49804,49882,49862,49854
9049,49825,49907,49773,49764,49838,49824,49804,49882,49862,49854
9050,49825,49907,49773,49764,49838,49824,49804,49882,49862,49854
9051,49825,49907,49773,49764,49838,49824,49804,49882,49862,49854
9052,49825,49907,49773,49764,49838,49824,49804,49882,49862,49854
9053,49825,49907,49773,49764,49838,49824,49804,49882,49862,49854
9054,49825,49907,49773,49764,49838,49824,49804,49882,49862,49854
9055,49825,49907,49773,49764,49838,49824,49804,49882,49862,49854
9056,49825,49907,49773,49764,49838,49824,49804,49882,49862,49854
9057,49825,49907,49773,49764,49838,49824,49804,49882,49862,49854
9058,49825,49907,49773,49764,49838,49824,49804,49882,49862,49854
9059,49825,49907,49773,49764,49838,49824,49804,49882,49862,49854
9060,49825,49907,49773,49764,49838,49824,49804,49882,49862,49854
9061,49825,49907,49773,49764,49838,49824,49804,49882,49862,49854
9062,49825,49907,49773,49764,49838,49824,49804,49882,49862,49854
9063,49825,49907,49773,49764,49838,49824,49804,49882,49862,49854
9064,49825,49907,49773,49764,49838,49824,49804,49882,49862,49854
9065,49825,49907,49773,49764,49838,49824,49804,49882,49862,49854
9066,49825,49907,49773,49764,49838,49824,49804,49882,49862,49854
9067,49825,49907,49773,49764,49838,49824,49804,49882,49862,49854
9068,49825,49907,49773,49764,49838,49824,49804,49882,49862,49854
9069,49825,49907,49773,49764,49838,49824,49804,49882,49862,49854
9070,49825,49907,49773,49764,49838,49824,49804,49882,49862,49854
9071,49825,49907,49773,49764,49838,49824,49804,49882,49862,49854
9072,49825,49907,49773,49764,49838,49824,49804,49882,49862,49854
9073,49825,49907,49773,49764,49838,49824,49804,49882,49862,49854
9074,49825,49907,49773,49764,49838,49824,49804,49882,49862,49854
9075,49825,49907,49773,49764,49838,49824,49804,49882,49862,49854
9076,49825,49907,49773,49764,49838,49824,49804,49882,49862,49854
9077,49825,49907,49773,49764,49838,49824,49804,49882,49862,49854
9078,49825,49907,49773,49764,49838,49824,49804,49882,49862,49854
9079,49825,49907,49773,49764,49838,49824,49804,49882,49862,49854
9080,49825,49907,49773,49764,49838,49824,49804,49882,49862,49854
9081,49825,49907,49773,49764,49838,49824,49804,49882,49862,49854
9082,49825,49907,49773,49764,49838,49824,49804,49882,49862,49854
9083,49825,49907,49773,49764,49838,49824,49804,49882,49862,49854
9084,49825,49907,49773,49764,49838,49824,49804,49882,49862,49854
9085,49825,49907,49773,49764,49838,49824,49804,49882,49862,49854
9086,49825,49907,49773,49764,49838,49824,49804,49882,49862,49854
9087,49825,49907,49773,49764,49838,49824,49804,49882,49862,49854
9088,49825,49907,49773,49764,49838,49824,49804,49882,49862,49854
9089,49825,49907,49773,49764,49838,49824,49804,49882,49862,49854
9090,49825,49907,49773,49764,49838,49824,49804,49882,49862,49854
9091,49825,49907,49773,49764,49838,49824,49804,49882,49862,49854
9092,49825,49907,49773,49764,49838,49824,49804,49882,49862,49854
9093,49825,49907,49773,49764,49838,49824,49804,49882,49862,49854
9094,49825,49907,49773,49764,49838,49824,49804,49882,49862,49854
9095,49825,49907,49773,49764,49838,49824,49804,49882,49862,49854
9096,49825,49907,49773,49764,49838,49824,49804,49882,49862,49854
9097,49825,49907,49773,49764,49838,49824,49804,49882,49862,49854
9098,49825,49907,49773,49764,49838,49824,49804,49882,49862,49854
9099,49825,49907,49773,49764,49838,49824,49804,49882,49862,49854
9100,49825,49907,49773,49764,49838,49824,49804,49882,49862,49854
9101,49825,49907,49773,49764,49838,49824,49804,49882,49862,49854
9102,49825,49907,49773,49764,49838,49824,49804,49882,49862,49854
9103,49825,49907,49773,49764,49838,49824,49804,49882,49862,49854
9104,49825,49907,49773,49764,49838,49824,49804,49882,49862,49854
9105,49825,49907,49773,49764,49838,49824,49804,49882,49862,49854
9106,49825,49907,49773,49764,49838,49824,49804,49882,49862,49854
9107,49825,49907,49773,49764,49838,49824,49804,49882,49862,49854
9108,49825,49907,49773,49764,49838,49824,49804,49882,49862,49854
9109,49825,49907,49773,49764,49838,49824,49804,49882,49862,49854
9110,49825,49907,49773,49764,49838,49824,49804,49882,49862,49854
9111,49825,49907,49773,49764,49838,49824,49804,49882,49862,49854
9112,49825,49907,49773,49764,49838,49824,49804,49882,49862,49854
9113,49825,49907,49773,49764,49838,49824,49804,49882,49862,49854
9114,49825,49907,49773,49764,49838,49824,49804,49882,49862,49854
9115,49825,49907,49773,49764,49838,49824,49804,49882,49862,49854
9116,49825,49907,49773,49764,49838,49824,49804,49882,49862,49854
9117,49825,49907,49773,49764,49838,49824,49804,49882,49862,49854
9118,49825,49907,49773,49764,49838,49824,49804,49882,49862,49854
9119,49825,49907,49773,49764,49838,49824,49804,49882,49862,49854
9120,49825,49907,49773,49764,49838,49824,49804,49882,49862,49854
9121,49825,49907,49773,49764,49838,49824,49804,49882,49862,49854
9122,49825,49907,49773,49764,49838,49824,49804,49882,49862,49854
9123,49825,49907,49773,49764,49838,49824,49804,49882,49862,49854
9124,49825,49907,49773,49764,49838,49824,49804,49882,49862,49854
9125,49825,49907,49773,49764,49838,49824,49804,49882,49862,49854
9126,49825,49907,49773,49764,49838,49824,49804,49882,49862,49854
9127,49825,49907,49773,49764,49838,49824,49804,49882,49862,49854
9128,49825,49907,49773,49764,49838,49824,49804,49882,49862,49854
9129,49825,49907,49773,49764,49838,49824,49804,49882,49862,49854
9130,49825,49907,49773,49764,49838,49824,49804,49882,49862,49854
9131,49825,49907,49773,49764,49838,49824,49804,49882,49862,49854
9132,49825,49907,49773,49764,49838,49824,49804,49882,49862,49854
9133,49825,49907,49773,49764,49838,49824,49804,49882,49862,49854
9134,49825,49907,49773,49764,49838,49824,49804,49882,49862,49854
9135,49825,49907,49773,49764,49838,49824,49804,49882,49862,49854
9136,49825,49907,49773,49764,49838,49824,49804,49882,49862,49854
9137,49825,49907,49773,49764,49838,49824,49804,49882,49862,49854
9138,49825,49907,49773,49764,49838,49824,49804,49882,49862,49854
9139,49825,49907,49773,49764,49838,49824,49804,49882,49862,49854
9140,49825,49907,49773,49764,49838,49824,49804,49882,49862,49854
9141,49825,49907,49773,49764,49838,49824,49804,49882,49862,49854
9142,49825,49907,49773,49764,49838,49824,49804,49882,49862,49854
9143,49825,49907,49773,49764,49838,49824,49804,49882,49862,49854
9144,49825,49907,49773,49764,49838,49824,49804,49882,49862,49854
9145,49825,49907,49773,49764,49838,49824,49804,49882,49862,49854
9146,49825,49907,49773,49764,49838,49824,49804,49882,49862,49854
9147,49825,49907,49773,49764,49838,49824,49804,49882,49862,49854
9148,49825,49907,49773,49764,49838,49824,49804,49882,49862,49854
9149,49825,49907,49773,49764,49838,49824,49804,49882,49862,49854
9150,49825,49907,49773,49764,49838,49824,49804,49882,49862,49854
9151,49825,49907,49773,49764,49838,49824,49804,49882,49862,49854
9152,49825,49907,49773,49764,49838,49824,49804,49882,49862,49854
9153,49825,49907,49773,49764,49838,49824,49804,49882,49862,49854
9154,49825,49907,49773,49764,49838,49824,49804,49882,49862,49854
9155,49825,49907,49773,49764,49838,49824,49804,49882,49862,49854
9156,49825,49907,49773,49764,49838,49824,49804,49882,49862,49854
9157,49825,49907,49773,49764,49838,49824,49804,49882,49862,49854
9158,49825,49907,49773,49764,49838,49824,49804,49882,49862,49854
9159,49825,49907,49773,49764,49838,49824,49804,49882,49862,49854
9160,49825,49907,49773,49764,49838,49824,49804,49882,49862,49854
9161,49825,49907,49773,49764,49838,49824,49804,49882,49862,49854
9162,49825,49907,49773,49764,49838,49824,49804,49882,49862,49854
9163,49825,49907,49773,49764,49838,49824,49804,49882,49862,49854
9164,49825,49907,49773,49764,49838,49824,49804,49882,49862,49854
9165,49825,49907,49773,49764,49838,49824,49804,49882,49862,49854
9166,49825,49907,49773,49764,49838,49824,49804,49882,49862,49854
9167,49825,49907,49773,49764,49838,49824,49804,49882,49862,49854
9168,49825,49907,49773,49764,49838,49824,49804,49882,49862,49854
9169,49825,49907,49773,49764,49838,49824,49804,49882,49862,49854
9170,49825,49907,49773,49764,49838,49824,49804,49882,49862,49854
9171,49825,49907,49773,49764,49838,49824,49804,49882,49862,49854
9172,49825,49907,49773,49764,49838,49824,49804,49882,49862,49854
9173,49825,49907,49773,49764,49838,49824,49804,49882,49862,49854
9174,49825,49907,49773,49764,49838,49824,49804,49882,49862,49854
9175,49825,49907,49773,49764,49838,49824,49804,49882,49862,49854
9176,49825,49907,49773,49764,49838,49824,49804,49882,49862,49854
9177,49825,49907,49773,49764,49838,49824,49804,49882,49862,49854
9178,49825,49907,49773,49764,49838,49824,49804,49882,49862,49854
9179,49825,49907,49773,49764,49838,49824,49804,49882,49862,49854
9180,49825,49907,49773,49764,49838,49824,49804,49882,49862,49854
9181,49825,49907,49773,49764,49838,49824,49804,49882,49862,49854
9182,49825,49907,49773,49764,49838,49824,49804,49882,49862,49854
9183,49825,49907,49773,49764,49838,49824,49804,49882,49862,49854
9184,49825,49907,49773,49764,49838,49824,49804,49882,49862,49854
9185,49825,49907,49773,49764,49838,49824,49804,49882,49862,49854
9186,49825,49907,49773,49764,49838,49824,49804,49882,49862,49854
9187,49825,49907,49773,49764,49838,49824,49804,49882,49862,49854
9188,49825,49907,49773,49764,49838,49824,49804,49882,49862,49854
9189,49825,49907,49773,49764,49838,49824,49804,49882,49862,49854
9190,49825,49907,49773,49764,49838,49824,49804,49882,49862,49854
9191,49825,49907,49773,49764,49838,49824,49804,49882,49862,49854
9192,49825,49907,49773,49764,49838,49824,49804,49882,49862,49854
9193,49825,49907,49773,49764,49838,49824,49804,49882,49862,49854
9194,49825,49907,49773,49764,49838,49824,49804,49882,49862,49854
9195,49825,49907,49773,49764,49838,49824,49804,49882,49862,49854
9196,49825,49907,49773,49764,49838,49824,49804,49882,49862,49854
9197,49825,49907,49773,49764,49838,49824,49804,49882,49862,49854
9198,49825,49907,49773,49764,49838,49824,49804,49882,49862,49854
9199,49825,49907,49773,49764,49838,49824,49804,49882,49862,49854
9200,49825,49907,49773,49764,49838,49824,49804,49882,49862,49854
9201,49825,49907,49773,49764,49838,49824,49804,49882,49862,49854
9202,49825,49907,49773,49764,49838,49824,49804,49882,49862,49854
9203,49825,49907,49773,49764,49838,49824,49804,49882,49862,49854
9204,49825,49907,49773,49764,49838,49824,49804,49882,49862,49854
9205,49825,49907,49773,49764,49838,49824,49804,49882,49862,49854
9206,49825,49907,49773,49764,49838,49824,49804,49882,49862,49854
9207,49825,49907,49773,49764,49838,49824,49804,49882,49862,49854
9208,49825,49907,49773,49764,49838,49824,49804,49882,49862,49854
9209,49825,49907,49773,49764,49838,49824,49804,49882,49862,49854
9210,49825,49907,49773,49764,49838,49824,49804,49882,49862,49854
9211,49825,49907,49773,49764,49838,49824,49804,49882,49862,49854
9212,49825,49907,49773,49764,49838,49824,49804,49882,49862,49854
9213,49825,49907,49773,49764,49838,49824,49804,49882,49862,49854
9214,49825,49907,49773,49764,49838,49824,49804,49882,49862,49854
9215,49825,49907,49773,49764,49838,49824,49804,49882,49862,49854
9216,49825,49907,49773,49764,49838,49824,49804,49882,49862,49854
9217,49825,49907,49773,49764,49838,49824,49804,49882,49862,49854
9218,49825,49907,49773,49764,49838,49824,49804,49882,49862,49854
9219,49825,49907,49773,49764,49838,49824,49804,49882,49862,49854
9220,49825,49907,49773,49764,49838,49824,49804,49882,49862,49854
9221,49825,49907,49773,49764,49838,49824,49804,49882,49862,49854
9222,49825,49907,49773,49764,49838,49824,49804,49882,49862,49854
9223,49825,49907,49773,49764,49838,49824,49804,49882,49862,49854
9224,49825,49907,49773,49764,49838,49824,49804,49882,49862,49854
9225,49825,49907,49773,49764,49838,49824,49804,49882,49862,49854
9226,49825,49907,49773,49764,49838,49824,49804,49882,49862,49854
9227,49825,49907,49773,49764,49838,49824,49804,49882,49862,49854
9228,49825,49907,49773,49764,49838,49824,49804,49882,49862,49854
9229,49825,49907,49773,49764,49838,49824,49804,49882,49862,49854
9230,49825,49907,49773,49764,49838,49824,49804,49882,49862,49854
9231,49825,49907,49773,49764,49838,49824,49804,49882,49862,49854
9232,49825,49907,49773,49764,49838,49824,49804,49882,49862,49854
9233,49825,49907,49773,49764,49838,49824,49804,49882,49862,49854
9234,49825,49907,49773,49764,49838,49824,49804,49882,49862,49854
9235,49825,49907,49773,49764,49838,49824,49804,49882,49862,49854
9236,49825,49907,49773,49764,49838,49824,49804,49882,49862,49854
9237,49825,49907,49773,49764,49838,49824,49804,49882,49862,49854
9238,49825,49907,49773,49764,49838,49824,49804,49882,49862,49854
9239,49825,49907,49773,49764,49838,49824,49804,49882,49862,49854
9240,49825,49907,49773,49764,49838,49824,49804,49882,49862,49854
9241,49825,49907,49773,49764,49838,49824,49804,49882,49862,49854
9242,49825,49907,49773,49764,49838,49824,49804,49882,49862,49854
9243,49825,49907,49773,49764,49838,49824,49804,49882,49862,49854
9244,49825,49907,49773,49764,49838,49824,49804,49882,49862,49854
9245,49825,49907,49773,49764,49838,49824,49804,49882,49862,49854
9246,49825,49907,49773,49764,49838,49824,49804,49882,49862,49854
9247,49825,49907,49773,49764,49838,49824,49804,49882,49862,49854
9248,49825,49907,49773,49764,49838,49824,49804,49882,49862,49854
9249,49825,49907,49773,49764,49838,49824,49804,49882,49862,49854
9250,49825,49907,49773,49764,49838,49824,49804,49882,49862,49854
9251,49825,49907,49773,49764,49838,49824,49804,49882,49862,49854
9252,49825,49907,49773,49764,49838,49824,49804,49882,49862,49854
9253,49825,49907,49773,49764,49838,49824,49804,49882,49862,49854
9254,49825,49907,49773,49764,49838,49824,49804,49882,49862,49854
9255,49825,49907,49773,49764,49838,49824,49804,49882,49862,49854
9256,49825,49907,49773,49764,49838,49824,49804,49882,49862,49854
9257,49825,49907,49773,49764,49838,49824,49804,49882,49862,49854
9258,49825,49907,49773,49764,49838,49824,49804,49882,49862,49854
9259,49825,49907,49773,49764,49838,49824,49804,49882,49862,49854
9260,49825,49907,49773,49764,49838,49824,49804,49882,49862,49854
9261,49825,49907,49773,49764,49838,49824,49804,49882,49862,49854
9262,49825,49907,49773,49764,49838,49824,49804,49882,49862,49854
9263,49825,49907,49773,49764,49838,49824,49804,49882,49862,49854
9264,49825,49907,49773,49764,49838,49824,49804,49882,49862,49854
9265,49825,49907,49773,49764,49838,49824,49804,49882,49862,49854
9266,49825,49907,49773,49764,49838,49824,49804,49882,49862,49854
9267,49825,49907,49773,49764,49838,49824,49804,49882,49862,49854
9268,49825,49907,49773,49764,49838,49824,49804,49882,49862,49854
9269,49825,49907,49773,49764,49838,49824,49804,49882,49862,49854
9270,49825,49907,49773,49764,49838,49824,49804,49882,49862,49854
9271,49825,49907,49773,49764,49838,49824,49804,49882,49862,49854
9272,49825,49907,49773,49764,49838,49824,49804,49882,49862,49854
9273,49825,49907,49773,49764,49838,49824,49804,49882,49862,49854
9274,49825,49907,49773,49764,49838,49824,49804,49882,49862,49854
9275,49825,49907,49773,49764,49838,49824,49804,49882,49862,49854
9276,49825,49907,49773,49764,49838,49824,49804,49882,49862,49854
9277,49825,49907,49773,49764,49838,49824,49804,49882,49862,49854
9278,49825,49907,49773,49764,49838,49824,49804,49882,49862,49854
9279,49825,49907,49773,49764,49838,49824,49804,49882,49862,49854
9280,49825,49907,49773,49764,49838,49824,49804,49882,49862,49854
9281,49825,49907,49773,49764,49838,49824,49804,49882,49862,49854
9282,49825,49907,49773,49764,49838,49824,49804,49882,49862,49854
9283,49825,49907,49773,49764,49838,49824,49804,49882,49862,49854
9284,49825,49907,49773,49764,49838,49824,49804,49882,49862,49854
9285,49825,49907,49773,49764,49838,49824,49804,49882,49862,49854
9286,49825,49907,49773,49764,49838,49824,49804,49882,49862,49854
9287,49825,49907,49773,49764,49838,49824,49804,49882,49862,49854
9288,49825,49907,49773,49764,49838,49824,49804,49882,49862,49854
9289,49825,49907,49773,49764,49838,49824,49804,49882,49862,49854
9290,49825,49907,49773,49764,49838,49824,49804,49882,49862,49854
9291,49825,49907,49773,49764,49838,49824,49804,49882,49862,49854
9292,49825,49907,49773,49764,49838,49824,49804,49882,49862,49854
9293,49825,49907,49773,49764,49838,49824,49804,49882,49862,49854
9294,49825,49907,49773,49764,49838,49824,49804,49882,49862,49854
9295,49825,49907,49773,49764,49838,49824,49804,49882,49862,49854
9296,49825,49907,49773,49764,49838,49824,49804,49882,49862,49854
9297,49825,49907,49773,49764,49838,49824,49804,49882,49862,49854
9298,49825,49907,49773,49764,49838,49824,49804,49882,49862,49854
9299,49825,49907,49773,49764,49838,49824,49804,49882,49862,49854
9300,49825,49907,49773,49764,49838,49824,49804,49882,49862,49854
9301,49825,49907,49773,49764,49838,49824,49804,49882,49862,49854
9302,49825,49907,49773,49764,49838,49824,49804,49882,49862,49854
9303,49825,49907,49773,49764,49838,49824,49804,49882,49862,49854
9304,49825,49907,49773,49764,49838,49824,49804,49882,49862,49854
9305,49825,49907,49773,49764,49838,49824,49804,49882,49862,49854
9306,49825,49907,49773,49764,49838,49824,49804,49882,49862,49854
9307,49825,49907,49773,49764,49838,49824,49804,49882,49862,49854
9308,49825,49907,49773,49764,49838,49824,49804,49882,49862,49854
9309,49825,49907,49773,49764,49838,49824,49804,49882,49862,49854
9310,49825,49907,49773,49764,49838,49824,49804,49882,49862,49854
9311,49825,49907,49773,49764,49838,49824,49804,49882,49862,49854
9312,49825,49907,49773,49764,49838,49824,49804,49882,49862,49854
9313,49825,49907,49773,49764,49838,49824,49804,49882,49862,49854
9314,49825,49907,49773,49764,49838,49824,49804,49882,49862,49854
9315,49825,49907,49773,49764,49838,49824,49804,49882,49862,49854
9316,49825,49907,49773,49764,49838,49824,49804,49882,49862,49854
9317,49825,49907,49773,49764,49838,49824,49804,49882,49862,49854
9318,49825,49907,49773,49764,49838,49824,49804,49882,49862,49854
9319,49825,49907,49773,49764,49838,49824,49804,49882,49862,49854
9320,49825,49907,49773,49764,49838,49824,49804,49882,49862,49854
9321,49825,49907,49773,49764,49838,49824,49804,49882,49862,49854
9322,49825,49907,49773,49764,49838,49824,49804,49882,49862,49854
9323,49825,49907,49773,49764,49838,49824,49804,49882,49862,49854
9324,49825,49907,49773,49764,49838,49824,49804,49882,49862,49854
9325,49825,49907,49773,49764,49838,49824,49804,49882,49862,49854
9326,49825,49907,49773,49764,49838,49824,49804,49882,49862,49854
9327,49825,49907,49773,49764,49838,49824,49804,49882,49862,49854
9328,49825,49907,49773,49764,49838,49824,49804,49882,49862,49854
9329,49825,49907,49773,49764,49838,49824,49804,49882,49862,49854
9330,49825,49907,49773,49764,49838,49824,49804,49882,49862,49854
9331,49825,49907,49773,49764,49838,49824,49804,49882,49862,49854
9332,49825,49907,49773,49764,49838,49824,49804,49882,49862,49854
9333,49825,49907,49773,49764,49838,49824,49804,49882,49862,49854
9334,49825,49907,49773,49764,49838,49824,49804,49882,49862,49854
9335,49825,49907,49773,49764,49838,49824,49804,49882,49862,49854
9336,49825,49907,49773,49764,49838,49824,49804,49882,49862,49854
9337,49825,49907,49773,49764,49838,49824,49804,49882,49862,49854
9338,49825,49907,49773,49764,49838,49824,49804,49882,49862,49854
9339,49825,49907,49773,49764,49838,49824,49804,49882,49862,49854
9340,49825,49907,49773,49764,49838,49824,49804,49882,49862,49854
9341,49825,49907,49773,49764,49838,49824,49804,49882,49862,49854
9342,49825,49907,49773,49764,49838,49824,49804,49882,49862,49854
9343,49825,49907,49773,49764,49838,49824,49804,49882,49862,49854
9344,49825,49907,49773,49764,49838,49824,49804,49882,49862,49854
9345,49825,49907,49773,49764,49838,49824,49804,49882,49862,49854
9346,49825,49907,49773,49764,49838,49824,49804,49882,49862,49854
9347,49825,49907,49773,49764,49838,49824,49804,49882,49862,49854
9348,49825,49907,49773,49764,49838,49824,49804,49882,49862,49854
9349,49825,49907,49773,49764,49838,49824,49804,49882,49862,49854
9350,49825,49907,49773,49764,49838,49824,49804,49882,49862,49854
9351,49825,49907,49773,49764,49838,49824,49804,49882,49862,49854
9352,49825,49907,49773,49764,49838,49824,49804,49882,49862,49854
9353,49825,49907,49773,49764,49838,49824,49804,49882,49862,49854
9354,49825,49907,49773,49764,49838,49824,49804,49882,49862,49854
9355,49825,49907,49773,49764,49838,49824,49804,49882,49862,49854
9356,49825,49907,49773,49764,49838,49824,49804,49882,49862,49854
9357,49825,49907,49773,49764,49838,49824,49804,49882,49862,49854
9358,49825,49907,49773,49764,49838,49824,49804,49882,49862,49854
9359,49825,49907,49773,49764,49838,49824,49804,49882,49862,49854
9360,49825,49907,49773,49764,49838,49824,49804,49882,49862,49854
9361,49825,49907,49773,49764,49838,49824,49804,49882,49862,49854
9362,49825,49907,49773,49764,49838,49824,49804,49882,49862,49854
9363,49825,49907,49773,49764,49838,49824,49804,49882,49862,49854
9364,49825,49907,49773,49764,49838,49824,49804,49882,49862,49854
9365,49825,49907,49773,49764,49838,49824,49804,49882,49862,49854
9366,49825,49907,49773,49764,49838,49824,49804,49882,49862,49854
9367,49825,49907,49773,49764,49838,49824,49804,49882,49862,49854
9368,49825,49907,49773,49764,49838,49824,49804,49882,49862,49854
9369,49825,49907,49773,49764,49838,49824,49804,49882,49862,49854
9370,49825,49907,49773,49764,49838,49824,49804,49882,49862,49854
9371,49825,49907,49773,49764,49838,49824,49804,49882,49862,49854
9372,49825,49907,49773,49764,49838,49824,49804,49882,49862,49854
9373,49825,49907,49773,49764,49838,49824,49804,49882,49862,49854
9374,49825,49907,49773,49764,49838,49824,49804,49882,49862,49854
9375,49825,49907,49773,49764,49838,49824,49804,49882,49862,49854
9376,49825,49907,49773,49764,49838,49824,49804,49882,49862,49854
9377,49825,49907,49773,49764,49838,49824,49804,49882,49862,49854
9378,49825,49907,49773,49764,49838,49824,49804,49882,49862,49854
9379,49825,49907,49773,49764,49838,49824,49804,49882,49862,49854
9380,49825,49907,49773,49764,49838,49824,49804,49882,49862,49854
9381,49825,49907,49773,49764,49838,49824,49804,49882,49862,49854
9382,49825,49907,49773,49764,49838,49824,49804,49882,49862,49854
9383,49825,49907,49773,49764,49838,49824,49804,49882,49862,49854
9384,49825,49907,49773,49764,49838,49824,49804,49882,49862,49854
9385,49825,49907,49773,49764,49838,49824,49804,49882,49862,49854
9386,49825,49907,49773,49764,49838,49824,49804,49882,49862,49854
9387,49825,49907,49773,49764,49838,49824,49804,49882,49862,49854
9388,49825,49907,49773,49764,49838,49824,49804,49882,49862,49854
9389,49825,49907,49773,49764,49838,49824,49804,49882,49862,49854
9390,49825,49907,49773,49764,49838,49824,49804,49882,49862,49854
9391,49825,49907,49773,49764,49838,49824,49804,49882,49862,49854
9392,49825,49907,49773,49764,49838,49824,49804,49882,49862,49854
9393,49825,49907,49773,49764,49838,49824,49804,49882,49862,49854
9394,49825,49907,49773,49764,49838,49824,49804,49882,49862,49854
9395,49825,49907,49773,49764,49838,49824,49804,49882,49862,49854
9396,49825,49907,49773,49764,49838,49824,49804,49882,49862,49854
9397,49825,49907,49773,49764,49838,49824,49804,49882,49862,49854
9398,49825,49907,49773,49764,49838,49824,49804,49882,49862,49854
9399,49825,49907,49773,49764,49838,49824,49804,49882,49862,49854
9400,49825,49907,49773,49764,49838,49824,49804,49882,49862,49854
9401,49825,49907,49773,49764,49838,49824,49804,49882,49862,49854
9402,49825,49907,49773,49764,49838,49824,49804,49882,49862,49854
9403,49825,49907,49773,49764,49838,49824,49804,49882,49862,49854
9404,49825,49907,49773,49764,49838,49824,49804,49882,49862,49854
9405,49825,49907,49773,49764,49838,49824,49804,49882,49862,49854
9406,49825,49907,49773,49764,49838,49824,49804,49882,49862,49854
9407,49825,49907,49773,49764,49838,49824,49804,49882,49862,49854
9408,49825,49907,49773,49764,49838,49824,49804,49882,49862,49854
9409,49825,49907,49773,49764,49838,49824,49804,49882,49862,49854
9410,49825,49907,49773,49764,49838,49824,49804,49882,49862,49854
9411,49825,49907,49773,49764,49838,49824,49804,49882,49862,49854
9412,49825,49907,49773,49764,49838,49824,49804,49882,49862,49854
9413,49825,49907,49773,49764,49838,49824,49804,49882,49862,49854
9414,49825,49907,49773,49764,49838,49824,49804,49882,49862,49854
9415,49825,49907,49773,49764,49838,49824,49804,49882,49862,49854
9416,49825,49907,49773,49764,49838,49824,49804,49882,49862,49854
9417,49825,49907,49773,49764,49838,49824,49804,49882,49862,49854
9418,49825,49907,49773,49764,49838,49824,49804,49882,49862,49854
9419,49825,49907,49773,49764,49838,49824,49804,49882,49862,49854
9420,49825,49907,49773,49764,49838,49824,49804,49882,49862,49854
9421,49825,49907,49773,49764,49838,49824,49804,49882,49862,49854
9422,49825,49907,49773,49764,49838,49824,49804,49882,49862,49854
9423,49825,49907,49773,49764,49838,49824,49804,49882,49862,49854
9424,49825,49907,49773,49764,49838,49824,49804,49882,49862,49854
9425,49825,49907,49773,49764,49838,49824,49804,49882,49862,49854
9426,49825,49907,49773,49764,49838,49824,49804,49882,49862,49854
9427,49825,49907,49773,49764,49838,49824,49804,49882,49862,49854
9428,49825,49907,49773,49764,49838,49824,49804,49882,49862,49854
9429,49825,49907,49773,49764,49838,49824,49804,49882,49862,49854
9430,49825,49907,49773,49764,49838,49824,49804,49882,49862,49854
9431,49825,49907,49773,49764,49838,49824,49804,49882,49862,49854
9432,49825,49907,49773,49764,49838,49824,49804,49882,49862,49854
9433,49825,49907,49773,49764,49838,49824,49804,49882,49862,49854
9434,49825,49907,49773,49764,49838,49824,49804,49882,49862,49854
9435,49825,49907,49773,49764,49838,49824,49804,49882,49862,49854
9436,49825,49907,49773,49764,49838,49824,49804,49882,49862,49854
9437,49825,49907,49773,49764,49838,49824,49804,49882,49862,49854
9438,49825,49907,49773,49764,49838,49824,49804,49882,49862,49854
9439,49825,49907,49773,49764,49838,49824,49804,49882,49862,49854
9440,49825,49907,49773,49764,49838,49824,49804,49882,49862,49854
9441,49825,49907,49773,49764,49838,49824,49804,49882,49862,49854
9442,49825,49907,49773,49764,49838,49824,49804,49882,49862,49854
9443,49825,49907,49773,49764,49838,49824,49804,49882,49862,49854
9444,49825,49907,49773,49764,49838,49824,49804,49882,49862,49854
9445,49825,49907,49773,49764,49838,49824,49804,49882,49862,49854
9446,49825,49907,49773,49764,49838,49824,49804,49882,49862,49854
9447,49825,49907,49773,49764,49838,49824,49804,49882,49862,49854
9448,49825,49907,49773,49764,49838,49824,49804,49882,49862,49854
9449,49825,49907,49773,49764,49838,49824,49804,49882,49862,49854
9450,49825,49907,49773,49764,49838,49824,49804,49882,49862,49854
9451,49825,49907,49773,49764,49838,49824,49804,49882,49862,49854
9452,49825,49907,49773,49764,49838,49824,49804,49882,49862,49854
9453,49825,49907,49773,49764,49838,49824,49804,49882,49862,49854
9454,49825,49907,49773,49764,49838,49824,49804,49882,49862,49854
9455,49825,49907,49773,49764,49838,49824,49804,49882,49862,49854
9456,49825,49907,49773,49764,49838,49824,49804,49882,49862,49854
9457,49825,49907,49773,49764,49838,49824,49804,49882,49862,49854
9458,49825,49907,49773,49764,49838,49824,49804,49882,49862,49854
9459,49825,49907,49773,49764,49838,49824,49804,49882,49862,49854
9460,49825,49907,49773,49764,49838,49824,49804,49882,49862,49854
9461,49825,49907,49773,49764,49838,49824,49804,49882,49862,49854
9462,49825,49907,49773,49764,49838,49824,49804,49882,49862,49854
9463,49825,49907,49773,49764,49838,49824,49804,49882,49862,49854
9464,49825,49907,49773,49764,49838,49824,49804,49882,49862,49854
9465,49825,49907,49773,49764,49838,49824,49804,49882,49862,49854
9466,49825,49907,49773,49764,49838,49824,49804,49882,49862,49854
9467,49825,49907,49773,49764,49838,49824,49804,49882,49862,49854
9468,49825,49907,49773,49764,49838,49824,49804,49882,49862,49854
9469,49825,49907,49773,49764,49838,49824,49804,49882,49862,49854
9470,49825,49907,49773,49764,49838,49824,49804,49882,49862,49854
9471,49825,49907,49773,49764,49838,49824,49804,49882,49862,49854
9472,49825,49907,49773,49764,49838,49824,49804,49882,49862,49854
9473,49825,49907,49773,49764,49838,49824,49804,49882,49862,49854
9474,49825,49907,49773,49764,49838,49824,49804,49882,49862,49854
9475,49825,49907,49773,49764,49838,49824,49804,49882,49862,49854
9476,49825,49907,49773,49764,49838,49824,49804,49882,49862,49854
9477,49825,49907,49773,49764,49838,49824,49804,49882,49862,49854
9478,49825,49907,49773,49764,49838,49824,49804,49882,49862,49854
9479,49825,49907,49773,49764,49838,49824,49804,49882,49862,49854
9480,49825,49907,49773,49764,49838,49824,49804,49882,49862,49854
9481,49825,49907,49773,49764,49838,49824,49804,49882,49862,49854
9482,49825,49907,49773,49764,49838,49824,49804,49882,49862,49854
9483,49825,49907,49773,49764,49838,49824,49804,49882,49862,49854
9484,49825,49907,49773,49764,49838,49824,49804,49882,49862,49854
9485,49825,49907,49773,49764,49838,49824,49804,49882,49862,49854
9486,49825,49907,49773,49764,49838,49824,49804,49882,49862,49854
9487,49825,49907,49773,49764,49838,49824,49804,49882,49862,49854
9488,49825,49907,49773,49764,49838,49824,49804,49882,49862,49854
9489,49825,49907,49773,49764,49838,49824,49804,49882,49862,49854
9490,49825,49907,49773,49764,49838,49824,49804,49882,49862,49854
9491,49825,49907,49773,49764,49838,49824,49804,49882,49862,49854
9492,49825,49907,49773,49764,49838,49824,49804,49882,49862,49854
9493,49825,49907,49773,49764,49838,49824,49804,49882,49862,49854
9494,49825,49907,49773,49764,49838,49824,49804,49882,49862,49854
9495,49825,49907,49773,49764,49838,49824,49804,49882,49862,49854
9496,49825,49907,49773,49764,49838,49824,49804,49882,49862,49854
9497,49825,49907,49773,49764,49838,49824,49804,49882,49862,49854
9498,49825,49907,49773,49764,49838,49824,49804,49882,49862,49854
9499,49825,49907,49773,49764,49838,49824,49804,49882,49862,49854
9500,49825,49907,49773,49764,49838,49824,49804,49882,49862,49854
9501,49825,49907,49773,49764,49838,49824,49804,49882,49862,49854
9502,49825,49907,49773,49764,49838,49824,49804,49882,49862,49854
9503,49825,49907,49773,49764,49838,49824,49804,49882,49862,49854
9504,49825,49907,49773,49764,49838,49824,49804,49882,49862,49854
9505,49825,49907,49773,49764,49838,49824,49804,49882,49862,49854
9506,49825,49907,49773,49764,49838,49824,49804,49882,49862,49854
9507,49825,49907,49773,49764,49838,49824,49804,49882,49862,49854
9508,49825,49907,49773,49764,49838,49824,49804,49882,49862,49854
9509,49825,49907,49773,49764,49838,49824,49804,49882,49862,49854
9510,49825,49907,49773,49764,49838,49824,49804,49882,49862,49854
9511,49825,49907,49773,49764,49838,49824,49804,49882,49862,49854
9512,49825,49907,49773,49764,49838,49824,49804,49882,49862,49854
9513,49825,49907,49773,49764,49838,49824,49804,49882,49862,49854
9514,49825,49907,49773,49764,49838,49824,49804,49882,49862,49854
9515,49825,49907,49773,49764,49838,49824,49804,49882,49862,49854
9516,49825,49907,49773,49764,49838,49824,49804,49882,49862,49854
9517,49825,49907,49773,49764,49838,49824,49804,49882,49862,49854
9518,49825,49907,49773,49764,49838,49824,49804,49882,49862,49854
9519,49825,49907,49773,49764,49838,49824,49804,49882,49862,49854
9520,49825,49907,49773,49764,49838,49824,49804,49882,49862,49854
9521,49825,49907,49773,49764,49838,49824,49804,49882,49862,49854
9522,49825,49907,49773,49764,49838,49824,49804,49882,49862,49854
9523,49825,49907,49773,49764,49838,49824,49804,49882,49862,49854
9524,49825,49907,49773,49764,49838,49824,49804,49882,49862,49854
9525,49825,49907,49773,49764,49838,49824,49804,49882,49862,49854
9526,49825,49907,49773,49764,49838,49824,49804,49882,49862,49854
9527,49825,49907,49773,49764,49838,49824,49804,49882,49862,49854
9528,49825,49907,49773,49764,49838,49824,49804,49882,49862,49854
9529,49825,49907,49773,49764,49838,49824,49804,49882,49862,49854
9530,49825,49907,49773,49764,49838,49824,49804,49882,49862,49854
9531,49825,49907,49773,49764,49838,49824,49804,49882,49862,49854
9532,49825,49907,49773,49764,49838,49824,49804,49882,49862,49854
9533,49825,49907,49773,49764,49838,49824,49804,49882,49862,49854
9534,49825,49907,49773,49764,49838,49824,49804,49882,49862,49854
9535,49825,49907,49773,49764,49838,49824,49804,49882,49862,49854
9536,49825,49907,49773,49764,49838,49824,49804,49882,49862,49854
9537,49825,49907,49773,49764,49838,49824,49804,49882,49862,49854
9538,49825,49907,49773,49764,49838,49824,49804,49882,49862,49854
9539,49825,49907,49773,49764,49838,49824,49804,49882,49862,49854
9540,49825,49907,49773,49764,49838,49824,49804,49882,49862,49854
9541,49825,49907,49773,49764,49838,49824,49804,49882,49862,49854
9542,49825,49907,49773,49764,49838,49824,49804,49882,49862,49854
9543,49825,49907,49773,49764,49838,49824,49804,49882,49862,49854
9544,49825,49907,49773,49764,49838,49824,49804,49882,49862,49854
9545,49825,49907,49773,49764,49838,49824,49804,49882,49862,49854
9546,49825,49907,49773,49764,49838,49824,49804,49882,49862,49854
9547,49825,49907,49773,49764,49838,49824,49804,49882,49862,49854
9548,49825,49907,49773,49764,49838,49824,49804,49882,49862,49854
9549,49825,49907,49773,49764,49838,49824,49804,49882,49862,49854
9550,49825,49907,49773,49764,49838,49824,49804,49882,49862,49854
9551,49825,49907,49773,49764,49838,49824,49804,49882,49862,49854
9552,49825,49907,49773,49764,49838,49824,49804,49882,49862,49854
9553,49825,49907,49773,49764,49838,49824,49804,49882,49862,49854
9554,49825,49907,49773,49764,49838,49824,49804,49882,49862,49854
9555,49825,49907,49773,49764,49838,49824,49804,49882,49862,49854
9556,49825,49907,49773,49764,49838,49824,49804,49882,49862,49854
9557,49825,49907,49773,49764,49838,49824,49804,49882,49862,49854
9558,49825,49907,49773,49764,49838,49824,49804,49882,49862,49854
9559,49825,49907,49773,49764,49838,49824,49804,49882,49862,49854
9560,49825,49907,49773,49764,49838,49824,49804,49882,49862,49854
9561,49825,49907,49773,49764,49838,49824,49804,49882,49862,49854
9562,49825,49907,49773,49764,49838,49824,49804,49882,49862,49854
9563,49825,49907,49773,49764,49838,49824,49804,49882,49862,49854
9564,49825,49907,49773,49764,49838,49824,49804,49882,49862,49854
9565,49825,49907,49773,49764,49838,49824,49804,49882,49862,49854
9566,49825,49907,49773,49764,49838,49824,49804,49882,49862,49854
9567,49825,49907,49773,49764,49838,49824,49804,49882,49862,49854
9568,49825,49907,49773,49764,49838,49824,49804,49882,49862,49854
9569,49825,49907,49773,49764,49838,49824,49804,49882,49862,49854
9570,49825,49907,49773,49764,49838,49824,49804,49882,49862,49854
9571,49825,49907,49773,49764,49838,49824,49804,49882,49862,49854
9572,49825,49907,49773,49764,49838,49824,49804,49882,49862,49854
9573,49825,49907,49773,49764,49838,49824,49804,49882,49862,49854
9574,49825,49907,49773,49764,49838,49824,49804,49882,49862,49854
9575,49825,49907,49773,49764,49838,49824,49804,49882,49862,49854
9576,49825,49907,49773,49764,49838,49824,49804,49882,49862,49854
9577,49825,49907,49773,49764,49838,49824,49804,49882,49862,49854
9578,49825,49907,49773,49764,49838,49824,49804,49882,49862,49854
9579,49825,49907,49773,49764,49838,49824,49804,49882,49862,49854
9580,49825,49907,49773,49764,49838,49824,49804,49882,49862,49854
9581,49825,49907,49773,49764,49838,49824,49804,49882,49862,49854
9582,49825,49907,49773,49764,49838,49824,49804,49882,49862,49854
9583,49825,49907,49773,49764,49838,49824,49804,49882,49862,49854
9584,49825,49907,49773,49764,49838,49824,49804,49882,49862,49854
9585,49825,49907,49773,49764,49838,49824,49804,49882,49862,49854
9586,49825,49907,49773,49764,49838,49824,49804,49882,49862,49854
9587,49825,49907,49773,49764,49838,49824,49804,49882,49862,49854
9588,49825,49907,49773,49764,49838,49824,49804,49882,49862,49854
9589,49825,49907,49773,49764,49838,49824,49804,49882,49862,49854
9590,49825,49907,49773,49764,49838,49824,49804,49882,49862,49854
9591,49825,49907,49773,49764,49838,49824,49804,49882,49862,49854
9592,49825,49907,49773,49764,49838,49824,49804,49882,49862,49854
9593,49825,49907,49773,49764,49838,49824,49804,49882,49862,49854
9594,49825,49907,49773,49764,49838,49824,49804,49882,49862,49854
9595,49825,49907,49773,49764,49838,49824,49804,49882,49862,49854
9596,49825,49907,49773,49764,49838,49824,49804,49882,49862,49854
9597,49825,49907,49773,49764,49838,49824,49804,49882,49862,49854
9598,49825,49907,49773,49764,49838,49824,49804,49882,49862,49854
9599,49825,49907,49773,49764,49838,49824,49804,49882,49862,49854
9600,49825,49907,49773,49764,49838,49824,49804,49882,49862,49854
9601,49825,49907,49773,49764,49838,49824,49804,49882,49862,49854
9602,49825,49907,49773,49764,49838,49824,49804,49882,49862,49854
9603,49825,49907,49773,49764,49838,49824,49804,49882,49862,49854
9604,49825,49907,49773,49764,49838,49824,49804,49882,49862,49854
9605,49825,49907,49773,49764,49838,49824,49804,49882,49862,49854
9606,49825,49907,49773,49764,49838,49824,49804,49882,49862,49854
9607,49825,49907,49773,49764,49838,49824,49804,49882,49862,49854
9608,49825,49907,49773,49764,49838,49824,49804,49882,49862,49854
9609,49825,49907,49773,49764,49838,49824,49804,49882,49862,49854
9610,49825,49907,49773,49764,49838,49824,49804,49882,49862,49854
9611,49825,49907,49773,49764,49838,49824,49804,49882,49862,49854
9612,49825,49907,49773,49764,49838,49824,49804,49882,49862,49854
9613,49825,49907,49773,49764,49838,49824,49804,49882,49862,49854
9614,49825,49907,49773,49764,49838,49824,49804,49882,49862,49854
9615,49825,49907,49773,49764,49838,49824,49804,49882,49862,49854
9616,49825,49907,49773,49764,49838,49824,49804,49882,49862,49854
9617,49825,49907,49773,49764,49838,49824,49804,49882,49862,49854
9618,49825,49907,49773,49764,49838,49824,49804,49882,49862,49854
9619,49825,49907,49773,49764,49838,49824,49804,49882,49862,49854
9620,49825,49907,49773,49764,49838,49824,49804,49882,49862,49854
9621,49825,49907,49773,49764,49838,49824,49804,49882,49862,49854
9622,49825,49907,49773,49764,49838,49824,49804,49882,49862,49854
9623,49825,49907,49773,49764,49838,49824,49804,49882,49862,49854
9624,49825,49907,49773,49764,49838,49824,49804,49882,49862,49854
9625,49825,49907,49773,49764,49838,49824,49804,49882,49862,49854
9626,49825,49907,49773,49764,49838,49824,49804,49882,49862,49854
9627,49825,49907,49773,49764,49838,49824,49804,49882,49862,49854
9628,49825,49907,49773,49764,49838,49824,49804,49882,49862,49854
9629,49825,49907,49773,49764,49838,49824,49804,49882,49862,49854
9630,49825,49907,49773,49764,49838,49824,49804,49882,49862,49854
9631,49825,49907,49773,49764,49838,49824,49804,49882,49862,49854
9632,49825,49907,49773,49764,49838,49824,49804,49882,49862,49854
9633,49825,49907,49773,49764,49838,49824,49804,49882,49862,49854
9634,49825,49907,49773,49764,49838,49824,49804,49882,49862,49854
9635,49825,49907,49773,49764,49838,49824,49804,49882,49862,49854
9636,49825,49907,49773,49764,49838,49824,49804,49882,49862,49854
9637,49825,49907,49773,49764,49838,49824,49804,49882,49862,49854
9638,49825,49907,49773,49764,49838,49824,49804,49882,49862,49854
9639,49825,49907,49773,49764,49838,49824,49804,49882,49862,49854
9640,49825,49907,49773,49764,49838,49824,49804,49882,49862,49854
9641,49825,49907,49773,49764,49838,49824,49804,49882,49862,49854
9642,49825,49907,49773,49764,49838,49824,49804,49882,49862,49854
9643,49825,49907,49773,49764,49838,49824,49804,49882,49862,49854
9644,49825,49907,49773,49764,49838,49824,49804,49882,49862,49854
9645,49825,49907,49773,49764,49838,49824,49804,49882,49862,49854
9646,49825,49907,49773,49764,49838,49824,49804,49882,49862,49854
9647,49825,49907,49773,49764,49838,49824,49804,49882,49862,49854
9648,49825,49907,49773,49764,49838,49824,49804,49882,49862,49854
9649,49825,49907,49773,49764,49838,49824,49804,49882,49862,49854
9650,49825,49907,49773,49764,49838,49824,49804,49882,49862,49854
9651,49825,49907,49773,49764,49838,49824,49804,49882,49862,49854
9652,49825,49907,49773,49764,49838,49824,49804,49882,49862,49854
9653,49825,49907,49773,49764,49838,49824,49804,49882,49862,49854
9654,49825,49907,49773,49764,49838,49824,49804,49882,49862,49854
9655,49825,49907,49773,49764,49838,49824,49804,49882,49862,49854
9656,49825,49907,49773,49764,49838,49824,49804,49882,49862,49854
9657,49825,49907,49773,49764,49838,49824,49804,49882,49862,49854
9658,49825,49907,49773,49764,49838,49824,49804,49882,49862,49854
9659,49825,49907,49773,49764,49838,49824,49804,49882,49862,49854
9660,49825,49907,49773,49764,49838,49824,49804,49882,49862,49854
9661,49825,49907,49773,49764,49838,49824,49804,49882,49862,49854
9662,49825,49907,49773,49764,49838,49824,49804,49882,49862,49854
9663,49825,49907,49773,49764,49838,49824,49804,49882,49862,49854
9664,49825,49907,49773,49764,49838,49824,49804,49882,49862,49854
9665,49825,49907,49773,49764,49838,49824,49804,49882,49862,49854
9666,49825,49907,49773,49764,49838,49824,49804,49882,49862,49854
9667,49825,49907,49773,49764,49838,49824,49804,49882,49862,49854
9668,49825,49907,49773,49764,49838,49824,49804,49882,49862,49854
9669,49825,49907,49773,49764,49838,49824,49804,49882,49862,49854
9670,49825,49907,49773,49764,49838,49824,49804,49882,49862,49854
9671,49825,49907,49773,49764,49838,49824,49804,49882,49862,49854
9672,49825,49907,49773,49764,49838,49824,49804,49882,49862,49854
9673,49825,49907,49773,49764,49838,49824,49804,49882,49862,49854
9674,49825,49907,49773,49764,49838,49824,49804,49882,49862,49854
9675,49825,49907,49773,49764,49838,49824,49804,49882,49862,49854
9676,49825,49907,49773,49764,49838,49824,49804,49882,49862,49854
9677,49825,49907,49773,49764,49838,49824,49804,49882,49862,49854
9678,49825,49907,49773,49764,49838,49824,49804,49882,49862,49854
9679,49825,49907,49773,49764,49838,49824,49804,49882,49862,49854
9680,49825,49907,49773,49764,49838,49824,49804,49882,49862,49854
9681,49825,49907,49773,49764,49838,49824,49804,49882,49862,49854
9682,49825,49907,49773,49764,49838,49824,49804,49882,49862,49854
9683,49825,49907,49773,49764,49838,49824,49804,49882,49862,49854
9684,49825,49907,49773,49764,49838,49824,49804,49882,49862,49854
9685,49825,49907,49773,49764,49838,49824,49804,49882,49862,49854
9686,49825,49907,49773,49764,49838,49824,49804,49882,49862,49854
9687,49825,49907,49773,49764,49838,49824,49804,49882,49862,49854
9688,49825,49907,49773,49764,49838,49824,49804,49882,49862,49854
9689,49825,49907,49773,49764,49838,49824,49804,49882,49862,49854
9690,49825,49907,49773,49764,49838,49824,49804,49882,49862,49854
9691,49825,49907,49773,49764,49838,49824,49804,49882,49862,49854
9692,49825,49907,49773,49764,49838,49824,49804,49882,49862,49854
9693,49825,49907,49773,49764,49838,49824,49804,49882,49862,49854
9694,49825,49907,49773,49764,49838,49824,49804,49882,49862,49854
9695,49825,49907,49773,49764,49838,49824,49804,49882,49862,49854
9696,49825,49907,49773,49764,49838,49824,49804,49882,49862,49854
9697,49825,49907,49773,49764,49838,49824,49804,49882,49862,49854
9698,49825,49907,49773,49764,49838,49824,49804,49882,49862,49854
9699,49825,49907,49773,49764,49838,49824,49804,49882,49862,49854
9700,49825,49907,49773,49764,49838,49824,49804,49882,49862,49854
9701,49825,49907,49773,49764,49838,49824,49804,49882,49862,49854
9702,49825,49907,49773,49764,49838,49824,49804,49882,49862,49854
9703,49825,49907,49773,49764,49838,49824,49804,49882,49862,49854
9704,49825,49907,49773,49764,49838,49824,49804,49882,49862,49854
9705,49825,49907,49773,49764,49838,49824,49804,49882,49862,49854
9706,49825,49907,49773,49764,49838,49824,49804,49882,49862,49854
9707,49825,49907,49773,49764,49838,49824,49804,49882,49862,49854
9708,49825,49907,49773,49764,49838,49824,49804,49882,49862,49854
9709,49825,49907,49773,49764,49838,49824,49804,49882,49862,49854
9710,49825,49907,49773,49764,49838,49824,49804,49882,49862,49854
9711,49825,49907,49773,49764,49838,49824,49804,49882,49862,49854
9712,49825,49907,49773,49764,49838,49824,49804,49882,49862,49854
9713,49825,49907,49773,49764,49838,49824,49804,49882,49862,49854
9714,49825,49907,49773,49764,49838,49824,49804,49882,49862,49854
9715,49825,49907,49773,49764,49838,49824,49804,49882,49862,49854
9716,49825,49907,49773,49764,49838,49824,49804,49882,49862,49854
9717,49825,49907,49773,49764,49838,49824,49804,49882,49862,49854
9718,49825,49907,49773,49764,49838,49824,49804,49882,49862,49854
9719,49825,49907,49773,49764,49838,49824,49804,49882,49862,49854
9720,49825,49907,49773,49764,49838,49824,49804,49882,49862,49854
9721,49825,49907,49773,49764,49838,49824,49804,49882,49862,49854
9722,49825,49907,49773,49764,49838,49824,49804,49882,49862,49854
9723,49825,49907,49773,49764,49838,49824,49804,49882,49862,49854
9724,49825,49907,49773,49764,49838,49824,49804,49882,49862,49854
9725,49825,49907,49773,49764,49838,49824,49804,49882,49862,49854
9726,49825,49907,49773,49764,49838,49824,49804,49882,49862,49854
9727,49825,49907,49773,49764,49838,49824,49804,49882,49862,49854
9728,49825,49907,49773,49764,49838,49824,49804,49882,49862,49854
9729,49825,49907,49773,49764,49838,49824,49804,49882,49862,49854
9730,49825,49907,49773,49764,49838,49824,49804,49882,49862,49854
9731,49825,49907,49773,49764,49838,49824,49804,49882,49862,49854
9732,49825,49907,49773,49764,49838,49824,49804,49882,49862,49854
9733,49825,49907,49773,49764,49838,49824,49804,49882,49862,49854
9734,49825,49907,49773,49764,49838,49824,49804,49882,49862,49854
9735,49825,49907,49773,49764,49838,49824,49804,49882,49862,49854
9736,49825,49907,49773,49764,49838,49824,49804,49882,49862,49854
9737,49825,49907,49773,49764,49838,49824,49804,49882,49862,49854
9738,49825,49907,49773,49764,49838,49824,49804,49882,49862,49854
9739,49825,49907,49773,49764,49838,49824,49804,49882,49862,49854
9740,49825,49907,49773,49764,49838,49824,49804,49882,49862,49854
9741,49825,49907,49773,49764,49838,49824,49804,49882,49862,49854
9742,49825,49907,49773,49764,49838,49824,49804,49882,49862,49854
9743,49825,49907,49773,49764,49838,49824,49804,49882,49862,49854
9744,49825,49907,49773,49764,49838,49824,49804,49882,49862,49854
9745,49825,49907,49773,49764,49838,49824,49804,49882,49862,49854
9746,49825,49907,49773,49764,49838,49824,49804,49882,49862,49854
9747,49825,49907,49773,49764,49838,49824,49804,49882,49862,49854
9748,49825,49907,49773,49764,49838,49824,49804,49882,49862,49854
9749,49825,49907,49773,49764,49838,49824,49804,49882,49862,49854
9750,49825,49907,49773,49764,49838,49824,49804,49882,49862,49854
9751,49825,49907,49773,49764,49838,49824,49804,49882,49862,49854
9752,49825,49907,49773,49764,49838,49824,49804,49882,49862,49854
9753,49825,49907,49773,49764,49838,49824,49804,49882,49862,49854
9754,49825,49907,49773,49764,49838,49824,49804,49882,49862,49854
9755,49825,49907,49773,49764,49838,49824,49804,49882,49862,49854
9756,49825,49907,49773,49764,49838,49824,49804,49882,49862,49854
9757,49825,49907,49773,49764,49838,49824,49804,49882,49862,49854
9758,49825,49907,49773,49764,49838,49824,49804,49882,49862,49854
9759,49825,49907,49773,49764,49838,49824,49804,49882,49862,49854
9760,49825,49907,49773,49764,49838,49824,49804,49882,49862,49854
9761,49825,49907,49773,49764,49838,49824,49804,49882,49862,49854
9762,49825,49907,49773,49764,49838,49824,49804,49882,49862,49854
9763,49825,49907,49773,49764,49838,49824,49804,49882,49862,49854
9764,49825,49907,49773,49764,49838,49824,49804,49882,49862,49854
9765,49825,49907,49773,49764,49838,49824,49804,49882,49862,49854
9766,49825,49907,49773,49764,49838,49824,49804,49882,49862,49854
9767,49825,49907,49773,49764,49838,49824,49804,49882,49862,49854
9768,49825,49907,49773,49764,49838,49824,49804,49882,49862,49854
9769,49825,49907,49773,49764,49838,49824,49804,49882,49862,49854
9770,49825,49907,49773,49764,49838,49824,49804,49882,49862,49854
9771,49825,49907,49773,49764,49838,49824,49804,49882,49862,49854
9772,49825,49907,49773,49764,49838,49824,49804,49882,49862,49854
9773,49825,49907,49773,49764,49838,49824,49804,49882,49862,49854
9774,49825,49907,49773,49764,49838,49824,49804,49882,49862,49854
9775,49825,49907,49773,49764,49838,49824,49804,49882,49862,49854
9776,49825,49907,49773,49764,49838,49824,49804,49882,49862,49854
9777,49825,49907,49773,49764,49838,49824,49804,49882,49862,49854
9778,49825,49907,49773,49764,49838,49824,49804,49882,49862,49854
9779,49825,49907,49773,49764,49838,49824,49804,49882,49862,49854
9780,49825,49907,49773,49764,49838,49824,49804,49882,49862,49854
9781,49825,49907,49773,49764,49838,49824,49804,49882,49862,49854
9782,49825,49907,49773,49764,49838,49824,49804,49882,49862,49854
9783,49825,49907,49773,49764,49838,49824,49804,49882,49862,49854
9784,49825,49907,49773,49764,49838,49824,49804,49882,49862,49854
9785,49825,49907,49773,49764,49838,49824,49804,49882,49862,49854
9786,49825,49907,49773,49764,49838,49824,49804,49882,49862,49854
9787,49825,49907,49773,49764,49838,49824,49804,49882,49862,49854
9788,49825,49907,49773,49764,49838,49824,49804,49882,49862,49854
9789,49825,49907,49773,49764,49838,49824,49804,49882,49862,49854
9790,49825,49907,49773,49764,49838,49824,49804,49882,49862,49854
9791,49825,49907,49773,49764,49838,49824,49804,49882,49862,49854
9792,49825,49907,49773,49764,49838,49824,49804,49882,49862,49854
9793,49825,49907,49773,49764,49838,49824,49804,49882,49862,49854
9794,49825,49907,49773,49764,49838,49824,49804,49882,49862,49854
9795,49825,49907,49773,49764,49838,49824,49804,49882,49862,49854
9796,49825,49907,49773,49764,49838,49824,49804,49882,49862,49854
9797,49825,49907,49773,49764,49838,49824,49804,49882,49862,49854
9798,49825,49907,49773,49764,49838,49824,49804,49882,49862,49854
9799,49825,49907,49773,49764,49838,49824,49804,49882,49862,49854
9800,49825,49907,49773,49764,49838,49824,49804,49882,49862,49854
9801,49825,49907,49773,49764,49838,49824,49804,49882,49862,49854
9802,49825,49907,49773,49764,49838,49824,49804,49882,49862,49854
9803,49825,49907,49773,49764,49838,49824,49804,49882,49862,49854
9804,49825,49907,49773,49764,49838,49824,49804,49882,49862,49854
9805,49825,49907,49773,49764,49838,49824,49804,49882,49862,49854
9806,49825,49907,49773,49764,49838,49824,49804,49882,49862,49854
9807,49825,49907,49773,49764,49838,49824,49804,49882,49862,49854
9808,49825,49907,49773,49764,49838,49824,49804,49882,49862,49854
9809,49825,49907,49773,49764,49838,49824,49804,49882,49862,49854
9810,49825,49907,49773,49764,49838,49824,49804,49882,49862,49854
9811,49825,49907,49773,49764,49838,49824,49804,49882,49862,49854
9812,49825,49907,49773,49764,49838,49824,49804,49882,49862,49854
9813,49825,49907,49773,49764,49838,49824,49804,49882,49862,49854
9814,49825,49907,49773,49764,49838,49824,49804,49882,49862,49854
9815,49825,49907,49773,49764,49838,49824,49804,49882,49862,49854
9816,49825,49907,49773,49764,49838,49824,49804,49882,49862,49854
9817,49825,49907,49773,49764,49838,49824,49804,49882,49862,49854
9818,49825,49907,49773,49764,49838,49824,49804,49882,49862,49854
9819,49825,49907,49773,49764,49838,49824,49804,49882,49862,49854
9820,49825,49907,49773,49764,49838,49824,49804,49882,49862,49854
9821,49825,49907,49773,49764,49838,49824,49804,49882,49862,49854
9822,49825,49907,49773,49764,49838,49824,49804,49882,49862,49854
9823,49825,49907,49773,49764,49838,49824,49804,49882,49862,49854
9824,49825,49907,49773,49764,49838,49824,49804,49882,49862,49854
9825,49825,49907,49773,49764,49838,49824,49804,49882,49862,49854
9826,49825,49907,49773,49764,49838,49824,49804,49882,49862,49854
9827,49825,49907,49773,49764,49838,49824,49804,49882,49862,49854
9828,49825,49907,49773,49764,49838,49824,49804,49882,49862,49854
9829,49825,49907,49773,49764,49838,49824,49804,49882,49862,49854
9830,49825,49907,49773,49764,49838,49824,49804,49882,49862,49854
9831,49825,49907,49773,49764,49838,49824,49804,49882,49862,49854
9832,49825,49907,49773,49764,49838,49824,49804,49882,49862,49854
9833,49825,49907,49773,49764,49838,49824,49804,49882,49862,49854
9834,49825,49907,49773,49764,49838,49824,49804,49882,49862,49854
9835,49825,49907,49773,49764,49838,49824,49804,49882,49862,49854
9836,49825,49907,49773,49764,49838,49824,49804,49882,49862,49854
9837,49825,49907,49773,49764,49838,49824,49804,49882,49862,49854
9838,49825,49907,49773,49764,49838,49824,49804,49882,49862,49854
9839,49825,49907,49773,49764,49838,49824,49804,49882,49862,49854
9840,49825,49907,49773,49764,49838,49824,49804,49882,49862,49854
9841,49825,49907,49773,49764,49838,49824,49804,49882,49862,49854
9842,49825,49907,49773,49764,49838,49824,49804,49882,49862,49854
9843,49825,49907,49773,49764,49838,49824,49804,49882,49862,49854
9844,49825,49907,49773,49764,49838,49824,49804,49882,49862,49854
9845,49825,49907,49773,49764,49838,49824,49804,49882,49862,49854
9846,49825,49907,49773,49764,49838,49824,49804,49882,49862,49854
9847,49825,49907,49773,49764,49838,49824,49804,49882,49862,49854
9848,49825,49907,49773,49764,49838,49824,49804,49882,49862,49854
9849,49825,49907,49773,49764,49838,49824,49804,49882,49862,49854
9850,49825,49907,49773,49764,49838,49824,49804,49882,49862,49854
9851,49825,49907,49773,49764,49838,49824,49804,49882,49862,49854
9852,49825,49907,49773,49764,49838,49824,49804,49882,49862,49854
9853,49825,49907,49773,49764,49838,49824,49804,49882,49862,49854
9854,49825,49907,49773,49764,49838,49824,49804,49882,49862,49854
9855,49825,49907,49773,49764,49838,49824,49804,49882,49862,49854
9856,49825,49907,49773,49764,49838,49824,49804,49882,49862,49854
9857,49825,49907,49773,49764,49838,49824,49804,49882,49862,49854
9858,49825,49907,49773,49764,49838,49824,49804,49882,49862,49854
9859,49825,49907,49773,49764,49838,49824,49804,49882,49862,49854
9860,49825,49907,49773,49764,49838,49824,49804,49882,49862,49854
9861,49825,49907,49773,49764,49838,49824,49804,49882,49862,49854
9862,49825,49907,49773,49764,49838,49824,49804,49882,49862,49854
9863,49825,49907,49773,49764,49838,49824,49804,49882,49862,49854
9864,49825,49907,49773,49764,49838,49824,49804,49882,49862,49854
9865,49825,49907,49773,49764,49838,49824,49804,49882,49862,49854
9866,49825,49907,49773,49764,49838,49824,49804,49882,49862,49854
9867,49825,49907,49773,49764,49838,49824,49804,49882,49862,49854
9868,49825,49907,49773,49764,49838,49824,49804,49882,49862,49854
9869,49825,49907,49773,49764,49838,49824,49804,49882,49862,49854
9870,49825,49907,49773,49764,49838,49824,49804,49882,49862,49854
9871,49825,49907,49773,49764,49838,49824,49804,49882,49862,49854
9872,49825,49907,49773,49764,49838,49824,49804,49882,49862,49854
9873,49825,49907,49773,49764,49838,49824,49804,49882,49862,49854
9874,49825,49907,49773,49764,49838,49824,49804,49882,49862,49854
9875,49825,49907,49773,49764,49838,49824,49804,49882,49862,49854
9876,49825,49907,49773,49764,49838,49824,49804,49882,49862,49854
9877,49825,49907,49773,49764,49838,49824,49804,49882,49862,49854
9878,49825,49907,49773,49764,49838,49824,49804,49882,49862,49854
9879,49825,49907,49773,49764,49838,49824,49804,49882,49862,49854
9880,49825,49907,49773,49764,49838,49824,49804,49882,49862,49854
9881,49825,49907,49773,49764,49838,49824,49804,49882,49862,49854
9882,49825,49907,49773,49764,49838,49824,49804,49882,49862,49854
9883,49825,49907,49773,49764,49838,49824,49804,49882,49862,49854
9884,49825,49907,49773,49764,49838,49824,49804,49882,49862,49854
9885,49825,49907,49773,49764,49838,49824,49804,49882,49862,49854
9886,49825,49907,49773,49764,49838,49824,49804,49882,49862,49854
9887,49825,49907,49773,49764,49838,49824,49804,49882,49862,49854
9888,49825,49907,49773,49764,49838,49824,49804,49882,49862,49854
9889,49825,49907,49773,49764,49838,49824,49804,49882,49862,49854
9890,49825,49907,49773,49764,49838,49824,49804,49882,49862,49854
9891,49825,49907,49773,49764,49838,49824,49804,49882,49862,49854
9892,49825,49907,49773,49764,49838,49824,49804,49882,49862,49854
9893,49825,49907,49773,49764,49838,49824,49804,49882,49862,49854
9894,49825,49907,49773,49764,49838,49824,49804,49882,49862,49854
9895,49825,49907,49773,49764,49838,49824,49804,49882,49862,49854
9896,49825,49907,49773,49764,49838,49824,49804,49882,49862,49854
9897,49825,49907,49773,49764,49838,49824,49804,49882,49862,49854
9898,49825,49907,49773,49764,49838,49824,49804,49882,49862,49854
9899,49825,49907,49773,49764,49838,49824,49804,49882,49862,49854
9900,49825,49907,49773,49764,49838,49824,49804,49882,49862,49854
9901,49825,49907,49773,49764,49838,49824,49804,49882,49862,49854
9902,49825,49907,49773,49764,49838,49824,49804,49882,49862,49854
9903,49825,49907,49773,49764,49838,49824,49804,49882,49862,49854
9904,49825,49907,49773,49764,49838,49824,49804,49882,49862,49854
9905,49825,49907,49773,49764,49838,49824,49804,49882,49862,49854
9906,49825,49907,49773,49764,49838,49824,49804,49882,49862,49854
9907,49825,49907,49773,49764,49838,49824,49804,49882,49862,49854
9908,49825,49907,49773,49764,49838,49824,49804,49882,49862,49854
9909,49825,49907,49773,49764,49838,49824,49804,49882,49862,49854
9910,49825,49907,49773,49764,49838,49824,49804,49882,49862,49854
9911,49825,49907,49773,49764,49838,49824,49804,49882,49862,49854
9912,49825,49907,49773,49764,49838,49824,49804,49882,49862,49854
9913,49825,49907,49773,49764,49838,49824,49804,49882,49862,49854
9914,49825,49907,49773,49764,49838,49824,49804,49882,49862,49854
9915,49825,49907,49773,49764,49838,49824,49804,49882,49862,49854
9916,49825,49907,49773,49764,49838,49824,49804,49882,49862,49854
9917,49825,49907,49773,49764,49838,49824,49804,49882,49862,49854
9918,49825,49907,49773,49764,49838,49824,49804,49882,49862,49854
9919,49825,49907,49773,49764,49838,49824,49804,49882,49862,49854
9920,49825,49907,49773,49764,49838,49824,49804,49882,49862,49854
9921,49825,49907,49773,49764,49838,49824,49804,49882,49862,49854
9922,49825,49907,49773,49764,49838,49824,49804,49882,49862,49854
9923,49825,49907,49773,49764,49838,49824,49804,49882,49862,49854
9924,49825,49907,49773,49764,49838,49824,49804,49882,49862,49854
9925,49825,49907,49773,49764,49838,49824,49804,49882,49862,49854
9926,49825,49907,49773,49764,49838,49824,49804,49882,49862,49854
9927,49825,49907,49773,49764,49838,49824,49804,49882,49862,49854
9928,49825,49907,49773,49764,49838,49824,49804,49882,49862,49854
9929,49825,49907,49773,49764,49838,49824,49804,49882,49862,49854
9930,49825,49907,49773,49764,49838,49824,49804,49882,49862,49854
9931,49825,49907,49773,49764,49838,49824,49804,49882,49862,49854
9932,49825,49907,49773,49764,49838,49824,49804,49882,49862,49854
9933,49825,49907,49773,49764,49838,49824,49804,49882,49862,49854
9934,49825,49907,49773,49764,49838,49824,49804,49882,49862,49854
9935,49825,49907,49773,49764,49838,49824,49804,49882,49862,49854
9936,49825,49907,49773,49764,49838,49824,49804,49882,49862,49854
9937,49825,49907,49773,49764,49838,49824,49804,49882,49862,49854
9938,49825,49907,49773,49764,49838,49824,49804,49882,49862,49854
9939,49825,49907,49773,49764,49838,49824,49804,49882,49862,49854
9940,49825,49907,49773,49764,49838,49824,49804,49882,49862,49854
9941,49825,49907,49773,49764,49838,49824,49804,49882,49862,49854
9942,49825,49907,49773,49764,49838,49824,49804,49882,49862,49854
9943,49825,49907,49773,49764,49838,49824,49804,49882,49862,49854
9944,49825,49907,49773,49764,49838,49824,49804,49882,49862,49854
9945,49825,49907,49773,49764,49838,49824,49804,49882,49862,49854
9946,49825,49907,49773,49764,49838,49824,49804,49882,49862,49854
9947,49825,49907,49773,49764,49838,49824,49804,49882,49862,49854
9948,49825,49907,49773,49764,49838,49824,49804,49882,49862,49854
9949,49825,49907,49773,49764,49838,49824,49804,49882,49862,49854
9950,49825,49907,49773,49764,49838,49824,49804,49882,49862,49854
9951,49825,49907,49773,49764,49838,49824,49804,49882,49862,49854
9952,49825,49907,49773,49764,49838,49824,49804,49882,49862,49854
9953,49825,49907,49773,49764,49838,49824,49804,49882,49862,49854
9954,49825,49907,49773,49764,49838,49824,49804,49882,49862,49854
9955,49825,49907,49773,49764,49838,49824,49804,49882,49862,49854
9956,49825,49907,49773,49764,49838,49824,49804,49882,49862,49854
9957,49825,49907,49773,49764,49838,49824,49804,49882,49862,49854
9958,49825,49907,49773,49764,49838,49824,49804,49882,49862,49854
9959,49825,49907,49773,49764,49838,49824,49804,49882,49862,49854
9960,49825,49907,49773,49764,49838,49824,49804,49882,49862,49854
9961,49825,49907,49773,49764,49838,49824,49804,49882,49862,49854
9962,49825,49907,49773,49764,49838,49824,49804,49882,49862,49854
9963,49825,49907,49773,49764,49838,49824,49804,49882,49862,49854
9964,49825,49907,49773,49764,49838,49824,49804,49882,49862,49854
9965,49825,49907,49773,49764,49838,49824,49804,49882,49862,49854
9966,49825,49907,49773,49764,49838,49824,49804,49882,49862,49854
9967,49825,49907,49773,49764,49838,49824,49804,49882,49862,49854
9968,49825,49907,49773,49764,49838,49824,49804,49882,49862,49854
9969,49825,49907,49773,49764,49838,49824,49804,49882,49862,49854
9970,49825,49907,49773,49764,49838,49824,49804,49882,49862,49854
9971,49825,49907,49773,49764,49838,49824,49804,49882,49862,49854
9972,49825,49907,49773,49764,49838,49824,49804,49882,49862,49854
9973,49825,49907,49773,49764,49838,49824,49804,49882,49862,49854
9974,49825,49907,49773,49764,49838,49824,49804,49882,49862,49854
9975,49825,49907,49773,49764,49838,49824,49804,49882,49862,49854
9976,49825,49907,49773,49764,49838,49824,49804,49882,49862,49854
9977,49825,49907,49773,49764,49838,49824,49804,49882,49862,49854
9978,49825,49907,49773,49764,49838,49824,49804,49882,49862,49854
9979,49825,49907,49773,49764,49838,49824,49804,49882,49862,49854
9980,49825,49907,49773,49764,49838,49824,49804,49882,49862,49854
9981,49825,49907,49773,49764,49838,49824,49804,49882,49862,49854
9982,49825,49907,49773,49764,49838,49824,49804,49882,49862,49854
9983,49825,49907,49773,49764,49838,49824,49804,49882,49862,49854
9984,49825,49907,49773,49764,49838,49824,49804,49882,49862,49854
9985,49825,49907,49773,49764,49838,49824,49804,49882,49862,49854
9986,49825,49907,49773,49764,49838,49824,49804,49882,49862,49854
9987,49825,49907,49773,49764,49838,49824,49804,49882,49862,49854
9988,49825,49907,49773,49764,49838,49824,49804,49882,49862,49854
9989,49825,49907,49773,49764,49838,49824,49804,49882,49862,49854
9990,49825,49907,49773,49764,49838,49824,49804,49882,49862,49854
9991,49825,49907,49773,49764,49838,49824,49804,49882,49862,49854
9992,49825,49907,49773,49764,49838,49824,49804,49882,49862,49854
9993,49825,49907,49773,49764,49838,49824,49804,49882,49862,49854
9994,49825,49907,49773,49764,49838,49824,49804,49882,49862,49854
9995,49825,49907,49773,49764,49838,49824,49804,49882,49862,49854
9996,49825,49907,49773,49764,49838,49824,49804,49882,49862,49854
9997,49825,49907,49773,49764,49838,49824,49804,49882,49862,49854
9998,49825,49907,49773,49764,49838,49824,49804,49882,49862,49854
9999,49825,49907,49773,49764,49838,49824,49804,49882,49862,49854
