avaliacao,sa1,sa2,sa3,sa4,sa5,sa6,sa7,sa8,sa9,sa10
0,33833,33485,33622,31923,32516,32142,32417,33200,30516,33253
1,33859,33485,33622,32112,32568,32142,32520,33200,30516,33344
2,33859,33485,33622,32149,32615,32229,32520,33200,30690,33413
3,33920,33485,33622,32149,32811,32229,32619,33200,30801,33442
4,33920,33485,33728,32149,32942,32229,32749,33200,31007,33442
5,33920,33485,33728,32166,32942,32229,32749,33330,31073,33442
6,33920,33485,33742,32166,32942,32229,32749,33437,31077,33442
7,33920,33485,33786,32207,33098,32229,32749,33437,31207,33493
8,33920,33485,33786,32207,33250,32229,32749,33437,31328,33550
9,33920,33485,33786,32207,33262,32229,32777,33437,31363,33550
10,33920,33485,33786,32207,33262,32229,32816,33440,31363,33550
11,33920,33512,33786,32207,33262,32229,32816,33440,31385,33550
12,33920,33649,33786,32248,33374,32229,32824,33473,31440,33550
13,33920,33799,33786,32268,33374,32229,32824,33538,31440,33550
14,33920,33799,33892,32369,33390,32229,32824,33538,31440,33550
15,33920,33799,33892,32424,33390,32229,32825,33641,31440,33583
16,33920,33799,33892,32424,33415,32229,32825,33641,31440,33662
17,34033,33799,33985,32555,33595,32229,32825,33682,31440,33743
18,34033,33846,33985,32608,33595,32229,32899,33688,31440,33828
19,34033,34004,33985,32608,33595,32229,32970,33688,31447,33828
20,34033,34159,33985,32608,33595,32229,32970,33721,31556,33891
21,34033,34159,33985,32730,33595,32229,32970,33742,31589,33891
22,34033,34159,33985,32730,33595,32229,32970,33793,31747,33992
23,34033,34159,33985,32754,33595,32229,32970,33830,31747,34050
24,34033,34159,34054,32769,33595,32341,33052,33851,31822,34117
25,34033,34329,34054,32769,33595,32437,33120,33994,31836,34117
26,34033,34467,34075,32842,33595,32593,33120,33994,31836,34117
27,34033,34467,34075,33052,33595,32593,33120,33994,31836,34117
28,34033,34467,34075,33054,33595,32673,33251,33994,31836,34117
29,34033,34467,34075,33054,33595,32673,33415,33994,31836,34117
30,34033,34467,34075,33054,33595,32673,33415,33994,31899,34234
31,34033,34467,34075,33054,33595,32673,33424,33994,32064,34273
32,34033,34467,34075,33054,33595,32706,33467,33994,32064,34273
33,34033,34467,34075,33054,33595,32706,33467,34018,32064,34273
34,34033,34467,34081,33054,33595,32706,33478,34171,32064,34273
35,34033,34467,34208,33054,33595,32744,33485,34250,32064,34312
36,34033,34467,34255,33054,33595,32744,33485,34297,32064,34312
37,34033,34467,34361,33054,33595,32772,33485,34297,32073,34312
38,34069,34612,34361,33159,33595,32772,33485,34297,32073,34323
39,34069,34738,34361,33310,33595,32772,33485,34297,32073,34459
40,34203,34738,34361,33310,33595,32772,33485,34297,32073,34459
41,34203,34738,34361,33310,33595,32893,33485,34312,32166,34459
42,34203,34868,34516,33310,33666,33049,33485,34318,32313,34459
43,34203,34868,34680,33310,33666,33049,33485,34318,32502,34459
44,34203,34868,34799,33310,33666,33049,33485,34318,32629,34459
45,34203,34868,34799,33310,33666,33049,33485,34318,32629,34504
46,34203,34930,34818,33310,33666,33049,33495,34318,32688,34655
47,34203,34930,34818,33381,33666,33049,33515,34318,32818,34659
48,34242,34970,34818,33385,33666,33110,33515,34318,32818,34712
49,34242,34991,34818,33454,33666,33110,33515,34318,32818,34712
50,34372,35127,34818,33535,33666,33163,33515,34318,32818,34840
51,34372,35263,34818,33535,33718,33163,33515,34318,32928,34840
52,34372,35263,34818,33651,33900,33163,33515,34318,32928,34924
53,34372,35263,34818,33651,33900,33163,33543,34353,32928,34924
54,34556,35263,34818,33651,33900,33239,33543,34418,32928,34973
55,34619,35263,34818,33651,33900,33364,33543,34460,32928,34973
56,34619,35263,34818,33683,34036,33364,33543,34460,33038,35158
57,34619,35263,34948,33683,34036,33422,33543,34472,33038,35158
58,34619,35263,34985,33683,34036,33422,33543,34535,33189,35158
59,34619,35263,35190,33683,34124,33422,33543,34535,33329,35158
60,34663,35263,35214,33683,34124,33422,33543,34535,33383,35158
61,34810,35263,35350,33737,34124,33481,33543,34535,33553,35158
62,34810,35427,35400,33737,34124,33481,33543,34535,33553,35158
63,34859,35427,35425,33925,34124,33481,33543,34535,33593,35268
64,34899,35496,35518,33925,34124,33585,33543,34535,33593,35268
65,34899,35534,35690,33925,34124,33773,33543,34535,33597,35324
66,34973,35534,35690,33925,34124,33773,33543,34535,33597,35324
67,35147,35534,35690,33925,34124,33844,33543,34573,33639,35474
68,35147,35534,35779,33925,34124,34057,33627,34726,33792,35474
69,35147,35534,35779,33934,34124,34057,33627,34731,33792,35474
70,35196,35534,35779,33934,34124,34171,33627,34731,33792,35484
71,35314,35534,35779,33934,34124,34311,33627,34731,33792,35512
72,35314,35534,35919,33934,34133,34311,33627,34731,33919,35512
73,35331,35534,35919,33934,34133,34311,33627,34731,33932,35512
74,35385,35547,35919,34067,34181,34405,33627,34731,33932,35512
75,35398,35752,35919,34081,34181,34405,33627,34731,33940,35512
76,35398,35752,35919,34081,34183,34405,33641,34764,33940,35512
77,35399,35801,35919,34081,34229,34416,33641,34764,34067,35512
78,35399,35801,35919,34081,34231,34417,33690,34801,34067,35512
79,35432,35819,35919,34105,34231,34478,33727,34832,34067,35512
80,35432,35820,35919,34148,34231,34478,33790,34877,34139,35512
81,35432,35946,35919,34274,34231,34478,33934,34877,34139,35512
82,35432,35946,35919,34286,34231,34545,33934,34929,34139,35512
83,35432,35946,35919,34286,34231,34545,34057,34990,34139,35512
84,35432,35996,35919,34340,34274,34690,34197,34996,34139,35512
85,35432,36008,35919,34340,34312,34708,34368,34996,34139,35543
86,35432,36008,35919,34340,34312,34708,34368,35050,34139,35569
87,35519,36008,35919,34376,34312,34708,34368,35172,34139,35569
88,35519,36011,35919,34414,34312,34708,34368,35172,34139,35569
89,35532,36011,35919,34414,34312,34708,34368,35172,34247,35585
90,35687,36011,36028,34468,34312,34708,34368,35172,34247,35585
91,35687,36011,36028,34468,34312,34750,34372,35172,34247,35585
92,35693,36011,36028,34468,34312,34750,34417,35179,34247,35585
93,35693,36027,36028,34468,34312,34750,34417,35179,34277,35585
94,35693,36027,36028,34468,34430,34849,34417,35179,34282,35585
95,35693,36027,36028,34468,34430,34849,34417,35179,34282,35585
96,35693,36112,36028,34568,34430,34849,34417,35285,34297,35585
97,35693,36112,36028,34568,34624,34849,34417,35285,34324,35585
98,35693,36161,36028,34620,34642,34849,34417,35347,34383,35585
99,35693,36161,36028,34620,34680,34849,34417,35347,34383,35705
100,35693,36293,36028,34620,34680,34849,34417,35347,34383,35855
101,35693,36293,36028,34620,34680,34849,34417,35347,34383,35855
102,35693,36293,36201,34620,34680,34926,34417,35487,34383,35855
103,35693,36293,36201,34620,34680,34926,34501,35487,34383,35855
104,35698,36293,36201,34620,34680,35083,34501,35487,34383,35855
105,35859,36318,36201,34620,34680,35180,34501,35487,34383,35855
106,36030,36375,36201,34669,34680,35180,34501,35487,34383,35929
107,36030,36375,36201,34717,34680,35280,34534,35487,34383,35929
108,36030,36563,36274,34822,34680,35361,34555,35487,34392,35929
109,36173,36563,36274,35002,34680,35377,34576,35509,34392,35929
110,36191,36563,36274,35002,34680,35377,34576,35509,34392,35929
111,36191,36615,36274,35002,34680,35391,34576,35509,34392,36068
112,36275,36615,36274,35002,34680,35504,34621,35509,34433,36068
113,36298,36625,36274,35002,34680,35663,34702,35509,34454,36068
114,36430,36625,36274,35002,34680,35663,34702,35509,34520,36068
115,36546,36822,36274,35173,34680,35663,34702,35509,34585,36172
116,36567,36822,36274,35196,34680,35762,34702,35509,34585,36172
117,36741,36822,36274,35338,34680,35762,34702,35509,34585,36216
118,36741,36822,36274,35338,34680,35762,34702,35509,34585,36216
119,36741,36822,36274,35338,34846,35762,34702,35509,34609,36216
120,36751,36890,36274,35338,34846,35762,34703,35509,34687,36216
121,36751,36890,36274,35338,34846,35762,34852,35509,34687,36216
122,36794,36890,36274,35338,34846,35777,34852,35509,34875,36216
123,36794,37032,36274,35338,34846,35777,34874,35509,34875,36216
124,36928,37032,36274,35338,34846,35777,34874,35534,34906,36216
125,36928,37032,36274,35338,34846,35786,34874,35534,34963,36216
126,36928,37032,36274,35338,34846,35786,34894,35534,35007,36216
127,36928,37032,36274,35366,34846,35786,35020,35585,35007,36216
128,36928,37032,36274,35366,34846,35786,35020,35749,35211,36216
129,36928,37047,36274,35473,34846,35786,35138,35749,35211,36311
130,36928,37047,36274,35473,34885,35786,35317,35749,35211,36315
131,36980,37047,36274,35473,34886,35786,35317,35810,35211,36315
132,37155,37047,36274,35473,35004,35786,35330,35956,35253,36450
133,37155,37188,36320,35473,35133,35786,35333,35956,35253,36450
134,37165,37309,36350,35473,35285,35786,35333,35956,35322,36450
135,37225,37309,36419,35588,35355,35786,35506,35956,35322,36450
136,37275,37309,36419,35620,35355,35786,35581,35956,35443,36450
137,37275,37334,36510,35620,35355,35786,35581,35956,35598,36450
138,37275,37334,36510,35724,35355,35786,35581,35956,35598,36450
139,37275,37364,36680,35724,35411,35786,35763,36042,35708,36450
140,37275,37371,36729,35724,35411,35786,35763,36124,35708,36450
141,37275,37540,36729,35724,35411,35786,35763,36161,35708,36450
142,37275,37587,36729,35724,35411,35786,35763,36282,35708,36450
143,37275,37587,36729,35724,35411,35786,35763,36282,35708,36450
144,37275,37620,36729,35724,35411,35786,35763,36282,35708,36450
145,37275,37620,36729,35739,35411,35811,35846,36343,35708,36462
146,37275,37620,36729,35748,35411,35811,35846,36343,35708,36462
147,37275,37620,36729,35764,35411,35925,36040,36423,35708,36469
148,37275,37620,36729,35771,35411,35977,36058,36472,35708,36545
149,37275,37620,36729,35771,35411,36094,36058,36472,35708,36546
150,37341,37620,36729,35771,35411,36216,36058,36472,35727,36620
151,37341,37623,36729,35771,35411,36237,36058,36472,35727,36620
152,37469,37623,36729,35771,35411,36252,36167,36472,35727,36620
153,37538,37623,36729,35814,35411,36396,36212,36472,35727,36620
154,37538,37629,36729,35928,35411,36592,36212,36472,35727,36620
155,37538,37629,36729,36068,35411,36592,36212,36472,35783,36620
156,37538,37702,36729,36166,35429,36592,36212,36472,35783,36620
157,37721,37773,36729,36215,35429,36782,36212,36546,35797,36620
158,37721,37835,36729,36215,35566,36782,36212,36615,35797,36620
159,37729,37835,36729,36215,35582,36860,36212,36615,35804,36620
160,37729,37835,36729,36215,35582,36863,36212,36615,35842,36620
161,37850,37910,36730,36215,35582,36863,36212,36637,35973,36620
162,37850,38102,36730,36215,35582,36863,36212,36637,36131,36620
163,37878,38102,36757,36215,35582,36863,36212,36637,36135,36620
164,37976,38102,36757,36215,35599,36863,36212,36769,36147,36620
165,37976,38135,36757,36215,35599,36863,36212,36769,36147,36620
166,38149,38175,36757,36215,35696,36916,36212,36797,36248,36620
167,38149,38371,36866,36215,35696,37086,36212,36829,36248,36620
168,38254,38371,36869,36215,35696,37108,36212,36829,36248,36620
169,38336,38484,36870,36215,35696,37308,36212,36978,36261,36620
170,38346,38497,36870,36215,35720,37308,36212,37020,36261,36620
171,38346,38539,36870,36215,35720,37316,36212,37042,36426,36620
172,38428,38576,36870,36215,35720,37317,36212,37080,36432,36620
173,38453,38690,36884,36215,35720,37317,36212,37080,36432,36620
174,38453,38690,36997,36215,35720,37317,36212,37132,36432,36620
175,38453,38705,37152,36215,35720,37317,36212,37172,36432,36620
176,38469,38758,37274,36343,35720,37317,36212,37182,36464,36620
177,38469,38758,37274,36343,35720,37317,36246,37182,36464,36620
178,38469,38758,37274,36503,35853,37317,36327,37314,36464,36620
179,38469,38758,37307,36503,35905,37317,36457,37342,36464,36620
180,38480,38758,37307,36503,35925,37317,36508,37342,36464,36620
181,38480,38758,37307,36503,35965,37317,36508,37342,36464,36620
182,38480,38785,37307,36503,36028,37406,36592,37342,36531,36620
183,38480,38790,37307,36503,36028,37406,36611,37342,36683,36620
184,38480,38790,37307,36503,36028,37406,36611,37342,36683,36620
185,38497,38790,37307,36503,36028,37406,36611,37342,36802,36620
186,38497,38805,37307,36503,36028,37406,36611,37342,36802,36620
187,38497,38805,37307,36527,36028,37406,36629,37342,36802,36620
188,38497,38805,37307,36527,36028,37406,36723,37342,36900,36620
189,38497,38805,37307,36527,36028,37406,36723,37362,36900,36620
190,38497,38805,37320,36527,36033,37406,36723,37468,37077,36620
191,38497,38805,37330,36527,36033,37406,36741,37532,37279,36727
192,38497,38805,37330,36544,36037,37406,36741,37572,37279,36817
193,38497,38805,37462,36586,36108,37406,36741,37707,37279,36817
194,38497,38805,37462,36718,36161,37406,36741,37707,37442,36861
195,38497,38805,37462,36896,36161,37406,36741,37707,37442,36904
196,38632,38805,37462,36896,36161,37406,36741,37717,37442,36904
197,38632,38838,37474,36896,36161,37406,36741,37798,37455,36904
198,38632,38838,37474,36896,36161,37406,36778,37945,37455,37044
199,38632,38838,37474,37085,36224,37406,36778,37945,37455,37044
200,38632,38838,37475,37085,36240,37406,36778,38011,37455,37183
201,38632,38838,37565,37085,36275,37406,36793,38011,37481,37195
202,38692,38953,37565,37085,36275,37406,36793,38071,37481,37195
203,38692,38953,37619,37085,36275,37429,36898,38222,37481,37195
204,38692,38968,37694,37191,36275,37454,36984,38222,37502,37195
205,38701,38993,37694,37202,36275,37640,36984,38287,37502,37195
206,38701,39087,37694,37202,36275,37640,36984,38303,37691,37195
207,38701,39087,37694,37403,36275,37640,37085,38303,37717,37195
208,38701,39087,37694,37403,36275,37640,37085,38303,37717,37195
209,38701,39087,37771,37529,36275,37640,37085,38303,37717,37195
210,38727,39087,37771,37529,36275,37640,37085,38303,37717,37195
211,38735,39087,37771,37609,36275,37640,37272,38303,37783,37195
212,38735,39087,37869,37645,36275,37640,37272,38303,37783,37195
213,38735,39087,37869,37672,36275,37640,37272,38303,37783,37336
214,38735,39087,37883,37672,36275,37640,37272,38303,37783,37336
215,38752,39087,37883,37672,36275,37640,37272,38303,37850,37501
216,38752,39087,37883,37836,36275,37640,37272,38303,37942,37625
217,38752,39087,38012,37850,36275,37640,37388,38303,37942,37625
218,38827,39087,38012,37988,36275,37726,37388,38365,37943,37800
219,38827,39087,38012,38159,36275,37899,37388,38396,37943,37994
220,38827,39103,38012,38216,36302,37899,37388,38396,37943,38090
221,38827,39103,38012,38350,36302,37899,37388,38396,37943,38140
222,38827,39103,38012,38350,36302,37899,37388,38396,37943,38140
223,38827,39103,38024,38383,36302,38030,37388,38396,37943,38231
224,38827,39103,38040,38383,36418,38071,37388,38396,37943,38231
225,38827,39103,38040,38383,36418,38071,37388,38513,37943,38270
226,38827,39103,38040,38383,36418,38071,37388,38513,37943,38280
227,38827,39103,38040,38436,36418,38071,37388,38513,37943,38280
228,38827,39103,38040,38436,36418,38112,37447,38513,37964,38280
229,38827,39121,38040,38436,36418,38282,37574,38513,37964,38355
230,38827,39176,38040,38436,36418,38282,37574,38513,37964,38356
231,38827,39176,38040,38445,36418,38282,37576,38571,38010,38356
232,38827,39176,38040,38445,36418,38332,37576,38599,38010,38356
233,38827,39176,38040,38494,36418,38332,37576,38599,38157,38356
234,38827,39280,38040,38514,36418,38332,37679,38599,38157,38356
235,38827,39280,38040,38514,36418,38332,37863,38599,38157,38356
236,38827,39280,38040,38541,36418,38459,37863,38599,38157,38356
237,38827,39280,38040,38541,36418,38459,37863,38599,38157,38356
238,38827,39289,38040,38541,36418,38603,37927,38599,38157,38356
239,38827,39289,38072,38541,36533,38634,37995,38599,38157,38356
240,38827,39289,38072,38541,36533,38736,37995,38599,38157,38356
241,38827,39456,38072,38541,36597,38751,37995,38599,38157,38461
242,38827,39456,38072,38541,36612,38751,38085,38599,38157,38544
243,38936,39456,38072,38555,36697,38841,38085,38599,38157,38544
244,38936,39456,38072,38555,36697,38923,38085,38681,38157,38544
245,39036,39456,38072,38555,36817,38957,38085,38866,38157,38544
246,39183,39456,38072,38555,36965,38957,38085,38866,38157,38544
247,39183,39456,38072,38573,36965,38957,38085,38866,38157,38544
248,39183,39496,38072,38573,36965,38957,38135,38887,38157,38544
249,39187,39496,38072,38573,37005,38970,38135,38887,38157,38544
250,39187,39496,38072,38573,37005,38970,38135,38887,38157,38544
251,39187,39496,38072,38573,37005,38970,38135,38887,38205,38544
252,39356,39496,38072,38573,37029,38970,38135,38887,38205,38544
253,39376,39627,38072,38573,37029,38970,38225,38887,38205,38544
254,39395,39628,38072,38573,37029,38970,38392,38887,38357,38544
255,39395,39629,38072,38573,37110,39017,38392,38887,38540,38544
256,39395,39629,38072,38573,37110,39017,38397,38887,38540,38544
257,39395,39760,38072,38573,37110,39017,38450,38887,38540,38544
258,39395,39760,38072,38573,37110,39017,38609,38887,38540,38544
259,39483,39760,38072,38573,37183,39017,38773,38887,38540,38544
260,39483,39760,38072,38573,37183,39017,38773,38947,38540,38544
261,39499,39784,38072,38573,37204,39017,38773,39005,38749,38544
262,39536,39873,38072,38573,37272,39017,38773,39005,38749,38544
263,39536,39886,38072,38573,37272,39017,38773,39144,38749,38544
264,39709,39886,38072,38573,37272,39050,38773,39155,38749,38544
265,39709,39886,38072,38573,37272,39050,38773,39155,38749,38544
266,39709,39886,38072,38573,37272,39050,38773,39155,38749,38544
267,39709,39886,38072,38573,37272,39067,38773,39155,38749,38544
268,39709,39886,38072,38573,37272,39181,38773,39174,38749,38544
269,39709,39886,38072,38573,37272,39362,38773,39174,38749,38544
270,39709,39886,38072,38573,37272,39522,38773,39174,38749,38544
271,39709,39888,38072,38573,37272,39522,38773,39178,38749,38544
272,39709,39888,38141,38573,37272,39522,38773,39178,38749,38544
273,39709,39888,38141,38573,37272,39522,38773,39178,38749,38544
274,39709,39888,38141,38573,37272,39522,38773,39178,38749,38544
275,39709,39888,38141,38573,37272,39522,38773,39178,38749,38544
276,39709,39888,38141,38573,37306,39522,38773,39178,38749,38544
277,39709,39888,38197,38573,37306,39522,38773,39178,38749,38544
278,39709,39903,38265,38573,37306,39546,38773,39178,38749,38544
279,39709,39940,38454,38573,37306,39546,38773,39178,38749,38544
280,39814,39940,38529,38573,37335,39546,38773,39190,38749,38544
281,39814,39940,38541,38573,37497,39546,38773,39190,38749,38544
282,39945,39947,38627,38573,37497,39546,38773,39364,38749,38544
283,39945,39947,38627,38573,37517,39546,38773,39412,38749,38544
284,39945,39947,38627,38573,37518,39546,38773,39420,38749,38544
285,39945,39947,38627,38573,37518,39546,38773,39420,38749,38544
286,40087,40070,38627,38573,37518,39546,38773,39420,38749,38544
287,40087,40171,38734,38607,37518,39546,38773,39420,38749,38544
288,40087,40171,38734,38645,37518,39546,38773,39420,38749,38544
289,40106,40299,38734,38645,37518,39546,38773,39438,38749,38544
290,40288,40299,38734,38645,37531,39546,38773,39450,38749,38544
291,40288,40299,38734,38645,37531,39546,38773,39450,38749,38544
292,40288,40384,38734,38645,37531,39546,38773,39450,38749,38544
293,40288,40384,38832,38645,37531,39546,38773,39614,38749,38544
294,40421,40384,38843,38645,37531,39546,38773,39614,38749,38544
295,40439,40384,38843,38645,37580,39546,38773,39614,38749,38544
296,40439,40384,38865,38645,37610,39546,38773,39614,38749,38544
297,40439,40384,38865,38645,37639,39546,38773,39703,38749,38544
298,40439,40384,38865,38645,37812,39546,38773,39703,38749,38544
299,40439,40482,38865,38645,37834,39546,38773,39703,38749,38544
300,40439,40482,38865,38645,37834,39546,38773,39703,38749,38544
301,40439,40482,38865,38645,37834,39546,38773,39703,38749,38544
302,40439,40514,38865,38645,37834,39546,38889,39703,38749,38544
303,40439,40514,38865,38645,37834,39546,38889,39703,38749,38548
304,40439,40514,38865,38645,37834,39546,38889,39747,38749,38659
305,40441,40540,38865,38645,37834,39546,38889,39747,38749,38803
306,40441,40559,38865,38645,37834,39546,38889,39776,38749,38803
307,40499,40611,38865,38645,37834,39557,38987,39818,38749,38869
308,40499,40611,38865,38645,37834,39557,39104,39827,38749,38869
309,40564,40611,38865,38645,37834,39618,39104,39827,38749,38869
310,40593,40728,38865,38645,37834,39779,39225,39827,38749,38869
311,40636,40728,38865,38645,37834,39916,39334,39827,38749,38950
312,40710,40728,38865,38645,37834,40028,39334,39846,38749,38962
313,40831,40814,38865,38645,37834,40028,39334,39846,38749,38962
314,40854,40814,38865,38645,37834,40028,39334,39887,38749,38962
315,40863,40814,38865,38645,37834,40028,39334,40043,38749,38962
316,40863,40814,38865,38645,37834,40028,39334,40172,38749,38962
317,40989,40814,38865,38645,37834,40028,39334,40172,38756,38979
318,40989,40814,38865,38645,37850,40028,39334,40172,38756,38987
319,41001,40814,38865,38645,37850,40028,39334,40314,38756,39071
320,41001,40814,38865,38669,37850,40028,39334,40464,38803,39118
321,41115,40814,38865,38706,37850,40028,39334,40464,38803,39274
322,41118,40814,38865,38744,37850,40076,39334,40464,38890,39305
323,41118,40814,38865,38744,37850,40187,39334,40604,38890,39305
324,41118,40814,38865,38749,37850,40187,39334,40604,38890,39305
325,41146,40814,38865,38816,37850,40187,39334,40604,38922,39305
326,41146,40814,38865,39034,37850,40187,39334,40604,38922,39305
327,41196,40814,38865,39034,37850,40187,39334,40637,38922,39305
328,41196,40814,38865,39214,37850,40187,39334,40658,38922,39305
329,41196,40814,38865,39225,37850,40201,39334,40831,38922,39305
330,41196,40814,38865,39225,37850,40201,39334,40831,38922,39305
331,41196,40814,38986,39235,37850,40201,39413,40831,38922,39305
332,41196,40814,38986,39235,37850,40201,39507,40844,38963,39323
333,41196,40814,38986,39425,37850,40261,39507,40844,38965,39323
334,41196,40814,38986,39425,37850,40298,39512,40844,38965,39323
335,41196,40814,39069,39425,37850,40343,39512,40874,39005,39323
336,41196,40814,39179,39425,37850,40343,39617,40874,39005,39323
337,41196,40814,39234,39425,37850,40343,39827,40926,39005,39323
338,41196,40814,39234,39425,37850,40343,39827,40926,39005,39323
339,41311,40814,39329,39425,37850,40343,39827,40926,39023,39323
340,41311,40821,39329,39425,37850,40343,39827,40926,39027,39323
341,41333,40950,39329,39425,37850,40343,39827,40926,39027,39323
342,41333,40950,39329,39584,37850,40343,39838,40926,39027,39323
343,41370,40950,39329,39612,37850,40343,39987,40926,39027,39323
344,41370,40950,39329,39671,37850,40343,40110,41041,39027,39339
345,41370,40950,39329,39671,37850,40343,40127,41041,39027,39339
346,41536,40950,39329,39671,37850,40343,40127,41041,39027,39339
347,41720,40950,39329,39671,37850,40343,40127,41041,39027,39339
348,41720,41000,39329,39671,37850,40343,40144,41041,39134,39339
349,41720,41024,39329,39671,37850,40343,40265,41041,39134,39339
350,41720,41024,39329,39671,37850,40343,40265,41041,39134,39451
351,41720,41024,39329,39671,37850,40343,40265,41041,39134,39451
352,41720,41042,39333,39671,37850,40343,40366,41049,39134,39476
353,41720,41042,39333,39671,37850,40343,40366,41049,39179,39476
354,41720,41042,39333,39671,37850,40343,40366,41049,39188,39476
355,41720,41042,39476,39794,37850,40343,40366,41049,39188,39476
356,41806,41055,39476,39794,37850,40343,40366,41049,39292,39476
357,41806,41082,39491,39794,37850,40343,40366,41049,39324,39476
358,41806,41082,39507,39830,37850,40343,40366,41049,39462,39594
359,41806,41169,39507,39830,37850,40343,40366,41049,39462,39620
360,41806,41169,39507,39830,37850,40343,40366,41049,39462,39680
361,41806,41170,39507,39830,37850,40343,40366,41049,39605,39680
362,41806,41170,39507,39830,37850,40343,40366,41049,39619,39680
363,41806,41170,39507,39830,37850,40343,40366,41049,39619,39682
364,41806,41236,39507,39830,37850,40373,40366,41049,39619,39682
365,41806,41294,39520,39830,37897,40510,40366,41049,39619,39724
366,41806,41294,39652,39830,37897,40510,40366,41049,39762,39856
367,41806,41322,39652,39830,37978,40510,40366,41049,39762,39856
368,41806,41374,39726,39830,37978,40551,40366,41049,39916,39856
369,41806,41504,39768,39830,37978,40634,40366,41049,39916,39856
370,41806,41504,39768,39879,37978,40634,40366,41049,39917,39856
371,41806,41504,39937,39879,37978,40702,40398,41049,39949,39856
372,41806,41504,39978,39879,38017,40702,40398,41049,40097,39856
373,41806,41504,40019,39897,38017,40702,40398,41159,40102,39856
374,41806,41528,40056,39897,38017,40702,40447,41159,40102,39976
375,41806,41604,40056,40021,38026,40711,40475,41161,40102,39990
376,41806,41613,40067,40074,38136,40842,40488,41161,40161,39990
377,41806,41613,40145,40074,38185,40842,40488,41161,40161,39999
378,41806,41637,40145,40080,38191,40842,40557,41161,40179,40080
379,41806,41637,40313,40080,38191,40842,40557,41161,40179,40115
380,41806,41638,40454,40080,38305,40896,40557,41161,40180,40175
381,41806,41638,40541,40080,38368,40896,40651,41161,40224,40175
382,41806,41638,40599,40080,38368,40936,40651,41161,40224,40175
383,41806,41638,40599,40147,38368,40936,40651,41161,40227,40190
384,41806,41638,40599,40147,38368,40936,40651,41161,40227,40276
385,41806,41638,40599,40147,38368,40936,40651,41161,40227,40276
386,41806,41638,40599,40147,38410,40936,40651,41161,40227,40276
387,41806,41638,40599,40175,38410,40936,40651,41161,40241,40276
388,41806,41638,40599,40175,38410,40936,40651,41161,40241,40276
389,41809,41638,40599,40175,38410,40936,40651,41161,40349,40276
390,41809,41638,40599,40324,38427,40936,40651,41161,40349,40345
391,41809,41638,40599,40398,38437,40936,40651,41161,40349,40345
392,41809,41638,40599,40398,38437,40936,40651,41161,40349,40345
393,41809,41638,40670,40398,38437,40974,40651,41161,40428,40349
394,41809,41638,40732,40398,38437,40974,40651,41161,40476,40349
395,41809,41638,40734,40398,38437,41057,40651,41161,40476,40349
396,41809,41638,40867,40405,38437,41057,40651,41161,40476,40349
397,41809,41638,40970,40405,38570,41057,40651,41161,40476,40358
398,41881,41638,40991,40405,38647,41057,40651,41161,40476,40439
399,41919,41638,40991,40405,38684,41057,40651,41161,40476,40439
400,41919,41638,40991,40405,38689,41057,40651,41161,40476,40439
401,42031,41638,41043,40405,38689,41057,40651,41161,40476,40439
402,42076,41638,41043,40405,38835,41057,40651,41161,40476,40439
403,42076,41638,41043,40405,38835,41057,40651,41161,40541,40439
404,42076,41638,41043,40405,38835,41057,40651,41161,40568,40537
405,42214,41638,41046,40405,38835,41057,40651,41161,40614,40537
406,42352,41672,41046,40405,38835,41057,40651,41161,40614,40537
407,42422,41761,41079,40405,38835,41057,40651,41161,40614,40613
408,42432,41761,41079,40405,38835,41057,40651,41161,40614,40613
409,42447,41761,41079,40405,38835,41057,40651,41161,40614,40638
410,42447,41761,41079,40405,38835,41057,40651,41161,40614,40638
411,42447,41761,41079,40405,38835,41057,40651,41161,40614,40638
412,42447,41761,41079,40405,38907,41057,40651,41161,40675,40638
413,42447,41761,41079,40405,38907,41057,40651,41161,40675,40638
414,42447,41893,41079,40405,38907,41057,40651,41161,40675,40638
415,42447,41893,41079,40405,38907,41057,40651,41161,40829,40638
416,42447,41945,41079,40405,38967,41057,40651,41161,40829,40638
417,42447,42068,41079,40405,38967,41057,40651,41161,40932,40638
418,42447,42068,41079,40405,38967,41057,40651,41161,40932,40778
419,42447,42068,41079,40405,38994,41057,40651,41161,40932,40778
420,42447,42068,41079,40405,39000,41057,40651,41191,40932,40789
421,42447,42068,41079,40405,39028,41057,40651,41304,40932,40789
422,42447,42105,41079,40405,39028,41057,40651,41323,40932,40789
423,42447,42105,41079,40405,39028,41057,40651,41453,40932,40789
424,42447,42113,41079,40405,39028,41057,40651,41453,40932,40830
425,42447,42113,41079,40405,39028,41057,40651,41453,40965,40830
426,42447,42176,41079,40405,39028,41057,40651,41453,40965,40830
427,42447,42176,41079,40405,39028,41057,40651,41495,40965,40830
428,42447,42224,41079,40405,39028,41057,40651,41495,40965,40893
429,42447,42224,41079,40405,39028,41057,40651,41495,40965,40893
430,42447,42351,41079,40405,39028,41057,40651,41495,40965,40904
431,42447,42378,41079,40405,39028,41057,40651,41495,40965,41027
432,42447,42378,41095,40405,39028,41057,40651,41495,40965,41028
433,42447,42378,41095,40405,39028,41057,40651,41495,40965,41089
434,42447,42378,41095,40405,39028,41057,40651,41495,40965,41089
435,42447,42425,41095,40405,39028,41057,40651,41495,40965,41111
436,42447,42425,41095,40405,39028,41057,40675,41495,40965,41111
437,42447,42425,41095,40405,39028,41057,40840,41495,40965,41111
438,42447,42516,41095,40407,39099,41057,41022,41495,40965,41111
439,42447,42590,41095,40498,39099,41057,41025,41495,40965,41111
440,42447,42590,41095,40594,39099,41057,41068,41495,40965,41111
441,42447,42713,41095,40594,39099,41057,41068,41539,40965,41204
442,42447,42713,41095,40594,39099,41057,41068,41595,40965,41204
443,42447,42713,41095,40594,39099,41057,41078,41726,40965,41204
444,42447,42755,41095,40594,39099,41057,41231,41850,40965,41204
445,42447,42755,41095,40594,39099,41057,41311,41850,40965,41243
446,42447,42781,41095,40594,39099,41057,41311,41850,40965,41243
447,42447,42808,41095,40594,39099,41057,41311,41850,40965,41311
448,42447,42825,41095,40594,39099,41057,41311,41865,40965,41326
449,42447,42825,41095,40594,39099,41057,41311,41865,40965,41345
450,42447,42825,41095,40594,39099,41068,41311,41865,40965,41345
451,42447,42825,41095,40594,39099,41068,41335,41899,40965,41345
452,42447,42825,41095,40594,39099,41068,41335,41899,40965,41345
453,42447,42825,41095,40594,39099,41068,41335,41899,40965,41345
454,42447,42962,41095,40594,39099,41068,41335,41899,40965,41345
455,42447,42962,41095,40594,39099,41068,41335,41899,40965,41345
456,42447,43022,41184,40594,39099,41068,41335,41899,40965,41345
457,42447,43048,41184,40594,39099,41068,41364,41899,40965,41345
458,42447,43048,41184,40594,39099,41068,41364,41899,40965,41345
459,42447,43048,41369,40594,39099,41068,41364,41899,40965,41461
460,42447,43060,41438,40594,39099,41068,41364,41899,40965,41461
461,42447,43060,41438,40594,39099,41068,41364,41899,40965,41610
462,42447,43060,41438,40594,39099,41068,41364,41899,40965,41610
463,42447,43060,41438,40594,39099,41068,41494,41899,40979,41610
464,42447,43060,41438,40594,39099,41068,41494,41899,41010,41610
465,42447,43060,41555,40594,39099,41068,41494,41899,41150,41610
466,42447,43060,41555,40594,39099,41150,41642,41899,41150,41610
467,42447,43060,41614,40594,39099,41150,41642,41899,41186,41610
468,42447,43060,41614,40594,39099,41150,41668,41899,41186,41610
469,42447,43073,41614,40594,39099,41150,41668,41913,41186,41636
470,42447,43073,41614,40594,39099,41150,41668,41938,41186,41641
471,42447,43105,41641,40594,39099,41150,41668,41941,41206,41641
472,42524,43105,41641,40594,39099,41150,41668,41953,41216,41641
473,42534,43105,41641,40594,39099,41150,41668,41953,41238,41641
474,42534,43156,41641,40594,39099,41158,41729,42044,41352,41641
475,42617,43156,41641,40594,39099,41158,41729,42044,41352,41641
476,42617,43156,41641,40594,39099,41158,41750,42044,41401,41641
477,42639,43167,41641,40594,39099,41214,41768,42167,41485,41641
478,42639,43167,41641,40594,39099,41214,41796,42167,41485,41641
479,42639,43167,41641,40594,39099,41240,41796,42167,41485,41641
480,42797,43167,41641,40594,39099,41380,41927,42167,41569,41641
481,42848,43167,41641,40594,39099,41380,41927,42167,41732,41641
482,42848,43167,41641,40594,39099,41455,41927,42167,41732,41641
483,42848,43167,41641,40594,39099,41460,41944,42167,41732,41641
484,42848,43167,41641,40594,39099,41460,41944,42167,41732,41695
485,42870,43179,41641,40594,39099,41471,41944,42167,41732,41695
486,43018,43179,41641,40594,39099,41493,41944,42167,41732,41695
487,43061,43179,41641,40594,39099,41493,41944,42167,41839,41695
488,43061,43234,41641,40594,39099,41493,41944,42175,41839,41695
489,43061,43234,41641,40594,39188,41493,41944,42175,41839,41695
490,43061,43234,41680,40630,39188,41493,41979,42175,41839,41695
491,43061,43234,41680,40635,39188,41493,42080,42175,41839,41695
492,43083,43234,41680,40635,39228,41493,42080,42175,41870,41695
493,43108,43234,41680,40649,39228,41493,42080,42175,42053,41695
494,43108,43234,41728,40649,39228,41493,42080,42175,42053,41695
495,43108,43234,41728,40649,39228,41493,42202,42175,42053,41695
496,43108,43234,41728,40649,39271,41493,42202,42178,42053,41695
497,43108,43234,41765,40649,39271,41493,42312,42178,42053,41695
498,43108,43246,41765,40649,39399,41493,42312,42178,42081,41695
499,43108,43246,41765,40649,39399,41493,42312,42178,42081,41695
500,43108,43246,41812,40649,39399,41592,42312,42178,42081,41695
501,43108,43246,41812,40649,39452,41606,42334,42178,42081,41695
502,43108,43246,41812,40649,39456,41606,42334,42178,42081,41695
503,43108,43246,41840,40649,39456,41641,42340,42178,42165,41766
504,43108,43246,41984,40649,39481,41844,42340,42193,42165,41766
505,43108,43246,41984,40649,39639,41844,42340,42206,42165,41766
506,43108,43246,41984,40649,39639,41873,42497,42206,42165,41766
507,43108,43246,41984,40666,39649,41873,42497,42206,42165,41766
508,43108,43246,41984,40694,39649,41873,42497,42206,42165,41766
509,43108,43246,41984,40694,39673,41873,42497,42372,42204,41766
510,43108,43246,41984,40694,39673,41873,42497,42394,42204,41766
511,43108,43246,41984,40694,39689,41873,42638,42394,42204,41766
512,43108,43246,41984,40898,39689,41873,42638,42394,42211,41766
513,43108,43246,41984,40898,39689,41873,42638,42505,42211,41844
514,43108,43246,41984,41089,39849,41889,42743,42505,42211,41844
515,43108,43246,41984,41089,40015,41889,42743,42505,42211,41844
516,43108,43246,41984,41089,40033,41889,42743,42505,42211,41852
517,43108,43285,41984,41089,40075,41889,42743,42505,42211,41852
518,43108,43314,41984,41089,40192,42023,42743,42505,42211,41881
519,43108,43353,41984,41089,40192,42164,42743,42505,42211,41881
520,43108,43400,41984,41089,40268,42164,42814,42505,42211,41881
521,43161,43400,41984,41089,40268,42174,42932,42584,42211,41882
522,43161,43400,41984,41089,40268,42286,43080,42584,42211,41882
523,43219,43410,41984,41089,40268,42286,43080,42584,42211,41882
524,43219,43410,41984,41089,40415,42427,43080,42733,42211,41882
525,43219,43410,41984,41118,40478,42427,43252,42733,42211,41882
526,43260,43410,41984,41118,40518,42485,43408,42733,42211,41882
527,43260,43478,41984,41118,40518,42485,43408,42733,42211,41882
528,43347,43478,42020,41118,40518,42602,43408,42733,42211,41882
529,43347,43478,42020,41118,40518,42602,43408,42733,42211,41882
530,43395,43478,42020,41118,40518,42602,43408,42736,42211,41941
531,43395,43506,42020,41118,40518,42602,43408,42736,42211,41941
532,43395,43632,42020,41118,40518,42691,43408,42854,42211,41941
533,43395,43632,42020,41118,40518,42691,43408,42854,42211,41941
534,43453,43632,42020,41118,40518,42839,43408,42859,42211,41941
535,43453,43632,42151,41118,40536,42839,43408,42859,42211,41941
536,43453,43787,42151,41118,40536,42863,43408,42860,42211,41941
537,43453,43787,42151,41118,40536,42921,43408,42975,42211,41941
538,43453,43787,42151,41118,40536,43011,43408,42986,42211,41941
539,43453,43787,42152,41118,40536,43011,43408,42986,42211,41941
540,43453,43787,42258,41118,40536,43011,43408,42986,42211,41941
541,43453,43787,42258,41124,40560,43011,43408,42986,42211,41941
542,43453,43787,42258,41124,40579,43011,43408,42986,42211,41941
543,43453,43787,42258,41124,40579,43011,43408,42986,42211,41941
544,43453,43787,42258,41154,40579,43011,43408,42986,42211,41941
545,43453,43787,42258,41154,40579,43011,43408,42991,42211,41941
546,43559,43787,42258,41154,40579,43011,43408,42991,42211,41941
547,43664,43787,42258,41156,40612,43011,43408,42991,42211,41941
548,43795,43787,42258,41351,40612,43011,43408,43116,42211,41941
549,43945,43787,42258,41351,40612,43011,43408,43116,42211,41941
550,43945,43787,42258,41351,40623,43011,43408,43116,42211,42069
551,43945,43787,42383,41351,40623,43011,43408,43116,42211,42069
552,43945,43866,42383,41509,40727,43011,43408,43140,42211,42069
553,43945,43866,42383,41509,40727,43011,43408,43140,42211,42095
554,43945,43866,42383,41509,40727,43011,43408,43140,42211,42095
555,43945,43866,42383,41509,40727,43011,43408,43140,42211,42095
556,43945,43896,42383,41509,40727,43011,43408,43156,42211,42095
557,43945,43943,42383,41509,40727,43011,43408,43156,42211,42095
558,43945,43943,42450,41509,40727,43011,43408,43179,42211,42095
559,43945,43943,42450,41509,40727,43011,43408,43179,42211,42095
560,43945,43983,42450,41509,40727,43011,43408,43268,42211,42096
561,43945,43983,42552,41509,40727,43011,43408,43285,42211,42096
562,43945,44149,42552,41509,40727,43011,43408,43285,42211,42224
563,43945,44240,42562,41509,40727,43011,43408,43285,42211,42227
564,43945,44240,42562,41509,40727,43011,43408,43285,42211,42227
565,43945,44243,42731,41509,40762,43011,43408,43360,42211,42227
566,43945,44243,42731,41509,40762,43011,43408,43360,42211,42227
567,43945,44243,42731,41509,40762,43011,43408,43360,42211,42227
568,43945,44243,42763,41509,40762,43011,43408,43360,42211,42227
569,43945,44243,42763,41509,40762,43011,43408,43406,42211,42227
570,43945,44243,42763,41509,40762,43011,43408,43572,42211,42227
571,43945,44243,42763,41509,40762,43011,43408,43594,42211,42227
572,43945,44243,42763,41509,40762,43011,43408,43605,42211,42227
573,43945,44243,42763,41509,40762,43011,43408,43641,42211,42227
574,43945,44243,42763,41509,40762,43011,43408,43641,42211,42227
575,43945,44339,42763,41509,40762,43011,43408,43641,42211,42227
576,43945,44368,42763,41509,40762,43011,43408,43641,42211,42227
577,43945,44368,42763,41509,40762,43011,43408,43641,42211,42227
578,43945,44368,42763,41509,40762,43011,43408,43641,42211,42227
579,43945,44368,42763,41509,40762,43120,43408,43641,42211,42227
580,43945,44368,42763,41509,40762,43147,43408,43641,42211,42227
581,43945,44368,42763,41509,40762,43147,43408,43641,42211,42227
582,43945,44368,42763,41509,40762,43147,43408,43641,42211,42227
583,43945,44368,42763,41509,40762,43147,43408,43641,42211,42227
584,43945,44368,42763,41509,40762,43147,43408,43641,42211,42227
585,43945,44368,42763,41509,40762,43147,43408,43682,42211,42227
586,43945,44374,42763,41509,40762,43147,43408,43682,42211,42227
587,43945,44374,42763,41509,40762,43147,43408,43682,42211,42227
588,43945,44374,42763,41509,40762,43147,43408,43724,42211,42227
589,43945,44374,42763,41509,40762,43147,43408,43724,42288,42253
590,43945,44534,42763,41509,40762,43232,43408,43724,42288,42253
591,43945,44539,42763,41509,40762,43232,43408,43724,42294,42253
592,43945,44592,42763,41509,40762,43232,43408,43724,42294,42253
593,43945,44592,42763,41509,40762,43232,43408,43724,42294,42253
594,43945,44738,42763,41509,40762,43232,43408,43724,42307,42253
595,43945,44751,42763,41509,40762,43357,43408,43724,42307,42253
596,43945,44751,42835,41509,40762,43490,43408,43735,42307,42253
597,43945,44751,42888,41509,40762,43490,43408,43735,42341,42253
598,43945,44871,42888,41509,40762,43490,43408,43735,42341,42253
599,43945,44878,42888,41509,40815,43490,43408,43735,42341,42253
600,43945,44878,42888,41509,40815,43490,43408,43735,42341,42253
601,43945,44878,42888,41509,40815,43490,43408,43735,42341,42253
602,44000,44878,42888,41509,40815,43490,43408,43735,42341,42253
603,44046,44878,42888,41509,40815,43490,43408,43735,42341,42253
604,44121,44932,42888,41509,40833,43490,43408,43735,42341,42253
605,44121,44932,42888,41509,40862,43490,43408,43735,42341,42253
606,44121,44932,42888,41509,40862,43490,43408,43814,42341,42253
607,44121,44932,42888,41509,40862,43490,43408,43814,42341,42253
608,44121,44932,42888,41509,40961,43490,43408,43975,42341,42253
609,44121,44932,42888,41509,40961,43490,43408,43975,42341,42253
610,44121,44932,42888,41509,40961,43490,43408,44028,42341,42253
611,44121,44960,42888,41509,40961,43490,43408,44218,42341,42253
612,44220,45036,42888,41509,40961,43490,43408,44218,42341,42265
613,44384,45036,42888,41509,40961,43490,43408,44273,42387,42265
614,44450,45036,42888,41509,40961,43490,43408,44273,42387,42265
615,44467,45036,42888,41509,40961,43490,43408,44329,42387,42360
616,44467,45036,42888,41509,40961,43490,43408,44329,42387,42360
617,44467,45036,42888,41509,40961,43491,43408,44329,42387,42370
618,44467,45036,42888,41509,40987,43491,43408,44329,42387,42370
619,44467,45036,42888,41509,40987,43491,43408,44329,42387,42370
620,44467,45036,42888,41509,40987,43491,43408,44329,42387,42370
621,44467,45036,42888,41509,40997,43509,43408,44329,42473,42544
622,44467,45036,42888,41509,40997,43509,43408,44329,42473,42544
623,44467,45036,42888,41509,40997,43509,43408,44329,42509,42719
624,44467,45036,42888,41509,40997,43509,43408,44329,42509,42719
625,44467,45036,42888,41509,40997,43509,43408,44329,42509,42719
626,44467,45036,42888,41509,40997,43509,43408,44400,42546,42719
627,44467,45036,42888,41509,41082,43509,43408,44464,42691,42719
628,44467,45036,42888,41509,41082,43509,43408,44497,42691,42719
629,44467,45036,42888,41509,41082,43509,43408,44624,42820,42719
630,44467,45036,42888,41509,41105,43509,43408,44624,42820,42719
631,44467,45036,42888,41509,41105,43509,43408,44624,42820,42719
632,44467,45036,42888,41509,41115,43509,43408,44624,42820,42719
633,44467,45036,42888,41509,41115,43509,43408,44624,42820,42719
634,44467,45036,42888,41509,41123,43509,43408,44624,42820,42719
635,44467,45036,42888,41509,41199,43509,43408,44624,42820,42719
636,44467,45036,42921,41509,41199,43633,43408,44624,42820,42719
637,44467,45065,42921,41509,41199,43633,43408,44624,42820,42719
638,44467,45107,42921,41509,41199,43633,43408,44624,42820,42719
639,44467,45107,42921,41509,41199,43633,43408,44686,42820,42719
640,44467,45107,42921,41509,41199,43633,43408,44686,42820,42719
641,44467,45287,42934,41616,41201,43633,43408,44839,42820,42760
642,44467,45287,42934,41616,41215,43633,43408,44965,42820,42761
643,44467,45295,43027,41616,41215,43633,43408,44965,42820,42892
644,44467,45295,43027,41616,41215,43675,43408,44984,42841,42892
645,44467,45295,43027,41616,41215,43675,43408,44986,42841,42892
646,44467,45295,43171,41616,41215,43675,43408,44986,42852,42892
647,44467,45295,43171,41616,41215,43675,43408,44986,42929,42892
648,44467,45295,43171,41616,41215,43675,43408,45001,43063,42892
649,44470,45295,43235,41637,41215,43714,43408,45001,43138,42892
650,44470,45295,43292,41637,41237,43714,43408,45075,43138,42892
651,44470,45295,43307,41637,41237,43722,43408,45127,43223,42892
652,44470,45295,43307,41637,41237,43780,43408,45150,43223,42892
653,44555,45295,43307,41700,41237,43780,43408,45150,43223,42892
654,44555,45295,43307,41700,41237,43780,43408,45167,43223,42892
655,44555,45309,43307,41777,41237,43780,43408,45172,43223,42892
656,44667,45309,43307,41857,41237,43780,43408,45187,43223,42892
657,44667,45309,43307,41857,41237,43780,43408,45187,43223,42892
658,44667,45309,43307,41857,41237,43780,43408,45187,43223,42892
659,44667,45326,43307,41912,41237,43780,43509,45187,43223,42892
660,44667,45470,43307,42008,41237,43780,43509,45187,43223,42892
661,44667,45493,43307,42204,41237,43780,43521,45187,43223,42892
662,44667,45493,43307,42241,41237,43780,43527,45223,43223,42892
663,44785,45648,43307,42295,41237,43783,43684,45376,43223,42953
664,44898,45648,43364,42295,41237,43783,43754,45376,43223,43039
665,44898,45648,43364,42295,41237,43783,43754,45376,43223,43039
666,44898,45648,43364,42328,41302,43783,43754,45376,43223,43039
667,44898,45648,43364,42377,41302,43783,43754,45376,43306,43143
668,44899,45648,43364,42381,41302,43783,43820,45376,43363,43297
669,44899,45648,43364,42381,41302,43783,43894,45376,43363,43297
670,44899,45648,43364,42471,41302,43783,43913,45376,43363,43314
671,44899,45648,43364,42471,41302,43783,43913,45390,43363,43314
672,44979,45648,43364,42511,41302,43783,44032,45413,43363,43314
673,44979,45648,43364,42543,41302,43783,44032,45413,43455,43390
674,45038,45648,43364,42669,41302,43783,44032,45413,43455,43390
675,45038,45648,43364,42669,41302,43786,44032,45413,43595,43390
676,45038,45648,43364,42669,41302,43825,44032,45413,43595,43390
677,45057,45701,43364,42669,41302,43925,44209,45413,43595,43471
678,45118,45701,43364,42669,41422,43925,44209,45413,43604,43471
679,45155,45701,43364,42669,41422,43925,44209,45413,43604,43471
680,45155,45701,43364,42669,41446,43925,44209,45413,43604,43471
681,45155,45701,43364,42669,41446,44006,44263,45413,43604,43471
682,45267,45701,43364,42669,41446,44006,44264,45413,43604,43471
683,45267,45701,43364,42669,41446,44006,44264,45413,43607,43471
684,45287,45701,43364,42669,41564,44034,44264,45413,43607,43471
685,45287,45701,43364,42669,41564,44034,44264,45413,43607,43471
686,45287,45714,43364,42669,41564,44051,44330,45469,43678,43471
687,45287,45714,43364,42669,41628,44051,44330,45469,43678,43471
688,45287,45714,43364,42669,41741,44120,44330,45469,43678,43471
689,45287,45714,43364,42669,41741,44120,44330,45577,43679,43471
690,45287,45714,43364,42737,41741,44120,44339,45664,43679,43471
691,45287,45714,43364,42737,41741,44120,44339,45667,43747,43471
692,45287,45714,43364,42737,41793,44120,44344,45703,43800,43471
693,45287,45714,43364,42740,41793,44120,44344,45860,43820,43471
694,45287,45806,43364,42740,41793,44120,44344,45860,43820,43471
695,45294,45806,43374,42740,41793,44120,44401,45860,43820,43471
696,45294,45873,43374,42766,41793,44120,44455,45860,43820,43471
697,45294,45873,43374,42804,41793,44120,44548,45860,43820,43471
698,45294,45873,43374,42804,41793,44120,44548,45860,43820,43471
699,45294,45964,43374,42804,41793,44120,44548,45860,43820,43471
700,45294,45964,43374,42804,41793,44179,44548,45860,43820,43471
701,45294,45964,43374,42804,41793,44266,44548,45860,43820,43471
702,45294,45964,43374,42804,41793,44266,44548,45864,43820,43471
703,45295,45964,43374,42804,41793,44266,44585,45864,43820,43471
704,45295,45964,43374,42804,41793,44266,44626,45870,43820,43471
705,45295,45964,43374,42804,41793,44266,44776,45870,43820,43471
706,45306,45964,43374,42804,41793,44266,44776,46053,43820,43529
707,45306,45964,43374,42804,41793,44422,44776,46053,43820,43529
708,45338,45964,43374,42804,41819,44422,44776,46070,43820,43529
709,45338,45964,43374,42804,41819,44422,44900,46114,43911,43529
710,45478,45964,43374,42804,41819,44579,44900,46114,43911,43529
711,45478,45964,43374,42804,41934,44704,44900,46114,43911,43572
712,45478,45964,43374,42804,41934,44704,44900,46135,43911,43572
713,45478,45964,43374,42804,41934,44763,44900,46135,43911,43572
714,45478,45964,43374,42804,41949,44763,44900,46135,43911,43572
715,45478,45964,43374,42804,42020,44763,44900,46135,43911,43572
716,45478,45964,43374,42804,42020,44763,44900,46135,43921,43572
717,45478,45964,43374,42804,42020,44763,44900,46249,44059,43572
718,45478,45964,43374,42804,42169,44763,44900,46249,44064,43572
719,45478,45964,43374,42804,42307,44816,44900,46285,44064,43572
720,45478,45964,43374,42804,42316,44816,44900,46295,44064,43572
721,45478,45964,43374,42804,42316,44816,44900,46295,44064,43572
722,45478,45964,43374,42804,42316,44844,45004,46295,44064,43572
723,45569,45964,43374,42804,42441,44844,45004,46295,44064,43572
724,45648,45964,43374,42804,42441,44844,45004,46295,44064,43572
725,45797,45964,43374,42804,42441,44844,45004,46295,44064,43572
726,45903,45964,43374,42811,42441,44856,45007,46295,44064,43572
727,45903,45964,43374,42988,42643,44856,45007,46295,44064,43572
728,45903,45964,43374,42988,42664,44856,45007,46295,44064,43572
729,45903,45964,43374,42988,42664,44856,45007,46295,44064,43572
730,46027,45964,43462,43025,42664,44859,45007,46295,44064,43572
731,46027,45964,43462,43039,42664,44859,45007,46295,44064,43572
732,46027,45964,43462,43039,42664,44859,45007,46295,44064,43572
733,46088,45964,43476,43039,42664,44860,45021,46295,44064,43572
734,46155,45964,43476,43039,42664,44876,45075,46295,44064,43572
735,46155,45964,43476,43039,42664,44876,45075,46295,44064,43572
736,46155,45964,43476,43039,42664,44986,45075,46295,44064,43572
737,46299,45964,43476,43039,42664,44986,45075,46295,44064,43572
738,46299,45964,43476,43039,42664,44986,45075,46295,44064,43572
739,46360,45964,43476,43039,42664,44986,45075,46295,44064,43572
740,46360,45964,43476,43039,42664,44986,45075,46295,44064,43572
741,46360,45982,43476,43039,42664,44986,45075,46295,44064,43572
742,46488,45982,43521,43039,42664,44986,45075,46295,44064,43572
743,46488,46009,43521,43039,42664,44986,45086,46295,44064,43572
744,46488,46009,43521,43039,42664,44986,45089,46295,44064,43572
745,46488,46009,43581,43039,42664,44986,45089,46295,44064,43572
746,46488,46009,43581,43039,42664,44986,45089,46295,44064,43572
747,46488,46009,43583,43039,42664,44986,45089,46295,44064,43572
748,46488,46009,43716,43039,42664,44986,45089,46295,44064,43572
749,46488,46009,43716,43039,42664,44986,45196,46295,44064,43572
750,46488,46009,43716,43039,42664,44986,45196,46295,44064,43572
751,46488,46009,43765,43039,42664,44986,45196,46295,44064,43572
752,46488,46009,43765,43039,42664,44986,45316,46295,44064,43572
753,46488,46009,43765,43131,42664,44986,45316,46295,44064,43572
754,46488,46009,43819,43131,42664,44986,45316,46295,44064,43572
755,46488,46009,43914,43196,42664,44986,45324,46295,44064,43572
756,46488,46009,43935,43196,42664,44986,45324,46295,44064,43572
757,46488,46009,43975,43397,42664,44986,45324,46295,44064,43572
758,46488,46009,43975,43397,42664,44986,45324,46295,44064,43572
759,46488,46009,43975,43397,42664,44986,45324,46295,44064,43572
760,46488,46009,43975,43559,42664,44986,45324,46295,44064,43572
761,46488,46009,43975,43681,42664,44986,45324,46295,44064,43572
762,46488,46009,44054,43681,42664,45045,45324,46295,44064,43572
763,46488,46009,44069,43681,42664,45045,45324,46295,44064,43572
764,46488,46009,44069,43681,42664,45045,45324,46308,44064,43572
765,46488,46009,44069,43681,42664,45142,45324,46308,44064,43572
766,46488,46009,44069,43681,42664,45142,45324,46308,44064,43572
767,46488,46009,44069,43707,42664,45142,45324,46308,44064,43572
768,46499,46009,44069,43707,42664,45142,45324,46308,44064,43572
769,46503,46009,44069,43707,42664,45142,45324,46329,44064,43572
770,46617,46009,44069,43729,42664,45142,45324,46329,44064,43572
771,46617,46009,44069,43729,42664,45142,45324,46329,44064,43572
772,46617,46009,44069,43729,42664,45142,45324,46329,44064,43572
773,46667,46009,44069,43729,42664,45142,45324,46329,44064,43572
774,46667,46009,44069,43729,42664,45142,45324,46329,44064,43572
775,46667,46009,44069,43729,42664,45142,45324,46329,44064,43614
776,46667,46009,44069,43729,42664,45142,45324,46329,44064,43614
777,46749,46009,44069,43729,42664,45142,45324,46329,44064,43614
778,46769,46009,44069,43729,42664,45142,45324,46329,44064,43614
779,46769,46063,44069,43729,42664,45142,45324,46329,44064,43614
780,46769,46216,44069,43729,42664,45142,45324,46329,44064,43614
781,46769,46216,44214,43729,42664,45142,45324,46329,44064,43614
782,46769,46216,44214,43729,42664,45142,45324,46329,44064,43614
783,46769,46216,44214,43729,42664,45142,45324,46329,44064,43617
784,46769,46216,44214,43729,42664,45142,45324,46329,44064,43646
785,46769,46216,44214,43729,42664,45142,45324,46329,44064,43664
786,46769,46216,44347,43729,42664,45288,45324,46329,44064,43664
787,46769,46216,44347,43729,42664,45288,45324,46329,44064,43664
788,46769,46216,44347,43729,42664,45288,45324,46329,44064,43664
789,46769,46216,44347,43729,42664,45288,45324,46329,44064,43691
790,46769,46216,44347,43729,42664,45288,45324,46329,44064,43691
791,46769,46216,44347,43729,42664,45288,45324,46329,44064,43712
792,46769,46216,44347,43729,42664,45288,45324,46329,44064,43712
793,46769,46216,44347,43765,42664,45288,45324,46329,44064,43842
794,46769,46216,44347,43765,42664,45288,45324,46329,44064,43842
795,46769,46216,44347,43765,42664,45288,45324,46329,44064,43978
796,46769,46216,44347,43765,42664,45403,45324,46329,44064,43978
797,46769,46216,44347,43789,42664,45403,45324,46329,44106,43978
798,46769,46216,44347,43789,42664,45403,45324,46329,44106,43978
799,46769,46216,44347,43829,42664,45403,45324,46329,44106,43978
800,46769,46216,44347,43829,42664,45403,45324,46329,44106,43978
801,46769,46216,44347,43829,42664,45403,45324,46329,44106,43995
802,46769,46216,44347,43829,42664,45403,45324,46329,44106,43995
803,46769,46216,44347,43829,42664,45403,45324,46329,44106,43995
804,46769,46216,44347,43886,42664,45403,45324,46329,44106,44025
805,46769,46285,44347,43886,42664,45403,45324,46329,44106,44025
806,46878,46285,44347,43929,42664,45403,45324,46329,44106,44025
807,46878,46285,44347,43946,42664,45403,45324,46329,44106,44146
808,46900,46285,44347,43946,42664,45403,45324,46329,44106,44146
809,46900,46289,44347,43946,42664,45403,45324,46329,44106,44156
810,46900,46289,44347,43946,42664,45403,45324,46329,44106,44157
811,46900,46289,44347,43946,42664,45403,45324,46329,44106,44229
812,46900,46366,44347,43946,42664,45403,45324,46329,44106,44229
813,46900,46366,44347,43946,42664,45403,45324,46329,44106,44229
814,46900,46366,44347,43946,42664,45403,45324,46329,44106,44268
815,46900,46366,44347,43946,42664,45403,45324,46329,44106,44323
816,46900,46366,44347,44057,42664,45403,45324,46329,44106,44323
817,46900,46366,44347,44057,42664,45403,45324,46348,44106,44323
818,46900,46366,44347,44057,42664,45403,45324,46348,44106,44408
819,46900,46366,44347,44167,42664,45403,45324,46348,44106,44574
820,46900,46429,44347,44167,42664,45403,45324,46348,44106,44574
821,46900,46451,44347,44167,42664,45403,45324,46348,44106,44574
822,46900,46451,44347,44167,42664,45403,45324,46348,44106,44574
823,46933,46524,44347,44167,42664,45403,45324,46348,44106,44601
824,46933,46524,44347,44167,42765,45403,45324,46348,44106,44601
825,46933,46524,44347,44167,42831,45403,45324,46348,44106,44601
826,46933,46524,44347,44167,42831,45403,45324,46431,44106,44601
827,47037,46524,44478,44167,42976,45585,45324,46438,44106,44601
828,47037,46524,44478,44167,43126,45585,45324,46605,44106,44601
829,47037,46539,44478,44167,43208,45585,45354,46689,44106,44601
830,47037,46539,44478,44167,43208,45585,45354,46689,44106,44601
831,47037,46539,44536,44167,43208,45585,45354,46689,44106,44601
832,47072,46664,44536,44167,43208,45585,45369,46689,44106,44601
833,47208,46664,44641,44167,43208,45585,45369,46698,44106,44601
834,47208,46671,44641,44167,43208,45585,45369,46698,44106,44601
835,47208,46671,44703,44206,43216,45585,45369,46698,44106,44601
836,47208,46671,44725,44206,43216,45585,45369,46698,44106,44601
837,47208,46671,44725,44206,43216,45585,45369,46698,44106,44601
838,47208,46671,44725,44206,43270,45585,45369,46698,44106,44601
839,47208,46671,44727,44206,43274,45585,45369,46698,44106,44601
840,47208,46671,44727,44206,43428,45621,45369,46698,44106,44601
841,47208,46671,44727,44206,43428,45621,45369,46698,44106,44601
842,47208,46671,44727,44206,43428,45621,45369,46698,44106,44601
843,47208,46671,44727,44206,43428,45621,45369,46698,44106,44601
844,47208,46671,44766,44206,43428,45621,45369,46698,44106,44601
845,47208,46671,44944,44206,43433,45621,45369,46698,44106,44601
846,47208,46671,44967,44206,43433,45725,45369,46698,44106,44601
847,47208,46671,44967,44206,43433,45725,45369,46698,44106,44601
848,47208,46671,44967,44206,43460,45725,45369,46698,44106,44601
849,47208,46671,44967,44206,43460,45725,45369,46698,44106,44601
850,47208,46671,44967,44206,43460,45725,45369,46698,44106,44601
851,47208,46671,44967,44206,43460,45725,45369,46701,44106,44601
852,47208,46671,44967,44206,43460,45725,45369,46701,44106,44601
853,47208,46671,44967,44206,43460,45725,45369,46701,44106,44601
854,47208,46671,44967,44206,43460,45725,45369,46701,44106,44601
855,47208,46671,44967,44284,43495,45725,45369,46701,44106,44601
856,47208,46671,44967,44284,43495,45861,45369,46701,44106,44601
857,47208,46671,44967,44284,43495,45903,45369,46701,44106,44601
858,47208,46671,45023,44398,43495,45903,45369,46719,44106,44601
859,47208,46671,45023,44398,43495,45903,45369,46720,44106,44601
860,47208,46671,45023,44461,43495,45903,45369,46784,44106,44601
861,47208,46671,45074,44461,43495,45903,45369,46784,44106,44670
862,47208,46671,45186,44461,43495,45903,45369,46863,44106,44670
863,47208,46671,45328,44461,43495,45903,45369,46863,44106,44670
864,47208,46671,45475,44461,43495,45904,45369,47007,44106,44670
865,47208,46671,45485,44645,43495,45904,45369,47007,44106,44670
866,47208,46671,45662,44645,43495,45934,45369,47007,44106,44670
867,47208,46671,45754,44645,43580,45961,45369,47007,44106,44670
868,47208,46752,45754,44645,43728,45969,45369,47007,44106,44670
869,47208,46752,45754,44645,43728,45969,45369,47007,44106,44670
870,47208,46752,45754,44645,43728,45969,45369,47007,44106,44670
871,47208,46752,45754,44645,43728,45969,45369,47007,44106,44670
872,47208,46752,45754,44645,43813,45969,45369,47007,44106,44670
873,47208,46752,45754,44645,43813,45969,45369,47007,44106,44670
874,47208,46752,45754,44645,43813,45969,45369,47007,44106,44684
875,47208,46752,45754,44645,43821,45969,45369,47007,44106,44684
876,47208,46754,45838,44645,43821,45969,45369,47007,44106,44684
877,47208,46792,45855,44668,43821,45969,45369,47007,44106,44700
878,47208,46799,45855,44668,43821,45969,45369,47007,44106,44700
879,47208,46799,45855,44668,43843,45969,45369,47007,44106,44788
880,47208,46799,45855,44668,43843,45969,45369,47007,44106,44788
881,47208,46799,45855,44668,43843,45969,45369,47007,44106,44788
882,47208,46799,45855,44729,43975,45969,45369,47007,44106,44788
883,47208,46799,45855,44729,43975,45969,45369,47007,44106,44788
884,47208,46800,45855,44729,43975,45969,45369,47007,44106,44793
885,47208,46826,45855,44852,44157,45969,45369,47007,44106,44808
886,47208,46826,45855,44852,44157,45969,45369,47007,44106,44808
887,47208,46826,45998,44852,44288,45969,45369,47007,44106,44808
888,47208,46826,46002,44853,44328,45969,45369,47007,44106,44808
889,47208,46826,46002,44853,44455,45969,45369,47007,44106,44808
890,47208,46826,46002,44853,44455,45969,45369,47007,44106,44808
891,47208,46826,46002,44853,44455,45969,45369,47007,44106,44808
892,47208,46925,46002,44853,44455,45969,45369,47007,44140,44808
893,47208,46925,46002,44853,44455,45969,45369,47007,44140,44862
894,47208,46925,46002,44853,44471,45969,45369,47007,44140,44862
895,47208,46925,46002,44853,44507,45969,45369,47007,44205,44886
896,47208,46953,46042,44853,44507,45969,45369,47007,44205,44886
897,47208,46953,46042,44853,44507,45969,45416,47007,44205,44886
898,47208,46953,46132,44853,44507,45969,45416,47063,44323,44886
899,47208,46953,46133,44853,44507,45969,45563,47063,44323,44886
900,47208,46953,46149,44853,44510,45969,45563,47116,44323,44886
901,47208,46953,46149,44853,44670,45969,45563,47266,44352,44886
902,47208,46953,46149,44853,44670,45969,45568,47305,44352,44886
903,47208,46953,46226,44853,44708,45969,45600,47360,44352,44886
904,47208,46953,46226,44853,44708,45969,45600,47386,44352,44886
905,47208,46953,46226,44853,44708,45969,45640,47386,44352,44887
906,47208,46953,46226,44864,44708,45969,45640,47386,44352,44887
907,47221,46953,46226,44864,44708,45969,45640,47386,44352,44887
908,47221,46953,46226,44864,44708,45969,45640,47386,44390,44887
909,47221,46953,46247,44864,44708,45969,45653,47386,44390,44887
910,47221,46953,46247,44864,44708,45969,45653,47386,44390,44887
911,47335,46953,46247,44864,44708,45969,45653,47455,44390,44887
912,47340,46953,46247,44864,44708,45969,45653,47456,44390,44887
913,47340,46953,46247,44864,44708,45969,45653,47505,44390,44887
914,47340,46953,46247,44864,44708,45969,45653,47505,44390,44887
915,47340,46953,46247,44923,44708,45969,45653,47505,44390,44969
916,47340,46953,46284,45079,44708,45969,45653,47505,44391,45141
917,47340,46953,46284,45099,44708,45969,45653,47505,44391,45141
918,47340,46953,46284,45279,44708,45969,45653,47505,44391,45141
919,47340,46953,46284,45279,44708,45969,45653,47505,44391,45141
920,47340,46953,46284,45279,44708,45969,45653,47505,44405,45141
921,47340,46953,46284,45279,44708,45969,45653,47505,44529,45141
922,47340,46953,46357,45279,44708,45969,45653,47505,44554,45141
923,47340,46981,46357,45279,44708,46009,45653,47505,44554,45141
924,47340,46981,46357,45279,44708,46046,45653,47505,44554,45141
925,47340,46981,46357,45324,44708,46046,45653,47505,44554,45141
926,47340,46981,46357,45420,44708,46046,45653,47505,44554,45146
927,47340,46981,46397,45420,44807,46118,45653,47505,44554,45308
928,47340,46981,46397,45611,44832,46152,45653,47505,44554,45308
929,47408,47046,46425,45611,44832,46152,45653,47505,44554,45364
930,47442,47069,46543,45611,44957,46260,45653,47505,44554,45364
931,47442,47069,46543,45611,44967,46260,45653,47505,44554,45364
932,47442,47069,46543,45611,44967,46260,45653,47505,44554,45454
933,47566,47069,46543,45611,44967,46260,45653,47505,44554,45454
934,47718,47142,46611,45611,44967,46260,45653,47505,44554,45454
935,47718,47142,46617,45611,44967,46260,45653,47505,44554,45454
936,47718,47142,46617,45611,44967,46260,45653,47505,44554,45454
937,47718,47142,46617,45611,44967,46260,45653,47505,44554,45454
938,47718,47142,46669,45611,44967,46260,45653,47505,44554,45454
939,47718,47142,46669,45611,44967,46260,45653,47505,44554,45454
940,47718,47142,46669,45611,44967,46260,45653,47505,44554,45530
941,47718,47142,46669,45611,44967,46260,45653,47505,44554,45530
942,47718,47142,46811,45611,45044,46260,45653,47505,44554,45530
943,47718,47142,46811,45611,45178,46260,45653,47505,44554,45719
944,47773,47142,46823,45611,45178,46260,45653,47505,44554,45739
945,47773,47142,46850,45699,45178,46260,45653,47505,44554,45739
946,47773,47142,46850,45699,45178,46260,45653,47505,44554,45739
947,47773,47142,46862,45699,45178,46260,45653,47505,44554,45739
948,47773,47142,46862,45776,45178,46260,45653,47505,44554,45740
949,47773,47142,46862,45895,45369,46260,45653,47505,44554,45836
950,47773,47142,46862,45895,45369,46260,45653,47505,44554,45932
951,47773,47142,46927,46062,45369,46260,45653,47578,44554,45932
952,47773,47142,46977,46091,45527,46260,45653,47578,44554,45932
953,47773,47142,46977,46110,45558,46260,45653,47578,44554,45932
954,47773,47142,46977,46143,45723,46260,45653,47578,44554,45932
955,47773,47142,46977,46143,45723,46260,45653,47578,44554,45932
956,47773,47142,46977,46143,45723,46358,45653,47578,44554,45932
957,47773,47142,46977,46143,45723,46358,45653,47578,44554,45932
958,47773,47142,46977,46241,45723,46358,45653,47578,44554,45932
959,47773,47142,47017,46241,45723,46358,45653,47578,44554,45932
960,47773,47142,47017,46241,45723,46358,45653,47578,44560,45932
961,47773,47142,47017,46241,45723,46358,45653,47578,44560,45932
962,47773,47142,47017,46241,45744,46457,45653,47578,44676,45932
963,47773,47142,47017,46241,45744,46457,45653,47637,44698,45932
964,47773,47142,47033,46241,45744,46566,45653,47637,44698,45932
965,47773,47142,47033,46307,45746,46566,45653,47661,44800,45932
966,47773,47142,47033,46434,45758,46566,45653,47672,44834,45932
967,47773,47142,47033,46434,45775,46716,45653,47672,44852,45932
968,47773,47142,47033,46434,45775,46716,45653,47672,44868,45932
969,47773,47142,47066,46434,45878,46716,45653,47829,44868,45932
970,47773,47142,47066,46434,45878,46716,45653,47829,44868,45932
971,47773,47142,47069,46434,45878,46834,45653,47829,44868,45932
972,47773,47142,47069,46434,45878,46834,45653,47829,44868,46053
973,47773,47142,47069,46434,45878,46834,45653,47829,44993,46053
974,47773,47142,47069,46434,45905,46834,45653,47829,44993,46053
975,47773,47142,47069,46434,45974,46834,45653,47829,44994,46236
976,47773,47142,47069,46434,45980,46834,45653,47906,44994,46236
977,47773,47142,47069,46434,46003,46834,45653,47927,45085,46236
978,47773,47142,47069,46434,46003,46834,45653,47942,45085,46236
979,47773,47142,47069,46434,46003,46957,45653,47942,45085,46236
980,47773,47142,47069,46434,46003,47088,45653,47942,45085,46236
981,47773,47142,47069,46434,46003,47088,45653,47942,45085,46236
982,47773,47142,47069,46434,46003,47114,45653,47951,45085,46236
983,47773,47142,47069,46434,46003,47114,45653,47951,45085,46236
984,47773,47142,47076,46434,46003,47114,45691,47951,45085,46258
985,47773,47142,47082,46434,46039,47147,45691,47951,45085,46258
986,47773,47142,47082,46434,46200,47147,45691,47951,45085,46258
987,47773,47142,47082,46434,46200,47252,45691,47951,45085,46258
988,47773,47142,47108,46434,46200,47252,45691,47951,45085,46258
989,47773,47142,47188,46459,46200,47252,45691,47951,45085,46258
990,47773,47142,47188,46459,46207,47252,45691,47951,45085,46258
991,47773,47142,47255,46459,46207,47252,45691,47951,45085,46258
992,47773,47142,47255,46459,46207,47252,45691,47951,45085,46258
993,47773,47142,47255,46459,46207,47252,45691,47951,45085,46258
994,47773,47217,47279,46459,46207,47252,45691,47951,45085,46258
995,47773,47217,47279,46459,46226,47252,45691,47951,45085,46258
996,47773,47217,47279,46459,46226,47252,45691,47951,45085,46258
997,47773,47217,47279,46459,46226,47252,45691,47951,45085,46258
998,47773,47217,47279,46459,46226,47252,45693,47951,45085,46258
999,47773,47217,47279,46459,46244,47252,45693,47951,45085,46258
1000,47773,47341,47309,46530,46244,47252,45693,47951,45085,46258
1001,47773,47467,47309,46560,46244,47252,45693,47951,45085,46258
1002,47773,47467,47309,46560,46244,47252,45693,47951,45085,46258
1003,47773,47467,47309,46560,46244,47252,45693,47951,45085,46258
1004,47773,47467,47309,46560,46244,47252,45767,47951,45085,46258
1005,47773,47558,47309,46560,46244,47252,45767,47951,45085,46258
1006,47773,47558,47316,46560,46244,47252,45767,47951,45085,46258
1007,47773,47558,47316,46560,46244,47252,45802,47951,45085,46258
1008,47773,47558,47316,46560,46244,47252,45854,47951,45085,46258
1009,47773,47558,47444,46560,46263,47252,45854,47951,45085,46258
1010,47773,47558,47444,46560,46263,47252,45884,47951,45085,46258
1011,47773,47608,47444,46560,46263,47252,45884,47951,45085,46258
1012,47773,47731,47444,46560,46263,47252,45884,47951,45085,46258
1013,47773,47731,47490,46560,46366,47252,45884,47951,45085,46258
1014,47773,47731,47524,46560,46430,47252,45884,47951,45085,46258
1015,47788,47731,47524,46560,46430,47252,45884,47951,45085,46258
1016,47788,47764,47524,46560,46430,47252,45920,47951,45085,46258
1017,47788,47907,47524,46560,46430,47252,45920,47951,45085,46258
1018,47788,47907,47524,46560,46430,47252,45920,47951,45085,46258
1019,47788,47907,47524,46560,46430,47252,45920,47951,45085,46258
1020,47788,47908,47524,46560,46430,47252,45920,47951,45085,46258
1021,47788,47908,47524,46560,46430,47252,45935,47951,45085,46258
1022,47788,47908,47524,46560,46430,47252,45962,47951,45085,46258
1023,47788,47908,47524,46560,46430,47252,45962,47951,45085,46258
1024,47796,47908,47524,46560,46430,47252,45962,47951,45196,46258
1025,47826,47908,47524,46560,46430,47252,45962,47951,45196,46258
1026,47977,47908,47524,46560,46430,47252,45962,47951,45266,46258
1027,47977,47908,47524,46560,46430,47333,45962,47951,45266,46258
1028,48010,47908,47524,46560,46430,47333,45962,47951,45317,46258
1029,48010,47908,47524,46560,46430,47333,45962,47951,45317,46258
1030,48010,47908,47524,46560,46430,47333,45962,47951,45317,46258
1031,48012,47908,47524,46560,46430,47432,45962,47951,45317,46258
1032,48012,47908,47524,46560,46430,47432,45964,47951,45484,46258
1033,48133,47908,47524,46560,46430,47432,45964,47951,45484,46258
1034,48154,47908,47524,46560,46430,47432,45964,47951,45484,46258
1035,48154,47908,47524,46560,46430,47432,45964,47951,45484,46258
1036,48232,47908,47524,46560,46430,47432,45964,47951,45484,46258
1037,48246,47908,47524,46560,46504,47438,45964,47951,45484,46258
1038,48246,47908,47524,46560,46532,47454,45964,47951,45484,46258
1039,48246,47908,47524,46560,46550,47454,45964,47951,45484,46258
1040,48246,47908,47524,46560,46550,47454,45964,47951,45484,46320
1041,48266,47908,47524,46560,46550,47454,45964,47951,45484,46320
1042,48266,47908,47524,46560,46606,47491,45964,47951,45519,46320
1043,48266,47908,47524,46560,46606,47505,45964,47951,45571,46320
1044,48266,47908,47524,46560,46606,47505,45970,47951,45571,46421
1045,48266,47908,47524,46560,46606,47505,45970,47951,45571,46421
1046,48266,47908,47524,46560,46606,47505,45970,47951,45571,46421
1047,48266,47908,47524,46560,46606,47505,46032,47951,45571,46421
1048,48266,47908,47524,46560,46606,47505,46032,47951,45571,46421
1049,48266,47908,47524,46560,46606,47505,46032,47951,45571,46421
1050,48266,47908,47524,46560,46606,47505,46032,47951,45571,46421
1051,48266,47908,47524,46560,46606,47505,46120,47951,45699,46421
1052,48266,47908,47524,46560,46606,47505,46120,47951,45699,46421
1053,48266,47908,47524,46560,46606,47505,46120,47951,45699,46421
1054,48266,47908,47524,46560,46606,47552,46120,47951,45699,46421
1055,48266,47908,47524,46560,46606,47552,46120,47951,45699,46421
1056,48266,47908,47524,46560,46637,47626,46120,47951,45699,46421
1057,48266,47908,47524,46560,46637,47626,46120,47951,45820,46421
1058,48266,47908,47524,46560,46637,47626,46120,47951,45820,46518
1059,48266,47908,47524,46560,46645,47626,46120,47951,45820,46518
1060,48266,47908,47524,46560,46645,47626,46120,47951,45820,46518
1061,48266,47908,47524,46560,46645,47677,46120,47951,45862,46518
1062,48266,47908,47524,46560,46713,47677,46120,47951,45862,46518
1063,48266,47908,47524,46560,46835,47677,46120,47951,45862,46518
1064,48266,47908,47524,46560,46835,47677,46120,47951,45862,46518
1065,48266,47908,47524,46560,46835,47677,46120,47951,45862,46518
1066,48288,47950,47524,46560,46835,47677,46120,47951,45862,46518
1067,48291,47950,47524,46560,46835,47677,46120,47951,45862,46518
1068,48334,47950,47524,46560,46835,47677,46120,47951,45862,46518
1069,48334,47967,47524,46560,46835,47677,46120,47951,45862,46518
1070,48334,47967,47569,46560,46835,47677,46120,47951,45862,46518
1071,48334,47974,47569,46560,46835,47677,46120,47951,45938,46518
1072,48377,47974,47569,46560,46835,47677,46225,47951,46058,46518
1073,48434,47974,47569,46560,46835,47677,46287,47951,46058,46518
1074,48434,47974,47569,46560,46835,47677,46287,47951,46058,46518
1075,48441,47977,47569,46560,46835,47677,46306,47951,46177,46518
1076,48441,48048,47569,46560,46835,47677,46321,47951,46177,46518
1077,48441,48049,47569,46560,46835,47677,46493,47951,46177,46518
1078,48441,48049,47569,46560,46835,47677,46631,47951,46177,46518
1079,48441,48074,47569,46560,46835,47677,46631,47951,46177,46518
1080,48443,48074,47569,46560,46835,47677,46631,47951,46196,46518
1081,48443,48074,47569,46560,46835,47677,46631,47951,46238,46518
1082,48443,48074,47569,46560,46835,47677,46646,47951,46238,46518
1083,48443,48074,47569,46560,46835,47677,46646,47951,46403,46518
1084,48443,48074,47569,46560,46835,47677,46646,47951,46403,46518
1085,48443,48074,47569,46560,46835,47677,46646,47951,46403,46518
1086,48486,48074,47569,46560,46835,47677,46646,47951,46403,46518
1087,48486,48074,47569,46560,46835,47677,46646,47951,46403,46518
1088,48486,48074,47668,46560,46849,47677,46646,47951,46403,46518
1089,48486,48074,47668,46560,46849,47677,46646,47951,46525,46603
1090,48486,48074,47668,46560,46849,47677,46646,47951,46707,46603
1091,48486,48074,47668,46560,46868,47677,46646,47951,46831,46756
1092,48524,48074,47668,46560,46868,47768,46646,47951,46831,46812
1093,48577,48074,47668,46560,46883,47768,46693,47951,46831,46832
1094,48577,48074,47668,46560,46883,47768,46693,47951,46831,46832
1095,48577,48074,47668,46560,46883,47768,46693,47951,46854,46832
1096,48577,48074,47668,46560,46883,47768,46693,47951,46854,46832
1097,48577,48140,47668,46560,46883,47768,46693,47951,46854,46832
1098,48577,48140,47668,46560,46883,47768,46693,47951,46854,46832
1099,48577,48140,47668,46560,46883,47768,46693,47951,46854,46832
1100,48577,48140,47668,46560,46883,47768,46693,47951,46854,46832
1101,48577,48140,47668,46560,46883,47781,46693,47951,46854,46832
1102,48577,48189,47686,46560,46883,47858,46726,47951,46854,46832
1103,48577,48189,47686,46560,46883,47858,46726,47951,46854,46832
1104,48577,48189,47686,46560,46883,47858,46741,47951,46854,46832
1105,48589,48189,47686,46560,46883,47858,46741,47951,46854,46832
1106,48589,48189,47700,46560,46884,47858,46741,47951,46854,46832
1107,48589,48189,47700,46560,46884,47858,46741,47951,46854,46832
1108,48630,48189,47700,46560,46884,47858,46766,47951,46854,46832
1109,48630,48189,47700,46560,46884,47858,46935,47951,46854,46832
1110,48630,48189,47700,46560,46884,47858,46935,47951,46854,46832
1111,48699,48189,47723,46560,46884,47858,46978,47951,46854,46832
1112,48711,48189,47723,46560,46884,47858,46978,47951,46854,46832
1113,48711,48189,47723,46560,46884,47858,46978,47951,46854,46832
1114,48711,48189,47723,46560,46884,47858,46978,47951,46854,46832
1115,48711,48189,47723,46600,46884,47858,46978,47951,46854,46832
1116,48711,48189,47849,46600,46884,47858,47091,47951,46854,46832
1117,48711,48189,47849,46775,46884,47858,47091,47951,46854,46832
1118,48711,48189,47868,46775,46884,47858,47091,47951,46854,46832
1119,48711,48189,47970,46775,46884,47858,47091,47951,46854,46832
1120,48711,48189,47970,46950,46884,47858,47091,47951,46854,46832
1121,48711,48189,47970,46950,46884,47858,47091,47951,46854,46832
1122,48711,48189,47970,46950,46905,47858,47091,47951,46891,46832
1123,48711,48189,47970,46950,46905,47858,47091,47951,46891,46832
1124,48711,48189,47970,47063,46905,47858,47091,47951,46900,46832
1125,48711,48189,47970,47234,46905,47858,47091,47951,46900,46832
1126,48784,48189,47970,47234,46905,47858,47091,47951,46900,46832
1127,48801,48189,47970,47234,46905,47858,47091,47951,46900,46832
1128,48801,48189,47970,47234,46905,47858,47091,47951,46900,46832
1129,48939,48189,47970,47330,46905,47858,47091,47951,46900,46832
1130,48939,48189,47971,47330,46905,47858,47091,47951,46900,46832
1131,48997,48189,48086,47330,46905,47858,47091,47951,46900,46832
1132,48997,48189,48086,47344,46905,47858,47091,47951,46900,46832
1133,48997,48189,48086,47344,46905,47858,47091,47951,46900,46914
1134,48997,48189,48086,47344,46905,47858,47091,47951,46900,46914
1135,48997,48189,48086,47344,46905,47858,47091,47951,46900,46914
1136,48997,48189,48086,47344,46905,47920,47091,47951,46900,46914
1137,48997,48189,48086,47344,46905,47974,47091,47951,46900,46914
1138,48997,48189,48086,47344,46905,47974,47091,47951,46900,46940
1139,48997,48189,48086,47344,46905,47974,47091,47951,46900,47028
1140,49007,48189,48086,47344,46905,47974,47091,47951,46900,47028
1141,49007,48189,48086,47344,46905,47974,47091,47951,46900,47028
1142,49007,48189,48086,47395,46905,48027,47091,47951,46900,47028
1143,49007,48189,48086,47395,46905,48027,47091,47951,46900,47028
1144,49007,48189,48086,47395,46905,48027,47091,47951,46900,47028
1145,49007,48189,48086,47400,46905,48093,47124,47951,46900,47028
1146,49009,48189,48086,47400,46905,48093,47124,47951,46900,47028
1147,49009,48189,48086,47400,46905,48093,47124,47951,46900,47028
1148,49009,48189,48086,47400,46905,48149,47124,47951,46900,47028
1149,49009,48189,48086,47400,46905,48149,47124,47951,46900,47028
1150,49009,48189,48086,47400,46905,48149,47199,47951,46900,47028
1151,49009,48189,48086,47400,46920,48149,47199,47951,46900,47028
1152,49009,48189,48086,47400,46920,48149,47199,47951,46900,47028
1153,49009,48189,48086,47530,46925,48149,47199,47951,46937,47028
1154,49009,48189,48086,47666,47061,48222,47199,47951,46937,47028
1155,49009,48189,48086,47666,47061,48234,47199,47951,46965,47028
1156,49009,48189,48086,47666,47061,48234,47199,47951,46965,47028
1157,49009,48189,48086,47666,47061,48234,47199,47951,46965,47028
1158,49009,48189,48086,47666,47123,48234,47199,47951,46965,47028
1159,49009,48189,48086,47666,47123,48234,47199,47951,46965,47028
1160,49009,48189,48086,47772,47123,48234,47199,47951,46965,47028
1161,49009,48189,48086,47799,47143,48234,47199,47951,46965,47028
1162,49009,48189,48086,47809,47179,48234,47199,47951,46965,47028
1163,49009,48189,48086,47809,47221,48234,47199,47951,46965,47028
1164,49009,48189,48086,47809,47221,48234,47199,47951,47142,47028
1165,49009,48189,48086,47809,47311,48234,47199,47951,47236,47028
1166,49009,48189,48086,47809,47311,48234,47199,47951,47236,47028
1167,49009,48189,48086,47809,47311,48234,47199,47951,47236,47028
1168,49009,48189,48086,47879,47311,48234,47199,47951,47236,47028
1169,49009,48189,48086,47879,47395,48234,47199,47951,47249,47028
1170,49009,48189,48086,47879,47395,48234,47199,47951,47249,47028
1171,49051,48189,48086,47879,47395,48234,47199,47951,47249,47028
1172,49051,48291,48086,47879,47407,48234,47199,47951,47249,47028
1173,49051,48291,48086,47879,47496,48234,47199,47951,47249,47028
1174,49051,48321,48086,47879,47496,48234,47199,47951,47249,47028
1175,49051,48321,48086,47879,47496,48234,47199,47951,47249,47028
1176,49051,48321,48086,47879,47496,48234,47199,47951,47249,47028
1177,49051,48321,48086,47879,47496,48249,47199,47951,47249,47028
1178,49051,48356,48086,47879,47548,48249,47199,47951,47249,47028
1179,49051,48356,48086,47879,47548,48249,47199,47951,47249,47028
1180,49051,48356,48086,47879,47637,48249,47199,47951,47249,47028
1181,49051,48356,48086,47879,47637,48249,47199,47951,47249,47028
1182,49051,48356,48086,47879,47692,48309,47199,47951,47249,47028
1183,49051,48371,48086,47879,47692,48309,47199,47951,47249,47028
1184,49051,48371,48086,47879,47692,48309,47199,47951,47249,47028
1185,49051,48371,48086,47879,47692,48420,47199,47951,47249,47028
1186,49051,48371,48086,47879,47725,48441,47199,47951,47249,47028
1187,49084,48371,48086,47879,47725,48628,47199,47951,47249,47028
1188,49204,48371,48086,47879,47725,48667,47199,47951,47249,47028
1189,49241,48371,48086,47879,47725,48667,47199,47951,47249,47028
1190,49241,48371,48086,47879,47725,48667,47199,48022,47249,47028
1191,49241,48371,48086,47879,47725,48667,47199,48022,47249,47028
1192,49241,48371,48086,47879,47725,48667,47199,48022,47249,47028
1193,49241,48371,48086,47879,47725,48667,47199,48022,47249,47028
1194,49241,48371,48086,47879,47725,48667,47199,48022,47249,47028
1195,49241,48371,48086,47879,47831,48667,47199,48022,47249,47028
1196,49241,48371,48086,47879,47831,48667,47199,48022,47249,47028
1197,49241,48371,48086,47879,47831,48667,47199,48022,47249,47028
1198,49241,48371,48086,47879,47831,48667,47204,48022,47249,47028
1199,49241,48371,48086,47879,47831,48667,47204,48022,47249,47028
1200,49241,48371,48086,47879,47831,48667,47204,48022,47249,47028
1201,49241,48371,48086,47879,47831,48667,47204,48022,47249,47028
1202,49241,48371,48086,47879,47831,48667,47204,48022,47249,47028
1203,49241,48371,48086,47879,47831,48667,47204,48022,47249,47028
1204,49241,48371,48086,47879,47831,48667,47204,48147,47249,47028
1205,49241,48371,48086,47879,47831,48667,47291,48194,47249,47028
1206,49241,48371,48086,47879,47831,48667,47291,48194,47249,47028
1207,49241,48371,48086,47879,47831,48667,47291,48194,47249,47028
1208,49241,48371,48086,47957,47831,48667,47291,48194,47249,47028
1209,49241,48371,48086,48077,47831,48667,47396,48194,47249,47028
1210,49241,48371,48086,48134,47831,48667,47396,48194,47249,47028
1211,49241,48371,48086,48134,47831,48667,47412,48270,47249,47028
1212,49241,48371,48086,48172,47831,48667,47613,48281,47249,47028
1213,49241,48371,48086,48172,47831,48667,47613,48281,47249,47028
1214,49241,48429,48086,48172,47831,48667,47643,48281,47249,47028
1215,49241,48442,48086,48172,47831,48667,47658,48281,47249,47028
1216,49241,48442,48086,48173,47831,48667,47658,48281,47249,47028
1217,49241,48442,48086,48173,47831,48674,47824,48281,47249,47028
1218,49241,48442,48086,48282,47831,48674,47824,48281,47249,47028
1219,49241,48442,48086,48282,47831,48674,47838,48281,47249,47028
1220,49241,48442,48086,48327,47831,48674,47838,48281,47249,47028
1221,49241,48442,48086,48327,47831,48674,47841,48281,47249,47028
1222,49241,48486,48086,48327,47831,48674,47867,48281,47249,47028
1223,49241,48486,48086,48424,47831,48674,47867,48281,47249,47028
1224,49241,48486,48086,48424,47831,48741,47867,48281,47249,47028
1225,49241,48486,48086,48424,47831,48741,47867,48281,47249,47028
1226,49241,48486,48086,48425,47831,48741,47870,48281,47249,47028
1227,49241,48486,48086,48425,47831,48741,47870,48281,47249,47028
1228,49241,48486,48086,48425,47831,48741,48007,48281,47249,47028
1229,49241,48486,48086,48425,47831,48741,48007,48281,47249,47028
1230,49241,48514,48086,48425,47831,48741,48007,48281,47249,47028
1231,49241,48514,48086,48425,47831,48741,48007,48281,47249,47028
1232,49241,48514,48086,48425,47831,48741,48007,48281,47249,47028
1233,49241,48566,48086,48425,47831,48741,48007,48281,47249,47028
1234,49241,48576,48086,48425,47831,48741,48071,48281,47249,47028
1235,49241,48576,48086,48425,47831,48741,48071,48281,47249,47028
1236,49241,48576,48086,48425,47831,48741,48071,48281,47249,47028
1237,49241,48576,48086,48425,47831,48741,48139,48281,47249,47028
1238,49241,48576,48086,48425,47831,48741,48139,48281,47249,47028
1239,49241,48576,48123,48425,47831,48741,48139,48281,47249,47028
1240,49241,48576,48123,48425,47831,48741,48139,48281,47249,47028
1241,49241,48576,48123,48425,47831,48741,48139,48281,47249,47028
1242,49241,48576,48123,48425,47831,48741,48139,48281,47249,47028
1243,49241,48576,48123,48425,47831,48741,48139,48281,47249,47028
1244,49241,48679,48123,48425,47831,48741,48139,48281,47249,47028
1245,49241,48679,48123,48425,47831,48741,48139,48281,47249,47028
1246,49241,48679,48123,48425,47831,48741,48139,48281,47249,47028
1247,49241,48679,48123,48425,47831,48741,48139,48281,47249,47028
1248,49241,48679,48123,48425,47831,48741,48139,48281,47249,47028
1249,49241,48679,48123,48425,47831,48741,48139,48281,47249,47028
1250,49241,48679,48123,48425,47833,48741,48139,48281,47249,47028
1251,49241,48679,48123,48425,47872,48741,48139,48281,47249,47028
1252,49241,48679,48123,48425,48003,48741,48139,48281,47249,47028
1253,49241,48679,48123,48425,48003,48741,48139,48281,47280,47028
1254,49241,48679,48123,48425,48003,48741,48139,48281,47280,47028
1255,49241,48679,48123,48425,48003,48741,48175,48281,47280,47028
1256,49241,48679,48123,48425,48003,48741,48211,48281,47280,47028
1257,49241,48679,48123,48425,48003,48741,48211,48281,47280,47028
1258,49241,48679,48123,48425,48003,48741,48226,48281,47280,47028
1259,49241,48679,48123,48425,48003,48741,48226,48281,47280,47028
1260,49241,48679,48191,48425,48083,48741,48226,48281,47280,47028
1261,49241,48679,48196,48425,48083,48741,48226,48281,47280,47028
1262,49241,48679,48196,48425,48191,48741,48226,48281,47280,47028
1263,49241,48679,48196,48425,48191,48741,48288,48281,47280,47028
1264,49241,48679,48196,48425,48191,48741,48316,48281,47280,47028
1265,49241,48679,48196,48425,48191,48741,48316,48281,47280,47028
1266,49241,48679,48196,48425,48191,48741,48316,48281,47280,47028
1267,49241,48679,48196,48425,48191,48741,48316,48281,47280,47028
1268,49257,48679,48196,48425,48191,48741,48316,48281,47280,47028
1269,49257,48679,48196,48425,48191,48741,48316,48281,47280,47028
1270,49257,48679,48196,48425,48191,48741,48316,48281,47280,47028
1271,49272,48679,48196,48425,48191,48741,48316,48281,47280,47028
1272,49272,48679,48305,48425,48217,48741,48316,48281,47280,47028
1273,49272,48679,48305,48425,48217,48741,48316,48281,47280,47028
1274,49272,48679,48305,48425,48312,48741,48316,48281,47280,47028
1275,49272,48679,48357,48425,48312,48741,48316,48281,47280,47028
1276,49272,48679,48357,48428,48312,48741,48316,48281,47280,47028
1277,49272,48679,48357,48428,48331,48741,48316,48281,47280,47028
1278,49272,48679,48369,48428,48358,48741,48316,48281,47280,47028
1279,49272,48679,48432,48428,48359,48741,48362,48281,47280,47028
1280,49272,48679,48432,48428,48359,48741,48407,48281,47280,47028
1281,49272,48679,48436,48428,48359,48741,48409,48281,47280,47028
1282,49272,48679,48440,48428,48359,48741,48409,48281,47280,47028
1283,49272,48679,48440,48428,48359,48741,48409,48281,47280,47028
1284,49272,48679,48440,48501,48359,48741,48409,48281,47280,47028
1285,49272,48679,48464,48516,48359,48741,48409,48281,47280,47028
1286,49272,48679,48464,48516,48359,48741,48409,48281,47280,47028
1287,49272,48679,48464,48516,48359,48741,48409,48281,47280,47028
1288,49272,48679,48464,48557,48359,48741,48409,48281,47280,47028
1289,49272,48679,48464,48557,48366,48741,48409,48281,47280,47028
1290,49272,48679,48464,48557,48366,48741,48409,48281,47280,47028
1291,49272,48679,48464,48557,48377,48741,48409,48281,47280,47028
1292,49272,48679,48464,48557,48377,48741,48409,48281,47280,47068
1293,49272,48679,48464,48557,48377,48741,48409,48281,47280,47084
1294,49272,48679,48464,48557,48377,48741,48409,48281,47280,47105
1295,49272,48679,48464,48557,48444,48741,48409,48384,47280,47105
1296,49272,48679,48586,48557,48444,48741,48409,48384,47280,47105
1297,49272,48679,48586,48557,48444,48741,48409,48513,47280,47105
1298,49272,48679,48586,48557,48444,48741,48409,48513,47280,47105
1299,49272,48679,48586,48557,48451,48741,48409,48513,47291,47105
1300,49272,48679,48586,48557,48568,48741,48409,48513,47291,47105
1301,49272,48679,48586,48673,48700,48798,48409,48513,47291,47105
1302,49272,48679,48586,48673,48700,48802,48409,48513,47291,47105
1303,49272,48679,48608,48673,48700,48802,48409,48513,47291,47105
1304,49272,48679,48608,48673,48733,48802,48409,48513,47381,47105
1305,49289,48679,48674,48673,48733,48843,48409,48513,47381,47105
1306,49289,48679,48841,48767,48803,48843,48409,48513,47381,47105
1307,49289,48679,48914,48767,48803,48843,48409,48513,47381,47105
1308,49289,48679,48914,48767,48897,48843,48409,48513,47381,47105
1309,49289,48679,48914,48767,48897,48843,48409,48513,47381,47105
1310,49289,48679,48914,48767,48897,48843,48409,48513,47381,47105
1311,49289,48679,48914,48767,48897,48843,48409,48513,47381,47105
1312,49289,48679,48914,48917,48897,48843,48409,48513,47407,47105
1313,49289,48679,48916,48917,48897,48843,48412,48513,47407,47105
1314,49289,48679,48916,48917,48897,48843,48412,48513,47407,47105
1315,49289,48679,48916,48917,48897,48843,48420,48513,47407,47209
1316,49289,48679,48916,48917,48897,48843,48420,48513,47407,47209
1317,49289,48679,48916,48917,48951,48843,48420,48513,47435,47209
1318,49289,48679,48916,48917,48951,48843,48420,48513,47435,47294
1319,49289,48679,48916,48931,48951,48843,48539,48513,47435,47308
1320,49289,48679,48916,48931,48951,48843,48539,48513,47435,47422
1321,49289,48679,49063,48931,48980,48843,48548,48513,47435,47422
1322,49289,48679,49063,48946,49022,48843,48548,48513,47435,47422
1323,49289,48679,49063,48983,49022,48843,48548,48513,47435,47422
1324,49289,48679,49063,48983,49022,48843,48548,48513,47435,47422
1325,49289,48679,49063,48983,49022,48843,48548,48513,47435,47422
1326,49289,48679,49063,48983,49022,48843,48548,48513,47435,47422
1327,49289,48679,49063,48983,49022,48843,48548,48513,47435,47422
1328,49289,48679,49063,48983,49022,48843,48548,48513,47435,47422
1329,49289,48679,49214,48983,49022,48843,48553,48513,47435,47422
1330,49289,48679,49214,48983,49112,48843,48560,48513,47435,47422
1331,49289,48679,49214,48983,49112,48843,48585,48513,47435,47422
1332,49289,48679,49214,48983,49112,48843,48585,48513,47435,47422
1333,49289,48679,49214,49021,49112,48843,48585,48513,47435,47422
1334,49289,48679,49214,49040,49112,48843,48585,48513,47435,47422
1335,49289,48679,49214,49084,49112,48843,48585,48513,47435,47422
1336,49289,48679,49332,49088,49112,48843,48585,48513,47435,47422
1337,49289,48679,49332,49088,49185,48843,48585,48513,47435,47422
1338,49289,48679,49332,49088,49185,48843,48585,48513,47435,47422
1339,49289,48679,49399,49088,49265,48843,48585,48513,47435,47422
1340,49289,48679,49399,49088,49265,48843,48585,48513,47435,47422
1341,49289,48679,49399,49088,49265,48843,48585,48513,47435,47422
1342,49289,48679,49399,49088,49265,48843,48585,48513,47435,47422
1343,49289,48679,49399,49088,49265,48843,48585,48513,47435,47422
1344,49289,48679,49399,49088,49265,48843,48585,48513,47435,47422
1345,49289,48679,49399,49088,49265,48905,48585,48513,47452,47422
1346,49289,48679,49399,49088,49265,48905,48585,48513,47574,47422
1347,49289,48679,49399,49088,49265,48905,48585,48513,47574,47428
1348,49289,48679,49399,49088,49265,48905,48595,48513,47574,47428
1349,49289,48679,49399,49088,49265,48960,48733,48513,47574,47554
1350,49289,48679,49399,49088,49265,48960,48733,48513,47613,47554
1351,49289,48679,49399,49088,49265,48960,48733,48513,47613,47554
1352,49289,48679,49399,49088,49265,48960,48733,48513,47622,47554
1353,49289,48679,49399,49088,49265,49014,48746,48513,47622,47596
1354,49289,48679,49399,49088,49265,49164,48746,48513,47622,47596
1355,49289,48679,49399,49088,49265,49178,48746,48513,47622,47596
1356,49289,48679,49399,49088,49281,49190,48775,48513,47622,47753
1357,49289,48679,49399,49088,49281,49190,48883,48513,47622,47776
1358,49289,48679,49399,49088,49281,49190,48883,48513,47622,47892
1359,49289,48679,49399,49088,49281,49190,48883,48513,47677,47892
1360,49289,48679,49399,49088,49342,49190,48883,48513,47677,47892
1361,49289,48679,49399,49088,49342,49190,48883,48513,47677,47892
1362,49289,48679,49399,49088,49342,49190,48883,48513,47677,47892
1363,49289,48679,49399,49088,49342,49190,48883,48513,47678,47892
1364,49289,48679,49399,49088,49342,49190,48883,48513,47818,47892
1365,49289,48679,49399,49088,49342,49190,48883,48513,47841,47892
1366,49289,48679,49399,49088,49342,49190,48883,48513,47841,47892
1367,49289,48679,49399,49088,49342,49283,48883,48513,47841,47892
1368,49289,48679,49399,49088,49342,49283,48883,48513,47864,47892
1369,49289,48679,49399,49088,49366,49283,48883,48513,47864,48029
1370,49289,48679,49399,49088,49366,49283,48883,48513,47864,48029
1371,49289,48679,49399,49088,49366,49283,48883,48513,47901,48029
1372,49289,48679,49399,49088,49366,49283,48883,48513,47909,48152
1373,49289,48679,49435,49088,49366,49283,48883,48513,48026,48152
1374,49289,48679,49435,49088,49366,49283,48883,48513,48026,48152
1375,49289,48679,49435,49088,49371,49283,48883,48513,48026,48152
1376,49289,48679,49435,49088,49371,49283,48883,48513,48068,48152
1377,49289,48679,49435,49088,49371,49283,48883,48513,48086,48159
1378,49289,48679,49435,49088,49371,49283,48883,48513,48086,48159
1379,49289,48679,49435,49088,49371,49283,48883,48513,48118,48272
1380,49289,48679,49435,49088,49371,49283,48883,48513,48129,48272
1381,49289,48679,49435,49088,49371,49283,48935,48513,48251,48397
1382,49289,48679,49435,49088,49371,49283,48935,48513,48305,48482
1383,49289,48679,49435,49088,49371,49283,49064,48513,48305,48482
1384,49289,48679,49435,49088,49371,49283,49064,48513,48305,48482
1385,49289,48679,49435,49088,49371,49283,49064,48513,48305,48482
1386,49289,48679,49435,49088,49371,49283,49064,48513,48305,48482
1387,49289,48679,49435,49088,49371,49283,49064,48513,48305,48559
1388,49289,48679,49435,49088,49371,49283,49064,48513,48305,48559
1389,49289,48679,49435,49088,49371,49283,49064,48513,48339,48559
1390,49289,48679,49435,49088,49371,49283,49064,48513,48339,48657
1391,49289,48679,49435,49088,49371,49344,49064,48513,48339,48699
1392,49289,48679,49435,49088,49371,49344,49149,48513,48339,48699
1393,49289,48679,49435,49088,49371,49368,49149,48513,48339,48699
1394,49289,48679,49435,49088,49371,49368,49149,48513,48339,48733
1395,49289,48679,49435,49088,49371,49368,49149,48513,48339,48733
1396,49289,48679,49435,49092,49371,49368,49149,48513,48339,48750
1397,49289,48679,49435,49092,49371,49368,49215,48513,48339,48750
1398,49289,48679,49435,49092,49371,49368,49275,48513,48339,48750
1399,49289,48679,49435,49092,49371,49368,49299,48513,48339,48750
1400,49289,48679,49435,49092,49371,49368,49299,48513,48339,48760
1401,49289,48679,49435,49092,49371,49368,49299,48513,48339,48760
1402,49289,48679,49435,49092,49371,49368,49299,48513,48339,48760
1403,49289,48679,49435,49092,49371,49368,49299,48513,48339,48760
1404,49289,48679,49435,49092,49371,49368,49317,48513,48339,48760
1405,49289,48679,49435,49125,49371,49368,49317,48513,48339,48760
1406,49289,48679,49435,49125,49371,49368,49317,48513,48339,48809
1407,49289,48679,49435,49125,49371,49368,49317,48513,48356,48830
1408,49289,48679,49435,49125,49371,49368,49317,48513,48356,48830
1409,49289,48679,49435,49125,49371,49368,49317,48513,48356,48830
1410,49289,48679,49435,49125,49371,49368,49317,48513,48356,48830
1411,49289,48679,49435,49125,49371,49368,49317,48513,48356,48830
1412,49289,48679,49435,49143,49371,49368,49368,48513,48356,48830
1413,49289,48679,49435,49197,49371,49368,49368,48513,48356,48830
1414,49289,48679,49435,49245,49371,49368,49368,48513,48356,48830
1415,49289,48679,49435,49245,49371,49368,49368,48513,48356,48830
1416,49289,48679,49435,49245,49371,49368,49368,48513,48356,48830
1417,49289,48679,49435,49245,49371,49368,49368,48513,48356,48830
1418,49289,48679,49435,49245,49371,49368,49371,48513,48356,48830
1419,49289,48679,49435,49245,49371,49368,49371,48513,48356,48830
1420,49289,48679,49435,49297,49371,49368,49371,48513,48356,48830
1421,49289,48679,49435,49297,49371,49368,49371,48513,48356,48830
1422,49289,48679,49435,49297,49371,49368,49371,48513,48356,48830
1423,49289,48679,49435,49297,49371,49368,49371,48513,48356,48830
1424,49289,48679,49435,49297,49371,49368,49371,48513,48356,48830
1425,49289,48679,49435,49297,49371,49368,49371,48513,48356,48830
1426,49289,48679,49435,49297,49371,49368,49371,48513,48356,48830
1427,49289,48679,49435,49297,49371,49368,49371,48513,48356,48830
1428,49289,48679,49435,49297,49371,49368,49371,48513,48356,48830
1429,49289,48679,49435,49297,49371,49368,49371,48513,48356,48830
1430,49289,48679,49435,49297,49371,49368,49371,48513,48356,48830
1431,49289,48679,49435,49297,49371,49368,49379,48513,48356,48830
1432,49289,48679,49435,49297,49371,49368,49390,48513,48356,48830
1433,49289,48679,49435,49297,49371,49368,49390,48513,48356,48830
1434,49289,48679,49435,49297,49371,49368,49390,48513,48356,48830
1435,49289,48679,49435,49297,49371,49368,49390,48513,48356,48846
1436,49289,48679,49435,49297,49371,49368,49390,48513,48356,48846
1437,49289,48679,49435,49297,49371,49368,49390,48513,48356,48846
1438,49289,48679,49435,49297,49371,49368,49390,48513,48356,48846
1439,49289,48679,49435,49297,49371,49368,49390,48513,48356,48846
1440,49289,48679,49435,49297,49371,49368,49390,48513,48356,48846
1441,49289,48679,49435,49297,49371,49368,49390,48513,48356,48846
1442,49289,48679,49435,49297,49371,49368,49390,48513,48356,48850
1443,49289,48679,49435,49297,49371,49368,49390,48513,48356,48850
1444,49289,48679,49435,49297,49371,49368,49390,48513,48356,48850
1445,49289,48679,49435,49297,49371,49368,49390,48513,48356,48976
1446,49289,48679,49435,49297,49371,49368,49390,48513,48356,49092
1447,49289,48679,49435,49297,49371,49368,49390,48513,48356,49104
1448,49289,48679,49435,49297,49371,49368,49390,48513,48356,49104
1449,49289,48679,49435,49297,49371,49368,49390,48513,48356,49117
1450,49289,48679,49435,49297,49371,49368,49390,48513,48356,49117
1451,49289,48679,49435,49297,49371,49368,49390,48513,48356,49117
1452,49289,48679,49435,49297,49371,49368,49390,48513,48356,49117
1453,49289,48679,49435,49297,49371,49368,49390,48513,48356,49117
1454,49289,48679,49435,49297,49371,49368,49390,48513,48412,49117
1455,49289,48679,49435,49297,49371,49368,49390,48513,48412,49117
1456,49289,48679,49435,49297,49371,49368,49390,48513,48412,49117
1457,49289,48679,49435,49297,49371,49368,49390,48513,48412,49117
1458,49289,48679,49435,49338,49371,49368,49390,48513,48412,49141
1459,49289,48679,49435,49338,49371,49368,49390,48513,48412,49141
1460,49289,48679,49435,49338,49371,49368,49390,48513,48441,49141
1461,49289,48679,49449,49365,49371,49368,49390,48513,48441,49141
1462,49289,48679,49449,49365,49371,49368,49390,48513,48441,49141
1463,49289,48679,49449,49365,49371,49368,49390,48513,48441,49141
1464,49289,48679,49449,49365,49371,49368,49390,48513,48441,49288
1465,49289,48679,49449,49365,49371,49368,49390,48513,48441,49288
1466,49289,48765,49449,49365,49371,49368,49390,48513,48441,49288
1467,49289,48765,49449,49365,49371,49368,49390,48513,48441,49327
1468,49289,48765,49449,49365,49371,49368,49390,48513,48441,49327
1469,49289,48894,49449,49365,49371,49368,49390,48513,48441,49357
1470,49289,48894,49449,49365,49371,49368,49390,48513,48556,49428
1471,49289,49015,49449,49365,49371,49368,49390,48513,48694,49428
1472,49289,49015,49449,49365,49371,49368,49390,48513,48726,49428
1473,49289,49026,49449,49365,49371,49368,49390,48513,48729,49428
1474,49289,49026,49449,49365,49371,49368,49390,48513,48858,49428
1475,49289,49026,49449,49365,49371,49368,49390,48513,48858,49428
1476,49289,49026,49449,49365,49371,49368,49390,48610,48858,49428
1477,49289,49059,49449,49365,49371,49368,49390,48610,48858,49428
1478,49289,49059,49449,49365,49371,49368,49390,48610,48858,49430
1479,49289,49059,49449,49370,49371,49368,49390,48705,48858,49430
1480,49289,49059,49449,49370,49371,49368,49390,48738,48858,49430
1481,49289,49059,49449,49370,49371,49368,49390,48739,48980,49430
1482,49289,49059,49449,49370,49371,49368,49390,48739,48995,49430
1483,49289,49059,49449,49370,49371,49368,49390,48739,48995,49430
1484,49289,49059,49449,49370,49371,49368,49390,48739,49029,49430
1485,49289,49084,49449,49370,49371,49368,49390,48739,49029,49430
1486,49289,49084,49449,49370,49371,49368,49390,48739,49029,49430
1487,49289,49084,49449,49370,49371,49368,49390,48739,49029,49430
1488,49289,49084,49449,49415,49371,49368,49390,48739,49034,49430
1489,49289,49084,49449,49416,49371,49371,49390,48739,49034,49430
1490,49289,49084,49449,49416,49371,49384,49390,48739,49034,49430
1491,49289,49084,49449,49416,49371,49384,49390,48739,49034,49430
1492,49289,49084,49449,49416,49371,49384,49390,48739,49034,49430
1493,49289,49138,49449,49416,49371,49384,49390,48739,49034,49430
1494,49289,49138,49449,49416,49371,49384,49390,48739,49034,49430
1495,49289,49138,49449,49416,49371,49384,49390,48739,49034,49430
1496,49289,49138,49449,49416,49371,49384,49390,48739,49042,49430
1497,49289,49138,49449,49416,49371,49384,49390,48739,49042,49430
1498,49289,49138,49449,49416,49371,49384,49390,48762,49042,49430
1499,49289,49138,49449,49416,49371,49388,49390,48773,49064,49430
1500,49289,49138,49449,49416,49371,49388,49390,48843,49064,49430
1501,49289,49138,49449,49416,49371,49388,49390,48843,49102,49430
1502,49289,49138,49449,49416,49371,49388,49390,48843,49102,49430
1503,49289,49138,49449,49416,49371,49388,49390,48843,49102,49430
1504,49289,49138,49449,49416,49371,49390,49390,48843,49102,49430
1505,49289,49159,49449,49416,49371,49390,49390,48843,49102,49430
1506,49289,49159,49449,49416,49371,49390,49390,48843,49117,49430
1507,49289,49159,49449,49416,49371,49390,49390,48873,49117,49430
1508,49289,49159,49449,49416,49371,49390,49390,48873,49117,49430
1509,49289,49159,49449,49416,49371,49390,49390,48873,49194,49430
1510,49289,49159,49449,49416,49371,49390,49390,48873,49228,49430
1511,49289,49159,49449,49416,49371,49390,49390,48873,49280,49430
1512,49289,49159,49449,49416,49371,49390,49390,48873,49280,49430
1513,49289,49159,49449,49416,49371,49390,49390,48873,49280,49430
1514,49289,49159,49449,49416,49371,49390,49390,48873,49280,49430
1515,49289,49159,49449,49416,49371,49390,49390,48873,49288,49430
1516,49289,49159,49449,49416,49371,49390,49390,48873,49288,49430
1517,49289,49159,49449,49416,49371,49390,49390,48873,49288,49430
1518,49289,49159,49449,49416,49371,49396,49390,48873,49288,49430
1519,49289,49159,49449,49416,49371,49396,49390,48873,49288,49430
1520,49289,49159,49449,49416,49371,49396,49390,48873,49288,49430
1521,49289,49159,49449,49416,49371,49396,49390,48929,49288,49430
1522,49289,49159,49449,49416,49371,49396,49390,48929,49288,49430
1523,49289,49159,49449,49416,49371,49396,49390,48929,49288,49430
1524,49289,49159,49449,49416,49371,49396,49390,48929,49288,49430
1525,49289,49159,49449,49416,49371,49396,49390,48929,49288,49430
1526,49289,49159,49449,49416,49371,49396,49390,48929,49288,49430
1527,49289,49159,49449,49416,49371,49396,49390,48929,49288,49430
1528,49289,49159,49449,49416,49371,49396,49390,48949,49288,49430
1529,49289,49159,49449,49416,49371,49396,49390,48949,49288,49430
1530,49289,49159,49449,49416,49371,49396,49390,48949,49288,49430
1531,49289,49159,49449,49416,49371,49396,49390,48949,49288,49430
1532,49289,49159,49449,49416,49371,49396,49390,48949,49288,49430
1533,49289,49180,49449,49416,49371,49396,49390,48949,49288,49430
1534,49289,49182,49449,49416,49371,49396,49390,48949,49288,49430
1535,49289,49182,49449,49416,49371,49396,49390,48949,49288,49430
1536,49289,49182,49449,49416,49371,49396,49390,48949,49288,49430
1537,49289,49193,49449,49416,49371,49396,49390,48949,49288,49430
1538,49289,49193,49449,49416,49371,49396,49390,48959,49288,49430
1539,49289,49193,49449,49416,49371,49396,49390,48959,49288,49430
1540,49289,49193,49449,49427,49371,49396,49390,49075,49288,49430
1541,49289,49193,49449,49427,49371,49396,49390,49194,49288,49430
1542,49289,49193,49449,49427,49371,49396,49390,49231,49338,49430
1543,49289,49193,49449,49427,49371,49396,49390,49231,49338,49430
1544,49289,49193,49449,49427,49371,49396,49390,49231,49338,49430
1545,49289,49193,49449,49427,49371,49396,49390,49231,49338,49430
1546,49289,49193,49449,49427,49371,49396,49390,49231,49338,49430
1547,49289,49193,49449,49427,49371,49396,49390,49231,49338,49430
1548,49289,49193,49449,49427,49371,49396,49390,49231,49338,49430
1549,49289,49236,49449,49428,49371,49396,49390,49231,49338,49430
1550,49289,49236,49449,49428,49371,49396,49390,49231,49338,49430
1551,49289,49236,49449,49428,49371,49396,49390,49231,49338,49430
1552,49289,49243,49449,49428,49371,49396,49390,49231,49338,49430
1553,49289,49243,49449,49428,49371,49396,49390,49231,49338,49430
1554,49289,49243,49449,49428,49371,49396,49390,49231,49338,49430
1555,49289,49243,49449,49428,49371,49396,49390,49231,49338,49430
1556,49289,49243,49449,49428,49371,49396,49390,49231,49338,49430
1557,49289,49243,49449,49428,49371,49396,49390,49231,49338,49430
1558,49289,49243,49449,49428,49371,49396,49390,49231,49338,49430
1559,49289,49243,49449,49428,49371,49396,49390,49231,49338,49430
1560,49289,49243,49449,49428,49371,49396,49390,49231,49338,49430
1561,49289,49243,49449,49428,49371,49396,49390,49231,49338,49430
1562,49289,49243,49449,49428,49371,49396,49390,49231,49338,49430
1563,49289,49243,49449,49428,49371,49396,49390,49231,49338,49430
1564,49289,49243,49459,49428,49371,49396,49390,49231,49338,49430
1565,49289,49243,49459,49428,49371,49396,49390,49231,49338,49430
1566,49289,49243,49459,49428,49371,49396,49390,49231,49338,49430
1567,49289,49243,49459,49428,49371,49396,49390,49231,49338,49430
1568,49289,49243,49459,49428,49371,49396,49390,49231,49338,49430
1569,49289,49243,49459,49428,49371,49396,49390,49231,49338,49430
1570,49289,49243,49459,49428,49371,49396,49390,49231,49338,49430
1571,49289,49243,49459,49428,49371,49396,49390,49231,49338,49430
1572,49289,49243,49459,49428,49371,49396,49390,49231,49338,49430
1573,49289,49243,49459,49428,49371,49396,49390,49231,49338,49430
1574,49289,49243,49459,49428,49371,49396,49390,49231,49338,49430
1575,49289,49243,49459,49428,49371,49396,49390,49231,49338,49430
1576,49289,49243,49459,49428,49371,49396,49390,49231,49342,49430
1577,49289,49243,49459,49428,49371,49396,49390,49231,49342,49430
1578,49325,49243,49459,49428,49371,49406,49390,49231,49342,49430
1579,49325,49243,49459,49428,49371,49406,49390,49231,49342,49430
1580,49325,49243,49459,49428,49371,49406,49390,49231,49342,49430
1581,49325,49243,49459,49428,49371,49406,49390,49231,49350,49430
1582,49325,49243,49459,49428,49371,49406,49390,49231,49350,49430
1583,49325,49243,49459,49428,49371,49406,49390,49231,49350,49430
1584,49325,49243,49459,49428,49371,49406,49390,49231,49350,49430
1585,49325,49243,49459,49428,49371,49406,49390,49231,49363,49430
1586,49325,49243,49459,49428,49371,49406,49390,49231,49363,49430
1587,49325,49243,49459,49428,49371,49406,49390,49231,49363,49430
1588,49325,49243,49459,49428,49371,49406,49390,49240,49363,49430
1589,49325,49243,49459,49428,49371,49406,49390,49240,49363,49430
1590,49325,49243,49459,49428,49371,49406,49390,49240,49363,49430
1591,49325,49243,49459,49428,49371,49406,49390,49245,49363,49430
1592,49325,49243,49459,49428,49371,49406,49390,49245,49363,49430
1593,49325,49243,49459,49428,49371,49406,49390,49245,49363,49430
1594,49325,49243,49459,49428,49371,49406,49390,49307,49363,49430
1595,49325,49243,49459,49428,49371,49406,49390,49314,49363,49430
1596,49325,49243,49459,49428,49371,49406,49390,49370,49363,49430
1597,49325,49243,49459,49428,49371,49406,49390,49370,49363,49430
1598,49325,49243,49459,49428,49371,49406,49390,49370,49363,49430
1599,49325,49243,49459,49428,49371,49406,49390,49370,49363,49430
1600,49325,49243,49459,49428,49371,49406,49390,49370,49363,49430
1601,49325,49243,49459,49428,49371,49406,49390,49370,49363,49430
1602,49325,49243,49459,49428,49371,49406,49390,49370,49363,49430
1603,49325,49243,49459,49428,49371,49406,49390,49370,49363,49430
1604,49325,49243,49459,49428,49371,49406,49390,49370,49363,49430
1605,49325,49243,49459,49428,49371,49406,49390,49370,49363,49430
1606,49325,49243,49459,49428,49371,49406,49390,49370,49363,49430
1607,49325,49243,49459,49428,49371,49406,49390,49370,49363,49430
1608,49325,49243,49459,49428,49371,49406,49390,49370,49363,49430
1609,49325,49243,49459,49428,49371,49406,49390,49370,49363,49430
1610,49325,49243,49459,49428,49371,49406,49390,49370,49363,49430
1611,49325,49243,49459,49428,49371,49406,49390,49370,49363,49430
1612,49325,49243,49459,49428,49371,49406,49390,49370,49363,49430
1613,49325,49243,49459,49428,49371,49406,49390,49370,49363,49430
1614,49325,49243,49459,49428,49371,49406,49390,49370,49363,49430
1615,49325,49243,49459,49428,49371,49406,49390,49370,49363,49430
1616,49325,49243,49459,49428,49371,49406,49390,49370,49363,49430
1617,49325,49243,49459,49428,49371,49406,49390,49370,49363,49430
1618,49325,49243,49459,49428,49371,49406,49390,49370,49363,49430
1619,49325,49243,49459,49428,49371,49406,49390,49370,49363,49430
1620,49325,49243,49459,49428,49371,49406,49390,49370,49363,49430
1621,49325,49243,49459,49428,49371,49406,49390,49370,49363,49430
1622,49325,49281,49459,49428,49371,49406,49390,49370,49363,49430
1623,49325,49281,49459,49428,49371,49406,49390,49370,49363,49430
1624,49325,49281,49459,49428,49371,49406,49390,49370,49363,49430
1625,49325,49281,49459,49428,49371,49406,49390,49370,49363,49430
1626,49325,49281,49459,49428,49371,49406,49390,49370,49363,49430
1627,49325,49281,49459,49428,49371,49406,49390,49370,49363,49430
1628,49325,49281,49459,49428,49371,49406,49390,49370,49363,49430
1629,49325,49281,49459,49428,49371,49406,49390,49370,49363,49430
1630,49325,49281,49459,49428,49371,49406,49390,49370,49363,49430
1631,49325,49281,49459,49428,49371,49406,49390,49370,49363,49430
1632,49325,49281,49459,49428,49371,49406,49390,49370,49363,49430
1633,49325,49281,49459,49428,49371,49406,49390,49370,49363,49430
1634,49325,49281,49459,49428,49371,49406,49390,49370,49363,49430
1635,49325,49281,49459,49428,49371,49406,49390,49370,49363,49430
1636,49325,49281,49459,49428,49371,49406,49390,49370,49363,49430
1637,49325,49281,49459,49428,49371,49406,49390,49370,49363,49430
1638,49325,49281,49459,49428,49371,49406,49390,49370,49363,49430
1639,49325,49281,49459,49428,49371,49406,49390,49370,49363,49430
1640,49325,49281,49459,49428,49371,49406,49390,49370,49363,49430
1641,49325,49281,49459,49428,49371,49406,49390,49370,49376,49430
1642,49325,49281,49459,49428,49371,49406,49390,49370,49376,49430
1643,49325,49281,49459,49428,49371,49406,49390,49370,49378,49430
1644,49325,49281,49459,49428,49371,49406,49390,49370,49378,49430
1645,49325,49281,49459,49428,49371,49406,49390,49370,49378,49430
1646,49325,49281,49459,49428,49371,49406,49390,49370,49378,49430
1647,49325,49281,49459,49428,49371,49412,49390,49370,49378,49430
1648,49325,49281,49459,49428,49371,49412,49390,49370,49378,49430
1649,49325,49281,49459,49428,49371,49412,49390,49370,49378,49430
1650,49325,49281,49459,49428,49371,49412,49390,49370,49378,49430
1651,49325,49281,49459,49428,49371,49414,49390,49370,49378,49430
1652,49325,49281,49459,49428,49371,49414,49390,49370,49378,49430
1653,49325,49281,49459,49428,49371,49414,49390,49370,49378,49430
1654,49325,49281,49459,49428,49371,49414,49390,49370,49378,49430
1655,49325,49281,49459,49428,49371,49414,49390,49370,49378,49430
1656,49325,49281,49459,49428,49371,49414,49390,49370,49378,49430
1657,49325,49281,49459,49428,49371,49414,49390,49370,49378,49430
1658,49325,49281,49459,49428,49371,49414,49390,49370,49378,49430
1659,49325,49281,49459,49428,49371,49414,49390,49370,49378,49430
1660,49325,49281,49459,49428,49371,49414,49390,49370,49378,49430
1661,49325,49281,49459,49429,49371,49414,49390,49370,49378,49430
1662,49325,49281,49459,49429,49371,49414,49390,49370,49378,49430
1663,49325,49281,49459,49429,49371,49414,49390,49370,49378,49430
1664,49325,49281,49459,49429,49371,49414,49390,49370,49378,49430
1665,49325,49281,49459,49429,49371,49414,49390,49370,49378,49430
1666,49325,49281,49459,49429,49371,49414,49390,49370,49378,49430
1667,49325,49281,49459,49429,49371,49414,49390,49370,49378,49430
1668,49325,49281,49459,49429,49371,49414,49390,49370,49378,49430
1669,49325,49281,49459,49429,49371,49414,49390,49370,49378,49430
1670,49325,49281,49459,49429,49371,49414,49390,49370,49378,49430
1671,49325,49281,49459,49429,49371,49414,49390,49370,49378,49430
1672,49325,49281,49459,49429,49371,49414,49390,49370,49378,49430
1673,49325,49281,49459,49429,49371,49414,49390,49370,49378,49430
1674,49325,49281,49459,49429,49371,49414,49390,49370,49378,49430
1675,49325,49281,49459,49429,49371,49414,49390,49370,49378,49430
1676,49325,49281,49459,49429,49371,49414,49390,49370,49378,49430
1677,49325,49281,49459,49429,49371,49414,49390,49370,49378,49430
1678,49325,49281,49459,49429,49371,49414,49390,49370,49378,49430
1679,49325,49281,49459,49429,49371,49414,49390,49370,49378,49430
1680,49325,49281,49459,49429,49371,49414,49390,49370,49378,49430
1681,49325,49281,49459,49429,49371,49414,49390,49370,49378,49430
1682,49325,49281,49459,49429,49371,49414,49390,49370,49378,49430
1683,49325,49281,49459,49429,49371,49414,49390,49370,49378,49430
1684,49325,49281,49459,49429,49371,49414,49390,49370,49378,49430
1685,49325,49281,49459,49429,49371,49414,49390,49370,49378,49430
1686,49325,49281,49459,49429,49371,49414,49390,49370,49378,49430
1687,49325,49281,49459,49429,49371,49414,49390,49370,49378,49430
1688,49325,49281,49459,49429,49371,49414,49390,49370,49378,49430
1689,49325,49281,49459,49429,49371,49414,49390,49370,49378,49430
1690,49325,49281,49459,49429,49371,49414,49390,49370,49378,49430
1691,49325,49281,49459,49429,49371,49414,49390,49370,49378,49430
1692,49325,49281,49459,49429,49371,49414,49390,49370,49378,49430
1693,49325,49281,49459,49429,49371,49414,49390,49370,49378,49430
1694,49325,49281,49459,49429,49383,49414,49390,49370,49378,49430
1695,49325,49281,49459,49429,49383,49414,49390,49370,49378,49430
1696,49325,49281,49459,49429,49384,49414,49390,49370,49378,49430
1697,49325,49281,49459,49429,49384,49414,49390,49370,49378,49430
1698,49325,49281,49459,49429,49384,49414,49390,49370,49378,49430
1699,49325,49281,49459,49429,49384,49414,49390,49370,49378,49430
1700,49325,49281,49459,49429,49384,49414,49390,49370,49378,49430
1701,49325,49281,49459,49429,49384,49414,49390,49370,49378,49430
1702,49325,49281,49459,49429,49384,49414,49390,49370,49378,49430
1703,49325,49281,49459,49429,49384,49414,49390,49370,49378,49430
1704,49325,49281,49459,49429,49384,49414,49390,49370,49378,49430
1705,49325,49281,49459,49429,49384,49414,49390,49370,49378,49430
1706,49325,49281,49459,49429,49384,49414,49390,49370,49378,49430
1707,49325,49281,49459,49429,49384,49414,49404,49370,49378,49430
1708,49325,49281,49459,49429,49384,49414,49404,49370,49378,49430
1709,49325,49281,49459,49429,49384,49414,49404,49370,49378,49430
1710,49325,49281,49459,49429,49384,49414,49404,49370,49378,49430
1711,49325,49281,49459,49429,49384,49414,49404,49370,49378,49430
1712,49325,49281,49459,49429,49384,49414,49404,49370,49378,49430
1713,49325,49281,49459,49429,49384,49414,49404,49370,49378,49430
1714,49325,49281,49459,49429,49384,49414,49404,49370,49378,49430
1715,49325,49281,49459,49429,49384,49414,49404,49370,49378,49430
1716,49325,49281,49459,49429,49384,49414,49404,49370,49378,49430
1717,49325,49281,49459,49429,49384,49414,49404,49370,49378,49430
1718,49325,49281,49459,49429,49384,49414,49404,49370,49378,49430
1719,49325,49281,49459,49429,49384,49414,49404,49370,49378,49430
1720,49325,49281,49459,49429,49384,49414,49404,49370,49378,49430
1721,49325,49281,49459,49429,49384,49414,49404,49370,49378,49430
1722,49325,49281,49459,49429,49384,49414,49404,49370,49378,49430
1723,49325,49281,49459,49429,49384,49414,49404,49370,49378,49430
1724,49325,49281,49459,49429,49384,49414,49404,49370,49378,49430
1725,49325,49281,49459,49429,49384,49414,49404,49370,49378,49430
1726,49325,49281,49459,49429,49384,49414,49404,49370,49378,49430
1727,49325,49281,49459,49429,49384,49414,49404,49370,49378,49430
1728,49325,49289,49459,49429,49384,49414,49404,49370,49378,49430
1729,49325,49289,49459,49429,49384,49414,49404,49370,49378,49430
1730,49325,49289,49459,49429,49384,49414,49404,49370,49378,49430
1731,49325,49289,49459,49429,49384,49414,49404,49370,49378,49430
1732,49325,49289,49459,49429,49384,49414,49404,49370,49378,49430
1733,49325,49289,49459,49429,49384,49414,49404,49370,49378,49430
1734,49325,49289,49459,49429,49384,49414,49404,49370,49378,49430
1735,49325,49289,49459,49429,49384,49414,49404,49370,49378,49430
1736,49325,49289,49459,49429,49384,49414,49404,49370,49378,49430
1737,49325,49289,49459,49429,49384,49414,49404,49370,49378,49430
1738,49325,49289,49459,49429,49384,49414,49404,49370,49378,49430
1739,49325,49289,49459,49429,49384,49414,49404,49370,49378,49430
1740,49325,49289,49459,49429,49384,49414,49404,49370,49378,49430
1741,49325,49289,49459,49429,49384,49414,49404,49370,49378,49430
1742,49325,49289,49459,49429,49384,49414,49404,49370,49378,49430
1743,49325,49289,49459,49429,49384,49414,49404,49370,49378,49430
1744,49325,49289,49459,49429,49384,49414,49404,49370,49378,49430
1745,49325,49289,49459,49429,49384,49414,49404,49370,49378,49430
1746,49325,49289,49459,49429,49384,49414,49404,49370,49378,49430
1747,49325,49289,49459,49429,49384,49414,49404,49370,49378,49430
1748,49325,49289,49459,49429,49384,49414,49404,49370,49378,49430
1749,49325,49289,49459,49429,49384,49414,49404,49370,49378,49430
1750,49325,49289,49459,49429,49384,49414,49404,49370,49383,49430
1751,49325,49289,49459,49429,49384,49414,49404,49370,49383,49430
1752,49325,49289,49459,49429,49384,49414,49404,49370,49383,49430
1753,49325,49289,49459,49429,49384,49414,49404,49370,49383,49430
1754,49325,49289,49459,49429,49384,49414,49404,49370,49383,49430
1755,49325,49289,49459,49429,49384,49414,49404,49370,49383,49430
1756,49325,49289,49459,49429,49384,49414,49404,49370,49383,49430
1757,49325,49289,49459,49429,49384,49414,49404,49370,49383,49430
1758,49325,49289,49459,49429,49384,49414,49404,49370,49383,49430
1759,49325,49289,49459,49429,49384,49414,49404,49370,49383,49430
1760,49325,49289,49459,49429,49384,49414,49404,49370,49383,49430
1761,49325,49289,49459,49429,49384,49414,49404,49370,49383,49430
1762,49325,49289,49459,49429,49384,49414,49404,49370,49383,49430
1763,49325,49312,49459,49429,49384,49414,49404,49370,49383,49430
1764,49325,49312,49459,49429,49384,49414,49404,49370,49383,49430
1765,49325,49312,49459,49429,49384,49414,49404,49370,49383,49430
1766,49325,49312,49459,49429,49384,49414,49404,49370,49383,49430
1767,49325,49312,49459,49429,49384,49414,49404,49370,49383,49430
1768,49325,49312,49459,49429,49384,49414,49404,49370,49383,49430
1769,49325,49312,49459,49429,49384,49414,49404,49370,49383,49430
1770,49325,49312,49459,49429,49384,49414,49404,49370,49383,49430
1771,49325,49313,49459,49429,49384,49414,49407,49370,49383,49430
1772,49325,49313,49459,49429,49384,49414,49407,49370,49383,49430
1773,49325,49313,49459,49429,49384,49414,49407,49370,49383,49430
1774,49325,49313,49459,49429,49384,49414,49407,49370,49383,49430
1775,49325,49313,49459,49429,49384,49414,49407,49370,49383,49430
1776,49325,49313,49459,49429,49384,49414,49407,49370,49383,49430
1777,49325,49313,49459,49429,49384,49414,49407,49370,49383,49430
1778,49325,49313,49459,49429,49384,49414,49415,49370,49383,49430
1779,49325,49313,49459,49429,49384,49414,49415,49370,49383,49430
1780,49325,49313,49459,49429,49384,49414,49415,49370,49383,49430
1781,49325,49313,49459,49429,49384,49414,49415,49370,49383,49430
1782,49325,49313,49459,49429,49384,49414,49415,49370,49383,49430
1783,49325,49313,49459,49429,49384,49414,49415,49370,49383,49430
1784,49325,49313,49459,49429,49384,49414,49415,49370,49383,49430
1785,49325,49313,49459,49429,49384,49414,49415,49370,49383,49430
1786,49325,49313,49459,49429,49384,49414,49415,49370,49383,49430
1787,49325,49313,49459,49429,49384,49414,49415,49370,49383,49430
1788,49325,49313,49459,49429,49384,49414,49415,49370,49383,49430
1789,49325,49313,49459,49429,49384,49414,49415,49370,49383,49430
1790,49325,49313,49459,49429,49384,49414,49415,49370,49383,49430
1791,49325,49313,49459,49429,49384,49414,49415,49428,49383,49430
1792,49325,49313,49459,49429,49384,49414,49415,49428,49383,49430
1793,49325,49313,49459,49429,49384,49414,49415,49428,49383,49430
1794,49325,49313,49459,49429,49384,49414,49421,49428,49383,49430
1795,49325,49313,49459,49429,49384,49414,49421,49428,49383,49430
1796,49325,49313,49459,49429,49384,49414,49421,49428,49383,49430
1797,49325,49313,49459,49429,49384,49414,49487,49428,49383,49430
1798,49325,49313,49459,49429,49384,49414,49487,49428,49383,49430
1799,49325,49313,49459,49429,49384,49414,49487,49428,49383,49430
1800,49325,49313,49459,49429,49384,49414,49487,49428,49383,49430
1801,49325,49313,49459,49429,49384,49414,49487,49428,49383,49430
1802,49325,49313,49459,49429,49384,49414,49487,49428,49383,49430
1803,49325,49313,49459,49429,49384,49414,49487,49428,49383,49430
1804,49325,49313,49459,49429,49384,49414,49487,49428,49383,49430
1805,49325,49313,49459,49429,49384,49414,49487,49428,49383,49430
1806,49325,49313,49459,49429,49384,49414,49487,49428,49383,49430
1807,49325,49313,49459,49429,49384,49414,49487,49428,49383,49430
1808,49325,49313,49459,49429,49384,49414,49487,49428,49383,49430
1809,49325,49313,49459,49429,49384,49414,49487,49428,49383,49430
1810,49325,49313,49459,49429,49384,49414,49487,49428,49383,49430
1811,49325,49313,49459,49429,49384,49414,49487,49428,49383,49430
1812,49325,49313,49459,49429,49384,49414,49487,49433,49383,49430
1813,49325,49313,49459,49429,49384,49414,49487,49433,49383,49430
1814,49325,49313,49459,49429,49384,49414,49487,49433,49383,49430
1815,49325,49313,49459,49429,49384,49414,49487,49433,49383,49430
1816,49325,49313,49459,49429,49384,49414,49487,49433,49383,49430
1817,49325,49313,49459,49429,49384,49414,49487,49433,49383,49430
1818,49325,49313,49459,49429,49384,49414,49487,49433,49383,49430
1819,49325,49313,49459,49429,49384,49414,49487,49433,49383,49430
1820,49325,49313,49459,49429,49384,49414,49487,49433,49383,49430
1821,49325,49313,49459,49429,49384,49414,49487,49433,49383,49430
1822,49325,49313,49459,49429,49384,49414,49487,49433,49383,49430
1823,49325,49313,49459,49429,49384,49414,49487,49433,49383,49430
1824,49325,49313,49459,49429,49384,49414,49487,49433,49383,49430
1825,49325,49313,49459,49429,49384,49414,49487,49433,49383,49430
1826,49325,49313,49459,49429,49384,49414,49487,49433,49383,49430
1827,49325,49313,49459,49429,49384,49414,49487,49433,49383,49430
1828,49325,49313,49459,49429,49384,49414,49487,49433,49383,49430
1829,49325,49313,49459,49429,49384,49414,49487,49433,49383,49430
1830,49325,49313,49459,49429,49384,49414,49487,49433,49383,49430
1831,49325,49313,49459,49429,49384,49414,49491,49433,49383,49430
1832,49325,49313,49459,49429,49384,49414,49491,49433,49383,49430
1833,49325,49313,49459,49429,49384,49414,49491,49433,49383,49430
1834,49325,49313,49459,49429,49384,49414,49491,49433,49383,49430
1835,49325,49313,49459,49429,49384,49414,49491,49433,49383,49430
1836,49325,49313,49459,49429,49384,49414,49491,49433,49383,49430
1837,49325,49313,49459,49429,49384,49414,49491,49433,49383,49430
1838,49325,49313,49459,49429,49384,49414,49491,49433,49383,49430
1839,49325,49313,49459,49429,49384,49414,49491,49433,49383,49430
1840,49325,49313,49459,49429,49384,49414,49491,49433,49383,49430
1841,49325,49313,49459,49429,49384,49414,49491,49433,49383,49430
1842,49325,49313,49459,49429,49384,49414,49491,49433,49383,49430
1843,49325,49313,49459,49429,49384,49414,49491,49433,49383,49430
1844,49325,49313,49459,49429,49384,49414,49491,49433,49383,49430
1845,49325,49313,49459,49429,49384,49414,49491,49433,49383,49430
1846,49325,49313,49459,49429,49384,49414,49491,49433,49383,49430
1847,49325,49313,49459,49429,49384,49414,49491,49433,49383,49430
1848,49325,49313,49459,49429,49384,49414,49491,49433,49383,49430
1849,49325,49313,49459,49429,49384,49414,49491,49433,49383,49430
1850,49325,49313,49459,49429,49384,49414,49491,49433,49383,49430
1851,49325,49313,49459,49429,49384,49414,49491,49433,49383,49430
1852,49325,49313,49459,49429,49384,49414,49491,49433,49383,49430
1853,49325,49313,49459,49429,49384,49414,49491,49433,49383,49430
1854,49325,49313,49459,49429,49384,49414,49491,49433,49383,49439
1855,49325,49313,49459,49429,49384,49414,49491,49433,49383,49439
1856,49325,49313,49459,49429,49384,49414,49491,49433,49383,49439
1857,49325,49313,49459,49429,49384,49414,49491,49433,49383,49439
1858,49325,49313,49459,49429,49384,49414,49491,49436,49383,49439
1859,49325,49313,49459,49429,49384,49414,49491,49436,49383,49439
1860,49325,49313,49459,49429,49384,49414,49491,49440,49383,49439
1861,49325,49313,49459,49429,49384,49414,49491,49440,49383,49439
1862,49325,49313,49459,49429,49384,49414,49491,49440,49383,49439
1863,49325,49313,49459,49429,49384,49414,49491,49440,49383,49439
1864,49325,49313,49459,49429,49384,49414,49491,49440,49383,49439
1865,49325,49313,49459,49429,49384,49414,49491,49440,49383,49445
1866,49325,49313,49459,49429,49384,49414,49491,49440,49383,49445
1867,49325,49313,49459,49429,49384,49414,49491,49440,49383,49445
1868,49325,49313,49459,49429,49384,49414,49491,49440,49383,49445
1869,49325,49313,49459,49429,49384,49414,49491,49440,49383,49445
1870,49325,49313,49459,49429,49384,49414,49491,49440,49383,49445
1871,49325,49313,49459,49429,49384,49414,49491,49440,49383,49445
1872,49331,49313,49459,49429,49384,49414,49491,49440,49383,49445
1873,49331,49313,49459,49429,49384,49414,49491,49440,49383,49445
1874,49331,49313,49459,49429,49384,49414,49491,49440,49383,49445
1875,49331,49313,49459,49429,49384,49414,49491,49440,49383,49445
1876,49331,49313,49459,49429,49384,49414,49491,49440,49383,49445
1877,49331,49313,49459,49429,49384,49414,49491,49440,49383,49445
1878,49331,49313,49459,49429,49384,49414,49491,49440,49383,49445
1879,49331,49313,49459,49429,49384,49414,49491,49440,49383,49445
1880,49331,49313,49459,49429,49384,49414,49491,49440,49383,49445
1881,49331,49313,49459,49429,49384,49414,49491,49440,49383,49445
1882,49331,49313,49459,49429,49384,49414,49491,49440,49383,49445
1883,49331,49313,49459,49429,49384,49414,49491,49445,49383,49445
1884,49331,49313,49459,49429,49384,49414,49491,49445,49383,49445
1885,49331,49313,49459,49429,49384,49414,49491,49445,49383,49445
1886,49331,49313,49459,49429,49384,49414,49491,49445,49383,49445
1887,49331,49313,49459,49429,49384,49414,49491,49445,49383,49445
1888,49331,49313,49459,49429,49384,49414,49491,49445,49383,49445
1889,49331,49313,49459,49429,49384,49414,49491,49445,49383,49445
1890,49331,49313,49459,49429,49384,49414,49491,49445,49383,49445
1891,49331,49313,49459,49429,49384,49414,49491,49445,49383,49445
1892,49331,49313,49459,49429,49384,49414,49491,49445,49383,49445
1893,49331,49313,49459,49429,49384,49414,49491,49445,49383,49445
1894,49331,49313,49459,49429,49384,49414,49491,49445,49383,49445
1895,49331,49313,49459,49429,49384,49414,49491,49445,49383,49445
1896,49331,49313,49459,49429,49384,49414,49491,49445,49383,49445
1897,49331,49313,49459,49429,49384,49414,49491,49445,49383,49445
1898,49331,49313,49459,49429,49384,49414,49491,49445,49383,49445
1899,49331,49313,49459,49429,49384,49414,49491,49445,49383,49445
1900,49331,49313,49459,49429,49384,49414,49491,49445,49383,49445
1901,49331,49313,49459,49429,49384,49414,49491,49445,49383,49445
1902,49331,49313,49459,49429,49384,49414,49491,49445,49383,49445
1903,49331,49313,49459,49429,49384,49414,49491,49458,49383,49445
1904,49331,49313,49459,49429,49384,49414,49491,49458,49383,49445
1905,49331,49313,49459,49429,49384,49414,49491,49458,49383,49445
1906,49331,49313,49459,49429,49384,49414,49491,49470,49383,49445
1907,49331,49313,49459,49429,49384,49414,49491,49470,49383,49445
1908,49331,49313,49459,49429,49384,49414,49491,49470,49383,49445
1909,49331,49313,49459,49429,49384,49414,49491,49470,49383,49445
1910,49331,49313,49459,49429,49384,49414,49491,49470,49383,49445
1911,49331,49313,49459,49429,49384,49414,49491,49470,49383,49445
1912,49331,49313,49459,49429,49384,49414,49491,49470,49383,49445
1913,49331,49313,49459,49429,49384,49414,49491,49470,49383,49445
1914,49331,49313,49459,49429,49384,49414,49491,49470,49383,49445
1915,49331,49313,49459,49429,49384,49414,49491,49470,49383,49445
1916,49331,49313,49459,49429,49384,49414,49491,49470,49383,49445
1917,49331,49313,49459,49429,49384,49414,49491,49470,49383,49445
1918,49331,49313,49459,49429,49384,49414,49491,49470,49383,49445
1919,49331,49313,49459,49429,49384,49414,49491,49470,49383,49445
1920,49331,49313,49459,49429,49384,49414,49491,49470,49383,49445
1921,49331,49313,49459,49429,49384,49414,49491,49470,49383,49445
1922,49331,49313,49459,49429,49384,49414,49491,49470,49383,49445
1923,49331,49313,49459,49429,49384,49414,49491,49470,49383,49445
1924,49331,49313,49459,49429,49384,49414,49491,49470,49383,49445
1925,49331,49313,49459,49429,49384,49414,49491,49470,49383,49445
1926,49331,49313,49459,49429,49384,49414,49491,49470,49383,49445
1927,49331,49313,49459,49429,49384,49414,49491,49470,49383,49445
1928,49331,49313,49459,49429,49384,49414,49491,49470,49383,49445
1929,49331,49313,49459,49429,49384,49414,49491,49470,49383,49445
1930,49331,49313,49459,49429,49384,49414,49491,49470,49383,49445
1931,49331,49313,49459,49429,49384,49414,49491,49470,49383,49445
1932,49331,49313,49459,49429,49384,49414,49491,49470,49383,49445
1933,49331,49313,49459,49429,49384,49414,49491,49470,49383,49445
1934,49331,49313,49459,49429,49384,49414,49491,49470,49383,49445
1935,49331,49313,49459,49429,49384,49414,49491,49470,49383,49445
1936,49331,49313,49459,49429,49384,49414,49491,49470,49383,49445
1937,49331,49313,49459,49429,49384,49414,49491,49470,49383,49445
1938,49331,49313,49459,49429,49384,49414,49491,49470,49383,49445
1939,49331,49313,49459,49429,49384,49414,49491,49470,49383,49445
1940,49331,49313,49459,49429,49384,49414,49491,49470,49383,49445
1941,49331,49313,49459,49429,49384,49414,49491,49470,49383,49445
1942,49331,49313,49459,49429,49384,49414,49491,49470,49383,49445
1943,49331,49313,49459,49429,49384,49414,49491,49470,49383,49445
1944,49331,49313,49459,49429,49384,49414,49491,49470,49383,49445
1945,49331,49313,49459,49429,49384,49414,49491,49470,49383,49445
1946,49331,49313,49459,49429,49384,49414,49491,49470,49383,49445
1947,49331,49313,49459,49429,49384,49414,49491,49470,49383,49445
1948,49331,49313,49459,49429,49384,49414,49491,49470,49383,49445
1949,49331,49313,49459,49429,49384,49414,49491,49470,49383,49445
1950,49331,49313,49459,49429,49384,49414,49491,49470,49383,49445
1951,49331,49313,49463,49429,49384,49414,49491,49470,49383,49445
1952,49331,49313,49463,49429,49384,49414,49491,49470,49383,49445
1953,49331,49313,49463,49429,49384,49414,49491,49470,49383,49445
1954,49331,49313,49463,49429,49384,49414,49491,49470,49383,49474
1955,49331,49313,49463,49429,49384,49414,49491,49470,49383,49474
1956,49331,49313,49463,49429,49384,49414,49491,49470,49383,49474
1957,49331,49313,49463,49429,49384,49414,49491,49470,49383,49474
1958,49331,49313,49463,49429,49384,49414,49491,49470,49383,49474
1959,49331,49313,49463,49429,49384,49414,49491,49470,49383,49474
1960,49331,49313,49463,49429,49384,49414,49491,49470,49383,49474
1961,49331,49313,49463,49429,49384,49414,49491,49470,49383,49474
1962,49331,49313,49463,49429,49384,49414,49491,49470,49383,49474
1963,49331,49313,49463,49429,49384,49414,49491,49470,49383,49474
1964,49331,49313,49463,49429,49384,49414,49491,49470,49383,49474
1965,49331,49313,49463,49429,49384,49414,49491,49470,49383,49474
1966,49331,49313,49463,49429,49384,49414,49491,49470,49383,49474
1967,49331,49313,49463,49429,49384,49414,49491,49470,49383,49474
1968,49331,49313,49463,49429,49384,49414,49491,49470,49383,49474
1969,49331,49313,49463,49429,49384,49414,49491,49470,49383,49474
1970,49331,49313,49463,49429,49384,49414,49491,49470,49383,49474
1971,49331,49313,49463,49429,49384,49414,49491,49470,49383,49474
1972,49331,49313,49463,49429,49384,49414,49491,49470,49383,49474
1973,49331,49313,49463,49429,49384,49414,49491,49470,49383,49474
1974,49331,49313,49463,49429,49384,49414,49491,49470,49383,49474
1975,49331,49313,49463,49429,49384,49414,49491,49470,49383,49474
1976,49331,49313,49463,49429,49384,49414,49491,49470,49383,49474
1977,49331,49313,49463,49429,49384,49414,49491,49470,49383,49474
1978,49331,49313,49463,49429,49384,49414,49491,49470,49383,49474
1979,49331,49313,49463,49429,49384,49414,49491,49470,49383,49474
1980,49331,49313,49463,49429,49384,49414,49491,49470,49383,49474
1981,49331,49313,49463,49429,49384,49414,49491,49470,49383,49474
1982,49331,49313,49463,49429,49384,49414,49491,49470,49383,49474
1983,49331,49313,49463,49429,49384,49414,49491,49470,49383,49474
1984,49331,49313,49463,49429,49384,49414,49491,49470,49383,49474
1985,49331,49313,49463,49429,49384,49414,49491,49470,49383,49474
1986,49331,49313,49463,49429,49384,49414,49491,49470,49383,49474
1987,49331,49313,49471,49429,49384,49414,49491,49470,49383,49474
1988,49331,49313,49471,49429,49384,49414,49491,49470,49383,49474
1989,49331,49313,49471,49429,49384,49414,49491,49470,49383,49474
1990,49331,49313,49471,49429,49384,49414,49491,49470,49383,49474
1991,49331,49313,49471,49429,49384,49414,49491,49470,49383,49474
1992,49331,49313,49471,49429,49384,49414,49491,49470,49383,49474
1993,49331,49313,49471,49429,49384,49414,49491,49470,49383,49474
1994,49331,49313,49471,49429,49384,49414,49491,49470,49383,49474
1995,49331,49313,49474,49429,49384,49414,49491,49470,49383,49474
1996,49331,49313,49474,49429,49384,49414,49491,49470,49383,49474
1997,49331,49314,49474,49429,49384,49414,49491,49470,49383,49474
1998,49331,49314,49474,49429,49384,49414,49491,49470,49383,49474
1999,49331,49314,49474,49429,49384,49414,49491,49470,49383,49474
2000,49331,49314,49474,49429,49384,49414,49491,49470,49383,49474
2001,49331,49314,49474,49429,49384,49414,49491,49470,49383,49474
2002,49331,49314,49474,49429,49384,49414,49491,49470,49383,49474
2003,49331,49314,49474,49429,49384,49414,49491,49470,49383,49474
2004,49331,49314,49474,49429,49384,49414,49491,49470,49383,49474
2005,49331,49314,49474,49429,49384,49414,49491,49470,49383,49474
2006,49331,49314,49474,49429,49384,49414,49491,49470,49383,49474
2007,49331,49314,49474,49429,49384,49414,49491,49470,49383,49474
2008,49331,49314,49474,49429,49384,49414,49491,49470,49383,49474
2009,49331,49314,49474,49429,49384,49414,49491,49470,49383,49474
2010,49331,49314,49474,49429,49384,49414,49491,49470,49383,49474
2011,49331,49314,49477,49429,49384,49414,49491,49470,49383,49474
2012,49354,49314,49477,49429,49384,49414,49491,49470,49383,49474
2013,49354,49314,49477,49429,49384,49414,49491,49470,49383,49474
2014,49354,49314,49477,49429,49384,49414,49491,49470,49383,49474
2015,49354,49314,49477,49429,49384,49414,49491,49470,49383,49474
2016,49354,49314,49477,49429,49384,49414,49491,49470,49383,49474
2017,49354,49314,49477,49429,49384,49414,49491,49470,49383,49474
2018,49354,49314,49477,49429,49384,49414,49491,49470,49383,49474
2019,49354,49314,49477,49429,49384,49414,49491,49470,49383,49474
2020,49354,49314,49477,49429,49384,49414,49491,49470,49383,49474
2021,49354,49314,49477,49429,49384,49414,49491,49470,49383,49474
2022,49354,49314,49477,49429,49384,49414,49491,49470,49383,49474
2023,49354,49314,49477,49429,49384,49414,49491,49470,49383,49474
2024,49354,49314,49477,49429,49384,49414,49491,49470,49383,49474
2025,49354,49314,49477,49440,49384,49414,49491,49470,49383,49474
2026,49354,49314,49477,49440,49384,49414,49491,49470,49383,49474
2027,49354,49314,49477,49440,49384,49414,49491,49470,49383,49474
2028,49354,49314,49477,49440,49384,49414,49491,49470,49383,49474
2029,49354,49314,49477,49440,49384,49414,49491,49470,49383,49474
2030,49354,49314,49477,49440,49384,49414,49491,49470,49383,49474
2031,49354,49314,49477,49440,49384,49414,49491,49470,49383,49474
2032,49354,49314,49477,49440,49384,49414,49491,49470,49383,49474
2033,49354,49314,49477,49440,49384,49414,49491,49470,49383,49474
2034,49354,49314,49477,49440,49384,49414,49491,49470,49383,49474
2035,49354,49314,49477,49440,49384,49414,49491,49470,49383,49474
2036,49354,49314,49477,49440,49384,49414,49491,49470,49383,49474
2037,49354,49314,49477,49440,49384,49414,49491,49470,49383,49474
2038,49354,49314,49477,49440,49384,49414,49491,49470,49383,49474
2039,49354,49314,49477,49440,49384,49414,49491,49470,49383,49474
2040,49354,49314,49477,49440,49384,49414,49491,49470,49383,49474
2041,49354,49314,49477,49440,49384,49414,49491,49470,49383,49474
2042,49354,49314,49477,49440,49384,49414,49491,49470,49383,49474
2043,49354,49314,49477,49440,49384,49414,49491,49470,49383,49474
2044,49354,49343,49477,49440,49384,49414,49491,49470,49383,49474
2045,49354,49343,49477,49440,49384,49414,49491,49470,49383,49474
2046,49354,49343,49477,49440,49384,49414,49491,49470,49383,49474
2047,49354,49343,49477,49440,49384,49414,49491,49470,49383,49474
2048,49354,49343,49477,49440,49384,49414,49491,49470,49383,49474
2049,49354,49343,49477,49440,49384,49414,49491,49470,49383,49474
2050,49354,49343,49477,49440,49384,49414,49491,49470,49383,49474
2051,49354,49343,49477,49440,49384,49414,49491,49470,49383,49474
2052,49354,49343,49477,49440,49384,49414,49491,49470,49383,49474
2053,49354,49343,49477,49440,49384,49414,49491,49470,49383,49474
2054,49354,49343,49477,49440,49384,49414,49491,49470,49383,49474
2055,49354,49343,49477,49440,49384,49414,49491,49470,49383,49474
2056,49354,49343,49477,49440,49384,49414,49491,49470,49383,49474
2057,49354,49343,49477,49440,49384,49414,49491,49470,49383,49474
2058,49354,49343,49477,49440,49384,49414,49491,49470,49383,49474
2059,49354,49343,49477,49440,49384,49414,49491,49470,49383,49474
2060,49354,49343,49477,49440,49384,49414,49491,49470,49383,49474
2061,49354,49343,49477,49440,49384,49414,49491,49470,49383,49474
2062,49354,49343,49477,49440,49384,49414,49491,49470,49383,49474
2063,49354,49343,49477,49440,49384,49414,49491,49470,49383,49474
2064,49354,49345,49477,49440,49384,49414,49491,49470,49383,49474
2065,49354,49345,49477,49440,49384,49414,49491,49470,49383,49474
2066,49354,49345,49477,49440,49384,49414,49491,49470,49383,49474
2067,49354,49345,49477,49440,49384,49414,49491,49470,49383,49474
2068,49354,49345,49477,49440,49384,49414,49491,49470,49383,49474
2069,49354,49345,49477,49440,49384,49414,49491,49470,49383,49474
2070,49354,49345,49477,49440,49384,49414,49491,49470,49383,49474
2071,49354,49345,49477,49440,49384,49414,49491,49470,49383,49474
2072,49354,49345,49477,49440,49384,49414,49491,49470,49383,49474
2073,49354,49345,49477,49440,49384,49414,49491,49470,49383,49474
2074,49354,49345,49477,49440,49384,49414,49491,49470,49383,49474
2075,49354,49345,49477,49440,49384,49414,49491,49470,49383,49474
2076,49354,49345,49482,49440,49384,49414,49491,49470,49383,49474
2077,49354,49357,49482,49440,49384,49414,49491,49470,49383,49474
2078,49354,49357,49482,49440,49384,49414,49491,49470,49383,49474
2079,49354,49357,49482,49440,49384,49414,49491,49470,49383,49474
2080,49354,49357,49482,49440,49384,49414,49491,49470,49383,49474
2081,49354,49357,49482,49440,49384,49414,49491,49470,49383,49474
2082,49354,49357,49482,49440,49384,49414,49491,49470,49383,49474
2083,49354,49357,49482,49451,49384,49414,49491,49470,49383,49474
2084,49354,49357,49482,49451,49384,49414,49491,49470,49383,49474
2085,49354,49357,49482,49451,49384,49414,49491,49470,49383,49474
2086,49354,49357,49482,49451,49384,49414,49491,49470,49383,49474
2087,49354,49357,49482,49451,49384,49414,49491,49470,49383,49474
2088,49354,49357,49482,49451,49384,49414,49491,49470,49383,49474
2089,49354,49357,49482,49451,49384,49414,49491,49470,49383,49474
2090,49354,49357,49482,49451,49384,49414,49491,49470,49383,49474
2091,49354,49389,49482,49451,49384,49414,49491,49470,49383,49474
2092,49354,49389,49482,49452,49384,49414,49491,49470,49383,49474
2093,49354,49389,49482,49452,49384,49414,49491,49470,49383,49474
2094,49354,49389,49482,49452,49384,49414,49491,49470,49383,49474
2095,49354,49389,49482,49452,49384,49414,49491,49470,49383,49474
2096,49354,49389,49482,49452,49384,49414,49491,49470,49383,49474
2097,49354,49389,49482,49452,49384,49414,49491,49470,49383,49474
2098,49354,49389,49483,49452,49384,49414,49491,49470,49383,49474
2099,49354,49389,49483,49452,49384,49414,49491,49470,49383,49474
2100,49354,49389,49483,49452,49384,49414,49491,49470,49383,49474
2101,49354,49389,49483,49452,49384,49414,49491,49470,49383,49474
2102,49354,49389,49483,49452,49384,49414,49491,49470,49383,49474
2103,49354,49389,49483,49452,49384,49414,49491,49470,49383,49474
2104,49354,49389,49483,49452,49384,49414,49491,49470,49383,49474
2105,49354,49389,49483,49452,49384,49414,49491,49470,49383,49474
2106,49354,49389,49483,49452,49384,49414,49491,49470,49383,49474
2107,49354,49389,49483,49452,49384,49414,49491,49470,49383,49474
2108,49354,49389,49483,49452,49384,49414,49491,49470,49383,49474
2109,49371,49389,49483,49452,49384,49414,49491,49470,49383,49474
2110,49371,49389,49483,49452,49384,49414,49491,49470,49383,49474
2111,49371,49389,49483,49452,49384,49414,49491,49470,49383,49474
2112,49371,49389,49483,49452,49384,49414,49491,49470,49383,49474
2113,49371,49389,49483,49452,49384,49414,49491,49470,49383,49474
2114,49371,49389,49483,49452,49384,49414,49491,49470,49383,49474
2115,49371,49389,49483,49452,49384,49414,49491,49470,49383,49474
2116,49371,49389,49483,49452,49384,49414,49491,49470,49383,49474
2117,49371,49389,49483,49452,49384,49414,49491,49470,49383,49474
2118,49371,49389,49483,49452,49384,49414,49491,49470,49383,49474
2119,49371,49389,49483,49452,49384,49414,49491,49470,49383,49474
2120,49371,49389,49483,49452,49384,49414,49491,49470,49383,49474
2121,49371,49389,49483,49452,49384,49414,49491,49470,49383,49474
2122,49371,49389,49483,49452,49384,49414,49491,49470,49383,49474
2123,49371,49389,49483,49452,49384,49414,49491,49470,49383,49474
2124,49371,49389,49483,49452,49384,49414,49491,49470,49383,49474
2125,49371,49389,49483,49452,49384,49414,49491,49470,49383,49474
2126,49372,49389,49483,49452,49384,49414,49491,49470,49383,49474
2127,49372,49389,49483,49452,49384,49414,49491,49470,49383,49474
2128,49372,49389,49483,49452,49384,49414,49491,49470,49383,49474
2129,49372,49389,49483,49452,49384,49414,49491,49470,49383,49474
2130,49372,49389,49483,49452,49384,49414,49491,49470,49383,49474
2131,49372,49389,49483,49452,49384,49414,49491,49470,49383,49474
2132,49372,49389,49483,49452,49384,49414,49491,49470,49383,49474
2133,49372,49389,49483,49452,49384,49414,49491,49470,49383,49474
2134,49372,49389,49483,49452,49384,49414,49491,49470,49383,49474
2135,49372,49389,49483,49452,49384,49414,49491,49470,49383,49474
2136,49372,49389,49483,49452,49384,49414,49491,49470,49383,49474
2137,49372,49389,49483,49452,49384,49414,49491,49470,49383,49474
2138,49372,49389,49483,49452,49384,49414,49491,49470,49383,49474
2139,49372,49389,49483,49452,49384,49414,49491,49470,49383,49474
2140,49372,49389,49483,49452,49384,49414,49491,49470,49383,49474
2141,49372,49389,49483,49452,49384,49414,49491,49470,49383,49474
2142,49372,49389,49483,49452,49384,49414,49491,49470,49383,49474
2143,49372,49389,49483,49452,49384,49414,49491,49470,49383,49474
2144,49372,49389,49483,49452,49384,49414,49491,49470,49383,49474
2145,49372,49389,49483,49452,49384,49414,49491,49470,49383,49474
2146,49372,49389,49483,49452,49384,49414,49491,49470,49383,49474
2147,49372,49389,49483,49452,49384,49414,49491,49470,49383,49474
2148,49372,49389,49483,49452,49384,49414,49491,49470,49383,49474
2149,49372,49389,49483,49452,49384,49414,49491,49470,49383,49474
2150,49372,49389,49483,49452,49384,49414,49491,49470,49383,49474
2151,49372,49389,49483,49452,49384,49414,49491,49470,49383,49474
2152,49372,49394,49483,49452,49384,49414,49491,49470,49383,49474
2153,49372,49394,49483,49452,49384,49414,49491,49470,49383,49474
2154,49372,49394,49483,49452,49384,49414,49491,49470,49383,49474
2155,49372,49394,49483,49452,49384,49414,49491,49470,49383,49474
2156,49372,49394,49483,49452,49384,49414,49491,49470,49383,49474
2157,49372,49394,49483,49452,49384,49414,49491,49470,49383,49474
2158,49372,49394,49483,49452,49384,49414,49491,49470,49383,49474
2159,49372,49394,49483,49452,49384,49414,49491,49470,49383,49474
2160,49372,49394,49483,49452,49384,49414,49491,49470,49383,49474
2161,49372,49394,49483,49452,49384,49414,49491,49470,49383,49474
2162,49372,49394,49483,49452,49384,49414,49491,49470,49383,49474
2163,49372,49394,49483,49452,49384,49414,49491,49470,49383,49474
2164,49372,49394,49483,49452,49384,49414,49491,49470,49383,49474
2165,49372,49394,49483,49452,49384,49414,49491,49470,49383,49474
2166,49372,49394,49483,49452,49384,49414,49491,49470,49383,49474
2167,49372,49394,49483,49452,49384,49414,49491,49470,49383,49474
2168,49372,49394,49483,49452,49384,49414,49491,49470,49383,49474
2169,49372,49394,49483,49452,49384,49414,49491,49470,49383,49474
2170,49372,49394,49483,49452,49384,49414,49491,49470,49383,49474
2171,49372,49394,49483,49452,49384,49414,49491,49470,49383,49474
2172,49372,49394,49483,49452,49384,49414,49491,49470,49383,49474
2173,49372,49394,49483,49452,49384,49414,49491,49470,49383,49474
2174,49372,49394,49483,49452,49384,49414,49491,49470,49383,49474
2175,49372,49394,49483,49452,49384,49414,49491,49470,49383,49474
2176,49372,49394,49483,49452,49384,49414,49491,49470,49383,49474
2177,49372,49394,49483,49452,49384,49414,49491,49470,49383,49474
2178,49372,49394,49483,49452,49384,49414,49491,49470,49383,49474
2179,49372,49394,49483,49452,49384,49414,49491,49470,49383,49474
2180,49372,49394,49483,49452,49384,49414,49491,49470,49383,49474
2181,49372,49394,49483,49452,49384,49414,49491,49470,49383,49474
2182,49372,49394,49483,49452,49384,49414,49491,49470,49383,49474
2183,49372,49394,49483,49452,49384,49414,49491,49470,49383,49474
2184,49372,49394,49483,49452,49384,49414,49491,49470,49383,49474
2185,49372,49394,49483,49452,49384,49414,49491,49470,49383,49474
2186,49372,49394,49483,49452,49384,49414,49491,49470,49383,49474
2187,49372,49394,49483,49452,49384,49414,49491,49470,49383,49474
2188,49372,49394,49483,49452,49384,49414,49491,49470,49383,49474
2189,49372,49394,49483,49452,49384,49414,49491,49470,49383,49474
2190,49372,49394,49483,49452,49384,49414,49491,49470,49383,49474
2191,49372,49394,49483,49452,49384,49414,49491,49470,49383,49474
2192,49372,49394,49483,49452,49384,49414,49491,49470,49383,49474
2193,49372,49394,49483,49452,49384,49414,49491,49470,49383,49474
2194,49372,49394,49483,49452,49384,49414,49491,49470,49383,49474
2195,49372,49394,49483,49452,49384,49414,49491,49470,49383,49474
2196,49372,49394,49483,49452,49384,49414,49491,49470,49383,49474
2197,49372,49394,49483,49452,49384,49414,49491,49470,49383,49474
2198,49372,49394,49483,49452,49384,49414,49491,49470,49383,49474
2199,49372,49394,49483,49452,49384,49414,49491,49470,49383,49474
2200,49372,49394,49483,49452,49384,49414,49491,49470,49383,49474
2201,49372,49394,49483,49452,49384,49414,49491,49470,49383,49474
2202,49372,49394,49483,49452,49384,49414,49491,49470,49383,49474
2203,49372,49394,49483,49452,49384,49414,49491,49470,49383,49474
2204,49372,49394,49483,49452,49384,49414,49491,49470,49383,49474
2205,49372,49394,49483,49452,49384,49414,49491,49470,49383,49474
2206,49372,49394,49483,49452,49384,49414,49491,49470,49383,49474
2207,49372,49394,49483,49452,49384,49414,49491,49470,49383,49474
2208,49372,49394,49483,49452,49384,49414,49491,49470,49383,49474
2209,49372,49394,49483,49452,49384,49414,49491,49470,49383,49474
2210,49372,49394,49483,49452,49384,49414,49491,49470,49383,49474
2211,49372,49394,49483,49452,49384,49414,49491,49470,49383,49474
2212,49372,49394,49483,49452,49384,49414,49491,49470,49383,49474
2213,49372,49394,49483,49452,49384,49414,49491,49470,49383,49474
2214,49372,49394,49484,49452,49384,49414,49491,49470,49383,49474
2215,49372,49394,49484,49452,49384,49414,49491,49470,49383,49474
2216,49372,49394,49484,49452,49384,49414,49491,49470,49383,49474
2217,49372,49394,49484,49452,49384,49414,49491,49470,49383,49474
2218,49372,49394,49484,49452,49384,49414,49491,49470,49383,49474
2219,49372,49394,49484,49452,49384,49414,49491,49470,49383,49474
2220,49372,49394,49484,49452,49384,49414,49491,49470,49383,49474
2221,49372,49394,49484,49452,49384,49414,49491,49470,49383,49474
2222,49372,49394,49484,49452,49384,49414,49491,49470,49383,49474
2223,49372,49394,49484,49452,49384,49414,49491,49470,49383,49474
2224,49372,49394,49484,49452,49384,49414,49491,49470,49383,49474
2225,49372,49394,49484,49452,49384,49414,49491,49470,49383,49474
2226,49372,49394,49484,49452,49384,49414,49491,49470,49383,49474
2227,49372,49394,49484,49452,49384,49414,49491,49470,49383,49474
2228,49372,49394,49484,49452,49384,49414,49491,49470,49383,49474
2229,49372,49394,49484,49452,49384,49414,49491,49470,49383,49474
2230,49372,49394,49484,49452,49384,49414,49491,49470,49383,49474
2231,49372,49394,49484,49452,49384,49414,49491,49470,49383,49474
2232,49372,49394,49484,49452,49384,49414,49491,49470,49383,49474
2233,49372,49394,49484,49452,49384,49414,49491,49470,49383,49474
2234,49372,49394,49484,49452,49384,49414,49491,49470,49383,49474
2235,49372,49394,49484,49452,49384,49414,49491,49470,49383,49474
2236,49372,49394,49494,49452,49384,49414,49491,49470,49383,49474
2237,49372,49394,49494,49452,49384,49414,49491,49470,49383,49474
2238,49372,49394,49494,49452,49384,49414,49491,49470,49383,49474
2239,49372,49394,49494,49452,49384,49414,49491,49470,49383,49474
2240,49372,49394,49494,49452,49384,49414,49491,49470,49383,49474
2241,49372,49394,49494,49452,49384,49414,49491,49470,49383,49474
2242,49372,49394,49494,49452,49384,49414,49491,49470,49383,49474
2243,49372,49394,49494,49452,49384,49414,49491,49470,49383,49474
2244,49372,49394,49494,49452,49384,49414,49491,49470,49383,49474
2245,49372,49394,49494,49452,49384,49414,49491,49470,49383,49474
2246,49372,49394,49494,49452,49384,49414,49491,49470,49383,49474
2247,49372,49394,49494,49452,49384,49414,49491,49470,49383,49474
2248,49372,49394,49494,49452,49384,49414,49491,49470,49383,49474
2249,49372,49394,49494,49452,49384,49414,49491,49470,49383,49474
2250,49372,49394,49494,49452,49384,49414,49491,49470,49383,49474
2251,49372,49394,49494,49452,49384,49414,49491,49470,49383,49474
2252,49391,49394,49494,49452,49384,49414,49491,49470,49383,49474
2253,49391,49394,49494,49452,49384,49414,49491,49470,49383,49474
2254,49392,49394,49494,49452,49384,49414,49491,49470,49383,49474
2255,49392,49394,49494,49452,49384,49414,49491,49470,49383,49474
2256,49392,49394,49494,49452,49384,49414,49491,49470,49383,49474
2257,49392,49394,49494,49452,49384,49414,49491,49470,49383,49474
2258,49392,49394,49494,49452,49384,49414,49491,49470,49383,49474
2259,49392,49394,49494,49452,49384,49414,49491,49470,49383,49474
2260,49392,49394,49494,49452,49384,49414,49491,49470,49383,49474
2261,49392,49394,49494,49452,49384,49414,49491,49470,49383,49474
2262,49392,49394,49494,49452,49384,49414,49491,49470,49383,49474
2263,49392,49394,49494,49452,49384,49414,49491,49470,49383,49474
2264,49392,49394,49494,49452,49384,49414,49491,49470,49383,49474
2265,49392,49394,49494,49452,49384,49414,49491,49470,49383,49474
2266,49392,49394,49494,49452,49384,49414,49491,49470,49383,49474
2267,49392,49394,49494,49452,49384,49414,49491,49470,49383,49474
2268,49392,49394,49494,49452,49384,49414,49491,49470,49383,49474
2269,49392,49394,49494,49452,49384,49414,49491,49470,49383,49474
2270,49392,49394,49494,49452,49384,49414,49491,49470,49383,49474
2271,49392,49394,49494,49452,49384,49414,49491,49470,49383,49474
2272,49392,49394,49494,49452,49384,49414,49491,49470,49383,49474
2273,49392,49394,49494,49452,49384,49414,49491,49470,49383,49474
2274,49392,49394,49494,49452,49384,49414,49491,49470,49383,49474
2275,49392,49394,49494,49452,49384,49414,49491,49470,49383,49474
2276,49392,49394,49494,49452,49384,49414,49491,49470,49383,49474
2277,49392,49394,49494,49452,49384,49414,49491,49470,49383,49474
2278,49392,49394,49494,49452,49384,49414,49491,49470,49383,49474
2279,49392,49394,49494,49452,49384,49414,49491,49470,49383,49474
2280,49392,49394,49494,49452,49384,49414,49491,49470,49383,49474
2281,49392,49394,49494,49452,49384,49414,49491,49470,49383,49474
2282,49392,49394,49494,49452,49384,49414,49491,49470,49383,49474
2283,49392,49394,49494,49452,49384,49414,49491,49470,49383,49474
2284,49392,49394,49494,49452,49384,49414,49491,49470,49383,49474
2285,49392,49394,49494,49452,49384,49414,49491,49470,49383,49474
2286,49392,49394,49494,49452,49384,49414,49491,49470,49383,49474
2287,49392,49394,49494,49452,49384,49414,49491,49470,49383,49474
2288,49392,49394,49494,49452,49384,49414,49491,49470,49383,49474
2289,49392,49394,49494,49452,49384,49414,49491,49470,49383,49474
2290,49392,49394,49494,49452,49384,49414,49491,49470,49383,49474
2291,49392,49394,49494,49452,49384,49414,49491,49470,49383,49474
2292,49392,49394,49494,49452,49384,49414,49491,49470,49383,49474
2293,49392,49394,49494,49452,49384,49414,49491,49470,49383,49474
2294,49392,49394,49494,49452,49384,49414,49491,49470,49383,49474
2295,49392,49394,49494,49452,49384,49414,49491,49470,49383,49474
2296,49392,49394,49494,49452,49384,49414,49491,49470,49383,49474
2297,49392,49394,49494,49452,49384,49414,49491,49470,49383,49474
2298,49392,49394,49494,49452,49384,49414,49491,49470,49383,49474
2299,49392,49394,49494,49452,49384,49414,49491,49470,49383,49474
2300,49392,49394,49494,49452,49384,49414,49491,49470,49383,49474
2301,49392,49394,49494,49452,49384,49414,49491,49470,49383,49474
2302,49392,49394,49494,49452,49384,49414,49491,49470,49383,49474
2303,49392,49394,49494,49452,49384,49414,49491,49470,49383,49474
2304,49392,49394,49494,49452,49384,49414,49491,49470,49383,49474
2305,49392,49394,49494,49452,49384,49414,49491,49470,49383,49474
2306,49392,49394,49494,49452,49384,49414,49491,49470,49383,49474
2307,49392,49394,49494,49452,49384,49414,49491,49470,49383,49474
2308,49392,49394,49494,49452,49384,49414,49491,49470,49383,49474
2309,49392,49394,49494,49452,49384,49414,49491,49470,49383,49474
2310,49392,49394,49494,49452,49384,49414,49491,49470,49383,49474
2311,49392,49394,49494,49452,49384,49414,49491,49470,49383,49474
2312,49392,49394,49494,49452,49384,49414,49491,49470,49383,49474
2313,49392,49394,49494,49452,49384,49414,49491,49470,49383,49474
2314,49392,49394,49494,49452,49384,49414,49491,49470,49383,49474
2315,49392,49394,49494,49452,49384,49414,49491,49470,49383,49474
2316,49392,49394,49494,49452,49384,49414,49491,49470,49383,49474
2317,49392,49394,49494,49452,49384,49414,49491,49470,49383,49474
2318,49392,49394,49494,49452,49384,49414,49491,49470,49383,49474
2319,49392,49394,49494,49452,49384,49414,49491,49470,49383,49474
2320,49392,49394,49494,49452,49384,49414,49491,49470,49383,49474
2321,49392,49394,49494,49452,49384,49414,49491,49470,49383,49474
2322,49392,49394,49494,49452,49384,49414,49491,49470,49383,49474
2323,49392,49394,49494,49452,49384,49414,49491,49470,49383,49474
2324,49392,49394,49494,49452,49384,49414,49491,49470,49383,49474
2325,49392,49394,49494,49452,49384,49414,49491,49470,49383,49474
2326,49392,49394,49494,49452,49384,49414,49491,49470,49383,49474
2327,49392,49394,49494,49452,49384,49414,49491,49470,49383,49474
2328,49392,49394,49494,49452,49384,49414,49491,49470,49383,49474
2329,49392,49394,49494,49452,49384,49414,49491,49470,49383,49474
2330,49392,49394,49494,49452,49384,49414,49491,49470,49383,49474
2331,49392,49394,49494,49452,49384,49414,49491,49470,49383,49474
2332,49392,49394,49494,49452,49384,49414,49491,49470,49383,49474
2333,49392,49394,49494,49452,49384,49414,49491,49470,49383,49474
2334,49392,49394,49494,49452,49384,49414,49491,49470,49383,49474
2335,49392,49394,49494,49452,49384,49414,49491,49470,49383,49474
2336,49392,49394,49494,49452,49384,49414,49491,49470,49383,49474
2337,49392,49394,49494,49452,49384,49414,49491,49470,49383,49474
2338,49392,49394,49494,49452,49384,49414,49491,49470,49383,49474
2339,49392,49394,49494,49452,49384,49414,49491,49470,49383,49474
2340,49392,49394,49494,49452,49384,49414,49491,49470,49383,49474
2341,49392,49394,49494,49452,49384,49414,49491,49470,49383,49474
2342,49392,49394,49494,49452,49384,49414,49491,49470,49383,49474
2343,49392,49394,49494,49452,49384,49414,49491,49470,49383,49474
2344,49392,49394,49494,49452,49384,49414,49491,49470,49383,49474
2345,49392,49394,49494,49452,49384,49414,49491,49470,49383,49474
2346,49392,49404,49494,49452,49384,49414,49491,49470,49383,49474
2347,49392,49404,49494,49452,49384,49414,49491,49470,49383,49474
2348,49392,49404,49494,49452,49384,49414,49491,49470,49383,49474
2349,49392,49404,49494,49452,49384,49414,49491,49470,49383,49474
2350,49392,49404,49494,49452,49384,49414,49491,49470,49383,49474
2351,49392,49404,49494,49452,49384,49414,49491,49470,49383,49474
2352,49392,49404,49494,49452,49384,49414,49491,49470,49383,49474
2353,49392,49404,49494,49452,49384,49414,49491,49470,49383,49474
2354,49392,49404,49494,49452,49384,49414,49491,49470,49383,49474
2355,49392,49404,49494,49452,49384,49414,49491,49470,49383,49474
2356,49392,49404,49494,49452,49384,49414,49491,49470,49383,49474
2357,49392,49404,49494,49452,49384,49414,49491,49470,49383,49474
2358,49392,49404,49494,49452,49384,49414,49491,49470,49383,49474
2359,49392,49404,49494,49452,49384,49414,49491,49470,49383,49474
2360,49392,49404,49494,49452,49384,49414,49491,49470,49383,49474
2361,49392,49404,49494,49452,49384,49414,49491,49470,49383,49474
2362,49392,49404,49494,49452,49384,49414,49491,49470,49383,49474
2363,49392,49404,49494,49452,49384,49414,49491,49470,49383,49474
2364,49392,49404,49494,49452,49384,49414,49491,49470,49383,49474
2365,49392,49404,49494,49452,49384,49414,49491,49470,49383,49474
2366,49392,49404,49494,49452,49384,49414,49491,49470,49383,49474
2367,49392,49404,49494,49452,49384,49414,49491,49470,49383,49474
2368,49392,49404,49494,49452,49384,49414,49491,49470,49383,49474
2369,49392,49404,49494,49452,49384,49414,49491,49470,49383,49474
2370,49392,49404,49494,49452,49384,49414,49491,49470,49383,49474
2371,49392,49404,49494,49452,49389,49414,49491,49470,49383,49474
2372,49392,49404,49494,49452,49389,49414,49491,49470,49383,49474
2373,49392,49404,49494,49452,49389,49414,49491,49470,49383,49474
2374,49392,49404,49494,49452,49389,49414,49491,49470,49383,49474
2375,49392,49404,49494,49452,49389,49414,49491,49470,49383,49474
2376,49392,49404,49494,49452,49389,49414,49491,49470,49383,49474
2377,49392,49404,49494,49452,49389,49414,49491,49470,49383,49474
2378,49392,49404,49494,49452,49389,49414,49491,49470,49383,49474
2379,49392,49404,49494,49452,49389,49414,49491,49470,49383,49474
2380,49392,49404,49494,49452,49389,49414,49491,49470,49383,49474
2381,49392,49404,49494,49452,49389,49414,49491,49470,49383,49474
2382,49392,49404,49494,49452,49389,49414,49491,49470,49383,49474
2383,49392,49404,49494,49452,49389,49414,49491,49470,49383,49474
2384,49392,49404,49494,49452,49389,49414,49491,49470,49383,49474
2385,49392,49404,49494,49452,49389,49414,49491,49470,49383,49474
2386,49392,49404,49494,49452,49389,49414,49491,49470,49383,49474
2387,49392,49404,49494,49452,49389,49414,49491,49470,49383,49474
2388,49392,49404,49494,49452,49389,49414,49491,49470,49383,49474
2389,49392,49404,49494,49452,49389,49414,49491,49470,49383,49474
2390,49392,49404,49494,49452,49389,49414,49491,49470,49383,49474
2391,49392,49404,49494,49452,49389,49414,49491,49470,49383,49474
2392,49392,49404,49494,49452,49389,49414,49491,49470,49383,49474
2393,49392,49404,49494,49452,49389,49414,49491,49470,49383,49474
2394,49392,49404,49494,49452,49389,49414,49491,49470,49383,49474
2395,49392,49404,49494,49452,49389,49414,49491,49470,49383,49474
2396,49392,49404,49494,49452,49389,49414,49491,49470,49383,49474
2397,49392,49404,49494,49452,49389,49414,49491,49470,49383,49474
2398,49392,49404,49494,49452,49389,49414,49491,49470,49383,49474
2399,49392,49404,49494,49452,49389,49414,49491,49470,49383,49474
2400,49392,49404,49494,49452,49389,49414,49491,49470,49383,49474
2401,49392,49404,49494,49452,49389,49414,49491,49470,49383,49474
2402,49392,49404,49494,49452,49389,49414,49491,49470,49383,49474
2403,49392,49404,49494,49452,49389,49414,49491,49470,49383,49474
2404,49392,49404,49494,49452,49389,49414,49491,49470,49383,49474
2405,49392,49404,49494,49452,49389,49414,49491,49470,49383,49474
2406,49392,49404,49494,49452,49389,49414,49491,49470,49383,49474
2407,49392,49404,49494,49452,49389,49414,49491,49470,49383,49474
2408,49392,49404,49494,49452,49389,49414,49491,49470,49383,49474
2409,49392,49404,49494,49452,49389,49414,49491,49470,49383,49474
2410,49392,49404,49494,49452,49389,49414,49491,49470,49383,49474
2411,49392,49404,49494,49452,49389,49414,49491,49470,49383,49474
2412,49392,49404,49494,49452,49389,49414,49491,49470,49383,49474
2413,49392,49404,49494,49452,49389,49414,49491,49470,49383,49474
2414,49392,49404,49494,49452,49389,49414,49491,49470,49383,49474
2415,49392,49404,49494,49452,49389,49414,49491,49470,49383,49474
2416,49392,49404,49494,49452,49389,49414,49491,49470,49383,49474
2417,49392,49404,49494,49452,49389,49414,49491,49470,49383,49474
2418,49392,49404,49494,49452,49389,49414,49491,49470,49383,49474
2419,49392,49404,49494,49452,49389,49414,49491,49470,49383,49474
2420,49392,49404,49494,49452,49389,49414,49491,49470,49383,49474
2421,49392,49404,49494,49452,49389,49414,49491,49470,49383,49474
2422,49392,49404,49494,49452,49389,49414,49491,49470,49383,49474
2423,49392,49404,49494,49452,49389,49414,49491,49470,49383,49474
2424,49392,49404,49494,49452,49389,49414,49491,49470,49383,49474
2425,49392,49404,49494,49452,49389,49414,49491,49470,49383,49474
2426,49392,49404,49494,49452,49389,49414,49491,49470,49383,49474
2427,49392,49404,49494,49452,49389,49414,49491,49470,49383,49474
2428,49392,49404,49494,49452,49389,49414,49491,49470,49383,49474
2429,49392,49404,49494,49452,49389,49414,49491,49470,49383,49474
2430,49392,49404,49494,49452,49389,49414,49491,49470,49383,49474
2431,49392,49404,49494,49452,49389,49414,49491,49470,49383,49474
2432,49392,49404,49494,49452,49389,49414,49491,49470,49383,49474
2433,49392,49404,49494,49452,49389,49414,49491,49470,49383,49474
2434,49392,49404,49494,49452,49389,49414,49491,49470,49383,49474
2435,49392,49404,49494,49452,49389,49414,49491,49470,49383,49474
2436,49392,49404,49494,49452,49389,49414,49491,49470,49383,49474
2437,49392,49404,49494,49452,49389,49414,49491,49470,49383,49474
2438,49392,49404,49494,49452,49389,49414,49491,49470,49383,49474
2439,49392,49404,49494,49452,49389,49414,49491,49470,49383,49474
2440,49392,49404,49494,49452,49389,49414,49491,49470,49383,49474
2441,49392,49404,49494,49452,49389,49414,49491,49470,49383,49474
2442,49392,49404,49494,49452,49389,49414,49491,49470,49383,49474
2443,49392,49404,49494,49452,49389,49414,49491,49470,49383,49474
2444,49392,49410,49494,49452,49389,49414,49491,49470,49383,49474
2445,49392,49410,49494,49452,49389,49414,49491,49470,49383,49474
2446,49392,49410,49494,49452,49389,49414,49491,49470,49383,49474
2447,49392,49410,49494,49452,49389,49414,49491,49470,49383,49474
2448,49392,49410,49494,49452,49389,49414,49491,49470,49383,49474
2449,49392,49410,49494,49452,49389,49414,49491,49470,49383,49474
2450,49392,49410,49494,49452,49389,49414,49491,49470,49383,49474
2451,49392,49410,49494,49452,49389,49414,49491,49470,49383,49474
2452,49392,49410,49494,49452,49389,49414,49491,49470,49383,49474
2453,49392,49410,49494,49452,49389,49414,49491,49470,49383,49474
2454,49392,49410,49494,49452,49389,49414,49491,49470,49383,49474
2455,49392,49410,49494,49452,49389,49414,49491,49470,49383,49474
2456,49392,49410,49494,49452,49389,49414,49491,49470,49383,49474
2457,49392,49410,49494,49452,49389,49414,49491,49470,49383,49474
2458,49392,49410,49494,49452,49389,49414,49491,49470,49383,49474
2459,49392,49410,49494,49452,49389,49414,49491,49470,49383,49474
2460,49392,49410,49494,49452,49389,49414,49491,49470,49383,49474
2461,49392,49410,49494,49452,49389,49414,49491,49470,49383,49474
2462,49392,49410,49494,49452,49389,49414,49491,49470,49383,49474
2463,49392,49410,49494,49452,49389,49414,49491,49470,49383,49474
2464,49392,49410,49494,49452,49389,49414,49491,49470,49383,49474
2465,49392,49410,49494,49452,49389,49414,49491,49470,49383,49474
2466,49392,49410,49494,49452,49389,49414,49491,49470,49383,49474
2467,49392,49410,49494,49452,49389,49414,49491,49470,49383,49474
2468,49392,49410,49504,49452,49389,49414,49491,49470,49383,49474
2469,49392,49410,49504,49452,49389,49414,49491,49470,49383,49474
2470,49392,49410,49504,49452,49389,49414,49491,49470,49383,49474
2471,49392,49410,49504,49452,49389,49414,49491,49470,49383,49474
2472,49392,49410,49504,49452,49389,49414,49491,49470,49383,49474
2473,49392,49410,49504,49452,49389,49414,49491,49470,49383,49474
2474,49392,49410,49504,49452,49389,49414,49491,49470,49383,49474
2475,49392,49410,49504,49452,49389,49414,49491,49470,49383,49474
2476,49392,49410,49504,49452,49389,49414,49491,49470,49383,49474
2477,49392,49410,49504,49452,49389,49414,49491,49470,49383,49474
2478,49392,49410,49504,49452,49389,49414,49491,49470,49383,49474
2479,49392,49410,49504,49452,49389,49414,49491,49470,49383,49474
2480,49392,49410,49504,49452,49389,49414,49491,49470,49383,49474
2481,49392,49410,49504,49452,49389,49414,49491,49470,49383,49474
2482,49392,49410,49504,49452,49389,49414,49491,49470,49383,49474
2483,49392,49410,49504,49452,49389,49414,49491,49470,49383,49474
2484,49392,49410,49504,49452,49389,49414,49491,49470,49383,49474
2485,49392,49410,49504,49452,49389,49414,49491,49470,49383,49474
2486,49392,49410,49504,49452,49389,49414,49491,49470,49383,49474
2487,49392,49410,49504,49452,49389,49414,49491,49470,49383,49474
2488,49392,49410,49504,49452,49389,49414,49491,49470,49383,49474
2489,49392,49410,49504,49452,49389,49414,49491,49470,49383,49474
2490,49392,49410,49504,49452,49389,49414,49491,49470,49383,49474
2491,49392,49410,49504,49452,49389,49414,49491,49470,49383,49474
2492,49392,49410,49504,49452,49389,49414,49491,49470,49383,49474
2493,49392,49410,49504,49452,49389,49414,49491,49470,49383,49474
2494,49392,49410,49504,49452,49389,49414,49491,49470,49383,49474
2495,49392,49410,49504,49452,49389,49414,49491,49470,49383,49474
2496,49392,49410,49504,49452,49389,49414,49491,49470,49383,49474
2497,49392,49410,49504,49452,49389,49414,49491,49470,49383,49474
2498,49392,49410,49504,49452,49389,49414,49491,49470,49383,49474
2499,49392,49410,49504,49452,49389,49414,49491,49470,49383,49474
2500,49392,49410,49504,49452,49389,49414,49491,49470,49383,49474
2501,49392,49410,49504,49452,49389,49414,49491,49470,49383,49474
2502,49392,49410,49504,49452,49394,49414,49491,49470,49383,49474
2503,49392,49410,49504,49452,49394,49414,49491,49470,49383,49474
2504,49392,49410,49504,49452,49394,49414,49491,49470,49383,49474
2505,49392,49410,49504,49452,49394,49414,49491,49470,49383,49474
2506,49392,49410,49504,49452,49394,49414,49491,49470,49383,49474
2507,49392,49410,49504,49452,49394,49414,49491,49470,49383,49474
2508,49392,49412,49504,49452,49394,49414,49491,49470,49383,49474
2509,49392,49412,49504,49452,49394,49414,49491,49470,49383,49474
2510,49392,49412,49504,49452,49394,49414,49491,49470,49383,49474
2511,49392,49412,49504,49452,49394,49414,49491,49470,49383,49474
2512,49392,49412,49504,49452,49394,49414,49491,49470,49383,49474
2513,49392,49412,49504,49452,49394,49414,49491,49470,49383,49474
2514,49392,49412,49504,49452,49394,49414,49491,49470,49383,49474
2515,49392,49412,49504,49452,49394,49414,49491,49470,49383,49474
2516,49392,49412,49504,49452,49394,49414,49491,49470,49383,49474
2517,49392,49412,49504,49452,49394,49414,49491,49470,49383,49474
2518,49392,49412,49504,49452,49394,49414,49491,49470,49383,49474
2519,49392,49412,49504,49452,49394,49414,49491,49470,49383,49474
2520,49392,49412,49504,49452,49394,49414,49491,49470,49383,49474
2521,49392,49412,49504,49452,49394,49414,49491,49470,49383,49474
2522,49392,49412,49504,49452,49394,49414,49491,49470,49383,49474
2523,49392,49412,49504,49452,49394,49414,49491,49470,49383,49474
2524,49392,49412,49504,49452,49394,49414,49491,49470,49383,49474
2525,49392,49412,49504,49452,49394,49414,49491,49470,49383,49474
2526,49392,49414,49504,49452,49394,49414,49491,49470,49383,49474
2527,49392,49414,49504,49452,49394,49414,49491,49470,49383,49474
2528,49392,49414,49504,49452,49394,49414,49491,49470,49383,49474
2529,49392,49414,49504,49452,49394,49414,49491,49470,49383,49474
2530,49392,49414,49504,49452,49394,49414,49491,49470,49383,49474
2531,49392,49414,49504,49452,49394,49414,49491,49470,49383,49474
2532,49392,49414,49504,49452,49394,49414,49491,49470,49383,49474
2533,49392,49414,49504,49452,49394,49414,49491,49470,49383,49474
2534,49392,49414,49504,49452,49394,49414,49491,49470,49383,49474
2535,49392,49414,49504,49452,49394,49414,49491,49470,49383,49474
2536,49392,49414,49504,49452,49394,49414,49491,49470,49383,49474
2537,49392,49414,49504,49452,49394,49414,49491,49470,49383,49474
2538,49392,49414,49504,49452,49394,49414,49491,49470,49383,49474
2539,49392,49414,49504,49452,49394,49414,49491,49470,49383,49474
2540,49392,49414,49504,49452,49394,49414,49491,49470,49383,49474
2541,49392,49414,49504,49452,49394,49414,49491,49470,49383,49474
2542,49392,49414,49504,49452,49394,49414,49491,49470,49383,49474
2543,49392,49414,49504,49452,49394,49414,49491,49470,49383,49474
2544,49392,49414,49504,49452,49394,49414,49491,49470,49383,49474
2545,49392,49414,49504,49452,49394,49414,49491,49470,49383,49474
2546,49392,49414,49504,49452,49394,49414,49491,49470,49383,49474
2547,49392,49414,49504,49452,49394,49414,49491,49470,49383,49474
2548,49392,49414,49504,49452,49394,49414,49491,49470,49383,49474
2549,49392,49414,49504,49452,49394,49414,49491,49470,49383,49474
2550,49392,49414,49504,49452,49394,49414,49491,49470,49383,49474
2551,49392,49414,49504,49452,49394,49414,49491,49470,49383,49474
2552,49392,49414,49504,49452,49394,49414,49491,49470,49383,49474
2553,49392,49414,49504,49452,49394,49414,49491,49470,49383,49474
2554,49392,49414,49504,49452,49394,49414,49491,49470,49383,49474
2555,49392,49414,49504,49452,49394,49414,49491,49470,49383,49474
2556,49392,49414,49504,49452,49394,49414,49491,49470,49383,49474
2557,49392,49414,49504,49452,49394,49414,49491,49470,49383,49474
2558,49392,49414,49504,49452,49400,49414,49491,49470,49383,49474
2559,49392,49414,49504,49452,49400,49414,49491,49470,49383,49474
2560,49392,49414,49504,49452,49400,49414,49491,49470,49383,49474
2561,49392,49414,49504,49452,49400,49414,49491,49470,49383,49474
2562,49392,49414,49504,49452,49400,49414,49491,49470,49383,49474
2563,49392,49414,49504,49452,49400,49414,49491,49470,49383,49474
2564,49392,49414,49504,49452,49400,49414,49491,49470,49383,49474
2565,49392,49414,49504,49452,49400,49414,49491,49470,49383,49474
2566,49392,49414,49504,49452,49400,49414,49491,49470,49383,49474
2567,49392,49414,49504,49452,49400,49414,49491,49470,49383,49474
2568,49392,49414,49504,49452,49400,49414,49491,49470,49383,49474
2569,49392,49414,49504,49452,49400,49414,49491,49470,49383,49474
2570,49392,49414,49504,49452,49400,49414,49491,49470,49383,49474
2571,49392,49414,49504,49452,49400,49414,49491,49470,49383,49474
2572,49392,49414,49504,49452,49400,49414,49491,49470,49383,49474
2573,49392,49414,49504,49452,49400,49414,49491,49470,49383,49474
2574,49392,49414,49504,49452,49400,49414,49491,49470,49383,49474
2575,49392,49414,49504,49452,49401,49414,49491,49470,49383,49474
2576,49392,49414,49504,49452,49401,49414,49491,49470,49383,49474
2577,49392,49414,49504,49452,49401,49414,49491,49470,49383,49474
2578,49392,49414,49504,49452,49401,49414,49491,49470,49383,49474
2579,49392,49414,49504,49452,49401,49414,49491,49470,49383,49474
2580,49392,49414,49504,49452,49401,49414,49491,49470,49383,49474
2581,49392,49414,49504,49452,49401,49414,49491,49470,49383,49474
2582,49392,49414,49504,49452,49401,49414,49491,49470,49383,49474
2583,49392,49414,49504,49452,49401,49414,49491,49470,49383,49474
2584,49392,49414,49504,49452,49401,49414,49491,49470,49383,49474
2585,49392,49414,49504,49452,49401,49414,49491,49470,49383,49474
2586,49392,49414,49504,49452,49401,49414,49491,49470,49383,49474
2587,49392,49414,49504,49452,49401,49414,49491,49470,49383,49474
2588,49392,49414,49504,49452,49401,49414,49491,49470,49383,49474
2589,49392,49414,49504,49452,49401,49414,49491,49470,49383,49474
2590,49392,49414,49504,49452,49401,49414,49491,49470,49383,49474
2591,49392,49414,49504,49452,49401,49414,49491,49470,49383,49474
2592,49392,49414,49504,49452,49401,49414,49491,49470,49383,49474
2593,49392,49414,49504,49452,49401,49414,49491,49470,49383,49474
2594,49392,49414,49504,49452,49401,49414,49491,49470,49383,49474
2595,49392,49414,49504,49452,49401,49414,49491,49470,49383,49474
2596,49392,49414,49504,49452,49401,49414,49491,49470,49383,49474
2597,49392,49414,49504,49452,49401,49414,49491,49470,49383,49474
2598,49392,49414,49504,49452,49401,49414,49491,49470,49383,49474
2599,49392,49414,49504,49452,49401,49414,49491,49470,49383,49474
2600,49392,49414,49504,49452,49401,49414,49491,49470,49383,49474
2601,49392,49414,49504,49452,49401,49414,49491,49470,49383,49474
2602,49392,49414,49504,49452,49401,49414,49491,49470,49383,49474
2603,49392,49414,49504,49452,49401,49414,49491,49470,49383,49474
2604,49392,49414,49504,49452,49401,49414,49491,49470,49383,49474
2605,49392,49414,49504,49452,49401,49414,49491,49470,49383,49474
2606,49392,49414,49504,49452,49401,49414,49491,49470,49383,49474
2607,49392,49414,49504,49452,49401,49414,49491,49470,49383,49474
2608,49392,49414,49504,49452,49401,49414,49491,49470,49383,49474
2609,49392,49414,49504,49452,49401,49414,49491,49470,49383,49474
2610,49392,49429,49504,49452,49401,49414,49491,49470,49383,49474
2611,49392,49429,49504,49452,49401,49414,49491,49470,49383,49474
2612,49392,49429,49504,49452,49401,49414,49491,49470,49383,49474
2613,49392,49429,49504,49452,49401,49414,49491,49470,49383,49474
2614,49392,49429,49504,49452,49401,49414,49491,49470,49383,49474
2615,49392,49429,49504,49452,49401,49414,49491,49470,49383,49474
2616,49392,49429,49504,49452,49401,49414,49491,49470,49383,49474
2617,49392,49429,49504,49452,49401,49414,49491,49470,49383,49474
2618,49392,49429,49504,49452,49401,49414,49491,49470,49383,49474
2619,49392,49429,49504,49452,49401,49414,49491,49470,49383,49474
2620,49392,49429,49504,49452,49401,49414,49491,49470,49383,49474
2621,49392,49429,49504,49452,49401,49414,49491,49470,49383,49474
2622,49392,49429,49504,49452,49403,49414,49491,49470,49383,49474
2623,49392,49429,49504,49452,49403,49414,49491,49470,49383,49474
2624,49392,49429,49504,49452,49404,49414,49491,49470,49383,49474
2625,49392,49429,49504,49452,49404,49414,49491,49470,49383,49474
2626,49392,49429,49504,49452,49404,49414,49491,49470,49383,49474
2627,49392,49429,49504,49452,49404,49414,49491,49470,49383,49474
2628,49392,49429,49504,49452,49404,49414,49491,49470,49383,49474
2629,49392,49429,49504,49452,49404,49414,49491,49470,49383,49474
2630,49392,49429,49504,49452,49404,49414,49491,49470,49383,49474
2631,49392,49429,49504,49452,49404,49414,49491,49470,49383,49474
2632,49392,49429,49504,49452,49404,49414,49491,49470,49383,49474
2633,49392,49429,49504,49452,49404,49414,49491,49470,49383,49474
2634,49392,49429,49504,49452,49404,49414,49491,49470,49383,49474
2635,49392,49429,49504,49452,49404,49414,49491,49470,49383,49474
2636,49392,49429,49504,49452,49404,49414,49491,49470,49383,49474
2637,49392,49429,49504,49452,49404,49414,49491,49470,49383,49474
2638,49392,49429,49504,49452,49404,49414,49491,49470,49383,49474
2639,49392,49429,49504,49452,49404,49414,49491,49470,49383,49474
2640,49392,49429,49504,49452,49404,49414,49491,49470,49383,49474
2641,49392,49429,49504,49452,49404,49414,49491,49470,49383,49474
2642,49392,49429,49504,49452,49404,49414,49491,49470,49383,49474
2643,49392,49429,49504,49452,49404,49414,49491,49470,49383,49474
2644,49392,49429,49504,49452,49404,49414,49491,49470,49383,49474
2645,49392,49429,49504,49452,49404,49414,49491,49470,49383,49474
2646,49392,49429,49504,49452,49404,49414,49491,49470,49383,49474
2647,49392,49429,49504,49452,49404,49414,49491,49470,49383,49474
2648,49392,49429,49504,49452,49404,49414,49491,49470,49383,49474
2649,49392,49429,49504,49452,49404,49414,49491,49470,49383,49474
2650,49392,49429,49504,49452,49404,49414,49491,49470,49383,49474
2651,49392,49429,49504,49452,49404,49414,49491,49470,49383,49474
2652,49392,49429,49504,49452,49404,49414,49491,49470,49383,49474
2653,49392,49429,49504,49452,49404,49414,49491,49470,49383,49474
2654,49392,49429,49504,49452,49404,49414,49491,49470,49383,49474
2655,49392,49429,49504,49452,49404,49414,49491,49470,49383,49474
2656,49392,49429,49504,49452,49404,49414,49491,49470,49383,49474
2657,49392,49429,49504,49452,49404,49414,49491,49470,49383,49474
2658,49392,49429,49504,49452,49404,49414,49491,49470,49383,49474
2659,49392,49429,49504,49452,49404,49414,49491,49470,49383,49474
2660,49392,49429,49504,49452,49404,49414,49491,49470,49383,49474
2661,49392,49429,49504,49452,49404,49414,49491,49470,49383,49474
2662,49392,49429,49504,49452,49404,49414,49491,49470,49383,49474
2663,49392,49429,49504,49452,49404,49414,49491,49470,49383,49474
2664,49392,49429,49504,49452,49404,49414,49491,49470,49383,49474
2665,49392,49429,49504,49452,49404,49414,49491,49470,49383,49474
2666,49392,49429,49504,49452,49404,49414,49491,49470,49383,49474
2667,49392,49429,49504,49452,49404,49414,49491,49470,49383,49474
2668,49392,49429,49504,49452,49404,49414,49491,49470,49383,49474
2669,49392,49429,49504,49452,49404,49414,49491,49470,49383,49474
2670,49392,49429,49504,49452,49404,49414,49491,49470,49383,49474
2671,49392,49429,49504,49452,49404,49414,49491,49470,49383,49474
2672,49392,49429,49504,49452,49404,49414,49491,49470,49383,49474
2673,49392,49429,49504,49452,49404,49414,49491,49470,49383,49474
2674,49392,49429,49504,49452,49404,49414,49491,49470,49383,49474
2675,49392,49429,49504,49452,49404,49414,49491,49470,49383,49474
2676,49392,49429,49504,49452,49404,49414,49491,49470,49383,49474
2677,49392,49429,49504,49452,49404,49414,49491,49470,49383,49474
2678,49392,49429,49504,49452,49404,49414,49491,49470,49383,49474
2679,49392,49429,49504,49452,49404,49414,49491,49470,49383,49474
2680,49392,49429,49504,49452,49404,49414,49491,49470,49383,49474
2681,49392,49429,49504,49452,49404,49414,49491,49470,49383,49474
2682,49392,49429,49504,49452,49404,49414,49491,49470,49383,49474
2683,49392,49429,49504,49452,49404,49414,49491,49470,49383,49474
2684,49392,49429,49504,49452,49404,49414,49491,49470,49383,49474
2685,49392,49429,49504,49452,49404,49414,49491,49470,49383,49474
2686,49392,49429,49504,49452,49404,49414,49491,49470,49383,49474
2687,49392,49429,49504,49452,49404,49414,49491,49470,49383,49474
2688,49392,49429,49504,49452,49404,49414,49491,49470,49383,49474
2689,49392,49429,49504,49452,49404,49414,49491,49470,49383,49474
2690,49392,49429,49504,49452,49404,49414,49491,49470,49383,49474
2691,49392,49429,49504,49452,49404,49414,49491,49470,49383,49474
2692,49392,49429,49504,49452,49404,49414,49491,49470,49383,49474
2693,49392,49429,49504,49452,49404,49414,49491,49470,49383,49474
2694,49392,49429,49504,49452,49404,49414,49491,49470,49383,49474
2695,49392,49429,49504,49452,49404,49414,49491,49470,49383,49474
2696,49392,49429,49504,49452,49404,49414,49491,49470,49383,49474
2697,49392,49429,49504,49452,49404,49414,49491,49470,49383,49474
2698,49392,49429,49504,49452,49404,49414,49491,49470,49383,49474
2699,49392,49429,49504,49452,49404,49414,49491,49470,49383,49474
2700,49392,49429,49504,49452,49404,49414,49491,49470,49383,49474
2701,49392,49429,49504,49452,49404,49414,49491,49470,49383,49474
2702,49392,49429,49504,49452,49404,49414,49491,49470,49383,49474
2703,49392,49429,49504,49452,49404,49414,49491,49470,49383,49474
2704,49392,49429,49504,49452,49404,49414,49491,49470,49383,49474
2705,49392,49429,49504,49452,49404,49414,49491,49470,49383,49474
2706,49392,49429,49504,49452,49404,49414,49491,49470,49383,49474
2707,49392,49429,49504,49452,49404,49414,49491,49470,49383,49474
2708,49392,49429,49504,49452,49404,49414,49491,49470,49383,49474
2709,49392,49429,49504,49452,49404,49414,49491,49470,49383,49474
2710,49392,49429,49504,49452,49404,49414,49491,49470,49383,49474
2711,49392,49429,49504,49452,49404,49414,49491,49470,49383,49474
2712,49392,49429,49504,49452,49404,49414,49491,49470,49383,49474
2713,49392,49429,49504,49452,49404,49414,49491,49470,49383,49474
2714,49392,49429,49504,49452,49404,49414,49491,49470,49383,49474
2715,49392,49429,49504,49452,49404,49414,49491,49470,49383,49474
2716,49392,49429,49504,49452,49404,49414,49491,49470,49383,49474
2717,49392,49429,49504,49452,49404,49414,49491,49470,49383,49474
2718,49392,49429,49504,49452,49404,49414,49491,49470,49383,49474
2719,49392,49429,49504,49452,49404,49414,49491,49470,49383,49474
2720,49392,49429,49504,49452,49404,49414,49491,49470,49383,49474
2721,49392,49429,49504,49452,49404,49414,49491,49470,49383,49474
2722,49392,49429,49504,49452,49404,49414,49491,49470,49383,49474
2723,49392,49429,49504,49452,49404,49414,49491,49470,49383,49474
2724,49392,49432,49504,49452,49404,49414,49491,49470,49383,49474
2725,49392,49432,49504,49452,49404,49414,49491,49470,49383,49474
2726,49392,49432,49504,49452,49404,49414,49491,49470,49383,49474
2727,49392,49432,49504,49452,49404,49414,49491,49470,49383,49474
2728,49392,49432,49504,49452,49404,49414,49491,49470,49383,49474
2729,49392,49432,49504,49452,49404,49414,49491,49470,49383,49474
2730,49392,49432,49504,49452,49404,49414,49491,49470,49383,49474
2731,49392,49432,49504,49452,49404,49414,49491,49470,49383,49474
2732,49392,49432,49504,49452,49404,49414,49491,49470,49383,49474
2733,49392,49432,49504,49452,49404,49414,49491,49470,49383,49474
2734,49392,49432,49504,49452,49404,49414,49491,49470,49383,49474
2735,49392,49432,49504,49452,49404,49414,49491,49470,49383,49474
2736,49392,49432,49504,49452,49404,49414,49491,49470,49383,49474
2737,49392,49432,49504,49452,49404,49414,49491,49470,49383,49474
2738,49392,49432,49504,49452,49404,49414,49491,49470,49383,49474
2739,49392,49432,49504,49452,49404,49414,49491,49470,49383,49474
2740,49392,49432,49504,49452,49404,49414,49491,49470,49383,49474
2741,49392,49432,49504,49452,49404,49414,49491,49470,49383,49474
2742,49392,49432,49504,49452,49404,49414,49491,49470,49383,49474
2743,49392,49432,49504,49452,49404,49414,49491,49470,49383,49474
2744,49392,49432,49504,49452,49404,49414,49491,49470,49383,49474
2745,49392,49432,49504,49452,49404,49414,49491,49470,49383,49474
2746,49392,49432,49504,49452,49404,49414,49491,49470,49383,49474
2747,49392,49432,49504,49452,49404,49414,49491,49470,49383,49474
2748,49392,49432,49504,49452,49404,49414,49491,49470,49383,49474
2749,49392,49432,49504,49452,49404,49414,49491,49470,49383,49474
2750,49392,49432,49504,49452,49404,49414,49491,49470,49383,49474
2751,49392,49432,49504,49452,49404,49414,49491,49470,49383,49474
2752,49392,49432,49504,49452,49404,49414,49491,49470,49383,49474
2753,49392,49432,49504,49452,49404,49414,49491,49470,49383,49474
2754,49392,49432,49504,49452,49404,49414,49491,49470,49383,49474
2755,49392,49432,49504,49452,49404,49414,49491,49470,49383,49474
2756,49392,49432,49504,49452,49404,49414,49491,49470,49383,49474
2757,49392,49432,49504,49452,49404,49414,49491,49470,49383,49474
2758,49392,49432,49504,49452,49404,49414,49491,49470,49383,49474
2759,49392,49432,49504,49452,49404,49414,49491,49470,49383,49474
2760,49392,49432,49504,49452,49404,49414,49491,49470,49383,49474
2761,49392,49432,49504,49452,49404,49414,49491,49470,49383,49474
2762,49392,49432,49504,49452,49404,49414,49491,49470,49383,49474
2763,49392,49432,49504,49452,49404,49414,49491,49470,49383,49474
2764,49392,49432,49504,49452,49404,49414,49491,49470,49383,49474
2765,49392,49432,49504,49452,49404,49414,49491,49470,49383,49474
2766,49392,49432,49504,49452,49404,49414,49491,49470,49383,49474
2767,49392,49432,49504,49452,49404,49414,49491,49470,49383,49474
2768,49392,49432,49504,49452,49404,49414,49491,49470,49383,49474
2769,49392,49432,49504,49452,49404,49414,49491,49470,49383,49474
2770,49392,49432,49504,49452,49404,49414,49491,49470,49383,49474
2771,49392,49432,49504,49452,49404,49414,49491,49470,49383,49474
2772,49392,49432,49504,49452,49404,49414,49491,49470,49383,49474
2773,49392,49432,49504,49452,49404,49414,49491,49470,49383,49474
2774,49392,49432,49504,49452,49404,49414,49491,49470,49383,49474
2775,49392,49432,49504,49452,49404,49414,49491,49470,49383,49474
2776,49392,49432,49504,49452,49404,49414,49491,49470,49383,49474
2777,49392,49432,49504,49452,49404,49414,49491,49470,49383,49474
2778,49392,49432,49504,49452,49404,49414,49491,49470,49383,49474
2779,49392,49432,49504,49452,49404,49414,49491,49470,49383,49474
2780,49392,49432,49504,49452,49404,49414,49491,49470,49383,49474
2781,49392,49432,49504,49452,49404,49414,49491,49470,49383,49474
2782,49392,49432,49504,49452,49404,49414,49491,49470,49383,49474
2783,49392,49432,49504,49452,49404,49414,49491,49470,49383,49474
2784,49392,49432,49504,49452,49404,49414,49491,49470,49383,49474
2785,49392,49432,49504,49452,49404,49414,49491,49470,49383,49474
2786,49392,49432,49504,49452,49404,49414,49491,49470,49383,49474
2787,49392,49432,49504,49452,49404,49414,49491,49470,49383,49474
2788,49392,49432,49504,49452,49404,49414,49491,49470,49383,49474
2789,49392,49432,49504,49452,49404,49414,49491,49470,49383,49474
2790,49392,49432,49504,49452,49404,49414,49491,49470,49383,49474
2791,49392,49432,49504,49452,49404,49414,49491,49470,49383,49474
2792,49392,49432,49504,49452,49404,49414,49491,49470,49383,49474
2793,49392,49432,49504,49452,49404,49414,49491,49470,49383,49474
2794,49392,49432,49504,49452,49404,49414,49491,49470,49383,49474
2795,49392,49432,49504,49452,49404,49414,49491,49470,49383,49474
2796,49392,49432,49504,49452,49404,49414,49491,49470,49383,49474
2797,49392,49432,49504,49452,49404,49414,49491,49470,49383,49474
2798,49392,49432,49504,49452,49404,49414,49491,49470,49383,49474
2799,49392,49432,49504,49452,49404,49414,49491,49470,49383,49474
2800,49392,49432,49504,49452,49404,49414,49491,49470,49383,49474
2801,49392,49432,49504,49452,49404,49414,49491,49470,49383,49474
2802,49392,49432,49504,49452,49404,49414,49491,49470,49383,49474
2803,49392,49432,49504,49452,49404,49414,49491,49470,49383,49474
2804,49392,49432,49504,49452,49404,49414,49491,49470,49383,49474
2805,49392,49432,49504,49452,49404,49414,49491,49470,49383,49474
2806,49392,49432,49504,49452,49404,49414,49491,49470,49383,49474
2807,49392,49432,49504,49452,49404,49414,49491,49470,49383,49474
2808,49392,49432,49504,49452,49404,49414,49491,49470,49383,49474
2809,49392,49432,49504,49452,49404,49414,49491,49470,49383,49474
2810,49392,49432,49504,49452,49404,49414,49491,49470,49383,49474
2811,49392,49432,49504,49452,49404,49414,49491,49470,49383,49474
2812,49392,49432,49504,49452,49404,49414,49491,49470,49383,49474
2813,49392,49432,49504,49452,49404,49414,49491,49470,49383,49474
2814,49392,49432,49504,49452,49404,49414,49491,49470,49383,49474
2815,49392,49432,49504,49452,49404,49414,49491,49470,49383,49474
2816,49392,49432,49504,49452,49404,49414,49491,49470,49383,49474
2817,49392,49432,49504,49452,49404,49414,49491,49470,49383,49474
2818,49392,49432,49504,49452,49404,49414,49491,49470,49383,49474
2819,49392,49432,49504,49452,49404,49414,49491,49470,49383,49474
2820,49392,49432,49504,49452,49404,49414,49491,49470,49383,49474
2821,49392,49432,49504,49452,49404,49414,49491,49470,49383,49474
2822,49392,49432,49504,49452,49404,49414,49491,49470,49383,49474
2823,49392,49432,49504,49452,49404,49414,49491,49470,49383,49474
2824,49392,49432,49504,49452,49404,49414,49491,49470,49383,49474
2825,49392,49432,49504,49452,49404,49414,49491,49470,49383,49474
2826,49392,49432,49504,49452,49404,49414,49491,49470,49383,49474
2827,49392,49432,49504,49452,49404,49414,49491,49470,49383,49474
2828,49392,49432,49504,49452,49404,49414,49491,49470,49383,49474
2829,49392,49432,49504,49452,49404,49414,49491,49470,49383,49474
2830,49392,49432,49504,49452,49404,49414,49491,49470,49383,49474
2831,49392,49432,49504,49452,49404,49414,49491,49470,49383,49474
2832,49392,49432,49504,49452,49404,49414,49491,49470,49383,49474
2833,49392,49432,49504,49452,49404,49414,49491,49470,49383,49474
2834,49392,49432,49504,49452,49404,49414,49491,49470,49383,49474
2835,49392,49432,49504,49452,49404,49414,49491,49470,49383,49474
2836,49392,49432,49504,49452,49404,49414,49491,49470,49383,49474
2837,49392,49432,49504,49452,49404,49414,49491,49470,49383,49474
2838,49392,49432,49504,49452,49404,49414,49491,49470,49383,49474
2839,49392,49432,49504,49452,49404,49414,49491,49470,49383,49474
2840,49392,49432,49504,49452,49404,49414,49491,49470,49383,49474
2841,49392,49432,49504,49452,49404,49414,49491,49470,49383,49474
2842,49392,49432,49504,49452,49404,49414,49491,49470,49383,49474
2843,49392,49432,49504,49452,49404,49414,49491,49470,49383,49474
2844,49392,49432,49504,49452,49404,49414,49491,49470,49383,49474
2845,49392,49432,49504,49452,49404,49414,49491,49470,49383,49474
2846,49392,49432,49504,49452,49404,49414,49491,49470,49383,49474
2847,49392,49432,49504,49452,49404,49414,49491,49470,49383,49474
2848,49392,49432,49504,49452,49404,49414,49491,49470,49383,49474
2849,49392,49432,49504,49452,49404,49414,49491,49470,49383,49474
2850,49392,49432,49504,49452,49404,49414,49491,49470,49383,49474
2851,49392,49432,49504,49452,49404,49414,49491,49470,49383,49474
2852,49392,49432,49504,49452,49404,49414,49491,49470,49383,49474
2853,49392,49432,49504,49452,49404,49414,49491,49470,49383,49474
2854,49392,49432,49504,49452,49404,49414,49491,49470,49383,49474
2855,49392,49432,49504,49452,49404,49414,49491,49470,49383,49474
2856,49392,49432,49504,49452,49404,49414,49491,49470,49383,49474
2857,49392,49432,49504,49452,49404,49414,49491,49470,49383,49474
2858,49392,49432,49504,49452,49404,49414,49491,49470,49383,49474
2859,49392,49432,49504,49452,49404,49414,49491,49470,49383,49474
2860,49392,49432,49504,49452,49404,49414,49491,49470,49383,49474
2861,49392,49432,49504,49452,49404,49414,49491,49470,49383,49474
2862,49392,49432,49504,49452,49404,49414,49491,49470,49383,49474
2863,49392,49432,49504,49452,49404,49414,49491,49470,49383,49474
2864,49392,49432,49504,49452,49404,49414,49491,49470,49383,49474
2865,49392,49432,49504,49452,49404,49414,49491,49470,49383,49474
2866,49392,49432,49504,49452,49404,49414,49491,49470,49383,49474
2867,49392,49432,49504,49452,49404,49414,49491,49470,49383,49474
2868,49392,49432,49504,49452,49404,49414,49491,49470,49383,49474
2869,49392,49432,49504,49452,49404,49414,49491,49470,49383,49474
2870,49392,49432,49504,49452,49404,49414,49491,49470,49383,49474
2871,49392,49432,49504,49452,49404,49414,49491,49470,49383,49474
2872,49392,49432,49504,49452,49404,49414,49491,49470,49383,49474
2873,49392,49432,49504,49452,49404,49414,49491,49470,49383,49474
2874,49392,49432,49504,49452,49404,49414,49491,49470,49383,49474
2875,49392,49432,49504,49452,49404,49414,49491,49470,49383,49474
2876,49392,49432,49504,49452,49404,49414,49491,49470,49383,49474
2877,49392,49432,49504,49452,49404,49414,49491,49470,49383,49474
2878,49392,49432,49504,49452,49404,49414,49491,49470,49383,49474
2879,49392,49432,49504,49452,49404,49414,49491,49470,49383,49474
2880,49392,49432,49504,49452,49404,49414,49491,49470,49383,49474
2881,49392,49432,49504,49452,49404,49414,49491,49470,49383,49474
2882,49392,49432,49504,49452,49404,49414,49491,49470,49383,49474
2883,49392,49432,49504,49452,49404,49414,49491,49470,49383,49474
2884,49392,49432,49504,49452,49404,49414,49491,49470,49383,49474
2885,49392,49432,49504,49452,49404,49414,49491,49470,49383,49474
2886,49392,49432,49504,49452,49404,49414,49491,49470,49383,49474
2887,49392,49432,49504,49452,49404,49414,49491,49470,49383,49474
2888,49392,49432,49504,49452,49404,49414,49491,49470,49383,49474
2889,49392,49432,49504,49452,49404,49414,49491,49470,49383,49474
2890,49392,49432,49504,49452,49404,49414,49491,49470,49383,49474
2891,49392,49432,49504,49452,49404,49414,49491,49470,49383,49474
2892,49392,49432,49504,49452,49404,49414,49491,49470,49383,49474
2893,49392,49432,49504,49452,49404,49414,49491,49470,49383,49474
2894,49392,49432,49504,49452,49404,49414,49491,49470,49383,49474
2895,49392,49432,49504,49452,49404,49414,49491,49470,49383,49474
2896,49392,49432,49504,49452,49404,49414,49491,49470,49383,49474
2897,49392,49432,49504,49452,49404,49414,49491,49470,49383,49474
2898,49392,49432,49504,49452,49404,49414,49491,49470,49383,49474
2899,49392,49432,49504,49452,49404,49414,49491,49470,49383,49474
2900,49392,49454,49504,49452,49404,49414,49491,49470,49383,49474
2901,49392,49454,49504,49452,49404,49414,49491,49470,49383,49474
2902,49392,49454,49504,49452,49404,49414,49491,49470,49383,49474
2903,49392,49454,49504,49452,49404,49414,49491,49470,49383,49474
2904,49392,49454,49504,49452,49404,49414,49491,49470,49383,49474
2905,49392,49454,49504,49452,49404,49414,49491,49470,49383,49474
2906,49392,49454,49504,49452,49404,49414,49491,49470,49383,49474
2907,49392,49454,49504,49452,49404,49414,49491,49470,49383,49474
2908,49392,49454,49504,49452,49404,49414,49491,49470,49383,49474
2909,49392,49454,49504,49452,49404,49414,49491,49470,49383,49474
2910,49392,49454,49504,49452,49404,49414,49491,49470,49383,49474
2911,49392,49454,49504,49452,49404,49414,49491,49470,49383,49474
2912,49392,49454,49504,49452,49404,49414,49491,49470,49383,49474
2913,49392,49454,49504,49452,49404,49414,49491,49470,49383,49474
2914,49392,49454,49504,49452,49404,49414,49491,49470,49383,49474
2915,49392,49454,49504,49452,49404,49414,49491,49470,49383,49474
2916,49392,49454,49504,49452,49404,49414,49491,49470,49383,49474
2917,49392,49454,49504,49452,49404,49414,49491,49470,49383,49474
2918,49392,49454,49504,49452,49404,49414,49491,49470,49383,49474
2919,49392,49454,49504,49452,49404,49414,49491,49470,49383,49474
2920,49392,49454,49504,49452,49404,49414,49491,49470,49383,49474
2921,49392,49454,49504,49452,49404,49414,49491,49470,49383,49474
2922,49392,49454,49504,49452,49404,49414,49491,49470,49383,49474
2923,49392,49454,49504,49452,49404,49414,49491,49470,49383,49474
2924,49392,49454,49504,49452,49404,49414,49491,49470,49383,49474
2925,49392,49454,49504,49452,49404,49414,49491,49470,49383,49474
2926,49392,49454,49504,49452,49404,49414,49491,49470,49383,49474
2927,49392,49454,49504,49452,49404,49414,49491,49470,49383,49474
2928,49392,49454,49504,49452,49404,49414,49491,49470,49383,49474
2929,49392,49454,49504,49452,49404,49414,49491,49470,49383,49474
2930,49392,49454,49504,49452,49404,49414,49491,49470,49383,49474
2931,49392,49454,49504,49452,49404,49414,49491,49470,49383,49474
2932,49392,49454,49504,49452,49404,49414,49491,49470,49383,49474
2933,49392,49454,49504,49452,49404,49414,49491,49470,49383,49474
2934,49392,49454,49504,49452,49404,49414,49491,49470,49383,49474
2935,49392,49454,49504,49452,49404,49414,49491,49470,49383,49474
2936,49392,49454,49504,49452,49404,49414,49491,49470,49383,49474
2937,49392,49454,49504,49452,49404,49414,49491,49470,49383,49474
2938,49392,49454,49504,49452,49404,49414,49491,49470,49383,49474
2939,49392,49454,49504,49452,49404,49414,49491,49470,49383,49474
2940,49392,49454,49504,49452,49404,49414,49491,49470,49383,49474
2941,49392,49454,49504,49452,49404,49414,49491,49470,49383,49474
2942,49392,49454,49504,49452,49404,49414,49491,49470,49383,49474
2943,49392,49454,49504,49452,49404,49414,49491,49470,49383,49474
2944,49392,49454,49504,49452,49404,49414,49491,49470,49383,49474
2945,49392,49454,49504,49452,49404,49414,49491,49470,49383,49474
2946,49392,49454,49504,49452,49404,49414,49491,49470,49383,49474
2947,49392,49454,49504,49452,49404,49414,49491,49470,49383,49474
2948,49392,49454,49504,49452,49404,49414,49491,49470,49383,49474
2949,49392,49454,49504,49452,49404,49414,49491,49470,49383,49474
2950,49392,49454,49504,49452,49404,49414,49491,49470,49383,49474
2951,49392,49454,49504,49452,49404,49414,49491,49470,49383,49474
2952,49392,49454,49504,49452,49404,49414,49491,49470,49383,49474
2953,49392,49454,49504,49452,49404,49414,49491,49470,49383,49474
2954,49392,49454,49504,49452,49404,49414,49491,49470,49383,49474
2955,49392,49454,49504,49452,49404,49414,49491,49470,49383,49474
2956,49392,49454,49504,49452,49404,49414,49491,49470,49383,49474
2957,49392,49454,49504,49452,49404,49414,49491,49470,49383,49474
2958,49392,49454,49504,49452,49404,49414,49491,49470,49383,49474
2959,49392,49454,49504,49452,49404,49414,49491,49470,49383,49474
2960,49392,49454,49504,49452,49404,49414,49491,49470,49383,49474
2961,49392,49454,49504,49452,49404,49414,49491,49470,49383,49474
2962,49392,49454,49504,49452,49404,49414,49491,49470,49383,49474
2963,49392,49454,49504,49452,49404,49414,49491,49470,49383,49474
2964,49392,49454,49504,49452,49404,49414,49491,49470,49383,49474
2965,49392,49454,49504,49452,49404,49414,49491,49470,49383,49474
2966,49392,49454,49504,49452,49404,49414,49491,49470,49383,49474
2967,49392,49454,49504,49452,49404,49414,49491,49470,49383,49474
2968,49392,49454,49504,49452,49404,49414,49491,49470,49383,49474
2969,49392,49454,49504,49452,49404,49414,49491,49470,49383,49474
2970,49392,49454,49504,49452,49404,49414,49491,49470,49383,49474
2971,49392,49454,49504,49452,49404,49414,49491,49470,49383,49474
2972,49392,49454,49504,49452,49404,49414,49491,49470,49383,49474
2973,49392,49454,49504,49452,49404,49414,49491,49470,49383,49474
2974,49392,49454,49504,49452,49404,49414,49491,49470,49383,49474
2975,49392,49454,49504,49452,49404,49414,49491,49470,49383,49474
2976,49392,49454,49504,49452,49404,49414,49491,49470,49383,49474
2977,49392,49454,49504,49452,49404,49414,49491,49470,49383,49474
2978,49392,49454,49504,49452,49404,49414,49491,49470,49383,49474
2979,49392,49454,49504,49452,49404,49414,49491,49470,49383,49474
2980,49392,49454,49504,49452,49404,49414,49491,49470,49383,49474
2981,49392,49454,49504,49452,49404,49414,49491,49470,49383,49474
2982,49392,49454,49504,49452,49404,49414,49491,49470,49383,49474
2983,49392,49454,49504,49452,49404,49414,49491,49470,49383,49474
2984,49392,49454,49504,49452,49404,49414,49491,49470,49383,49474
2985,49392,49454,49504,49452,49404,49414,49491,49470,49383,49474
2986,49392,49454,49504,49452,49404,49414,49491,49470,49383,49474
2987,49392,49454,49504,49452,49404,49414,49491,49470,49383,49474
2988,49392,49454,49504,49452,49404,49414,49491,49470,49383,49474
2989,49392,49454,49504,49452,49404,49414,49491,49470,49383,49474
2990,49392,49454,49504,49452,49404,49414,49491,49470,49383,49474
2991,49392,49454,49504,49452,49404,49414,49491,49470,49383,49474
2992,49392,49454,49504,49452,49404,49414,49491,49470,49383,49474
2993,49392,49454,49504,49452,49404,49414,49491,49470,49383,49474
2994,49392,49454,49504,49452,49404,49414,49491,49470,49383,49474
2995,49392,49454,49504,49452,49404,49414,49491,49470,49383,49474
2996,49392,49454,49504,49452,49404,49414,49491,49470,49383,49474
2997,49392,49454,49504,49452,49404,49414,49491,49470,49383,49474
2998,49392,49454,49504,49452,49404,49414,49491,49470,49383,49474
2999,49392,49454,49504,49452,49404,49414,49491,49470,49383,49474
3000,49392,49454,49504,49452,49404,49414,49491,49470,49383,49474
3001,49392,49454,49504,49452,49404,49414,49491,49470,49383,49474
3002,49392,49454,49504,49452,49404,49414,49491,49470,49383,49474
3003,49392,49454,49504,49452,49404,49414,49491,49470,49383,49474
3004,49392,49454,49504,49452,49404,49414,49491,49470,49383,49474
3005,49392,49454,49504,49452,49404,49414,49491,49470,49383,49474
3006,49392,49454,49504,49452,49404,49414,49491,49470,49383,49474
3007,49392,49454,49504,49452,49404,49414,49491,49470,49383,49474
3008,49392,49454,49504,49452,49404,49414,49491,49470,49383,49474
3009,49392,49454,49504,49452,49404,49414,49491,49470,49383,49474
3010,49392,49454,49504,49452,49404,49414,49491,49470,49383,49474
3011,49392,49454,49504,49452,49404,49414,49491,49470,49383,49474
3012,49392,49454,49504,49452,49404,49414,49491,49470,49383,49474
3013,49392,49454,49504,49452,49404,49414,49491,49470,49383,49474
3014,49392,49454,49504,49452,49404,49414,49491,49470,49383,49474
3015,49392,49454,49504,49452,49404,49414,49491,49470,49383,49474
3016,49392,49454,49504,49452,49404,49414,49491,49470,49383,49474
3017,49392,49454,49504,49452,49404,49414,49491,49470,49383,49474
3018,49392,49454,49504,49452,49404,49414,49491,49470,49383,49474
3019,49392,49454,49504,49452,49404,49414,49491,49470,49383,49474
3020,49392,49454,49504,49452,49404,49414,49491,49470,49383,49474
3021,49392,49454,49504,49452,49404,49414,49491,49470,49383,49474
3022,49392,49454,49504,49452,49404,49414,49491,49470,49383,49474
3023,49392,49454,49504,49452,49404,49414,49491,49470,49383,49474
3024,49392,49454,49504,49452,49404,49414,49491,49470,49383,49474
3025,49392,49454,49504,49452,49404,49414,49491,49470,49383,49474
3026,49392,49454,49504,49452,49404,49414,49491,49470,49383,49474
3027,49392,49454,49504,49452,49404,49414,49491,49470,49383,49474
3028,49392,49454,49504,49452,49404,49414,49491,49470,49383,49474
3029,49392,49454,49504,49452,49404,49414,49491,49470,49383,49474
3030,49392,49454,49504,49452,49404,49414,49491,49470,49383,49474
3031,49392,49454,49504,49452,49404,49414,49491,49470,49383,49474
3032,49392,49454,49504,49452,49404,49414,49491,49470,49383,49474
3033,49392,49454,49504,49452,49404,49414,49491,49470,49383,49474
3034,49392,49454,49504,49452,49404,49414,49491,49470,49383,49474
3035,49392,49454,49504,49452,49404,49414,49491,49470,49383,49474
3036,49392,49454,49504,49452,49404,49414,49491,49470,49383,49474
3037,49392,49454,49504,49452,49404,49414,49491,49470,49383,49474
3038,49392,49454,49504,49452,49404,49414,49491,49470,49383,49474
3039,49392,49454,49504,49452,49404,49414,49491,49470,49383,49474
3040,49392,49454,49504,49452,49404,49414,49491,49470,49383,49474
3041,49392,49454,49504,49452,49404,49414,49491,49470,49383,49474
3042,49392,49454,49504,49452,49404,49414,49491,49470,49383,49474
3043,49392,49454,49504,49452,49404,49414,49491,49470,49383,49474
3044,49392,49454,49504,49452,49404,49414,49491,49470,49383,49474
3045,49392,49454,49504,49452,49404,49414,49491,49470,49383,49474
3046,49392,49454,49504,49452,49404,49414,49491,49470,49383,49474
3047,49392,49454,49504,49452,49404,49414,49491,49470,49383,49474
3048,49392,49454,49504,49452,49404,49414,49491,49470,49383,49474
3049,49392,49454,49504,49452,49404,49414,49491,49470,49383,49474
3050,49392,49454,49504,49452,49404,49414,49491,49470,49383,49474
3051,49392,49454,49504,49452,49404,49414,49491,49470,49383,49474
3052,49392,49454,49504,49452,49404,49414,49491,49470,49383,49474
3053,49392,49454,49504,49452,49404,49414,49491,49470,49383,49474
3054,49392,49454,49504,49452,49404,49414,49491,49470,49383,49474
3055,49392,49454,49504,49452,49404,49414,49491,49470,49383,49474
3056,49392,49454,49504,49452,49404,49414,49491,49470,49383,49474
3057,49392,49454,49504,49452,49404,49414,49491,49470,49383,49474
3058,49392,49454,49504,49452,49404,49414,49491,49470,49383,49474
3059,49392,49454,49504,49452,49404,49414,49491,49470,49383,49474
3060,49392,49454,49504,49452,49404,49414,49491,49470,49383,49474
3061,49392,49454,49504,49452,49404,49414,49491,49470,49383,49474
3062,49392,49454,49504,49452,49404,49414,49491,49470,49383,49474
3063,49392,49454,49504,49452,49404,49414,49491,49470,49383,49474
3064,49392,49454,49504,49452,49404,49414,49491,49470,49383,49474
3065,49392,49454,49504,49452,49404,49414,49491,49470,49383,49474
3066,49392,49454,49504,49452,49404,49414,49491,49470,49383,49474
3067,49392,49454,49504,49452,49404,49414,49491,49470,49383,49474
3068,49392,49454,49504,49452,49404,49414,49491,49470,49383,49474
3069,49392,49454,49504,49452,49404,49414,49491,49470,49383,49474
3070,49392,49454,49504,49452,49404,49414,49491,49470,49383,49474
3071,49392,49454,49504,49452,49404,49414,49491,49470,49383,49474
3072,49392,49454,49504,49452,49404,49414,49491,49470,49383,49474
3073,49392,49454,49504,49452,49404,49414,49491,49470,49383,49474
3074,49392,49454,49504,49452,49404,49414,49491,49470,49383,49474
3075,49392,49454,49504,49452,49404,49414,49491,49470,49383,49474
3076,49392,49454,49504,49452,49404,49414,49491,49470,49383,49474
3077,49392,49454,49504,49452,49404,49414,49491,49470,49383,49474
3078,49392,49454,49504,49452,49404,49414,49491,49470,49383,49474
3079,49392,49454,49504,49452,49404,49414,49491,49470,49383,49474
3080,49392,49454,49504,49452,49404,49414,49491,49470,49383,49474
3081,49392,49454,49504,49452,49404,49414,49491,49470,49383,49474
3082,49392,49454,49504,49452,49404,49414,49491,49470,49383,49474
3083,49392,49454,49504,49452,49404,49414,49491,49470,49383,49474
3084,49392,49454,49504,49452,49404,49414,49491,49470,49383,49474
3085,49392,49454,49504,49452,49404,49414,49491,49470,49383,49474
3086,49392,49454,49504,49452,49404,49414,49491,49470,49383,49474
3087,49392,49454,49504,49452,49404,49414,49491,49470,49383,49474
3088,49392,49454,49504,49452,49404,49414,49491,49470,49383,49474
3089,49392,49454,49504,49452,49404,49414,49491,49470,49383,49474
3090,49392,49454,49504,49452,49404,49414,49491,49470,49383,49474
3091,49392,49454,49504,49452,49404,49414,49491,49470,49383,49474
3092,49392,49454,49504,49452,49404,49414,49491,49470,49383,49474
3093,49392,49454,49504,49452,49404,49414,49491,49470,49383,49474
3094,49392,49454,49504,49452,49404,49414,49491,49470,49383,49474
3095,49392,49454,49504,49452,49404,49414,49491,49470,49383,49474
3096,49392,49454,49504,49452,49404,49414,49491,49470,49383,49474
3097,49392,49454,49504,49452,49404,49414,49491,49470,49383,49474
3098,49392,49454,49504,49452,49404,49414,49491,49470,49383,49474
3099,49392,49454,49504,49452,49404,49414,49491,49470,49383,49474
3100,49392,49454,49504,49452,49404,49414,49491,49470,49383,49474
3101,49392,49454,49504,49452,49404,49414,49491,49470,49383,49474
3102,49392,49454,49504,49452,49404,49414,49491,49470,49383,49474
3103,49392,49454,49504,49452,49404,49414,49491,49470,49383,49474
3104,49392,49454,49504,49452,49404,49414,49491,49470,49383,49474
3105,49392,49454,49504,49452,49404,49414,49491,49470,49383,49474
3106,49392,49454,49504,49452,49404,49414,49491,49470,49383,49474
3107,49392,49454,49504,49452,49404,49414,49491,49470,49383,49474
3108,49392,49454,49504,49452,49404,49414,49491,49470,49383,49474
3109,49392,49454,49504,49452,49404,49414,49491,49470,49383,49474
3110,49392,49454,49504,49452,49404,49414,49491,49470,49383,49474
3111,49392,49454,49504,49452,49404,49414,49491,49470,49383,49474
3112,49392,49454,49504,49452,49404,49414,49491,49470,49383,49474
3113,49392,49454,49504,49452,49404,49414,49491,49470,49383,49474
3114,49392,49454,49504,49452,49404,49414,49491,49470,49383,49474
3115,49392,49454,49504,49452,49404,49414,49491,49470,49383,49474
3116,49392,49454,49504,49452,49404,49414,49491,49470,49383,49474
3117,49392,49454,49504,49452,49404,49414,49491,49470,49383,49474
3118,49392,49454,49504,49452,49404,49414,49491,49470,49383,49474
3119,49392,49454,49504,49452,49404,49414,49491,49470,49383,49474
3120,49392,49454,49504,49452,49404,49414,49491,49470,49383,49474
3121,49392,49454,49504,49452,49404,49414,49491,49470,49383,49474
3122,49392,49454,49504,49452,49404,49414,49491,49470,49383,49474
3123,49392,49454,49504,49452,49404,49414,49491,49470,49383,49474
3124,49392,49454,49504,49452,49404,49414,49491,49470,49383,49474
3125,49392,49454,49504,49452,49404,49414,49491,49470,49383,49474
3126,49392,49454,49504,49452,49404,49414,49491,49470,49383,49474
3127,49392,49454,49504,49452,49404,49414,49491,49470,49383,49474
3128,49392,49454,49504,49452,49404,49414,49491,49470,49383,49474
3129,49392,49454,49504,49452,49404,49414,49491,49470,49383,49474
3130,49392,49469,49504,49452,49404,49414,49491,49470,49383,49474
3131,49392,49469,49504,49452,49404,49414,49491,49470,49383,49474
3132,49392,49469,49504,49452,49404,49414,49491,49470,49383,49474
3133,49392,49469,49504,49452,49404,49414,49491,49470,49383,49474
3134,49392,49469,49504,49452,49404,49414,49491,49470,49383,49474
3135,49392,49469,49504,49452,49404,49414,49491,49470,49383,49474
3136,49392,49469,49504,49452,49404,49414,49491,49470,49383,49474
3137,49392,49469,49504,49452,49404,49414,49491,49470,49383,49474
3138,49392,49469,49504,49452,49404,49414,49491,49470,49383,49474
3139,49392,49469,49504,49452,49404,49414,49491,49470,49383,49474
3140,49392,49469,49504,49452,49404,49414,49491,49470,49383,49474
3141,49392,49469,49504,49452,49404,49414,49491,49470,49383,49474
3142,49392,49469,49504,49452,49404,49414,49491,49470,49383,49474
3143,49392,49469,49504,49452,49404,49414,49491,49470,49383,49474
3144,49392,49469,49504,49452,49404,49414,49491,49470,49383,49474
3145,49392,49469,49504,49452,49404,49414,49491,49470,49383,49474
3146,49392,49469,49504,49452,49404,49414,49491,49470,49383,49474
3147,49392,49469,49504,49452,49404,49414,49491,49470,49383,49474
3148,49392,49469,49504,49452,49404,49414,49491,49470,49383,49474
3149,49392,49469,49504,49452,49404,49414,49491,49470,49383,49474
3150,49392,49469,49504,49452,49404,49414,49491,49470,49383,49474
3151,49392,49469,49504,49452,49404,49414,49491,49470,49383,49474
3152,49392,49469,49504,49452,49404,49414,49491,49470,49383,49474
3153,49392,49469,49504,49452,49404,49414,49491,49470,49383,49474
3154,49392,49469,49504,49452,49404,49414,49491,49470,49383,49474
3155,49392,49469,49504,49452,49404,49414,49491,49470,49383,49474
3156,49392,49469,49504,49452,49404,49414,49491,49470,49383,49474
3157,49392,49469,49504,49452,49404,49414,49491,49470,49383,49474
3158,49392,49469,49504,49452,49404,49414,49491,49470,49383,49474
3159,49392,49469,49504,49452,49404,49414,49491,49470,49383,49474
3160,49392,49469,49504,49452,49404,49414,49491,49470,49383,49474
3161,49392,49469,49504,49452,49404,49414,49491,49470,49383,49474
3162,49392,49469,49504,49452,49404,49414,49491,49470,49383,49474
3163,49392,49469,49504,49452,49404,49414,49491,49470,49383,49474
3164,49392,49469,49504,49452,49404,49414,49491,49470,49383,49474
3165,49392,49469,49504,49452,49404,49414,49491,49470,49383,49474
3166,49392,49469,49504,49452,49404,49414,49491,49470,49383,49474
3167,49392,49469,49504,49452,49404,49414,49491,49470,49383,49474
3168,49392,49469,49504,49452,49404,49414,49491,49470,49383,49474
3169,49392,49469,49504,49452,49404,49414,49491,49470,49383,49474
3170,49392,49469,49504,49452,49404,49414,49491,49470,49383,49474
3171,49392,49469,49504,49452,49404,49414,49491,49470,49383,49474
3172,49392,49469,49504,49452,49404,49414,49491,49470,49383,49474
3173,49392,49469,49504,49452,49404,49414,49491,49470,49383,49474
3174,49392,49469,49504,49452,49404,49414,49491,49470,49383,49474
3175,49392,49469,49504,49452,49404,49414,49491,49470,49383,49474
3176,49392,49469,49504,49452,49404,49414,49491,49470,49383,49474
3177,49392,49469,49504,49452,49404,49414,49491,49470,49383,49474
3178,49392,49470,49504,49452,49404,49414,49491,49470,49383,49474
3179,49392,49470,49504,49452,49404,49414,49491,49470,49383,49474
3180,49392,49470,49504,49452,49404,49414,49491,49470,49383,49474
3181,49392,49470,49504,49452,49404,49414,49491,49470,49383,49474
3182,49392,49470,49504,49452,49404,49414,49491,49470,49383,49474
3183,49392,49470,49504,49452,49404,49414,49491,49470,49383,49474
3184,49392,49470,49504,49452,49404,49414,49491,49470,49383,49474
3185,49392,49470,49504,49452,49404,49414,49491,49470,49383,49474
3186,49392,49470,49504,49452,49404,49414,49491,49470,49383,49474
3187,49392,49470,49504,49452,49404,49414,49491,49470,49383,49474
3188,49392,49470,49504,49452,49404,49414,49491,49470,49383,49474
3189,49392,49470,49504,49452,49404,49414,49491,49470,49383,49474
3190,49392,49470,49504,49452,49404,49414,49491,49470,49383,49474
3191,49392,49470,49504,49452,49404,49414,49491,49470,49383,49474
3192,49392,49470,49504,49452,49404,49414,49491,49470,49383,49474
3193,49392,49470,49504,49452,49404,49414,49491,49470,49383,49474
3194,49392,49470,49504,49452,49404,49414,49491,49470,49383,49474
3195,49392,49470,49504,49452,49404,49414,49491,49470,49383,49474
3196,49392,49470,49504,49452,49404,49414,49491,49470,49383,49474
3197,49392,49470,49504,49452,49404,49414,49491,49470,49383,49474
3198,49392,49470,49504,49452,49404,49414,49491,49470,49383,49474
3199,49392,49470,49504,49452,49404,49414,49491,49470,49383,49474
3200,49392,49470,49504,49452,49404,49414,49491,49470,49383,49474
3201,49392,49470,49504,49452,49404,49414,49491,49470,49383,49474
3202,49392,49470,49504,49452,49404,49414,49491,49470,49383,49474
3203,49392,49470,49504,49452,49404,49414,49491,49470,49383,49474
3204,49392,49470,49504,49452,49404,49414,49491,49470,49383,49474
3205,49392,49470,49504,49452,49404,49414,49491,49470,49383,49474
3206,49392,49470,49504,49452,49404,49414,49491,49470,49383,49474
3207,49392,49470,49504,49452,49404,49414,49491,49470,49383,49474
3208,49392,49470,49504,49452,49404,49414,49491,49470,49383,49474
3209,49392,49470,49504,49452,49404,49414,49491,49470,49383,49474
3210,49392,49470,49504,49452,49404,49414,49491,49470,49383,49474
3211,49392,49470,49504,49452,49404,49414,49491,49470,49383,49474
3212,49392,49470,49504,49452,49404,49414,49491,49470,49383,49474
3213,49392,49470,49504,49452,49404,49414,49491,49470,49383,49474
3214,49392,49470,49504,49452,49404,49414,49491,49470,49383,49474
3215,49392,49470,49504,49452,49404,49414,49491,49470,49383,49474
3216,49392,49470,49504,49452,49404,49414,49491,49470,49383,49474
3217,49392,49470,49504,49452,49404,49414,49491,49470,49383,49474
3218,49392,49470,49504,49452,49404,49414,49491,49470,49383,49474
3219,49392,49470,49504,49452,49404,49414,49491,49470,49383,49474
3220,49392,49470,49504,49452,49404,49414,49491,49470,49383,49474
3221,49392,49470,49504,49452,49404,49414,49491,49470,49383,49474
3222,49392,49470,49504,49452,49404,49414,49491,49470,49383,49474
3223,49392,49470,49504,49452,49404,49414,49491,49470,49383,49474
3224,49392,49470,49504,49452,49404,49414,49491,49470,49383,49474
3225,49392,49470,49504,49452,49404,49414,49491,49470,49383,49474
3226,49392,49470,49504,49452,49404,49414,49491,49470,49383,49474
3227,49392,49470,49504,49452,49404,49414,49491,49470,49383,49474
3228,49392,49470,49504,49452,49404,49414,49491,49470,49383,49474
3229,49392,49470,49504,49452,49404,49414,49491,49470,49383,49474
3230,49392,49470,49504,49452,49404,49414,49491,49470,49383,49474
3231,49392,49470,49504,49452,49404,49414,49491,49470,49383,49474
3232,49392,49470,49504,49452,49404,49414,49491,49470,49383,49474
3233,49392,49470,49504,49452,49404,49414,49491,49470,49383,49474
3234,49392,49470,49504,49452,49404,49414,49491,49470,49383,49474
3235,49392,49470,49504,49452,49404,49414,49491,49470,49383,49474
3236,49392,49470,49504,49452,49404,49414,49491,49470,49383,49474
3237,49392,49470,49504,49452,49404,49414,49491,49470,49383,49474
3238,49392,49470,49504,49452,49404,49414,49491,49470,49383,49474
3239,49392,49470,49504,49452,49404,49414,49491,49470,49383,49474
3240,49392,49470,49504,49452,49404,49414,49491,49470,49383,49474
3241,49392,49470,49504,49452,49404,49414,49491,49470,49383,49474
3242,49392,49470,49504,49452,49404,49414,49491,49470,49383,49474
3243,49392,49470,49504,49452,49404,49414,49491,49470,49383,49474
3244,49392,49470,49504,49452,49404,49414,49491,49470,49383,49474
3245,49392,49470,49504,49452,49404,49414,49491,49470,49383,49474
3246,49392,49470,49504,49452,49404,49414,49491,49470,49383,49474
3247,49392,49470,49504,49452,49404,49414,49491,49470,49383,49474
3248,49392,49470,49504,49452,49404,49414,49491,49470,49383,49474
3249,49392,49470,49504,49452,49404,49414,49491,49470,49383,49474
3250,49392,49470,49504,49452,49404,49414,49491,49470,49383,49474
3251,49392,49470,49504,49452,49404,49414,49491,49470,49383,49474
3252,49392,49470,49504,49452,49404,49414,49491,49470,49383,49474
3253,49392,49470,49504,49452,49404,49414,49491,49470,49383,49474
3254,49392,49470,49504,49452,49404,49414,49491,49470,49383,49474
3255,49392,49470,49504,49452,49404,49414,49491,49470,49383,49474
3256,49392,49470,49504,49452,49404,49414,49491,49470,49383,49474
3257,49392,49470,49504,49452,49404,49414,49491,49470,49383,49474
3258,49392,49470,49504,49452,49404,49414,49491,49470,49383,49474
3259,49392,49470,49504,49452,49404,49414,49491,49470,49383,49474
3260,49392,49470,49504,49452,49404,49414,49491,49470,49383,49474
3261,49392,49470,49504,49452,49404,49414,49491,49470,49383,49474
3262,49392,49470,49504,49452,49404,49414,49491,49470,49383,49474
3263,49392,49470,49504,49452,49404,49414,49491,49470,49383,49474
3264,49392,49470,49504,49452,49404,49414,49491,49470,49383,49474
3265,49392,49470,49504,49452,49404,49414,49491,49470,49383,49474
3266,49392,49470,49504,49452,49404,49414,49491,49470,49383,49474
3267,49392,49470,49504,49452,49404,49414,49491,49470,49383,49474
3268,49392,49470,49504,49452,49404,49414,49491,49470,49383,49474
3269,49392,49470,49504,49452,49404,49414,49491,49470,49383,49474
3270,49392,49470,49504,49452,49404,49414,49491,49470,49383,49474
3271,49392,49470,49504,49452,49404,49414,49491,49470,49383,49474
3272,49392,49470,49504,49452,49404,49414,49491,49470,49383,49474
3273,49392,49470,49504,49452,49404,49414,49491,49470,49383,49474
3274,49392,49470,49504,49452,49404,49414,49491,49470,49383,49474
3275,49392,49470,49504,49452,49404,49414,49491,49470,49383,49474
3276,49392,49470,49504,49452,49404,49414,49491,49470,49383,49474
3277,49392,49470,49504,49452,49404,49414,49491,49470,49383,49474
3278,49392,49470,49504,49452,49404,49414,49491,49470,49383,49474
3279,49392,49470,49504,49452,49404,49414,49491,49470,49383,49474
3280,49392,49470,49504,49452,49404,49414,49491,49470,49383,49474
3281,49392,49470,49504,49452,49404,49414,49491,49470,49383,49474
3282,49392,49470,49504,49452,49404,49414,49491,49470,49383,49474
3283,49392,49470,49504,49452,49404,49414,49491,49470,49383,49474
3284,49392,49470,49504,49452,49404,49414,49491,49470,49383,49474
3285,49392,49470,49504,49452,49404,49414,49491,49470,49383,49474
3286,49392,49470,49504,49452,49404,49414,49491,49470,49383,49474
3287,49392,49470,49504,49452,49404,49414,49491,49470,49383,49474
3288,49392,49470,49504,49452,49404,49414,49491,49470,49383,49474
3289,49392,49470,49504,49452,49404,49414,49491,49470,49383,49474
3290,49392,49470,49504,49452,49404,49414,49491,49470,49383,49474
3291,49392,49470,49504,49452,49404,49414,49491,49470,49383,49474
3292,49392,49470,49504,49452,49404,49414,49491,49470,49383,49474
3293,49392,49470,49504,49452,49404,49414,49491,49470,49383,49474
3294,49392,49470,49504,49452,49404,49414,49491,49470,49383,49474
3295,49392,49470,49504,49452,49404,49414,49491,49470,49383,49474
3296,49392,49470,49504,49452,49404,49414,49491,49470,49383,49474
3297,49392,49470,49504,49452,49404,49414,49491,49470,49383,49474
3298,49392,49470,49504,49452,49404,49414,49491,49470,49383,49474
3299,49392,49470,49504,49452,49404,49414,49491,49470,49383,49474
3300,49392,49470,49504,49452,49404,49414,49491,49470,49383,49474
3301,49392,49470,49504,49452,49404,49414,49491,49470,49383,49474
3302,49392,49470,49504,49452,49404,49414,49491,49470,49383,49474
3303,49392,49470,49504,49452,49404,49414,49491,49470,49383,49474
3304,49392,49470,49504,49452,49404,49414,49491,49470,49383,49474
3305,49392,49470,49504,49452,49404,49414,49491,49470,49383,49474
3306,49392,49470,49504,49452,49404,49414,49491,49470,49383,49474
3307,49392,49470,49504,49452,49404,49414,49491,49470,49383,49474
3308,49392,49470,49504,49452,49404,49414,49491,49470,49383,49474
3309,49392,49470,49504,49452,49404,49414,49491,49470,49383,49474
3310,49392,49470,49504,49452,49404,49414,49491,49470,49383,49474
3311,49392,49470,49504,49452,49404,49414,49491,49470,49383,49474
3312,49392,49470,49504,49452,49404,49414,49491,49470,49383,49474
3313,49392,49470,49504,49452,49404,49414,49491,49470,49383,49474
3314,49392,49470,49504,49452,49404,49414,49491,49470,49383,49474
3315,49392,49470,49504,49452,49404,49414,49491,49470,49383,49474
3316,49392,49470,49504,49452,49404,49414,49491,49470,49383,49474
3317,49392,49470,49504,49452,49404,49414,49491,49470,49383,49474
3318,49392,49470,49504,49452,49404,49414,49491,49470,49383,49474
3319,49392,49470,49504,49452,49404,49414,49491,49470,49383,49474
3320,49392,49470,49504,49452,49404,49414,49491,49470,49383,49474
3321,49392,49470,49504,49452,49404,49414,49491,49470,49383,49474
3322,49392,49470,49504,49452,49404,49414,49491,49470,49383,49474
3323,49392,49470,49504,49452,49404,49414,49491,49470,49383,49474
3324,49392,49470,49504,49452,49404,49414,49491,49470,49383,49474
3325,49392,49470,49504,49452,49404,49414,49491,49470,49383,49474
3326,49392,49470,49504,49452,49404,49414,49491,49470,49383,49474
3327,49392,49470,49504,49452,49404,49414,49491,49470,49383,49474
3328,49392,49470,49504,49452,49404,49414,49491,49470,49383,49474
3329,49392,49470,49504,49452,49404,49414,49491,49470,49383,49474
3330,49392,49470,49504,49452,49404,49414,49491,49470,49383,49474
3331,49392,49470,49504,49452,49404,49414,49491,49470,49383,49474
3332,49392,49470,49504,49452,49404,49414,49491,49470,49383,49474
3333,49392,49470,49504,49452,49404,49414,49491,49470,49383,49474
3334,49392,49470,49504,49452,49404,49414,49491,49470,49383,49474
3335,49392,49470,49504,49452,49404,49414,49491,49470,49383,49474
3336,49392,49470,49504,49452,49404,49414,49491,49470,49383,49474
3337,49392,49470,49504,49452,49404,49414,49491,49470,49383,49474
3338,49392,49470,49504,49452,49404,49414,49491,49470,49383,49474
3339,49392,49470,49504,49452,49404,49414,49491,49470,49383,49474
3340,49392,49470,49504,49452,49404,49414,49491,49470,49383,49474
3341,49392,49470,49504,49452,49404,49414,49491,49470,49383,49474
3342,49392,49470,49504,49452,49404,49414,49491,49470,49383,49474
3343,49392,49470,49504,49452,49404,49414,49491,49470,49383,49474
3344,49392,49470,49504,49452,49404,49414,49491,49470,49383,49474
3345,49392,49470,49504,49452,49404,49414,49491,49470,49383,49474
3346,49392,49470,49504,49452,49404,49414,49491,49470,49383,49474
3347,49392,49470,49504,49452,49404,49414,49491,49470,49383,49474
3348,49392,49470,49504,49452,49404,49414,49491,49470,49383,49474
3349,49392,49470,49504,49452,49404,49414,49491,49470,49383,49474
3350,49392,49470,49504,49452,49404,49414,49491,49470,49383,49474
3351,49392,49470,49504,49452,49404,49414,49491,49470,49383,49474
3352,49392,49470,49504,49452,49404,49414,49491,49470,49383,49474
3353,49392,49470,49504,49452,49404,49414,49491,49470,49383,49474
3354,49392,49470,49504,49452,49404,49414,49491,49470,49383,49474
3355,49392,49470,49504,49452,49404,49414,49491,49470,49383,49474
3356,49392,49470,49504,49452,49404,49414,49491,49470,49383,49474
3357,49392,49470,49504,49452,49404,49414,49491,49470,49383,49474
3358,49392,49470,49504,49452,49404,49414,49491,49470,49383,49474
3359,49392,49470,49504,49452,49404,49414,49491,49470,49383,49474
3360,49392,49470,49504,49452,49404,49414,49491,49470,49383,49474
3361,49392,49470,49504,49452,49404,49414,49491,49470,49383,49474
3362,49392,49470,49504,49452,49404,49414,49491,49470,49383,49474
3363,49392,49470,49504,49452,49404,49414,49491,49470,49383,49474
3364,49392,49470,49504,49452,49404,49414,49491,49470,49383,49474
3365,49392,49470,49504,49452,49404,49414,49491,49470,49383,49474
3366,49392,49470,49504,49452,49404,49414,49491,49470,49383,49474
3367,49392,49470,49504,49452,49404,49414,49491,49470,49383,49474
3368,49392,49470,49504,49452,49404,49414,49491,49470,49383,49474
3369,49392,49470,49504,49452,49404,49414,49491,49470,49383,49474
3370,49392,49470,49504,49452,49404,49414,49491,49470,49383,49474
3371,49392,49470,49504,49452,49404,49414,49491,49470,49383,49474
3372,49392,49470,49504,49452,49404,49414,49491,49470,49383,49474
3373,49392,49470,49504,49452,49404,49414,49491,49470,49383,49474
3374,49392,49470,49504,49452,49404,49414,49491,49470,49383,49474
3375,49392,49470,49504,49452,49404,49414,49491,49470,49383,49474
3376,49392,49470,49504,49452,49404,49414,49491,49470,49383,49474
3377,49392,49470,49504,49452,49404,49414,49491,49470,49383,49474
3378,49392,49470,49504,49452,49404,49414,49491,49470,49383,49474
3379,49392,49470,49504,49452,49404,49414,49491,49470,49383,49474
3380,49392,49470,49504,49452,49404,49414,49491,49470,49383,49474
3381,49392,49470,49504,49452,49404,49414,49491,49470,49383,49474
3382,49392,49470,49504,49452,49404,49414,49491,49470,49383,49474
3383,49392,49470,49504,49452,49404,49414,49491,49470,49383,49474
3384,49392,49470,49504,49452,49404,49414,49491,49470,49383,49474
3385,49392,49470,49504,49452,49404,49414,49491,49470,49383,49474
3386,49392,49470,49504,49452,49404,49414,49491,49470,49383,49474
3387,49392,49470,49504,49452,49404,49414,49491,49470,49383,49474
3388,49392,49470,49504,49452,49404,49414,49491,49470,49383,49474
3389,49392,49470,49504,49452,49404,49414,49491,49470,49383,49474
3390,49392,49473,49504,49452,49404,49414,49491,49470,49383,49474
3391,49392,49473,49504,49452,49404,49414,49491,49470,49383,49474
3392,49392,49473,49504,49452,49404,49414,49491,49470,49383,49474
3393,49392,49473,49504,49452,49404,49414,49491,49470,49383,49474
3394,49392,49473,49504,49452,49404,49414,49491,49470,49383,49474
3395,49392,49473,49504,49452,49404,49414,49491,49470,49383,49474
3396,49392,49473,49504,49452,49404,49414,49491,49470,49383,49474
3397,49392,49473,49504,49452,49404,49414,49491,49470,49383,49474
3398,49392,49473,49504,49452,49404,49414,49491,49470,49383,49474
3399,49392,49473,49504,49452,49404,49414,49491,49470,49383,49474
3400,49392,49473,49504,49452,49404,49414,49491,49470,49383,49474
3401,49392,49473,49504,49452,49404,49414,49491,49470,49383,49474
3402,49392,49473,49504,49452,49404,49414,49491,49470,49383,49474
3403,49392,49473,49504,49452,49404,49414,49491,49470,49383,49474
3404,49392,49473,49504,49452,49404,49414,49491,49470,49383,49474
3405,49392,49473,49504,49452,49404,49414,49491,49470,49383,49474
3406,49392,49473,49504,49452,49404,49414,49491,49470,49383,49474
3407,49392,49473,49504,49452,49404,49414,49491,49470,49383,49474
3408,49392,49473,49504,49452,49404,49414,49491,49470,49383,49474
3409,49392,49473,49504,49452,49404,49414,49491,49470,49383,49474
3410,49392,49473,49504,49452,49404,49414,49491,49470,49383,49474
3411,49392,49473,49504,49452,49404,49414,49491,49470,49383,49474
3412,49392,49473,49504,49452,49404,49414,49491,49470,49383,49474
3413,49392,49473,49504,49452,49404,49414,49491,49470,49383,49474
3414,49392,49473,49504,49452,49404,49414,49491,49470,49383,49474
3415,49392,49473,49504,49452,49404,49414,49491,49470,49383,49474
3416,49392,49473,49504,49452,49404,49414,49491,49470,49383,49474
3417,49392,49473,49504,49452,49404,49414,49491,49470,49383,49474
3418,49392,49473,49504,49452,49404,49414,49491,49470,49383,49474
3419,49392,49473,49504,49452,49404,49414,49491,49470,49383,49474
3420,49393,49473,49504,49452,49404,49414,49491,49470,49383,49474
3421,49393,49473,49504,49452,49404,49414,49491,49470,49383,49474
3422,49393,49473,49504,49452,49404,49414,49491,49470,49383,49474
3423,49393,49473,49504,49452,49404,49414,49491,49470,49383,49474
3424,49393,49473,49504,49452,49404,49414,49491,49470,49383,49474
3425,49393,49473,49504,49452,49404,49414,49491,49470,49383,49474
3426,49393,49473,49504,49452,49404,49414,49491,49470,49383,49474
3427,49393,49473,49504,49452,49404,49414,49491,49470,49383,49474
3428,49393,49473,49504,49452,49404,49414,49491,49470,49383,49474
3429,49393,49473,49504,49452,49404,49414,49491,49470,49383,49474
3430,49393,49473,49504,49452,49404,49414,49491,49470,49383,49474
3431,49393,49473,49504,49452,49404,49414,49491,49470,49383,49474
3432,49393,49473,49504,49452,49404,49414,49491,49470,49383,49474
3433,49393,49473,49504,49452,49404,49414,49491,49470,49383,49474
3434,49393,49473,49504,49452,49404,49414,49491,49470,49383,49474
3435,49393,49473,49504,49452,49404,49414,49491,49470,49383,49474
3436,49393,49473,49504,49452,49404,49414,49491,49470,49383,49474
3437,49393,49473,49504,49452,49404,49414,49491,49470,49383,49474
3438,49393,49473,49504,49452,49404,49414,49491,49470,49383,49474
3439,49393,49473,49504,49452,49404,49414,49491,49470,49383,49474
3440,49393,49473,49504,49452,49404,49414,49491,49470,49383,49474
3441,49393,49473,49504,49452,49404,49414,49491,49470,49383,49474
3442,49393,49473,49504,49452,49404,49414,49491,49470,49383,49474
3443,49393,49473,49504,49452,49404,49414,49491,49470,49383,49474
3444,49393,49473,49504,49452,49404,49414,49491,49470,49383,49474
3445,49393,49473,49504,49452,49404,49414,49491,49470,49383,49474
3446,49393,49473,49504,49452,49404,49414,49491,49470,49383,49474
3447,49393,49473,49504,49452,49404,49414,49491,49470,49383,49474
3448,49393,49473,49504,49452,49404,49414,49491,49470,49383,49474
3449,49393,49473,49504,49452,49404,49414,49491,49470,49383,49474
3450,49393,49473,49504,49452,49404,49414,49491,49470,49383,49474
3451,49393,49473,49504,49452,49404,49414,49491,49470,49383,49474
3452,49393,49473,49504,49452,49404,49414,49491,49470,49383,49474
3453,49393,49473,49504,49452,49404,49414,49491,49470,49383,49474
3454,49393,49473,49504,49452,49404,49414,49491,49470,49383,49474
3455,49393,49473,49504,49452,49404,49414,49491,49470,49383,49474
3456,49393,49473,49504,49452,49404,49414,49491,49470,49383,49474
3457,49393,49473,49504,49452,49404,49414,49491,49470,49383,49474
3458,49393,49473,49504,49452,49404,49414,49491,49470,49383,49474
3459,49393,49473,49504,49452,49404,49414,49491,49470,49383,49474
3460,49393,49473,49504,49452,49404,49414,49491,49470,49383,49474
3461,49393,49473,49504,49452,49404,49414,49491,49470,49383,49474
3462,49393,49473,49504,49452,49404,49414,49491,49470,49383,49474
3463,49393,49473,49504,49452,49404,49414,49491,49470,49383,49474
3464,49393,49473,49504,49452,49404,49414,49491,49470,49383,49474
3465,49393,49473,49504,49452,49404,49414,49491,49470,49383,49474
3466,49393,49473,49504,49452,49404,49414,49491,49470,49383,49474
3467,49393,49473,49504,49452,49404,49414,49491,49470,49383,49474
3468,49393,49473,49504,49452,49404,49414,49491,49470,49383,49474
3469,49393,49473,49504,49452,49404,49414,49491,49470,49383,49474
3470,49393,49473,49504,49452,49404,49414,49491,49470,49383,49474
3471,49393,49473,49504,49452,49404,49414,49491,49470,49383,49474
3472,49393,49473,49504,49452,49404,49414,49491,49470,49383,49474
3473,49393,49473,49504,49452,49404,49414,49491,49470,49383,49474
3474,49393,49473,49504,49452,49404,49414,49491,49470,49383,49474
3475,49393,49473,49504,49452,49404,49414,49491,49470,49383,49474
3476,49393,49473,49504,49452,49404,49414,49491,49470,49383,49474
3477,49393,49473,49504,49452,49404,49414,49491,49470,49383,49474
3478,49393,49473,49504,49452,49404,49414,49491,49470,49383,49474
3479,49393,49473,49504,49452,49404,49414,49491,49470,49383,49474
3480,49393,49473,49504,49452,49404,49414,49491,49470,49383,49474
3481,49393,49473,49504,49452,49404,49414,49491,49470,49383,49474
3482,49393,49473,49504,49452,49404,49414,49491,49470,49383,49474
3483,49393,49473,49504,49452,49404,49414,49491,49470,49383,49474
3484,49393,49473,49504,49452,49404,49414,49491,49470,49383,49474
3485,49393,49473,49504,49452,49404,49414,49491,49470,49383,49474
3486,49393,49473,49504,49452,49404,49414,49491,49470,49383,49474
3487,49393,49473,49504,49452,49404,49414,49491,49470,49383,49474
3488,49393,49473,49504,49452,49404,49414,49491,49470,49383,49474
3489,49393,49473,49504,49452,49404,49414,49491,49470,49383,49474
3490,49393,49473,49504,49452,49404,49414,49491,49470,49383,49474
3491,49393,49473,49504,49452,49404,49414,49491,49470,49383,49474
3492,49393,49473,49504,49452,49404,49414,49491,49470,49383,49474
3493,49393,49473,49504,49452,49404,49414,49491,49470,49383,49474
3494,49393,49473,49504,49452,49404,49414,49491,49470,49383,49474
3495,49393,49473,49504,49452,49404,49414,49491,49470,49383,49474
3496,49393,49473,49504,49452,49404,49414,49491,49470,49383,49474
3497,49393,49473,49504,49452,49404,49414,49491,49470,49383,49474
3498,49393,49473,49504,49452,49404,49414,49491,49470,49383,49474
3499,49393,49473,49504,49452,49404,49414,49491,49470,49383,49474
3500,49393,49473,49504,49452,49404,49414,49491,49470,49383,49474
3501,49393,49473,49504,49452,49404,49414,49491,49470,49383,49474
3502,49393,49473,49504,49452,49404,49414,49491,49470,49383,49474
3503,49393,49473,49504,49452,49404,49414,49491,49470,49383,49474
3504,49393,49473,49504,49452,49404,49414,49491,49470,49383,49474
3505,49393,49473,49504,49452,49404,49414,49491,49470,49383,49474
3506,49393,49473,49504,49452,49404,49414,49491,49470,49383,49474
3507,49393,49473,49504,49452,49404,49414,49491,49470,49383,49474
3508,49393,49473,49504,49452,49404,49414,49491,49470,49383,49474
3509,49393,49473,49504,49452,49404,49414,49491,49470,49383,49474
3510,49393,49473,49504,49452,49404,49414,49491,49470,49383,49474
3511,49393,49473,49504,49452,49404,49414,49491,49470,49383,49474
3512,49393,49473,49504,49452,49404,49414,49491,49470,49383,49474
3513,49393,49473,49504,49452,49404,49414,49491,49470,49383,49474
3514,49393,49473,49504,49452,49404,49414,49491,49470,49383,49474
3515,49393,49473,49504,49452,49404,49414,49491,49470,49383,49474
3516,49393,49473,49504,49452,49404,49414,49491,49470,49383,49474
3517,49393,49473,49504,49452,49404,49414,49491,49470,49383,49474
3518,49393,49473,49504,49452,49404,49414,49491,49470,49383,49474
3519,49393,49473,49504,49452,49404,49414,49491,49470,49383,49474
3520,49393,49473,49504,49452,49404,49414,49491,49470,49383,49474
3521,49393,49473,49504,49452,49404,49414,49491,49470,49383,49474
3522,49393,49473,49504,49452,49404,49414,49491,49470,49383,49474
3523,49393,49473,49504,49452,49404,49414,49491,49470,49383,49474
3524,49393,49473,49504,49452,49404,49414,49491,49470,49383,49474
3525,49393,49473,49504,49452,49404,49414,49491,49470,49383,49474
3526,49393,49473,49504,49452,49404,49414,49491,49470,49383,49474
3527,49393,49473,49504,49452,49404,49414,49491,49470,49383,49474
3528,49393,49473,49504,49452,49404,49414,49491,49470,49383,49474
3529,49393,49473,49504,49452,49404,49414,49491,49470,49383,49474
3530,49394,49473,49504,49452,49404,49414,49491,49470,49383,49474
3531,49394,49473,49504,49452,49404,49414,49491,49470,49383,49474
3532,49394,49473,49504,49452,49404,49414,49491,49470,49383,49474
3533,49394,49473,49504,49452,49404,49414,49491,49470,49383,49474
3534,49394,49473,49504,49452,49404,49414,49491,49470,49383,49474
3535,49394,49473,49504,49452,49404,49414,49491,49470,49383,49474
3536,49394,49473,49504,49452,49404,49414,49491,49470,49383,49474
3537,49394,49473,49504,49452,49404,49414,49491,49470,49383,49474
3538,49394,49473,49504,49452,49404,49414,49491,49470,49383,49474
3539,49394,49473,49504,49452,49404,49414,49491,49470,49383,49474
3540,49394,49473,49504,49452,49404,49414,49491,49470,49383,49474
3541,49394,49473,49504,49452,49404,49414,49491,49470,49383,49474
3542,49394,49473,49504,49452,49404,49414,49491,49470,49383,49474
3543,49394,49473,49504,49452,49404,49414,49491,49470,49383,49474
3544,49394,49473,49504,49452,49404,49414,49491,49470,49383,49474
3545,49394,49474,49504,49452,49404,49414,49491,49470,49383,49474
3546,49394,49474,49504,49452,49404,49414,49491,49470,49383,49474
3547,49394,49474,49504,49452,49404,49414,49491,49470,49383,49474
3548,49394,49474,49504,49452,49404,49414,49491,49470,49383,49474
3549,49394,49474,49504,49452,49404,49414,49491,49470,49383,49474
3550,49394,49474,49504,49452,49404,49414,49491,49470,49383,49474
3551,49394,49474,49504,49452,49404,49414,49491,49470,49383,49474
3552,49394,49474,49504,49452,49404,49414,49491,49470,49383,49474
3553,49394,49474,49504,49452,49404,49414,49491,49470,49383,49474
3554,49394,49474,49504,49452,49404,49414,49491,49470,49383,49474
3555,49394,49474,49504,49452,49404,49414,49491,49470,49383,49474
3556,49394,49474,49504,49452,49404,49414,49491,49470,49383,49474
3557,49394,49474,49504,49452,49404,49414,49491,49470,49383,49474
3558,49394,49474,49504,49452,49404,49414,49491,49470,49383,49474
3559,49394,49474,49504,49452,49404,49414,49491,49470,49383,49474
3560,49394,49474,49504,49452,49404,49414,49491,49470,49383,49474
3561,49394,49474,49504,49452,49404,49414,49491,49470,49383,49474
3562,49394,49474,49504,49452,49404,49414,49491,49470,49383,49474
3563,49394,49474,49504,49452,49404,49414,49491,49470,49383,49474
3564,49394,49474,49504,49452,49404,49414,49491,49470,49383,49474
3565,49394,49474,49504,49452,49404,49414,49491,49470,49383,49474
3566,49394,49474,49504,49452,49404,49414,49491,49470,49383,49474
3567,49394,49474,49504,49452,49404,49414,49491,49470,49383,49474
3568,49394,49474,49504,49452,49404,49414,49491,49470,49383,49474
3569,49394,49474,49504,49452,49404,49414,49491,49470,49383,49474
3570,49394,49474,49504,49452,49404,49414,49491,49470,49383,49474
3571,49394,49474,49504,49452,49404,49414,49491,49470,49383,49474
3572,49394,49474,49504,49452,49404,49414,49491,49470,49383,49474
3573,49394,49474,49504,49452,49404,49414,49491,49470,49383,49474
3574,49394,49474,49504,49452,49404,49414,49491,49470,49383,49474
3575,49394,49474,49504,49452,49404,49414,49491,49470,49383,49474
3576,49394,49474,49504,49452,49404,49414,49491,49470,49383,49474
3577,49394,49474,49504,49452,49404,49414,49491,49470,49383,49474
3578,49394,49474,49504,49452,49404,49414,49491,49470,49383,49474
3579,49394,49474,49504,49452,49404,49414,49491,49470,49383,49474
3580,49394,49474,49504,49452,49404,49414,49491,49470,49383,49474
3581,49394,49474,49504,49452,49404,49414,49491,49470,49383,49474
3582,49394,49474,49504,49452,49404,49414,49491,49470,49383,49474
3583,49394,49474,49504,49452,49404,49414,49491,49470,49383,49474
3584,49394,49474,49504,49452,49404,49414,49491,49470,49383,49474
3585,49394,49474,49504,49452,49404,49414,49491,49470,49383,49474
3586,49394,49474,49504,49452,49404,49414,49491,49470,49383,49474
3587,49394,49474,49504,49452,49404,49414,49491,49470,49383,49474
3588,49394,49474,49504,49452,49404,49414,49491,49470,49383,49474
3589,49394,49474,49504,49452,49404,49414,49491,49470,49383,49474
3590,49394,49474,49504,49452,49404,49414,49491,49470,49383,49474
3591,49394,49474,49504,49452,49404,49414,49491,49470,49383,49474
3592,49394,49474,49504,49452,49404,49414,49491,49470,49383,49474
3593,49394,49474,49504,49452,49404,49414,49491,49470,49383,49474
3594,49394,49474,49504,49452,49404,49414,49491,49470,49383,49474
3595,49394,49474,49504,49452,49404,49414,49491,49470,49383,49474
3596,49394,49474,49504,49452,49404,49414,49491,49470,49383,49474
3597,49394,49474,49504,49452,49404,49414,49491,49470,49383,49474
3598,49394,49474,49504,49452,49404,49414,49491,49470,49383,49474
3599,49394,49474,49504,49452,49404,49414,49491,49470,49383,49474
3600,49394,49474,49504,49452,49404,49414,49491,49470,49383,49474
3601,49394,49474,49504,49452,49404,49414,49491,49470,49383,49474
3602,49394,49474,49504,49452,49404,49414,49491,49470,49383,49474
3603,49394,49474,49504,49452,49404,49414,49491,49470,49383,49474
3604,49394,49474,49504,49452,49404,49414,49491,49470,49383,49474
3605,49394,49474,49504,49452,49404,49414,49491,49470,49383,49474
3606,49394,49474,49504,49452,49404,49414,49491,49470,49383,49474
3607,49394,49474,49504,49452,49404,49414,49491,49470,49383,49474
3608,49394,49474,49504,49452,49404,49414,49491,49470,49383,49474
3609,49394,49474,49504,49452,49404,49414,49491,49470,49383,49474
3610,49394,49474,49504,49452,49404,49414,49491,49470,49383,49474
3611,49394,49474,49504,49452,49404,49414,49491,49470,49383,49474
3612,49394,49474,49504,49452,49404,49414,49491,49470,49383,49474
3613,49394,49474,49504,49452,49404,49414,49491,49470,49383,49474
3614,49394,49474,49504,49452,49404,49414,49491,49470,49383,49474
3615,49394,49474,49504,49452,49404,49414,49491,49470,49383,49474
3616,49394,49474,49504,49452,49404,49414,49491,49470,49383,49474
3617,49394,49474,49504,49452,49404,49414,49491,49470,49383,49474
3618,49394,49474,49504,49452,49404,49414,49491,49470,49383,49474
3619,49394,49474,49504,49452,49404,49414,49491,49470,49383,49474
3620,49394,49474,49504,49452,49404,49414,49491,49470,49383,49474
3621,49394,49474,49504,49452,49404,49414,49491,49470,49383,49474
3622,49394,49474,49504,49452,49404,49414,49491,49470,49383,49474
3623,49394,49474,49504,49452,49404,49414,49491,49470,49383,49474
3624,49394,49474,49504,49452,49404,49414,49491,49470,49383,49474
3625,49394,49474,49504,49452,49404,49414,49491,49470,49383,49474
3626,49394,49474,49504,49452,49404,49414,49491,49470,49383,49474
3627,49394,49474,49504,49452,49404,49414,49491,49470,49383,49474
3628,49394,49474,49504,49452,49404,49414,49491,49470,49383,49474
3629,49394,49474,49504,49452,49404,49414,49491,49470,49383,49474
3630,49394,49474,49504,49452,49404,49414,49491,49470,49383,49474
3631,49394,49474,49504,49452,49404,49414,49491,49470,49383,49474
3632,49394,49474,49504,49452,49404,49414,49491,49470,49383,49474
3633,49394,49474,49504,49452,49404,49414,49491,49470,49383,49474
3634,49394,49474,49504,49452,49404,49414,49491,49470,49383,49474
3635,49394,49474,49504,49452,49404,49414,49491,49470,49383,49474
3636,49394,49474,49504,49452,49404,49414,49491,49470,49383,49474
3637,49394,49474,49504,49452,49404,49414,49491,49470,49383,49474
3638,49394,49474,49504,49452,49404,49414,49491,49470,49383,49474
3639,49394,49474,49504,49452,49404,49414,49491,49470,49383,49474
3640,49394,49474,49504,49452,49404,49414,49491,49470,49383,49474
3641,49394,49474,49504,49452,49404,49414,49491,49470,49383,49474
3642,49394,49474,49504,49452,49404,49414,49491,49470,49383,49474
3643,49394,49474,49504,49452,49404,49414,49491,49470,49383,49474
3644,49394,49474,49504,49452,49404,49414,49491,49470,49383,49474
3645,49394,49474,49504,49452,49404,49414,49491,49470,49383,49474
3646,49394,49474,49504,49452,49404,49414,49491,49470,49383,49474
3647,49394,49474,49504,49452,49404,49414,49491,49470,49383,49474
3648,49394,49474,49504,49452,49404,49414,49491,49470,49383,49474
3649,49394,49474,49504,49452,49404,49414,49491,49470,49383,49474
3650,49394,49474,49504,49452,49404,49414,49491,49470,49383,49474
3651,49394,49474,49504,49452,49404,49414,49491,49470,49383,49474
3652,49394,49474,49504,49452,49404,49414,49491,49470,49383,49474
3653,49394,49474,49504,49452,49404,49414,49491,49470,49383,49474
3654,49394,49474,49504,49452,49404,49414,49491,49470,49383,49474
3655,49394,49474,49504,49452,49404,49414,49491,49470,49383,49474
3656,49394,49474,49504,49452,49404,49414,49491,49470,49383,49474
3657,49394,49474,49504,49452,49404,49414,49491,49470,49383,49474
3658,49394,49474,49504,49452,49404,49414,49491,49470,49383,49474
3659,49394,49474,49504,49452,49404,49414,49491,49470,49383,49474
3660,49394,49474,49504,49452,49404,49414,49491,49470,49383,49474
3661,49394,49474,49504,49452,49404,49414,49491,49470,49383,49474
3662,49394,49474,49504,49452,49404,49414,49491,49470,49383,49474
3663,49394,49474,49504,49452,49404,49414,49491,49470,49383,49474
3664,49394,49474,49504,49452,49404,49414,49491,49470,49383,49474
3665,49394,49474,49504,49452,49404,49414,49491,49470,49383,49474
3666,49394,49474,49504,49452,49404,49414,49491,49470,49383,49474
3667,49394,49474,49504,49452,49404,49414,49491,49470,49383,49474
3668,49394,49474,49504,49452,49404,49414,49491,49470,49383,49474
3669,49394,49474,49504,49452,49404,49414,49491,49470,49383,49474
3670,49394,49474,49504,49452,49404,49414,49491,49470,49383,49474
3671,49394,49474,49504,49452,49404,49414,49491,49470,49383,49474
3672,49394,49474,49504,49452,49404,49414,49491,49470,49383,49474
3673,49394,49474,49504,49452,49404,49414,49491,49470,49383,49474
3674,49394,49474,49504,49452,49404,49414,49491,49470,49383,49474
3675,49394,49474,49504,49452,49404,49414,49491,49470,49383,49474
3676,49394,49474,49504,49452,49404,49414,49491,49470,49383,49474
3677,49394,49474,49504,49452,49404,49414,49491,49470,49383,49474
3678,49394,49474,49504,49452,49404,49414,49491,49470,49383,49474
3679,49394,49474,49504,49452,49404,49414,49491,49470,49383,49474
3680,49394,49474,49504,49452,49404,49414,49491,49470,49383,49474
3681,49394,49474,49504,49452,49404,49414,49491,49470,49383,49474
3682,49394,49474,49504,49452,49404,49414,49491,49470,49383,49474
3683,49394,49474,49504,49452,49404,49414,49491,49470,49383,49474
3684,49394,49474,49504,49452,49404,49414,49491,49470,49383,49474
3685,49394,49474,49504,49452,49404,49414,49491,49470,49383,49474
3686,49394,49474,49504,49452,49404,49414,49491,49470,49383,49474
3687,49394,49474,49504,49452,49404,49414,49491,49470,49383,49474
3688,49394,49474,49504,49452,49404,49414,49491,49470,49383,49474
3689,49394,49474,49504,49452,49404,49414,49491,49470,49383,49474
3690,49394,49474,49504,49452,49404,49414,49491,49470,49383,49474
3691,49394,49474,49504,49452,49404,49414,49491,49470,49383,49474
3692,49394,49474,49504,49452,49404,49414,49491,49470,49383,49474
3693,49394,49474,49504,49452,49404,49414,49491,49470,49383,49474
3694,49394,49474,49504,49452,49404,49414,49491,49470,49383,49474
3695,49394,49474,49504,49452,49404,49414,49491,49470,49383,49474
3696,49394,49474,49504,49452,49404,49414,49491,49470,49383,49474
3697,49394,49474,49504,49452,49404,49414,49491,49470,49383,49474
3698,49394,49474,49504,49452,49404,49414,49491,49470,49383,49474
3699,49394,49474,49504,49452,49404,49414,49491,49470,49383,49474
3700,49394,49474,49504,49452,49404,49414,49491,49470,49383,49474
3701,49394,49474,49504,49452,49404,49414,49491,49470,49383,49474
3702,49394,49474,49504,49452,49404,49414,49491,49470,49383,49474
3703,49394,49474,49504,49452,49404,49414,49491,49470,49383,49474
3704,49394,49474,49504,49452,49404,49414,49491,49470,49383,49474
3705,49394,49474,49504,49452,49404,49414,49491,49470,49383,49474
3706,49394,49474,49504,49452,49404,49414,49491,49470,49383,49474
3707,49394,49474,49504,49452,49404,49414,49491,49470,49383,49474
3708,49394,49474,49504,49452,49404,49414,49491,49470,49383,49474
3709,49394,49474,49504,49452,49404,49414,49491,49470,49383,49474
3710,49394,49474,49504,49452,49404,49414,49491,49470,49383,49474
3711,49394,49474,49504,49452,49404,49414,49491,49470,49383,49474
3712,49394,49474,49504,49452,49404,49414,49491,49470,49383,49474
3713,49394,49474,49504,49452,49404,49414,49491,49470,49383,49474
3714,49394,49474,49504,49452,49404,49414,49491,49470,49383,49474
3715,49394,49474,49504,49452,49404,49414,49491,49470,49383,49474
3716,49394,49474,49504,49452,49404,49414,49491,49470,49383,49474
3717,49394,49474,49504,49452,49404,49414,49491,49470,49383,49474
3718,49394,49474,49504,49452,49404,49414,49491,49470,49383,49474
3719,49394,49474,49504,49452,49404,49414,49491,49470,49383,49474
3720,49394,49474,49514,49452,49404,49414,49491,49470,49383,49474
3721,49394,49474,49514,49452,49404,49414,49491,49470,49383,49474
3722,49394,49474,49514,49452,49404,49414,49491,49470,49383,49474
3723,49394,49474,49514,49452,49404,49414,49491,49470,49383,49474
3724,49394,49474,49514,49452,49404,49414,49491,49470,49383,49474
3725,49394,49474,49514,49452,49404,49414,49491,49470,49383,49474
3726,49394,49474,49514,49452,49404,49433,49491,49470,49383,49474
3727,49394,49474,49524,49452,49404,49433,49491,49470,49383,49474
3728,49394,49474,49524,49452,49404,49433,49491,49470,49383,49474
3729,49394,49474,49524,49452,49404,49433,49491,49470,49383,49474
3730,49394,49474,49524,49452,49404,49433,49491,49470,49383,49474
3731,49394,49474,49524,49452,49404,49433,49491,49470,49383,49474
3732,49394,49474,49524,49452,49404,49433,49491,49470,49383,49474
3733,49394,49474,49524,49452,49404,49433,49491,49470,49383,49474
3734,49394,49474,49524,49452,49404,49433,49491,49470,49383,49474
3735,49394,49474,49524,49452,49404,49433,49491,49470,49383,49474
3736,49394,49474,49524,49452,49404,49433,49491,49470,49383,49474
3737,49394,49474,49524,49452,49404,49433,49491,49470,49383,49474
3738,49394,49474,49524,49452,49404,49433,49491,49470,49383,49474
3739,49394,49474,49524,49452,49404,49433,49491,49470,49383,49474
3740,49394,49474,49524,49452,49404,49433,49491,49470,49383,49474
3741,49394,49474,49524,49452,49404,49433,49491,49470,49383,49474
3742,49394,49474,49524,49452,49404,49433,49491,49470,49383,49474
3743,49394,49474,49524,49452,49404,49433,49491,49470,49383,49474
3744,49394,49474,49524,49452,49404,49433,49491,49470,49383,49474
3745,49394,49474,49524,49452,49404,49433,49491,49470,49383,49474
3746,49394,49474,49524,49452,49404,49433,49491,49470,49383,49474
3747,49394,49474,49524,49452,49404,49433,49491,49470,49383,49474
3748,49394,49474,49524,49452,49404,49433,49491,49470,49383,49474
3749,49394,49474,49543,49452,49404,49433,49491,49470,49383,49474
3750,49394,49474,49543,49452,49404,49433,49491,49470,49383,49474
3751,49394,49474,49543,49452,49404,49433,49491,49470,49383,49474
3752,49394,49474,49543,49452,49404,49433,49491,49470,49383,49474
3753,49394,49474,49543,49452,49404,49433,49491,49470,49383,49474
3754,49394,49474,49543,49452,49404,49433,49491,49470,49383,49474
3755,49394,49474,49543,49452,49404,49433,49491,49470,49383,49474
3756,49394,49474,49543,49452,49404,49433,49491,49470,49383,49474
3757,49394,49474,49543,49452,49404,49433,49491,49470,49383,49474
3758,49394,49474,49543,49452,49404,49433,49491,49470,49383,49474
3759,49394,49474,49543,49452,49404,49433,49491,49470,49383,49474
3760,49394,49474,49543,49452,49404,49433,49491,49470,49383,49474
3761,49394,49474,49543,49452,49404,49433,49491,49470,49383,49474
3762,49394,49474,49543,49452,49404,49433,49491,49470,49383,49474
3763,49394,49474,49543,49452,49404,49433,49491,49470,49383,49474
3764,49394,49474,49543,49452,49404,49433,49491,49470,49383,49474
3765,49394,49474,49543,49452,49404,49433,49491,49470,49383,49474
3766,49394,49474,49543,49452,49404,49433,49491,49470,49383,49474
3767,49394,49474,49543,49452,49404,49433,49491,49470,49383,49474
3768,49394,49474,49543,49452,49404,49433,49491,49470,49383,49474
3769,49394,49474,49543,49452,49404,49433,49491,49470,49383,49474
3770,49394,49474,49543,49452,49404,49433,49491,49470,49383,49474
3771,49394,49474,49543,49452,49404,49433,49491,49470,49383,49474
3772,49394,49474,49543,49452,49404,49433,49491,49470,49383,49474
3773,49394,49474,49543,49452,49404,49433,49491,49470,49383,49474
3774,49394,49474,49543,49452,49404,49434,49491,49470,49383,49474
3775,49394,49474,49543,49452,49404,49434,49491,49470,49383,49474
3776,49394,49474,49543,49452,49404,49434,49491,49470,49383,49474
3777,49394,49474,49543,49452,49404,49434,49491,49470,49383,49474
3778,49394,49474,49543,49452,49404,49434,49491,49470,49383,49474
3779,49394,49474,49543,49452,49404,49434,49491,49470,49383,49474
3780,49394,49474,49543,49452,49404,49434,49491,49470,49383,49474
3781,49394,49474,49543,49452,49404,49434,49491,49470,49383,49474
3782,49394,49474,49543,49452,49404,49434,49491,49470,49383,49474
3783,49394,49474,49543,49452,49404,49434,49491,49470,49383,49474
3784,49394,49474,49543,49452,49404,49434,49491,49470,49383,49474
3785,49394,49474,49543,49452,49404,49434,49491,49470,49383,49474
3786,49394,49474,49543,49452,49404,49434,49491,49470,49383,49474
3787,49394,49474,49543,49452,49404,49434,49491,49470,49383,49474
3788,49394,49474,49543,49452,49404,49434,49491,49470,49383,49474
3789,49394,49474,49543,49452,49404,49434,49491,49470,49383,49474
3790,49394,49474,49543,49452,49404,49434,49491,49470,49383,49474
3791,49394,49474,49543,49452,49404,49434,49491,49470,49383,49474
3792,49394,49474,49543,49452,49404,49434,49491,49470,49383,49474
3793,49394,49474,49543,49452,49404,49434,49491,49470,49383,49474
3794,49394,49474,49543,49452,49404,49434,49491,49470,49383,49474
3795,49394,49474,49543,49452,49404,49434,49491,49470,49383,49474
3796,49394,49474,49543,49452,49404,49434,49491,49470,49383,49474
3797,49394,49474,49543,49452,49404,49434,49491,49470,49383,49474
3798,49394,49474,49543,49452,49404,49434,49491,49470,49383,49474
3799,49394,49474,49543,49452,49404,49434,49491,49470,49383,49474
3800,49394,49474,49543,49452,49404,49434,49491,49470,49383,49474
3801,49394,49474,49543,49452,49404,49434,49491,49470,49383,49474
3802,49394,49474,49543,49452,49404,49434,49491,49470,49383,49474
3803,49394,49474,49543,49452,49404,49434,49491,49470,49383,49474
3804,49394,49474,49543,49452,49404,49434,49491,49470,49383,49474
3805,49394,49474,49543,49452,49404,49434,49491,49470,49383,49474
3806,49394,49474,49543,49452,49404,49434,49491,49470,49383,49474
3807,49394,49474,49543,49452,49404,49434,49491,49470,49383,49474
3808,49394,49474,49543,49452,49404,49434,49491,49470,49383,49474
3809,49394,49474,49543,49452,49404,49434,49491,49470,49383,49474
3810,49394,49474,49543,49452,49404,49434,49491,49470,49383,49474
3811,49394,49474,49543,49452,49404,49434,49491,49470,49383,49474
3812,49394,49474,49543,49452,49404,49434,49491,49470,49383,49474
3813,49394,49474,49543,49452,49404,49434,49491,49470,49383,49474
3814,49394,49474,49543,49452,49404,49434,49491,49470,49383,49474
3815,49394,49474,49543,49452,49404,49434,49491,49470,49383,49474
3816,49394,49474,49543,49452,49404,49434,49491,49470,49383,49474
3817,49394,49474,49543,49452,49404,49434,49491,49470,49383,49474
3818,49394,49474,49543,49452,49404,49434,49491,49470,49383,49474
3819,49394,49474,49543,49452,49404,49434,49491,49470,49383,49474
3820,49394,49474,49543,49452,49404,49434,49491,49470,49383,49474
3821,49394,49474,49543,49452,49404,49434,49491,49470,49383,49474
3822,49394,49474,49543,49452,49404,49434,49491,49470,49383,49474
3823,49394,49474,49543,49452,49404,49434,49491,49470,49383,49474
3824,49394,49474,49543,49452,49404,49434,49491,49470,49383,49474
3825,49394,49474,49543,49452,49404,49434,49491,49470,49383,49474
3826,49394,49474,49543,49452,49404,49434,49491,49470,49383,49474
3827,49394,49474,49543,49452,49404,49434,49491,49470,49383,49474
3828,49394,49474,49543,49452,49404,49434,49491,49470,49383,49474
3829,49394,49474,49543,49452,49404,49434,49491,49470,49383,49474
3830,49394,49474,49543,49452,49404,49434,49491,49470,49383,49474
3831,49394,49474,49543,49452,49404,49434,49491,49470,49383,49474
3832,49394,49474,49543,49452,49404,49434,49491,49470,49383,49474
3833,49394,49474,49543,49452,49404,49434,49491,49470,49383,49474
3834,49394,49474,49543,49452,49404,49434,49491,49470,49383,49474
3835,49394,49474,49543,49452,49404,49434,49491,49470,49383,49474
3836,49394,49474,49543,49452,49404,49434,49491,49470,49383,49474
3837,49394,49474,49543,49452,49404,49434,49491,49470,49383,49474
3838,49394,49474,49543,49452,49404,49434,49491,49470,49383,49474
3839,49394,49474,49543,49452,49404,49434,49491,49470,49383,49474
3840,49394,49474,49543,49452,49404,49434,49491,49470,49383,49474
3841,49394,49474,49543,49452,49404,49434,49491,49470,49383,49474
3842,49394,49474,49543,49452,49404,49434,49491,49470,49383,49474
3843,49394,49474,49543,49452,49404,49434,49491,49470,49383,49474
3844,49394,49474,49543,49452,49404,49434,49491,49470,49383,49474
3845,49394,49474,49543,49452,49404,49434,49491,49470,49383,49474
3846,49394,49474,49543,49452,49404,49434,49491,49470,49383,49474
3847,49394,49474,49543,49452,49404,49434,49491,49470,49383,49474
3848,49394,49474,49543,49452,49404,49434,49491,49470,49383,49474
3849,49394,49474,49543,49452,49404,49434,49491,49470,49383,49474
3850,49394,49474,49543,49452,49404,49434,49491,49470,49383,49474
3851,49394,49474,49543,49452,49404,49434,49491,49470,49383,49474
3852,49394,49474,49543,49452,49404,49434,49491,49470,49383,49474
3853,49394,49474,49543,49452,49404,49434,49491,49470,49383,49474
3854,49394,49474,49544,49452,49404,49434,49491,49470,49383,49474
3855,49394,49474,49544,49452,49404,49434,49491,49470,49383,49474
3856,49394,49474,49544,49452,49404,49434,49491,49470,49383,49474
3857,49394,49474,49544,49452,49404,49434,49491,49470,49383,49474
3858,49394,49474,49544,49452,49404,49434,49491,49470,49383,49474
3859,49394,49474,49544,49452,49404,49434,49491,49470,49383,49474
3860,49394,49474,49544,49452,49404,49434,49491,49470,49383,49474
3861,49394,49474,49544,49452,49404,49434,49491,49470,49383,49474
3862,49394,49474,49544,49452,49404,49434,49491,49470,49383,49474
3863,49394,49474,49544,49452,49404,49434,49491,49470,49383,49474
3864,49394,49474,49544,49452,49404,49434,49491,49470,49383,49474
3865,49394,49474,49544,49452,49404,49434,49491,49470,49383,49474
3866,49394,49474,49544,49452,49404,49434,49491,49470,49383,49474
3867,49394,49474,49544,49452,49404,49434,49491,49470,49383,49474
3868,49394,49474,49544,49452,49404,49434,49491,49470,49383,49474
3869,49394,49474,49544,49452,49404,49434,49491,49470,49383,49474
3870,49394,49474,49544,49452,49404,49434,49491,49470,49383,49474
3871,49394,49474,49544,49452,49404,49434,49491,49470,49383,49474
3872,49394,49474,49544,49452,49404,49434,49491,49470,49383,49474
3873,49394,49474,49544,49452,49404,49434,49491,49470,49383,49474
3874,49394,49474,49544,49452,49404,49434,49491,49470,49383,49474
3875,49394,49474,49544,49452,49404,49434,49491,49470,49383,49474
3876,49394,49474,49544,49452,49404,49434,49491,49470,49383,49474
3877,49394,49474,49544,49452,49404,49434,49491,49470,49383,49474
3878,49394,49474,49544,49452,49404,49434,49491,49470,49383,49474
3879,49394,49474,49544,49452,49404,49434,49491,49470,49383,49474
3880,49394,49474,49544,49452,49404,49434,49491,49470,49383,49474
3881,49394,49474,49544,49452,49404,49434,49491,49470,49383,49474
3882,49394,49474,49544,49452,49404,49434,49491,49470,49383,49474
3883,49394,49474,49544,49452,49404,49434,49491,49470,49383,49474
3884,49394,49474,49544,49452,49404,49434,49491,49470,49383,49474
3885,49394,49474,49544,49452,49404,49434,49491,49470,49383,49474
3886,49394,49474,49544,49452,49404,49434,49491,49470,49383,49474
3887,49394,49474,49544,49452,49404,49434,49491,49470,49383,49474
3888,49394,49474,49544,49452,49404,49434,49491,49470,49383,49474
3889,49394,49474,49544,49452,49404,49434,49491,49470,49383,49474
3890,49394,49474,49544,49452,49404,49434,49491,49470,49383,49474
3891,49394,49474,49544,49452,49404,49434,49491,49470,49383,49474
3892,49394,49474,49544,49452,49404,49434,49491,49470,49383,49474
3893,49394,49474,49544,49452,49404,49434,49491,49470,49383,49474
3894,49394,49474,49544,49452,49404,49434,49491,49470,49383,49474
3895,49394,49474,49544,49452,49404,49434,49491,49470,49383,49474
3896,49394,49474,49544,49452,49404,49434,49491,49470,49383,49474
3897,49394,49474,49544,49452,49404,49434,49491,49470,49383,49474
3898,49394,49474,49544,49452,49404,49434,49491,49470,49383,49474
3899,49394,49474,49544,49452,49404,49434,49491,49470,49383,49474
3900,49394,49474,49544,49452,49404,49434,49491,49470,49383,49474
3901,49394,49474,49544,49452,49404,49434,49491,49470,49383,49474
3902,49394,49474,49544,49452,49404,49434,49491,49470,49383,49474
3903,49394,49474,49544,49452,49404,49434,49491,49470,49383,49474
3904,49394,49474,49544,49452,49404,49434,49491,49470,49383,49474
3905,49394,49474,49544,49452,49404,49434,49491,49470,49383,49474
3906,49394,49474,49544,49452,49404,49434,49491,49470,49383,49474
3907,49394,49474,49544,49452,49404,49434,49491,49470,49383,49474
3908,49394,49474,49544,49452,49404,49434,49491,49470,49383,49474
3909,49394,49474,49544,49452,49404,49434,49491,49470,49383,49474
3910,49394,49474,49544,49452,49404,49434,49491,49470,49383,49474
3911,49394,49474,49544,49452,49404,49434,49491,49470,49383,49474
3912,49394,49474,49544,49452,49404,49434,49491,49470,49383,49474
3913,49394,49474,49544,49452,49404,49434,49491,49470,49383,49474
3914,49394,49474,49544,49452,49404,49434,49491,49470,49383,49474
3915,49394,49474,49544,49452,49404,49434,49491,49470,49383,49474
3916,49394,49474,49544,49452,49404,49434,49491,49470,49383,49474
3917,49394,49474,49544,49452,49404,49434,49491,49470,49383,49474
3918,49394,49474,49544,49452,49404,49434,49491,49470,49383,49474
3919,49394,49474,49544,49452,49404,49434,49491,49470,49383,49474
3920,49394,49474,49544,49452,49404,49434,49491,49470,49383,49474
3921,49394,49474,49544,49452,49404,49434,49491,49470,49383,49474
3922,49394,49474,49544,49452,49404,49434,49491,49470,49383,49474
3923,49394,49474,49544,49452,49404,49434,49491,49470,49383,49474
3924,49394,49474,49544,49452,49404,49434,49491,49470,49383,49474
3925,49394,49474,49544,49452,49404,49434,49491,49470,49383,49474
3926,49394,49474,49544,49452,49404,49434,49491,49470,49383,49474
3927,49394,49474,49544,49452,49404,49434,49491,49470,49383,49474
3928,49394,49474,49544,49452,49404,49434,49491,49470,49383,49474
3929,49394,49474,49544,49452,49404,49434,49491,49470,49383,49474
3930,49394,49474,49544,49452,49404,49434,49491,49470,49383,49474
3931,49394,49474,49544,49452,49404,49434,49491,49470,49383,49474
3932,49394,49474,49544,49452,49404,49434,49491,49470,49383,49474
3933,49394,49474,49544,49452,49404,49434,49491,49470,49383,49474
3934,49394,49474,49544,49452,49404,49434,49491,49470,49383,49474
3935,49394,49474,49544,49452,49404,49434,49491,49470,49383,49474
3936,49394,49474,49544,49452,49404,49434,49491,49470,49383,49474
3937,49394,49474,49544,49452,49404,49434,49491,49470,49383,49474
3938,49394,49474,49544,49452,49404,49434,49491,49470,49383,49474
3939,49394,49474,49544,49452,49404,49434,49491,49470,49383,49474
3940,49394,49474,49544,49452,49404,49434,49491,49470,49383,49474
3941,49394,49474,49544,49452,49404,49434,49491,49470,49383,49474
3942,49394,49474,49544,49452,49404,49434,49491,49470,49383,49474
3943,49394,49474,49544,49452,49404,49434,49491,49470,49383,49474
3944,49394,49474,49544,49452,49404,49434,49491,49470,49383,49474
3945,49394,49474,49544,49452,49404,49434,49491,49470,49383,49474
3946,49394,49474,49544,49452,49404,49434,49491,49470,49383,49474
3947,49394,49474,49544,49452,49404,49434,49491,49470,49383,49474
3948,49394,49474,49544,49452,49404,49434,49491,49470,49383,49474
3949,49394,49474,49544,49452,49404,49434,49491,49470,49383,49474
3950,49394,49474,49544,49452,49404,49434,49491,49470,49383,49474
3951,49394,49474,49544,49452,49404,49434,49491,49470,49383,49474
3952,49394,49474,49544,49452,49404,49434,49491,49470,49383,49474
3953,49394,49474,49544,49452,49404,49434,49491,49470,49383,49474
3954,49394,49474,49544,49452,49404,49434,49491,49470,49383,49474
3955,49394,49474,49544,49452,49404,49434,49491,49470,49383,49474
3956,49394,49474,49544,49452,49404,49434,49491,49470,49383,49474
3957,49394,49474,49544,49452,49404,49434,49491,49470,49383,49474
3958,49394,49474,49544,49452,49404,49434,49491,49470,49383,49474
3959,49394,49474,49544,49452,49404,49434,49491,49470,49383,49474
3960,49394,49474,49544,49452,49404,49434,49491,49470,49383,49474
3961,49394,49474,49544,49452,49404,49434,49491,49470,49383,49474
3962,49394,49474,49544,49452,49404,49434,49491,49470,49383,49474
3963,49394,49474,49544,49452,49404,49434,49491,49470,49383,49474
3964,49394,49474,49544,49452,49404,49434,49491,49470,49383,49474
3965,49394,49474,49544,49452,49404,49434,49491,49470,49383,49474
3966,49394,49474,49544,49452,49404,49434,49491,49470,49383,49474
3967,49394,49474,49544,49452,49404,49434,49491,49470,49383,49474
3968,49394,49474,49544,49452,49404,49434,49491,49470,49383,49474
3969,49394,49474,49544,49452,49404,49434,49491,49470,49383,49474
3970,49394,49474,49544,49452,49404,49434,49491,49470,49383,49474
3971,49394,49474,49544,49452,49404,49434,49491,49470,49383,49474
3972,49394,49474,49544,49452,49404,49434,49491,49470,49383,49474
3973,49394,49474,49544,49452,49404,49434,49491,49470,49383,49474
3974,49394,49474,49544,49452,49404,49434,49491,49470,49383,49474
3975,49394,49474,49544,49452,49404,49434,49491,49470,49383,49474
3976,49394,49474,49544,49452,49404,49434,49491,49470,49383,49474
3977,49394,49474,49544,49452,49404,49434,49491,49470,49383,49474
3978,49394,49474,49544,49452,49404,49434,49491,49470,49383,49474
3979,49394,49474,49544,49452,49404,49434,49491,49470,49383,49474
3980,49394,49474,49544,49452,49404,49434,49491,49470,49383,49474
3981,49394,49474,49544,49452,49404,49434,49491,49470,49383,49474
3982,49394,49474,49544,49452,49404,49434,49491,49470,49383,49474
3983,49394,49474,49544,49452,49404,49434,49491,49470,49383,49474
3984,49394,49474,49544,49452,49404,49434,49491,49470,49383,49474
3985,49394,49474,49544,49452,49404,49434,49491,49470,49383,49474
3986,49394,49474,49544,49452,49404,49434,49491,49470,49383,49474
3987,49394,49474,49544,49452,49404,49434,49491,49470,49383,49474
3988,49394,49474,49544,49452,49404,49434,49491,49470,49383,49474
3989,49394,49474,49544,49452,49404,49434,49491,49470,49383,49474
3990,49394,49474,49544,49452,49404,49434,49491,49470,49383,49474
3991,49394,49474,49544,49452,49404,49434,49491,49470,49383,49474
3992,49394,49474,49544,49452,49404,49434,49491,49470,49383,49474
3993,49394,49474,49544,49452,49404,49434,49491,49470,49383,49474
3994,49394,49474,49544,49452,49404,49434,49491,49470,49383,49474
3995,49394,49474,49544,49452,49404,49434,49491,49470,49383,49474
3996,49394,49474,49544,49452,49404,49434,49491,49470,49383,49474
3997,49394,49474,49544,49452,49404,49434,49491,49470,49383,49474
3998,49394,49474,49544,49452,49404,49434,49491,49470,49383,49474
3999,49394,49474,49544,49452,49404,49434,49491,49470,49383,49474
4000,49394,49474,49544,49452,49404,49434,49491,49470,49383,49474
4001,49394,49474,49544,49452,49404,49434,49491,49470,49383,49474
4002,49394,49474,49544,49452,49404,49434,49491,49470,49383,49474
4003,49394,49474,49544,49452,49404,49434,49491,49470,49383,49474
4004,49394,49474,49544,49452,49404,49434,49491,49470,49383,49474
4005,49394,49474,49544,49452,49404,49434,49491,49470,49383,49474
4006,49394,49474,49544,49452,49404,49434,49491,49470,49383,49474
4007,49394,49474,49544,49452,49404,49434,49491,49470,49383,49474
4008,49394,49474,49544,49452,49404,49434,49491,49470,49383,49474
4009,49394,49474,49544,49452,49404,49434,49491,49470,49383,49474
4010,49394,49474,49544,49452,49404,49434,49491,49470,49383,49474
4011,49394,49474,49544,49452,49404,49434,49491,49470,49383,49474
4012,49394,49474,49544,49452,49404,49434,49491,49470,49383,49474
4013,49394,49474,49544,49452,49404,49434,49491,49470,49383,49474
4014,49394,49474,49544,49452,49404,49434,49491,49470,49383,49474
4015,49394,49474,49544,49452,49404,49434,49491,49470,49383,49474
4016,49394,49474,49544,49452,49404,49434,49491,49470,49383,49474
4017,49394,49474,49544,49452,49404,49434,49491,49470,49383,49474
4018,49394,49474,49544,49452,49404,49434,49491,49470,49383,49474
4019,49394,49474,49544,49452,49404,49434,49491,49470,49383,49474
4020,49394,49474,49544,49452,49404,49434,49491,49470,49383,49474
4021,49394,49474,49544,49452,49404,49434,49491,49470,49383,49474
4022,49394,49474,49544,49452,49404,49434,49491,49470,49383,49474
4023,49394,49474,49544,49452,49404,49434,49491,49470,49383,49474
4024,49394,49474,49544,49452,49404,49434,49491,49470,49383,49474
4025,49394,49474,49544,49452,49404,49434,49491,49470,49383,49474
4026,49394,49474,49544,49452,49404,49434,49491,49470,49383,49474
4027,49394,49474,49544,49452,49404,49434,49491,49470,49383,49474
4028,49394,49474,49544,49452,49404,49434,49491,49470,49383,49474
4029,49394,49474,49544,49452,49404,49434,49491,49470,49383,49474
4030,49394,49474,49544,49452,49404,49434,49491,49470,49383,49474
4031,49394,49474,49544,49452,49404,49434,49491,49470,49383,49474
4032,49394,49474,49544,49452,49404,49434,49491,49470,49383,49474
4033,49394,49474,49544,49452,49404,49434,49491,49470,49383,49474
4034,49394,49474,49544,49452,49404,49434,49491,49470,49383,49474
4035,49394,49474,49544,49452,49404,49434,49491,49470,49383,49474
4036,49394,49474,49544,49452,49404,49434,49491,49470,49383,49474
4037,49394,49474,49544,49452,49404,49434,49491,49470,49383,49474
4038,49394,49474,49544,49452,49404,49434,49491,49470,49383,49474
4039,49394,49474,49544,49452,49404,49434,49491,49470,49383,49474
4040,49394,49474,49544,49452,49404,49434,49491,49470,49383,49474
4041,49394,49474,49544,49452,49404,49434,49491,49470,49383,49474
4042,49394,49474,49544,49452,49404,49434,49491,49470,49383,49474
4043,49394,49474,49544,49452,49404,49434,49491,49470,49383,49474
4044,49394,49474,49544,49452,49404,49434,49491,49470,49383,49474
4045,49394,49474,49544,49452,49404,49434,49491,49470,49383,49474
4046,49394,49474,49544,49452,49404,49434,49491,49470,49383,49474
4047,49394,49474,49544,49452,49404,49434,49491,49470,49383,49474
4048,49394,49474,49544,49452,49404,49434,49491,49470,49383,49474
4049,49394,49474,49544,49452,49404,49434,49491,49470,49383,49474
4050,49394,49474,49544,49452,49404,49434,49491,49470,49383,49474
4051,49394,49474,49544,49452,49404,49434,49491,49470,49383,49474
4052,49394,49474,49544,49452,49404,49434,49491,49470,49383,49474
4053,49394,49474,49544,49452,49404,49434,49491,49470,49383,49474
4054,49394,49474,49544,49452,49404,49434,49491,49470,49383,49474
4055,49394,49474,49544,49452,49404,49434,49491,49470,49383,49474
4056,49394,49474,49544,49452,49404,49434,49491,49470,49383,49474
4057,49394,49474,49544,49452,49404,49434,49491,49470,49383,49474
4058,49394,49474,49544,49452,49404,49434,49491,49470,49383,49474
4059,49394,49474,49544,49452,49404,49434,49491,49470,49383,49474
4060,49394,49474,49544,49452,49404,49434,49491,49470,49383,49474
4061,49394,49474,49544,49452,49404,49434,49491,49470,49383,49474
4062,49394,49474,49544,49452,49404,49434,49491,49470,49383,49474
4063,49394,49474,49544,49452,49404,49434,49491,49470,49383,49474
4064,49394,49474,49544,49452,49404,49434,49491,49470,49383,49474
4065,49394,49474,49544,49452,49404,49434,49491,49470,49383,49474
4066,49394,49474,49544,49452,49404,49434,49491,49470,49383,49474
4067,49394,49474,49544,49452,49404,49434,49491,49470,49383,49474
4068,49394,49474,49544,49452,49404,49434,49491,49470,49383,49474
4069,49394,49474,49544,49452,49404,49434,49491,49470,49383,49474
4070,49394,49474,49544,49452,49404,49434,49491,49470,49383,49474
4071,49394,49474,49544,49452,49404,49434,49491,49470,49383,49474
4072,49394,49474,49544,49452,49404,49434,49491,49470,49383,49474
4073,49394,49474,49544,49452,49404,49434,49491,49470,49383,49474
4074,49394,49474,49544,49452,49404,49434,49491,49470,49383,49474
4075,49394,49474,49544,49452,49404,49434,49491,49470,49383,49474
4076,49394,49474,49544,49452,49404,49434,49491,49470,49383,49474
4077,49394,49474,49544,49452,49404,49434,49491,49470,49383,49474
4078,49394,49474,49544,49452,49404,49434,49491,49470,49383,49474
4079,49394,49474,49544,49452,49404,49434,49491,49470,49383,49474
4080,49394,49474,49544,49452,49404,49434,49491,49470,49383,49474
4081,49394,49474,49544,49452,49404,49434,49491,49470,49383,49474
4082,49394,49474,49544,49452,49404,49434,49491,49470,49383,49474
4083,49394,49474,49544,49452,49404,49434,49491,49470,49383,49474
4084,49394,49474,49544,49452,49404,49434,49491,49470,49383,49474
4085,49394,49474,49544,49452,49404,49434,49491,49470,49383,49474
4086,49394,49474,49544,49452,49404,49434,49491,49470,49383,49474
4087,49394,49474,49544,49452,49404,49434,49491,49470,49383,49474
4088,49394,49474,49544,49452,49404,49434,49491,49470,49383,49474
4089,49394,49474,49544,49452,49404,49434,49491,49470,49383,49474
4090,49394,49474,49544,49452,49404,49434,49491,49470,49383,49474
4091,49394,49474,49544,49452,49404,49434,49491,49470,49383,49474
4092,49394,49474,49544,49452,49404,49434,49491,49470,49383,49474
4093,49394,49474,49544,49452,49404,49434,49491,49470,49383,49474
4094,49394,49474,49544,49452,49404,49434,49491,49470,49383,49474
4095,49394,49474,49544,49452,49404,49434,49491,49470,49383,49474
4096,49394,49474,49544,49452,49404,49434,49491,49470,49383,49474
4097,49394,49474,49544,49452,49404,49434,49491,49470,49383,49474
4098,49394,49474,49544,49452,49404,49434,49491,49470,49383,49474
4099,49394,49474,49544,49452,49404,49434,49491,49470,49383,49474
4100,49394,49474,49544,49452,49404,49434,49491,49470,49383,49474
4101,49394,49474,49544,49452,49404,49434,49491,49470,49383,49474
4102,49394,49474,49544,49452,49404,49434,49491,49470,49383,49474
4103,49394,49474,49544,49452,49404,49434,49491,49470,49383,49474
4104,49394,49474,49544,49452,49404,49434,49491,49470,49383,49474
4105,49394,49474,49544,49452,49404,49434,49491,49470,49383,49474
4106,49394,49474,49544,49452,49404,49434,49491,49470,49383,49474
4107,49394,49474,49544,49452,49404,49434,49491,49470,49383,49474
4108,49394,49474,49544,49452,49404,49434,49491,49470,49383,49474
4109,49394,49474,49544,49452,49404,49434,49491,49470,49383,49474
4110,49394,49474,49544,49452,49404,49434,49491,49470,49383,49474
4111,49394,49474,49544,49452,49404,49434,49491,49470,49383,49474
4112,49394,49474,49544,49452,49404,49434,49491,49470,49383,49474
4113,49394,49474,49544,49452,49404,49434,49491,49470,49383,49474
4114,49394,49474,49544,49452,49404,49434,49491,49470,49383,49474
4115,49394,49474,49544,49452,49404,49434,49491,49470,49383,49474
4116,49394,49474,49544,49452,49404,49434,49491,49470,49383,49474
4117,49394,49474,49544,49452,49404,49434,49491,49470,49383,49474
4118,49394,49474,49544,49452,49404,49434,49491,49470,49383,49474
4119,49394,49474,49544,49452,49404,49434,49491,49470,49383,49474
4120,49394,49474,49544,49452,49404,49434,49491,49470,49383,49474
4121,49394,49474,49544,49452,49404,49434,49491,49470,49383,49474
4122,49394,49474,49544,49452,49404,49434,49491,49470,49383,49474
4123,49394,49474,49544,49452,49404,49434,49491,49470,49383,49474
4124,49394,49474,49544,49452,49404,49434,49491,49470,49383,49474
4125,49394,49474,49544,49452,49404,49434,49491,49470,49383,49474
4126,49394,49474,49544,49452,49404,49434,49491,49470,49383,49474
4127,49394,49474,49544,49452,49404,49434,49491,49470,49383,49474
4128,49394,49474,49544,49452,49404,49434,49491,49470,49383,49474
4129,49394,49474,49544,49452,49404,49434,49491,49470,49383,49474
4130,49394,49474,49544,49452,49404,49434,49491,49470,49383,49474
4131,49394,49474,49544,49452,49404,49434,49491,49470,49383,49474
4132,49394,49474,49544,49452,49404,49434,49491,49470,49383,49474
4133,49394,49474,49544,49452,49404,49434,49491,49470,49383,49474
4134,49394,49474,49544,49452,49404,49434,49491,49470,49383,49474
4135,49394,49474,49544,49452,49404,49434,49491,49470,49383,49474
4136,49394,49474,49544,49452,49404,49434,49491,49470,49383,49474
4137,49394,49474,49544,49452,49404,49434,49491,49470,49383,49474
4138,49394,49474,49544,49452,49404,49434,49491,49470,49383,49474
4139,49394,49474,49544,49452,49404,49434,49491,49470,49383,49474
4140,49394,49474,49544,49452,49404,49434,49491,49470,49383,49474
4141,49394,49474,49544,49452,49404,49434,49491,49470,49383,49474
4142,49394,49474,49544,49452,49404,49434,49491,49470,49383,49474
4143,49394,49474,49544,49452,49404,49434,49491,49470,49383,49474
4144,49394,49474,49544,49452,49404,49434,49491,49470,49383,49474
4145,49394,49474,49544,49452,49404,49434,49491,49470,49383,49474
4146,49394,49474,49544,49452,49404,49434,49491,49470,49383,49474
4147,49394,49474,49544,49452,49404,49434,49491,49470,49383,49474
4148,49394,49474,49544,49452,49404,49434,49491,49470,49383,49474
4149,49394,49474,49544,49452,49404,49434,49491,49470,49383,49474
4150,49394,49474,49544,49452,49404,49434,49491,49470,49383,49474
4151,49394,49474,49544,49452,49404,49434,49491,49470,49383,49474
4152,49394,49474,49544,49452,49404,49434,49491,49470,49383,49474
4153,49394,49474,49544,49452,49404,49434,49491,49470,49383,49474
4154,49394,49474,49544,49452,49404,49434,49491,49470,49383,49474
4155,49394,49474,49544,49452,49404,49434,49491,49470,49383,49474
4156,49394,49474,49544,49452,49404,49434,49491,49470,49383,49474
4157,49394,49474,49544,49452,49404,49434,49491,49470,49383,49474
4158,49394,49474,49544,49452,49404,49434,49491,49470,49383,49474
4159,49394,49474,49544,49452,49404,49434,49491,49470,49383,49474
4160,49394,49474,49544,49452,49404,49434,49491,49470,49383,49474
4161,49394,49474,49544,49452,49404,49434,49491,49470,49383,49474
4162,49394,49474,49544,49452,49404,49434,49491,49470,49383,49474
4163,49394,49474,49544,49452,49404,49434,49491,49470,49383,49474
4164,49394,49474,49544,49452,49404,49434,49491,49470,49383,49474
4165,49394,49474,49544,49452,49404,49434,49491,49470,49383,49474
4166,49394,49474,49544,49452,49404,49434,49491,49470,49383,49474
4167,49394,49474,49544,49452,49404,49434,49491,49470,49383,49474
4168,49394,49474,49544,49452,49404,49434,49491,49470,49383,49474
4169,49394,49474,49544,49452,49404,49434,49491,49470,49383,49474
4170,49394,49474,49544,49452,49404,49434,49491,49470,49383,49474
4171,49394,49474,49544,49452,49404,49434,49491,49470,49383,49474
4172,49394,49474,49544,49452,49404,49434,49491,49470,49383,49474
4173,49394,49474,49544,49452,49404,49434,49491,49470,49383,49474
4174,49394,49474,49544,49452,49404,49434,49491,49470,49383,49474
4175,49394,49474,49544,49452,49404,49434,49491,49470,49383,49474
4176,49394,49474,49544,49452,49404,49434,49491,49470,49383,49474
4177,49394,49474,49544,49452,49404,49434,49491,49470,49383,49474
4178,49394,49474,49544,49452,49404,49434,49491,49470,49383,49474
4179,49394,49474,49544,49452,49404,49434,49491,49470,49383,49474
4180,49394,49474,49544,49452,49404,49434,49491,49470,49383,49474
4181,49394,49474,49544,49452,49404,49434,49491,49470,49383,49474
4182,49394,49474,49544,49452,49404,49434,49491,49470,49383,49474
4183,49394,49474,49544,49452,49404,49434,49491,49470,49383,49474
4184,49394,49474,49544,49452,49404,49434,49491,49470,49383,49474
4185,49394,49474,49544,49452,49404,49434,49491,49470,49383,49474
4186,49394,49474,49544,49452,49404,49434,49491,49470,49383,49474
4187,49394,49474,49544,49452,49404,49434,49491,49470,49383,49474
4188,49394,49474,49544,49452,49404,49434,49491,49470,49383,49474
4189,49394,49474,49544,49452,49404,49434,49491,49470,49383,49474
4190,49394,49474,49544,49452,49404,49434,49491,49470,49383,49474
4191,49394,49474,49544,49452,49404,49434,49491,49470,49383,49474
4192,49394,49474,49544,49452,49404,49434,49491,49470,49383,49474
4193,49394,49474,49544,49452,49404,49434,49491,49470,49383,49474
4194,49394,49474,49544,49452,49404,49434,49491,49470,49383,49474
4195,49394,49474,49544,49452,49404,49434,49491,49470,49383,49474
4196,49394,49474,49544,49452,49404,49434,49491,49470,49383,49474
4197,49394,49474,49544,49452,49404,49434,49491,49470,49383,49474
4198,49394,49474,49544,49452,49404,49434,49491,49470,49383,49474
4199,49394,49474,49544,49452,49404,49434,49491,49470,49383,49474
4200,49394,49474,49544,49452,49404,49434,49491,49470,49383,49474
4201,49394,49474,49544,49452,49404,49434,49491,49470,49383,49474
4202,49394,49474,49544,49452,49404,49434,49491,49470,49383,49474
4203,49394,49474,49544,49452,49404,49434,49491,49470,49383,49474
4204,49394,49474,49544,49452,49404,49434,49491,49470,49383,49474
4205,49394,49474,49544,49452,49404,49434,49491,49470,49383,49474
4206,49394,49474,49544,49452,49404,49434,49491,49470,49383,49474
4207,49394,49474,49544,49452,49404,49434,49491,49470,49383,49474
4208,49394,49474,49544,49452,49404,49434,49491,49470,49383,49474
4209,49394,49474,49544,49452,49404,49434,49491,49470,49383,49474
4210,49394,49474,49544,49452,49404,49434,49491,49470,49383,49474
4211,49394,49474,49544,49452,49404,49434,49491,49470,49383,49474
4212,49394,49474,49544,49452,49404,49434,49491,49470,49383,49474
4213,49394,49474,49544,49452,49404,49434,49491,49470,49383,49474
4214,49394,49474,49544,49452,49404,49434,49491,49470,49383,49474
4215,49394,49474,49544,49452,49404,49434,49491,49470,49383,49474
4216,49394,49474,49544,49452,49404,49434,49491,49470,49383,49474
4217,49394,49474,49544,49452,49404,49434,49491,49470,49383,49474
4218,49394,49474,49544,49452,49404,49434,49491,49470,49383,49474
4219,49394,49474,49544,49452,49404,49434,49491,49470,49383,49474
4220,49394,49474,49544,49452,49404,49434,49491,49470,49383,49474
4221,49394,49474,49544,49452,49404,49434,49491,49470,49383,49474
4222,49394,49474,49544,49452,49404,49434,49491,49470,49383,49474
4223,49394,49474,49544,49452,49404,49434,49491,49470,49383,49474
4224,49394,49474,49544,49452,49404,49434,49491,49470,49383,49474
4225,49394,49474,49544,49452,49404,49434,49491,49470,49383,49474
4226,49394,49474,49544,49452,49404,49434,49491,49470,49383,49474
4227,49394,49474,49544,49452,49404,49434,49491,49470,49383,49474
4228,49394,49474,49544,49452,49404,49434,49491,49470,49383,49474
4229,49394,49474,49544,49452,49404,49434,49491,49470,49383,49474
4230,49394,49474,49544,49452,49404,49434,49491,49470,49383,49474
4231,49394,49474,49544,49452,49404,49434,49491,49470,49383,49474
4232,49394,49474,49544,49452,49404,49434,49491,49470,49383,49474
4233,49394,49474,49544,49452,49404,49434,49491,49470,49383,49474
4234,49394,49474,49544,49452,49404,49434,49491,49470,49383,49474
4235,49394,49474,49544,49452,49404,49434,49491,49470,49383,49474
4236,49394,49474,49544,49452,49404,49434,49491,49470,49383,49474
4237,49394,49474,49544,49452,49404,49434,49491,49470,49383,49474
4238,49394,49474,49544,49452,49404,49434,49491,49470,49383,49474
4239,49394,49474,49544,49452,49404,49434,49491,49470,49383,49474
4240,49394,49474,49544,49452,49404,49434,49491,49470,49383,49474
4241,49394,49474,49544,49452,49404,49434,49491,49470,49383,49474
4242,49394,49474,49544,49452,49404,49434,49491,49470,49383,49474
4243,49394,49474,49544,49452,49404,49434,49491,49470,49383,49474
4244,49394,49474,49544,49452,49404,49434,49491,49470,49383,49474
4245,49394,49474,49544,49452,49404,49434,49491,49470,49383,49474
4246,49394,49474,49544,49452,49404,49434,49491,49470,49383,49474
4247,49394,49474,49544,49452,49404,49434,49491,49470,49383,49474
4248,49394,49474,49544,49452,49404,49434,49491,49470,49383,49474
4249,49394,49474,49544,49452,49404,49434,49491,49470,49383,49474
4250,49394,49474,49544,49452,49404,49434,49491,49470,49383,49474
4251,49394,49474,49544,49452,49404,49434,49491,49470,49383,49474
4252,49394,49474,49544,49452,49404,49434,49491,49470,49383,49474
4253,49394,49474,49544,49452,49404,49434,49491,49470,49383,49474
4254,49394,49474,49544,49452,49404,49434,49491,49470,49383,49474
4255,49394,49474,49544,49452,49404,49434,49491,49470,49383,49474
4256,49394,49474,49544,49452,49404,49434,49491,49470,49383,49474
4257,49394,49474,49544,49452,49404,49434,49491,49470,49383,49474
4258,49394,49474,49544,49452,49404,49434,49491,49470,49383,49474
4259,49394,49474,49544,49452,49404,49434,49491,49470,49383,49474
4260,49394,49474,49544,49452,49404,49434,49491,49470,49383,49474
4261,49394,49474,49544,49452,49404,49434,49491,49470,49383,49474
4262,49394,49474,49544,49452,49404,49434,49491,49470,49383,49474
4263,49394,49474,49544,49452,49404,49434,49491,49470,49383,49474
4264,49394,49474,49544,49452,49404,49434,49491,49470,49383,49474
4265,49394,49474,49544,49452,49404,49434,49491,49470,49383,49474
4266,49394,49474,49544,49452,49404,49434,49491,49470,49383,49474
4267,49394,49474,49544,49452,49404,49434,49491,49470,49383,49474
4268,49394,49474,49544,49452,49404,49434,49491,49470,49383,49474
4269,49394,49474,49544,49452,49404,49434,49491,49470,49383,49474
4270,49394,49474,49544,49452,49404,49434,49491,49470,49383,49474
4271,49394,49474,49544,49452,49404,49434,49491,49470,49383,49474
4272,49394,49474,49544,49452,49404,49434,49491,49470,49383,49474
4273,49394,49474,49544,49452,49404,49434,49491,49470,49383,49474
4274,49394,49474,49544,49452,49404,49434,49491,49470,49383,49474
4275,49394,49474,49544,49452,49404,49434,49491,49470,49383,49474
4276,49394,49474,49544,49452,49404,49434,49491,49470,49383,49474
4277,49394,49474,49544,49452,49404,49434,49491,49470,49383,49474
4278,49394,49474,49544,49452,49404,49434,49491,49470,49383,49474
4279,49394,49474,49544,49452,49404,49434,49491,49470,49383,49474
4280,49394,49474,49544,49452,49404,49434,49491,49470,49383,49474
4281,49394,49474,49544,49452,49404,49434,49491,49470,49383,49474
4282,49394,49474,49544,49452,49404,49434,49491,49470,49383,49474
4283,49394,49474,49544,49452,49404,49434,49491,49470,49383,49474
4284,49394,49474,49544,49452,49404,49434,49491,49470,49383,49474
4285,49394,49474,49544,49452,49404,49434,49491,49470,49383,49474
4286,49394,49474,49544,49452,49404,49434,49491,49470,49383,49474
4287,49394,49474,49544,49452,49404,49434,49491,49470,49383,49474
4288,49394,49474,49544,49452,49404,49434,49491,49470,49383,49474
4289,49394,49474,49544,49452,49404,49434,49491,49470,49383,49474
4290,49394,49474,49544,49452,49404,49434,49491,49470,49383,49474
4291,49394,49474,49544,49452,49404,49434,49491,49470,49383,49474
4292,49394,49474,49544,49452,49404,49434,49491,49470,49383,49474
4293,49394,49474,49544,49452,49404,49434,49491,49470,49383,49474
4294,49394,49474,49544,49452,49404,49434,49491,49470,49383,49474
4295,49394,49474,49544,49452,49404,49434,49491,49470,49383,49474
4296,49394,49474,49544,49452,49404,49434,49491,49470,49383,49474
4297,49394,49474,49544,49452,49404,49434,49491,49470,49383,49474
4298,49394,49474,49544,49452,49404,49434,49491,49470,49383,49474
4299,49394,49474,49544,49452,49404,49434,49491,49470,49383,49474
4300,49394,49474,49544,49452,49404,49434,49491,49470,49383,49474
4301,49394,49474,49544,49452,49404,49434,49491,49470,49383,49474
4302,49394,49474,49544,49452,49404,49434,49491,49470,49383,49474
4303,49394,49474,49544,49452,49404,49434,49491,49470,49383,49474
4304,49394,49474,49544,49452,49404,49434,49491,49470,49383,49474
4305,49394,49474,49544,49452,49404,49434,49491,49470,49383,49474
4306,49394,49474,49544,49452,49404,49434,49491,49470,49383,49474
4307,49394,49474,49544,49452,49404,49434,49491,49470,49383,49474
4308,49394,49474,49544,49452,49404,49434,49491,49470,49383,49474
4309,49394,49474,49544,49452,49404,49434,49491,49470,49383,49474
4310,49394,49474,49544,49452,49404,49434,49491,49470,49383,49474
4311,49394,49474,49544,49452,49404,49434,49491,49470,49383,49474
4312,49394,49474,49544,49452,49404,49434,49491,49470,49383,49474
4313,49394,49474,49544,49452,49404,49434,49491,49470,49383,49474
4314,49394,49474,49544,49452,49404,49434,49491,49470,49383,49474
4315,49394,49474,49544,49452,49404,49434,49491,49470,49383,49474
4316,49394,49474,49544,49452,49404,49434,49491,49470,49383,49474
4317,49394,49474,49544,49452,49404,49434,49491,49470,49383,49474
4318,49394,49474,49544,49452,49404,49434,49491,49470,49383,49474
4319,49394,49474,49544,49452,49404,49434,49491,49470,49383,49474
4320,49394,49474,49544,49452,49404,49434,49491,49470,49383,49474
4321,49394,49474,49544,49452,49404,49434,49491,49470,49383,49474
4322,49394,49474,49544,49452,49404,49434,49491,49470,49383,49474
4323,49394,49474,49544,49452,49404,49434,49491,49470,49383,49474
4324,49394,49474,49544,49452,49404,49434,49491,49470,49383,49474
4325,49394,49474,49544,49452,49404,49434,49491,49470,49383,49474
4326,49394,49474,49544,49452,49404,49434,49491,49470,49383,49474
4327,49394,49474,49544,49452,49404,49434,49491,49470,49383,49474
4328,49394,49474,49544,49452,49404,49434,49491,49470,49383,49474
4329,49394,49474,49544,49452,49404,49434,49491,49470,49383,49474
4330,49394,49474,49544,49452,49404,49434,49491,49470,49383,49474
4331,49394,49474,49544,49452,49404,49434,49491,49470,49383,49474
4332,49394,49474,49544,49452,49404,49434,49491,49470,49383,49474
4333,49394,49474,49544,49452,49404,49434,49491,49470,49383,49474
4334,49394,49474,49544,49452,49404,49434,49491,49470,49383,49474
4335,49394,49474,49544,49452,49404,49434,49491,49470,49383,49474
4336,49394,49474,49544,49452,49404,49434,49491,49470,49383,49474
4337,49394,49474,49544,49452,49404,49434,49491,49470,49383,49474
4338,49394,49474,49544,49452,49404,49434,49491,49470,49383,49474
4339,49394,49474,49544,49452,49404,49434,49491,49470,49383,49474
4340,49394,49474,49544,49452,49404,49434,49491,49470,49383,49474
4341,49394,49474,49544,49452,49404,49434,49491,49470,49383,49474
4342,49394,49474,49544,49452,49404,49434,49491,49470,49383,49474
4343,49394,49474,49544,49452,49404,49434,49491,49470,49383,49474
4344,49394,49474,49544,49452,49404,49434,49491,49470,49383,49474
4345,49394,49474,49544,49452,49404,49434,49491,49470,49383,49474
4346,49394,49474,49544,49452,49404,49434,49491,49470,49383,49474
4347,49394,49474,49544,49452,49404,49434,49491,49470,49383,49474
4348,49394,49474,49544,49452,49404,49434,49491,49470,49383,49474
4349,49394,49474,49544,49452,49404,49434,49491,49470,49383,49474
4350,49394,49474,49544,49452,49404,49434,49491,49470,49383,49474
4351,49394,49474,49544,49452,49404,49434,49491,49470,49383,49474
4352,49394,49474,49544,49452,49404,49434,49491,49470,49383,49474
4353,49394,49474,49544,49452,49404,49434,49491,49470,49383,49474
4354,49394,49474,49544,49452,49404,49434,49491,49470,49383,49474
4355,49394,49474,49544,49452,49404,49434,49491,49470,49383,49474
4356,49394,49474,49544,49452,49404,49434,49491,49470,49383,49474
4357,49394,49474,49544,49452,49404,49434,49491,49470,49383,49474
4358,49394,49474,49544,49452,49404,49434,49491,49470,49383,49474
4359,49394,49474,49544,49452,49404,49434,49491,49470,49383,49474
4360,49394,49474,49544,49452,49404,49434,49491,49470,49383,49474
4361,49394,49474,49544,49452,49404,49434,49491,49470,49383,49474
4362,49394,49474,49544,49452,49404,49434,49491,49470,49383,49474
4363,49394,49474,49544,49452,49404,49434,49491,49470,49383,49474
4364,49394,49474,49544,49452,49404,49434,49491,49470,49383,49474
4365,49394,49474,49544,49452,49404,49434,49491,49470,49383,49474
4366,49394,49474,49544,49452,49404,49434,49491,49470,49383,49474
4367,49394,49474,49544,49452,49404,49434,49491,49470,49383,49474
4368,49394,49474,49544,49452,49404,49434,49491,49470,49383,49474
4369,49394,49474,49544,49452,49404,49434,49491,49470,49383,49474
4370,49394,49474,49544,49452,49404,49434,49491,49470,49383,49474
4371,49394,49474,49544,49452,49404,49434,49491,49470,49383,49474
4372,49394,49474,49544,49452,49404,49434,49491,49470,49383,49474
4373,49394,49474,49544,49452,49404,49434,49491,49470,49383,49474
4374,49394,49474,49544,49452,49404,49434,49491,49470,49383,49474
4375,49394,49474,49544,49452,49404,49434,49491,49470,49383,49474
4376,49394,49474,49544,49452,49404,49434,49491,49470,49383,49474
4377,49394,49474,49544,49452,49404,49434,49491,49470,49383,49474
4378,49394,49474,49544,49452,49404,49434,49491,49470,49383,49474
4379,49394,49474,49544,49452,49404,49434,49491,49470,49383,49474
4380,49394,49474,49544,49452,49404,49434,49491,49470,49383,49474
4381,49394,49474,49544,49452,49404,49434,49491,49470,49383,49474
4382,49394,49474,49544,49452,49404,49434,49491,49470,49383,49474
4383,49394,49474,49544,49452,49404,49434,49491,49470,49383,49474
4384,49394,49474,49544,49452,49404,49434,49491,49470,49383,49474
4385,49394,49474,49544,49452,49404,49434,49491,49470,49383,49474
4386,49394,49474,49544,49452,49404,49434,49491,49470,49383,49474
4387,49394,49474,49544,49452,49404,49434,49491,49470,49383,49474
4388,49394,49474,49544,49452,49404,49434,49491,49470,49383,49474
4389,49394,49474,49544,49452,49404,49434,49491,49470,49383,49474
4390,49394,49474,49544,49452,49404,49434,49491,49470,49383,49474
4391,49394,49474,49544,49452,49404,49434,49491,49470,49383,49474
4392,49394,49474,49544,49452,49404,49434,49491,49470,49383,49474
4393,49394,49474,49544,49452,49404,49434,49491,49470,49383,49474
4394,49394,49474,49544,49452,49404,49434,49491,49470,49383,49474
4395,49394,49474,49544,49452,49404,49434,49491,49470,49383,49474
4396,49394,49474,49544,49452,49404,49434,49491,49470,49383,49474
4397,49394,49474,49544,49452,49404,49434,49491,49470,49383,49474
4398,49394,49474,49544,49452,49404,49434,49491,49470,49383,49474
4399,49394,49474,49544,49452,49404,49434,49491,49470,49383,49474
4400,49394,49474,49544,49452,49404,49434,49491,49470,49383,49474
4401,49394,49474,49544,49452,49404,49434,49491,49470,49383,49474
4402,49394,49474,49544,49452,49404,49434,49491,49470,49383,49474
4403,49394,49474,49544,49452,49404,49434,49491,49470,49383,49474
4404,49394,49474,49544,49452,49404,49434,49491,49470,49383,49474
4405,49394,49474,49544,49452,49404,49434,49491,49470,49383,49474
4406,49394,49474,49544,49452,49404,49434,49491,49470,49383,49474
4407,49394,49474,49544,49452,49404,49434,49491,49470,49383,49474
4408,49394,49474,49544,49452,49404,49434,49491,49470,49383,49474
4409,49394,49474,49544,49452,49404,49434,49491,49470,49383,49474
4410,49394,49474,49544,49452,49404,49434,49491,49470,49383,49474
4411,49394,49474,49544,49452,49404,49434,49491,49470,49383,49474
4412,49394,49474,49544,49452,49404,49434,49491,49470,49383,49474
4413,49394,49474,49544,49452,49404,49434,49491,49470,49383,49474
4414,49394,49474,49544,49452,49404,49434,49491,49470,49383,49474
4415,49394,49474,49544,49452,49404,49434,49491,49470,49383,49474
4416,49394,49474,49544,49452,49404,49434,49491,49470,49383,49474
4417,49394,49474,49544,49452,49404,49434,49491,49470,49383,49474
4418,49394,49474,49544,49452,49404,49434,49491,49470,49383,49474
4419,49394,49474,49544,49452,49404,49434,49491,49470,49383,49474
4420,49394,49474,49544,49452,49404,49434,49491,49470,49383,49474
4421,49394,49474,49544,49452,49404,49434,49491,49470,49383,49474
4422,49394,49474,49544,49452,49404,49434,49491,49470,49383,49474
4423,49394,49474,49544,49452,49404,49434,49491,49470,49383,49474
4424,49394,49474,49544,49452,49404,49434,49491,49470,49383,49474
4425,49394,49474,49544,49452,49404,49434,49491,49470,49383,49474
4426,49394,49474,49544,49452,49404,49434,49491,49470,49383,49474
4427,49394,49474,49544,49452,49404,49434,49491,49470,49383,49474
4428,49394,49474,49544,49452,49404,49434,49491,49470,49383,49474
4429,49394,49474,49544,49452,49404,49434,49491,49470,49383,49474
4430,49394,49474,49544,49452,49404,49434,49491,49470,49383,49474
4431,49394,49474,49544,49452,49404,49434,49491,49470,49383,49474
4432,49394,49474,49544,49452,49404,49434,49491,49470,49383,49474
4433,49394,49474,49544,49452,49404,49434,49491,49470,49383,49474
4434,49394,49474,49544,49452,49404,49434,49491,49470,49383,49474
4435,49394,49474,49544,49452,49404,49434,49491,49470,49383,49474
4436,49394,49474,49544,49452,49404,49434,49491,49470,49383,49474
4437,49394,49474,49544,49452,49404,49434,49491,49470,49383,49474
4438,49394,49474,49544,49452,49404,49434,49491,49470,49383,49474
4439,49394,49474,49544,49452,49404,49434,49491,49470,49383,49474
4440,49394,49474,49544,49452,49404,49434,49491,49470,49383,49474
4441,49394,49474,49544,49452,49404,49434,49491,49470,49383,49474
4442,49394,49474,49544,49452,49404,49434,49491,49470,49383,49474
4443,49394,49474,49544,49452,49404,49434,49491,49470,49383,49474
4444,49394,49474,49544,49452,49404,49434,49491,49470,49383,49474
4445,49394,49474,49544,49452,49404,49434,49491,49470,49383,49474
4446,49394,49474,49544,49452,49404,49434,49491,49470,49383,49474
4447,49394,49474,49544,49452,49404,49434,49491,49470,49383,49474
4448,49394,49474,49544,49452,49404,49434,49491,49470,49383,49474
4449,49394,49474,49544,49452,49404,49434,49491,49470,49383,49474
4450,49394,49474,49544,49452,49404,49434,49491,49470,49383,49474
4451,49394,49474,49544,49452,49404,49434,49491,49470,49383,49474
4452,49394,49474,49544,49452,49404,49434,49491,49470,49383,49474
4453,49394,49474,49544,49452,49404,49434,49491,49470,49383,49474
4454,49394,49474,49544,49452,49404,49434,49491,49470,49383,49474
4455,49394,49474,49544,49452,49404,49434,49491,49470,49383,49474
4456,49394,49474,49544,49452,49404,49434,49491,49470,49383,49474
4457,49394,49474,49544,49452,49404,49434,49491,49470,49383,49474
4458,49394,49474,49544,49452,49404,49434,49491,49470,49383,49474
4459,49394,49474,49544,49452,49404,49434,49491,49470,49383,49474
4460,49394,49474,49544,49452,49404,49434,49491,49470,49383,49474
4461,49394,49474,49544,49452,49404,49434,49491,49470,49383,49474
4462,49394,49474,49544,49452,49404,49434,49491,49470,49383,49474
4463,49394,49474,49544,49452,49404,49434,49491,49470,49383,49474
4464,49394,49474,49544,49452,49404,49434,49491,49470,49383,49474
4465,49394,49474,49544,49452,49404,49434,49491,49470,49383,49474
4466,49394,49474,49544,49452,49404,49434,49491,49470,49383,49474
4467,49394,49474,49544,49452,49404,49434,49491,49470,49383,49474
4468,49394,49474,49544,49452,49404,49434,49491,49470,49383,49474
4469,49394,49474,49544,49452,49404,49434,49491,49470,49383,49474
4470,49394,49474,49544,49452,49404,49434,49491,49470,49383,49474
4471,49394,49474,49544,49452,49404,49434,49491,49470,49383,49474
4472,49394,49474,49544,49452,49404,49434,49491,49470,49383,49474
4473,49394,49474,49544,49452,49404,49434,49491,49470,49383,49474
4474,49394,49474,49544,49452,49404,49434,49491,49470,49383,49474
4475,49394,49474,49544,49452,49404,49434,49491,49470,49383,49474
4476,49394,49474,49544,49452,49404,49434,49491,49470,49383,49474
4477,49394,49474,49544,49452,49404,49434,49491,49470,49383,49474
4478,49394,49474,49544,49452,49404,49434,49491,49470,49383,49474
4479,49394,49474,49544,49452,49404,49434,49491,49470,49383,49474
4480,49394,49474,49544,49452,49404,49434,49491,49470,49383,49474
4481,49394,49474,49544,49452,49404,49434,49491,49470,49383,49474
4482,49394,49474,49544,49452,49404,49434,49491,49470,49383,49474
4483,49394,49474,49544,49452,49404,49434,49491,49470,49383,49474
4484,49394,49474,49544,49452,49404,49434,49491,49470,49383,49474
4485,49394,49474,49544,49452,49404,49434,49491,49470,49383,49474
4486,49394,49474,49544,49452,49404,49434,49491,49470,49383,49474
4487,49394,49474,49544,49452,49404,49434,49491,49470,49383,49474
4488,49394,49474,49544,49452,49404,49434,49491,49470,49383,49474
4489,49394,49474,49544,49452,49404,49434,49491,49470,49383,49474
4490,49394,49474,49544,49452,49404,49434,49491,49470,49383,49474
4491,49394,49474,49544,49452,49404,49434,49491,49470,49383,49474
4492,49394,49474,49544,49452,49404,49434,49491,49470,49383,49474
4493,49394,49474,49544,49452,49404,49434,49491,49470,49383,49474
4494,49394,49474,49544,49452,49404,49434,49491,49470,49383,49474
4495,49394,49474,49544,49452,49404,49434,49491,49470,49383,49474
4496,49394,49474,49544,49452,49404,49434,49491,49470,49383,49474
4497,49394,49474,49544,49452,49404,49434,49491,49470,49383,49474
4498,49394,49474,49544,49452,49404,49434,49491,49470,49383,49474
4499,49394,49474,49544,49452,49404,49434,49491,49470,49383,49474
4500,49394,49474,49544,49452,49404,49434,49491,49470,49383,49474
4501,49394,49474,49544,49452,49404,49434,49491,49470,49383,49474
4502,49394,49474,49544,49452,49404,49434,49491,49470,49383,49474
4503,49394,49474,49544,49452,49404,49434,49491,49470,49383,49474
4504,49394,49474,49544,49452,49404,49434,49491,49470,49383,49474
4505,49394,49474,49544,49452,49404,49434,49491,49470,49383,49474
4506,49394,49474,49544,49452,49404,49434,49491,49470,49383,49474
4507,49394,49474,49544,49452,49404,49434,49491,49470,49383,49474
4508,49394,49474,49544,49452,49404,49434,49491,49470,49383,49474
4509,49394,49474,49544,49452,49404,49434,49491,49470,49383,49474
4510,49394,49474,49544,49452,49404,49434,49491,49470,49383,49474
4511,49394,49474,49544,49452,49404,49434,49491,49470,49383,49474
4512,49394,49474,49544,49452,49404,49434,49491,49470,49383,49474
4513,49394,49474,49544,49452,49404,49434,49491,49470,49383,49474
4514,49394,49474,49544,49452,49404,49434,49491,49470,49383,49474
4515,49394,49474,49544,49452,49404,49434,49491,49470,49383,49474
4516,49394,49474,49544,49452,49404,49434,49491,49470,49383,49474
4517,49394,49474,49544,49452,49404,49434,49491,49470,49383,49474
4518,49394,49474,49544,49452,49404,49434,49491,49470,49383,49474
4519,49394,49474,49544,49452,49404,49434,49491,49470,49383,49474
4520,49394,49474,49544,49452,49404,49434,49491,49470,49383,49474
4521,49394,49474,49544,49452,49404,49434,49491,49470,49383,49474
4522,49394,49474,49544,49452,49404,49434,49491,49470,49383,49474
4523,49394,49474,49544,49452,49404,49434,49491,49470,49383,49474
4524,49394,49474,49544,49452,49404,49434,49491,49470,49383,49474
4525,49394,49474,49544,49452,49404,49434,49491,49470,49383,49474
4526,49394,49474,49544,49452,49404,49434,49491,49470,49383,49474
4527,49394,49474,49544,49452,49404,49434,49491,49470,49383,49474
4528,49394,49474,49544,49452,49404,49434,49491,49470,49383,49474
4529,49394,49474,49544,49452,49404,49434,49491,49470,49383,49474
4530,49394,49474,49544,49452,49404,49434,49491,49470,49383,49474
4531,49394,49474,49544,49452,49404,49434,49491,49470,49383,49474
4532,49394,49474,49544,49452,49404,49434,49491,49470,49383,49474
4533,49394,49474,49544,49452,49404,49434,49491,49470,49383,49474
4534,49394,49474,49544,49452,49404,49434,49491,49470,49383,49474
4535,49394,49474,49544,49452,49404,49434,49491,49470,49383,49474
4536,49394,49474,49544,49452,49404,49434,49491,49470,49383,49474
4537,49394,49474,49544,49452,49404,49434,49491,49470,49383,49474
4538,49394,49474,49544,49452,49404,49434,49491,49470,49383,49474
4539,49394,49474,49544,49452,49404,49434,49491,49470,49383,49474
4540,49394,49474,49544,49452,49404,49434,49491,49470,49383,49474
4541,49394,49474,49544,49452,49404,49434,49491,49470,49383,49474
4542,49394,49474,49544,49452,49404,49434,49491,49470,49383,49474
4543,49394,49474,49544,49452,49404,49434,49491,49470,49383,49474
4544,49394,49474,49544,49452,49404,49434,49491,49470,49383,49474
4545,49394,49474,49544,49452,49404,49434,49491,49470,49383,49474
4546,49394,49474,49544,49452,49404,49434,49491,49470,49383,49474
4547,49394,49474,49544,49452,49404,49434,49491,49470,49383,49474
4548,49394,49474,49544,49452,49404,49434,49491,49470,49383,49474
4549,49394,49474,49544,49452,49404,49434,49491,49470,49383,49474
4550,49394,49474,49544,49452,49404,49434,49491,49470,49383,49474
4551,49394,49474,49544,49452,49404,49434,49491,49470,49383,49474
4552,49394,49474,49544,49452,49404,49434,49491,49470,49383,49474
4553,49394,49474,49544,49452,49404,49434,49491,49470,49383,49474
4554,49394,49474,49544,49452,49404,49434,49491,49470,49383,49474
4555,49394,49474,49544,49452,49404,49434,49491,49470,49383,49474
4556,49394,49474,49544,49452,49404,49434,49491,49470,49383,49474
4557,49394,49474,49544,49452,49404,49434,49491,49470,49383,49474
4558,49394,49474,49544,49452,49404,49434,49491,49470,49383,49474
4559,49394,49474,49544,49452,49404,49434,49491,49470,49383,49474
4560,49394,49474,49544,49452,49404,49434,49491,49470,49383,49474
4561,49394,49474,49544,49452,49404,49434,49491,49470,49383,49474
4562,49394,49474,49544,49452,49404,49434,49491,49470,49383,49474
4563,49394,49474,49544,49452,49404,49434,49491,49470,49383,49474
4564,49394,49474,49544,49452,49404,49434,49491,49470,49383,49474
4565,49394,49474,49544,49452,49404,49434,49491,49470,49383,49474
4566,49394,49474,49544,49452,49404,49434,49491,49470,49383,49474
4567,49394,49474,49544,49452,49404,49434,49491,49470,49383,49474
4568,49394,49474,49544,49452,49404,49434,49491,49470,49383,49474
4569,49394,49474,49544,49452,49404,49434,49491,49470,49383,49474
4570,49394,49474,49544,49452,49404,49434,49491,49470,49383,49474
4571,49394,49474,49544,49452,49404,49434,49491,49470,49383,49474
4572,49394,49474,49544,49452,49404,49434,49491,49470,49383,49474
4573,49394,49474,49544,49452,49404,49434,49491,49470,49383,49474
4574,49394,49474,49544,49452,49404,49434,49491,49470,49383,49474
4575,49394,49474,49544,49452,49404,49434,49491,49470,49383,49474
4576,49394,49474,49544,49452,49404,49434,49491,49470,49383,49474
4577,49394,49474,49544,49452,49404,49434,49491,49470,49383,49474
4578,49394,49474,49544,49452,49404,49434,49491,49470,49383,49474
4579,49394,49474,49544,49452,49404,49434,49491,49470,49383,49474
4580,49394,49474,49544,49452,49404,49434,49491,49470,49383,49474
4581,49394,49474,49544,49452,49404,49434,49491,49470,49383,49474
4582,49394,49474,49544,49452,49404,49434,49491,49470,49383,49474
4583,49394,49474,49544,49452,49404,49434,49491,49470,49383,49474
4584,49394,49474,49544,49452,49404,49434,49491,49470,49383,49474
4585,49394,49474,49544,49452,49404,49434,49491,49470,49383,49474
4586,49394,49474,49544,49452,49404,49434,49491,49470,49383,49474
4587,49394,49474,49544,49452,49404,49434,49491,49470,49383,49474
4588,49394,49474,49544,49452,49404,49434,49491,49470,49383,49474
4589,49394,49474,49544,49452,49404,49434,49491,49470,49383,49474
4590,49394,49474,49544,49452,49404,49434,49491,49470,49383,49474
4591,49394,49474,49544,49452,49404,49434,49491,49470,49383,49474
4592,49394,49474,49544,49452,49404,49434,49491,49470,49383,49474
4593,49394,49474,49544,49452,49404,49434,49491,49470,49383,49474
4594,49394,49474,49544,49452,49404,49434,49491,49470,49383,49474
4595,49394,49474,49544,49452,49404,49434,49491,49470,49383,49474
4596,49394,49474,49544,49452,49404,49434,49491,49470,49383,49474
4597,49394,49474,49544,49452,49404,49434,49491,49470,49383,49474
4598,49394,49474,49544,49452,49404,49434,49491,49470,49383,49474
4599,49394,49474,49544,49452,49404,49434,49491,49470,49383,49474
4600,49394,49474,49544,49452,49404,49434,49491,49470,49383,49474
4601,49394,49474,49544,49452,49404,49434,49491,49470,49383,49474
4602,49394,49474,49544,49452,49404,49434,49491,49470,49383,49474
4603,49394,49474,49544,49452,49404,49434,49491,49470,49383,49474
4604,49394,49474,49544,49452,49404,49434,49491,49470,49383,49474
4605,49394,49474,49544,49452,49404,49434,49491,49470,49383,49474
4606,49394,49474,49544,49452,49404,49434,49491,49470,49383,49474
4607,49394,49474,49544,49452,49404,49434,49491,49470,49383,49474
4608,49394,49474,49544,49452,49404,49434,49491,49470,49383,49474
4609,49394,49474,49544,49452,49404,49434,49491,49470,49383,49474
4610,49394,49474,49544,49452,49404,49434,49491,49470,49383,49474
4611,49394,49474,49544,49452,49404,49434,49491,49470,49383,49474
4612,49394,49474,49544,49452,49404,49434,49491,49470,49383,49474
4613,49394,49474,49544,49452,49404,49434,49491,49470,49383,49474
4614,49394,49474,49544,49452,49404,49434,49491,49470,49383,49474
4615,49394,49474,49544,49452,49404,49434,49491,49470,49383,49474
4616,49394,49474,49544,49452,49404,49434,49491,49470,49383,49474
4617,49394,49474,49544,49452,49404,49434,49491,49470,49383,49474
4618,49394,49474,49544,49452,49404,49434,49491,49470,49383,49474
4619,49394,49474,49544,49452,49404,49434,49491,49470,49383,49474
4620,49394,49474,49544,49452,49404,49434,49491,49470,49383,49474
4621,49394,49474,49544,49452,49404,49434,49491,49470,49383,49474
4622,49394,49474,49544,49452,49404,49434,49491,49470,49383,49474
4623,49394,49474,49544,49452,49404,49434,49491,49470,49383,49474
4624,49394,49474,49544,49452,49404,49434,49491,49470,49383,49474
4625,49394,49474,49544,49452,49404,49434,49491,49470,49383,49474
4626,49394,49474,49544,49452,49404,49434,49491,49470,49383,49474
4627,49394,49474,49544,49452,49404,49434,49491,49470,49383,49474
4628,49394,49474,49544,49452,49404,49434,49491,49470,49383,49474
4629,49394,49474,49544,49452,49404,49434,49491,49470,49383,49474
4630,49394,49474,49544,49452,49404,49434,49491,49470,49383,49474
4631,49394,49474,49544,49452,49404,49434,49491,49470,49383,49474
4632,49394,49474,49544,49452,49404,49434,49491,49470,49383,49474
4633,49394,49474,49544,49452,49404,49434,49491,49470,49383,49474
4634,49394,49474,49544,49452,49404,49434,49491,49470,49383,49474
4635,49394,49474,49544,49452,49404,49434,49491,49470,49383,49474
4636,49394,49474,49544,49452,49404,49434,49491,49470,49383,49474
4637,49394,49474,49544,49452,49404,49434,49491,49470,49383,49474
4638,49394,49474,49544,49452,49404,49434,49491,49470,49383,49474
4639,49394,49474,49544,49452,49404,49434,49491,49470,49383,49474
4640,49394,49474,49544,49452,49404,49434,49491,49470,49383,49474
4641,49394,49474,49544,49452,49404,49434,49491,49470,49383,49474
4642,49394,49474,49544,49452,49404,49434,49491,49470,49383,49474
4643,49394,49474,49544,49452,49404,49434,49491,49470,49383,49474
4644,49394,49474,49544,49452,49404,49434,49491,49470,49383,49474
4645,49394,49474,49544,49452,49404,49434,49491,49470,49383,49474
4646,49394,49474,49544,49452,49404,49434,49491,49470,49383,49474
4647,49394,49474,49544,49452,49404,49434,49491,49470,49383,49474
4648,49394,49474,49544,49452,49404,49434,49491,49470,49383,49474
4649,49394,49474,49544,49452,49404,49434,49491,49470,49383,49474
4650,49394,49474,49544,49452,49404,49434,49491,49470,49383,49474
4651,49394,49474,49544,49452,49404,49434,49491,49470,49383,49474
4652,49394,49474,49544,49452,49404,49434,49491,49470,49383,49474
4653,49394,49474,49544,49452,49404,49434,49491,49470,49383,49474
4654,49394,49474,49544,49452,49404,49434,49491,49470,49383,49474
4655,49394,49474,49544,49452,49404,49434,49491,49470,49383,49474
4656,49394,49474,49544,49452,49404,49434,49491,49470,49383,49474
4657,49394,49474,49544,49452,49404,49434,49491,49470,49383,49474
4658,49394,49474,49544,49452,49404,49434,49491,49470,49383,49474
4659,49394,49474,49544,49452,49404,49434,49491,49470,49383,49474
4660,49394,49474,49544,49452,49404,49434,49491,49470,49383,49474
4661,49394,49474,49544,49452,49404,49434,49491,49470,49383,49474
4662,49394,49474,49544,49452,49404,49434,49491,49470,49383,49474
4663,49394,49474,49544,49452,49404,49434,49491,49470,49383,49474
4664,49394,49474,49544,49452,49404,49434,49491,49470,49383,49474
4665,49394,49474,49544,49452,49404,49434,49491,49470,49383,49474
4666,49394,49474,49544,49452,49404,49434,49491,49470,49383,49474
4667,49394,49474,49544,49452,49404,49434,49491,49470,49383,49474
4668,49394,49474,49544,49452,49404,49434,49491,49470,49383,49474
4669,49394,49474,49544,49452,49404,49434,49491,49470,49383,49474
4670,49394,49474,49544,49452,49404,49434,49491,49470,49383,49474
4671,49394,49474,49544,49452,49404,49434,49491,49470,49383,49474
4672,49394,49474,49544,49452,49404,49434,49491,49470,49383,49474
4673,49394,49474,49544,49452,49404,49434,49491,49470,49383,49474
4674,49394,49474,49544,49452,49404,49434,49491,49470,49383,49474
4675,49394,49474,49544,49452,49404,49434,49491,49470,49383,49474
4676,49394,49474,49544,49452,49404,49434,49491,49470,49383,49474
4677,49394,49474,49544,49452,49404,49434,49491,49470,49383,49474
4678,49394,49474,49544,49452,49404,49434,49491,49470,49383,49474
4679,49394,49474,49544,49452,49404,49434,49491,49470,49383,49474
4680,49394,49474,49544,49452,49404,49434,49491,49470,49383,49474
4681,49394,49474,49544,49452,49404,49434,49491,49470,49383,49474
4682,49394,49474,49544,49452,49404,49434,49491,49470,49383,49474
4683,49394,49474,49544,49452,49404,49434,49491,49470,49383,49474
4684,49394,49474,49544,49452,49404,49434,49491,49470,49383,49474
4685,49394,49474,49544,49452,49404,49434,49491,49470,49383,49474
4686,49394,49474,49544,49452,49404,49434,49491,49470,49383,49474
4687,49394,49474,49544,49452,49404,49434,49491,49470,49383,49474
4688,49394,49474,49544,49452,49404,49434,49491,49470,49383,49474
4689,49394,49474,49544,49452,49404,49434,49491,49470,49383,49474
4690,49394,49474,49544,49452,49404,49434,49491,49470,49383,49474
4691,49394,49474,49544,49452,49404,49434,49491,49470,49383,49474
4692,49394,49474,49544,49452,49404,49434,49491,49470,49383,49474
4693,49394,49474,49544,49452,49404,49434,49491,49470,49383,49474
4694,49394,49474,49544,49452,49404,49434,49491,49470,49383,49474
4695,49394,49474,49544,49452,49404,49434,49491,49470,49383,49474
4696,49394,49474,49544,49452,49404,49434,49491,49470,49383,49474
4697,49394,49474,49544,49452,49404,49434,49491,49470,49383,49474
4698,49394,49474,49544,49452,49404,49434,49491,49470,49383,49474
4699,49394,49474,49544,49452,49404,49434,49491,49470,49383,49474
4700,49394,49474,49544,49452,49404,49434,49491,49470,49383,49474
4701,49394,49474,49544,49452,49404,49434,49491,49470,49383,49474
4702,49394,49474,49544,49452,49404,49434,49491,49470,49383,49474
4703,49394,49474,49544,49452,49404,49434,49491,49470,49383,49474
4704,49394,49474,49544,49452,49404,49434,49491,49470,49383,49474
4705,49394,49474,49544,49452,49404,49434,49491,49470,49383,49474
4706,49394,49474,49544,49452,49404,49434,49491,49470,49383,49474
4707,49394,49474,49544,49452,49404,49434,49491,49470,49383,49474
4708,49394,49474,49544,49452,49404,49434,49491,49470,49383,49474
4709,49394,49474,49544,49452,49404,49434,49491,49470,49383,49474
4710,49394,49474,49544,49452,49404,49434,49491,49470,49383,49474
4711,49394,49474,49544,49452,49404,49434,49491,49470,49383,49474
4712,49394,49474,49544,49452,49404,49434,49491,49470,49383,49474
4713,49394,49474,49544,49452,49404,49434,49491,49470,49383,49474
4714,49394,49474,49544,49452,49404,49434,49491,49470,49383,49474
4715,49394,49474,49544,49452,49404,49434,49491,49470,49383,49474
4716,49394,49474,49544,49452,49404,49434,49491,49470,49383,49474
4717,49394,49474,49544,49452,49404,49434,49491,49470,49383,49474
4718,49394,49474,49544,49452,49404,49434,49491,49470,49383,49474
4719,49394,49474,49544,49452,49404,49434,49491,49470,49383,49474
4720,49394,49474,49544,49452,49404,49434,49491,49470,49383,49474
4721,49394,49474,49544,49452,49404,49434,49491,49470,49383,49474
4722,49394,49474,49544,49452,49404,49434,49491,49470,49383,49474
4723,49394,49474,49544,49452,49404,49434,49491,49470,49383,49474
4724,49394,49474,49544,49452,49404,49434,49491,49470,49383,49474
4725,49394,49474,49544,49452,49404,49434,49491,49470,49383,49474
4726,49394,49474,49544,49452,49404,49434,49491,49470,49383,49474
4727,49394,49474,49544,49452,49404,49434,49491,49470,49383,49474
4728,49394,49474,49544,49452,49404,49434,49491,49470,49383,49474
4729,49394,49474,49544,49452,49404,49434,49491,49470,49383,49474
4730,49394,49474,49544,49452,49404,49434,49491,49470,49383,49474
4731,49394,49474,49544,49452,49404,49434,49491,49470,49383,49474
4732,49394,49474,49544,49452,49404,49434,49491,49470,49383,49474
4733,49394,49474,49544,49452,49404,49434,49491,49470,49383,49474
4734,49394,49474,49544,49452,49404,49434,49491,49470,49383,49474
4735,49394,49474,49544,49452,49404,49434,49491,49470,49383,49474
4736,49394,49474,49544,49452,49404,49434,49491,49470,49383,49474
4737,49394,49474,49544,49452,49404,49434,49491,49470,49383,49474
4738,49394,49474,49544,49452,49404,49434,49491,49470,49383,49474
4739,49394,49474,49544,49452,49404,49434,49491,49470,49383,49474
4740,49394,49474,49544,49452,49404,49434,49491,49470,49383,49474
4741,49394,49474,49544,49452,49404,49434,49491,49470,49383,49474
4742,49394,49474,49544,49452,49404,49434,49491,49470,49383,49474
4743,49394,49474,49544,49452,49404,49434,49491,49470,49383,49474
4744,49394,49474,49544,49452,49404,49434,49491,49470,49383,49474
4745,49394,49474,49544,49452,49404,49434,49491,49470,49383,49474
4746,49394,49474,49544,49452,49404,49434,49491,49470,49383,49474
4747,49394,49474,49544,49452,49404,49434,49491,49470,49383,49474
4748,49394,49474,49544,49452,49404,49434,49491,49470,49383,49474
4749,49394,49474,49544,49452,49404,49434,49491,49470,49383,49474
4750,49394,49474,49544,49452,49404,49434,49491,49470,49383,49474
4751,49394,49474,49544,49452,49404,49434,49491,49470,49383,49474
4752,49394,49474,49544,49452,49404,49434,49491,49470,49383,49474
4753,49394,49474,49544,49452,49404,49434,49491,49470,49383,49474
4754,49394,49474,49544,49452,49404,49434,49491,49470,49383,49474
4755,49394,49474,49544,49452,49404,49434,49491,49470,49383,49474
4756,49394,49474,49544,49452,49404,49434,49491,49470,49383,49474
4757,49394,49474,49544,49452,49404,49434,49491,49470,49383,49474
4758,49394,49474,49544,49452,49404,49434,49491,49470,49383,49474
4759,49394,49474,49544,49452,49404,49434,49491,49470,49383,49474
4760,49394,49474,49544,49452,49404,49434,49491,49470,49383,49474
4761,49394,49474,49544,49452,49404,49434,49491,49470,49383,49474
4762,49394,49474,49544,49452,49404,49434,49491,49470,49383,49474
4763,49394,49474,49544,49452,49404,49434,49491,49470,49383,49474
4764,49394,49474,49544,49452,49404,49434,49491,49470,49383,49474
4765,49394,49474,49544,49452,49404,49434,49491,49470,49383,49474
4766,49394,49474,49544,49452,49404,49434,49491,49470,49383,49474
4767,49394,49474,49544,49452,49404,49434,49491,49470,49383,49474
4768,49394,49474,49544,49452,49404,49434,49491,49470,49383,49474
4769,49394,49474,49544,49452,49404,49434,49491,49470,49383,49474
4770,49394,49474,49544,49452,49404,49434,49491,49470,49383,49474
4771,49394,49474,49544,49452,49404,49434,49491,49470,49383,49474
4772,49394,49474,49544,49452,49404,49434,49491,49470,49383,49474
4773,49394,49474,49544,49452,49404,49434,49491,49470,49383,49474
4774,49394,49474,49544,49452,49404,49434,49491,49470,49383,49474
4775,49394,49474,49544,49452,49404,49434,49491,49470,49383,49474
4776,49394,49474,49544,49452,49404,49434,49491,49470,49383,49474
4777,49394,49474,49544,49452,49404,49434,49491,49470,49383,49474
4778,49394,49474,49544,49452,49404,49434,49491,49470,49383,49474
4779,49394,49474,49544,49452,49404,49434,49491,49470,49383,49474
4780,49394,49474,49544,49452,49404,49434,49491,49470,49383,49474
4781,49394,49474,49544,49452,49404,49434,49491,49470,49383,49474
4782,49394,49474,49544,49452,49404,49434,49491,49470,49383,49474
4783,49394,49474,49544,49452,49404,49434,49491,49470,49383,49474
4784,49394,49474,49544,49452,49404,49434,49491,49470,49383,49474
4785,49394,49474,49544,49452,49404,49434,49491,49470,49383,49474
4786,49394,49474,49544,49452,49404,49434,49491,49470,49383,49474
4787,49394,49474,49544,49452,49404,49434,49491,49470,49383,49474
4788,49394,49474,49544,49452,49404,49434,49491,49470,49383,49474
4789,49394,49474,49544,49452,49404,49434,49491,49470,49383,49474
4790,49394,49474,49544,49452,49404,49434,49491,49470,49383,49474
4791,49394,49474,49544,49452,49404,49434,49491,49470,49383,49474
4792,49394,49474,49544,49452,49404,49434,49491,49470,49383,49474
4793,49394,49474,49544,49452,49404,49434,49491,49470,49383,49474
4794,49394,49474,49544,49452,49404,49434,49491,49470,49383,49474
4795,49394,49474,49544,49452,49404,49434,49491,49470,49383,49474
4796,49394,49474,49544,49452,49404,49434,49491,49470,49383,49474
4797,49394,49474,49544,49452,49404,49434,49491,49470,49383,49474
4798,49394,49474,49544,49452,49404,49434,49491,49470,49383,49474
4799,49394,49474,49544,49452,49404,49434,49491,49470,49383,49474
4800,49394,49474,49544,49452,49404,49434,49491,49470,49383,49474
4801,49394,49474,49544,49452,49404,49434,49491,49470,49383,49474
4802,49394,49474,49544,49452,49404,49434,49491,49470,49383,49474
4803,49394,49474,49544,49452,49404,49434,49491,49470,49383,49474
4804,49394,49474,49544,49452,49404,49434,49491,49470,49383,49474
4805,49394,49474,49544,49452,49404,49434,49491,49470,49383,49474
4806,49394,49474,49544,49452,49404,49434,49491,49470,49383,49474
4807,49394,49474,49544,49452,49404,49434,49491,49470,49383,49474
4808,49394,49474,49544,49452,49404,49434,49491,49470,49383,49474
4809,49394,49474,49544,49452,49404,49434,49491,49470,49383,49474
4810,49394,49474,49544,49452,49404,49434,49491,49470,49383,49474
4811,49394,49474,49544,49452,49404,49434,49491,49470,49383,49474
4812,49394,49474,49544,49452,49404,49434,49491,49470,49383,49474
4813,49394,49474,49544,49452,49404,49434,49491,49470,49383,49474
4814,49394,49474,49544,49452,49404,49434,49491,49470,49383,49474
4815,49394,49474,49544,49452,49404,49434,49491,49470,49383,49474
4816,49394,49474,49544,49452,49404,49434,49491,49470,49383,49474
4817,49394,49474,49544,49452,49404,49434,49491,49470,49383,49474
4818,49394,49474,49544,49452,49404,49434,49491,49470,49383,49474
4819,49394,49474,49544,49452,49404,49434,49491,49470,49383,49474
4820,49394,49474,49544,49452,49404,49434,49491,49470,49383,49474
4821,49394,49474,49544,49452,49404,49434,49491,49470,49383,49474
4822,49394,49474,49544,49452,49404,49434,49491,49470,49383,49474
4823,49394,49474,49544,49452,49404,49434,49491,49470,49383,49474
4824,49394,49474,49544,49452,49404,49434,49491,49470,49383,49474
4825,49394,49474,49544,49452,49404,49434,49491,49470,49383,49474
4826,49394,49474,49544,49452,49404,49434,49491,49470,49383,49474
4827,49394,49474,49544,49452,49404,49434,49491,49470,49383,49474
4828,49394,49474,49544,49452,49404,49434,49491,49470,49383,49474
4829,49394,49474,49544,49452,49404,49434,49491,49470,49383,49474
4830,49394,49474,49544,49452,49404,49434,49491,49470,49383,49474
4831,49394,49474,49544,49452,49404,49434,49491,49470,49383,49474
4832,49394,49474,49544,49452,49404,49434,49491,49470,49383,49474
4833,49394,49474,49544,49452,49404,49434,49491,49470,49383,49474
4834,49394,49474,49544,49452,49404,49434,49491,49470,49383,49474
4835,49394,49474,49544,49452,49404,49434,49491,49470,49383,49474
4836,49394,49474,49544,49452,49404,49434,49491,49470,49383,49474
4837,49394,49474,49544,49452,49404,49434,49491,49470,49383,49474
4838,49394,49474,49544,49452,49404,49434,49491,49470,49383,49474
4839,49394,49474,49544,49452,49404,49434,49491,49470,49383,49474
4840,49394,49474,49544,49452,49404,49434,49491,49470,49383,49474
4841,49394,49474,49544,49452,49404,49434,49491,49470,49383,49474
4842,49394,49474,49544,49452,49404,49434,49491,49470,49383,49474
4843,49394,49474,49544,49452,49404,49434,49491,49470,49383,49474
4844,49394,49474,49544,49452,49404,49434,49491,49470,49383,49474
4845,49394,49474,49544,49452,49404,49434,49491,49470,49383,49474
4846,49394,49474,49544,49452,49404,49434,49491,49470,49383,49474
4847,49394,49474,49544,49452,49404,49434,49491,49470,49383,49474
4848,49394,49474,49544,49452,49404,49434,49491,49470,49383,49474
4849,49394,49474,49544,49452,49404,49434,49491,49470,49383,49474
4850,49394,49474,49544,49452,49404,49434,49491,49470,49383,49474
4851,49394,49474,49544,49452,49404,49434,49491,49470,49383,49474
4852,49394,49474,49544,49452,49404,49434,49491,49470,49383,49474
4853,49394,49474,49544,49452,49404,49434,49491,49470,49383,49474
4854,49394,49474,49544,49452,49404,49434,49491,49470,49383,49474
4855,49394,49474,49544,49452,49404,49434,49491,49470,49383,49474
4856,49394,49474,49544,49452,49404,49434,49491,49470,49383,49474
4857,49394,49474,49544,49452,49404,49434,49491,49470,49383,49474
4858,49394,49474,49544,49452,49404,49434,49491,49470,49383,49474
4859,49394,49474,49544,49452,49404,49434,49491,49470,49383,49474
4860,49394,49474,49544,49452,49404,49434,49491,49470,49383,49474
4861,49394,49474,49544,49452,49404,49434,49491,49470,49383,49474
4862,49394,49474,49544,49452,49404,49434,49491,49470,49383,49474
4863,49394,49474,49544,49452,49404,49434,49491,49470,49383,49474
4864,49394,49474,49544,49452,49404,49434,49491,49470,49383,49474
4865,49394,49474,49544,49452,49404,49434,49491,49470,49383,49474
4866,49394,49474,49544,49452,49404,49434,49491,49470,49383,49474
4867,49394,49474,49544,49452,49404,49434,49491,49470,49383,49474
4868,49394,49474,49544,49452,49404,49434,49491,49470,49383,49474
4869,49394,49474,49544,49452,49404,49434,49491,49470,49383,49474
4870,49394,49474,49544,49452,49404,49434,49491,49470,49383,49474
4871,49394,49474,49544,49452,49404,49434,49491,49470,49383,49474
4872,49394,49474,49544,49452,49404,49434,49491,49470,49383,49474
4873,49394,49474,49544,49452,49404,49434,49491,49470,49383,49474
4874,49394,49474,49544,49452,49404,49434,49491,49470,49383,49474
4875,49394,49474,49544,49452,49404,49434,49491,49470,49383,49474
4876,49394,49474,49544,49452,49404,49434,49491,49470,49383,49474
4877,49394,49474,49544,49452,49404,49434,49491,49470,49383,49474
4878,49394,49474,49544,49452,49404,49434,49491,49470,49383,49474
4879,49394,49474,49544,49452,49404,49434,49491,49470,49383,49474
4880,49394,49474,49544,49452,49404,49434,49491,49470,49383,49474
4881,49394,49474,49544,49452,49404,49434,49491,49470,49383,49474
4882,49394,49474,49544,49452,49404,49434,49491,49470,49383,49474
4883,49394,49474,49544,49452,49404,49434,49491,49470,49383,49474
4884,49394,49474,49544,49452,49404,49434,49491,49470,49383,49474
4885,49394,49474,49544,49452,49404,49434,49491,49470,49383,49474
4886,49394,49474,49544,49452,49404,49434,49491,49470,49383,49474
4887,49394,49474,49544,49452,49404,49434,49491,49470,49383,49474
4888,49394,49474,49544,49452,49404,49434,49491,49470,49383,49474
4889,49394,49474,49544,49452,49404,49434,49491,49470,49383,49474
4890,49394,49474,49544,49452,49404,49434,49491,49470,49383,49474
4891,49394,49474,49544,49452,49404,49434,49491,49470,49383,49474
4892,49394,49474,49544,49452,49404,49434,49491,49470,49383,49474
4893,49394,49474,49544,49452,49404,49434,49491,49470,49383,49474
4894,49394,49474,49544,49452,49404,49434,49491,49470,49383,49474
4895,49394,49474,49544,49452,49404,49434,49491,49470,49383,49474
4896,49394,49474,49544,49452,49404,49434,49491,49470,49383,49474
4897,49394,49474,49544,49452,49404,49434,49491,49470,49383,49474
4898,49394,49474,49544,49452,49404,49434,49491,49470,49383,49474
4899,49394,49474,49544,49452,49404,49434,49491,49470,49383,49474
4900,49394,49474,49544,49452,49404,49434,49491,49470,49383,49474
4901,49394,49474,49544,49452,49404,49434,49491,49470,49383,49474
4902,49394,49474,49544,49452,49404,49434,49491,49470,49383,49474
4903,49394,49474,49544,49452,49404,49434,49491,49470,49383,49474
4904,49394,49474,49544,49452,49404,49434,49491,49470,49383,49474
4905,49394,49474,49544,49452,49404,49434,49491,49470,49383,49474
4906,49394,49474,49544,49452,49404,49434,49491,49470,49383,49474
4907,49394,49474,49544,49452,49404,49434,49491,49470,49383,49474
4908,49394,49474,49544,49452,49404,49434,49491,49470,49383,49474
4909,49394,49474,49544,49452,49404,49434,49491,49470,49383,49474
4910,49394,49474,49544,49452,49404,49434,49491,49470,49383,49474
4911,49394,49474,49544,49452,49404,49434,49491,49470,49383,49474
4912,49394,49474,49544,49452,49404,49434,49491,49470,49383,49474
4913,49394,49474,49544,49452,49404,49434,49491,49470,49383,49474
4914,49394,49474,49544,49452,49404,49434,49491,49470,49383,49474
4915,49394,49474,49544,49452,49404,49434,49491,49470,49383,49474
4916,49394,49474,49544,49452,49404,49434,49491,49470,49383,49474
4917,49394,49474,49544,49452,49404,49434,49491,49470,49383,49474
4918,49394,49474,49544,49452,49404,49434,49491,49470,49383,49474
4919,49394,49474,49544,49452,49404,49434,49491,49470,49383,49474
4920,49394,49474,49544,49452,49404,49434,49491,49470,49383,49474
4921,49394,49474,49544,49452,49404,49434,49491,49470,49383,49474
4922,49394,49474,49544,49452,49404,49434,49491,49470,49383,49474
4923,49394,49474,49544,49452,49404,49434,49491,49470,49383,49474
4924,49394,49474,49544,49452,49404,49434,49491,49470,49383,49474
4925,49394,49474,49544,49452,49404,49434,49491,49470,49383,49474
4926,49394,49474,49544,49452,49404,49434,49491,49470,49383,49474
4927,49394,49474,49544,49452,49404,49434,49491,49470,49383,49474
4928,49394,49474,49544,49452,49404,49434,49491,49470,49383,49474
4929,49394,49474,49544,49452,49404,49434,49491,49470,49383,49474
4930,49394,49474,49544,49452,49404,49434,49491,49470,49383,49474
4931,49394,49474,49544,49452,49404,49434,49491,49470,49383,49474
4932,49394,49474,49544,49452,49404,49434,49491,49470,49383,49474
4933,49394,49474,49544,49452,49404,49434,49491,49470,49383,49474
4934,49394,49474,49544,49452,49404,49434,49491,49470,49383,49474
4935,49394,49474,49544,49452,49404,49434,49491,49470,49383,49474
4936,49394,49474,49544,49452,49404,49434,49491,49470,49383,49474
4937,49394,49474,49544,49452,49404,49434,49491,49470,49383,49474
4938,49394,49474,49544,49452,49404,49434,49491,49470,49383,49474
4939,49394,49474,49544,49452,49404,49434,49491,49470,49383,49474
4940,49394,49474,49544,49452,49404,49434,49491,49470,49383,49474
4941,49394,49474,49544,49452,49404,49434,49491,49470,49383,49474
4942,49394,49474,49544,49452,49404,49434,49491,49470,49383,49474
4943,49394,49474,49544,49452,49404,49434,49491,49470,49383,49474
4944,49394,49474,49544,49452,49404,49434,49491,49470,49383,49474
4945,49394,49474,49544,49452,49404,49434,49491,49470,49383,49474
4946,49394,49474,49544,49452,49404,49434,49491,49470,49383,49474
4947,49394,49474,49544,49452,49404,49434,49491,49470,49383,49474
4948,49394,49474,49544,49452,49404,49434,49491,49470,49383,49474
4949,49394,49474,49544,49452,49404,49434,49491,49470,49383,49474
4950,49394,49474,49544,49452,49404,49434,49491,49470,49383,49474
4951,49394,49474,49544,49452,49404,49434,49491,49470,49383,49474
4952,49394,49474,49544,49452,49404,49434,49491,49470,49383,49474
4953,49394,49474,49544,49452,49404,49434,49491,49470,49383,49474
4954,49394,49474,49544,49452,49404,49434,49491,49470,49383,49474
4955,49394,49474,49544,49452,49404,49434,49491,49470,49383,49474
4956,49394,49474,49544,49452,49404,49434,49491,49470,49383,49474
4957,49394,49474,49544,49452,49404,49434,49491,49470,49383,49474
4958,49394,49474,49544,49452,49404,49434,49491,49470,49383,49474
4959,49394,49474,49544,49452,49404,49434,49491,49470,49383,49474
4960,49394,49474,49544,49452,49404,49434,49491,49470,49383,49474
4961,49394,49474,49544,49452,49404,49434,49491,49470,49383,49474
4962,49394,49474,49544,49452,49404,49434,49491,49470,49383,49474
4963,49394,49474,49544,49452,49404,49434,49491,49470,49383,49474
4964,49394,49474,49544,49452,49404,49434,49491,49470,49383,49474
4965,49394,49474,49544,49452,49404,49434,49491,49470,49383,49474
4966,49394,49474,49544,49452,49404,49434,49491,49470,49383,49474
4967,49394,49474,49544,49452,49404,49434,49491,49470,49383,49474
4968,49394,49474,49544,49452,49404,49434,49491,49470,49383,49474
4969,49394,49474,49544,49452,49404,49434,49491,49470,49383,49474
4970,49394,49474,49544,49452,49404,49434,49491,49470,49383,49474
4971,49394,49474,49544,49452,49404,49434,49491,49470,49383,49474
4972,49394,49474,49544,49452,49404,49434,49491,49470,49383,49474
4973,49394,49474,49544,49452,49404,49434,49491,49470,49383,49474
4974,49394,49474,49544,49452,49404,49434,49491,49470,49383,49474
4975,49394,49474,49544,49452,49404,49434,49491,49470,49383,49474
4976,49394,49474,49544,49452,49404,49434,49491,49470,49383,49474
4977,49394,49474,49544,49452,49404,49434,49491,49470,49383,49474
4978,49394,49474,49544,49452,49404,49434,49491,49470,49383,49474
4979,49394,49474,49544,49452,49404,49434,49491,49470,49383,49474
4980,49394,49474,49544,49452,49404,49434,49491,49470,49383,49474
4981,49394,49474,49544,49452,49404,49434,49491,49470,49383,49474
4982,49394,49474,49544,49452,49404,49434,49491,49470,49383,49474
4983,49394,49474,49544,49452,49404,49434,49491,49470,49383,49474
4984,49394,49474,49544,49452,49404,49434,49491,49470,49383,49474
4985,49394,49474,49544,49452,49404,49434,49491,49470,49383,49474
4986,49394,49474,49544,49452,49404,49434,49491,49470,49383,49474
4987,49394,49474,49544,49452,49404,49434,49491,49470,49383,49474
4988,49394,49474,49544,49452,49404,49434,49491,49470,49383,49474
4989,49394,49474,49544,49452,49404,49434,49491,49470,49383,49474
4990,49394,49474,49544,49452,49404,49434,49491,49470,49383,49474
4991,49394,49474,49544,49452,49404,49434,49491,49470,49383,49474
4992,49394,49474,49544,49452,49404,49434,49491,49470,49383,49474
4993,49394,49474,49544,49452,49404,49434,49491,49470,49383,49474
4994,49394,49474,49544,49452,49404,49434,49491,49470,49383,49474
4995,49394,49474,49544,49452,49404,49434,49491,49470,49383,49474
4996,49394,49474,49544,49452,49404,49434,49491,49470,49383,49474
4997,49394,49474,49544,49452,49404,49434,49491,49470,49383,49474
4998,49394,49474,49544,49452,49404,49434,49491,49470,49383,49474
4999,49394,49474,49544,49452,49404,49434,49491,49470,49383,49474
5000,49394,49474,49544,49452,49404,49434,49491,49470,49383,49474
5001,49394,49474,49544,49452,49404,49434,49491,49470,49383,49474
5002,49394,49474,49544,49452,49404,49434,49491,49470,49383,49474
5003,49394,49474,49544,49452,49404,49434,49491,49470,49383,49474
5004,49394,49474,49544,49452,49404,49434,49491,49470,49383,49474
5005,49394,49474,49544,49452,49404,49434,49491,49470,49383,49474
5006,49394,49474,49544,49452,49404,49434,49491,49470,49383,49474
5007,49394,49474,49544,49452,49404,49434,49491,49470,49383,49474
5008,49394,49474,49544,49452,49404,49434,49491,49470,49383,49474
5009,49394,49474,49544,49452,49404,49434,49491,49470,49383,49474
5010,49394,49474,49544,49452,49404,49434,49491,49470,49383,49474
5011,49394,49474,49544,49452,49404,49434,49491,49470,49383,49474
5012,49394,49474,49544,49452,49404,49434,49491,49470,49383,49474
5013,49394,49474,49544,49452,49404,49434,49491,49470,49383,49474
5014,49394,49474,49544,49452,49404,49434,49491,49470,49383,49474
5015,49394,49474,49544,49452,49404,49434,49491,49470,49383,49474
5016,49394,49474,49544,49452,49404,49434,49491,49470,49383,49474
5017,49394,49474,49544,49452,49404,49434,49491,49470,49383,49474
5018,49394,49474,49544,49452,49404,49434,49491,49470,49383,49474
5019,49394,49474,49544,49452,49404,49434,49491,49470,49383,49474
5020,49394,49474,49544,49452,49404,49434,49491,49470,49383,49474
5021,49394,49474,49544,49452,49404,49434,49491,49470,49383,49474
5022,49394,49474,49544,49452,49404,49434,49491,49470,49383,49474
5023,49394,49474,49544,49452,49404,49434,49491,49470,49383,49474
5024,49394,49474,49544,49452,49404,49434,49491,49470,49383,49474
5025,49394,49474,49544,49452,49404,49434,49491,49470,49383,49474
5026,49394,49474,49544,49452,49404,49434,49491,49470,49383,49474
5027,49394,49474,49544,49452,49404,49434,49491,49470,49383,49474
5028,49394,49474,49544,49452,49404,49434,49491,49470,49383,49474
5029,49394,49474,49544,49452,49404,49434,49491,49470,49383,49474
5030,49394,49474,49544,49452,49404,49434,49491,49470,49383,49474
5031,49394,49474,49544,49452,49404,49434,49491,49470,49383,49474
5032,49394,49474,49544,49452,49404,49434,49491,49470,49383,49474
5033,49394,49474,49544,49452,49404,49434,49491,49470,49383,49474
5034,49394,49474,49544,49452,49404,49434,49491,49470,49383,49474
5035,49394,49474,49544,49452,49404,49434,49491,49470,49383,49474
5036,49394,49474,49544,49452,49404,49434,49491,49470,49383,49474
5037,49394,49474,49544,49452,49404,49434,49491,49470,49383,49474
5038,49394,49474,49544,49452,49404,49434,49491,49470,49383,49474
5039,49394,49474,49544,49452,49404,49434,49491,49470,49383,49474
5040,49394,49474,49544,49452,49404,49434,49491,49470,49383,49474
5041,49394,49474,49544,49452,49404,49434,49491,49470,49383,49474
5042,49394,49474,49544,49452,49404,49434,49491,49470,49383,49474
5043,49394,49474,49544,49452,49404,49434,49491,49470,49383,49474
5044,49394,49474,49544,49452,49404,49434,49491,49470,49383,49474
5045,49394,49474,49544,49452,49404,49434,49491,49470,49383,49474
5046,49394,49474,49544,49452,49404,49434,49491,49470,49383,49474
5047,49394,49474,49544,49452,49404,49434,49491,49470,49383,49474
5048,49394,49474,49544,49452,49404,49434,49491,49470,49383,49474
5049,49394,49474,49544,49452,49404,49434,49491,49470,49383,49474
5050,49394,49474,49544,49452,49404,49434,49491,49470,49383,49474
5051,49394,49474,49544,49452,49404,49434,49491,49470,49383,49474
5052,49394,49474,49544,49452,49404,49434,49491,49470,49383,49474
5053,49394,49474,49544,49452,49404,49434,49491,49470,49383,49474
5054,49394,49474,49544,49452,49404,49434,49491,49470,49383,49474
5055,49394,49474,49544,49452,49404,49434,49491,49470,49383,49474
5056,49394,49474,49544,49452,49404,49434,49491,49470,49383,49474
5057,49394,49474,49544,49452,49404,49434,49491,49470,49383,49474
5058,49394,49474,49544,49452,49404,49434,49491,49470,49383,49474
5059,49394,49474,49544,49452,49404,49434,49491,49470,49383,49474
5060,49394,49474,49544,49452,49404,49434,49491,49470,49383,49474
5061,49394,49474,49544,49452,49404,49434,49491,49470,49383,49474
5062,49394,49474,49544,49452,49404,49434,49491,49470,49383,49474
5063,49394,49474,49544,49452,49404,49434,49491,49470,49383,49474
5064,49394,49474,49544,49452,49404,49434,49491,49470,49383,49474
5065,49394,49474,49544,49452,49404,49434,49491,49470,49383,49474
5066,49394,49474,49544,49452,49404,49434,49491,49470,49383,49474
5067,49394,49474,49544,49452,49404,49434,49491,49470,49383,49474
5068,49394,49474,49544,49452,49404,49434,49491,49470,49383,49474
5069,49394,49474,49544,49452,49404,49434,49491,49470,49383,49474
5070,49394,49474,49544,49452,49404,49434,49491,49470,49383,49474
5071,49394,49474,49544,49452,49404,49434,49491,49470,49383,49474
5072,49394,49474,49544,49452,49404,49434,49491,49470,49383,49474
5073,49394,49474,49544,49452,49404,49434,49491,49470,49383,49474
5074,49394,49474,49544,49452,49404,49434,49491,49470,49383,49474
5075,49394,49474,49544,49452,49404,49434,49491,49470,49383,49474
5076,49394,49474,49544,49452,49404,49434,49491,49470,49383,49474
5077,49394,49474,49544,49452,49404,49434,49491,49470,49383,49474
5078,49394,49474,49544,49452,49404,49434,49491,49470,49383,49474
5079,49394,49474,49544,49452,49404,49434,49491,49470,49383,49474
5080,49394,49474,49544,49452,49404,49434,49491,49470,49383,49474
5081,49394,49474,49544,49452,49404,49434,49491,49470,49383,49474
5082,49394,49474,49544,49452,49404,49434,49491,49470,49383,49474
5083,49394,49474,49544,49452,49404,49434,49491,49470,49383,49474
5084,49394,49474,49544,49452,49404,49434,49491,49470,49383,49474
5085,49394,49474,49544,49452,49404,49434,49491,49470,49383,49474
5086,49394,49474,49544,49452,49404,49434,49491,49470,49383,49474
5087,49394,49474,49544,49452,49404,49434,49491,49470,49383,49474
5088,49394,49474,49544,49452,49404,49434,49491,49470,49383,49474
5089,49394,49474,49544,49452,49404,49434,49491,49470,49383,49474
5090,49394,49474,49544,49452,49404,49434,49491,49470,49383,49474
5091,49394,49474,49544,49452,49404,49434,49491,49470,49383,49474
5092,49394,49474,49544,49452,49404,49434,49491,49470,49383,49474
5093,49394,49474,49544,49452,49404,49434,49491,49470,49383,49474
5094,49394,49474,49544,49452,49404,49434,49491,49470,49383,49474
5095,49394,49474,49544,49452,49404,49434,49491,49470,49383,49474
5096,49394,49474,49544,49452,49404,49434,49491,49470,49383,49474
5097,49394,49474,49544,49452,49404,49434,49491,49470,49383,49474
5098,49394,49474,49544,49452,49404,49434,49491,49470,49383,49474
5099,49394,49474,49544,49452,49404,49434,49491,49470,49383,49474
5100,49394,49474,49544,49452,49404,49434,49491,49470,49383,49474
5101,49394,49474,49544,49452,49404,49434,49491,49470,49383,49474
5102,49394,49474,49544,49452,49404,49434,49491,49470,49383,49474
5103,49394,49474,49544,49452,49404,49434,49491,49470,49383,49474
5104,49394,49474,49544,49452,49404,49434,49491,49470,49383,49474
5105,49394,49474,49544,49452,49404,49434,49491,49470,49383,49474
5106,49394,49474,49544,49452,49404,49434,49491,49470,49383,49474
5107,49394,49474,49544,49452,49404,49434,49491,49470,49383,49474
5108,49394,49474,49544,49452,49404,49434,49491,49470,49383,49474
5109,49394,49474,49544,49452,49404,49434,49491,49470,49383,49474
5110,49394,49474,49544,49452,49404,49434,49491,49470,49383,49474
5111,49394,49474,49544,49452,49404,49434,49491,49470,49383,49474
5112,49394,49474,49544,49452,49404,49434,49491,49470,49383,49474
5113,49394,49474,49544,49452,49404,49434,49491,49470,49383,49474
5114,49394,49474,49544,49452,49404,49434,49491,49470,49383,49474
5115,49394,49474,49544,49452,49404,49434,49491,49470,49383,49474
5116,49394,49474,49544,49452,49404,49434,49491,49470,49383,49474
5117,49394,49474,49544,49452,49404,49434,49491,49470,49383,49474
5118,49394,49474,49544,49452,49404,49434,49491,49470,49383,49474
5119,49394,49474,49544,49452,49404,49434,49491,49470,49383,49474
5120,49394,49474,49544,49452,49404,49434,49491,49470,49383,49474
5121,49394,49474,49544,49452,49404,49434,49491,49470,49383,49474
5122,49394,49474,49544,49452,49404,49434,49491,49470,49383,49474
5123,49394,49474,49544,49452,49404,49434,49491,49470,49383,49474
5124,49394,49474,49544,49452,49404,49434,49491,49470,49383,49474
5125,49394,49474,49544,49452,49404,49434,49491,49470,49383,49474
5126,49394,49474,49544,49452,49404,49434,49491,49470,49383,49474
5127,49394,49474,49544,49452,49404,49434,49491,49470,49383,49474
5128,49394,49474,49544,49452,49404,49434,49491,49470,49383,49474
5129,49394,49474,49544,49452,49404,49434,49491,49470,49383,49474
5130,49394,49474,49544,49452,49404,49434,49491,49470,49383,49474
5131,49394,49474,49544,49452,49404,49434,49491,49470,49383,49474
5132,49394,49474,49544,49452,49404,49434,49491,49470,49383,49474
5133,49394,49474,49544,49452,49404,49434,49491,49470,49383,49474
5134,49394,49474,49544,49452,49404,49434,49491,49470,49383,49474
5135,49394,49474,49544,49452,49404,49434,49491,49470,49383,49474
5136,49394,49474,49544,49452,49404,49434,49491,49470,49383,49474
5137,49394,49474,49544,49452,49404,49434,49491,49470,49383,49474
5138,49394,49474,49544,49452,49404,49434,49491,49470,49383,49474
5139,49394,49474,49544,49452,49404,49434,49491,49470,49383,49474
5140,49394,49474,49544,49452,49404,49434,49491,49470,49383,49474
5141,49394,49474,49544,49452,49404,49434,49491,49470,49383,49474
5142,49394,49474,49544,49452,49404,49434,49491,49470,49383,49474
5143,49394,49474,49544,49452,49404,49434,49491,49470,49383,49474
5144,49394,49474,49544,49452,49404,49434,49491,49470,49383,49474
5145,49394,49474,49544,49452,49404,49434,49491,49470,49383,49474
5146,49394,49474,49544,49452,49404,49434,49491,49470,49383,49474
5147,49394,49474,49544,49452,49404,49434,49491,49470,49383,49474
5148,49394,49474,49544,49452,49404,49434,49491,49470,49383,49474
5149,49394,49474,49544,49452,49404,49434,49491,49470,49383,49474
5150,49394,49474,49544,49452,49404,49434,49491,49470,49383,49474
5151,49394,49474,49544,49452,49404,49434,49491,49470,49383,49474
5152,49394,49474,49544,49452,49404,49434,49491,49470,49383,49474
5153,49394,49474,49544,49452,49404,49434,49491,49470,49383,49474
5154,49394,49474,49544,49452,49404,49434,49491,49470,49383,49474
5155,49394,49474,49544,49452,49404,49434,49491,49470,49383,49474
5156,49394,49474,49544,49452,49404,49434,49491,49470,49383,49474
5157,49394,49474,49544,49452,49404,49434,49491,49470,49383,49474
5158,49394,49474,49544,49452,49404,49434,49491,49470,49383,49474
5159,49394,49474,49544,49452,49404,49434,49491,49470,49383,49474
5160,49394,49474,49544,49452,49404,49434,49491,49470,49383,49474
5161,49394,49474,49544,49452,49404,49434,49491,49470,49383,49474
5162,49394,49474,49544,49452,49404,49434,49491,49470,49383,49474
5163,49394,49474,49544,49452,49404,49434,49491,49470,49383,49474
5164,49394,49474,49544,49452,49404,49434,49491,49470,49383,49474
5165,49394,49474,49544,49452,49404,49434,49491,49470,49383,49474
5166,49394,49474,49544,49452,49404,49434,49491,49470,49383,49474
5167,49394,49474,49544,49452,49404,49434,49491,49470,49383,49474
5168,49394,49474,49544,49452,49404,49434,49491,49470,49383,49474
5169,49394,49474,49544,49452,49404,49434,49491,49470,49383,49474
5170,49394,49474,49544,49452,49404,49434,49491,49470,49383,49474
5171,49394,49474,49544,49452,49404,49434,49491,49470,49383,49474
5172,49394,49474,49544,49452,49404,49434,49491,49470,49383,49474
5173,49394,49474,49544,49452,49404,49434,49491,49470,49383,49474
5174,49394,49474,49544,49452,49404,49434,49491,49470,49383,49474
5175,49394,49474,49544,49452,49404,49434,49491,49470,49383,49474
5176,49394,49474,49544,49452,49404,49434,49491,49470,49383,49474
5177,49394,49474,49544,49452,49404,49434,49491,49470,49383,49474
5178,49394,49474,49544,49452,49404,49434,49491,49470,49383,49474
5179,49394,49474,49544,49452,49404,49434,49491,49470,49383,49474
5180,49394,49474,49544,49452,49404,49434,49491,49470,49383,49474
5181,49394,49474,49544,49452,49404,49434,49491,49470,49383,49474
5182,49394,49474,49544,49452,49404,49434,49491,49470,49383,49474
5183,49394,49474,49544,49452,49404,49434,49491,49470,49383,49474
5184,49394,49474,49544,49452,49404,49434,49491,49470,49383,49474
5185,49394,49474,49544,49452,49404,49434,49491,49470,49383,49474
5186,49394,49474,49544,49452,49404,49434,49491,49470,49383,49474
5187,49394,49474,49544,49452,49404,49434,49491,49470,49383,49474
5188,49394,49474,49544,49452,49404,49434,49491,49470,49383,49474
5189,49394,49474,49544,49452,49404,49434,49491,49470,49383,49474
5190,49394,49474,49544,49452,49404,49434,49491,49470,49383,49474
5191,49394,49474,49544,49452,49404,49434,49491,49470,49383,49474
5192,49394,49474,49544,49452,49404,49434,49491,49470,49383,49474
5193,49394,49474,49544,49452,49404,49434,49491,49470,49383,49474
5194,49394,49474,49544,49452,49404,49434,49491,49470,49383,49474
5195,49394,49474,49544,49452,49404,49434,49491,49470,49383,49474
5196,49394,49474,49544,49452,49404,49434,49491,49470,49383,49474
5197,49394,49474,49544,49452,49404,49434,49491,49470,49383,49474
5198,49394,49474,49544,49452,49404,49434,49491,49470,49383,49474
5199,49394,49474,49544,49452,49404,49434,49491,49470,49383,49474
5200,49394,49474,49544,49452,49404,49434,49491,49470,49383,49474
5201,49394,49474,49544,49452,49404,49434,49491,49470,49383,49474
5202,49394,49474,49544,49452,49404,49434,49491,49470,49383,49474
5203,49394,49474,49544,49452,49404,49434,49491,49470,49383,49474
5204,49394,49474,49544,49452,49404,49434,49491,49470,49383,49474
5205,49394,49474,49544,49452,49404,49434,49491,49470,49383,49474
5206,49394,49474,49544,49452,49404,49434,49491,49470,49383,49474
5207,49394,49474,49544,49452,49404,49434,49491,49470,49383,49474
5208,49394,49474,49544,49452,49404,49434,49491,49470,49383,49474
5209,49394,49474,49544,49452,49404,49434,49491,49470,49383,49474
5210,49394,49474,49544,49452,49404,49434,49491,49470,49383,49474
5211,49394,49474,49544,49452,49404,49434,49491,49470,49383,49474
5212,49394,49474,49544,49452,49404,49434,49491,49470,49383,49474
5213,49394,49474,49544,49452,49404,49434,49491,49470,49383,49474
5214,49394,49474,49544,49452,49404,49434,49491,49470,49383,49474
5215,49394,49474,49544,49452,49404,49434,49491,49470,49383,49474
5216,49394,49474,49544,49452,49404,49434,49491,49470,49383,49474
5217,49394,49474,49544,49452,49404,49434,49491,49470,49383,49474
5218,49394,49474,49544,49452,49404,49434,49491,49470,49383,49474
5219,49394,49474,49544,49452,49404,49434,49491,49470,49383,49474
5220,49394,49474,49544,49452,49404,49434,49491,49470,49383,49474
5221,49394,49474,49544,49452,49404,49434,49491,49470,49383,49474
5222,49394,49474,49544,49452,49404,49434,49491,49470,49383,49474
5223,49394,49474,49544,49452,49404,49434,49491,49470,49383,49474
5224,49394,49474,49544,49452,49404,49434,49491,49470,49383,49474
5225,49394,49474,49544,49452,49404,49434,49491,49470,49383,49474
5226,49394,49474,49544,49452,49404,49434,49491,49470,49383,49474
5227,49394,49474,49544,49452,49404,49434,49491,49470,49383,49474
5228,49394,49474,49544,49452,49404,49434,49491,49470,49383,49474
5229,49394,49474,49544,49452,49404,49434,49491,49470,49383,49474
5230,49394,49474,49544,49452,49404,49434,49491,49470,49383,49474
5231,49394,49474,49544,49452,49404,49434,49491,49470,49383,49474
5232,49394,49474,49544,49452,49404,49434,49491,49470,49383,49474
5233,49394,49474,49544,49452,49404,49434,49491,49470,49383,49474
5234,49394,49474,49544,49452,49404,49434,49491,49470,49383,49474
5235,49394,49474,49544,49452,49404,49434,49491,49470,49383,49474
5236,49394,49474,49544,49452,49404,49434,49491,49470,49383,49474
5237,49394,49474,49544,49452,49404,49434,49491,49470,49383,49474
5238,49394,49474,49544,49452,49404,49434,49491,49470,49383,49474
5239,49394,49474,49544,49452,49404,49434,49491,49470,49383,49474
5240,49394,49474,49544,49452,49404,49434,49491,49470,49383,49474
5241,49394,49474,49544,49452,49404,49434,49491,49470,49383,49474
5242,49394,49474,49544,49452,49404,49434,49491,49470,49383,49474
5243,49394,49474,49544,49452,49404,49434,49491,49470,49383,49474
5244,49394,49474,49544,49452,49404,49434,49491,49470,49383,49474
5245,49394,49474,49544,49452,49404,49434,49491,49470,49383,49474
5246,49394,49474,49544,49452,49404,49434,49491,49470,49383,49474
5247,49394,49474,49544,49452,49404,49434,49491,49470,49383,49474
5248,49394,49474,49544,49452,49404,49434,49491,49470,49383,49474
5249,49394,49474,49544,49452,49404,49434,49491,49470,49383,49474
5250,49394,49474,49544,49452,49404,49434,49491,49470,49383,49474
5251,49394,49474,49544,49452,49404,49434,49491,49470,49383,49474
5252,49394,49474,49544,49452,49404,49434,49491,49470,49383,49474
5253,49394,49474,49544,49452,49404,49434,49491,49470,49383,49474
5254,49394,49474,49544,49452,49404,49434,49491,49470,49383,49474
5255,49394,49474,49544,49452,49404,49434,49491,49470,49383,49474
5256,49394,49474,49544,49452,49404,49434,49491,49470,49383,49474
5257,49394,49474,49544,49452,49404,49434,49491,49470,49383,49474
5258,49394,49474,49544,49452,49404,49434,49491,49470,49383,49474
5259,49394,49474,49544,49452,49404,49434,49491,49470,49383,49474
5260,49394,49474,49544,49452,49404,49434,49491,49470,49383,49474
5261,49394,49474,49544,49452,49404,49434,49491,49470,49383,49474
5262,49394,49474,49544,49452,49404,49434,49491,49470,49383,49474
5263,49394,49474,49544,49452,49404,49434,49491,49470,49383,49474
5264,49394,49474,49544,49452,49404,49434,49491,49470,49383,49474
5265,49394,49474,49544,49452,49404,49434,49491,49470,49383,49474
5266,49394,49474,49544,49452,49404,49434,49491,49470,49383,49474
5267,49394,49474,49544,49452,49404,49434,49491,49470,49383,49474
5268,49394,49474,49544,49452,49404,49434,49491,49470,49383,49474
5269,49394,49474,49544,49452,49404,49434,49491,49470,49383,49474
5270,49394,49474,49544,49452,49404,49434,49491,49470,49383,49474
5271,49394,49474,49544,49452,49404,49434,49491,49470,49383,49474
5272,49394,49474,49544,49452,49404,49434,49491,49470,49383,49474
5273,49394,49474,49544,49452,49404,49434,49491,49470,49383,49474
5274,49394,49474,49544,49452,49404,49434,49491,49470,49383,49474
5275,49394,49474,49544,49452,49404,49434,49491,49470,49383,49474
5276,49394,49474,49544,49452,49404,49434,49491,49470,49383,49474
5277,49394,49474,49544,49452,49404,49434,49491,49470,49383,49474
5278,49394,49474,49544,49452,49404,49434,49491,49470,49383,49474
5279,49394,49474,49544,49452,49404,49434,49491,49470,49383,49474
5280,49394,49474,49544,49452,49404,49434,49491,49470,49383,49474
5281,49394,49474,49544,49452,49404,49434,49491,49470,49383,49474
5282,49394,49474,49544,49452,49404,49434,49491,49470,49383,49474
5283,49394,49474,49544,49452,49404,49434,49491,49470,49383,49474
5284,49394,49474,49544,49452,49404,49434,49491,49470,49383,49474
5285,49394,49474,49544,49452,49404,49434,49491,49470,49383,49474
5286,49394,49474,49544,49452,49404,49434,49491,49470,49383,49474
5287,49394,49474,49544,49452,49404,49434,49491,49470,49383,49474
5288,49394,49474,49544,49452,49404,49434,49491,49470,49383,49474
5289,49394,49474,49544,49452,49404,49434,49491,49470,49383,49474
5290,49394,49474,49544,49452,49404,49434,49491,49470,49383,49474
5291,49394,49474,49544,49452,49404,49434,49491,49470,49383,49474
5292,49394,49474,49544,49452,49404,49434,49491,49470,49383,49474
5293,49394,49474,49544,49452,49404,49434,49491,49470,49383,49474
5294,49394,49474,49544,49452,49404,49434,49491,49470,49383,49474
5295,49394,49474,49544,49452,49404,49434,49491,49470,49383,49474
5296,49394,49474,49544,49452,49404,49434,49491,49470,49383,49474
5297,49394,49474,49544,49452,49404,49434,49491,49470,49383,49474
5298,49394,49474,49544,49452,49404,49434,49491,49470,49383,49474
5299,49394,49474,49544,49452,49404,49434,49491,49470,49383,49474
5300,49394,49474,49544,49452,49404,49434,49491,49470,49383,49474
5301,49394,49474,49544,49452,49404,49434,49491,49470,49383,49474
5302,49394,49474,49544,49452,49404,49434,49491,49470,49383,49474
5303,49394,49474,49544,49452,49404,49434,49491,49470,49383,49474
5304,49394,49474,49544,49452,49404,49434,49491,49470,49383,49474
5305,49394,49474,49544,49452,49404,49434,49491,49470,49383,49474
5306,49394,49474,49544,49452,49404,49434,49491,49470,49383,49474
5307,49394,49474,49544,49452,49404,49434,49491,49470,49383,49474
5308,49394,49474,49544,49452,49404,49434,49491,49470,49383,49474
5309,49394,49474,49544,49452,49404,49434,49491,49470,49383,49474
5310,49394,49474,49544,49452,49404,49434,49491,49470,49383,49474
5311,49394,49474,49544,49452,49404,49434,49491,49470,49383,49474
5312,49394,49474,49544,49452,49404,49434,49491,49470,49383,49474
5313,49394,49474,49544,49452,49404,49434,49491,49470,49383,49474
5314,49394,49474,49544,49452,49404,49434,49491,49470,49383,49474
5315,49394,49474,49544,49452,49404,49434,49491,49470,49383,49474
5316,49394,49474,49544,49452,49404,49434,49491,49470,49383,49474
5317,49394,49474,49544,49452,49404,49434,49491,49470,49383,49474
5318,49394,49474,49544,49452,49404,49434,49491,49470,49383,49474
5319,49394,49474,49544,49452,49404,49434,49491,49470,49383,49474
5320,49394,49474,49544,49452,49404,49434,49491,49470,49383,49474
5321,49394,49474,49544,49452,49404,49434,49491,49470,49383,49474
5322,49394,49474,49544,49452,49404,49434,49491,49470,49383,49474
5323,49394,49474,49544,49452,49404,49434,49491,49470,49383,49474
5324,49394,49474,49544,49452,49404,49434,49491,49470,49383,49474
5325,49394,49474,49544,49452,49404,49434,49491,49470,49383,49474
5326,49394,49474,49544,49452,49404,49434,49491,49470,49383,49474
5327,49394,49474,49544,49452,49404,49434,49491,49470,49383,49474
5328,49394,49474,49544,49452,49404,49434,49491,49470,49383,49474
5329,49394,49474,49544,49452,49404,49434,49491,49470,49383,49474
5330,49394,49474,49544,49452,49404,49434,49491,49470,49383,49474
5331,49394,49474,49544,49452,49404,49434,49491,49470,49383,49474
5332,49394,49474,49544,49452,49404,49434,49491,49470,49383,49474
5333,49394,49474,49544,49452,49404,49434,49491,49470,49383,49474
5334,49394,49474,49544,49452,49404,49434,49491,49470,49383,49474
5335,49394,49474,49544,49452,49404,49434,49491,49470,49383,49474
5336,49394,49474,49544,49452,49404,49434,49491,49470,49383,49474
5337,49394,49474,49544,49452,49404,49434,49491,49470,49383,49474
5338,49394,49474,49544,49452,49404,49434,49491,49470,49383,49474
5339,49394,49474,49544,49452,49404,49434,49491,49470,49383,49474
5340,49394,49474,49544,49452,49404,49434,49491,49470,49383,49474
5341,49394,49474,49544,49452,49404,49434,49491,49470,49383,49474
5342,49394,49474,49544,49452,49404,49434,49491,49470,49383,49474
5343,49394,49474,49544,49452,49404,49434,49491,49470,49383,49474
5344,49394,49474,49544,49452,49404,49434,49491,49470,49383,49474
5345,49394,49474,49544,49452,49404,49434,49491,49470,49383,49474
5346,49394,49474,49544,49452,49404,49434,49491,49470,49383,49474
5347,49394,49474,49544,49452,49404,49434,49491,49470,49383,49474
5348,49394,49474,49544,49452,49404,49434,49491,49470,49383,49474
5349,49394,49474,49544,49452,49404,49434,49491,49470,49383,49474
5350,49394,49474,49544,49452,49404,49434,49491,49470,49383,49474
5351,49394,49474,49544,49452,49404,49434,49491,49470,49383,49474
5352,49394,49474,49544,49452,49404,49434,49491,49470,49383,49474
5353,49394,49474,49544,49452,49404,49434,49491,49470,49383,49474
5354,49394,49474,49544,49452,49404,49434,49491,49470,49383,49474
5355,49394,49474,49544,49452,49404,49434,49491,49470,49383,49474
5356,49394,49474,49544,49452,49404,49434,49491,49470,49383,49474
5357,49394,49474,49544,49452,49404,49434,49491,49470,49383,49474
5358,49394,49474,49544,49452,49404,49434,49491,49470,49383,49474
5359,49394,49474,49544,49452,49404,49434,49491,49470,49383,49474
5360,49394,49474,49544,49452,49404,49434,49491,49470,49383,49474
5361,49394,49474,49544,49452,49404,49434,49491,49470,49383,49474
5362,49394,49474,49544,49452,49404,49434,49491,49470,49383,49474
5363,49394,49474,49544,49452,49404,49434,49491,49470,49383,49474
5364,49394,49474,49544,49452,49404,49434,49491,49470,49383,49474
5365,49394,49474,49544,49452,49404,49434,49491,49470,49383,49474
5366,49394,49474,49544,49452,49404,49434,49491,49470,49383,49474
5367,49394,49474,49544,49452,49404,49434,49491,49470,49383,49474
5368,49394,49474,49544,49452,49404,49434,49491,49470,49383,49474
5369,49394,49474,49544,49452,49404,49434,49491,49470,49383,49474
5370,49394,49474,49544,49452,49404,49434,49491,49470,49383,49474
5371,49394,49474,49544,49452,49404,49434,49491,49470,49383,49474
5372,49394,49474,49544,49452,49404,49434,49491,49470,49383,49474
5373,49394,49474,49544,49452,49404,49434,49491,49470,49383,49474
5374,49394,49474,49544,49452,49404,49434,49491,49470,49383,49474
5375,49394,49474,49544,49452,49404,49434,49491,49470,49383,49474
5376,49394,49474,49544,49452,49404,49434,49491,49470,49383,49474
5377,49394,49474,49544,49452,49404,49434,49491,49470,49383,49474
5378,49394,49474,49544,49452,49404,49434,49491,49470,49383,49474
5379,49394,49474,49544,49452,49404,49434,49491,49470,49383,49474
5380,49394,49474,49544,49452,49404,49434,49491,49470,49383,49474
5381,49394,49474,49544,49452,49404,49434,49491,49470,49383,49474
5382,49394,49474,49544,49452,49404,49434,49491,49470,49383,49474
5383,49394,49474,49544,49452,49404,49434,49491,49470,49383,49474
5384,49394,49474,49544,49452,49404,49434,49491,49470,49383,49474
5385,49394,49474,49544,49452,49404,49434,49491,49470,49383,49474
5386,49394,49474,49544,49452,49404,49434,49491,49470,49383,49474
5387,49394,49474,49544,49452,49404,49434,49491,49470,49383,49474
5388,49394,49474,49544,49452,49404,49434,49491,49470,49383,49474
5389,49394,49474,49544,49452,49404,49434,49491,49470,49383,49474
5390,49394,49474,49544,49452,49404,49434,49491,49470,49383,49474
5391,49394,49474,49544,49452,49404,49434,49491,49470,49383,49474
5392,49394,49474,49544,49452,49404,49434,49491,49470,49383,49474
5393,49394,49474,49544,49452,49404,49434,49491,49470,49383,49474
5394,49394,49474,49544,49452,49404,49434,49491,49470,49383,49474
5395,49394,49474,49544,49452,49404,49434,49491,49470,49383,49474
5396,49394,49474,49544,49452,49404,49434,49491,49470,49383,49474
5397,49394,49474,49544,49452,49404,49434,49491,49470,49383,49474
5398,49394,49474,49544,49452,49404,49434,49491,49470,49383,49474
5399,49394,49474,49544,49452,49404,49434,49491,49470,49383,49474
5400,49394,49474,49544,49452,49404,49434,49491,49470,49383,49474
5401,49394,49474,49544,49452,49404,49434,49491,49470,49383,49474
5402,49394,49474,49544,49452,49404,49434,49491,49470,49383,49474
5403,49394,49474,49544,49452,49404,49434,49491,49470,49383,49474
5404,49394,49474,49544,49452,49404,49434,49491,49470,49383,49474
5405,49394,49474,49544,49452,49404,49434,49491,49470,49383,49474
5406,49394,49474,49544,49452,49404,49434,49491,49470,49383,49474
5407,49394,49474,49544,49452,49404,49434,49491,49470,49383,49474
5408,49394,49474,49544,49452,49404,49434,49491,49470,49383,49474
5409,49394,49474,49544,49452,49404,49434,49491,49470,49383,49474
5410,49394,49474,49544,49452,49404,49434,49491,49470,49383,49474
5411,49394,49474,49544,49452,49404,49434,49491,49470,49383,49474
5412,49394,49474,49544,49452,49404,49434,49491,49470,49383,49474
5413,49394,49474,49544,49452,49404,49434,49491,49470,49383,49474
5414,49394,49474,49544,49452,49404,49434,49491,49470,49383,49474
5415,49394,49474,49544,49452,49404,49434,49491,49470,49383,49474
5416,49394,49474,49544,49452,49404,49434,49491,49470,49383,49474
5417,49394,49474,49544,49452,49404,49434,49491,49470,49383,49474
5418,49394,49474,49544,49452,49404,49434,49491,49470,49383,49474
5419,49394,49474,49544,49452,49404,49434,49491,49470,49383,49474
5420,49394,49474,49544,49452,49404,49434,49491,49470,49383,49474
5421,49394,49474,49544,49452,49404,49434,49491,49470,49383,49474
5422,49394,49474,49544,49452,49404,49434,49491,49470,49383,49474
5423,49394,49474,49544,49452,49404,49434,49491,49470,49383,49474
5424,49394,49474,49544,49452,49404,49434,49491,49470,49383,49474
5425,49394,49474,49544,49452,49404,49434,49491,49470,49383,49474
5426,49394,49474,49544,49452,49404,49434,49491,49470,49383,49474
5427,49394,49474,49544,49452,49404,49434,49491,49470,49383,49474
5428,49394,49474,49544,49452,49404,49434,49491,49470,49383,49474
5429,49394,49474,49544,49452,49404,49434,49491,49470,49383,49474
5430,49394,49474,49544,49452,49404,49434,49491,49470,49383,49474
5431,49394,49474,49544,49452,49404,49434,49491,49470,49383,49474
5432,49394,49474,49544,49452,49404,49434,49491,49470,49383,49474
5433,49394,49474,49544,49452,49404,49434,49491,49470,49383,49474
5434,49394,49474,49544,49452,49404,49434,49491,49470,49383,49474
5435,49394,49474,49544,49452,49404,49434,49491,49470,49383,49474
5436,49394,49474,49544,49452,49404,49434,49491,49470,49383,49474
5437,49394,49474,49544,49452,49404,49434,49491,49470,49383,49474
5438,49394,49474,49544,49452,49404,49434,49491,49470,49383,49474
5439,49394,49474,49544,49452,49404,49434,49491,49470,49383,49474
5440,49394,49474,49544,49452,49404,49434,49491,49470,49383,49474
5441,49394,49474,49544,49452,49404,49434,49491,49470,49383,49474
5442,49394,49474,49544,49452,49404,49434,49491,49470,49383,49474
5443,49394,49474,49544,49452,49404,49434,49491,49470,49383,49474
5444,49394,49474,49544,49452,49404,49434,49491,49470,49383,49474
5445,49394,49474,49544,49452,49404,49434,49491,49470,49383,49474
5446,49394,49474,49544,49452,49404,49434,49491,49470,49383,49474
5447,49394,49474,49544,49452,49404,49434,49491,49470,49383,49474
5448,49394,49474,49544,49452,49404,49434,49491,49470,49383,49474
5449,49394,49474,49544,49452,49404,49434,49491,49470,49383,49474
5450,49394,49474,49544,49452,49404,49434,49491,49470,49383,49474
5451,49394,49474,49544,49452,49404,49434,49491,49470,49383,49474
5452,49394,49474,49544,49452,49404,49434,49491,49470,49383,49474
5453,49394,49474,49544,49452,49404,49434,49491,49470,49383,49474
5454,49394,49474,49544,49452,49404,49434,49491,49470,49383,49474
5455,49394,49474,49544,49452,49404,49434,49491,49470,49383,49474
5456,49394,49474,49544,49452,49404,49434,49491,49470,49383,49474
5457,49394,49474,49544,49452,49404,49434,49491,49470,49383,49474
5458,49394,49474,49544,49452,49404,49434,49491,49470,49383,49474
5459,49394,49474,49544,49452,49404,49434,49491,49470,49383,49474
5460,49394,49474,49544,49452,49404,49434,49491,49470,49383,49474
5461,49394,49474,49544,49452,49404,49434,49491,49470,49383,49474
5462,49394,49474,49544,49452,49404,49434,49491,49470,49383,49474
5463,49394,49474,49544,49452,49404,49434,49491,49470,49383,49474
5464,49394,49474,49544,49452,49404,49434,49491,49470,49383,49474
5465,49394,49474,49544,49452,49404,49434,49491,49470,49383,49474
5466,49394,49474,49544,49452,49404,49434,49491,49470,49383,49474
5467,49394,49474,49544,49452,49404,49434,49491,49470,49383,49474
5468,49394,49474,49544,49452,49404,49434,49491,49470,49383,49474
5469,49394,49474,49544,49452,49404,49434,49491,49470,49383,49474
5470,49394,49474,49544,49452,49404,49434,49491,49470,49383,49474
5471,49394,49474,49544,49452,49404,49434,49491,49470,49383,49474
5472,49394,49474,49544,49452,49404,49434,49491,49470,49383,49474
5473,49394,49474,49544,49452,49404,49434,49491,49470,49383,49474
5474,49394,49474,49544,49452,49404,49434,49491,49470,49383,49474
5475,49394,49474,49544,49452,49404,49434,49491,49470,49383,49474
5476,49394,49474,49544,49452,49404,49434,49491,49470,49383,49474
5477,49394,49474,49544,49452,49404,49434,49491,49470,49383,49474
5478,49394,49474,49544,49452,49404,49434,49491,49470,49383,49474
5479,49394,49474,49544,49452,49404,49434,49491,49470,49383,49474
5480,49394,49474,49544,49452,49404,49434,49491,49470,49383,49474
5481,49394,49474,49544,49452,49404,49434,49491,49470,49383,49474
5482,49394,49474,49544,49452,49404,49434,49491,49470,49383,49474
5483,49394,49474,49544,49452,49404,49434,49491,49470,49383,49474
5484,49394,49474,49544,49452,49404,49434,49491,49470,49383,49474
5485,49394,49474,49544,49452,49404,49434,49491,49470,49383,49474
5486,49394,49474,49544,49452,49404,49434,49491,49470,49383,49474
5487,49394,49474,49544,49452,49404,49434,49491,49470,49383,49474
5488,49394,49474,49544,49452,49404,49434,49491,49470,49383,49474
5489,49394,49474,49544,49452,49404,49434,49491,49470,49383,49474
5490,49394,49474,49544,49452,49404,49434,49491,49470,49383,49474
5491,49394,49474,49544,49452,49404,49434,49491,49470,49383,49474
5492,49394,49474,49544,49452,49404,49434,49491,49470,49383,49474
5493,49394,49474,49544,49452,49404,49434,49491,49470,49383,49474
5494,49394,49474,49544,49452,49404,49434,49491,49470,49383,49474
5495,49394,49474,49544,49452,49404,49434,49491,49470,49383,49474
5496,49394,49474,49544,49452,49404,49434,49491,49470,49383,49474
5497,49394,49474,49544,49452,49404,49434,49491,49470,49383,49474
5498,49394,49474,49544,49452,49404,49434,49491,49470,49383,49474
5499,49394,49474,49544,49452,49404,49434,49491,49470,49383,49474
5500,49394,49474,49544,49452,49404,49434,49491,49470,49383,49474
5501,49394,49474,49544,49452,49404,49434,49491,49470,49383,49474
5502,49394,49474,49544,49452,49404,49434,49491,49470,49383,49474
5503,49394,49474,49544,49452,49404,49434,49491,49470,49383,49474
5504,49394,49474,49544,49452,49404,49434,49491,49470,49383,49474
5505,49394,49474,49544,49452,49404,49434,49491,49470,49383,49474
5506,49394,49474,49544,49452,49404,49434,49491,49470,49383,49474
5507,49394,49474,49544,49452,49404,49434,49491,49470,49383,49474
5508,49394,49474,49544,49452,49404,49434,49491,49470,49383,49474
5509,49394,49474,49544,49452,49404,49434,49491,49470,49383,49474
5510,49394,49474,49544,49452,49404,49434,49491,49470,49383,49474
5511,49394,49474,49544,49452,49404,49434,49491,49470,49383,49474
5512,49394,49474,49544,49452,49404,49434,49491,49470,49383,49474
5513,49394,49474,49544,49452,49404,49434,49491,49470,49383,49474
5514,49394,49474,49544,49452,49404,49434,49491,49470,49383,49474
5515,49394,49474,49544,49452,49404,49434,49491,49470,49383,49474
5516,49394,49474,49544,49452,49404,49434,49491,49470,49383,49474
5517,49394,49474,49544,49452,49404,49434,49491,49470,49383,49474
5518,49394,49474,49544,49452,49404,49434,49491,49470,49383,49474
5519,49394,49474,49544,49452,49404,49434,49491,49470,49383,49474
5520,49394,49474,49544,49452,49404,49434,49491,49470,49383,49474
5521,49394,49474,49544,49452,49404,49434,49491,49470,49383,49474
5522,49394,49474,49544,49452,49404,49434,49491,49470,49383,49474
5523,49394,49474,49544,49452,49404,49434,49491,49470,49383,49474
5524,49394,49474,49544,49452,49404,49434,49491,49470,49383,49474
5525,49394,49474,49544,49452,49404,49434,49491,49470,49383,49474
5526,49394,49474,49544,49452,49404,49434,49491,49470,49383,49474
5527,49394,49474,49544,49452,49404,49434,49491,49470,49383,49474
5528,49394,49474,49544,49452,49404,49434,49491,49470,49383,49474
5529,49394,49474,49544,49452,49404,49434,49491,49470,49383,49474
5530,49394,49474,49544,49452,49404,49434,49491,49470,49383,49474
5531,49394,49474,49544,49452,49404,49434,49491,49470,49383,49474
5532,49394,49474,49544,49452,49404,49434,49491,49470,49383,49474
5533,49394,49474,49544,49452,49404,49434,49491,49470,49383,49474
5534,49394,49474,49544,49452,49404,49434,49491,49470,49383,49474
5535,49394,49474,49544,49452,49404,49434,49491,49470,49383,49474
5536,49394,49474,49544,49452,49404,49434,49491,49470,49383,49474
5537,49394,49474,49544,49452,49404,49434,49491,49470,49383,49474
5538,49394,49474,49544,49452,49404,49434,49491,49470,49383,49474
5539,49394,49474,49544,49452,49404,49434,49491,49470,49383,49474
5540,49394,49474,49544,49452,49404,49434,49491,49470,49383,49474
5541,49394,49474,49544,49452,49404,49434,49491,49470,49383,49474
5542,49394,49474,49544,49452,49404,49434,49491,49470,49383,49474
5543,49394,49474,49544,49452,49404,49434,49491,49470,49383,49474
5544,49394,49474,49544,49452,49404,49434,49491,49470,49383,49474
5545,49394,49474,49544,49452,49404,49434,49491,49470,49383,49474
5546,49394,49474,49544,49452,49404,49434,49491,49470,49383,49474
5547,49394,49474,49544,49452,49404,49434,49491,49470,49383,49474
5548,49394,49474,49544,49452,49404,49434,49491,49470,49383,49474
5549,49394,49474,49544,49452,49404,49434,49491,49470,49383,49474
5550,49394,49474,49544,49452,49404,49434,49491,49470,49383,49474
5551,49394,49474,49544,49452,49404,49434,49491,49470,49383,49474
5552,49394,49474,49544,49452,49404,49434,49491,49470,49383,49474
5553,49394,49474,49544,49452,49404,49434,49491,49470,49383,49474
5554,49394,49474,49544,49452,49404,49434,49491,49470,49383,49474
5555,49394,49474,49544,49452,49404,49434,49491,49470,49383,49474
5556,49394,49474,49544,49452,49404,49434,49491,49470,49383,49474
5557,49394,49474,49544,49452,49404,49434,49491,49470,49383,49474
5558,49394,49474,49544,49452,49404,49434,49491,49470,49383,49474
5559,49394,49474,49544,49452,49404,49434,49491,49470,49383,49474
5560,49394,49474,49544,49452,49404,49434,49491,49470,49383,49474
5561,49394,49474,49544,49452,49404,49434,49491,49470,49383,49474
5562,49394,49474,49544,49452,49404,49434,49491,49470,49383,49474
5563,49394,49474,49544,49452,49404,49434,49491,49470,49383,49474
5564,49394,49474,49544,49452,49404,49434,49491,49470,49383,49474
5565,49394,49474,49544,49452,49404,49434,49491,49470,49383,49474
5566,49394,49474,49544,49452,49404,49434,49491,49470,49383,49474
5567,49394,49474,49544,49452,49404,49434,49491,49470,49383,49474
5568,49394,49474,49544,49452,49404,49434,49491,49470,49383,49474
5569,49394,49474,49544,49452,49404,49434,49491,49470,49383,49474
5570,49394,49474,49544,49452,49404,49434,49491,49470,49383,49474
5571,49394,49474,49544,49452,49404,49434,49491,49470,49383,49474
5572,49394,49474,49544,49452,49404,49434,49491,49470,49383,49474
5573,49394,49474,49544,49452,49404,49434,49491,49470,49383,49474
5574,49394,49474,49544,49452,49404,49434,49491,49470,49383,49474
5575,49394,49474,49544,49452,49404,49434,49491,49470,49383,49474
5576,49394,49474,49544,49452,49404,49434,49491,49470,49383,49474
5577,49394,49474,49544,49452,49404,49434,49491,49470,49383,49474
5578,49394,49474,49544,49452,49404,49434,49491,49470,49383,49474
5579,49394,49474,49544,49452,49404,49434,49491,49470,49383,49474
5580,49394,49474,49544,49452,49404,49434,49491,49470,49383,49474
5581,49394,49474,49544,49452,49404,49434,49491,49470,49383,49474
5582,49394,49474,49544,49452,49404,49434,49491,49470,49383,49474
5583,49394,49474,49544,49452,49404,49434,49491,49470,49383,49474
5584,49394,49474,49544,49452,49404,49434,49491,49470,49383,49474
5585,49394,49474,49544,49452,49404,49434,49491,49470,49383,49474
5586,49394,49474,49544,49452,49404,49434,49491,49470,49383,49474
5587,49394,49474,49544,49452,49404,49434,49491,49470,49383,49474
5588,49394,49474,49544,49452,49404,49434,49491,49470,49383,49474
5589,49394,49474,49544,49452,49404,49434,49491,49470,49383,49474
5590,49394,49474,49544,49452,49404,49434,49491,49470,49383,49474
5591,49394,49474,49544,49452,49404,49434,49491,49470,49383,49474
5592,49394,49474,49544,49452,49404,49434,49491,49470,49383,49474
5593,49394,49474,49544,49452,49404,49434,49491,49470,49383,49474
5594,49394,49474,49544,49452,49404,49434,49491,49470,49383,49474
5595,49394,49474,49544,49452,49404,49434,49491,49470,49383,49474
5596,49394,49474,49544,49452,49404,49434,49491,49470,49383,49474
5597,49394,49474,49544,49452,49404,49434,49491,49470,49383,49474
5598,49394,49474,49544,49452,49404,49434,49491,49470,49383,49474
5599,49394,49474,49544,49452,49404,49434,49491,49470,49383,49474
5600,49394,49474,49544,49452,49404,49434,49491,49470,49383,49474
5601,49394,49474,49544,49452,49404,49434,49491,49470,49383,49474
5602,49394,49474,49544,49452,49404,49434,49491,49470,49383,49474
5603,49394,49474,49544,49452,49404,49434,49491,49470,49383,49474
5604,49394,49474,49544,49452,49404,49434,49491,49470,49383,49474
5605,49394,49474,49544,49452,49404,49434,49491,49470,49383,49474
5606,49394,49474,49544,49452,49404,49434,49491,49470,49383,49474
5607,49394,49474,49544,49452,49404,49434,49491,49470,49383,49474
5608,49394,49474,49544,49452,49404,49434,49491,49470,49383,49474
5609,49394,49474,49544,49452,49404,49434,49491,49470,49383,49474
5610,49394,49474,49544,49452,49404,49434,49491,49470,49383,49474
5611,49394,49474,49544,49452,49404,49434,49491,49470,49383,49474
5612,49394,49474,49544,49452,49404,49434,49491,49470,49383,49474
5613,49394,49474,49544,49452,49404,49434,49491,49470,49383,49474
5614,49394,49474,49544,49452,49404,49434,49491,49470,49383,49474
5615,49394,49474,49544,49452,49404,49434,49491,49470,49383,49474
5616,49394,49474,49544,49452,49404,49434,49491,49470,49383,49474
5617,49394,49474,49544,49452,49404,49434,49491,49470,49383,49474
5618,49394,49474,49544,49452,49404,49434,49491,49470,49383,49474
5619,49394,49474,49544,49452,49404,49434,49491,49470,49383,49474
5620,49394,49474,49544,49452,49404,49434,49491,49470,49383,49474
5621,49394,49474,49544,49452,49404,49434,49491,49470,49383,49474
5622,49394,49474,49544,49452,49404,49434,49491,49470,49383,49474
5623,49394,49474,49544,49452,49404,49434,49491,49470,49383,49474
5624,49394,49474,49544,49452,49404,49434,49491,49470,49383,49474
5625,49394,49474,49544,49452,49404,49434,49491,49470,49383,49474
5626,49394,49474,49544,49452,49404,49434,49491,49470,49383,49474
5627,49394,49474,49544,49452,49404,49434,49491,49470,49383,49474
5628,49394,49474,49544,49452,49404,49434,49491,49470,49383,49474
5629,49394,49474,49544,49452,49404,49434,49491,49470,49383,49474
5630,49394,49474,49544,49452,49404,49434,49491,49470,49383,49474
5631,49394,49474,49544,49452,49404,49434,49491,49470,49383,49474
5632,49394,49474,49544,49452,49404,49434,49491,49470,49383,49474
5633,49394,49474,49544,49452,49404,49434,49491,49470,49383,49474
5634,49394,49474,49544,49452,49404,49434,49491,49470,49383,49474
5635,49394,49474,49544,49452,49404,49434,49491,49470,49383,49474
5636,49394,49474,49544,49452,49404,49434,49491,49470,49383,49474
5637,49394,49474,49544,49452,49404,49434,49491,49470,49383,49474
5638,49394,49474,49544,49452,49404,49434,49491,49470,49383,49474
5639,49394,49474,49544,49452,49404,49434,49491,49470,49383,49474
5640,49394,49474,49544,49452,49404,49434,49491,49470,49383,49474
5641,49394,49474,49544,49452,49404,49434,49491,49470,49383,49474
5642,49394,49474,49544,49452,49404,49434,49491,49470,49383,49474
5643,49394,49474,49544,49452,49404,49434,49491,49470,49383,49474
5644,49394,49474,49544,49452,49404,49434,49491,49470,49383,49474
5645,49394,49474,49544,49452,49404,49434,49491,49470,49383,49474
5646,49394,49474,49544,49452,49404,49434,49491,49470,49383,49474
5647,49394,49474,49544,49452,49404,49434,49491,49470,49383,49474
5648,49394,49474,49544,49452,49404,49434,49491,49470,49383,49474
5649,49394,49474,49544,49452,49404,49434,49491,49470,49383,49474
5650,49394,49474,49544,49452,49404,49434,49491,49470,49383,49474
5651,49394,49474,49544,49452,49404,49434,49491,49470,49383,49474
5652,49394,49474,49544,49452,49404,49434,49491,49470,49383,49474
5653,49394,49474,49544,49452,49404,49434,49491,49470,49383,49474
5654,49394,49474,49544,49452,49404,49434,49491,49470,49383,49474
5655,49394,49474,49544,49452,49404,49434,49491,49470,49383,49474
5656,49394,49474,49544,49452,49404,49434,49491,49470,49383,49474
5657,49394,49474,49544,49452,49404,49434,49491,49470,49383,49474
5658,49394,49474,49544,49452,49404,49434,49491,49470,49383,49474
5659,49394,49474,49544,49452,49404,49434,49491,49470,49383,49474
5660,49394,49474,49544,49452,49404,49434,49491,49470,49383,49474
5661,49394,49474,49544,49452,49404,49434,49491,49470,49383,49474
5662,49394,49474,49544,49452,49404,49434,49491,49470,49383,49474
5663,49394,49474,49544,49452,49404,49434,49491,49470,49383,49474
5664,49394,49474,49544,49452,49404,49434,49491,49470,49383,49474
5665,49394,49474,49544,49452,49404,49434,49491,49470,49383,49474
5666,49394,49474,49544,49452,49404,49434,49491,49470,49383,49474
5667,49394,49474,49544,49452,49404,49434,49491,49470,49383,49474
5668,49394,49474,49544,49452,49404,49434,49491,49470,49383,49474
5669,49394,49474,49544,49452,49404,49434,49491,49470,49383,49474
5670,49394,49474,49544,49452,49404,49434,49491,49470,49383,49474
5671,49394,49474,49544,49452,49404,49434,49491,49470,49383,49474
5672,49394,49474,49544,49452,49404,49434,49491,49470,49383,49474
5673,49394,49474,49544,49452,49404,49434,49491,49470,49383,49474
5674,49394,49474,49544,49452,49404,49434,49491,49470,49383,49474
5675,49394,49474,49544,49452,49404,49434,49491,49470,49383,49474
5676,49394,49474,49544,49452,49404,49434,49491,49470,49383,49474
5677,49394,49474,49544,49452,49404,49434,49491,49470,49383,49474
5678,49394,49474,49544,49452,49404,49434,49491,49470,49383,49474
5679,49394,49474,49544,49452,49404,49434,49491,49470,49383,49474
5680,49394,49474,49544,49452,49404,49434,49491,49470,49383,49474
5681,49394,49474,49544,49452,49404,49434,49491,49470,49383,49474
5682,49394,49474,49544,49452,49404,49434,49491,49470,49383,49474
5683,49394,49474,49544,49452,49404,49434,49491,49470,49383,49474
5684,49394,49474,49544,49452,49404,49434,49491,49470,49383,49474
5685,49394,49474,49544,49452,49404,49434,49491,49470,49383,49474
5686,49394,49474,49544,49452,49404,49434,49491,49470,49383,49474
5687,49394,49474,49544,49452,49404,49434,49491,49470,49383,49474
5688,49394,49474,49544,49452,49404,49434,49491,49470,49383,49474
5689,49394,49474,49544,49452,49404,49434,49491,49470,49383,49474
5690,49394,49474,49544,49452,49404,49434,49491,49470,49383,49474
5691,49394,49474,49544,49452,49404,49434,49491,49470,49383,49474
5692,49394,49474,49544,49452,49404,49434,49491,49470,49383,49474
5693,49394,49474,49544,49452,49404,49434,49491,49470,49383,49474
5694,49394,49474,49544,49452,49404,49434,49491,49470,49383,49474
5695,49394,49474,49544,49452,49404,49434,49491,49470,49383,49474
5696,49394,49474,49544,49452,49404,49434,49491,49470,49383,49474
5697,49394,49474,49544,49452,49404,49434,49491,49470,49383,49474
5698,49394,49474,49544,49452,49404,49434,49491,49470,49383,49474
5699,49394,49474,49544,49452,49404,49434,49491,49470,49383,49474
5700,49394,49474,49544,49452,49404,49434,49491,49470,49383,49474
5701,49394,49474,49544,49452,49404,49434,49491,49470,49383,49474
5702,49394,49474,49544,49452,49404,49434,49491,49470,49383,49474
5703,49394,49474,49544,49452,49404,49434,49491,49470,49383,49474
5704,49394,49474,49544,49452,49404,49434,49491,49470,49383,49474
5705,49394,49474,49544,49452,49404,49434,49491,49470,49383,49474
5706,49394,49474,49544,49452,49404,49434,49491,49470,49383,49474
5707,49394,49474,49544,49452,49404,49434,49491,49470,49383,49474
5708,49394,49474,49544,49452,49404,49434,49491,49470,49383,49474
5709,49394,49474,49544,49452,49404,49434,49491,49470,49383,49474
5710,49394,49474,49544,49452,49404,49434,49491,49470,49383,49474
5711,49394,49474,49544,49452,49404,49434,49491,49470,49383,49474
5712,49394,49474,49544,49452,49404,49434,49491,49470,49383,49474
5713,49394,49474,49544,49452,49404,49434,49491,49470,49383,49474
5714,49394,49474,49544,49452,49404,49434,49491,49470,49383,49474
5715,49394,49474,49544,49452,49404,49434,49491,49470,49383,49474
5716,49394,49474,49544,49452,49404,49434,49491,49470,49383,49474
5717,49394,49474,49544,49452,49404,49434,49491,49470,49383,49474
5718,49394,49474,49544,49452,49404,49434,49491,49470,49383,49474
5719,49394,49474,49544,49452,49404,49434,49491,49470,49383,49474
5720,49394,49474,49544,49452,49404,49434,49491,49470,49383,49474
5721,49394,49474,49544,49452,49404,49434,49491,49470,49383,49474
5722,49394,49474,49544,49452,49404,49434,49491,49470,49383,49474
5723,49394,49474,49544,49452,49404,49434,49491,49470,49383,49474
5724,49394,49474,49544,49452,49404,49434,49491,49470,49383,49474
5725,49394,49474,49544,49452,49404,49434,49491,49470,49383,49474
5726,49394,49474,49544,49452,49404,49434,49491,49470,49383,49474
5727,49394,49474,49544,49452,49404,49434,49491,49470,49383,49474
5728,49394,49474,49544,49452,49404,49434,49491,49470,49383,49474
5729,49394,49474,49544,49452,49404,49434,49491,49470,49383,49474
5730,49394,49474,49544,49452,49404,49434,49491,49470,49383,49474
5731,49394,49474,49544,49452,49404,49434,49491,49470,49383,49474
5732,49394,49474,49544,49452,49404,49434,49491,49470,49383,49474
5733,49394,49474,49544,49452,49404,49434,49491,49470,49383,49474
5734,49394,49474,49544,49452,49404,49434,49491,49470,49383,49474
5735,49394,49474,49544,49452,49404,49434,49491,49470,49383,49474
5736,49394,49474,49544,49452,49404,49434,49491,49470,49383,49474
5737,49394,49474,49544,49452,49404,49434,49491,49470,49383,49474
5738,49394,49474,49544,49452,49404,49434,49491,49470,49383,49474
5739,49394,49474,49544,49452,49404,49434,49491,49470,49383,49474
5740,49394,49474,49544,49452,49404,49434,49491,49470,49383,49474
5741,49394,49474,49544,49452,49404,49434,49491,49470,49383,49474
5742,49394,49474,49544,49452,49404,49434,49491,49470,49383,49474
5743,49394,49474,49544,49452,49404,49434,49491,49470,49383,49474
5744,49394,49474,49544,49452,49404,49434,49491,49470,49383,49474
5745,49394,49474,49544,49452,49404,49434,49491,49470,49383,49474
5746,49394,49474,49544,49452,49404,49434,49491,49470,49383,49474
5747,49394,49474,49544,49452,49404,49434,49491,49470,49383,49474
5748,49394,49474,49544,49452,49404,49434,49491,49470,49383,49474
5749,49394,49474,49544,49452,49404,49434,49491,49470,49383,49474
5750,49394,49474,49544,49452,49404,49434,49491,49470,49383,49474
5751,49394,49474,49544,49452,49404,49434,49491,49470,49383,49474
5752,49394,49474,49544,49452,49404,49434,49491,49470,49383,49474
5753,49394,49474,49544,49452,49404,49434,49491,49470,49383,49474
5754,49394,49474,49544,49452,49404,49434,49491,49470,49383,49474
5755,49394,49474,49544,49452,49404,49434,49491,49470,49383,49474
5756,49394,49474,49544,49452,49404,49434,49491,49470,49383,49474
5757,49394,49474,49544,49452,49404,49434,49491,49470,49383,49474
5758,49394,49474,49544,49452,49404,49434,49491,49470,49383,49474
5759,49394,49474,49544,49452,49404,49434,49491,49470,49383,49474
5760,49394,49474,49544,49452,49404,49434,49491,49470,49383,49474
5761,49394,49474,49544,49452,49404,49434,49491,49470,49383,49474
5762,49394,49474,49544,49452,49404,49434,49491,49470,49383,49474
5763,49394,49474,49544,49452,49404,49434,49491,49470,49383,49474
5764,49394,49474,49544,49452,49404,49434,49491,49470,49383,49474
5765,49394,49474,49544,49452,49404,49434,49491,49470,49383,49474
5766,49394,49474,49544,49452,49404,49434,49491,49470,49383,49474
5767,49394,49474,49544,49452,49404,49434,49491,49470,49383,49474
5768,49394,49474,49544,49452,49404,49434,49491,49470,49383,49474
5769,49394,49474,49544,49452,49404,49434,49491,49470,49383,49474
5770,49394,49474,49544,49452,49404,49434,49491,49470,49383,49474
5771,49394,49474,49544,49452,49404,49434,49491,49470,49383,49474
5772,49394,49474,49544,49452,49404,49434,49491,49470,49383,49474
5773,49394,49474,49544,49452,49404,49434,49491,49470,49383,49474
5774,49394,49474,49544,49452,49404,49434,49491,49470,49383,49474
5775,49394,49474,49544,49452,49404,49434,49491,49470,49383,49474
5776,49394,49474,49544,49452,49404,49434,49491,49470,49383,49474
5777,49394,49474,49544,49452,49404,49434,49491,49470,49383,49474
5778,49394,49474,49544,49452,49404,49434,49491,49470,49383,49474
5779,49394,49474,49544,49452,49404,49434,49491,49470,49383,49474
5780,49394,49474,49544,49452,49404,49434,49491,49470,49383,49474
5781,49394,49474,49544,49452,49404,49434,49491,49470,49383,49474
5782,49394,49474,49544,49452,49404,49434,49491,49470,49383,49474
5783,49394,49474,49544,49452,49404,49434,49491,49470,49383,49474
5784,49394,49474,49544,49452,49404,49434,49491,49470,49383,49474
5785,49394,49474,49544,49452,49404,49434,49491,49470,49383,49474
5786,49394,49474,49544,49452,49404,49434,49491,49470,49383,49474
5787,49394,49474,49544,49452,49404,49434,49491,49470,49383,49474
5788,49394,49474,49544,49452,49404,49434,49491,49470,49383,49474
5789,49394,49474,49544,49452,49404,49434,49491,49470,49383,49474
5790,49394,49474,49544,49452,49404,49434,49491,49470,49383,49474
5791,49394,49474,49544,49452,49404,49434,49491,49470,49383,49474
5792,49394,49474,49544,49452,49404,49434,49491,49470,49383,49474
5793,49394,49474,49544,49452,49404,49434,49491,49470,49383,49474
5794,49394,49474,49544,49452,49404,49434,49491,49470,49383,49474
5795,49394,49474,49544,49452,49404,49434,49491,49470,49383,49474
5796,49394,49474,49544,49452,49404,49434,49491,49470,49383,49474
5797,49394,49474,49544,49452,49404,49434,49491,49470,49383,49474
5798,49394,49474,49544,49452,49404,49434,49491,49470,49383,49474
5799,49394,49474,49544,49452,49404,49434,49491,49470,49383,49474
5800,49394,49474,49544,49452,49404,49434,49491,49470,49383,49474
5801,49394,49474,49544,49452,49404,49434,49491,49470,49383,49474
5802,49394,49474,49544,49452,49404,49434,49491,49470,49383,49474
5803,49394,49474,49544,49452,49404,49434,49491,49470,49383,49474
5804,49394,49474,49544,49452,49404,49434,49491,49470,49383,49474
5805,49394,49474,49544,49452,49404,49434,49491,49470,49383,49474
5806,49394,49474,49544,49452,49404,49434,49491,49470,49383,49474
5807,49394,49474,49544,49452,49404,49434,49491,49470,49383,49474
5808,49394,49474,49544,49452,49404,49434,49491,49470,49383,49474
5809,49394,49474,49544,49452,49404,49434,49491,49470,49383,49474
5810,49394,49474,49544,49452,49404,49434,49491,49470,49383,49474
5811,49394,49474,49544,49452,49404,49434,49491,49470,49383,49474
5812,49394,49474,49544,49452,49404,49434,49491,49470,49383,49474
5813,49394,49474,49544,49452,49404,49434,49491,49470,49383,49474
5814,49394,49474,49544,49452,49404,49434,49491,49470,49383,49474
5815,49394,49474,49544,49452,49404,49434,49491,49470,49383,49474
5816,49394,49474,49544,49452,49404,49434,49491,49470,49383,49474
5817,49394,49474,49544,49452,49404,49434,49491,49470,49383,49474
5818,49394,49474,49544,49452,49404,49434,49491,49470,49383,49474
5819,49394,49474,49544,49452,49404,49434,49491,49470,49383,49474
5820,49394,49474,49544,49452,49404,49434,49491,49470,49383,49474
5821,49394,49474,49544,49452,49404,49434,49491,49470,49383,49474
5822,49394,49474,49544,49452,49404,49434,49491,49470,49383,49474
5823,49394,49474,49544,49452,49404,49434,49491,49470,49383,49474
5824,49394,49474,49544,49452,49404,49434,49491,49470,49383,49474
5825,49394,49474,49544,49452,49404,49434,49491,49470,49383,49474
5826,49394,49474,49544,49452,49404,49434,49491,49470,49383,49474
5827,49394,49474,49544,49452,49404,49434,49491,49470,49383,49474
5828,49394,49474,49544,49452,49404,49434,49491,49470,49383,49474
5829,49394,49474,49544,49452,49404,49434,49491,49470,49383,49474
5830,49394,49474,49544,49452,49404,49434,49491,49470,49383,49474
5831,49394,49474,49544,49452,49404,49434,49491,49470,49383,49474
5832,49394,49474,49544,49452,49404,49434,49491,49470,49383,49474
5833,49394,49474,49544,49452,49404,49434,49491,49470,49383,49474
5834,49394,49474,49544,49452,49404,49434,49491,49470,49383,49474
5835,49394,49474,49544,49452,49404,49434,49491,49470,49383,49474
5836,49394,49474,49544,49452,49404,49434,49491,49470,49383,49474
5837,49394,49474,49544,49452,49404,49434,49491,49470,49383,49474
5838,49394,49474,49544,49452,49404,49434,49491,49470,49383,49474
5839,49394,49474,49544,49452,49404,49434,49491,49470,49383,49474
5840,49394,49474,49544,49452,49404,49434,49491,49470,49383,49474
5841,49394,49474,49544,49452,49404,49434,49491,49470,49383,49474
5842,49394,49474,49544,49452,49404,49434,49491,49470,49383,49474
5843,49394,49474,49544,49452,49404,49434,49491,49470,49383,49474
5844,49394,49474,49544,49452,49404,49434,49491,49470,49383,49474
5845,49394,49474,49544,49452,49404,49434,49491,49470,49383,49474
5846,49394,49474,49544,49452,49404,49434,49491,49470,49383,49474
5847,49394,49474,49544,49452,49404,49434,49491,49470,49383,49474
5848,49394,49474,49544,49452,49404,49434,49491,49470,49383,49474
5849,49394,49474,49544,49452,49404,49434,49491,49470,49383,49474
5850,49394,49474,49544,49452,49404,49434,49491,49470,49383,49474
5851,49394,49474,49544,49452,49404,49434,49491,49470,49383,49474
5852,49394,49474,49544,49452,49404,49434,49491,49470,49383,49474
5853,49394,49474,49544,49452,49404,49434,49491,49470,49383,49474
5854,49394,49474,49544,49452,49404,49434,49491,49470,49383,49474
5855,49394,49474,49544,49452,49404,49434,49491,49470,49383,49474
5856,49394,49474,49544,49452,49404,49434,49491,49470,49383,49474
5857,49394,49474,49544,49452,49404,49434,49491,49470,49383,49474
5858,49394,49474,49544,49452,49404,49434,49491,49470,49383,49474
5859,49394,49474,49544,49452,49404,49434,49491,49470,49383,49474
5860,49394,49474,49544,49452,49404,49434,49491,49470,49383,49474
5861,49394,49474,49544,49452,49404,49434,49491,49470,49383,49474
5862,49394,49474,49544,49452,49404,49434,49491,49470,49383,49474
5863,49394,49474,49544,49452,49404,49434,49491,49470,49383,49474
5864,49394,49474,49544,49452,49404,49434,49491,49470,49383,49474
5865,49394,49474,49544,49452,49404,49434,49491,49470,49383,49474
5866,49394,49474,49544,49452,49404,49434,49491,49470,49383,49474
5867,49394,49474,49544,49452,49404,49434,49491,49470,49383,49474
5868,49394,49474,49544,49452,49404,49434,49491,49470,49383,49474
5869,49394,49474,49544,49452,49404,49434,49491,49470,49383,49474
5870,49394,49474,49544,49452,49404,49434,49491,49470,49383,49474
5871,49394,49474,49544,49452,49404,49434,49491,49470,49383,49474
5872,49394,49474,49544,49452,49404,49434,49491,49470,49383,49474
5873,49394,49474,49544,49452,49404,49434,49491,49470,49383,49474
5874,49394,49474,49544,49452,49404,49434,49491,49470,49383,49474
5875,49394,49474,49544,49452,49404,49434,49491,49470,49383,49474
5876,49394,49474,49544,49452,49404,49434,49491,49470,49383,49474
5877,49394,49474,49544,49452,49404,49434,49491,49470,49383,49474
5878,49394,49474,49544,49452,49404,49434,49491,49470,49383,49474
5879,49394,49474,49544,49452,49404,49434,49491,49470,49383,49474
5880,49394,49474,49544,49452,49404,49434,49491,49470,49383,49474
5881,49394,49474,49544,49452,49404,49434,49491,49470,49383,49474
5882,49394,49474,49544,49452,49404,49434,49491,49470,49383,49474
5883,49394,49474,49544,49452,49404,49434,49491,49470,49383,49474
5884,49394,49474,49544,49452,49404,49434,49491,49470,49383,49474
5885,49394,49474,49544,49452,49404,49434,49491,49470,49383,49474
5886,49394,49474,49544,49452,49404,49434,49491,49470,49383,49474
5887,49394,49474,49544,49452,49404,49434,49491,49470,49383,49474
5888,49394,49474,49544,49452,49404,49434,49491,49470,49383,49474
5889,49394,49474,49544,49452,49404,49434,49491,49470,49383,49474
5890,49394,49474,49544,49452,49404,49434,49491,49470,49383,49474
5891,49394,49474,49544,49452,49404,49434,49491,49470,49383,49474
5892,49394,49474,49544,49452,49404,49434,49491,49470,49383,49474
5893,49394,49474,49544,49452,49404,49434,49491,49470,49383,49474
5894,49394,49474,49544,49452,49404,49434,49491,49470,49383,49474
5895,49394,49474,49544,49452,49404,49434,49491,49470,49383,49474
5896,49394,49474,49544,49452,49404,49434,49491,49470,49383,49474
5897,49394,49474,49544,49452,49404,49434,49491,49470,49383,49474
5898,49394,49474,49544,49452,49404,49434,49491,49470,49383,49474
5899,49394,49474,49544,49452,49404,49434,49491,49470,49383,49474
5900,49394,49474,49544,49452,49404,49434,49491,49470,49383,49474
5901,49394,49474,49544,49452,49404,49434,49491,49470,49383,49474
5902,49394,49474,49544,49452,49404,49434,49491,49470,49383,49474
5903,49394,49474,49544,49452,49404,49434,49491,49470,49383,49474
5904,49394,49474,49544,49452,49404,49434,49491,49470,49383,49474
5905,49394,49474,49544,49452,49404,49434,49491,49470,49383,49474
5906,49394,49474,49544,49452,49404,49434,49491,49470,49383,49474
5907,49394,49474,49544,49452,49404,49434,49491,49470,49383,49474
5908,49394,49474,49544,49452,49404,49434,49491,49470,49383,49474
5909,49394,49474,49544,49452,49404,49434,49491,49470,49383,49474
5910,49394,49474,49544,49452,49404,49434,49491,49470,49383,49474
5911,49394,49474,49544,49452,49404,49434,49491,49470,49383,49474
5912,49394,49474,49544,49452,49404,49434,49491,49470,49383,49474
5913,49394,49474,49544,49452,49404,49434,49491,49470,49383,49474
5914,49394,49474,49544,49452,49404,49434,49491,49470,49383,49474
5915,49394,49474,49544,49452,49404,49434,49491,49470,49383,49474
5916,49394,49474,49544,49452,49404,49434,49491,49470,49383,49474
5917,49394,49474,49544,49452,49404,49434,49491,49470,49383,49474
5918,49394,49474,49544,49452,49404,49434,49491,49470,49383,49474
5919,49394,49474,49544,49452,49404,49434,49491,49470,49383,49474
5920,49394,49474,49544,49452,49404,49434,49491,49470,49383,49474
5921,49394,49474,49544,49452,49404,49434,49491,49470,49383,49474
5922,49394,49474,49544,49452,49404,49434,49491,49470,49383,49474
5923,49394,49474,49544,49452,49404,49434,49491,49470,49383,49474
5924,49394,49474,49544,49452,49404,49434,49491,49470,49383,49474
5925,49394,49474,49544,49452,49404,49434,49491,49470,49383,49474
5926,49394,49474,49544,49452,49404,49434,49491,49470,49383,49474
5927,49394,49474,49544,49452,49404,49434,49491,49470,49383,49474
5928,49394,49474,49544,49452,49404,49434,49491,49470,49383,49474
5929,49394,49474,49544,49452,49404,49434,49491,49470,49383,49474
5930,49394,49474,49544,49452,49404,49434,49491,49470,49383,49474
5931,49394,49474,49544,49452,49404,49434,49491,49470,49383,49474
5932,49394,49474,49544,49452,49404,49434,49491,49470,49383,49474
5933,49394,49474,49544,49452,49404,49434,49491,49470,49383,49474
5934,49394,49474,49544,49452,49404,49434,49491,49470,49383,49474
5935,49394,49474,49544,49452,49404,49434,49491,49470,49383,49474
5936,49394,49474,49544,49452,49404,49434,49491,49470,49383,49474
5937,49394,49474,49544,49452,49404,49434,49491,49470,49383,49474
5938,49394,49474,49544,49452,49404,49434,49491,49470,49383,49474
5939,49394,49474,49544,49452,49404,49434,49491,49470,49383,49474
5940,49394,49474,49544,49452,49404,49434,49491,49470,49383,49474
5941,49394,49474,49544,49452,49404,49434,49491,49470,49383,49474
5942,49394,49474,49544,49452,49404,49434,49491,49470,49383,49474
5943,49394,49474,49544,49452,49404,49434,49491,49470,49383,49474
5944,49394,49474,49544,49452,49404,49434,49491,49470,49383,49474
5945,49394,49474,49544,49452,49404,49434,49491,49470,49383,49474
5946,49394,49474,49544,49452,49404,49434,49491,49470,49383,49474
5947,49394,49474,49544,49452,49404,49434,49491,49470,49383,49474
5948,49394,49474,49544,49452,49404,49434,49491,49470,49383,49474
5949,49394,49474,49544,49452,49404,49434,49491,49470,49383,49474
5950,49394,49474,49544,49452,49404,49434,49491,49470,49383,49474
5951,49394,49474,49544,49452,49404,49434,49491,49470,49383,49474
5952,49394,49474,49544,49452,49404,49434,49491,49470,49383,49474
5953,49394,49474,49544,49452,49404,49434,49491,49470,49383,49474
5954,49394,49474,49544,49452,49404,49434,49491,49470,49383,49474
5955,49394,49474,49544,49452,49404,49434,49491,49470,49383,49474
5956,49394,49474,49544,49452,49404,49434,49491,49470,49383,49474
5957,49394,49474,49544,49452,49404,49434,49491,49470,49383,49474
5958,49394,49474,49544,49452,49404,49434,49491,49470,49383,49474
5959,49394,49474,49544,49452,49404,49434,49491,49470,49383,49474
5960,49394,49474,49544,49452,49404,49434,49491,49470,49383,49474
5961,49394,49474,49544,49452,49404,49434,49491,49470,49383,49474
5962,49394,49474,49544,49452,49404,49434,49491,49470,49383,49474
5963,49394,49474,49544,49452,49404,49434,49491,49470,49383,49474
5964,49394,49474,49544,49452,49404,49434,49491,49470,49383,49474
5965,49394,49474,49544,49452,49404,49434,49491,49470,49383,49474
5966,49394,49474,49544,49452,49404,49434,49491,49470,49383,49474
5967,49394,49474,49544,49452,49404,49434,49491,49470,49383,49474
5968,49394,49474,49544,49452,49404,49434,49491,49470,49383,49474
5969,49394,49474,49544,49452,49404,49434,49491,49470,49383,49474
5970,49394,49474,49544,49452,49404,49434,49491,49470,49383,49474
5971,49394,49474,49544,49452,49404,49434,49491,49470,49383,49474
5972,49394,49474,49544,49452,49404,49434,49491,49470,49383,49474
5973,49394,49474,49544,49452,49404,49434,49491,49470,49383,49474
5974,49394,49474,49544,49452,49404,49434,49491,49470,49383,49474
5975,49394,49474,49544,49452,49404,49434,49491,49470,49383,49474
5976,49394,49474,49544,49452,49404,49434,49491,49470,49383,49474
5977,49394,49474,49544,49452,49404,49434,49491,49470,49383,49474
5978,49394,49474,49544,49452,49404,49434,49491,49470,49383,49474
5979,49394,49474,49544,49452,49404,49434,49491,49470,49383,49474
5980,49394,49474,49544,49452,49404,49434,49491,49470,49383,49474
5981,49394,49474,49544,49452,49404,49434,49491,49470,49383,49474
5982,49394,49474,49544,49452,49404,49434,49491,49470,49383,49474
5983,49394,49474,49544,49452,49404,49434,49491,49470,49383,49474
5984,49394,49474,49544,49452,49404,49434,49491,49470,49383,49474
5985,49394,49474,49544,49452,49404,49434,49491,49470,49383,49474
5986,49394,49474,49544,49452,49404,49434,49491,49470,49383,49474
5987,49394,49474,49544,49452,49404,49434,49491,49470,49383,49474
5988,49394,49474,49544,49452,49404,49434,49491,49470,49383,49474
5989,49394,49474,49544,49452,49404,49434,49491,49470,49383,49474
5990,49394,49474,49544,49452,49404,49434,49491,49470,49383,49474
5991,49394,49474,49544,49452,49404,49434,49491,49470,49383,49474
5992,49394,49474,49544,49452,49404,49434,49491,49470,49383,49474
5993,49394,49474,49544,49452,49404,49434,49491,49470,49383,49474
5994,49394,49474,49544,49452,49404,49434,49491,49470,49383,49474
5995,49394,49474,49544,49452,49404,49434,49491,49470,49383,49474
5996,49394,49474,49544,49452,49404,49434,49491,49470,49383,49474
5997,49394,49474,49544,49452,49404,49434,49491,49470,49383,49474
5998,49394,49474,49544,49452,49404,49434,49491,49470,49383,49474
5999,49394,49474,49544,49452,49404,49434,49491,49470,49383,49474
6000,49394,49474,49544,49452,49404,49434,49491,49470,49383,49474
6001,49394,49474,49544,49452,49404,49434,49491,49470,49383,49474
6002,49394,49474,49544,49452,49404,49434,49491,49470,49383,49474
6003,49394,49474,49544,49452,49404,49434,49491,49470,49383,49474
6004,49394,49474,49544,49452,49404,49434,49491,49470,49383,49474
6005,49394,49474,49544,49452,49404,49434,49491,49470,49383,49474
6006,49394,49474,49544,49452,49404,49434,49491,49470,49383,49474
6007,49394,49474,49544,49452,49404,49434,49491,49470,49383,49474
6008,49394,49474,49544,49452,49404,49434,49491,49470,49383,49474
6009,49394,49474,49544,49452,49404,49434,49491,49470,49383,49474
6010,49394,49474,49544,49452,49404,49434,49491,49470,49383,49474
6011,49394,49474,49544,49452,49404,49434,49491,49470,49383,49474
6012,49394,49474,49544,49452,49404,49434,49491,49470,49383,49474
6013,49394,49474,49544,49452,49404,49434,49491,49470,49383,49474
6014,49394,49474,49544,49452,49404,49434,49491,49470,49383,49474
6015,49394,49474,49544,49452,49404,49434,49491,49470,49383,49474
6016,49394,49474,49544,49452,49404,49434,49491,49470,49383,49474
6017,49394,49474,49544,49452,49404,49434,49491,49470,49383,49474
6018,49394,49474,49544,49452,49404,49434,49491,49470,49383,49474
6019,49394,49474,49544,49452,49404,49434,49491,49470,49383,49474
6020,49394,49474,49544,49452,49404,49434,49491,49470,49383,49474
6021,49394,49474,49544,49452,49404,49434,49491,49470,49383,49474
6022,49394,49474,49544,49452,49404,49434,49491,49470,49383,49474
6023,49394,49474,49544,49452,49404,49434,49491,49470,49383,49474
6024,49394,49474,49544,49452,49404,49434,49491,49470,49383,49474
6025,49394,49474,49544,49452,49404,49434,49491,49470,49383,49474
6026,49394,49474,49544,49452,49404,49434,49491,49470,49383,49474
6027,49394,49474,49544,49452,49404,49434,49491,49470,49383,49474
6028,49394,49474,49544,49452,49404,49434,49491,49470,49383,49474
6029,49394,49474,49544,49452,49404,49434,49491,49470,49383,49474
6030,49394,49474,49544,49452,49404,49434,49491,49470,49383,49474
6031,49394,49474,49544,49452,49404,49434,49491,49470,49383,49474
6032,49394,49474,49544,49452,49404,49434,49491,49470,49383,49474
6033,49394,49474,49544,49452,49404,49434,49491,49470,49383,49474
6034,49394,49474,49544,49452,49404,49434,49491,49470,49383,49474
6035,49394,49474,49544,49452,49404,49434,49491,49470,49383,49474
6036,49394,49474,49544,49452,49404,49434,49491,49470,49383,49474
6037,49394,49474,49544,49452,49404,49434,49491,49470,49383,49474
6038,49394,49474,49544,49452,49404,49434,49491,49470,49383,49474
6039,49394,49474,49544,49452,49404,49434,49491,49470,49383,49474
6040,49394,49474,49544,49452,49404,49434,49491,49470,49383,49474
6041,49394,49474,49544,49452,49404,49434,49491,49470,49383,49474
6042,49394,49474,49544,49452,49404,49434,49491,49470,49383,49474
6043,49394,49474,49544,49452,49404,49434,49491,49470,49383,49474
6044,49394,49474,49544,49452,49404,49434,49491,49470,49383,49474
6045,49394,49474,49544,49452,49404,49434,49491,49470,49383,49474
6046,49394,49474,49544,49452,49404,49434,49491,49470,49383,49474
6047,49394,49474,49544,49452,49404,49434,49491,49470,49383,49474
6048,49394,49474,49544,49452,49404,49434,49491,49470,49383,49474
6049,49394,49474,49544,49452,49404,49434,49491,49470,49383,49474
6050,49394,49474,49544,49452,49404,49434,49491,49470,49383,49474
6051,49394,49474,49544,49452,49404,49434,49491,49470,49383,49474
6052,49394,49474,49544,49452,49404,49434,49491,49470,49383,49474
6053,49394,49474,49544,49452,49404,49434,49491,49470,49383,49474
6054,49394,49474,49544,49452,49404,49434,49491,49470,49383,49474
6055,49394,49474,49544,49452,49404,49434,49491,49470,49383,49474
6056,49394,49474,49544,49452,49404,49434,49491,49470,49383,49474
6057,49394,49474,49544,49452,49404,49434,49491,49470,49383,49474
6058,49394,49474,49544,49452,49404,49434,49491,49470,49383,49474
6059,49394,49474,49544,49452,49404,49434,49491,49470,49383,49474
6060,49394,49474,49544,49452,49404,49434,49491,49470,49383,49474
6061,49394,49474,49544,49452,49404,49434,49491,49470,49383,49474
6062,49394,49474,49544,49452,49404,49434,49491,49470,49383,49474
6063,49394,49474,49544,49452,49404,49434,49491,49470,49383,49474
6064,49394,49474,49544,49452,49404,49434,49491,49470,49383,49474
6065,49394,49474,49544,49452,49404,49434,49491,49470,49383,49474
6066,49394,49474,49544,49452,49404,49434,49491,49470,49383,49474
6067,49394,49474,49544,49452,49404,49434,49491,49470,49383,49474
6068,49394,49474,49544,49452,49404,49434,49491,49470,49383,49474
6069,49394,49474,49544,49452,49404,49434,49491,49470,49383,49474
6070,49394,49474,49544,49452,49404,49434,49491,49470,49383,49474
6071,49394,49474,49544,49452,49404,49434,49491,49470,49383,49474
6072,49394,49474,49544,49452,49404,49434,49491,49470,49383,49474
6073,49394,49474,49544,49452,49404,49434,49491,49470,49383,49474
6074,49394,49474,49544,49452,49404,49434,49491,49470,49383,49474
6075,49394,49474,49544,49452,49404,49434,49491,49470,49383,49474
6076,49394,49474,49544,49452,49404,49434,49491,49470,49383,49474
6077,49394,49474,49544,49452,49404,49434,49491,49470,49383,49474
6078,49394,49474,49544,49452,49404,49434,49491,49470,49383,49474
6079,49394,49474,49544,49452,49404,49434,49491,49470,49383,49474
6080,49394,49474,49544,49452,49404,49434,49491,49470,49383,49474
6081,49394,49474,49544,49452,49404,49434,49491,49470,49383,49474
6082,49394,49474,49544,49452,49404,49434,49491,49470,49383,49474
6083,49394,49474,49544,49452,49404,49434,49491,49470,49383,49474
6084,49394,49474,49544,49452,49404,49434,49491,49470,49383,49474
6085,49394,49474,49544,49452,49404,49434,49491,49470,49383,49474
6086,49394,49474,49544,49452,49404,49434,49491,49470,49383,49474
6087,49394,49474,49544,49452,49404,49434,49491,49470,49383,49474
6088,49394,49474,49544,49452,49404,49434,49491,49470,49383,49474
6089,49394,49474,49544,49452,49404,49434,49491,49470,49383,49474
6090,49394,49474,49544,49452,49404,49434,49491,49470,49383,49474
6091,49394,49474,49544,49452,49404,49434,49491,49470,49383,49474
6092,49394,49474,49544,49452,49404,49434,49491,49470,49383,49474
6093,49394,49474,49544,49452,49404,49434,49491,49470,49383,49474
6094,49394,49474,49544,49452,49404,49434,49491,49470,49383,49474
6095,49394,49474,49544,49452,49404,49434,49491,49470,49383,49474
6096,49394,49474,49544,49452,49404,49434,49491,49470,49383,49474
6097,49394,49474,49544,49452,49404,49434,49491,49470,49383,49474
6098,49394,49474,49544,49452,49404,49434,49491,49470,49383,49474
6099,49394,49474,49544,49452,49404,49434,49491,49470,49383,49474
6100,49394,49474,49544,49452,49404,49434,49491,49470,49383,49474
6101,49394,49474,49544,49452,49404,49434,49491,49470,49383,49474
6102,49394,49474,49544,49452,49404,49434,49491,49470,49383,49474
6103,49394,49474,49544,49452,49404,49434,49491,49470,49383,49474
6104,49394,49474,49544,49452,49404,49434,49491,49470,49383,49474
6105,49394,49474,49544,49452,49404,49434,49491,49470,49383,49474
6106,49394,49474,49544,49452,49404,49434,49491,49470,49383,49474
6107,49394,49474,49544,49452,49404,49434,49491,49470,49383,49474
6108,49394,49474,49544,49452,49404,49434,49491,49470,49383,49474
6109,49394,49474,49544,49452,49404,49434,49491,49470,49383,49474
6110,49394,49474,49544,49452,49404,49434,49491,49470,49383,49474
6111,49394,49474,49544,49452,49404,49434,49491,49470,49383,49474
6112,49394,49474,49544,49452,49404,49434,49491,49470,49383,49474
6113,49394,49474,49544,49452,49404,49434,49491,49470,49383,49474
6114,49394,49474,49544,49452,49404,49434,49491,49470,49383,49474
6115,49394,49474,49544,49452,49404,49434,49491,49470,49383,49474
6116,49394,49474,49544,49452,49404,49434,49491,49470,49383,49474
6117,49394,49474,49544,49452,49404,49434,49491,49470,49383,49474
6118,49394,49474,49544,49452,49404,49434,49491,49470,49383,49474
6119,49394,49474,49544,49452,49404,49434,49491,49470,49383,49474
6120,49394,49474,49544,49452,49404,49434,49491,49470,49383,49474
6121,49394,49474,49544,49452,49404,49434,49491,49470,49383,49474
6122,49394,49474,49544,49452,49404,49434,49491,49470,49383,49474
6123,49394,49474,49544,49452,49404,49434,49491,49470,49383,49474
6124,49394,49474,49544,49452,49404,49434,49491,49470,49383,49474
6125,49394,49474,49544,49452,49404,49434,49491,49470,49383,49474
6126,49394,49474,49544,49452,49404,49434,49491,49470,49383,49474
6127,49394,49474,49544,49452,49404,49434,49491,49470,49383,49474
6128,49394,49474,49544,49452,49404,49434,49491,49470,49383,49474
6129,49394,49474,49544,49452,49404,49434,49491,49470,49383,49474
6130,49394,49474,49544,49452,49404,49434,49491,49470,49383,49474
6131,49394,49474,49544,49452,49404,49434,49491,49470,49383,49474
6132,49394,49474,49544,49452,49404,49434,49491,49470,49383,49474
6133,49394,49474,49544,49452,49404,49434,49491,49470,49383,49474
6134,49394,49474,49544,49452,49404,49434,49491,49470,49383,49474
6135,49394,49474,49544,49452,49404,49434,49491,49470,49383,49474
6136,49394,49474,49544,49452,49404,49434,49491,49470,49383,49474
6137,49394,49474,49544,49452,49404,49434,49491,49470,49383,49474
6138,49394,49474,49544,49452,49404,49434,49491,49470,49383,49474
6139,49394,49474,49544,49452,49404,49434,49491,49470,49383,49474
6140,49394,49474,49544,49452,49404,49434,49491,49470,49383,49474
6141,49394,49474,49544,49452,49404,49434,49491,49470,49383,49474
6142,49394,49474,49544,49452,49404,49434,49491,49470,49383,49474
6143,49394,49474,49544,49452,49404,49434,49491,49470,49383,49474
6144,49394,49474,49544,49452,49404,49434,49491,49470,49383,49474
6145,49394,49474,49544,49452,49404,49434,49491,49470,49383,49474
6146,49394,49474,49544,49452,49404,49434,49491,49470,49383,49474
6147,49394,49474,49544,49452,49404,49434,49491,49470,49383,49474
6148,49394,49474,49544,49452,49404,49434,49491,49470,49383,49474
6149,49394,49474,49544,49452,49404,49434,49491,49470,49383,49474
6150,49394,49474,49544,49452,49404,49434,49491,49470,49383,49474
6151,49394,49474,49544,49452,49404,49434,49491,49470,49383,49474
6152,49394,49474,49544,49452,49404,49434,49491,49470,49383,49474
6153,49394,49474,49544,49452,49404,49434,49491,49470,49383,49474
6154,49394,49474,49544,49452,49404,49434,49491,49470,49383,49474
6155,49394,49474,49544,49452,49404,49434,49491,49470,49383,49474
6156,49394,49474,49544,49452,49404,49434,49491,49470,49383,49474
6157,49394,49474,49544,49452,49404,49434,49491,49470,49383,49474
6158,49394,49474,49544,49452,49404,49434,49491,49470,49383,49474
6159,49394,49474,49544,49452,49404,49434,49491,49470,49383,49474
6160,49394,49474,49544,49452,49404,49434,49491,49470,49383,49474
6161,49394,49474,49544,49452,49404,49434,49491,49470,49383,49474
6162,49394,49474,49544,49452,49404,49434,49491,49470,49383,49474
6163,49394,49474,49544,49452,49404,49434,49491,49470,49383,49474
6164,49394,49474,49544,49452,49404,49434,49491,49470,49383,49474
6165,49394,49474,49544,49452,49404,49434,49491,49470,49383,49474
6166,49394,49474,49544,49452,49404,49434,49491,49470,49383,49474
6167,49394,49474,49544,49452,49404,49434,49491,49470,49383,49474
6168,49394,49474,49544,49452,49404,49434,49491,49470,49383,49474
6169,49394,49474,49544,49452,49404,49434,49491,49470,49383,49474
6170,49394,49474,49544,49452,49404,49434,49491,49470,49383,49474
6171,49394,49474,49544,49452,49404,49434,49491,49470,49383,49474
6172,49394,49474,49544,49452,49404,49434,49491,49470,49383,49474
6173,49394,49474,49544,49452,49404,49434,49491,49470,49383,49474
6174,49394,49474,49544,49452,49404,49434,49491,49470,49383,49474
6175,49394,49474,49544,49452,49404,49434,49491,49470,49383,49474
6176,49394,49474,49544,49452,49404,49434,49491,49470,49383,49474
6177,49394,49474,49544,49452,49404,49434,49491,49470,49383,49474
6178,49394,49474,49544,49452,49404,49434,49491,49470,49383,49474
6179,49394,49474,49544,49452,49404,49434,49491,49470,49383,49474
6180,49394,49474,49544,49452,49404,49434,49491,49470,49383,49474
6181,49394,49474,49544,49452,49404,49434,49491,49470,49383,49474
6182,49394,49474,49544,49452,49404,49434,49491,49470,49383,49474
6183,49394,49474,49544,49452,49404,49434,49491,49470,49383,49474
6184,49394,49474,49544,49452,49404,49434,49491,49470,49383,49474
6185,49394,49474,49544,49452,49404,49434,49491,49470,49383,49474
6186,49394,49474,49544,49452,49404,49434,49491,49470,49383,49474
6187,49394,49474,49544,49452,49404,49434,49491,49470,49383,49474
6188,49394,49474,49544,49452,49404,49434,49491,49470,49383,49474
6189,49394,49474,49544,49452,49404,49434,49491,49470,49383,49474
6190,49394,49474,49544,49452,49404,49434,49491,49470,49383,49474
6191,49394,49474,49544,49452,49404,49434,49491,49470,49383,49474
6192,49394,49474,49544,49452,49404,49434,49491,49470,49383,49474
6193,49394,49474,49544,49452,49404,49434,49491,49470,49383,49474
6194,49394,49474,49544,49452,49404,49434,49491,49470,49383,49474
6195,49394,49474,49544,49452,49404,49434,49491,49470,49383,49474
6196,49394,49474,49544,49452,49404,49434,49491,49470,49383,49474
6197,49394,49474,49544,49452,49404,49434,49491,49470,49383,49474
6198,49394,49474,49544,49452,49404,49434,49491,49470,49383,49474
6199,49394,49474,49544,49452,49404,49434,49491,49470,49383,49474
6200,49394,49474,49544,49452,49404,49434,49491,49470,49383,49474
6201,49394,49474,49544,49452,49404,49434,49491,49470,49383,49474
6202,49394,49474,49544,49452,49404,49434,49491,49470,49383,49474
6203,49394,49474,49544,49452,49404,49434,49491,49470,49383,49474
6204,49394,49474,49544,49452,49404,49434,49491,49470,49383,49474
6205,49394,49474,49544,49452,49404,49434,49491,49470,49383,49474
6206,49394,49474,49544,49452,49404,49434,49491,49470,49383,49474
6207,49394,49474,49544,49452,49404,49434,49491,49470,49383,49474
6208,49394,49474,49544,49452,49404,49434,49491,49470,49383,49474
6209,49394,49474,49544,49452,49404,49434,49491,49470,49383,49474
6210,49394,49474,49544,49452,49404,49434,49491,49470,49383,49474
6211,49394,49474,49544,49452,49404,49434,49491,49470,49383,49474
6212,49394,49474,49544,49452,49404,49434,49491,49470,49383,49474
6213,49394,49474,49544,49452,49404,49434,49491,49470,49383,49474
6214,49394,49474,49544,49452,49404,49434,49491,49470,49383,49474
6215,49394,49474,49544,49452,49404,49434,49491,49470,49383,49474
6216,49394,49474,49544,49452,49404,49434,49491,49470,49383,49474
6217,49394,49474,49544,49452,49404,49434,49491,49470,49383,49474
6218,49394,49474,49544,49452,49404,49434,49491,49470,49383,49474
6219,49394,49474,49544,49452,49404,49434,49491,49470,49383,49474
6220,49394,49474,49544,49452,49404,49434,49491,49470,49383,49474
6221,49394,49474,49544,49452,49404,49434,49491,49470,49383,49474
6222,49394,49474,49544,49452,49404,49434,49491,49470,49383,49474
6223,49394,49474,49544,49452,49404,49434,49491,49470,49383,49474
6224,49394,49474,49544,49452,49404,49434,49491,49470,49383,49474
6225,49394,49474,49544,49452,49404,49434,49491,49470,49383,49474
6226,49394,49474,49544,49452,49404,49434,49491,49470,49383,49474
6227,49394,49474,49544,49452,49404,49434,49491,49470,49383,49474
6228,49394,49474,49544,49452,49404,49434,49491,49470,49383,49474
6229,49394,49474,49544,49452,49404,49434,49491,49470,49383,49474
6230,49394,49474,49544,49452,49404,49434,49491,49470,49383,49474
6231,49394,49474,49544,49452,49404,49434,49491,49470,49383,49474
6232,49394,49474,49544,49452,49404,49434,49491,49470,49383,49474
6233,49394,49474,49544,49452,49404,49434,49491,49470,49383,49474
6234,49394,49474,49544,49452,49404,49434,49491,49470,49383,49474
6235,49394,49474,49544,49452,49404,49434,49491,49470,49383,49474
6236,49394,49474,49544,49452,49404,49434,49491,49470,49383,49474
6237,49394,49474,49544,49452,49404,49434,49491,49470,49383,49474
6238,49394,49474,49544,49452,49404,49434,49491,49470,49383,49474
6239,49394,49474,49544,49452,49404,49434,49491,49470,49383,49474
6240,49394,49474,49544,49452,49404,49434,49491,49470,49383,49474
6241,49394,49474,49544,49452,49404,49434,49491,49470,49383,49474
6242,49394,49474,49544,49452,49404,49434,49491,49470,49383,49474
6243,49394,49474,49544,49452,49404,49434,49491,49470,49383,49474
6244,49394,49474,49544,49452,49404,49434,49491,49470,49383,49474
6245,49394,49474,49544,49452,49404,49434,49491,49470,49383,49474
6246,49394,49474,49544,49452,49404,49434,49491,49470,49383,49474
6247,49394,49474,49544,49452,49404,49434,49491,49470,49383,49474
6248,49394,49474,49544,49452,49404,49434,49491,49470,49383,49474
6249,49394,49474,49544,49452,49404,49434,49491,49470,49383,49474
6250,49394,49474,49544,49452,49404,49434,49491,49470,49383,49474
6251,49394,49474,49544,49452,49404,49434,49491,49470,49383,49474
6252,49394,49474,49544,49452,49404,49434,49491,49470,49383,49474
6253,49394,49474,49544,49452,49404,49434,49491,49470,49383,49474
6254,49394,49474,49544,49452,49404,49434,49491,49470,49383,49474
6255,49394,49474,49544,49452,49404,49434,49491,49470,49383,49474
6256,49394,49474,49544,49452,49404,49434,49491,49470,49383,49474
6257,49394,49474,49544,49452,49404,49434,49491,49470,49383,49474
6258,49394,49474,49544,49452,49404,49434,49491,49470,49383,49474
6259,49394,49474,49544,49452,49404,49434,49491,49470,49383,49474
6260,49394,49474,49544,49452,49404,49434,49491,49470,49383,49474
6261,49394,49474,49544,49452,49404,49434,49491,49470,49383,49474
6262,49394,49474,49544,49452,49404,49434,49491,49470,49383,49474
6263,49394,49474,49544,49452,49404,49434,49491,49470,49383,49474
6264,49394,49474,49544,49452,49404,49434,49491,49470,49383,49474
6265,49394,49474,49544,49452,49404,49434,49491,49470,49383,49474
6266,49394,49474,49544,49452,49404,49434,49491,49470,49383,49474
6267,49394,49474,49544,49452,49404,49434,49491,49470,49383,49474
6268,49394,49474,49544,49452,49404,49434,49491,49470,49383,49474
6269,49394,49474,49544,49452,49404,49434,49491,49470,49383,49474
6270,49394,49474,49544,49452,49404,49434,49491,49470,49383,49474
6271,49394,49474,49544,49452,49404,49434,49491,49470,49383,49474
6272,49394,49474,49544,49452,49404,49434,49491,49470,49383,49474
6273,49394,49474,49544,49452,49404,49434,49491,49470,49383,49474
6274,49394,49474,49544,49452,49404,49434,49491,49470,49383,49474
6275,49394,49474,49544,49452,49404,49434,49491,49470,49383,49474
6276,49394,49474,49544,49452,49404,49434,49491,49470,49383,49474
6277,49394,49474,49544,49452,49404,49434,49491,49470,49383,49474
6278,49394,49474,49544,49452,49404,49434,49491,49470,49383,49474
6279,49394,49474,49544,49452,49404,49434,49491,49470,49383,49474
6280,49394,49474,49544,49452,49404,49434,49491,49470,49383,49474
6281,49394,49474,49544,49452,49404,49434,49491,49470,49383,49474
6282,49394,49474,49544,49452,49404,49434,49491,49470,49383,49474
6283,49394,49474,49544,49452,49404,49434,49491,49470,49383,49474
6284,49394,49474,49544,49452,49404,49434,49491,49470,49383,49474
6285,49394,49474,49544,49452,49404,49434,49491,49470,49383,49474
6286,49394,49474,49544,49452,49404,49434,49491,49470,49383,49474
6287,49394,49474,49544,49452,49404,49434,49491,49470,49383,49474
6288,49394,49474,49544,49452,49404,49434,49491,49470,49383,49474
6289,49394,49474,49544,49452,49404,49434,49491,49470,49383,49474
6290,49394,49474,49544,49452,49404,49434,49491,49470,49383,49474
6291,49394,49474,49544,49452,49404,49434,49491,49470,49383,49474
6292,49394,49474,49544,49452,49404,49434,49491,49470,49383,49474
6293,49394,49474,49544,49452,49404,49434,49491,49470,49383,49474
6294,49394,49474,49544,49452,49404,49434,49491,49470,49383,49474
6295,49394,49474,49544,49452,49404,49434,49491,49470,49383,49474
6296,49394,49474,49544,49452,49404,49434,49491,49470,49383,49474
6297,49394,49474,49544,49452,49404,49434,49491,49470,49383,49474
6298,49394,49474,49544,49452,49404,49434,49491,49470,49383,49474
6299,49394,49474,49544,49452,49404,49434,49491,49470,49383,49474
6300,49394,49474,49544,49452,49404,49434,49491,49470,49383,49474
6301,49394,49474,49544,49452,49404,49434,49491,49470,49383,49474
6302,49394,49474,49544,49452,49404,49434,49491,49470,49383,49474
6303,49394,49474,49544,49452,49404,49434,49491,49470,49383,49474
6304,49394,49474,49544,49452,49404,49434,49491,49470,49383,49474
6305,49394,49474,49544,49452,49404,49434,49491,49470,49383,49474
6306,49394,49474,49544,49452,49404,49434,49491,49470,49383,49474
6307,49394,49474,49544,49452,49404,49434,49491,49470,49383,49474
6308,49394,49474,49544,49452,49404,49434,49491,49470,49383,49474
6309,49394,49474,49544,49452,49404,49434,49491,49470,49383,49474
6310,49394,49474,49544,49452,49404,49434,49491,49470,49383,49474
6311,49394,49474,49544,49452,49404,49434,49491,49470,49383,49474
6312,49394,49474,49544,49452,49404,49434,49491,49470,49383,49474
6313,49394,49474,49544,49452,49404,49434,49491,49470,49383,49474
6314,49394,49474,49544,49452,49404,49434,49491,49470,49383,49474
6315,49394,49474,49544,49452,49404,49434,49491,49470,49383,49474
6316,49394,49474,49544,49452,49404,49434,49491,49470,49383,49474
6317,49394,49474,49544,49452,49404,49434,49491,49470,49383,49474
6318,49394,49474,49544,49452,49404,49434,49491,49470,49383,49474
6319,49394,49474,49544,49452,49404,49434,49491,49470,49383,49474
6320,49394,49474,49544,49452,49404,49434,49491,49470,49383,49474
6321,49394,49474,49544,49452,49404,49434,49491,49470,49383,49474
6322,49394,49474,49544,49452,49404,49434,49491,49470,49383,49474
6323,49394,49474,49544,49452,49404,49434,49491,49470,49383,49474
6324,49394,49474,49544,49452,49404,49434,49491,49470,49383,49474
6325,49394,49474,49544,49452,49404,49434,49491,49470,49383,49474
6326,49394,49474,49544,49452,49404,49434,49491,49470,49383,49474
6327,49394,49474,49544,49452,49404,49434,49491,49470,49383,49474
6328,49394,49474,49544,49452,49404,49434,49491,49470,49383,49474
6329,49394,49474,49544,49452,49404,49434,49491,49470,49383,49474
6330,49394,49474,49544,49452,49404,49434,49491,49470,49383,49474
6331,49394,49474,49544,49452,49404,49434,49491,49470,49383,49474
6332,49394,49474,49544,49452,49404,49434,49491,49470,49383,49474
6333,49394,49474,49544,49452,49404,49434,49491,49470,49383,49474
6334,49394,49474,49544,49452,49404,49434,49491,49470,49383,49474
6335,49394,49474,49544,49452,49404,49434,49491,49470,49383,49474
6336,49394,49474,49544,49452,49404,49434,49491,49470,49383,49474
6337,49394,49474,49544,49452,49404,49434,49491,49470,49383,49474
6338,49394,49474,49544,49452,49404,49434,49491,49470,49383,49474
6339,49394,49474,49544,49452,49404,49434,49491,49470,49383,49474
6340,49394,49474,49544,49452,49404,49434,49491,49470,49383,49474
6341,49394,49474,49544,49452,49404,49434,49491,49470,49383,49474
6342,49394,49474,49544,49452,49404,49434,49491,49470,49383,49474
6343,49394,49474,49544,49452,49404,49434,49491,49470,49383,49474
6344,49394,49474,49544,49452,49404,49434,49491,49470,49383,49474
6345,49394,49474,49544,49452,49404,49434,49491,49470,49383,49474
6346,49394,49474,49544,49452,49404,49434,49491,49470,49383,49474
6347,49394,49474,49544,49452,49404,49434,49491,49470,49383,49474
6348,49394,49474,49544,49452,49404,49434,49491,49470,49383,49474
6349,49394,49474,49544,49452,49404,49434,49491,49470,49383,49474
6350,49394,49474,49544,49452,49404,49434,49491,49470,49383,49474
6351,49394,49474,49544,49452,49404,49434,49491,49470,49383,49474
6352,49394,49474,49544,49452,49404,49434,49491,49470,49383,49474
6353,49394,49474,49544,49452,49404,49434,49491,49470,49383,49474
6354,49394,49474,49544,49452,49404,49434,49491,49470,49383,49474
6355,49394,49474,49544,49452,49404,49434,49491,49470,49383,49474
6356,49394,49474,49544,49452,49404,49434,49491,49470,49383,49474
6357,49394,49474,49544,49452,49404,49434,49491,49470,49383,49474
6358,49394,49474,49544,49452,49404,49434,49491,49470,49383,49474
6359,49394,49474,49544,49452,49404,49434,49491,49470,49383,49474
6360,49394,49474,49544,49452,49404,49434,49491,49470,49383,49474
6361,49394,49474,49544,49452,49404,49434,49491,49470,49383,49474
6362,49394,49474,49544,49452,49404,49434,49491,49470,49383,49474
6363,49394,49474,49544,49452,49404,49434,49491,49470,49383,49474
6364,49394,49474,49544,49452,49404,49434,49491,49470,49383,49474
6365,49394,49474,49544,49452,49404,49434,49491,49470,49383,49474
6366,49394,49474,49544,49452,49404,49434,49491,49470,49383,49474
6367,49394,49474,49544,49452,49404,49434,49491,49470,49383,49474
6368,49394,49474,49544,49452,49404,49434,49491,49470,49383,49474
6369,49394,49474,49544,49452,49404,49434,49491,49470,49383,49474
6370,49394,49474,49544,49452,49404,49434,49491,49470,49383,49474
6371,49394,49474,49544,49452,49404,49434,49491,49470,49383,49474
6372,49394,49474,49544,49452,49404,49434,49491,49470,49383,49474
6373,49394,49474,49544,49452,49404,49434,49491,49470,49383,49474
6374,49394,49474,49544,49452,49404,49434,49491,49470,49383,49474
6375,49394,49474,49544,49452,49404,49434,49491,49470,49383,49474
6376,49394,49474,49544,49452,49404,49434,49491,49470,49383,49474
6377,49394,49474,49544,49452,49404,49434,49491,49470,49383,49474
6378,49394,49474,49544,49452,49404,49434,49491,49470,49383,49474
6379,49394,49474,49544,49452,49404,49434,49491,49470,49383,49474
6380,49394,49474,49544,49452,49404,49434,49491,49470,49383,49474
6381,49394,49474,49544,49452,49404,49434,49491,49470,49383,49474
6382,49394,49474,49544,49452,49404,49434,49491,49470,49383,49474
6383,49394,49474,49544,49452,49404,49434,49491,49470,49383,49474
6384,49394,49474,49544,49452,49404,49434,49491,49470,49383,49474
6385,49394,49474,49544,49452,49404,49434,49491,49470,49383,49474
6386,49394,49474,49544,49452,49404,49434,49491,49470,49383,49474
6387,49394,49474,49544,49452,49404,49434,49491,49470,49383,49474
6388,49394,49474,49544,49452,49404,49434,49491,49470,49383,49474
6389,49394,49474,49544,49452,49404,49434,49491,49470,49383,49474
6390,49394,49474,49544,49452,49404,49434,49491,49470,49383,49474
6391,49394,49474,49544,49452,49404,49434,49491,49470,49383,49474
6392,49394,49474,49544,49452,49404,49434,49491,49470,49383,49474
6393,49394,49474,49544,49452,49404,49434,49491,49470,49383,49474
6394,49394,49474,49544,49452,49404,49434,49491,49470,49383,49474
6395,49394,49474,49544,49452,49404,49434,49491,49470,49383,49474
6396,49394,49474,49544,49452,49404,49434,49491,49470,49383,49474
6397,49394,49474,49544,49452,49404,49434,49491,49470,49383,49474
6398,49394,49474,49544,49452,49404,49434,49491,49470,49383,49474
6399,49394,49474,49544,49452,49404,49434,49491,49470,49383,49474
6400,49394,49474,49544,49452,49404,49434,49491,49470,49383,49474
6401,49394,49474,49544,49452,49404,49434,49491,49470,49383,49474
6402,49394,49474,49544,49452,49404,49434,49491,49470,49383,49474
6403,49394,49474,49544,49452,49404,49434,49491,49470,49383,49474
6404,49394,49474,49544,49452,49404,49434,49491,49470,49383,49474
6405,49394,49474,49544,49452,49404,49434,49491,49470,49383,49474
6406,49394,49474,49544,49452,49404,49434,49491,49470,49383,49474
6407,49394,49474,49544,49452,49404,49434,49491,49470,49383,49474
6408,49394,49474,49544,49452,49404,49434,49491,49470,49383,49474
6409,49394,49474,49544,49452,49404,49434,49491,49470,49383,49474
6410,49394,49474,49544,49452,49404,49434,49491,49470,49383,49474
6411,49394,49474,49544,49452,49404,49434,49491,49470,49383,49474
6412,49394,49474,49544,49452,49404,49434,49491,49470,49383,49474
6413,49394,49474,49544,49452,49404,49434,49491,49470,49383,49474
6414,49394,49474,49544,49452,49404,49434,49491,49470,49383,49474
6415,49394,49474,49544,49452,49404,49434,49491,49470,49383,49474
6416,49394,49474,49544,49452,49404,49434,49491,49470,49383,49474
6417,49394,49474,49544,49452,49404,49434,49491,49470,49383,49474
6418,49394,49474,49544,49452,49404,49434,49491,49470,49383,49474
6419,49394,49474,49544,49452,49404,49434,49491,49470,49383,49474
6420,49394,49474,49544,49452,49404,49434,49491,49470,49383,49474
6421,49394,49474,49544,49452,49404,49434,49491,49470,49383,49474
6422,49394,49474,49544,49452,49404,49434,49491,49470,49383,49474
6423,49394,49474,49544,49452,49404,49434,49491,49470,49383,49474
6424,49394,49474,49544,49452,49404,49434,49491,49470,49383,49474
6425,49394,49474,49544,49452,49404,49434,49491,49470,49383,49474
6426,49394,49474,49544,49452,49404,49434,49491,49470,49383,49474
6427,49394,49474,49544,49452,49404,49434,49491,49470,49383,49474
6428,49394,49474,49544,49452,49404,49434,49491,49470,49383,49474
6429,49394,49474,49544,49452,49404,49434,49491,49470,49383,49474
6430,49394,49474,49544,49452,49404,49434,49491,49470,49383,49474
6431,49394,49474,49544,49452,49404,49434,49491,49470,49383,49474
6432,49394,49474,49544,49452,49404,49434,49491,49470,49383,49474
6433,49394,49474,49544,49452,49404,49434,49491,49470,49383,49474
6434,49394,49474,49544,49452,49404,49434,49491,49470,49383,49474
6435,49394,49474,49544,49452,49404,49434,49491,49470,49383,49474
6436,49394,49474,49544,49452,49404,49434,49491,49470,49383,49474
6437,49394,49474,49544,49452,49404,49434,49491,49470,49383,49474
6438,49394,49474,49544,49452,49404,49434,49491,49470,49383,49474
6439,49394,49474,49544,49452,49404,49434,49491,49470,49383,49474
6440,49394,49474,49544,49452,49404,49434,49491,49470,49383,49474
6441,49394,49474,49544,49452,49404,49434,49491,49470,49383,49474
6442,49394,49474,49544,49452,49404,49434,49491,49470,49383,49474
6443,49394,49474,49544,49452,49404,49434,49491,49470,49383,49474
6444,49394,49474,49544,49452,49404,49434,49491,49470,49383,49474
6445,49394,49474,49544,49452,49404,49434,49491,49470,49383,49474
6446,49394,49474,49544,49452,49404,49434,49491,49470,49383,49474
6447,49394,49474,49544,49452,49404,49434,49491,49470,49383,49474
6448,49394,49474,49544,49452,49404,49434,49491,49470,49383,49474
6449,49394,49474,49544,49452,49404,49434,49491,49470,49383,49474
6450,49394,49474,49544,49452,49404,49434,49491,49470,49383,49474
6451,49394,49474,49544,49452,49404,49434,49491,49470,49383,49474
6452,49394,49474,49544,49452,49404,49434,49491,49470,49383,49474
6453,49394,49474,49544,49452,49404,49434,49491,49470,49383,49474
6454,49394,49474,49544,49452,49404,49434,49491,49470,49383,49474
6455,49394,49474,49544,49452,49404,49434,49491,49470,49383,49474
6456,49394,49474,49544,49452,49404,49434,49491,49470,49383,49474
6457,49394,49474,49544,49452,49404,49434,49491,49470,49383,49474
6458,49394,49474,49544,49452,49404,49434,49491,49470,49383,49474
6459,49394,49474,49544,49452,49404,49434,49491,49470,49383,49474
6460,49394,49474,49544,49452,49404,49434,49491,49470,49383,49474
6461,49394,49474,49544,49452,49404,49434,49491,49470,49383,49474
6462,49394,49474,49544,49452,49404,49434,49491,49470,49383,49474
6463,49394,49474,49544,49452,49404,49434,49491,49470,49383,49474
6464,49394,49474,49544,49452,49404,49434,49491,49470,49383,49474
6465,49394,49474,49544,49452,49404,49434,49491,49470,49383,49474
6466,49394,49474,49544,49452,49404,49434,49491,49470,49383,49474
6467,49394,49474,49544,49452,49404,49434,49491,49470,49383,49474
6468,49394,49474,49544,49452,49404,49434,49491,49470,49383,49474
6469,49394,49474,49544,49452,49404,49434,49491,49470,49383,49474
6470,49394,49474,49544,49452,49404,49434,49491,49470,49383,49474
6471,49394,49474,49544,49452,49404,49434,49491,49470,49383,49474
6472,49394,49474,49544,49452,49404,49434,49491,49470,49383,49474
6473,49394,49474,49544,49452,49404,49434,49491,49470,49383,49474
6474,49394,49474,49544,49452,49404,49434,49491,49470,49383,49474
6475,49394,49474,49544,49452,49404,49434,49491,49470,49383,49474
6476,49394,49474,49544,49452,49404,49434,49491,49470,49383,49474
6477,49394,49474,49544,49452,49404,49434,49491,49470,49383,49474
6478,49394,49474,49544,49452,49404,49434,49491,49470,49383,49474
6479,49394,49474,49544,49452,49404,49434,49491,49470,49383,49474
6480,49394,49474,49544,49452,49404,49434,49491,49470,49383,49474
6481,49394,49474,49544,49452,49404,49434,49491,49470,49383,49474
6482,49394,49474,49544,49452,49404,49434,49491,49470,49383,49474
6483,49394,49474,49544,49452,49404,49434,49491,49470,49383,49474
6484,49394,49474,49544,49452,49404,49434,49491,49470,49383,49474
6485,49394,49474,49544,49452,49404,49434,49491,49470,49383,49474
6486,49394,49474,49544,49452,49404,49434,49491,49470,49383,49474
6487,49394,49474,49544,49452,49404,49434,49491,49470,49383,49474
6488,49394,49474,49544,49452,49404,49434,49491,49470,49383,49474
6489,49394,49474,49544,49452,49404,49434,49491,49470,49383,49474
6490,49394,49474,49544,49452,49404,49434,49491,49470,49383,49474
6491,49394,49474,49544,49452,49404,49434,49491,49470,49383,49474
6492,49394,49474,49544,49452,49404,49434,49491,49470,49383,49474
6493,49394,49474,49544,49452,49404,49434,49491,49470,49383,49474
6494,49394,49474,49544,49452,49404,49434,49491,49470,49383,49474
6495,49394,49474,49544,49452,49404,49434,49491,49470,49383,49474
6496,49394,49474,49544,49452,49404,49434,49491,49470,49383,49474
6497,49394,49474,49544,49452,49404,49434,49491,49470,49383,49474
6498,49394,49474,49544,49452,49404,49434,49491,49470,49383,49474
6499,49394,49474,49544,49452,49404,49434,49491,49470,49383,49474
6500,49394,49474,49544,49452,49404,49434,49491,49470,49383,49474
6501,49394,49474,49544,49452,49404,49434,49491,49470,49383,49474
6502,49394,49474,49544,49452,49404,49434,49491,49470,49383,49474
6503,49394,49474,49544,49452,49404,49434,49491,49470,49383,49474
6504,49394,49474,49544,49452,49404,49434,49491,49470,49383,49474
6505,49394,49474,49544,49452,49404,49434,49491,49470,49383,49474
6506,49394,49474,49544,49452,49404,49434,49491,49470,49383,49474
6507,49394,49474,49544,49452,49404,49434,49491,49470,49383,49474
6508,49394,49474,49544,49452,49404,49434,49491,49470,49383,49474
6509,49394,49474,49544,49452,49404,49434,49491,49470,49383,49474
6510,49394,49474,49544,49452,49404,49434,49491,49470,49383,49474
6511,49394,49474,49544,49452,49404,49434,49491,49470,49383,49474
6512,49394,49474,49544,49452,49404,49434,49491,49470,49383,49474
6513,49394,49474,49544,49452,49404,49434,49491,49470,49383,49474
6514,49394,49474,49544,49452,49404,49434,49491,49470,49383,49474
6515,49394,49474,49544,49452,49404,49434,49491,49470,49383,49474
6516,49394,49474,49544,49452,49404,49434,49491,49470,49383,49474
6517,49394,49474,49544,49452,49404,49434,49491,49470,49383,49474
6518,49394,49474,49544,49452,49404,49434,49491,49470,49383,49474
6519,49394,49474,49544,49452,49404,49434,49491,49470,49383,49474
6520,49394,49474,49544,49452,49404,49434,49491,49470,49383,49474
6521,49394,49474,49544,49452,49404,49434,49491,49470,49383,49474
6522,49394,49474,49544,49452,49404,49434,49491,49470,49383,49474
6523,49394,49474,49544,49452,49404,49434,49491,49470,49383,49474
6524,49394,49474,49544,49452,49404,49434,49491,49470,49383,49474
6525,49394,49474,49544,49452,49404,49434,49491,49470,49383,49474
6526,49394,49474,49544,49452,49404,49434,49491,49470,49383,49474
6527,49394,49474,49544,49452,49404,49434,49491,49470,49383,49474
6528,49394,49474,49544,49452,49404,49434,49491,49470,49383,49474
6529,49394,49474,49544,49452,49404,49434,49491,49470,49383,49474
6530,49394,49474,49544,49452,49404,49434,49491,49470,49383,49474
6531,49394,49474,49544,49452,49404,49434,49491,49470,49383,49474
6532,49394,49474,49544,49452,49404,49434,49491,49470,49383,49474
6533,49394,49474,49544,49452,49404,49434,49491,49470,49383,49474
6534,49394,49474,49544,49452,49404,49434,49491,49470,49383,49474
6535,49394,49474,49544,49452,49404,49434,49491,49470,49383,49474
6536,49394,49474,49544,49452,49404,49434,49491,49470,49383,49474
6537,49394,49474,49544,49452,49404,49434,49491,49470,49383,49474
6538,49394,49474,49544,49452,49404,49434,49491,49470,49383,49474
6539,49394,49474,49544,49452,49404,49434,49491,49470,49383,49474
6540,49394,49474,49544,49452,49404,49434,49491,49470,49383,49474
6541,49394,49474,49544,49452,49404,49434,49491,49470,49383,49474
6542,49394,49474,49544,49452,49404,49434,49491,49470,49383,49474
6543,49394,49474,49544,49452,49404,49434,49491,49470,49383,49474
6544,49394,49474,49544,49452,49404,49434,49491,49470,49383,49474
6545,49394,49474,49544,49452,49404,49434,49491,49470,49383,49474
6546,49394,49474,49544,49452,49404,49434,49491,49470,49383,49474
6547,49394,49474,49544,49452,49404,49434,49491,49470,49383,49474
6548,49394,49474,49544,49452,49404,49434,49491,49470,49383,49474
6549,49394,49474,49544,49452,49404,49434,49491,49470,49383,49474
6550,49394,49474,49544,49452,49404,49434,49491,49470,49383,49474
6551,49394,49474,49544,49452,49404,49434,49491,49470,49383,49474
6552,49394,49474,49544,49452,49404,49434,49491,49470,49383,49474
6553,49394,49474,49544,49452,49404,49434,49491,49470,49383,49474
6554,49394,49474,49544,49452,49404,49434,49491,49470,49383,49474
6555,49394,49474,49544,49452,49404,49434,49491,49470,49383,49474
6556,49394,49474,49544,49452,49404,49434,49491,49470,49383,49474
6557,49394,49474,49544,49452,49404,49434,49491,49470,49383,49474
6558,49394,49474,49544,49452,49404,49434,49491,49470,49383,49474
6559,49394,49474,49544,49452,49404,49434,49491,49470,49383,49474
6560,49394,49474,49544,49452,49404,49434,49491,49470,49383,49474
6561,49394,49474,49544,49452,49404,49434,49491,49470,49383,49474
6562,49394,49474,49544,49452,49404,49434,49491,49470,49383,49474
6563,49394,49474,49544,49452,49404,49434,49491,49470,49383,49474
6564,49394,49474,49544,49452,49404,49434,49491,49470,49383,49474
6565,49394,49474,49544,49452,49404,49434,49491,49470,49383,49474
6566,49394,49474,49544,49452,49404,49434,49491,49470,49383,49474
6567,49394,49474,49544,49452,49404,49434,49491,49470,49383,49474
6568,49394,49474,49544,49452,49404,49434,49491,49470,49383,49474
6569,49394,49474,49544,49452,49404,49434,49491,49470,49383,49474
6570,49394,49474,49544,49452,49404,49434,49491,49470,49383,49474
6571,49394,49474,49544,49452,49404,49434,49491,49470,49383,49474
6572,49394,49474,49544,49452,49404,49434,49491,49470,49383,49474
6573,49394,49474,49544,49452,49404,49434,49491,49470,49383,49474
6574,49394,49474,49544,49452,49404,49434,49491,49470,49383,49474
6575,49394,49474,49544,49452,49404,49434,49491,49470,49383,49474
6576,49394,49474,49544,49452,49404,49434,49491,49470,49383,49474
6577,49394,49474,49544,49452,49404,49434,49491,49470,49383,49474
6578,49394,49474,49544,49452,49404,49434,49491,49470,49383,49474
6579,49394,49474,49544,49452,49404,49434,49491,49470,49383,49474
6580,49394,49474,49544,49452,49404,49434,49491,49470,49383,49474
6581,49394,49474,49544,49452,49404,49434,49491,49470,49383,49474
6582,49394,49474,49544,49452,49404,49434,49491,49470,49383,49474
6583,49394,49474,49544,49452,49404,49434,49491,49470,49383,49474
6584,49394,49474,49544,49452,49404,49434,49491,49470,49383,49474
6585,49394,49474,49544,49452,49404,49434,49491,49470,49383,49474
6586,49394,49474,49544,49452,49404,49434,49491,49470,49383,49474
6587,49394,49474,49544,49452,49404,49434,49491,49470,49383,49474
6588,49394,49474,49544,49452,49404,49434,49491,49470,49383,49474
6589,49394,49474,49544,49452,49404,49434,49491,49470,49383,49474
6590,49394,49474,49544,49452,49404,49434,49491,49470,49383,49474
6591,49394,49474,49544,49452,49404,49434,49491,49470,49383,49474
6592,49394,49474,49544,49452,49404,49434,49491,49470,49383,49474
6593,49394,49474,49544,49452,49404,49434,49491,49470,49383,49474
6594,49394,49474,49544,49452,49404,49434,49491,49470,49383,49474
6595,49394,49474,49544,49452,49404,49434,49491,49470,49383,49474
6596,49394,49474,49544,49452,49404,49434,49491,49470,49383,49474
6597,49394,49474,49544,49452,49404,49434,49491,49470,49383,49474
6598,49394,49474,49544,49452,49404,49434,49491,49470,49383,49474
6599,49394,49474,49544,49452,49404,49434,49491,49470,49383,49474
6600,49394,49474,49544,49452,49404,49434,49491,49470,49383,49474
6601,49394,49474,49544,49452,49404,49434,49491,49470,49383,49474
6602,49394,49474,49544,49452,49404,49434,49491,49470,49383,49474
6603,49394,49474,49544,49452,49404,49434,49491,49470,49383,49474
6604,49394,49474,49544,49452,49404,49434,49491,49470,49383,49474
6605,49394,49474,49544,49452,49404,49434,49491,49470,49383,49474
6606,49394,49474,49544,49452,49404,49434,49491,49470,49383,49474
6607,49394,49474,49544,49452,49404,49434,49491,49470,49383,49474
6608,49394,49474,49544,49452,49404,49434,49491,49470,49383,49474
6609,49394,49474,49544,49452,49404,49434,49491,49470,49383,49474
6610,49394,49474,49544,49452,49404,49434,49491,49470,49383,49474
6611,49394,49474,49544,49452,49404,49434,49491,49470,49383,49474
6612,49394,49474,49544,49452,49404,49434,49491,49470,49383,49474
6613,49394,49474,49544,49452,49404,49434,49491,49470,49383,49474
6614,49394,49474,49544,49452,49404,49434,49491,49470,49383,49474
6615,49394,49474,49544,49452,49404,49434,49491,49470,49383,49474
6616,49394,49474,49544,49452,49404,49434,49491,49470,49383,49474
6617,49394,49474,49544,49452,49404,49434,49491,49470,49383,49474
6618,49394,49474,49544,49452,49404,49434,49491,49470,49383,49474
6619,49394,49474,49544,49452,49404,49434,49491,49470,49383,49474
6620,49394,49474,49544,49452,49404,49434,49491,49470,49383,49474
6621,49394,49474,49544,49452,49404,49434,49491,49470,49383,49474
6622,49394,49474,49544,49452,49404,49434,49491,49470,49383,49474
6623,49394,49474,49544,49452,49404,49434,49491,49470,49383,49474
6624,49394,49474,49544,49452,49404,49434,49491,49470,49383,49474
6625,49394,49474,49544,49452,49404,49434,49491,49470,49383,49474
6626,49394,49474,49544,49452,49404,49434,49491,49470,49383,49474
6627,49394,49474,49544,49452,49404,49434,49491,49470,49383,49474
6628,49394,49474,49544,49452,49404,49434,49491,49470,49383,49474
6629,49394,49474,49544,49452,49404,49434,49491,49470,49383,49474
6630,49394,49474,49544,49452,49404,49434,49491,49470,49383,49474
6631,49394,49474,49544,49452,49404,49434,49491,49470,49383,49474
6632,49394,49474,49544,49452,49404,49434,49491,49470,49383,49474
6633,49394,49474,49544,49452,49404,49434,49491,49470,49383,49474
6634,49394,49474,49544,49452,49404,49434,49491,49470,49383,49474
6635,49394,49474,49544,49452,49404,49434,49491,49470,49383,49474
6636,49394,49474,49544,49452,49404,49434,49491,49470,49383,49474
6637,49394,49474,49544,49452,49404,49434,49491,49470,49383,49474
6638,49394,49474,49544,49452,49404,49434,49491,49470,49383,49474
6639,49394,49474,49544,49452,49404,49434,49491,49470,49383,49474
6640,49394,49474,49544,49452,49404,49434,49491,49470,49383,49474
6641,49394,49474,49544,49452,49404,49434,49491,49470,49383,49474
6642,49394,49474,49544,49452,49404,49434,49491,49470,49383,49474
6643,49394,49474,49544,49452,49404,49434,49491,49470,49383,49474
6644,49394,49474,49544,49452,49404,49434,49491,49470,49383,49474
6645,49394,49474,49544,49452,49404,49434,49491,49470,49383,49474
6646,49394,49474,49544,49452,49404,49434,49491,49470,49383,49474
6647,49394,49474,49544,49452,49404,49434,49491,49470,49383,49474
6648,49394,49474,49544,49452,49404,49434,49491,49470,49383,49474
6649,49394,49474,49544,49452,49404,49434,49491,49470,49383,49474
6650,49394,49474,49544,49452,49404,49434,49491,49470,49383,49474
6651,49394,49474,49544,49452,49404,49434,49491,49470,49383,49474
6652,49394,49474,49544,49452,49404,49434,49491,49470,49383,49474
6653,49394,49474,49544,49452,49404,49434,49491,49470,49383,49474
6654,49394,49474,49544,49452,49404,49434,49491,49470,49383,49474
6655,49394,49474,49544,49452,49404,49434,49491,49470,49383,49474
6656,49394,49474,49544,49452,49404,49434,49491,49470,49383,49474
6657,49394,49474,49544,49452,49404,49434,49491,49470,49383,49474
6658,49394,49474,49544,49452,49404,49434,49491,49470,49383,49474
6659,49394,49474,49544,49452,49404,49434,49491,49470,49383,49474
6660,49394,49474,49544,49452,49404,49434,49491,49470,49383,49474
6661,49394,49474,49544,49452,49404,49434,49491,49470,49383,49474
6662,49394,49474,49544,49452,49404,49434,49491,49470,49383,49474
6663,49394,49474,49544,49452,49404,49434,49491,49470,49383,49474
6664,49394,49474,49544,49452,49404,49434,49491,49470,49383,49474
6665,49394,49474,49544,49452,49404,49434,49491,49470,49383,49474
6666,49394,49474,49544,49452,49404,49434,49491,49470,49383,49474
6667,49394,49474,49544,49452,49404,49434,49491,49470,49383,49474
6668,49394,49474,49544,49452,49404,49434,49491,49470,49383,49474
6669,49394,49474,49544,49452,49404,49434,49491,49470,49383,49474
6670,49394,49474,49544,49452,49404,49434,49491,49470,49383,49474
6671,49394,49474,49544,49452,49404,49434,49491,49470,49383,49474
6672,49394,49474,49544,49452,49404,49434,49491,49470,49383,49474
6673,49394,49474,49544,49452,49404,49434,49491,49470,49383,49474
6674,49394,49474,49544,49452,49404,49434,49491,49470,49383,49474
6675,49394,49474,49544,49452,49404,49434,49491,49470,49383,49474
6676,49394,49474,49544,49452,49404,49434,49491,49470,49383,49474
6677,49394,49474,49544,49452,49404,49434,49491,49470,49383,49474
6678,49394,49474,49544,49452,49404,49434,49491,49470,49383,49474
6679,49394,49474,49544,49452,49404,49434,49491,49470,49383,49474
6680,49394,49474,49544,49452,49404,49434,49491,49470,49383,49474
6681,49394,49474,49544,49452,49404,49434,49491,49470,49383,49474
6682,49394,49474,49544,49452,49404,49434,49491,49470,49383,49474
6683,49394,49474,49544,49452,49404,49434,49491,49470,49383,49474
6684,49394,49474,49544,49452,49404,49434,49491,49470,49383,49474
6685,49394,49474,49544,49452,49404,49434,49491,49470,49383,49474
6686,49394,49474,49544,49452,49404,49434,49491,49470,49383,49474
6687,49394,49474,49544,49452,49404,49434,49491,49470,49383,49474
6688,49394,49474,49544,49452,49404,49434,49491,49470,49383,49474
6689,49394,49474,49544,49452,49404,49434,49491,49470,49383,49474
6690,49394,49474,49544,49452,49404,49434,49491,49470,49383,49474
6691,49394,49474,49544,49452,49404,49434,49491,49470,49383,49474
6692,49394,49474,49544,49452,49404,49434,49491,49470,49383,49474
6693,49394,49474,49544,49452,49404,49434,49491,49470,49383,49474
6694,49394,49474,49544,49452,49404,49434,49491,49470,49383,49474
6695,49394,49474,49544,49452,49404,49434,49491,49470,49383,49474
6696,49394,49474,49544,49452,49404,49434,49491,49470,49383,49474
6697,49394,49474,49544,49452,49404,49434,49491,49470,49383,49474
6698,49394,49474,49544,49452,49404,49434,49491,49470,49383,49474
6699,49394,49474,49544,49452,49404,49434,49491,49470,49383,49474
6700,49394,49474,49544,49452,49404,49434,49491,49470,49383,49474
6701,49394,49474,49544,49452,49404,49434,49491,49470,49383,49474
6702,49394,49474,49544,49452,49404,49434,49491,49470,49383,49474
6703,49394,49474,49544,49452,49404,49434,49491,49470,49383,49474
6704,49394,49474,49544,49452,49404,49434,49491,49470,49383,49474
6705,49394,49474,49544,49452,49404,49434,49491,49470,49383,49474
6706,49394,49474,49544,49452,49404,49434,49491,49470,49383,49474
6707,49394,49474,49544,49452,49404,49434,49491,49470,49383,49474
6708,49394,49474,49544,49452,49404,49434,49491,49470,49383,49474
6709,49394,49474,49544,49452,49404,49434,49491,49470,49383,49474
6710,49394,49474,49544,49452,49404,49434,49491,49470,49383,49474
6711,49394,49474,49544,49452,49404,49434,49491,49470,49383,49474
6712,49394,49474,49544,49452,49404,49434,49491,49470,49383,49474
6713,49394,49474,49544,49452,49404,49434,49491,49470,49383,49474
6714,49394,49474,49544,49452,49404,49434,49491,49470,49383,49474
6715,49394,49474,49544,49452,49404,49434,49491,49470,49383,49474
6716,49394,49474,49544,49452,49404,49434,49491,49470,49383,49474
6717,49394,49474,49544,49452,49404,49434,49491,49470,49383,49474
6718,49394,49474,49544,49452,49404,49434,49491,49470,49383,49474
6719,49394,49474,49544,49452,49404,49434,49491,49470,49383,49474
6720,49394,49474,49544,49452,49404,49434,49491,49470,49383,49474
6721,49394,49474,49544,49452,49404,49434,49491,49470,49383,49474
6722,49394,49474,49544,49452,49404,49434,49491,49470,49383,49474
6723,49394,49474,49544,49452,49404,49434,49491,49470,49383,49474
6724,49394,49474,49544,49452,49404,49434,49491,49470,49383,49474
6725,49394,49474,49544,49452,49404,49434,49491,49470,49383,49474
6726,49394,49474,49544,49452,49404,49434,49491,49470,49383,49474
6727,49394,49474,49544,49452,49404,49434,49491,49470,49383,49474
6728,49394,49474,49544,49452,49404,49434,49491,49470,49383,49474
6729,49394,49474,49544,49452,49404,49434,49491,49470,49383,49474
6730,49394,49474,49544,49452,49404,49434,49491,49470,49383,49474
6731,49394,49474,49544,49452,49404,49434,49491,49470,49383,49474
6732,49394,49474,49544,49452,49404,49434,49491,49470,49383,49474
6733,49394,49474,49544,49452,49404,49434,49491,49470,49383,49474
6734,49394,49474,49544,49452,49404,49434,49491,49470,49383,49474
6735,49394,49474,49544,49452,49404,49434,49491,49470,49383,49474
6736,49394,49474,49544,49452,49404,49434,49491,49470,49383,49474
6737,49394,49474,49544,49452,49404,49434,49491,49470,49383,49474
6738,49394,49474,49544,49452,49404,49434,49491,49470,49383,49474
6739,49394,49474,49544,49452,49404,49434,49491,49470,49383,49474
6740,49394,49474,49544,49452,49404,49434,49491,49470,49383,49474
6741,49394,49474,49544,49452,49404,49434,49491,49470,49383,49474
6742,49394,49474,49544,49452,49404,49434,49491,49470,49383,49474
6743,49394,49474,49544,49452,49404,49434,49491,49470,49383,49474
6744,49394,49474,49544,49452,49404,49434,49491,49470,49383,49474
6745,49394,49474,49544,49452,49404,49434,49491,49470,49383,49474
6746,49394,49474,49544,49452,49404,49434,49491,49470,49383,49474
6747,49394,49474,49544,49452,49404,49434,49491,49470,49383,49474
6748,49394,49474,49544,49452,49404,49434,49491,49470,49383,49474
6749,49394,49474,49544,49452,49404,49434,49491,49470,49383,49474
6750,49394,49474,49544,49452,49404,49434,49491,49470,49383,49474
6751,49394,49474,49544,49452,49404,49434,49491,49470,49383,49474
6752,49394,49474,49544,49452,49404,49434,49491,49470,49383,49474
6753,49394,49474,49544,49452,49404,49434,49491,49470,49383,49474
6754,49394,49474,49544,49452,49404,49434,49491,49470,49383,49474
6755,49394,49474,49544,49452,49404,49434,49491,49470,49383,49474
6756,49394,49474,49544,49452,49404,49434,49491,49470,49383,49474
6757,49394,49474,49544,49452,49404,49434,49491,49470,49383,49474
6758,49394,49474,49544,49452,49404,49434,49491,49470,49383,49474
6759,49394,49474,49544,49452,49404,49434,49491,49470,49383,49474
6760,49394,49474,49544,49452,49404,49434,49491,49470,49383,49474
6761,49394,49474,49544,49452,49404,49434,49491,49470,49383,49474
6762,49394,49474,49544,49452,49404,49434,49491,49470,49383,49474
6763,49394,49474,49544,49452,49404,49434,49491,49470,49383,49474
6764,49394,49474,49544,49452,49404,49434,49491,49470,49383,49474
6765,49394,49474,49544,49452,49404,49434,49491,49470,49383,49474
6766,49394,49474,49544,49452,49404,49434,49491,49470,49383,49474
6767,49394,49474,49544,49452,49404,49434,49491,49470,49383,49474
6768,49394,49474,49544,49452,49404,49434,49491,49470,49383,49474
6769,49394,49474,49544,49452,49404,49434,49491,49470,49383,49474
6770,49394,49474,49544,49452,49404,49434,49491,49470,49383,49474
6771,49394,49474,49544,49452,49404,49434,49491,49470,49383,49474
6772,49394,49474,49544,49452,49404,49434,49491,49470,49383,49474
6773,49394,49474,49544,49452,49404,49434,49491,49470,49383,49474
6774,49394,49474,49544,49452,49404,49434,49491,49470,49383,49474
6775,49394,49474,49544,49452,49404,49434,49491,49470,49383,49474
6776,49394,49474,49544,49452,49404,49434,49491,49470,49383,49474
6777,49394,49474,49544,49452,49404,49434,49491,49470,49383,49474
6778,49394,49474,49544,49452,49404,49434,49491,49470,49383,49474
6779,49394,49474,49544,49452,49404,49434,49491,49470,49383,49474
6780,49394,49474,49544,49452,49404,49434,49491,49470,49383,49474
6781,49394,49474,49544,49452,49404,49434,49491,49470,49383,49474
6782,49394,49474,49544,49452,49404,49434,49491,49470,49383,49474
6783,49394,49474,49544,49452,49404,49434,49491,49470,49383,49474
6784,49394,49474,49544,49452,49404,49434,49491,49470,49383,49474
6785,49394,49474,49544,49452,49404,49434,49491,49470,49383,49474
6786,49394,49474,49544,49452,49404,49434,49491,49470,49383,49474
6787,49394,49474,49544,49452,49404,49434,49491,49470,49383,49474
6788,49394,49474,49544,49452,49404,49434,49491,49470,49383,49474
6789,49394,49474,49544,49452,49404,49434,49491,49470,49383,49474
6790,49394,49474,49544,49452,49404,49434,49491,49470,49383,49474
6791,49394,49474,49544,49452,49404,49434,49491,49470,49383,49474
6792,49394,49474,49544,49452,49404,49434,49491,49470,49383,49474
6793,49394,49474,49544,49452,49404,49434,49491,49470,49383,49474
6794,49394,49474,49544,49452,49404,49434,49491,49470,49383,49474
6795,49394,49474,49544,49452,49404,49434,49491,49470,49383,49474
6796,49394,49474,49544,49452,49404,49434,49491,49470,49383,49474
6797,49394,49474,49544,49452,49404,49434,49491,49470,49383,49474
6798,49394,49474,49544,49452,49404,49434,49491,49470,49383,49474
6799,49394,49474,49544,49452,49404,49434,49491,49470,49383,49474
6800,49394,49474,49544,49452,49404,49434,49491,49470,49383,49474
6801,49394,49474,49544,49452,49404,49434,49491,49470,49383,49474
6802,49394,49474,49544,49452,49404,49434,49491,49470,49383,49474
6803,49394,49474,49544,49452,49404,49434,49491,49470,49383,49474
6804,49394,49474,49544,49452,49404,49434,49491,49470,49383,49474
6805,49394,49474,49544,49452,49404,49434,49491,49470,49383,49474
6806,49394,49474,49544,49452,49404,49434,49491,49470,49383,49474
6807,49394,49474,49544,49452,49404,49434,49491,49470,49383,49474
6808,49394,49474,49544,49452,49404,49434,49491,49470,49383,49474
6809,49394,49474,49544,49452,49404,49434,49491,49470,49383,49474
6810,49394,49474,49544,49452,49404,49434,49491,49470,49383,49474
6811,49394,49474,49544,49452,49404,49434,49491,49470,49383,49474
6812,49394,49474,49544,49452,49404,49434,49491,49470,49383,49474
6813,49394,49474,49544,49452,49404,49434,49491,49470,49383,49474
6814,49394,49474,49544,49452,49404,49434,49491,49470,49383,49474
6815,49394,49474,49544,49452,49404,49434,49491,49470,49383,49474
6816,49394,49474,49544,49452,49404,49434,49491,49470,49383,49474
6817,49394,49474,49544,49452,49404,49434,49491,49470,49383,49474
6818,49394,49474,49544,49452,49404,49434,49491,49470,49383,49474
6819,49394,49474,49544,49452,49404,49434,49491,49470,49383,49474
6820,49394,49474,49544,49452,49404,49434,49491,49470,49383,49474
6821,49394,49474,49544,49452,49404,49434,49491,49470,49383,49474
6822,49394,49474,49544,49452,49404,49434,49491,49470,49383,49474
6823,49394,49474,49544,49452,49404,49434,49491,49470,49383,49474
6824,49394,49474,49544,49452,49404,49434,49491,49470,49383,49474
6825,49394,49474,49544,49452,49404,49434,49491,49470,49383,49474
6826,49394,49474,49544,49452,49404,49434,49491,49470,49383,49474
6827,49394,49474,49544,49452,49404,49434,49491,49470,49383,49474
6828,49394,49474,49544,49452,49404,49434,49491,49470,49383,49474
6829,49394,49474,49544,49452,49404,49434,49491,49470,49383,49474
6830,49394,49474,49544,49452,49404,49434,49491,49470,49383,49474
6831,49394,49474,49544,49452,49404,49434,49491,49470,49383,49474
6832,49394,49474,49544,49452,49404,49434,49491,49470,49383,49474
6833,49394,49474,49544,49452,49404,49434,49491,49470,49383,49474
6834,49394,49474,49544,49452,49404,49434,49491,49470,49383,49474
6835,49394,49474,49544,49452,49404,49434,49491,49470,49383,49474
6836,49394,49474,49544,49452,49404,49434,49491,49470,49383,49474
6837,49394,49474,49544,49452,49404,49434,49491,49470,49383,49474
6838,49394,49474,49544,49452,49404,49434,49491,49470,49383,49474
6839,49394,49474,49544,49452,49404,49434,49491,49470,49383,49474
6840,49394,49474,49544,49452,49404,49434,49491,49470,49383,49474
6841,49394,49474,49544,49452,49404,49434,49491,49470,49383,49474
6842,49394,49474,49544,49452,49404,49434,49491,49470,49383,49474
6843,49394,49474,49544,49452,49404,49434,49491,49470,49383,49474
6844,49394,49474,49544,49452,49404,49434,49491,49470,49383,49474
6845,49394,49474,49544,49452,49404,49434,49491,49470,49383,49474
6846,49394,49474,49544,49452,49404,49434,49491,49470,49383,49474
6847,49394,49474,49544,49452,49404,49434,49491,49470,49383,49474
6848,49394,49474,49544,49452,49404,49434,49491,49470,49383,49474
6849,49394,49474,49544,49452,49404,49434,49491,49470,49383,49474
6850,49394,49474,49544,49452,49404,49434,49491,49470,49383,49474
6851,49394,49474,49544,49452,49404,49434,49491,49470,49383,49474
6852,49394,49474,49544,49452,49404,49434,49491,49470,49383,49474
6853,49394,49474,49544,49452,49404,49434,49491,49470,49383,49474
6854,49394,49474,49544,49452,49404,49434,49491,49470,49383,49474
6855,49394,49474,49544,49452,49404,49434,49491,49470,49383,49474
6856,49394,49474,49544,49452,49404,49434,49491,49470,49383,49474
6857,49394,49474,49544,49452,49404,49434,49491,49470,49383,49474
6858,49394,49474,49544,49452,49404,49434,49491,49470,49383,49474
6859,49394,49474,49544,49452,49404,49434,49491,49470,49383,49474
6860,49394,49474,49544,49452,49404,49434,49491,49470,49383,49474
6861,49394,49474,49544,49452,49404,49434,49491,49470,49383,49474
6862,49394,49474,49544,49452,49404,49434,49491,49470,49383,49474
6863,49394,49474,49544,49452,49404,49434,49491,49470,49383,49474
6864,49394,49474,49544,49452,49404,49434,49491,49470,49383,49474
6865,49394,49474,49544,49452,49404,49434,49491,49470,49383,49474
6866,49394,49474,49544,49452,49404,49434,49491,49470,49383,49474
6867,49394,49474,49544,49452,49404,49434,49491,49470,49383,49474
6868,49394,49474,49544,49452,49404,49434,49491,49470,49383,49474
6869,49394,49474,49544,49452,49404,49434,49491,49470,49383,49474
6870,49394,49474,49544,49452,49404,49434,49491,49470,49383,49474
6871,49394,49474,49544,49452,49404,49434,49491,49470,49383,49474
6872,49394,49474,49544,49452,49404,49434,49491,49470,49383,49474
6873,49394,49474,49544,49452,49404,49434,49491,49470,49383,49474
6874,49394,49474,49544,49452,49404,49434,49491,49470,49383,49474
6875,49394,49474,49544,49452,49404,49434,49491,49470,49383,49474
6876,49394,49474,49544,49452,49404,49434,49491,49470,49383,49474
6877,49394,49474,49544,49452,49404,49434,49491,49470,49383,49474
6878,49394,49474,49544,49452,49404,49434,49491,49470,49383,49474
6879,49394,49474,49544,49452,49404,49434,49491,49470,49383,49474
6880,49394,49474,49544,49452,49404,49434,49491,49470,49383,49474
6881,49394,49474,49544,49452,49404,49434,49491,49470,49383,49474
6882,49394,49474,49544,49452,49404,49434,49491,49470,49383,49474
6883,49394,49474,49544,49452,49404,49434,49491,49470,49383,49474
6884,49394,49474,49544,49452,49404,49434,49491,49470,49383,49474
6885,49394,49474,49544,49452,49404,49434,49491,49470,49383,49474
6886,49394,49474,49544,49452,49404,49434,49491,49470,49383,49474
6887,49394,49474,49544,49452,49404,49434,49491,49470,49383,49474
6888,49394,49474,49544,49452,49404,49434,49491,49470,49383,49474
6889,49394,49474,49544,49452,49404,49434,49491,49470,49383,49474
6890,49394,49474,49544,49452,49404,49434,49491,49470,49383,49474
6891,49394,49474,49544,49452,49404,49434,49491,49470,49383,49474
6892,49394,49474,49544,49452,49404,49434,49491,49470,49383,49474
6893,49394,49474,49544,49452,49404,49434,49491,49470,49383,49474
6894,49394,49474,49544,49452,49404,49434,49491,49470,49383,49474
6895,49394,49474,49544,49452,49404,49434,49491,49470,49383,49474
6896,49394,49474,49544,49452,49404,49434,49491,49470,49383,49474
6897,49394,49474,49544,49452,49404,49434,49491,49470,49383,49474
6898,49394,49474,49544,49452,49404,49434,49491,49470,49383,49474
6899,49394,49474,49544,49452,49404,49434,49491,49470,49383,49474
6900,49394,49474,49544,49452,49404,49434,49491,49470,49383,49474
6901,49394,49474,49544,49452,49404,49434,49491,49470,49383,49474
6902,49394,49474,49544,49452,49404,49434,49491,49470,49383,49474
6903,49394,49474,49544,49452,49404,49434,49491,49470,49383,49474
6904,49394,49474,49544,49452,49404,49434,49491,49470,49383,49474
6905,49394,49474,49544,49452,49404,49434,49491,49470,49383,49474
6906,49394,49474,49544,49452,49404,49434,49491,49470,49383,49474
6907,49394,49474,49544,49452,49404,49434,49491,49470,49383,49474
6908,49394,49474,49544,49452,49404,49434,49491,49470,49383,49474
6909,49394,49474,49544,49452,49404,49434,49491,49470,49383,49474
6910,49394,49474,49544,49452,49404,49434,49491,49470,49383,49474
6911,49394,49474,49544,49452,49404,49434,49491,49470,49383,49474
6912,49394,49474,49544,49452,49404,49434,49491,49470,49383,49474
6913,49394,49474,49544,49452,49404,49434,49491,49470,49383,49474
6914,49394,49474,49544,49452,49404,49434,49491,49470,49383,49474
6915,49394,49474,49544,49452,49404,49434,49491,49470,49383,49474
6916,49394,49474,49544,49452,49404,49434,49491,49470,49383,49474
6917,49394,49474,49544,49452,49404,49434,49491,49470,49383,49474
6918,49394,49474,49544,49452,49404,49434,49491,49470,49383,49474
6919,49394,49474,49544,49452,49404,49434,49491,49470,49383,49474
6920,49394,49474,49544,49452,49404,49434,49491,49470,49383,49474
6921,49394,49474,49544,49452,49404,49434,49491,49470,49383,49474
6922,49394,49474,49544,49452,49404,49434,49491,49470,49383,49474
6923,49394,49474,49544,49452,49404,49434,49491,49470,49383,49474
6924,49394,49474,49544,49452,49404,49434,49491,49470,49383,49474
6925,49394,49474,49544,49452,49404,49434,49491,49470,49383,49474
6926,49394,49474,49544,49452,49404,49434,49491,49470,49383,49474
6927,49394,49474,49544,49452,49404,49434,49491,49470,49383,49474
6928,49394,49474,49544,49452,49404,49434,49491,49470,49383,49474
6929,49394,49474,49544,49452,49404,49434,49491,49470,49383,49474
6930,49394,49474,49544,49452,49404,49434,49491,49470,49383,49474
6931,49394,49474,49544,49452,49404,49434,49491,49470,49383,49474
6932,49394,49474,49544,49452,49404,49434,49491,49470,49383,49474
6933,49394,49474,49544,49452,49404,49434,49491,49470,49383,49474
6934,49394,49474,49544,49452,49404,49434,49491,49470,49383,49474
6935,49394,49474,49544,49452,49404,49434,49491,49470,49383,49474
6936,49394,49474,49544,49452,49404,49434,49491,49470,49383,49474
6937,49394,49474,49544,49452,49404,49434,49491,49470,49383,49474
6938,49394,49474,49544,49452,49404,49434,49491,49470,49383,49474
6939,49394,49474,49544,49452,49404,49434,49491,49470,49383,49474
6940,49394,49474,49544,49452,49404,49434,49491,49470,49383,49474
6941,49394,49474,49544,49452,49404,49434,49491,49470,49383,49474
6942,49394,49474,49544,49452,49404,49434,49491,49470,49383,49474
6943,49394,49474,49544,49452,49404,49434,49491,49470,49383,49474
6944,49394,49474,49544,49452,49404,49434,49491,49470,49383,49474
6945,49394,49474,49544,49452,49404,49434,49491,49470,49383,49474
6946,49394,49474,49544,49452,49404,49434,49491,49470,49383,49474
6947,49394,49474,49544,49452,49404,49434,49491,49470,49383,49474
6948,49394,49474,49544,49452,49404,49434,49491,49470,49383,49474
6949,49394,49474,49544,49452,49404,49434,49491,49470,49383,49474
6950,49394,49474,49544,49452,49404,49434,49491,49470,49383,49474
6951,49394,49474,49544,49452,49404,49434,49491,49470,49383,49474
6952,49394,49474,49544,49452,49404,49434,49491,49470,49383,49474
6953,49394,49474,49544,49452,49404,49434,49491,49470,49383,49474
6954,49394,49474,49544,49452,49404,49434,49491,49470,49383,49474
6955,49394,49474,49544,49452,49404,49434,49491,49470,49383,49474
6956,49394,49474,49544,49452,49404,49434,49491,49470,49383,49474
6957,49394,49474,49544,49452,49404,49434,49491,49470,49383,49474
6958,49394,49474,49544,49452,49404,49434,49491,49470,49383,49474
6959,49394,49474,49544,49452,49404,49434,49491,49470,49383,49474
6960,49394,49474,49544,49452,49404,49434,49491,49470,49383,49474
6961,49394,49474,49544,49452,49404,49434,49491,49470,49383,49474
6962,49394,49474,49544,49452,49404,49434,49491,49470,49383,49474
6963,49394,49474,49544,49452,49404,49434,49491,49470,49383,49474
6964,49394,49474,49544,49452,49404,49434,49491,49470,49383,49474
6965,49394,49474,49544,49452,49404,49434,49491,49470,49383,49474
6966,49394,49474,49544,49452,49404,49434,49491,49470,49383,49474
6967,49394,49474,49544,49452,49404,49434,49491,49470,49383,49474
6968,49394,49474,49544,49452,49404,49434,49491,49470,49383,49474
6969,49394,49474,49544,49452,49404,49434,49491,49470,49383,49474
6970,49394,49474,49544,49452,49404,49434,49491,49470,49383,49474
6971,49394,49474,49544,49452,49404,49434,49491,49470,49383,49474
6972,49394,49474,49544,49452,49404,49434,49491,49470,49383,49474
6973,49394,49474,49544,49452,49404,49434,49491,49470,49383,49474
6974,49394,49474,49544,49452,49404,49434,49491,49470,49383,49474
6975,49394,49474,49544,49452,49404,49434,49491,49470,49383,49474
6976,49394,49474,49544,49452,49404,49434,49491,49470,49383,49474
6977,49394,49474,49544,49452,49404,49434,49491,49470,49383,49474
6978,49394,49474,49544,49452,49404,49434,49491,49470,49383,49474
6979,49394,49474,49544,49452,49404,49434,49491,49470,49383,49474
6980,49394,49474,49544,49452,49404,49434,49491,49470,49383,49474
6981,49394,49474,49544,49452,49404,49434,49491,49470,49383,49474
6982,49394,49474,49544,49452,49404,49434,49491,49470,49383,49474
6983,49394,49474,49544,49452,49404,49434,49491,49470,49383,49474
6984,49394,49474,49544,49452,49404,49434,49491,49470,49383,49474
6985,49394,49474,49544,49452,49404,49434,49491,49470,49383,49474
6986,49394,49474,49544,49452,49404,49434,49491,49470,49383,49474
6987,49394,49474,49544,49452,49404,49434,49491,49470,49383,49474
6988,49394,49474,49544,49452,49404,49434,49491,49470,49383,49474
6989,49394,49474,49544,49452,49404,49434,49491,49470,49383,49474
6990,49394,49474,49544,49452,49404,49434,49491,49470,49383,49474
6991,49394,49474,49544,49452,49404,49434,49491,49470,49383,49474
6992,49394,49474,49544,49452,49404,49434,49491,49470,49383,49474
6993,49394,49474,49544,49452,49404,49434,49491,49470,49383,49474
6994,49394,49474,49544,49452,49404,49434,49491,49470,49383,49474
6995,49394,49474,49544,49452,49404,49434,49491,49470,49383,49474
6996,49394,49474,49544,49452,49404,49434,49491,49470,49383,49474
6997,49394,49474,49544,49452,49404,49434,49491,49470,49383,49474
6998,49394,49474,49544,49452,49404,49434,49491,49470,49383,49474
6999,49394,49474,49544,49452,49404,49434,49491,49470,49383,49474
7000,49394,49474,49544,49452,49404,49434,49491,49470,49383,49474
7001,49394,49474,49544,49452,49404,49434,49491,49470,49383,49474
7002,49394,49474,49544,49452,49404,49434,49491,49470,49383,49474
7003,49394,49474,49544,49452,49404,49434,49491,49470,49383,49474
7004,49394,49474,49544,49452,49404,49434,49491,49470,49383,49474
7005,49394,49474,49544,49452,49404,49434,49491,49470,49383,49474
7006,49394,49474,49544,49452,49404,49434,49491,49470,49383,49474
7007,49394,49474,49544,49452,49404,49434,49491,49470,49383,49474
7008,49394,49474,49544,49452,49404,49434,49491,49470,49383,49474
7009,49394,49474,49544,49452,49404,49434,49491,49470,49383,49474
7010,49394,49474,49544,49452,49404,49434,49491,49470,49383,49474
7011,49394,49474,49544,49452,49404,49434,49491,49470,49383,49474
7012,49394,49474,49544,49452,49404,49434,49491,49470,49383,49474
7013,49394,49474,49544,49452,49404,49434,49491,49470,49383,49474
7014,49394,49474,49544,49452,49404,49434,49491,49470,49383,49474
7015,49394,49474,49544,49452,49404,49434,49491,49470,49383,49474
7016,49394,49474,49544,49452,49404,49434,49491,49470,49383,49474
7017,49394,49474,49544,49452,49404,49434,49491,49470,49383,49474
7018,49394,49474,49544,49452,49404,49434,49491,49470,49383,49474
7019,49394,49474,49544,49452,49404,49434,49491,49470,49383,49474
7020,49394,49474,49544,49452,49404,49434,49491,49470,49383,49474
7021,49394,49474,49544,49452,49404,49434,49491,49470,49383,49474
7022,49394,49474,49544,49452,49404,49434,49491,49470,49383,49474
7023,49394,49474,49544,49452,49404,49434,49491,49470,49383,49474
7024,49394,49474,49544,49452,49404,49434,49491,49470,49383,49474
7025,49394,49474,49544,49452,49404,49434,49491,49470,49383,49474
7026,49394,49474,49544,49452,49404,49434,49491,49470,49383,49474
7027,49394,49474,49544,49452,49404,49434,49491,49470,49383,49474
7028,49394,49474,49544,49452,49404,49434,49491,49470,49383,49474
7029,49394,49474,49544,49452,49404,49434,49491,49470,49383,49474
7030,49394,49474,49544,49452,49404,49434,49491,49470,49383,49474
7031,49394,49474,49544,49452,49404,49434,49491,49470,49383,49474
7032,49394,49474,49544,49452,49404,49434,49491,49470,49383,49474
7033,49394,49474,49544,49452,49404,49434,49491,49470,49383,49474
7034,49394,49474,49544,49452,49404,49434,49491,49470,49383,49474
7035,49394,49474,49544,49452,49404,49434,49491,49470,49383,49474
7036,49394,49474,49544,49452,49404,49434,49491,49470,49383,49474
7037,49394,49474,49544,49452,49404,49434,49491,49470,49383,49474
7038,49394,49474,49544,49452,49404,49434,49491,49470,49383,49474
7039,49394,49474,49544,49452,49404,49434,49491,49470,49383,49474
7040,49394,49474,49544,49452,49404,49434,49491,49470,49383,49474
7041,49394,49474,49544,49452,49404,49434,49491,49470,49383,49474
7042,49394,49474,49544,49452,49404,49434,49491,49470,49383,49474
7043,49394,49474,49544,49452,49404,49434,49491,49470,49383,49474
7044,49394,49474,49544,49452,49404,49434,49491,49470,49383,49474
7045,49394,49474,49544,49452,49404,49434,49491,49470,49383,49474
7046,49394,49474,49544,49452,49404,49434,49491,49470,49383,49474
7047,49394,49474,49544,49452,49404,49434,49491,49470,49383,49474
7048,49394,49474,49544,49452,49404,49434,49491,49470,49383,49474
7049,49394,49474,49544,49452,49404,49434,49491,49470,49383,49474
7050,49394,49474,49544,49452,49404,49434,49491,49470,49383,49474
7051,49394,49474,49544,49452,49404,49434,49491,49470,49383,49474
7052,49394,49474,49544,49452,49404,49434,49491,49470,49383,49474
7053,49394,49474,49544,49452,49404,49434,49491,49470,49383,49474
7054,49394,49474,49544,49452,49404,49434,49491,49470,49383,49474
7055,49394,49474,49544,49452,49404,49434,49491,49470,49383,49474
7056,49394,49474,49544,49452,49404,49434,49491,49470,49383,49474
7057,49394,49474,49544,49452,49404,49434,49491,49470,49383,49474
7058,49394,49474,49544,49452,49404,49434,49491,49470,49383,49474
7059,49394,49474,49544,49452,49404,49434,49491,49470,49383,49474
7060,49394,49474,49544,49452,49404,49434,49491,49470,49383,49474
7061,49394,49474,49544,49452,49404,49434,49491,49470,49383,49474
7062,49394,49474,49544,49452,49404,49434,49491,49470,49383,49474
7063,49394,49474,49544,49452,49404,49434,49491,49470,49383,49474
7064,49394,49474,49544,49452,49404,49434,49491,49470,49383,49474
7065,49394,49474,49544,49452,49404,49434,49491,49470,49383,49474
7066,49394,49474,49544,49452,49404,49434,49491,49470,49383,49474
7067,49394,49474,49544,49452,49404,49434,49491,49470,49383,49474
7068,49394,49474,49544,49452,49404,49434,49491,49470,49383,49474
7069,49394,49474,49544,49452,49404,49434,49491,49470,49383,49474
7070,49394,49474,49544,49452,49404,49434,49491,49470,49383,49474
7071,49394,49474,49544,49452,49404,49434,49491,49470,49383,49474
7072,49394,49474,49544,49452,49404,49434,49491,49470,49383,49474
7073,49394,49474,49544,49452,49404,49434,49491,49470,49383,49474
7074,49394,49474,49544,49452,49404,49434,49491,49470,49383,49474
7075,49394,49474,49544,49452,49404,49434,49491,49470,49383,49474
7076,49394,49474,49544,49452,49404,49434,49491,49470,49383,49474
7077,49394,49474,49544,49452,49404,49434,49491,49470,49383,49474
7078,49394,49474,49544,49452,49404,49434,49491,49470,49383,49474
7079,49394,49474,49544,49452,49404,49434,49491,49470,49383,49474
7080,49394,49474,49544,49452,49404,49434,49491,49470,49383,49474
7081,49394,49474,49544,49452,49404,49434,49491,49470,49383,49474
7082,49394,49474,49544,49452,49404,49434,49491,49470,49383,49474
7083,49394,49474,49544,49452,49404,49434,49491,49470,49383,49474
7084,49394,49474,49544,49452,49404,49434,49491,49470,49383,49474
7085,49394,49474,49544,49452,49404,49434,49491,49470,49383,49474
7086,49394,49474,49544,49452,49404,49434,49491,49470,49383,49474
7087,49394,49474,49544,49452,49404,49434,49491,49470,49383,49474
7088,49394,49474,49544,49452,49404,49434,49491,49470,49383,49474
7089,49394,49474,49544,49452,49404,49434,49491,49470,49383,49474
7090,49394,49474,49544,49452,49404,49434,49491,49470,49383,49474
7091,49394,49474,49544,49452,49404,49434,49491,49470,49383,49474
7092,49394,49474,49544,49452,49404,49434,49491,49470,49383,49474
7093,49394,49474,49544,49452,49404,49434,49491,49470,49383,49474
7094,49394,49474,49544,49452,49404,49434,49491,49470,49383,49474
7095,49394,49474,49544,49452,49404,49434,49491,49470,49383,49474
7096,49394,49474,49544,49452,49404,49434,49491,49470,49383,49474
7097,49394,49474,49544,49452,49404,49434,49491,49470,49383,49474
7098,49394,49474,49544,49452,49404,49434,49491,49470,49383,49474
7099,49394,49474,49544,49452,49404,49434,49491,49470,49383,49474
7100,49394,49474,49544,49452,49404,49434,49491,49470,49383,49474
7101,49394,49474,49544,49452,49404,49434,49491,49470,49383,49474
7102,49394,49474,49544,49452,49404,49434,49491,49470,49383,49474
7103,49394,49474,49544,49452,49404,49434,49491,49470,49383,49474
7104,49394,49474,49544,49452,49404,49434,49491,49470,49383,49474
7105,49394,49474,49544,49452,49404,49434,49491,49470,49383,49474
7106,49394,49474,49544,49452,49404,49434,49491,49470,49383,49474
7107,49394,49474,49544,49452,49404,49434,49491,49470,49383,49474
7108,49394,49474,49544,49452,49404,49434,49491,49470,49383,49474
7109,49394,49474,49544,49452,49404,49434,49491,49470,49383,49474
7110,49394,49474,49544,49452,49404,49434,49491,49470,49383,49474
7111,49394,49474,49544,49452,49404,49434,49491,49470,49383,49474
7112,49394,49474,49544,49452,49404,49434,49491,49470,49383,49474
7113,49394,49474,49544,49452,49404,49434,49491,49470,49383,49474
7114,49394,49474,49544,49452,49404,49434,49491,49470,49383,49474
7115,49394,49474,49544,49452,49404,49434,49491,49470,49383,49474
7116,49394,49474,49544,49452,49404,49434,49491,49470,49383,49474
7117,49394,49474,49544,49452,49404,49434,49491,49470,49383,49474
7118,49394,49474,49544,49452,49404,49434,49491,49470,49383,49474
7119,49394,49474,49544,49452,49404,49434,49491,49470,49383,49474
7120,49394,49474,49544,49452,49404,49434,49491,49470,49383,49474
7121,49394,49474,49544,49452,49404,49434,49491,49470,49383,49474
7122,49394,49474,49544,49452,49404,49434,49491,49470,49383,49474
7123,49394,49474,49544,49452,49404,49434,49491,49470,49383,49474
7124,49394,49474,49544,49452,49404,49434,49491,49470,49383,49474
7125,49394,49474,49544,49452,49404,49434,49491,49470,49383,49474
7126,49394,49474,49544,49452,49404,49434,49491,49470,49383,49474
7127,49394,49474,49544,49452,49404,49434,49491,49470,49383,49474
7128,49394,49474,49544,49452,49404,49434,49491,49470,49383,49474
7129,49394,49474,49544,49452,49404,49434,49491,49470,49383,49474
7130,49394,49474,49544,49452,49404,49434,49491,49470,49383,49474
7131,49394,49474,49544,49452,49404,49434,49491,49470,49383,49474
7132,49394,49474,49544,49452,49404,49434,49491,49470,49383,49474
7133,49394,49474,49544,49452,49404,49434,49491,49470,49383,49474
7134,49394,49474,49544,49452,49404,49434,49491,49470,49383,49474
7135,49394,49474,49544,49452,49404,49434,49491,49470,49383,49474
7136,49394,49474,49544,49452,49404,49434,49491,49470,49383,49474
7137,49394,49474,49544,49452,49404,49434,49491,49470,49383,49474
7138,49394,49474,49544,49452,49404,49434,49491,49470,49383,49474
7139,49394,49474,49544,49452,49404,49434,49491,49470,49383,49474
7140,49394,49474,49544,49452,49404,49434,49491,49470,49383,49474
7141,49394,49474,49544,49452,49404,49434,49491,49470,49383,49474
7142,49394,49474,49544,49452,49404,49434,49491,49470,49383,49474
7143,49394,49474,49544,49452,49404,49434,49491,49470,49383,49474
7144,49394,49474,49544,49452,49404,49434,49491,49470,49383,49474
7145,49394,49474,49544,49452,49404,49434,49491,49470,49383,49474
7146,49394,49474,49544,49452,49404,49434,49491,49470,49383,49474
7147,49394,49474,49544,49452,49404,49434,49491,49470,49383,49474
7148,49394,49474,49544,49452,49404,49434,49491,49470,49383,49474
7149,49394,49474,49544,49452,49404,49434,49491,49470,49383,49474
7150,49394,49474,49544,49452,49404,49434,49491,49470,49383,49474
7151,49394,49474,49544,49452,49404,49434,49491,49470,49383,49474
7152,49394,49474,49544,49452,49404,49434,49491,49470,49383,49474
7153,49394,49474,49544,49452,49404,49434,49491,49470,49383,49474
7154,49394,49474,49544,49452,49404,49434,49491,49470,49383,49474
7155,49394,49474,49544,49452,49404,49434,49491,49470,49383,49474
7156,49394,49474,49544,49452,49404,49434,49491,49470,49383,49474
7157,49394,49474,49544,49452,49404,49434,49491,49470,49383,49474
7158,49394,49474,49544,49452,49404,49434,49491,49470,49383,49474
7159,49394,49474,49544,49452,49404,49434,49491,49470,49383,49474
7160,49394,49474,49544,49452,49404,49434,49491,49470,49383,49474
7161,49394,49474,49544,49452,49404,49434,49491,49470,49383,49474
7162,49394,49474,49544,49452,49404,49434,49491,49470,49383,49474
7163,49394,49474,49544,49452,49404,49434,49491,49470,49383,49474
7164,49394,49474,49544,49452,49404,49434,49491,49470,49383,49474
7165,49394,49474,49544,49452,49404,49434,49491,49470,49383,49474
7166,49394,49474,49544,49452,49404,49434,49491,49470,49383,49474
7167,49394,49474,49544,49452,49404,49434,49491,49470,49383,49474
7168,49394,49474,49544,49452,49404,49434,49491,49470,49383,49474
7169,49394,49474,49544,49452,49404,49434,49491,49470,49383,49474
7170,49394,49474,49544,49452,49404,49434,49491,49470,49383,49474
7171,49394,49474,49544,49452,49404,49434,49491,49470,49383,49474
7172,49394,49474,49544,49452,49404,49434,49491,49470,49383,49474
7173,49394,49474,49544,49452,49404,49434,49491,49470,49383,49474
7174,49394,49474,49544,49452,49404,49434,49491,49470,49383,49474
7175,49394,49474,49544,49452,49404,49434,49491,49470,49383,49474
7176,49394,49474,49544,49452,49404,49434,49491,49470,49383,49474
7177,49394,49474,49544,49452,49404,49434,49491,49470,49383,49474
7178,49394,49474,49544,49452,49404,49434,49491,49470,49383,49474
7179,49394,49474,49544,49452,49404,49434,49491,49470,49383,49474
7180,49394,49474,49544,49452,49404,49434,49491,49470,49383,49474
7181,49394,49474,49544,49452,49404,49434,49491,49470,49383,49474
7182,49394,49474,49544,49452,49404,49434,49491,49470,49383,49474
7183,49394,49474,49544,49452,49404,49434,49491,49470,49383,49474
7184,49394,49474,49544,49452,49404,49434,49491,49470,49383,49474
7185,49394,49474,49544,49452,49404,49434,49491,49470,49383,49474
7186,49394,49474,49544,49452,49404,49434,49491,49470,49383,49474
7187,49394,49474,49544,49452,49404,49434,49491,49470,49383,49474
7188,49394,49474,49544,49452,49404,49434,49491,49470,49383,49474
7189,49394,49474,49544,49452,49404,49434,49491,49470,49383,49474
7190,49394,49474,49544,49452,49404,49434,49491,49470,49383,49474
7191,49394,49474,49544,49452,49404,49434,49491,49470,49383,49474
7192,49394,49474,49544,49452,49404,49434,49491,49470,49383,49474
7193,49394,49474,49544,49452,49404,49434,49491,49470,49383,49474
7194,49394,49474,49544,49452,49404,49434,49491,49470,49383,49474
7195,49394,49474,49544,49452,49404,49434,49491,49470,49383,49474
7196,49394,49474,49544,49452,49404,49434,49491,49470,49383,49474
7197,49394,49474,49544,49452,49404,49434,49491,49470,49383,49474
7198,49394,49474,49544,49452,49404,49434,49491,49470,49383,49474
7199,49394,49474,49544,49452,49404,49434,49491,49470,49383,49474
7200,49394,49474,49544,49452,49404,49434,49491,49470,49383,49474
7201,49394,49474,49544,49452,49404,49434,49491,49470,49383,49474
7202,49394,49474,49544,49452,49404,49434,49491,49470,49383,49474
7203,49394,49474,49544,49452,49404,49434,49491,49470,49383,49474
7204,49394,49474,49544,49452,49404,49434,49491,49470,49383,49474
7205,49394,49474,49544,49452,49404,49434,49491,49470,49383,49474
7206,49394,49474,49544,49452,49404,49434,49491,49470,49383,49474
7207,49394,49474,49544,49452,49404,49434,49491,49470,49383,49474
7208,49394,49474,49544,49452,49404,49434,49491,49470,49383,49474
7209,49394,49474,49544,49452,49404,49434,49491,49470,49383,49474
7210,49394,49474,49544,49452,49404,49434,49491,49470,49383,49474
7211,49394,49474,49544,49452,49404,49434,49491,49470,49383,49474
7212,49394,49474,49544,49452,49404,49434,49491,49470,49383,49474
7213,49394,49474,49544,49452,49404,49434,49491,49470,49383,49474
7214,49394,49474,49544,49452,49404,49434,49491,49470,49383,49474
7215,49394,49474,49544,49452,49404,49434,49491,49470,49383,49474
7216,49394,49474,49544,49452,49404,49434,49491,49470,49383,49474
7217,49394,49474,49544,49452,49404,49434,49491,49470,49383,49474
7218,49394,49474,49544,49452,49404,49434,49491,49470,49383,49474
7219,49394,49474,49544,49452,49404,49434,49491,49470,49383,49474
7220,49394,49474,49544,49452,49404,49434,49491,49470,49383,49474
7221,49394,49474,49544,49452,49404,49434,49491,49470,49383,49474
7222,49394,49474,49544,49452,49404,49434,49491,49470,49383,49474
7223,49394,49474,49544,49452,49404,49434,49491,49470,49383,49474
7224,49394,49474,49544,49452,49404,49434,49491,49470,49383,49474
7225,49394,49474,49544,49452,49404,49434,49491,49470,49383,49474
7226,49394,49474,49544,49452,49404,49434,49491,49470,49383,49474
7227,49394,49474,49544,49452,49404,49434,49491,49470,49383,49474
7228,49394,49474,49544,49452,49404,49434,49491,49470,49383,49474
7229,49394,49474,49544,49452,49404,49434,49491,49470,49383,49474
7230,49394,49474,49544,49452,49404,49434,49491,49470,49383,49474
7231,49394,49474,49544,49452,49404,49434,49491,49470,49383,49474
7232,49394,49474,49544,49452,49404,49434,49491,49470,49383,49474
7233,49394,49474,49544,49452,49404,49434,49491,49470,49383,49474
7234,49394,49474,49544,49452,49404,49434,49491,49470,49383,49474
7235,49394,49474,49544,49452,49404,49434,49491,49470,49383,49474
7236,49394,49474,49544,49452,49404,49434,49491,49470,49383,49474
7237,49394,49474,49544,49452,49404,49434,49491,49470,49383,49474
7238,49394,49474,49544,49452,49404,49434,49491,49470,49383,49474
7239,49394,49474,49544,49452,49404,49434,49491,49470,49383,49474
7240,49394,49474,49544,49452,49404,49434,49491,49470,49383,49474
7241,49394,49474,49544,49452,49404,49434,49491,49470,49383,49474
7242,49394,49474,49544,49452,49404,49434,49491,49470,49383,49474
7243,49394,49474,49544,49452,49404,49434,49491,49470,49383,49474
7244,49394,49474,49544,49452,49404,49434,49491,49470,49383,49474
7245,49394,49474,49544,49452,49404,49434,49491,49470,49383,49474
7246,49394,49474,49544,49452,49404,49434,49491,49470,49383,49474
7247,49394,49474,49544,49452,49404,49434,49491,49470,49383,49474
7248,49394,49474,49544,49452,49404,49434,49491,49470,49383,49474
7249,49394,49474,49544,49452,49404,49434,49491,49470,49383,49474
7250,49394,49474,49544,49452,49404,49434,49491,49470,49383,49474
7251,49394,49474,49544,49452,49404,49434,49491,49470,49383,49474
7252,49394,49474,49544,49452,49404,49434,49491,49470,49383,49474
7253,49394,49474,49544,49452,49404,49434,49491,49470,49383,49474
7254,49394,49474,49544,49452,49404,49434,49491,49470,49383,49474
7255,49394,49474,49544,49452,49404,49434,49491,49470,49383,49474
7256,49394,49474,49544,49452,49404,49434,49491,49470,49383,49474
7257,49394,49474,49544,49452,49404,49434,49491,49470,49383,49474
7258,49394,49474,49544,49452,49404,49434,49491,49470,49383,49474
7259,49394,49474,49544,49452,49404,49434,49491,49470,49383,49474
7260,49394,49474,49544,49452,49404,49434,49491,49470,49383,49474
7261,49394,49474,49544,49452,49404,49434,49491,49470,49383,49474
7262,49394,49474,49544,49452,49404,49434,49491,49470,49383,49474
7263,49394,49474,49544,49452,49404,49434,49491,49470,49383,49474
7264,49394,49474,49544,49452,49404,49434,49491,49470,49383,49474
7265,49394,49474,49544,49452,49404,49434,49491,49470,49383,49474
7266,49394,49474,49544,49452,49404,49434,49491,49470,49383,49474
7267,49394,49474,49544,49452,49404,49434,49491,49470,49383,49474
7268,49394,49474,49544,49452,49404,49434,49491,49470,49383,49474
7269,49394,49474,49544,49452,49404,49434,49491,49470,49383,49474
7270,49394,49474,49544,49452,49404,49434,49491,49470,49383,49474
7271,49394,49474,49544,49452,49404,49434,49491,49470,49383,49474
7272,49394,49474,49544,49452,49404,49434,49491,49470,49383,49474
7273,49394,49474,49544,49452,49404,49434,49491,49470,49383,49474
7274,49394,49474,49544,49452,49404,49434,49491,49470,49383,49474
7275,49394,49474,49544,49452,49404,49434,49491,49470,49383,49474
7276,49394,49474,49544,49452,49404,49434,49491,49470,49383,49474
7277,49394,49474,49544,49452,49404,49434,49491,49470,49383,49474
7278,49394,49474,49544,49452,49404,49434,49491,49470,49383,49474
7279,49394,49474,49544,49452,49404,49434,49491,49470,49383,49474
7280,49394,49474,49544,49452,49404,49434,49491,49470,49383,49474
7281,49394,49474,49544,49452,49404,49434,49491,49470,49383,49474
7282,49394,49474,49544,49452,49404,49434,49491,49470,49383,49474
7283,49394,49474,49544,49452,49404,49434,49491,49470,49383,49474
7284,49394,49474,49544,49452,49404,49434,49491,49470,49383,49474
7285,49394,49474,49544,49452,49404,49434,49491,49470,49383,49474
7286,49394,49474,49544,49452,49404,49434,49491,49470,49383,49474
7287,49394,49474,49544,49452,49404,49434,49491,49470,49383,49474
7288,49394,49474,49544,49452,49404,49434,49491,49470,49383,49474
7289,49394,49474,49544,49452,49404,49434,49491,49470,49383,49474
7290,49394,49474,49544,49452,49404,49434,49491,49470,49383,49474
7291,49394,49474,49544,49452,49404,49434,49491,49470,49383,49474
7292,49394,49474,49544,49452,49404,49434,49491,49470,49383,49474
7293,49394,49474,49544,49452,49404,49434,49491,49470,49383,49474
7294,49394,49474,49544,49452,49404,49434,49491,49470,49383,49474
7295,49394,49474,49544,49452,49404,49434,49491,49470,49383,49474
7296,49394,49474,49544,49452,49404,49434,49491,49470,49383,49474
7297,49394,49474,49544,49452,49404,49434,49491,49470,49383,49474
7298,49394,49474,49544,49452,49404,49434,49491,49470,49383,49474
7299,49394,49474,49544,49452,49404,49434,49491,49470,49383,49474
7300,49394,49474,49544,49452,49404,49434,49491,49470,49383,49474
7301,49394,49474,49544,49452,49404,49434,49491,49470,49383,49474
7302,49394,49474,49544,49452,49404,49434,49491,49470,49383,49474
7303,49394,49474,49544,49452,49404,49434,49491,49470,49383,49474
7304,49394,49474,49544,49452,49404,49434,49491,49470,49383,49474
7305,49394,49474,49544,49452,49404,49434,49491,49470,49383,49474
7306,49394,49474,49544,49452,49404,49434,49491,49470,49383,49474
7307,49394,49474,49544,49452,49404,49434,49491,49470,49383,49474
7308,49394,49474,49544,49452,49404,49434,49491,49470,49383,49474
7309,49394,49474,49544,49452,49404,49434,49491,49470,49383,49474
7310,49394,49474,49544,49452,49404,49434,49491,49470,49383,49474
7311,49394,49474,49544,49452,49404,49434,49491,49470,49383,49474
7312,49394,49474,49544,49452,49404,49434,49491,49470,49383,49474
7313,49394,49474,49544,49452,49404,49434,49491,49470,49383,49474
7314,49394,49474,49544,49452,49404,49434,49491,49470,49383,49474
7315,49394,49474,49544,49452,49404,49434,49491,49470,49383,49474
7316,49394,49474,49544,49452,49404,49434,49491,49470,49383,49474
7317,49394,49474,49544,49452,49404,49434,49491,49470,49383,49474
7318,49394,49474,49544,49452,49404,49434,49491,49470,49383,49474
7319,49394,49474,49544,49452,49404,49434,49491,49470,49383,49474
7320,49394,49474,49544,49452,49404,49434,49491,49470,49383,49474
7321,49394,49474,49544,49452,49404,49434,49491,49470,49383,49474
7322,49394,49474,49544,49452,49404,49434,49491,49470,49383,49474
7323,49394,49474,49544,49452,49404,49434,49491,49470,49383,49474
7324,49394,49474,49544,49452,49404,49434,49491,49470,49383,49474
7325,49394,49474,49544,49452,49404,49434,49491,49470,49383,49474
7326,49394,49474,49544,49452,49404,49434,49491,49470,49383,49474
7327,49394,49474,49544,49452,49404,49434,49491,49470,49383,49474
7328,49394,49474,49544,49452,49404,49434,49491,49470,49383,49474
7329,49394,49474,49544,49452,49404,49434,49491,49470,49383,49474
7330,49394,49474,49544,49452,49404,49434,49491,49470,49383,49474
7331,49394,49474,49544,49452,49404,49434,49491,49470,49383,49474
7332,49394,49474,49544,49452,49404,49434,49491,49470,49383,49474
7333,49394,49474,49544,49452,49404,49434,49491,49470,49383,49474
7334,49394,49474,49544,49452,49404,49434,49491,49470,49383,49474
7335,49394,49474,49544,49452,49404,49434,49491,49470,49383,49474
7336,49394,49474,49544,49452,49404,49434,49491,49470,49383,49474
7337,49394,49474,49544,49452,49404,49434,49491,49470,49383,49474
7338,49394,49474,49544,49452,49404,49434,49491,49470,49383,49474
7339,49394,49474,49544,49452,49404,49434,49491,49470,49383,49474
7340,49394,49474,49544,49452,49404,49434,49491,49470,49383,49474
7341,49394,49474,49544,49452,49404,49434,49491,49470,49383,49474
7342,49394,49474,49544,49452,49404,49434,49491,49470,49383,49474
7343,49394,49474,49544,49452,49404,49434,49491,49470,49383,49474
7344,49394,49474,49544,49452,49404,49434,49491,49470,49383,49474
7345,49394,49474,49544,49452,49404,49434,49491,49470,49383,49474
7346,49394,49474,49544,49452,49404,49434,49491,49470,49383,49474
7347,49394,49474,49544,49452,49404,49434,49491,49470,49383,49474
7348,49394,49474,49544,49452,49404,49434,49491,49470,49383,49474
7349,49394,49474,49544,49452,49404,49434,49491,49470,49383,49474
7350,49394,49474,49544,49452,49404,49434,49491,49470,49383,49474
7351,49394,49474,49544,49452,49404,49434,49491,49470,49383,49474
7352,49394,49474,49544,49452,49404,49434,49491,49470,49383,49474
7353,49394,49474,49544,49452,49404,49434,49491,49470,49383,49474
7354,49394,49474,49544,49452,49404,49434,49491,49470,49383,49474
7355,49394,49474,49544,49452,49404,49434,49491,49470,49383,49474
7356,49394,49474,49544,49452,49404,49434,49491,49470,49383,49474
7357,49394,49474,49544,49452,49404,49434,49491,49470,49383,49474
7358,49394,49474,49544,49452,49404,49434,49491,49470,49383,49474
7359,49394,49474,49544,49452,49404,49434,49491,49470,49383,49474
7360,49394,49474,49544,49452,49404,49434,49491,49470,49383,49474
7361,49394,49474,49544,49452,49404,49434,49491,49470,49383,49474
7362,49394,49474,49544,49452,49404,49434,49491,49470,49383,49474
7363,49394,49474,49544,49452,49404,49434,49491,49470,49383,49474
7364,49394,49474,49544,49452,49404,49434,49491,49470,49383,49474
7365,49394,49474,49544,49452,49404,49434,49491,49470,49383,49474
7366,49394,49474,49544,49452,49404,49434,49491,49470,49383,49474
7367,49394,49474,49544,49452,49404,49434,49491,49470,49383,49474
7368,49394,49474,49544,49452,49404,49434,49491,49470,49383,49474
7369,49394,49474,49544,49452,49404,49434,49491,49470,49383,49474
7370,49394,49474,49544,49452,49404,49434,49491,49470,49383,49474
7371,49394,49474,49544,49452,49404,49434,49491,49470,49383,49474
7372,49394,49474,49544,49452,49404,49434,49491,49470,49383,49474
7373,49394,49474,49544,49452,49404,49434,49491,49470,49383,49474
7374,49394,49474,49544,49452,49404,49434,49491,49470,49383,49474
7375,49394,49474,49544,49452,49404,49434,49491,49470,49383,49474
7376,49394,49474,49544,49452,49404,49434,49491,49470,49383,49474
7377,49394,49474,49544,49452,49404,49434,49491,49470,49383,49474
7378,49394,49474,49544,49452,49404,49434,49491,49470,49383,49474
7379,49394,49474,49544,49452,49404,49434,49491,49470,49383,49474
7380,49394,49474,49544,49452,49404,49434,49491,49470,49383,49474
7381,49394,49474,49544,49452,49404,49434,49491,49470,49383,49474
7382,49394,49474,49544,49452,49404,49434,49491,49470,49383,49474
7383,49394,49474,49544,49452,49404,49434,49491,49470,49383,49474
7384,49394,49474,49544,49452,49404,49434,49491,49470,49383,49474
7385,49394,49474,49544,49452,49404,49434,49491,49470,49383,49474
7386,49394,49474,49544,49452,49404,49434,49491,49470,49383,49474
7387,49394,49474,49544,49452,49404,49434,49491,49470,49383,49474
7388,49394,49474,49544,49452,49404,49434,49491,49470,49383,49474
7389,49394,49474,49544,49452,49404,49434,49491,49470,49383,49474
7390,49394,49474,49544,49452,49404,49434,49491,49470,49383,49474
7391,49394,49474,49544,49452,49404,49434,49491,49470,49383,49474
7392,49394,49474,49544,49452,49404,49434,49491,49470,49383,49474
7393,49394,49474,49544,49452,49404,49434,49491,49470,49383,49474
7394,49394,49474,49544,49452,49404,49434,49491,49470,49383,49474
7395,49394,49474,49544,49452,49404,49434,49491,49470,49383,49474
7396,49394,49474,49544,49452,49404,49434,49491,49470,49383,49474
7397,49394,49474,49544,49452,49404,49434,49491,49470,49383,49474
7398,49394,49474,49544,49452,49404,49434,49491,49470,49383,49474
7399,49394,49474,49544,49452,49404,49434,49491,49470,49383,49474
7400,49394,49474,49544,49452,49404,49434,49491,49470,49383,49474
7401,49394,49474,49544,49452,49404,49434,49491,49470,49383,49474
7402,49394,49474,49544,49452,49404,49434,49491,49470,49383,49474
7403,49394,49474,49544,49452,49404,49434,49491,49470,49383,49474
7404,49394,49474,49544,49452,49404,49434,49491,49470,49383,49474
7405,49394,49474,49544,49452,49404,49434,49491,49470,49383,49474
7406,49394,49474,49544,49452,49404,49434,49491,49470,49383,49474
7407,49394,49474,49544,49452,49404,49434,49491,49470,49383,49474
7408,49394,49474,49544,49452,49404,49434,49491,49470,49383,49474
7409,49394,49474,49544,49452,49404,49434,49491,49470,49383,49474
7410,49394,49474,49544,49452,49404,49434,49491,49470,49383,49474
7411,49394,49474,49544,49452,49404,49434,49491,49470,49383,49474
7412,49394,49474,49544,49452,49404,49434,49491,49470,49383,49474
7413,49394,49474,49544,49452,49404,49434,49491,49470,49383,49474
7414,49394,49474,49544,49452,49404,49434,49491,49470,49383,49474
7415,49394,49474,49544,49452,49404,49434,49491,49470,49383,49474
7416,49394,49474,49544,49452,49404,49434,49491,49470,49383,49474
7417,49394,49474,49544,49452,49404,49434,49491,49470,49383,49474
7418,49394,49474,49544,49452,49404,49434,49491,49470,49383,49474
7419,49394,49474,49544,49452,49404,49434,49491,49470,49383,49474
7420,49394,49474,49544,49452,49404,49434,49491,49470,49383,49474
7421,49394,49474,49544,49452,49404,49434,49491,49470,49383,49474
7422,49394,49474,49544,49452,49404,49434,49491,49470,49383,49474
7423,49394,49474,49544,49452,49404,49434,49491,49470,49383,49474
7424,49394,49474,49544,49452,49404,49434,49491,49470,49383,49474
7425,49394,49474,49544,49452,49404,49434,49491,49470,49383,49474
7426,49394,49474,49544,49452,49404,49434,49491,49470,49383,49474
7427,49394,49474,49544,49452,49404,49434,49491,49470,49383,49474
7428,49394,49474,49544,49452,49404,49434,49491,49470,49383,49474
7429,49394,49474,49544,49452,49404,49434,49491,49470,49383,49474
7430,49394,49474,49544,49452,49404,49434,49491,49470,49383,49474
7431,49394,49474,49544,49452,49404,49434,49491,49470,49383,49474
7432,49394,49474,49544,49452,49404,49434,49491,49470,49383,49474
7433,49394,49474,49544,49452,49404,49434,49491,49470,49383,49474
7434,49394,49474,49544,49452,49404,49434,49491,49470,49383,49474
7435,49394,49474,49544,49452,49404,49434,49491,49470,49383,49474
7436,49394,49474,49544,49452,49404,49434,49491,49470,49383,49474
7437,49394,49474,49544,49452,49404,49434,49491,49470,49383,49474
7438,49394,49474,49544,49452,49404,49434,49491,49470,49383,49474
7439,49394,49474,49544,49452,49404,49434,49491,49470,49383,49474
7440,49394,49474,49544,49452,49404,49434,49491,49470,49383,49474
7441,49394,49474,49544,49452,49404,49434,49491,49470,49383,49474
7442,49394,49474,49544,49452,49404,49434,49491,49470,49383,49474
7443,49394,49474,49544,49452,49404,49434,49491,49470,49383,49474
7444,49394,49474,49544,49452,49404,49434,49491,49470,49383,49474
7445,49394,49474,49544,49452,49404,49434,49491,49470,49383,49474
7446,49394,49474,49544,49452,49404,49434,49491,49470,49383,49474
7447,49394,49474,49544,49452,49404,49434,49491,49470,49383,49474
7448,49394,49474,49544,49452,49404,49434,49491,49470,49383,49474
7449,49394,49474,49544,49452,49404,49434,49491,49470,49383,49474
7450,49394,49474,49544,49452,49404,49434,49491,49470,49383,49474
7451,49394,49474,49544,49452,49404,49434,49491,49470,49383,49474
7452,49394,49474,49544,49452,49404,49434,49491,49470,49383,49474
7453,49394,49474,49544,49452,49404,49434,49491,49470,49383,49474
7454,49394,49474,49544,49452,49404,49434,49491,49470,49383,49474
7455,49394,49474,49544,49452,49404,49434,49491,49470,49383,49474
7456,49394,49474,49544,49452,49404,49434,49491,49470,49383,49474
7457,49394,49474,49544,49452,49404,49434,49491,49470,49383,49474
7458,49394,49474,49544,49452,49404,49434,49491,49470,49383,49474
7459,49394,49474,49544,49452,49404,49434,49491,49470,49383,49474
7460,49394,49474,49544,49452,49404,49434,49491,49470,49383,49474
7461,49394,49474,49544,49452,49404,49434,49491,49470,49383,49474
7462,49394,49474,49544,49452,49404,49434,49491,49470,49383,49474
7463,49394,49474,49544,49452,49404,49434,49491,49470,49383,49474
7464,49394,49474,49544,49452,49404,49434,49491,49470,49383,49474
7465,49394,49474,49544,49452,49404,49434,49491,49470,49383,49474
7466,49394,49474,49544,49452,49404,49434,49491,49470,49383,49474
7467,49394,49474,49544,49452,49404,49434,49491,49470,49383,49474
7468,49394,49474,49544,49452,49404,49434,49491,49470,49383,49474
7469,49394,49474,49544,49452,49404,49434,49491,49470,49383,49474
7470,49394,49474,49544,49452,49404,49434,49491,49470,49383,49474
7471,49394,49474,49544,49452,49404,49434,49491,49470,49383,49474
7472,49394,49474,49544,49452,49404,49434,49491,49470,49383,49474
7473,49394,49474,49544,49452,49404,49434,49491,49470,49383,49474
7474,49394,49474,49544,49452,49404,49434,49491,49470,49383,49474
7475,49394,49474,49544,49452,49404,49434,49491,49470,49383,49474
7476,49394,49474,49544,49452,49404,49434,49491,49470,49383,49474
7477,49394,49474,49544,49452,49404,49434,49491,49470,49383,49474
7478,49394,49474,49544,49452,49404,49434,49491,49470,49383,49474
7479,49394,49474,49544,49452,49404,49434,49491,49470,49383,49474
7480,49394,49474,49544,49452,49404,49434,49491,49470,49383,49474
7481,49394,49474,49544,49452,49404,49434,49491,49470,49383,49474
7482,49394,49474,49544,49452,49404,49434,49491,49470,49383,49474
7483,49394,49474,49544,49452,49404,49434,49491,49470,49383,49474
7484,49394,49474,49544,49452,49404,49434,49491,49470,49383,49474
7485,49394,49474,49544,49452,49404,49434,49491,49470,49383,49474
7486,49394,49474,49544,49452,49404,49434,49491,49470,49383,49474
7487,49394,49474,49544,49452,49404,49434,49491,49470,49383,49474
7488,49394,49474,49544,49452,49404,49434,49491,49470,49383,49474
7489,49394,49474,49544,49452,49404,49434,49491,49470,49383,49474
7490,49394,49474,49544,49452,49404,49434,49491,49470,49383,49474
7491,49394,49474,49544,49452,49404,49434,49491,49470,49383,49474
7492,49394,49474,49544,49452,49404,49434,49491,49470,49383,49474
7493,49394,49474,49544,49452,49404,49434,49491,49470,49383,49474
7494,49394,49474,49544,49452,49404,49434,49491,49470,49383,49474
7495,49394,49474,49544,49452,49404,49434,49491,49470,49383,49474
7496,49394,49474,49544,49452,49404,49434,49491,49470,49383,49474
7497,49394,49474,49544,49452,49404,49434,49491,49470,49383,49474
7498,49394,49474,49544,49452,49404,49434,49491,49470,49383,49474
7499,49394,49474,49544,49452,49404,49434,49491,49470,49383,49474
7500,49394,49474,49544,49452,49404,49434,49491,49470,49383,49474
7501,49394,49474,49544,49452,49404,49434,49491,49470,49383,49474
7502,49394,49474,49544,49452,49404,49434,49491,49470,49383,49474
7503,49394,49474,49544,49452,49404,49434,49491,49470,49383,49474
7504,49394,49474,49544,49452,49404,49434,49491,49470,49383,49474
7505,49394,49474,49544,49452,49404,49434,49491,49470,49383,49474
7506,49394,49474,49544,49452,49404,49434,49491,49470,49383,49474
7507,49394,49474,49544,49452,49404,49434,49491,49470,49383,49474
7508,49394,49474,49544,49452,49404,49434,49491,49470,49383,49474
7509,49394,49474,49544,49452,49404,49434,49491,49470,49383,49474
7510,49394,49474,49544,49452,49404,49434,49491,49470,49383,49474
7511,49394,49474,49544,49452,49404,49434,49491,49470,49383,49474
7512,49394,49474,49544,49452,49404,49434,49491,49470,49383,49474
7513,49394,49474,49544,49452,49404,49434,49491,49470,49383,49474
7514,49394,49474,49544,49452,49404,49434,49491,49470,49383,49474
7515,49394,49474,49544,49452,49404,49434,49491,49470,49383,49474
7516,49394,49474,49544,49452,49404,49434,49491,49470,49383,49474
7517,49394,49474,49544,49452,49404,49434,49491,49470,49383,49474
7518,49394,49474,49544,49452,49404,49434,49491,49470,49383,49474
7519,49394,49474,49544,49452,49404,49434,49491,49470,49383,49474
7520,49394,49474,49544,49452,49404,49434,49491,49470,49383,49474
7521,49394,49474,49544,49452,49404,49434,49491,49470,49383,49474
7522,49394,49474,49544,49452,49404,49434,49491,49470,49383,49474
7523,49394,49474,49544,49452,49404,49434,49491,49470,49383,49474
7524,49394,49474,49544,49452,49404,49434,49491,49470,49383,49474
7525,49394,49474,49544,49452,49404,49434,49491,49470,49383,49474
7526,49394,49474,49544,49452,49404,49434,49491,49470,49383,49474
7527,49394,49474,49544,49452,49404,49434,49491,49470,49383,49474
7528,49394,49474,49544,49452,49404,49434,49491,49470,49383,49474
7529,49394,49474,49544,49452,49404,49434,49491,49470,49383,49474
7530,49394,49474,49544,49452,49404,49434,49491,49470,49383,49474
7531,49394,49474,49544,49452,49404,49434,49491,49470,49383,49474
7532,49394,49474,49544,49452,49404,49434,49491,49470,49383,49474
7533,49394,49474,49544,49452,49404,49434,49491,49470,49383,49474
7534,49394,49474,49544,49452,49404,49434,49491,49470,49383,49474
7535,49394,49474,49544,49452,49404,49434,49491,49470,49383,49474
7536,49394,49474,49544,49452,49404,49434,49491,49470,49383,49474
7537,49394,49474,49544,49452,49404,49434,49491,49470,49383,49474
7538,49394,49474,49544,49452,49404,49434,49491,49470,49383,49474
7539,49394,49474,49544,49452,49404,49434,49491,49470,49383,49474
7540,49394,49474,49544,49452,49404,49434,49491,49470,49383,49474
7541,49394,49474,49544,49452,49404,49434,49491,49470,49383,49474
7542,49394,49474,49544,49452,49404,49434,49491,49470,49383,49474
7543,49394,49474,49544,49452,49404,49434,49491,49470,49383,49474
7544,49394,49474,49544,49452,49404,49434,49491,49470,49383,49474
7545,49394,49474,49544,49452,49404,49434,49491,49470,49383,49474
7546,49394,49474,49544,49452,49404,49434,49491,49470,49383,49474
7547,49394,49474,49544,49452,49404,49434,49491,49470,49383,49474
7548,49394,49474,49544,49452,49404,49434,49491,49470,49383,49474
7549,49394,49474,49544,49452,49404,49434,49491,49470,49383,49474
7550,49394,49474,49544,49452,49404,49434,49491,49470,49383,49474
7551,49394,49474,49544,49452,49404,49434,49491,49470,49383,49474
7552,49394,49474,49544,49452,49404,49434,49491,49470,49383,49474
7553,49394,49474,49544,49452,49404,49434,49491,49470,49383,49474
7554,49394,49474,49544,49452,49404,49434,49491,49470,49383,49474
7555,49394,49474,49544,49452,49404,49434,49491,49470,49383,49474
7556,49394,49474,49544,49452,49404,49434,49491,49470,49383,49474
7557,49394,49474,49544,49452,49404,49434,49491,49470,49383,49474
7558,49394,49474,49544,49452,49404,49434,49491,49470,49383,49474
7559,49394,49474,49544,49452,49404,49434,49491,49470,49383,49474
7560,49394,49474,49544,49452,49404,49434,49491,49470,49383,49474
7561,49394,49474,49544,49452,49404,49434,49491,49470,49383,49474
7562,49394,49474,49544,49452,49404,49434,49491,49470,49383,49474
7563,49394,49474,49544,49452,49404,49434,49491,49470,49383,49474
7564,49394,49474,49544,49452,49404,49434,49491,49470,49383,49474
7565,49394,49474,49544,49452,49404,49434,49491,49470,49383,49474
7566,49394,49474,49544,49452,49404,49434,49491,49470,49383,49474
7567,49394,49474,49544,49452,49404,49434,49491,49470,49383,49474
7568,49394,49474,49544,49452,49404,49434,49491,49470,49383,49474
7569,49394,49474,49544,49452,49404,49434,49491,49470,49383,49474
7570,49394,49474,49544,49452,49404,49434,49491,49470,49383,49474
7571,49394,49474,49544,49452,49404,49434,49491,49470,49383,49474
7572,49394,49474,49544,49452,49404,49434,49491,49470,49383,49474
7573,49394,49474,49544,49452,49404,49434,49491,49470,49383,49474
7574,49394,49474,49544,49452,49404,49434,49491,49470,49383,49474
7575,49394,49474,49544,49452,49404,49434,49491,49470,49383,49474
7576,49394,49474,49544,49452,49404,49434,49491,49470,49383,49474
7577,49394,49474,49544,49452,49404,49434,49491,49470,49383,49474
7578,49394,49474,49544,49452,49404,49434,49491,49470,49383,49474
7579,49394,49474,49544,49452,49404,49434,49491,49470,49383,49474
7580,49394,49474,49544,49452,49404,49434,49491,49470,49383,49474
7581,49394,49474,49544,49452,49404,49434,49491,49470,49383,49474
7582,49394,49474,49544,49452,49404,49434,49491,49470,49383,49474
7583,49394,49474,49544,49452,49404,49434,49491,49470,49383,49474
7584,49394,49474,49544,49452,49404,49434,49491,49470,49383,49474
7585,49394,49474,49544,49452,49404,49434,49491,49470,49383,49474
7586,49394,49474,49544,49452,49404,49434,49491,49470,49383,49474
7587,49394,49474,49544,49452,49404,49434,49491,49470,49383,49474
7588,49394,49474,49544,49452,49404,49434,49491,49470,49383,49474
7589,49394,49474,49544,49452,49404,49434,49491,49470,49383,49474
7590,49394,49474,49544,49452,49404,49434,49491,49470,49383,49474
7591,49394,49474,49544,49452,49404,49434,49491,49470,49383,49474
7592,49394,49474,49544,49452,49404,49434,49491,49470,49383,49474
7593,49394,49474,49544,49452,49404,49434,49491,49470,49383,49474
7594,49394,49474,49544,49452,49404,49434,49491,49470,49383,49474
7595,49394,49474,49544,49452,49404,49434,49491,49470,49383,49474
7596,49394,49474,49544,49452,49404,49434,49491,49470,49383,49474
7597,49394,49474,49544,49452,49404,49434,49491,49470,49383,49474
7598,49394,49474,49544,49452,49404,49434,49491,49470,49383,49474
7599,49394,49474,49544,49452,49404,49434,49491,49470,49383,49474
7600,49394,49474,49544,49452,49404,49434,49491,49470,49383,49474
7601,49394,49474,49544,49452,49404,49434,49491,49470,49383,49474
7602,49394,49474,49544,49452,49404,49434,49491,49470,49383,49474
7603,49394,49474,49544,49452,49404,49434,49491,49470,49383,49474
7604,49394,49474,49544,49452,49404,49434,49491,49470,49383,49474
7605,49394,49474,49544,49452,49404,49434,49491,49470,49383,49474
7606,49394,49474,49544,49452,49404,49434,49491,49470,49383,49474
7607,49394,49474,49544,49452,49404,49434,49491,49470,49383,49474
7608,49394,49474,49544,49452,49404,49434,49491,49470,49383,49474
7609,49394,49474,49544,49452,49404,49434,49491,49470,49383,49474
7610,49394,49474,49544,49452,49404,49434,49491,49470,49383,49474
7611,49394,49474,49544,49452,49404,49434,49491,49470,49383,49474
7612,49394,49474,49544,49452,49404,49434,49491,49470,49383,49474
7613,49394,49474,49544,49452,49404,49434,49491,49470,49383,49474
7614,49394,49474,49544,49452,49404,49434,49491,49470,49383,49474
7615,49394,49474,49544,49452,49404,49434,49491,49470,49383,49474
7616,49394,49474,49544,49452,49404,49434,49491,49470,49383,49474
7617,49394,49474,49544,49452,49404,49434,49491,49470,49383,49474
7618,49394,49474,49544,49452,49404,49434,49491,49470,49383,49474
7619,49394,49474,49544,49452,49404,49434,49491,49470,49383,49474
7620,49394,49474,49544,49452,49404,49434,49491,49470,49383,49474
7621,49394,49474,49544,49452,49404,49434,49491,49470,49383,49474
7622,49394,49474,49544,49452,49404,49434,49491,49470,49383,49474
7623,49394,49474,49544,49452,49404,49434,49491,49470,49383,49474
7624,49394,49474,49544,49452,49404,49434,49491,49470,49383,49474
7625,49394,49474,49544,49452,49404,49434,49491,49470,49383,49474
7626,49394,49474,49544,49452,49404,49434,49491,49470,49383,49474
7627,49394,49474,49544,49452,49404,49434,49491,49470,49383,49474
7628,49394,49474,49544,49452,49404,49434,49491,49470,49383,49474
7629,49394,49474,49544,49452,49404,49434,49491,49470,49383,49474
7630,49394,49474,49544,49452,49404,49434,49491,49470,49383,49474
7631,49394,49474,49544,49452,49404,49434,49491,49470,49383,49474
7632,49394,49474,49544,49452,49404,49434,49491,49470,49383,49474
7633,49394,49474,49544,49452,49404,49434,49491,49470,49383,49474
7634,49394,49474,49544,49452,49404,49434,49491,49470,49383,49474
7635,49394,49474,49544,49452,49404,49434,49491,49470,49383,49474
7636,49394,49474,49544,49452,49404,49434,49491,49470,49383,49474
7637,49394,49474,49544,49452,49404,49434,49491,49470,49383,49474
7638,49394,49474,49544,49452,49404,49434,49491,49470,49383,49474
7639,49394,49474,49544,49452,49404,49434,49491,49470,49383,49474
7640,49394,49474,49544,49452,49404,49434,49491,49470,49383,49474
7641,49394,49474,49544,49452,49404,49434,49491,49470,49383,49474
7642,49394,49474,49544,49452,49404,49434,49491,49470,49383,49474
7643,49394,49474,49544,49452,49404,49434,49491,49470,49383,49474
7644,49394,49474,49544,49452,49404,49434,49491,49470,49383,49474
7645,49394,49474,49544,49452,49404,49434,49491,49470,49383,49474
7646,49394,49474,49544,49452,49404,49434,49491,49470,49383,49474
7647,49394,49474,49544,49452,49404,49434,49491,49470,49383,49474
7648,49394,49474,49544,49452,49404,49434,49491,49470,49383,49474
7649,49394,49474,49544,49452,49404,49434,49491,49470,49383,49474
7650,49394,49474,49544,49452,49404,49434,49491,49470,49383,49474
7651,49394,49474,49544,49452,49404,49434,49491,49470,49383,49474
7652,49394,49474,49544,49452,49404,49434,49491,49470,49383,49474
7653,49394,49474,49544,49452,49404,49434,49491,49470,49383,49474
7654,49394,49474,49544,49452,49404,49434,49491,49470,49383,49474
7655,49394,49474,49544,49452,49404,49434,49491,49470,49383,49474
7656,49394,49474,49544,49452,49404,49434,49491,49470,49383,49474
7657,49394,49474,49544,49452,49404,49434,49491,49470,49383,49474
7658,49394,49474,49544,49452,49404,49434,49491,49470,49383,49474
7659,49394,49474,49544,49452,49404,49434,49491,49470,49383,49474
7660,49394,49474,49544,49452,49404,49434,49491,49470,49383,49474
7661,49394,49474,49544,49452,49404,49434,49491,49470,49383,49474
7662,49394,49474,49544,49452,49404,49434,49491,49470,49383,49474
7663,49394,49474,49544,49452,49404,49434,49491,49470,49383,49474
7664,49394,49474,49544,49452,49404,49434,49491,49470,49383,49474
7665,49394,49474,49544,49452,49404,49434,49491,49470,49383,49474
7666,49394,49474,49544,49452,49404,49434,49491,49470,49383,49474
7667,49394,49474,49544,49452,49404,49434,49491,49470,49383,49474
7668,49394,49474,49544,49452,49404,49434,49491,49470,49383,49474
7669,49394,49474,49544,49452,49404,49434,49491,49470,49383,49474
7670,49394,49474,49544,49452,49404,49434,49491,49470,49383,49474
7671,49394,49474,49544,49452,49404,49434,49491,49470,49383,49474
7672,49394,49474,49544,49452,49404,49434,49491,49470,49383,49474
7673,49394,49474,49544,49452,49404,49434,49491,49470,49383,49474
7674,49394,49474,49544,49452,49404,49434,49491,49470,49383,49474
7675,49394,49474,49544,49452,49404,49434,49491,49470,49383,49474
7676,49394,49474,49544,49452,49404,49434,49491,49470,49383,49474
7677,49394,49474,49544,49452,49404,49434,49491,49470,49383,49474
7678,49394,49474,49544,49452,49404,49434,49491,49470,49383,49474
7679,49394,49474,49544,49452,49404,49434,49491,49470,49383,49474
7680,49394,49474,49544,49452,49404,49434,49491,49470,49383,49474
7681,49394,49474,49544,49452,49404,49434,49491,49470,49383,49474
7682,49394,49474,49544,49452,49404,49434,49491,49470,49383,49474
7683,49394,49474,49544,49452,49404,49434,49491,49470,49383,49474
7684,49394,49474,49544,49452,49404,49434,49491,49470,49383,49474
7685,49394,49474,49544,49452,49404,49434,49491,49470,49383,49474
7686,49394,49474,49544,49452,49404,49434,49491,49470,49383,49474
7687,49394,49474,49544,49452,49404,49434,49491,49470,49383,49474
7688,49394,49474,49544,49452,49404,49434,49491,49470,49383,49474
7689,49394,49474,49544,49452,49404,49434,49491,49470,49383,49474
7690,49394,49474,49544,49452,49404,49434,49491,49470,49383,49474
7691,49394,49474,49544,49452,49404,49434,49491,49470,49383,49474
7692,49394,49474,49544,49452,49404,49434,49491,49470,49383,49474
7693,49394,49474,49544,49452,49404,49434,49491,49470,49383,49474
7694,49394,49474,49544,49452,49404,49434,49491,49470,49383,49474
7695,49394,49474,49544,49452,49404,49434,49491,49470,49383,49474
7696,49394,49474,49544,49452,49404,49434,49491,49470,49383,49474
7697,49394,49474,49544,49452,49404,49434,49491,49470,49383,49474
7698,49394,49474,49544,49452,49404,49434,49491,49470,49383,49474
7699,49394,49474,49544,49452,49404,49434,49491,49470,49383,49474
7700,49394,49474,49544,49452,49404,49434,49491,49470,49383,49474
7701,49394,49474,49544,49452,49404,49434,49491,49470,49383,49474
7702,49394,49474,49544,49452,49404,49434,49491,49470,49383,49474
7703,49394,49474,49544,49452,49404,49434,49491,49470,49383,49474
7704,49394,49474,49544,49452,49404,49434,49491,49470,49383,49474
7705,49394,49474,49544,49452,49404,49434,49491,49470,49383,49474
7706,49394,49474,49544,49452,49404,49434,49491,49470,49383,49474
7707,49394,49474,49544,49452,49404,49434,49491,49470,49383,49474
7708,49394,49474,49544,49452,49404,49434,49491,49470,49383,49474
7709,49394,49474,49544,49452,49404,49434,49491,49470,49383,49474
7710,49394,49474,49544,49452,49404,49434,49491,49470,49383,49474
7711,49394,49474,49544,49452,49404,49434,49491,49470,49383,49474
7712,49394,49474,49544,49452,49404,49434,49491,49470,49383,49474
7713,49394,49474,49544,49452,49404,49434,49491,49470,49383,49474
7714,49394,49474,49544,49452,49404,49434,49491,49470,49383,49474
7715,49394,49474,49544,49452,49404,49434,49491,49470,49383,49474
7716,49394,49474,49544,49452,49404,49434,49491,49470,49383,49474
7717,49394,49474,49544,49452,49404,49434,49491,49470,49383,49474
7718,49394,49474,49544,49452,49404,49434,49491,49470,49383,49474
7719,49394,49474,49544,49452,49404,49434,49491,49470,49383,49474
7720,49394,49474,49544,49452,49404,49434,49491,49470,49383,49474
7721,49394,49474,49544,49452,49404,49434,49491,49470,49383,49474
7722,49394,49474,49544,49452,49404,49434,49491,49470,49383,49474
7723,49394,49474,49544,49452,49404,49434,49491,49470,49383,49474
7724,49394,49474,49544,49452,49404,49434,49491,49470,49383,49474
7725,49394,49474,49544,49452,49404,49434,49491,49470,49383,49474
7726,49394,49474,49544,49452,49404,49434,49491,49470,49383,49474
7727,49394,49474,49544,49452,49404,49434,49491,49470,49383,49474
7728,49394,49474,49544,49452,49404,49434,49491,49470,49383,49474
7729,49394,49474,49544,49452,49404,49434,49491,49470,49383,49474
7730,49394,49474,49544,49452,49404,49434,49491,49470,49383,49474
7731,49394,49474,49544,49452,49404,49434,49491,49470,49383,49474
7732,49394,49474,49544,49452,49404,49434,49491,49470,49383,49474
7733,49394,49474,49544,49452,49404,49434,49491,49470,49383,49474
7734,49394,49474,49544,49452,49404,49434,49491,49470,49383,49474
7735,49394,49474,49544,49452,49404,49434,49491,49470,49383,49474
7736,49394,49474,49544,49452,49404,49434,49491,49470,49383,49474
7737,49394,49474,49544,49452,49404,49434,49491,49470,49383,49474
7738,49394,49474,49544,49452,49404,49434,49491,49470,49383,49474
7739,49394,49474,49544,49452,49404,49434,49491,49470,49383,49474
7740,49394,49474,49544,49452,49404,49434,49491,49470,49383,49474
7741,49394,49474,49544,49452,49404,49434,49491,49470,49383,49474
7742,49394,49474,49544,49452,49404,49434,49491,49470,49383,49474
7743,49394,49474,49544,49452,49404,49434,49491,49470,49383,49474
7744,49394,49474,49544,49452,49404,49434,49491,49470,49383,49474
7745,49394,49474,49544,49452,49404,49434,49491,49470,49383,49474
7746,49394,49474,49544,49452,49404,49434,49491,49470,49383,49474
7747,49394,49474,49544,49452,49404,49434,49491,49470,49383,49474
7748,49394,49474,49544,49452,49404,49434,49491,49470,49383,49474
7749,49394,49474,49544,49452,49404,49434,49491,49470,49383,49474
7750,49394,49474,49544,49452,49404,49434,49491,49470,49383,49474
7751,49394,49474,49544,49452,49404,49434,49491,49470,49383,49474
7752,49394,49474,49544,49452,49404,49434,49491,49470,49383,49474
7753,49394,49474,49544,49452,49404,49434,49491,49470,49383,49474
7754,49394,49474,49544,49452,49404,49434,49491,49470,49383,49474
7755,49394,49474,49544,49452,49404,49434,49491,49470,49383,49474
7756,49394,49474,49544,49452,49404,49434,49491,49470,49383,49474
7757,49394,49474,49544,49452,49404,49434,49491,49470,49383,49474
7758,49394,49474,49544,49452,49404,49434,49491,49470,49383,49474
7759,49394,49474,49544,49452,49404,49434,49491,49470,49383,49474
7760,49394,49474,49544,49452,49404,49434,49491,49470,49383,49474
7761,49394,49474,49544,49452,49404,49434,49491,49470,49383,49474
7762,49394,49474,49544,49452,49404,49434,49491,49470,49383,49474
7763,49394,49474,49544,49452,49404,49434,49491,49470,49383,49474
7764,49394,49474,49544,49452,49404,49434,49491,49470,49383,49474
7765,49394,49474,49544,49452,49404,49434,49491,49470,49383,49474
7766,49394,49474,49544,49452,49404,49434,49491,49470,49383,49474
7767,49394,49474,49544,49452,49404,49434,49491,49470,49383,49474
7768,49394,49474,49544,49452,49404,49434,49491,49470,49383,49474
7769,49394,49474,49544,49452,49404,49434,49491,49470,49383,49474
7770,49394,49474,49544,49452,49404,49434,49491,49470,49383,49474
7771,49394,49474,49544,49452,49404,49434,49491,49470,49383,49474
7772,49394,49474,49544,49452,49404,49434,49491,49470,49383,49474
7773,49394,49474,49544,49452,49404,49434,49491,49470,49383,49474
7774,49394,49474,49544,49452,49404,49434,49491,49470,49383,49474
7775,49394,49474,49544,49452,49404,49434,49491,49470,49383,49474
7776,49394,49474,49544,49452,49404,49434,49491,49470,49383,49474
7777,49394,49474,49544,49452,49404,49434,49491,49470,49383,49474
7778,49394,49474,49544,49452,49404,49434,49491,49470,49383,49474
7779,49394,49474,49544,49452,49404,49434,49491,49470,49383,49474
7780,49394,49474,49544,49452,49404,49434,49491,49470,49383,49474
7781,49394,49474,49544,49452,49404,49434,49491,49470,49383,49474
7782,49394,49474,49544,49452,49404,49434,49491,49470,49383,49474
7783,49394,49474,49544,49452,49404,49434,49491,49470,49383,49474
7784,49394,49474,49544,49452,49404,49434,49491,49470,49383,49474
7785,49394,49474,49544,49452,49404,49434,49491,49470,49383,49474
7786,49394,49474,49544,49452,49404,49434,49491,49470,49383,49474
7787,49394,49474,49544,49452,49404,49434,49491,49470,49383,49474
7788,49394,49474,49544,49452,49404,49434,49491,49470,49383,49474
7789,49394,49474,49544,49452,49404,49434,49491,49470,49383,49474
7790,49394,49474,49544,49452,49404,49434,49491,49470,49383,49474
7791,49394,49474,49544,49452,49404,49434,49491,49470,49383,49474
7792,49394,49474,49544,49452,49404,49434,49491,49470,49383,49474
7793,49394,49474,49544,49452,49404,49434,49491,49470,49383,49474
7794,49394,49474,49544,49452,49404,49434,49491,49470,49383,49474
7795,49394,49474,49544,49452,49404,49434,49491,49470,49383,49474
7796,49394,49474,49544,49452,49404,49434,49491,49470,49383,49474
7797,49394,49474,49544,49452,49404,49434,49491,49470,49383,49474
7798,49394,49474,49544,49452,49404,49434,49491,49470,49383,49474
7799,49394,49474,49544,49452,49404,49434,49491,49470,49383,49474
7800,49394,49474,49544,49452,49404,49434,49491,49470,49383,49474
7801,49394,49474,49544,49452,49404,49434,49491,49470,49383,49474
7802,49394,49474,49544,49452,49404,49434,49491,49470,49383,49474
7803,49394,49474,49544,49452,49404,49434,49491,49470,49383,49474
7804,49394,49474,49544,49452,49404,49434,49491,49470,49383,49474
7805,49394,49474,49544,49452,49404,49434,49491,49470,49383,49474
7806,49394,49474,49544,49452,49404,49434,49491,49470,49383,49474
7807,49394,49474,49544,49452,49404,49434,49491,49470,49383,49474
7808,49394,49474,49544,49452,49404,49434,49491,49470,49383,49474
7809,49394,49474,49544,49452,49404,49434,49491,49470,49383,49474
7810,49394,49474,49544,49452,49404,49434,49491,49470,49383,49474
7811,49394,49474,49544,49452,49404,49434,49491,49470,49383,49474
7812,49394,49474,49544,49452,49404,49434,49491,49470,49383,49474
7813,49394,49474,49544,49452,49404,49434,49491,49470,49383,49474
7814,49394,49474,49544,49452,49404,49434,49491,49470,49383,49474
7815,49394,49474,49544,49452,49404,49434,49491,49470,49383,49474
7816,49394,49474,49544,49452,49404,49434,49491,49470,49383,49474
7817,49394,49474,49544,49452,49404,49434,49491,49470,49383,49474
7818,49394,49474,49544,49452,49404,49434,49491,49470,49383,49474
7819,49394,49474,49544,49452,49404,49434,49491,49470,49383,49474
7820,49394,49474,49544,49452,49404,49434,49491,49470,49383,49474
7821,49394,49474,49544,49452,49404,49434,49491,49470,49383,49474
7822,49394,49474,49544,49452,49404,49434,49491,49470,49383,49474
7823,49394,49474,49544,49452,49404,49434,49491,49470,49383,49474
7824,49394,49474,49544,49452,49404,49434,49491,49470,49383,49474
7825,49394,49474,49544,49452,49404,49434,49491,49470,49383,49474
7826,49394,49474,49544,49452,49404,49434,49491,49470,49383,49474
7827,49394,49474,49544,49452,49404,49434,49491,49470,49383,49474
7828,49394,49474,49544,49452,49404,49434,49491,49470,49383,49474
7829,49394,49474,49544,49452,49404,49434,49491,49470,49383,49474
7830,49394,49474,49544,49452,49404,49434,49491,49470,49383,49474
7831,49394,49474,49544,49452,49404,49434,49491,49470,49383,49474
7832,49394,49474,49544,49452,49404,49434,49491,49470,49383,49474
7833,49394,49474,49544,49452,49404,49434,49491,49470,49383,49474
7834,49394,49474,49544,49452,49404,49434,49491,49470,49383,49474
7835,49394,49474,49544,49452,49404,49434,49491,49470,49383,49474
7836,49394,49474,49544,49452,49404,49434,49491,49470,49383,49474
7837,49394,49474,49544,49452,49404,49434,49491,49470,49383,49474
7838,49394,49474,49544,49452,49404,49434,49491,49470,49383,49474
7839,49394,49474,49544,49452,49404,49434,49491,49470,49383,49474
7840,49394,49474,49544,49452,49404,49434,49491,49470,49383,49474
7841,49394,49474,49544,49452,49404,49434,49491,49470,49383,49474
7842,49394,49474,49544,49452,49404,49434,49491,49470,49383,49474
7843,49394,49474,49544,49452,49404,49434,49491,49470,49383,49474
7844,49394,49474,49544,49452,49404,49434,49491,49470,49383,49474
7845,49394,49474,49544,49452,49404,49434,49491,49470,49383,49474
7846,49394,49474,49544,49452,49404,49434,49491,49470,49383,49474
7847,49394,49474,49544,49452,49404,49434,49491,49470,49383,49474
7848,49394,49474,49544,49452,49404,49434,49491,49470,49383,49474
7849,49394,49474,49544,49452,49404,49434,49491,49470,49383,49474
7850,49394,49474,49544,49452,49404,49434,49491,49470,49383,49474
7851,49394,49474,49544,49452,49404,49434,49491,49470,49383,49474
7852,49394,49474,49544,49452,49404,49434,49491,49470,49383,49474
7853,49394,49474,49544,49452,49404,49434,49491,49470,49383,49474
7854,49394,49474,49544,49452,49404,49434,49491,49470,49383,49474
7855,49394,49474,49544,49452,49404,49434,49491,49470,49383,49474
7856,49394,49474,49544,49452,49404,49434,49491,49470,49383,49474
7857,49394,49474,49544,49452,49404,49434,49491,49470,49383,49474
7858,49394,49474,49544,49452,49404,49434,49491,49470,49383,49474
7859,49394,49474,49544,49452,49404,49434,49491,49470,49383,49474
7860,49394,49474,49544,49452,49404,49434,49491,49470,49383,49474
7861,49394,49474,49544,49452,49404,49434,49491,49470,49383,49474
7862,49394,49474,49544,49452,49404,49434,49491,49470,49383,49474
7863,49394,49474,49544,49452,49404,49434,49491,49470,49383,49474
7864,49394,49474,49544,49452,49404,49434,49491,49470,49383,49474
7865,49394,49474,49544,49452,49404,49434,49491,49470,49383,49474
7866,49394,49474,49544,49452,49404,49434,49491,49470,49383,49474
7867,49394,49474,49544,49452,49404,49434,49491,49470,49383,49474
7868,49394,49474,49544,49452,49404,49434,49491,49470,49383,49474
7869,49394,49474,49544,49452,49404,49434,49491,49470,49383,49474
7870,49394,49474,49544,49452,49404,49434,49491,49470,49383,49474
7871,49394,49474,49544,49452,49404,49434,49491,49470,49383,49474
7872,49394,49474,49544,49452,49404,49434,49491,49470,49383,49474
7873,49394,49474,49544,49452,49404,49434,49491,49470,49383,49474
7874,49394,49474,49544,49452,49404,49434,49491,49470,49383,49474
7875,49394,49474,49544,49452,49404,49434,49491,49470,49383,49474
7876,49394,49474,49544,49452,49404,49434,49491,49470,49383,49474
7877,49394,49474,49544,49452,49404,49434,49491,49470,49383,49474
7878,49394,49474,49544,49452,49404,49434,49491,49470,49383,49474
7879,49394,49474,49544,49452,49404,49434,49491,49470,49383,49474
7880,49394,49474,49544,49452,49404,49434,49491,49470,49383,49474
7881,49394,49474,49544,49452,49404,49434,49491,49470,49383,49474
7882,49394,49474,49544,49452,49404,49434,49491,49470,49383,49474
7883,49394,49474,49544,49452,49404,49434,49491,49470,49383,49474
7884,49394,49474,49544,49452,49404,49434,49491,49470,49383,49474
7885,49394,49474,49544,49452,49404,49434,49491,49470,49383,49474
7886,49394,49474,49544,49452,49404,49434,49491,49470,49383,49474
7887,49394,49474,49544,49452,49404,49434,49491,49470,49383,49474
7888,49394,49474,49544,49452,49404,49434,49491,49470,49383,49474
7889,49394,49474,49544,49452,49404,49434,49491,49470,49383,49474
7890,49394,49474,49544,49452,49404,49434,49491,49470,49383,49474
7891,49394,49474,49544,49452,49404,49434,49491,49470,49383,49474
7892,49394,49474,49544,49452,49404,49434,49491,49470,49383,49474
7893,49394,49474,49544,49452,49404,49434,49491,49470,49383,49474
7894,49394,49474,49544,49452,49404,49434,49491,49470,49383,49474
7895,49394,49474,49544,49452,49404,49434,49491,49470,49383,49474
7896,49394,49474,49544,49452,49404,49434,49491,49470,49383,49474
7897,49394,49474,49544,49452,49404,49434,49491,49470,49383,49474
7898,49394,49474,49544,49452,49404,49434,49491,49470,49383,49474
7899,49394,49474,49544,49452,49404,49434,49491,49470,49383,49474
7900,49394,49474,49544,49452,49404,49434,49491,49470,49383,49474
7901,49394,49474,49544,49452,49404,49434,49491,49470,49383,49474
7902,49394,49474,49544,49452,49404,49434,49491,49470,49383,49474
7903,49394,49474,49544,49452,49404,49434,49491,49470,49383,49474
7904,49394,49474,49544,49452,49404,49434,49491,49470,49383,49474
7905,49394,49474,49544,49452,49404,49434,49491,49470,49383,49474
7906,49394,49474,49544,49452,49404,49434,49491,49470,49383,49474
7907,49394,49474,49544,49452,49404,49434,49491,49470,49383,49474
7908,49394,49474,49544,49452,49404,49434,49491,49470,49383,49474
7909,49394,49474,49544,49452,49404,49434,49491,49470,49383,49474
7910,49394,49474,49544,49452,49404,49434,49491,49470,49383,49474
7911,49394,49474,49544,49452,49404,49434,49491,49470,49383,49474
7912,49394,49474,49544,49452,49404,49434,49491,49470,49383,49474
7913,49394,49474,49544,49452,49404,49434,49491,49470,49383,49474
7914,49394,49474,49544,49452,49404,49434,49491,49470,49383,49474
7915,49394,49474,49544,49452,49404,49434,49491,49470,49383,49474
7916,49394,49474,49544,49452,49404,49434,49491,49470,49383,49474
7917,49394,49474,49544,49452,49404,49434,49491,49470,49383,49474
7918,49394,49474,49544,49452,49404,49434,49491,49470,49383,49474
7919,49394,49474,49544,49452,49404,49434,49491,49470,49383,49474
7920,49394,49474,49544,49452,49404,49434,49491,49470,49383,49474
7921,49394,49474,49544,49452,49404,49434,49491,49470,49383,49474
7922,49394,49474,49544,49452,49404,49434,49491,49470,49383,49474
7923,49394,49474,49544,49452,49404,49434,49491,49470,49383,49474
7924,49394,49474,49544,49452,49404,49434,49491,49470,49383,49474
7925,49394,49474,49544,49452,49404,49434,49491,49470,49383,49474
7926,49394,49474,49544,49452,49404,49434,49491,49470,49383,49474
7927,49394,49474,49544,49452,49404,49434,49491,49470,49383,49474
7928,49394,49474,49544,49452,49404,49434,49491,49470,49383,49474
7929,49394,49474,49544,49452,49404,49434,49491,49470,49383,49474
7930,49394,49474,49544,49452,49404,49434,49491,49470,49383,49474
7931,49394,49474,49544,49452,49404,49434,49491,49470,49383,49474
7932,49394,49474,49544,49452,49404,49434,49491,49470,49383,49474
7933,49394,49474,49544,49452,49404,49434,49491,49470,49383,49474
7934,49394,49474,49544,49452,49404,49434,49491,49470,49383,49474
7935,49394,49474,49544,49452,49404,49434,49491,49470,49383,49474
7936,49394,49474,49544,49452,49404,49434,49491,49470,49383,49474
7937,49394,49474,49544,49452,49404,49434,49491,49470,49383,49474
7938,49394,49474,49544,49452,49404,49434,49491,49470,49383,49474
7939,49394,49474,49544,49452,49404,49434,49491,49470,49383,49474
7940,49394,49474,49544,49452,49404,49434,49491,49470,49383,49474
7941,49394,49474,49544,49452,49404,49434,49491,49470,49383,49474
7942,49394,49474,49544,49452,49404,49434,49491,49470,49383,49474
7943,49394,49474,49544,49452,49404,49434,49491,49470,49383,49474
7944,49394,49474,49544,49452,49404,49434,49491,49470,49383,49474
7945,49394,49474,49544,49452,49404,49434,49491,49470,49383,49474
7946,49394,49474,49544,49452,49404,49434,49491,49470,49383,49474
7947,49394,49474,49544,49452,49404,49434,49491,49470,49383,49474
7948,49394,49474,49544,49452,49404,49434,49491,49470,49383,49474
7949,49394,49474,49544,49452,49404,49434,49491,49470,49383,49474
7950,49394,49474,49544,49452,49404,49434,49491,49470,49383,49474
7951,49394,49474,49544,49452,49404,49434,49491,49470,49383,49474
7952,49394,49474,49544,49452,49404,49434,49491,49470,49383,49474
7953,49394,49474,49544,49452,49404,49434,49491,49470,49383,49474
7954,49394,49474,49544,49452,49404,49434,49491,49470,49383,49474
7955,49394,49474,49544,49452,49404,49434,49491,49470,49383,49474
7956,49394,49474,49544,49452,49404,49434,49491,49470,49383,49474
7957,49394,49474,49544,49452,49404,49434,49491,49470,49383,49474
7958,49394,49474,49544,49452,49404,49434,49491,49470,49383,49474
7959,49394,49474,49544,49452,49404,49434,49491,49470,49383,49474
7960,49394,49474,49544,49452,49404,49434,49491,49470,49383,49474
7961,49394,49474,49544,49452,49404,49434,49491,49470,49383,49474
7962,49394,49474,49544,49452,49404,49434,49491,49470,49383,49474
7963,49394,49474,49544,49452,49404,49434,49491,49470,49383,49474
7964,49394,49474,49544,49452,49404,49434,49491,49470,49383,49474
7965,49394,49474,49544,49452,49404,49434,49491,49470,49383,49474
7966,49394,49474,49544,49452,49404,49434,49491,49470,49383,49474
7967,49394,49474,49544,49452,49404,49434,49491,49470,49383,49474
7968,49394,49474,49544,49452,49404,49434,49491,49470,49383,49474
7969,49394,49474,49544,49452,49404,49434,49491,49470,49383,49474
7970,49394,49474,49544,49452,49404,49434,49491,49470,49383,49474
7971,49394,49474,49544,49452,49404,49434,49491,49470,49383,49474
7972,49394,49474,49544,49452,49404,49434,49491,49470,49383,49474
7973,49394,49474,49544,49452,49404,49434,49491,49470,49383,49474
7974,49394,49474,49544,49452,49404,49434,49491,49470,49383,49474
7975,49394,49474,49544,49452,49404,49434,49491,49470,49383,49474
7976,49394,49474,49544,49452,49404,49434,49491,49470,49383,49474
7977,49394,49474,49544,49452,49404,49434,49491,49470,49383,49474
7978,49394,49474,49544,49452,49404,49434,49491,49470,49383,49474
7979,49394,49474,49544,49452,49404,49434,49491,49470,49383,49474
7980,49394,49474,49544,49452,49404,49434,49491,49470,49383,49474
7981,49394,49474,49544,49452,49404,49434,49491,49470,49383,49474
7982,49394,49474,49544,49452,49404,49434,49491,49470,49383,49474
7983,49394,49474,49544,49452,49404,49434,49491,49470,49383,49474
7984,49394,49474,49544,49452,49404,49434,49491,49470,49383,49474
7985,49394,49474,49544,49452,49404,49434,49491,49470,49383,49474
7986,49394,49474,49544,49452,49404,49434,49491,49470,49383,49474
7987,49394,49474,49544,49452,49404,49434,49491,49470,49383,49474
7988,49394,49474,49544,49452,49404,49434,49491,49470,49383,49474
7989,49394,49474,49544,49452,49404,49434,49491,49470,49383,49474
7990,49394,49474,49544,49452,49404,49434,49491,49470,49383,49474
7991,49394,49474,49544,49452,49404,49434,49491,49470,49383,49474
7992,49394,49474,49544,49452,49404,49434,49491,49470,49383,49474
7993,49394,49474,49544,49452,49404,49434,49491,49470,49383,49474
7994,49394,49474,49544,49452,49404,49434,49491,49470,49383,49474
7995,49394,49474,49544,49452,49404,49434,49491,49470,49383,49474
7996,49394,49474,49544,49452,49404,49434,49491,49470,49383,49474
7997,49394,49474,49544,49452,49404,49434,49491,49470,49383,49474
7998,49394,49474,49544,49452,49404,49434,49491,49470,49383,49474
7999,49394,49474,49544,49452,49404,49434,49491,49470,49383,49474
8000,49394,49474,49544,49452,49404,49434,49491,49470,49383,49474
8001,49394,49474,49544,49452,49404,49434,49491,49470,49383,49474
8002,49394,49474,49544,49452,49404,49434,49491,49470,49383,49474
8003,49394,49474,49544,49452,49404,49434,49491,49470,49383,49474
8004,49394,49474,49544,49452,49404,49434,49491,49470,49383,49474
8005,49394,49474,49544,49452,49404,49434,49491,49470,49383,49474
8006,49394,49474,49544,49452,49404,49434,49491,49470,49383,49474
8007,49394,49474,49544,49452,49404,49434,49491,49470,49383,49474
8008,49394,49474,49544,49452,49404,49434,49491,49470,49383,49474
8009,49394,49474,49544,49452,49404,49434,49491,49470,49383,49474
8010,49394,49474,49544,49452,49404,49434,49491,49470,49383,49474
8011,49394,49474,49544,49452,49404,49434,49491,49470,49383,49474
8012,49394,49474,49544,49452,49404,49434,49491,49470,49383,49474
8013,49394,49474,49544,49452,49404,49434,49491,49470,49383,49474
8014,49394,49474,49544,49452,49404,49434,49491,49470,49383,49474
8015,49394,49474,49544,49452,49404,49434,49491,49470,49383,49474
8016,49394,49474,49544,49452,49404,49434,49491,49470,49383,49474
8017,49394,49474,49544,49452,49404,49434,49491,49470,49383,49474
8018,49394,49474,49544,49452,49404,49434,49491,49470,49383,49474
8019,49394,49474,49544,49452,49404,49434,49491,49470,49383,49474
8020,49394,49474,49544,49452,49404,49434,49491,49470,49383,49474
8021,49394,49474,49544,49452,49404,49434,49491,49470,49383,49474
8022,49394,49474,49544,49452,49404,49434,49491,49470,49383,49474
8023,49394,49474,49544,49452,49404,49434,49491,49470,49383,49474
8024,49394,49474,49544,49452,49404,49434,49491,49470,49383,49474
8025,49394,49474,49544,49452,49404,49434,49491,49470,49383,49474
8026,49394,49474,49544,49452,49404,49434,49491,49470,49383,49474
8027,49394,49474,49544,49452,49404,49434,49491,49470,49383,49474
8028,49394,49474,49544,49452,49404,49434,49491,49470,49383,49474
8029,49394,49474,49544,49452,49404,49434,49491,49470,49383,49474
8030,49394,49474,49544,49452,49404,49434,49491,49470,49383,49474
8031,49394,49474,49544,49452,49404,49434,49491,49470,49383,49474
8032,49394,49474,49544,49452,49404,49434,49491,49470,49383,49474
8033,49394,49474,49544,49452,49404,49434,49491,49470,49383,49474
8034,49394,49474,49544,49452,49404,49434,49491,49470,49383,49474
8035,49394,49474,49544,49452,49404,49434,49491,49470,49383,49474
8036,49394,49474,49544,49452,49404,49434,49491,49470,49383,49474
8037,49394,49474,49544,49452,49404,49434,49491,49470,49383,49474
8038,49394,49474,49544,49452,49404,49434,49491,49470,49383,49474
8039,49394,49474,49544,49452,49404,49434,49491,49470,49383,49474
8040,49394,49474,49544,49452,49404,49434,49491,49470,49383,49474
8041,49394,49474,49544,49452,49404,49434,49491,49470,49383,49474
8042,49394,49474,49544,49452,49404,49434,49491,49470,49383,49474
8043,49394,49474,49544,49452,49404,49434,49491,49470,49383,49474
8044,49394,49474,49544,49452,49404,49434,49491,49470,49383,49474
8045,49394,49474,49544,49452,49404,49434,49491,49470,49383,49474
8046,49394,49474,49544,49452,49404,49434,49491,49470,49383,49474
8047,49394,49474,49544,49452,49404,49434,49491,49470,49383,49474
8048,49394,49474,49544,49452,49404,49434,49491,49470,49383,49474
8049,49394,49474,49544,49452,49404,49434,49491,49470,49383,49474
8050,49394,49474,49544,49452,49404,49434,49491,49470,49383,49474
8051,49394,49474,49544,49452,49404,49434,49491,49470,49383,49474
8052,49394,49474,49544,49452,49404,49434,49491,49470,49383,49474
8053,49394,49474,49544,49452,49404,49434,49491,49470,49383,49474
8054,49394,49474,49544,49452,49404,49434,49491,49470,49383,49474
8055,49394,49474,49544,49452,49404,49434,49491,49470,49383,49474
8056,49394,49474,49544,49452,49404,49434,49491,49470,49383,49474
8057,49394,49474,49544,49452,49404,49434,49491,49470,49383,49474
8058,49394,49474,49544,49452,49404,49434,49491,49470,49383,49474
8059,49394,49474,49544,49452,49404,49434,49491,49470,49383,49474
8060,49394,49474,49544,49452,49404,49434,49491,49470,49383,49474
8061,49394,49474,49544,49452,49404,49434,49491,49470,49383,49474
8062,49394,49474,49544,49452,49404,49434,49491,49470,49383,49474
8063,49394,49474,49544,49452,49404,49434,49491,49470,49383,49474
8064,49394,49474,49544,49452,49404,49434,49491,49470,49383,49474
8065,49394,49474,49544,49452,49404,49434,49491,49470,49383,49474
8066,49394,49474,49544,49452,49404,49434,49491,49470,49383,49474
8067,49394,49474,49544,49452,49404,49434,49491,49470,49383,49474
8068,49394,49474,49544,49452,49404,49434,49491,49470,49383,49474
8069,49394,49474,49544,49452,49404,49434,49491,49470,49383,49474
8070,49394,49474,49544,49452,49404,49434,49491,49470,49383,49474
8071,49394,49474,49544,49452,49404,49434,49491,49470,49383,49474
8072,49394,49474,49544,49452,49404,49434,49491,49470,49383,49474
8073,49394,49474,49544,49452,49404,49434,49491,49470,49383,49474
8074,49394,49474,49544,49452,49404,49434,49491,49470,49383,49474
8075,49394,49474,49544,49452,49404,49434,49491,49470,49383,49474
8076,49394,49474,49544,49452,49404,49434,49491,49470,49383,49474
8077,49394,49474,49544,49452,49404,49434,49491,49470,49383,49474
8078,49394,49474,49544,49452,49404,49434,49491,49470,49383,49474
8079,49394,49474,49544,49452,49404,49434,49491,49470,49383,49474
8080,49394,49474,49544,49452,49404,49434,49491,49470,49383,49474
8081,49394,49474,49544,49452,49404,49434,49491,49470,49383,49474
8082,49394,49474,49544,49452,49404,49434,49491,49470,49383,49474
8083,49394,49474,49544,49452,49404,49434,49491,49470,49383,49474
8084,49394,49474,49544,49452,49404,49434,49491,49470,49383,49474
8085,49394,49474,49544,49452,49404,49434,49491,49470,49383,49474
8086,49394,49474,49544,49452,49404,49434,49491,49470,49383,49474
8087,49394,49474,49544,49452,49404,49434,49491,49470,49383,49474
8088,49394,49474,49544,49452,49404,49434,49491,49470,49383,49474
8089,49394,49474,49544,49452,49404,49434,49491,49470,49383,49474
8090,49394,49474,49544,49452,49404,49434,49491,49470,49383,49474
8091,49394,49474,49544,49452,49404,49434,49491,49470,49383,49474
8092,49394,49474,49544,49452,49404,49434,49491,49470,49383,49474
8093,49394,49474,49544,49452,49404,49434,49491,49470,49383,49474
8094,49394,49474,49544,49452,49404,49434,49491,49470,49383,49474
8095,49394,49474,49544,49452,49404,49434,49491,49470,49383,49474
8096,49394,49474,49544,49452,49404,49434,49491,49470,49383,49474
8097,49394,49474,49544,49452,49404,49434,49491,49470,49383,49474
8098,49394,49474,49544,49452,49404,49434,49491,49470,49383,49474
8099,49394,49474,49544,49452,49404,49434,49491,49470,49383,49474
8100,49394,49474,49544,49452,49404,49434,49491,49470,49383,49474
8101,49394,49474,49544,49452,49404,49434,49491,49470,49383,49474
8102,49394,49474,49544,49452,49404,49434,49491,49470,49383,49474
8103,49394,49474,49544,49452,49404,49434,49491,49470,49383,49474
8104,49394,49474,49544,49452,49404,49434,49491,49470,49383,49474
8105,49394,49474,49544,49452,49404,49434,49491,49470,49383,49474
8106,49394,49474,49544,49452,49404,49434,49491,49470,49383,49474
8107,49394,49474,49544,49452,49404,49434,49491,49470,49383,49474
8108,49394,49474,49544,49452,49404,49434,49491,49470,49383,49474
8109,49394,49474,49544,49452,49404,49434,49491,49470,49383,49474
8110,49394,49474,49544,49452,49404,49434,49491,49470,49383,49474
8111,49394,49474,49544,49452,49404,49434,49491,49470,49383,49474
8112,49394,49474,49544,49452,49404,49434,49491,49470,49383,49474
8113,49394,49474,49544,49452,49404,49434,49491,49470,49383,49474
8114,49394,49474,49544,49452,49404,49434,49491,49470,49383,49474
8115,49394,49474,49544,49452,49404,49434,49491,49470,49383,49474
8116,49394,49474,49544,49452,49404,49434,49491,49470,49383,49474
8117,49394,49474,49544,49452,49404,49434,49491,49470,49383,49474
8118,49394,49474,49544,49452,49404,49434,49491,49470,49383,49474
8119,49394,49474,49544,49452,49404,49434,49491,49470,49383,49474
8120,49394,49474,49544,49452,49404,49434,49491,49470,49383,49474
8121,49394,49474,49544,49452,49404,49434,49491,49470,49383,49474
8122,49394,49474,49544,49452,49404,49434,49491,49470,49383,49474
8123,49394,49474,49544,49452,49404,49434,49491,49470,49383,49474
8124,49394,49474,49544,49452,49404,49434,49491,49470,49383,49474
8125,49394,49474,49544,49452,49404,49434,49491,49470,49383,49474
8126,49394,49474,49544,49452,49404,49434,49491,49470,49383,49474
8127,49394,49474,49544,49452,49404,49434,49491,49470,49383,49474
8128,49394,49474,49544,49452,49404,49434,49491,49470,49383,49474
8129,49394,49474,49544,49452,49404,49434,49491,49470,49383,49474
8130,49394,49474,49544,49452,49404,49434,49491,49470,49383,49474
8131,49394,49474,49544,49452,49404,49434,49491,49470,49383,49474
8132,49394,49474,49544,49452,49404,49434,49491,49470,49383,49474
8133,49394,49474,49544,49452,49404,49434,49491,49470,49383,49474
8134,49394,49474,49544,49452,49404,49434,49491,49470,49383,49474
8135,49394,49474,49544,49452,49404,49434,49491,49470,49383,49474
8136,49394,49474,49544,49452,49404,49434,49491,49470,49383,49474
8137,49394,49474,49544,49452,49404,49434,49491,49470,49383,49474
8138,49394,49474,49544,49452,49404,49434,49491,49470,49383,49474
8139,49394,49474,49544,49452,49404,49434,49491,49470,49383,49474
8140,49394,49474,49544,49452,49404,49434,49491,49470,49383,49474
8141,49394,49474,49544,49452,49404,49434,49491,49470,49383,49474
8142,49394,49474,49544,49452,49404,49434,49491,49470,49383,49474
8143,49394,49474,49544,49452,49404,49434,49491,49470,49383,49474
8144,49394,49474,49544,49452,49404,49434,49491,49470,49383,49474
8145,49394,49474,49544,49452,49404,49434,49491,49470,49383,49474
8146,49394,49474,49544,49452,49404,49434,49491,49470,49383,49474
8147,49394,49474,49544,49452,49404,49434,49491,49470,49383,49474
8148,49394,49474,49544,49452,49404,49434,49491,49470,49383,49474
8149,49394,49474,49544,49452,49404,49434,49491,49470,49383,49474
8150,49394,49474,49544,49452,49404,49434,49491,49470,49383,49474
8151,49394,49474,49544,49452,49404,49434,49491,49470,49383,49474
8152,49394,49474,49544,49452,49404,49434,49491,49470,49383,49474
8153,49394,49474,49544,49452,49404,49434,49491,49470,49383,49474
8154,49394,49474,49544,49452,49404,49434,49491,49470,49383,49474
8155,49394,49474,49544,49452,49404,49434,49491,49470,49383,49474
8156,49394,49474,49544,49452,49404,49434,49491,49470,49383,49474
8157,49394,49474,49544,49452,49404,49434,49491,49470,49383,49474
8158,49394,49474,49544,49452,49404,49434,49491,49470,49383,49474
8159,49394,49474,49544,49452,49404,49434,49491,49470,49383,49474
8160,49394,49474,49544,49452,49404,49434,49491,49470,49383,49474
8161,49394,49474,49544,49452,49404,49434,49491,49470,49383,49474
8162,49394,49474,49544,49452,49404,49434,49491,49470,49383,49474
8163,49394,49474,49544,49452,49404,49434,49491,49470,49383,49474
8164,49394,49474,49544,49452,49404,49434,49491,49470,49383,49474
8165,49394,49474,49544,49452,49404,49434,49491,49470,49383,49474
8166,49394,49474,49544,49452,49404,49434,49491,49470,49383,49474
8167,49394,49474,49544,49452,49404,49434,49491,49470,49383,49474
8168,49394,49474,49544,49452,49404,49434,49491,49470,49383,49474
8169,49394,49474,49544,49452,49404,49434,49491,49470,49383,49474
8170,49394,49474,49544,49452,49404,49434,49491,49470,49383,49474
8171,49394,49474,49544,49452,49404,49434,49491,49470,49383,49474
8172,49394,49474,49544,49452,49404,49434,49491,49470,49383,49474
8173,49394,49474,49544,49452,49404,49434,49491,49470,49383,49474
8174,49394,49474,49544,49452,49404,49434,49491,49470,49383,49474
8175,49394,49474,49544,49452,49404,49434,49491,49470,49383,49474
8176,49394,49474,49544,49452,49404,49434,49491,49470,49383,49474
8177,49394,49474,49544,49452,49404,49434,49491,49470,49383,49474
8178,49394,49474,49544,49452,49404,49434,49491,49470,49383,49474
8179,49394,49474,49544,49452,49404,49434,49491,49470,49383,49474
8180,49394,49474,49544,49452,49404,49434,49491,49470,49383,49474
8181,49394,49474,49544,49452,49404,49434,49491,49470,49383,49474
8182,49394,49474,49544,49452,49404,49434,49491,49470,49383,49474
8183,49394,49474,49544,49452,49404,49434,49491,49470,49383,49474
8184,49394,49474,49544,49452,49404,49434,49491,49470,49383,49474
8185,49394,49474,49544,49452,49404,49434,49491,49470,49383,49474
8186,49394,49474,49544,49452,49404,49434,49491,49470,49383,49474
8187,49394,49474,49544,49452,49404,49434,49491,49470,49383,49474
8188,49394,49474,49544,49452,49404,49434,49491,49470,49383,49474
8189,49394,49474,49544,49452,49404,49434,49491,49470,49383,49474
8190,49394,49474,49544,49452,49404,49434,49491,49470,49383,49474
8191,49394,49474,49544,49452,49404,49434,49491,49470,49383,49474
8192,49394,49474,49544,49452,49404,49434,49491,49470,49383,49474
8193,49394,49474,49544,49452,49404,49434,49491,49470,49383,49474
8194,49394,49474,49544,49452,49404,49434,49491,49470,49383,49474
8195,49394,49474,49544,49452,49404,49434,49491,49470,49383,49474
8196,49394,49474,49544,49452,49404,49434,49491,49470,49383,49474
8197,49394,49474,49544,49452,49404,49434,49491,49470,49383,49474
8198,49394,49474,49544,49452,49404,49434,49491,49470,49383,49474
8199,49394,49474,49544,49452,49404,49434,49491,49470,49383,49474
8200,49394,49474,49544,49452,49404,49434,49491,49470,49383,49474
8201,49394,49474,49544,49452,49404,49434,49491,49470,49383,49474
8202,49394,49474,49544,49452,49404,49434,49491,49470,49383,49474
8203,49394,49474,49544,49452,49404,49434,49491,49470,49383,49474
8204,49394,49474,49544,49452,49404,49434,49491,49470,49383,49474
8205,49394,49474,49544,49452,49404,49434,49491,49470,49383,49474
8206,49394,49474,49544,49452,49404,49434,49491,49470,49383,49474
8207,49394,49474,49544,49452,49404,49434,49491,49470,49383,49474
8208,49394,49474,49544,49452,49404,49434,49491,49470,49383,49474
8209,49394,49474,49544,49452,49404,49434,49491,49470,49383,49474
8210,49394,49474,49544,49452,49404,49434,49491,49470,49383,49474
8211,49394,49474,49544,49452,49404,49434,49491,49470,49383,49474
8212,49394,49474,49544,49452,49404,49434,49491,49470,49383,49474
8213,49394,49474,49544,49452,49404,49434,49491,49470,49383,49474
8214,49394,49474,49544,49452,49404,49434,49491,49470,49383,49474
8215,49394,49474,49544,49452,49404,49434,49491,49470,49383,49474
8216,49394,49474,49544,49452,49404,49434,49491,49470,49383,49474
8217,49394,49474,49544,49452,49404,49434,49491,49470,49383,49474
8218,49394,49474,49544,49452,49404,49434,49491,49470,49383,49474
8219,49394,49474,49544,49452,49404,49434,49491,49470,49383,49474
8220,49394,49474,49544,49452,49404,49434,49491,49470,49383,49474
8221,49394,49474,49544,49452,49404,49434,49491,49470,49383,49474
8222,49394,49474,49544,49452,49404,49434,49491,49470,49383,49474
8223,49394,49474,49544,49452,49404,49434,49491,49470,49383,49474
8224,49394,49474,49544,49452,49404,49434,49491,49470,49383,49474
8225,49394,49474,49544,49452,49404,49434,49491,49470,49383,49474
8226,49394,49474,49544,49452,49404,49434,49491,49470,49383,49474
8227,49394,49474,49544,49452,49404,49434,49491,49470,49383,49474
8228,49394,49474,49544,49452,49404,49434,49491,49470,49383,49474
8229,49394,49474,49544,49452,49404,49434,49491,49470,49383,49474
8230,49394,49474,49544,49452,49404,49434,49491,49470,49383,49474
8231,49394,49474,49544,49452,49404,49434,49491,49470,49383,49474
8232,49394,49474,49544,49452,49404,49434,49491,49470,49383,49474
8233,49394,49474,49544,49452,49404,49434,49491,49470,49383,49474
8234,49394,49474,49544,49452,49404,49434,49491,49470,49383,49474
8235,49394,49474,49544,49452,49404,49434,49491,49470,49383,49474
8236,49394,49474,49544,49452,49404,49434,49491,49470,49383,49474
8237,49394,49474,49544,49452,49404,49434,49491,49470,49383,49474
8238,49394,49474,49544,49452,49404,49434,49491,49470,49383,49474
8239,49394,49474,49544,49452,49404,49434,49491,49470,49383,49474
8240,49394,49474,49544,49452,49404,49434,49491,49470,49383,49474
8241,49394,49474,49544,49452,49404,49434,49491,49470,49383,49474
8242,49394,49474,49544,49452,49404,49434,49491,49470,49383,49474
8243,49394,49474,49544,49452,49404,49434,49491,49470,49383,49474
8244,49394,49474,49544,49452,49404,49434,49491,49470,49383,49474
8245,49394,49474,49544,49452,49404,49434,49491,49470,49383,49474
8246,49394,49474,49544,49452,49404,49434,49491,49470,49383,49474
8247,49394,49474,49544,49452,49404,49434,49491,49470,49383,49474
8248,49394,49474,49544,49452,49404,49434,49491,49470,49383,49474
8249,49394,49474,49544,49452,49404,49434,49491,49470,49383,49474
8250,49394,49474,49544,49452,49404,49434,49491,49470,49383,49474
8251,49394,49474,49544,49452,49404,49434,49491,49470,49383,49474
8252,49394,49474,49544,49452,49404,49434,49491,49470,49383,49474
8253,49394,49474,49544,49452,49404,49434,49491,49470,49383,49474
8254,49394,49474,49544,49452,49404,49434,49491,49470,49383,49474
8255,49394,49474,49544,49452,49404,49434,49491,49470,49383,49474
8256,49394,49474,49544,49452,49404,49434,49491,49470,49383,49474
8257,49394,49474,49544,49452,49404,49434,49491,49470,49383,49474
8258,49394,49474,49544,49452,49404,49434,49491,49470,49383,49474
8259,49394,49474,49544,49452,49404,49434,49491,49470,49383,49474
8260,49394,49474,49544,49452,49404,49434,49491,49470,49383,49474
8261,49394,49474,49544,49452,49404,49434,49491,49470,49383,49474
8262,49394,49474,49544,49452,49404,49434,49491,49470,49383,49474
8263,49394,49474,49544,49452,49404,49434,49491,49470,49383,49474
8264,49394,49474,49544,49452,49404,49434,49491,49470,49383,49474
8265,49394,49474,49544,49452,49404,49434,49491,49470,49383,49474
8266,49394,49474,49544,49452,49404,49434,49491,49470,49383,49474
8267,49394,49474,49544,49452,49404,49434,49491,49470,49383,49474
8268,49394,49474,49544,49452,49404,49434,49491,49470,49383,49474
8269,49394,49474,49544,49452,49404,49434,49491,49470,49383,49474
8270,49394,49474,49544,49452,49404,49434,49491,49470,49383,49474
8271,49394,49474,49544,49452,49404,49434,49491,49470,49383,49474
8272,49394,49474,49544,49452,49404,49434,49491,49470,49383,49474
8273,49394,49474,49544,49452,49404,49434,49491,49470,49383,49474
8274,49394,49474,49544,49452,49404,49434,49491,49470,49383,49474
8275,49394,49474,49544,49452,49404,49434,49491,49470,49383,49474
8276,49394,49474,49544,49452,49404,49434,49491,49470,49383,49474
8277,49394,49474,49544,49452,49404,49434,49491,49470,49383,49474
8278,49394,49474,49544,49452,49404,49434,49491,49470,49383,49474
8279,49394,49474,49544,49452,49404,49434,49491,49470,49383,49474
8280,49394,49474,49544,49452,49404,49434,49491,49470,49383,49474
8281,49394,49474,49544,49452,49404,49434,49491,49470,49383,49474
8282,49394,49474,49544,49452,49404,49434,49491,49470,49383,49474
8283,49394,49474,49544,49452,49404,49434,49491,49470,49383,49474
8284,49394,49474,49544,49452,49404,49434,49491,49470,49383,49474
8285,49394,49474,49544,49452,49404,49434,49491,49470,49383,49474
8286,49394,49474,49544,49452,49404,49434,49491,49470,49383,49474
8287,49394,49474,49544,49452,49404,49434,49491,49470,49383,49474
8288,49394,49474,49544,49452,49404,49434,49491,49470,49383,49474
8289,49394,49474,49544,49452,49404,49434,49491,49470,49383,49474
8290,49394,49474,49544,49452,49404,49434,49491,49470,49383,49474
8291,49394,49474,49544,49452,49404,49434,49491,49470,49383,49474
8292,49394,49474,49544,49452,49404,49434,49491,49470,49383,49474
8293,49394,49474,49544,49452,49404,49434,49491,49470,49383,49474
8294,49394,49474,49544,49452,49404,49434,49491,49470,49383,49474
8295,49394,49474,49544,49452,49404,49434,49491,49470,49383,49474
8296,49394,49474,49544,49452,49404,49434,49491,49470,49383,49474
8297,49394,49474,49544,49452,49404,49434,49491,49470,49383,49474
8298,49394,49474,49544,49452,49404,49434,49491,49470,49383,49474
8299,49394,49474,49544,49452,49404,49434,49491,49470,49383,49474
8300,49394,49474,49544,49452,49404,49434,49491,49470,49383,49474
8301,49394,49474,49544,49452,49404,49434,49491,49470,49383,49474
8302,49394,49474,49544,49452,49404,49434,49491,49470,49383,49474
8303,49394,49474,49544,49452,49404,49434,49491,49470,49383,49474
8304,49394,49474,49544,49452,49404,49434,49491,49470,49383,49474
8305,49394,49474,49544,49452,49404,49434,49491,49470,49383,49474
8306,49394,49474,49544,49452,49404,49434,49491,49470,49383,49474
8307,49394,49474,49544,49452,49404,49434,49491,49470,49383,49474
8308,49394,49474,49544,49452,49404,49434,49491,49470,49383,49474
8309,49394,49474,49544,49452,49404,49434,49491,49470,49383,49474
8310,49394,49474,49544,49452,49404,49434,49491,49470,49383,49474
8311,49394,49474,49544,49452,49404,49434,49491,49470,49383,49474
8312,49394,49474,49544,49452,49404,49434,49491,49470,49383,49474
8313,49394,49474,49544,49452,49404,49434,49491,49470,49383,49474
8314,49394,49474,49544,49452,49404,49434,49491,49470,49383,49474
8315,49394,49474,49544,49452,49404,49434,49491,49470,49383,49474
8316,49394,49474,49544,49452,49404,49434,49491,49470,49383,49474
8317,49394,49474,49544,49452,49404,49434,49491,49470,49383,49474
8318,49394,49474,49544,49452,49404,49434,49491,49470,49383,49474
8319,49394,49474,49544,49452,49404,49434,49491,49470,49383,49474
8320,49394,49474,49544,49452,49404,49434,49491,49470,49383,49474
8321,49394,49474,49544,49452,49404,49434,49491,49470,49383,49474
8322,49394,49474,49544,49452,49404,49434,49491,49470,49383,49474
8323,49394,49474,49544,49452,49404,49434,49491,49470,49383,49474
8324,49394,49474,49544,49452,49404,49434,49491,49470,49383,49474
8325,49394,49474,49544,49452,49404,49434,49491,49470,49383,49474
8326,49394,49474,49544,49452,49404,49434,49491,49470,49383,49474
8327,49394,49474,49544,49452,49404,49434,49491,49470,49383,49474
8328,49394,49474,49544,49452,49404,49434,49491,49470,49383,49474
8329,49394,49474,49544,49452,49404,49434,49491,49470,49383,49474
8330,49394,49474,49544,49452,49404,49434,49491,49470,49383,49474
8331,49394,49474,49544,49452,49404,49434,49491,49470,49383,49474
8332,49394,49474,49544,49452,49404,49434,49491,49470,49383,49474
8333,49394,49474,49544,49452,49404,49434,49491,49470,49383,49474
8334,49394,49474,49544,49452,49404,49434,49491,49470,49383,49474
8335,49394,49474,49544,49452,49404,49434,49491,49470,49383,49474
8336,49394,49474,49544,49452,49404,49434,49491,49470,49383,49474
8337,49394,49474,49544,49452,49404,49434,49491,49470,49383,49474
8338,49394,49474,49544,49452,49404,49434,49491,49470,49383,49474
8339,49394,49474,49544,49452,49404,49434,49491,49470,49383,49474
8340,49394,49474,49544,49452,49404,49434,49491,49470,49383,49474
8341,49394,49474,49544,49452,49404,49434,49491,49470,49383,49474
8342,49394,49474,49544,49452,49404,49434,49491,49470,49383,49474
8343,49394,49474,49544,49452,49404,49434,49491,49470,49383,49474
8344,49394,49474,49544,49452,49404,49434,49491,49470,49383,49474
8345,49394,49474,49544,49452,49404,49434,49491,49470,49383,49474
8346,49394,49474,49544,49452,49404,49434,49491,49470,49383,49474
8347,49394,49474,49544,49452,49404,49434,49491,49470,49383,49474
8348,49394,49474,49544,49452,49404,49434,49491,49470,49383,49474
8349,49394,49474,49544,49452,49404,49434,49491,49470,49383,49474
8350,49394,49474,49544,49452,49404,49434,49491,49470,49383,49474
8351,49394,49474,49544,49452,49404,49434,49491,49470,49383,49474
8352,49394,49474,49544,49452,49404,49434,49491,49470,49383,49474
8353,49394,49474,49544,49452,49404,49434,49491,49470,49383,49474
8354,49394,49474,49544,49452,49404,49434,49491,49470,49383,49474
8355,49394,49474,49544,49452,49404,49434,49491,49470,49383,49474
8356,49394,49474,49544,49452,49404,49434,49491,49470,49383,49474
8357,49394,49474,49544,49452,49404,49434,49491,49470,49383,49474
8358,49394,49474,49544,49452,49404,49434,49491,49470,49383,49474
8359,49394,49474,49544,49452,49404,49434,49491,49470,49383,49474
8360,49394,49474,49544,49452,49404,49434,49491,49470,49383,49474
8361,49394,49474,49544,49452,49404,49434,49491,49470,49383,49474
8362,49394,49474,49544,49452,49404,49434,49491,49470,49383,49474
8363,49394,49474,49544,49452,49404,49434,49491,49470,49383,49474
8364,49394,49474,49544,49452,49404,49434,49491,49470,49383,49474
8365,49394,49474,49544,49452,49404,49434,49491,49470,49383,49474
8366,49394,49474,49544,49452,49404,49434,49491,49470,49383,49474
8367,49394,49474,49544,49452,49404,49434,49491,49470,49383,49474
8368,49394,49474,49544,49452,49404,49434,49491,49470,49383,49474
8369,49394,49474,49544,49452,49404,49434,49491,49470,49383,49474
8370,49394,49474,49544,49452,49404,49434,49491,49470,49383,49474
8371,49394,49474,49544,49452,49404,49434,49491,49470,49383,49474
8372,49394,49474,49544,49452,49404,49434,49491,49470,49383,49474
8373,49394,49474,49544,49452,49404,49434,49491,49470,49383,49474
8374,49394,49474,49544,49452,49404,49434,49491,49470,49383,49474
8375,49394,49474,49544,49452,49404,49434,49491,49470,49383,49474
8376,49394,49474,49544,49452,49404,49434,49491,49470,49383,49474
8377,49394,49474,49544,49452,49404,49434,49491,49470,49383,49474
8378,49394,49474,49544,49452,49404,49434,49491,49470,49383,49474
8379,49394,49474,49544,49452,49404,49434,49491,49470,49383,49474
8380,49394,49474,49544,49452,49404,49434,49491,49470,49383,49474
8381,49394,49474,49544,49452,49404,49434,49491,49470,49383,49474
8382,49394,49474,49544,49452,49404,49434,49491,49470,49383,49474
8383,49394,49474,49544,49452,49404,49434,49491,49470,49383,49474
8384,49394,49474,49544,49452,49404,49434,49491,49470,49383,49474
8385,49394,49474,49544,49452,49404,49434,49491,49470,49383,49474
8386,49394,49474,49544,49452,49404,49434,49491,49470,49383,49474
8387,49394,49474,49544,49452,49404,49434,49491,49470,49383,49474
8388,49394,49474,49544,49452,49404,49434,49491,49470,49383,49474
8389,49394,49474,49544,49452,49404,49434,49491,49470,49383,49474
8390,49394,49474,49544,49452,49404,49434,49491,49470,49383,49474
8391,49394,49474,49544,49452,49404,49434,49491,49470,49383,49474
8392,49394,49474,49544,49452,49404,49434,49491,49470,49383,49474
8393,49394,49474,49544,49452,49404,49434,49491,49470,49383,49474
8394,49394,49474,49544,49452,49404,49434,49491,49470,49383,49474
8395,49394,49474,49544,49452,49404,49434,49491,49470,49383,49474
8396,49394,49474,49544,49452,49404,49434,49491,49470,49383,49474
8397,49394,49474,49544,49452,49404,49434,49491,49470,49383,49474
8398,49394,49474,49544,49452,49404,49434,49491,49470,49383,49474
8399,49394,49474,49544,49452,49404,49434,49491,49470,49383,49474
8400,49394,49474,49544,49452,49404,49434,49491,49470,49383,49474
8401,49394,49474,49544,49452,49404,49434,49491,49470,49383,49474
8402,49394,49474,49544,49452,49404,49434,49491,49470,49383,49474
8403,49394,49474,49544,49452,49404,49434,49491,49470,49383,49474
8404,49394,49474,49544,49452,49404,49434,49491,49470,49383,49474
8405,49394,49474,49544,49452,49404,49434,49491,49470,49383,49474
8406,49394,49474,49544,49452,49404,49434,49491,49470,49383,49474
8407,49394,49474,49544,49452,49404,49434,49491,49470,49383,49474
8408,49394,49474,49544,49452,49404,49434,49491,49470,49383,49474
8409,49394,49474,49544,49452,49404,49434,49491,49470,49383,49474
8410,49394,49474,49544,49452,49404,49434,49491,49470,49383,49474
8411,49394,49474,49544,49452,49404,49434,49491,49470,49383,49474
8412,49394,49474,49544,49452,49404,49434,49491,49470,49383,49474
8413,49394,49474,49544,49452,49404,49434,49491,49470,49383,49474
8414,49394,49474,49544,49452,49404,49434,49491,49470,49383,49474
8415,49394,49474,49544,49452,49404,49434,49491,49470,49383,49474
8416,49394,49474,49544,49452,49404,49434,49491,49470,49383,49474
8417,49394,49474,49544,49452,49404,49434,49491,49470,49383,49474
8418,49394,49474,49544,49452,49404,49434,49491,49470,49383,49474
8419,49394,49474,49544,49452,49404,49434,49491,49470,49383,49474
8420,49394,49474,49544,49452,49404,49434,49491,49470,49383,49474
8421,49394,49474,49544,49452,49404,49434,49491,49470,49383,49474
8422,49394,49474,49544,49452,49404,49434,49491,49470,49383,49474
8423,49394,49474,49544,49452,49404,49434,49491,49470,49383,49474
8424,49394,49474,49544,49452,49404,49434,49491,49470,49383,49474
8425,49394,49474,49544,49452,49404,49434,49491,49470,49383,49474
8426,49394,49474,49544,49452,49404,49434,49491,49470,49383,49474
8427,49394,49474,49544,49452,49404,49434,49491,49470,49383,49474
8428,49394,49474,49544,49452,49404,49434,49491,49470,49383,49474
8429,49394,49474,49544,49452,49404,49434,49491,49470,49383,49474
8430,49394,49474,49544,49452,49404,49434,49491,49470,49383,49474
8431,49394,49474,49544,49452,49404,49434,49491,49470,49383,49474
8432,49394,49474,49544,49452,49404,49434,49491,49470,49383,49474
8433,49394,49474,49544,49452,49404,49434,49491,49470,49383,49474
8434,49394,49474,49544,49452,49404,49434,49491,49470,49383,49474
8435,49394,49474,49544,49452,49404,49434,49491,49470,49383,49474
8436,49394,49474,49544,49452,49404,49434,49491,49470,49383,49474
8437,49394,49474,49544,49452,49404,49434,49491,49470,49383,49474
8438,49394,49474,49544,49452,49404,49434,49491,49470,49383,49474
8439,49394,49474,49544,49452,49404,49434,49491,49470,49383,49474
8440,49394,49474,49544,49452,49404,49434,49491,49470,49383,49474
8441,49394,49474,49544,49452,49404,49434,49491,49470,49383,49474
8442,49394,49474,49544,49452,49404,49434,49491,49470,49383,49474
8443,49394,49474,49544,49452,49404,49434,49491,49470,49383,49474
8444,49394,49474,49544,49452,49404,49434,49491,49470,49383,49474
8445,49394,49474,49544,49452,49404,49434,49491,49470,49383,49474
8446,49394,49474,49544,49452,49404,49434,49491,49470,49383,49474
8447,49394,49474,49544,49452,49404,49434,49491,49470,49383,49474
8448,49394,49474,49544,49452,49404,49434,49491,49470,49383,49474
8449,49394,49474,49544,49452,49404,49434,49491,49470,49383,49474
8450,49394,49474,49544,49452,49404,49434,49491,49470,49383,49474
8451,49394,49474,49544,49452,49404,49434,49491,49470,49383,49474
8452,49394,49474,49544,49452,49404,49434,49491,49470,49383,49474
8453,49394,49474,49544,49452,49404,49434,49491,49470,49383,49474
8454,49394,49474,49544,49452,49404,49434,49491,49470,49383,49474
8455,49394,49474,49544,49452,49404,49434,49491,49470,49383,49474
8456,49394,49474,49544,49452,49404,49434,49491,49470,49383,49474
8457,49394,49474,49544,49452,49404,49434,49491,49470,49383,49474
8458,49394,49474,49544,49452,49404,49434,49491,49470,49383,49474
8459,49394,49474,49544,49452,49404,49434,49491,49470,49383,49474
8460,49394,49474,49544,49452,49404,49434,49491,49470,49383,49474
8461,49394,49474,49544,49452,49404,49434,49491,49470,49383,49474
8462,49394,49474,49544,49452,49404,49434,49491,49470,49383,49474
8463,49394,49474,49544,49452,49404,49434,49491,49470,49383,49474
8464,49394,49474,49544,49452,49404,49434,49491,49470,49383,49474
8465,49394,49474,49544,49452,49404,49434,49491,49470,49383,49474
8466,49394,49474,49544,49452,49404,49434,49491,49470,49383,49474
8467,49394,49474,49544,49452,49404,49434,49491,49470,49383,49474
8468,49394,49474,49544,49452,49404,49434,49491,49470,49383,49474
8469,49394,49474,49544,49452,49404,49434,49491,49470,49383,49474
8470,49394,49474,49544,49452,49404,49434,49491,49470,49383,49474
8471,49394,49474,49544,49452,49404,49434,49491,49470,49383,49474
8472,49394,49474,49544,49452,49404,49434,49491,49470,49383,49474
8473,49394,49474,49544,49452,49404,49434,49491,49470,49383,49474
8474,49394,49474,49544,49452,49404,49434,49491,49470,49383,49474
8475,49394,49474,49544,49452,49404,49434,49491,49470,49383,49474
8476,49394,49474,49544,49452,49404,49434,49491,49470,49383,49474
8477,49394,49474,49544,49452,49404,49434,49491,49470,49383,49474
8478,49394,49474,49544,49452,49404,49434,49491,49470,49383,49474
8479,49394,49474,49544,49452,49404,49434,49491,49470,49383,49474
8480,49394,49474,49544,49452,49404,49434,49491,49470,49383,49474
8481,49394,49474,49544,49452,49404,49434,49491,49470,49383,49474
8482,49394,49474,49544,49452,49404,49434,49491,49470,49383,49474
8483,49394,49474,49544,49452,49404,49434,49491,49470,49383,49474
8484,49394,49474,49544,49452,49404,49434,49491,49470,49383,49474
8485,49394,49474,49544,49452,49404,49434,49491,49470,49383,49474
8486,49394,49474,49544,49452,49404,49434,49491,49470,49383,49474
8487,49394,49474,49544,49452,49404,49434,49491,49470,49383,49474
8488,49394,49474,49544,49452,49404,49434,49491,49470,49383,49474
8489,49394,49474,49544,49452,49404,49434,49491,49470,49383,49474
8490,49394,49474,49544,49452,49404,49434,49491,49470,49383,49474
8491,49394,49474,49544,49452,49404,49434,49491,49470,49383,49474
8492,49394,49474,49544,49452,49404,49434,49491,49470,49383,49474
8493,49394,49474,49544,49452,49404,49434,49491,49470,49383,49474
8494,49394,49474,49544,49452,49404,49434,49491,49470,49383,49474
8495,49394,49474,49544,49452,49404,49434,49491,49470,49383,49474
8496,49394,49474,49544,49452,49404,49434,49491,49470,49383,49474
8497,49394,49474,49544,49452,49404,49434,49491,49470,49383,49474
8498,49394,49474,49544,49452,49404,49434,49491,49470,49383,49474
8499,49394,49474,49544,49452,49404,49434,49491,49470,49383,49474
8500,49394,49474,49544,49452,49404,49434,49491,49470,49383,49474
8501,49394,49474,49544,49452,49404,49434,49491,49470,49383,49474
8502,49394,49474,49544,49452,49404,49434,49491,49470,49383,49474
8503,49394,49474,49544,49452,49404,49434,49491,49470,49383,49474
8504,49394,49474,49544,49452,49404,49434,49491,49470,49383,49474
8505,49394,49474,49544,49452,49404,49434,49491,49470,49383,49474
8506,49394,49474,49544,49452,49404,49434,49491,49470,49383,49474
8507,49394,49474,49544,49452,49404,49434,49491,49470,49383,49474
8508,49394,49474,49544,49452,49404,49434,49491,49470,49383,49474
8509,49394,49474,49544,49452,49404,49434,49491,49470,49383,49474
8510,49394,49474,49544,49452,49404,49434,49491,49470,49383,49474
8511,49394,49474,49544,49452,49404,49434,49491,49470,49383,49474
8512,49394,49474,49544,49452,49404,49434,49491,49470,49383,49474
8513,49394,49474,49544,49452,49404,49434,49491,49470,49383,49474
8514,49394,49474,49544,49452,49404,49434,49491,49470,49383,49474
8515,49394,49474,49544,49452,49404,49434,49491,49470,49383,49474
8516,49394,49474,49544,49452,49404,49434,49491,49470,49383,49474
8517,49394,49474,49544,49452,49404,49434,49491,49470,49383,49474
8518,49394,49474,49544,49452,49404,49434,49491,49470,49383,49474
8519,49394,49474,49544,49452,49404,49434,49491,49470,49383,49474
8520,49394,49474,49544,49452,49404,49434,49491,49470,49383,49474
8521,49394,49474,49544,49452,49404,49434,49491,49470,49383,49474
8522,49394,49474,49544,49452,49404,49434,49491,49470,49383,49474
8523,49394,49474,49544,49452,49404,49434,49491,49470,49383,49474
8524,49394,49474,49544,49452,49404,49434,49491,49470,49383,49474
8525,49394,49474,49544,49452,49404,49434,49491,49470,49383,49474
8526,49394,49474,49544,49452,49404,49434,49491,49470,49383,49474
8527,49394,49474,49544,49452,49404,49434,49491,49470,49383,49474
8528,49394,49474,49544,49452,49404,49434,49491,49470,49383,49474
8529,49394,49474,49544,49452,49404,49434,49491,49470,49383,49474
8530,49394,49474,49544,49452,49404,49434,49491,49470,49383,49474
8531,49394,49474,49544,49452,49404,49434,49491,49470,49383,49474
8532,49394,49474,49544,49452,49404,49434,49491,49470,49383,49474
8533,49394,49474,49544,49452,49404,49434,49491,49470,49383,49474
8534,49394,49474,49544,49452,49404,49434,49491,49470,49383,49474
8535,49394,49474,49544,49452,49404,49434,49491,49470,49383,49474
8536,49394,49474,49544,49452,49404,49434,49491,49470,49383,49474
8537,49394,49474,49544,49452,49404,49434,49491,49470,49383,49474
8538,49394,49474,49544,49452,49404,49434,49491,49470,49383,49474
8539,49394,49474,49544,49452,49404,49434,49491,49470,49383,49474
8540,49394,49474,49544,49452,49404,49434,49491,49470,49383,49474
8541,49394,49474,49544,49452,49404,49434,49491,49470,49383,49474
8542,49394,49474,49544,49452,49404,49434,49491,49470,49383,49474
8543,49394,49474,49544,49452,49404,49434,49491,49470,49383,49474
8544,49394,49474,49544,49452,49404,49434,49491,49470,49383,49474
8545,49394,49474,49544,49452,49404,49434,49491,49470,49383,49474
8546,49394,49474,49544,49452,49404,49434,49491,49470,49383,49474
8547,49394,49474,49544,49452,49404,49434,49491,49470,49383,49474
8548,49394,49474,49544,49452,49404,49434,49491,49470,49383,49474
8549,49394,49474,49544,49452,49404,49434,49491,49470,49383,49474
8550,49394,49474,49544,49452,49404,49434,49491,49470,49383,49474
8551,49394,49474,49544,49452,49404,49434,49491,49470,49383,49474
8552,49394,49474,49544,49452,49404,49434,49491,49470,49383,49474
8553,49394,49474,49544,49452,49404,49434,49491,49470,49383,49474
8554,49394,49474,49544,49452,49404,49434,49491,49470,49383,49474
8555,49394,49474,49544,49452,49404,49434,49491,49470,49383,49474
8556,49394,49474,49544,49452,49404,49434,49491,49470,49383,49474
8557,49394,49474,49544,49452,49404,49434,49491,49470,49383,49474
8558,49394,49474,49544,49452,49404,49434,49491,49470,49383,49474
8559,49394,49474,49544,49452,49404,49434,49491,49470,49383,49474
8560,49394,49474,49544,49452,49404,49434,49491,49470,49383,49474
8561,49394,49474,49544,49452,49404,49434,49491,49470,49383,49474
8562,49394,49474,49544,49452,49404,49434,49491,49470,49383,49474
8563,49394,49474,49544,49452,49404,49434,49491,49470,49383,49474
8564,49394,49474,49544,49452,49404,49434,49491,49470,49383,49474
8565,49394,49474,49544,49452,49404,49434,49491,49470,49383,49474
8566,49394,49474,49544,49452,49404,49434,49491,49470,49383,49474
8567,49394,49474,49544,49452,49404,49434,49491,49470,49383,49474
8568,49394,49474,49544,49452,49404,49434,49491,49470,49383,49474
8569,49394,49474,49544,49452,49404,49434,49491,49470,49383,49474
8570,49394,49474,49544,49452,49404,49434,49491,49470,49383,49474
8571,49394,49474,49544,49452,49404,49434,49491,49470,49383,49474
8572,49394,49474,49544,49452,49404,49434,49491,49470,49383,49474
8573,49394,49474,49544,49452,49404,49434,49491,49470,49383,49474
8574,49394,49474,49544,49452,49404,49434,49491,49470,49383,49474
8575,49394,49474,49544,49452,49404,49434,49491,49470,49383,49474
8576,49394,49474,49544,49452,49404,49434,49491,49470,49383,49474
8577,49394,49474,49544,49452,49404,49434,49491,49470,49383,49474
8578,49394,49474,49544,49452,49404,49434,49491,49470,49383,49474
8579,49394,49474,49544,49452,49404,49434,49491,49470,49383,49474
8580,49394,49474,49544,49452,49404,49434,49491,49470,49383,49474
8581,49394,49474,49544,49452,49404,49434,49491,49470,49383,49474
8582,49394,49474,49544,49452,49404,49434,49491,49470,49383,49474
8583,49394,49474,49544,49452,49404,49434,49491,49470,49383,49474
8584,49394,49474,49544,49452,49404,49434,49491,49470,49383,49474
8585,49394,49474,49544,49452,49404,49434,49491,49470,49383,49474
8586,49394,49474,49544,49452,49404,49434,49491,49470,49383,49474
8587,49394,49474,49544,49452,49404,49434,49491,49470,49383,49474
8588,49394,49474,49544,49452,49404,49434,49491,49470,49383,49474
8589,49394,49474,49544,49452,49404,49434,49491,49470,49383,49474
8590,49394,49474,49544,49452,49404,49434,49491,49470,49383,49474
8591,49394,49474,49544,49452,49404,49434,49491,49470,49383,49474
8592,49394,49474,49544,49452,49404,49434,49491,49470,49383,49474
8593,49394,49474,49544,49452,49404,49434,49491,49470,49383,49474
8594,49394,49474,49544,49452,49404,49434,49491,49470,49383,49474
8595,49394,49474,49544,49452,49404,49434,49491,49470,49383,49474
8596,49394,49474,49544,49452,49404,49434,49491,49470,49383,49474
8597,49394,49474,49544,49452,49404,49434,49491,49470,49383,49474
8598,49394,49474,49544,49452,49404,49434,49491,49470,49383,49474
8599,49394,49474,49544,49452,49404,49434,49491,49470,49383,49474
8600,49394,49474,49544,49452,49404,49434,49491,49470,49383,49474
8601,49394,49474,49544,49452,49404,49434,49491,49470,49383,49474
8602,49394,49474,49544,49452,49404,49434,49491,49470,49383,49474
8603,49394,49474,49544,49452,49404,49434,49491,49470,49383,49474
8604,49394,49474,49544,49452,49404,49434,49491,49470,49383,49474
8605,49394,49474,49544,49452,49404,49434,49491,49470,49383,49474
8606,49394,49474,49544,49452,49404,49434,49491,49470,49383,49474
8607,49394,49474,49544,49452,49404,49434,49491,49470,49383,49474
8608,49394,49474,49544,49452,49404,49434,49491,49470,49383,49474
8609,49394,49474,49544,49452,49404,49434,49491,49470,49383,49474
8610,49394,49474,49544,49452,49404,49434,49491,49470,49383,49474
8611,49394,49474,49544,49452,49404,49434,49491,49470,49383,49474
8612,49394,49474,49544,49452,49404,49434,49491,49470,49383,49474
8613,49394,49474,49544,49452,49404,49434,49491,49470,49383,49474
8614,49394,49474,49544,49452,49404,49434,49491,49470,49383,49474
8615,49394,49474,49544,49452,49404,49434,49491,49470,49383,49474
8616,49394,49474,49544,49452,49404,49434,49491,49470,49383,49474
8617,49394,49474,49544,49452,49404,49434,49491,49470,49383,49474
8618,49394,49474,49544,49452,49404,49434,49491,49470,49383,49474
8619,49394,49474,49544,49452,49404,49434,49491,49470,49383,49474
8620,49394,49474,49544,49452,49404,49434,49491,49470,49383,49474
8621,49394,49474,49544,49452,49404,49434,49491,49470,49383,49474
8622,49394,49474,49544,49452,49404,49434,49491,49470,49383,49474
8623,49394,49474,49544,49452,49404,49434,49491,49470,49383,49474
8624,49394,49474,49544,49452,49404,49434,49491,49470,49383,49474
8625,49394,49474,49544,49452,49404,49434,49491,49470,49383,49474
8626,49394,49474,49544,49452,49404,49434,49491,49470,49383,49474
8627,49394,49474,49544,49452,49404,49434,49491,49470,49383,49474
8628,49394,49474,49544,49452,49404,49434,49491,49470,49383,49474
8629,49394,49474,49544,49452,49404,49434,49491,49470,49383,49474
8630,49394,49474,49544,49452,49404,49434,49491,49470,49383,49474
8631,49394,49474,49544,49452,49404,49434,49491,49470,49383,49474
8632,49394,49474,49544,49452,49404,49434,49491,49470,49383,49474
8633,49394,49474,49544,49452,49404,49434,49491,49470,49383,49474
8634,49394,49474,49544,49452,49404,49434,49491,49470,49383,49474
8635,49394,49474,49544,49452,49404,49434,49491,49470,49383,49474
8636,49394,49474,49544,49452,49404,49434,49491,49470,49383,49474
8637,49394,49474,49544,49452,49404,49434,49491,49470,49383,49474
8638,49394,49474,49544,49452,49404,49434,49491,49470,49383,49474
8639,49394,49474,49544,49452,49404,49434,49491,49470,49383,49474
8640,49394,49474,49544,49452,49404,49434,49491,49470,49383,49474
8641,49394,49474,49544,49452,49404,49434,49491,49470,49383,49474
8642,49394,49474,49544,49452,49404,49434,49491,49470,49383,49474
8643,49394,49474,49544,49452,49404,49434,49491,49470,49383,49474
8644,49394,49474,49544,49452,49404,49434,49491,49470,49383,49474
8645,49394,49474,49544,49452,49404,49434,49491,49470,49383,49474
8646,49394,49474,49544,49452,49404,49434,49491,49470,49383,49474
8647,49394,49474,49544,49452,49404,49434,49491,49470,49383,49474
8648,49394,49474,49544,49452,49404,49434,49491,49470,49383,49474
8649,49394,49474,49544,49452,49404,49434,49491,49470,49383,49474
8650,49394,49474,49544,49452,49404,49434,49491,49470,49383,49474
8651,49394,49474,49544,49452,49404,49434,49491,49470,49383,49474
8652,49394,49474,49544,49452,49404,49434,49491,49470,49383,49474
8653,49394,49474,49544,49452,49404,49434,49491,49470,49383,49474
8654,49394,49474,49544,49452,49404,49434,49491,49470,49383,49474
8655,49394,49474,49544,49452,49404,49434,49491,49470,49383,49474
8656,49394,49474,49544,49452,49404,49434,49491,49470,49383,49474
8657,49394,49474,49544,49452,49404,49434,49491,49470,49383,49474
8658,49394,49474,49544,49452,49404,49434,49491,49470,49383,49474
8659,49394,49474,49544,49452,49404,49434,49491,49470,49383,49474
8660,49394,49474,49544,49452,49404,49434,49491,49470,49383,49474
8661,49394,49474,49544,49452,49404,49434,49491,49470,49383,49474
8662,49394,49474,49544,49452,49404,49434,49491,49470,49383,49474
8663,49394,49474,49544,49452,49404,49434,49491,49470,49383,49474
8664,49394,49474,49544,49452,49404,49434,49491,49470,49383,49474
8665,49394,49474,49544,49452,49404,49434,49491,49470,49383,49474
8666,49394,49474,49544,49452,49404,49434,49491,49470,49383,49474
8667,49394,49474,49544,49452,49404,49434,49491,49470,49383,49474
8668,49394,49474,49544,49452,49404,49434,49491,49470,49383,49474
8669,49394,49474,49544,49452,49404,49434,49491,49470,49383,49474
8670,49394,49474,49544,49452,49404,49434,49491,49470,49383,49474
8671,49394,49474,49544,49452,49404,49434,49491,49470,49383,49474
8672,49394,49474,49544,49452,49404,49434,49491,49470,49383,49474
8673,49394,49474,49544,49452,49404,49434,49491,49470,49383,49474
8674,49394,49474,49544,49452,49404,49434,49491,49470,49383,49474
8675,49394,49474,49544,49452,49404,49434,49491,49470,49383,49474
8676,49394,49474,49544,49452,49404,49434,49491,49470,49383,49474
8677,49394,49474,49544,49452,49404,49434,49491,49470,49383,49474
8678,49394,49474,49544,49452,49404,49434,49491,49470,49383,49474
8679,49394,49474,49544,49452,49404,49434,49491,49470,49383,49474
8680,49394,49474,49544,49452,49404,49434,49491,49470,49383,49474
8681,49394,49474,49544,49452,49404,49434,49491,49470,49383,49474
8682,49394,49474,49544,49452,49404,49434,49491,49470,49383,49474
8683,49394,49474,49544,49452,49404,49434,49491,49470,49383,49474
8684,49394,49474,49544,49452,49404,49434,49491,49470,49383,49474
8685,49394,49474,49544,49452,49404,49434,49491,49470,49383,49474
8686,49394,49474,49544,49452,49404,49434,49491,49470,49383,49474
8687,49394,49474,49544,49452,49404,49434,49491,49470,49383,49474
8688,49394,49474,49544,49452,49404,49434,49491,49470,49383,49474
8689,49394,49474,49544,49452,49404,49434,49491,49470,49383,49474
8690,49394,49474,49544,49452,49404,49434,49491,49470,49383,49474
8691,49394,49474,49544,49452,49404,49434,49491,49470,49383,49474
8692,49394,49474,49544,49452,49404,49434,49491,49470,49383,49474
8693,49394,49474,49544,49452,49404,49434,49491,49470,49383,49474
8694,49394,49474,49544,49452,49404,49434,49491,49470,49383,49474
8695,49394,49474,49544,49452,49404,49434,49491,49470,49383,49474
8696,49394,49474,49544,49452,49404,49434,49491,49470,49383,49474
8697,49394,49474,49544,49452,49404,49434,49491,49470,49383,49474
8698,49394,49474,49544,49452,49404,49434,49491,49470,49383,49474
8699,49394,49474,49544,49452,49404,49434,49491,49470,49383,49474
8700,49394,49474,49544,49452,49404,49434,49491,49470,49383,49474
8701,49394,49474,49544,49452,49404,49434,49491,49470,49383,49474
8702,49394,49474,49544,49452,49404,49434,49491,49470,49383,49474
8703,49394,49474,49544,49452,49404,49434,49491,49470,49383,49474
8704,49394,49474,49544,49452,49404,49434,49491,49470,49383,49474
8705,49394,49474,49544,49452,49404,49434,49491,49470,49383,49474
8706,49394,49474,49544,49452,49404,49434,49491,49470,49383,49474
8707,49394,49474,49544,49452,49404,49434,49491,49470,49383,49474
8708,49394,49474,49544,49452,49404,49434,49491,49470,49383,49474
8709,49394,49474,49544,49452,49404,49434,49491,49470,49383,49474
8710,49394,49474,49544,49452,49404,49434,49491,49470,49383,49474
8711,49394,49474,49544,49452,49404,49434,49491,49470,49383,49474
8712,49394,49474,49544,49452,49404,49434,49491,49470,49383,49474
8713,49394,49474,49544,49452,49404,49434,49491,49470,49383,49474
8714,49394,49474,49544,49452,49404,49434,49491,49470,49383,49474
8715,49394,49474,49544,49452,49404,49434,49491,49470,49383,49474
8716,49394,49474,49544,49452,49404,49434,49491,49470,49383,49474
8717,49394,49474,49544,49452,49404,49434,49491,49470,49383,49474
8718,49394,49474,49544,49452,49404,49434,49491,49470,49383,49474
8719,49394,49474,49544,49452,49404,49434,49491,49470,49383,49474
8720,49394,49474,49544,49452,49404,49434,49491,49470,49383,49474
8721,49394,49474,49544,49452,49404,49434,49491,49470,49383,49474
8722,49394,49474,49544,49452,49404,49434,49491,49470,49383,49474
8723,49394,49474,49544,49452,49404,49434,49491,49470,49383,49474
8724,49394,49474,49544,49452,49404,49434,49491,49470,49383,49474
8725,49394,49474,49544,49452,49404,49434,49491,49470,49383,49474
8726,49394,49474,49544,49452,49404,49434,49491,49470,49383,49474
8727,49394,49474,49544,49452,49404,49434,49491,49470,49383,49474
8728,49394,49474,49544,49452,49404,49434,49491,49470,49383,49474
8729,49394,49474,49544,49452,49404,49434,49491,49470,49383,49474
8730,49394,49474,49544,49452,49404,49434,49491,49470,49383,49474
8731,49394,49474,49544,49452,49404,49434,49491,49470,49383,49474
8732,49394,49474,49544,49452,49404,49434,49491,49470,49383,49474
8733,49394,49474,49544,49452,49404,49434,49491,49470,49383,49474
8734,49394,49474,49544,49452,49404,49434,49491,49470,49383,49474
8735,49394,49474,49544,49452,49404,49434,49491,49470,49383,49474
8736,49394,49474,49544,49452,49404,49434,49491,49470,49383,49474
8737,49394,49474,49544,49452,49404,49434,49491,49470,49383,49474
8738,49394,49474,49544,49452,49404,49434,49491,49470,49383,49474
8739,49394,49474,49544,49452,49404,49434,49491,49470,49383,49474
8740,49394,49474,49544,49452,49404,49434,49491,49470,49383,49474
8741,49394,49474,49544,49452,49404,49434,49491,49470,49383,49474
8742,49394,49474,49544,49452,49404,49434,49491,49470,49383,49474
8743,49394,49474,49544,49452,49404,49434,49491,49470,49383,49474
8744,49394,49474,49544,49452,49404,49434,49491,49470,49383,49474
8745,49394,49474,49544,49452,49404,49434,49491,49470,49383,49474
8746,49394,49474,49544,49452,49404,49434,49491,49470,49383,49474
8747,49394,49474,49544,49452,49404,49434,49491,49470,49383,49474
8748,49394,49474,49544,49452,49404,49434,49491,49470,49383,49474
8749,49394,49474,49544,49452,49404,49434,49491,49470,49383,49474
8750,49394,49474,49544,49452,49404,49434,49491,49470,49383,49474
8751,49394,49474,49544,49452,49404,49434,49491,49470,49383,49474
8752,49394,49474,49544,49452,49404,49434,49491,49470,49383,49474
8753,49394,49474,49544,49452,49404,49434,49491,49470,49383,49474
8754,49394,49474,49544,49452,49404,49434,49491,49470,49383,49474
8755,49394,49474,49544,49452,49404,49434,49491,49470,49383,49474
8756,49394,49474,49544,49452,49404,49434,49491,49470,49383,49474
8757,49394,49474,49544,49452,49404,49434,49491,49470,49383,49474
8758,49394,49474,49544,49452,49404,49434,49491,49470,49383,49474
8759,49394,49474,49544,49452,49404,49434,49491,49470,49383,49474
8760,49394,49474,49544,49452,49404,49434,49491,49470,49383,49474
8761,49394,49474,49544,49452,49404,49434,49491,49470,49383,49474
8762,49394,49474,49544,49452,49404,49434,49491,49470,49383,49474
8763,49394,49474,49544,49452,49404,49434,49491,49470,49383,49474
8764,49394,49474,49544,49452,49404,49434,49491,49470,49383,49474
8765,49394,49474,49544,49452,49404,49434,49491,49470,49383,49474
8766,49394,49474,49544,49452,49404,49434,49491,49470,49383,49474
8767,49394,49474,49544,49452,49404,49434,49491,49470,49383,49474
8768,49394,49474,49544,49452,49404,49434,49491,49470,49383,49474
8769,49394,49474,49544,49452,49404,49434,49491,49470,49383,49474
8770,49394,49474,49544,49452,49404,49434,49491,49470,49383,49474
8771,49394,49474,49544,49452,49404,49434,49491,49470,49383,49474
8772,49394,49474,49544,49452,49404,49434,49491,49470,49383,49474
8773,49394,49474,49544,49452,49404,49434,49491,49470,49383,49474
8774,49394,49474,49544,49452,49404,49434,49491,49470,49383,49474
8775,49394,49474,49544,49452,49404,49434,49491,49470,49383,49474
8776,49394,49474,49544,49452,49404,49434,49491,49470,49383,49474
8777,49394,49474,49544,49452,49404,49434,49491,49470,49383,49474
8778,49394,49474,49544,49452,49404,49434,49491,49470,49383,49474
8779,49394,49474,49544,49452,49404,49434,49491,49470,49383,49474
8780,49394,49474,49544,49452,49404,49434,49491,49470,49383,49474
8781,49394,49474,49544,49452,49404,49434,49491,49470,49383,49474
8782,49394,49474,49544,49452,49404,49434,49491,49470,49383,49474
8783,49394,49474,49544,49452,49404,49434,49491,49470,49383,49474
8784,49394,49474,49544,49452,49404,49434,49491,49470,49383,49474
8785,49394,49474,49544,49452,49404,49434,49491,49470,49383,49474
8786,49394,49474,49544,49452,49404,49434,49491,49470,49383,49474
8787,49394,49474,49544,49452,49404,49434,49491,49470,49383,49474
8788,49394,49474,49544,49452,49404,49434,49491,49470,49383,49474
8789,49394,49474,49544,49452,49404,49434,49491,49470,49383,49474
8790,49394,49474,49544,49452,49404,49434,49491,49470,49383,49474
8791,49394,49474,49544,49452,49404,49434,49491,49470,49383,49474
8792,49394,49474,49544,49452,49404,49434,49491,49470,49383,49474
8793,49394,49474,49544,49452,49404,49434,49491,49470,49383,49474
8794,49394,49474,49544,49452,49404,49434,49491,49470,49383,49474
8795,49394,49474,49544,49452,49404,49434,49491,49470,49383,49474
8796,49394,49474,49544,49452,49404,49434,49491,49470,49383,49474
8797,49394,49474,49544,49452,49404,49434,49491,49470,49383,49474
8798,49394,49474,49544,49452,49404,49434,49491,49470,49383,49474
8799,49394,49474,49544,49452,49404,49434,49491,49470,49383,49474
8800,49394,49474,49544,49452,49404,49434,49491,49470,49383,49474
8801,49394,49474,49544,49452,49404,49434,49491,49470,49383,49474
8802,49394,49474,49544,49452,49404,49434,49491,49470,49383,49474
8803,49394,49474,49544,49452,49404,49434,49491,49470,49383,49474
8804,49394,49474,49544,49452,49404,49434,49491,49470,49383,49474
8805,49394,49474,49544,49452,49404,49434,49491,49470,49383,49474
8806,49394,49474,49544,49452,49404,49434,49491,49470,49383,49474
8807,49394,49474,49544,49452,49404,49434,49491,49470,49383,49474
8808,49394,49474,49544,49452,49404,49434,49491,49470,49383,49474
8809,49394,49474,49544,49452,49404,49434,49491,49470,49383,49474
8810,49394,49474,49544,49452,49404,49434,49491,49470,49383,49474
8811,49394,49474,49544,49452,49404,49434,49491,49470,49383,49474
8812,49394,49474,49544,49452,49404,49434,49491,49470,49383,49474
8813,49394,49474,49544,49452,49404,49434,49491,49470,49383,49474
8814,49394,49474,49544,49452,49404,49434,49491,49470,49383,49474
8815,49394,49474,49544,49452,49404,49434,49491,49470,49383,49474
8816,49394,49474,49544,49452,49404,49434,49491,49470,49383,49474
8817,49394,49474,49544,49452,49404,49434,49491,49470,49383,49474
8818,49394,49474,49544,49452,49404,49434,49491,49470,49383,49474
8819,49394,49474,49544,49452,49404,49434,49491,49470,49383,49474
8820,49394,49474,49544,49452,49404,49434,49491,49470,49383,49474
8821,49394,49474,49544,49452,49404,49434,49491,49470,49383,49474
8822,49394,49474,49544,49452,49404,49434,49491,49470,49383,49474
8823,49394,49474,49544,49452,49404,49434,49491,49470,49383,49474
8824,49394,49474,49544,49452,49404,49434,49491,49470,49383,49474
8825,49394,49474,49544,49452,49404,49434,49491,49470,49383,49474
8826,49394,49474,49544,49452,49404,49434,49491,49470,49383,49474
8827,49394,49474,49544,49452,49404,49434,49491,49470,49383,49474
8828,49394,49474,49544,49452,49404,49434,49491,49470,49383,49474
8829,49394,49474,49544,49452,49404,49434,49491,49470,49383,49474
8830,49394,49474,49544,49452,49404,49434,49491,49470,49383,49474
8831,49394,49474,49544,49452,49404,49434,49491,49470,49383,49474
8832,49394,49474,49544,49452,49404,49434,49491,49470,49383,49474
8833,49394,49474,49544,49452,49404,49434,49491,49470,49383,49474
8834,49394,49474,49544,49452,49404,49434,49491,49470,49383,49474
8835,49394,49474,49544,49452,49404,49434,49491,49470,49383,49474
8836,49394,49474,49544,49452,49404,49434,49491,49470,49383,49474
8837,49394,49474,49544,49452,49404,49434,49491,49470,49383,49474
8838,49394,49474,49544,49452,49404,49434,49491,49470,49383,49474
8839,49394,49474,49544,49452,49404,49434,49491,49470,49383,49474
8840,49394,49474,49544,49452,49404,49434,49491,49470,49383,49474
8841,49394,49474,49544,49452,49404,49434,49491,49470,49383,49474
8842,49394,49474,49544,49452,49404,49434,49491,49470,49383,49474
8843,49394,49474,49544,49452,49404,49434,49491,49470,49383,49474
8844,49394,49474,49544,49452,49404,49434,49491,49470,49383,49474
8845,49394,49474,49544,49452,49404,49434,49491,49470,49383,49474
8846,49394,49474,49544,49452,49404,49434,49491,49470,49383,49474
8847,49394,49474,49544,49452,49404,49434,49491,49470,49383,49474
8848,49394,49474,49544,49452,49404,49434,49491,49470,49383,49474
8849,49394,49474,49544,49452,49404,49434,49491,49470,49383,49474
8850,49394,49474,49544,49452,49404,49434,49491,49470,49383,49474
8851,49394,49474,49544,49452,49404,49434,49491,49470,49383,49474
8852,49394,49474,49544,49452,49404,49434,49491,49470,49383,49474
8853,49394,49474,49544,49452,49404,49434,49491,49470,49383,49474
8854,49394,49474,49544,49452,49404,49434,49491,49470,49383,49474
8855,49394,49474,49544,49452,49404,49434,49491,49470,49383,49474
8856,49394,49474,49544,49452,49404,49434,49491,49470,49383,49474
8857,49394,49474,49544,49452,49404,49434,49491,49470,49383,49474
8858,49394,49474,49544,49452,49404,49434,49491,49470,49383,49474
8859,49394,49474,49544,49452,49404,49434,49491,49470,49383,49474
8860,49394,49474,49544,49452,49404,49434,49491,49470,49383,49474
8861,49394,49474,49544,49452,49404,49434,49491,49470,49383,49474
8862,49394,49474,49544,49452,49404,49434,49491,49470,49383,49474
8863,49394,49474,49544,49452,49404,49434,49491,49470,49383,49474
8864,49394,49474,49544,49452,49404,49434,49491,49470,49383,49474
8865,49394,49474,49544,49452,49404,49434,49491,49470,49383,49474
8866,49394,49474,49544,49452,49404,49434,49491,49470,49383,49474
8867,49394,49474,49544,49452,49404,49434,49491,49470,49383,49474
8868,49394,49474,49544,49452,49404,49434,49491,49470,49383,49474
8869,49394,49474,49544,49452,49404,49434,49491,49470,49383,49474
8870,49394,49474,49544,49452,49404,49434,49491,49470,49383,49474
8871,49394,49474,49544,49452,49404,49434,49491,49470,49383,49474
8872,49394,49474,49544,49452,49404,49434,49491,49470,49383,49474
8873,49394,49474,49544,49452,49404,49434,49491,49470,49383,49474
8874,49394,49474,49544,49452,49404,49434,49491,49470,49383,49474
8875,49394,49474,49544,49452,49404,49434,49491,49470,49383,49474
8876,49394,49474,49544,49452,49404,49434,49491,49470,49383,49474
8877,49394,49474,49544,49452,49404,49434,49491,49470,49383,49474
8878,49394,49474,49544,49452,49404,49434,49491,49470,49383,49474
8879,49394,49474,49544,49452,49404,49434,49491,49470,49383,49474
8880,49394,49474,49544,49452,49404,49434,49491,49470,49383,49474
8881,49394,49474,49544,49452,49404,49434,49491,49470,49383,49474
8882,49394,49474,49544,49452,49404,49434,49491,49470,49383,49474
8883,49394,49474,49544,49452,49404,49434,49491,49470,49383,49474
8884,49394,49474,49544,49452,49404,49434,49491,49470,49383,49474
8885,49394,49474,49544,49452,49404,49434,49491,49470,49383,49474
8886,49394,49474,49544,49452,49404,49434,49491,49470,49383,49474
8887,49394,49474,49544,49452,49404,49434,49491,49470,49383,49474
8888,49394,49474,49544,49452,49404,49434,49491,49470,49383,49474
8889,49394,49474,49544,49452,49404,49434,49491,49470,49383,49474
8890,49394,49474,49544,49452,49404,49434,49491,49470,49383,49474
8891,49394,49474,49544,49452,49404,49434,49491,49470,49383,49474
8892,49394,49474,49544,49452,49404,49434,49491,49470,49383,49474
8893,49394,49474,49544,49452,49404,49434,49491,49470,49383,49474
8894,49394,49474,49544,49452,49404,49434,49491,49470,49383,49474
8895,49394,49474,49544,49452,49404,49434,49491,49470,49383,49474
8896,49394,49474,49544,49452,49404,49434,49491,49470,49383,49474
8897,49394,49474,49544,49452,49404,49434,49491,49470,49383,49474
8898,49394,49474,49544,49452,49404,49434,49491,49470,49383,49474
8899,49394,49474,49544,49452,49404,49434,49491,49470,49383,49474
8900,49394,49474,49544,49452,49404,49434,49491,49470,49383,49474
8901,49394,49474,49544,49452,49404,49434,49491,49470,49383,49474
8902,49394,49474,49544,49452,49404,49434,49491,49470,49383,49474
8903,49394,49474,49544,49452,49404,49434,49491,49470,49383,49474
8904,49394,49474,49544,49452,49404,49434,49491,49470,49383,49474
8905,49394,49474,49544,49452,49404,49434,49491,49470,49383,49474
8906,49394,49474,49544,49452,49404,49434,49491,49470,49383,49474
8907,49394,49474,49544,49452,49404,49434,49491,49470,49383,49474
8908,49394,49474,49544,49452,49404,49434,49491,49470,49383,49474
8909,49394,49474,49544,49452,49404,49434,49491,49470,49383,49474
8910,49394,49474,49544,49452,49404,49434,49491,49470,49383,49474
8911,49394,49474,49544,49452,49404,49434,49491,49470,49383,49474
8912,49394,49474,49544,49452,49404,49434,49491,49470,49383,49474
8913,49394,49474,49544,49452,49404,49434,49491,49470,49383,49474
8914,49394,49474,49544,49452,49404,49434,49491,49470,49383,49474
8915,49394,49474,49544,49452,49404,49434,49491,49470,49383,49474
8916,49394,49474,49544,49452,49404,49434,49491,49470,49383,49474
8917,49394,49474,49544,49452,49404,49434,49491,49470,49383,49474
8918,49394,49474,49544,49452,49404,49434,49491,49470,49383,49474
8919,49394,49474,49544,49452,49404,49434,49491,49470,49383,49474
8920,49394,49474,49544,49452,49404,49434,49491,49470,49383,49474
8921,49394,49474,49544,49452,49404,49434,49491,49470,49383,49474
8922,49394,49474,49544,49452,49404,49434,49491,49470,49383,49474
8923,49394,49474,49544,49452,49404,49434,49491,49470,49383,49474
8924,49394,49474,49544,49452,49404,49434,49491,49470,49383,49474
8925,49394,49474,49544,49452,49404,49434,49491,49470,49383,49474
8926,49394,49474,49544,49452,49404,49434,49491,49470,49383,49474
8927,49394,49474,49544,49452,49404,49434,49491,49470,49383,49474
8928,49394,49474,49544,49452,49404,49434,49491,49470,49383,49474
8929,49394,49474,49544,49452,49404,49434,49491,49470,49383,49474
8930,49394,49474,49544,49452,49404,49434,49491,49470,49383,49474
8931,49394,49474,49544,49452,49404,49434,49491,49470,49383,49474
8932,49394,49474,49544,49452,49404,49434,49491,49470,49383,49474
8933,49394,49474,49544,49452,49404,49434,49491,49470,49383,49474
8934,49394,49474,49544,49452,49404,49434,49491,49470,49383,49474
8935,49394,49474,49544,49452,49404,49434,49491,49470,49383,49474
8936,49394,49474,49544,49452,49404,49434,49491,49470,49383,49474
8937,49394,49474,49544,49452,49404,49434,49491,49470,49383,49474
8938,49394,49474,49544,49452,49404,49434,49491,49470,49383,49474
8939,49394,49474,49544,49452,49404,49434,49491,49470,49383,49474
8940,49394,49474,49544,49452,49404,49434,49491,49470,49383,49474
8941,49394,49474,49544,49452,49404,49434,49491,49470,49383,49474
8942,49394,49474,49544,49452,49404,49434,49491,49470,49383,49474
8943,49394,49474,49544,49452,49404,49434,49491,49470,49383,49474
8944,49394,49474,49544,49452,49404,49434,49491,49470,49383,49474
8945,49394,49474,49544,49452,49404,49434,49491,49470,49383,49474
8946,49394,49474,49544,49452,49404,49434,49491,49470,49383,49474
8947,49394,49474,49544,49452,49404,49434,49491,49470,49383,49474
8948,49394,49474,49544,49452,49404,49434,49491,49470,49383,49474
8949,49394,49474,49544,49452,49404,49434,49491,49470,49383,49474
8950,49394,49474,49544,49452,49404,49434,49491,49470,49383,49474
8951,49394,49474,49544,49452,49404,49434,49491,49470,49383,49474
8952,49394,49474,49544,49452,49404,49434,49491,49470,49383,49474
8953,49394,49474,49544,49452,49404,49434,49491,49470,49383,49474
8954,49394,49474,49544,49452,49404,49434,49491,49470,49383,49474
8955,49394,49474,49544,49452,49404,49434,49491,49470,49383,49474
8956,49394,49474,49544,49452,49404,49434,49491,49470,49383,49474
8957,49394,49474,49544,49452,49404,49434,49491,49470,49383,49474
8958,49394,49474,49544,49452,49404,49434,49491,49470,49383,49474
8959,49394,49474,49544,49452,49404,49434,49491,49470,49383,49474
8960,49394,49474,49544,49452,49404,49434,49491,49470,49383,49474
8961,49394,49474,49544,49452,49404,49434,49491,49470,49383,49474
8962,49394,49474,49544,49452,49404,49434,49491,49470,49383,49474
8963,49394,49474,49544,49452,49404,49434,49491,49470,49383,49474
8964,49394,49474,49544,49452,49404,49434,49491,49470,49383,49474
8965,49394,49474,49544,49452,49404,49434,49491,49470,49383,49474
8966,49394,49474,49544,49452,49404,49434,49491,49470,49383,49474
8967,49394,49474,49544,49452,49404,49434,49491,49470,49383,49474
8968,49394,49474,49544,49452,49404,49434,49491,49470,49383,49474
8969,49394,49474,49544,49452,49404,49434,49491,49470,49383,49474
8970,49394,49474,49544,49452,49404,49434,49491,49470,49383,49474
8971,49394,49474,49544,49452,49404,49434,49491,49470,49383,49474
8972,49394,49474,49544,49452,49404,49434,49491,49470,49383,49474
8973,49394,49474,49544,49452,49404,49434,49491,49470,49383,49474
8974,49394,49474,49544,49452,49404,49434,49491,49470,49383,49474
8975,49394,49474,49544,49452,49404,49434,49491,49470,49383,49474
8976,49394,49474,49544,49452,49404,49434,49491,49470,49383,49474
8977,49394,49474,49544,49452,49404,49434,49491,49470,49383,49474
8978,49394,49474,49544,49452,49404,49434,49491,49470,49383,49474
8979,49394,49474,49544,49452,49404,49434,49491,49470,49383,49474
8980,49394,49474,49544,49452,49404,49434,49491,49470,49383,49474
8981,49394,49474,49544,49452,49404,49434,49491,49470,49383,49474
8982,49394,49474,49544,49452,49404,49434,49491,49470,49383,49474
8983,49394,49474,49544,49452,49404,49434,49491,49470,49383,49474
8984,49394,49474,49544,49452,49404,49434,49491,49470,49383,49474
8985,49394,49474,49544,49452,49404,49434,49491,49470,49383,49474
8986,49394,49474,49544,49452,49404,49434,49491,49470,49383,49474
8987,49394,49474,49544,49452,49404,49434,49491,49470,49383,49474
8988,49394,49474,49544,49452,49404,49434,49491,49470,49383,49474
8989,49394,49474,49544,49452,49404,49434,49491,49470,49383,49474
8990,49394,49474,49544,49452,49404,49434,49491,49470,49383,49474
8991,49394,49474,49544,49452,49404,49434,49491,49470,49383,49474
8992,49394,49474,49544,49452,49404,49434,49491,49470,49383,49474
8993,49394,49474,49544,49452,49404,49434,49491,49470,49383,49474
8994,49394,49474,49544,49452,49404,49434,49491,49470,49383,49474
8995,49394,49474,49544,49452,49404,49434,49491,49470,49383,49474
8996,49394,49474,49544,49452,49404,49434,49491,49470,49383,49474
8997,49394,49474,49544,49452,49404,49434,49491,49470,49383,49474
8998,49394,49474,49544,49452,49404,49434,49491,49470,49383,49474
8999,49394,49474,49544,49452,49404,49434,49491,49470,49383,49474
9000,49394,49474,49544,49452,49404,49434,49491,49470,49383,49474
9001,49394,49474,49544,49452,49404,49434,49491,49470,49383,49474
9002,49394,49474,49544,49452,49404,49434,49491,49470,49383,49474
9003,49394,49474,49544,49452,49404,49434,49491,49470,49383,49474
9004,49394,49474,49544,49452,49404,49434,49491,49470,49383,49474
9005,49394,49474,49544,49452,49404,49434,49491,49470,49383,49474
9006,49394,49474,49544,49452,49404,49434,49491,49470,49383,49474
9007,49394,49474,49544,49452,49404,49434,49491,49470,49383,49474
9008,49394,49474,49544,49452,49404,49434,49491,49470,49383,49474
9009,49394,49474,49544,49452,49404,49434,49491,49470,49383,49474
9010,49394,49474,49544,49452,49404,49434,49491,49470,49383,49474
9011,49394,49474,49544,49452,49404,49434,49491,49470,49383,49474
9012,49394,49474,49544,49452,49404,49434,49491,49470,49383,49474
9013,49394,49474,49544,49452,49404,49434,49491,49470,49383,49474
9014,49394,49474,49544,49452,49404,49434,49491,49470,49383,49474
9015,49394,49474,49544,49452,49404,49434,49491,49470,49383,49474
9016,49394,49474,49544,49452,49404,49434,49491,49470,49383,49474
9017,49394,49474,49544,49452,49404,49434,49491,49470,49383,49474
9018,49394,49474,49544,49452,49404,49434,49491,49470,49383,49474
9019,49394,49474,49544,49452,49404,49434,49491,49470,49383,49474
9020,49394,49474,49544,49452,49404,49434,49491,49470,49383,49474
9021,49394,49474,49544,49452,49404,49434,49491,49470,49383,49474
9022,49394,49474,49544,49452,49404,49434,49491,49470,49383,49474
9023,49394,49474,49544,49452,49404,49434,49491,49470,49383,49474
9024,49394,49474,49544,49452,49404,49434,49491,49470,49383,49474
9025,49394,49474,49544,49452,49404,49434,49491,49470,49383,49474
9026,49394,49474,49544,49452,49404,49434,49491,49470,49383,49474
9027,49394,49474,49544,49452,49404,49434,49491,49470,49383,49474
9028,49394,49474,49544,49452,49404,49434,49491,49470,49383,49474
9029,49394,49474,49544,49452,49404,49434,49491,49470,49383,49474
9030,49394,49474,49544,49452,49404,49434,49491,49470,49383,49474
9031,49394,49474,49544,49452,49404,49434,49491,49470,49383,49474
9032,49394,49474,49544,49452,49404,49434,49491,49470,49383,49474
9033,49394,49474,49544,49452,49404,49434,49491,49470,49383,49474
9034,49394,49474,49544,49452,49404,49434,49491,49470,49383,49474
9035,49394,49474,49544,49452,49404,49434,49491,49470,49383,49474
9036,49394,49474,49544,49452,49404,49434,49491,49470,49383,49474
9037,49394,49474,49544,49452,49404,49434,49491,49470,49383,49474
9038,49394,49474,49544,49452,49404,49434,49491,49470,49383,49474
9039,49394,49474,49544,49452,49404,49434,49491,49470,49383,49474
9040,49394,49474,49544,49452,49404,49434,49491,49470,49383,49474
9041,49394,49474,49544,49452,49404,49434,49491,49470,49383,49474
9042,49394,49474,49544,49452,49404,49434,49491,49470,49383,49474
9043,49394,49474,49544,49452,49404,49434,49491,49470,49383,49474
9044,49394,49474,49544,49452,49404,49434,49491,49470,49383,49474
9045,49394,49474,49544,49452,49404,49434,49491,49470,49383,49474
9046,49394,49474,49544,49452,49404,49434,49491,49470,49383,49474
9047,49394,49474,49544,49452,49404,49434,49491,49470,49383,49474
9048,49394,49474,49544,49452,49404,49434,49491,49470,49383,49474
9049,49394,49474,49544,49452,49404,49434,49491,49470,49383,49474
9050,49394,49474,49544,49452,49404,49434,49491,49470,49383,49474
9051,49394,49474,49544,49452,49404,49434,49491,49470,49383,49474
9052,49394,49474,49544,49452,49404,49434,49491,49470,49383,49474
9053,49394,49474,49544,49452,49404,49434,49491,49470,49383,49474
9054,49394,49474,49544,49452,49404,49434,49491,49470,49383,49474
9055,49394,49474,49544,49452,49404,49434,49491,49470,49383,49474
9056,49394,49474,49544,49452,49404,49434,49491,49470,49383,49474
9057,49394,49474,49544,49452,49404,49434,49491,49470,49383,49474
9058,49394,49474,49544,49452,49404,49434,49491,49470,49383,49474
9059,49394,49474,49544,49452,49404,49434,49491,49470,49383,49474
9060,49394,49474,49544,49452,49404,49434,49491,49470,49383,49474
9061,49394,49474,49544,49452,49404,49434,49491,49470,49383,49474
9062,49394,49474,49544,49452,49404,49434,49491,49470,49383,49474
9063,49394,49474,49544,49452,49404,49434,49491,49470,49383,49474
9064,49394,49474,49544,49452,49404,49434,49491,49470,49383,49474
9065,49394,49474,49544,49452,49404,49434,49491,49470,49383,49474
9066,49394,49474,49544,49452,49404,49434,49491,49470,49383,49474
9067,49394,49474,49544,49452,49404,49434,49491,49470,49383,49474
9068,49394,49474,49544,49452,49404,49434,49491,49470,49383,49474
9069,49394,49474,49544,49452,49404,49434,49491,49470,49383,49474
9070,49394,49474,49544,49452,49404,49434,49491,49470,49383,49474
9071,49394,49474,49544,49452,49404,49434,49491,49470,49383,49474
9072,49394,49474,49544,49452,49404,49434,49491,49470,49383,49474
9073,49394,49474,49544,49452,49404,49434,49491,49470,49383,49474
9074,49394,49474,49544,49452,49404,49434,49491,49470,49383,49474
9075,49394,49474,49544,49452,49404,49434,49491,49470,49383,49474
9076,49394,49474,49544,49452,49404,49434,49491,49470,49383,49474
9077,49394,49474,49544,49452,49404,49434,49491,49470,49383,49474
9078,49394,49474,49544,49452,49404,49434,49491,49470,49383,49474
9079,49394,49474,49544,49452,49404,49434,49491,49470,49383,49474
9080,49394,49474,49544,49452,49404,49434,49491,49470,49383,49474
9081,49394,49474,49544,49452,49404,49434,49491,49470,49383,49474
9082,49394,49474,49544,49452,49404,49434,49491,49470,49383,49474
9083,49394,49474,49544,49452,49404,49434,49491,49470,49383,49474
9084,49394,49474,49544,49452,49404,49434,49491,49470,49383,49474
9085,49394,49474,49544,49452,49404,49434,49491,49470,49383,49474
9086,49394,49474,49544,49452,49404,49434,49491,49470,49383,49474
9087,49394,49474,49544,49452,49404,49434,49491,49470,49383,49474
9088,49394,49474,49544,49452,49404,49434,49491,49470,49383,49474
9089,49394,49474,49544,49452,49404,49434,49491,49470,49383,49474
9090,49394,49474,49544,49452,49404,49434,49491,49470,49383,49474
9091,49394,49474,49544,49452,49404,49434,49491,49470,49383,49474
9092,49394,49474,49544,49452,49404,49434,49491,49470,49383,49474
9093,49394,49474,49544,49452,49404,49434,49491,49470,49383,49474
9094,49394,49474,49544,49452,49404,49434,49491,49470,49383,49474
9095,49394,49474,49544,49452,49404,49434,49491,49470,49383,49474
9096,49394,49474,49544,49452,49404,49434,49491,49470,49383,49474
9097,49394,49474,49544,49452,49404,49434,49491,49470,49383,49474
9098,49394,49474,49544,49452,49404,49434,49491,49470,49383,49474
9099,49394,49474,49544,49452,49404,49434,49491,49470,49383,49474
9100,49394,49474,49544,49452,49404,49434,49491,49470,49383,49474
9101,49394,49474,49544,49452,49404,49434,49491,49470,49383,49474
9102,49394,49474,49544,49452,49404,49434,49491,49470,49383,49474
9103,49394,49474,49544,49452,49404,49434,49491,49470,49383,49474
9104,49394,49474,49544,49452,49404,49434,49491,49470,49383,49474
9105,49394,49474,49544,49452,49404,49434,49491,49470,49383,49474
9106,49394,49474,49544,49452,49404,49434,49491,49470,49383,49474
9107,49394,49474,49544,49452,49404,49434,49491,49470,49383,49474
9108,49394,49474,49544,49452,49404,49434,49491,49470,49383,49474
9109,49394,49474,49544,49452,49404,49434,49491,49470,49383,49474
9110,49394,49474,49544,49452,49404,49434,49491,49470,49383,49474
9111,49394,49474,49544,49452,49404,49434,49491,49470,49383,49474
9112,49394,49474,49544,49452,49404,49434,49491,49470,49383,49474
9113,49394,49474,49544,49452,49404,49434,49491,49470,49383,49474
9114,49394,49474,49544,49452,49404,49434,49491,49470,49383,49474
9115,49394,49474,49544,49452,49404,49434,49491,49470,49383,49474
9116,49394,49474,49544,49452,49404,49434,49491,49470,49383,49474
9117,49394,49474,49544,49452,49404,49434,49491,49470,49383,49474
9118,49394,49474,49544,49452,49404,49434,49491,49470,49383,49474
9119,49394,49474,49544,49452,49404,49434,49491,49470,49383,49474
9120,49394,49474,49544,49452,49404,49434,49491,49470,49383,49474
9121,49394,49474,49544,49452,49404,49434,49491,49470,49383,49474
9122,49394,49474,49544,49452,49404,49434,49491,49470,49383,49474
9123,49394,49474,49544,49452,49404,49434,49491,49470,49383,49474
9124,49394,49474,49544,49452,49404,49434,49491,49470,49383,49474
9125,49394,49474,49544,49452,49404,49434,49491,49470,49383,49474
9126,49394,49474,49544,49452,49404,49434,49491,49470,49383,49474
9127,49394,49474,49544,49452,49404,49434,49491,49470,49383,49474
9128,49394,49474,49544,49452,49404,49434,49491,49470,49383,49474
9129,49394,49474,49544,49452,49404,49434,49491,49470,49383,49474
9130,49394,49474,49544,49452,49404,49434,49491,49470,49383,49474
9131,49394,49474,49544,49452,49404,49434,49491,49470,49383,49474
9132,49394,49474,49544,49452,49404,49434,49491,49470,49383,49474
9133,49394,49474,49544,49452,49404,49434,49491,49470,49383,49474
9134,49394,49474,49544,49452,49404,49434,49491,49470,49383,49474
9135,49394,49474,49544,49452,49404,49434,49491,49470,49383,49474
9136,49394,49474,49544,49452,49404,49434,49491,49470,49383,49474
9137,49394,49474,49544,49452,49404,49434,49491,49470,49383,49474
9138,49394,49474,49544,49452,49404,49434,49491,49470,49383,49474
9139,49394,49474,49544,49452,49404,49434,49491,49470,49383,49474
9140,49394,49474,49544,49452,49404,49434,49491,49470,49383,49474
9141,49394,49474,49544,49452,49404,49434,49491,49470,49383,49474
9142,49394,49474,49544,49452,49404,49434,49491,49470,49383,49474
9143,49394,49474,49544,49452,49404,49434,49491,49470,49383,49474
9144,49394,49474,49544,49452,49404,49434,49491,49470,49383,49474
9145,49394,49474,49544,49452,49404,49434,49491,49470,49383,49474
9146,49394,49474,49544,49452,49404,49434,49491,49470,49383,49474
9147,49394,49474,49544,49452,49404,49434,49491,49470,49383,49474
9148,49394,49474,49544,49452,49404,49434,49491,49470,49383,49474
9149,49394,49474,49544,49452,49404,49434,49491,49470,49383,49474
9150,49394,49474,49544,49452,49404,49434,49491,49470,49383,49474
9151,49394,49474,49544,49452,49404,49434,49491,49470,49383,49474
9152,49394,49474,49544,49452,49404,49434,49491,49470,49383,49474
9153,49394,49474,49544,49452,49404,49434,49491,49470,49383,49474
9154,49394,49474,49544,49452,49404,49434,49491,49470,49383,49474
9155,49394,49474,49544,49452,49404,49434,49491,49470,49383,49474
9156,49394,49474,49544,49452,49404,49434,49491,49470,49383,49474
9157,49394,49474,49544,49452,49404,49434,49491,49470,49383,49474
9158,49394,49474,49544,49452,49404,49434,49491,49470,49383,49474
9159,49394,49474,49544,49452,49404,49434,49491,49470,49383,49474
9160,49394,49474,49544,49452,49404,49434,49491,49470,49383,49474
9161,49394,49474,49544,49452,49404,49434,49491,49470,49383,49474
9162,49394,49474,49544,49452,49404,49434,49491,49470,49383,49474
9163,49394,49474,49544,49452,49404,49434,49491,49470,49383,49474
9164,49394,49474,49544,49452,49404,49434,49491,49470,49383,49474
9165,49394,49474,49544,49452,49404,49434,49491,49470,49383,49474
9166,49394,49474,49544,49452,49404,49434,49491,49470,49383,49474
9167,49394,49474,49544,49452,49404,49434,49491,49470,49383,49474
9168,49394,49474,49544,49452,49404,49434,49491,49470,49383,49474
9169,49394,49474,49544,49452,49404,49434,49491,49470,49383,49474
9170,49394,49474,49544,49452,49404,49434,49491,49470,49383,49474
9171,49394,49474,49544,49452,49404,49434,49491,49470,49383,49474
9172,49394,49474,49544,49452,49404,49434,49491,49470,49383,49474
9173,49394,49474,49544,49452,49404,49434,49491,49470,49383,49474
9174,49394,49474,49544,49452,49404,49434,49491,49470,49383,49474
9175,49394,49474,49544,49452,49404,49434,49491,49470,49383,49474
9176,49394,49474,49544,49452,49404,49434,49491,49470,49383,49474
9177,49394,49474,49544,49452,49404,49434,49491,49470,49383,49474
9178,49394,49474,49544,49452,49404,49434,49491,49470,49383,49474
9179,49394,49474,49544,49452,49404,49434,49491,49470,49383,49474
9180,49394,49474,49544,49452,49404,49434,49491,49470,49383,49474
9181,49394,49474,49544,49452,49404,49434,49491,49470,49383,49474
9182,49394,49474,49544,49452,49404,49434,49491,49470,49383,49474
9183,49394,49474,49544,49452,49404,49434,49491,49470,49383,49474
9184,49394,49474,49544,49452,49404,49434,49491,49470,49383,49474
9185,49394,49474,49544,49452,49404,49434,49491,49470,49383,49474
9186,49394,49474,49544,49452,49404,49434,49491,49470,49383,49474
9187,49394,49474,49544,49452,49404,49434,49491,49470,49383,49474
9188,49394,49474,49544,49452,49404,49434,49491,49470,49383,49474
9189,49394,49474,49544,49452,49404,49434,49491,49470,49383,49474
9190,49394,49474,49544,49452,49404,49434,49491,49470,49383,49474
9191,49394,49474,49544,49452,49404,49434,49491,49470,49383,49474
9192,49394,49474,49544,49452,49404,49434,49491,49470,49383,49474
9193,49394,49474,49544,49452,49404,49434,49491,49470,49383,49474
9194,49394,49474,49544,49452,49404,49434,49491,49470,49383,49474
9195,49394,49474,49544,49452,49404,49434,49491,49470,49383,49474
9196,49394,49474,49544,49452,49404,49434,49491,49470,49383,49474
9197,49394,49474,49544,49452,49404,49434,49491,49470,49383,49474
9198,49394,49474,49544,49452,49404,49434,49491,49470,49383,49474
9199,49394,49474,49544,49452,49404,49434,49491,49470,49383,49474
9200,49394,49474,49544,49452,49404,49434,49491,49470,49383,49474
9201,49394,49474,49544,49452,49404,49434,49491,49470,49383,49474
9202,49394,49474,49544,49452,49404,49434,49491,49470,49383,49474
9203,49394,49474,49544,49452,49404,49434,49491,49470,49383,49474
9204,49394,49474,49544,49452,49404,49434,49491,49470,49383,49474
9205,49394,49474,49544,49452,49404,49434,49491,49470,49383,49474
9206,49394,49474,49544,49452,49404,49434,49491,49470,49383,49474
9207,49394,49474,49544,49452,49404,49434,49491,49470,49383,49474
9208,49394,49474,49544,49452,49404,49434,49491,49470,49383,49474
9209,49394,49474,49544,49452,49404,49434,49491,49470,49383,49474
9210,49394,49474,49544,49452,49404,49434,49491,49470,49383,49474
9211,49394,49474,49544,49452,49404,49434,49491,49470,49383,49474
9212,49394,49474,49544,49452,49404,49434,49491,49470,49383,49474
9213,49394,49474,49544,49452,49404,49434,49491,49470,49383,49474
9214,49394,49474,49544,49452,49404,49434,49491,49470,49383,49474
9215,49394,49474,49544,49452,49404,49434,49491,49470,49383,49474
9216,49394,49474,49544,49452,49404,49434,49491,49470,49383,49474
9217,49394,49474,49544,49452,49404,49434,49491,49470,49383,49474
9218,49394,49474,49544,49452,49404,49434,49491,49470,49383,49474
9219,49394,49474,49544,49452,49404,49434,49491,49470,49383,49474
9220,49394,49474,49544,49452,49404,49434,49491,49470,49383,49474
9221,49394,49474,49544,49452,49404,49434,49491,49470,49383,49474
9222,49394,49474,49544,49452,49404,49434,49491,49470,49383,49474
9223,49394,49474,49544,49452,49404,49434,49491,49470,49383,49474
9224,49394,49474,49544,49452,49404,49434,49491,49470,49383,49474
9225,49394,49474,49544,49452,49404,49434,49491,49470,49383,49474
9226,49394,49474,49544,49452,49404,49434,49491,49470,49383,49474
9227,49394,49474,49544,49452,49404,49434,49491,49470,49383,49474
9228,49394,49474,49544,49452,49404,49434,49491,49470,49383,49474
9229,49394,49474,49544,49452,49404,49434,49491,49470,49383,49474
9230,49394,49474,49544,49452,49404,49434,49491,49470,49383,49474
9231,49394,49474,49544,49452,49404,49434,49491,49470,49383,49474
9232,49394,49474,49544,49452,49404,49434,49491,49470,49383,49474
9233,49394,49474,49544,49452,49404,49434,49491,49470,49383,49474
9234,49394,49474,49544,49452,49404,49434,49491,49470,49383,49474
9235,49394,49474,49544,49452,49404,49434,49491,49470,49383,49474
9236,49394,49474,49544,49452,49404,49434,49491,49470,49383,49474
9237,49394,49474,49544,49452,49404,49434,49491,49470,49383,49474
9238,49394,49474,49544,49452,49404,49434,49491,49470,49383,49474
9239,49394,49474,49544,49452,49404,49434,49491,49470,49383,49474
9240,49394,49474,49544,49452,49404,49434,49491,49470,49383,49474
9241,49394,49474,49544,49452,49404,49434,49491,49470,49383,49474
9242,49394,49474,49544,49452,49404,49434,49491,49470,49383,49474
9243,49394,49474,49544,49452,49404,49434,49491,49470,49383,49474
9244,49394,49474,49544,49452,49404,49434,49491,49470,49383,49474
9245,49394,49474,49544,49452,49404,49434,49491,49470,49383,49474
9246,49394,49474,49544,49452,49404,49434,49491,49470,49383,49474
9247,49394,49474,49544,49452,49404,49434,49491,49470,49383,49474
9248,49394,49474,49544,49452,49404,49434,49491,49470,49383,49474
9249,49394,49474,49544,49452,49404,49434,49491,49470,49383,49474
9250,49394,49474,49544,49452,49404,49434,49491,49470,49383,49474
9251,49394,49474,49544,49452,49404,49434,49491,49470,49383,49474
9252,49394,49474,49544,49452,49404,49434,49491,49470,49383,49474
9253,49394,49474,49544,49452,49404,49434,49491,49470,49383,49474
9254,49394,49474,49544,49452,49404,49434,49491,49470,49383,49474
9255,49394,49474,49544,49452,49404,49434,49491,49470,49383,49474
9256,49394,49474,49544,49452,49404,49434,49491,49470,49383,49474
9257,49394,49474,49544,49452,49404,49434,49491,49470,49383,49474
9258,49394,49474,49544,49452,49404,49434,49491,49470,49383,49474
9259,49394,49474,49544,49452,49404,49434,49491,49470,49383,49474
9260,49394,49474,49544,49452,49404,49434,49491,49470,49383,49474
9261,49394,49474,49544,49452,49404,49434,49491,49470,49383,49474
9262,49394,49474,49544,49452,49404,49434,49491,49470,49383,49474
9263,49394,49474,49544,49452,49404,49434,49491,49470,49383,49474
9264,49394,49474,49544,49452,49404,49434,49491,49470,49383,49474
9265,49394,49474,49544,49452,49404,49434,49491,49470,49383,49474
9266,49394,49474,49544,49452,49404,49434,49491,49470,49383,49474
9267,49394,49474,49544,49452,49404,49434,49491,49470,49383,49474
9268,49394,49474,49544,49452,49404,49434,49491,49470,49383,49474
9269,49394,49474,49544,49452,49404,49434,49491,49470,49383,49474
9270,49394,49474,49544,49452,49404,49434,49491,49470,49383,49474
9271,49394,49474,49544,49452,49404,49434,49491,49470,49383,49474
9272,49394,49474,49544,49452,49404,49434,49491,49470,49383,49474
9273,49394,49474,49544,49452,49404,49434,49491,49470,49383,49474
9274,49394,49474,49544,49452,49404,49434,49491,49470,49383,49474
9275,49394,49474,49544,49452,49404,49434,49491,49470,49383,49474
9276,49394,49474,49544,49452,49404,49434,49491,49470,49383,49474
9277,49394,49474,49544,49452,49404,49434,49491,49470,49383,49474
9278,49394,49474,49544,49452,49404,49434,49491,49470,49383,49474
9279,49394,49474,49544,49452,49404,49434,49491,49470,49383,49474
9280,49394,49474,49544,49452,49404,49434,49491,49470,49383,49474
9281,49394,49474,49544,49452,49404,49434,49491,49470,49383,49474
9282,49394,49474,49544,49452,49404,49434,49491,49470,49383,49474
9283,49394,49474,49544,49452,49404,49434,49491,49470,49383,49474
9284,49394,49474,49544,49452,49404,49434,49491,49470,49383,49474
9285,49394,49474,49544,49452,49404,49434,49491,49470,49383,49474
9286,49394,49474,49544,49452,49404,49434,49491,49470,49383,49474
9287,49394,49474,49544,49452,49404,49434,49491,49470,49383,49474
9288,49394,49474,49544,49452,49404,49434,49491,49470,49383,49474
9289,49394,49474,49544,49452,49404,49434,49491,49470,49383,49474
9290,49394,49474,49544,49452,49404,49434,49491,49470,49383,49474
9291,49394,49474,49544,49452,49404,49434,49491,49470,49383,49474
9292,49394,49474,49544,49452,49404,49434,49491,49470,49383,49474
9293,49394,49474,49544,49452,49404,49434,49491,49470,49383,49474
9294,49394,49474,49544,49452,49404,49434,49491,49470,49383,49474
9295,49394,49474,49544,49452,49404,49434,49491,49470,49383,49474
9296,49394,49474,49544,49452,49404,49434,49491,49470,49383,49474
9297,49394,49474,49544,49452,49404,49434,49491,49470,49383,49474
9298,49394,49474,49544,49452,49404,49434,49491,49470,49383,49474
9299,49394,49474,49544,49452,49404,49434,49491,49470,49383,49474
9300,49394,49474,49544,49452,49404,49434,49491,49470,49383,49474
9301,49394,49474,49544,49452,49404,49434,49491,49470,49383,49474
9302,49394,49474,49544,49452,49404,49434,49491,49470,49383,49474
9303,49394,49474,49544,49452,49404,49434,49491,49470,49383,49474
9304,49394,49474,49544,49452,49404,49434,49491,49470,49383,49474
9305,49394,49474,49544,49452,49404,49434,49491,49470,49383,49474
9306,49394,49474,49544,49452,49404,49434,49491,49470,49383,49474
9307,49394,49474,49544,49452,49404,49434,49491,49470,49383,49474
9308,49394,49474,49544,49452,49404,49434,49491,49470,49383,49474
9309,49394,49474,49544,49452,49404,49434,49491,49470,49383,49474
9310,49394,49474,49544,49452,49404,49434,49491,49470,49383,49474
9311,49394,49474,49544,49452,49404,49434,49491,49470,49383,49474
9312,49394,49474,49544,49452,49404,49434,49491,49470,49383,49474
9313,49394,49474,49544,49452,49404,49434,49491,49470,49383,49474
9314,49394,49474,49544,49452,49404,49434,49491,49470,49383,49474
9315,49394,49474,49544,49452,49404,49434,49491,49470,49383,49474
9316,49394,49474,49544,49452,49404,49434,49491,49470,49383,49474
9317,49394,49474,49544,49452,49404,49434,49491,49470,49383,49474
9318,49394,49474,49544,49452,49404,49434,49491,49470,49383,49474
9319,49394,49474,49544,49452,49404,49434,49491,49470,49383,49474
9320,49394,49474,49544,49452,49404,49434,49491,49470,49383,49474
9321,49394,49474,49544,49452,49404,49434,49491,49470,49383,49474
9322,49394,49474,49544,49452,49404,49434,49491,49470,49383,49474
9323,49394,49474,49544,49452,49404,49434,49491,49470,49383,49474
9324,49394,49474,49544,49452,49404,49434,49491,49470,49383,49474
9325,49394,49474,49544,49452,49404,49434,49491,49470,49383,49474
9326,49394,49474,49544,49452,49404,49434,49491,49470,49383,49474
9327,49394,49474,49544,49452,49404,49434,49491,49470,49383,49474
9328,49394,49474,49544,49452,49404,49434,49491,49470,49383,49474
9329,49394,49474,49544,49452,49404,49434,49491,49470,49383,49474
9330,49394,49474,49544,49452,49404,49434,49491,49470,49383,49474
9331,49394,49474,49544,49452,49404,49434,49491,49470,49383,49474
9332,49394,49474,49544,49452,49404,49434,49491,49470,49383,49474
9333,49394,49474,49544,49452,49404,49434,49491,49470,49383,49474
9334,49394,49474,49544,49452,49404,49434,49491,49470,49383,49474
9335,49394,49474,49544,49452,49404,49434,49491,49470,49383,49474
9336,49394,49474,49544,49452,49404,49434,49491,49470,49383,49474
9337,49394,49474,49544,49452,49404,49434,49491,49470,49383,49474
9338,49394,49474,49544,49452,49404,49434,49491,49470,49383,49474
9339,49394,49474,49544,49452,49404,49434,49491,49470,49383,49474
9340,49394,49474,49544,49452,49404,49434,49491,49470,49383,49474
9341,49394,49474,49544,49452,49404,49434,49491,49470,49383,49474
9342,49394,49474,49544,49452,49404,49434,49491,49470,49383,49474
9343,49394,49474,49544,49452,49404,49434,49491,49470,49383,49474
9344,49394,49474,49544,49452,49404,49434,49491,49470,49383,49474
9345,49394,49474,49544,49452,49404,49434,49491,49470,49383,49474
9346,49394,49474,49544,49452,49404,49434,49491,49470,49383,49474
9347,49394,49474,49544,49452,49404,49434,49491,49470,49383,49474
9348,49394,49474,49544,49452,49404,49434,49491,49470,49383,49474
9349,49394,49474,49544,49452,49404,49434,49491,49470,49383,49474
9350,49394,49474,49544,49452,49404,49434,49491,49470,49383,49474
9351,49394,49474,49544,49452,49404,49434,49491,49470,49383,49474
9352,49394,49474,49544,49452,49404,49434,49491,49470,49383,49474
9353,49394,49474,49544,49452,49404,49434,49491,49470,49383,49474
9354,49394,49474,49544,49452,49404,49434,49491,49470,49383,49474
9355,49394,49474,49544,49452,49404,49434,49491,49470,49383,49474
9356,49394,49474,49544,49452,49404,49434,49491,49470,49383,49474
9357,49394,49474,49544,49452,49404,49434,49491,49470,49383,49474
9358,49394,49474,49544,49452,49404,49434,49491,49470,49383,49474
9359,49394,49474,49544,49452,49404,49434,49491,49470,49383,49474
9360,49394,49474,49544,49452,49404,49434,49491,49470,49383,49474
9361,49394,49474,49544,49452,49404,49434,49491,49470,49383,49474
9362,49394,49474,49544,49452,49404,49434,49491,49470,49383,49474
9363,49394,49474,49544,49452,49404,49434,49491,49470,49383,49474
9364,49394,49474,49544,49452,49404,49434,49491,49470,49383,49474
9365,49394,49474,49544,49452,49404,49434,49491,49470,49383,49474
9366,49394,49474,49544,49452,49404,49434,49491,49470,49383,49474
9367,49394,49474,49544,49452,49404,49434,49491,49470,49383,49474
9368,49394,49474,49544,49452,49404,49434,49491,49470,49383,49474
9369,49394,49474,49544,49452,49404,49434,49491,49470,49383,49474
9370,49394,49474,49544,49452,49404,49434,49491,49470,49383,49474
9371,49394,49474,49544,49452,49404,49434,49491,49470,49383,49474
9372,49394,49474,49544,49452,49404,49434,49491,49470,49383,49474
9373,49394,49474,49544,49452,49404,49434,49491,49470,49383,49474
9374,49394,49474,49544,49452,49404,49434,49491,49470,49383,49474
9375,49394,49474,49544,49452,49404,49434,49491,49470,49383,49474
9376,49394,49474,49544,49452,49404,49434,49491,49470,49383,49474
9377,49394,49474,49544,49452,49404,49434,49491,49470,49383,49474
9378,49394,49474,49544,49452,49404,49434,49491,49470,49383,49474
9379,49394,49474,49544,49452,49404,49434,49491,49470,49383,49474
9380,49394,49474,49544,49452,49404,49434,49491,49470,49383,49474
9381,49394,49474,49544,49452,49404,49434,49491,49470,49383,49474
9382,49394,49474,49544,49452,49404,49434,49491,49470,49383,49474
9383,49394,49474,49544,49452,49404,49434,49491,49470,49383,49474
9384,49394,49474,49544,49452,49404,49434,49491,49470,49383,49474
9385,49394,49474,49544,49452,49404,49434,49491,49470,49383,49474
9386,49394,49474,49544,49452,49404,49434,49491,49470,49383,49474
9387,49394,49474,49544,49452,49404,49434,49491,49470,49383,49474
9388,49394,49474,49544,49452,49404,49434,49491,49470,49383,49474
9389,49394,49474,49544,49452,49404,49434,49491,49470,49383,49474
9390,49394,49474,49544,49452,49404,49434,49491,49470,49383,49474
9391,49394,49474,49544,49452,49404,49434,49491,49470,49383,49474
9392,49394,49474,49544,49452,49404,49434,49491,49470,49383,49474
9393,49394,49474,49544,49452,49404,49434,49491,49470,49383,49474
9394,49394,49474,49544,49452,49404,49434,49491,49470,49383,49474
9395,49394,49474,49544,49452,49404,49434,49491,49470,49383,49474
9396,49394,49474,49544,49452,49404,49434,49491,49470,49383,49474
9397,49394,49474,49544,49452,49404,49434,49491,49470,49383,49474
9398,49394,49474,49544,49452,49404,49434,49491,49470,49383,49474
9399,49394,49474,49544,49452,49404,49434,49491,49470,49383,49474
9400,49394,49474,49544,49452,49404,49434,49491,49470,49383,49474
9401,49394,49474,49544,49452,49404,49434,49491,49470,49383,49474
9402,49394,49474,49544,49452,49404,49434,49491,49470,49383,49474
9403,49394,49474,49544,49452,49404,49434,49491,49470,49383,49474
9404,49394,49474,49544,49452,49404,49434,49491,49470,49383,49474
9405,49394,49474,49544,49452,49404,49434,49491,49470,49383,49474
9406,49394,49474,49544,49452,49404,49434,49491,49470,49383,49474
9407,49394,49474,49544,49452,49404,49434,49491,49470,49383,49474
9408,49394,49474,49544,49452,49404,49434,49491,49470,49383,49474
9409,49394,49474,49544,49452,49404,49434,49491,49470,49383,49474
9410,49394,49474,49544,49452,49404,49434,49491,49470,49383,49474
9411,49394,49474,49544,49452,49404,49434,49491,49470,49383,49474
9412,49394,49474,49544,49452,49404,49434,49491,49470,49383,49474
9413,49394,49474,49544,49452,49404,49434,49491,49470,49383,49474
9414,49394,49474,49544,49452,49404,49434,49491,49470,49383,49474
9415,49394,49474,49544,49452,49404,49434,49491,49470,49383,49474
9416,49394,49474,49544,49452,49404,49434,49491,49470,49383,49474
9417,49394,49474,49544,49452,49404,49434,49491,49470,49383,49474
9418,49394,49474,49544,49452,49404,49434,49491,49470,49383,49474
9419,49394,49474,49544,49452,49404,49434,49491,49470,49383,49474
9420,49394,49474,49544,49452,49404,49434,49491,49470,49383,49474
9421,49394,49474,49544,49452,49404,49434,49491,49470,49383,49474
9422,49394,49474,49544,49452,49404,49434,49491,49470,49383,49474
9423,49394,49474,49544,49452,49404,49434,49491,49470,49383,49474
9424,49394,49474,49544,49452,49404,49434,49491,49470,49383,49474
9425,49394,49474,49544,49452,49404,49434,49491,49470,49383,49474
9426,49394,49474,49544,49452,49404,49434,49491,49470,49383,49474
9427,49394,49474,49544,49452,49404,49434,49491,49470,49383,49474
9428,49394,49474,49544,49452,49404,49434,49491,49470,49383,49474
9429,49394,49474,49544,49452,49404,49434,49491,49470,49383,49474
9430,49394,49474,49544,49452,49404,49434,49491,49470,49383,49474
9431,49394,49474,49544,49452,49404,49434,49491,49470,49383,49474
9432,49394,49474,49544,49452,49404,49434,49491,49470,49383,49474
9433,49394,49474,49544,49452,49404,49434,49491,49470,49383,49474
9434,49394,49474,49544,49452,49404,49434,49491,49470,49383,49474
9435,49394,49474,49544,49452,49404,49434,49491,49470,49383,49474
9436,49394,49474,49544,49452,49404,49434,49491,49470,49383,49474
9437,49394,49474,49544,49452,49404,49434,49491,49470,49383,49474
9438,49394,49474,49544,49452,49404,49434,49491,49470,49383,49474
9439,49394,49474,49544,49452,49404,49434,49491,49470,49383,49474
9440,49394,49474,49544,49452,49404,49434,49491,49470,49383,49474
9441,49394,49474,49544,49452,49404,49434,49491,49470,49383,49474
9442,49394,49474,49544,49452,49404,49434,49491,49470,49383,49474
9443,49394,49474,49544,49452,49404,49434,49491,49470,49383,49474
9444,49394,49474,49544,49452,49404,49434,49491,49470,49383,49474
9445,49394,49474,49544,49452,49404,49434,49491,49470,49383,49474
9446,49394,49474,49544,49452,49404,49434,49491,49470,49383,49474
9447,49394,49474,49544,49452,49404,49434,49491,49470,49383,49474
9448,49394,49474,49544,49452,49404,49434,49491,49470,49383,49474
9449,49394,49474,49544,49452,49404,49434,49491,49470,49383,49474
9450,49394,49474,49544,49452,49404,49434,49491,49470,49383,49474
9451,49394,49474,49544,49452,49404,49434,49491,49470,49383,49474
9452,49394,49474,49544,49452,49404,49434,49491,49470,49383,49474
9453,49394,49474,49544,49452,49404,49434,49491,49470,49383,49474
9454,49394,49474,49544,49452,49404,49434,49491,49470,49383,49474
9455,49394,49474,49544,49452,49404,49434,49491,49470,49383,49474
9456,49394,49474,49544,49452,49404,49434,49491,49470,49383,49474
9457,49394,49474,49544,49452,49404,49434,49491,49470,49383,49474
9458,49394,49474,49544,49452,49404,49434,49491,49470,49383,49474
9459,49394,49474,49544,49452,49404,49434,49491,49470,49383,49474
9460,49394,49474,49544,49452,49404,49434,49491,49470,49383,49474
9461,49394,49474,49544,49452,49404,49434,49491,49470,49383,49474
9462,49394,49474,49544,49452,49404,49434,49491,49470,49383,49474
9463,49394,49474,49544,49452,49404,49434,49491,49470,49383,49474
9464,49394,49474,49544,49452,49404,49434,49491,49470,49383,49474
9465,49394,49474,49544,49452,49404,49434,49491,49470,49383,49474
9466,49394,49474,49544,49452,49404,49434,49491,49470,49383,49474
9467,49394,49474,49544,49452,49404,49434,49491,49470,49383,49474
9468,49394,49474,49544,49452,49404,49434,49491,49470,49383,49474
9469,49394,49474,49544,49452,49404,49434,49491,49470,49383,49474
9470,49394,49474,49544,49452,49404,49434,49491,49470,49383,49474
9471,49394,49474,49544,49452,49404,49434,49491,49470,49383,49474
9472,49394,49474,49544,49452,49404,49434,49491,49470,49383,49474
9473,49394,49474,49544,49452,49404,49434,49491,49470,49383,49474
9474,49394,49474,49544,49452,49404,49434,49491,49470,49383,49474
9475,49394,49474,49544,49452,49404,49434,49491,49470,49383,49474
9476,49394,49474,49544,49452,49404,49434,49491,49470,49383,49474
9477,49394,49474,49544,49452,49404,49434,49491,49470,49383,49474
9478,49394,49474,49544,49452,49404,49434,49491,49470,49383,49474
9479,49394,49474,49544,49452,49404,49434,49491,49470,49383,49474
9480,49394,49474,49544,49452,49404,49434,49491,49470,49383,49474
9481,49394,49474,49544,49452,49404,49434,49491,49470,49383,49474
9482,49394,49474,49544,49452,49404,49434,49491,49470,49383,49474
9483,49394,49474,49544,49452,49404,49434,49491,49470,49383,49474
9484,49394,49474,49544,49452,49404,49434,49491,49470,49383,49474
9485,49394,49474,49544,49452,49404,49434,49491,49470,49383,49474
9486,49394,49474,49544,49452,49404,49434,49491,49470,49383,49474
9487,49394,49474,49544,49452,49404,49434,49491,49470,49383,49474
9488,49394,49474,49544,49452,49404,49434,49491,49470,49383,49474
9489,49394,49474,49544,49452,49404,49434,49491,49470,49383,49474
9490,49394,49474,49544,49452,49404,49434,49491,49470,49383,49474
9491,49394,49474,49544,49452,49404,49434,49491,49470,49383,49474
9492,49394,49474,49544,49452,49404,49434,49491,49470,49383,49474
9493,49394,49474,49544,49452,49404,49434,49491,49470,49383,49474
9494,49394,49474,49544,49452,49404,49434,49491,49470,49383,49474
9495,49394,49474,49544,49452,49404,49434,49491,49470,49383,49474
9496,49394,49474,49544,49452,49404,49434,49491,49470,49383,49474
9497,49394,49474,49544,49452,49404,49434,49491,49470,49383,49474
9498,49394,49474,49544,49452,49404,49434,49491,49470,49383,49474
9499,49394,49474,49544,49452,49404,49434,49491,49470,49383,49474
9500,49394,49474,49544,49452,49404,49434,49491,49470,49383,49474
9501,49394,49474,49544,49452,49404,49434,49491,49470,49383,49474
9502,49394,49474,49544,49452,49404,49434,49491,49470,49383,49474
9503,49394,49474,49544,49452,49404,49434,49491,49470,49383,49474
9504,49394,49474,49544,49452,49404,49434,49491,49470,49383,49474
9505,49394,49474,49544,49452,49404,49434,49491,49470,49383,49474
9506,49394,49474,49544,49452,49404,49434,49491,49470,49383,49474
9507,49394,49474,49544,49452,49404,49434,49491,49470,49383,49474
9508,49394,49474,49544,49452,49404,49434,49491,49470,49383,49474
9509,49394,49474,49544,49452,49404,49434,49491,49470,49383,49474
9510,49394,49474,49544,49452,49404,49434,49491,49470,49383,49474
9511,49394,49474,49544,49452,49404,49434,49491,49470,49383,49474
9512,49394,49474,49544,49452,49404,49434,49491,49470,49383,49474
9513,49394,49474,49544,49452,49404,49434,49491,49470,49383,49474
9514,49394,49474,49544,49452,49404,49434,49491,49470,49383,49474
9515,49394,49474,49544,49452,49404,49434,49491,49470,49383,49474
9516,49394,49474,49544,49452,49404,49434,49491,49470,49383,49474
9517,49394,49474,49544,49452,49404,49434,49491,49470,49383,49474
9518,49394,49474,49544,49452,49404,49434,49491,49470,49383,49474
9519,49394,49474,49544,49452,49404,49434,49491,49470,49383,49474
9520,49394,49474,49544,49452,49404,49434,49491,49470,49383,49474
9521,49394,49474,49544,49452,49404,49434,49491,49470,49383,49474
9522,49394,49474,49544,49452,49404,49434,49491,49470,49383,49474
9523,49394,49474,49544,49452,49404,49434,49491,49470,49383,49474
9524,49394,49474,49544,49452,49404,49434,49491,49470,49383,49474
9525,49394,49474,49544,49452,49404,49434,49491,49470,49383,49474
9526,49394,49474,49544,49452,49404,49434,49491,49470,49383,49474
9527,49394,49474,49544,49452,49404,49434,49491,49470,49383,49474
9528,49394,49474,49544,49452,49404,49434,49491,49470,49383,49474
9529,49394,49474,49544,49452,49404,49434,49491,49470,49383,49474
9530,49394,49474,49544,49452,49404,49434,49491,49470,49383,49474
9531,49394,49474,49544,49452,49404,49434,49491,49470,49383,49474
9532,49394,49474,49544,49452,49404,49434,49491,49470,49383,49474
9533,49394,49474,49544,49452,49404,49434,49491,49470,49383,49474
9534,49394,49474,49544,49452,49404,49434,49491,49470,49383,49474
9535,49394,49474,49544,49452,49404,49434,49491,49470,49383,49474
9536,49394,49474,49544,49452,49404,49434,49491,49470,49383,49474
9537,49394,49474,49544,49452,49404,49434,49491,49470,49383,49474
9538,49394,49474,49544,49452,49404,49434,49491,49470,49383,49474
9539,49394,49474,49544,49452,49404,49434,49491,49470,49383,49474
9540,49394,49474,49544,49452,49404,49434,49491,49470,49383,49474
9541,49394,49474,49544,49452,49404,49434,49491,49470,49383,49474
9542,49394,49474,49544,49452,49404,49434,49491,49470,49383,49474
9543,49394,49474,49544,49452,49404,49434,49491,49470,49383,49474
9544,49394,49474,49544,49452,49404,49434,49491,49470,49383,49474
9545,49394,49474,49544,49452,49404,49434,49491,49470,49383,49474
9546,49394,49474,49544,49452,49404,49434,49491,49470,49383,49474
9547,49394,49474,49544,49452,49404,49434,49491,49470,49383,49474
9548,49394,49474,49544,49452,49404,49434,49491,49470,49383,49474
9549,49394,49474,49544,49452,49404,49434,49491,49470,49383,49474
9550,49394,49474,49544,49452,49404,49434,49491,49470,49383,49474
9551,49394,49474,49544,49452,49404,49434,49491,49470,49383,49474
9552,49394,49474,49544,49452,49404,49434,49491,49470,49383,49474
9553,49394,49474,49544,49452,49404,49434,49491,49470,49383,49474
9554,49394,49474,49544,49452,49404,49434,49491,49470,49383,49474
9555,49394,49474,49544,49452,49404,49434,49491,49470,49383,49474
9556,49394,49474,49544,49452,49404,49434,49491,49470,49383,49474
9557,49394,49474,49544,49452,49404,49434,49491,49470,49383,49474
9558,49394,49474,49544,49452,49404,49434,49491,49470,49383,49474
9559,49394,49474,49544,49452,49404,49434,49491,49470,49383,49474
9560,49394,49474,49544,49452,49404,49434,49491,49470,49383,49474
9561,49394,49474,49544,49452,49404,49434,49491,49470,49383,49474
9562,49394,49474,49544,49452,49404,49434,49491,49470,49383,49474
9563,49394,49474,49544,49452,49404,49434,49491,49470,49383,49474
9564,49394,49474,49544,49452,49404,49434,49491,49470,49383,49474
9565,49394,49474,49544,49452,49404,49434,49491,49470,49383,49474
9566,49394,49474,49544,49452,49404,49434,49491,49470,49383,49474
9567,49394,49474,49544,49452,49404,49434,49491,49470,49383,49474
9568,49394,49474,49544,49452,49404,49434,49491,49470,49383,49474
9569,49394,49474,49544,49452,49404,49434,49491,49470,49383,49474
9570,49394,49474,49544,49452,49404,49434,49491,49470,49383,49474
9571,49394,49474,49544,49452,49404,49434,49491,49470,49383,49474
9572,49394,49474,49544,49452,49404,49434,49491,49470,49383,49474
9573,49394,49474,49544,49452,49404,49434,49491,49470,49383,49474
9574,49394,49474,49544,49452,49404,49434,49491,49470,49383,49474
9575,49394,49474,49544,49452,49404,49434,49491,49470,49383,49474
9576,49394,49474,49544,49452,49404,49434,49491,49470,49383,49474
9577,49394,49474,49544,49452,49404,49434,49491,49470,49383,49474
9578,49394,49474,49544,49452,49404,49434,49491,49470,49383,49474
9579,49394,49474,49544,49452,49404,49434,49491,49470,49383,49474
9580,49394,49474,49544,49452,49404,49434,49491,49470,49383,49474
9581,49394,49474,49544,49452,49404,49434,49491,49470,49383,49474
9582,49394,49474,49544,49452,49404,49434,49491,49470,49383,49474
9583,49394,49474,49544,49452,49404,49434,49491,49470,49383,49474
9584,49394,49474,49544,49452,49404,49434,49491,49470,49383,49474
9585,49394,49474,49544,49452,49404,49434,49491,49470,49383,49474
9586,49394,49474,49544,49452,49404,49434,49491,49470,49383,49474
9587,49394,49474,49544,49452,49404,49434,49491,49470,49383,49474
9588,49394,49474,49544,49452,49404,49434,49491,49470,49383,49474
9589,49394,49474,49544,49452,49404,49434,49491,49470,49383,49474
9590,49394,49474,49544,49452,49404,49434,49491,49470,49383,49474
9591,49394,49474,49544,49452,49404,49434,49491,49470,49383,49474
9592,49394,49474,49544,49452,49404,49434,49491,49470,49383,49474
9593,49394,49474,49544,49452,49404,49434,49491,49470,49383,49474
9594,49394,49474,49544,49452,49404,49434,49491,49470,49383,49474
9595,49394,49474,49544,49452,49404,49434,49491,49470,49383,49474
9596,49394,49474,49544,49452,49404,49434,49491,49470,49383,49474
9597,49394,49474,49544,49452,49404,49434,49491,49470,49383,49474
9598,49394,49474,49544,49452,49404,49434,49491,49470,49383,49474
9599,49394,49474,49544,49452,49404,49434,49491,49470,49383,49474
9600,49394,49474,49544,49452,49404,49434,49491,49470,49383,49474
9601,49394,49474,49544,49452,49404,49434,49491,49470,49383,49474
9602,49394,49474,49544,49452,49404,49434,49491,49470,49383,49474
9603,49394,49474,49544,49452,49404,49434,49491,49470,49383,49474
9604,49394,49474,49544,49452,49404,49434,49491,49470,49383,49474
9605,49394,49474,49544,49452,49404,49434,49491,49470,49383,49474
9606,49394,49474,49544,49452,49404,49434,49491,49470,49383,49474
9607,49394,49474,49544,49452,49404,49434,49491,49470,49383,49474
9608,49394,49474,49544,49452,49404,49434,49491,49470,49383,49474
9609,49394,49474,49544,49452,49404,49434,49491,49470,49383,49474
9610,49394,49474,49544,49452,49404,49434,49491,49470,49383,49474
9611,49394,49474,49544,49452,49404,49434,49491,49470,49383,49474
9612,49394,49474,49544,49452,49404,49434,49491,49470,49383,49474
9613,49394,49474,49544,49452,49404,49434,49491,49470,49383,49474
9614,49394,49474,49544,49452,49404,49434,49491,49470,49383,49474
9615,49394,49474,49544,49452,49404,49434,49491,49470,49383,49474
9616,49394,49474,49544,49452,49404,49434,49491,49470,49383,49474
9617,49394,49474,49544,49452,49404,49434,49491,49470,49383,49474
9618,49394,49474,49544,49452,49404,49434,49491,49470,49383,49474
9619,49394,49474,49544,49452,49404,49434,49491,49470,49383,49474
9620,49394,49474,49544,49452,49404,49434,49491,49470,49383,49474
9621,49394,49474,49544,49452,49404,49434,49491,49470,49383,49474
9622,49394,49474,49544,49452,49404,49434,49491,49470,49383,49474
9623,49394,49474,49544,49452,49404,49434,49491,49470,49383,49474
9624,49394,49474,49544,49452,49404,49434,49491,49470,49383,49474
9625,49394,49474,49544,49452,49404,49434,49491,49470,49383,49474
9626,49394,49474,49544,49452,49404,49434,49491,49470,49383,49474
9627,49394,49474,49544,49452,49404,49434,49491,49470,49383,49474
9628,49394,49474,49544,49452,49404,49434,49491,49470,49383,49474
9629,49394,49474,49544,49452,49404,49434,49491,49470,49383,49474
9630,49394,49474,49544,49452,49404,49434,49491,49470,49383,49474
9631,49394,49474,49544,49452,49404,49434,49491,49470,49383,49474
9632,49394,49474,49544,49452,49404,49434,49491,49470,49383,49474
9633,49394,49474,49544,49452,49404,49434,49491,49470,49383,49474
9634,49394,49474,49544,49452,49404,49434,49491,49470,49383,49474
9635,49394,49474,49544,49452,49404,49434,49491,49470,49383,49474
9636,49394,49474,49544,49452,49404,49434,49491,49470,49383,49474
9637,49394,49474,49544,49452,49404,49434,49491,49470,49383,49474
9638,49394,49474,49544,49452,49404,49434,49491,49470,49383,49474
9639,49394,49474,49544,49452,49404,49434,49491,49470,49383,49474
9640,49394,49474,49544,49452,49404,49434,49491,49470,49383,49474
9641,49394,49474,49544,49452,49404,49434,49491,49470,49383,49474
9642,49394,49474,49544,49452,49404,49434,49491,49470,49383,49474
9643,49394,49474,49544,49452,49404,49434,49491,49470,49383,49474
9644,49394,49474,49544,49452,49404,49434,49491,49470,49383,49474
9645,49394,49474,49544,49452,49404,49434,49491,49470,49383,49474
9646,49394,49474,49544,49452,49404,49434,49491,49470,49383,49474
9647,49394,49474,49544,49452,49404,49434,49491,49470,49383,49474
9648,49394,49474,49544,49452,49404,49434,49491,49470,49383,49474
9649,49394,49474,49544,49452,49404,49434,49491,49470,49383,49474
9650,49394,49474,49544,49452,49404,49434,49491,49470,49383,49474
9651,49394,49474,49544,49452,49404,49434,49491,49470,49383,49474
9652,49394,49474,49544,49452,49404,49434,49491,49470,49383,49474
9653,49394,49474,49544,49452,49404,49434,49491,49470,49383,49474
9654,49394,49474,49544,49452,49404,49434,49491,49470,49383,49474
9655,49394,49474,49544,49452,49404,49434,49491,49470,49383,49474
9656,49394,49474,49544,49452,49404,49434,49491,49470,49383,49474
9657,49394,49474,49544,49452,49404,49434,49491,49470,49383,49474
9658,49394,49474,49544,49452,49404,49434,49491,49470,49383,49474
9659,49394,49474,49544,49452,49404,49434,49491,49470,49383,49474
9660,49394,49474,49544,49452,49404,49434,49491,49470,49383,49474
9661,49394,49474,49544,49452,49404,49434,49491,49470,49383,49474
9662,49394,49474,49544,49452,49404,49434,49491,49470,49383,49474
9663,49394,49474,49544,49452,49404,49434,49491,49470,49383,49474
9664,49394,49474,49544,49452,49404,49434,49491,49470,49383,49474
9665,49394,49474,49544,49452,49404,49434,49491,49470,49383,49474
9666,49394,49474,49544,49452,49404,49434,49491,49470,49383,49474
9667,49394,49474,49544,49452,49404,49434,49491,49470,49383,49474
9668,49394,49474,49544,49452,49404,49434,49491,49470,49383,49474
9669,49394,49474,49544,49452,49404,49434,49491,49470,49383,49474
9670,49394,49474,49544,49452,49404,49434,49491,49470,49383,49474
9671,49394,49474,49544,49452,49404,49434,49491,49470,49383,49474
9672,49394,49474,49544,49452,49404,49434,49491,49470,49383,49474
9673,49394,49474,49544,49452,49404,49434,49491,49470,49383,49474
9674,49394,49474,49544,49452,49404,49434,49491,49470,49383,49474
9675,49394,49474,49544,49452,49404,49434,49491,49470,49383,49474
9676,49394,49474,49544,49452,49404,49434,49491,49470,49383,49474
9677,49394,49474,49544,49452,49404,49434,49491,49470,49383,49474
9678,49394,49474,49544,49452,49404,49434,49491,49470,49383,49474
9679,49394,49474,49544,49452,49404,49434,49491,49470,49383,49474
9680,49394,49474,49544,49452,49404,49434,49491,49470,49383,49474
9681,49394,49474,49544,49452,49404,49434,49491,49470,49383,49474
9682,49394,49474,49544,49452,49404,49434,49491,49470,49383,49474
9683,49394,49474,49544,49452,49404,49434,49491,49470,49383,49474
9684,49394,49474,49544,49452,49404,49434,49491,49470,49383,49474
9685,49394,49474,49544,49452,49404,49434,49491,49470,49383,49474
9686,49394,49474,49544,49452,49404,49434,49491,49470,49383,49474
9687,49394,49474,49544,49452,49404,49434,49491,49470,49383,49474
9688,49394,49474,49544,49452,49404,49434,49491,49470,49383,49474
9689,49394,49474,49544,49452,49404,49434,49491,49470,49383,49474
9690,49394,49474,49544,49452,49404,49434,49491,49470,49383,49474
9691,49394,49474,49544,49452,49404,49434,49491,49470,49383,49474
9692,49394,49474,49544,49452,49404,49434,49491,49470,49383,49474
9693,49394,49474,49544,49452,49404,49434,49491,49470,49383,49474
9694,49394,49474,49544,49452,49404,49434,49491,49470,49383,49474
9695,49394,49474,49544,49452,49404,49434,49491,49470,49383,49474
9696,49394,49474,49544,49452,49404,49434,49491,49470,49383,49474
9697,49394,49474,49544,49452,49404,49434,49491,49470,49383,49474
9698,49394,49474,49544,49452,49404,49434,49491,49470,49383,49474
9699,49394,49474,49544,49452,49404,49434,49491,49470,49383,49474
9700,49394,49474,49544,49452,49404,49434,49491,49470,49383,49474
9701,49394,49474,49544,49452,49404,49434,49491,49470,49383,49474
9702,49394,49474,49544,49452,49404,49434,49491,49470,49383,49474
9703,49394,49474,49544,49452,49404,49434,49491,49470,49383,49474
9704,49394,49474,49544,49452,49404,49434,49491,49470,49383,49474
9705,49394,49474,49544,49452,49404,49434,49491,49470,49383,49474
9706,49394,49474,49544,49452,49404,49434,49491,49470,49383,49474
9707,49394,49474,49544,49452,49404,49434,49491,49470,49383,49474
9708,49394,49474,49544,49452,49404,49434,49491,49470,49383,49474
9709,49394,49474,49544,49452,49404,49434,49491,49470,49383,49474
9710,49394,49474,49544,49452,49404,49434,49491,49470,49383,49474
9711,49394,49474,49544,49452,49404,49434,49491,49470,49383,49474
9712,49394,49474,49544,49452,49404,49434,49491,49470,49383,49474
9713,49394,49474,49544,49452,49404,49434,49491,49470,49383,49474
9714,49394,49474,49544,49452,49404,49434,49491,49470,49383,49474
9715,49394,49474,49544,49452,49404,49434,49491,49470,49383,49474
9716,49394,49474,49544,49452,49404,49434,49491,49470,49383,49474
9717,49394,49474,49544,49452,49404,49434,49491,49470,49383,49474
9718,49394,49474,49544,49452,49404,49434,49491,49470,49383,49474
9719,49394,49474,49544,49452,49404,49434,49491,49470,49383,49474
9720,49394,49474,49544,49452,49404,49434,49491,49470,49383,49474
9721,49394,49474,49544,49452,49404,49434,49491,49470,49383,49474
9722,49394,49474,49544,49452,49404,49434,49491,49470,49383,49474
9723,49394,49474,49544,49452,49404,49434,49491,49470,49383,49474
9724,49394,49474,49544,49452,49404,49434,49491,49470,49383,49474
9725,49394,49474,49544,49452,49404,49434,49491,49470,49383,49474
9726,49394,49474,49544,49452,49404,49434,49491,49470,49383,49474
9727,49394,49474,49544,49452,49404,49434,49491,49470,49383,49474
9728,49394,49474,49544,49452,49404,49434,49491,49470,49383,49474
9729,49394,49474,49544,49452,49404,49434,49491,49470,49383,49474
9730,49394,49474,49544,49452,49404,49434,49491,49470,49383,49474
9731,49394,49474,49544,49452,49404,49434,49491,49470,49383,49474
9732,49394,49474,49544,49452,49404,49434,49491,49470,49383,49474
9733,49394,49474,49544,49452,49404,49434,49491,49470,49383,49474
9734,49394,49474,49544,49452,49404,49434,49491,49470,49383,49474
9735,49394,49474,49544,49452,49404,49434,49491,49470,49383,49474
9736,49394,49474,49544,49452,49404,49434,49491,49470,49383,49474
9737,49394,49474,49544,49452,49404,49434,49491,49470,49383,49474
9738,49394,49474,49544,49452,49404,49434,49491,49470,49383,49474
9739,49394,49474,49544,49452,49404,49434,49491,49470,49383,49474
9740,49394,49474,49544,49452,49404,49434,49491,49470,49383,49474
9741,49394,49474,49544,49452,49404,49434,49491,49470,49383,49474
9742,49394,49474,49544,49452,49404,49434,49491,49470,49383,49474
9743,49394,49474,49544,49452,49404,49434,49491,49470,49383,49474
9744,49394,49474,49544,49452,49404,49434,49491,49470,49383,49474
9745,49394,49474,49544,49452,49404,49434,49491,49470,49383,49474
9746,49394,49474,49544,49452,49404,49434,49491,49470,49383,49474
9747,49394,49474,49544,49452,49404,49434,49491,49470,49383,49474
9748,49394,49474,49544,49452,49404,49434,49491,49470,49383,49474
9749,49394,49474,49544,49452,49404,49434,49491,49470,49383,49474
9750,49394,49474,49544,49452,49404,49434,49491,49470,49383,49474
9751,49394,49474,49544,49452,49404,49434,49491,49470,49383,49474
9752,49394,49474,49544,49452,49404,49434,49491,49470,49383,49474
9753,49394,49474,49544,49452,49404,49434,49491,49470,49383,49474
9754,49394,49474,49544,49452,49404,49434,49491,49470,49383,49474
9755,49394,49474,49544,49452,49404,49434,49491,49470,49383,49474
9756,49394,49474,49544,49452,49404,49434,49491,49470,49383,49474
9757,49394,49474,49544,49452,49404,49434,49491,49470,49383,49474
9758,49394,49474,49544,49452,49404,49434,49491,49470,49383,49474
9759,49394,49474,49544,49452,49404,49434,49491,49470,49383,49474
9760,49394,49474,49544,49452,49404,49434,49491,49470,49383,49474
9761,49394,49474,49544,49452,49404,49434,49491,49470,49383,49474
9762,49394,49474,49544,49452,49404,49434,49491,49470,49383,49474
9763,49394,49474,49544,49452,49404,49434,49491,49470,49383,49474
9764,49394,49474,49544,49452,49404,49434,49491,49470,49383,49474
9765,49394,49474,49544,49452,49404,49434,49491,49470,49383,49474
9766,49394,49474,49544,49452,49404,49434,49491,49470,49383,49474
9767,49394,49474,49544,49452,49404,49434,49491,49470,49383,49474
9768,49394,49474,49544,49452,49404,49434,49491,49470,49383,49474
9769,49394,49474,49544,49452,49404,49434,49491,49470,49383,49474
9770,49394,49474,49544,49452,49404,49434,49491,49470,49383,49474
9771,49394,49474,49544,49452,49404,49434,49491,49470,49383,49474
9772,49394,49474,49544,49452,49404,49434,49491,49470,49383,49474
9773,49394,49474,49544,49452,49404,49434,49491,49470,49383,49474
9774,49394,49474,49544,49452,49404,49434,49491,49470,49383,49474
9775,49394,49474,49544,49452,49404,49434,49491,49470,49383,49474
9776,49394,49474,49544,49452,49404,49434,49491,49470,49383,49474
9777,49394,49474,49544,49452,49404,49434,49491,49470,49383,49474
9778,49394,49474,49544,49452,49404,49434,49491,49470,49383,49474
9779,49394,49474,49544,49452,49404,49434,49491,49470,49383,49474
9780,49394,49474,49544,49452,49404,49434,49491,49470,49383,49474
9781,49394,49474,49544,49452,49404,49434,49491,49470,49383,49474
9782,49394,49474,49544,49452,49404,49434,49491,49470,49383,49474
9783,49394,49474,49544,49452,49404,49434,49491,49470,49383,49474
9784,49394,49474,49544,49452,49404,49434,49491,49470,49383,49474
9785,49394,49474,49544,49452,49404,49434,49491,49470,49383,49474
9786,49394,49474,49544,49452,49404,49434,49491,49470,49383,49474
9787,49394,49474,49544,49452,49404,49434,49491,49470,49383,49474
9788,49394,49474,49544,49452,49404,49434,49491,49470,49383,49474
9789,49394,49474,49544,49452,49404,49434,49491,49470,49383,49474
9790,49394,49474,49544,49452,49404,49434,49491,49470,49383,49474
9791,49394,49474,49544,49452,49404,49434,49491,49470,49383,49474
9792,49394,49474,49544,49452,49404,49434,49491,49470,49383,49474
9793,49394,49474,49544,49452,49404,49434,49491,49470,49383,49474
9794,49394,49474,49544,49452,49404,49434,49491,49470,49383,49474
9795,49394,49474,49544,49452,49404,49434,49491,49470,49383,49474
9796,49394,49474,49544,49452,49404,49434,49491,49470,49383,49474
9797,49394,49474,49544,49452,49404,49434,49491,49470,49383,49474
9798,49394,49474,49544,49452,49404,49434,49491,49470,49383,49474
9799,49394,49474,49544,49452,49404,49434,49491,49470,49383,49474
9800,49394,49474,49544,49452,49404,49434,49491,49470,49383,49474
9801,49394,49474,49544,49452,49404,49434,49491,49470,49383,49474
9802,49394,49474,49544,49452,49404,49434,49491,49470,49383,49474
9803,49394,49474,49544,49452,49404,49434,49491,49470,49383,49474
9804,49394,49474,49544,49452,49404,49434,49491,49470,49383,49474
9805,49394,49474,49544,49452,49404,49434,49491,49470,49383,49474
9806,49394,49474,49544,49452,49404,49434,49491,49470,49383,49474
9807,49394,49474,49544,49452,49404,49434,49491,49470,49383,49474
9808,49394,49474,49544,49452,49404,49434,49491,49470,49383,49474
9809,49394,49474,49544,49452,49404,49434,49491,49470,49383,49474
9810,49394,49474,49544,49452,49404,49434,49491,49470,49383,49474
9811,49394,49474,49544,49452,49404,49434,49491,49470,49383,49474
9812,49394,49474,49544,49452,49404,49434,49491,49470,49383,49474
9813,49394,49474,49544,49452,49404,49434,49491,49470,49383,49474
9814,49394,49474,49544,49452,49404,49434,49491,49470,49383,49474
9815,49394,49474,49544,49452,49404,49434,49491,49470,49383,49474
9816,49394,49474,49544,49452,49404,49434,49491,49470,49383,49474
9817,49394,49474,49544,49452,49404,49434,49491,49470,49383,49474
9818,49394,49474,49544,49452,49404,49434,49491,49470,49383,49474
9819,49394,49474,49544,49452,49404,49434,49491,49470,49383,49474
9820,49394,49474,49544,49452,49404,49434,49491,49470,49383,49474
9821,49394,49474,49544,49452,49404,49434,49491,49470,49383,49474
9822,49394,49474,49544,49452,49404,49434,49491,49470,49383,49474
9823,49394,49474,49544,49452,49404,49434,49491,49470,49383,49474
9824,49394,49474,49544,49452,49404,49434,49491,49470,49383,49474
9825,49394,49474,49544,49452,49404,49434,49491,49470,49383,49474
9826,49394,49474,49544,49452,49404,49434,49491,49470,49383,49474
9827,49394,49474,49544,49452,49404,49434,49491,49470,49383,49474
9828,49394,49474,49544,49452,49404,49434,49491,49470,49383,49474
9829,49394,49474,49544,49452,49404,49434,49491,49470,49383,49474
9830,49394,49474,49544,49452,49404,49434,49491,49470,49383,49474
9831,49394,49474,49544,49452,49404,49434,49491,49470,49383,49474
9832,49394,49474,49544,49452,49404,49434,49491,49470,49383,49474
9833,49394,49474,49544,49452,49404,49434,49491,49470,49383,49474
9834,49394,49474,49544,49452,49404,49434,49491,49470,49383,49474
9835,49394,49474,49544,49452,49404,49434,49491,49470,49383,49474
9836,49394,49474,49544,49452,49404,49434,49491,49470,49383,49474
9837,49394,49474,49544,49452,49404,49434,49491,49470,49383,49474
9838,49394,49474,49544,49452,49404,49434,49491,49470,49383,49474
9839,49394,49474,49544,49452,49404,49434,49491,49470,49383,49474
9840,49394,49474,49544,49452,49404,49434,49491,49470,49383,49474
9841,49394,49474,49544,49452,49404,49434,49491,49470,49383,49474
9842,49394,49474,49544,49452,49404,49434,49491,49470,49383,49474
9843,49394,49474,49544,49452,49404,49434,49491,49470,49383,49474
9844,49394,49474,49544,49452,49404,49434,49491,49470,49383,49474
9845,49394,49474,49544,49452,49404,49434,49491,49470,49383,49474
9846,49394,49474,49544,49452,49404,49434,49491,49470,49383,49474
9847,49394,49474,49544,49452,49404,49434,49491,49470,49383,49474
9848,49394,49474,49544,49452,49404,49434,49491,49470,49383,49474
9849,49394,49474,49544,49452,49404,49434,49491,49470,49383,49474
9850,49394,49474,49544,49452,49404,49434,49491,49470,49383,49474
9851,49394,49474,49544,49452,49404,49434,49491,49470,49383,49474
9852,49394,49474,49544,49452,49404,49434,49491,49470,49383,49474
9853,49394,49474,49544,49452,49404,49434,49491,49470,49383,49474
9854,49394,49474,49544,49452,49404,49434,49491,49470,49383,49474
9855,49394,49474,49544,49452,49404,49434,49491,49470,49383,49474
9856,49394,49474,49544,49452,49404,49434,49491,49470,49383,49474
9857,49394,49474,49544,49452,49404,49434,49491,49470,49383,49474
9858,49394,49474,49544,49452,49404,49434,49491,49470,49383,49474
9859,49394,49474,49544,49452,49404,49434,49491,49470,49383,49474
9860,49394,49474,49544,49452,49404,49434,49491,49470,49383,49474
9861,49394,49474,49544,49452,49404,49434,49491,49470,49383,49474
9862,49394,49474,49544,49452,49404,49434,49491,49470,49383,49474
9863,49394,49474,49544,49452,49404,49434,49491,49470,49383,49474
9864,49394,49474,49544,49452,49404,49434,49491,49470,49383,49474
9865,49394,49474,49544,49452,49404,49434,49491,49470,49383,49474
9866,49394,49474,49544,49452,49404,49434,49491,49470,49383,49474
9867,49394,49474,49544,49452,49404,49434,49491,49470,49383,49474
9868,49394,49474,49544,49452,49404,49434,49491,49470,49383,49474
9869,49394,49474,49544,49452,49404,49434,49491,49470,49383,49474
9870,49394,49474,49544,49452,49404,49434,49491,49470,49383,49474
9871,49394,49474,49544,49452,49404,49434,49491,49470,49383,49474
9872,49394,49474,49544,49452,49404,49434,49491,49470,49383,49474
9873,49394,49474,49544,49452,49404,49434,49491,49470,49383,49474
9874,49394,49474,49544,49452,49404,49434,49491,49470,49383,49474
9875,49394,49474,49544,49452,49404,49434,49491,49470,49383,49474
9876,49394,49474,49544,49452,49404,49434,49491,49470,49383,49474
9877,49394,49474,49544,49452,49404,49434,49491,49470,49383,49474
9878,49394,49474,49544,49452,49404,49434,49491,49470,49383,49474
9879,49394,49474,49544,49452,49404,49434,49491,49470,49383,49474
9880,49394,49474,49544,49452,49404,49434,49491,49470,49383,49474
9881,49394,49474,49544,49452,49404,49434,49491,49470,49383,49474
9882,49394,49474,49544,49452,49404,49434,49491,49470,49383,49474
9883,49394,49474,49544,49452,49404,49434,49491,49470,49383,49474
9884,49394,49474,49544,49452,49404,49434,49491,49470,49383,49474
9885,49394,49474,49544,49452,49404,49434,49491,49470,49383,49474
9886,49394,49474,49544,49452,49404,49434,49491,49470,49383,49474
9887,49394,49474,49544,49452,49404,49434,49491,49470,49383,49474
9888,49394,49474,49544,49452,49404,49434,49491,49470,49383,49474
9889,49394,49474,49544,49452,49404,49434,49491,49470,49383,49474
9890,49394,49474,49544,49452,49404,49434,49491,49470,49383,49474
9891,49394,49474,49544,49452,49404,49434,49491,49470,49383,49474
9892,49394,49474,49544,49452,49404,49434,49491,49470,49383,49474
9893,49394,49474,49544,49452,49404,49434,49491,49470,49383,49474
9894,49394,49474,49544,49452,49404,49434,49491,49470,49383,49474
9895,49394,49474,49544,49452,49404,49434,49491,49470,49383,49474
9896,49394,49474,49544,49452,49404,49434,49491,49470,49383,49474
9897,49394,49474,49544,49452,49404,49434,49491,49470,49383,49474
9898,49394,49474,49544,49452,49404,49434,49491,49470,49383,49474
9899,49394,49474,49544,49452,49404,49434,49491,49470,49383,49474
9900,49394,49474,49544,49452,49404,49434,49491,49470,49383,49474
9901,49394,49474,49544,49452,49404,49434,49491,49470,49383,49474
9902,49394,49474,49544,49452,49404,49434,49491,49470,49383,49474
9903,49394,49474,49544,49452,49404,49434,49491,49470,49383,49474
9904,49394,49474,49544,49452,49404,49434,49491,49470,49383,49474
9905,49394,49474,49544,49452,49404,49434,49491,49470,49383,49474
9906,49394,49474,49544,49452,49404,49434,49491,49470,49383,49474
9907,49394,49474,49544,49452,49404,49434,49491,49470,49383,49474
9908,49394,49474,49544,49452,49404,49434,49491,49470,49383,49474
9909,49394,49474,49544,49452,49404,49434,49491,49470,49383,49474
9910,49394,49474,49544,49452,49404,49434,49491,49470,49383,49474
9911,49394,49474,49544,49452,49404,49434,49491,49470,49383,49474
9912,49394,49474,49544,49452,49404,49434,49491,49470,49383,49474
9913,49394,49474,49544,49452,49404,49434,49491,49470,49383,49474
9914,49394,49474,49544,49452,49404,49434,49491,49470,49383,49474
9915,49394,49474,49544,49452,49404,49434,49491,49470,49383,49474
9916,49394,49474,49544,49452,49404,49434,49491,49470,49383,49474
9917,49394,49474,49544,49452,49404,49434,49491,49470,49383,49474
9918,49394,49474,49544,49452,49404,49434,49491,49470,49383,49474
9919,49394,49474,49544,49452,49404,49434,49491,49470,49383,49474
9920,49394,49474,49544,49452,49404,49434,49491,49470,49383,49474
9921,49394,49474,49544,49452,49404,49434,49491,49470,49383,49474
9922,49394,49474,49544,49452,49404,49434,49491,49470,49383,49474
9923,49394,49474,49544,49452,49404,49434,49491,49470,49383,49474
9924,49394,49474,49544,49452,49404,49434,49491,49470,49383,49474
9925,49394,49474,49544,49452,49404,49434,49491,49470,49383,49474
9926,49394,49474,49544,49452,49404,49434,49491,49470,49383,49474
9927,49394,49474,49544,49452,49404,49434,49491,49470,49383,49474
9928,49394,49474,49544,49452,49404,49434,49491,49470,49383,49474
9929,49394,49474,49544,49452,49404,49434,49491,49470,49383,49474
9930,49394,49474,49544,49452,49404,49434,49491,49470,49383,49474
9931,49394,49474,49544,49452,49404,49434,49491,49470,49383,49474
9932,49394,49474,49544,49452,49404,49434,49491,49470,49383,49474
9933,49394,49474,49544,49452,49404,49434,49491,49470,49383,49474
9934,49394,49474,49544,49452,49404,49434,49491,49470,49383,49474
9935,49394,49474,49544,49452,49404,49434,49491,49470,49383,49474
9936,49394,49474,49544,49452,49404,49434,49491,49470,49383,49474
9937,49394,49474,49544,49452,49404,49434,49491,49470,49383,49474
9938,49394,49474,49544,49452,49404,49434,49491,49470,49383,49474
9939,49394,49474,49544,49452,49404,49434,49491,49470,49383,49474
9940,49394,49474,49544,49452,49404,49434,49491,49470,49383,49474
9941,49394,49474,49544,49452,49404,49434,49491,49470,49383,49474
9942,49394,49474,49544,49452,49404,49434,49491,49470,49383,49474
9943,49394,49474,49544,49452,49404,49434,49491,49470,49383,49474
9944,49394,49474,49544,49452,49404,49434,49491,49470,49383,49474
9945,49394,49474,49544,49452,49404,49434,49491,49470,49383,49474
9946,49394,49474,49544,49452,49404,49434,49491,49470,49383,49474
9947,49394,49474,49544,49452,49404,49434,49491,49470,49383,49474
9948,49394,49474,49544,49452,49404,49434,49491,49470,49383,49474
9949,49394,49474,49544,49452,49404,49434,49491,49470,49383,49474
9950,49394,49474,49544,49452,49404,49434,49491,49470,49383,49474
9951,49394,49474,49544,49452,49404,49434,49491,49470,49383,49474
9952,49394,49474,49544,49452,49404,49434,49491,49470,49383,49474
9953,49394,49474,49544,49452,49404,49434,49491,49470,49383,49474
9954,49394,49474,49544,49452,49404,49434,49491,49470,49383,49474
9955,49394,49474,49544,49452,49404,49434,49491,49470,49383,49474
9956,49394,49474,49544,49452,49404,49434,49491,49470,49383,49474
9957,49394,49474,49544,49452,49404,49434,49491,49470,49383,49474
9958,49394,49474,49544,49452,49404,49434,49491,49470,49383,49474
9959,49394,49474,49544,49452,49404,49434,49491,49470,49383,49474
9960,49394,49474,49544,49452,49404,49434,49491,49470,49383,49474
9961,49394,49474,49544,49452,49404,49434,49491,49470,49383,49474
9962,49394,49474,49544,49452,49404,49434,49491,49470,49383,49474
9963,49394,49474,49544,49452,49404,49434,49491,49470,49383,49474
9964,49394,49474,49544,49452,49404,49434,49491,49470,49383,49474
9965,49394,49474,49544,49452,49404,49434,49491,49470,49383,49474
9966,49394,49474,49544,49452,49404,49434,49491,49470,49383,49474
9967,49394,49474,49544,49452,49404,49434,49491,49470,49383,49474
9968,49394,49474,49544,49452,49404,49434,49491,49470,49383,49474
9969,49394,49474,49544,49452,49404,49434,49491,49470,49383,49474
9970,49394,49474,49544,49452,49404,49434,49491,49470,49383,49474
9971,49394,49474,49544,49452,49404,49434,49491,49470,49383,49474
9972,49394,49474,49544,49452,49404,49434,49491,49470,49383,49474
9973,49394,49474,49544,49452,49404,49434,49491,49470,49383,49474
9974,49394,49474,49544,49452,49404,49434,49491,49470,49383,49474
9975,49394,49474,49544,49452,49404,49434,49491,49470,49383,49474
9976,49394,49474,49544,49452,49404,49434,49491,49470,49383,49474
9977,49394,49474,49544,49452,49404,49434,49491,49470,49383,49474
9978,49394,49474,49544,49452,49404,49434,49491,49470,49383,49474
9979,49394,49474,49544,49452,49404,49434,49491,49470,49383,49474
9980,49394,49474,49544,49452,49404,49434,49491,49470,49383,49474
9981,49394,49474,49544,49452,49404,49434,49491,49470,49383,49474
9982,49394,49474,49544,49452,49404,49434,49491,49470,49383,49474
9983,49394,49474,49544,49452,49404,49434,49491,49470,49383,49474
9984,49394,49474,49544,49452,49404,49434,49491,49470,49383,49474
9985,49394,49474,49544,49452,49404,49434,49491,49470,49383,49474
9986,49394,49474,49544,49452,49404,49434,49491,49470,49383,49474
9987,49394,49474,49544,49452,49404,49434,49491,49470,49383,49474
9988,49394,49474,49544,49452,49404,49434,49491,49470,49383,49474
9989,49394,49474,49544,49452,49404,49434,49491,49470,49383,49474
9990,49394,49474,49544,49452,49404,49434,49491,49470,49383,49474
9991,49394,49474,49544,49452,49404,49434,49491,49470,49383,49474
9992,49394,49474,49544,49452,49404,49434,49491,49470,49383,49474
9993,49394,49474,49544,49452,49404,49434,49491,49470,49383,49474
9994,49394,49474,49544,49452,49404,49434,49491,49470,49383,49474
9995,49394,49474,49544,49452,49404,49434,49491,49470,49383,49474
9996,49394,49474,49544,49452,49404,49434,49491,49470,49383,49474
9997,49394,49474,49544,49452,49404,49434,49491,49470,49383,49474
9998,49394,49474,49544,49452,49404,49434,49491,49470,49383,49474
9999,49394,49474,49544,49452,49404,49434,49491,49470,49383,49474
