avaliacao,sa1,sa2
0,33833,33833
1,33859,33894
2,33859,33894
3,33920,33894
4,33920,33914
5,33920,33914
6,33920,33914
7,33920,33914
8,33920,34084
9,33920,34084
10,33920,34084
11,33920,34084
12,33920,34168
13,33920,34168
14,33920,34190
15,33920,34190
16,33920,34305
17,34033,34305
18,34033,34305
19,34033,34361
20,34033,34478
21,34033,34478
22,34033,34478
23,34033,34478
24,34033,34489
25,34033,34489
26,34033,34685
27,34033,34685
28,34033,34877
29,34033,34877
30,34033,34877
31,34033,34877
32,34033,34877
33,34033,34877
34,34033,34877
35,34033,34877
36,34033,34959
37,34033,34959
38,34069,34959
39,34069,34959
40,34203,34959
41,34203,34959
42,34203,34959
43,34203,34959
44,34203,34959
45,34203,34959
46,34203,34959
47,34203,34959
48,34242,34959
49,34242,34959
50,34372,34959
51,34372,34983
52,34372,34983
53,34372,34983
54,34556,34983
55,34619,35167
56,34619,35167
57,34619,35167
58,34619,35167
59,34619,35167
60,34663,35167
61,34810,35167
62,34810,35174
63,34859,35174
64,34899,35218
65,34899,35394
66,34973,35394
67,35147,35394
68,35147,35394
69,35147,35394
70,35196,35394
71,35314,35394
72,35314,35441
73,35331,35557
74,35385,35557
75,35398,35557
76,35398,35557
77,35399,35557
78,35399,35557
79,35432,35557
80,35432,35625
81,35432,35768
82,35432,35768
83,35432,35768
84,35432,35768
85,35432,35768
86,35432,35768
87,35519,35768
88,35519,35768
89,35532,35850
90,35687,36060
91,35687,36264
92,35693,36264
93,35693,36264
94,35693,36264
95,35693,36368
96,35693,36368
97,35693,36394
98,35693,36394
99,35693,36399
100,35693,36399
101,35693,36399
102,35693,36399
103,35693,36459
104,35698,36527
105,35859,36527
106,36030,36561
107,36030,36561
108,36030,36601
109,36173,36601
110,36191,36601
111,36191,36601
112,36275,36757
113,36298,36757
114,36430,36894
115,36546,36980
116,36567,36980
117,36741,37024
118,36741,37151
119,36741,37210
120,36751,37406
121,36751,37406
122,36794,37424
123,36794,37452
124,36928,37655
125,36928,37692
126,36928,37709
127,36928,37709
128,36928,37720
129,36928,37720
130,36928,37720
131,36980,37720
132,37155,37720
133,37155,37720
134,37165,37720
135,37225,37804
136,37275,37804
137,37275,37804
138,37275,37826
139,37275,37826
140,37275,37826
141,37275,37826
142,37275,37826
143,37275,37826
144,37275,37830
145,37275,37894
146,37275,37894
147,37275,37894
148,37275,37894
149,37275,37894
150,37341,37894
151,37341,37894
152,37469,37894
153,37538,37894
154,37538,37894
155,37538,37945
156,37538,37945
157,37721,37945
158,37721,37945
159,37729,37945
160,37729,37945
161,37850,38100
162,37850,38100
163,37878,38100
164,37976,38138
165,37976,38209
166,38149,38304
167,38149,38451
168,38254,38451
169,38336,38451
170,38346,38451
171,38346,38451
172,38428,38474
173,38453,38523
174,38453,38523
175,38453,38523
176,38469,38523
177,38469,38523
178,38469,38642
179,38469,38717
180,38480,38717
181,38480,38717
182,38480,38717
183,38480,38717
184,38480,38787
185,38497,38873
186,38497,38873
187,38497,38873
188,38497,38873
189,38497,38873
190,38497,38873
191,38497,38948
192,38497,38948
193,38497,38948
194,38497,38948
195,38497,39118
196,38659,39118
197,38659,39118
198,38659,39296
199,38659,39318
200,38659,39318
201,38659,39358
202,38719,39464
203,38719,39510
204,38719,39747
205,38728,39811
206,38728,39811
207,38728,39811
208,38728,39811
209,38728,39811
210,38754,39811
211,38762,39811
212,38850,39811
213,38893,39811
214,38893,39811
215,38893,39811
216,38910,39811
217,38910,39811
218,38910,39811
219,38985,39811
220,38985,39811
221,38985,39811
222,38985,39811
223,38985,39811
224,38985,39811
225,38985,39811
226,38985,39811
227,38985,39811
228,38985,39811
229,38985,39811
230,38985,39811
231,38985,39846
232,38985,39956
233,38985,40093
234,38985,40093
235,38985,40108
236,38985,40108
237,38985,40108
238,38985,40108
239,38985,40122
240,38985,40122
241,38985,40163
242,38985,40163
243,39034,40163
244,39157,40163
245,39157,40163
246,39257,40198
247,39404,40308
248,39404,40464
249,39404,40464
250,39408,40464
251,39408,40464
252,39408,40464
253,39577,40464
254,39725,40560
255,39744,40560
256,39744,40719
257,39744,40830
258,39744,40830
259,39744,40830
260,39832,40975
261,39832,40975
262,39848,40975
263,39885,40975
264,39885,40975
265,40058,40975
266,40058,40975
267,40058,40975
268,40058,40975
269,40058,40975
270,40058,40975
271,40058,41041
272,40058,41244
273,40058,41250
274,40058,41250
275,40058,41250
276,40058,41250
277,40058,41250
278,40058,41392
279,40058,41392
280,40058,41392
281,40163,41392
282,40163,41392
283,40294,41392
284,40294,41547
285,40294,41555
286,40294,41555
287,40436,41908
288,40436,41908
289,40436,41941
290,40455,41941
291,40637,41941
292,40637,41999
293,40637,41999
294,40637,41999
295,40770,41999
296,40788,41999
297,40788,41999
298,40788,42121
299,40788,42121
300,40788,42121
301,40788,42121
302,40788,42121
303,40788,42121
304,40788,42302
305,40788,42302
306,40790,42302
307,40790,42302
308,40848,42302
309,40848,42332
310,40913,42332
311,40942,42420
312,40985,42562
313,41059,42562
314,41180,42562
315,41203,42676
316,41212,42861
317,41212,42861
318,41338,42870
319,41338,42870
320,41350,42870
321,41350,42907
322,41464,42907
323,41467,42907
324,41467,42907
325,41467,42907
326,41495,42907
327,41495,42907
328,41545,42907
329,41545,42962
330,41545,42962
331,41545,42962
332,41545,42962
333,41545,43056
334,41545,43352
335,41545,43352
336,41545,43352
337,41545,43352
338,41545,43352
339,41545,43352
340,41660,43435
341,41660,43518
342,41682,43518
343,41682,43518
344,41719,43518
345,41719,43518
346,41719,43518
347,41885,43518
348,42069,43518
349,42069,43555
350,42069,43555
351,42069,43555
352,42069,43555
353,42069,43555
354,42069,43555
355,42069,43555
356,42069,43555
357,42175,43555
358,42175,43555
359,42175,43555
360,42175,43555
361,42175,43555
362,42175,43555
363,42175,43555
364,42175,43555
365,42175,43555
366,42175,43555
367,42175,43830
368,42175,43830
369,42175,43830
370,42175,43830
371,42175,43830
372,42175,43830
373,42175,43830
374,42175,43830
375,42175,43830
376,42175,43830
377,42175,43830
378,42175,43830
379,42175,43830
380,42175,43830
381,42175,43830
382,42175,43830
383,42175,43830
384,42175,43830
385,42175,43830
386,42175,43830
387,42175,43830
388,42175,43830
389,42175,43830
390,42178,43830
391,42178,43830
392,42178,43830
393,42178,43830
394,42178,43830
395,42178,43830
396,42178,43830
397,42178,43830
398,42178,43830
399,42250,43830
400,42288,43830
401,42288,43830
402,42400,43830
403,42445,43830
404,42445,43830
405,42445,43830
406,42583,43830
407,42721,43830
408,42791,43830
409,42801,43830
410,42816,43830
411,42816,43830
412,42816,43830
413,42816,43830
414,42816,43830
415,42816,43830
416,42816,43830
417,42816,43830
418,42816,43830
419,42816,43830
420,42816,43830
421,42816,43830
422,42816,43836
423,42816,43836
424,42816,44043
425,42816,44043
426,42816,44043
427,42816,44043
428,42816,44043
429,42816,44043
430,42816,44043
431,42816,44043
432,42816,44043
433,42816,44043
434,42816,44181
435,42816,44181
436,42816,44265
437,42816,44265
438,42816,44275
439,42816,44275
440,42816,44500
441,42816,44500
442,42816,44500
443,42816,44500
444,42816,44500
445,42816,44577
446,42816,44577
447,42816,44583
448,42816,44583
449,42816,44583
450,42816,44583
451,42816,44583
452,42816,44583
453,42816,44583
454,42816,44583
455,42816,44583
456,42816,44583
457,42816,44583
458,42816,44583
459,42816,44631
460,42816,44631
461,42816,44643
462,42816,44643
463,42816,44643
464,42816,44780
465,42816,44842
466,42816,44882
467,42816,44882
468,42816,44882
469,42816,45076
470,42816,45076
471,42816,45076
472,42816,45076
473,42816,45076
474,42816,45076
475,42816,45076
476,42816,45076
477,42816,45076
478,42816,45076
479,42816,45076
480,42939,45076
481,42990,45076
482,42990,45076
483,42990,45076
484,42990,45076
485,43012,45076
486,43160,45076
487,43301,45076
488,43301,45076
489,43301,45076
490,43301,45076
491,43301,45090
492,43323,45090
493,43348,45095
494,43348,45126
495,43348,45126
496,43348,45126
497,43348,45126
498,43348,45369
499,43348,45369
500,43348,45369
501,43348,45369
502,43348,45388
503,43348,45388
504,43348,45465
505,43348,45465
506,43348,45518
507,43348,45518
508,43348,45518
509,43348,45518
510,43348,45611
511,43348,45655
512,43436,45655
513,43436,45655
514,43436,45655
515,43436,45655
516,43446,45655
517,43455,45655
518,43455,45655
519,43456,45655
520,43456,45655
521,43516,45655
522,43516,45655
523,43574,45746
524,43574,45746
525,43574,45746
526,43615,45746
527,43615,45746
528,43702,45746
529,43702,45746
530,43750,45746
531,43750,45804
532,43808,45804
533,43808,45804
534,43899,45804
535,43899,45804
536,43899,45804
537,43899,45804
538,43899,45804
539,43899,45991
540,43899,45991
541,43899,45991
542,43899,46055
543,43899,46055
544,43899,46079
545,43899,46079
546,44005,46079
547,44110,46079
548,44241,46079
549,44391,46079
550,44391,46079
551,44391,46079
552,44391,46079
553,44391,46079
554,44391,46079
555,44391,46079
556,44391,46079
557,44391,46079
558,44391,46079
559,44391,46079
560,44391,46079
561,44391,46120
562,44391,46120
563,44391,46133
564,44391,46133
565,44391,46133
566,44391,46133
567,44391,46133
568,44391,46133
569,44391,46133
570,44391,46133
571,44391,46198
572,44391,46198
573,44391,46198
574,44391,46198
575,44391,46393
576,44391,46393
577,44391,46393
578,44391,46393
579,44435,46393
580,44435,46399
581,44435,46399
582,44435,46625
583,44435,46625
584,44435,46625
585,44435,46625
586,44435,46625
587,44435,46625
588,44435,46625
589,44435,46625
590,44435,46625
591,44478,46625
592,44478,46625
593,44478,46625
594,44478,46625
595,44478,46625
596,44478,46625
597,44478,46625
598,44478,46625
599,44478,46625
600,44478,46625
601,44478,46625
602,44567,46625
603,44567,46625
604,44567,46625
605,44567,46625
606,44738,46625
607,44738,46625
608,44738,46625
609,44738,46625
610,44882,46625
611,45074,46625
612,45074,46625
613,45074,46625
614,45074,46625
615,45074,46625
616,45074,46625
617,45074,46625
618,45074,46625
619,45074,46625
620,45074,46625
621,45077,46760
622,45077,46760
623,45138,46760
624,45138,46760
625,45171,46760
626,45171,46760
627,45171,46760
628,45171,46760
629,45171,46760
630,45171,46760
631,45171,46760
632,45171,46828
633,45171,46828
634,45171,46828
635,45171,46828
636,45171,46828
637,45171,46863
638,45294,46863
639,45294,46863
640,45294,46863
641,45403,46863
642,45444,46863
643,45444,46863
644,45444,46863
645,45444,46863
646,45444,46863
647,45444,46863
648,45451,46863
649,45451,46863
650,45451,46879
651,45451,46879
652,45451,46879
653,45451,47043
654,45499,47043
655,45522,47043
656,45536,47043
657,45536,47043
658,45536,47043
659,45611,47043
660,45611,47043
661,45611,47043
662,45611,47043
663,45611,47043
664,45611,47043
665,45611,47043
666,45611,47043
667,45611,47043
668,45611,47043
669,45611,47043
670,45611,47043
671,45648,47043
672,45685,47043
673,45685,47043
674,45685,47043
675,45797,47043
676,45797,47043
677,45797,47043
678,45797,47043
679,45797,47043
680,45797,47043
681,45797,47043
682,45797,47043
683,45797,47043
684,45834,47043
685,45834,47043
686,45835,47043
687,45835,47043
688,45835,47043
689,45836,47043
690,45883,47043
691,45883,47043
692,46073,47043
693,46073,47043
694,46073,47043
695,46073,47043
696,46073,47043
697,46073,47043
698,46073,47043
699,46090,47043
700,46090,47043
701,46090,47043
702,46090,47043
703,46090,47043
704,46090,47071
705,46090,47071
706,46090,47222
707,46090,47222
708,46118,47222
709,46118,47222
710,46142,47222
711,46142,47222
712,46142,47222
713,46156,47222
714,46163,47222
715,46312,47222
716,46312,47222
717,46314,47222
718,46314,47222
719,46314,47222
720,46372,47222
721,46372,47222
722,46372,47222
723,46372,47222
724,46376,47222
725,46376,47222
726,46408,47222
727,46408,47222
728,46408,47222
729,46408,47222
730,46408,47222
731,46408,47222
732,46408,47222
733,46408,47222
734,46408,47222
735,46408,47222
736,46408,47222
737,46408,47222
738,46410,47292
739,46410,47330
740,46410,47330
741,46410,47330
742,46410,47330
743,46410,47330
744,46410,47330
745,46410,47330
746,46410,47330
747,46410,47472
748,46410,47472
749,46410,47472
750,46410,47472
751,46410,47472
752,46410,47472
753,46410,47472
754,46461,47472
755,46475,47472
756,46475,47472
757,46479,47526
758,46479,47526
759,46479,47526
760,46479,47526
761,46479,47526
762,46479,47526
763,46550,47526
764,46571,47526
765,46588,47526
766,46588,47526
767,46588,47623
768,46588,47623
769,46588,47623
770,46588,47623
771,46588,47623
772,46588,47623
773,46588,47623
774,46588,47623
775,46588,47623
776,46588,47666
777,46588,47666
778,46588,47666
779,46588,47666
780,46588,47666
781,46588,47666
782,46588,47666
783,46588,47666
784,46588,47666
785,46588,47666
786,46588,47771
787,46588,47771
788,46588,47771
789,46588,47771
790,46588,47771
791,46588,47771
792,46588,47771
793,46588,47771
794,46616,47828
795,46616,47828
796,46616,47828
797,46619,47879
798,46619,47879
799,46619,47879
800,46619,47879
801,46619,47954
802,46619,47954
803,46619,47954
804,46619,47954
805,46619,47954
806,46619,47954
807,46619,47954
808,46619,47954
809,46744,47954
810,46797,47963
811,46798,47963
812,46830,47963
813,46830,47963
814,46830,47963
815,46830,47963
816,46895,48053
817,46987,48053
818,46987,48053
819,46998,48056
820,46998,48056
821,47030,48056
822,47166,48102
823,47275,48102
824,47275,48102
825,47275,48102
826,47275,48102
827,47275,48102
828,47275,48102
829,47275,48102
830,47275,48102
831,47275,48102
832,47275,48102
833,47275,48174
834,47275,48174
835,47277,48188
836,47277,48188
837,47277,48313
838,47278,48313
839,47442,48313
840,47442,48313
841,47442,48313
842,47505,48313
843,47505,48313
844,47505,48313
845,47505,48313
846,47688,48313
847,47688,48380
848,47688,48380
849,47688,48380
850,47688,48380
851,47688,48380
852,47688,48424
853,47688,48424
854,47688,48424
855,47688,48424
856,47688,48424
857,47688,48424
858,47688,48424
859,47688,48424
860,47688,48424
861,47688,48424
862,47688,48424
863,47688,48424
864,47688,48424
865,47688,48424
866,47688,48424
867,47688,48424
868,47688,48424
869,47688,48424
870,47688,48424
871,47688,48424
872,47688,48424
873,47688,48526
874,47688,48526
875,47688,48565
876,47688,48565
877,47688,48565
878,47688,48592
879,47688,48592
880,47688,48592
881,47688,48592
882,47688,48592
883,47688,48727
884,47729,48727
885,47729,48727
886,47782,48803
887,47782,48803
888,47782,48803
889,47782,48803
890,47782,48803
891,47782,48803
892,47872,48803
893,47885,48803
894,47885,48803
895,47885,48803
896,47912,48803
897,47912,48904
898,47912,48904
899,47912,48904
900,47912,48916
901,47912,48916
902,47912,48916
903,47912,48925
904,47912,49033
905,47969,49033
906,47980,49115
907,48098,49202
908,48098,49202
909,48098,49202
910,48098,49202
911,48098,49202
912,48098,49202
913,48098,49202
914,48098,49286
915,48098,49286
916,48098,49286
917,48098,49286
918,48098,49286
919,48098,49286
920,48098,49286
921,48098,49286
922,48098,49286
923,48098,49310
924,48098,49327
925,48098,49327
926,48098,49327
927,48098,49327
928,48098,49327
929,48098,49327
930,48098,49327
931,48098,49327
932,48098,49327
933,48098,49327
934,48098,49327
935,48098,49327
936,48098,49327
937,48098,49327
938,48098,49327
939,48098,49327
940,48098,49327
941,48098,49327
942,48098,49327
943,48098,49327
944,48098,49327
945,48098,49327
946,48098,49327
947,48098,49327
948,48098,49327
949,48098,49327
950,48098,49327
951,48098,49327
952,48098,49327
953,48098,49327
954,48098,49327
955,48098,49327
956,48098,49327
957,48098,49327
958,48098,49327
959,48098,49327
960,48098,49327
961,48098,49327
962,48098,49327
963,48098,49327
964,48098,49327
965,48098,49327
966,48165,49327
967,48165,49327
968,48165,49327
969,48165,49327
970,48165,49327
971,48165,49327
972,48165,49327
973,48165,49327
974,48165,49327
975,48165,49327
976,48165,49327
977,48165,49327
978,48208,49327
979,48208,49327
980,48208,49327
981,48208,49327
982,48208,49327
983,48208,49327
984,48208,49327
985,48208,49327
986,48208,49327
987,48208,49327
988,48208,49327
989,48208,49327
990,48208,49327
991,48208,49327
992,48208,49327
993,48208,49327
994,48208,49327
995,48208,49327
996,48208,49327
997,48208,49327
998,48208,49327
999,48208,49327
1000,48208,49327
1001,48208,49327
1002,48208,49327
1003,48208,49327
1004,48208,49327
1005,48208,49327
1006,48208,49327
1007,48208,49327
1008,48208,49327
1009,48208,49327
1010,48208,49327
1011,48208,49327
1012,48208,49327
1013,48208,49327
1014,48208,49327
1015,48314,49327
1016,48314,49327
1017,48328,49327
1018,48406,49327
1019,48420,49327
1020,48568,49327
1021,48568,49327
1022,48568,49327
1023,48568,49327
1024,48568,49327
1025,48568,49327
1026,48568,49327
1027,48598,49327
1028,48598,49327
1029,48598,49327
1030,48598,49327
1031,48598,49327
1032,48598,49327
1033,48598,49327
1034,48598,49327
1035,48598,49327
1036,48598,49327
1037,48598,49327
1038,48598,49327
1039,48598,49327
1040,48598,49327
1041,48603,49327
1042,48603,49327
1043,48618,49327
1044,48687,49327
1045,48687,49327
1046,48722,49327
1047,48829,49327
1048,48829,49327
1049,48829,49327
1050,48829,49327
1051,48829,49327
1052,48860,49327
1053,48860,49327
1054,48860,49327
1055,48982,49327
1056,48982,49327
1057,48982,49327
1058,49041,49327
1059,49141,49327
1060,49141,49327
1061,49141,49327
1062,49141,49327
1063,49141,49327
1064,49141,49327
1065,49141,49327
1066,49141,49327
1067,49225,49327
1068,49225,49327
1069,49225,49327
1070,49225,49327
1071,49225,49327
1072,49225,49327
1073,49231,49327
1074,49231,49327
1075,49231,49327
1076,49231,49327
1077,49231,49327
1078,49231,49327
1079,49231,49327
1080,49231,49327
1081,49231,49327
1082,49231,49327
1083,49231,49327
1084,49231,49327
1085,49231,49327
1086,49231,49327
1087,49231,49327
1088,49231,49327
1089,49231,49327
1090,49231,49327
1091,49231,49327
1092,49231,49327
1093,49231,49327
1094,49231,49327
1095,49231,49327
1096,49231,49327
1097,49231,49336
1098,49231,49336
1099,49231,49336
1100,49231,49336
1101,49231,49336
1102,49231,49336
1103,49231,49336
1104,49231,49336
1105,49231,49336
1106,49231,49336
1107,49231,49336
1108,49231,49336
1109,49231,49336
1110,49231,49336
1111,49231,49336
1112,49231,49336
1113,49231,49336
1114,49231,49336
1115,49231,49336
1116,49231,49336
1117,49231,49336
1118,49231,49336
1119,49231,49336
1120,49231,49336
1121,49231,49336
1122,49231,49336
1123,49231,49336
1124,49231,49336
1125,49231,49336
1126,49231,49336
1127,49249,49336
1128,49249,49336
1129,49249,49336
1130,49249,49336
1131,49249,49336
1132,49249,49336
1133,49249,49336
1134,49249,49336
1135,49249,49336
1136,49249,49336
1137,49249,49336
1138,49249,49336
1139,49249,49381
1140,49249,49381
1141,49249,49381
1142,49249,49381
1143,49249,49381
1144,49249,49381
1145,49260,49381
1146,49260,49381
1147,49260,49381
1148,49260,49381
1149,49260,49381
1150,49260,49381
1151,49260,49381
1152,49260,49381
1153,49260,49381
1154,49260,49381
1155,49260,49381
1156,49260,49381
1157,49260,49381
1158,49260,49381
1159,49260,49381
1160,49260,49381
1161,49260,49381
1162,49260,49381
1163,49260,49381
1164,49260,49381
1165,49260,49381
1166,49268,49381
1167,49268,49381
1168,49268,49381
1169,49268,49381
1170,49268,49381
1171,49268,49381
1172,49268,49381
1173,49268,49381
1174,49268,49381
1175,49268,49381
1176,49268,49381
1177,49268,49381
1178,49268,49381
1179,49268,49381
1180,49268,49381
1181,49268,49381
1182,49268,49381
1183,49268,49381
1184,49268,49381
1185,49268,49381
1186,49268,49381
1187,49268,49381
1188,49268,49381
1189,49268,49381
1190,49268,49381
1191,49268,49381
1192,49268,49381
1193,49268,49381
1194,49268,49381
1195,49268,49381
1196,49268,49381
1197,49268,49381
1198,49268,49381
1199,49268,49381
1200,49268,49381
1201,49268,49381
1202,49268,49381
1203,49268,49381
1204,49268,49381
1205,49268,49381
1206,49268,49381
1207,49268,49381
1208,49268,49381
1209,49268,49381
1210,49268,49381
1211,49268,49381
1212,49268,49381
1213,49268,49381
1214,49268,49381
1215,49268,49381
1216,49268,49381
1217,49268,49381
1218,49268,49381
1219,49268,49381
1220,49268,49381
1221,49268,49381
1222,49268,49381
1223,49268,49381
1224,49268,49381
1225,49268,49381
1226,49268,49381
1227,49268,49381
1228,49268,49381
1229,49268,49381
1230,49268,49381
1231,49268,49381
1232,49268,49381
1233,49268,49381
1234,49268,49400
1235,49268,49400
1236,49268,49400
1237,49268,49400
1238,49268,49400
1239,49268,49400
1240,49268,49400
1241,49268,49400
1242,49268,49400
1243,49268,49400
1244,49268,49400
1245,49268,49400
1246,49268,49400
1247,49268,49400
1248,49268,49400
1249,49268,49400
1250,49268,49400
1251,49268,49400
1252,49268,49400
1253,49268,49400
1254,49268,49400
1255,49268,49400
1256,49268,49400
1257,49268,49400
1258,49268,49400
1259,49268,49400
1260,49268,49400
1261,49268,49400
1262,49268,49400
1263,49268,49400
1264,49268,49400
1265,49268,49400
1266,49268,49400
1267,49268,49400
1268,49268,49400
1269,49268,49400
1270,49268,49400
1271,49268,49400
1272,49268,49400
1273,49268,49400
1274,49268,49400
1275,49268,49400
1276,49268,49400
1277,49268,49400
1278,49268,49400
1279,49268,49400
1280,49268,49400
1281,49268,49400
1282,49268,49400
1283,49268,49400
1284,49268,49400
1285,49268,49400
1286,49268,49400
1287,49268,49400
1288,49268,49400
1289,49268,49400
1290,49268,49400
1291,49268,49400
1292,49268,49400
1293,49268,49400
1294,49268,49400
1295,49268,49400
1296,49268,49400
1297,49268,49400
1298,49268,49400
1299,49268,49400
1300,49268,49400
1301,49268,49400
1302,49268,49400
1303,49268,49400
1304,49268,49400
1305,49268,49400
1306,49268,49400
1307,49268,49400
1308,49268,49400
1309,49268,49400
1310,49268,49400
1311,49268,49400
1312,49268,49400
1313,49268,49400
1314,49268,49400
1315,49268,49400
1316,49268,49400
1317,49268,49400
1318,49268,49400
1319,49268,49400
1320,49268,49400
1321,49268,49400
1322,49268,49400
1323,49268,49400
1324,49268,49400
1325,49268,49400
1326,49268,49400
1327,49268,49400
1328,49268,49400
1329,49268,49400
1330,49268,49400
1331,49268,49400
1332,49268,49400
1333,49268,49400
1334,49268,49400
1335,49268,49400
1336,49268,49400
1337,49268,49400
1338,49268,49400
1339,49268,49400
1340,49268,49400
1341,49268,49400
1342,49268,49400
1343,49268,49400
1344,49268,49400
1345,49268,49400
1346,49268,49400
1347,49268,49400
1348,49268,49400
1349,49268,49400
1350,49268,49400
1351,49268,49400
1352,49268,49400
1353,49268,49400
1354,49268,49400
1355,49268,49400
1356,49268,49400
1357,49268,49400
1358,49268,49400
1359,49268,49400
1360,49268,49400
1361,49268,49400
1362,49268,49400
1363,49268,49400
1364,49268,49400
1365,49268,49400
1366,49268,49400
1367,49268,49400
1368,49268,49400
1369,49268,49400
1370,49268,49400
1371,49268,49400
1372,49268,49400
1373,49268,49400
1374,49268,49400
1375,49268,49400
1376,49268,49400
1377,49268,49400
1378,49268,49400
1379,49268,49400
1380,49268,49400
1381,49268,49400
1382,49268,49400
1383,49268,49400
1384,49268,49400
1385,49268,49400
1386,49268,49400
1387,49268,49400
1388,49268,49400
1389,49268,49400
1390,49268,49400
1391,49268,49400
1392,49268,49400
1393,49268,49400
1394,49268,49400
1395,49268,49400
1396,49268,49400
1397,49268,49400
1398,49268,49400
1399,49268,49400
1400,49268,49400
1401,49268,49400
1402,49268,49400
1403,49268,49400
1404,49268,49400
1405,49268,49400
1406,49268,49400
1407,49268,49400
1408,49268,49400
1409,49268,49400
1410,49268,49400
1411,49268,49400
1412,49268,49400
1413,49268,49400
1414,49268,49400
1415,49268,49400
1416,49268,49400
1417,49268,49400
1418,49268,49400
1419,49268,49400
1420,49268,49400
1421,49268,49400
1422,49268,49400
1423,49268,49400
1424,49268,49400
1425,49268,49400
1426,49268,49400
1427,49268,49400
1428,49268,49400
1429,49268,49400
1430,49268,49400
1431,49268,49400
1432,49268,49400
1433,49268,49400
1434,49268,49400
1435,49268,49400
1436,49268,49400
1437,49268,49400
1438,49268,49400
1439,49268,49400
1440,49268,49400
1441,49268,49400
1442,49268,49400
1443,49268,49400
1444,49268,49400
1445,49268,49400
1446,49268,49400
1447,49268,49400
1448,49268,49400
1449,49268,49400
1450,49268,49400
1451,49268,49400
1452,49268,49400
1453,49268,49400
1454,49268,49400
1455,49268,49400
1456,49268,49400
1457,49268,49400
1458,49268,49400
1459,49268,49400
1460,49268,49400
1461,49268,49400
1462,49268,49400
1463,49268,49400
1464,49268,49400
1465,49268,49400
1466,49268,49400
1467,49268,49400
1468,49268,49400
1469,49268,49400
1470,49268,49400
1471,49268,49400
1472,49268,49400
1473,49268,49400
1474,49268,49400
1475,49268,49400
1476,49268,49400
1477,49268,49400
1478,49268,49400
1479,49268,49400
1480,49268,49400
1481,49268,49400
1482,49268,49400
1483,49268,49400
1484,49268,49400
1485,49268,49400
1486,49268,49400
1487,49268,49400
1488,49268,49400
1489,49268,49400
1490,49268,49400
1491,49268,49400
1492,49268,49400
1493,49268,49400
1494,49268,49400
1495,49268,49400
1496,49268,49400
1497,49268,49400
1498,49268,49400
1499,49268,49400
1500,49268,49400
1501,49268,49400
1502,49268,49400
1503,49268,49400
1504,49268,49400
1505,49268,49400
1506,49268,49400
1507,49268,49400
1508,49268,49400
1509,49268,49400
1510,49268,49400
1511,49268,49400
1512,49268,49400
1513,49268,49400
1514,49268,49400
1515,49268,49400
1516,49268,49400
1517,49268,49400
1518,49268,49400
1519,49268,49400
1520,49268,49400
1521,49268,49400
1522,49268,49400
1523,49268,49400
1524,49268,49400
1525,49268,49400
1526,49268,49400
1527,49268,49400
1528,49268,49400
1529,49268,49400
1530,49268,49400
1531,49268,49400
1532,49268,49400
1533,49268,49400
1534,49268,49400
1535,49268,49400
1536,49268,49400
1537,49268,49400
1538,49268,49400
1539,49268,49400
1540,49268,49400
1541,49268,49400
1542,49268,49400
1543,49268,49400
1544,49268,49400
1545,49268,49400
1546,49268,49400
1547,49268,49400
1548,49268,49400
1549,49268,49400
1550,49268,49400
1551,49268,49400
1552,49268,49400
1553,49268,49400
1554,49268,49400
1555,49268,49400
1556,49268,49400
1557,49268,49400
1558,49268,49400
1559,49268,49400
1560,49268,49400
1561,49268,49400
1562,49268,49400
1563,49268,49400
1564,49268,49400
1565,49268,49400
1566,49268,49400
1567,49268,49400
1568,49268,49400
1569,49268,49400
1570,49268,49400
1571,49268,49400
1572,49268,49400
1573,49268,49400
1574,49268,49400
1575,49268,49400
1576,49268,49400
1577,49268,49400
1578,49268,49400
1579,49268,49400
1580,49268,49400
1581,49268,49400
1582,49268,49400
1583,49268,49400
1584,49268,49400
1585,49268,49400
1586,49268,49400
1587,49268,49400
1588,49268,49400
1589,49268,49400
1590,49268,49400
1591,49268,49400
1592,49268,49400
1593,49268,49400
1594,49268,49400
1595,49268,49400
1596,49268,49400
1597,49268,49400
1598,49268,49400
1599,49268,49400
1600,49268,49400
1601,49268,49400
1602,49268,49400
1603,49268,49400
1604,49268,49400
1605,49268,49400
1606,49268,49400
1607,49268,49400
1608,49268,49400
1609,49268,49400
1610,49268,49400
1611,49268,49400
1612,49268,49400
1613,49268,49400
1614,49268,49400
1615,49268,49400
1616,49268,49400
1617,49268,49400
1618,49268,49400
1619,49268,49400
1620,49268,49400
1621,49268,49400
1622,49268,49400
1623,49268,49400
1624,49268,49400
1625,49268,49400
1626,49268,49400
1627,49268,49400
1628,49268,49400
1629,49268,49400
1630,49268,49400
1631,49268,49400
1632,49268,49400
1633,49268,49400
1634,49268,49400
1635,49268,49400
1636,49268,49400
1637,49268,49400
1638,49268,49400
1639,49268,49400
1640,49268,49400
1641,49268,49400
1642,49268,49400
1643,49268,49400
1644,49268,49400
1645,49268,49400
1646,49268,49400
1647,49268,49400
1648,49268,49400
1649,49268,49400
1650,49268,49400
1651,49268,49400
1652,49268,49400
1653,49268,49400
1654,49268,49400
1655,49268,49400
1656,49268,49400
1657,49268,49400
1658,49268,49400
1659,49268,49400
1660,49268,49400
1661,49268,49400
1662,49268,49400
1663,49268,49400
1664,49268,49400
1665,49268,49400
1666,49268,49400
1667,49268,49400
1668,49268,49400
1669,49268,49400
1670,49268,49400
1671,49268,49400
1672,49268,49400
1673,49268,49400
1674,49268,49400
1675,49268,49400
1676,49268,49400
1677,49268,49400
1678,49268,49400
1679,49268,49400
1680,49268,49400
1681,49268,49400
1682,49268,49400
1683,49268,49400
1684,49268,49400
1685,49268,49400
1686,49268,49400
1687,49268,49400
1688,49268,49400
1689,49268,49400
1690,49268,49400
1691,49268,49400
1692,49268,49400
1693,49268,49400
1694,49268,49400
1695,49268,49400
1696,49268,49400
1697,49268,49400
1698,49268,49400
1699,49268,49400
1700,49268,49400
1701,49268,49400
1702,49268,49400
1703,49268,49400
1704,49268,49400
1705,49268,49400
1706,49268,49400
1707,49268,49400
1708,49268,49400
1709,49268,49400
1710,49268,49400
1711,49268,49400
1712,49268,49400
1713,49268,49400
1714,49268,49400
1715,49268,49400
1716,49268,49400
1717,49268,49400
1718,49268,49400
1719,49268,49400
1720,49268,49400
1721,49268,49400
1722,49268,49400
1723,49268,49400
1724,49268,49400
1725,49268,49400
1726,49268,49400
1727,49268,49400
1728,49268,49400
1729,49268,49400
1730,49268,49400
1731,49268,49400
1732,49268,49400
1733,49268,49400
1734,49268,49400
1735,49268,49400
1736,49268,49400
1737,49268,49400
1738,49268,49400
1739,49268,49400
1740,49268,49400
1741,49268,49400
1742,49268,49400
1743,49268,49400
1744,49268,49400
1745,49268,49400
1746,49268,49400
1747,49268,49400
1748,49268,49400
1749,49268,49400
1750,49268,49400
1751,49268,49400
1752,49268,49400
1753,49268,49400
1754,49268,49400
1755,49268,49400
1756,49268,49400
1757,49268,49400
1758,49268,49400
1759,49268,49400
1760,49268,49400
1761,49268,49400
1762,49268,49400
1763,49268,49400
1764,49268,49400
1765,49268,49400
1766,49268,49400
1767,49268,49400
1768,49268,49400
1769,49268,49400
1770,49268,49400
1771,49268,49400
1772,49268,49400
1773,49268,49400
1774,49268,49400
1775,49268,49400
1776,49268,49400
1777,49268,49400
1778,49268,49400
1779,49268,49400
1780,49268,49400
1781,49268,49400
1782,49268,49400
1783,49268,49400
1784,49268,49400
1785,49268,49400
1786,49268,49400
1787,49268,49400
1788,49268,49400
1789,49268,49400
1790,49268,49400
1791,49268,49400
1792,49268,49400
1793,49268,49400
1794,49268,49400
1795,49268,49400
1796,49268,49400
1797,49268,49400
1798,49268,49400
1799,49268,49400
1800,49268,49400
1801,49268,49400
1802,49268,49400
1803,49268,49400
1804,49268,49400
1805,49268,49400
1806,49268,49400
1807,49268,49400
1808,49268,49400
1809,49268,49400
1810,49268,49400
1811,49268,49400
1812,49268,49400
1813,49268,49400
1814,49268,49400
1815,49268,49400
1816,49268,49400
1817,49268,49400
1818,49268,49400
1819,49268,49400
1820,49268,49400
1821,49268,49400
1822,49268,49400
1823,49268,49400
1824,49268,49400
1825,49268,49400
1826,49268,49400
1827,49268,49400
1828,49268,49400
1829,49268,49400
1830,49268,49400
1831,49268,49400
1832,49268,49400
1833,49268,49400
1834,49268,49400
1835,49268,49400
1836,49268,49400
1837,49268,49400
1838,49268,49400
1839,49268,49400
1840,49268,49400
1841,49268,49400
1842,49268,49400
1843,49268,49400
1844,49268,49400
1845,49268,49400
1846,49268,49400
1847,49268,49400
1848,49268,49400
1849,49268,49400
1850,49268,49400
1851,49268,49400
1852,49268,49400
1853,49268,49400
1854,49268,49400
1855,49268,49400
1856,49268,49400
1857,49268,49400
1858,49268,49400
1859,49268,49400
1860,49268,49400
1861,49268,49400
1862,49268,49400
1863,49268,49400
1864,49268,49400
1865,49268,49400
1866,49268,49400
1867,49268,49400
1868,49268,49400
1869,49268,49400
1870,49268,49400
1871,49268,49400
1872,49268,49400
1873,49268,49400
1874,49268,49400
1875,49268,49400
1876,49268,49400
1877,49268,49400
1878,49268,49400
1879,49268,49400
1880,49268,49400
1881,49268,49400
1882,49268,49400
1883,49268,49400
1884,49268,49400
1885,49268,49400
1886,49268,49400
1887,49268,49400
1888,49268,49400
1889,49268,49400
1890,49268,49400
1891,49268,49400
1892,49268,49400
1893,49268,49400
1894,49268,49400
1895,49268,49400
1896,49268,49400
1897,49268,49400
1898,49268,49400
1899,49268,49400
1900,49268,49400
1901,49268,49400
1902,49268,49400
1903,49268,49400
1904,49268,49400
1905,49268,49400
1906,49268,49400
1907,49268,49400
1908,49268,49400
1909,49268,49400
1910,49268,49400
1911,49268,49400
1912,49268,49400
1913,49268,49400
1914,49268,49400
1915,49268,49400
1916,49268,49400
1917,49268,49400
1918,49268,49400
1919,49268,49400
1920,49268,49400
1921,49268,49400
1922,49268,49400
1923,49268,49400
1924,49268,49400
1925,49268,49400
1926,49268,49400
1927,49268,49400
1928,49268,49400
1929,49268,49400
1930,49268,49400
1931,49268,49400
1932,49268,49400
1933,49268,49400
1934,49268,49400
1935,49268,49400
1936,49268,49400
1937,49268,49400
1938,49268,49400
1939,49268,49400
1940,49268,49400
1941,49268,49400
1942,49268,49400
1943,49268,49400
1944,49268,49400
1945,49268,49400
1946,49268,49400
1947,49268,49400
1948,49268,49400
1949,49268,49400
1950,49268,49400
1951,49268,49400
1952,49268,49400
1953,49268,49400
1954,49268,49400
1955,49268,49400
1956,49268,49400
1957,49268,49400
1958,49268,49400
1959,49268,49400
1960,49268,49400
1961,49268,49400
1962,49268,49400
1963,49268,49400
1964,49268,49400
1965,49268,49400
1966,49268,49400
1967,49268,49400
1968,49268,49400
1969,49268,49400
1970,49268,49400
1971,49268,49400
1972,49268,49400
1973,49268,49400
1974,49268,49400
1975,49268,49400
1976,49268,49400
1977,49268,49400
1978,49268,49400
1979,49268,49400
1980,49268,49400
1981,49268,49400
1982,49268,49400
1983,49268,49400
1984,49268,49400
1985,49268,49400
1986,49268,49400
1987,49268,49400
1988,49268,49400
1989,49268,49400
1990,49268,49400
1991,49268,49400
1992,49268,49400
1993,49268,49400
1994,49268,49400
1995,49268,49400
1996,49268,49400
1997,49268,49400
1998,49268,49400
1999,49268,49400
2000,49268,49400
2001,49268,49400
2002,49268,49400
2003,49268,49400
2004,49268,49400
2005,49268,49400
2006,49268,49400
2007,49268,49400
2008,49268,49400
2009,49268,49400
2010,49268,49400
2011,49268,49400
2012,49268,49400
2013,49268,49400
2014,49268,49400
2015,49268,49400
2016,49268,49400
2017,49268,49400
2018,49268,49400
2019,49268,49400
2020,49268,49400
2021,49268,49400
2022,49268,49400
2023,49268,49400
2024,49268,49400
2025,49268,49400
2026,49268,49400
2027,49268,49400
2028,49268,49400
2029,49268,49400
2030,49268,49400
2031,49268,49400
2032,49268,49400
2033,49268,49400
2034,49268,49400
2035,49268,49400
2036,49268,49400
2037,49268,49400
2038,49268,49400
2039,49268,49400
2040,49268,49400
2041,49268,49400
2042,49268,49400
2043,49268,49400
2044,49268,49400
2045,49268,49400
2046,49268,49400
2047,49268,49400
2048,49268,49400
2049,49268,49400
2050,49268,49400
2051,49268,49400
2052,49268,49400
2053,49268,49400
2054,49268,49400
2055,49268,49400
2056,49268,49400
2057,49268,49400
2058,49268,49400
2059,49268,49400
2060,49268,49400
2061,49268,49400
2062,49268,49400
2063,49268,49400
2064,49268,49400
2065,49268,49400
2066,49268,49400
2067,49268,49400
2068,49268,49400
2069,49268,49400
2070,49268,49400
2071,49268,49400
2072,49268,49400
2073,49268,49400
2074,49268,49400
2075,49268,49400
2076,49268,49400
2077,49268,49400
2078,49268,49400
2079,49268,49400
2080,49268,49400
2081,49268,49400
2082,49268,49400
2083,49268,49400
2084,49268,49400
2085,49268,49400
2086,49268,49400
2087,49268,49400
2088,49268,49400
2089,49268,49400
2090,49268,49400
2091,49268,49400
2092,49268,49400
2093,49268,49400
2094,49268,49400
2095,49268,49400
2096,49268,49400
2097,49268,49400
2098,49268,49400
2099,49268,49400
2100,49268,49400
2101,49268,49400
2102,49268,49400
2103,49268,49400
2104,49268,49400
2105,49268,49400
2106,49268,49400
2107,49268,49400
2108,49268,49400
2109,49268,49400
2110,49268,49400
2111,49268,49400
2112,49268,49400
2113,49268,49400
2114,49268,49400
2115,49268,49400
2116,49268,49400
2117,49268,49400
2118,49268,49400
2119,49268,49400
2120,49268,49400
2121,49268,49400
2122,49268,49400
2123,49268,49400
2124,49268,49400
2125,49268,49400
2126,49268,49400
2127,49268,49400
2128,49268,49400
2129,49268,49400
2130,49268,49400
2131,49268,49400
2132,49268,49400
2133,49268,49400
2134,49268,49400
2135,49268,49400
2136,49268,49400
2137,49268,49400
2138,49268,49400
2139,49268,49400
2140,49268,49400
2141,49268,49400
2142,49268,49400
2143,49268,49400
2144,49268,49400
2145,49268,49400
2146,49268,49400
2147,49268,49400
2148,49268,49400
2149,49268,49400
2150,49268,49400
2151,49268,49400
2152,49268,49400
2153,49268,49400
2154,49268,49400
2155,49268,49400
2156,49268,49400
2157,49268,49400
2158,49268,49400
2159,49268,49400
2160,49268,49400
2161,49268,49400
2162,49268,49400
2163,49268,49400
2164,49268,49400
2165,49268,49400
2166,49268,49400
2167,49268,49400
2168,49268,49400
2169,49268,49400
2170,49268,49400
2171,49268,49400
2172,49268,49400
2173,49268,49400
2174,49268,49400
2175,49268,49400
2176,49268,49400
2177,49268,49400
2178,49268,49400
2179,49268,49400
2180,49268,49400
2181,49268,49400
2182,49268,49400
2183,49268,49400
2184,49268,49400
2185,49268,49400
2186,49268,49400
2187,49268,49400
2188,49268,49400
2189,49268,49400
2190,49268,49400
2191,49268,49400
2192,49268,49400
2193,49268,49400
2194,49268,49400
2195,49268,49400
2196,49268,49400
2197,49268,49400
2198,49268,49400
2199,49268,49400
2200,49268,49400
2201,49268,49400
2202,49268,49400
2203,49268,49400
2204,49268,49400
2205,49268,49400
2206,49268,49400
2207,49268,49400
2208,49268,49400
2209,49268,49400
2210,49268,49400
2211,49268,49400
2212,49268,49400
2213,49268,49400
2214,49268,49400
2215,49268,49400
2216,49268,49400
2217,49268,49400
2218,49268,49400
2219,49268,49400
2220,49268,49400
2221,49268,49400
2222,49268,49400
2223,49268,49400
2224,49268,49400
2225,49268,49400
2226,49268,49400
2227,49268,49400
2228,49268,49400
2229,49268,49400
2230,49268,49400
2231,49268,49400
2232,49268,49400
2233,49268,49400
2234,49268,49400
2235,49268,49400
2236,49268,49400
2237,49268,49400
2238,49268,49400
2239,49268,49400
2240,49268,49400
2241,49268,49400
2242,49268,49400
2243,49268,49400
2244,49268,49400
2245,49268,49400
2246,49268,49400
2247,49268,49400
2248,49268,49400
2249,49268,49400
2250,49268,49400
2251,49268,49400
2252,49268,49400
2253,49268,49400
2254,49268,49400
2255,49268,49400
2256,49268,49400
2257,49268,49400
2258,49268,49400
2259,49268,49400
2260,49268,49400
2261,49268,49400
2262,49268,49400
2263,49268,49400
2264,49268,49400
2265,49268,49400
2266,49268,49400
2267,49268,49400
2268,49268,49400
2269,49268,49400
2270,49268,49400
2271,49268,49400
2272,49268,49400
2273,49268,49400
2274,49268,49400
2275,49268,49400
2276,49268,49400
2277,49268,49400
2278,49268,49400
2279,49268,49400
2280,49268,49400
2281,49268,49400
2282,49268,49400
2283,49268,49400
2284,49268,49400
2285,49268,49400
2286,49268,49400
2287,49268,49400
2288,49268,49400
2289,49268,49400
2290,49268,49400
2291,49268,49400
2292,49268,49400
2293,49268,49400
2294,49268,49400
2295,49268,49400
2296,49268,49400
2297,49268,49400
2298,49268,49400
2299,49268,49400
2300,49268,49400
2301,49268,49400
2302,49268,49400
2303,49268,49400
2304,49268,49400
2305,49268,49400
2306,49268,49400
2307,49268,49400
2308,49268,49400
2309,49268,49400
2310,49268,49400
2311,49268,49400
2312,49268,49400
2313,49268,49400
2314,49268,49400
2315,49268,49400
2316,49268,49400
2317,49268,49400
2318,49268,49400
2319,49268,49400
2320,49268,49400
2321,49268,49400
2322,49268,49400
2323,49268,49400
2324,49268,49400
2325,49268,49400
2326,49268,49400
2327,49268,49400
2328,49268,49400
2329,49268,49400
2330,49268,49400
2331,49268,49400
2332,49268,49400
2333,49268,49400
2334,49268,49400
2335,49268,49400
2336,49268,49400
2337,49268,49400
2338,49268,49400
2339,49268,49400
2340,49268,49400
2341,49268,49400
2342,49268,49400
2343,49268,49400
2344,49268,49400
2345,49268,49400
2346,49268,49400
2347,49268,49400
2348,49268,49400
2349,49268,49400
2350,49268,49400
2351,49268,49400
2352,49268,49400
2353,49268,49400
2354,49268,49400
2355,49268,49400
2356,49268,49400
2357,49268,49400
2358,49268,49400
2359,49268,49400
2360,49268,49400
2361,49268,49400
2362,49268,49400
2363,49268,49400
2364,49268,49400
2365,49268,49400
2366,49268,49400
2367,49268,49400
2368,49268,49400
2369,49268,49400
2370,49268,49400
2371,49268,49400
2372,49268,49400
2373,49268,49400
2374,49268,49400
2375,49268,49400
2376,49268,49400
2377,49268,49400
2378,49268,49400
2379,49268,49400
2380,49268,49400
2381,49268,49400
2382,49268,49400
2383,49268,49400
2384,49268,49400
2385,49268,49400
2386,49268,49400
2387,49268,49400
2388,49268,49400
2389,49268,49400
2390,49268,49400
2391,49268,49400
2392,49268,49400
2393,49268,49400
2394,49268,49400
2395,49268,49400
2396,49268,49400
2397,49268,49400
2398,49268,49400
2399,49268,49400
2400,49268,49400
2401,49268,49400
2402,49268,49400
2403,49268,49400
2404,49268,49400
2405,49268,49400
2406,49268,49400
2407,49268,49400
2408,49268,49400
2409,49268,49400
2410,49268,49400
2411,49268,49400
2412,49268,49400
2413,49268,49400
2414,49268,49400
2415,49268,49400
2416,49268,49400
2417,49268,49400
2418,49268,49400
2419,49268,49400
2420,49268,49400
2421,49268,49400
2422,49268,49400
2423,49268,49400
2424,49268,49400
2425,49268,49400
2426,49268,49400
2427,49268,49400
2428,49268,49400
2429,49268,49400
2430,49268,49400
2431,49268,49400
2432,49268,49400
2433,49268,49400
2434,49268,49400
2435,49268,49400
2436,49268,49400
2437,49268,49400
2438,49268,49400
2439,49268,49400
2440,49268,49400
2441,49268,49400
2442,49268,49400
2443,49268,49400
2444,49268,49400
2445,49268,49400
2446,49268,49400
2447,49268,49400
2448,49268,49400
2449,49268,49400
2450,49268,49400
2451,49268,49400
2452,49268,49400
2453,49268,49400
2454,49268,49400
2455,49268,49400
2456,49268,49400
2457,49268,49400
2458,49268,49400
2459,49268,49400
2460,49268,49400
2461,49268,49400
2462,49268,49400
2463,49268,49400
2464,49268,49400
2465,49268,49400
2466,49268,49400
2467,49268,49400
2468,49268,49400
2469,49268,49400
2470,49268,49400
2471,49268,49400
2472,49268,49400
2473,49268,49414
2474,49268,49414
2475,49268,49414
2476,49268,49414
2477,49268,49414
2478,49268,49414
2479,49268,49414
2480,49268,49414
2481,49268,49414
2482,49268,49414
2483,49268,49414
2484,49268,49414
2485,49268,49414
2486,49268,49414
2487,49268,49414
2488,49268,49414
2489,49268,49414
2490,49268,49414
2491,49268,49414
2492,49268,49414
2493,49268,49414
2494,49268,49414
2495,49268,49414
2496,49268,49414
2497,49268,49414
2498,49268,49414
2499,49268,49414
2500,49268,49414
2501,49268,49414
2502,49268,49414
2503,49268,49414
2504,49268,49414
2505,49268,49414
2506,49268,49414
2507,49268,49414
2508,49268,49414
2509,49268,49414
2510,49268,49414
2511,49268,49414
2512,49268,49414
2513,49268,49414
2514,49268,49414
2515,49268,49414
2516,49268,49414
2517,49268,49414
2518,49268,49414
2519,49268,49414
2520,49268,49414
2521,49268,49414
2522,49268,49414
2523,49268,49414
2524,49268,49414
2525,49268,49414
2526,49268,49414
2527,49268,49414
2528,49268,49414
2529,49268,49414
2530,49268,49414
2531,49268,49414
2532,49268,49414
2533,49268,49414
2534,49268,49414
2535,49268,49414
2536,49268,49414
2537,49268,49414
2538,49268,49414
2539,49268,49414
2540,49268,49414
2541,49268,49414
2542,49268,49414
2543,49268,49414
2544,49268,49414
2545,49268,49414
2546,49268,49414
2547,49268,49414
2548,49268,49414
2549,49268,49414
2550,49268,49414
2551,49268,49414
2552,49268,49414
2553,49268,49414
2554,49268,49414
2555,49268,49414
2556,49268,49414
2557,49268,49414
2558,49268,49414
2559,49268,49414
2560,49268,49414
2561,49268,49414
2562,49268,49414
2563,49268,49414
2564,49268,49414
2565,49268,49414
2566,49268,49414
2567,49268,49414
2568,49268,49414
2569,49268,49414
2570,49268,49414
2571,49268,49414
2572,49268,49414
2573,49268,49414
2574,49268,49414
2575,49268,49414
2576,49268,49414
2577,49268,49414
2578,49268,49414
2579,49268,49414
2580,49268,49414
2581,49268,49414
2582,49268,49414
2583,49268,49414
2584,49268,49414
2585,49268,49414
2586,49268,49414
2587,49268,49414
2588,49268,49414
2589,49268,49414
2590,49268,49414
2591,49268,49414
2592,49268,49414
2593,49268,49414
2594,49268,49414
2595,49268,49414
2596,49268,49414
2597,49268,49414
2598,49268,49414
2599,49268,49414
2600,49268,49414
2601,49268,49414
2602,49268,49414
2603,49268,49414
2604,49268,49414
2605,49268,49414
2606,49268,49414
2607,49268,49414
2608,49268,49414
2609,49268,49414
2610,49268,49414
2611,49268,49414
2612,49268,49414
2613,49268,49414
2614,49268,49414
2615,49268,49414
2616,49268,49414
2617,49268,49414
2618,49268,49414
2619,49268,49414
2620,49268,49414
2621,49268,49414
2622,49268,49414
2623,49268,49414
2624,49268,49414
2625,49268,49414
2626,49268,49414
2627,49268,49414
2628,49268,49414
2629,49268,49414
2630,49268,49414
2631,49268,49414
2632,49268,49414
2633,49268,49414
2634,49268,49414
2635,49268,49414
2636,49268,49414
2637,49268,49414
2638,49268,49414
2639,49268,49414
2640,49268,49414
2641,49268,49414
2642,49268,49414
2643,49268,49414
2644,49268,49414
2645,49268,49414
2646,49268,49414
2647,49268,49414
2648,49268,49414
2649,49268,49414
2650,49268,49414
2651,49268,49414
2652,49268,49414
2653,49268,49414
2654,49268,49414
2655,49268,49414
2656,49268,49414
2657,49268,49414
2658,49268,49414
2659,49268,49414
2660,49268,49414
2661,49268,49414
2662,49268,49414
2663,49268,49414
2664,49268,49414
2665,49268,49414
2666,49268,49414
2667,49268,49414
2668,49268,49414
2669,49268,49414
2670,49268,49414
2671,49268,49414
2672,49268,49414
2673,49268,49414
2674,49268,49414
2675,49268,49414
2676,49268,49414
2677,49268,49414
2678,49268,49414
2679,49268,49414
2680,49268,49414
2681,49268,49414
2682,49268,49414
2683,49268,49414
2684,49268,49414
2685,49268,49414
2686,49268,49414
2687,49268,49414
2688,49268,49414
2689,49268,49414
2690,49268,49414
2691,49268,49414
2692,49268,49414
2693,49268,49414
2694,49268,49414
2695,49268,49414
2696,49268,49414
2697,49268,49414
2698,49268,49414
2699,49268,49414
2700,49268,49414
2701,49268,49414
2702,49268,49414
2703,49268,49414
2704,49268,49414
2705,49268,49414
2706,49268,49414
2707,49268,49414
2708,49268,49414
2709,49268,49414
2710,49268,49414
2711,49268,49414
2712,49268,49414
2713,49268,49414
2714,49268,49414
2715,49268,49414
2716,49268,49414
2717,49268,49414
2718,49268,49414
2719,49268,49414
2720,49268,49414
2721,49268,49414
2722,49268,49414
2723,49268,49414
2724,49268,49414
2725,49268,49414
2726,49268,49423
2727,49268,49423
2728,49268,49423
2729,49268,49423
2730,49268,49423
2731,49268,49423
2732,49268,49423
2733,49268,49423
2734,49268,49423
2735,49268,49423
2736,49268,49423
2737,49268,49423
2738,49268,49423
2739,49268,49423
2740,49268,49423
2741,49268,49423
2742,49268,49423
2743,49268,49423
2744,49268,49423
2745,49268,49423
2746,49268,49423
2747,49268,49423
2748,49268,49423
2749,49268,49423
2750,49268,49423
2751,49268,49423
2752,49268,49423
2753,49268,49423
2754,49268,49423
2755,49268,49423
2756,49268,49423
2757,49268,49423
2758,49268,49423
2759,49268,49423
2760,49268,49423
2761,49268,49423
2762,49268,49423
2763,49268,49423
2764,49268,49423
2765,49268,49423
2766,49268,49423
2767,49268,49423
2768,49268,49423
2769,49268,49423
2770,49268,49423
2771,49268,49423
2772,49268,49423
2773,49268,49423
2774,49268,49423
2775,49268,49423
2776,49268,49423
2777,49268,49423
2778,49268,49423
2779,49268,49423
2780,49268,49423
2781,49268,49423
2782,49268,49423
2783,49268,49423
2784,49268,49423
2785,49268,49423
2786,49268,49423
2787,49268,49423
2788,49268,49423
2789,49268,49423
2790,49268,49423
2791,49268,49423
2792,49268,49423
2793,49268,49423
2794,49268,49431
2795,49268,49431
2796,49268,49431
2797,49268,49431
2798,49268,49431
2799,49268,49431
2800,49268,49431
2801,49268,49431
2802,49268,49439
2803,49268,49439
2804,49268,49439
2805,49268,49439
2806,49268,49439
2807,49268,49439
2808,49268,49439
2809,49268,49439
2810,49268,49439
2811,49268,49439
2812,49268,49439
2813,49268,49439
2814,49268,49439
2815,49268,49439
2816,49268,49439
2817,49268,49439
2818,49268,49439
2819,49268,49439
2820,49268,49439
2821,49268,49439
2822,49268,49439
2823,49268,49439
2824,49268,49439
2825,49268,49439
2826,49268,49439
2827,49268,49439
2828,49268,49439
2829,49268,49439
2830,49268,49439
2831,49268,49439
2832,49268,49439
2833,49268,49439
2834,49268,49439
2835,49268,49439
2836,49268,49439
2837,49268,49439
2838,49268,49439
2839,49268,49439
2840,49268,49439
2841,49268,49439
2842,49268,49439
2843,49268,49439
2844,49268,49439
2845,49268,49439
2846,49268,49439
2847,49268,49439
2848,49268,49439
2849,49268,49439
2850,49268,49439
2851,49268,49439
2852,49268,49439
2853,49268,49439
2854,49268,49439
2855,49268,49439
2856,49268,49439
2857,49268,49439
2858,49268,49439
2859,49268,49439
2860,49268,49439
2861,49268,49439
2862,49268,49439
2863,49268,49439
2864,49268,49439
2865,49268,49439
2866,49268,49439
2867,49268,49439
2868,49268,49439
2869,49268,49439
2870,49268,49439
2871,49268,49439
2872,49268,49439
2873,49268,49439
2874,49268,49439
2875,49268,49439
2876,49268,49439
2877,49268,49439
2878,49268,49439
2879,49268,49439
2880,49268,49439
2881,49268,49439
2882,49268,49439
2883,49268,49439
2884,49268,49439
2885,49268,49439
2886,49268,49439
2887,49268,49439
2888,49268,49439
2889,49268,49439
2890,49268,49439
2891,49268,49439
2892,49268,49439
2893,49268,49439
2894,49268,49439
2895,49268,49439
2896,49268,49439
2897,49268,49439
2898,49268,49439
2899,49268,49439
2900,49268,49439
2901,49268,49439
2902,49268,49439
2903,49268,49439
2904,49268,49439
2905,49268,49439
2906,49268,49439
2907,49268,49439
2908,49268,49439
2909,49268,49439
2910,49268,49439
2911,49268,49439
2912,49268,49439
2913,49268,49439
2914,49268,49439
2915,49268,49439
2916,49268,49439
2917,49268,49439
2918,49268,49439
2919,49268,49439
2920,49268,49439
2921,49268,49439
2922,49268,49439
2923,49268,49439
2924,49268,49439
2925,49268,49439
2926,49268,49439
2927,49268,49439
2928,49268,49439
2929,49268,49439
2930,49268,49439
2931,49268,49439
2932,49268,49439
2933,49268,49439
2934,49268,49439
2935,49268,49439
2936,49268,49439
2937,49268,49439
2938,49268,49439
2939,49268,49439
2940,49268,49439
2941,49268,49439
2942,49268,49439
2943,49268,49439
2944,49268,49439
2945,49268,49439
2946,49268,49439
2947,49268,49439
2948,49268,49439
2949,49268,49439
2950,49268,49439
2951,49268,49439
2952,49268,49439
2953,49268,49439
2954,49268,49439
2955,49268,49439
2956,49268,49439
2957,49268,49439
2958,49268,49439
2959,49268,49439
2960,49268,49439
2961,49268,49439
2962,49268,49439
2963,49268,49439
2964,49268,49439
2965,49268,49439
2966,49268,49439
2967,49268,49439
2968,49268,49439
2969,49268,49439
2970,49268,49439
2971,49268,49439
2972,49268,49439
2973,49268,49439
2974,49268,49439
2975,49268,49439
2976,49268,49439
2977,49268,49439
2978,49268,49439
2979,49268,49439
2980,49268,49439
2981,49268,49439
2982,49268,49439
2983,49268,49439
2984,49268,49439
2985,49268,49439
2986,49268,49439
2987,49268,49439
2988,49268,49439
2989,49268,49439
2990,49268,49439
2991,49268,49439
2992,49268,49439
2993,49268,49439
2994,49268,49439
2995,49268,49439
2996,49268,49439
2997,49268,49439
2998,49268,49439
2999,49268,49439
3000,49268,49439
3001,49268,49439
3002,49268,49439
3003,49268,49439
3004,49268,49439
3005,49268,49439
3006,49268,49439
3007,49268,49439
3008,49268,49439
3009,49268,49439
3010,49268,49439
3011,49268,49439
3012,49268,49439
3013,49268,49439
3014,49268,49439
3015,49268,49439
3016,49268,49439
3017,49268,49439
3018,49268,49439
3019,49268,49439
3020,49268,49439
3021,49268,49439
3022,49268,49439
3023,49268,49439
3024,49268,49439
3025,49268,49439
3026,49268,49439
3027,49268,49439
3028,49268,49439
3029,49268,49439
3030,49268,49439
3031,49268,49439
3032,49268,49439
3033,49268,49439
3034,49268,49439
3035,49268,49439
3036,49268,49439
3037,49268,49439
3038,49268,49439
3039,49268,49439
3040,49268,49439
3041,49268,49439
3042,49268,49439
3043,49268,49439
3044,49268,49439
3045,49268,49439
3046,49268,49439
3047,49268,49439
3048,49268,49439
3049,49268,49439
3050,49268,49439
3051,49268,49443
3052,49268,49443
3053,49268,49443
3054,49268,49443
3055,49268,49443
3056,49268,49443
3057,49268,49443
3058,49268,49443
3059,49268,49443
3060,49268,49443
3061,49268,49443
3062,49268,49443
3063,49268,49464
3064,49268,49464
3065,49268,49464
3066,49268,49464
3067,49268,49464
3068,49268,49464
3069,49268,49464
3070,49268,49464
3071,49268,49464
3072,49268,49464
3073,49268,49464
3074,49268,49464
3075,49268,49464
3076,49268,49464
3077,49268,49464
3078,49268,49464
3079,49268,49464
3080,49268,49464
3081,49268,49464
3082,49268,49464
3083,49268,49464
3084,49268,49464
3085,49268,49464
3086,49268,49464
3087,49268,49464
3088,49268,49464
3089,49268,49464
3090,49268,49464
3091,49268,49464
3092,49268,49464
3093,49268,49464
3094,49268,49464
3095,49268,49464
3096,49268,49464
3097,49268,49464
3098,49268,49464
3099,49268,49464
3100,49268,49464
3101,49268,49464
3102,49268,49464
3103,49268,49464
3104,49268,49464
3105,49268,49464
3106,49268,49464
3107,49268,49464
3108,49268,49464
3109,49268,49464
3110,49268,49464
3111,49268,49464
3112,49268,49464
3113,49268,49464
3114,49268,49464
3115,49268,49464
3116,49268,49464
3117,49268,49464
3118,49268,49464
3119,49268,49464
3120,49268,49464
3121,49268,49464
3122,49268,49464
3123,49268,49464
3124,49268,49464
3125,49268,49464
3126,49268,49464
3127,49268,49464
3128,49268,49464
3129,49268,49464
3130,49268,49464
3131,49268,49464
3132,49268,49464
3133,49268,49464
3134,49268,49464
3135,49268,49464
3136,49268,49464
3137,49268,49464
3138,49268,49464
3139,49268,49464
3140,49268,49464
3141,49268,49464
3142,49268,49464
3143,49268,49464
3144,49268,49464
3145,49268,49464
3146,49268,49464
3147,49268,49464
3148,49268,49464
3149,49268,49464
3150,49268,49464
3151,49268,49464
3152,49268,49464
3153,49268,49464
3154,49268,49464
3155,49268,49464
3156,49268,49464
3157,49268,49464
3158,49268,49464
3159,49268,49464
3160,49268,49464
3161,49268,49464
3162,49268,49464
3163,49268,49464
3164,49268,49464
3165,49268,49464
3166,49268,49464
3167,49268,49464
3168,49268,49464
3169,49268,49464
3170,49268,49464
3171,49268,49464
3172,49268,49464
3173,49268,49464
3174,49268,49464
3175,49268,49464
3176,49268,49464
3177,49268,49464
3178,49268,49464
3179,49268,49464
3180,49268,49464
3181,49268,49464
3182,49268,49464
3183,49268,49464
3184,49268,49464
3185,49268,49464
3186,49268,49464
3187,49268,49464
3188,49268,49464
3189,49268,49464
3190,49268,49464
3191,49268,49464
3192,49268,49464
3193,49268,49464
3194,49268,49464
3195,49268,49464
3196,49268,49464
3197,49268,49464
3198,49268,49464
3199,49268,49464
3200,49268,49464
3201,49268,49464
3202,49268,49464
3203,49268,49464
3204,49268,49464
3205,49268,49464
3206,49268,49464
3207,49268,49464
3208,49268,49464
3209,49268,49464
3210,49268,49464
3211,49268,49464
3212,49268,49464
3213,49268,49464
3214,49268,49464
3215,49268,49464
3216,49268,49464
3217,49268,49464
3218,49268,49464
3219,49268,49464
3220,49268,49464
3221,49268,49464
3222,49268,49464
3223,49268,49464
3224,49268,49464
3225,49268,49464
3226,49268,49464
3227,49268,49464
3228,49268,49464
3229,49268,49472
3230,49268,49472
3231,49268,49472
3232,49268,49472
3233,49268,49472
3234,49268,49472
3235,49268,49472
3236,49268,49472
3237,49268,49472
3238,49268,49472
3239,49268,49472
3240,49268,49472
3241,49268,49472
3242,49268,49472
3243,49268,49472
3244,49268,49472
3245,49268,49472
3246,49268,49472
3247,49268,49472
3248,49268,49472
3249,49268,49472
3250,49268,49472
3251,49268,49472
3252,49268,49472
3253,49268,49472
3254,49268,49472
3255,49268,49472
3256,49268,49472
3257,49268,49472
3258,49268,49472
3259,49268,49472
3260,49268,49472
3261,49268,49472
3262,49268,49472
3263,49268,49472
3264,49268,49472
3265,49268,49472
3266,49268,49472
3267,49268,49472
3268,49268,49472
3269,49268,49472
3270,49268,49472
3271,49268,49472
3272,49268,49472
3273,49268,49472
3274,49268,49472
3275,49268,49472
3276,49268,49472
3277,49268,49472
3278,49268,49472
3279,49268,49472
3280,49268,49472
3281,49268,49475
3282,49268,49475
3283,49268,49475
3284,49268,49475
3285,49268,49475
3286,49268,49475
3287,49268,49475
3288,49268,49475
3289,49268,49475
3290,49268,49475
3291,49268,49475
3292,49268,49475
3293,49268,49475
3294,49268,49475
3295,49268,49475
3296,49268,49475
3297,49268,49475
3298,49268,49475
3299,49268,49475
3300,49268,49475
3301,49268,49475
3302,49268,49475
3303,49268,49475
3304,49268,49475
3305,49268,49475
3306,49268,49475
3307,49268,49475
3308,49268,49475
3309,49268,49475
3310,49268,49475
3311,49268,49475
3312,49268,49475
3313,49268,49475
3314,49268,49475
3315,49268,49475
3316,49268,49475
3317,49268,49475
3318,49268,49475
3319,49268,49475
3320,49268,49475
3321,49268,49475
3322,49268,49475
3323,49268,49475
3324,49268,49475
3325,49268,49475
3326,49268,49475
3327,49268,49475
3328,49268,49475
3329,49268,49475
3330,49268,49475
3331,49268,49475
3332,49268,49475
3333,49268,49475
3334,49268,49475
3335,49268,49477
3336,49268,49477
3337,49268,49477
3338,49268,49477
3339,49268,49477
3340,49268,49477
3341,49268,49477
3342,49268,49477
3343,49268,49477
3344,49268,49477
3345,49268,49477
3346,49268,49477
3347,49268,49477
3348,49268,49477
3349,49268,49477
3350,49268,49477
3351,49268,49477
3352,49268,49477
3353,49268,49477
3354,49268,49477
3355,49268,49477
3356,49268,49477
3357,49268,49477
3358,49268,49477
3359,49268,49477
3360,49268,49477
3361,49268,49477
3362,49268,49477
3363,49268,49477
3364,49268,49477
3365,49268,49477
3366,49268,49477
3367,49268,49477
3368,49268,49477
3369,49268,49477
3370,49268,49477
3371,49268,49477
3372,49268,49477
3373,49268,49477
3374,49268,49477
3375,49268,49495
3376,49268,49495
3377,49268,49495
3378,49268,49495
3379,49268,49495
3380,49268,49495
3381,49268,49495
3382,49268,49495
3383,49268,49495
3384,49268,49495
3385,49268,49495
3386,49268,49495
3387,49268,49495
3388,49268,49495
3389,49268,49495
3390,49268,49495
3391,49268,49495
3392,49268,49495
3393,49268,49495
3394,49268,49495
3395,49268,49495
3396,49268,49495
3397,49268,49495
3398,49268,49495
3399,49268,49495
3400,49268,49495
3401,49268,49495
3402,49268,49495
3403,49268,49495
3404,49268,49495
3405,49268,49495
3406,49268,49495
3407,49268,49495
3408,49268,49495
3409,49268,49495
3410,49268,49495
3411,49268,49495
3412,49268,49495
3413,49268,49495
3414,49268,49495
3415,49268,49495
3416,49268,49495
3417,49268,49495
3418,49268,49495
3419,49268,49495
3420,49268,49495
3421,49268,49495
3422,49268,49495
3423,49268,49495
3424,49268,49495
3425,49268,49495
3426,49268,49498
3427,49268,49498
3428,49268,49498
3429,49268,49498
3430,49268,49533
3431,49268,49533
3432,49268,49533
3433,49268,49533
3434,49268,49533
3435,49268,49533
3436,49268,49533
3437,49268,49533
3438,49268,49533
3439,49268,49533
3440,49268,49533
3441,49268,49533
3442,49268,49533
3443,49268,49533
3444,49268,49533
3445,49268,49533
3446,49268,49533
3447,49268,49533
3448,49268,49533
3449,49268,49533
3450,49268,49533
3451,49268,49533
3452,49268,49533
3453,49268,49533
3454,49268,49533
3455,49268,49533
3456,49268,49533
3457,49268,49533
3458,49268,49533
3459,49268,49533
3460,49268,49533
3461,49268,49533
3462,49268,49533
3463,49268,49533
3464,49268,49533
3465,49268,49533
3466,49268,49533
3467,49268,49533
3468,49268,49533
3469,49268,49533
3470,49268,49533
3471,49268,49533
3472,49268,49533
3473,49268,49533
3474,49268,49533
3475,49268,49533
3476,49268,49533
3477,49268,49533
3478,49268,49533
3479,49268,49533
3480,49268,49533
3481,49268,49533
3482,49268,49533
3483,49268,49533
3484,49268,49533
3485,49268,49533
3486,49268,49533
3487,49268,49533
3488,49268,49533
3489,49268,49533
3490,49268,49533
3491,49268,49533
3492,49268,49533
3493,49268,49533
3494,49268,49533
3495,49268,49533
3496,49268,49533
3497,49268,49533
3498,49268,49533
3499,49268,49533
3500,49268,49533
3501,49268,49533
3502,49268,49533
3503,49268,49533
3504,49268,49533
3505,49268,49533
3506,49268,49533
3507,49268,49533
3508,49268,49533
3509,49268,49533
3510,49268,49533
3511,49268,49533
3512,49268,49533
3513,49268,49533
3514,49268,49533
3515,49268,49533
3516,49268,49533
3517,49268,49533
3518,49268,49533
3519,49268,49533
3520,49268,49533
3521,49268,49533
3522,49268,49533
3523,49268,49533
3524,49268,49533
3525,49268,49533
3526,49268,49533
3527,49268,49533
3528,49268,49533
3529,49268,49533
3530,49268,49533
3531,49268,49533
3532,49268,49533
3533,49268,49533
3534,49268,49533
3535,49268,49533
3536,49268,49533
3537,49268,49533
3538,49268,49533
3539,49268,49533
3540,49268,49533
3541,49268,49533
3542,49268,49533
3543,49268,49533
3544,49268,49533
3545,49268,49533
3546,49268,49533
3547,49268,49533
3548,49268,49533
3549,49268,49533
3550,49268,49533
3551,49268,49533
3552,49268,49533
3553,49268,49533
3554,49268,49533
3555,49268,49533
3556,49268,49533
3557,49268,49533
3558,49268,49533
3559,49268,49533
3560,49268,49533
3561,49268,49533
3562,49268,49533
3563,49268,49533
3564,49268,49533
3565,49268,49533
3566,49268,49533
3567,49268,49533
3568,49268,49533
3569,49268,49533
3570,49268,49533
3571,49268,49533
3572,49268,49533
3573,49268,49533
3574,49268,49533
3575,49268,49533
3576,49268,49533
3577,49268,49533
3578,49268,49533
3579,49268,49533
3580,49268,49533
3581,49268,49533
3582,49268,49533
3583,49268,49533
3584,49268,49533
3585,49268,49533
3586,49268,49533
3587,49268,49533
3588,49268,49533
3589,49268,49533
3590,49268,49533
3591,49268,49533
3592,49268,49533
3593,49268,49533
3594,49268,49533
3595,49268,49533
3596,49268,49533
3597,49268,49533
3598,49268,49533
3599,49268,49533
3600,49268,49533
3601,49268,49533
3602,49268,49533
3603,49268,49533
3604,49268,49533
3605,49268,49533
3606,49268,49533
3607,49268,49533
3608,49268,49533
3609,49268,49533
3610,49268,49533
3611,49268,49533
3612,49268,49533
3613,49268,49533
3614,49268,49533
3615,49268,49533
3616,49268,49533
3617,49268,49533
3618,49268,49533
3619,49268,49533
3620,49268,49533
3621,49268,49533
3622,49268,49533
3623,49268,49533
3624,49268,49533
3625,49268,49533
3626,49268,49533
3627,49268,49533
3628,49268,49533
3629,49268,49533
3630,49268,49533
3631,49268,49533
3632,49268,49533
3633,49268,49533
3634,49268,49533
3635,49268,49533
3636,49268,49533
3637,49268,49533
3638,49268,49533
3639,49268,49533
3640,49268,49533
3641,49268,49533
3642,49268,49533
3643,49268,49533
3644,49268,49533
3645,49268,49533
3646,49268,49533
3647,49268,49533
3648,49268,49533
3649,49268,49533
3650,49268,49533
3651,49268,49533
3652,49268,49533
3653,49268,49533
3654,49268,49533
3655,49268,49533
3656,49268,49533
3657,49268,49533
3658,49268,49533
3659,49268,49533
3660,49268,49533
3661,49268,49533
3662,49268,49533
3663,49268,49533
3664,49268,49533
3665,49268,49533
3666,49268,49533
3667,49268,49533
3668,49268,49533
3669,49268,49533
3670,49268,49550
3671,49268,49550
3672,49268,49550
3673,49268,49550
3674,49268,49550
3675,49268,49550
3676,49268,49550
3677,49268,49550
3678,49268,49550
3679,49268,49550
3680,49268,49550
3681,49268,49550
3682,49268,49550
3683,49268,49550
3684,49268,49550
3685,49268,49550
3686,49268,49550
3687,49268,49550
3688,49268,49550
3689,49268,49550
3690,49268,49550
3691,49268,49550
3692,49268,49550
3693,49268,49550
3694,49268,49550
3695,49268,49550
3696,49268,49550
3697,49268,49550
3698,49268,49550
3699,49268,49550
3700,49268,49550
3701,49268,49550
3702,49268,49550
3703,49268,49550
3704,49268,49550
3705,49268,49550
3706,49268,49550
3707,49268,49550
3708,49268,49550
3709,49268,49550
3710,49268,49550
3711,49268,49550
3712,49268,49550
3713,49268,49550
3714,49268,49550
3715,49268,49550
3716,49268,49550
3717,49268,49550
3718,49268,49550
3719,49268,49550
3720,49268,49550
3721,49268,49550
3722,49268,49550
3723,49268,49550
3724,49268,49550
3725,49268,49550
3726,49268,49550
3727,49268,49550
3728,49268,49550
3729,49268,49550
3730,49268,49550
3731,49268,49550
3732,49268,49550
3733,49268,49550
3734,49268,49550
3735,49268,49550
3736,49268,49550
3737,49268,49550
3738,49268,49550
3739,49268,49550
3740,49268,49550
3741,49268,49550
3742,49268,49550
3743,49268,49550
3744,49268,49550
3745,49268,49550
3746,49268,49550
3747,49268,49550
3748,49268,49550
3749,49268,49550
3750,49268,49550
3751,49268,49550
3752,49268,49550
3753,49268,49550
3754,49268,49550
3755,49268,49550
3756,49268,49550
3757,49268,49550
3758,49268,49550
3759,49268,49550
3760,49268,49550
3761,49268,49550
3762,49268,49550
3763,49268,49550
3764,49268,49550
3765,49268,49550
3766,49268,49550
3767,49268,49550
3768,49268,49550
3769,49268,49550
3770,49268,49550
3771,49268,49550
3772,49268,49550
3773,49268,49550
3774,49268,49550
3775,49268,49550
3776,49268,49550
3777,49268,49550
3778,49268,49550
3779,49268,49550
3780,49268,49550
3781,49268,49550
3782,49268,49550
3783,49268,49550
3784,49268,49550
3785,49268,49550
3786,49268,49550
3787,49268,49550
3788,49268,49550
3789,49268,49550
3790,49268,49550
3791,49268,49550
3792,49268,49550
3793,49268,49550
3794,49268,49550
3795,49268,49550
3796,49268,49550
3797,49268,49550
3798,49268,49550
3799,49268,49550
3800,49268,49550
3801,49268,49550
3802,49268,49550
3803,49268,49550
3804,49268,49550
3805,49268,49550
3806,49268,49550
3807,49268,49550
3808,49268,49550
3809,49268,49550
3810,49268,49550
3811,49268,49550
3812,49268,49550
3813,49268,49550
3814,49268,49550
3815,49268,49550
3816,49268,49550
3817,49268,49550
3818,49268,49550
3819,49268,49550
3820,49268,49550
3821,49268,49550
3822,49268,49550
3823,49268,49550
3824,49268,49550
3825,49268,49550
3826,49268,49550
3827,49268,49550
3828,49268,49550
3829,49268,49550
3830,49268,49550
3831,49268,49550
3832,49268,49550
3833,49268,49550
3834,49268,49550
3835,49268,49550
3836,49268,49550
3837,49268,49550
3838,49268,49550
3839,49268,49550
3840,49268,49550
3841,49268,49550
3842,49268,49550
3843,49268,49550
3844,49268,49550
3845,49268,49550
3846,49268,49550
3847,49268,49550
3848,49268,49550
3849,49268,49550
3850,49268,49550
3851,49268,49550
3852,49268,49550
3853,49268,49550
3854,49268,49550
3855,49268,49550
3856,49268,49550
3857,49268,49550
3858,49268,49550
3859,49268,49550
3860,49268,49550
3861,49268,49550
3862,49268,49550
3863,49268,49550
3864,49268,49550
3865,49268,49550
3866,49268,49550
3867,49268,49550
3868,49268,49550
3869,49268,49550
3870,49268,49550
3871,49268,49550
3872,49268,49550
3873,49268,49550
3874,49268,49550
3875,49268,49550
3876,49268,49550
3877,49268,49550
3878,49268,49550
3879,49268,49550
3880,49268,49550
3881,49268,49550
3882,49268,49550
3883,49268,49550
3884,49268,49550
3885,49268,49550
3886,49268,49550
3887,49268,49550
3888,49268,49550
3889,49268,49550
3890,49268,49550
3891,49268,49550
3892,49268,49550
3893,49268,49550
3894,49268,49550
3895,49268,49550
3896,49268,49550
3897,49268,49550
3898,49268,49550
3899,49268,49550
3900,49268,49550
3901,49268,49550
3902,49268,49550
3903,49268,49550
3904,49268,49550
3905,49268,49550
3906,49268,49550
3907,49268,49550
3908,49268,49550
3909,49268,49550
3910,49268,49550
3911,49268,49550
3912,49268,49550
3913,49268,49550
3914,49268,49550
3915,49268,49550
3916,49268,49550
3917,49268,49550
3918,49268,49550
3919,49268,49550
3920,49268,49550
3921,49268,49550
3922,49268,49550
3923,49268,49550
3924,49268,49550
3925,49268,49550
3926,49268,49550
3927,49268,49550
3928,49268,49550
3929,49268,49550
3930,49268,49550
3931,49268,49550
3932,49268,49550
3933,49268,49550
3934,49268,49550
3935,49268,49550
3936,49268,49550
3937,49268,49550
3938,49268,49550
3939,49268,49550
3940,49268,49550
3941,49268,49550
3942,49268,49550
3943,49268,49550
3944,49268,49550
3945,49268,49550
3946,49268,49550
3947,49268,49550
3948,49268,49550
3949,49268,49550
3950,49268,49550
3951,49268,49550
3952,49268,49550
3953,49268,49550
3954,49268,49550
3955,49268,49550
3956,49268,49550
3957,49268,49550
3958,49268,49550
3959,49268,49550
3960,49268,49550
3961,49268,49550
3962,49268,49550
3963,49268,49550
3964,49268,49550
3965,49268,49550
3966,49268,49550
3967,49268,49550
3968,49268,49550
3969,49268,49550
3970,49268,49550
3971,49268,49550
3972,49268,49550
3973,49268,49550
3974,49268,49550
3975,49268,49550
3976,49268,49550
3977,49268,49550
3978,49268,49550
3979,49268,49550
3980,49268,49550
3981,49268,49550
3982,49268,49550
3983,49268,49550
3984,49268,49550
3985,49268,49550
3986,49268,49550
3987,49268,49550
3988,49268,49550
3989,49268,49550
3990,49268,49550
3991,49268,49550
3992,49268,49550
3993,49268,49550
3994,49268,49550
3995,49268,49550
3996,49268,49550
3997,49268,49550
3998,49268,49550
3999,49268,49550
4000,49268,49550
4001,49268,49550
4002,49268,49550
4003,49268,49550
4004,49268,49550
4005,49268,49550
4006,49268,49550
4007,49268,49550
4008,49268,49550
4009,49268,49550
4010,49268,49550
4011,49268,49550
4012,49268,49550
4013,49268,49550
4014,49268,49550
4015,49268,49550
4016,49268,49550
4017,49268,49550
4018,49268,49550
4019,49268,49550
4020,49268,49550
4021,49268,49550
4022,49268,49550
4023,49268,49550
4024,49268,49550
4025,49268,49550
4026,49268,49550
4027,49268,49550
4028,49268,49550
4029,49268,49550
4030,49268,49550
4031,49268,49550
4032,49268,49550
4033,49268,49550
4034,49268,49550
4035,49268,49550
4036,49268,49550
4037,49268,49550
4038,49268,49550
4039,49268,49550
4040,49268,49550
4041,49268,49550
4042,49268,49550
4043,49268,49550
4044,49268,49550
4045,49268,49550
4046,49268,49550
4047,49268,49550
4048,49268,49550
4049,49268,49550
4050,49268,49550
4051,49268,49550
4052,49268,49550
4053,49268,49550
4054,49268,49550
4055,49268,49550
4056,49268,49550
4057,49268,49550
4058,49268,49550
4059,49268,49550
4060,49268,49550
4061,49268,49550
4062,49268,49550
4063,49268,49550
4064,49268,49550
4065,49268,49550
4066,49268,49550
4067,49268,49550
4068,49268,49550
4069,49268,49550
4070,49268,49550
4071,49268,49550
4072,49268,49550
4073,49268,49550
4074,49268,49550
4075,49268,49550
4076,49268,49550
4077,49268,49550
4078,49268,49550
4079,49268,49550
4080,49268,49550
4081,49268,49550
4082,49268,49550
4083,49268,49550
4084,49268,49550
4085,49268,49550
4086,49268,49550
4087,49268,49550
4088,49268,49550
4089,49268,49550
4090,49268,49550
4091,49268,49550
4092,49268,49550
4093,49268,49550
4094,49268,49550
4095,49268,49550
4096,49268,49550
4097,49268,49550
4098,49268,49550
4099,49268,49550
4100,49268,49550
4101,49268,49550
4102,49268,49550
4103,49268,49550
4104,49268,49550
4105,49268,49550
4106,49268,49550
4107,49268,49550
4108,49268,49550
4109,49268,49550
4110,49268,49550
4111,49268,49550
4112,49268,49550
4113,49268,49550
4114,49268,49550
4115,49268,49550
4116,49268,49550
4117,49268,49550
4118,49268,49550
4119,49268,49550
4120,49268,49550
4121,49268,49550
4122,49268,49550
4123,49268,49550
4124,49268,49550
4125,49268,49550
4126,49268,49550
4127,49268,49550
4128,49268,49550
4129,49268,49550
4130,49268,49550
4131,49268,49550
4132,49268,49550
4133,49268,49550
4134,49268,49550
4135,49268,49550
4136,49268,49550
4137,49268,49550
4138,49268,49550
4139,49268,49550
4140,49268,49550
4141,49268,49550
4142,49268,49550
4143,49268,49550
4144,49268,49550
4145,49268,49550
4146,49268,49550
4147,49268,49550
4148,49268,49550
4149,49268,49550
4150,49268,49550
4151,49268,49550
4152,49268,49550
4153,49268,49550
4154,49268,49550
4155,49268,49550
4156,49268,49550
4157,49268,49550
4158,49268,49550
4159,49268,49550
4160,49268,49550
4161,49268,49550
4162,49268,49550
4163,49268,49550
4164,49268,49550
4165,49268,49550
4166,49268,49550
4167,49268,49550
4168,49268,49550
4169,49268,49550
4170,49268,49550
4171,49268,49550
4172,49268,49550
4173,49268,49550
4174,49268,49550
4175,49268,49550
4176,49268,49550
4177,49268,49550
4178,49268,49550
4179,49268,49550
4180,49268,49550
4181,49268,49550
4182,49268,49550
4183,49268,49550
4184,49268,49550
4185,49268,49550
4186,49268,49550
4187,49268,49550
4188,49268,49550
4189,49268,49550
4190,49268,49550
4191,49268,49550
4192,49268,49550
4193,49268,49550
4194,49268,49550
4195,49268,49550
4196,49268,49550
4197,49268,49550
4198,49268,49550
4199,49268,49550
4200,49268,49550
4201,49268,49550
4202,49268,49550
4203,49268,49550
4204,49268,49550
4205,49268,49550
4206,49268,49550
4207,49268,49550
4208,49268,49550
4209,49268,49550
4210,49268,49550
4211,49268,49550
4212,49268,49550
4213,49268,49550
4214,49268,49550
4215,49268,49550
4216,49268,49550
4217,49268,49550
4218,49268,49550
4219,49268,49550
4220,49268,49550
4221,49268,49550
4222,49268,49550
4223,49268,49550
4224,49268,49550
4225,49268,49550
4226,49268,49550
4227,49268,49550
4228,49268,49550
4229,49268,49550
4230,49268,49550
4231,49268,49550
4232,49268,49550
4233,49268,49550
4234,49268,49550
4235,49268,49551
4236,49268,49551
4237,49268,49551
4238,49268,49551
4239,49268,49551
4240,49268,49551
4241,49268,49551
4242,49268,49551
4243,49268,49551
4244,49268,49551
4245,49268,49551
4246,49268,49551
4247,49268,49551
4248,49268,49551
4249,49268,49551
4250,49268,49551
4251,49268,49551
4252,49268,49551
4253,49268,49551
4254,49268,49551
4255,49268,49551
4256,49268,49551
4257,49268,49551
4258,49268,49551
4259,49268,49551
4260,49268,49551
4261,49268,49551
4262,49268,49551
4263,49268,49551
4264,49268,49551
4265,49268,49551
4266,49268,49551
4267,49268,49551
4268,49268,49551
4269,49268,49551
4270,49268,49551
4271,49268,49551
4272,49268,49551
4273,49268,49551
4274,49268,49551
4275,49268,49551
4276,49268,49551
4277,49268,49551
4278,49268,49551
4279,49268,49551
4280,49268,49551
4281,49268,49551
4282,49268,49551
4283,49268,49551
4284,49268,49551
4285,49268,49551
4286,49268,49551
4287,49268,49551
4288,49268,49551
4289,49268,49551
4290,49268,49551
4291,49268,49551
4292,49268,49551
4293,49268,49551
4294,49268,49551
4295,49268,49551
4296,49268,49551
4297,49268,49551
4298,49268,49551
4299,49268,49551
4300,49268,49551
4301,49268,49551
4302,49268,49551
4303,49268,49551
4304,49268,49551
4305,49268,49551
4306,49268,49551
4307,49268,49551
4308,49268,49551
4309,49268,49551
4310,49268,49551
4311,49268,49551
4312,49268,49551
4313,49268,49551
4314,49268,49551
4315,49268,49551
4316,49268,49551
4317,49268,49551
4318,49268,49551
4319,49268,49551
4320,49268,49551
4321,49268,49551
4322,49268,49551
4323,49268,49551
4324,49268,49551
4325,49268,49551
4326,49268,49551
4327,49268,49551
4328,49268,49551
4329,49268,49551
4330,49268,49551
4331,49268,49551
4332,49268,49551
4333,49268,49551
4334,49268,49551
4335,49268,49551
4336,49268,49558
4337,49268,49558
4338,49268,49558
4339,49268,49558
4340,49268,49558
4341,49268,49558
4342,49268,49558
4343,49268,49558
4344,49268,49559
4345,49268,49559
4346,49268,49559
4347,49268,49559
4348,49268,49559
4349,49268,49559
4350,49268,49559
4351,49268,49559
4352,49268,49559
4353,49268,49559
4354,49268,49559
4355,49268,49559
4356,49268,49559
4357,49268,49559
4358,49268,49559
4359,49268,49559
4360,49268,49559
4361,49268,49559
4362,49268,49559
4363,49268,49559
4364,49268,49559
4365,49268,49559
4366,49268,49559
4367,49268,49559
4368,49268,49559
4369,49268,49559
4370,49268,49559
4371,49268,49560
4372,49268,49560
4373,49268,49560
4374,49268,49560
4375,49268,49560
4376,49268,49560
4377,49268,49560
4378,49268,49560
4379,49268,49560
4380,49268,49560
4381,49268,49560
4382,49268,49560
4383,49268,49560
4384,49268,49560
4385,49268,49560
4386,49268,49560
4387,49268,49560
4388,49268,49560
4389,49268,49560
4390,49268,49560
4391,49268,49560
4392,49268,49560
4393,49268,49560
4394,49268,49560
4395,49268,49560
4396,49268,49560
4397,49268,49560
4398,49268,49560
4399,49268,49560
4400,49268,49560
4401,49268,49560
4402,49268,49560
4403,49268,49560
4404,49268,49560
4405,49268,49560
4406,49268,49560
4407,49268,49560
4408,49268,49560
4409,49268,49560
4410,49268,49560
4411,49268,49560
4412,49268,49560
4413,49268,49560
4414,49268,49560
4415,49268,49560
4416,49268,49560
4417,49268,49560
4418,49268,49560
4419,49268,49560
4420,49268,49560
4421,49268,49560
4422,49268,49560
4423,49268,49560
4424,49268,49560
4425,49268,49560
4426,49268,49560
4427,49268,49560
4428,49268,49560
4429,49268,49560
4430,49268,49560
4431,49268,49560
4432,49268,49560
4433,49268,49560
4434,49268,49560
4435,49268,49560
4436,49268,49560
4437,49268,49560
4438,49268,49560
4439,49268,49560
4440,49268,49560
4441,49268,49560
4442,49268,49560
4443,49268,49560
4444,49268,49560
4445,49268,49560
4446,49268,49560
4447,49268,49560
4448,49268,49560
4449,49268,49560
4450,49268,49560
4451,49268,49560
4452,49268,49560
4453,49268,49560
4454,49268,49560
4455,49268,49560
4456,49268,49560
4457,49268,49560
4458,49268,49560
4459,49268,49560
4460,49268,49560
4461,49268,49560
4462,49268,49560
4463,49268,49560
4464,49268,49560
4465,49268,49560
4466,49268,49560
4467,49268,49560
4468,49268,49560
4469,49268,49560
4470,49268,49560
4471,49268,49560
4472,49268,49560
4473,49268,49560
4474,49268,49560
4475,49268,49560
4476,49268,49560
4477,49268,49560
4478,49268,49560
4479,49268,49560
4480,49268,49560
4481,49268,49560
4482,49268,49560
4483,49268,49560
4484,49268,49560
4485,49268,49560
4486,49268,49560
4487,49268,49560
4488,49268,49560
4489,49268,49560
4490,49268,49560
4491,49268,49560
4492,49268,49560
4493,49268,49560
4494,49268,49560
4495,49268,49560
4496,49268,49560
4497,49268,49560
4498,49268,49560
4499,49268,49560
4500,49268,49560
4501,49268,49560
4502,49268,49560
4503,49268,49560
4504,49268,49560
4505,49268,49560
4506,49268,49560
4507,49268,49560
4508,49268,49560
4509,49268,49560
4510,49268,49560
4511,49268,49560
4512,49268,49560
4513,49268,49560
4514,49268,49560
4515,49268,49560
4516,49268,49560
4517,49268,49560
4518,49268,49560
4519,49268,49560
4520,49268,49560
4521,49268,49560
4522,49268,49560
4523,49268,49560
4524,49268,49560
4525,49268,49560
4526,49268,49560
4527,49268,49560
4528,49268,49560
4529,49268,49560
4530,49268,49560
4531,49268,49560
4532,49268,49560
4533,49268,49560
4534,49268,49560
4535,49268,49560
4536,49268,49560
4537,49268,49560
4538,49268,49560
4539,49268,49560
4540,49268,49560
4541,49268,49560
4542,49268,49560
4543,49268,49560
4544,49268,49560
4545,49268,49560
4546,49268,49560
4547,49268,49560
4548,49268,49560
4549,49268,49560
4550,49268,49560
4551,49268,49560
4552,49268,49560
4553,49268,49560
4554,49268,49560
4555,49268,49560
4556,49268,49560
4557,49268,49560
4558,49268,49560
4559,49268,49560
4560,49268,49560
4561,49268,49560
4562,49268,49560
4563,49268,49560
4564,49268,49560
4565,49268,49560
4566,49268,49560
4567,49268,49560
4568,49268,49560
4569,49268,49560
4570,49268,49560
4571,49268,49560
4572,49268,49560
4573,49268,49560
4574,49268,49560
4575,49268,49560
4576,49268,49560
4577,49268,49560
4578,49268,49560
4579,49268,49560
4580,49268,49560
4581,49268,49560
4582,49268,49560
4583,49268,49560
4584,49268,49560
4585,49268,49560
4586,49268,49560
4587,49268,49560
4588,49268,49560
4589,49268,49560
4590,49268,49560
4591,49268,49560
4592,49268,49560
4593,49268,49560
4594,49268,49560
4595,49268,49560
4596,49268,49560
4597,49268,49560
4598,49268,49560
4599,49268,49560
4600,49268,49560
4601,49268,49560
4602,49268,49560
4603,49268,49560
4604,49268,49560
4605,49268,49560
4606,49268,49560
4607,49268,49560
4608,49268,49560
4609,49268,49560
4610,49268,49560
4611,49268,49560
4612,49268,49560
4613,49268,49560
4614,49268,49560
4615,49268,49560
4616,49268,49560
4617,49268,49560
4618,49268,49560
4619,49268,49560
4620,49268,49560
4621,49268,49560
4622,49268,49560
4623,49268,49560
4624,49268,49560
4625,49268,49560
4626,49268,49560
4627,49268,49560
4628,49268,49560
4629,49268,49560
4630,49268,49560
4631,49268,49560
4632,49268,49560
4633,49268,49560
4634,49268,49560
4635,49268,49560
4636,49268,49560
4637,49268,49560
4638,49268,49560
4639,49268,49560
4640,49268,49560
4641,49268,49560
4642,49268,49560
4643,49268,49560
4644,49268,49560
4645,49268,49560
4646,49268,49560
4647,49268,49560
4648,49268,49560
4649,49268,49560
4650,49268,49560
4651,49268,49560
4652,49268,49560
4653,49268,49560
4654,49268,49560
4655,49268,49560
4656,49268,49560
4657,49268,49575
4658,49268,49575
4659,49268,49575
4660,49268,49575
4661,49268,49575
4662,49268,49575
4663,49268,49575
4664,49268,49575
4665,49268,49575
4666,49268,49575
4667,49268,49575
4668,49268,49575
4669,49268,49575
4670,49268,49575
4671,49268,49575
4672,49268,49575
4673,49268,49575
4674,49268,49575
4675,49268,49575
4676,49268,49575
4677,49268,49575
4678,49268,49575
4679,49268,49575
4680,49268,49575
4681,49268,49575
4682,49268,49575
4683,49268,49575
4684,49268,49575
4685,49268,49575
4686,49268,49575
4687,49268,49575
4688,49268,49575
4689,49268,49575
4690,49268,49575
4691,49268,49575
4692,49268,49575
4693,49268,49575
4694,49268,49575
4695,49268,49575
4696,49268,49575
4697,49268,49575
4698,49268,49575
4699,49268,49575
4700,49268,49575
4701,49268,49593
4702,49268,49593
4703,49268,49593
4704,49268,49593
4705,49268,49593
4706,49268,49593
4707,49268,49593
4708,49268,49593
4709,49268,49593
4710,49268,49593
4711,49268,49593
4712,49268,49593
4713,49268,49593
4714,49268,49593
4715,49268,49593
4716,49268,49593
4717,49268,49593
4718,49268,49593
4719,49268,49593
4720,49268,49593
4721,49268,49593
4722,49268,49593
4723,49268,49593
4724,49268,49593
4725,49268,49593
4726,49268,49593
4727,49268,49593
4728,49268,49593
4729,49268,49593
4730,49268,49593
4731,49268,49593
4732,49268,49593
4733,49268,49593
4734,49268,49593
4735,49268,49593
4736,49268,49593
4737,49268,49593
4738,49268,49593
4739,49268,49593
4740,49268,49593
4741,49268,49593
4742,49268,49593
4743,49268,49593
4744,49268,49593
4745,49268,49593
4746,49268,49593
4747,49268,49593
4748,49268,49593
4749,49268,49593
4750,49268,49593
4751,49268,49593
4752,49268,49593
4753,49268,49593
4754,49268,49593
4755,49268,49593
4756,49268,49593
4757,49268,49593
4758,49268,49593
4759,49268,49593
4760,49268,49593
4761,49268,49593
4762,49268,49593
4763,49268,49593
4764,49268,49593
4765,49268,49593
4766,49268,49593
4767,49268,49593
4768,49268,49593
4769,49268,49593
4770,49268,49593
4771,49268,49593
4772,49268,49593
4773,49268,49593
4774,49268,49593
4775,49268,49593
4776,49268,49593
4777,49268,49593
4778,49268,49593
4779,49268,49593
4780,49268,49593
4781,49268,49593
4782,49268,49593
4783,49268,49593
4784,49268,49593
4785,49268,49593
4786,49268,49593
4787,49268,49593
4788,49268,49593
4789,49268,49593
4790,49268,49593
4791,49268,49593
4792,49268,49593
4793,49268,49593
4794,49268,49593
4795,49268,49593
4796,49268,49593
4797,49268,49593
4798,49268,49593
4799,49268,49593
4800,49268,49593
4801,49268,49593
4802,49268,49593
4803,49268,49593
4804,49268,49593
4805,49268,49593
4806,49268,49593
4807,49268,49593
4808,49268,49593
4809,49268,49593
4810,49268,49593
4811,49268,49593
4812,49268,49593
4813,49268,49593
4814,49268,49593
4815,49268,49593
4816,49268,49593
4817,49268,49593
4818,49268,49593
4819,49268,49593
4820,49268,49593
4821,49268,49593
4822,49268,49593
4823,49268,49593
4824,49268,49593
4825,49268,49593
4826,49268,49593
4827,49268,49593
4828,49268,49593
4829,49268,49593
4830,49268,49593
4831,49268,49593
4832,49268,49593
4833,49268,49593
4834,49268,49593
4835,49268,49593
4836,49268,49593
4837,49268,49593
4838,49268,49593
4839,49268,49593
4840,49268,49593
4841,49268,49593
4842,49268,49593
4843,49268,49593
4844,49268,49593
4845,49268,49593
4846,49268,49593
4847,49268,49593
4848,49268,49593
4849,49268,49593
4850,49268,49593
4851,49268,49593
4852,49268,49593
4853,49268,49593
4854,49268,49593
4855,49268,49593
4856,49268,49593
4857,49268,49593
4858,49268,49593
4859,49268,49593
4860,49268,49593
4861,49268,49593
4862,49268,49593
4863,49268,49593
4864,49268,49593
4865,49268,49593
4866,49268,49593
4867,49268,49593
4868,49268,49593
4869,49268,49593
4870,49268,49593
4871,49268,49593
4872,49268,49593
4873,49268,49593
4874,49268,49593
4875,49268,49593
4876,49268,49593
4877,49268,49593
4878,49268,49593
4879,49268,49593
4880,49268,49593
4881,49268,49593
4882,49268,49593
4883,49268,49593
4884,49268,49593
4885,49268,49593
4886,49268,49593
4887,49268,49593
4888,49268,49593
4889,49268,49593
4890,49268,49593
4891,49268,49593
4892,49268,49593
4893,49268,49593
4894,49268,49593
4895,49268,49593
4896,49268,49593
4897,49268,49593
4898,49268,49593
4899,49268,49593
4900,49268,49593
4901,49268,49593
4902,49268,49593
4903,49268,49593
4904,49268,49593
4905,49268,49593
4906,49268,49593
4907,49268,49593
4908,49268,49593
4909,49268,49593
4910,49268,49593
4911,49268,49593
4912,49268,49593
4913,49268,49593
4914,49268,49593
4915,49268,49593
4916,49268,49593
4917,49268,49593
4918,49268,49593
4919,49268,49593
4920,49268,49593
4921,49268,49593
4922,49268,49593
4923,49268,49593
4924,49268,49593
4925,49268,49593
4926,49268,49593
4927,49268,49593
4928,49268,49593
4929,49268,49593
4930,49268,49593
4931,49268,49593
4932,49268,49593
4933,49268,49593
4934,49268,49593
4935,49268,49593
4936,49268,49593
4937,49268,49593
4938,49268,49593
4939,49268,49593
4940,49268,49593
4941,49268,49593
4942,49268,49593
4943,49268,49593
4944,49268,49593
4945,49268,49593
4946,49268,49593
4947,49268,49593
4948,49268,49593
4949,49268,49593
4950,49268,49593
4951,49268,49593
4952,49268,49593
4953,49268,49593
4954,49268,49593
4955,49268,49593
4956,49268,49593
4957,49268,49593
4958,49268,49593
4959,49268,49593
4960,49268,49593
4961,49268,49593
4962,49268,49593
4963,49268,49593
4964,49268,49593
4965,49268,49593
4966,49268,49593
4967,49268,49593
4968,49268,49593
4969,49268,49593
4970,49268,49593
4971,49268,49593
4972,49268,49593
4973,49268,49593
4974,49268,49593
4975,49268,49593
4976,49268,49593
4977,49268,49593
4978,49268,49593
4979,49268,49593
4980,49268,49593
4981,49268,49593
4982,49268,49593
4983,49268,49593
4984,49268,49593
4985,49268,49593
4986,49268,49593
4987,49268,49593
4988,49268,49593
4989,49268,49593
4990,49268,49593
4991,49268,49593
4992,49268,49593
4993,49268,49593
4994,49268,49593
4995,49268,49593
4996,49268,49593
4997,49268,49593
4998,49268,49593
4999,49268,49593
5000,49268,49593
5001,49268,49593
5002,49268,49593
5003,49268,49593
5004,49268,49593
5005,49268,49593
5006,49268,49593
5007,49268,49593
5008,49268,49593
5009,49268,49593
5010,49268,49593
5011,49268,49593
5012,49268,49593
5013,49268,49593
5014,49268,49593
5015,49268,49593
5016,49268,49593
5017,49268,49593
5018,49268,49593
5019,49268,49593
5020,49268,49593
5021,49268,49593
5022,49268,49593
5023,49268,49593
5024,49268,49593
5025,49268,49593
5026,49268,49593
5027,49268,49593
5028,49268,49593
5029,49268,49593
5030,49268,49593
5031,49268,49593
5032,49268,49593
5033,49268,49593
5034,49268,49593
5035,49268,49593
5036,49268,49593
5037,49268,49593
5038,49268,49593
5039,49268,49593
5040,49268,49593
5041,49268,49593
5042,49268,49593
5043,49268,49593
5044,49268,49593
5045,49268,49593
5046,49268,49593
5047,49268,49597
5048,49268,49597
5049,49268,49597
5050,49268,49597
5051,49268,49597
5052,49268,49597
5053,49268,49597
5054,49268,49614
5055,49268,49614
5056,49268,49614
5057,49268,49614
5058,49268,49614
5059,49268,49614
5060,49268,49614
5061,49268,49614
5062,49268,49614
5063,49268,49614
5064,49268,49614
5065,49268,49614
5066,49268,49614
5067,49268,49614
5068,49268,49614
5069,49268,49614
5070,49268,49614
5071,49268,49614
5072,49268,49614
5073,49268,49614
5074,49268,49614
5075,49268,49614
5076,49268,49614
5077,49268,49614
5078,49268,49614
5079,49268,49614
5080,49268,49614
5081,49268,49614
5082,49268,49614
5083,49268,49614
5084,49268,49614
5085,49268,49614
5086,49268,49614
5087,49268,49614
5088,49268,49614
5089,49268,49615
5090,49268,49615
5091,49268,49615
5092,49268,49615
5093,49268,49615
5094,49268,49615
5095,49268,49615
5096,49268,49615
5097,49268,49615
5098,49268,49615
5099,49268,49615
5100,49268,49615
5101,49268,49615
5102,49268,49615
5103,49268,49615
5104,49268,49615
5105,49268,49615
5106,49268,49615
5107,49268,49615
5108,49268,49615
5109,49268,49615
5110,49268,49615
5111,49268,49615
5112,49268,49615
5113,49268,49615
5114,49268,49615
5115,49268,49615
5116,49268,49615
5117,49268,49615
5118,49268,49615
5119,49268,49615
5120,49268,49615
5121,49268,49615
5122,49268,49615
5123,49268,49615
5124,49268,49615
5125,49268,49615
5126,49268,49615
5127,49268,49615
5128,49268,49615
5129,49268,49615
5130,49268,49615
5131,49268,49615
5132,49268,49615
5133,49268,49615
5134,49268,49615
5135,49268,49615
5136,49268,49615
5137,49268,49615
5138,49268,49615
5139,49268,49615
5140,49268,49615
5141,49268,49615
5142,49268,49615
5143,49268,49615
5144,49268,49615
5145,49268,49615
5146,49268,49615
5147,49268,49615
5148,49268,49615
5149,49268,49615
5150,49268,49615
5151,49268,49634
5152,49268,49634
5153,49268,49634
5154,49268,49652
5155,49268,49652
5156,49268,49652
5157,49268,49652
5158,49268,49652
5159,49268,49652
5160,49268,49652
5161,49268,49652
5162,49268,49652
5163,49268,49652
5164,49268,49652
5165,49268,49652
5166,49268,49652
5167,49268,49652
5168,49268,49652
5169,49268,49652
5170,49268,49652
5171,49268,49652
5172,49268,49652
5173,49268,49652
5174,49268,49652
5175,49268,49652
5176,49268,49652
5177,49268,49652
5178,49268,49652
5179,49268,49652
5180,49268,49652
5181,49268,49652
5182,49268,49652
5183,49268,49652
5184,49268,49652
5185,49268,49652
5186,49268,49652
5187,49268,49652
5188,49268,49652
5189,49268,49652
5190,49268,49652
5191,49268,49652
5192,49268,49652
5193,49268,49652
5194,49268,49652
5195,49268,49652
5196,49268,49652
5197,49268,49652
5198,49268,49652
5199,49268,49652
5200,49268,49652
5201,49268,49652
5202,49268,49652
5203,49268,49652
5204,49268,49652
5205,49268,49652
5206,49268,49652
5207,49268,49652
5208,49268,49652
5209,49268,49652
5210,49268,49652
5211,49268,49652
5212,49268,49652
5213,49268,49652
5214,49268,49652
5215,49268,49652
5216,49268,49652
5217,49268,49652
5218,49268,49652
5219,49268,49652
5220,49268,49652
5221,49268,49652
5222,49268,49652
5223,49268,49652
5224,49268,49652
5225,49268,49652
5226,49268,49652
5227,49268,49652
5228,49268,49652
5229,49268,49652
5230,49268,49652
5231,49268,49652
5232,49268,49652
5233,49268,49652
5234,49268,49652
5235,49268,49652
5236,49268,49652
5237,49268,49652
5238,49268,49652
5239,49268,49652
5240,49268,49652
5241,49268,49652
5242,49268,49652
5243,49268,49652
5244,49268,49652
5245,49268,49652
5246,49268,49652
5247,49268,49652
5248,49268,49652
5249,49268,49652
5250,49268,49652
5251,49268,49652
5252,49268,49652
5253,49268,49652
5254,49268,49652
5255,49268,49652
5256,49268,49652
5257,49268,49652
5258,49268,49652
5259,49268,49652
5260,49268,49652
5261,49268,49652
5262,49268,49654
5263,49268,49654
5264,49268,49654
5265,49268,49654
5266,49268,49654
5267,49268,49654
5268,49268,49654
5269,49268,49654
5270,49268,49654
5271,49268,49654
5272,49268,49654
5273,49268,49654
5274,49268,49654
5275,49268,49654
5276,49268,49654
5277,49268,49654
5278,49268,49654
5279,49268,49654
5280,49268,49654
5281,49268,49654
5282,49268,49654
5283,49268,49654
5284,49268,49654
5285,49268,49654
5286,49268,49654
5287,49268,49654
5288,49268,49654
5289,49268,49654
5290,49268,49654
5291,49268,49654
5292,49268,49654
5293,49268,49654
5294,49268,49654
5295,49268,49654
5296,49268,49654
5297,49268,49654
5298,49268,49654
5299,49268,49654
5300,49268,49654
5301,49268,49654
5302,49268,49654
5303,49268,49654
5304,49268,49654
5305,49268,49654
5306,49268,49654
5307,49268,49654
5308,49268,49654
5309,49268,49654
5310,49268,49654
5311,49268,49654
5312,49268,49654
5313,49268,49654
5314,49268,49654
5315,49268,49654
5316,49268,49654
5317,49268,49654
5318,49268,49654
5319,49268,49654
5320,49268,49654
5321,49268,49654
5322,49268,49654
5323,49268,49654
5324,49268,49654
5325,49268,49654
5326,49268,49654
5327,49268,49654
5328,49268,49654
5329,49268,49654
5330,49268,49654
5331,49268,49654
5332,49268,49654
5333,49268,49654
5334,49268,49654
5335,49268,49654
5336,49268,49654
5337,49268,49654
5338,49268,49654
5339,49268,49654
5340,49268,49654
5341,49268,49654
5342,49268,49654
5343,49268,49654
5344,49268,49654
5345,49268,49654
5346,49268,49654
5347,49268,49654
5348,49268,49654
5349,49268,49654
5350,49268,49654
5351,49268,49654
5352,49268,49654
5353,49268,49654
5354,49268,49654
5355,49268,49654
5356,49268,49654
5357,49268,49654
5358,49268,49654
5359,49268,49654
5360,49268,49654
5361,49268,49654
5362,49268,49654
5363,49268,49654
5364,49268,49654
5365,49268,49654
5366,49268,49654
5367,49268,49654
5368,49268,49654
5369,49268,49654
5370,49268,49654
5371,49268,49654
5372,49268,49654
5373,49268,49654
5374,49268,49654
5375,49268,49654
5376,49268,49654
5377,49268,49654
5378,49268,49654
5379,49268,49654
5380,49268,49654
5381,49268,49654
5382,49268,49654
5383,49268,49654
5384,49268,49654
5385,49268,49654
5386,49268,49654
5387,49268,49654
5388,49268,49654
5389,49268,49654
5390,49268,49654
5391,49268,49654
5392,49268,49654
5393,49268,49654
5394,49268,49654
5395,49268,49654
5396,49268,49654
5397,49268,49654
5398,49268,49654
5399,49268,49654
5400,49268,49654
5401,49268,49654
5402,49268,49654
5403,49268,49656
5404,49268,49656
5405,49268,49656
5406,49268,49656
5407,49268,49656
5408,49268,49656
5409,49268,49656
5410,49268,49656
5411,49268,49656
5412,49268,49656
5413,49268,49656
5414,49268,49656
5415,49268,49656
5416,49268,49656
5417,49268,49656
5418,49268,49656
5419,49268,49656
5420,49268,49656
5421,49268,49656
5422,49268,49656
5423,49268,49656
5424,49268,49656
5425,49268,49656
5426,49268,49656
5427,49268,49656
5428,49268,49656
5429,49268,49656
5430,49268,49656
5431,49268,49656
5432,49268,49656
5433,49268,49656
5434,49268,49656
5435,49268,49656
5436,49268,49656
5437,49268,49656
5438,49268,49656
5439,49268,49656
5440,49268,49656
5441,49268,49656
5442,49268,49656
5443,49268,49669
5444,49268,49669
5445,49268,49669
5446,49268,49669
5447,49268,49669
5448,49268,49669
5449,49268,49669
5450,49268,49669
5451,49268,49669
5452,49268,49669
5453,49268,49669
5454,49268,49669
5455,49268,49669
5456,49268,49669
5457,49268,49669
5458,49268,49669
5459,49268,49669
5460,49268,49669
5461,49268,49669
5462,49268,49669
5463,49268,49669
5464,49268,49669
5465,49268,49669
5466,49268,49669
5467,49268,49669
5468,49268,49669
5469,49268,49669
5470,49268,49669
5471,49268,49669
5472,49268,49669
5473,49268,49669
5474,49268,49669
5475,49268,49669
5476,49268,49669
5477,49268,49669
5478,49268,49669
5479,49268,49669
5480,49268,49669
5481,49268,49669
5482,49268,49669
5483,49268,49669
5484,49268,49669
5485,49268,49669
5486,49268,49669
5487,49268,49669
5488,49268,49669
5489,49268,49669
5490,49268,49669
5491,49268,49669
5492,49268,49669
5493,49268,49669
5494,49268,49669
5495,49268,49669
5496,49268,49669
5497,49268,49669
5498,49268,49669
5499,49268,49669
5500,49268,49669
5501,49268,49669
5502,49268,49669
5503,49268,49669
5504,49268,49669
5505,49268,49669
5506,49268,49669
5507,49268,49669
5508,49268,49669
5509,49268,49669
5510,49268,49669
5511,49268,49669
5512,49268,49669
5513,49268,49669
5514,49268,49669
5515,49268,49669
5516,49268,49669
5517,49268,49669
5518,49268,49669
5519,49268,49669
5520,49268,49669
5521,49268,49669
5522,49268,49669
5523,49268,49669
5524,49268,49669
5525,49268,49669
5526,49268,49669
5527,49268,49669
5528,49268,49669
5529,49268,49669
5530,49268,49669
5531,49268,49669
5532,49268,49669
5533,49268,49669
5534,49268,49669
5535,49268,49669
5536,49268,49669
5537,49268,49669
5538,49268,49669
5539,49268,49669
5540,49268,49669
5541,49268,49669
5542,49268,49669
5543,49268,49677
5544,49268,49677
5545,49268,49677
5546,49268,49677
5547,49268,49677
5548,49268,49677
5549,49268,49677
5550,49268,49677
5551,49268,49677
5552,49268,49677
5553,49268,49677
5554,49268,49677
5555,49268,49677
5556,49268,49677
5557,49268,49677
5558,49268,49677
5559,49268,49677
5560,49268,49677
5561,49268,49677
5562,49268,49677
5563,49268,49677
5564,49268,49677
5565,49268,49677
5566,49268,49677
5567,49268,49677
5568,49268,49677
5569,49268,49677
5570,49268,49677
5571,49268,49677
5572,49268,49677
5573,49268,49677
5574,49268,49677
5575,49268,49677
5576,49268,49677
5577,49268,49677
5578,49268,49677
5579,49268,49677
5580,49268,49677
5581,49268,49677
5582,49268,49677
5583,49268,49677
5584,49268,49677
5585,49268,49677
5586,49268,49677
5587,49268,49677
5588,49268,49677
5589,49268,49677
5590,49268,49677
5591,49268,49677
5592,49268,49677
5593,49268,49677
5594,49268,49677
5595,49268,49677
5596,49268,49677
5597,49268,49677
5598,49268,49677
5599,49268,49677
5600,49268,49677
5601,49268,49677
5602,49268,49677
5603,49268,49677
5604,49268,49677
5605,49268,49677
5606,49268,49677
5607,49268,49677
5608,49268,49677
5609,49268,49677
5610,49268,49677
5611,49268,49677
5612,49268,49677
5613,49268,49677
5614,49268,49677
5615,49268,49677
5616,49268,49677
5617,49268,49677
5618,49268,49677
5619,49268,49677
5620,49268,49677
5621,49268,49677
5622,49268,49677
5623,49268,49677
5624,49268,49677
5625,49268,49677
5626,49268,49677
5627,49268,49677
5628,49268,49677
5629,49268,49677
5630,49268,49677
5631,49268,49677
5632,49268,49677
5633,49268,49677
5634,49268,49677
5635,49268,49677
5636,49268,49677
5637,49268,49677
5638,49268,49677
5639,49268,49677
5640,49268,49677
5641,49268,49677
5642,49268,49677
5643,49268,49677
5644,49268,49677
5645,49268,49677
5646,49268,49677
5647,49268,49677
5648,49268,49677
5649,49268,49677
5650,49268,49677
5651,49268,49677
5652,49268,49677
5653,49268,49677
5654,49268,49677
5655,49268,49677
5656,49268,49677
5657,49268,49677
5658,49268,49677
5659,49268,49677
5660,49268,49677
5661,49268,49677
5662,49268,49677
5663,49268,49677
5664,49268,49677
5665,49268,49677
5666,49268,49677
5667,49268,49677
5668,49268,49677
5669,49268,49677
5670,49268,49677
5671,49268,49677
5672,49268,49677
5673,49268,49677
5674,49268,49677
5675,49268,49677
5676,49268,49677
5677,49268,49677
5678,49268,49677
5679,49268,49677
5680,49268,49677
5681,49268,49677
5682,49268,49677
5683,49268,49677
5684,49268,49677
5685,49268,49677
5686,49268,49677
5687,49268,49677
5688,49268,49677
5689,49268,49677
5690,49268,49677
5691,49268,49677
5692,49268,49677
5693,49268,49677
5694,49268,49677
5695,49268,49677
5696,49268,49677
5697,49268,49677
5698,49268,49677
5699,49268,49677
5700,49268,49677
5701,49268,49677
5702,49268,49677
5703,49268,49677
5704,49268,49677
5705,49268,49677
5706,49268,49677
5707,49268,49677
5708,49268,49677
5709,49268,49677
5710,49268,49677
5711,49268,49677
5712,49268,49677
5713,49268,49677
5714,49268,49677
5715,49268,49677
5716,49268,49677
5717,49268,49677
5718,49268,49677
5719,49268,49677
5720,49268,49677
5721,49268,49677
5722,49268,49677
5723,49268,49677
5724,49268,49677
5725,49268,49677
5726,49268,49677
5727,49268,49677
5728,49268,49677
5729,49268,49677
5730,49268,49677
5731,49268,49677
5732,49268,49677
5733,49268,49677
5734,49268,49677
5735,49268,49677
5736,49268,49677
5737,49268,49677
5738,49268,49677
5739,49268,49677
5740,49268,49677
5741,49268,49677
5742,49268,49677
5743,49268,49677
5744,49268,49677
5745,49268,49677
5746,49268,49677
5747,49268,49677
5748,49268,49677
5749,49268,49677
5750,49268,49677
5751,49268,49677
5752,49268,49677
5753,49268,49677
5754,49268,49677
5755,49268,49677
5756,49268,49677
5757,49268,49677
5758,49268,49677
5759,49268,49677
5760,49268,49677
5761,49268,49677
5762,49268,49677
5763,49268,49677
5764,49268,49677
5765,49268,49677
5766,49268,49677
5767,49268,49677
5768,49268,49677
5769,49268,49677
5770,49268,49677
5771,49268,49677
5772,49268,49693
5773,49268,49693
5774,49268,49693
5775,49268,49693
5776,49268,49693
5777,49268,49693
5778,49268,49693
5779,49268,49693
5780,49268,49693
5781,49268,49693
5782,49268,49693
5783,49268,49693
5784,49268,49693
5785,49268,49693
5786,49268,49693
5787,49268,49693
5788,49268,49693
5789,49268,49693
5790,49268,49693
5791,49268,49693
5792,49268,49693
5793,49268,49693
5794,49268,49693
5795,49268,49693
5796,49268,49693
5797,49268,49693
5798,49268,49693
5799,49268,49693
5800,49268,49693
5801,49268,49693
5802,49268,49693
5803,49268,49693
5804,49268,49693
5805,49268,49693
5806,49268,49693
5807,49268,49693
5808,49268,49693
5809,49268,49693
5810,49268,49693
5811,49268,49693
5812,49268,49693
5813,49268,49693
5814,49268,49693
5815,49268,49693
5816,49268,49693
5817,49268,49693
5818,49268,49693
5819,49268,49693
5820,49268,49693
5821,49268,49693
5822,49268,49693
5823,49268,49693
5824,49268,49693
5825,49268,49693
5826,49268,49693
5827,49268,49693
5828,49268,49693
5829,49268,49693
5830,49268,49693
5831,49268,49693
5832,49268,49693
5833,49268,49693
5834,49268,49693
5835,49268,49693
5836,49268,49693
5837,49268,49693
5838,49268,49693
5839,49268,49693
5840,49268,49693
5841,49268,49693
5842,49268,49693
5843,49268,49693
5844,49268,49693
5845,49268,49693
5846,49268,49693
5847,49268,49693
5848,49268,49693
5849,49268,49693
5850,49268,49693
5851,49268,49693
5852,49268,49693
5853,49268,49693
5854,49268,49693
5855,49268,49698
5856,49268,49698
5857,49268,49698
5858,49268,49698
5859,49268,49698
5860,49268,49698
5861,49268,49698
5862,49268,49698
5863,49268,49698
5864,49268,49698
5865,49268,49698
5866,49268,49698
5867,49268,49698
5868,49268,49698
5869,49268,49698
5870,49268,49698
5871,49268,49698
5872,49268,49698
5873,49268,49698
5874,49268,49698
5875,49268,49698
5876,49268,49698
5877,49268,49698
5878,49268,49698
5879,49268,49698
5880,49268,49698
5881,49268,49698
5882,49268,49698
5883,49268,49698
5884,49268,49698
5885,49268,49698
5886,49268,49698
5887,49268,49698
5888,49268,49698
5889,49268,49698
5890,49268,49698
5891,49268,49698
5892,49268,49698
5893,49268,49698
5894,49268,49698
5895,49268,49698
5896,49268,49698
5897,49268,49698
5898,49268,49698
5899,49268,49698
5900,49268,49698
5901,49268,49698
5902,49268,49698
5903,49268,49698
5904,49268,49698
5905,49268,49698
5906,49268,49698
5907,49268,49698
5908,49268,49698
5909,49268,49698
5910,49268,49698
5911,49268,49698
5912,49268,49698
5913,49268,49698
5914,49268,49698
5915,49268,49698
5916,49268,49698
5917,49268,49698
5918,49268,49698
5919,49268,49698
5920,49268,49698
5921,49268,49698
5922,49268,49698
5923,49268,49698
5924,49268,49698
5925,49268,49698
5926,49268,49698
5927,49268,49698
5928,49268,49698
5929,49268,49698
5930,49268,49698
5931,49268,49698
5932,49268,49698
5933,49268,49698
5934,49268,49698
5935,49268,49698
5936,49268,49698
5937,49268,49698
5938,49268,49698
5939,49268,49698
5940,49268,49698
5941,49268,49698
5942,49268,49698
5943,49268,49698
5944,49268,49698
5945,49268,49698
5946,49268,49703
5947,49268,49703
5948,49268,49703
5949,49268,49703
5950,49268,49703
5951,49268,49703
5952,49268,49703
5953,49268,49703
5954,49268,49703
5955,49268,49703
5956,49268,49703
5957,49268,49703
5958,49268,49703
5959,49268,49703
5960,49268,49703
5961,49268,49703
5962,49268,49703
5963,49268,49703
5964,49268,49703
5965,49268,49703
5966,49268,49703
5967,49268,49703
5968,49268,49703
5969,49268,49703
5970,49268,49703
5971,49268,49703
5972,49268,49703
5973,49268,49703
5974,49268,49703
5975,49268,49703
5976,49268,49703
5977,49268,49703
5978,49268,49703
5979,49268,49703
5980,49268,49703
5981,49268,49703
5982,49268,49703
5983,49268,49703
5984,49268,49703
5985,49268,49703
5986,49268,49709
5987,49268,49709
5988,49268,49709
5989,49268,49709
5990,49268,49709
5991,49268,49709
5992,49268,49709
5993,49268,49709
5994,49268,49709
5995,49268,49709
5996,49268,49709
5997,49268,49709
5998,49268,49709
5999,49268,49709
6000,49268,49709
6001,49268,49709
6002,49268,49709
6003,49268,49709
6004,49268,49709
6005,49268,49709
6006,49268,49709
6007,49268,49709
6008,49268,49709
6009,49268,49709
6010,49268,49709
6011,49268,49709
6012,49268,49710
6013,49268,49710
6014,49268,49710
6015,49268,49710
6016,49268,49710
6017,49268,49710
6018,49268,49710
6019,49268,49710
6020,49268,49710
6021,49268,49710
6022,49268,49710
6023,49268,49710
6024,49268,49737
6025,49268,49737
6026,49268,49737
6027,49268,49737
6028,49268,49737
6029,49268,49737
6030,49268,49737
6031,49268,49737
6032,49268,49737
6033,49268,49737
6034,49268,49737
6035,49268,49737
6036,49268,49737
6037,49268,49737
6038,49268,49737
6039,49268,49737
6040,49268,49737
6041,49268,49737
6042,49268,49737
6043,49268,49737
6044,49268,49737
6045,49268,49737
6046,49268,49737
6047,49268,49737
6048,49268,49737
6049,49268,49737
6050,49268,49737
6051,49268,49737
6052,49268,49737
6053,49268,49737
6054,49268,49737
6055,49268,49737
6056,49268,49737
6057,49268,49737
6058,49268,49737
6059,49268,49737
6060,49268,49737
6061,49268,49737
6062,49268,49737
6063,49268,49737
6064,49268,49737
6065,49268,49737
6066,49268,49737
6067,49268,49737
6068,49268,49737
6069,49268,49737
6070,49268,49737
6071,49268,49737
6072,49268,49737
6073,49268,49737
6074,49268,49737
6075,49268,49737
6076,49268,49737
6077,49268,49737
6078,49268,49737
6079,49268,49737
6080,49268,49737
6081,49268,49737
6082,49268,49737
6083,49268,49737
6084,49268,49737
6085,49268,49737
6086,49268,49743
6087,49268,49743
6088,49268,49743
6089,49268,49743
6090,49268,49743
6091,49268,49743
6092,49268,49743
6093,49268,49743
6094,49268,49743
6095,49268,49743
6096,49268,49743
6097,49268,49743
6098,49268,49743
6099,49268,49743
6100,49268,49743
6101,49268,49743
6102,49268,49743
6103,49268,49743
6104,49268,49743
6105,49268,49743
6106,49268,49743
6107,49268,49744
6108,49268,49744
6109,49268,49744
6110,49268,49744
6111,49268,49744
6112,49268,49744
6113,49268,49744
6114,49268,49744
6115,49268,49744
6116,49268,49744
6117,49268,49744
6118,49268,49744
6119,49268,49744
6120,49268,49744
6121,49268,49744
6122,49268,49744
6123,49268,49744
6124,49268,49744
6125,49268,49744
6126,49268,49744
6127,49268,49744
6128,49268,49744
6129,49268,49744
6130,49268,49744
6131,49268,49744
6132,49268,49744
6133,49268,49744
6134,49268,49744
6135,49268,49744
6136,49268,49744
6137,49268,49744
6138,49268,49744
6139,49268,49744
6140,49268,49744
6141,49268,49744
6142,49268,49744
6143,49268,49744
6144,49268,49744
6145,49268,49744
6146,49268,49744
6147,49268,49744
6148,49268,49744
6149,49268,49744
6150,49268,49744
6151,49268,49744
6152,49268,49744
6153,49268,49744
6154,49268,49744
6155,49268,49744
6156,49268,49744
6157,49268,49744
6158,49268,49744
6159,49268,49744
6160,49268,49744
6161,49268,49744
6162,49268,49744
6163,49268,49744
6164,49268,49744
6165,49268,49744
6166,49268,49744
6167,49268,49744
6168,49268,49744
6169,49268,49744
6170,49268,49744
6171,49268,49744
6172,49268,49744
6173,49268,49744
6174,49268,49744
6175,49268,49744
6176,49268,49744
6177,49268,49744
6178,49268,49744
6179,49268,49744
6180,49268,49744
6181,49268,49744
6182,49268,49744
6183,49268,49744
6184,49268,49744
6185,49268,49744
6186,49268,49744
6187,49268,49744
6188,49268,49744
6189,49268,49744
6190,49268,49744
6191,49268,49744
6192,49268,49744
6193,49268,49744
6194,49268,49744
6195,49268,49744
6196,49268,49744
6197,49268,49744
6198,49268,49744
6199,49268,49744
6200,49268,49744
6201,49268,49744
6202,49268,49744
6203,49268,49744
6204,49268,49744
6205,49268,49744
6206,49268,49744
6207,49268,49744
6208,49268,49744
6209,49268,49744
6210,49268,49744
6211,49268,49744
6212,49268,49744
6213,49268,49744
6214,49268,49744
6215,49268,49744
6216,49268,49744
6217,49268,49744
6218,49268,49744
6219,49268,49744
6220,49268,49744
6221,49268,49744
6222,49268,49744
6223,49268,49744
6224,49268,49744
6225,49268,49744
6226,49268,49744
6227,49268,49744
6228,49268,49744
6229,49268,49744
6230,49268,49744
6231,49268,49744
6232,49268,49744
6233,49268,49744
6234,49268,49744
6235,49268,49744
6236,49268,49744
6237,49268,49744
6238,49268,49744
6239,49268,49744
6240,49268,49744
6241,49268,49744
6242,49268,49744
6243,49268,49744
6244,49268,49744
6245,49268,49744
6246,49268,49744
6247,49268,49744
6248,49268,49744
6249,49268,49744
6250,49268,49744
6251,49268,49744
6252,49268,49744
6253,49268,49744
6254,49268,49744
6255,49268,49744
6256,49268,49744
6257,49268,49744
6258,49268,49744
6259,49268,49744
6260,49268,49744
6261,49268,49744
6262,49268,49744
6263,49268,49744
6264,49268,49744
6265,49268,49744
6266,49268,49744
6267,49268,49744
6268,49268,49744
6269,49268,49744
6270,49268,49744
6271,49268,49744
6272,49268,49744
6273,49268,49744
6274,49268,49744
6275,49268,49744
6276,49268,49744
6277,49268,49744
6278,49268,49744
6279,49268,49744
6280,49268,49744
6281,49268,49744
6282,49268,49744
6283,49268,49744
6284,49268,49744
6285,49268,49744
6286,49268,49744
6287,49268,49744
6288,49268,49744
6289,49268,49744
6290,49268,49744
6291,49268,49744
6292,49268,49744
6293,49268,49744
6294,49268,49744
6295,49268,49744
6296,49268,49744
6297,49268,49744
6298,49268,49744
6299,49268,49744
6300,49268,49744
6301,49268,49744
6302,49268,49744
6303,49268,49744
6304,49268,49744
6305,49268,49744
6306,49268,49744
6307,49268,49744
6308,49268,49744
6309,49268,49744
6310,49268,49744
6311,49268,49744
6312,49268,49744
6313,49268,49744
6314,49268,49744
6315,49268,49744
6316,49268,49744
6317,49268,49744
6318,49268,49744
6319,49268,49744
6320,49268,49744
6321,49268,49744
6322,49268,49744
6323,49268,49744
6324,49268,49744
6325,49268,49744
6326,49268,49744
6327,49268,49744
6328,49268,49744
6329,49268,49744
6330,49268,49744
6331,49268,49744
6332,49268,49744
6333,49268,49744
6334,49268,49744
6335,49268,49744
6336,49268,49744
6337,49268,49744
6338,49268,49744
6339,49268,49744
6340,49268,49744
6341,49268,49744
6342,49268,49744
6343,49268,49744
6344,49268,49744
6345,49268,49744
6346,49268,49744
6347,49268,49744
6348,49268,49744
6349,49268,49744
6350,49268,49744
6351,49268,49744
6352,49268,49744
6353,49268,49744
6354,49268,49744
6355,49268,49744
6356,49268,49744
6357,49268,49744
6358,49268,49744
6359,49268,49744
6360,49268,49744
6361,49268,49744
6362,49268,49744
6363,49268,49744
6364,49268,49744
6365,49268,49744
6366,49268,49744
6367,49268,49744
6368,49268,49744
6369,49268,49744
6370,49268,49744
6371,49268,49744
6372,49268,49744
6373,49268,49744
6374,49268,49744
6375,49268,49744
6376,49268,49744
6377,49268,49744
6378,49268,49744
6379,49268,49744
6380,49268,49744
6381,49268,49744
6382,49268,49744
6383,49268,49744
6384,49268,49744
6385,49268,49744
6386,49268,49744
6387,49268,49744
6388,49268,49744
6389,49268,49744
6390,49268,49744
6391,49268,49744
6392,49268,49744
6393,49268,49744
6394,49268,49744
6395,49268,49744
6396,49268,49744
6397,49268,49744
6398,49268,49744
6399,49268,49744
6400,49268,49744
6401,49268,49744
6402,49268,49744
6403,49268,49744
6404,49268,49744
6405,49268,49744
6406,49268,49744
6407,49268,49744
6408,49268,49744
6409,49268,49744
6410,49268,49744
6411,49268,49744
6412,49268,49744
6413,49268,49744
6414,49268,49744
6415,49268,49744
6416,49268,49744
6417,49268,49744
6418,49268,49744
6419,49268,49744
6420,49268,49744
6421,49268,49744
6422,49268,49744
6423,49268,49744
6424,49268,49744
6425,49268,49744
6426,49268,49744
6427,49268,49744
6428,49268,49744
6429,49268,49744
6430,49268,49744
6431,49268,49744
6432,49268,49744
6433,49268,49744
6434,49268,49744
6435,49268,49744
6436,49268,49744
6437,49268,49744
6438,49268,49744
6439,49268,49744
6440,49268,49744
6441,49268,49744
6442,49268,49744
6443,49268,49744
6444,49268,49744
6445,49268,49744
6446,49268,49744
6447,49268,49744
6448,49268,49744
6449,49268,49744
6450,49268,49744
6451,49268,49744
6452,49268,49744
6453,49268,49744
6454,49268,49744
6455,49268,49744
6456,49268,49744
6457,49268,49744
6458,49268,49744
6459,49268,49744
6460,49268,49744
6461,49268,49744
6462,49268,49744
6463,49268,49744
6464,49268,49744
6465,49268,49744
6466,49268,49744
6467,49268,49744
6468,49268,49744
6469,49268,49744
6470,49268,49744
6471,49268,49744
6472,49268,49744
6473,49268,49744
6474,49268,49744
6475,49268,49744
6476,49268,49744
6477,49268,49744
6478,49268,49744
6479,49268,49744
6480,49268,49744
6481,49268,49744
6482,49268,49744
6483,49268,49744
6484,49268,49744
6485,49268,49744
6486,49268,49744
6487,49268,49744
6488,49268,49744
6489,49268,49744
6490,49268,49744
6491,49268,49744
6492,49268,49744
6493,49268,49744
6494,49268,49744
6495,49268,49744
6496,49268,49744
6497,49268,49744
6498,49268,49744
6499,49268,49744
6500,49268,49744
6501,49268,49744
6502,49268,49744
6503,49268,49744
6504,49268,49744
6505,49268,49744
6506,49268,49744
6507,49268,49744
6508,49268,49744
6509,49268,49744
6510,49268,49744
6511,49268,49744
6512,49268,49744
6513,49268,49744
6514,49268,49744
6515,49268,49744
6516,49268,49744
6517,49268,49744
6518,49268,49744
6519,49268,49744
6520,49268,49744
6521,49268,49744
6522,49268,49744
6523,49268,49744
6524,49268,49744
6525,49268,49744
6526,49268,49744
6527,49268,49744
6528,49268,49744
6529,49268,49744
6530,49268,49744
6531,49268,49744
6532,49268,49744
6533,49268,49744
6534,49268,49744
6535,49268,49744
6536,49268,49744
6537,49268,49744
6538,49268,49744
6539,49268,49744
6540,49268,49744
6541,49268,49744
6542,49268,49744
6543,49268,49744
6544,49268,49744
6545,49268,49744
6546,49268,49744
6547,49268,49744
6548,49268,49744
6549,49268,49744
6550,49268,49744
6551,49268,49744
6552,49268,49744
6553,49268,49744
6554,49268,49744
6555,49268,49744
6556,49268,49744
6557,49268,49744
6558,49268,49744
6559,49268,49744
6560,49268,49744
6561,49268,49744
6562,49268,49744
6563,49268,49744
6564,49268,49744
6565,49268,49744
6566,49268,49744
6567,49268,49744
6568,49268,49744
6569,49268,49744
6570,49268,49744
6571,49268,49744
6572,49268,49744
6573,49268,49744
6574,49268,49744
6575,49268,49744
6576,49268,49744
6577,49268,49744
6578,49268,49744
6579,49268,49744
6580,49268,49744
6581,49268,49744
6582,49268,49744
6583,49268,49744
6584,49268,49744
6585,49268,49744
6586,49268,49744
6587,49268,49744
6588,49268,49744
6589,49268,49744
6590,49268,49744
6591,49268,49744
6592,49268,49744
6593,49268,49744
6594,49268,49744
6595,49268,49744
6596,49268,49744
6597,49268,49744
6598,49268,49744
6599,49268,49744
6600,49268,49744
6601,49268,49744
6602,49268,49744
6603,49268,49744
6604,49268,49744
6605,49268,49744
6606,49268,49744
6607,49268,49744
6608,49268,49744
6609,49268,49744
6610,49268,49744
6611,49268,49744
6612,49268,49744
6613,49268,49744
6614,49268,49744
6615,49268,49744
6616,49268,49744
6617,49268,49744
6618,49268,49744
6619,49268,49744
6620,49268,49744
6621,49268,49744
6622,49268,49744
6623,49268,49744
6624,49268,49744
6625,49268,49744
6626,49268,49744
6627,49268,49744
6628,49268,49744
6629,49268,49744
6630,49268,49744
6631,49268,49744
6632,49268,49744
6633,49268,49744
6634,49268,49744
6635,49268,49744
6636,49268,49744
6637,49268,49744
6638,49268,49744
6639,49268,49744
6640,49268,49744
6641,49268,49744
6642,49268,49744
6643,49268,49744
6644,49268,49744
6645,49268,49744
6646,49268,49744
6647,49268,49744
6648,49268,49744
6649,49268,49744
6650,49268,49744
6651,49268,49744
6652,49268,49744
6653,49268,49744
6654,49268,49744
6655,49268,49744
6656,49268,49744
6657,49268,49744
6658,49268,49744
6659,49268,49744
6660,49268,49744
6661,49268,49744
6662,49268,49744
6663,49268,49744
6664,49268,49744
6665,49268,49744
6666,49268,49744
6667,49268,49744
6668,49268,49744
6669,49268,49744
6670,49268,49744
6671,49268,49744
6672,49268,49744
6673,49268,49744
6674,49268,49744
6675,49268,49744
6676,49268,49744
6677,49268,49744
6678,49268,49744
6679,49268,49744
6680,49268,49744
6681,49268,49744
6682,49268,49744
6683,49268,49744
6684,49268,49744
6685,49268,49744
6686,49268,49744
6687,49268,49744
6688,49268,49744
6689,49268,49744
6690,49268,49744
6691,49268,49744
6692,49268,49744
6693,49268,49744
6694,49268,49744
6695,49268,49744
6696,49268,49744
6697,49268,49744
6698,49268,49744
6699,49268,49744
6700,49268,49744
6701,49268,49744
6702,49268,49744
6703,49268,49744
6704,49268,49744
6705,49268,49744
6706,49268,49744
6707,49268,49744
6708,49268,49744
6709,49268,49744
6710,49268,49744
6711,49268,49744
6712,49268,49744
6713,49268,49744
6714,49268,49744
6715,49268,49744
6716,49268,49744
6717,49268,49744
6718,49268,49744
6719,49268,49744
6720,49268,49744
6721,49268,49744
6722,49268,49744
6723,49268,49744
6724,49268,49744
6725,49268,49744
6726,49268,49744
6727,49268,49744
6728,49268,49744
6729,49268,49744
6730,49268,49744
6731,49268,49744
6732,49268,49744
6733,49268,49744
6734,49268,49744
6735,49268,49744
6736,49268,49744
6737,49268,49744
6738,49268,49744
6739,49268,49744
6740,49268,49744
6741,49268,49744
6742,49268,49744
6743,49268,49744
6744,49268,49744
6745,49268,49744
6746,49268,49744
6747,49268,49744
6748,49268,49744
6749,49268,49744
6750,49268,49744
6751,49268,49744
6752,49268,49744
6753,49268,49744
6754,49268,49744
6755,49268,49744
6756,49268,49744
6757,49268,49744
6758,49268,49744
6759,49268,49744
6760,49268,49744
6761,49268,49744
6762,49268,49744
6763,49268,49744
6764,49268,49744
6765,49268,49744
6766,49268,49744
6767,49268,49744
6768,49268,49744
6769,49268,49744
6770,49268,49744
6771,49268,49744
6772,49268,49744
6773,49268,49744
6774,49268,49744
6775,49268,49744
6776,49268,49744
6777,49268,49744
6778,49268,49744
6779,49268,49744
6780,49268,49744
6781,49268,49744
6782,49268,49744
6783,49268,49744
6784,49268,49744
6785,49268,49744
6786,49268,49744
6787,49268,49744
6788,49268,49744
6789,49268,49744
6790,49268,49744
6791,49268,49744
6792,49268,49744
6793,49268,49744
6794,49268,49744
6795,49268,49744
6796,49268,49744
6797,49268,49744
6798,49268,49744
6799,49268,49744
6800,49268,49744
6801,49268,49744
6802,49268,49744
6803,49268,49744
6804,49268,49744
6805,49268,49744
6806,49268,49744
6807,49268,49744
6808,49268,49744
6809,49268,49744
6810,49268,49744
6811,49268,49744
6812,49268,49744
6813,49268,49744
6814,49268,49744
6815,49268,49744
6816,49268,49744
6817,49268,49744
6818,49268,49744
6819,49268,49744
6820,49268,49744
6821,49268,49744
6822,49268,49744
6823,49268,49744
6824,49268,49744
6825,49268,49744
6826,49268,49744
6827,49268,49744
6828,49268,49744
6829,49268,49744
6830,49268,49744
6831,49268,49744
6832,49268,49744
6833,49268,49744
6834,49268,49744
6835,49268,49744
6836,49268,49744
6837,49268,49744
6838,49268,49744
6839,49268,49744
6840,49268,49744
6841,49268,49744
6842,49268,49744
6843,49268,49744
6844,49268,49744
6845,49268,49744
6846,49268,49744
6847,49268,49744
6848,49268,49744
6849,49268,49744
6850,49268,49744
6851,49268,49744
6852,49268,49744
6853,49268,49744
6854,49268,49744
6855,49268,49744
6856,49268,49744
6857,49268,49744
6858,49268,49744
6859,49268,49744
6860,49268,49744
6861,49268,49744
6862,49268,49744
6863,49268,49744
6864,49268,49744
6865,49268,49744
6866,49268,49744
6867,49268,49744
6868,49268,49744
6869,49268,49744
6870,49268,49744
6871,49268,49744
6872,49268,49744
6873,49268,49744
6874,49268,49744
6875,49268,49744
6876,49268,49744
6877,49268,49744
6878,49268,49744
6879,49268,49744
6880,49268,49744
6881,49268,49744
6882,49268,49744
6883,49268,49744
6884,49268,49744
6885,49268,49744
6886,49268,49744
6887,49268,49744
6888,49268,49744
6889,49268,49744
6890,49268,49744
6891,49268,49744
6892,49268,49744
6893,49268,49744
6894,49268,49744
6895,49268,49744
6896,49268,49744
6897,49268,49744
6898,49268,49744
6899,49268,49744
6900,49268,49744
6901,49268,49744
6902,49268,49744
6903,49268,49744
6904,49268,49744
6905,49268,49744
6906,49268,49744
6907,49268,49744
6908,49268,49744
6909,49268,49744
6910,49268,49744
6911,49268,49744
6912,49268,49744
6913,49268,49744
6914,49268,49744
6915,49268,49744
6916,49268,49744
6917,49268,49744
6918,49268,49744
6919,49268,49744
6920,49268,49744
6921,49268,49744
6922,49268,49744
6923,49268,49744
6924,49268,49744
6925,49268,49744
6926,49268,49744
6927,49268,49744
6928,49268,49744
6929,49268,49744
6930,49268,49744
6931,49268,49744
6932,49268,49744
6933,49268,49744
6934,49268,49744
6935,49268,49744
6936,49268,49744
6937,49268,49744
6938,49268,49744
6939,49268,49744
6940,49268,49744
6941,49268,49744
6942,49268,49744
6943,49268,49744
6944,49268,49744
6945,49268,49744
6946,49268,49744
6947,49268,49744
6948,49268,49744
6949,49268,49744
6950,49268,49744
6951,49268,49744
6952,49268,49744
6953,49268,49744
6954,49268,49744
6955,49268,49744
6956,49268,49744
6957,49268,49744
6958,49268,49744
6959,49268,49744
6960,49268,49744
6961,49268,49744
6962,49268,49744
6963,49268,49744
6964,49268,49744
6965,49268,49744
6966,49268,49744
6967,49268,49744
6968,49268,49744
6969,49268,49744
6970,49268,49744
6971,49268,49744
6972,49268,49744
6973,49268,49744
6974,49268,49744
6975,49268,49744
6976,49268,49744
6977,49268,49744
6978,49268,49744
6979,49268,49744
6980,49268,49744
6981,49268,49744
6982,49268,49744
6983,49268,49744
6984,49268,49744
6985,49268,49744
6986,49268,49744
6987,49268,49744
6988,49268,49744
6989,49268,49744
6990,49268,49744
6991,49268,49744
6992,49268,49744
6993,49268,49744
6994,49268,49744
6995,49268,49744
6996,49268,49744
6997,49268,49744
6998,49268,49744
6999,49268,49744
7000,49268,49744
7001,49268,49744
7002,49268,49744
7003,49268,49744
7004,49268,49744
7005,49268,49744
7006,49268,49744
7007,49268,49744
7008,49268,49744
7009,49268,49744
7010,49268,49744
7011,49268,49744
7012,49268,49744
7013,49268,49744
7014,49268,49744
7015,49268,49744
7016,49268,49744
7017,49268,49744
7018,49268,49744
7019,49268,49744
7020,49268,49744
7021,49268,49744
7022,49268,49744
7023,49268,49744
7024,49268,49744
7025,49268,49744
7026,49268,49744
7027,49268,49744
7028,49268,49744
7029,49268,49744
7030,49268,49744
7031,49268,49744
7032,49268,49744
7033,49268,49744
7034,49268,49744
7035,49268,49744
7036,49268,49744
7037,49268,49744
7038,49268,49744
7039,49268,49744
7040,49268,49744
7041,49268,49744
7042,49268,49744
7043,49268,49744
7044,49268,49744
7045,49268,49744
7046,49268,49744
7047,49268,49744
7048,49268,49744
7049,49268,49744
7050,49268,49744
7051,49268,49744
7052,49268,49744
7053,49268,49744
7054,49268,49744
7055,49268,49744
7056,49268,49744
7057,49268,49744
7058,49268,49744
7059,49268,49744
7060,49268,49744
7061,49268,49744
7062,49268,49744
7063,49268,49744
7064,49268,49744
7065,49268,49744
7066,49268,49744
7067,49268,49744
7068,49268,49744
7069,49268,49744
7070,49268,49744
7071,49268,49744
7072,49268,49744
7073,49268,49744
7074,49268,49744
7075,49268,49744
7076,49268,49744
7077,49268,49744
7078,49268,49744
7079,49268,49744
7080,49268,49744
7081,49268,49744
7082,49268,49744
7083,49268,49744
7084,49268,49744
7085,49268,49744
7086,49268,49744
7087,49268,49744
7088,49268,49744
7089,49268,49744
7090,49268,49744
7091,49268,49744
7092,49268,49744
7093,49268,49744
7094,49268,49744
7095,49268,49744
7096,49268,49744
7097,49268,49744
7098,49268,49744
7099,49268,49744
7100,49268,49744
7101,49268,49744
7102,49268,49744
7103,49268,49744
7104,49268,49744
7105,49268,49744
7106,49268,49744
7107,49268,49744
7108,49268,49744
7109,49268,49744
7110,49268,49744
7111,49268,49744
7112,49268,49744
7113,49268,49744
7114,49268,49744
7115,49268,49744
7116,49268,49744
7117,49268,49744
7118,49268,49744
7119,49268,49744
7120,49268,49744
7121,49268,49744
7122,49268,49744
7123,49268,49744
7124,49268,49744
7125,49268,49744
7126,49268,49744
7127,49268,49744
7128,49268,49744
7129,49268,49744
7130,49268,49744
7131,49268,49744
7132,49268,49744
7133,49268,49744
7134,49268,49744
7135,49268,49744
7136,49268,49744
7137,49268,49744
7138,49268,49744
7139,49268,49744
7140,49268,49744
7141,49268,49744
7142,49268,49744
7143,49268,49744
7144,49268,49744
7145,49268,49744
7146,49268,49744
7147,49268,49744
7148,49268,49744
7149,49268,49744
7150,49268,49744
7151,49268,49744
7152,49268,49744
7153,49268,49744
7154,49268,49744
7155,49268,49744
7156,49268,49744
7157,49268,49744
7158,49268,49744
7159,49268,49744
7160,49268,49744
7161,49268,49744
7162,49268,49744
7163,49268,49744
7164,49268,49744
7165,49268,49744
7166,49268,49744
7167,49268,49744
7168,49268,49744
7169,49268,49744
7170,49268,49744
7171,49268,49744
7172,49268,49744
7173,49268,49744
7174,49268,49744
7175,49268,49744
7176,49268,49744
7177,49268,49744
7178,49268,49744
7179,49268,49744
7180,49268,49744
7181,49268,49744
7182,49268,49744
7183,49268,49744
7184,49268,49744
7185,49268,49744
7186,49268,49744
7187,49268,49744
7188,49268,49744
7189,49268,49744
7190,49268,49744
7191,49268,49744
7192,49268,49744
7193,49268,49744
7194,49268,49744
7195,49268,49744
7196,49268,49744
7197,49268,49744
7198,49268,49744
7199,49268,49744
7200,49268,49744
7201,49268,49744
7202,49268,49744
7203,49268,49744
7204,49268,49744
7205,49268,49744
7206,49268,49744
7207,49268,49744
7208,49268,49744
7209,49268,49744
7210,49268,49744
7211,49268,49744
7212,49268,49744
7213,49268,49744
7214,49268,49744
7215,49268,49744
7216,49268,49744
7217,49268,49744
7218,49268,49744
7219,49268,49744
7220,49268,49744
7221,49268,49744
7222,49268,49744
7223,49268,49744
7224,49268,49744
7225,49268,49744
7226,49268,49744
7227,49268,49744
7228,49268,49744
7229,49268,49744
7230,49268,49744
7231,49268,49744
7232,49268,49744
7233,49268,49744
7234,49268,49744
7235,49268,49744
7236,49268,49744
7237,49268,49744
7238,49268,49744
7239,49268,49744
7240,49268,49744
7241,49268,49744
7242,49268,49744
7243,49268,49744
7244,49268,49744
7245,49268,49744
7246,49268,49744
7247,49268,49744
7248,49268,49744
7249,49268,49744
7250,49268,49744
7251,49268,49744
7252,49268,49744
7253,49268,49744
7254,49268,49744
7255,49268,49744
7256,49268,49744
7257,49268,49744
7258,49268,49744
7259,49268,49744
7260,49268,49744
7261,49268,49744
7262,49268,49744
7263,49268,49744
7264,49268,49744
7265,49268,49744
7266,49268,49744
7267,49268,49744
7268,49268,49744
7269,49268,49744
7270,49268,49744
7271,49268,49744
7272,49268,49744
7273,49268,49744
7274,49268,49744
7275,49268,49744
7276,49268,49744
7277,49268,49744
7278,49268,49744
7279,49268,49744
7280,49268,49744
7281,49268,49744
7282,49268,49744
7283,49268,49744
7284,49268,49744
7285,49268,49744
7286,49268,49744
7287,49268,49744
7288,49268,49744
7289,49268,49744
7290,49268,49744
7291,49268,49744
7292,49268,49744
7293,49268,49744
7294,49268,49744
7295,49268,49744
7296,49268,49744
7297,49268,49744
7298,49268,49744
7299,49268,49744
7300,49268,49744
7301,49268,49744
7302,49268,49744
7303,49268,49744
7304,49268,49744
7305,49268,49744
7306,49268,49744
7307,49268,49744
7308,49268,49744
7309,49268,49744
7310,49268,49744
7311,49268,49744
7312,49268,49744
7313,49268,49744
7314,49268,49744
7315,49268,49744
7316,49268,49744
7317,49268,49744
7318,49268,49744
7319,49268,49744
7320,49268,49744
7321,49268,49744
7322,49268,49744
7323,49268,49744
7324,49268,49744
7325,49268,49744
7326,49268,49744
7327,49268,49744
7328,49268,49744
7329,49268,49744
7330,49268,49744
7331,49268,49744
7332,49268,49744
7333,49268,49744
7334,49268,49744
7335,49268,49744
7336,49268,49744
7337,49268,49744
7338,49268,49744
7339,49268,49744
7340,49268,49744
7341,49268,49744
7342,49268,49744
7343,49268,49744
7344,49268,49744
7345,49268,49744
7346,49268,49744
7347,49268,49744
7348,49268,49744
7349,49268,49744
7350,49268,49744
7351,49268,49744
7352,49268,49744
7353,49268,49744
7354,49268,49744
7355,49268,49744
7356,49268,49744
7357,49268,49744
7358,49268,49744
7359,49268,49744
7360,49268,49744
7361,49268,49744
7362,49268,49744
7363,49268,49744
7364,49268,49744
7365,49268,49744
7366,49268,49744
7367,49268,49744
7368,49268,49744
7369,49268,49744
7370,49268,49744
7371,49268,49744
7372,49268,49744
7373,49268,49744
7374,49268,49744
7375,49268,49744
7376,49268,49744
7377,49268,49744
7378,49268,49744
7379,49268,49744
7380,49268,49744
7381,49268,49744
7382,49268,49744
7383,49268,49744
7384,49268,49744
7385,49268,49744
7386,49268,49744
7387,49268,49744
7388,49268,49744
7389,49268,49744
7390,49268,49744
7391,49268,49744
7392,49268,49744
7393,49268,49744
7394,49268,49744
7395,49268,49744
7396,49268,49744
7397,49268,49744
7398,49268,49744
7399,49268,49744
7400,49268,49744
7401,49268,49744
7402,49268,49744
7403,49268,49744
7404,49268,49744
7405,49268,49744
7406,49268,49744
7407,49268,49744
7408,49268,49744
7409,49268,49744
7410,49268,49744
7411,49268,49744
7412,49268,49744
7413,49268,49744
7414,49268,49744
7415,49268,49744
7416,49268,49744
7417,49268,49744
7418,49268,49744
7419,49268,49744
7420,49268,49744
7421,49268,49744
7422,49268,49744
7423,49268,49744
7424,49268,49744
7425,49268,49744
7426,49268,49744
7427,49268,49744
7428,49268,49744
7429,49268,49744
7430,49268,49744
7431,49268,49744
7432,49268,49744
7433,49268,49744
7434,49268,49744
7435,49268,49744
7436,49268,49744
7437,49268,49744
7438,49268,49744
7439,49268,49744
7440,49268,49744
7441,49268,49744
7442,49268,49744
7443,49268,49744
7444,49268,49744
7445,49268,49744
7446,49268,49744
7447,49268,49744
7448,49268,49744
7449,49268,49744
7450,49268,49744
7451,49268,49744
7452,49268,49744
7453,49268,49744
7454,49268,49744
7455,49268,49744
7456,49268,49744
7457,49268,49744
7458,49268,49744
7459,49268,49744
7460,49268,49744
7461,49268,49744
7462,49268,49744
7463,49268,49744
7464,49268,49744
7465,49268,49744
7466,49268,49744
7467,49268,49744
7468,49268,49744
7469,49268,49744
7470,49268,49744
7471,49268,49744
7472,49268,49744
7473,49268,49744
7474,49268,49744
7475,49268,49744
7476,49268,49744
7477,49268,49744
7478,49268,49744
7479,49268,49744
7480,49268,49744
7481,49268,49744
7482,49268,49744
7483,49268,49744
7484,49268,49744
7485,49268,49744
7486,49268,49744
7487,49268,49744
7488,49268,49744
7489,49268,49744
7490,49268,49744
7491,49268,49744
7492,49268,49744
7493,49268,49744
7494,49268,49744
7495,49268,49744
7496,49268,49744
7497,49268,49744
7498,49268,49744
7499,49268,49744
7500,49268,49744
7501,49268,49744
7502,49268,49744
7503,49268,49744
7504,49268,49744
7505,49268,49744
7506,49268,49744
7507,49268,49744
7508,49268,49752
7509,49268,49752
7510,49268,49760
7511,49268,49760
7512,49268,49760
7513,49268,49760
7514,49268,49760
7515,49268,49760
7516,49268,49760
7517,49268,49760
7518,49268,49760
7519,49268,49760
7520,49268,49760
7521,49268,49760
7522,49268,49760
7523,49268,49760
7524,49268,49760
7525,49268,49760
7526,49268,49760
7527,49268,49760
7528,49268,49760
7529,49268,49760
7530,49268,49760
7531,49268,49760
7532,49268,49760
7533,49268,49760
7534,49268,49760
7535,49268,49760
7536,49268,49760
7537,49268,49760
7538,49268,49760
7539,49268,49760
7540,49268,49760
7541,49268,49760
7542,49268,49760
7543,49268,49760
7544,49268,49760
7545,49268,49760
7546,49268,49760
7547,49268,49760
7548,49268,49760
7549,49268,49760
7550,49268,49760
7551,49268,49760
7552,49268,49760
7553,49268,49760
7554,49268,49760
7555,49268,49760
7556,49268,49760
7557,49268,49760
7558,49268,49760
7559,49268,49760
7560,49268,49760
7561,49268,49760
7562,49268,49760
7563,49268,49760
7564,49268,49760
7565,49268,49760
7566,49268,49760
7567,49268,49760
7568,49268,49760
7569,49268,49760
7570,49268,49760
7571,49268,49760
7572,49268,49760
7573,49268,49760
7574,49268,49760
7575,49268,49760
7576,49268,49760
7577,49268,49760
7578,49268,49760
7579,49268,49760
7580,49268,49760
7581,49268,49760
7582,49268,49760
7583,49268,49760
7584,49268,49760
7585,49268,49760
7586,49268,49760
7587,49268,49760
7588,49268,49760
7589,49268,49760
7590,49268,49760
7591,49268,49760
7592,49268,49760
7593,49268,49760
7594,49268,49760
7595,49268,49760
7596,49268,49760
7597,49268,49760
7598,49268,49760
7599,49268,49760
7600,49268,49760
7601,49268,49760
7602,49268,49760
7603,49268,49760
7604,49268,49760
7605,49268,49760
7606,49268,49760
7607,49268,49760
7608,49268,49760
7609,49268,49760
7610,49268,49760
7611,49268,49760
7612,49268,49760
7613,49268,49760
7614,49268,49760
7615,49268,49760
7616,49268,49760
7617,49268,49760
7618,49268,49760
7619,49268,49760
7620,49268,49760
7621,49268,49760
7622,49268,49760
7623,49268,49760
7624,49268,49760
7625,49268,49760
7626,49268,49760
7627,49268,49760
7628,49268,49760
7629,49268,49760
7630,49268,49760
7631,49268,49760
7632,49268,49760
7633,49268,49760
7634,49268,49760
7635,49268,49760
7636,49268,49760
7637,49268,49760
7638,49268,49760
7639,49268,49760
7640,49268,49760
7641,49268,49760
7642,49268,49760
7643,49268,49760
7644,49268,49760
7645,49268,49760
7646,49268,49760
7647,49268,49760
7648,49268,49760
7649,49268,49760
7650,49268,49760
7651,49268,49760
7652,49268,49760
7653,49268,49760
7654,49268,49760
7655,49268,49760
7656,49268,49760
7657,49268,49760
7658,49268,49760
7659,49268,49760
7660,49268,49760
7661,49268,49760
7662,49268,49760
7663,49268,49760
7664,49268,49760
7665,49268,49760
7666,49268,49760
7667,49268,49760
7668,49268,49760
7669,49268,49760
7670,49268,49760
7671,49268,49760
7672,49268,49760
7673,49268,49760
7674,49268,49760
7675,49268,49760
7676,49268,49760
7677,49268,49760
7678,49268,49760
7679,49268,49760
7680,49268,49760
7681,49268,49760
7682,49268,49760
7683,49268,49760
7684,49268,49760
7685,49268,49760
7686,49268,49760
7687,49268,49760
7688,49268,49760
7689,49268,49760
7690,49268,49760
7691,49268,49760
7692,49268,49760
7693,49268,49760
7694,49268,49760
7695,49268,49760
7696,49268,49760
7697,49268,49760
7698,49268,49760
7699,49268,49760
7700,49268,49760
7701,49268,49760
7702,49268,49760
7703,49268,49760
7704,49268,49760
7705,49268,49760
7706,49268,49760
7707,49268,49760
7708,49268,49760
7709,49268,49760
7710,49268,49760
7711,49268,49760
7712,49268,49760
7713,49268,49760
7714,49268,49760
7715,49268,49760
7716,49268,49760
7717,49268,49760
7718,49268,49760
7719,49268,49760
7720,49268,49760
7721,49268,49760
7722,49268,49760
7723,49268,49773
7724,49268,49773
7725,49268,49773
7726,49268,49773
7727,49268,49773
7728,49268,49773
7729,49268,49773
7730,49268,49773
7731,49268,49773
7732,49268,49773
7733,49268,49773
7734,49268,49773
7735,49268,49773
7736,49268,49773
7737,49268,49773
7738,49268,49773
7739,49268,49773
7740,49268,49773
7741,49268,49773
7742,49268,49773
7743,49268,49773
7744,49268,49773
7745,49268,49773
7746,49268,49773
7747,49268,49773
7748,49268,49773
7749,49268,49773
7750,49268,49773
7751,49268,49773
7752,49268,49773
7753,49268,49773
7754,49268,49773
7755,49268,49773
7756,49268,49773
7757,49268,49773
7758,49268,49773
7759,49268,49773
7760,49268,49773
7761,49268,49773
7762,49268,49773
7763,49268,49773
7764,49268,49773
7765,49268,49773
7766,49268,49773
7767,49268,49773
7768,49268,49773
7769,49268,49773
7770,49268,49773
7771,49268,49773
7772,49268,49773
7773,49268,49773
7774,49268,49773
7775,49268,49773
7776,49268,49773
7777,49268,49773
7778,49268,49773
7779,49268,49773
7780,49268,49773
7781,49268,49773
7782,49268,49773
7783,49268,49773
7784,49268,49773
7785,49268,49773
7786,49268,49773
7787,49268,49773
7788,49268,49773
7789,49268,49773
7790,49268,49773
7791,49268,49773
7792,49268,49773
7793,49268,49773
7794,49268,49773
7795,49268,49773
7796,49268,49773
7797,49268,49773
7798,49268,49773
7799,49268,49773
7800,49268,49773
7801,49268,49773
7802,49268,49773
7803,49268,49773
7804,49268,49773
7805,49268,49773
7806,49268,49773
7807,49268,49773
7808,49268,49773
7809,49268,49773
7810,49268,49773
7811,49268,49773
7812,49268,49773
7813,49268,49773
7814,49268,49773
7815,49268,49773
7816,49268,49773
7817,49268,49773
7818,49268,49773
7819,49268,49773
7820,49268,49773
7821,49268,49773
7822,49268,49773
7823,49268,49773
7824,49268,49773
7825,49268,49773
7826,49268,49773
7827,49268,49773
7828,49268,49773
7829,49268,49773
7830,49268,49773
7831,49268,49773
7832,49268,49773
7833,49268,49773
7834,49268,49773
7835,49268,49773
7836,49268,49773
7837,49268,49773
7838,49268,49773
7839,49268,49773
7840,49268,49773
7841,49268,49773
7842,49268,49773
7843,49268,49773
7844,49268,49773
7845,49268,49773
7846,49268,49773
7847,49268,49773
7848,49268,49773
7849,49268,49773
7850,49268,49773
7851,49268,49773
7852,49268,49773
7853,49268,49773
7854,49268,49773
7855,49268,49773
7856,49268,49773
7857,49268,49773
7858,49268,49773
7859,49268,49773
7860,49268,49773
7861,49268,49773
7862,49268,49773
7863,49268,49773
7864,49268,49773
7865,49268,49773
7866,49268,49773
7867,49268,49773
7868,49268,49773
7869,49268,49773
7870,49268,49773
7871,49268,49773
7872,49268,49773
7873,49268,49773
7874,49268,49773
7875,49268,49773
7876,49268,49773
7877,49268,49773
7878,49268,49773
7879,49268,49773
7880,49268,49773
7881,49268,49773
7882,49268,49773
7883,49268,49773
7884,49268,49773
7885,49268,49773
7886,49268,49773
7887,49268,49773
7888,49268,49773
7889,49268,49773
7890,49268,49773
7891,49268,49773
7892,49268,49773
7893,49268,49773
7894,49268,49773
7895,49268,49773
7896,49268,49773
7897,49268,49773
7898,49268,49773
7899,49268,49773
7900,49268,49773
7901,49268,49773
7902,49268,49773
7903,49268,49773
7904,49268,49773
7905,49268,49773
7906,49268,49773
7907,49268,49773
7908,49268,49773
7909,49268,49773
7910,49268,49773
7911,49268,49773
7912,49268,49773
7913,49268,49773
7914,49268,49773
7915,49268,49773
7916,49268,49773
7917,49268,49773
7918,49268,49773
7919,49268,49773
7920,49268,49773
7921,49268,49773
7922,49268,49773
7923,49268,49773
7924,49268,49773
7925,49268,49773
7926,49268,49773
7927,49268,49773
7928,49268,49773
7929,49268,49773
7930,49268,49773
7931,49268,49773
7932,49268,49773
7933,49268,49773
7934,49268,49773
7935,49268,49773
7936,49268,49773
7937,49268,49773
7938,49268,49773
7939,49268,49773
7940,49268,49773
7941,49268,49773
7942,49268,49773
7943,49268,49773
7944,49268,49773
7945,49268,49773
7946,49268,49773
7947,49268,49773
7948,49268,49773
7949,49268,49773
7950,49268,49773
7951,49268,49773
7952,49268,49773
7953,49268,49773
7954,49268,49773
7955,49268,49773
7956,49268,49773
7957,49268,49773
7958,49268,49773
7959,49268,49773
7960,49268,49773
7961,49268,49773
7962,49268,49773
7963,49268,49773
7964,49268,49773
7965,49268,49773
7966,49268,49773
7967,49268,49773
7968,49268,49773
7969,49268,49773
7970,49268,49773
7971,49268,49773
7972,49268,49773
7973,49268,49773
7974,49268,49773
7975,49268,49773
7976,49268,49773
7977,49268,49773
7978,49268,49773
7979,49268,49773
7980,49268,49773
7981,49268,49773
7982,49268,49773
7983,49268,49773
7984,49268,49773
7985,49268,49773
7986,49268,49773
7987,49268,49773
7988,49268,49773
7989,49268,49773
7990,49268,49773
7991,49268,49773
7992,49268,49773
7993,49268,49773
7994,49268,49773
7995,49268,49773
7996,49268,49773
7997,49268,49773
7998,49268,49773
7999,49268,49773
8000,49268,49773
8001,49268,49773
8002,49268,49773
8003,49268,49773
8004,49268,49773
8005,49268,49773
8006,49268,49773
8007,49268,49773
8008,49268,49773
8009,49268,49773
8010,49268,49773
8011,49268,49773
8012,49268,49773
8013,49268,49773
8014,49268,49773
8015,49268,49773
8016,49268,49773
8017,49268,49773
8018,49268,49773
8019,49268,49773
8020,49268,49773
8021,49268,49773
8022,49268,49773
8023,49268,49773
8024,49268,49773
8025,49268,49773
8026,49268,49773
8027,49268,49773
8028,49268,49773
8029,49268,49773
8030,49268,49773
8031,49268,49773
8032,49268,49773
8033,49268,49773
8034,49268,49773
8035,49268,49773
8036,49268,49776
8037,49268,49776
8038,49268,49776
8039,49268,49776
8040,49268,49776
8041,49268,49776
8042,49268,49776
8043,49268,49776
8044,49268,49776
8045,49268,49776
8046,49268,49776
8047,49268,49776
8048,49268,49776
8049,49268,49776
8050,49268,49776
8051,49268,49787
8052,49268,49787
8053,49268,49787
8054,49268,49787
8055,49268,49787
8056,49268,49787
8057,49268,49787
8058,49268,49787
8059,49268,49787
8060,49268,49787
8061,49268,49787
8062,49268,49787
8063,49268,49787
8064,49268,49787
8065,49268,49787
8066,49268,49787
8067,49268,49787
8068,49268,49787
8069,49268,49787
8070,49268,49787
8071,49268,49787
8072,49268,49787
8073,49268,49787
8074,49268,49787
8075,49268,49787
8076,49268,49787
8077,49268,49787
8078,49268,49787
8079,49268,49787
8080,49268,49787
8081,49268,49787
8082,49268,49787
8083,49268,49787
8084,49268,49787
8085,49268,49787
8086,49268,49787
8087,49268,49787
8088,49268,49787
8089,49268,49787
8090,49268,49787
8091,49268,49787
8092,49268,49787
8093,49268,49787
8094,49268,49787
8095,49268,49787
8096,49268,49787
8097,49268,49787
8098,49268,49787
8099,49268,49787
8100,49268,49787
8101,49268,49787
8102,49268,49787
8103,49268,49787
8104,49268,49787
8105,49268,49787
8106,49268,49787
8107,49268,49787
8108,49268,49787
8109,49268,49787
8110,49268,49787
8111,49268,49787
8112,49268,49787
8113,49268,49787
8114,49268,49787
8115,49268,49787
8116,49268,49787
8117,49268,49787
8118,49268,49787
8119,49268,49787
8120,49268,49787
8121,49268,49787
8122,49268,49787
8123,49268,49787
8124,49268,49787
8125,49268,49787
8126,49268,49787
8127,49268,49787
8128,49268,49787
8129,49268,49787
8130,49268,49787
8131,49268,49787
8132,49268,49787
8133,49268,49787
8134,49268,49787
8135,49268,49787
8136,49268,49787
8137,49268,49787
8138,49268,49787
8139,49268,49787
8140,49268,49787
8141,49268,49787
8142,49268,49787
8143,49268,49787
8144,49268,49787
8145,49268,49787
8146,49268,49787
8147,49268,49787
8148,49268,49787
8149,49268,49787
8150,49268,49787
8151,49268,49787
8152,49268,49787
8153,49268,49787
8154,49268,49787
8155,49268,49787
8156,49268,49787
8157,49268,49787
8158,49268,49787
8159,49268,49787
8160,49268,49787
8161,49268,49787
8162,49268,49787
8163,49268,49787
8164,49268,49787
8165,49268,49787
8166,49268,49787
8167,49268,49787
8168,49268,49787
8169,49268,49787
8170,49268,49787
8171,49268,49787
8172,49268,49787
8173,49268,49787
8174,49268,49787
8175,49268,49787
8176,49268,49787
8177,49268,49787
8178,49268,49787
8179,49268,49787
8180,49268,49787
8181,49268,49787
8182,49268,49787
8183,49268,49787
8184,49268,49787
8185,49268,49787
8186,49268,49787
8187,49268,49787
8188,49268,49787
8189,49268,49787
8190,49268,49787
8191,49268,49787
8192,49268,49787
8193,49268,49787
8194,49268,49787
8195,49268,49787
8196,49268,49787
8197,49268,49787
8198,49268,49787
8199,49268,49787
8200,49268,49787
8201,49268,49787
8202,49268,49787
8203,49268,49787
8204,49268,49787
8205,49268,49787
8206,49268,49787
8207,49268,49787
8208,49268,49802
8209,49268,49802
8210,49268,49802
8211,49268,49802
8212,49268,49802
8213,49268,49802
8214,49268,49802
8215,49268,49802
8216,49268,49802
8217,49268,49802
8218,49268,49802
8219,49268,49802
8220,49268,49802
8221,49268,49802
8222,49268,49802
8223,49268,49802
8224,49268,49802
8225,49268,49802
8226,49268,49802
8227,49268,49802
8228,49268,49802
8229,49268,49802
8230,49268,49802
8231,49268,49802
8232,49268,49802
8233,49268,49802
8234,49268,49802
8235,49268,49802
8236,49268,49802
8237,49268,49802
8238,49268,49802
8239,49268,49802
8240,49268,49802
8241,49268,49802
8242,49268,49802
8243,49268,49802
8244,49268,49802
8245,49268,49802
8246,49268,49802
8247,49268,49802
8248,49268,49802
8249,49268,49802
8250,49268,49802
8251,49268,49802
8252,49268,49802
8253,49268,49802
8254,49268,49802
8255,49268,49802
8256,49268,49802
8257,49268,49802
8258,49268,49802
8259,49268,49802
8260,49268,49802
8261,49268,49802
8262,49268,49802
8263,49268,49802
8264,49268,49802
8265,49268,49802
8266,49268,49802
8267,49268,49802
8268,49268,49802
8269,49268,49802
8270,49268,49802
8271,49268,49802
8272,49268,49802
8273,49268,49802
8274,49268,49802
8275,49268,49802
8276,49268,49802
8277,49268,49802
8278,49268,49802
8279,49268,49802
8280,49268,49802
8281,49268,49802
8282,49268,49802
8283,49268,49802
8284,49268,49802
8285,49268,49802
8286,49268,49802
8287,49268,49802
8288,49268,49802
8289,49268,49802
8290,49268,49802
8291,49268,49802
8292,49268,49802
8293,49268,49802
8294,49268,49802
8295,49268,49802
8296,49268,49802
8297,49268,49802
8298,49268,49802
8299,49268,49802
8300,49268,49802
8301,49268,49802
8302,49268,49802
8303,49268,49802
8304,49268,49802
8305,49268,49802
8306,49268,49802
8307,49268,49802
8308,49268,49802
8309,49268,49802
8310,49268,49802
8311,49268,49802
8312,49268,49802
8313,49268,49802
8314,49268,49802
8315,49268,49802
8316,49268,49802
8317,49268,49802
8318,49268,49802
8319,49268,49802
8320,49268,49802
8321,49268,49802
8322,49268,49802
8323,49268,49802
8324,49268,49802
8325,49268,49802
8326,49268,49802
8327,49268,49802
8328,49268,49802
8329,49268,49802
8330,49268,49802
8331,49268,49802
8332,49268,49802
8333,49268,49802
8334,49268,49802
8335,49268,49802
8336,49268,49802
8337,49268,49802
8338,49268,49802
8339,49268,49802
8340,49268,49802
8341,49268,49802
8342,49268,49802
8343,49268,49802
8344,49268,49802
8345,49268,49802
8346,49268,49802
8347,49268,49802
8348,49268,49802
8349,49268,49802
8350,49268,49802
8351,49268,49802
8352,49268,49802
8353,49268,49802
8354,49268,49802
8355,49268,49802
8356,49268,49802
8357,49268,49802
8358,49268,49802
8359,49268,49802
8360,49268,49802
8361,49268,49802
8362,49268,49802
8363,49268,49802
8364,49268,49802
8365,49268,49802
8366,49268,49802
8367,49268,49802
8368,49268,49802
8369,49268,49802
8370,49268,49802
8371,49268,49802
8372,49268,49802
8373,49268,49802
8374,49268,49802
8375,49268,49802
8376,49268,49802
8377,49268,49802
8378,49268,49802
8379,49268,49802
8380,49268,49802
8381,49268,49802
8382,49268,49802
8383,49268,49802
8384,49268,49802
8385,49268,49802
8386,49268,49802
8387,49268,49802
8388,49268,49802
8389,49268,49802
8390,49268,49802
8391,49268,49802
8392,49268,49802
8393,49268,49802
8394,49268,49802
8395,49268,49802
8396,49268,49802
8397,49268,49802
8398,49268,49802
8399,49268,49802
8400,49268,49802
8401,49268,49802
8402,49268,49802
8403,49268,49802
8404,49268,49802
8405,49268,49802
8406,49268,49802
8407,49268,49802
8408,49268,49802
8409,49268,49802
8410,49268,49802
8411,49268,49802
8412,49268,49802
8413,49268,49802
8414,49268,49802
8415,49268,49802
8416,49268,49802
8417,49268,49802
8418,49268,49802
8419,49268,49802
8420,49268,49802
8421,49268,49802
8422,49268,49802
8423,49268,49802
8424,49268,49802
8425,49268,49802
8426,49268,49802
8427,49268,49802
8428,49268,49802
8429,49268,49802
8430,49268,49802
8431,49268,49802
8432,49268,49802
8433,49268,49802
8434,49268,49802
8435,49268,49802
8436,49268,49802
8437,49268,49802
8438,49268,49802
8439,49268,49802
8440,49268,49802
8441,49268,49802
8442,49268,49802
8443,49268,49802
8444,49268,49802
8445,49268,49802
8446,49268,49802
8447,49268,49802
8448,49268,49802
8449,49268,49802
8450,49268,49802
8451,49268,49802
8452,49268,49802
8453,49268,49802
8454,49268,49802
8455,49268,49802
8456,49268,49802
8457,49268,49802
8458,49268,49802
8459,49268,49802
8460,49268,49802
8461,49268,49802
8462,49268,49802
8463,49268,49802
8464,49268,49802
8465,49268,49802
8466,49268,49802
8467,49268,49802
8468,49268,49802
8469,49268,49802
8470,49268,49802
8471,49268,49802
8472,49268,49802
8473,49268,49802
8474,49268,49802
8475,49268,49802
8476,49268,49802
8477,49268,49802
8478,49268,49802
8479,49268,49802
8480,49268,49802
8481,49268,49802
8482,49268,49802
8483,49268,49802
8484,49268,49802
8485,49268,49802
8486,49268,49802
8487,49268,49802
8488,49268,49802
8489,49268,49802
8490,49268,49802
8491,49268,49802
8492,49268,49802
8493,49268,49802
8494,49268,49802
8495,49268,49802
8496,49268,49802
8497,49268,49802
8498,49268,49802
8499,49268,49802
8500,49268,49802
8501,49268,49802
8502,49268,49802
8503,49268,49802
8504,49268,49802
8505,49268,49802
8506,49268,49802
8507,49268,49802
8508,49268,49802
8509,49268,49802
8510,49268,49802
8511,49268,49802
8512,49268,49802
8513,49268,49802
8514,49268,49802
8515,49268,49802
8516,49268,49802
8517,49268,49802
8518,49268,49802
8519,49268,49802
8520,49268,49802
8521,49268,49802
8522,49268,49802
8523,49268,49802
8524,49268,49802
8525,49268,49802
8526,49268,49802
8527,49268,49802
8528,49268,49802
8529,49268,49802
8530,49268,49802
8531,49268,49802
8532,49268,49802
8533,49268,49802
8534,49268,49802
8535,49268,49802
8536,49268,49802
8537,49268,49802
8538,49268,49802
8539,49268,49802
8540,49268,49802
8541,49268,49802
8542,49268,49802
8543,49268,49802
8544,49268,49802
8545,49268,49802
8546,49268,49802
8547,49268,49802
8548,49268,49802
8549,49268,49802
8550,49268,49802
8551,49268,49802
8552,49268,49802
8553,49268,49802
8554,49268,49802
8555,49268,49802
8556,49268,49802
8557,49268,49802
8558,49268,49802
8559,49268,49802
8560,49268,49802
8561,49268,49802
8562,49268,49802
8563,49268,49802
8564,49268,49802
8565,49268,49802
8566,49268,49802
8567,49268,49802
8568,49268,49802
8569,49268,49802
8570,49268,49802
8571,49268,49802
8572,49268,49802
8573,49268,49802
8574,49268,49802
8575,49268,49802
8576,49268,49802
8577,49268,49802
8578,49268,49802
8579,49268,49802
8580,49268,49802
8581,49268,49802
8582,49268,49802
8583,49268,49802
8584,49268,49802
8585,49268,49802
8586,49268,49802
8587,49268,49802
8588,49268,49802
8589,49268,49802
8590,49268,49802
8591,49268,49802
8592,49268,49802
8593,49268,49802
8594,49268,49802
8595,49268,49802
8596,49268,49802
8597,49268,49802
8598,49268,49802
8599,49268,49802
8600,49268,49802
8601,49268,49802
8602,49268,49802
8603,49268,49802
8604,49268,49802
8605,49268,49802
8606,49268,49802
8607,49268,49802
8608,49268,49802
8609,49268,49802
8610,49268,49802
8611,49268,49802
8612,49268,49802
8613,49268,49802
8614,49268,49802
8615,49268,49802
8616,49268,49802
8617,49268,49802
8618,49268,49802
8619,49268,49802
8620,49268,49802
8621,49268,49802
8622,49268,49802
8623,49268,49802
8624,49268,49802
8625,49268,49802
8626,49268,49802
8627,49268,49802
8628,49268,49802
8629,49268,49802
8630,49268,49802
8631,49268,49802
8632,49268,49802
8633,49268,49802
8634,49268,49802
8635,49268,49802
8636,49268,49802
8637,49268,49802
8638,49268,49802
8639,49268,49802
8640,49268,49802
8641,49268,49802
8642,49268,49802
8643,49268,49802
8644,49268,49802
8645,49268,49814
8646,49268,49814
8647,49268,49814
8648,49268,49814
8649,49268,49814
8650,49268,49814
8651,49268,49814
8652,49268,49814
8653,49268,49814
8654,49268,49814
8655,49268,49814
8656,49268,49814
8657,49268,49814
8658,49268,49814
8659,49268,49814
8660,49268,49814
8661,49268,49814
8662,49268,49814
8663,49268,49814
8664,49268,49814
8665,49268,49814
8666,49268,49814
8667,49268,49814
8668,49268,49814
8669,49268,49814
8670,49268,49814
8671,49268,49814
8672,49268,49814
8673,49268,49814
8674,49268,49814
8675,49268,49814
8676,49268,49814
8677,49268,49814
8678,49268,49814
8679,49268,49814
8680,49268,49814
8681,49268,49814
8682,49268,49814
8683,49268,49814
8684,49268,49814
8685,49268,49814
8686,49268,49814
8687,49268,49814
8688,49268,49814
8689,49268,49814
8690,49268,49814
8691,49268,49814
8692,49268,49814
8693,49268,49814
8694,49268,49814
8695,49268,49814
8696,49268,49814
8697,49268,49814
8698,49268,49814
8699,49268,49814
8700,49268,49814
8701,49268,49814
8702,49268,49814
8703,49268,49814
8704,49268,49814
8705,49268,49814
8706,49268,49814
8707,49268,49814
8708,49268,49814
8709,49268,49814
8710,49268,49814
8711,49268,49814
8712,49268,49814
8713,49268,49814
8714,49268,49814
8715,49268,49814
8716,49268,49814
8717,49268,49814
8718,49268,49814
8719,49268,49814
8720,49268,49814
8721,49268,49814
8722,49268,49814
8723,49268,49814
8724,49268,49814
8725,49268,49814
8726,49268,49814
8727,49268,49814
8728,49268,49814
8729,49268,49814
8730,49268,49814
8731,49268,49814
8732,49268,49814
8733,49268,49814
8734,49268,49815
8735,49268,49815
8736,49268,49825
8737,49268,49825
8738,49268,49825
8739,49268,49825
8740,49268,49825
8741,49268,49825
8742,49268,49825
8743,49268,49825
8744,49268,49825
8745,49268,49825
8746,49268,49825
8747,49268,49825
8748,49268,49825
8749,49268,49825
8750,49268,49825
8751,49268,49825
8752,49268,49825
8753,49268,49825
8754,49268,49825
8755,49268,49825
8756,49268,49825
8757,49268,49825
8758,49268,49825
8759,49268,49825
8760,49268,49825
8761,49268,49825
8762,49268,49825
8763,49268,49825
8764,49268,49825
8765,49268,49825
8766,49268,49825
8767,49268,49825
8768,49268,49825
8769,49268,49825
8770,49268,49825
8771,49268,49825
8772,49268,49825
8773,49268,49825
8774,49268,49825
8775,49268,49825
8776,49268,49825
8777,49268,49825
8778,49268,49825
8779,49268,49825
8780,49268,49825
8781,49268,49825
8782,49268,49825
8783,49268,49825
8784,49268,49825
8785,49268,49825
8786,49268,49825
8787,49268,49825
8788,49268,49825
8789,49268,49825
8790,49268,49825
8791,49268,49825
8792,49268,49825
8793,49268,49825
8794,49268,49825
8795,49268,49825
8796,49268,49825
8797,49268,49825
8798,49268,49825
8799,49268,49825
8800,49268,49825
8801,49268,49825
8802,49268,49825
8803,49268,49825
8804,49268,49825
8805,49268,49825
8806,49268,49825
8807,49268,49825
8808,49268,49825
8809,49268,49825
8810,49268,49825
8811,49268,49825
8812,49268,49825
8813,49268,49825
8814,49268,49825
8815,49268,49825
8816,49268,49825
8817,49268,49825
8818,49268,49825
8819,49268,49825
8820,49268,49825
8821,49268,49825
8822,49268,49825
8823,49268,49825
8824,49268,49825
8825,49268,49825
8826,49268,49825
8827,49268,49825
8828,49268,49825
8829,49268,49825
8830,49268,49825
8831,49268,49825
8832,49268,49825
8833,49268,49825
8834,49268,49825
8835,49268,49825
8836,49268,49825
8837,49268,49825
8838,49268,49825
8839,49268,49825
8840,49268,49825
8841,49268,49825
8842,49268,49825
8843,49268,49825
8844,49268,49825
8845,49268,49825
8846,49268,49825
8847,49268,49825
8848,49268,49825
8849,49268,49825
8850,49268,49825
8851,49268,49825
8852,49268,49825
8853,49268,49825
8854,49268,49825
8855,49268,49825
8856,49268,49825
8857,49268,49825
8858,49268,49825
8859,49268,49825
8860,49268,49825
8861,49268,49825
8862,49268,49825
8863,49268,49825
8864,49268,49825
8865,49268,49825
8866,49268,49825
8867,49268,49825
8868,49268,49825
8869,49268,49825
8870,49268,49825
8871,49268,49825
8872,49268,49825
8873,49268,49825
8874,49268,49825
8875,49268,49825
8876,49268,49825
8877,49268,49825
8878,49268,49825
8879,49268,49825
8880,49268,49825
8881,49268,49825
8882,49268,49825
8883,49268,49825
8884,49268,49825
8885,49268,49825
8886,49268,49825
8887,49268,49825
8888,49268,49825
8889,49268,49825
8890,49268,49825
8891,49268,49825
8892,49268,49825
8893,49268,49825
8894,49268,49825
8895,49268,49825
8896,49268,49825
8897,49268,49825
8898,49268,49825
8899,49268,49825
8900,49268,49825
8901,49268,49825
8902,49268,49825
8903,49268,49825
8904,49268,49825
8905,49268,49825
8906,49268,49825
8907,49268,49825
8908,49268,49825
8909,49268,49825
8910,49268,49825
8911,49268,49825
8912,49268,49825
8913,49268,49825
8914,49268,49825
8915,49268,49825
8916,49268,49825
8917,49268,49825
8918,49268,49825
8919,49268,49825
8920,49268,49825
8921,49268,49825
8922,49268,49825
8923,49268,49825
8924,49268,49825
8925,49268,49825
8926,49268,49825
8927,49268,49825
8928,49268,49825
8929,49268,49825
8930,49268,49825
8931,49268,49825
8932,49268,49825
8933,49268,49825
8934,49268,49825
8935,49268,49825
8936,49268,49825
8937,49268,49825
8938,49268,49825
8939,49268,49825
8940,49268,49825
8941,49268,49825
8942,49268,49825
8943,49268,49825
8944,49268,49825
8945,49268,49825
8946,49268,49825
8947,49268,49825
8948,49268,49825
8949,49268,49825
8950,49268,49825
8951,49268,49825
8952,49268,49825
8953,49268,49825
8954,49268,49825
8955,49268,49825
8956,49268,49825
8957,49268,49825
8958,49268,49825
8959,49268,49825
8960,49268,49825
8961,49268,49825
8962,49268,49825
8963,49268,49825
8964,49268,49825
8965,49268,49825
8966,49268,49825
8967,49268,49825
8968,49268,49825
8969,49268,49825
8970,49268,49825
8971,49268,49825
8972,49268,49825
8973,49268,49825
8974,49268,49825
8975,49268,49825
8976,49268,49825
8977,49268,49825
8978,49268,49825
8979,49268,49825
8980,49268,49825
8981,49268,49825
8982,49268,49825
8983,49268,49825
8984,49268,49825
8985,49268,49825
8986,49268,49825
8987,49268,49825
8988,49268,49825
8989,49268,49825
8990,49268,49825
8991,49268,49825
8992,49268,49825
8993,49268,49825
8994,49268,49825
8995,49268,49825
8996,49268,49825
8997,49268,49825
8998,49268,49825
8999,49268,49825
9000,49268,49825
9001,49268,49825
9002,49268,49825
9003,49268,49825
9004,49268,49825
9005,49268,49825
9006,49268,49825
9007,49268,49825
9008,49268,49825
9009,49268,49825
9010,49268,49825
9011,49268,49825
9012,49268,49825
9013,49268,49825
9014,49268,49825
9015,49268,49825
9016,49268,49825
9017,49268,49825
9018,49268,49825
9019,49268,49825
9020,49268,49825
9021,49268,49825
9022,49268,49825
9023,49268,49825
9024,49268,49825
9025,49268,49825
9026,49268,49825
9027,49268,49825
9028,49268,49825
9029,49268,49825
9030,49268,49825
9031,49268,49825
9032,49268,49825
9033,49268,49825
9034,49268,49825
9035,49268,49825
9036,49268,49825
9037,49268,49825
9038,49268,49825
9039,49268,49825
9040,49268,49825
9041,49268,49825
9042,49268,49825
9043,49268,49825
9044,49268,49825
9045,49268,49825
9046,49268,49825
9047,49268,49825
9048,49268,49825
9049,49268,49825
9050,49268,49825
9051,49268,49825
9052,49268,49825
9053,49268,49825
9054,49268,49825
9055,49268,49825
9056,49268,49825
9057,49268,49825
9058,49268,49825
9059,49268,49825
9060,49268,49825
9061,49268,49825
9062,49268,49825
9063,49268,49825
9064,49268,49825
9065,49268,49825
9066,49268,49825
9067,49268,49825
9068,49268,49825
9069,49268,49825
9070,49268,49825
9071,49268,49825
9072,49268,49825
9073,49268,49825
9074,49268,49825
9075,49268,49825
9076,49268,49825
9077,49268,49825
9078,49268,49825
9079,49268,49825
9080,49268,49825
9081,49268,49825
9082,49268,49825
9083,49268,49825
9084,49268,49825
9085,49268,49825
9086,49268,49825
9087,49268,49825
9088,49268,49825
9089,49268,49825
9090,49268,49825
9091,49268,49825
9092,49268,49825
9093,49268,49825
9094,49268,49825
9095,49268,49825
9096,49268,49825
9097,49268,49825
9098,49268,49825
9099,49268,49825
9100,49268,49825
9101,49268,49825
9102,49268,49825
9103,49268,49825
9104,49268,49825
9105,49268,49825
9106,49268,49825
9107,49268,49825
9108,49268,49825
9109,49268,49825
9110,49268,49825
9111,49268,49825
9112,49268,49825
9113,49268,49825
9114,49268,49825
9115,49268,49825
9116,49268,49825
9117,49268,49825
9118,49268,49825
9119,49268,49825
9120,49268,49825
9121,49268,49825
9122,49268,49825
9123,49268,49825
9124,49268,49825
9125,49268,49825
9126,49268,49825
9127,49268,49825
9128,49268,49825
9129,49268,49825
9130,49268,49825
9131,49268,49825
9132,49268,49825
9133,49268,49825
9134,49268,49825
9135,49268,49825
9136,49268,49825
9137,49268,49825
9138,49268,49825
9139,49268,49825
9140,49268,49825
9141,49268,49825
9142,49268,49825
9143,49268,49825
9144,49268,49825
9145,49268,49825
9146,49268,49825
9147,49268,49825
9148,49268,49825
9149,49268,49825
9150,49268,49825
9151,49268,49825
9152,49268,49825
9153,49268,49825
9154,49268,49825
9155,49268,49825
9156,49268,49825
9157,49268,49825
9158,49268,49825
9159,49268,49825
9160,49268,49825
9161,49268,49825
9162,49268,49825
9163,49268,49825
9164,49268,49825
9165,49268,49825
9166,49268,49825
9167,49268,49825
9168,49268,49825
9169,49268,49825
9170,49268,49825
9171,49268,49825
9172,49268,49825
9173,49268,49825
9174,49268,49825
9175,49268,49825
9176,49268,49825
9177,49268,49825
9178,49268,49825
9179,49268,49825
9180,49268,49825
9181,49268,49825
9182,49268,49825
9183,49268,49825
9184,49268,49825
9185,49268,49825
9186,49268,49825
9187,49268,49825
9188,49268,49825
9189,49268,49825
9190,49268,49825
9191,49268,49825
9192,49268,49825
9193,49268,49825
9194,49268,49825
9195,49268,49825
9196,49268,49825
9197,49268,49825
9198,49268,49825
9199,49268,49825
9200,49268,49825
9201,49268,49825
9202,49268,49825
9203,49268,49825
9204,49268,49825
9205,49268,49825
9206,49268,49825
9207,49268,49825
9208,49268,49825
9209,49268,49825
9210,49268,49825
9211,49268,49825
9212,49268,49825
9213,49268,49825
9214,49268,49825
9215,49268,49825
9216,49268,49825
9217,49268,49825
9218,49268,49825
9219,49268,49825
9220,49268,49825
9221,49268,49825
9222,49268,49825
9223,49268,49825
9224,49268,49825
9225,49268,49825
9226,49268,49825
9227,49268,49825
9228,49268,49825
9229,49268,49825
9230,49268,49825
9231,49268,49825
9232,49268,49825
9233,49268,49825
9234,49268,49825
9235,49268,49825
9236,49268,49825
9237,49268,49825
9238,49268,49825
9239,49268,49825
9240,49268,49825
9241,49268,49825
9242,49268,49825
9243,49268,49825
9244,49268,49825
9245,49268,49825
9246,49268,49825
9247,49268,49825
9248,49268,49825
9249,49268,49825
9250,49268,49825
9251,49268,49825
9252,49268,49825
9253,49268,49825
9254,49268,49825
9255,49268,49825
9256,49268,49825
9257,49268,49825
9258,49268,49825
9259,49268,49825
9260,49268,49825
9261,49268,49825
9262,49268,49825
9263,49268,49825
9264,49268,49825
9265,49268,49825
9266,49268,49825
9267,49268,49825
9268,49268,49825
9269,49268,49825
9270,49268,49825
9271,49268,49825
9272,49268,49825
9273,49268,49825
9274,49268,49825
9275,49268,49825
9276,49268,49825
9277,49268,49825
9278,49268,49825
9279,49268,49825
9280,49268,49825
9281,49268,49825
9282,49268,49825
9283,49268,49825
9284,49268,49825
9285,49268,49825
9286,49268,49825
9287,49268,49825
9288,49268,49825
9289,49268,49825
9290,49268,49825
9291,49268,49825
9292,49268,49825
9293,49268,49825
9294,49268,49825
9295,49268,49825
9296,49268,49825
9297,49268,49825
9298,49268,49825
9299,49268,49825
9300,49268,49825
9301,49268,49825
9302,49268,49825
9303,49268,49825
9304,49268,49825
9305,49268,49825
9306,49268,49825
9307,49268,49825
9308,49268,49825
9309,49268,49825
9310,49268,49825
9311,49268,49825
9312,49268,49825
9313,49268,49825
9314,49268,49825
9315,49268,49825
9316,49268,49825
9317,49268,49825
9318,49268,49825
9319,49268,49825
9320,49268,49825
9321,49268,49825
9322,49268,49825
9323,49268,49825
9324,49268,49825
9325,49268,49825
9326,49268,49825
9327,49268,49825
9328,49268,49825
9329,49268,49825
9330,49268,49825
9331,49268,49825
9332,49268,49825
9333,49268,49825
9334,49268,49825
9335,49268,49825
9336,49268,49825
9337,49268,49825
9338,49268,49825
9339,49268,49825
9340,49268,49825
9341,49268,49825
9342,49268,49825
9343,49268,49825
9344,49268,49825
9345,49268,49825
9346,49268,49825
9347,49268,49825
9348,49268,49825
9349,49268,49825
9350,49268,49825
9351,49268,49825
9352,49268,49825
9353,49268,49825
9354,49268,49825
9355,49268,49825
9356,49268,49825
9357,49268,49825
9358,49268,49825
9359,49268,49825
9360,49268,49825
9361,49268,49825
9362,49268,49825
9363,49268,49825
9364,49268,49825
9365,49268,49825
9366,49268,49825
9367,49268,49825
9368,49268,49825
9369,49268,49825
9370,49268,49825
9371,49268,49825
9372,49268,49825
9373,49268,49825
9374,49268,49825
9375,49268,49825
9376,49268,49825
9377,49268,49825
9378,49268,49825
9379,49268,49825
9380,49268,49825
9381,49268,49825
9382,49268,49825
9383,49268,49825
9384,49268,49825
9385,49268,49825
9386,49268,49825
9387,49268,49825
9388,49268,49825
9389,49268,49825
9390,49268,49825
9391,49268,49825
9392,49268,49825
9393,49268,49825
9394,49268,49825
9395,49268,49825
9396,49268,49825
9397,49268,49825
9398,49268,49825
9399,49268,49825
9400,49268,49825
9401,49268,49825
9402,49268,49825
9403,49268,49825
9404,49268,49825
9405,49268,49825
9406,49268,49825
9407,49268,49825
9408,49268,49825
9409,49268,49825
9410,49268,49825
9411,49268,49825
9412,49268,49825
9413,49268,49825
9414,49268,49825
9415,49268,49825
9416,49268,49825
9417,49268,49825
9418,49268,49825
9419,49268,49825
9420,49268,49825
9421,49268,49825
9422,49268,49825
9423,49268,49825
9424,49268,49825
9425,49268,49825
9426,49268,49825
9427,49268,49825
9428,49268,49825
9429,49268,49825
9430,49268,49825
9431,49268,49825
9432,49268,49825
9433,49268,49825
9434,49268,49825
9435,49268,49825
9436,49268,49825
9437,49268,49825
9438,49268,49825
9439,49268,49825
9440,49268,49825
9441,49268,49825
9442,49268,49825
9443,49268,49825
9444,49268,49825
9445,49268,49825
9446,49268,49825
9447,49268,49825
9448,49268,49825
9449,49268,49825
9450,49268,49825
9451,49268,49825
9452,49268,49825
9453,49268,49825
9454,49268,49825
9455,49268,49825
9456,49268,49825
9457,49268,49825
9458,49268,49825
9459,49268,49825
9460,49268,49825
9461,49268,49825
9462,49268,49825
9463,49268,49825
9464,49268,49825
9465,49268,49825
9466,49268,49825
9467,49268,49825
9468,49268,49825
9469,49268,49825
9470,49268,49825
9471,49268,49825
9472,49268,49825
9473,49268,49825
9474,49268,49825
9475,49268,49825
9476,49268,49825
9477,49268,49825
9478,49268,49825
9479,49268,49825
9480,49268,49825
9481,49268,49825
9482,49268,49825
9483,49268,49825
9484,49268,49825
9485,49268,49825
9486,49268,49825
9487,49268,49825
9488,49268,49825
9489,49268,49825
9490,49268,49825
9491,49268,49825
9492,49268,49825
9493,49268,49825
9494,49268,49825
9495,49268,49825
9496,49268,49825
9497,49268,49825
9498,49268,49825
9499,49268,49825
9500,49268,49825
9501,49268,49825
9502,49268,49825
9503,49268,49825
9504,49268,49825
9505,49268,49825
9506,49268,49825
9507,49268,49825
9508,49268,49825
9509,49268,49825
9510,49268,49825
9511,49268,49825
9512,49268,49825
9513,49268,49825
9514,49268,49825
9515,49268,49825
9516,49268,49825
9517,49268,49825
9518,49268,49825
9519,49268,49825
9520,49268,49825
9521,49268,49825
9522,49268,49825
9523,49268,49825
9524,49268,49825
9525,49268,49825
9526,49268,49825
9527,49268,49825
9528,49268,49825
9529,49268,49825
9530,49268,49825
9531,49268,49825
9532,49268,49825
9533,49268,49825
9534,49268,49825
9535,49268,49825
9536,49268,49825
9537,49268,49825
9538,49268,49825
9539,49268,49825
9540,49268,49825
9541,49268,49825
9542,49268,49825
9543,49268,49825
9544,49268,49825
9545,49268,49825
9546,49268,49825
9547,49268,49825
9548,49268,49825
9549,49268,49825
9550,49268,49825
9551,49268,49825
9552,49268,49825
9553,49268,49825
9554,49268,49825
9555,49268,49825
9556,49268,49825
9557,49268,49825
9558,49268,49825
9559,49268,49825
9560,49268,49825
9561,49268,49825
9562,49268,49825
9563,49268,49825
9564,49268,49825
9565,49268,49825
9566,49268,49825
9567,49268,49825
9568,49268,49825
9569,49268,49825
9570,49268,49825
9571,49268,49825
9572,49268,49825
9573,49268,49825
9574,49268,49825
9575,49268,49825
9576,49268,49825
9577,49268,49825
9578,49268,49825
9579,49268,49825
9580,49268,49825
9581,49268,49825
9582,49268,49825
9583,49268,49825
9584,49268,49825
9585,49268,49825
9586,49268,49825
9587,49268,49825
9588,49268,49825
9589,49268,49825
9590,49268,49825
9591,49268,49825
9592,49268,49825
9593,49268,49825
9594,49268,49825
9595,49268,49825
9596,49268,49825
9597,49268,49825
9598,49268,49825
9599,49268,49825
9600,49268,49825
9601,49268,49825
9602,49268,49825
9603,49268,49825
9604,49268,49825
9605,49268,49825
9606,49268,49825
9607,49268,49825
9608,49268,49825
9609,49268,49825
9610,49268,49825
9611,49268,49825
9612,49268,49825
9613,49268,49825
9614,49268,49825
9615,49268,49825
9616,49268,49825
9617,49268,49825
9618,49268,49825
9619,49268,49825
9620,49268,49825
9621,49268,49825
9622,49268,49825
9623,49268,49825
9624,49268,49825
9625,49268,49825
9626,49268,49825
9627,49268,49825
9628,49268,49825
9629,49268,49825
9630,49268,49825
9631,49268,49825
9632,49268,49825
9633,49268,49825
9634,49268,49825
9635,49268,49825
9636,49268,49825
9637,49268,49825
9638,49268,49825
9639,49268,49825
9640,49268,49825
9641,49268,49825
9642,49268,49825
9643,49268,49825
9644,49268,49825
9645,49268,49825
9646,49268,49825
9647,49268,49825
9648,49268,49825
9649,49268,49825
9650,49268,49825
9651,49268,49825
9652,49268,49825
9653,49268,49825
9654,49268,49825
9655,49268,49825
9656,49268,49825
9657,49268,49825
9658,49268,49825
9659,49268,49825
9660,49268,49825
9661,49268,49825
9662,49268,49825
9663,49268,49825
9664,49268,49825
9665,49268,49825
9666,49268,49825
9667,49268,49825
9668,49268,49825
9669,49268,49825
9670,49268,49825
9671,49268,49825
9672,49268,49825
9673,49268,49825
9674,49268,49825
9675,49268,49825
9676,49268,49825
9677,49268,49825
9678,49268,49825
9679,49268,49825
9680,49268,49825
9681,49268,49825
9682,49268,49825
9683,49268,49825
9684,49268,49825
9685,49268,49825
9686,49268,49825
9687,49268,49825
9688,49268,49825
9689,49268,49825
9690,49268,49825
9691,49268,49825
9692,49268,49825
9693,49268,49825
9694,49268,49825
9695,49268,49825
9696,49268,49825
9697,49268,49825
9698,49268,49825
9699,49268,49825
9700,49268,49825
9701,49268,49825
9702,49268,49825
9703,49268,49825
9704,49268,49825
9705,49268,49825
9706,49268,49825
9707,49268,49825
9708,49268,49825
9709,49268,49825
9710,49268,49825
9711,49268,49825
9712,49268,49825
9713,49268,49825
9714,49268,49825
9715,49268,49825
9716,49268,49825
9717,49268,49825
9718,49268,49825
9719,49268,49825
9720,49268,49825
9721,49268,49825
9722,49268,49825
9723,49268,49825
9724,49268,49825
9725,49268,49825
9726,49268,49825
9727,49268,49825
9728,49268,49825
9729,49268,49825
9730,49268,49825
9731,49268,49825
9732,49268,49825
9733,49268,49825
9734,49268,49825
9735,49268,49825
9736,49268,49825
9737,49268,49825
9738,49268,49825
9739,49268,49825
9740,49268,49825
9741,49268,49825
9742,49268,49825
9743,49268,49825
9744,49268,49825
9745,49268,49825
9746,49268,49825
9747,49268,49825
9748,49268,49825
9749,49268,49825
9750,49268,49825
9751,49268,49825
9752,49268,49825
9753,49268,49825
9754,49268,49825
9755,49268,49825
9756,49268,49825
9757,49268,49825
9758,49268,49825
9759,49268,49825
9760,49268,49825
9761,49268,49825
9762,49268,49825
9763,49268,49825
9764,49268,49825
9765,49268,49825
9766,49268,49825
9767,49268,49825
9768,49268,49825
9769,49268,49825
9770,49268,49825
9771,49268,49825
9772,49268,49825
9773,49268,49825
9774,49268,49825
9775,49268,49825
9776,49268,49825
9777,49268,49825
9778,49268,49825
9779,49268,49825
9780,49268,49825
9781,49268,49825
9782,49268,49825
9783,49268,49825
9784,49268,49825
9785,49268,49825
9786,49268,49825
9787,49268,49825
9788,49268,49825
9789,49268,49825
9790,49268,49825
9791,49268,49825
9792,49268,49825
9793,49268,49825
9794,49268,49825
9795,49268,49825
9796,49268,49825
9797,49268,49825
9798,49268,49825
9799,49268,49825
9800,49268,49825
9801,49268,49825
9802,49268,49825
9803,49268,49825
9804,49268,49825
9805,49268,49825
9806,49268,49825
9807,49268,49825
9808,49268,49825
9809,49268,49825
9810,49268,49825
9811,49268,49825
9812,49268,49825
9813,49268,49825
9814,49268,49825
9815,49268,49825
9816,49268,49825
9817,49268,49825
9818,49268,49825
9819,49268,49825
9820,49268,49825
9821,49268,49825
9822,49268,49825
9823,49268,49825
9824,49268,49825
9825,49268,49825
9826,49268,49825
9827,49268,49825
9828,49268,49825
9829,49268,49825
9830,49268,49825
9831,49268,49825
9832,49268,49825
9833,49268,49825
9834,49268,49825
9835,49268,49825
9836,49268,49825
9837,49268,49825
9838,49268,49825
9839,49268,49825
9840,49268,49825
9841,49268,49825
9842,49268,49825
9843,49268,49825
9844,49268,49825
9845,49268,49825
9846,49268,49825
9847,49268,49825
9848,49268,49825
9849,49268,49825
9850,49268,49825
9851,49268,49825
9852,49268,49825
9853,49268,49825
9854,49268,49825
9855,49268,49825
9856,49268,49825
9857,49268,49825
9858,49268,49825
9859,49268,49825
9860,49268,49825
9861,49268,49825
9862,49268,49825
9863,49268,49825
9864,49268,49825
9865,49268,49825
9866,49268,49825
9867,49268,49825
9868,49268,49825
9869,49268,49825
9870,49268,49825
9871,49268,49825
9872,49268,49825
9873,49268,49825
9874,49268,49825
9875,49268,49825
9876,49268,49825
9877,49268,49825
9878,49268,49825
9879,49268,49825
9880,49268,49825
9881,49268,49825
9882,49268,49825
9883,49268,49825
9884,49268,49825
9885,49268,49825
9886,49268,49825
9887,49268,49825
9888,49268,49825
9889,49268,49825
9890,49268,49825
9891,49268,49825
9892,49268,49825
9893,49268,49825
9894,49268,49825
9895,49268,49825
9896,49268,49825
9897,49268,49825
9898,49268,49825
9899,49268,49825
9900,49268,49825
9901,49268,49825
9902,49268,49825
9903,49268,49825
9904,49268,49825
9905,49268,49825
9906,49268,49825
9907,49268,49825
9908,49268,49825
9909,49268,49825
9910,49268,49825
9911,49268,49825
9912,49268,49825
9913,49268,49825
9914,49268,49825
9915,49268,49825
9916,49268,49825
9917,49268,49825
9918,49268,49825
9919,49268,49825
9920,49268,49825
9921,49268,49825
9922,49268,49825
9923,49268,49825
9924,49268,49825
9925,49268,49825
9926,49268,49825
9927,49268,49825
9928,49268,49825
9929,49268,49825
9930,49268,49825
9931,49268,49825
9932,49268,49825
9933,49268,49825
9934,49268,49825
9935,49268,49825
9936,49268,49825
9937,49268,49825
9938,49268,49825
9939,49268,49825
9940,49268,49825
9941,49268,49825
9942,49268,49825
9943,49268,49825
9944,49268,49825
9945,49268,49825
9946,49268,49825
9947,49268,49825
9948,49268,49825
9949,49268,49825
9950,49268,49825
9951,49268,49825
9952,49268,49825
9953,49268,49825
9954,49268,49825
9955,49268,49825
9956,49268,49825
9957,49268,49825
9958,49268,49825
9959,49268,49825
9960,49268,49825
9961,49268,49825
9962,49268,49825
9963,49268,49825
9964,49268,49825
9965,49268,49825
9966,49268,49825
9967,49268,49825
9968,49268,49825
9969,49268,49825
9970,49268,49825
9971,49268,49825
9972,49268,49825
9973,49268,49825
9974,49268,49825
9975,49268,49825
9976,49268,49825
9977,49268,49825
9978,49268,49825
9979,49268,49825
9980,49268,49825
9981,49268,49825
9982,49268,49825
9983,49268,49825
9984,49268,49825
9985,49268,49825
9986,49268,49825
9987,49268,49825
9988,49268,49825
9989,49268,49825
9990,49268,49825
9991,49268,49825
9992,49268,49825
9993,49268,49825
9994,49268,49825
9995,49268,49825
9996,49268,49825
9997,49268,49825
9998,49268,49825
9999,49268,49825
