step,best_fitness_media,best_fitness_execucao_1,best_fitness_execucao_2,best_fitness_execucao_3,best_fitness_execucao_4,best_fitness_execucao_5,best_fitness_execucao_6,best_fitness_execucao_7,best_fitness_execucao_8,best_fitness_execucao_9,best_fitness_execucao_10
1,50638.3,50617.0,50649.0,50617.0,50617.0,50694.0,50646.0,50618.0,50691.0,50617.0,50617.0
2,50644.1,50617.0,50649.0,50649.0,50617.0,50694.0,50646.0,50618.0,50691.0,50629.0,50631.0
3,50644.1,50617.0,50649.0,50649.0,50617.0,50694.0,50646.0,50618.0,50691.0,50629.0,50631.0
4,50656.0,50674.0,50649.0,50649.0,50617.0,50694.0,50646.0,50680.0,50691.0,50629.0,50631.0
5,50662.3,50674.0,50649.0,50649.0,50617.0,50694.0,50660.0,50691.0,50691.0,50650.0,50648.0
6,50664.2,50674.0,50649.0,50668.0,50617.0,50694.0,50660.0,50691.0,50691.0,50650.0,50648.0
7,50669.8,50674.0,50649.0,50668.0,50641.0,50694.0,50692.0,50691.0,50691.0,50650.0,50648.0
8,50669.8,50674.0,50649.0,50668.0,50641.0,50694.0,50692.0,50691.0,50691.0,50650.0,50648.0
9,50669.8,50674.0,50649.0,50668.0,50641.0,50694.0,50692.0,50691.0,50691.0,50650.0,50648.0
10,50671.9,50674.0,50649.0,50668.0,50649.0,50694.0,50692.0,50691.0,50691.0,50663.0,50648.0
11,50674.5,50674.0,50649.0,50694.0,50649.0,50694.0,50692.0,50691.0,50691.0,50663.0,50648.0
12,50674.5,50674.0,50649.0,50694.0,50649.0,50694.0,50692.0,50691.0,50691.0,50663.0,50648.0
13,50679.8,50674.0,50649.0,50694.0,50674.0,50694.0,50692.0,50691.0,50691.0,50663.0,50676.0
14,50681.4,50674.0,50665.0,50694.0,50674.0,50694.0,50692.0,50691.0,50691.0,50663.0,50676.0
15,50681.4,50674.0,50665.0,50694.0,50674.0,50694.0,50692.0,50691.0,50691.0,50663.0,50676.0
16,50682.7,50674.0,50678.0,50694.0,50674.0,50694.0,50692.0,50691.0,50691.0,50663.0,50676.0
17,50682.7,50674.0,50678.0,50694.0,50674.0,50694.0,50692.0,50691.0,50691.0,50663.0,50676.0
18,50682.7,50674.0,50678.0,50694.0,50674.0,50694.0,50692.0,50691.0,50691.0,50663.0,50676.0
19,50682.7,50674.0,50678.0,50694.0,50674.0,50694.0,50692.0,50691.0,50691.0,50663.0,50676.0
20,50684.6,50674.0,50678.0,50694.0,50692.0,50694.0,50692.0,50691.0,50691.0,50664.0,50676.0
21,50684.6,50674.0,50678.0,50694.0,50692.0,50694.0,50692.0,50691.0,50691.0,50664.0,50676.0
22,50684.6,50674.0,50678.0,50694.0,50692.0,50694.0,50692.0,50691.0,50691.0,50664.0,50676.0
23,50684.6,50674.0,50678.0,50694.0,50692.0,50694.0,50692.0,50691.0,50691.0,50664.0,50676.0
24,50684.6,50674.0,50678.0,50694.0,50692.0,50694.0,50692.0,50691.0,50691.0,50664.0,50676.0
25,50684.6,50674.0,50678.0,50694.0,50692.0,50694.0,50692.0,50691.0,50691.0,50664.0,50676.0
26,50684.6,50674.0,50678.0,50694.0,50692.0,50694.0,50692.0,50691.0,50691.0,50664.0,50676.0
27,50684.6,50674.0,50678.0,50694.0,50692.0,50694.0,50692.0,50691.0,50691.0,50664.0,50676.0
28,50684.6,50674.0,50678.0,50694.0,50692.0,50694.0,50692.0,50691.0,50691.0,50664.0,50676.0
29,50684.6,50674.0,50678.0,50694.0,50692.0,50694.0,50692.0,50691.0,50691.0,50664.0,50676.0
30,50685.4,50674.0,50685.0,50694.0,50692.0,50694.0,50693.0,50691.0,50691.0,50664.0,50676.0
31,50685.4,50674.0,50685.0,50694.0,50692.0,50694.0,50693.0,50691.0,50691.0,50664.0,50676.0
32,50685.4,50674.0,50685.0,50694.0,50692.0,50694.0,50693.0,50691.0,50691.0,50664.0,50676.0
33,50685.5,50674.0,50686.0,50694.0,50692.0,50694.0,50693.0,50691.0,50691.0,50664.0,50676.0
34,50685.5,50674.0,50686.0,50694.0,50692.0,50694.0,50693.0,50691.0,50691.0,50664.0,50676.0
35,50685.5,50674.0,50686.0,50694.0,50692.0,50694.0,50693.0,50691.0,50691.0,50664.0,50676.0
36,50685.5,50674.0,50686.0,50694.0,50692.0,50694.0,50693.0,50691.0,50691.0,50664.0,50676.0
37,50685.5,50674.0,50686.0,50694.0,50692.0,50694.0,50693.0,50691.0,50691.0,50664.0,50676.0
38,50685.5,50674.0,50686.0,50694.0,50692.0,50694.0,50693.0,50691.0,50691.0,50664.0,50676.0
39,50685.5,50674.0,50686.0,50694.0,50692.0,50694.0,50693.0,50691.0,50691.0,50664.0,50676.0
40,50685.5,50674.0,50686.0,50694.0,50692.0,50694.0,50693.0,50691.0,50691.0,50664.0,50676.0
41,50685.5,50674.0,50686.0,50694.0,50692.0,50694.0,50693.0,50691.0,50691.0,50664.0,50676.0
42,50688.3,50674.0,50686.0,50694.0,50692.0,50694.0,50693.0,50691.0,50691.0,50692.0,50676.0
43,50688.3,50674.0,50686.0,50694.0,50692.0,50694.0,50693.0,50691.0,50691.0,50692.0,50676.0
44,50688.3,50674.0,50686.0,50694.0,50692.0,50694.0,50693.0,50691.0,50691.0,50692.0,50676.0
45,50688.3,50674.0,50686.0,50694.0,50692.0,50694.0,50693.0,50691.0,50691.0,50692.0,50676.0
46,50688.3,50674.0,50686.0,50694.0,50692.0,50694.0,50693.0,50691.0,50691.0,50692.0,50676.0
47,50688.3,50674.0,50686.0,50694.0,50692.0,50694.0,50693.0,50691.0,50691.0,50692.0,50676.0
48,50688.3,50674.0,50686.0,50694.0,50692.0,50694.0,50693.0,50691.0,50691.0,50692.0,50676.0
49,50688.3,50674.0,50686.0,50694.0,50692.0,50694.0,50693.0,50691.0,50691.0,50692.0,50676.0
50,50688.3,50674.0,50686.0,50694.0,50692.0,50694.0,50693.0,50691.0,50691.0,50692.0,50676.0
51,50688.3,50674.0,50686.0,50694.0,50692.0,50694.0,50693.0,50691.0,50691.0,50692.0,50676.0
52,50688.3,50674.0,50686.0,50694.0,50692.0,50694.0,50693.0,50691.0,50691.0,50692.0,50676.0
53,50688.3,50674.0,50686.0,50694.0,50692.0,50694.0,50693.0,50691.0,50691.0,50692.0,50676.0
54,50688.9,50674.0,50692.0,50694.0,50692.0,50694.0,50693.0,50691.0,50691.0,50692.0,50676.0
55,50690.6,50689.0,50692.0,50694.0,50694.0,50694.0,50693.0,50691.0,50691.0,50692.0,50676.0
56,50690.6,50689.0,50692.0,50694.0,50694.0,50694.0,50693.0,50691.0,50691.0,50692.0,50676.0
57,50692.3,50689.0,50692.0,50694.0,50694.0,50694.0,50693.0,50691.0,50691.0,50692.0,50693.0
58,50692.3,50689.0,50692.0,50694.0,50694.0,50694.0,50693.0,50691.0,50691.0,50692.0,50693.0
59,50692.3,50689.0,50692.0,50694.0,50694.0,50694.0,50693.0,50691.0,50691.0,50692.0,50693.0
60,50692.3,50689.0,50692.0,50694.0,50694.0,50694.0,50693.0,50691.0,50691.0,50692.0,50693.0
61,50692.3,50689.0,50692.0,50694.0,50694.0,50694.0,50693.0,50691.0,50691.0,50692.0,50693.0
62,50692.3,50689.0,50692.0,50694.0,50694.0,50694.0,50693.0,50691.0,50691.0,50692.0,50693.0
63,50692.3,50689.0,50692.0,50694.0,50694.0,50694.0,50693.0,50691.0,50691.0,50692.0,50693.0
64,50692.3,50689.0,50692.0,50694.0,50694.0,50694.0,50693.0,50691.0,50691.0,50692.0,50693.0
65,50692.3,50689.0,50692.0,50694.0,50694.0,50694.0,50693.0,50691.0,50691.0,50692.0,50693.0
66,50692.3,50689.0,50692.0,50694.0,50694.0,50694.0,50693.0,50691.0,50691.0,50692.0,50693.0
67,50692.3,50689.0,50692.0,50694.0,50694.0,50694.0,50693.0,50691.0,50691.0,50692.0,50693.0
68,50692.3,50689.0,50692.0,50694.0,50694.0,50694.0,50693.0,50691.0,50691.0,50692.0,50693.0
69,50692.3,50689.0,50692.0,50694.0,50694.0,50694.0,50693.0,50691.0,50691.0,50692.0,50693.0
70,50692.4,50689.0,50692.0,50694.0,50694.0,50694.0,50693.0,50691.0,50692.0,50692.0,50693.0
71,50692.4,50689.0,50692.0,50694.0,50694.0,50694.0,50693.0,50691.0,50692.0,50692.0,50693.0
72,50692.4,50689.0,50692.0,50694.0,50694.0,50694.0,50693.0,50691.0,50692.0,50692.0,50693.0
73,50692.4,50689.0,50692.0,50694.0,50694.0,50694.0,50693.0,50691.0,50692.0,50692.0,50693.0
74,50692.4,50689.0,50692.0,50694.0,50694.0,50694.0,50693.0,50691.0,50692.0,50692.0,50693.0
75,50692.4,50689.0,50692.0,50694.0,50694.0,50694.0,50693.0,50691.0,50692.0,50692.0,50693.0
76,50692.4,50689.0,50692.0,50694.0,50694.0,50694.0,50693.0,50691.0,50692.0,50692.0,50693.0
77,50692.4,50689.0,50692.0,50694.0,50694.0,50694.0,50693.0,50691.0,50692.0,50692.0,50693.0
78,50692.4,50689.0,50692.0,50694.0,50694.0,50694.0,50693.0,50691.0,50692.0,50692.0,50693.0
79,50692.4,50689.0,50692.0,50694.0,50694.0,50694.0,50693.0,50691.0,50692.0,50692.0,50693.0
80,50692.4,50689.0,50692.0,50694.0,50694.0,50694.0,50693.0,50691.0,50692.0,50692.0,50693.0
81,50692.4,50689.0,50692.0,50694.0,50694.0,50694.0,50693.0,50691.0,50692.0,50692.0,50693.0
82,50692.4,50689.0,50692.0,50694.0,50694.0,50694.0,50693.0,50691.0,50692.0,50692.0,50693.0
83,50692.4,50689.0,50692.0,50694.0,50694.0,50694.0,50693.0,50691.0,50692.0,50692.0,50693.0
84,50692.4,50689.0,50692.0,50694.0,50694.0,50694.0,50693.0,50691.0,50692.0,50692.0,50693.0
85,50692.4,50689.0,50692.0,50694.0,50694.0,50694.0,50693.0,50691.0,50692.0,50692.0,50693.0
86,50692.4,50689.0,50692.0,50694.0,50694.0,50694.0,50693.0,50691.0,50692.0,50692.0,50693.0
87,50692.4,50689.0,50692.0,50694.0,50694.0,50694.0,50693.0,50691.0,50692.0,50692.0,50693.0
88,50692.4,50689.0,50692.0,50694.0,50694.0,50694.0,50693.0,50691.0,50692.0,50692.0,50693.0
89,50692.4,50689.0,50692.0,50694.0,50694.0,50694.0,50693.0,50691.0,50692.0,50692.0,50693.0
90,50692.4,50689.0,50692.0,50694.0,50694.0,50694.0,50693.0,50691.0,50692.0,50692.0,50693.0
91,50692.4,50689.0,50692.0,50694.0,50694.0,50694.0,50693.0,50691.0,50692.0,50692.0,50693.0
92,50692.4,50689.0,50692.0,50694.0,50694.0,50694.0,50693.0,50691.0,50692.0,50692.0,50693.0
93,50692.4,50689.0,50692.0,50694.0,50694.0,50694.0,50693.0,50691.0,50692.0,50692.0,50693.0
94,50692.4,50689.0,50692.0,50694.0,50694.0,50694.0,50693.0,50691.0,50692.0,50692.0,50693.0
95,50692.4,50689.0,50692.0,50694.0,50694.0,50694.0,50693.0,50691.0,50692.0,50692.0,50693.0
96,50692.4,50689.0,50692.0,50694.0,50694.0,50694.0,50693.0,50691.0,50692.0,50692.0,50693.0
97,50692.4,50689.0,50692.0,50694.0,50694.0,50694.0,50693.0,50691.0,50692.0,50692.0,50693.0
98,50692.4,50689.0,50692.0,50694.0,50694.0,50694.0,50693.0,50691.0,50692.0,50692.0,50693.0
99,50692.4,50689.0,50692.0,50694.0,50694.0,50694.0,50693.0,50691.0,50692.0,50692.0,50693.0
100,50692.4,50689.0,50692.0,50694.0,50694.0,50694.0,50693.0,50691.0,50692.0,50692.0,50693.0
101,50692.4,50689.0,50692.0,50694.0,50694.0,50694.0,50693.0,50691.0,50692.0,50692.0,50693.0
102,50692.4,50689.0,50692.0,50694.0,50694.0,50694.0,50693.0,50691.0,50692.0,50692.0,50693.0
103,50692.4,50689.0,50692.0,50694.0,50694.0,50694.0,50693.0,50691.0,50692.0,50692.0,50693.0
104,50692.4,50689.0,50692.0,50694.0,50694.0,50694.0,50693.0,50691.0,50692.0,50692.0,50693.0
105,50692.4,50689.0,50692.0,50694.0,50694.0,50694.0,50693.0,50691.0,50692.0,50692.0,50693.0
106,50692.4,50689.0,50692.0,50694.0,50694.0,50694.0,50693.0,50691.0,50692.0,50692.0,50693.0
107,50692.4,50689.0,50692.0,50694.0,50694.0,50694.0,50693.0,50691.0,50692.0,50692.0,50693.0
108,50692.4,50689.0,50692.0,50694.0,50694.0,50694.0,50693.0,50691.0,50692.0,50692.0,50693.0
109,50692.4,50689.0,50692.0,50694.0,50694.0,50694.0,50693.0,50691.0,50692.0,50692.0,50693.0
110,50692.4,50689.0,50692.0,50694.0,50694.0,50694.0,50693.0,50691.0,50692.0,50692.0,50693.0
111,50692.4,50689.0,50692.0,50694.0,50694.0,50694.0,50693.0,50691.0,50692.0,50692.0,50693.0
112,50692.4,50689.0,50692.0,50694.0,50694.0,50694.0,50693.0,50691.0,50692.0,50692.0,50693.0
113,50692.4,50689.0,50692.0,50694.0,50694.0,50694.0,50693.0,50691.0,50692.0,50692.0,50693.0
114,50692.4,50689.0,50692.0,50694.0,50694.0,50694.0,50693.0,50691.0,50692.0,50692.0,50693.0
115,50692.8,50693.0,50692.0,50694.0,50694.0,50694.0,50693.0,50691.0,50692.0,50692.0,50693.0
116,50692.8,50693.0,50692.0,50694.0,50694.0,50694.0,50693.0,50691.0,50692.0,50692.0,50693.0
117,50692.8,50693.0,50692.0,50694.0,50694.0,50694.0,50693.0,50691.0,50692.0,50692.0,50693.0
118,50692.8,50693.0,50692.0,50694.0,50694.0,50694.0,50693.0,50691.0,50692.0,50692.0,50693.0
119,50692.8,50693.0,50692.0,50694.0,50694.0,50694.0,50693.0,50691.0,50692.0,50692.0,50693.0
120,50692.8,50693.0,50692.0,50694.0,50694.0,50694.0,50693.0,50691.0,50692.0,50692.0,50693.0
121,50692.8,50693.0,50692.0,50694.0,50694.0,50694.0,50693.0,50691.0,50692.0,50692.0,50693.0
122,50692.8,50693.0,50692.0,50694.0,50694.0,50694.0,50693.0,50691.0,50692.0,50692.0,50693.0
123,50692.8,50693.0,50692.0,50694.0,50694.0,50694.0,50693.0,50691.0,50692.0,50692.0,50693.0
124,50692.8,50693.0,50692.0,50694.0,50694.0,50694.0,50693.0,50691.0,50692.0,50692.0,50693.0
125,50692.8,50693.0,50692.0,50694.0,50694.0,50694.0,50693.0,50691.0,50692.0,50692.0,50693.0
126,50692.8,50693.0,50692.0,50694.0,50694.0,50694.0,50693.0,50691.0,50692.0,50692.0,50693.0
127,50692.8,50693.0,50692.0,50694.0,50694.0,50694.0,50693.0,50691.0,50692.0,50692.0,50693.0
128,50692.8,50693.0,50692.0,50694.0,50694.0,50694.0,50693.0,50691.0,50692.0,50692.0,50693.0
129,50692.8,50693.0,50692.0,50694.0,50694.0,50694.0,50693.0,50691.0,50692.0,50692.0,50693.0
130,50692.8,50693.0,50692.0,50694.0,50694.0,50694.0,50693.0,50691.0,50692.0,50692.0,50693.0
131,50692.8,50693.0,50692.0,50694.0,50694.0,50694.0,50693.0,50691.0,50692.0,50692.0,50693.0
132,50692.8,50693.0,50692.0,50694.0,50694.0,50694.0,50693.0,50691.0,50692.0,50692.0,50693.0
133,50692.8,50693.0,50692.0,50694.0,50694.0,50694.0,50693.0,50691.0,50692.0,50692.0,50693.0
134,50692.8,50693.0,50692.0,50694.0,50694.0,50694.0,50693.0,50691.0,50692.0,50692.0,50693.0
135,50692.8,50693.0,50692.0,50694.0,50694.0,50694.0,50693.0,50691.0,50692.0,50692.0,50693.0
136,50692.8,50693.0,50692.0,50694.0,50694.0,50694.0,50693.0,50691.0,50692.0,50692.0,50693.0
137,50692.8,50693.0,50692.0,50694.0,50694.0,50694.0,50693.0,50691.0,50692.0,50692.0,50693.0
138,50692.8,50693.0,50692.0,50694.0,50694.0,50694.0,50693.0,50691.0,50692.0,50692.0,50693.0
139,50692.8,50693.0,50692.0,50694.0,50694.0,50694.0,50693.0,50691.0,50692.0,50692.0,50693.0
140,50692.8,50693.0,50692.0,50694.0,50694.0,50694.0,50693.0,50691.0,50692.0,50692.0,50693.0
141,50692.8,50693.0,50692.0,50694.0,50694.0,50694.0,50693.0,50691.0,50692.0,50692.0,50693.0
142,50692.8,50693.0,50692.0,50694.0,50694.0,50694.0,50693.0,50691.0,50692.0,50692.0,50693.0
143,50692.8,50693.0,50692.0,50694.0,50694.0,50694.0,50693.0,50691.0,50692.0,50692.0,50693.0
144,50692.8,50693.0,50692.0,50694.0,50694.0,50694.0,50693.0,50691.0,50692.0,50692.0,50693.0
145,50692.8,50693.0,50692.0,50694.0,50694.0,50694.0,50693.0,50691.0,50692.0,50692.0,50693.0
146,50692.8,50693.0,50692.0,50694.0,50694.0,50694.0,50693.0,50691.0,50692.0,50692.0,50693.0
147,50692.8,50693.0,50692.0,50694.0,50694.0,50694.0,50693.0,50691.0,50692.0,50692.0,50693.0
148,50692.8,50693.0,50692.0,50694.0,50694.0,50694.0,50693.0,50691.0,50692.0,50692.0,50693.0
149,50692.8,50693.0,50692.0,50694.0,50694.0,50694.0,50693.0,50691.0,50692.0,50692.0,50693.0
150,50692.8,50693.0,50692.0,50694.0,50694.0,50694.0,50693.0,50691.0,50692.0,50692.0,50693.0
151,50692.8,50693.0,50692.0,50694.0,50694.0,50694.0,50693.0,50691.0,50692.0,50692.0,50693.0
152,50692.8,50693.0,50692.0,50694.0,50694.0,50694.0,50693.0,50691.0,50692.0,50692.0,50693.0
153,50692.8,50693.0,50692.0,50694.0,50694.0,50694.0,50693.0,50691.0,50692.0,50692.0,50693.0
154,50692.8,50693.0,50692.0,50694.0,50694.0,50694.0,50693.0,50691.0,50692.0,50692.0,50693.0
155,50692.8,50693.0,50692.0,50694.0,50694.0,50694.0,50693.0,50691.0,50692.0,50692.0,50693.0
156,50692.8,50693.0,50692.0,50694.0,50694.0,50694.0,50693.0,50691.0,50692.0,50692.0,50693.0
157,50692.8,50693.0,50692.0,50694.0,50694.0,50694.0,50693.0,50691.0,50692.0,50692.0,50693.0
158,50692.8,50693.0,50692.0,50694.0,50694.0,50694.0,50693.0,50691.0,50692.0,50692.0,50693.0
159,50692.8,50693.0,50692.0,50694.0,50694.0,50694.0,50693.0,50691.0,50692.0,50692.0,50693.0
160,50692.8,50693.0,50692.0,50694.0,50694.0,50694.0,50693.0,50691.0,50692.0,50692.0,50693.0
161,50692.8,50693.0,50692.0,50694.0,50694.0,50694.0,50693.0,50691.0,50692.0,50692.0,50693.0
162,50692.8,50693.0,50692.0,50694.0,50694.0,50694.0,50693.0,50691.0,50692.0,50692.0,50693.0
163,50692.8,50693.0,50692.0,50694.0,50694.0,50694.0,50693.0,50691.0,50692.0,50692.0,50693.0
164,50692.8,50693.0,50692.0,50694.0,50694.0,50694.0,50693.0,50691.0,50692.0,50692.0,50693.0
165,50692.8,50693.0,50692.0,50694.0,50694.0,50694.0,50693.0,50691.0,50692.0,50692.0,50693.0
166,50692.8,50693.0,50692.0,50694.0,50694.0,50694.0,50693.0,50691.0,50692.0,50692.0,50693.0
167,50692.8,50693.0,50692.0,50694.0,50694.0,50694.0,50693.0,50691.0,50692.0,50692.0,50693.0
168,50692.8,50693.0,50692.0,50694.0,50694.0,50694.0,50693.0,50691.0,50692.0,50692.0,50693.0
169,50692.8,50693.0,50692.0,50694.0,50694.0,50694.0,50693.0,50691.0,50692.0,50692.0,50693.0
170,50692.8,50693.0,50692.0,50694.0,50694.0,50694.0,50693.0,50691.0,50692.0,50692.0,50693.0
171,50692.8,50693.0,50692.0,50694.0,50694.0,50694.0,50693.0,50691.0,50692.0,50692.0,50693.0
172,50692.8,50693.0,50692.0,50694.0,50694.0,50694.0,50693.0,50691.0,50692.0,50692.0,50693.0
173,50692.8,50693.0,50692.0,50694.0,50694.0,50694.0,50693.0,50691.0,50692.0,50692.0,50693.0
174,50692.8,50693.0,50692.0,50694.0,50694.0,50694.0,50693.0,50691.0,50692.0,50692.0,50693.0
175,50692.8,50693.0,50692.0,50694.0,50694.0,50694.0,50693.0,50691.0,50692.0,50692.0,50693.0
176,50692.8,50693.0,50692.0,50694.0,50694.0,50694.0,50693.0,50691.0,50692.0,50692.0,50693.0
177,50692.8,50693.0,50692.0,50694.0,50694.0,50694.0,50693.0,50691.0,50692.0,50692.0,50693.0
178,50692.8,50693.0,50692.0,50694.0,50694.0,50694.0,50693.0,50691.0,50692.0,50692.0,50693.0
179,50692.8,50693.0,50692.0,50694.0,50694.0,50694.0,50693.0,50691.0,50692.0,50692.0,50693.0
180,50692.8,50693.0,50692.0,50694.0,50694.0,50694.0,50693.0,50691.0,50692.0,50692.0,50693.0
181,50692.8,50693.0,50692.0,50694.0,50694.0,50694.0,50693.0,50691.0,50692.0,50692.0,50693.0
182,50692.8,50693.0,50692.0,50694.0,50694.0,50694.0,50693.0,50691.0,50692.0,50692.0,50693.0
183,50692.8,50693.0,50692.0,50694.0,50694.0,50694.0,50693.0,50691.0,50692.0,50692.0,50693.0
184,50692.8,50693.0,50692.0,50694.0,50694.0,50694.0,50693.0,50691.0,50692.0,50692.0,50693.0
185,50692.8,50693.0,50692.0,50694.0,50694.0,50694.0,50693.0,50691.0,50692.0,50692.0,50693.0
186,50692.8,50693.0,50692.0,50694.0,50694.0,50694.0,50693.0,50691.0,50692.0,50692.0,50693.0
187,50693.0,50693.0,50692.0,50694.0,50694.0,50694.0,50693.0,50691.0,50694.0,50692.0,50693.0
188,50693.0,50693.0,50692.0,50694.0,50694.0,50694.0,50693.0,50691.0,50694.0,50692.0,50693.0
189,50693.0,50693.0,50692.0,50694.0,50694.0,50694.0,50693.0,50691.0,50694.0,50692.0,50693.0
190,50693.0,50693.0,50692.0,50694.0,50694.0,50694.0,50693.0,50691.0,50694.0,50692.0,50693.0
191,50693.0,50693.0,50692.0,50694.0,50694.0,50694.0,50693.0,50691.0,50694.0,50692.0,50693.0
192,50693.0,50693.0,50692.0,50694.0,50694.0,50694.0,50693.0,50691.0,50694.0,50692.0,50693.0
193,50693.0,50693.0,50692.0,50694.0,50694.0,50694.0,50693.0,50691.0,50694.0,50692.0,50693.0
194,50693.0,50693.0,50692.0,50694.0,50694.0,50694.0,50693.0,50691.0,50694.0,50692.0,50693.0
195,50693.0,50693.0,50692.0,50694.0,50694.0,50694.0,50693.0,50691.0,50694.0,50692.0,50693.0
196,50693.0,50693.0,50692.0,50694.0,50694.0,50694.0,50693.0,50691.0,50694.0,50692.0,50693.0
197,50693.0,50693.0,50692.0,50694.0,50694.0,50694.0,50693.0,50691.0,50694.0,50692.0,50693.0
198,50693.0,50693.0,50692.0,50694.0,50694.0,50694.0,50693.0,50691.0,50694.0,50692.0,50693.0
199,50693.0,50693.0,50692.0,50694.0,50694.0,50694.0,50693.0,50691.0,50694.0,50692.0,50693.0
200,50693.1,50694.0,50692.0,50694.0,50694.0,50694.0,50693.0,50691.0,50694.0,50692.0,50693.0
201,50693.1,50694.0,50692.0,50694.0,50694.0,50694.0,50693.0,50691.0,50694.0,50692.0,50693.0
202,50693.1,50694.0,50692.0,50694.0,50694.0,50694.0,50693.0,50691.0,50694.0,50692.0,50693.0
203,50693.1,50694.0,50692.0,50694.0,50694.0,50694.0,50693.0,50691.0,50694.0,50692.0,50693.0
204,50693.1,50694.0,50692.0,50694.0,50694.0,50694.0,50693.0,50691.0,50694.0,50692.0,50693.0
205,50693.1,50694.0,50692.0,50694.0,50694.0,50694.0,50693.0,50691.0,50694.0,50692.0,50693.0
206,50693.1,50694.0,50692.0,50694.0,50694.0,50694.0,50693.0,50691.0,50694.0,50692.0,50693.0
207,50693.1,50694.0,50692.0,50694.0,50694.0,50694.0,50693.0,50691.0,50694.0,50692.0,50693.0
208,50693.1,50694.0,50692.0,50694.0,50694.0,50694.0,50693.0,50691.0,50694.0,50692.0,50693.0
209,50693.1,50694.0,50692.0,50694.0,50694.0,50694.0,50693.0,50691.0,50694.0,50692.0,50693.0
210,50693.1,50694.0,50692.0,50694.0,50694.0,50694.0,50693.0,50691.0,50694.0,50692.0,50693.0
211,50693.1,50694.0,50692.0,50694.0,50694.0,50694.0,50693.0,50691.0,50694.0,50692.0,50693.0
212,50693.1,50694.0,50692.0,50694.0,50694.0,50694.0,50693.0,50691.0,50694.0,50692.0,50693.0
213,50693.1,50694.0,50692.0,50694.0,50694.0,50694.0,50693.0,50691.0,50694.0,50692.0,50693.0
214,50693.1,50694.0,50692.0,50694.0,50694.0,50694.0,50693.0,50691.0,50694.0,50692.0,50693.0
215,50693.1,50694.0,50692.0,50694.0,50694.0,50694.0,50693.0,50691.0,50694.0,50692.0,50693.0
216,50693.1,50694.0,50692.0,50694.0,50694.0,50694.0,50693.0,50691.0,50694.0,50692.0,50693.0
217,50693.1,50694.0,50692.0,50694.0,50694.0,50694.0,50693.0,50691.0,50694.0,50692.0,50693.0
218,50693.1,50694.0,50692.0,50694.0,50694.0,50694.0,50693.0,50691.0,50694.0,50692.0,50693.0
219,50693.1,50694.0,50692.0,50694.0,50694.0,50694.0,50693.0,50691.0,50694.0,50692.0,50693.0
220,50693.1,50694.0,50692.0,50694.0,50694.0,50694.0,50693.0,50691.0,50694.0,50692.0,50693.0
221,50693.1,50694.0,50692.0,50694.0,50694.0,50694.0,50693.0,50691.0,50694.0,50692.0,50693.0
222,50693.1,50694.0,50692.0,50694.0,50694.0,50694.0,50693.0,50691.0,50694.0,50692.0,50693.0
223,50693.1,50694.0,50692.0,50694.0,50694.0,50694.0,50693.0,50691.0,50694.0,50692.0,50693.0
224,50693.1,50694.0,50692.0,50694.0,50694.0,50694.0,50693.0,50691.0,50694.0,50692.0,50693.0
225,50693.1,50694.0,50692.0,50694.0,50694.0,50694.0,50693.0,50691.0,50694.0,50692.0,50693.0
226,50693.2,50694.0,50692.0,50694.0,50694.0,50694.0,50693.0,50692.0,50694.0,50692.0,50693.0
227,50693.2,50694.0,50692.0,50694.0,50694.0,50694.0,50693.0,50692.0,50694.0,50692.0,50693.0
228,50693.4,50694.0,50694.0,50694.0,50694.0,50694.0,50693.0,50692.0,50694.0,50692.0,50693.0
229,50693.4,50694.0,50694.0,50694.0,50694.0,50694.0,50693.0,50692.0,50694.0,50692.0,50693.0
230,50693.4,50694.0,50694.0,50694.0,50694.0,50694.0,50693.0,50692.0,50694.0,50692.0,50693.0
231,50693.4,50694.0,50694.0,50694.0,50694.0,50694.0,50693.0,50692.0,50694.0,50692.0,50693.0
232,50693.4,50694.0,50694.0,50694.0,50694.0,50694.0,50693.0,50692.0,50694.0,50692.0,50693.0
233,50693.4,50694.0,50694.0,50694.0,50694.0,50694.0,50693.0,50692.0,50694.0,50692.0,50693.0
234,50693.4,50694.0,50694.0,50694.0,50694.0,50694.0,50693.0,50692.0,50694.0,50692.0,50693.0
235,50693.4,50694.0,50694.0,50694.0,50694.0,50694.0,50693.0,50692.0,50694.0,50692.0,50693.0
236,50693.4,50694.0,50694.0,50694.0,50694.0,50694.0,50693.0,50692.0,50694.0,50692.0,50693.0
237,50693.4,50694.0,50694.0,50694.0,50694.0,50694.0,50693.0,50692.0,50694.0,50692.0,50693.0
238,50693.4,50694.0,50694.0,50694.0,50694.0,50694.0,50693.0,50692.0,50694.0,50692.0,50693.0
239,50693.4,50694.0,50694.0,50694.0,50694.0,50694.0,50693.0,50692.0,50694.0,50692.0,50693.0
240,50693.4,50694.0,50694.0,50694.0,50694.0,50694.0,50693.0,50692.0,50694.0,50692.0,50693.0
241,50693.4,50694.0,50694.0,50694.0,50694.0,50694.0,50693.0,50692.0,50694.0,50692.0,50693.0
242,50693.4,50694.0,50694.0,50694.0,50694.0,50694.0,50693.0,50692.0,50694.0,50692.0,50693.0
243,50693.4,50694.0,50694.0,50694.0,50694.0,50694.0,50693.0,50692.0,50694.0,50692.0,50693.0
244,50693.4,50694.0,50694.0,50694.0,50694.0,50694.0,50693.0,50692.0,50694.0,50692.0,50693.0
245,50693.4,50694.0,50694.0,50694.0,50694.0,50694.0,50693.0,50692.0,50694.0,50692.0,50693.0
246,50693.4,50694.0,50694.0,50694.0,50694.0,50694.0,50693.0,50692.0,50694.0,50692.0,50693.0
247,50693.4,50694.0,50694.0,50694.0,50694.0,50694.0,50693.0,50692.0,50694.0,50692.0,50693.0
248,50693.4,50694.0,50694.0,50694.0,50694.0,50694.0,50693.0,50692.0,50694.0,50692.0,50693.0
249,50693.4,50694.0,50694.0,50694.0,50694.0,50694.0,50693.0,50692.0,50694.0,50692.0,50693.0
250,50693.4,50694.0,50694.0,50694.0,50694.0,50694.0,50693.0,50692.0,50694.0,50692.0,50693.0
251,50693.4,50694.0,50694.0,50694.0,50694.0,50694.0,50693.0,50692.0,50694.0,50692.0,50693.0
252,50693.4,50694.0,50694.0,50694.0,50694.0,50694.0,50693.0,50692.0,50694.0,50692.0,50693.0
253,50693.4,50694.0,50694.0,50694.0,50694.0,50694.0,50693.0,50692.0,50694.0,50692.0,50693.0
254,50693.4,50694.0,50694.0,50694.0,50694.0,50694.0,50693.0,50692.0,50694.0,50692.0,50693.0
255,50693.4,50694.0,50694.0,50694.0,50694.0,50694.0,50693.0,50692.0,50694.0,50692.0,50693.0
256,50693.4,50694.0,50694.0,50694.0,50694.0,50694.0,50693.0,50692.0,50694.0,50692.0,50693.0
257,50693.4,50694.0,50694.0,50694.0,50694.0,50694.0,50693.0,50692.0,50694.0,50692.0,50693.0
258,50693.4,50694.0,50694.0,50694.0,50694.0,50694.0,50693.0,50692.0,50694.0,50692.0,50693.0
259,50693.4,50694.0,50694.0,50694.0,50694.0,50694.0,50693.0,50692.0,50694.0,50692.0,50693.0
260,50693.4,50694.0,50694.0,50694.0,50694.0,50694.0,50693.0,50692.0,50694.0,50692.0,50693.0
261,50693.4,50694.0,50694.0,50694.0,50694.0,50694.0,50693.0,50692.0,50694.0,50692.0,50693.0
262,50693.4,50694.0,50694.0,50694.0,50694.0,50694.0,50693.0,50692.0,50694.0,50692.0,50693.0
263,50693.4,50694.0,50694.0,50694.0,50694.0,50694.0,50693.0,50692.0,50694.0,50692.0,50693.0
264,50693.4,50694.0,50694.0,50694.0,50694.0,50694.0,50693.0,50692.0,50694.0,50692.0,50693.0
265,50693.4,50694.0,50694.0,50694.0,50694.0,50694.0,50693.0,50692.0,50694.0,50692.0,50693.0
266,50693.4,50694.0,50694.0,50694.0,50694.0,50694.0,50693.0,50692.0,50694.0,50692.0,50693.0
267,50693.4,50694.0,50694.0,50694.0,50694.0,50694.0,50693.0,50692.0,50694.0,50692.0,50693.0
268,50693.4,50694.0,50694.0,50694.0,50694.0,50694.0,50693.0,50692.0,50694.0,50692.0,50693.0
269,50693.4,50694.0,50694.0,50694.0,50694.0,50694.0,50693.0,50692.0,50694.0,50692.0,50693.0
270,50693.4,50694.0,50694.0,50694.0,50694.0,50694.0,50693.0,50692.0,50694.0,50692.0,50693.0
271,50693.4,50694.0,50694.0,50694.0,50694.0,50694.0,50693.0,50692.0,50694.0,50692.0,50693.0
272,50693.4,50694.0,50694.0,50694.0,50694.0,50694.0,50693.0,50692.0,50694.0,50692.0,50693.0
273,50693.4,50694.0,50694.0,50694.0,50694.0,50694.0,50693.0,50692.0,50694.0,50692.0,50693.0
274,50693.4,50694.0,50694.0,50694.0,50694.0,50694.0,50693.0,50692.0,50694.0,50692.0,50693.0
275,50693.4,50694.0,50694.0,50694.0,50694.0,50694.0,50693.0,50692.0,50694.0,50692.0,50693.0
276,50693.4,50694.0,50694.0,50694.0,50694.0,50694.0,50693.0,50692.0,50694.0,50692.0,50693.0
277,50693.4,50694.0,50694.0,50694.0,50694.0,50694.0,50693.0,50692.0,50694.0,50692.0,50693.0
278,50693.4,50694.0,50694.0,50694.0,50694.0,50694.0,50693.0,50692.0,50694.0,50692.0,50693.0
279,50693.4,50694.0,50694.0,50694.0,50694.0,50694.0,50693.0,50692.0,50694.0,50692.0,50693.0
280,50693.4,50694.0,50694.0,50694.0,50694.0,50694.0,50693.0,50692.0,50694.0,50692.0,50693.0
281,50693.4,50694.0,50694.0,50694.0,50694.0,50694.0,50693.0,50692.0,50694.0,50692.0,50693.0
282,50693.4,50694.0,50694.0,50694.0,50694.0,50694.0,50693.0,50692.0,50694.0,50692.0,50693.0
283,50693.4,50694.0,50694.0,50694.0,50694.0,50694.0,50693.0,50692.0,50694.0,50692.0,50693.0
284,50693.4,50694.0,50694.0,50694.0,50694.0,50694.0,50693.0,50692.0,50694.0,50692.0,50693.0
285,50693.4,50694.0,50694.0,50694.0,50694.0,50694.0,50693.0,50692.0,50694.0,50692.0,50693.0
286,50693.4,50694.0,50694.0,50694.0,50694.0,50694.0,50693.0,50692.0,50694.0,50692.0,50693.0
287,50693.4,50694.0,50694.0,50694.0,50694.0,50694.0,50693.0,50692.0,50694.0,50692.0,50693.0
288,50693.4,50694.0,50694.0,50694.0,50694.0,50694.0,50693.0,50692.0,50694.0,50692.0,50693.0
289,50693.4,50694.0,50694.0,50694.0,50694.0,50694.0,50693.0,50692.0,50694.0,50692.0,50693.0
290,50693.4,50694.0,50694.0,50694.0,50694.0,50694.0,50693.0,50692.0,50694.0,50692.0,50693.0
291,50693.4,50694.0,50694.0,50694.0,50694.0,50694.0,50693.0,50692.0,50694.0,50692.0,50693.0
292,50693.4,50694.0,50694.0,50694.0,50694.0,50694.0,50693.0,50692.0,50694.0,50692.0,50693.0
293,50693.4,50694.0,50694.0,50694.0,50694.0,50694.0,50693.0,50692.0,50694.0,50692.0,50693.0
294,50693.4,50694.0,50694.0,50694.0,50694.0,50694.0,50693.0,50692.0,50694.0,50692.0,50693.0
295,50693.4,50694.0,50694.0,50694.0,50694.0,50694.0,50693.0,50692.0,50694.0,50692.0,50693.0
296,50693.4,50694.0,50694.0,50694.0,50694.0,50694.0,50693.0,50692.0,50694.0,50692.0,50693.0
297,50693.4,50694.0,50694.0,50694.0,50694.0,50694.0,50693.0,50692.0,50694.0,50692.0,50693.0
298,50693.4,50694.0,50694.0,50694.0,50694.0,50694.0,50693.0,50692.0,50694.0,50692.0,50693.0
299,50693.4,50694.0,50694.0,50694.0,50694.0,50694.0,50693.0,50692.0,50694.0,50692.0,50693.0
300,50693.4,50694.0,50694.0,50694.0,50694.0,50694.0,50693.0,50692.0,50694.0,50692.0,50693.0
301,50693.4,50694.0,50694.0,50694.0,50694.0,50694.0,50693.0,50692.0,50694.0,50692.0,50693.0
302,50693.4,50694.0,50694.0,50694.0,50694.0,50694.0,50693.0,50692.0,50694.0,50692.0,50693.0
303,50693.4,50694.0,50694.0,50694.0,50694.0,50694.0,50693.0,50692.0,50694.0,50692.0,50693.0
304,50693.4,50694.0,50694.0,50694.0,50694.0,50694.0,50693.0,50692.0,50694.0,50692.0,50693.0
305,50693.4,50694.0,50694.0,50694.0,50694.0,50694.0,50693.0,50692.0,50694.0,50692.0,50693.0
306,50693.4,50694.0,50694.0,50694.0,50694.0,50694.0,50693.0,50692.0,50694.0,50692.0,50693.0
307,50693.4,50694.0,50694.0,50694.0,50694.0,50694.0,50693.0,50692.0,50694.0,50692.0,50693.0
308,50693.4,50694.0,50694.0,50694.0,50694.0,50694.0,50693.0,50692.0,50694.0,50692.0,50693.0
309,50693.4,50694.0,50694.0,50694.0,50694.0,50694.0,50693.0,50692.0,50694.0,50692.0,50693.0
310,50693.4,50694.0,50694.0,50694.0,50694.0,50694.0,50693.0,50692.0,50694.0,50692.0,50693.0
311,50693.4,50694.0,50694.0,50694.0,50694.0,50694.0,50693.0,50692.0,50694.0,50692.0,50693.0
312,50693.4,50694.0,50694.0,50694.0,50694.0,50694.0,50693.0,50692.0,50694.0,50692.0,50693.0
313,50693.4,50694.0,50694.0,50694.0,50694.0,50694.0,50693.0,50692.0,50694.0,50692.0,50693.0
314,50693.4,50694.0,50694.0,50694.0,50694.0,50694.0,50693.0,50692.0,50694.0,50692.0,50693.0
315,50693.4,50694.0,50694.0,50694.0,50694.0,50694.0,50693.0,50692.0,50694.0,50692.0,50693.0
316,50693.4,50694.0,50694.0,50694.0,50694.0,50694.0,50693.0,50692.0,50694.0,50692.0,50693.0
317,50693.4,50694.0,50694.0,50694.0,50694.0,50694.0,50693.0,50692.0,50694.0,50692.0,50693.0
318,50693.4,50694.0,50694.0,50694.0,50694.0,50694.0,50693.0,50692.0,50694.0,50692.0,50693.0
319,50693.4,50694.0,50694.0,50694.0,50694.0,50694.0,50693.0,50692.0,50694.0,50692.0,50693.0
320,50693.4,50694.0,50694.0,50694.0,50694.0,50694.0,50693.0,50692.0,50694.0,50692.0,50693.0
321,50693.4,50694.0,50694.0,50694.0,50694.0,50694.0,50693.0,50692.0,50694.0,50692.0,50693.0
322,50693.4,50694.0,50694.0,50694.0,50694.0,50694.0,50693.0,50692.0,50694.0,50692.0,50693.0
323,50693.4,50694.0,50694.0,50694.0,50694.0,50694.0,50693.0,50692.0,50694.0,50692.0,50693.0
324,50693.4,50694.0,50694.0,50694.0,50694.0,50694.0,50693.0,50692.0,50694.0,50692.0,50693.0
325,50693.4,50694.0,50694.0,50694.0,50694.0,50694.0,50693.0,50692.0,50694.0,50692.0,50693.0
326,50693.4,50694.0,50694.0,50694.0,50694.0,50694.0,50693.0,50692.0,50694.0,50692.0,50693.0
327,50693.4,50694.0,50694.0,50694.0,50694.0,50694.0,50693.0,50692.0,50694.0,50692.0,50693.0
328,50693.4,50694.0,50694.0,50694.0,50694.0,50694.0,50693.0,50692.0,50694.0,50692.0,50693.0
329,50693.4,50694.0,50694.0,50694.0,50694.0,50694.0,50693.0,50692.0,50694.0,50692.0,50693.0
330,50693.4,50694.0,50694.0,50694.0,50694.0,50694.0,50693.0,50692.0,50694.0,50692.0,50693.0
331,50693.4,50694.0,50694.0,50694.0,50694.0,50694.0,50693.0,50692.0,50694.0,50692.0,50693.0
332,50693.4,50694.0,50694.0,50694.0,50694.0,50694.0,50693.0,50692.0,50694.0,50692.0,50693.0
333,50693.4,50694.0,50694.0,50694.0,50694.0,50694.0,50693.0,50692.0,50694.0,50692.0,50693.0
334,50693.4,50694.0,50694.0,50694.0,50694.0,50694.0,50693.0,50692.0,50694.0,50692.0,50693.0
335,50693.4,50694.0,50694.0,50694.0,50694.0,50694.0,50693.0,50692.0,50694.0,50692.0,50693.0
336,50693.4,50694.0,50694.0,50694.0,50694.0,50694.0,50693.0,50692.0,50694.0,50692.0,50693.0
337,50693.4,50694.0,50694.0,50694.0,50694.0,50694.0,50693.0,50692.0,50694.0,50692.0,50693.0
338,50693.4,50694.0,50694.0,50694.0,50694.0,50694.0,50693.0,50692.0,50694.0,50692.0,50693.0
339,50693.4,50694.0,50694.0,50694.0,50694.0,50694.0,50693.0,50692.0,50694.0,50692.0,50693.0
340,50693.4,50694.0,50694.0,50694.0,50694.0,50694.0,50693.0,50692.0,50694.0,50692.0,50693.0
341,50693.4,50694.0,50694.0,50694.0,50694.0,50694.0,50693.0,50692.0,50694.0,50692.0,50693.0
342,50693.4,50694.0,50694.0,50694.0,50694.0,50694.0,50693.0,50692.0,50694.0,50692.0,50693.0
343,50693.4,50694.0,50694.0,50694.0,50694.0,50694.0,50693.0,50692.0,50694.0,50692.0,50693.0
344,50693.4,50694.0,50694.0,50694.0,50694.0,50694.0,50693.0,50692.0,50694.0,50692.0,50693.0
345,50693.4,50694.0,50694.0,50694.0,50694.0,50694.0,50693.0,50692.0,50694.0,50692.0,50693.0
346,50693.4,50694.0,50694.0,50694.0,50694.0,50694.0,50693.0,50692.0,50694.0,50692.0,50693.0
347,50693.4,50694.0,50694.0,50694.0,50694.0,50694.0,50693.0,50692.0,50694.0,50692.0,50693.0
348,50693.4,50694.0,50694.0,50694.0,50694.0,50694.0,50693.0,50692.0,50694.0,50692.0,50693.0
349,50693.4,50694.0,50694.0,50694.0,50694.0,50694.0,50693.0,50692.0,50694.0,50692.0,50693.0
350,50693.4,50694.0,50694.0,50694.0,50694.0,50694.0,50693.0,50692.0,50694.0,50692.0,50693.0
351,50693.4,50694.0,50694.0,50694.0,50694.0,50694.0,50693.0,50692.0,50694.0,50692.0,50693.0
352,50693.4,50694.0,50694.0,50694.0,50694.0,50694.0,50693.0,50692.0,50694.0,50692.0,50693.0
353,50693.4,50694.0,50694.0,50694.0,50694.0,50694.0,50693.0,50692.0,50694.0,50692.0,50693.0
354,50693.4,50694.0,50694.0,50694.0,50694.0,50694.0,50693.0,50692.0,50694.0,50692.0,50693.0
355,50693.4,50694.0,50694.0,50694.0,50694.0,50694.0,50693.0,50692.0,50694.0,50692.0,50693.0
356,50693.4,50694.0,50694.0,50694.0,50694.0,50694.0,50693.0,50692.0,50694.0,50692.0,50693.0
357,50693.4,50694.0,50694.0,50694.0,50694.0,50694.0,50693.0,50692.0,50694.0,50692.0,50693.0
358,50693.4,50694.0,50694.0,50694.0,50694.0,50694.0,50693.0,50692.0,50694.0,50692.0,50693.0
359,50693.4,50694.0,50694.0,50694.0,50694.0,50694.0,50693.0,50692.0,50694.0,50692.0,50693.0
360,50693.4,50694.0,50694.0,50694.0,50694.0,50694.0,50693.0,50692.0,50694.0,50692.0,50693.0
361,50693.4,50694.0,50694.0,50694.0,50694.0,50694.0,50693.0,50692.0,50694.0,50692.0,50693.0
362,50693.4,50694.0,50694.0,50694.0,50694.0,50694.0,50693.0,50692.0,50694.0,50692.0,50693.0
363,50693.4,50694.0,50694.0,50694.0,50694.0,50694.0,50693.0,50692.0,50694.0,50692.0,50693.0
364,50693.4,50694.0,50694.0,50694.0,50694.0,50694.0,50693.0,50692.0,50694.0,50692.0,50693.0
365,50693.4,50694.0,50694.0,50694.0,50694.0,50694.0,50693.0,50692.0,50694.0,50692.0,50693.0
366,50693.4,50694.0,50694.0,50694.0,50694.0,50694.0,50693.0,50692.0,50694.0,50692.0,50693.0
367,50693.4,50694.0,50694.0,50694.0,50694.0,50694.0,50693.0,50692.0,50694.0,50692.0,50693.0
368,50693.4,50694.0,50694.0,50694.0,50694.0,50694.0,50693.0,50692.0,50694.0,50692.0,50693.0
369,50693.4,50694.0,50694.0,50694.0,50694.0,50694.0,50693.0,50692.0,50694.0,50692.0,50693.0
370,50693.4,50694.0,50694.0,50694.0,50694.0,50694.0,50693.0,50692.0,50694.0,50692.0,50693.0
371,50693.4,50694.0,50694.0,50694.0,50694.0,50694.0,50693.0,50692.0,50694.0,50692.0,50693.0
372,50693.4,50694.0,50694.0,50694.0,50694.0,50694.0,50693.0,50692.0,50694.0,50692.0,50693.0
373,50693.4,50694.0,50694.0,50694.0,50694.0,50694.0,50693.0,50692.0,50694.0,50692.0,50693.0
374,50693.4,50694.0,50694.0,50694.0,50694.0,50694.0,50693.0,50692.0,50694.0,50692.0,50693.0
375,50693.4,50694.0,50694.0,50694.0,50694.0,50694.0,50693.0,50692.0,50694.0,50692.0,50693.0
376,50693.4,50694.0,50694.0,50694.0,50694.0,50694.0,50693.0,50692.0,50694.0,50692.0,50693.0
377,50693.4,50694.0,50694.0,50694.0,50694.0,50694.0,50693.0,50692.0,50694.0,50692.0,50693.0
378,50693.4,50694.0,50694.0,50694.0,50694.0,50694.0,50693.0,50692.0,50694.0,50692.0,50693.0
379,50693.4,50694.0,50694.0,50694.0,50694.0,50694.0,50693.0,50692.0,50694.0,50692.0,50693.0
380,50693.4,50694.0,50694.0,50694.0,50694.0,50694.0,50693.0,50692.0,50694.0,50692.0,50693.0
381,50693.4,50694.0,50694.0,50694.0,50694.0,50694.0,50693.0,50692.0,50694.0,50692.0,50693.0
382,50693.4,50694.0,50694.0,50694.0,50694.0,50694.0,50693.0,50692.0,50694.0,50692.0,50693.0
383,50693.4,50694.0,50694.0,50694.0,50694.0,50694.0,50693.0,50692.0,50694.0,50692.0,50693.0
384,50693.4,50694.0,50694.0,50694.0,50694.0,50694.0,50693.0,50692.0,50694.0,50692.0,50693.0
385,50693.4,50694.0,50694.0,50694.0,50694.0,50694.0,50693.0,50692.0,50694.0,50692.0,50693.0
386,50693.4,50694.0,50694.0,50694.0,50694.0,50694.0,50693.0,50692.0,50694.0,50692.0,50693.0
387,50693.4,50694.0,50694.0,50694.0,50694.0,50694.0,50693.0,50692.0,50694.0,50692.0,50693.0
388,50693.4,50694.0,50694.0,50694.0,50694.0,50694.0,50693.0,50692.0,50694.0,50692.0,50693.0
389,50693.4,50694.0,50694.0,50694.0,50694.0,50694.0,50693.0,50692.0,50694.0,50692.0,50693.0
390,50693.4,50694.0,50694.0,50694.0,50694.0,50694.0,50693.0,50692.0,50694.0,50692.0,50693.0
391,50693.4,50694.0,50694.0,50694.0,50694.0,50694.0,50693.0,50692.0,50694.0,50692.0,50693.0
392,50693.4,50694.0,50694.0,50694.0,50694.0,50694.0,50693.0,50692.0,50694.0,50692.0,50693.0
393,50693.4,50694.0,50694.0,50694.0,50694.0,50694.0,50693.0,50692.0,50694.0,50692.0,50693.0
394,50693.4,50694.0,50694.0,50694.0,50694.0,50694.0,50693.0,50692.0,50694.0,50692.0,50693.0
395,50693.4,50694.0,50694.0,50694.0,50694.0,50694.0,50693.0,50692.0,50694.0,50692.0,50693.0
396,50693.4,50694.0,50694.0,50694.0,50694.0,50694.0,50693.0,50692.0,50694.0,50692.0,50693.0
397,50693.4,50694.0,50694.0,50694.0,50694.0,50694.0,50693.0,50692.0,50694.0,50692.0,50693.0
398,50693.4,50694.0,50694.0,50694.0,50694.0,50694.0,50693.0,50692.0,50694.0,50692.0,50693.0
399,50693.4,50694.0,50694.0,50694.0,50694.0,50694.0,50693.0,50692.0,50694.0,50692.0,50693.0
400,50693.4,50694.0,50694.0,50694.0,50694.0,50694.0,50693.0,50692.0,50694.0,50692.0,50693.0
401,50693.4,50694.0,50694.0,50694.0,50694.0,50694.0,50693.0,50692.0,50694.0,50692.0,50693.0
402,50693.4,50694.0,50694.0,50694.0,50694.0,50694.0,50693.0,50692.0,50694.0,50692.0,50693.0
403,50693.4,50694.0,50694.0,50694.0,50694.0,50694.0,50693.0,50692.0,50694.0,50692.0,50693.0
404,50693.4,50694.0,50694.0,50694.0,50694.0,50694.0,50693.0,50692.0,50694.0,50692.0,50693.0
405,50693.4,50694.0,50694.0,50694.0,50694.0,50694.0,50693.0,50692.0,50694.0,50692.0,50693.0
406,50693.4,50694.0,50694.0,50694.0,50694.0,50694.0,50693.0,50692.0,50694.0,50692.0,50693.0
407,50693.4,50694.0,50694.0,50694.0,50694.0,50694.0,50693.0,50692.0,50694.0,50692.0,50693.0
408,50693.4,50694.0,50694.0,50694.0,50694.0,50694.0,50693.0,50692.0,50694.0,50692.0,50693.0
409,50693.4,50694.0,50694.0,50694.0,50694.0,50694.0,50693.0,50692.0,50694.0,50692.0,50693.0
410,50693.4,50694.0,50694.0,50694.0,50694.0,50694.0,50693.0,50692.0,50694.0,50692.0,50693.0
411,50693.4,50694.0,50694.0,50694.0,50694.0,50694.0,50693.0,50692.0,50694.0,50692.0,50693.0
412,50693.4,50694.0,50694.0,50694.0,50694.0,50694.0,50693.0,50692.0,50694.0,50692.0,50693.0
413,50693.4,50694.0,50694.0,50694.0,50694.0,50694.0,50693.0,50692.0,50694.0,50692.0,50693.0
414,50693.4,50694.0,50694.0,50694.0,50694.0,50694.0,50693.0,50692.0,50694.0,50692.0,50693.0
415,50693.4,50694.0,50694.0,50694.0,50694.0,50694.0,50693.0,50692.0,50694.0,50692.0,50693.0
416,50693.4,50694.0,50694.0,50694.0,50694.0,50694.0,50693.0,50692.0,50694.0,50692.0,50693.0
417,50693.4,50694.0,50694.0,50694.0,50694.0,50694.0,50693.0,50692.0,50694.0,50692.0,50693.0
418,50693.4,50694.0,50694.0,50694.0,50694.0,50694.0,50693.0,50692.0,50694.0,50692.0,50693.0
419,50693.4,50694.0,50694.0,50694.0,50694.0,50694.0,50693.0,50692.0,50694.0,50692.0,50693.0
420,50693.4,50694.0,50694.0,50694.0,50694.0,50694.0,50693.0,50692.0,50694.0,50692.0,50693.0
421,50693.4,50694.0,50694.0,50694.0,50694.0,50694.0,50693.0,50692.0,50694.0,50692.0,50693.0
422,50693.4,50694.0,50694.0,50694.0,50694.0,50694.0,50693.0,50692.0,50694.0,50692.0,50693.0
423,50693.4,50694.0,50694.0,50694.0,50694.0,50694.0,50693.0,50692.0,50694.0,50692.0,50693.0
424,50693.4,50694.0,50694.0,50694.0,50694.0,50694.0,50693.0,50692.0,50694.0,50692.0,50693.0
425,50693.4,50694.0,50694.0,50694.0,50694.0,50694.0,50693.0,50692.0,50694.0,50692.0,50693.0
426,50693.4,50694.0,50694.0,50694.0,50694.0,50694.0,50693.0,50692.0,50694.0,50692.0,50693.0
427,50693.5,50694.0,50694.0,50694.0,50694.0,50694.0,50694.0,50692.0,50694.0,50692.0,50693.0
428,50693.5,50694.0,50694.0,50694.0,50694.0,50694.0,50694.0,50692.0,50694.0,50692.0,50693.0
429,50693.5,50694.0,50694.0,50694.0,50694.0,50694.0,50694.0,50692.0,50694.0,50692.0,50693.0
430,50693.5,50694.0,50694.0,50694.0,50694.0,50694.0,50694.0,50692.0,50694.0,50692.0,50693.0
431,50693.5,50694.0,50694.0,50694.0,50694.0,50694.0,50694.0,50692.0,50694.0,50692.0,50693.0
432,50693.5,50694.0,50694.0,50694.0,50694.0,50694.0,50694.0,50692.0,50694.0,50692.0,50693.0
433,50693.5,50694.0,50694.0,50694.0,50694.0,50694.0,50694.0,50692.0,50694.0,50692.0,50693.0
434,50693.5,50694.0,50694.0,50694.0,50694.0,50694.0,50694.0,50692.0,50694.0,50692.0,50693.0
435,50693.5,50694.0,50694.0,50694.0,50694.0,50694.0,50694.0,50692.0,50694.0,50692.0,50693.0
436,50693.5,50694.0,50694.0,50694.0,50694.0,50694.0,50694.0,50692.0,50694.0,50692.0,50693.0
437,50693.5,50694.0,50694.0,50694.0,50694.0,50694.0,50694.0,50692.0,50694.0,50692.0,50693.0
438,50693.5,50694.0,50694.0,50694.0,50694.0,50694.0,50694.0,50692.0,50694.0,50692.0,50693.0
439,50693.5,50694.0,50694.0,50694.0,50694.0,50694.0,50694.0,50692.0,50694.0,50692.0,50693.0
440,50693.5,50694.0,50694.0,50694.0,50694.0,50694.0,50694.0,50692.0,50694.0,50692.0,50693.0
441,50693.5,50694.0,50694.0,50694.0,50694.0,50694.0,50694.0,50692.0,50694.0,50692.0,50693.0
442,50693.5,50694.0,50694.0,50694.0,50694.0,50694.0,50694.0,50692.0,50694.0,50692.0,50693.0
443,50693.5,50694.0,50694.0,50694.0,50694.0,50694.0,50694.0,50692.0,50694.0,50692.0,50693.0
444,50693.5,50694.0,50694.0,50694.0,50694.0,50694.0,50694.0,50692.0,50694.0,50692.0,50693.0
445,50693.5,50694.0,50694.0,50694.0,50694.0,50694.0,50694.0,50692.0,50694.0,50692.0,50693.0
446,50693.5,50694.0,50694.0,50694.0,50694.0,50694.0,50694.0,50692.0,50694.0,50692.0,50693.0
447,50693.5,50694.0,50694.0,50694.0,50694.0,50694.0,50694.0,50692.0,50694.0,50692.0,50693.0
448,50693.5,50694.0,50694.0,50694.0,50694.0,50694.0,50694.0,50692.0,50694.0,50692.0,50693.0
449,50693.5,50694.0,50694.0,50694.0,50694.0,50694.0,50694.0,50692.0,50694.0,50692.0,50693.0
450,50693.5,50694.0,50694.0,50694.0,50694.0,50694.0,50694.0,50692.0,50694.0,50692.0,50693.0
451,50693.5,50694.0,50694.0,50694.0,50694.0,50694.0,50694.0,50692.0,50694.0,50692.0,50693.0
452,50693.5,50694.0,50694.0,50694.0,50694.0,50694.0,50694.0,50692.0,50694.0,50692.0,50693.0
453,50693.5,50694.0,50694.0,50694.0,50694.0,50694.0,50694.0,50692.0,50694.0,50692.0,50693.0
454,50693.5,50694.0,50694.0,50694.0,50694.0,50694.0,50694.0,50692.0,50694.0,50692.0,50693.0
455,50693.5,50694.0,50694.0,50694.0,50694.0,50694.0,50694.0,50692.0,50694.0,50692.0,50693.0
456,50693.5,50694.0,50694.0,50694.0,50694.0,50694.0,50694.0,50692.0,50694.0,50692.0,50693.0
457,50693.5,50694.0,50694.0,50694.0,50694.0,50694.0,50694.0,50692.0,50694.0,50692.0,50693.0
458,50693.5,50694.0,50694.0,50694.0,50694.0,50694.0,50694.0,50692.0,50694.0,50692.0,50693.0
459,50693.5,50694.0,50694.0,50694.0,50694.0,50694.0,50694.0,50692.0,50694.0,50692.0,50693.0
460,50693.5,50694.0,50694.0,50694.0,50694.0,50694.0,50694.0,50692.0,50694.0,50692.0,50693.0
461,50693.5,50694.0,50694.0,50694.0,50694.0,50694.0,50694.0,50692.0,50694.0,50692.0,50693.0
462,50693.5,50694.0,50694.0,50694.0,50694.0,50694.0,50694.0,50692.0,50694.0,50692.0,50693.0
463,50693.5,50694.0,50694.0,50694.0,50694.0,50694.0,50694.0,50692.0,50694.0,50692.0,50693.0
464,50693.5,50694.0,50694.0,50694.0,50694.0,50694.0,50694.0,50692.0,50694.0,50692.0,50693.0
465,50693.5,50694.0,50694.0,50694.0,50694.0,50694.0,50694.0,50692.0,50694.0,50692.0,50693.0
466,50693.5,50694.0,50694.0,50694.0,50694.0,50694.0,50694.0,50692.0,50694.0,50692.0,50693.0
467,50693.5,50694.0,50694.0,50694.0,50694.0,50694.0,50694.0,50692.0,50694.0,50692.0,50693.0
468,50693.5,50694.0,50694.0,50694.0,50694.0,50694.0,50694.0,50692.0,50694.0,50692.0,50693.0
469,50693.5,50694.0,50694.0,50694.0,50694.0,50694.0,50694.0,50692.0,50694.0,50692.0,50693.0
470,50693.5,50694.0,50694.0,50694.0,50694.0,50694.0,50694.0,50692.0,50694.0,50692.0,50693.0
471,50693.5,50694.0,50694.0,50694.0,50694.0,50694.0,50694.0,50692.0,50694.0,50692.0,50693.0
472,50693.5,50694.0,50694.0,50694.0,50694.0,50694.0,50694.0,50692.0,50694.0,50692.0,50693.0
473,50693.5,50694.0,50694.0,50694.0,50694.0,50694.0,50694.0,50692.0,50694.0,50692.0,50693.0
474,50693.5,50694.0,50694.0,50694.0,50694.0,50694.0,50694.0,50692.0,50694.0,50692.0,50693.0
475,50693.5,50694.0,50694.0,50694.0,50694.0,50694.0,50694.0,50692.0,50694.0,50692.0,50693.0
476,50693.5,50694.0,50694.0,50694.0,50694.0,50694.0,50694.0,50692.0,50694.0,50692.0,50693.0
477,50693.5,50694.0,50694.0,50694.0,50694.0,50694.0,50694.0,50692.0,50694.0,50692.0,50693.0
478,50693.5,50694.0,50694.0,50694.0,50694.0,50694.0,50694.0,50692.0,50694.0,50692.0,50693.0
479,50693.5,50694.0,50694.0,50694.0,50694.0,50694.0,50694.0,50692.0,50694.0,50692.0,50693.0
480,50693.5,50694.0,50694.0,50694.0,50694.0,50694.0,50694.0,50692.0,50694.0,50692.0,50693.0
481,50693.5,50694.0,50694.0,50694.0,50694.0,50694.0,50694.0,50692.0,50694.0,50692.0,50693.0
482,50693.5,50694.0,50694.0,50694.0,50694.0,50694.0,50694.0,50692.0,50694.0,50692.0,50693.0
483,50693.5,50694.0,50694.0,50694.0,50694.0,50694.0,50694.0,50692.0,50694.0,50692.0,50693.0
484,50693.5,50694.0,50694.0,50694.0,50694.0,50694.0,50694.0,50692.0,50694.0,50692.0,50693.0
485,50693.5,50694.0,50694.0,50694.0,50694.0,50694.0,50694.0,50692.0,50694.0,50692.0,50693.0
486,50693.5,50694.0,50694.0,50694.0,50694.0,50694.0,50694.0,50692.0,50694.0,50692.0,50693.0
487,50693.5,50694.0,50694.0,50694.0,50694.0,50694.0,50694.0,50692.0,50694.0,50692.0,50693.0
488,50693.5,50694.0,50694.0,50694.0,50694.0,50694.0,50694.0,50692.0,50694.0,50692.0,50693.0
489,50693.5,50694.0,50694.0,50694.0,50694.0,50694.0,50694.0,50692.0,50694.0,50692.0,50693.0
490,50693.5,50694.0,50694.0,50694.0,50694.0,50694.0,50694.0,50692.0,50694.0,50692.0,50693.0
491,50693.5,50694.0,50694.0,50694.0,50694.0,50694.0,50694.0,50692.0,50694.0,50692.0,50693.0
492,50693.5,50694.0,50694.0,50694.0,50694.0,50694.0,50694.0,50692.0,50694.0,50692.0,50693.0
493,50693.5,50694.0,50694.0,50694.0,50694.0,50694.0,50694.0,50692.0,50694.0,50692.0,50693.0
494,50693.5,50694.0,50694.0,50694.0,50694.0,50694.0,50694.0,50692.0,50694.0,50692.0,50693.0
495,50693.5,50694.0,50694.0,50694.0,50694.0,50694.0,50694.0,50692.0,50694.0,50692.0,50693.0
496,50693.5,50694.0,50694.0,50694.0,50694.0,50694.0,50694.0,50692.0,50694.0,50692.0,50693.0
497,50693.5,50694.0,50694.0,50694.0,50694.0,50694.0,50694.0,50692.0,50694.0,50692.0,50693.0
498,50693.5,50694.0,50694.0,50694.0,50694.0,50694.0,50694.0,50692.0,50694.0,50692.0,50693.0
499,50693.5,50694.0,50694.0,50694.0,50694.0,50694.0,50694.0,50692.0,50694.0,50692.0,50693.0
500,50693.5,50694.0,50694.0,50694.0,50694.0,50694.0,50694.0,50692.0,50694.0,50692.0,50693.0
501,50693.5,50694.0,50694.0,50694.0,50694.0,50694.0,50694.0,50692.0,50694.0,50692.0,50693.0
502,50693.5,50694.0,50694.0,50694.0,50694.0,50694.0,50694.0,50692.0,50694.0,50692.0,50693.0
503,50693.5,50694.0,50694.0,50694.0,50694.0,50694.0,50694.0,50692.0,50694.0,50692.0,50693.0
504,50693.5,50694.0,50694.0,50694.0,50694.0,50694.0,50694.0,50692.0,50694.0,50692.0,50693.0
505,50693.5,50694.0,50694.0,50694.0,50694.0,50694.0,50694.0,50692.0,50694.0,50692.0,50693.0
506,50693.5,50694.0,50694.0,50694.0,50694.0,50694.0,50694.0,50692.0,50694.0,50692.0,50693.0
507,50693.5,50694.0,50694.0,50694.0,50694.0,50694.0,50694.0,50692.0,50694.0,50692.0,50693.0
508,50693.5,50694.0,50694.0,50694.0,50694.0,50694.0,50694.0,50692.0,50694.0,50692.0,50693.0
509,50693.5,50694.0,50694.0,50694.0,50694.0,50694.0,50694.0,50692.0,50694.0,50692.0,50693.0
510,50693.5,50694.0,50694.0,50694.0,50694.0,50694.0,50694.0,50692.0,50694.0,50692.0,50693.0
511,50693.5,50694.0,50694.0,50694.0,50694.0,50694.0,50694.0,50692.0,50694.0,50692.0,50693.0
512,50693.5,50694.0,50694.0,50694.0,50694.0,50694.0,50694.0,50692.0,50694.0,50692.0,50693.0
513,50693.5,50694.0,50694.0,50694.0,50694.0,50694.0,50694.0,50692.0,50694.0,50692.0,50693.0
514,50693.6,50694.0,50694.0,50694.0,50694.0,50694.0,50694.0,50692.0,50694.0,50693.0,50693.0
515,50693.6,50694.0,50694.0,50694.0,50694.0,50694.0,50694.0,50692.0,50694.0,50693.0,50693.0
516,50693.6,50694.0,50694.0,50694.0,50694.0,50694.0,50694.0,50692.0,50694.0,50693.0,50693.0
517,50693.6,50694.0,50694.0,50694.0,50694.0,50694.0,50694.0,50692.0,50694.0,50693.0,50693.0
518,50693.6,50694.0,50694.0,50694.0,50694.0,50694.0,50694.0,50692.0,50694.0,50693.0,50693.0
519,50693.6,50694.0,50694.0,50694.0,50694.0,50694.0,50694.0,50692.0,50694.0,50693.0,50693.0
520,50693.6,50694.0,50694.0,50694.0,50694.0,50694.0,50694.0,50692.0,50694.0,50693.0,50693.0
521,50693.6,50694.0,50694.0,50694.0,50694.0,50694.0,50694.0,50692.0,50694.0,50693.0,50693.0
522,50693.6,50694.0,50694.0,50694.0,50694.0,50694.0,50694.0,50692.0,50694.0,50693.0,50693.0
523,50693.6,50694.0,50694.0,50694.0,50694.0,50694.0,50694.0,50692.0,50694.0,50693.0,50693.0
524,50693.6,50694.0,50694.0,50694.0,50694.0,50694.0,50694.0,50692.0,50694.0,50693.0,50693.0
525,50693.6,50694.0,50694.0,50694.0,50694.0,50694.0,50694.0,50692.0,50694.0,50693.0,50693.0
526,50693.6,50694.0,50694.0,50694.0,50694.0,50694.0,50694.0,50692.0,50694.0,50693.0,50693.0
527,50693.6,50694.0,50694.0,50694.0,50694.0,50694.0,50694.0,50692.0,50694.0,50693.0,50693.0
528,50693.6,50694.0,50694.0,50694.0,50694.0,50694.0,50694.0,50692.0,50694.0,50693.0,50693.0
529,50693.6,50694.0,50694.0,50694.0,50694.0,50694.0,50694.0,50692.0,50694.0,50693.0,50693.0
530,50693.6,50694.0,50694.0,50694.0,50694.0,50694.0,50694.0,50692.0,50694.0,50693.0,50693.0
531,50693.6,50694.0,50694.0,50694.0,50694.0,50694.0,50694.0,50692.0,50694.0,50693.0,50693.0
532,50693.6,50694.0,50694.0,50694.0,50694.0,50694.0,50694.0,50692.0,50694.0,50693.0,50693.0
533,50693.6,50694.0,50694.0,50694.0,50694.0,50694.0,50694.0,50692.0,50694.0,50693.0,50693.0
534,50693.6,50694.0,50694.0,50694.0,50694.0,50694.0,50694.0,50692.0,50694.0,50693.0,50693.0
535,50693.6,50694.0,50694.0,50694.0,50694.0,50694.0,50694.0,50692.0,50694.0,50693.0,50693.0
536,50693.6,50694.0,50694.0,50694.0,50694.0,50694.0,50694.0,50692.0,50694.0,50693.0,50693.0
537,50693.6,50694.0,50694.0,50694.0,50694.0,50694.0,50694.0,50692.0,50694.0,50693.0,50693.0
538,50693.6,50694.0,50694.0,50694.0,50694.0,50694.0,50694.0,50692.0,50694.0,50693.0,50693.0
539,50693.6,50694.0,50694.0,50694.0,50694.0,50694.0,50694.0,50692.0,50694.0,50693.0,50693.0
540,50693.6,50694.0,50694.0,50694.0,50694.0,50694.0,50694.0,50692.0,50694.0,50693.0,50693.0
541,50693.6,50694.0,50694.0,50694.0,50694.0,50694.0,50694.0,50692.0,50694.0,50693.0,50693.0
542,50693.6,50694.0,50694.0,50694.0,50694.0,50694.0,50694.0,50692.0,50694.0,50693.0,50693.0
543,50693.6,50694.0,50694.0,50694.0,50694.0,50694.0,50694.0,50692.0,50694.0,50693.0,50693.0
544,50693.6,50694.0,50694.0,50694.0,50694.0,50694.0,50694.0,50692.0,50694.0,50693.0,50693.0
545,50693.6,50694.0,50694.0,50694.0,50694.0,50694.0,50694.0,50692.0,50694.0,50693.0,50693.0
546,50693.6,50694.0,50694.0,50694.0,50694.0,50694.0,50694.0,50692.0,50694.0,50693.0,50693.0
547,50693.6,50694.0,50694.0,50694.0,50694.0,50694.0,50694.0,50692.0,50694.0,50693.0,50693.0
548,50693.6,50694.0,50694.0,50694.0,50694.0,50694.0,50694.0,50692.0,50694.0,50693.0,50693.0
549,50693.6,50694.0,50694.0,50694.0,50694.0,50694.0,50694.0,50692.0,50694.0,50693.0,50693.0
550,50693.6,50694.0,50694.0,50694.0,50694.0,50694.0,50694.0,50692.0,50694.0,50693.0,50693.0
551,50693.6,50694.0,50694.0,50694.0,50694.0,50694.0,50694.0,50692.0,50694.0,50693.0,50693.0
552,50693.6,50694.0,50694.0,50694.0,50694.0,50694.0,50694.0,50692.0,50694.0,50693.0,50693.0
553,50693.6,50694.0,50694.0,50694.0,50694.0,50694.0,50694.0,50692.0,50694.0,50693.0,50693.0
554,50693.6,50694.0,50694.0,50694.0,50694.0,50694.0,50694.0,50692.0,50694.0,50693.0,50693.0
555,50693.6,50694.0,50694.0,50694.0,50694.0,50694.0,50694.0,50692.0,50694.0,50693.0,50693.0
556,50693.6,50694.0,50694.0,50694.0,50694.0,50694.0,50694.0,50692.0,50694.0,50693.0,50693.0
557,50693.6,50694.0,50694.0,50694.0,50694.0,50694.0,50694.0,50692.0,50694.0,50693.0,50693.0
558,50693.6,50694.0,50694.0,50694.0,50694.0,50694.0,50694.0,50692.0,50694.0,50693.0,50693.0
559,50693.6,50694.0,50694.0,50694.0,50694.0,50694.0,50694.0,50692.0,50694.0,50693.0,50693.0
560,50693.6,50694.0,50694.0,50694.0,50694.0,50694.0,50694.0,50692.0,50694.0,50693.0,50693.0
561,50693.6,50694.0,50694.0,50694.0,50694.0,50694.0,50694.0,50692.0,50694.0,50693.0,50693.0
562,50693.6,50694.0,50694.0,50694.0,50694.0,50694.0,50694.0,50692.0,50694.0,50693.0,50693.0
563,50693.6,50694.0,50694.0,50694.0,50694.0,50694.0,50694.0,50692.0,50694.0,50693.0,50693.0
564,50693.6,50694.0,50694.0,50694.0,50694.0,50694.0,50694.0,50692.0,50694.0,50693.0,50693.0
565,50693.6,50694.0,50694.0,50694.0,50694.0,50694.0,50694.0,50692.0,50694.0,50693.0,50693.0
566,50693.6,50694.0,50694.0,50694.0,50694.0,50694.0,50694.0,50692.0,50694.0,50693.0,50693.0
567,50693.6,50694.0,50694.0,50694.0,50694.0,50694.0,50694.0,50692.0,50694.0,50693.0,50693.0
568,50693.6,50694.0,50694.0,50694.0,50694.0,50694.0,50694.0,50692.0,50694.0,50693.0,50693.0
569,50693.6,50694.0,50694.0,50694.0,50694.0,50694.0,50694.0,50692.0,50694.0,50693.0,50693.0
570,50693.6,50694.0,50694.0,50694.0,50694.0,50694.0,50694.0,50692.0,50694.0,50693.0,50693.0
571,50693.6,50694.0,50694.0,50694.0,50694.0,50694.0,50694.0,50692.0,50694.0,50693.0,50693.0
572,50693.6,50694.0,50694.0,50694.0,50694.0,50694.0,50694.0,50692.0,50694.0,50693.0,50693.0
573,50693.6,50694.0,50694.0,50694.0,50694.0,50694.0,50694.0,50692.0,50694.0,50693.0,50693.0
574,50693.6,50694.0,50694.0,50694.0,50694.0,50694.0,50694.0,50692.0,50694.0,50693.0,50693.0
575,50693.6,50694.0,50694.0,50694.0,50694.0,50694.0,50694.0,50692.0,50694.0,50693.0,50693.0
576,50693.6,50694.0,50694.0,50694.0,50694.0,50694.0,50694.0,50692.0,50694.0,50693.0,50693.0
577,50693.6,50694.0,50694.0,50694.0,50694.0,50694.0,50694.0,50692.0,50694.0,50693.0,50693.0
578,50693.6,50694.0,50694.0,50694.0,50694.0,50694.0,50694.0,50692.0,50694.0,50693.0,50693.0
579,50693.7,50694.0,50694.0,50694.0,50694.0,50694.0,50694.0,50692.0,50694.0,50694.0,50693.0
580,50693.7,50694.0,50694.0,50694.0,50694.0,50694.0,50694.0,50692.0,50694.0,50694.0,50693.0
581,50693.7,50694.0,50694.0,50694.0,50694.0,50694.0,50694.0,50692.0,50694.0,50694.0,50693.0
582,50693.7,50694.0,50694.0,50694.0,50694.0,50694.0,50694.0,50692.0,50694.0,50694.0,50693.0
583,50693.7,50694.0,50694.0,50694.0,50694.0,50694.0,50694.0,50692.0,50694.0,50694.0,50693.0
584,50693.7,50694.0,50694.0,50694.0,50694.0,50694.0,50694.0,50692.0,50694.0,50694.0,50693.0
585,50693.7,50694.0,50694.0,50694.0,50694.0,50694.0,50694.0,50692.0,50694.0,50694.0,50693.0
586,50693.7,50694.0,50694.0,50694.0,50694.0,50694.0,50694.0,50692.0,50694.0,50694.0,50693.0
587,50693.7,50694.0,50694.0,50694.0,50694.0,50694.0,50694.0,50692.0,50694.0,50694.0,50693.0
588,50693.7,50694.0,50694.0,50694.0,50694.0,50694.0,50694.0,50692.0,50694.0,50694.0,50693.0
589,50693.7,50694.0,50694.0,50694.0,50694.0,50694.0,50694.0,50692.0,50694.0,50694.0,50693.0
590,50693.7,50694.0,50694.0,50694.0,50694.0,50694.0,50694.0,50692.0,50694.0,50694.0,50693.0
591,50693.7,50694.0,50694.0,50694.0,50694.0,50694.0,50694.0,50692.0,50694.0,50694.0,50693.0
592,50693.7,50694.0,50694.0,50694.0,50694.0,50694.0,50694.0,50692.0,50694.0,50694.0,50693.0
593,50693.7,50694.0,50694.0,50694.0,50694.0,50694.0,50694.0,50692.0,50694.0,50694.0,50693.0
594,50693.7,50694.0,50694.0,50694.0,50694.0,50694.0,50694.0,50692.0,50694.0,50694.0,50693.0
595,50693.7,50694.0,50694.0,50694.0,50694.0,50694.0,50694.0,50692.0,50694.0,50694.0,50693.0
596,50693.7,50694.0,50694.0,50694.0,50694.0,50694.0,50694.0,50692.0,50694.0,50694.0,50693.0
597,50693.7,50694.0,50694.0,50694.0,50694.0,50694.0,50694.0,50692.0,50694.0,50694.0,50693.0
598,50693.7,50694.0,50694.0,50694.0,50694.0,50694.0,50694.0,50692.0,50694.0,50694.0,50693.0
599,50693.7,50694.0,50694.0,50694.0,50694.0,50694.0,50694.0,50692.0,50694.0,50694.0,50693.0
600,50693.7,50694.0,50694.0,50694.0,50694.0,50694.0,50694.0,50692.0,50694.0,50694.0,50693.0
601,50693.7,50694.0,50694.0,50694.0,50694.0,50694.0,50694.0,50692.0,50694.0,50694.0,50693.0
602,50693.7,50694.0,50694.0,50694.0,50694.0,50694.0,50694.0,50692.0,50694.0,50694.0,50693.0
603,50693.7,50694.0,50694.0,50694.0,50694.0,50694.0,50694.0,50692.0,50694.0,50694.0,50693.0
604,50693.7,50694.0,50694.0,50694.0,50694.0,50694.0,50694.0,50692.0,50694.0,50694.0,50693.0
605,50693.7,50694.0,50694.0,50694.0,50694.0,50694.0,50694.0,50692.0,50694.0,50694.0,50693.0
606,50693.7,50694.0,50694.0,50694.0,50694.0,50694.0,50694.0,50692.0,50694.0,50694.0,50693.0
607,50693.7,50694.0,50694.0,50694.0,50694.0,50694.0,50694.0,50692.0,50694.0,50694.0,50693.0
608,50693.7,50694.0,50694.0,50694.0,50694.0,50694.0,50694.0,50692.0,50694.0,50694.0,50693.0
609,50693.7,50694.0,50694.0,50694.0,50694.0,50694.0,50694.0,50692.0,50694.0,50694.0,50693.0
610,50693.7,50694.0,50694.0,50694.0,50694.0,50694.0,50694.0,50692.0,50694.0,50694.0,50693.0
611,50693.7,50694.0,50694.0,50694.0,50694.0,50694.0,50694.0,50692.0,50694.0,50694.0,50693.0
612,50693.7,50694.0,50694.0,50694.0,50694.0,50694.0,50694.0,50692.0,50694.0,50694.0,50693.0
613,50693.7,50694.0,50694.0,50694.0,50694.0,50694.0,50694.0,50692.0,50694.0,50694.0,50693.0
614,50693.7,50694.0,50694.0,50694.0,50694.0,50694.0,50694.0,50692.0,50694.0,50694.0,50693.0
615,50693.7,50694.0,50694.0,50694.0,50694.0,50694.0,50694.0,50692.0,50694.0,50694.0,50693.0
616,50693.7,50694.0,50694.0,50694.0,50694.0,50694.0,50694.0,50692.0,50694.0,50694.0,50693.0
617,50693.7,50694.0,50694.0,50694.0,50694.0,50694.0,50694.0,50692.0,50694.0,50694.0,50693.0
618,50693.7,50694.0,50694.0,50694.0,50694.0,50694.0,50694.0,50692.0,50694.0,50694.0,50693.0
619,50693.7,50694.0,50694.0,50694.0,50694.0,50694.0,50694.0,50692.0,50694.0,50694.0,50693.0
620,50693.7,50694.0,50694.0,50694.0,50694.0,50694.0,50694.0,50692.0,50694.0,50694.0,50693.0
621,50693.7,50694.0,50694.0,50694.0,50694.0,50694.0,50694.0,50692.0,50694.0,50694.0,50693.0
622,50693.7,50694.0,50694.0,50694.0,50694.0,50694.0,50694.0,50692.0,50694.0,50694.0,50693.0
623,50693.7,50694.0,50694.0,50694.0,50694.0,50694.0,50694.0,50692.0,50694.0,50694.0,50693.0
624,50693.7,50694.0,50694.0,50694.0,50694.0,50694.0,50694.0,50692.0,50694.0,50694.0,50693.0
625,50693.8,50694.0,50694.0,50694.0,50694.0,50694.0,50694.0,50692.0,50694.0,50694.0,50694.0
626,50693.8,50694.0,50694.0,50694.0,50694.0,50694.0,50694.0,50692.0,50694.0,50694.0,50694.0
627,50693.8,50694.0,50694.0,50694.0,50694.0,50694.0,50694.0,50692.0,50694.0,50694.0,50694.0
628,50693.8,50694.0,50694.0,50694.0,50694.0,50694.0,50694.0,50692.0,50694.0,50694.0,50694.0
629,50693.8,50694.0,50694.0,50694.0,50694.0,50694.0,50694.0,50692.0,50694.0,50694.0,50694.0
630,50693.8,50694.0,50694.0,50694.0,50694.0,50694.0,50694.0,50692.0,50694.0,50694.0,50694.0
631,50693.8,50694.0,50694.0,50694.0,50694.0,50694.0,50694.0,50692.0,50694.0,50694.0,50694.0
632,50693.8,50694.0,50694.0,50694.0,50694.0,50694.0,50694.0,50692.0,50694.0,50694.0,50694.0
633,50693.8,50694.0,50694.0,50694.0,50694.0,50694.0,50694.0,50692.0,50694.0,50694.0,50694.0
634,50693.8,50694.0,50694.0,50694.0,50694.0,50694.0,50694.0,50692.0,50694.0,50694.0,50694.0
635,50693.8,50694.0,50694.0,50694.0,50694.0,50694.0,50694.0,50692.0,50694.0,50694.0,50694.0
636,50693.8,50694.0,50694.0,50694.0,50694.0,50694.0,50694.0,50692.0,50694.0,50694.0,50694.0
637,50693.8,50694.0,50694.0,50694.0,50694.0,50694.0,50694.0,50692.0,50694.0,50694.0,50694.0
638,50693.8,50694.0,50694.0,50694.0,50694.0,50694.0,50694.0,50692.0,50694.0,50694.0,50694.0
639,50693.8,50694.0,50694.0,50694.0,50694.0,50694.0,50694.0,50692.0,50694.0,50694.0,50694.0
640,50693.8,50694.0,50694.0,50694.0,50694.0,50694.0,50694.0,50692.0,50694.0,50694.0,50694.0
641,50693.8,50694.0,50694.0,50694.0,50694.0,50694.0,50694.0,50692.0,50694.0,50694.0,50694.0
642,50693.8,50694.0,50694.0,50694.0,50694.0,50694.0,50694.0,50692.0,50694.0,50694.0,50694.0
643,50693.8,50694.0,50694.0,50694.0,50694.0,50694.0,50694.0,50692.0,50694.0,50694.0,50694.0
644,50693.8,50694.0,50694.0,50694.0,50694.0,50694.0,50694.0,50692.0,50694.0,50694.0,50694.0
645,50693.8,50694.0,50694.0,50694.0,50694.0,50694.0,50694.0,50692.0,50694.0,50694.0,50694.0
646,50693.8,50694.0,50694.0,50694.0,50694.0,50694.0,50694.0,50692.0,50694.0,50694.0,50694.0
647,50693.8,50694.0,50694.0,50694.0,50694.0,50694.0,50694.0,50692.0,50694.0,50694.0,50694.0
648,50693.8,50694.0,50694.0,50694.0,50694.0,50694.0,50694.0,50692.0,50694.0,50694.0,50694.0
649,50693.8,50694.0,50694.0,50694.0,50694.0,50694.0,50694.0,50692.0,50694.0,50694.0,50694.0
650,50693.8,50694.0,50694.0,50694.0,50694.0,50694.0,50694.0,50692.0,50694.0,50694.0,50694.0
651,50693.8,50694.0,50694.0,50694.0,50694.0,50694.0,50694.0,50692.0,50694.0,50694.0,50694.0
652,50693.8,50694.0,50694.0,50694.0,50694.0,50694.0,50694.0,50692.0,50694.0,50694.0,50694.0
653,50693.8,50694.0,50694.0,50694.0,50694.0,50694.0,50694.0,50692.0,50694.0,50694.0,50694.0
654,50693.8,50694.0,50694.0,50694.0,50694.0,50694.0,50694.0,50692.0,50694.0,50694.0,50694.0
655,50693.8,50694.0,50694.0,50694.0,50694.0,50694.0,50694.0,50692.0,50694.0,50694.0,50694.0
656,50693.8,50694.0,50694.0,50694.0,50694.0,50694.0,50694.0,50692.0,50694.0,50694.0,50694.0
657,50693.8,50694.0,50694.0,50694.0,50694.0,50694.0,50694.0,50692.0,50694.0,50694.0,50694.0
658,50693.8,50694.0,50694.0,50694.0,50694.0,50694.0,50694.0,50692.0,50694.0,50694.0,50694.0
659,50693.8,50694.0,50694.0,50694.0,50694.0,50694.0,50694.0,50692.0,50694.0,50694.0,50694.0
660,50693.8,50694.0,50694.0,50694.0,50694.0,50694.0,50694.0,50692.0,50694.0,50694.0,50694.0
661,50693.8,50694.0,50694.0,50694.0,50694.0,50694.0,50694.0,50692.0,50694.0,50694.0,50694.0
662,50693.8,50694.0,50694.0,50694.0,50694.0,50694.0,50694.0,50692.0,50694.0,50694.0,50694.0
663,50693.8,50694.0,50694.0,50694.0,50694.0,50694.0,50694.0,50692.0,50694.0,50694.0,50694.0
664,50693.8,50694.0,50694.0,50694.0,50694.0,50694.0,50694.0,50692.0,50694.0,50694.0,50694.0
665,50693.8,50694.0,50694.0,50694.0,50694.0,50694.0,50694.0,50692.0,50694.0,50694.0,50694.0
666,50693.8,50694.0,50694.0,50694.0,50694.0,50694.0,50694.0,50692.0,50694.0,50694.0,50694.0
667,50693.8,50694.0,50694.0,50694.0,50694.0,50694.0,50694.0,50692.0,50694.0,50694.0,50694.0
668,50693.8,50694.0,50694.0,50694.0,50694.0,50694.0,50694.0,50692.0,50694.0,50694.0,50694.0
669,50693.8,50694.0,50694.0,50694.0,50694.0,50694.0,50694.0,50692.0,50694.0,50694.0,50694.0
670,50693.8,50694.0,50694.0,50694.0,50694.0,50694.0,50694.0,50692.0,50694.0,50694.0,50694.0
671,50693.8,50694.0,50694.0,50694.0,50694.0,50694.0,50694.0,50692.0,50694.0,50694.0,50694.0
672,50693.8,50694.0,50694.0,50694.0,50694.0,50694.0,50694.0,50692.0,50694.0,50694.0,50694.0
673,50693.8,50694.0,50694.0,50694.0,50694.0,50694.0,50694.0,50692.0,50694.0,50694.0,50694.0
674,50693.8,50694.0,50694.0,50694.0,50694.0,50694.0,50694.0,50692.0,50694.0,50694.0,50694.0
675,50693.8,50694.0,50694.0,50694.0,50694.0,50694.0,50694.0,50692.0,50694.0,50694.0,50694.0
676,50693.8,50694.0,50694.0,50694.0,50694.0,50694.0,50694.0,50692.0,50694.0,50694.0,50694.0
677,50693.8,50694.0,50694.0,50694.0,50694.0,50694.0,50694.0,50692.0,50694.0,50694.0,50694.0
678,50693.8,50694.0,50694.0,50694.0,50694.0,50694.0,50694.0,50692.0,50694.0,50694.0,50694.0
679,50693.8,50694.0,50694.0,50694.0,50694.0,50694.0,50694.0,50692.0,50694.0,50694.0,50694.0
680,50693.8,50694.0,50694.0,50694.0,50694.0,50694.0,50694.0,50692.0,50694.0,50694.0,50694.0
681,50693.8,50694.0,50694.0,50694.0,50694.0,50694.0,50694.0,50692.0,50694.0,50694.0,50694.0
682,50693.8,50694.0,50694.0,50694.0,50694.0,50694.0,50694.0,50692.0,50694.0,50694.0,50694.0
683,50693.8,50694.0,50694.0,50694.0,50694.0,50694.0,50694.0,50692.0,50694.0,50694.0,50694.0
684,50693.8,50694.0,50694.0,50694.0,50694.0,50694.0,50694.0,50692.0,50694.0,50694.0,50694.0
685,50693.8,50694.0,50694.0,50694.0,50694.0,50694.0,50694.0,50692.0,50694.0,50694.0,50694.0
686,50693.8,50694.0,50694.0,50694.0,50694.0,50694.0,50694.0,50692.0,50694.0,50694.0,50694.0
687,50693.8,50694.0,50694.0,50694.0,50694.0,50694.0,50694.0,50692.0,50694.0,50694.0,50694.0
688,50693.8,50694.0,50694.0,50694.0,50694.0,50694.0,50694.0,50692.0,50694.0,50694.0,50694.0
689,50693.8,50694.0,50694.0,50694.0,50694.0,50694.0,50694.0,50692.0,50694.0,50694.0,50694.0
690,50693.8,50694.0,50694.0,50694.0,50694.0,50694.0,50694.0,50692.0,50694.0,50694.0,50694.0
691,50693.8,50694.0,50694.0,50694.0,50694.0,50694.0,50694.0,50692.0,50694.0,50694.0,50694.0
692,50693.8,50694.0,50694.0,50694.0,50694.0,50694.0,50694.0,50692.0,50694.0,50694.0,50694.0
693,50693.8,50694.0,50694.0,50694.0,50694.0,50694.0,50694.0,50692.0,50694.0,50694.0,50694.0
694,50693.8,50694.0,50694.0,50694.0,50694.0,50694.0,50694.0,50692.0,50694.0,50694.0,50694.0
695,50693.8,50694.0,50694.0,50694.0,50694.0,50694.0,50694.0,50692.0,50694.0,50694.0,50694.0
696,50693.8,50694.0,50694.0,50694.0,50694.0,50694.0,50694.0,50692.0,50694.0,50694.0,50694.0
697,50693.8,50694.0,50694.0,50694.0,50694.0,50694.0,50694.0,50692.0,50694.0,50694.0,50694.0
698,50693.8,50694.0,50694.0,50694.0,50694.0,50694.0,50694.0,50692.0,50694.0,50694.0,50694.0
699,50693.8,50694.0,50694.0,50694.0,50694.0,50694.0,50694.0,50692.0,50694.0,50694.0,50694.0
700,50693.8,50694.0,50694.0,50694.0,50694.0,50694.0,50694.0,50692.0,50694.0,50694.0,50694.0
701,50693.8,50694.0,50694.0,50694.0,50694.0,50694.0,50694.0,50692.0,50694.0,50694.0,50694.0
702,50693.8,50694.0,50694.0,50694.0,50694.0,50694.0,50694.0,50692.0,50694.0,50694.0,50694.0
703,50693.8,50694.0,50694.0,50694.0,50694.0,50694.0,50694.0,50692.0,50694.0,50694.0,50694.0
704,50693.8,50694.0,50694.0,50694.0,50694.0,50694.0,50694.0,50692.0,50694.0,50694.0,50694.0
705,50693.8,50694.0,50694.0,50694.0,50694.0,50694.0,50694.0,50692.0,50694.0,50694.0,50694.0
706,50693.8,50694.0,50694.0,50694.0,50694.0,50694.0,50694.0,50692.0,50694.0,50694.0,50694.0
707,50693.8,50694.0,50694.0,50694.0,50694.0,50694.0,50694.0,50692.0,50694.0,50694.0,50694.0
708,50693.8,50694.0,50694.0,50694.0,50694.0,50694.0,50694.0,50692.0,50694.0,50694.0,50694.0
709,50693.8,50694.0,50694.0,50694.0,50694.0,50694.0,50694.0,50692.0,50694.0,50694.0,50694.0
710,50693.8,50694.0,50694.0,50694.0,50694.0,50694.0,50694.0,50692.0,50694.0,50694.0,50694.0
711,50693.8,50694.0,50694.0,50694.0,50694.0,50694.0,50694.0,50692.0,50694.0,50694.0,50694.0
712,50693.8,50694.0,50694.0,50694.0,50694.0,50694.0,50694.0,50692.0,50694.0,50694.0,50694.0
713,50693.8,50694.0,50694.0,50694.0,50694.0,50694.0,50694.0,50692.0,50694.0,50694.0,50694.0
714,50693.8,50694.0,50694.0,50694.0,50694.0,50694.0,50694.0,50692.0,50694.0,50694.0,50694.0
715,50693.8,50694.0,50694.0,50694.0,50694.0,50694.0,50694.0,50692.0,50694.0,50694.0,50694.0
716,50693.8,50694.0,50694.0,50694.0,50694.0,50694.0,50694.0,50692.0,50694.0,50694.0,50694.0
717,50693.8,50694.0,50694.0,50694.0,50694.0,50694.0,50694.0,50692.0,50694.0,50694.0,50694.0
718,50693.8,50694.0,50694.0,50694.0,50694.0,50694.0,50694.0,50692.0,50694.0,50694.0,50694.0
719,50693.8,50694.0,50694.0,50694.0,50694.0,50694.0,50694.0,50692.0,50694.0,50694.0,50694.0
720,50693.8,50694.0,50694.0,50694.0,50694.0,50694.0,50694.0,50692.0,50694.0,50694.0,50694.0
721,50693.8,50694.0,50694.0,50694.0,50694.0,50694.0,50694.0,50692.0,50694.0,50694.0,50694.0
722,50693.8,50694.0,50694.0,50694.0,50694.0,50694.0,50694.0,50692.0,50694.0,50694.0,50694.0
723,50693.8,50694.0,50694.0,50694.0,50694.0,50694.0,50694.0,50692.0,50694.0,50694.0,50694.0
724,50693.8,50694.0,50694.0,50694.0,50694.0,50694.0,50694.0,50692.0,50694.0,50694.0,50694.0
725,50693.8,50694.0,50694.0,50694.0,50694.0,50694.0,50694.0,50692.0,50694.0,50694.0,50694.0
726,50693.8,50694.0,50694.0,50694.0,50694.0,50694.0,50694.0,50692.0,50694.0,50694.0,50694.0
727,50693.8,50694.0,50694.0,50694.0,50694.0,50694.0,50694.0,50692.0,50694.0,50694.0,50694.0
728,50693.8,50694.0,50694.0,50694.0,50694.0,50694.0,50694.0,50692.0,50694.0,50694.0,50694.0
729,50693.8,50694.0,50694.0,50694.0,50694.0,50694.0,50694.0,50692.0,50694.0,50694.0,50694.0
730,50693.8,50694.0,50694.0,50694.0,50694.0,50694.0,50694.0,50692.0,50694.0,50694.0,50694.0
731,50693.8,50694.0,50694.0,50694.0,50694.0,50694.0,50694.0,50692.0,50694.0,50694.0,50694.0
732,50693.8,50694.0,50694.0,50694.0,50694.0,50694.0,50694.0,50692.0,50694.0,50694.0,50694.0
733,50693.8,50694.0,50694.0,50694.0,50694.0,50694.0,50694.0,50692.0,50694.0,50694.0,50694.0
734,50693.8,50694.0,50694.0,50694.0,50694.0,50694.0,50694.0,50692.0,50694.0,50694.0,50694.0
735,50693.8,50694.0,50694.0,50694.0,50694.0,50694.0,50694.0,50692.0,50694.0,50694.0,50694.0
736,50693.8,50694.0,50694.0,50694.0,50694.0,50694.0,50694.0,50692.0,50694.0,50694.0,50694.0
737,50693.8,50694.0,50694.0,50694.0,50694.0,50694.0,50694.0,50692.0,50694.0,50694.0,50694.0
738,50694.0,50694.0,50694.0,50694.0,50694.0,50694.0,50694.0,50694.0,50694.0,50694.0,50694.0
739,50694.0,50694.0,50694.0,50694.0,50694.0,50694.0,50694.0,50694.0,50694.0,50694.0,50694.0
740,50694.0,50694.0,50694.0,50694.0,50694.0,50694.0,50694.0,50694.0,50694.0,50694.0,50694.0
741,50694.0,50694.0,50694.0,50694.0,50694.0,50694.0,50694.0,50694.0,50694.0,50694.0,50694.0
742,50694.0,50694.0,50694.0,50694.0,50694.0,50694.0,50694.0,50694.0,50694.0,50694.0,50694.0
743,50694.0,50694.0,50694.0,50694.0,50694.0,50694.0,50694.0,50694.0,50694.0,50694.0,50694.0
744,50694.0,50694.0,50694.0,50694.0,50694.0,50694.0,50694.0,50694.0,50694.0,50694.0,50694.0
745,50694.0,50694.0,50694.0,50694.0,50694.0,50694.0,50694.0,50694.0,50694.0,50694.0,50694.0
746,50694.0,50694.0,50694.0,50694.0,50694.0,50694.0,50694.0,50694.0,50694.0,50694.0,50694.0
747,50694.0,50694.0,50694.0,50694.0,50694.0,50694.0,50694.0,50694.0,50694.0,50694.0,50694.0
748,50694.0,50694.0,50694.0,50694.0,50694.0,50694.0,50694.0,50694.0,50694.0,50694.0,50694.0
749,50694.0,50694.0,50694.0,50694.0,50694.0,50694.0,50694.0,50694.0,50694.0,50694.0,50694.0
750,50694.0,50694.0,50694.0,50694.0,50694.0,50694.0,50694.0,50694.0,50694.0,50694.0,50694.0
751,50694.0,50694.0,50694.0,50694.0,50694.0,50694.0,50694.0,50694.0,50694.0,50694.0,50694.0
752,50694.0,50694.0,50694.0,50694.0,50694.0,50694.0,50694.0,50694.0,50694.0,50694.0,50694.0
753,50694.0,50694.0,50694.0,50694.0,50694.0,50694.0,50694.0,50694.0,50694.0,50694.0,50694.0
754,50694.0,50694.0,50694.0,50694.0,50694.0,50694.0,50694.0,50694.0,50694.0,50694.0,50694.0
755,50694.0,50694.0,50694.0,50694.0,50694.0,50694.0,50694.0,50694.0,50694.0,50694.0,50694.0
756,50694.0,50694.0,50694.0,50694.0,50694.0,50694.0,50694.0,50694.0,50694.0,50694.0,50694.0
757,50694.0,50694.0,50694.0,50694.0,50694.0,50694.0,50694.0,50694.0,50694.0,50694.0,50694.0
758,50694.0,50694.0,50694.0,50694.0,50694.0,50694.0,50694.0,50694.0,50694.0,50694.0,50694.0
759,50694.0,50694.0,50694.0,50694.0,50694.0,50694.0,50694.0,50694.0,50694.0,50694.0,50694.0
760,50694.0,50694.0,50694.0,50694.0,50694.0,50694.0,50694.0,50694.0,50694.0,50694.0,50694.0
761,50694.0,50694.0,50694.0,50694.0,50694.0,50694.0,50694.0,50694.0,50694.0,50694.0,50694.0
762,50694.0,50694.0,50694.0,50694.0,50694.0,50694.0,50694.0,50694.0,50694.0,50694.0,50694.0
763,50694.0,50694.0,50694.0,50694.0,50694.0,50694.0,50694.0,50694.0,50694.0,50694.0,50694.0
764,50694.0,50694.0,50694.0,50694.0,50694.0,50694.0,50694.0,50694.0,50694.0,50694.0,50694.0
765,50694.0,50694.0,50694.0,50694.0,50694.0,50694.0,50694.0,50694.0,50694.0,50694.0,50694.0
766,50694.0,50694.0,50694.0,50694.0,50694.0,50694.0,50694.0,50694.0,50694.0,50694.0,50694.0
767,50694.0,50694.0,50694.0,50694.0,50694.0,50694.0,50694.0,50694.0,50694.0,50694.0,50694.0
768,50694.0,50694.0,50694.0,50694.0,50694.0,50694.0,50694.0,50694.0,50694.0,50694.0,50694.0
769,50694.0,50694.0,50694.0,50694.0,50694.0,50694.0,50694.0,50694.0,50694.0,50694.0,50694.0
770,50694.0,50694.0,50694.0,50694.0,50694.0,50694.0,50694.0,50694.0,50694.0,50694.0,50694.0
771,50694.0,50694.0,50694.0,50694.0,50694.0,50694.0,50694.0,50694.0,50694.0,50694.0,50694.0
772,50694.0,50694.0,50694.0,50694.0,50694.0,50694.0,50694.0,50694.0,50694.0,50694.0,50694.0
773,50694.0,50694.0,50694.0,50694.0,50694.0,50694.0,50694.0,50694.0,50694.0,50694.0,50694.0
774,50694.0,50694.0,50694.0,50694.0,50694.0,50694.0,50694.0,50694.0,50694.0,50694.0,50694.0
775,50694.0,50694.0,50694.0,50694.0,50694.0,50694.0,50694.0,50694.0,50694.0,50694.0,50694.0
776,50694.0,50694.0,50694.0,50694.0,50694.0,50694.0,50694.0,50694.0,50694.0,50694.0,50694.0
777,50694.0,50694.0,50694.0,50694.0,50694.0,50694.0,50694.0,50694.0,50694.0,50694.0,50694.0
778,50694.0,50694.0,50694.0,50694.0,50694.0,50694.0,50694.0,50694.0,50694.0,50694.0,50694.0
779,50694.0,50694.0,50694.0,50694.0,50694.0,50694.0,50694.0,50694.0,50694.0,50694.0,50694.0
780,50694.0,50694.0,50694.0,50694.0,50694.0,50694.0,50694.0,50694.0,50694.0,50694.0,50694.0
781,50694.0,50694.0,50694.0,50694.0,50694.0,50694.0,50694.0,50694.0,50694.0,50694.0,50694.0
782,50694.0,50694.0,50694.0,50694.0,50694.0,50694.0,50694.0,50694.0,50694.0,50694.0,50694.0
783,50694.0,50694.0,50694.0,50694.0,50694.0,50694.0,50694.0,50694.0,50694.0,50694.0,50694.0
784,50694.0,50694.0,50694.0,50694.0,50694.0,50694.0,50694.0,50694.0,50694.0,50694.0,50694.0
785,50694.0,50694.0,50694.0,50694.0,50694.0,50694.0,50694.0,50694.0,50694.0,50694.0,50694.0
786,50694.0,50694.0,50694.0,50694.0,50694.0,50694.0,50694.0,50694.0,50694.0,50694.0,50694.0
787,50694.0,50694.0,50694.0,50694.0,50694.0,50694.0,50694.0,50694.0,50694.0,50694.0,50694.0
788,50694.0,50694.0,50694.0,50694.0,50694.0,50694.0,50694.0,50694.0,50694.0,50694.0,50694.0
789,50694.0,50694.0,50694.0,50694.0,50694.0,50694.0,50694.0,50694.0,50694.0,50694.0,50694.0
790,50694.0,50694.0,50694.0,50694.0,50694.0,50694.0,50694.0,50694.0,50694.0,50694.0,50694.0
791,50694.0,50694.0,50694.0,50694.0,50694.0,50694.0,50694.0,50694.0,50694.0,50694.0,50694.0
792,50694.0,50694.0,50694.0,50694.0,50694.0,50694.0,50694.0,50694.0,50694.0,50694.0,50694.0
793,50694.0,50694.0,50694.0,50694.0,50694.0,50694.0,50694.0,50694.0,50694.0,50694.0,50694.0
794,50694.0,50694.0,50694.0,50694.0,50694.0,50694.0,50694.0,50694.0,50694.0,50694.0,50694.0
795,50694.0,50694.0,50694.0,50694.0,50694.0,50694.0,50694.0,50694.0,50694.0,50694.0,50694.0
796,50694.0,50694.0,50694.0,50694.0,50694.0,50694.0,50694.0,50694.0,50694.0,50694.0,50694.0
797,50694.0,50694.0,50694.0,50694.0,50694.0,50694.0,50694.0,50694.0,50694.0,50694.0,50694.0
798,50694.0,50694.0,50694.0,50694.0,50694.0,50694.0,50694.0,50694.0,50694.0,50694.0,50694.0
799,50694.0,50694.0,50694.0,50694.0,50694.0,50694.0,50694.0,50694.0,50694.0,50694.0,50694.0
800,50694.0,50694.0,50694.0,50694.0,50694.0,50694.0,50694.0,50694.0,50694.0,50694.0,50694.0
801,50694.0,50694.0,50694.0,50694.0,50694.0,50694.0,50694.0,50694.0,50694.0,50694.0,50694.0
802,50694.0,50694.0,50694.0,50694.0,50694.0,50694.0,50694.0,50694.0,50694.0,50694.0,50694.0
803,50694.0,50694.0,50694.0,50694.0,50694.0,50694.0,50694.0,50694.0,50694.0,50694.0,50694.0
804,50694.0,50694.0,50694.0,50694.0,50694.0,50694.0,50694.0,50694.0,50694.0,50694.0,50694.0
805,50694.0,50694.0,50694.0,50694.0,50694.0,50694.0,50694.0,50694.0,50694.0,50694.0,50694.0
806,50694.0,50694.0,50694.0,50694.0,50694.0,50694.0,50694.0,50694.0,50694.0,50694.0,50694.0
807,50694.0,50694.0,50694.0,50694.0,50694.0,50694.0,50694.0,50694.0,50694.0,50694.0,50694.0
808,50694.0,50694.0,50694.0,50694.0,50694.0,50694.0,50694.0,50694.0,50694.0,50694.0,50694.0
809,50694.0,50694.0,50694.0,50694.0,50694.0,50694.0,50694.0,50694.0,50694.0,50694.0,50694.0
810,50694.0,50694.0,50694.0,50694.0,50694.0,50694.0,50694.0,50694.0,50694.0,50694.0,50694.0
811,50694.0,50694.0,50694.0,50694.0,50694.0,50694.0,50694.0,50694.0,50694.0,50694.0,50694.0
812,50694.0,50694.0,50694.0,50694.0,50694.0,50694.0,50694.0,50694.0,50694.0,50694.0,50694.0
813,50694.0,50694.0,50694.0,50694.0,50694.0,50694.0,50694.0,50694.0,50694.0,50694.0,50694.0
814,50694.0,50694.0,50694.0,50694.0,50694.0,50694.0,50694.0,50694.0,50694.0,50694.0,50694.0
815,50694.0,50694.0,50694.0,50694.0,50694.0,50694.0,50694.0,50694.0,50694.0,50694.0,50694.0
816,50694.0,50694.0,50694.0,50694.0,50694.0,50694.0,50694.0,50694.0,50694.0,50694.0,50694.0
817,50694.0,50694.0,50694.0,50694.0,50694.0,50694.0,50694.0,50694.0,50694.0,50694.0,50694.0
818,50694.0,50694.0,50694.0,50694.0,50694.0,50694.0,50694.0,50694.0,50694.0,50694.0,50694.0
819,50694.0,50694.0,50694.0,50694.0,50694.0,50694.0,50694.0,50694.0,50694.0,50694.0,50694.0
820,50694.0,50694.0,50694.0,50694.0,50694.0,50694.0,50694.0,50694.0,50694.0,50694.0,50694.0
821,50694.0,50694.0,50694.0,50694.0,50694.0,50694.0,50694.0,50694.0,50694.0,50694.0,50694.0
822,50694.0,50694.0,50694.0,50694.0,50694.0,50694.0,50694.0,50694.0,50694.0,50694.0,50694.0
823,50694.0,50694.0,50694.0,50694.0,50694.0,50694.0,50694.0,50694.0,50694.0,50694.0,50694.0
824,50694.0,50694.0,50694.0,50694.0,50694.0,50694.0,50694.0,50694.0,50694.0,50694.0,50694.0
825,50694.0,50694.0,50694.0,50694.0,50694.0,50694.0,50694.0,50694.0,50694.0,50694.0,50694.0
826,50694.0,50694.0,50694.0,50694.0,50694.0,50694.0,50694.0,50694.0,50694.0,50694.0,50694.0
827,50694.0,50694.0,50694.0,50694.0,50694.0,50694.0,50694.0,50694.0,50694.0,50694.0,50694.0
828,50694.0,50694.0,50694.0,50694.0,50694.0,50694.0,50694.0,50694.0,50694.0,50694.0,50694.0
829,50694.0,50694.0,50694.0,50694.0,50694.0,50694.0,50694.0,50694.0,50694.0,50694.0,50694.0
830,50694.0,50694.0,50694.0,50694.0,50694.0,50694.0,50694.0,50694.0,50694.0,50694.0,50694.0
831,50694.0,50694.0,50694.0,50694.0,50694.0,50694.0,50694.0,50694.0,50694.0,50694.0,50694.0
832,50694.0,50694.0,50694.0,50694.0,50694.0,50694.0,50694.0,50694.0,50694.0,50694.0,50694.0
833,50694.0,50694.0,50694.0,50694.0,50694.0,50694.0,50694.0,50694.0,50694.0,50694.0,50694.0
834,50694.0,50694.0,50694.0,50694.0,50694.0,50694.0,50694.0,50694.0,50694.0,50694.0,50694.0
835,50694.0,50694.0,50694.0,50694.0,50694.0,50694.0,50694.0,50694.0,50694.0,50694.0,50694.0
836,50694.0,50694.0,50694.0,50694.0,50694.0,50694.0,50694.0,50694.0,50694.0,50694.0,50694.0
837,50694.0,50694.0,50694.0,50694.0,50694.0,50694.0,50694.0,50694.0,50694.0,50694.0,50694.0
838,50694.0,50694.0,50694.0,50694.0,50694.0,50694.0,50694.0,50694.0,50694.0,50694.0,50694.0
839,50694.0,50694.0,50694.0,50694.0,50694.0,50694.0,50694.0,50694.0,50694.0,50694.0,50694.0
840,50694.0,50694.0,50694.0,50694.0,50694.0,50694.0,50694.0,50694.0,50694.0,50694.0,50694.0
841,50694.0,50694.0,50694.0,50694.0,50694.0,50694.0,50694.0,50694.0,50694.0,50694.0,50694.0
842,50694.0,50694.0,50694.0,50694.0,50694.0,50694.0,50694.0,50694.0,50694.0,50694.0,50694.0
843,50694.0,50694.0,50694.0,50694.0,50694.0,50694.0,50694.0,50694.0,50694.0,50694.0,50694.0
844,50694.0,50694.0,50694.0,50694.0,50694.0,50694.0,50694.0,50694.0,50694.0,50694.0,50694.0
845,50694.0,50694.0,50694.0,50694.0,50694.0,50694.0,50694.0,50694.0,50694.0,50694.0,50694.0
846,50694.0,50694.0,50694.0,50694.0,50694.0,50694.0,50694.0,50694.0,50694.0,50694.0,50694.0
847,50694.0,50694.0,50694.0,50694.0,50694.0,50694.0,50694.0,50694.0,50694.0,50694.0,50694.0
848,50694.0,50694.0,50694.0,50694.0,50694.0,50694.0,50694.0,50694.0,50694.0,50694.0,50694.0
849,50694.0,50694.0,50694.0,50694.0,50694.0,50694.0,50694.0,50694.0,50694.0,50694.0,50694.0
850,50694.0,50694.0,50694.0,50694.0,50694.0,50694.0,50694.0,50694.0,50694.0,50694.0,50694.0
851,50694.0,50694.0,50694.0,50694.0,50694.0,50694.0,50694.0,50694.0,50694.0,50694.0,50694.0
852,50694.0,50694.0,50694.0,50694.0,50694.0,50694.0,50694.0,50694.0,50694.0,50694.0,50694.0
853,50694.0,50694.0,50694.0,50694.0,50694.0,50694.0,50694.0,50694.0,50694.0,50694.0,50694.0
854,50694.0,50694.0,50694.0,50694.0,50694.0,50694.0,50694.0,50694.0,50694.0,50694.0,50694.0
855,50694.0,50694.0,50694.0,50694.0,50694.0,50694.0,50694.0,50694.0,50694.0,50694.0,50694.0
856,50694.0,50694.0,50694.0,50694.0,50694.0,50694.0,50694.0,50694.0,50694.0,50694.0,50694.0
857,50694.0,50694.0,50694.0,50694.0,50694.0,50694.0,50694.0,50694.0,50694.0,50694.0,50694.0
858,50694.0,50694.0,50694.0,50694.0,50694.0,50694.0,50694.0,50694.0,50694.0,50694.0,50694.0
859,50694.0,50694.0,50694.0,50694.0,50694.0,50694.0,50694.0,50694.0,50694.0,50694.0,50694.0
860,50694.0,50694.0,50694.0,50694.0,50694.0,50694.0,50694.0,50694.0,50694.0,50694.0,50694.0
861,50694.0,50694.0,50694.0,50694.0,50694.0,50694.0,50694.0,50694.0,50694.0,50694.0,50694.0
862,50694.0,50694.0,50694.0,50694.0,50694.0,50694.0,50694.0,50694.0,50694.0,50694.0,50694.0
863,50694.0,50694.0,50694.0,50694.0,50694.0,50694.0,50694.0,50694.0,50694.0,50694.0,50694.0
864,50694.0,50694.0,50694.0,50694.0,50694.0,50694.0,50694.0,50694.0,50694.0,50694.0,50694.0
865,50694.0,50694.0,50694.0,50694.0,50694.0,50694.0,50694.0,50694.0,50694.0,50694.0,50694.0
866,50694.0,50694.0,50694.0,50694.0,50694.0,50694.0,50694.0,50694.0,50694.0,50694.0,50694.0
867,50694.0,50694.0,50694.0,50694.0,50694.0,50694.0,50694.0,50694.0,50694.0,50694.0,50694.0
868,50694.0,50694.0,50694.0,50694.0,50694.0,50694.0,50694.0,50694.0,50694.0,50694.0,50694.0
869,50694.0,50694.0,50694.0,50694.0,50694.0,50694.0,50694.0,50694.0,50694.0,50694.0,50694.0
870,50694.0,50694.0,50694.0,50694.0,50694.0,50694.0,50694.0,50694.0,50694.0,50694.0,50694.0
871,50694.0,50694.0,50694.0,50694.0,50694.0,50694.0,50694.0,50694.0,50694.0,50694.0,50694.0
872,50694.0,50694.0,50694.0,50694.0,50694.0,50694.0,50694.0,50694.0,50694.0,50694.0,50694.0
873,50694.0,50694.0,50694.0,50694.0,50694.0,50694.0,50694.0,50694.0,50694.0,50694.0,50694.0
874,50694.0,50694.0,50694.0,50694.0,50694.0,50694.0,50694.0,50694.0,50694.0,50694.0,50694.0
875,50694.0,50694.0,50694.0,50694.0,50694.0,50694.0,50694.0,50694.0,50694.0,50694.0,50694.0
876,50694.0,50694.0,50694.0,50694.0,50694.0,50694.0,50694.0,50694.0,50694.0,50694.0,50694.0
877,50694.0,50694.0,50694.0,50694.0,50694.0,50694.0,50694.0,50694.0,50694.0,50694.0,50694.0
878,50694.0,50694.0,50694.0,50694.0,50694.0,50694.0,50694.0,50694.0,50694.0,50694.0,50694.0
879,50694.0,50694.0,50694.0,50694.0,50694.0,50694.0,50694.0,50694.0,50694.0,50694.0,50694.0
880,50694.0,50694.0,50694.0,50694.0,50694.0,50694.0,50694.0,50694.0,50694.0,50694.0,50694.0
881,50694.0,50694.0,50694.0,50694.0,50694.0,50694.0,50694.0,50694.0,50694.0,50694.0,50694.0
882,50694.0,50694.0,50694.0,50694.0,50694.0,50694.0,50694.0,50694.0,50694.0,50694.0,50694.0
883,50694.0,50694.0,50694.0,50694.0,50694.0,50694.0,50694.0,50694.0,50694.0,50694.0,50694.0
884,50694.0,50694.0,50694.0,50694.0,50694.0,50694.0,50694.0,50694.0,50694.0,50694.0,50694.0
885,50694.0,50694.0,50694.0,50694.0,50694.0,50694.0,50694.0,50694.0,50694.0,50694.0,50694.0
886,50694.0,50694.0,50694.0,50694.0,50694.0,50694.0,50694.0,50694.0,50694.0,50694.0,50694.0
887,50694.0,50694.0,50694.0,50694.0,50694.0,50694.0,50694.0,50694.0,50694.0,50694.0,50694.0
888,50694.0,50694.0,50694.0,50694.0,50694.0,50694.0,50694.0,50694.0,50694.0,50694.0,50694.0
889,50694.0,50694.0,50694.0,50694.0,50694.0,50694.0,50694.0,50694.0,50694.0,50694.0,50694.0
890,50694.0,50694.0,50694.0,50694.0,50694.0,50694.0,50694.0,50694.0,50694.0,50694.0,50694.0
891,50694.0,50694.0,50694.0,50694.0,50694.0,50694.0,50694.0,50694.0,50694.0,50694.0,50694.0
892,50694.0,50694.0,50694.0,50694.0,50694.0,50694.0,50694.0,50694.0,50694.0,50694.0,50694.0
893,50694.0,50694.0,50694.0,50694.0,50694.0,50694.0,50694.0,50694.0,50694.0,50694.0,50694.0
894,50694.0,50694.0,50694.0,50694.0,50694.0,50694.0,50694.0,50694.0,50694.0,50694.0,50694.0
895,50694.0,50694.0,50694.0,50694.0,50694.0,50694.0,50694.0,50694.0,50694.0,50694.0,50694.0
896,50694.0,50694.0,50694.0,50694.0,50694.0,50694.0,50694.0,50694.0,50694.0,50694.0,50694.0
897,50694.0,50694.0,50694.0,50694.0,50694.0,50694.0,50694.0,50694.0,50694.0,50694.0,50694.0
898,50694.0,50694.0,50694.0,50694.0,50694.0,50694.0,50694.0,50694.0,50694.0,50694.0,50694.0
899,50694.0,50694.0,50694.0,50694.0,50694.0,50694.0,50694.0,50694.0,50694.0,50694.0,50694.0
900,50694.0,50694.0,50694.0,50694.0,50694.0,50694.0,50694.0,50694.0,50694.0,50694.0,50694.0
901,50694.0,50694.0,50694.0,50694.0,50694.0,50694.0,50694.0,50694.0,50694.0,50694.0,50694.0
902,50694.0,50694.0,50694.0,50694.0,50694.0,50694.0,50694.0,50694.0,50694.0,50694.0,50694.0
903,50694.0,50694.0,50694.0,50694.0,50694.0,50694.0,50694.0,50694.0,50694.0,50694.0,50694.0
904,50694.0,50694.0,50694.0,50694.0,50694.0,50694.0,50694.0,50694.0,50694.0,50694.0,50694.0
905,50694.0,50694.0,50694.0,50694.0,50694.0,50694.0,50694.0,50694.0,50694.0,50694.0,50694.0
906,50694.0,50694.0,50694.0,50694.0,50694.0,50694.0,50694.0,50694.0,50694.0,50694.0,50694.0
907,50694.0,50694.0,50694.0,50694.0,50694.0,50694.0,50694.0,50694.0,50694.0,50694.0,50694.0
908,50694.0,50694.0,50694.0,50694.0,50694.0,50694.0,50694.0,50694.0,50694.0,50694.0,50694.0
909,50694.0,50694.0,50694.0,50694.0,50694.0,50694.0,50694.0,50694.0,50694.0,50694.0,50694.0
910,50694.0,50694.0,50694.0,50694.0,50694.0,50694.0,50694.0,50694.0,50694.0,50694.0,50694.0
911,50694.0,50694.0,50694.0,50694.0,50694.0,50694.0,50694.0,50694.0,50694.0,50694.0,50694.0
912,50694.0,50694.0,50694.0,50694.0,50694.0,50694.0,50694.0,50694.0,50694.0,50694.0,50694.0
913,50694.0,50694.0,50694.0,50694.0,50694.0,50694.0,50694.0,50694.0,50694.0,50694.0,50694.0
914,50694.0,50694.0,50694.0,50694.0,50694.0,50694.0,50694.0,50694.0,50694.0,50694.0,50694.0
915,50694.0,50694.0,50694.0,50694.0,50694.0,50694.0,50694.0,50694.0,50694.0,50694.0,50694.0
916,50694.0,50694.0,50694.0,50694.0,50694.0,50694.0,50694.0,50694.0,50694.0,50694.0,50694.0
917,50694.0,50694.0,50694.0,50694.0,50694.0,50694.0,50694.0,50694.0,50694.0,50694.0,50694.0
918,50694.0,50694.0,50694.0,50694.0,50694.0,50694.0,50694.0,50694.0,50694.0,50694.0,50694.0
919,50694.0,50694.0,50694.0,50694.0,50694.0,50694.0,50694.0,50694.0,50694.0,50694.0,50694.0
920,50694.0,50694.0,50694.0,50694.0,50694.0,50694.0,50694.0,50694.0,50694.0,50694.0,50694.0
921,50694.0,50694.0,50694.0,50694.0,50694.0,50694.0,50694.0,50694.0,50694.0,50694.0,50694.0
922,50694.0,50694.0,50694.0,50694.0,50694.0,50694.0,50694.0,50694.0,50694.0,50694.0,50694.0
923,50694.0,50694.0,50694.0,50694.0,50694.0,50694.0,50694.0,50694.0,50694.0,50694.0,50694.0
924,50694.0,50694.0,50694.0,50694.0,50694.0,50694.0,50694.0,50694.0,50694.0,50694.0,50694.0
925,50694.0,50694.0,50694.0,50694.0,50694.0,50694.0,50694.0,50694.0,50694.0,50694.0,50694.0
926,50694.0,50694.0,50694.0,50694.0,50694.0,50694.0,50694.0,50694.0,50694.0,50694.0,50694.0
927,50694.0,50694.0,50694.0,50694.0,50694.0,50694.0,50694.0,50694.0,50694.0,50694.0,50694.0
928,50694.0,50694.0,50694.0,50694.0,50694.0,50694.0,50694.0,50694.0,50694.0,50694.0,50694.0
929,50694.0,50694.0,50694.0,50694.0,50694.0,50694.0,50694.0,50694.0,50694.0,50694.0,50694.0
930,50694.0,50694.0,50694.0,50694.0,50694.0,50694.0,50694.0,50694.0,50694.0,50694.0,50694.0
931,50694.0,50694.0,50694.0,50694.0,50694.0,50694.0,50694.0,50694.0,50694.0,50694.0,50694.0
932,50694.0,50694.0,50694.0,50694.0,50694.0,50694.0,50694.0,50694.0,50694.0,50694.0,50694.0
933,50694.0,50694.0,50694.0,50694.0,50694.0,50694.0,50694.0,50694.0,50694.0,50694.0,50694.0
934,50694.0,50694.0,50694.0,50694.0,50694.0,50694.0,50694.0,50694.0,50694.0,50694.0,50694.0
935,50694.0,50694.0,50694.0,50694.0,50694.0,50694.0,50694.0,50694.0,50694.0,50694.0,50694.0
936,50694.0,50694.0,50694.0,50694.0,50694.0,50694.0,50694.0,50694.0,50694.0,50694.0,50694.0
937,50694.0,50694.0,50694.0,50694.0,50694.0,50694.0,50694.0,50694.0,50694.0,50694.0,50694.0
938,50694.0,50694.0,50694.0,50694.0,50694.0,50694.0,50694.0,50694.0,50694.0,50694.0,50694.0
939,50694.0,50694.0,50694.0,50694.0,50694.0,50694.0,50694.0,50694.0,50694.0,50694.0,50694.0
940,50694.0,50694.0,50694.0,50694.0,50694.0,50694.0,50694.0,50694.0,50694.0,50694.0,50694.0
941,50694.0,50694.0,50694.0,50694.0,50694.0,50694.0,50694.0,50694.0,50694.0,50694.0,50694.0
942,50694.0,50694.0,50694.0,50694.0,50694.0,50694.0,50694.0,50694.0,50694.0,50694.0,50694.0
943,50694.0,50694.0,50694.0,50694.0,50694.0,50694.0,50694.0,50694.0,50694.0,50694.0,50694.0
944,50694.0,50694.0,50694.0,50694.0,50694.0,50694.0,50694.0,50694.0,50694.0,50694.0,50694.0
945,50694.0,50694.0,50694.0,50694.0,50694.0,50694.0,50694.0,50694.0,50694.0,50694.0,50694.0
946,50694.0,50694.0,50694.0,50694.0,50694.0,50694.0,50694.0,50694.0,50694.0,50694.0,50694.0
947,50694.0,50694.0,50694.0,50694.0,50694.0,50694.0,50694.0,50694.0,50694.0,50694.0,50694.0
948,50694.0,50694.0,50694.0,50694.0,50694.0,50694.0,50694.0,50694.0,50694.0,50694.0,50694.0
949,50694.0,50694.0,50694.0,50694.0,50694.0,50694.0,50694.0,50694.0,50694.0,50694.0,50694.0
950,50694.0,50694.0,50694.0,50694.0,50694.0,50694.0,50694.0,50694.0,50694.0,50694.0,50694.0
951,50694.0,50694.0,50694.0,50694.0,50694.0,50694.0,50694.0,50694.0,50694.0,50694.0,50694.0
952,50694.0,50694.0,50694.0,50694.0,50694.0,50694.0,50694.0,50694.0,50694.0,50694.0,50694.0
953,50694.0,50694.0,50694.0,50694.0,50694.0,50694.0,50694.0,50694.0,50694.0,50694.0,50694.0
954,50694.0,50694.0,50694.0,50694.0,50694.0,50694.0,50694.0,50694.0,50694.0,50694.0,50694.0
955,50694.0,50694.0,50694.0,50694.0,50694.0,50694.0,50694.0,50694.0,50694.0,50694.0,50694.0
956,50694.0,50694.0,50694.0,50694.0,50694.0,50694.0,50694.0,50694.0,50694.0,50694.0,50694.0
957,50694.0,50694.0,50694.0,50694.0,50694.0,50694.0,50694.0,50694.0,50694.0,50694.0,50694.0
958,50694.0,50694.0,50694.0,50694.0,50694.0,50694.0,50694.0,50694.0,50694.0,50694.0,50694.0
959,50694.0,50694.0,50694.0,50694.0,50694.0,50694.0,50694.0,50694.0,50694.0,50694.0,50694.0
960,50694.0,50694.0,50694.0,50694.0,50694.0,50694.0,50694.0,50694.0,50694.0,50694.0,50694.0
961,50694.0,50694.0,50694.0,50694.0,50694.0,50694.0,50694.0,50694.0,50694.0,50694.0,50694.0
962,50694.0,50694.0,50694.0,50694.0,50694.0,50694.0,50694.0,50694.0,50694.0,50694.0,50694.0
963,50694.0,50694.0,50694.0,50694.0,50694.0,50694.0,50694.0,50694.0,50694.0,50694.0,50694.0
964,50694.0,50694.0,50694.0,50694.0,50694.0,50694.0,50694.0,50694.0,50694.0,50694.0,50694.0
965,50694.0,50694.0,50694.0,50694.0,50694.0,50694.0,50694.0,50694.0,50694.0,50694.0,50694.0
966,50694.0,50694.0,50694.0,50694.0,50694.0,50694.0,50694.0,50694.0,50694.0,50694.0,50694.0
967,50694.0,50694.0,50694.0,50694.0,50694.0,50694.0,50694.0,50694.0,50694.0,50694.0,50694.0
968,50694.0,50694.0,50694.0,50694.0,50694.0,50694.0,50694.0,50694.0,50694.0,50694.0,50694.0
969,50694.0,50694.0,50694.0,50694.0,50694.0,50694.0,50694.0,50694.0,50694.0,50694.0,50694.0
970,50694.0,50694.0,50694.0,50694.0,50694.0,50694.0,50694.0,50694.0,50694.0,50694.0,50694.0
971,50694.0,50694.0,50694.0,50694.0,50694.0,50694.0,50694.0,50694.0,50694.0,50694.0,50694.0
972,50694.0,50694.0,50694.0,50694.0,50694.0,50694.0,50694.0,50694.0,50694.0,50694.0,50694.0
973,50694.0,50694.0,50694.0,50694.0,50694.0,50694.0,50694.0,50694.0,50694.0,50694.0,50694.0
974,50694.0,50694.0,50694.0,50694.0,50694.0,50694.0,50694.0,50694.0,50694.0,50694.0,50694.0
975,50694.0,50694.0,50694.0,50694.0,50694.0,50694.0,50694.0,50694.0,50694.0,50694.0,50694.0
976,50694.0,50694.0,50694.0,50694.0,50694.0,50694.0,50694.0,50694.0,50694.0,50694.0,50694.0
977,50694.0,50694.0,50694.0,50694.0,50694.0,50694.0,50694.0,50694.0,50694.0,50694.0,50694.0
978,50694.0,50694.0,50694.0,50694.0,50694.0,50694.0,50694.0,50694.0,50694.0,50694.0,50694.0
979,50694.0,50694.0,50694.0,50694.0,50694.0,50694.0,50694.0,50694.0,50694.0,50694.0,50694.0
980,50694.0,50694.0,50694.0,50694.0,50694.0,50694.0,50694.0,50694.0,50694.0,50694.0,50694.0
981,50694.0,50694.0,50694.0,50694.0,50694.0,50694.0,50694.0,50694.0,50694.0,50694.0,50694.0
982,50694.0,50694.0,50694.0,50694.0,50694.0,50694.0,50694.0,50694.0,50694.0,50694.0,50694.0
983,50694.0,50694.0,50694.0,50694.0,50694.0,50694.0,50694.0,50694.0,50694.0,50694.0,50694.0
984,50694.0,50694.0,50694.0,50694.0,50694.0,50694.0,50694.0,50694.0,50694.0,50694.0,50694.0
985,50694.0,50694.0,50694.0,50694.0,50694.0,50694.0,50694.0,50694.0,50694.0,50694.0,50694.0
986,50694.0,50694.0,50694.0,50694.0,50694.0,50694.0,50694.0,50694.0,50694.0,50694.0,50694.0
987,50694.0,50694.0,50694.0,50694.0,50694.0,50694.0,50694.0,50694.0,50694.0,50694.0,50694.0
988,50694.0,50694.0,50694.0,50694.0,50694.0,50694.0,50694.0,50694.0,50694.0,50694.0,50694.0
989,50694.0,50694.0,50694.0,50694.0,50694.0,50694.0,50694.0,50694.0,50694.0,50694.0,50694.0
990,50694.0,50694.0,50694.0,50694.0,50694.0,50694.0,50694.0,50694.0,50694.0,50694.0,50694.0
991,50694.0,50694.0,50694.0,50694.0,50694.0,50694.0,50694.0,50694.0,50694.0,50694.0,50694.0
992,50694.0,50694.0,50694.0,50694.0,50694.0,50694.0,50694.0,50694.0,50694.0,50694.0,50694.0
993,50694.0,50694.0,50694.0,50694.0,50694.0,50694.0,50694.0,50694.0,50694.0,50694.0,50694.0
994,50694.0,50694.0,50694.0,50694.0,50694.0,50694.0,50694.0,50694.0,50694.0,50694.0,50694.0
995,50694.0,50694.0,50694.0,50694.0,50694.0,50694.0,50694.0,50694.0,50694.0,50694.0,50694.0
996,50694.0,50694.0,50694.0,50694.0,50694.0,50694.0,50694.0,50694.0,50694.0,50694.0,50694.0
997,50694.0,50694.0,50694.0,50694.0,50694.0,50694.0,50694.0,50694.0,50694.0,50694.0,50694.0
998,50694.0,50694.0,50694.0,50694.0,50694.0,50694.0,50694.0,50694.0,50694.0,50694.0,50694.0
999,50694.0,50694.0,50694.0,50694.0,50694.0,50694.0,50694.0,50694.0,50694.0,50694.0,50694.0
1000,50694.0,50694.0,50694.0,50694.0,50694.0,50694.0,50694.0,50694.0,50694.0,50694.0,50694.0
1001,50694.0,50694.0,50694.0,50694.0,50694.0,50694.0,50694.0,50694.0,50694.0,50694.0,50694.0
1002,50694.0,50694.0,50694.0,50694.0,50694.0,50694.0,50694.0,50694.0,50694.0,50694.0,50694.0
1003,50694.0,50694.0,50694.0,50694.0,50694.0,50694.0,50694.0,50694.0,50694.0,50694.0,50694.0
1004,50694.0,50694.0,50694.0,50694.0,50694.0,50694.0,50694.0,50694.0,50694.0,50694.0,50694.0
1005,50694.0,50694.0,50694.0,50694.0,50694.0,50694.0,50694.0,50694.0,50694.0,50694.0,50694.0
1006,50694.0,50694.0,50694.0,50694.0,50694.0,50694.0,50694.0,50694.0,50694.0,50694.0,50694.0
1007,50694.0,50694.0,50694.0,50694.0,50694.0,50694.0,50694.0,50694.0,50694.0,50694.0,50694.0
1008,50694.0,50694.0,50694.0,50694.0,50694.0,50694.0,50694.0,50694.0,50694.0,50694.0,50694.0
1009,50694.0,50694.0,50694.0,50694.0,50694.0,50694.0,50694.0,50694.0,50694.0,50694.0,50694.0
1010,50694.0,50694.0,50694.0,50694.0,50694.0,50694.0,50694.0,50694.0,50694.0,50694.0,50694.0
1011,50694.0,50694.0,50694.0,50694.0,50694.0,50694.0,50694.0,50694.0,50694.0,50694.0,50694.0
1012,50694.0,50694.0,50694.0,50694.0,50694.0,50694.0,50694.0,50694.0,50694.0,50694.0,50694.0
1013,50694.0,50694.0,50694.0,50694.0,50694.0,50694.0,50694.0,50694.0,50694.0,50694.0,50694.0
1014,50694.0,50694.0,50694.0,50694.0,50694.0,50694.0,50694.0,50694.0,50694.0,50694.0,50694.0
1015,50694.0,50694.0,50694.0,50694.0,50694.0,50694.0,50694.0,50694.0,50694.0,50694.0,50694.0
1016,50694.0,50694.0,50694.0,50694.0,50694.0,50694.0,50694.0,50694.0,50694.0,50694.0,50694.0
1017,50694.0,50694.0,50694.0,50694.0,50694.0,50694.0,50694.0,50694.0,50694.0,50694.0,50694.0
1018,50694.0,50694.0,50694.0,50694.0,50694.0,50694.0,50694.0,50694.0,50694.0,50694.0,50694.0
1019,50694.0,50694.0,50694.0,50694.0,50694.0,50694.0,50694.0,50694.0,50694.0,50694.0,50694.0
1020,50694.0,50694.0,50694.0,50694.0,50694.0,50694.0,50694.0,50694.0,50694.0,50694.0,50694.0
1021,50694.0,50694.0,50694.0,50694.0,50694.0,50694.0,50694.0,50694.0,50694.0,50694.0,50694.0
1022,50694.0,50694.0,50694.0,50694.0,50694.0,50694.0,50694.0,50694.0,50694.0,50694.0,50694.0
1023,50694.0,50694.0,50694.0,50694.0,50694.0,50694.0,50694.0,50694.0,50694.0,50694.0,50694.0
1024,50694.0,50694.0,50694.0,50694.0,50694.0,50694.0,50694.0,50694.0,50694.0,50694.0,50694.0
1025,50694.0,50694.0,50694.0,50694.0,50694.0,50694.0,50694.0,50694.0,50694.0,50694.0,50694.0
1026,50694.0,50694.0,50694.0,50694.0,50694.0,50694.0,50694.0,50694.0,50694.0,50694.0,50694.0
1027,50694.0,50694.0,50694.0,50694.0,50694.0,50694.0,50694.0,50694.0,50694.0,50694.0,50694.0
1028,50694.0,50694.0,50694.0,50694.0,50694.0,50694.0,50694.0,50694.0,50694.0,50694.0,50694.0
1029,50694.0,50694.0,50694.0,50694.0,50694.0,50694.0,50694.0,50694.0,50694.0,50694.0,50694.0
1030,50694.0,50694.0,50694.0,50694.0,50694.0,50694.0,50694.0,50694.0,50694.0,50694.0,50694.0
1031,50694.0,50694.0,50694.0,50694.0,50694.0,50694.0,50694.0,50694.0,50694.0,50694.0,50694.0
1032,50694.0,50694.0,50694.0,50694.0,50694.0,50694.0,50694.0,50694.0,50694.0,50694.0,50694.0
1033,50694.0,50694.0,50694.0,50694.0,50694.0,50694.0,50694.0,50694.0,50694.0,50694.0,50694.0
1034,50694.0,50694.0,50694.0,50694.0,50694.0,50694.0,50694.0,50694.0,50694.0,50694.0,50694.0
1035,50694.0,50694.0,50694.0,50694.0,50694.0,50694.0,50694.0,50694.0,50694.0,50694.0,50694.0
1036,50694.0,50694.0,50694.0,50694.0,50694.0,50694.0,50694.0,50694.0,50694.0,50694.0,50694.0
1037,50694.0,50694.0,50694.0,50694.0,50694.0,50694.0,50694.0,50694.0,50694.0,50694.0,50694.0
1038,50694.0,50694.0,50694.0,50694.0,50694.0,50694.0,50694.0,50694.0,50694.0,50694.0,50694.0
1039,50694.0,50694.0,50694.0,50694.0,50694.0,50694.0,50694.0,50694.0,50694.0,50694.0,50694.0
1040,50694.0,50694.0,50694.0,50694.0,50694.0,50694.0,50694.0,50694.0,50694.0,50694.0,50694.0
1041,50694.0,50694.0,50694.0,50694.0,50694.0,50694.0,50694.0,50694.0,50694.0,50694.0,50694.0
1042,50694.0,50694.0,50694.0,50694.0,50694.0,50694.0,50694.0,50694.0,50694.0,50694.0,50694.0
1043,50694.0,50694.0,50694.0,50694.0,50694.0,50694.0,50694.0,50694.0,50694.0,50694.0,50694.0
1044,50694.0,50694.0,50694.0,50694.0,50694.0,50694.0,50694.0,50694.0,50694.0,50694.0,50694.0
1045,50694.0,50694.0,50694.0,50694.0,50694.0,50694.0,50694.0,50694.0,50694.0,50694.0,50694.0
1046,50694.0,50694.0,50694.0,50694.0,50694.0,50694.0,50694.0,50694.0,50694.0,50694.0,50694.0
1047,50694.0,50694.0,50694.0,50694.0,50694.0,50694.0,50694.0,50694.0,50694.0,50694.0,50694.0
1048,50694.0,50694.0,50694.0,50694.0,50694.0,50694.0,50694.0,50694.0,50694.0,50694.0,50694.0
1049,50694.0,50694.0,50694.0,50694.0,50694.0,50694.0,50694.0,50694.0,50694.0,50694.0,50694.0
1050,50694.0,50694.0,50694.0,50694.0,50694.0,50694.0,50694.0,50694.0,50694.0,50694.0,50694.0
1051,50694.0,50694.0,50694.0,50694.0,50694.0,50694.0,50694.0,50694.0,50694.0,50694.0,50694.0
1052,50694.0,50694.0,50694.0,50694.0,50694.0,50694.0,50694.0,50694.0,50694.0,50694.0,50694.0
1053,50694.0,50694.0,50694.0,50694.0,50694.0,50694.0,50694.0,50694.0,50694.0,50694.0,50694.0
1054,50694.0,50694.0,50694.0,50694.0,50694.0,50694.0,50694.0,50694.0,50694.0,50694.0,50694.0
1055,50694.0,50694.0,50694.0,50694.0,50694.0,50694.0,50694.0,50694.0,50694.0,50694.0,50694.0
1056,50694.0,50694.0,50694.0,50694.0,50694.0,50694.0,50694.0,50694.0,50694.0,50694.0,50694.0
1057,50694.0,50694.0,50694.0,50694.0,50694.0,50694.0,50694.0,50694.0,50694.0,50694.0,50694.0
1058,50694.0,50694.0,50694.0,50694.0,50694.0,50694.0,50694.0,50694.0,50694.0,50694.0,50694.0
1059,50694.0,50694.0,50694.0,50694.0,50694.0,50694.0,50694.0,50694.0,50694.0,50694.0,50694.0
1060,50694.0,50694.0,50694.0,50694.0,50694.0,50694.0,50694.0,50694.0,50694.0,50694.0,50694.0
1061,50694.0,50694.0,50694.0,50694.0,50694.0,50694.0,50694.0,50694.0,50694.0,50694.0,50694.0
1062,50694.0,50694.0,50694.0,50694.0,50694.0,50694.0,50694.0,50694.0,50694.0,50694.0,50694.0
1063,50694.0,50694.0,50694.0,50694.0,50694.0,50694.0,50694.0,50694.0,50694.0,50694.0,50694.0
1064,50694.0,50694.0,50694.0,50694.0,50694.0,50694.0,50694.0,50694.0,50694.0,50694.0,50694.0
1065,50694.0,50694.0,50694.0,50694.0,50694.0,50694.0,50694.0,50694.0,50694.0,50694.0,50694.0
1066,50694.0,50694.0,50694.0,50694.0,50694.0,50694.0,50694.0,50694.0,50694.0,50694.0,50694.0
1067,50694.0,50694.0,50694.0,50694.0,50694.0,50694.0,50694.0,50694.0,50694.0,50694.0,50694.0
1068,50694.0,50694.0,50694.0,50694.0,50694.0,50694.0,50694.0,50694.0,50694.0,50694.0,50694.0
1069,50694.0,50694.0,50694.0,50694.0,50694.0,50694.0,50694.0,50694.0,50694.0,50694.0,50694.0
1070,50694.0,50694.0,50694.0,50694.0,50694.0,50694.0,50694.0,50694.0,50694.0,50694.0,50694.0
1071,50694.0,50694.0,50694.0,50694.0,50694.0,50694.0,50694.0,50694.0,50694.0,50694.0,50694.0
1072,50694.0,50694.0,50694.0,50694.0,50694.0,50694.0,50694.0,50694.0,50694.0,50694.0,50694.0
1073,50694.0,50694.0,50694.0,50694.0,50694.0,50694.0,50694.0,50694.0,50694.0,50694.0,50694.0
1074,50694.0,50694.0,50694.0,50694.0,50694.0,50694.0,50694.0,50694.0,50694.0,50694.0,50694.0
1075,50694.0,50694.0,50694.0,50694.0,50694.0,50694.0,50694.0,50694.0,50694.0,50694.0,50694.0
1076,50694.0,50694.0,50694.0,50694.0,50694.0,50694.0,50694.0,50694.0,50694.0,50694.0,50694.0
1077,50694.0,50694.0,50694.0,50694.0,50694.0,50694.0,50694.0,50694.0,50694.0,50694.0,50694.0
1078,50694.0,50694.0,50694.0,50694.0,50694.0,50694.0,50694.0,50694.0,50694.0,50694.0,50694.0
1079,50694.0,50694.0,50694.0,50694.0,50694.0,50694.0,50694.0,50694.0,50694.0,50694.0,50694.0
1080,50694.0,50694.0,50694.0,50694.0,50694.0,50694.0,50694.0,50694.0,50694.0,50694.0,50694.0
1081,50694.0,50694.0,50694.0,50694.0,50694.0,50694.0,50694.0,50694.0,50694.0,50694.0,50694.0
1082,50694.0,50694.0,50694.0,50694.0,50694.0,50694.0,50694.0,50694.0,50694.0,50694.0,50694.0
1083,50694.0,50694.0,50694.0,50694.0,50694.0,50694.0,50694.0,50694.0,50694.0,50694.0,50694.0
1084,50694.0,50694.0,50694.0,50694.0,50694.0,50694.0,50694.0,50694.0,50694.0,50694.0,50694.0
1085,50694.0,50694.0,50694.0,50694.0,50694.0,50694.0,50694.0,50694.0,50694.0,50694.0,50694.0
1086,50694.0,50694.0,50694.0,50694.0,50694.0,50694.0,50694.0,50694.0,50694.0,50694.0,50694.0
1087,50694.0,50694.0,50694.0,50694.0,50694.0,50694.0,50694.0,50694.0,50694.0,50694.0,50694.0
1088,50694.0,50694.0,50694.0,50694.0,50694.0,50694.0,50694.0,50694.0,50694.0,50694.0,50694.0
1089,50694.0,50694.0,50694.0,50694.0,50694.0,50694.0,50694.0,50694.0,50694.0,50694.0,50694.0
1090,50694.0,50694.0,50694.0,50694.0,50694.0,50694.0,50694.0,50694.0,50694.0,50694.0,50694.0
1091,50694.0,50694.0,50694.0,50694.0,50694.0,50694.0,50694.0,50694.0,50694.0,50694.0,50694.0
1092,50694.0,50694.0,50694.0,50694.0,50694.0,50694.0,50694.0,50694.0,50694.0,50694.0,50694.0
1093,50694.0,50694.0,50694.0,50694.0,50694.0,50694.0,50694.0,50694.0,50694.0,50694.0,50694.0
1094,50694.0,50694.0,50694.0,50694.0,50694.0,50694.0,50694.0,50694.0,50694.0,50694.0,50694.0
1095,50694.0,50694.0,50694.0,50694.0,50694.0,50694.0,50694.0,50694.0,50694.0,50694.0,50694.0
1096,50694.0,50694.0,50694.0,50694.0,50694.0,50694.0,50694.0,50694.0,50694.0,50694.0,50694.0
1097,50694.0,50694.0,50694.0,50694.0,50694.0,50694.0,50694.0,50694.0,50694.0,50694.0,50694.0
1098,50694.0,50694.0,50694.0,50694.0,50694.0,50694.0,50694.0,50694.0,50694.0,50694.0,50694.0
1099,50694.0,50694.0,50694.0,50694.0,50694.0,50694.0,50694.0,50694.0,50694.0,50694.0,50694.0
1100,50694.0,50694.0,50694.0,50694.0,50694.0,50694.0,50694.0,50694.0,50694.0,50694.0,50694.0
1101,50694.0,50694.0,50694.0,50694.0,50694.0,50694.0,50694.0,50694.0,50694.0,50694.0,50694.0
1102,50694.0,50694.0,50694.0,50694.0,50694.0,50694.0,50694.0,50694.0,50694.0,50694.0,50694.0
1103,50694.0,50694.0,50694.0,50694.0,50694.0,50694.0,50694.0,50694.0,50694.0,50694.0,50694.0
1104,50694.0,50694.0,50694.0,50694.0,50694.0,50694.0,50694.0,50694.0,50694.0,50694.0,50694.0
1105,50694.0,50694.0,50694.0,50694.0,50694.0,50694.0,50694.0,50694.0,50694.0,50694.0,50694.0
1106,50694.0,50694.0,50694.0,50694.0,50694.0,50694.0,50694.0,50694.0,50694.0,50694.0,50694.0
1107,50694.0,50694.0,50694.0,50694.0,50694.0,50694.0,50694.0,50694.0,50694.0,50694.0,50694.0
1108,50694.0,50694.0,50694.0,50694.0,50694.0,50694.0,50694.0,50694.0,50694.0,50694.0,50694.0
1109,50694.0,50694.0,50694.0,50694.0,50694.0,50694.0,50694.0,50694.0,50694.0,50694.0,50694.0
1110,50694.0,50694.0,50694.0,50694.0,50694.0,50694.0,50694.0,50694.0,50694.0,50694.0,50694.0
1111,50694.0,50694.0,50694.0,50694.0,50694.0,50694.0,50694.0,50694.0,50694.0,50694.0,50694.0
1112,50694.0,50694.0,50694.0,50694.0,50694.0,50694.0,50694.0,50694.0,50694.0,50694.0,50694.0
1113,50694.0,50694.0,50694.0,50694.0,50694.0,50694.0,50694.0,50694.0,50694.0,50694.0,50694.0
1114,50694.0,50694.0,50694.0,50694.0,50694.0,50694.0,50694.0,50694.0,50694.0,50694.0,50694.0
1115,50694.0,50694.0,50694.0,50694.0,50694.0,50694.0,50694.0,50694.0,50694.0,50694.0,50694.0
1116,50694.0,50694.0,50694.0,50694.0,50694.0,50694.0,50694.0,50694.0,50694.0,50694.0,50694.0
1117,50694.0,50694.0,50694.0,50694.0,50694.0,50694.0,50694.0,50694.0,50694.0,50694.0,50694.0
1118,50694.0,50694.0,50694.0,50694.0,50694.0,50694.0,50694.0,50694.0,50694.0,50694.0,50694.0
1119,50694.0,50694.0,50694.0,50694.0,50694.0,50694.0,50694.0,50694.0,50694.0,50694.0,50694.0
1120,50694.0,50694.0,50694.0,50694.0,50694.0,50694.0,50694.0,50694.0,50694.0,50694.0,50694.0
1121,50694.0,50694.0,50694.0,50694.0,50694.0,50694.0,50694.0,50694.0,50694.0,50694.0,50694.0
1122,50694.0,50694.0,50694.0,50694.0,50694.0,50694.0,50694.0,50694.0,50694.0,50694.0,50694.0
1123,50694.0,50694.0,50694.0,50694.0,50694.0,50694.0,50694.0,50694.0,50694.0,50694.0,50694.0
1124,50694.0,50694.0,50694.0,50694.0,50694.0,50694.0,50694.0,50694.0,50694.0,50694.0,50694.0
1125,50694.0,50694.0,50694.0,50694.0,50694.0,50694.0,50694.0,50694.0,50694.0,50694.0,50694.0
1126,50694.0,50694.0,50694.0,50694.0,50694.0,50694.0,50694.0,50694.0,50694.0,50694.0,50694.0
1127,50694.0,50694.0,50694.0,50694.0,50694.0,50694.0,50694.0,50694.0,50694.0,50694.0,50694.0
1128,50694.0,50694.0,50694.0,50694.0,50694.0,50694.0,50694.0,50694.0,50694.0,50694.0,50694.0
1129,50694.0,50694.0,50694.0,50694.0,50694.0,50694.0,50694.0,50694.0,50694.0,50694.0,50694.0
1130,50694.0,50694.0,50694.0,50694.0,50694.0,50694.0,50694.0,50694.0,50694.0,50694.0,50694.0
1131,50694.0,50694.0,50694.0,50694.0,50694.0,50694.0,50694.0,50694.0,50694.0,50694.0,50694.0
1132,50694.0,50694.0,50694.0,50694.0,50694.0,50694.0,50694.0,50694.0,50694.0,50694.0,50694.0
1133,50694.0,50694.0,50694.0,50694.0,50694.0,50694.0,50694.0,50694.0,50694.0,50694.0,50694.0
1134,50694.0,50694.0,50694.0,50694.0,50694.0,50694.0,50694.0,50694.0,50694.0,50694.0,50694.0
1135,50694.0,50694.0,50694.0,50694.0,50694.0,50694.0,50694.0,50694.0,50694.0,50694.0,50694.0
1136,50694.0,50694.0,50694.0,50694.0,50694.0,50694.0,50694.0,50694.0,50694.0,50694.0,50694.0
1137,50694.0,50694.0,50694.0,50694.0,50694.0,50694.0,50694.0,50694.0,50694.0,50694.0,50694.0
1138,50694.0,50694.0,50694.0,50694.0,50694.0,50694.0,50694.0,50694.0,50694.0,50694.0,50694.0
1139,50694.0,50694.0,50694.0,50694.0,50694.0,50694.0,50694.0,50694.0,50694.0,50694.0,50694.0
1140,50694.0,50694.0,50694.0,50694.0,50694.0,50694.0,50694.0,50694.0,50694.0,50694.0,50694.0
1141,50694.0,50694.0,50694.0,50694.0,50694.0,50694.0,50694.0,50694.0,50694.0,50694.0,50694.0
1142,50694.0,50694.0,50694.0,50694.0,50694.0,50694.0,50694.0,50694.0,50694.0,50694.0,50694.0
1143,50694.0,50694.0,50694.0,50694.0,50694.0,50694.0,50694.0,50694.0,50694.0,50694.0,50694.0
1144,50694.0,50694.0,50694.0,50694.0,50694.0,50694.0,50694.0,50694.0,50694.0,50694.0,50694.0
1145,50694.0,50694.0,50694.0,50694.0,50694.0,50694.0,50694.0,50694.0,50694.0,50694.0,50694.0
1146,50694.0,50694.0,50694.0,50694.0,50694.0,50694.0,50694.0,50694.0,50694.0,50694.0,50694.0
1147,50694.0,50694.0,50694.0,50694.0,50694.0,50694.0,50694.0,50694.0,50694.0,50694.0,50694.0
1148,50694.0,50694.0,50694.0,50694.0,50694.0,50694.0,50694.0,50694.0,50694.0,50694.0,50694.0
1149,50694.0,50694.0,50694.0,50694.0,50694.0,50694.0,50694.0,50694.0,50694.0,50694.0,50694.0
1150,50694.0,50694.0,50694.0,50694.0,50694.0,50694.0,50694.0,50694.0,50694.0,50694.0,50694.0
1151,50694.0,50694.0,50694.0,50694.0,50694.0,50694.0,50694.0,50694.0,50694.0,50694.0,50694.0
1152,50694.0,50694.0,50694.0,50694.0,50694.0,50694.0,50694.0,50694.0,50694.0,50694.0,50694.0
1153,50694.0,50694.0,50694.0,50694.0,50694.0,50694.0,50694.0,50694.0,50694.0,50694.0,50694.0
1154,50694.0,50694.0,50694.0,50694.0,50694.0,50694.0,50694.0,50694.0,50694.0,50694.0,50694.0
1155,50694.0,50694.0,50694.0,50694.0,50694.0,50694.0,50694.0,50694.0,50694.0,50694.0,50694.0
1156,50694.0,50694.0,50694.0,50694.0,50694.0,50694.0,50694.0,50694.0,50694.0,50694.0,50694.0
1157,50694.0,50694.0,50694.0,50694.0,50694.0,50694.0,50694.0,50694.0,50694.0,50694.0,50694.0
1158,50694.0,50694.0,50694.0,50694.0,50694.0,50694.0,50694.0,50694.0,50694.0,50694.0,50694.0
1159,50694.0,50694.0,50694.0,50694.0,50694.0,50694.0,50694.0,50694.0,50694.0,50694.0,50694.0
1160,50694.0,50694.0,50694.0,50694.0,50694.0,50694.0,50694.0,50694.0,50694.0,50694.0,50694.0
1161,50694.0,50694.0,50694.0,50694.0,50694.0,50694.0,50694.0,50694.0,50694.0,50694.0,50694.0
1162,50694.0,50694.0,50694.0,50694.0,50694.0,50694.0,50694.0,50694.0,50694.0,50694.0,50694.0
1163,50694.0,50694.0,50694.0,50694.0,50694.0,50694.0,50694.0,50694.0,50694.0,50694.0,50694.0
1164,50694.0,50694.0,50694.0,50694.0,50694.0,50694.0,50694.0,50694.0,50694.0,50694.0,50694.0
1165,50694.0,50694.0,50694.0,50694.0,50694.0,50694.0,50694.0,50694.0,50694.0,50694.0,50694.0
1166,50694.0,50694.0,50694.0,50694.0,50694.0,50694.0,50694.0,50694.0,50694.0,50694.0,50694.0
1167,50694.0,50694.0,50694.0,50694.0,50694.0,50694.0,50694.0,50694.0,50694.0,50694.0,50694.0
1168,50694.0,50694.0,50694.0,50694.0,50694.0,50694.0,50694.0,50694.0,50694.0,50694.0,50694.0
1169,50694.0,50694.0,50694.0,50694.0,50694.0,50694.0,50694.0,50694.0,50694.0,50694.0,50694.0
1170,50694.0,50694.0,50694.0,50694.0,50694.0,50694.0,50694.0,50694.0,50694.0,50694.0,50694.0
1171,50694.0,50694.0,50694.0,50694.0,50694.0,50694.0,50694.0,50694.0,50694.0,50694.0,50694.0
1172,50694.0,50694.0,50694.0,50694.0,50694.0,50694.0,50694.0,50694.0,50694.0,50694.0,50694.0
1173,50694.0,50694.0,50694.0,50694.0,50694.0,50694.0,50694.0,50694.0,50694.0,50694.0,50694.0
1174,50694.0,50694.0,50694.0,50694.0,50694.0,50694.0,50694.0,50694.0,50694.0,50694.0,50694.0
1175,50694.0,50694.0,50694.0,50694.0,50694.0,50694.0,50694.0,50694.0,50694.0,50694.0,50694.0
1176,50694.0,50694.0,50694.0,50694.0,50694.0,50694.0,50694.0,50694.0,50694.0,50694.0,50694.0
1177,50694.0,50694.0,50694.0,50694.0,50694.0,50694.0,50694.0,50694.0,50694.0,50694.0,50694.0
1178,50694.0,50694.0,50694.0,50694.0,50694.0,50694.0,50694.0,50694.0,50694.0,50694.0,50694.0
1179,50694.0,50694.0,50694.0,50694.0,50694.0,50694.0,50694.0,50694.0,50694.0,50694.0,50694.0
1180,50694.0,50694.0,50694.0,50694.0,50694.0,50694.0,50694.0,50694.0,50694.0,50694.0,50694.0
1181,50694.0,50694.0,50694.0,50694.0,50694.0,50694.0,50694.0,50694.0,50694.0,50694.0,50694.0
1182,50694.0,50694.0,50694.0,50694.0,50694.0,50694.0,50694.0,50694.0,50694.0,50694.0,50694.0
1183,50694.0,50694.0,50694.0,50694.0,50694.0,50694.0,50694.0,50694.0,50694.0,50694.0,50694.0
1184,50694.0,50694.0,50694.0,50694.0,50694.0,50694.0,50694.0,50694.0,50694.0,50694.0,50694.0
1185,50694.0,50694.0,50694.0,50694.0,50694.0,50694.0,50694.0,50694.0,50694.0,50694.0,50694.0
1186,50694.0,50694.0,50694.0,50694.0,50694.0,50694.0,50694.0,50694.0,50694.0,50694.0,50694.0
1187,50694.0,50694.0,50694.0,50694.0,50694.0,50694.0,50694.0,50694.0,50694.0,50694.0,50694.0
1188,50694.0,50694.0,50694.0,50694.0,50694.0,50694.0,50694.0,50694.0,50694.0,50694.0,50694.0
1189,50694.0,50694.0,50694.0,50694.0,50694.0,50694.0,50694.0,50694.0,50694.0,50694.0,50694.0
1190,50694.0,50694.0,50694.0,50694.0,50694.0,50694.0,50694.0,50694.0,50694.0,50694.0,50694.0
1191,50694.0,50694.0,50694.0,50694.0,50694.0,50694.0,50694.0,50694.0,50694.0,50694.0,50694.0
1192,50694.0,50694.0,50694.0,50694.0,50694.0,50694.0,50694.0,50694.0,50694.0,50694.0,50694.0
1193,50694.0,50694.0,50694.0,50694.0,50694.0,50694.0,50694.0,50694.0,50694.0,50694.0,50694.0
1194,50694.0,50694.0,50694.0,50694.0,50694.0,50694.0,50694.0,50694.0,50694.0,50694.0,50694.0
1195,50694.0,50694.0,50694.0,50694.0,50694.0,50694.0,50694.0,50694.0,50694.0,50694.0,50694.0
1196,50694.0,50694.0,50694.0,50694.0,50694.0,50694.0,50694.0,50694.0,50694.0,50694.0,50694.0
1197,50694.0,50694.0,50694.0,50694.0,50694.0,50694.0,50694.0,50694.0,50694.0,50694.0,50694.0
1198,50694.0,50694.0,50694.0,50694.0,50694.0,50694.0,50694.0,50694.0,50694.0,50694.0,50694.0
1199,50694.0,50694.0,50694.0,50694.0,50694.0,50694.0,50694.0,50694.0,50694.0,50694.0,50694.0
1200,50694.0,50694.0,50694.0,50694.0,50694.0,50694.0,50694.0,50694.0,50694.0,50694.0,50694.0
1201,50694.0,50694.0,50694.0,50694.0,50694.0,50694.0,50694.0,50694.0,50694.0,50694.0,50694.0
1202,50694.0,50694.0,50694.0,50694.0,50694.0,50694.0,50694.0,50694.0,50694.0,50694.0,50694.0
1203,50694.0,50694.0,50694.0,50694.0,50694.0,50694.0,50694.0,50694.0,50694.0,50694.0,50694.0
1204,50694.0,50694.0,50694.0,50694.0,50694.0,50694.0,50694.0,50694.0,50694.0,50694.0,50694.0
1205,50694.0,50694.0,50694.0,50694.0,50694.0,50694.0,50694.0,50694.0,50694.0,50694.0,50694.0
1206,50694.0,50694.0,50694.0,50694.0,50694.0,50694.0,50694.0,50694.0,50694.0,50694.0,50694.0
1207,50694.0,50694.0,50694.0,50694.0,50694.0,50694.0,50694.0,50694.0,50694.0,50694.0,50694.0
1208,50694.0,50694.0,50694.0,50694.0,50694.0,50694.0,50694.0,50694.0,50694.0,50694.0,50694.0
1209,50694.0,50694.0,50694.0,50694.0,50694.0,50694.0,50694.0,50694.0,50694.0,50694.0,50694.0
1210,50694.0,50694.0,50694.0,50694.0,50694.0,50694.0,50694.0,50694.0,50694.0,50694.0,50694.0
1211,50694.0,50694.0,50694.0,50694.0,50694.0,50694.0,50694.0,50694.0,50694.0,50694.0,50694.0
1212,50694.0,50694.0,50694.0,50694.0,50694.0,50694.0,50694.0,50694.0,50694.0,50694.0,50694.0
1213,50694.0,50694.0,50694.0,50694.0,50694.0,50694.0,50694.0,50694.0,50694.0,50694.0,50694.0
1214,50694.0,50694.0,50694.0,50694.0,50694.0,50694.0,50694.0,50694.0,50694.0,50694.0,50694.0
1215,50694.0,50694.0,50694.0,50694.0,50694.0,50694.0,50694.0,50694.0,50694.0,50694.0,50694.0
1216,50694.0,50694.0,50694.0,50694.0,50694.0,50694.0,50694.0,50694.0,50694.0,50694.0,50694.0
1217,50694.0,50694.0,50694.0,50694.0,50694.0,50694.0,50694.0,50694.0,50694.0,50694.0,50694.0
1218,50694.0,50694.0,50694.0,50694.0,50694.0,50694.0,50694.0,50694.0,50694.0,50694.0,50694.0
1219,50694.0,50694.0,50694.0,50694.0,50694.0,50694.0,50694.0,50694.0,50694.0,50694.0,50694.0
1220,50694.0,50694.0,50694.0,50694.0,50694.0,50694.0,50694.0,50694.0,50694.0,50694.0,50694.0
1221,50694.0,50694.0,50694.0,50694.0,50694.0,50694.0,50694.0,50694.0,50694.0,50694.0,50694.0
1222,50694.0,50694.0,50694.0,50694.0,50694.0,50694.0,50694.0,50694.0,50694.0,50694.0,50694.0
1223,50694.0,50694.0,50694.0,50694.0,50694.0,50694.0,50694.0,50694.0,50694.0,50694.0,50694.0
1224,50694.0,50694.0,50694.0,50694.0,50694.0,50694.0,50694.0,50694.0,50694.0,50694.0,50694.0
1225,50694.0,50694.0,50694.0,50694.0,50694.0,50694.0,50694.0,50694.0,50694.0,50694.0,50694.0
1226,50694.0,50694.0,50694.0,50694.0,50694.0,50694.0,50694.0,50694.0,50694.0,50694.0,50694.0
1227,50694.0,50694.0,50694.0,50694.0,50694.0,50694.0,50694.0,50694.0,50694.0,50694.0,50694.0
1228,50694.0,50694.0,50694.0,50694.0,50694.0,50694.0,50694.0,50694.0,50694.0,50694.0,50694.0
1229,50694.0,50694.0,50694.0,50694.0,50694.0,50694.0,50694.0,50694.0,50694.0,50694.0,50694.0
1230,50694.0,50694.0,50694.0,50694.0,50694.0,50694.0,50694.0,50694.0,50694.0,50694.0,50694.0
1231,50694.0,50694.0,50694.0,50694.0,50694.0,50694.0,50694.0,50694.0,50694.0,50694.0,50694.0
1232,50694.0,50694.0,50694.0,50694.0,50694.0,50694.0,50694.0,50694.0,50694.0,50694.0,50694.0
1233,50694.0,50694.0,50694.0,50694.0,50694.0,50694.0,50694.0,50694.0,50694.0,50694.0,50694.0
1234,50694.0,50694.0,50694.0,50694.0,50694.0,50694.0,50694.0,50694.0,50694.0,50694.0,50694.0
1235,50694.0,50694.0,50694.0,50694.0,50694.0,50694.0,50694.0,50694.0,50694.0,50694.0,50694.0
1236,50694.0,50694.0,50694.0,50694.0,50694.0,50694.0,50694.0,50694.0,50694.0,50694.0,50694.0
1237,50694.0,50694.0,50694.0,50694.0,50694.0,50694.0,50694.0,50694.0,50694.0,50694.0,50694.0
1238,50694.0,50694.0,50694.0,50694.0,50694.0,50694.0,50694.0,50694.0,50694.0,50694.0,50694.0
1239,50694.0,50694.0,50694.0,50694.0,50694.0,50694.0,50694.0,50694.0,50694.0,50694.0,50694.0
1240,50694.0,50694.0,50694.0,50694.0,50694.0,50694.0,50694.0,50694.0,50694.0,50694.0,50694.0
1241,50694.0,50694.0,50694.0,50694.0,50694.0,50694.0,50694.0,50694.0,50694.0,50694.0,50694.0
1242,50694.0,50694.0,50694.0,50694.0,50694.0,50694.0,50694.0,50694.0,50694.0,50694.0,50694.0
1243,50694.0,50694.0,50694.0,50694.0,50694.0,50694.0,50694.0,50694.0,50694.0,50694.0,50694.0
1244,50694.0,50694.0,50694.0,50694.0,50694.0,50694.0,50694.0,50694.0,50694.0,50694.0,50694.0
1245,50694.0,50694.0,50694.0,50694.0,50694.0,50694.0,50694.0,50694.0,50694.0,50694.0,50694.0
1246,50694.0,50694.0,50694.0,50694.0,50694.0,50694.0,50694.0,50694.0,50694.0,50694.0,50694.0
1247,50694.0,50694.0,50694.0,50694.0,50694.0,50694.0,50694.0,50694.0,50694.0,50694.0,50694.0
1248,50694.0,50694.0,50694.0,50694.0,50694.0,50694.0,50694.0,50694.0,50694.0,50694.0,50694.0
1249,50694.0,50694.0,50694.0,50694.0,50694.0,50694.0,50694.0,50694.0,50694.0,50694.0,50694.0
1250,50694.0,50694.0,50694.0,50694.0,50694.0,50694.0,50694.0,50694.0,50694.0,50694.0,50694.0
1251,50694.0,50694.0,50694.0,50694.0,50694.0,50694.0,50694.0,50694.0,50694.0,50694.0,50694.0
1252,50694.0,50694.0,50694.0,50694.0,50694.0,50694.0,50694.0,50694.0,50694.0,50694.0,50694.0
1253,50694.0,50694.0,50694.0,50694.0,50694.0,50694.0,50694.0,50694.0,50694.0,50694.0,50694.0
1254,50694.0,50694.0,50694.0,50694.0,50694.0,50694.0,50694.0,50694.0,50694.0,50694.0,50694.0
1255,50694.0,50694.0,50694.0,50694.0,50694.0,50694.0,50694.0,50694.0,50694.0,50694.0,50694.0
1256,50694.0,50694.0,50694.0,50694.0,50694.0,50694.0,50694.0,50694.0,50694.0,50694.0,50694.0
1257,50694.0,50694.0,50694.0,50694.0,50694.0,50694.0,50694.0,50694.0,50694.0,50694.0,50694.0
1258,50694.0,50694.0,50694.0,50694.0,50694.0,50694.0,50694.0,50694.0,50694.0,50694.0,50694.0
1259,50694.0,50694.0,50694.0,50694.0,50694.0,50694.0,50694.0,50694.0,50694.0,50694.0,50694.0
1260,50694.0,50694.0,50694.0,50694.0,50694.0,50694.0,50694.0,50694.0,50694.0,50694.0,50694.0
1261,50694.0,50694.0,50694.0,50694.0,50694.0,50694.0,50694.0,50694.0,50694.0,50694.0,50694.0
1262,50694.0,50694.0,50694.0,50694.0,50694.0,50694.0,50694.0,50694.0,50694.0,50694.0,50694.0
1263,50694.0,50694.0,50694.0,50694.0,50694.0,50694.0,50694.0,50694.0,50694.0,50694.0,50694.0
1264,50694.0,50694.0,50694.0,50694.0,50694.0,50694.0,50694.0,50694.0,50694.0,50694.0,50694.0
1265,50694.0,50694.0,50694.0,50694.0,50694.0,50694.0,50694.0,50694.0,50694.0,50694.0,50694.0
1266,50694.0,50694.0,50694.0,50694.0,50694.0,50694.0,50694.0,50694.0,50694.0,50694.0,50694.0
1267,50694.0,50694.0,50694.0,50694.0,50694.0,50694.0,50694.0,50694.0,50694.0,50694.0,50694.0
1268,50694.0,50694.0,50694.0,50694.0,50694.0,50694.0,50694.0,50694.0,50694.0,50694.0,50694.0
1269,50694.0,50694.0,50694.0,50694.0,50694.0,50694.0,50694.0,50694.0,50694.0,50694.0,50694.0
1270,50694.0,50694.0,50694.0,50694.0,50694.0,50694.0,50694.0,50694.0,50694.0,50694.0,50694.0
1271,50694.0,50694.0,50694.0,50694.0,50694.0,50694.0,50694.0,50694.0,50694.0,50694.0,50694.0
1272,50694.0,50694.0,50694.0,50694.0,50694.0,50694.0,50694.0,50694.0,50694.0,50694.0,50694.0
1273,50694.0,50694.0,50694.0,50694.0,50694.0,50694.0,50694.0,50694.0,50694.0,50694.0,50694.0
1274,50694.0,50694.0,50694.0,50694.0,50694.0,50694.0,50694.0,50694.0,50694.0,50694.0,50694.0
1275,50694.0,50694.0,50694.0,50694.0,50694.0,50694.0,50694.0,50694.0,50694.0,50694.0,50694.0
1276,50694.0,50694.0,50694.0,50694.0,50694.0,50694.0,50694.0,50694.0,50694.0,50694.0,50694.0
1277,50694.0,50694.0,50694.0,50694.0,50694.0,50694.0,50694.0,50694.0,50694.0,50694.0,50694.0
1278,50694.0,50694.0,50694.0,50694.0,50694.0,50694.0,50694.0,50694.0,50694.0,50694.0,50694.0
1279,50694.0,50694.0,50694.0,50694.0,50694.0,50694.0,50694.0,50694.0,50694.0,50694.0,50694.0
1280,50694.0,50694.0,50694.0,50694.0,50694.0,50694.0,50694.0,50694.0,50694.0,50694.0,50694.0
1281,50694.0,50694.0,50694.0,50694.0,50694.0,50694.0,50694.0,50694.0,50694.0,50694.0,50694.0
1282,50694.0,50694.0,50694.0,50694.0,50694.0,50694.0,50694.0,50694.0,50694.0,50694.0,50694.0
1283,50694.0,50694.0,50694.0,50694.0,50694.0,50694.0,50694.0,50694.0,50694.0,50694.0,50694.0
1284,50694.0,50694.0,50694.0,50694.0,50694.0,50694.0,50694.0,50694.0,50694.0,50694.0,50694.0
1285,50694.0,50694.0,50694.0,50694.0,50694.0,50694.0,50694.0,50694.0,50694.0,50694.0,50694.0
1286,50694.0,50694.0,50694.0,50694.0,50694.0,50694.0,50694.0,50694.0,50694.0,50694.0,50694.0
1287,50694.0,50694.0,50694.0,50694.0,50694.0,50694.0,50694.0,50694.0,50694.0,50694.0,50694.0
1288,50694.0,50694.0,50694.0,50694.0,50694.0,50694.0,50694.0,50694.0,50694.0,50694.0,50694.0
1289,50694.0,50694.0,50694.0,50694.0,50694.0,50694.0,50694.0,50694.0,50694.0,50694.0,50694.0
1290,50694.0,50694.0,50694.0,50694.0,50694.0,50694.0,50694.0,50694.0,50694.0,50694.0,50694.0
1291,50694.0,50694.0,50694.0,50694.0,50694.0,50694.0,50694.0,50694.0,50694.0,50694.0,50694.0
1292,50694.0,50694.0,50694.0,50694.0,50694.0,50694.0,50694.0,50694.0,50694.0,50694.0,50694.0
1293,50694.0,50694.0,50694.0,50694.0,50694.0,50694.0,50694.0,50694.0,50694.0,50694.0,50694.0
1294,50694.0,50694.0,50694.0,50694.0,50694.0,50694.0,50694.0,50694.0,50694.0,50694.0,50694.0
1295,50694.0,50694.0,50694.0,50694.0,50694.0,50694.0,50694.0,50694.0,50694.0,50694.0,50694.0
1296,50694.0,50694.0,50694.0,50694.0,50694.0,50694.0,50694.0,50694.0,50694.0,50694.0,50694.0
1297,50694.0,50694.0,50694.0,50694.0,50694.0,50694.0,50694.0,50694.0,50694.0,50694.0,50694.0
1298,50694.0,50694.0,50694.0,50694.0,50694.0,50694.0,50694.0,50694.0,50694.0,50694.0,50694.0
1299,50694.0,50694.0,50694.0,50694.0,50694.0,50694.0,50694.0,50694.0,50694.0,50694.0,50694.0
1300,50694.0,50694.0,50694.0,50694.0,50694.0,50694.0,50694.0,50694.0,50694.0,50694.0,50694.0
1301,50694.0,50694.0,50694.0,50694.0,50694.0,50694.0,50694.0,50694.0,50694.0,50694.0,50694.0
1302,50694.0,50694.0,50694.0,50694.0,50694.0,50694.0,50694.0,50694.0,50694.0,50694.0,50694.0
1303,50694.0,50694.0,50694.0,50694.0,50694.0,50694.0,50694.0,50694.0,50694.0,50694.0,50694.0
1304,50694.0,50694.0,50694.0,50694.0,50694.0,50694.0,50694.0,50694.0,50694.0,50694.0,50694.0
1305,50694.0,50694.0,50694.0,50694.0,50694.0,50694.0,50694.0,50694.0,50694.0,50694.0,50694.0
1306,50694.0,50694.0,50694.0,50694.0,50694.0,50694.0,50694.0,50694.0,50694.0,50694.0,50694.0
1307,50694.0,50694.0,50694.0,50694.0,50694.0,50694.0,50694.0,50694.0,50694.0,50694.0,50694.0
1308,50694.0,50694.0,50694.0,50694.0,50694.0,50694.0,50694.0,50694.0,50694.0,50694.0,50694.0
1309,50694.0,50694.0,50694.0,50694.0,50694.0,50694.0,50694.0,50694.0,50694.0,50694.0,50694.0
1310,50694.0,50694.0,50694.0,50694.0,50694.0,50694.0,50694.0,50694.0,50694.0,50694.0,50694.0
1311,50694.0,50694.0,50694.0,50694.0,50694.0,50694.0,50694.0,50694.0,50694.0,50694.0,50694.0
1312,50694.0,50694.0,50694.0,50694.0,50694.0,50694.0,50694.0,50694.0,50694.0,50694.0,50694.0
1313,50694.0,50694.0,50694.0,50694.0,50694.0,50694.0,50694.0,50694.0,50694.0,50694.0,50694.0
1314,50694.0,50694.0,50694.0,50694.0,50694.0,50694.0,50694.0,50694.0,50694.0,50694.0,50694.0
1315,50694.0,50694.0,50694.0,50694.0,50694.0,50694.0,50694.0,50694.0,50694.0,50694.0,50694.0
1316,50694.0,50694.0,50694.0,50694.0,50694.0,50694.0,50694.0,50694.0,50694.0,50694.0,50694.0
1317,50694.0,50694.0,50694.0,50694.0,50694.0,50694.0,50694.0,50694.0,50694.0,50694.0,50694.0
1318,50694.0,50694.0,50694.0,50694.0,50694.0,50694.0,50694.0,50694.0,50694.0,50694.0,50694.0
1319,50694.0,50694.0,50694.0,50694.0,50694.0,50694.0,50694.0,50694.0,50694.0,50694.0,50694.0
1320,50694.0,50694.0,50694.0,50694.0,50694.0,50694.0,50694.0,50694.0,50694.0,50694.0,50694.0
1321,50694.0,50694.0,50694.0,50694.0,50694.0,50694.0,50694.0,50694.0,50694.0,50694.0,50694.0
1322,50694.0,50694.0,50694.0,50694.0,50694.0,50694.0,50694.0,50694.0,50694.0,50694.0,50694.0
1323,50694.0,50694.0,50694.0,50694.0,50694.0,50694.0,50694.0,50694.0,50694.0,50694.0,50694.0
1324,50694.0,50694.0,50694.0,50694.0,50694.0,50694.0,50694.0,50694.0,50694.0,50694.0,50694.0
1325,50694.0,50694.0,50694.0,50694.0,50694.0,50694.0,50694.0,50694.0,50694.0,50694.0,50694.0
1326,50694.0,50694.0,50694.0,50694.0,50694.0,50694.0,50694.0,50694.0,50694.0,50694.0,50694.0
1327,50694.0,50694.0,50694.0,50694.0,50694.0,50694.0,50694.0,50694.0,50694.0,50694.0,50694.0
1328,50694.0,50694.0,50694.0,50694.0,50694.0,50694.0,50694.0,50694.0,50694.0,50694.0,50694.0
1329,50694.0,50694.0,50694.0,50694.0,50694.0,50694.0,50694.0,50694.0,50694.0,50694.0,50694.0
1330,50694.0,50694.0,50694.0,50694.0,50694.0,50694.0,50694.0,50694.0,50694.0,50694.0,50694.0
1331,50694.0,50694.0,50694.0,50694.0,50694.0,50694.0,50694.0,50694.0,50694.0,50694.0,50694.0
1332,50694.0,50694.0,50694.0,50694.0,50694.0,50694.0,50694.0,50694.0,50694.0,50694.0,50694.0
1333,50694.0,50694.0,50694.0,50694.0,50694.0,50694.0,50694.0,50694.0,50694.0,50694.0,50694.0
1334,50694.0,50694.0,50694.0,50694.0,50694.0,50694.0,50694.0,50694.0,50694.0,50694.0,50694.0
1335,50694.0,50694.0,50694.0,50694.0,50694.0,50694.0,50694.0,50694.0,50694.0,50694.0,50694.0
1336,50694.0,50694.0,50694.0,50694.0,50694.0,50694.0,50694.0,50694.0,50694.0,50694.0,50694.0
1337,50694.0,50694.0,50694.0,50694.0,50694.0,50694.0,50694.0,50694.0,50694.0,50694.0,50694.0
1338,50694.0,50694.0,50694.0,50694.0,50694.0,50694.0,50694.0,50694.0,50694.0,50694.0,50694.0
1339,50694.0,50694.0,50694.0,50694.0,50694.0,50694.0,50694.0,50694.0,50694.0,50694.0,50694.0
1340,50694.0,50694.0,50694.0,50694.0,50694.0,50694.0,50694.0,50694.0,50694.0,50694.0,50694.0
1341,50694.0,50694.0,50694.0,50694.0,50694.0,50694.0,50694.0,50694.0,50694.0,50694.0,50694.0
1342,50694.0,50694.0,50694.0,50694.0,50694.0,50694.0,50694.0,50694.0,50694.0,50694.0,50694.0
1343,50694.0,50694.0,50694.0,50694.0,50694.0,50694.0,50694.0,50694.0,50694.0,50694.0,50694.0
1344,50694.0,50694.0,50694.0,50694.0,50694.0,50694.0,50694.0,50694.0,50694.0,50694.0,50694.0
1345,50694.0,50694.0,50694.0,50694.0,50694.0,50694.0,50694.0,50694.0,50694.0,50694.0,50694.0
1346,50694.0,50694.0,50694.0,50694.0,50694.0,50694.0,50694.0,50694.0,50694.0,50694.0,50694.0
1347,50694.0,50694.0,50694.0,50694.0,50694.0,50694.0,50694.0,50694.0,50694.0,50694.0,50694.0
1348,50694.0,50694.0,50694.0,50694.0,50694.0,50694.0,50694.0,50694.0,50694.0,50694.0,50694.0
1349,50694.0,50694.0,50694.0,50694.0,50694.0,50694.0,50694.0,50694.0,50694.0,50694.0,50694.0
1350,50694.0,50694.0,50694.0,50694.0,50694.0,50694.0,50694.0,50694.0,50694.0,50694.0,50694.0
1351,50694.0,50694.0,50694.0,50694.0,50694.0,50694.0,50694.0,50694.0,50694.0,50694.0,50694.0
1352,50694.0,50694.0,50694.0,50694.0,50694.0,50694.0,50694.0,50694.0,50694.0,50694.0,50694.0
1353,50694.0,50694.0,50694.0,50694.0,50694.0,50694.0,50694.0,50694.0,50694.0,50694.0,50694.0
1354,50694.0,50694.0,50694.0,50694.0,50694.0,50694.0,50694.0,50694.0,50694.0,50694.0,50694.0
1355,50694.0,50694.0,50694.0,50694.0,50694.0,50694.0,50694.0,50694.0,50694.0,50694.0,50694.0
1356,50694.0,50694.0,50694.0,50694.0,50694.0,50694.0,50694.0,50694.0,50694.0,50694.0,50694.0
1357,50694.0,50694.0,50694.0,50694.0,50694.0,50694.0,50694.0,50694.0,50694.0,50694.0,50694.0
1358,50694.0,50694.0,50694.0,50694.0,50694.0,50694.0,50694.0,50694.0,50694.0,50694.0,50694.0
1359,50694.0,50694.0,50694.0,50694.0,50694.0,50694.0,50694.0,50694.0,50694.0,50694.0,50694.0
1360,50694.0,50694.0,50694.0,50694.0,50694.0,50694.0,50694.0,50694.0,50694.0,50694.0,50694.0
1361,50694.0,50694.0,50694.0,50694.0,50694.0,50694.0,50694.0,50694.0,50694.0,50694.0,50694.0
1362,50694.0,50694.0,50694.0,50694.0,50694.0,50694.0,50694.0,50694.0,50694.0,50694.0,50694.0
1363,50694.0,50694.0,50694.0,50694.0,50694.0,50694.0,50694.0,50694.0,50694.0,50694.0,50694.0
1364,50694.0,50694.0,50694.0,50694.0,50694.0,50694.0,50694.0,50694.0,50694.0,50694.0,50694.0
1365,50694.0,50694.0,50694.0,50694.0,50694.0,50694.0,50694.0,50694.0,50694.0,50694.0,50694.0
1366,50694.0,50694.0,50694.0,50694.0,50694.0,50694.0,50694.0,50694.0,50694.0,50694.0,50694.0
1367,50694.0,50694.0,50694.0,50694.0,50694.0,50694.0,50694.0,50694.0,50694.0,50694.0,50694.0
1368,50694.0,50694.0,50694.0,50694.0,50694.0,50694.0,50694.0,50694.0,50694.0,50694.0,50694.0
1369,50694.0,50694.0,50694.0,50694.0,50694.0,50694.0,50694.0,50694.0,50694.0,50694.0,50694.0
1370,50694.0,50694.0,50694.0,50694.0,50694.0,50694.0,50694.0,50694.0,50694.0,50694.0,50694.0
1371,50694.0,50694.0,50694.0,50694.0,50694.0,50694.0,50694.0,50694.0,50694.0,50694.0,50694.0
1372,50694.0,50694.0,50694.0,50694.0,50694.0,50694.0,50694.0,50694.0,50694.0,50694.0,50694.0
1373,50694.0,50694.0,50694.0,50694.0,50694.0,50694.0,50694.0,50694.0,50694.0,50694.0,50694.0
1374,50694.0,50694.0,50694.0,50694.0,50694.0,50694.0,50694.0,50694.0,50694.0,50694.0,50694.0
1375,50694.0,50694.0,50694.0,50694.0,50694.0,50694.0,50694.0,50694.0,50694.0,50694.0,50694.0
1376,50694.0,50694.0,50694.0,50694.0,50694.0,50694.0,50694.0,50694.0,50694.0,50694.0,50694.0
1377,50694.0,50694.0,50694.0,50694.0,50694.0,50694.0,50694.0,50694.0,50694.0,50694.0,50694.0
1378,50694.0,50694.0,50694.0,50694.0,50694.0,50694.0,50694.0,50694.0,50694.0,50694.0,50694.0
1379,50694.0,50694.0,50694.0,50694.0,50694.0,50694.0,50694.0,50694.0,50694.0,50694.0,50694.0
1380,50694.0,50694.0,50694.0,50694.0,50694.0,50694.0,50694.0,50694.0,50694.0,50694.0,50694.0
1381,50694.0,50694.0,50694.0,50694.0,50694.0,50694.0,50694.0,50694.0,50694.0,50694.0,50694.0
1382,50694.0,50694.0,50694.0,50694.0,50694.0,50694.0,50694.0,50694.0,50694.0,50694.0,50694.0
1383,50694.0,50694.0,50694.0,50694.0,50694.0,50694.0,50694.0,50694.0,50694.0,50694.0,50694.0
1384,50694.0,50694.0,50694.0,50694.0,50694.0,50694.0,50694.0,50694.0,50694.0,50694.0,50694.0
1385,50694.0,50694.0,50694.0,50694.0,50694.0,50694.0,50694.0,50694.0,50694.0,50694.0,50694.0
1386,50694.0,50694.0,50694.0,50694.0,50694.0,50694.0,50694.0,50694.0,50694.0,50694.0,50694.0
1387,50694.0,50694.0,50694.0,50694.0,50694.0,50694.0,50694.0,50694.0,50694.0,50694.0,50694.0
1388,50694.0,50694.0,50694.0,50694.0,50694.0,50694.0,50694.0,50694.0,50694.0,50694.0,50694.0
1389,50694.0,50694.0,50694.0,50694.0,50694.0,50694.0,50694.0,50694.0,50694.0,50694.0,50694.0
1390,50694.0,50694.0,50694.0,50694.0,50694.0,50694.0,50694.0,50694.0,50694.0,50694.0,50694.0
1391,50694.0,50694.0,50694.0,50694.0,50694.0,50694.0,50694.0,50694.0,50694.0,50694.0,50694.0
1392,50694.0,50694.0,50694.0,50694.0,50694.0,50694.0,50694.0,50694.0,50694.0,50694.0,50694.0
1393,50694.0,50694.0,50694.0,50694.0,50694.0,50694.0,50694.0,50694.0,50694.0,50694.0,50694.0
1394,50694.0,50694.0,50694.0,50694.0,50694.0,50694.0,50694.0,50694.0,50694.0,50694.0,50694.0
1395,50694.0,50694.0,50694.0,50694.0,50694.0,50694.0,50694.0,50694.0,50694.0,50694.0,50694.0
1396,50694.0,50694.0,50694.0,50694.0,50694.0,50694.0,50694.0,50694.0,50694.0,50694.0,50694.0
1397,50694.0,50694.0,50694.0,50694.0,50694.0,50694.0,50694.0,50694.0,50694.0,50694.0,50694.0
1398,50694.0,50694.0,50694.0,50694.0,50694.0,50694.0,50694.0,50694.0,50694.0,50694.0,50694.0
1399,50694.0,50694.0,50694.0,50694.0,50694.0,50694.0,50694.0,50694.0,50694.0,50694.0,50694.0
1400,50694.0,50694.0,50694.0,50694.0,50694.0,50694.0,50694.0,50694.0,50694.0,50694.0,50694.0
1401,50694.0,50694.0,50694.0,50694.0,50694.0,50694.0,50694.0,50694.0,50694.0,50694.0,50694.0
1402,50694.0,50694.0,50694.0,50694.0,50694.0,50694.0,50694.0,50694.0,50694.0,50694.0,50694.0
1403,50694.0,50694.0,50694.0,50694.0,50694.0,50694.0,50694.0,50694.0,50694.0,50694.0,50694.0
1404,50694.0,50694.0,50694.0,50694.0,50694.0,50694.0,50694.0,50694.0,50694.0,50694.0,50694.0
1405,50694.0,50694.0,50694.0,50694.0,50694.0,50694.0,50694.0,50694.0,50694.0,50694.0,50694.0
1406,50694.0,50694.0,50694.0,50694.0,50694.0,50694.0,50694.0,50694.0,50694.0,50694.0,50694.0
1407,50694.0,50694.0,50694.0,50694.0,50694.0,50694.0,50694.0,50694.0,50694.0,50694.0,50694.0
1408,50694.0,50694.0,50694.0,50694.0,50694.0,50694.0,50694.0,50694.0,50694.0,50694.0,50694.0
1409,50694.0,50694.0,50694.0,50694.0,50694.0,50694.0,50694.0,50694.0,50694.0,50694.0,50694.0
1410,50694.0,50694.0,50694.0,50694.0,50694.0,50694.0,50694.0,50694.0,50694.0,50694.0,50694.0
1411,50694.0,50694.0,50694.0,50694.0,50694.0,50694.0,50694.0,50694.0,50694.0,50694.0,50694.0
1412,50694.0,50694.0,50694.0,50694.0,50694.0,50694.0,50694.0,50694.0,50694.0,50694.0,50694.0
1413,50694.0,50694.0,50694.0,50694.0,50694.0,50694.0,50694.0,50694.0,50694.0,50694.0,50694.0
1414,50694.0,50694.0,50694.0,50694.0,50694.0,50694.0,50694.0,50694.0,50694.0,50694.0,50694.0
1415,50694.0,50694.0,50694.0,50694.0,50694.0,50694.0,50694.0,50694.0,50694.0,50694.0,50694.0
1416,50694.0,50694.0,50694.0,50694.0,50694.0,50694.0,50694.0,50694.0,50694.0,50694.0,50694.0
1417,50694.0,50694.0,50694.0,50694.0,50694.0,50694.0,50694.0,50694.0,50694.0,50694.0,50694.0
1418,50694.0,50694.0,50694.0,50694.0,50694.0,50694.0,50694.0,50694.0,50694.0,50694.0,50694.0
1419,50694.0,50694.0,50694.0,50694.0,50694.0,50694.0,50694.0,50694.0,50694.0,50694.0,50694.0
1420,50694.0,50694.0,50694.0,50694.0,50694.0,50694.0,50694.0,50694.0,50694.0,50694.0,50694.0
1421,50694.0,50694.0,50694.0,50694.0,50694.0,50694.0,50694.0,50694.0,50694.0,50694.0,50694.0
1422,50694.0,50694.0,50694.0,50694.0,50694.0,50694.0,50694.0,50694.0,50694.0,50694.0,50694.0
1423,50694.0,50694.0,50694.0,50694.0,50694.0,50694.0,50694.0,50694.0,50694.0,50694.0,50694.0
1424,50694.0,50694.0,50694.0,50694.0,50694.0,50694.0,50694.0,50694.0,50694.0,50694.0,50694.0
1425,50694.0,50694.0,50694.0,50694.0,50694.0,50694.0,50694.0,50694.0,50694.0,50694.0,50694.0
1426,50694.0,50694.0,50694.0,50694.0,50694.0,50694.0,50694.0,50694.0,50694.0,50694.0,50694.0
1427,50694.0,50694.0,50694.0,50694.0,50694.0,50694.0,50694.0,50694.0,50694.0,50694.0,50694.0
1428,50694.0,50694.0,50694.0,50694.0,50694.0,50694.0,50694.0,50694.0,50694.0,50694.0,50694.0
1429,50694.0,50694.0,50694.0,50694.0,50694.0,50694.0,50694.0,50694.0,50694.0,50694.0,50694.0
1430,50694.0,50694.0,50694.0,50694.0,50694.0,50694.0,50694.0,50694.0,50694.0,50694.0,50694.0
1431,50694.0,50694.0,50694.0,50694.0,50694.0,50694.0,50694.0,50694.0,50694.0,50694.0,50694.0
1432,50694.0,50694.0,50694.0,50694.0,50694.0,50694.0,50694.0,50694.0,50694.0,50694.0,50694.0
1433,50694.0,50694.0,50694.0,50694.0,50694.0,50694.0,50694.0,50694.0,50694.0,50694.0,50694.0
1434,50694.0,50694.0,50694.0,50694.0,50694.0,50694.0,50694.0,50694.0,50694.0,50694.0,50694.0
1435,50694.0,50694.0,50694.0,50694.0,50694.0,50694.0,50694.0,50694.0,50694.0,50694.0,50694.0
1436,50694.0,50694.0,50694.0,50694.0,50694.0,50694.0,50694.0,50694.0,50694.0,50694.0,50694.0
1437,50694.0,50694.0,50694.0,50694.0,50694.0,50694.0,50694.0,50694.0,50694.0,50694.0,50694.0
1438,50694.0,50694.0,50694.0,50694.0,50694.0,50694.0,50694.0,50694.0,50694.0,50694.0,50694.0
1439,50694.0,50694.0,50694.0,50694.0,50694.0,50694.0,50694.0,50694.0,50694.0,50694.0,50694.0
1440,50694.0,50694.0,50694.0,50694.0,50694.0,50694.0,50694.0,50694.0,50694.0,50694.0,50694.0
1441,50694.0,50694.0,50694.0,50694.0,50694.0,50694.0,50694.0,50694.0,50694.0,50694.0,50694.0
1442,50694.0,50694.0,50694.0,50694.0,50694.0,50694.0,50694.0,50694.0,50694.0,50694.0,50694.0
1443,50694.0,50694.0,50694.0,50694.0,50694.0,50694.0,50694.0,50694.0,50694.0,50694.0,50694.0
1444,50694.0,50694.0,50694.0,50694.0,50694.0,50694.0,50694.0,50694.0,50694.0,50694.0,50694.0
1445,50694.0,50694.0,50694.0,50694.0,50694.0,50694.0,50694.0,50694.0,50694.0,50694.0,50694.0
1446,50694.0,50694.0,50694.0,50694.0,50694.0,50694.0,50694.0,50694.0,50694.0,50694.0,50694.0
1447,50694.0,50694.0,50694.0,50694.0,50694.0,50694.0,50694.0,50694.0,50694.0,50694.0,50694.0
1448,50694.0,50694.0,50694.0,50694.0,50694.0,50694.0,50694.0,50694.0,50694.0,50694.0,50694.0
1449,50694.0,50694.0,50694.0,50694.0,50694.0,50694.0,50694.0,50694.0,50694.0,50694.0,50694.0
1450,50694.0,50694.0,50694.0,50694.0,50694.0,50694.0,50694.0,50694.0,50694.0,50694.0,50694.0
1451,50694.0,50694.0,50694.0,50694.0,50694.0,50694.0,50694.0,50694.0,50694.0,50694.0,50694.0
1452,50694.0,50694.0,50694.0,50694.0,50694.0,50694.0,50694.0,50694.0,50694.0,50694.0,50694.0
1453,50694.0,50694.0,50694.0,50694.0,50694.0,50694.0,50694.0,50694.0,50694.0,50694.0,50694.0
1454,50694.0,50694.0,50694.0,50694.0,50694.0,50694.0,50694.0,50694.0,50694.0,50694.0,50694.0
1455,50694.0,50694.0,50694.0,50694.0,50694.0,50694.0,50694.0,50694.0,50694.0,50694.0,50694.0
1456,50694.0,50694.0,50694.0,50694.0,50694.0,50694.0,50694.0,50694.0,50694.0,50694.0,50694.0
1457,50694.0,50694.0,50694.0,50694.0,50694.0,50694.0,50694.0,50694.0,50694.0,50694.0,50694.0
1458,50694.0,50694.0,50694.0,50694.0,50694.0,50694.0,50694.0,50694.0,50694.0,50694.0,50694.0
1459,50694.0,50694.0,50694.0,50694.0,50694.0,50694.0,50694.0,50694.0,50694.0,50694.0,50694.0
1460,50694.0,50694.0,50694.0,50694.0,50694.0,50694.0,50694.0,50694.0,50694.0,50694.0,50694.0
1461,50694.0,50694.0,50694.0,50694.0,50694.0,50694.0,50694.0,50694.0,50694.0,50694.0,50694.0
1462,50694.0,50694.0,50694.0,50694.0,50694.0,50694.0,50694.0,50694.0,50694.0,50694.0,50694.0
1463,50694.0,50694.0,50694.0,50694.0,50694.0,50694.0,50694.0,50694.0,50694.0,50694.0,50694.0
1464,50694.0,50694.0,50694.0,50694.0,50694.0,50694.0,50694.0,50694.0,50694.0,50694.0,50694.0
1465,50694.0,50694.0,50694.0,50694.0,50694.0,50694.0,50694.0,50694.0,50694.0,50694.0,50694.0
1466,50694.0,50694.0,50694.0,50694.0,50694.0,50694.0,50694.0,50694.0,50694.0,50694.0,50694.0
1467,50694.0,50694.0,50694.0,50694.0,50694.0,50694.0,50694.0,50694.0,50694.0,50694.0,50694.0
1468,50694.0,50694.0,50694.0,50694.0,50694.0,50694.0,50694.0,50694.0,50694.0,50694.0,50694.0
1469,50694.0,50694.0,50694.0,50694.0,50694.0,50694.0,50694.0,50694.0,50694.0,50694.0,50694.0
1470,50694.0,50694.0,50694.0,50694.0,50694.0,50694.0,50694.0,50694.0,50694.0,50694.0,50694.0
1471,50694.0,50694.0,50694.0,50694.0,50694.0,50694.0,50694.0,50694.0,50694.0,50694.0,50694.0
1472,50694.0,50694.0,50694.0,50694.0,50694.0,50694.0,50694.0,50694.0,50694.0,50694.0,50694.0
1473,50694.0,50694.0,50694.0,50694.0,50694.0,50694.0,50694.0,50694.0,50694.0,50694.0,50694.0
1474,50694.0,50694.0,50694.0,50694.0,50694.0,50694.0,50694.0,50694.0,50694.0,50694.0,50694.0
1475,50694.0,50694.0,50694.0,50694.0,50694.0,50694.0,50694.0,50694.0,50694.0,50694.0,50694.0
1476,50694.0,50694.0,50694.0,50694.0,50694.0,50694.0,50694.0,50694.0,50694.0,50694.0,50694.0
1477,50694.0,50694.0,50694.0,50694.0,50694.0,50694.0,50694.0,50694.0,50694.0,50694.0,50694.0
1478,50694.0,50694.0,50694.0,50694.0,50694.0,50694.0,50694.0,50694.0,50694.0,50694.0,50694.0
1479,50694.0,50694.0,50694.0,50694.0,50694.0,50694.0,50694.0,50694.0,50694.0,50694.0,50694.0
1480,50694.0,50694.0,50694.0,50694.0,50694.0,50694.0,50694.0,50694.0,50694.0,50694.0,50694.0
1481,50694.0,50694.0,50694.0,50694.0,50694.0,50694.0,50694.0,50694.0,50694.0,50694.0,50694.0
1482,50694.0,50694.0,50694.0,50694.0,50694.0,50694.0,50694.0,50694.0,50694.0,50694.0,50694.0
1483,50694.0,50694.0,50694.0,50694.0,50694.0,50694.0,50694.0,50694.0,50694.0,50694.0,50694.0
1484,50694.0,50694.0,50694.0,50694.0,50694.0,50694.0,50694.0,50694.0,50694.0,50694.0,50694.0
1485,50694.0,50694.0,50694.0,50694.0,50694.0,50694.0,50694.0,50694.0,50694.0,50694.0,50694.0
1486,50694.0,50694.0,50694.0,50694.0,50694.0,50694.0,50694.0,50694.0,50694.0,50694.0,50694.0
1487,50694.0,50694.0,50694.0,50694.0,50694.0,50694.0,50694.0,50694.0,50694.0,50694.0,50694.0
1488,50694.0,50694.0,50694.0,50694.0,50694.0,50694.0,50694.0,50694.0,50694.0,50694.0,50694.0
1489,50694.0,50694.0,50694.0,50694.0,50694.0,50694.0,50694.0,50694.0,50694.0,50694.0,50694.0
1490,50694.0,50694.0,50694.0,50694.0,50694.0,50694.0,50694.0,50694.0,50694.0,50694.0,50694.0
1491,50694.0,50694.0,50694.0,50694.0,50694.0,50694.0,50694.0,50694.0,50694.0,50694.0,50694.0
1492,50694.0,50694.0,50694.0,50694.0,50694.0,50694.0,50694.0,50694.0,50694.0,50694.0,50694.0
1493,50694.0,50694.0,50694.0,50694.0,50694.0,50694.0,50694.0,50694.0,50694.0,50694.0,50694.0
1494,50694.0,50694.0,50694.0,50694.0,50694.0,50694.0,50694.0,50694.0,50694.0,50694.0,50694.0
1495,50694.0,50694.0,50694.0,50694.0,50694.0,50694.0,50694.0,50694.0,50694.0,50694.0,50694.0
1496,50694.0,50694.0,50694.0,50694.0,50694.0,50694.0,50694.0,50694.0,50694.0,50694.0,50694.0
1497,50694.0,50694.0,50694.0,50694.0,50694.0,50694.0,50694.0,50694.0,50694.0,50694.0,50694.0
1498,50694.0,50694.0,50694.0,50694.0,50694.0,50694.0,50694.0,50694.0,50694.0,50694.0,50694.0
1499,50694.0,50694.0,50694.0,50694.0,50694.0,50694.0,50694.0,50694.0,50694.0,50694.0,50694.0
1500,50694.0,50694.0,50694.0,50694.0,50694.0,50694.0,50694.0,50694.0,50694.0,50694.0,50694.0
1501,50694.0,50694.0,50694.0,50694.0,50694.0,50694.0,50694.0,50694.0,50694.0,50694.0,50694.0
1502,50694.0,50694.0,50694.0,50694.0,50694.0,50694.0,50694.0,50694.0,50694.0,50694.0,50694.0
1503,50694.0,50694.0,50694.0,50694.0,50694.0,50694.0,50694.0,50694.0,50694.0,50694.0,50694.0
1504,50694.0,50694.0,50694.0,50694.0,50694.0,50694.0,50694.0,50694.0,50694.0,50694.0,50694.0
1505,50694.0,50694.0,50694.0,50694.0,50694.0,50694.0,50694.0,50694.0,50694.0,50694.0,50694.0
1506,50694.0,50694.0,50694.0,50694.0,50694.0,50694.0,50694.0,50694.0,50694.0,50694.0,50694.0
1507,50694.0,50694.0,50694.0,50694.0,50694.0,50694.0,50694.0,50694.0,50694.0,50694.0,50694.0
1508,50694.0,50694.0,50694.0,50694.0,50694.0,50694.0,50694.0,50694.0,50694.0,50694.0,50694.0
1509,50694.0,50694.0,50694.0,50694.0,50694.0,50694.0,50694.0,50694.0,50694.0,50694.0,50694.0
1510,50694.0,50694.0,50694.0,50694.0,50694.0,50694.0,50694.0,50694.0,50694.0,50694.0,50694.0
1511,50694.0,50694.0,50694.0,50694.0,50694.0,50694.0,50694.0,50694.0,50694.0,50694.0,50694.0
1512,50694.0,50694.0,50694.0,50694.0,50694.0,50694.0,50694.0,50694.0,50694.0,50694.0,50694.0
1513,50694.0,50694.0,50694.0,50694.0,50694.0,50694.0,50694.0,50694.0,50694.0,50694.0,50694.0
1514,50694.0,50694.0,50694.0,50694.0,50694.0,50694.0,50694.0,50694.0,50694.0,50694.0,50694.0
1515,50694.0,50694.0,50694.0,50694.0,50694.0,50694.0,50694.0,50694.0,50694.0,50694.0,50694.0
1516,50694.0,50694.0,50694.0,50694.0,50694.0,50694.0,50694.0,50694.0,50694.0,50694.0,50694.0
1517,50694.0,50694.0,50694.0,50694.0,50694.0,50694.0,50694.0,50694.0,50694.0,50694.0,50694.0
1518,50694.0,50694.0,50694.0,50694.0,50694.0,50694.0,50694.0,50694.0,50694.0,50694.0,50694.0
1519,50694.0,50694.0,50694.0,50694.0,50694.0,50694.0,50694.0,50694.0,50694.0,50694.0,50694.0
1520,50694.0,50694.0,50694.0,50694.0,50694.0,50694.0,50694.0,50694.0,50694.0,50694.0,50694.0
1521,50694.0,50694.0,50694.0,50694.0,50694.0,50694.0,50694.0,50694.0,50694.0,50694.0,50694.0
1522,50694.0,50694.0,50694.0,50694.0,50694.0,50694.0,50694.0,50694.0,50694.0,50694.0,50694.0
1523,50694.0,50694.0,50694.0,50694.0,50694.0,50694.0,50694.0,50694.0,50694.0,50694.0,50694.0
1524,50694.0,50694.0,50694.0,50694.0,50694.0,50694.0,50694.0,50694.0,50694.0,50694.0,50694.0
1525,50694.0,50694.0,50694.0,50694.0,50694.0,50694.0,50694.0,50694.0,50694.0,50694.0,50694.0
1526,50694.0,50694.0,50694.0,50694.0,50694.0,50694.0,50694.0,50694.0,50694.0,50694.0,50694.0
1527,50694.0,50694.0,50694.0,50694.0,50694.0,50694.0,50694.0,50694.0,50694.0,50694.0,50694.0
1528,50694.0,50694.0,50694.0,50694.0,50694.0,50694.0,50694.0,50694.0,50694.0,50694.0,50694.0
1529,50694.0,50694.0,50694.0,50694.0,50694.0,50694.0,50694.0,50694.0,50694.0,50694.0,50694.0
1530,50694.0,50694.0,50694.0,50694.0,50694.0,50694.0,50694.0,50694.0,50694.0,50694.0,50694.0
1531,50694.0,50694.0,50694.0,50694.0,50694.0,50694.0,50694.0,50694.0,50694.0,50694.0,50694.0
1532,50694.0,50694.0,50694.0,50694.0,50694.0,50694.0,50694.0,50694.0,50694.0,50694.0,50694.0
1533,50694.0,50694.0,50694.0,50694.0,50694.0,50694.0,50694.0,50694.0,50694.0,50694.0,50694.0
1534,50694.0,50694.0,50694.0,50694.0,50694.0,50694.0,50694.0,50694.0,50694.0,50694.0,50694.0
1535,50694.0,50694.0,50694.0,50694.0,50694.0,50694.0,50694.0,50694.0,50694.0,50694.0,50694.0
1536,50694.0,50694.0,50694.0,50694.0,50694.0,50694.0,50694.0,50694.0,50694.0,50694.0,50694.0
1537,50694.0,50694.0,50694.0,50694.0,50694.0,50694.0,50694.0,50694.0,50694.0,50694.0,50694.0
1538,50694.0,50694.0,50694.0,50694.0,50694.0,50694.0,50694.0,50694.0,50694.0,50694.0,50694.0
1539,50694.0,50694.0,50694.0,50694.0,50694.0,50694.0,50694.0,50694.0,50694.0,50694.0,50694.0
1540,50694.0,50694.0,50694.0,50694.0,50694.0,50694.0,50694.0,50694.0,50694.0,50694.0,50694.0
1541,50694.0,50694.0,50694.0,50694.0,50694.0,50694.0,50694.0,50694.0,50694.0,50694.0,50694.0
1542,50694.0,50694.0,50694.0,50694.0,50694.0,50694.0,50694.0,50694.0,50694.0,50694.0,50694.0
1543,50694.0,50694.0,50694.0,50694.0,50694.0,50694.0,50694.0,50694.0,50694.0,50694.0,50694.0
1544,50694.0,50694.0,50694.0,50694.0,50694.0,50694.0,50694.0,50694.0,50694.0,50694.0,50694.0
1545,50694.0,50694.0,50694.0,50694.0,50694.0,50694.0,50694.0,50694.0,50694.0,50694.0,50694.0
1546,50694.0,50694.0,50694.0,50694.0,50694.0,50694.0,50694.0,50694.0,50694.0,50694.0,50694.0
1547,50694.0,50694.0,50694.0,50694.0,50694.0,50694.0,50694.0,50694.0,50694.0,50694.0,50694.0
1548,50694.0,50694.0,50694.0,50694.0,50694.0,50694.0,50694.0,50694.0,50694.0,50694.0,50694.0
1549,50694.0,50694.0,50694.0,50694.0,50694.0,50694.0,50694.0,50694.0,50694.0,50694.0,50694.0
1550,50694.0,50694.0,50694.0,50694.0,50694.0,50694.0,50694.0,50694.0,50694.0,50694.0,50694.0
1551,50694.0,50694.0,50694.0,50694.0,50694.0,50694.0,50694.0,50694.0,50694.0,50694.0,50694.0
1552,50694.0,50694.0,50694.0,50694.0,50694.0,50694.0,50694.0,50694.0,50694.0,50694.0,50694.0
1553,50694.0,50694.0,50694.0,50694.0,50694.0,50694.0,50694.0,50694.0,50694.0,50694.0,50694.0
1554,50694.0,50694.0,50694.0,50694.0,50694.0,50694.0,50694.0,50694.0,50694.0,50694.0,50694.0
1555,50694.0,50694.0,50694.0,50694.0,50694.0,50694.0,50694.0,50694.0,50694.0,50694.0,50694.0
1556,50694.0,50694.0,50694.0,50694.0,50694.0,50694.0,50694.0,50694.0,50694.0,50694.0,50694.0
1557,50694.0,50694.0,50694.0,50694.0,50694.0,50694.0,50694.0,50694.0,50694.0,50694.0,50694.0
1558,50694.0,50694.0,50694.0,50694.0,50694.0,50694.0,50694.0,50694.0,50694.0,50694.0,50694.0
1559,50694.0,50694.0,50694.0,50694.0,50694.0,50694.0,50694.0,50694.0,50694.0,50694.0,50694.0
1560,50694.0,50694.0,50694.0,50694.0,50694.0,50694.0,50694.0,50694.0,50694.0,50694.0,50694.0
1561,50694.0,50694.0,50694.0,50694.0,50694.0,50694.0,50694.0,50694.0,50694.0,50694.0,50694.0
1562,50694.0,50694.0,50694.0,50694.0,50694.0,50694.0,50694.0,50694.0,50694.0,50694.0,50694.0
1563,50694.0,50694.0,50694.0,50694.0,50694.0,50694.0,50694.0,50694.0,50694.0,50694.0,50694.0
1564,50694.0,50694.0,50694.0,50694.0,50694.0,50694.0,50694.0,50694.0,50694.0,50694.0,50694.0
1565,50694.0,50694.0,50694.0,50694.0,50694.0,50694.0,50694.0,50694.0,50694.0,50694.0,50694.0
1566,50694.0,50694.0,50694.0,50694.0,50694.0,50694.0,50694.0,50694.0,50694.0,50694.0,50694.0
1567,50694.0,50694.0,50694.0,50694.0,50694.0,50694.0,50694.0,50694.0,50694.0,50694.0,50694.0
1568,50694.0,50694.0,50694.0,50694.0,50694.0,50694.0,50694.0,50694.0,50694.0,50694.0,50694.0
1569,50694.0,50694.0,50694.0,50694.0,50694.0,50694.0,50694.0,50694.0,50694.0,50694.0,50694.0
1570,50694.0,50694.0,50694.0,50694.0,50694.0,50694.0,50694.0,50694.0,50694.0,50694.0,50694.0
1571,50694.0,50694.0,50694.0,50694.0,50694.0,50694.0,50694.0,50694.0,50694.0,50694.0,50694.0
1572,50694.0,50694.0,50694.0,50694.0,50694.0,50694.0,50694.0,50694.0,50694.0,50694.0,50694.0
1573,50694.0,50694.0,50694.0,50694.0,50694.0,50694.0,50694.0,50694.0,50694.0,50694.0,50694.0
1574,50694.0,50694.0,50694.0,50694.0,50694.0,50694.0,50694.0,50694.0,50694.0,50694.0,50694.0
1575,50694.0,50694.0,50694.0,50694.0,50694.0,50694.0,50694.0,50694.0,50694.0,50694.0,50694.0
1576,50694.0,50694.0,50694.0,50694.0,50694.0,50694.0,50694.0,50694.0,50694.0,50694.0,50694.0
1577,50694.0,50694.0,50694.0,50694.0,50694.0,50694.0,50694.0,50694.0,50694.0,50694.0,50694.0
1578,50694.0,50694.0,50694.0,50694.0,50694.0,50694.0,50694.0,50694.0,50694.0,50694.0,50694.0
1579,50694.0,50694.0,50694.0,50694.0,50694.0,50694.0,50694.0,50694.0,50694.0,50694.0,50694.0
1580,50694.0,50694.0,50694.0,50694.0,50694.0,50694.0,50694.0,50694.0,50694.0,50694.0,50694.0
1581,50694.0,50694.0,50694.0,50694.0,50694.0,50694.0,50694.0,50694.0,50694.0,50694.0,50694.0
1582,50694.0,50694.0,50694.0,50694.0,50694.0,50694.0,50694.0,50694.0,50694.0,50694.0,50694.0
1583,50694.0,50694.0,50694.0,50694.0,50694.0,50694.0,50694.0,50694.0,50694.0,50694.0,50694.0
1584,50694.0,50694.0,50694.0,50694.0,50694.0,50694.0,50694.0,50694.0,50694.0,50694.0,50694.0
1585,50694.0,50694.0,50694.0,50694.0,50694.0,50694.0,50694.0,50694.0,50694.0,50694.0,50694.0
1586,50694.0,50694.0,50694.0,50694.0,50694.0,50694.0,50694.0,50694.0,50694.0,50694.0,50694.0
1587,50694.0,50694.0,50694.0,50694.0,50694.0,50694.0,50694.0,50694.0,50694.0,50694.0,50694.0
1588,50694.0,50694.0,50694.0,50694.0,50694.0,50694.0,50694.0,50694.0,50694.0,50694.0,50694.0
1589,50694.0,50694.0,50694.0,50694.0,50694.0,50694.0,50694.0,50694.0,50694.0,50694.0,50694.0
1590,50694.0,50694.0,50694.0,50694.0,50694.0,50694.0,50694.0,50694.0,50694.0,50694.0,50694.0
1591,50694.0,50694.0,50694.0,50694.0,50694.0,50694.0,50694.0,50694.0,50694.0,50694.0,50694.0
1592,50694.0,50694.0,50694.0,50694.0,50694.0,50694.0,50694.0,50694.0,50694.0,50694.0,50694.0
1593,50694.0,50694.0,50694.0,50694.0,50694.0,50694.0,50694.0,50694.0,50694.0,50694.0,50694.0
1594,50694.0,50694.0,50694.0,50694.0,50694.0,50694.0,50694.0,50694.0,50694.0,50694.0,50694.0
1595,50694.0,50694.0,50694.0,50694.0,50694.0,50694.0,50694.0,50694.0,50694.0,50694.0,50694.0
1596,50694.0,50694.0,50694.0,50694.0,50694.0,50694.0,50694.0,50694.0,50694.0,50694.0,50694.0
1597,50694.0,50694.0,50694.0,50694.0,50694.0,50694.0,50694.0,50694.0,50694.0,50694.0,50694.0
1598,50694.0,50694.0,50694.0,50694.0,50694.0,50694.0,50694.0,50694.0,50694.0,50694.0,50694.0
1599,50694.0,50694.0,50694.0,50694.0,50694.0,50694.0,50694.0,50694.0,50694.0,50694.0,50694.0
1600,50694.0,50694.0,50694.0,50694.0,50694.0,50694.0,50694.0,50694.0,50694.0,50694.0,50694.0
1601,50694.0,50694.0,50694.0,50694.0,50694.0,50694.0,50694.0,50694.0,50694.0,50694.0,50694.0
1602,50694.0,50694.0,50694.0,50694.0,50694.0,50694.0,50694.0,50694.0,50694.0,50694.0,50694.0
1603,50694.0,50694.0,50694.0,50694.0,50694.0,50694.0,50694.0,50694.0,50694.0,50694.0,50694.0
1604,50694.0,50694.0,50694.0,50694.0,50694.0,50694.0,50694.0,50694.0,50694.0,50694.0,50694.0
1605,50694.0,50694.0,50694.0,50694.0,50694.0,50694.0,50694.0,50694.0,50694.0,50694.0,50694.0
1606,50694.0,50694.0,50694.0,50694.0,50694.0,50694.0,50694.0,50694.0,50694.0,50694.0,50694.0
1607,50694.0,50694.0,50694.0,50694.0,50694.0,50694.0,50694.0,50694.0,50694.0,50694.0,50694.0
1608,50694.0,50694.0,50694.0,50694.0,50694.0,50694.0,50694.0,50694.0,50694.0,50694.0,50694.0
1609,50694.0,50694.0,50694.0,50694.0,50694.0,50694.0,50694.0,50694.0,50694.0,50694.0,50694.0
1610,50694.0,50694.0,50694.0,50694.0,50694.0,50694.0,50694.0,50694.0,50694.0,50694.0,50694.0
1611,50694.0,50694.0,50694.0,50694.0,50694.0,50694.0,50694.0,50694.0,50694.0,50694.0,50694.0
1612,50694.0,50694.0,50694.0,50694.0,50694.0,50694.0,50694.0,50694.0,50694.0,50694.0,50694.0
1613,50694.0,50694.0,50694.0,50694.0,50694.0,50694.0,50694.0,50694.0,50694.0,50694.0,50694.0
1614,50694.0,50694.0,50694.0,50694.0,50694.0,50694.0,50694.0,50694.0,50694.0,50694.0,50694.0
1615,50694.0,50694.0,50694.0,50694.0,50694.0,50694.0,50694.0,50694.0,50694.0,50694.0,50694.0
1616,50694.0,50694.0,50694.0,50694.0,50694.0,50694.0,50694.0,50694.0,50694.0,50694.0,50694.0
1617,50694.0,50694.0,50694.0,50694.0,50694.0,50694.0,50694.0,50694.0,50694.0,50694.0,50694.0
1618,50694.0,50694.0,50694.0,50694.0,50694.0,50694.0,50694.0,50694.0,50694.0,50694.0,50694.0
1619,50694.0,50694.0,50694.0,50694.0,50694.0,50694.0,50694.0,50694.0,50694.0,50694.0,50694.0
1620,50694.0,50694.0,50694.0,50694.0,50694.0,50694.0,50694.0,50694.0,50694.0,50694.0,50694.0
1621,50694.0,50694.0,50694.0,50694.0,50694.0,50694.0,50694.0,50694.0,50694.0,50694.0,50694.0
1622,50694.0,50694.0,50694.0,50694.0,50694.0,50694.0,50694.0,50694.0,50694.0,50694.0,50694.0
1623,50694.0,50694.0,50694.0,50694.0,50694.0,50694.0,50694.0,50694.0,50694.0,50694.0,50694.0
1624,50694.0,50694.0,50694.0,50694.0,50694.0,50694.0,50694.0,50694.0,50694.0,50694.0,50694.0
1625,50694.0,50694.0,50694.0,50694.0,50694.0,50694.0,50694.0,50694.0,50694.0,50694.0,50694.0
1626,50694.0,50694.0,50694.0,50694.0,50694.0,50694.0,50694.0,50694.0,50694.0,50694.0,50694.0
1627,50694.0,50694.0,50694.0,50694.0,50694.0,50694.0,50694.0,50694.0,50694.0,50694.0,50694.0
1628,50694.0,50694.0,50694.0,50694.0,50694.0,50694.0,50694.0,50694.0,50694.0,50694.0,50694.0
1629,50694.0,50694.0,50694.0,50694.0,50694.0,50694.0,50694.0,50694.0,50694.0,50694.0,50694.0
1630,50694.0,50694.0,50694.0,50694.0,50694.0,50694.0,50694.0,50694.0,50694.0,50694.0,50694.0
1631,50694.0,50694.0,50694.0,50694.0,50694.0,50694.0,50694.0,50694.0,50694.0,50694.0,50694.0
1632,50694.0,50694.0,50694.0,50694.0,50694.0,50694.0,50694.0,50694.0,50694.0,50694.0,50694.0
1633,50694.0,50694.0,50694.0,50694.0,50694.0,50694.0,50694.0,50694.0,50694.0,50694.0,50694.0
1634,50694.0,50694.0,50694.0,50694.0,50694.0,50694.0,50694.0,50694.0,50694.0,50694.0,50694.0
1635,50694.0,50694.0,50694.0,50694.0,50694.0,50694.0,50694.0,50694.0,50694.0,50694.0,50694.0
1636,50694.0,50694.0,50694.0,50694.0,50694.0,50694.0,50694.0,50694.0,50694.0,50694.0,50694.0
1637,50694.0,50694.0,50694.0,50694.0,50694.0,50694.0,50694.0,50694.0,50694.0,50694.0,50694.0
1638,50694.0,50694.0,50694.0,50694.0,50694.0,50694.0,50694.0,50694.0,50694.0,50694.0,50694.0
1639,50694.0,50694.0,50694.0,50694.0,50694.0,50694.0,50694.0,50694.0,50694.0,50694.0,50694.0
1640,50694.0,50694.0,50694.0,50694.0,50694.0,50694.0,50694.0,50694.0,50694.0,50694.0,50694.0
1641,50694.0,50694.0,50694.0,50694.0,50694.0,50694.0,50694.0,50694.0,50694.0,50694.0,50694.0
1642,50694.0,50694.0,50694.0,50694.0,50694.0,50694.0,50694.0,50694.0,50694.0,50694.0,50694.0
1643,50694.0,50694.0,50694.0,50694.0,50694.0,50694.0,50694.0,50694.0,50694.0,50694.0,50694.0
1644,50694.0,50694.0,50694.0,50694.0,50694.0,50694.0,50694.0,50694.0,50694.0,50694.0,50694.0
1645,50694.0,50694.0,50694.0,50694.0,50694.0,50694.0,50694.0,50694.0,50694.0,50694.0,50694.0
1646,50694.0,50694.0,50694.0,50694.0,50694.0,50694.0,50694.0,50694.0,50694.0,50694.0,50694.0
1647,50694.0,50694.0,50694.0,50694.0,50694.0,50694.0,50694.0,50694.0,50694.0,50694.0,50694.0
1648,50694.0,50694.0,50694.0,50694.0,50694.0,50694.0,50694.0,50694.0,50694.0,50694.0,50694.0
1649,50694.0,50694.0,50694.0,50694.0,50694.0,50694.0,50694.0,50694.0,50694.0,50694.0,50694.0
1650,50694.0,50694.0,50694.0,50694.0,50694.0,50694.0,50694.0,50694.0,50694.0,50694.0,50694.0
1651,50694.0,50694.0,50694.0,50694.0,50694.0,50694.0,50694.0,50694.0,50694.0,50694.0,50694.0
1652,50694.0,50694.0,50694.0,50694.0,50694.0,50694.0,50694.0,50694.0,50694.0,50694.0,50694.0
1653,50694.0,50694.0,50694.0,50694.0,50694.0,50694.0,50694.0,50694.0,50694.0,50694.0,50694.0
1654,50694.0,50694.0,50694.0,50694.0,50694.0,50694.0,50694.0,50694.0,50694.0,50694.0,50694.0
1655,50694.0,50694.0,50694.0,50694.0,50694.0,50694.0,50694.0,50694.0,50694.0,50694.0,50694.0
1656,50694.0,50694.0,50694.0,50694.0,50694.0,50694.0,50694.0,50694.0,50694.0,50694.0,50694.0
1657,50694.0,50694.0,50694.0,50694.0,50694.0,50694.0,50694.0,50694.0,50694.0,50694.0,50694.0
1658,50694.0,50694.0,50694.0,50694.0,50694.0,50694.0,50694.0,50694.0,50694.0,50694.0,50694.0
1659,50694.0,50694.0,50694.0,50694.0,50694.0,50694.0,50694.0,50694.0,50694.0,50694.0,50694.0
1660,50694.0,50694.0,50694.0,50694.0,50694.0,50694.0,50694.0,50694.0,50694.0,50694.0,50694.0
1661,50694.0,50694.0,50694.0,50694.0,50694.0,50694.0,50694.0,50694.0,50694.0,50694.0,50694.0
1662,50694.0,50694.0,50694.0,50694.0,50694.0,50694.0,50694.0,50694.0,50694.0,50694.0,50694.0
1663,50694.0,50694.0,50694.0,50694.0,50694.0,50694.0,50694.0,50694.0,50694.0,50694.0,50694.0
1664,50694.0,50694.0,50694.0,50694.0,50694.0,50694.0,50694.0,50694.0,50694.0,50694.0,50694.0
1665,50694.0,50694.0,50694.0,50694.0,50694.0,50694.0,50694.0,50694.0,50694.0,50694.0,50694.0
1666,50694.0,50694.0,50694.0,50694.0,50694.0,50694.0,50694.0,50694.0,50694.0,50694.0,50694.0
1667,50694.0,50694.0,50694.0,50694.0,50694.0,50694.0,50694.0,50694.0,50694.0,50694.0,50694.0
1668,50694.0,50694.0,50694.0,50694.0,50694.0,50694.0,50694.0,50694.0,50694.0,50694.0,50694.0
1669,50694.0,50694.0,50694.0,50694.0,50694.0,50694.0,50694.0,50694.0,50694.0,50694.0,50694.0
1670,50694.0,50694.0,50694.0,50694.0,50694.0,50694.0,50694.0,50694.0,50694.0,50694.0,50694.0
1671,50694.0,50694.0,50694.0,50694.0,50694.0,50694.0,50694.0,50694.0,50694.0,50694.0,50694.0
1672,50694.0,50694.0,50694.0,50694.0,50694.0,50694.0,50694.0,50694.0,50694.0,50694.0,50694.0
1673,50694.0,50694.0,50694.0,50694.0,50694.0,50694.0,50694.0,50694.0,50694.0,50694.0,50694.0
1674,50694.0,50694.0,50694.0,50694.0,50694.0,50694.0,50694.0,50694.0,50694.0,50694.0,50694.0
1675,50694.0,50694.0,50694.0,50694.0,50694.0,50694.0,50694.0,50694.0,50694.0,50694.0,50694.0
1676,50694.0,50694.0,50694.0,50694.0,50694.0,50694.0,50694.0,50694.0,50694.0,50694.0,50694.0
1677,50694.0,50694.0,50694.0,50694.0,50694.0,50694.0,50694.0,50694.0,50694.0,50694.0,50694.0
1678,50694.0,50694.0,50694.0,50694.0,50694.0,50694.0,50694.0,50694.0,50694.0,50694.0,50694.0
1679,50694.0,50694.0,50694.0,50694.0,50694.0,50694.0,50694.0,50694.0,50694.0,50694.0,50694.0
1680,50694.0,50694.0,50694.0,50694.0,50694.0,50694.0,50694.0,50694.0,50694.0,50694.0,50694.0
1681,50694.0,50694.0,50694.0,50694.0,50694.0,50694.0,50694.0,50694.0,50694.0,50694.0,50694.0
1682,50694.0,50694.0,50694.0,50694.0,50694.0,50694.0,50694.0,50694.0,50694.0,50694.0,50694.0
1683,50694.0,50694.0,50694.0,50694.0,50694.0,50694.0,50694.0,50694.0,50694.0,50694.0,50694.0
1684,50694.0,50694.0,50694.0,50694.0,50694.0,50694.0,50694.0,50694.0,50694.0,50694.0,50694.0
1685,50694.0,50694.0,50694.0,50694.0,50694.0,50694.0,50694.0,50694.0,50694.0,50694.0,50694.0
1686,50694.0,50694.0,50694.0,50694.0,50694.0,50694.0,50694.0,50694.0,50694.0,50694.0,50694.0
1687,50694.0,50694.0,50694.0,50694.0,50694.0,50694.0,50694.0,50694.0,50694.0,50694.0,50694.0
1688,50694.0,50694.0,50694.0,50694.0,50694.0,50694.0,50694.0,50694.0,50694.0,50694.0,50694.0
1689,50694.0,50694.0,50694.0,50694.0,50694.0,50694.0,50694.0,50694.0,50694.0,50694.0,50694.0
1690,50694.0,50694.0,50694.0,50694.0,50694.0,50694.0,50694.0,50694.0,50694.0,50694.0,50694.0
1691,50694.0,50694.0,50694.0,50694.0,50694.0,50694.0,50694.0,50694.0,50694.0,50694.0,50694.0
1692,50694.0,50694.0,50694.0,50694.0,50694.0,50694.0,50694.0,50694.0,50694.0,50694.0,50694.0
1693,50694.0,50694.0,50694.0,50694.0,50694.0,50694.0,50694.0,50694.0,50694.0,50694.0,50694.0
1694,50694.0,50694.0,50694.0,50694.0,50694.0,50694.0,50694.0,50694.0,50694.0,50694.0,50694.0
1695,50694.0,50694.0,50694.0,50694.0,50694.0,50694.0,50694.0,50694.0,50694.0,50694.0,50694.0
1696,50694.0,50694.0,50694.0,50694.0,50694.0,50694.0,50694.0,50694.0,50694.0,50694.0,50694.0
1697,50694.0,50694.0,50694.0,50694.0,50694.0,50694.0,50694.0,50694.0,50694.0,50694.0,50694.0
1698,50694.0,50694.0,50694.0,50694.0,50694.0,50694.0,50694.0,50694.0,50694.0,50694.0,50694.0
1699,50694.0,50694.0,50694.0,50694.0,50694.0,50694.0,50694.0,50694.0,50694.0,50694.0,50694.0
1700,50694.0,50694.0,50694.0,50694.0,50694.0,50694.0,50694.0,50694.0,50694.0,50694.0,50694.0
1701,50694.0,50694.0,50694.0,50694.0,50694.0,50694.0,50694.0,50694.0,50694.0,50694.0,50694.0
1702,50694.0,50694.0,50694.0,50694.0,50694.0,50694.0,50694.0,50694.0,50694.0,50694.0,50694.0
1703,50694.0,50694.0,50694.0,50694.0,50694.0,50694.0,50694.0,50694.0,50694.0,50694.0,50694.0
1704,50694.0,50694.0,50694.0,50694.0,50694.0,50694.0,50694.0,50694.0,50694.0,50694.0,50694.0
1705,50694.0,50694.0,50694.0,50694.0,50694.0,50694.0,50694.0,50694.0,50694.0,50694.0,50694.0
1706,50694.0,50694.0,50694.0,50694.0,50694.0,50694.0,50694.0,50694.0,50694.0,50694.0,50694.0
1707,50694.0,50694.0,50694.0,50694.0,50694.0,50694.0,50694.0,50694.0,50694.0,50694.0,50694.0
1708,50694.0,50694.0,50694.0,50694.0,50694.0,50694.0,50694.0,50694.0,50694.0,50694.0,50694.0
1709,50694.0,50694.0,50694.0,50694.0,50694.0,50694.0,50694.0,50694.0,50694.0,50694.0,50694.0
1710,50694.0,50694.0,50694.0,50694.0,50694.0,50694.0,50694.0,50694.0,50694.0,50694.0,50694.0
1711,50694.0,50694.0,50694.0,50694.0,50694.0,50694.0,50694.0,50694.0,50694.0,50694.0,50694.0
1712,50694.0,50694.0,50694.0,50694.0,50694.0,50694.0,50694.0,50694.0,50694.0,50694.0,50694.0
1713,50694.0,50694.0,50694.0,50694.0,50694.0,50694.0,50694.0,50694.0,50694.0,50694.0,50694.0
1714,50694.0,50694.0,50694.0,50694.0,50694.0,50694.0,50694.0,50694.0,50694.0,50694.0,50694.0
1715,50694.0,50694.0,50694.0,50694.0,50694.0,50694.0,50694.0,50694.0,50694.0,50694.0,50694.0
1716,50694.0,50694.0,50694.0,50694.0,50694.0,50694.0,50694.0,50694.0,50694.0,50694.0,50694.0
1717,50694.0,50694.0,50694.0,50694.0,50694.0,50694.0,50694.0,50694.0,50694.0,50694.0,50694.0
1718,50694.0,50694.0,50694.0,50694.0,50694.0,50694.0,50694.0,50694.0,50694.0,50694.0,50694.0
1719,50694.0,50694.0,50694.0,50694.0,50694.0,50694.0,50694.0,50694.0,50694.0,50694.0,50694.0
1720,50694.0,50694.0,50694.0,50694.0,50694.0,50694.0,50694.0,50694.0,50694.0,50694.0,50694.0
1721,50694.0,50694.0,50694.0,50694.0,50694.0,50694.0,50694.0,50694.0,50694.0,50694.0,50694.0
1722,50694.0,50694.0,50694.0,50694.0,50694.0,50694.0,50694.0,50694.0,50694.0,50694.0,50694.0
1723,50694.0,50694.0,50694.0,50694.0,50694.0,50694.0,50694.0,50694.0,50694.0,50694.0,50694.0
1724,50694.0,50694.0,50694.0,50694.0,50694.0,50694.0,50694.0,50694.0,50694.0,50694.0,50694.0
1725,50694.0,50694.0,50694.0,50694.0,50694.0,50694.0,50694.0,50694.0,50694.0,50694.0,50694.0
1726,50694.0,50694.0,50694.0,50694.0,50694.0,50694.0,50694.0,50694.0,50694.0,50694.0,50694.0
1727,50694.0,50694.0,50694.0,50694.0,50694.0,50694.0,50694.0,50694.0,50694.0,50694.0,50694.0
1728,50694.0,50694.0,50694.0,50694.0,50694.0,50694.0,50694.0,50694.0,50694.0,50694.0,50694.0
1729,50694.0,50694.0,50694.0,50694.0,50694.0,50694.0,50694.0,50694.0,50694.0,50694.0,50694.0
1730,50694.0,50694.0,50694.0,50694.0,50694.0,50694.0,50694.0,50694.0,50694.0,50694.0,50694.0
1731,50694.0,50694.0,50694.0,50694.0,50694.0,50694.0,50694.0,50694.0,50694.0,50694.0,50694.0
1732,50694.0,50694.0,50694.0,50694.0,50694.0,50694.0,50694.0,50694.0,50694.0,50694.0,50694.0
1733,50694.0,50694.0,50694.0,50694.0,50694.0,50694.0,50694.0,50694.0,50694.0,50694.0,50694.0
1734,50694.0,50694.0,50694.0,50694.0,50694.0,50694.0,50694.0,50694.0,50694.0,50694.0,50694.0
1735,50694.0,50694.0,50694.0,50694.0,50694.0,50694.0,50694.0,50694.0,50694.0,50694.0,50694.0
1736,50694.0,50694.0,50694.0,50694.0,50694.0,50694.0,50694.0,50694.0,50694.0,50694.0,50694.0
1737,50694.0,50694.0,50694.0,50694.0,50694.0,50694.0,50694.0,50694.0,50694.0,50694.0,50694.0
1738,50694.0,50694.0,50694.0,50694.0,50694.0,50694.0,50694.0,50694.0,50694.0,50694.0,50694.0
1739,50694.0,50694.0,50694.0,50694.0,50694.0,50694.0,50694.0,50694.0,50694.0,50694.0,50694.0
1740,50694.0,50694.0,50694.0,50694.0,50694.0,50694.0,50694.0,50694.0,50694.0,50694.0,50694.0
1741,50694.0,50694.0,50694.0,50694.0,50694.0,50694.0,50694.0,50694.0,50694.0,50694.0,50694.0
1742,50694.0,50694.0,50694.0,50694.0,50694.0,50694.0,50694.0,50694.0,50694.0,50694.0,50694.0
1743,50694.0,50694.0,50694.0,50694.0,50694.0,50694.0,50694.0,50694.0,50694.0,50694.0,50694.0
1744,50694.0,50694.0,50694.0,50694.0,50694.0,50694.0,50694.0,50694.0,50694.0,50694.0,50694.0
1745,50694.0,50694.0,50694.0,50694.0,50694.0,50694.0,50694.0,50694.0,50694.0,50694.0,50694.0
1746,50694.0,50694.0,50694.0,50694.0,50694.0,50694.0,50694.0,50694.0,50694.0,50694.0,50694.0
1747,50694.0,50694.0,50694.0,50694.0,50694.0,50694.0,50694.0,50694.0,50694.0,50694.0,50694.0
1748,50694.0,50694.0,50694.0,50694.0,50694.0,50694.0,50694.0,50694.0,50694.0,50694.0,50694.0
1749,50694.0,50694.0,50694.0,50694.0,50694.0,50694.0,50694.0,50694.0,50694.0,50694.0,50694.0
1750,50694.0,50694.0,50694.0,50694.0,50694.0,50694.0,50694.0,50694.0,50694.0,50694.0,50694.0
1751,50694.0,50694.0,50694.0,50694.0,50694.0,50694.0,50694.0,50694.0,50694.0,50694.0,50694.0
1752,50694.0,50694.0,50694.0,50694.0,50694.0,50694.0,50694.0,50694.0,50694.0,50694.0,50694.0
1753,50694.0,50694.0,50694.0,50694.0,50694.0,50694.0,50694.0,50694.0,50694.0,50694.0,50694.0
1754,50694.0,50694.0,50694.0,50694.0,50694.0,50694.0,50694.0,50694.0,50694.0,50694.0,50694.0
1755,50694.0,50694.0,50694.0,50694.0,50694.0,50694.0,50694.0,50694.0,50694.0,50694.0,50694.0
1756,50694.0,50694.0,50694.0,50694.0,50694.0,50694.0,50694.0,50694.0,50694.0,50694.0,50694.0
1757,50694.0,50694.0,50694.0,50694.0,50694.0,50694.0,50694.0,50694.0,50694.0,50694.0,50694.0
1758,50694.0,50694.0,50694.0,50694.0,50694.0,50694.0,50694.0,50694.0,50694.0,50694.0,50694.0
1759,50694.0,50694.0,50694.0,50694.0,50694.0,50694.0,50694.0,50694.0,50694.0,50694.0,50694.0
1760,50694.0,50694.0,50694.0,50694.0,50694.0,50694.0,50694.0,50694.0,50694.0,50694.0,50694.0
1761,50694.0,50694.0,50694.0,50694.0,50694.0,50694.0,50694.0,50694.0,50694.0,50694.0,50694.0
1762,50694.0,50694.0,50694.0,50694.0,50694.0,50694.0,50694.0,50694.0,50694.0,50694.0,50694.0
1763,50694.0,50694.0,50694.0,50694.0,50694.0,50694.0,50694.0,50694.0,50694.0,50694.0,50694.0
1764,50694.0,50694.0,50694.0,50694.0,50694.0,50694.0,50694.0,50694.0,50694.0,50694.0,50694.0
1765,50694.0,50694.0,50694.0,50694.0,50694.0,50694.0,50694.0,50694.0,50694.0,50694.0,50694.0
1766,50694.0,50694.0,50694.0,50694.0,50694.0,50694.0,50694.0,50694.0,50694.0,50694.0,50694.0
1767,50694.0,50694.0,50694.0,50694.0,50694.0,50694.0,50694.0,50694.0,50694.0,50694.0,50694.0
1768,50694.0,50694.0,50694.0,50694.0,50694.0,50694.0,50694.0,50694.0,50694.0,50694.0,50694.0
1769,50694.0,50694.0,50694.0,50694.0,50694.0,50694.0,50694.0,50694.0,50694.0,50694.0,50694.0
1770,50694.0,50694.0,50694.0,50694.0,50694.0,50694.0,50694.0,50694.0,50694.0,50694.0,50694.0
1771,50694.0,50694.0,50694.0,50694.0,50694.0,50694.0,50694.0,50694.0,50694.0,50694.0,50694.0
1772,50694.0,50694.0,50694.0,50694.0,50694.0,50694.0,50694.0,50694.0,50694.0,50694.0,50694.0
1773,50694.0,50694.0,50694.0,50694.0,50694.0,50694.0,50694.0,50694.0,50694.0,50694.0,50694.0
1774,50694.0,50694.0,50694.0,50694.0,50694.0,50694.0,50694.0,50694.0,50694.0,50694.0,50694.0
1775,50694.0,50694.0,50694.0,50694.0,50694.0,50694.0,50694.0,50694.0,50694.0,50694.0,50694.0
1776,50694.0,50694.0,50694.0,50694.0,50694.0,50694.0,50694.0,50694.0,50694.0,50694.0,50694.0
1777,50694.0,50694.0,50694.0,50694.0,50694.0,50694.0,50694.0,50694.0,50694.0,50694.0,50694.0
1778,50694.0,50694.0,50694.0,50694.0,50694.0,50694.0,50694.0,50694.0,50694.0,50694.0,50694.0
1779,50694.0,50694.0,50694.0,50694.0,50694.0,50694.0,50694.0,50694.0,50694.0,50694.0,50694.0
1780,50694.0,50694.0,50694.0,50694.0,50694.0,50694.0,50694.0,50694.0,50694.0,50694.0,50694.0
1781,50694.0,50694.0,50694.0,50694.0,50694.0,50694.0,50694.0,50694.0,50694.0,50694.0,50694.0
1782,50694.0,50694.0,50694.0,50694.0,50694.0,50694.0,50694.0,50694.0,50694.0,50694.0,50694.0
1783,50694.0,50694.0,50694.0,50694.0,50694.0,50694.0,50694.0,50694.0,50694.0,50694.0,50694.0
1784,50694.0,50694.0,50694.0,50694.0,50694.0,50694.0,50694.0,50694.0,50694.0,50694.0,50694.0
1785,50694.0,50694.0,50694.0,50694.0,50694.0,50694.0,50694.0,50694.0,50694.0,50694.0,50694.0
1786,50694.0,50694.0,50694.0,50694.0,50694.0,50694.0,50694.0,50694.0,50694.0,50694.0,50694.0
1787,50694.0,50694.0,50694.0,50694.0,50694.0,50694.0,50694.0,50694.0,50694.0,50694.0,50694.0
1788,50694.0,50694.0,50694.0,50694.0,50694.0,50694.0,50694.0,50694.0,50694.0,50694.0,50694.0
1789,50694.0,50694.0,50694.0,50694.0,50694.0,50694.0,50694.0,50694.0,50694.0,50694.0,50694.0
1790,50694.0,50694.0,50694.0,50694.0,50694.0,50694.0,50694.0,50694.0,50694.0,50694.0,50694.0
1791,50694.0,50694.0,50694.0,50694.0,50694.0,50694.0,50694.0,50694.0,50694.0,50694.0,50694.0
1792,50694.0,50694.0,50694.0,50694.0,50694.0,50694.0,50694.0,50694.0,50694.0,50694.0,50694.0
1793,50694.0,50694.0,50694.0,50694.0,50694.0,50694.0,50694.0,50694.0,50694.0,50694.0,50694.0
1794,50694.0,50694.0,50694.0,50694.0,50694.0,50694.0,50694.0,50694.0,50694.0,50694.0,50694.0
1795,50694.0,50694.0,50694.0,50694.0,50694.0,50694.0,50694.0,50694.0,50694.0,50694.0,50694.0
1796,50694.0,50694.0,50694.0,50694.0,50694.0,50694.0,50694.0,50694.0,50694.0,50694.0,50694.0
1797,50694.0,50694.0,50694.0,50694.0,50694.0,50694.0,50694.0,50694.0,50694.0,50694.0,50694.0
1798,50694.0,50694.0,50694.0,50694.0,50694.0,50694.0,50694.0,50694.0,50694.0,50694.0,50694.0
1799,50694.0,50694.0,50694.0,50694.0,50694.0,50694.0,50694.0,50694.0,50694.0,50694.0,50694.0
1800,50694.0,50694.0,50694.0,50694.0,50694.0,50694.0,50694.0,50694.0,50694.0,50694.0,50694.0
1801,50694.0,50694.0,50694.0,50694.0,50694.0,50694.0,50694.0,50694.0,50694.0,50694.0,50694.0
1802,50694.0,50694.0,50694.0,50694.0,50694.0,50694.0,50694.0,50694.0,50694.0,50694.0,50694.0
1803,50694.0,50694.0,50694.0,50694.0,50694.0,50694.0,50694.0,50694.0,50694.0,50694.0,50694.0
1804,50694.0,50694.0,50694.0,50694.0,50694.0,50694.0,50694.0,50694.0,50694.0,50694.0,50694.0
1805,50694.0,50694.0,50694.0,50694.0,50694.0,50694.0,50694.0,50694.0,50694.0,50694.0,50694.0
1806,50694.0,50694.0,50694.0,50694.0,50694.0,50694.0,50694.0,50694.0,50694.0,50694.0,50694.0
1807,50694.0,50694.0,50694.0,50694.0,50694.0,50694.0,50694.0,50694.0,50694.0,50694.0,50694.0
1808,50694.0,50694.0,50694.0,50694.0,50694.0,50694.0,50694.0,50694.0,50694.0,50694.0,50694.0
1809,50694.0,50694.0,50694.0,50694.0,50694.0,50694.0,50694.0,50694.0,50694.0,50694.0,50694.0
1810,50694.0,50694.0,50694.0,50694.0,50694.0,50694.0,50694.0,50694.0,50694.0,50694.0,50694.0
1811,50694.0,50694.0,50694.0,50694.0,50694.0,50694.0,50694.0,50694.0,50694.0,50694.0,50694.0
1812,50694.0,50694.0,50694.0,50694.0,50694.0,50694.0,50694.0,50694.0,50694.0,50694.0,50694.0
1813,50694.0,50694.0,50694.0,50694.0,50694.0,50694.0,50694.0,50694.0,50694.0,50694.0,50694.0
1814,50694.0,50694.0,50694.0,50694.0,50694.0,50694.0,50694.0,50694.0,50694.0,50694.0,50694.0
1815,50694.0,50694.0,50694.0,50694.0,50694.0,50694.0,50694.0,50694.0,50694.0,50694.0,50694.0
1816,50694.0,50694.0,50694.0,50694.0,50694.0,50694.0,50694.0,50694.0,50694.0,50694.0,50694.0
1817,50694.0,50694.0,50694.0,50694.0,50694.0,50694.0,50694.0,50694.0,50694.0,50694.0,50694.0
1818,50694.0,50694.0,50694.0,50694.0,50694.0,50694.0,50694.0,50694.0,50694.0,50694.0,50694.0
1819,50694.0,50694.0,50694.0,50694.0,50694.0,50694.0,50694.0,50694.0,50694.0,50694.0,50694.0
1820,50694.0,50694.0,50694.0,50694.0,50694.0,50694.0,50694.0,50694.0,50694.0,50694.0,50694.0
1821,50694.0,50694.0,50694.0,50694.0,50694.0,50694.0,50694.0,50694.0,50694.0,50694.0,50694.0
1822,50694.0,50694.0,50694.0,50694.0,50694.0,50694.0,50694.0,50694.0,50694.0,50694.0,50694.0
1823,50694.0,50694.0,50694.0,50694.0,50694.0,50694.0,50694.0,50694.0,50694.0,50694.0,50694.0
1824,50694.0,50694.0,50694.0,50694.0,50694.0,50694.0,50694.0,50694.0,50694.0,50694.0,50694.0
1825,50694.0,50694.0,50694.0,50694.0,50694.0,50694.0,50694.0,50694.0,50694.0,50694.0,50694.0
1826,50694.0,50694.0,50694.0,50694.0,50694.0,50694.0,50694.0,50694.0,50694.0,50694.0,50694.0
1827,50694.0,50694.0,50694.0,50694.0,50694.0,50694.0,50694.0,50694.0,50694.0,50694.0,50694.0
1828,50694.0,50694.0,50694.0,50694.0,50694.0,50694.0,50694.0,50694.0,50694.0,50694.0,50694.0
1829,50694.0,50694.0,50694.0,50694.0,50694.0,50694.0,50694.0,50694.0,50694.0,50694.0,50694.0
1830,50694.0,50694.0,50694.0,50694.0,50694.0,50694.0,50694.0,50694.0,50694.0,50694.0,50694.0
1831,50694.0,50694.0,50694.0,50694.0,50694.0,50694.0,50694.0,50694.0,50694.0,50694.0,50694.0
1832,50694.0,50694.0,50694.0,50694.0,50694.0,50694.0,50694.0,50694.0,50694.0,50694.0,50694.0
1833,50694.0,50694.0,50694.0,50694.0,50694.0,50694.0,50694.0,50694.0,50694.0,50694.0,50694.0
1834,50694.0,50694.0,50694.0,50694.0,50694.0,50694.0,50694.0,50694.0,50694.0,50694.0,50694.0
1835,50694.0,50694.0,50694.0,50694.0,50694.0,50694.0,50694.0,50694.0,50694.0,50694.0,50694.0
1836,50694.0,50694.0,50694.0,50694.0,50694.0,50694.0,50694.0,50694.0,50694.0,50694.0,50694.0
1837,50694.0,50694.0,50694.0,50694.0,50694.0,50694.0,50694.0,50694.0,50694.0,50694.0,50694.0
1838,50694.0,50694.0,50694.0,50694.0,50694.0,50694.0,50694.0,50694.0,50694.0,50694.0,50694.0
1839,50694.0,50694.0,50694.0,50694.0,50694.0,50694.0,50694.0,50694.0,50694.0,50694.0,50694.0
1840,50694.0,50694.0,50694.0,50694.0,50694.0,50694.0,50694.0,50694.0,50694.0,50694.0,50694.0
1841,50694.0,50694.0,50694.0,50694.0,50694.0,50694.0,50694.0,50694.0,50694.0,50694.0,50694.0
1842,50694.0,50694.0,50694.0,50694.0,50694.0,50694.0,50694.0,50694.0,50694.0,50694.0,50694.0
1843,50694.0,50694.0,50694.0,50694.0,50694.0,50694.0,50694.0,50694.0,50694.0,50694.0,50694.0
1844,50694.0,50694.0,50694.0,50694.0,50694.0,50694.0,50694.0,50694.0,50694.0,50694.0,50694.0
1845,50694.0,50694.0,50694.0,50694.0,50694.0,50694.0,50694.0,50694.0,50694.0,50694.0,50694.0
1846,50694.0,50694.0,50694.0,50694.0,50694.0,50694.0,50694.0,50694.0,50694.0,50694.0,50694.0
1847,50694.0,50694.0,50694.0,50694.0,50694.0,50694.0,50694.0,50694.0,50694.0,50694.0,50694.0
1848,50694.0,50694.0,50694.0,50694.0,50694.0,50694.0,50694.0,50694.0,50694.0,50694.0,50694.0
1849,50694.0,50694.0,50694.0,50694.0,50694.0,50694.0,50694.0,50694.0,50694.0,50694.0,50694.0
1850,50694.0,50694.0,50694.0,50694.0,50694.0,50694.0,50694.0,50694.0,50694.0,50694.0,50694.0
1851,50694.0,50694.0,50694.0,50694.0,50694.0,50694.0,50694.0,50694.0,50694.0,50694.0,50694.0
1852,50694.0,50694.0,50694.0,50694.0,50694.0,50694.0,50694.0,50694.0,50694.0,50694.0,50694.0
1853,50694.0,50694.0,50694.0,50694.0,50694.0,50694.0,50694.0,50694.0,50694.0,50694.0,50694.0
1854,50694.0,50694.0,50694.0,50694.0,50694.0,50694.0,50694.0,50694.0,50694.0,50694.0,50694.0
1855,50694.0,50694.0,50694.0,50694.0,50694.0,50694.0,50694.0,50694.0,50694.0,50694.0,50694.0
1856,50694.0,50694.0,50694.0,50694.0,50694.0,50694.0,50694.0,50694.0,50694.0,50694.0,50694.0
1857,50694.0,50694.0,50694.0,50694.0,50694.0,50694.0,50694.0,50694.0,50694.0,50694.0,50694.0
1858,50694.0,50694.0,50694.0,50694.0,50694.0,50694.0,50694.0,50694.0,50694.0,50694.0,50694.0
1859,50694.0,50694.0,50694.0,50694.0,50694.0,50694.0,50694.0,50694.0,50694.0,50694.0,50694.0
1860,50694.0,50694.0,50694.0,50694.0,50694.0,50694.0,50694.0,50694.0,50694.0,50694.0,50694.0
1861,50694.0,50694.0,50694.0,50694.0,50694.0,50694.0,50694.0,50694.0,50694.0,50694.0,50694.0
1862,50694.0,50694.0,50694.0,50694.0,50694.0,50694.0,50694.0,50694.0,50694.0,50694.0,50694.0
1863,50694.0,50694.0,50694.0,50694.0,50694.0,50694.0,50694.0,50694.0,50694.0,50694.0,50694.0
1864,50694.0,50694.0,50694.0,50694.0,50694.0,50694.0,50694.0,50694.0,50694.0,50694.0,50694.0
1865,50694.0,50694.0,50694.0,50694.0,50694.0,50694.0,50694.0,50694.0,50694.0,50694.0,50694.0
1866,50694.0,50694.0,50694.0,50694.0,50694.0,50694.0,50694.0,50694.0,50694.0,50694.0,50694.0
1867,50694.0,50694.0,50694.0,50694.0,50694.0,50694.0,50694.0,50694.0,50694.0,50694.0,50694.0
1868,50694.0,50694.0,50694.0,50694.0,50694.0,50694.0,50694.0,50694.0,50694.0,50694.0,50694.0
1869,50694.0,50694.0,50694.0,50694.0,50694.0,50694.0,50694.0,50694.0,50694.0,50694.0,50694.0
1870,50694.0,50694.0,50694.0,50694.0,50694.0,50694.0,50694.0,50694.0,50694.0,50694.0,50694.0
1871,50694.0,50694.0,50694.0,50694.0,50694.0,50694.0,50694.0,50694.0,50694.0,50694.0,50694.0
1872,50694.0,50694.0,50694.0,50694.0,50694.0,50694.0,50694.0,50694.0,50694.0,50694.0,50694.0
1873,50694.0,50694.0,50694.0,50694.0,50694.0,50694.0,50694.0,50694.0,50694.0,50694.0,50694.0
1874,50694.0,50694.0,50694.0,50694.0,50694.0,50694.0,50694.0,50694.0,50694.0,50694.0,50694.0
1875,50694.0,50694.0,50694.0,50694.0,50694.0,50694.0,50694.0,50694.0,50694.0,50694.0,50694.0
1876,50694.0,50694.0,50694.0,50694.0,50694.0,50694.0,50694.0,50694.0,50694.0,50694.0,50694.0
1877,50694.0,50694.0,50694.0,50694.0,50694.0,50694.0,50694.0,50694.0,50694.0,50694.0,50694.0
1878,50694.0,50694.0,50694.0,50694.0,50694.0,50694.0,50694.0,50694.0,50694.0,50694.0,50694.0
1879,50694.0,50694.0,50694.0,50694.0,50694.0,50694.0,50694.0,50694.0,50694.0,50694.0,50694.0
1880,50694.0,50694.0,50694.0,50694.0,50694.0,50694.0,50694.0,50694.0,50694.0,50694.0,50694.0
1881,50694.0,50694.0,50694.0,50694.0,50694.0,50694.0,50694.0,50694.0,50694.0,50694.0,50694.0
1882,50694.0,50694.0,50694.0,50694.0,50694.0,50694.0,50694.0,50694.0,50694.0,50694.0,50694.0
1883,50694.0,50694.0,50694.0,50694.0,50694.0,50694.0,50694.0,50694.0,50694.0,50694.0,50694.0
1884,50694.0,50694.0,50694.0,50694.0,50694.0,50694.0,50694.0,50694.0,50694.0,50694.0,50694.0
1885,50694.0,50694.0,50694.0,50694.0,50694.0,50694.0,50694.0,50694.0,50694.0,50694.0,50694.0
1886,50694.0,50694.0,50694.0,50694.0,50694.0,50694.0,50694.0,50694.0,50694.0,50694.0,50694.0
1887,50694.0,50694.0,50694.0,50694.0,50694.0,50694.0,50694.0,50694.0,50694.0,50694.0,50694.0
1888,50694.0,50694.0,50694.0,50694.0,50694.0,50694.0,50694.0,50694.0,50694.0,50694.0,50694.0
1889,50694.0,50694.0,50694.0,50694.0,50694.0,50694.0,50694.0,50694.0,50694.0,50694.0,50694.0
1890,50694.0,50694.0,50694.0,50694.0,50694.0,50694.0,50694.0,50694.0,50694.0,50694.0,50694.0
1891,50694.0,50694.0,50694.0,50694.0,50694.0,50694.0,50694.0,50694.0,50694.0,50694.0,50694.0
1892,50694.0,50694.0,50694.0,50694.0,50694.0,50694.0,50694.0,50694.0,50694.0,50694.0,50694.0
1893,50694.0,50694.0,50694.0,50694.0,50694.0,50694.0,50694.0,50694.0,50694.0,50694.0,50694.0
1894,50694.0,50694.0,50694.0,50694.0,50694.0,50694.0,50694.0,50694.0,50694.0,50694.0,50694.0
1895,50694.0,50694.0,50694.0,50694.0,50694.0,50694.0,50694.0,50694.0,50694.0,50694.0,50694.0
1896,50694.0,50694.0,50694.0,50694.0,50694.0,50694.0,50694.0,50694.0,50694.0,50694.0,50694.0
1897,50694.0,50694.0,50694.0,50694.0,50694.0,50694.0,50694.0,50694.0,50694.0,50694.0,50694.0
1898,50694.0,50694.0,50694.0,50694.0,50694.0,50694.0,50694.0,50694.0,50694.0,50694.0,50694.0
1899,50694.0,50694.0,50694.0,50694.0,50694.0,50694.0,50694.0,50694.0,50694.0,50694.0,50694.0
1900,50694.0,50694.0,50694.0,50694.0,50694.0,50694.0,50694.0,50694.0,50694.0,50694.0,50694.0
1901,50694.0,50694.0,50694.0,50694.0,50694.0,50694.0,50694.0,50694.0,50694.0,50694.0,50694.0
1902,50694.0,50694.0,50694.0,50694.0,50694.0,50694.0,50694.0,50694.0,50694.0,50694.0,50694.0
1903,50694.0,50694.0,50694.0,50694.0,50694.0,50694.0,50694.0,50694.0,50694.0,50694.0,50694.0
1904,50694.0,50694.0,50694.0,50694.0,50694.0,50694.0,50694.0,50694.0,50694.0,50694.0,50694.0
1905,50694.0,50694.0,50694.0,50694.0,50694.0,50694.0,50694.0,50694.0,50694.0,50694.0,50694.0
1906,50694.0,50694.0,50694.0,50694.0,50694.0,50694.0,50694.0,50694.0,50694.0,50694.0,50694.0
1907,50694.0,50694.0,50694.0,50694.0,50694.0,50694.0,50694.0,50694.0,50694.0,50694.0,50694.0
1908,50694.0,50694.0,50694.0,50694.0,50694.0,50694.0,50694.0,50694.0,50694.0,50694.0,50694.0
1909,50694.0,50694.0,50694.0,50694.0,50694.0,50694.0,50694.0,50694.0,50694.0,50694.0,50694.0
1910,50694.0,50694.0,50694.0,50694.0,50694.0,50694.0,50694.0,50694.0,50694.0,50694.0,50694.0
1911,50694.0,50694.0,50694.0,50694.0,50694.0,50694.0,50694.0,50694.0,50694.0,50694.0,50694.0
1912,50694.0,50694.0,50694.0,50694.0,50694.0,50694.0,50694.0,50694.0,50694.0,50694.0,50694.0
1913,50694.0,50694.0,50694.0,50694.0,50694.0,50694.0,50694.0,50694.0,50694.0,50694.0,50694.0
1914,50694.0,50694.0,50694.0,50694.0,50694.0,50694.0,50694.0,50694.0,50694.0,50694.0,50694.0
1915,50694.0,50694.0,50694.0,50694.0,50694.0,50694.0,50694.0,50694.0,50694.0,50694.0,50694.0
1916,50694.0,50694.0,50694.0,50694.0,50694.0,50694.0,50694.0,50694.0,50694.0,50694.0,50694.0
1917,50694.0,50694.0,50694.0,50694.0,50694.0,50694.0,50694.0,50694.0,50694.0,50694.0,50694.0
1918,50694.0,50694.0,50694.0,50694.0,50694.0,50694.0,50694.0,50694.0,50694.0,50694.0,50694.0
1919,50694.0,50694.0,50694.0,50694.0,50694.0,50694.0,50694.0,50694.0,50694.0,50694.0,50694.0
1920,50694.0,50694.0,50694.0,50694.0,50694.0,50694.0,50694.0,50694.0,50694.0,50694.0,50694.0
1921,50694.0,50694.0,50694.0,50694.0,50694.0,50694.0,50694.0,50694.0,50694.0,50694.0,50694.0
1922,50694.0,50694.0,50694.0,50694.0,50694.0,50694.0,50694.0,50694.0,50694.0,50694.0,50694.0
1923,50694.0,50694.0,50694.0,50694.0,50694.0,50694.0,50694.0,50694.0,50694.0,50694.0,50694.0
1924,50694.0,50694.0,50694.0,50694.0,50694.0,50694.0,50694.0,50694.0,50694.0,50694.0,50694.0
1925,50694.0,50694.0,50694.0,50694.0,50694.0,50694.0,50694.0,50694.0,50694.0,50694.0,50694.0
1926,50694.0,50694.0,50694.0,50694.0,50694.0,50694.0,50694.0,50694.0,50694.0,50694.0,50694.0
1927,50694.0,50694.0,50694.0,50694.0,50694.0,50694.0,50694.0,50694.0,50694.0,50694.0,50694.0
1928,50694.0,50694.0,50694.0,50694.0,50694.0,50694.0,50694.0,50694.0,50694.0,50694.0,50694.0
1929,50694.0,50694.0,50694.0,50694.0,50694.0,50694.0,50694.0,50694.0,50694.0,50694.0,50694.0
1930,50694.0,50694.0,50694.0,50694.0,50694.0,50694.0,50694.0,50694.0,50694.0,50694.0,50694.0
1931,50694.0,50694.0,50694.0,50694.0,50694.0,50694.0,50694.0,50694.0,50694.0,50694.0,50694.0
1932,50694.0,50694.0,50694.0,50694.0,50694.0,50694.0,50694.0,50694.0,50694.0,50694.0,50694.0
1933,50694.0,50694.0,50694.0,50694.0,50694.0,50694.0,50694.0,50694.0,50694.0,50694.0,50694.0
1934,50694.0,50694.0,50694.0,50694.0,50694.0,50694.0,50694.0,50694.0,50694.0,50694.0,50694.0
1935,50694.0,50694.0,50694.0,50694.0,50694.0,50694.0,50694.0,50694.0,50694.0,50694.0,50694.0
1936,50694.0,50694.0,50694.0,50694.0,50694.0,50694.0,50694.0,50694.0,50694.0,50694.0,50694.0
1937,50694.0,50694.0,50694.0,50694.0,50694.0,50694.0,50694.0,50694.0,50694.0,50694.0,50694.0
1938,50694.0,50694.0,50694.0,50694.0,50694.0,50694.0,50694.0,50694.0,50694.0,50694.0,50694.0
1939,50694.0,50694.0,50694.0,50694.0,50694.0,50694.0,50694.0,50694.0,50694.0,50694.0,50694.0
1940,50694.0,50694.0,50694.0,50694.0,50694.0,50694.0,50694.0,50694.0,50694.0,50694.0,50694.0
1941,50694.0,50694.0,50694.0,50694.0,50694.0,50694.0,50694.0,50694.0,50694.0,50694.0,50694.0
1942,50694.0,50694.0,50694.0,50694.0,50694.0,50694.0,50694.0,50694.0,50694.0,50694.0,50694.0
1943,50694.0,50694.0,50694.0,50694.0,50694.0,50694.0,50694.0,50694.0,50694.0,50694.0,50694.0
1944,50694.0,50694.0,50694.0,50694.0,50694.0,50694.0,50694.0,50694.0,50694.0,50694.0,50694.0
1945,50694.0,50694.0,50694.0,50694.0,50694.0,50694.0,50694.0,50694.0,50694.0,50694.0,50694.0
1946,50694.0,50694.0,50694.0,50694.0,50694.0,50694.0,50694.0,50694.0,50694.0,50694.0,50694.0
1947,50694.0,50694.0,50694.0,50694.0,50694.0,50694.0,50694.0,50694.0,50694.0,50694.0,50694.0
1948,50694.0,50694.0,50694.0,50694.0,50694.0,50694.0,50694.0,50694.0,50694.0,50694.0,50694.0
1949,50694.0,50694.0,50694.0,50694.0,50694.0,50694.0,50694.0,50694.0,50694.0,50694.0,50694.0
1950,50694.0,50694.0,50694.0,50694.0,50694.0,50694.0,50694.0,50694.0,50694.0,50694.0,50694.0
1951,50694.0,50694.0,50694.0,50694.0,50694.0,50694.0,50694.0,50694.0,50694.0,50694.0,50694.0
1952,50694.0,50694.0,50694.0,50694.0,50694.0,50694.0,50694.0,50694.0,50694.0,50694.0,50694.0
1953,50694.0,50694.0,50694.0,50694.0,50694.0,50694.0,50694.0,50694.0,50694.0,50694.0,50694.0
1954,50694.0,50694.0,50694.0,50694.0,50694.0,50694.0,50694.0,50694.0,50694.0,50694.0,50694.0
1955,50694.0,50694.0,50694.0,50694.0,50694.0,50694.0,50694.0,50694.0,50694.0,50694.0,50694.0
1956,50694.0,50694.0,50694.0,50694.0,50694.0,50694.0,50694.0,50694.0,50694.0,50694.0,50694.0
1957,50694.0,50694.0,50694.0,50694.0,50694.0,50694.0,50694.0,50694.0,50694.0,50694.0,50694.0
1958,50694.0,50694.0,50694.0,50694.0,50694.0,50694.0,50694.0,50694.0,50694.0,50694.0,50694.0
1959,50694.0,50694.0,50694.0,50694.0,50694.0,50694.0,50694.0,50694.0,50694.0,50694.0,50694.0
1960,50694.0,50694.0,50694.0,50694.0,50694.0,50694.0,50694.0,50694.0,50694.0,50694.0,50694.0
1961,50694.0,50694.0,50694.0,50694.0,50694.0,50694.0,50694.0,50694.0,50694.0,50694.0,50694.0
1962,50694.0,50694.0,50694.0,50694.0,50694.0,50694.0,50694.0,50694.0,50694.0,50694.0,50694.0
1963,50694.0,50694.0,50694.0,50694.0,50694.0,50694.0,50694.0,50694.0,50694.0,50694.0,50694.0
1964,50694.0,50694.0,50694.0,50694.0,50694.0,50694.0,50694.0,50694.0,50694.0,50694.0,50694.0
1965,50694.0,50694.0,50694.0,50694.0,50694.0,50694.0,50694.0,50694.0,50694.0,50694.0,50694.0
1966,50694.0,50694.0,50694.0,50694.0,50694.0,50694.0,50694.0,50694.0,50694.0,50694.0,50694.0
1967,50694.0,50694.0,50694.0,50694.0,50694.0,50694.0,50694.0,50694.0,50694.0,50694.0,50694.0
1968,50694.0,50694.0,50694.0,50694.0,50694.0,50694.0,50694.0,50694.0,50694.0,50694.0,50694.0
1969,50694.0,50694.0,50694.0,50694.0,50694.0,50694.0,50694.0,50694.0,50694.0,50694.0,50694.0
1970,50694.0,50694.0,50694.0,50694.0,50694.0,50694.0,50694.0,50694.0,50694.0,50694.0,50694.0
1971,50694.0,50694.0,50694.0,50694.0,50694.0,50694.0,50694.0,50694.0,50694.0,50694.0,50694.0
1972,50694.0,50694.0,50694.0,50694.0,50694.0,50694.0,50694.0,50694.0,50694.0,50694.0,50694.0
1973,50694.0,50694.0,50694.0,50694.0,50694.0,50694.0,50694.0,50694.0,50694.0,50694.0,50694.0
1974,50694.0,50694.0,50694.0,50694.0,50694.0,50694.0,50694.0,50694.0,50694.0,50694.0,50694.0
1975,50694.0,50694.0,50694.0,50694.0,50694.0,50694.0,50694.0,50694.0,50694.0,50694.0,50694.0
1976,50694.0,50694.0,50694.0,50694.0,50694.0,50694.0,50694.0,50694.0,50694.0,50694.0,50694.0
1977,50694.0,50694.0,50694.0,50694.0,50694.0,50694.0,50694.0,50694.0,50694.0,50694.0,50694.0
1978,50694.0,50694.0,50694.0,50694.0,50694.0,50694.0,50694.0,50694.0,50694.0,50694.0,50694.0
1979,50694.0,50694.0,50694.0,50694.0,50694.0,50694.0,50694.0,50694.0,50694.0,50694.0,50694.0
1980,50694.0,50694.0,50694.0,50694.0,50694.0,50694.0,50694.0,50694.0,50694.0,50694.0,50694.0
1981,50694.0,50694.0,50694.0,50694.0,50694.0,50694.0,50694.0,50694.0,50694.0,50694.0,50694.0
1982,50694.0,50694.0,50694.0,50694.0,50694.0,50694.0,50694.0,50694.0,50694.0,50694.0,50694.0
1983,50694.0,50694.0,50694.0,50694.0,50694.0,50694.0,50694.0,50694.0,50694.0,50694.0,50694.0
1984,50694.0,50694.0,50694.0,50694.0,50694.0,50694.0,50694.0,50694.0,50694.0,50694.0,50694.0
1985,50694.0,50694.0,50694.0,50694.0,50694.0,50694.0,50694.0,50694.0,50694.0,50694.0,50694.0
1986,50694.0,50694.0,50694.0,50694.0,50694.0,50694.0,50694.0,50694.0,50694.0,50694.0,50694.0
1987,50694.0,50694.0,50694.0,50694.0,50694.0,50694.0,50694.0,50694.0,50694.0,50694.0,50694.0
1988,50694.0,50694.0,50694.0,50694.0,50694.0,50694.0,50694.0,50694.0,50694.0,50694.0,50694.0
1989,50694.0,50694.0,50694.0,50694.0,50694.0,50694.0,50694.0,50694.0,50694.0,50694.0,50694.0
1990,50694.0,50694.0,50694.0,50694.0,50694.0,50694.0,50694.0,50694.0,50694.0,50694.0,50694.0
1991,50694.0,50694.0,50694.0,50694.0,50694.0,50694.0,50694.0,50694.0,50694.0,50694.0,50694.0
1992,50694.0,50694.0,50694.0,50694.0,50694.0,50694.0,50694.0,50694.0,50694.0,50694.0,50694.0
1993,50694.0,50694.0,50694.0,50694.0,50694.0,50694.0,50694.0,50694.0,50694.0,50694.0,50694.0
1994,50694.0,50694.0,50694.0,50694.0,50694.0,50694.0,50694.0,50694.0,50694.0,50694.0,50694.0
1995,50694.0,50694.0,50694.0,50694.0,50694.0,50694.0,50694.0,50694.0,50694.0,50694.0,50694.0
1996,50694.0,50694.0,50694.0,50694.0,50694.0,50694.0,50694.0,50694.0,50694.0,50694.0,50694.0
1997,50694.0,50694.0,50694.0,50694.0,50694.0,50694.0,50694.0,50694.0,50694.0,50694.0,50694.0
1998,50694.0,50694.0,50694.0,50694.0,50694.0,50694.0,50694.0,50694.0,50694.0,50694.0,50694.0
1999,50694.0,50694.0,50694.0,50694.0,50694.0,50694.0,50694.0,50694.0,50694.0,50694.0,50694.0
2000,50694.0,50694.0,50694.0,50694.0,50694.0,50694.0,50694.0,50694.0,50694.0,50694.0,50694.0
2001,50694.0,50694.0,50694.0,50694.0,50694.0,50694.0,50694.0,50694.0,50694.0,50694.0,50694.0
2002,50694.0,50694.0,50694.0,50694.0,50694.0,50694.0,50694.0,50694.0,50694.0,50694.0,50694.0
2003,50694.0,50694.0,50694.0,50694.0,50694.0,50694.0,50694.0,50694.0,50694.0,50694.0,50694.0
2004,50694.0,50694.0,50694.0,50694.0,50694.0,50694.0,50694.0,50694.0,50694.0,50694.0,50694.0
2005,50694.0,50694.0,50694.0,50694.0,50694.0,50694.0,50694.0,50694.0,50694.0,50694.0,50694.0
2006,50694.0,50694.0,50694.0,50694.0,50694.0,50694.0,50694.0,50694.0,50694.0,50694.0,50694.0
2007,50694.0,50694.0,50694.0,50694.0,50694.0,50694.0,50694.0,50694.0,50694.0,50694.0,50694.0
2008,50694.0,50694.0,50694.0,50694.0,50694.0,50694.0,50694.0,50694.0,50694.0,50694.0,50694.0
2009,50694.0,50694.0,50694.0,50694.0,50694.0,50694.0,50694.0,50694.0,50694.0,50694.0,50694.0
2010,50694.0,50694.0,50694.0,50694.0,50694.0,50694.0,50694.0,50694.0,50694.0,50694.0,50694.0
2011,50694.0,50694.0,50694.0,50694.0,50694.0,50694.0,50694.0,50694.0,50694.0,50694.0,50694.0
2012,50694.0,50694.0,50694.0,50694.0,50694.0,50694.0,50694.0,50694.0,50694.0,50694.0,50694.0
2013,50694.0,50694.0,50694.0,50694.0,50694.0,50694.0,50694.0,50694.0,50694.0,50694.0,50694.0
2014,50694.0,50694.0,50694.0,50694.0,50694.0,50694.0,50694.0,50694.0,50694.0,50694.0,50694.0
2015,50694.0,50694.0,50694.0,50694.0,50694.0,50694.0,50694.0,50694.0,50694.0,50694.0,50694.0
2016,50694.0,50694.0,50694.0,50694.0,50694.0,50694.0,50694.0,50694.0,50694.0,50694.0,50694.0
2017,50694.0,50694.0,50694.0,50694.0,50694.0,50694.0,50694.0,50694.0,50694.0,50694.0,50694.0
2018,50694.0,50694.0,50694.0,50694.0,50694.0,50694.0,50694.0,50694.0,50694.0,50694.0,50694.0
2019,50694.0,50694.0,50694.0,50694.0,50694.0,50694.0,50694.0,50694.0,50694.0,50694.0,50694.0
2020,50694.0,50694.0,50694.0,50694.0,50694.0,50694.0,50694.0,50694.0,50694.0,50694.0,50694.0
2021,50694.0,50694.0,50694.0,50694.0,50694.0,50694.0,50694.0,50694.0,50694.0,50694.0,50694.0
2022,50694.0,50694.0,50694.0,50694.0,50694.0,50694.0,50694.0,50694.0,50694.0,50694.0,50694.0
2023,50694.0,50694.0,50694.0,50694.0,50694.0,50694.0,50694.0,50694.0,50694.0,50694.0,50694.0
2024,50694.0,50694.0,50694.0,50694.0,50694.0,50694.0,50694.0,50694.0,50694.0,50694.0,50694.0
2025,50694.0,50694.0,50694.0,50694.0,50694.0,50694.0,50694.0,50694.0,50694.0,50694.0,50694.0
2026,50694.0,50694.0,50694.0,50694.0,50694.0,50694.0,50694.0,50694.0,50694.0,50694.0,50694.0
2027,50694.0,50694.0,50694.0,50694.0,50694.0,50694.0,50694.0,50694.0,50694.0,50694.0,50694.0
2028,50694.0,50694.0,50694.0,50694.0,50694.0,50694.0,50694.0,50694.0,50694.0,50694.0,50694.0
2029,50694.0,50694.0,50694.0,50694.0,50694.0,50694.0,50694.0,50694.0,50694.0,50694.0,50694.0
2030,50694.0,50694.0,50694.0,50694.0,50694.0,50694.0,50694.0,50694.0,50694.0,50694.0,50694.0
2031,50694.0,50694.0,50694.0,50694.0,50694.0,50694.0,50694.0,50694.0,50694.0,50694.0,50694.0
2032,50694.0,50694.0,50694.0,50694.0,50694.0,50694.0,50694.0,50694.0,50694.0,50694.0,50694.0
2033,50694.0,50694.0,50694.0,50694.0,50694.0,50694.0,50694.0,50694.0,50694.0,50694.0,50694.0
2034,50694.0,50694.0,50694.0,50694.0,50694.0,50694.0,50694.0,50694.0,50694.0,50694.0,50694.0
2035,50694.0,50694.0,50694.0,50694.0,50694.0,50694.0,50694.0,50694.0,50694.0,50694.0,50694.0
2036,50694.0,50694.0,50694.0,50694.0,50694.0,50694.0,50694.0,50694.0,50694.0,50694.0,50694.0
2037,50694.0,50694.0,50694.0,50694.0,50694.0,50694.0,50694.0,50694.0,50694.0,50694.0,50694.0
2038,50694.0,50694.0,50694.0,50694.0,50694.0,50694.0,50694.0,50694.0,50694.0,50694.0,50694.0
2039,50694.0,50694.0,50694.0,50694.0,50694.0,50694.0,50694.0,50694.0,50694.0,50694.0,50694.0
2040,50694.0,50694.0,50694.0,50694.0,50694.0,50694.0,50694.0,50694.0,50694.0,50694.0,50694.0
2041,50694.0,50694.0,50694.0,50694.0,50694.0,50694.0,50694.0,50694.0,50694.0,50694.0,50694.0
2042,50694.0,50694.0,50694.0,50694.0,50694.0,50694.0,50694.0,50694.0,50694.0,50694.0,50694.0
2043,50694.0,50694.0,50694.0,50694.0,50694.0,50694.0,50694.0,50694.0,50694.0,50694.0,50694.0
2044,50694.0,50694.0,50694.0,50694.0,50694.0,50694.0,50694.0,50694.0,50694.0,50694.0,50694.0
2045,50694.0,50694.0,50694.0,50694.0,50694.0,50694.0,50694.0,50694.0,50694.0,50694.0,50694.0
2046,50694.0,50694.0,50694.0,50694.0,50694.0,50694.0,50694.0,50694.0,50694.0,50694.0,50694.0
2047,50694.0,50694.0,50694.0,50694.0,50694.0,50694.0,50694.0,50694.0,50694.0,50694.0,50694.0
2048,50694.0,50694.0,50694.0,50694.0,50694.0,50694.0,50694.0,50694.0,50694.0,50694.0,50694.0
2049,50694.0,50694.0,50694.0,50694.0,50694.0,50694.0,50694.0,50694.0,50694.0,50694.0,50694.0
2050,50694.0,50694.0,50694.0,50694.0,50694.0,50694.0,50694.0,50694.0,50694.0,50694.0,50694.0
2051,50694.0,50694.0,50694.0,50694.0,50694.0,50694.0,50694.0,50694.0,50694.0,50694.0,50694.0
2052,50694.0,50694.0,50694.0,50694.0,50694.0,50694.0,50694.0,50694.0,50694.0,50694.0,50694.0
2053,50694.0,50694.0,50694.0,50694.0,50694.0,50694.0,50694.0,50694.0,50694.0,50694.0,50694.0
2054,50694.0,50694.0,50694.0,50694.0,50694.0,50694.0,50694.0,50694.0,50694.0,50694.0,50694.0
2055,50694.0,50694.0,50694.0,50694.0,50694.0,50694.0,50694.0,50694.0,50694.0,50694.0,50694.0
2056,50694.0,50694.0,50694.0,50694.0,50694.0,50694.0,50694.0,50694.0,50694.0,50694.0,50694.0
2057,50694.0,50694.0,50694.0,50694.0,50694.0,50694.0,50694.0,50694.0,50694.0,50694.0,50694.0
2058,50694.0,50694.0,50694.0,50694.0,50694.0,50694.0,50694.0,50694.0,50694.0,50694.0,50694.0
2059,50694.0,50694.0,50694.0,50694.0,50694.0,50694.0,50694.0,50694.0,50694.0,50694.0,50694.0
2060,50694.0,50694.0,50694.0,50694.0,50694.0,50694.0,50694.0,50694.0,50694.0,50694.0,50694.0
2061,50694.0,50694.0,50694.0,50694.0,50694.0,50694.0,50694.0,50694.0,50694.0,50694.0,50694.0
2062,50694.0,50694.0,50694.0,50694.0,50694.0,50694.0,50694.0,50694.0,50694.0,50694.0,50694.0
2063,50694.0,50694.0,50694.0,50694.0,50694.0,50694.0,50694.0,50694.0,50694.0,50694.0,50694.0
2064,50694.0,50694.0,50694.0,50694.0,50694.0,50694.0,50694.0,50694.0,50694.0,50694.0,50694.0
2065,50694.0,50694.0,50694.0,50694.0,50694.0,50694.0,50694.0,50694.0,50694.0,50694.0,50694.0
2066,50694.0,50694.0,50694.0,50694.0,50694.0,50694.0,50694.0,50694.0,50694.0,50694.0,50694.0
2067,50694.0,50694.0,50694.0,50694.0,50694.0,50694.0,50694.0,50694.0,50694.0,50694.0,50694.0
2068,50694.0,50694.0,50694.0,50694.0,50694.0,50694.0,50694.0,50694.0,50694.0,50694.0,50694.0
2069,50694.0,50694.0,50694.0,50694.0,50694.0,50694.0,50694.0,50694.0,50694.0,50694.0,50694.0
2070,50694.0,50694.0,50694.0,50694.0,50694.0,50694.0,50694.0,50694.0,50694.0,50694.0,50694.0
2071,50694.0,50694.0,50694.0,50694.0,50694.0,50694.0,50694.0,50694.0,50694.0,50694.0,50694.0
2072,50694.0,50694.0,50694.0,50694.0,50694.0,50694.0,50694.0,50694.0,50694.0,50694.0,50694.0
2073,50694.0,50694.0,50694.0,50694.0,50694.0,50694.0,50694.0,50694.0,50694.0,50694.0,50694.0
2074,50694.0,50694.0,50694.0,50694.0,50694.0,50694.0,50694.0,50694.0,50694.0,50694.0,50694.0
2075,50694.0,50694.0,50694.0,50694.0,50694.0,50694.0,50694.0,50694.0,50694.0,50694.0,50694.0
2076,50694.0,50694.0,50694.0,50694.0,50694.0,50694.0,50694.0,50694.0,50694.0,50694.0,50694.0
2077,50694.0,50694.0,50694.0,50694.0,50694.0,50694.0,50694.0,50694.0,50694.0,50694.0,50694.0
2078,50694.0,50694.0,50694.0,50694.0,50694.0,50694.0,50694.0,50694.0,50694.0,50694.0,50694.0
2079,50694.0,50694.0,50694.0,50694.0,50694.0,50694.0,50694.0,50694.0,50694.0,50694.0,50694.0
2080,50694.0,50694.0,50694.0,50694.0,50694.0,50694.0,50694.0,50694.0,50694.0,50694.0,50694.0
2081,50694.0,50694.0,50694.0,50694.0,50694.0,50694.0,50694.0,50694.0,50694.0,50694.0,50694.0
2082,50694.0,50694.0,50694.0,50694.0,50694.0,50694.0,50694.0,50694.0,50694.0,50694.0,50694.0
2083,50694.0,50694.0,50694.0,50694.0,50694.0,50694.0,50694.0,50694.0,50694.0,50694.0,50694.0
2084,50694.0,50694.0,50694.0,50694.0,50694.0,50694.0,50694.0,50694.0,50694.0,50694.0,50694.0
2085,50694.0,50694.0,50694.0,50694.0,50694.0,50694.0,50694.0,50694.0,50694.0,50694.0,50694.0
2086,50694.0,50694.0,50694.0,50694.0,50694.0,50694.0,50694.0,50694.0,50694.0,50694.0,50694.0
2087,50694.0,50694.0,50694.0,50694.0,50694.0,50694.0,50694.0,50694.0,50694.0,50694.0,50694.0
2088,50694.0,50694.0,50694.0,50694.0,50694.0,50694.0,50694.0,50694.0,50694.0,50694.0,50694.0
2089,50694.0,50694.0,50694.0,50694.0,50694.0,50694.0,50694.0,50694.0,50694.0,50694.0,50694.0
2090,50694.0,50694.0,50694.0,50694.0,50694.0,50694.0,50694.0,50694.0,50694.0,50694.0,50694.0
2091,50694.0,50694.0,50694.0,50694.0,50694.0,50694.0,50694.0,50694.0,50694.0,50694.0,50694.0
2092,50694.0,50694.0,50694.0,50694.0,50694.0,50694.0,50694.0,50694.0,50694.0,50694.0,50694.0
2093,50694.0,50694.0,50694.0,50694.0,50694.0,50694.0,50694.0,50694.0,50694.0,50694.0,50694.0
2094,50694.0,50694.0,50694.0,50694.0,50694.0,50694.0,50694.0,50694.0,50694.0,50694.0,50694.0
2095,50694.0,50694.0,50694.0,50694.0,50694.0,50694.0,50694.0,50694.0,50694.0,50694.0,50694.0
2096,50694.0,50694.0,50694.0,50694.0,50694.0,50694.0,50694.0,50694.0,50694.0,50694.0,50694.0
2097,50694.0,50694.0,50694.0,50694.0,50694.0,50694.0,50694.0,50694.0,50694.0,50694.0,50694.0
2098,50694.0,50694.0,50694.0,50694.0,50694.0,50694.0,50694.0,50694.0,50694.0,50694.0,50694.0
2099,50694.0,50694.0,50694.0,50694.0,50694.0,50694.0,50694.0,50694.0,50694.0,50694.0,50694.0
2100,50694.0,50694.0,50694.0,50694.0,50694.0,50694.0,50694.0,50694.0,50694.0,50694.0,50694.0
2101,50694.0,50694.0,50694.0,50694.0,50694.0,50694.0,50694.0,50694.0,50694.0,50694.0,50694.0
2102,50694.0,50694.0,50694.0,50694.0,50694.0,50694.0,50694.0,50694.0,50694.0,50694.0,50694.0
2103,50694.0,50694.0,50694.0,50694.0,50694.0,50694.0,50694.0,50694.0,50694.0,50694.0,50694.0
2104,50694.0,50694.0,50694.0,50694.0,50694.0,50694.0,50694.0,50694.0,50694.0,50694.0,50694.0
2105,50694.0,50694.0,50694.0,50694.0,50694.0,50694.0,50694.0,50694.0,50694.0,50694.0,50694.0
2106,50694.0,50694.0,50694.0,50694.0,50694.0,50694.0,50694.0,50694.0,50694.0,50694.0,50694.0
2107,50694.0,50694.0,50694.0,50694.0,50694.0,50694.0,50694.0,50694.0,50694.0,50694.0,50694.0
2108,50694.0,50694.0,50694.0,50694.0,50694.0,50694.0,50694.0,50694.0,50694.0,50694.0,50694.0
2109,50694.0,50694.0,50694.0,50694.0,50694.0,50694.0,50694.0,50694.0,50694.0,50694.0,50694.0
2110,50694.0,50694.0,50694.0,50694.0,50694.0,50694.0,50694.0,50694.0,50694.0,50694.0,50694.0
2111,50694.0,50694.0,50694.0,50694.0,50694.0,50694.0,50694.0,50694.0,50694.0,50694.0,50694.0
2112,50694.0,50694.0,50694.0,50694.0,50694.0,50694.0,50694.0,50694.0,50694.0,50694.0,50694.0
2113,50694.0,50694.0,50694.0,50694.0,50694.0,50694.0,50694.0,50694.0,50694.0,50694.0,50694.0
2114,50694.0,50694.0,50694.0,50694.0,50694.0,50694.0,50694.0,50694.0,50694.0,50694.0,50694.0
2115,50694.0,50694.0,50694.0,50694.0,50694.0,50694.0,50694.0,50694.0,50694.0,50694.0,50694.0
2116,50694.0,50694.0,50694.0,50694.0,50694.0,50694.0,50694.0,50694.0,50694.0,50694.0,50694.0
2117,50694.0,50694.0,50694.0,50694.0,50694.0,50694.0,50694.0,50694.0,50694.0,50694.0,50694.0
2118,50694.0,50694.0,50694.0,50694.0,50694.0,50694.0,50694.0,50694.0,50694.0,50694.0,50694.0
2119,50694.0,50694.0,50694.0,50694.0,50694.0,50694.0,50694.0,50694.0,50694.0,50694.0,50694.0
2120,50694.0,50694.0,50694.0,50694.0,50694.0,50694.0,50694.0,50694.0,50694.0,50694.0,50694.0
2121,50694.0,50694.0,50694.0,50694.0,50694.0,50694.0,50694.0,50694.0,50694.0,50694.0,50694.0
2122,50694.0,50694.0,50694.0,50694.0,50694.0,50694.0,50694.0,50694.0,50694.0,50694.0,50694.0
2123,50694.0,50694.0,50694.0,50694.0,50694.0,50694.0,50694.0,50694.0,50694.0,50694.0,50694.0
2124,50694.0,50694.0,50694.0,50694.0,50694.0,50694.0,50694.0,50694.0,50694.0,50694.0,50694.0
2125,50694.0,50694.0,50694.0,50694.0,50694.0,50694.0,50694.0,50694.0,50694.0,50694.0,50694.0
2126,50694.0,50694.0,50694.0,50694.0,50694.0,50694.0,50694.0,50694.0,50694.0,50694.0,50694.0
2127,50694.0,50694.0,50694.0,50694.0,50694.0,50694.0,50694.0,50694.0,50694.0,50694.0,50694.0
2128,50694.0,50694.0,50694.0,50694.0,50694.0,50694.0,50694.0,50694.0,50694.0,50694.0,50694.0
2129,50694.0,50694.0,50694.0,50694.0,50694.0,50694.0,50694.0,50694.0,50694.0,50694.0,50694.0
2130,50694.0,50694.0,50694.0,50694.0,50694.0,50694.0,50694.0,50694.0,50694.0,50694.0,50694.0
2131,50694.0,50694.0,50694.0,50694.0,50694.0,50694.0,50694.0,50694.0,50694.0,50694.0,50694.0
2132,50694.0,50694.0,50694.0,50694.0,50694.0,50694.0,50694.0,50694.0,50694.0,50694.0,50694.0
2133,50694.0,50694.0,50694.0,50694.0,50694.0,50694.0,50694.0,50694.0,50694.0,50694.0,50694.0
2134,50694.0,50694.0,50694.0,50694.0,50694.0,50694.0,50694.0,50694.0,50694.0,50694.0,50694.0
2135,50694.0,50694.0,50694.0,50694.0,50694.0,50694.0,50694.0,50694.0,50694.0,50694.0,50694.0
2136,50694.0,50694.0,50694.0,50694.0,50694.0,50694.0,50694.0,50694.0,50694.0,50694.0,50694.0
2137,50694.0,50694.0,50694.0,50694.0,50694.0,50694.0,50694.0,50694.0,50694.0,50694.0,50694.0
2138,50694.0,50694.0,50694.0,50694.0,50694.0,50694.0,50694.0,50694.0,50694.0,50694.0,50694.0
2139,50694.0,50694.0,50694.0,50694.0,50694.0,50694.0,50694.0,50694.0,50694.0,50694.0,50694.0
2140,50694.0,50694.0,50694.0,50694.0,50694.0,50694.0,50694.0,50694.0,50694.0,50694.0,50694.0
2141,50694.0,50694.0,50694.0,50694.0,50694.0,50694.0,50694.0,50694.0,50694.0,50694.0,50694.0
2142,50694.0,50694.0,50694.0,50694.0,50694.0,50694.0,50694.0,50694.0,50694.0,50694.0,50694.0
2143,50694.0,50694.0,50694.0,50694.0,50694.0,50694.0,50694.0,50694.0,50694.0,50694.0,50694.0
2144,50694.0,50694.0,50694.0,50694.0,50694.0,50694.0,50694.0,50694.0,50694.0,50694.0,50694.0
2145,50694.0,50694.0,50694.0,50694.0,50694.0,50694.0,50694.0,50694.0,50694.0,50694.0,50694.0
2146,50694.0,50694.0,50694.0,50694.0,50694.0,50694.0,50694.0,50694.0,50694.0,50694.0,50694.0
2147,50694.0,50694.0,50694.0,50694.0,50694.0,50694.0,50694.0,50694.0,50694.0,50694.0,50694.0
2148,50694.0,50694.0,50694.0,50694.0,50694.0,50694.0,50694.0,50694.0,50694.0,50694.0,50694.0
2149,50694.0,50694.0,50694.0,50694.0,50694.0,50694.0,50694.0,50694.0,50694.0,50694.0,50694.0
2150,50694.0,50694.0,50694.0,50694.0,50694.0,50694.0,50694.0,50694.0,50694.0,50694.0,50694.0
2151,50694.0,50694.0,50694.0,50694.0,50694.0,50694.0,50694.0,50694.0,50694.0,50694.0,50694.0
2152,50694.0,50694.0,50694.0,50694.0,50694.0,50694.0,50694.0,50694.0,50694.0,50694.0,50694.0
2153,50694.0,50694.0,50694.0,50694.0,50694.0,50694.0,50694.0,50694.0,50694.0,50694.0,50694.0
2154,50694.0,50694.0,50694.0,50694.0,50694.0,50694.0,50694.0,50694.0,50694.0,50694.0,50694.0
2155,50694.0,50694.0,50694.0,50694.0,50694.0,50694.0,50694.0,50694.0,50694.0,50694.0,50694.0
2156,50694.0,50694.0,50694.0,50694.0,50694.0,50694.0,50694.0,50694.0,50694.0,50694.0,50694.0
2157,50694.0,50694.0,50694.0,50694.0,50694.0,50694.0,50694.0,50694.0,50694.0,50694.0,50694.0
2158,50694.0,50694.0,50694.0,50694.0,50694.0,50694.0,50694.0,50694.0,50694.0,50694.0,50694.0
2159,50694.0,50694.0,50694.0,50694.0,50694.0,50694.0,50694.0,50694.0,50694.0,50694.0,50694.0
2160,50694.0,50694.0,50694.0,50694.0,50694.0,50694.0,50694.0,50694.0,50694.0,50694.0,50694.0
2161,50694.0,50694.0,50694.0,50694.0,50694.0,50694.0,50694.0,50694.0,50694.0,50694.0,50694.0
2162,50694.0,50694.0,50694.0,50694.0,50694.0,50694.0,50694.0,50694.0,50694.0,50694.0,50694.0
2163,50694.0,50694.0,50694.0,50694.0,50694.0,50694.0,50694.0,50694.0,50694.0,50694.0,50694.0
2164,50694.0,50694.0,50694.0,50694.0,50694.0,50694.0,50694.0,50694.0,50694.0,50694.0,50694.0
2165,50694.0,50694.0,50694.0,50694.0,50694.0,50694.0,50694.0,50694.0,50694.0,50694.0,50694.0
2166,50694.0,50694.0,50694.0,50694.0,50694.0,50694.0,50694.0,50694.0,50694.0,50694.0,50694.0
2167,50694.0,50694.0,50694.0,50694.0,50694.0,50694.0,50694.0,50694.0,50694.0,50694.0,50694.0
2168,50694.0,50694.0,50694.0,50694.0,50694.0,50694.0,50694.0,50694.0,50694.0,50694.0,50694.0
2169,50694.0,50694.0,50694.0,50694.0,50694.0,50694.0,50694.0,50694.0,50694.0,50694.0,50694.0
2170,50694.0,50694.0,50694.0,50694.0,50694.0,50694.0,50694.0,50694.0,50694.0,50694.0,50694.0
2171,50694.0,50694.0,50694.0,50694.0,50694.0,50694.0,50694.0,50694.0,50694.0,50694.0,50694.0
2172,50694.0,50694.0,50694.0,50694.0,50694.0,50694.0,50694.0,50694.0,50694.0,50694.0,50694.0
2173,50694.0,50694.0,50694.0,50694.0,50694.0,50694.0,50694.0,50694.0,50694.0,50694.0,50694.0
2174,50694.0,50694.0,50694.0,50694.0,50694.0,50694.0,50694.0,50694.0,50694.0,50694.0,50694.0
2175,50694.0,50694.0,50694.0,50694.0,50694.0,50694.0,50694.0,50694.0,50694.0,50694.0,50694.0
2176,50694.0,50694.0,50694.0,50694.0,50694.0,50694.0,50694.0,50694.0,50694.0,50694.0,50694.0
2177,50694.0,50694.0,50694.0,50694.0,50694.0,50694.0,50694.0,50694.0,50694.0,50694.0,50694.0
2178,50694.0,50694.0,50694.0,50694.0,50694.0,50694.0,50694.0,50694.0,50694.0,50694.0,50694.0
2179,50694.0,50694.0,50694.0,50694.0,50694.0,50694.0,50694.0,50694.0,50694.0,50694.0,50694.0
2180,50694.0,50694.0,50694.0,50694.0,50694.0,50694.0,50694.0,50694.0,50694.0,50694.0,50694.0
2181,50694.0,50694.0,50694.0,50694.0,50694.0,50694.0,50694.0,50694.0,50694.0,50694.0,50694.0
2182,50694.0,50694.0,50694.0,50694.0,50694.0,50694.0,50694.0,50694.0,50694.0,50694.0,50694.0
2183,50694.0,50694.0,50694.0,50694.0,50694.0,50694.0,50694.0,50694.0,50694.0,50694.0,50694.0
2184,50694.0,50694.0,50694.0,50694.0,50694.0,50694.0,50694.0,50694.0,50694.0,50694.0,50694.0
2185,50694.0,50694.0,50694.0,50694.0,50694.0,50694.0,50694.0,50694.0,50694.0,50694.0,50694.0
2186,50694.0,50694.0,50694.0,50694.0,50694.0,50694.0,50694.0,50694.0,50694.0,50694.0,50694.0
2187,50694.0,50694.0,50694.0,50694.0,50694.0,50694.0,50694.0,50694.0,50694.0,50694.0,50694.0
2188,50694.0,50694.0,50694.0,50694.0,50694.0,50694.0,50694.0,50694.0,50694.0,50694.0,50694.0
2189,50694.0,50694.0,50694.0,50694.0,50694.0,50694.0,50694.0,50694.0,50694.0,50694.0,50694.0
2190,50694.0,50694.0,50694.0,50694.0,50694.0,50694.0,50694.0,50694.0,50694.0,50694.0,50694.0
2191,50694.0,50694.0,50694.0,50694.0,50694.0,50694.0,50694.0,50694.0,50694.0,50694.0,50694.0
2192,50694.0,50694.0,50694.0,50694.0,50694.0,50694.0,50694.0,50694.0,50694.0,50694.0,50694.0
2193,50694.0,50694.0,50694.0,50694.0,50694.0,50694.0,50694.0,50694.0,50694.0,50694.0,50694.0
2194,50694.0,50694.0,50694.0,50694.0,50694.0,50694.0,50694.0,50694.0,50694.0,50694.0,50694.0
2195,50694.0,50694.0,50694.0,50694.0,50694.0,50694.0,50694.0,50694.0,50694.0,50694.0,50694.0
2196,50694.0,50694.0,50694.0,50694.0,50694.0,50694.0,50694.0,50694.0,50694.0,50694.0,50694.0
2197,50694.0,50694.0,50694.0,50694.0,50694.0,50694.0,50694.0,50694.0,50694.0,50694.0,50694.0
2198,50694.0,50694.0,50694.0,50694.0,50694.0,50694.0,50694.0,50694.0,50694.0,50694.0,50694.0
2199,50694.0,50694.0,50694.0,50694.0,50694.0,50694.0,50694.0,50694.0,50694.0,50694.0,50694.0
2200,50694.0,50694.0,50694.0,50694.0,50694.0,50694.0,50694.0,50694.0,50694.0,50694.0,50694.0
2201,50694.0,50694.0,50694.0,50694.0,50694.0,50694.0,50694.0,50694.0,50694.0,50694.0,50694.0
2202,50694.0,50694.0,50694.0,50694.0,50694.0,50694.0,50694.0,50694.0,50694.0,50694.0,50694.0
2203,50694.0,50694.0,50694.0,50694.0,50694.0,50694.0,50694.0,50694.0,50694.0,50694.0,50694.0
2204,50694.0,50694.0,50694.0,50694.0,50694.0,50694.0,50694.0,50694.0,50694.0,50694.0,50694.0
2205,50694.0,50694.0,50694.0,50694.0,50694.0,50694.0,50694.0,50694.0,50694.0,50694.0,50694.0
2206,50694.0,50694.0,50694.0,50694.0,50694.0,50694.0,50694.0,50694.0,50694.0,50694.0,50694.0
2207,50694.0,50694.0,50694.0,50694.0,50694.0,50694.0,50694.0,50694.0,50694.0,50694.0,50694.0
2208,50694.0,50694.0,50694.0,50694.0,50694.0,50694.0,50694.0,50694.0,50694.0,50694.0,50694.0
2209,50694.0,50694.0,50694.0,50694.0,50694.0,50694.0,50694.0,50694.0,50694.0,50694.0,50694.0
2210,50694.0,50694.0,50694.0,50694.0,50694.0,50694.0,50694.0,50694.0,50694.0,50694.0,50694.0
2211,50694.0,50694.0,50694.0,50694.0,50694.0,50694.0,50694.0,50694.0,50694.0,50694.0,50694.0
2212,50694.0,50694.0,50694.0,50694.0,50694.0,50694.0,50694.0,50694.0,50694.0,50694.0,50694.0
2213,50694.0,50694.0,50694.0,50694.0,50694.0,50694.0,50694.0,50694.0,50694.0,50694.0,50694.0
2214,50694.0,50694.0,50694.0,50694.0,50694.0,50694.0,50694.0,50694.0,50694.0,50694.0,50694.0
2215,50694.0,50694.0,50694.0,50694.0,50694.0,50694.0,50694.0,50694.0,50694.0,50694.0,50694.0
2216,50694.0,50694.0,50694.0,50694.0,50694.0,50694.0,50694.0,50694.0,50694.0,50694.0,50694.0
2217,50694.0,50694.0,50694.0,50694.0,50694.0,50694.0,50694.0,50694.0,50694.0,50694.0,50694.0
2218,50694.0,50694.0,50694.0,50694.0,50694.0,50694.0,50694.0,50694.0,50694.0,50694.0,50694.0
2219,50694.0,50694.0,50694.0,50694.0,50694.0,50694.0,50694.0,50694.0,50694.0,50694.0,50694.0
2220,50694.0,50694.0,50694.0,50694.0,50694.0,50694.0,50694.0,50694.0,50694.0,50694.0,50694.0
2221,50694.0,50694.0,50694.0,50694.0,50694.0,50694.0,50694.0,50694.0,50694.0,50694.0,50694.0
2222,50694.0,50694.0,50694.0,50694.0,50694.0,50694.0,50694.0,50694.0,50694.0,50694.0,50694.0
2223,50694.0,50694.0,50694.0,50694.0,50694.0,50694.0,50694.0,50694.0,50694.0,50694.0,50694.0
2224,50694.0,50694.0,50694.0,50694.0,50694.0,50694.0,50694.0,50694.0,50694.0,50694.0,50694.0
2225,50694.0,50694.0,50694.0,50694.0,50694.0,50694.0,50694.0,50694.0,50694.0,50694.0,50694.0
2226,50694.0,50694.0,50694.0,50694.0,50694.0,50694.0,50694.0,50694.0,50694.0,50694.0,50694.0
2227,50694.0,50694.0,50694.0,50694.0,50694.0,50694.0,50694.0,50694.0,50694.0,50694.0,50694.0
2228,50694.0,50694.0,50694.0,50694.0,50694.0,50694.0,50694.0,50694.0,50694.0,50694.0,50694.0
2229,50694.0,50694.0,50694.0,50694.0,50694.0,50694.0,50694.0,50694.0,50694.0,50694.0,50694.0
2230,50694.0,50694.0,50694.0,50694.0,50694.0,50694.0,50694.0,50694.0,50694.0,50694.0,50694.0
2231,50694.0,50694.0,50694.0,50694.0,50694.0,50694.0,50694.0,50694.0,50694.0,50694.0,50694.0
2232,50694.0,50694.0,50694.0,50694.0,50694.0,50694.0,50694.0,50694.0,50694.0,50694.0,50694.0
2233,50694.0,50694.0,50694.0,50694.0,50694.0,50694.0,50694.0,50694.0,50694.0,50694.0,50694.0
2234,50694.0,50694.0,50694.0,50694.0,50694.0,50694.0,50694.0,50694.0,50694.0,50694.0,50694.0
2235,50694.0,50694.0,50694.0,50694.0,50694.0,50694.0,50694.0,50694.0,50694.0,50694.0,50694.0
2236,50694.0,50694.0,50694.0,50694.0,50694.0,50694.0,50694.0,50694.0,50694.0,50694.0,50694.0
2237,50694.0,50694.0,50694.0,50694.0,50694.0,50694.0,50694.0,50694.0,50694.0,50694.0,50694.0
2238,50694.0,50694.0,50694.0,50694.0,50694.0,50694.0,50694.0,50694.0,50694.0,50694.0,50694.0
2239,50694.0,50694.0,50694.0,50694.0,50694.0,50694.0,50694.0,50694.0,50694.0,50694.0,50694.0
2240,50694.0,50694.0,50694.0,50694.0,50694.0,50694.0,50694.0,50694.0,50694.0,50694.0,50694.0
2241,50694.0,50694.0,50694.0,50694.0,50694.0,50694.0,50694.0,50694.0,50694.0,50694.0,50694.0
2242,50694.0,50694.0,50694.0,50694.0,50694.0,50694.0,50694.0,50694.0,50694.0,50694.0,50694.0
2243,50694.0,50694.0,50694.0,50694.0,50694.0,50694.0,50694.0,50694.0,50694.0,50694.0,50694.0
2244,50694.0,50694.0,50694.0,50694.0,50694.0,50694.0,50694.0,50694.0,50694.0,50694.0,50694.0
2245,50694.0,50694.0,50694.0,50694.0,50694.0,50694.0,50694.0,50694.0,50694.0,50694.0,50694.0
2246,50694.0,50694.0,50694.0,50694.0,50694.0,50694.0,50694.0,50694.0,50694.0,50694.0,50694.0
2247,50694.0,50694.0,50694.0,50694.0,50694.0,50694.0,50694.0,50694.0,50694.0,50694.0,50694.0
2248,50694.0,50694.0,50694.0,50694.0,50694.0,50694.0,50694.0,50694.0,50694.0,50694.0,50694.0
2249,50694.0,50694.0,50694.0,50694.0,50694.0,50694.0,50694.0,50694.0,50694.0,50694.0,50694.0
2250,50694.0,50694.0,50694.0,50694.0,50694.0,50694.0,50694.0,50694.0,50694.0,50694.0,50694.0
2251,50694.0,50694.0,50694.0,50694.0,50694.0,50694.0,50694.0,50694.0,50694.0,50694.0,50694.0
2252,50694.0,50694.0,50694.0,50694.0,50694.0,50694.0,50694.0,50694.0,50694.0,50694.0,50694.0
2253,50694.0,50694.0,50694.0,50694.0,50694.0,50694.0,50694.0,50694.0,50694.0,50694.0,50694.0
2254,50694.0,50694.0,50694.0,50694.0,50694.0,50694.0,50694.0,50694.0,50694.0,50694.0,50694.0
2255,50694.0,50694.0,50694.0,50694.0,50694.0,50694.0,50694.0,50694.0,50694.0,50694.0,50694.0
2256,50694.0,50694.0,50694.0,50694.0,50694.0,50694.0,50694.0,50694.0,50694.0,50694.0,50694.0
2257,50694.0,50694.0,50694.0,50694.0,50694.0,50694.0,50694.0,50694.0,50694.0,50694.0,50694.0
2258,50694.0,50694.0,50694.0,50694.0,50694.0,50694.0,50694.0,50694.0,50694.0,50694.0,50694.0
2259,50694.0,50694.0,50694.0,50694.0,50694.0,50694.0,50694.0,50694.0,50694.0,50694.0,50694.0
2260,50694.0,50694.0,50694.0,50694.0,50694.0,50694.0,50694.0,50694.0,50694.0,50694.0,50694.0
2261,50694.0,50694.0,50694.0,50694.0,50694.0,50694.0,50694.0,50694.0,50694.0,50694.0,50694.0
2262,50694.0,50694.0,50694.0,50694.0,50694.0,50694.0,50694.0,50694.0,50694.0,50694.0,50694.0
2263,50694.0,50694.0,50694.0,50694.0,50694.0,50694.0,50694.0,50694.0,50694.0,50694.0,50694.0
2264,50694.0,50694.0,50694.0,50694.0,50694.0,50694.0,50694.0,50694.0,50694.0,50694.0,50694.0
2265,50694.0,50694.0,50694.0,50694.0,50694.0,50694.0,50694.0,50694.0,50694.0,50694.0,50694.0
2266,50694.0,50694.0,50694.0,50694.0,50694.0,50694.0,50694.0,50694.0,50694.0,50694.0,50694.0
2267,50694.0,50694.0,50694.0,50694.0,50694.0,50694.0,50694.0,50694.0,50694.0,50694.0,50694.0
2268,50694.0,50694.0,50694.0,50694.0,50694.0,50694.0,50694.0,50694.0,50694.0,50694.0,50694.0
2269,50694.0,50694.0,50694.0,50694.0,50694.0,50694.0,50694.0,50694.0,50694.0,50694.0,50694.0
2270,50694.0,50694.0,50694.0,50694.0,50694.0,50694.0,50694.0,50694.0,50694.0,50694.0,50694.0
2271,50694.0,50694.0,50694.0,50694.0,50694.0,50694.0,50694.0,50694.0,50694.0,50694.0,50694.0
2272,50694.0,50694.0,50694.0,50694.0,50694.0,50694.0,50694.0,50694.0,50694.0,50694.0,50694.0
2273,50694.0,50694.0,50694.0,50694.0,50694.0,50694.0,50694.0,50694.0,50694.0,50694.0,50694.0
2274,50694.0,50694.0,50694.0,50694.0,50694.0,50694.0,50694.0,50694.0,50694.0,50694.0,50694.0
2275,50694.0,50694.0,50694.0,50694.0,50694.0,50694.0,50694.0,50694.0,50694.0,50694.0,50694.0
2276,50694.0,50694.0,50694.0,50694.0,50694.0,50694.0,50694.0,50694.0,50694.0,50694.0,50694.0
2277,50694.0,50694.0,50694.0,50694.0,50694.0,50694.0,50694.0,50694.0,50694.0,50694.0,50694.0
2278,50694.0,50694.0,50694.0,50694.0,50694.0,50694.0,50694.0,50694.0,50694.0,50694.0,50694.0
2279,50694.0,50694.0,50694.0,50694.0,50694.0,50694.0,50694.0,50694.0,50694.0,50694.0,50694.0
2280,50694.0,50694.0,50694.0,50694.0,50694.0,50694.0,50694.0,50694.0,50694.0,50694.0,50694.0
2281,50694.0,50694.0,50694.0,50694.0,50694.0,50694.0,50694.0,50694.0,50694.0,50694.0,50694.0
2282,50694.0,50694.0,50694.0,50694.0,50694.0,50694.0,50694.0,50694.0,50694.0,50694.0,50694.0
2283,50694.0,50694.0,50694.0,50694.0,50694.0,50694.0,50694.0,50694.0,50694.0,50694.0,50694.0
2284,50694.0,50694.0,50694.0,50694.0,50694.0,50694.0,50694.0,50694.0,50694.0,50694.0,50694.0
2285,50694.0,50694.0,50694.0,50694.0,50694.0,50694.0,50694.0,50694.0,50694.0,50694.0,50694.0
2286,50694.0,50694.0,50694.0,50694.0,50694.0,50694.0,50694.0,50694.0,50694.0,50694.0,50694.0
2287,50694.0,50694.0,50694.0,50694.0,50694.0,50694.0,50694.0,50694.0,50694.0,50694.0,50694.0
2288,50694.0,50694.0,50694.0,50694.0,50694.0,50694.0,50694.0,50694.0,50694.0,50694.0,50694.0
2289,50694.0,50694.0,50694.0,50694.0,50694.0,50694.0,50694.0,50694.0,50694.0,50694.0,50694.0
2290,50694.0,50694.0,50694.0,50694.0,50694.0,50694.0,50694.0,50694.0,50694.0,50694.0,50694.0
2291,50694.0,50694.0,50694.0,50694.0,50694.0,50694.0,50694.0,50694.0,50694.0,50694.0,50694.0
2292,50694.0,50694.0,50694.0,50694.0,50694.0,50694.0,50694.0,50694.0,50694.0,50694.0,50694.0
2293,50694.0,50694.0,50694.0,50694.0,50694.0,50694.0,50694.0,50694.0,50694.0,50694.0,50694.0
2294,50694.0,50694.0,50694.0,50694.0,50694.0,50694.0,50694.0,50694.0,50694.0,50694.0,50694.0
2295,50694.0,50694.0,50694.0,50694.0,50694.0,50694.0,50694.0,50694.0,50694.0,50694.0,50694.0
2296,50694.0,50694.0,50694.0,50694.0,50694.0,50694.0,50694.0,50694.0,50694.0,50694.0,50694.0
2297,50694.0,50694.0,50694.0,50694.0,50694.0,50694.0,50694.0,50694.0,50694.0,50694.0,50694.0
2298,50694.0,50694.0,50694.0,50694.0,50694.0,50694.0,50694.0,50694.0,50694.0,50694.0,50694.0
2299,50694.0,50694.0,50694.0,50694.0,50694.0,50694.0,50694.0,50694.0,50694.0,50694.0,50694.0
2300,50694.0,50694.0,50694.0,50694.0,50694.0,50694.0,50694.0,50694.0,50694.0,50694.0,50694.0
2301,50694.0,50694.0,50694.0,50694.0,50694.0,50694.0,50694.0,50694.0,50694.0,50694.0,50694.0
2302,50694.0,50694.0,50694.0,50694.0,50694.0,50694.0,50694.0,50694.0,50694.0,50694.0,50694.0
2303,50694.0,50694.0,50694.0,50694.0,50694.0,50694.0,50694.0,50694.0,50694.0,50694.0,50694.0
2304,50694.0,50694.0,50694.0,50694.0,50694.0,50694.0,50694.0,50694.0,50694.0,50694.0,50694.0
2305,50694.0,50694.0,50694.0,50694.0,50694.0,50694.0,50694.0,50694.0,50694.0,50694.0,50694.0
2306,50694.0,50694.0,50694.0,50694.0,50694.0,50694.0,50694.0,50694.0,50694.0,50694.0,50694.0
2307,50694.0,50694.0,50694.0,50694.0,50694.0,50694.0,50694.0,50694.0,50694.0,50694.0,50694.0
2308,50694.0,50694.0,50694.0,50694.0,50694.0,50694.0,50694.0,50694.0,50694.0,50694.0,50694.0
2309,50694.0,50694.0,50694.0,50694.0,50694.0,50694.0,50694.0,50694.0,50694.0,50694.0,50694.0
2310,50694.0,50694.0,50694.0,50694.0,50694.0,50694.0,50694.0,50694.0,50694.0,50694.0,50694.0
2311,50694.0,50694.0,50694.0,50694.0,50694.0,50694.0,50694.0,50694.0,50694.0,50694.0,50694.0
2312,50694.0,50694.0,50694.0,50694.0,50694.0,50694.0,50694.0,50694.0,50694.0,50694.0,50694.0
2313,50694.0,50694.0,50694.0,50694.0,50694.0,50694.0,50694.0,50694.0,50694.0,50694.0,50694.0
2314,50694.0,50694.0,50694.0,50694.0,50694.0,50694.0,50694.0,50694.0,50694.0,50694.0,50694.0
2315,50694.0,50694.0,50694.0,50694.0,50694.0,50694.0,50694.0,50694.0,50694.0,50694.0,50694.0
2316,50694.0,50694.0,50694.0,50694.0,50694.0,50694.0,50694.0,50694.0,50694.0,50694.0,50694.0
2317,50694.0,50694.0,50694.0,50694.0,50694.0,50694.0,50694.0,50694.0,50694.0,50694.0,50694.0
2318,50694.0,50694.0,50694.0,50694.0,50694.0,50694.0,50694.0,50694.0,50694.0,50694.0,50694.0
2319,50694.0,50694.0,50694.0,50694.0,50694.0,50694.0,50694.0,50694.0,50694.0,50694.0,50694.0
2320,50694.0,50694.0,50694.0,50694.0,50694.0,50694.0,50694.0,50694.0,50694.0,50694.0,50694.0
2321,50694.0,50694.0,50694.0,50694.0,50694.0,50694.0,50694.0,50694.0,50694.0,50694.0,50694.0
2322,50694.0,50694.0,50694.0,50694.0,50694.0,50694.0,50694.0,50694.0,50694.0,50694.0,50694.0
2323,50694.0,50694.0,50694.0,50694.0,50694.0,50694.0,50694.0,50694.0,50694.0,50694.0,50694.0
2324,50694.0,50694.0,50694.0,50694.0,50694.0,50694.0,50694.0,50694.0,50694.0,50694.0,50694.0
2325,50694.0,50694.0,50694.0,50694.0,50694.0,50694.0,50694.0,50694.0,50694.0,50694.0,50694.0
2326,50694.0,50694.0,50694.0,50694.0,50694.0,50694.0,50694.0,50694.0,50694.0,50694.0,50694.0
2327,50694.0,50694.0,50694.0,50694.0,50694.0,50694.0,50694.0,50694.0,50694.0,50694.0,50694.0
2328,50694.0,50694.0,50694.0,50694.0,50694.0,50694.0,50694.0,50694.0,50694.0,50694.0,50694.0
2329,50694.0,50694.0,50694.0,50694.0,50694.0,50694.0,50694.0,50694.0,50694.0,50694.0,50694.0
2330,50694.0,50694.0,50694.0,50694.0,50694.0,50694.0,50694.0,50694.0,50694.0,50694.0,50694.0
2331,50694.0,50694.0,50694.0,50694.0,50694.0,50694.0,50694.0,50694.0,50694.0,50694.0,50694.0
2332,50694.0,50694.0,50694.0,50694.0,50694.0,50694.0,50694.0,50694.0,50694.0,50694.0,50694.0
2333,50694.0,50694.0,50694.0,50694.0,50694.0,50694.0,50694.0,50694.0,50694.0,50694.0,50694.0
2334,50694.0,50694.0,50694.0,50694.0,50694.0,50694.0,50694.0,50694.0,50694.0,50694.0,50694.0
2335,50694.0,50694.0,50694.0,50694.0,50694.0,50694.0,50694.0,50694.0,50694.0,50694.0,50694.0
2336,50694.0,50694.0,50694.0,50694.0,50694.0,50694.0,50694.0,50694.0,50694.0,50694.0,50694.0
2337,50694.0,50694.0,50694.0,50694.0,50694.0,50694.0,50694.0,50694.0,50694.0,50694.0,50694.0
2338,50694.0,50694.0,50694.0,50694.0,50694.0,50694.0,50694.0,50694.0,50694.0,50694.0,50694.0
2339,50694.0,50694.0,50694.0,50694.0,50694.0,50694.0,50694.0,50694.0,50694.0,50694.0,50694.0
2340,50694.0,50694.0,50694.0,50694.0,50694.0,50694.0,50694.0,50694.0,50694.0,50694.0,50694.0
2341,50694.0,50694.0,50694.0,50694.0,50694.0,50694.0,50694.0,50694.0,50694.0,50694.0,50694.0
2342,50694.0,50694.0,50694.0,50694.0,50694.0,50694.0,50694.0,50694.0,50694.0,50694.0,50694.0
2343,50694.0,50694.0,50694.0,50694.0,50694.0,50694.0,50694.0,50694.0,50694.0,50694.0,50694.0
2344,50694.0,50694.0,50694.0,50694.0,50694.0,50694.0,50694.0,50694.0,50694.0,50694.0,50694.0
2345,50694.0,50694.0,50694.0,50694.0,50694.0,50694.0,50694.0,50694.0,50694.0,50694.0,50694.0
2346,50694.0,50694.0,50694.0,50694.0,50694.0,50694.0,50694.0,50694.0,50694.0,50694.0,50694.0
2347,50694.0,50694.0,50694.0,50694.0,50694.0,50694.0,50694.0,50694.0,50694.0,50694.0,50694.0
2348,50694.0,50694.0,50694.0,50694.0,50694.0,50694.0,50694.0,50694.0,50694.0,50694.0,50694.0
2349,50694.0,50694.0,50694.0,50694.0,50694.0,50694.0,50694.0,50694.0,50694.0,50694.0,50694.0
2350,50694.0,50694.0,50694.0,50694.0,50694.0,50694.0,50694.0,50694.0,50694.0,50694.0,50694.0
2351,50694.0,50694.0,50694.0,50694.0,50694.0,50694.0,50694.0,50694.0,50694.0,50694.0,50694.0
2352,50694.0,50694.0,50694.0,50694.0,50694.0,50694.0,50694.0,50694.0,50694.0,50694.0,50694.0
2353,50694.0,50694.0,50694.0,50694.0,50694.0,50694.0,50694.0,50694.0,50694.0,50694.0,50694.0
2354,50694.0,50694.0,50694.0,50694.0,50694.0,50694.0,50694.0,50694.0,50694.0,50694.0,50694.0
2355,50694.0,50694.0,50694.0,50694.0,50694.0,50694.0,50694.0,50694.0,50694.0,50694.0,50694.0
2356,50694.0,50694.0,50694.0,50694.0,50694.0,50694.0,50694.0,50694.0,50694.0,50694.0,50694.0
2357,50694.0,50694.0,50694.0,50694.0,50694.0,50694.0,50694.0,50694.0,50694.0,50694.0,50694.0
2358,50694.0,50694.0,50694.0,50694.0,50694.0,50694.0,50694.0,50694.0,50694.0,50694.0,50694.0
2359,50694.0,50694.0,50694.0,50694.0,50694.0,50694.0,50694.0,50694.0,50694.0,50694.0,50694.0
2360,50694.0,50694.0,50694.0,50694.0,50694.0,50694.0,50694.0,50694.0,50694.0,50694.0,50694.0
2361,50694.0,50694.0,50694.0,50694.0,50694.0,50694.0,50694.0,50694.0,50694.0,50694.0,50694.0
2362,50694.0,50694.0,50694.0,50694.0,50694.0,50694.0,50694.0,50694.0,50694.0,50694.0,50694.0
2363,50694.0,50694.0,50694.0,50694.0,50694.0,50694.0,50694.0,50694.0,50694.0,50694.0,50694.0
2364,50694.0,50694.0,50694.0,50694.0,50694.0,50694.0,50694.0,50694.0,50694.0,50694.0,50694.0
2365,50694.0,50694.0,50694.0,50694.0,50694.0,50694.0,50694.0,50694.0,50694.0,50694.0,50694.0
2366,50694.0,50694.0,50694.0,50694.0,50694.0,50694.0,50694.0,50694.0,50694.0,50694.0,50694.0
2367,50694.0,50694.0,50694.0,50694.0,50694.0,50694.0,50694.0,50694.0,50694.0,50694.0,50694.0
2368,50694.0,50694.0,50694.0,50694.0,50694.0,50694.0,50694.0,50694.0,50694.0,50694.0,50694.0
2369,50694.0,50694.0,50694.0,50694.0,50694.0,50694.0,50694.0,50694.0,50694.0,50694.0,50694.0
2370,50694.0,50694.0,50694.0,50694.0,50694.0,50694.0,50694.0,50694.0,50694.0,50694.0,50694.0
2371,50694.0,50694.0,50694.0,50694.0,50694.0,50694.0,50694.0,50694.0,50694.0,50694.0,50694.0
2372,50694.0,50694.0,50694.0,50694.0,50694.0,50694.0,50694.0,50694.0,50694.0,50694.0,50694.0
2373,50694.0,50694.0,50694.0,50694.0,50694.0,50694.0,50694.0,50694.0,50694.0,50694.0,50694.0
2374,50694.0,50694.0,50694.0,50694.0,50694.0,50694.0,50694.0,50694.0,50694.0,50694.0,50694.0
2375,50694.0,50694.0,50694.0,50694.0,50694.0,50694.0,50694.0,50694.0,50694.0,50694.0,50694.0
2376,50694.0,50694.0,50694.0,50694.0,50694.0,50694.0,50694.0,50694.0,50694.0,50694.0,50694.0
2377,50694.0,50694.0,50694.0,50694.0,50694.0,50694.0,50694.0,50694.0,50694.0,50694.0,50694.0
2378,50694.0,50694.0,50694.0,50694.0,50694.0,50694.0,50694.0,50694.0,50694.0,50694.0,50694.0
2379,50694.0,50694.0,50694.0,50694.0,50694.0,50694.0,50694.0,50694.0,50694.0,50694.0,50694.0
2380,50694.0,50694.0,50694.0,50694.0,50694.0,50694.0,50694.0,50694.0,50694.0,50694.0,50694.0
2381,50694.0,50694.0,50694.0,50694.0,50694.0,50694.0,50694.0,50694.0,50694.0,50694.0,50694.0
2382,50694.0,50694.0,50694.0,50694.0,50694.0,50694.0,50694.0,50694.0,50694.0,50694.0,50694.0
2383,50694.0,50694.0,50694.0,50694.0,50694.0,50694.0,50694.0,50694.0,50694.0,50694.0,50694.0
2384,50694.0,50694.0,50694.0,50694.0,50694.0,50694.0,50694.0,50694.0,50694.0,50694.0,50694.0
2385,50694.0,50694.0,50694.0,50694.0,50694.0,50694.0,50694.0,50694.0,50694.0,50694.0,50694.0
2386,50694.0,50694.0,50694.0,50694.0,50694.0,50694.0,50694.0,50694.0,50694.0,50694.0,50694.0
2387,50694.0,50694.0,50694.0,50694.0,50694.0,50694.0,50694.0,50694.0,50694.0,50694.0,50694.0
2388,50694.0,50694.0,50694.0,50694.0,50694.0,50694.0,50694.0,50694.0,50694.0,50694.0,50694.0
2389,50694.0,50694.0,50694.0,50694.0,50694.0,50694.0,50694.0,50694.0,50694.0,50694.0,50694.0
2390,50694.0,50694.0,50694.0,50694.0,50694.0,50694.0,50694.0,50694.0,50694.0,50694.0,50694.0
2391,50694.0,50694.0,50694.0,50694.0,50694.0,50694.0,50694.0,50694.0,50694.0,50694.0,50694.0
2392,50694.0,50694.0,50694.0,50694.0,50694.0,50694.0,50694.0,50694.0,50694.0,50694.0,50694.0
2393,50694.0,50694.0,50694.0,50694.0,50694.0,50694.0,50694.0,50694.0,50694.0,50694.0,50694.0
2394,50694.0,50694.0,50694.0,50694.0,50694.0,50694.0,50694.0,50694.0,50694.0,50694.0,50694.0
2395,50694.0,50694.0,50694.0,50694.0,50694.0,50694.0,50694.0,50694.0,50694.0,50694.0,50694.0
2396,50694.0,50694.0,50694.0,50694.0,50694.0,50694.0,50694.0,50694.0,50694.0,50694.0,50694.0
2397,50694.0,50694.0,50694.0,50694.0,50694.0,50694.0,50694.0,50694.0,50694.0,50694.0,50694.0
2398,50694.0,50694.0,50694.0,50694.0,50694.0,50694.0,50694.0,50694.0,50694.0,50694.0,50694.0
2399,50694.0,50694.0,50694.0,50694.0,50694.0,50694.0,50694.0,50694.0,50694.0,50694.0,50694.0
2400,50694.0,50694.0,50694.0,50694.0,50694.0,50694.0,50694.0,50694.0,50694.0,50694.0,50694.0
2401,50694.0,50694.0,50694.0,50694.0,50694.0,50694.0,50694.0,50694.0,50694.0,50694.0,50694.0
2402,50694.0,50694.0,50694.0,50694.0,50694.0,50694.0,50694.0,50694.0,50694.0,50694.0,50694.0
2403,50694.0,50694.0,50694.0,50694.0,50694.0,50694.0,50694.0,50694.0,50694.0,50694.0,50694.0
2404,50694.0,50694.0,50694.0,50694.0,50694.0,50694.0,50694.0,50694.0,50694.0,50694.0,50694.0
2405,50694.0,50694.0,50694.0,50694.0,50694.0,50694.0,50694.0,50694.0,50694.0,50694.0,50694.0
2406,50694.0,50694.0,50694.0,50694.0,50694.0,50694.0,50694.0,50694.0,50694.0,50694.0,50694.0
2407,50694.0,50694.0,50694.0,50694.0,50694.0,50694.0,50694.0,50694.0,50694.0,50694.0,50694.0
2408,50694.0,50694.0,50694.0,50694.0,50694.0,50694.0,50694.0,50694.0,50694.0,50694.0,50694.0
2409,50694.0,50694.0,50694.0,50694.0,50694.0,50694.0,50694.0,50694.0,50694.0,50694.0,50694.0
2410,50694.0,50694.0,50694.0,50694.0,50694.0,50694.0,50694.0,50694.0,50694.0,50694.0,50694.0
2411,50694.0,50694.0,50694.0,50694.0,50694.0,50694.0,50694.0,50694.0,50694.0,50694.0,50694.0
2412,50694.0,50694.0,50694.0,50694.0,50694.0,50694.0,50694.0,50694.0,50694.0,50694.0,50694.0
2413,50694.0,50694.0,50694.0,50694.0,50694.0,50694.0,50694.0,50694.0,50694.0,50694.0,50694.0
2414,50694.0,50694.0,50694.0,50694.0,50694.0,50694.0,50694.0,50694.0,50694.0,50694.0,50694.0
2415,50694.0,50694.0,50694.0,50694.0,50694.0,50694.0,50694.0,50694.0,50694.0,50694.0,50694.0
2416,50694.0,50694.0,50694.0,50694.0,50694.0,50694.0,50694.0,50694.0,50694.0,50694.0,50694.0
2417,50694.0,50694.0,50694.0,50694.0,50694.0,50694.0,50694.0,50694.0,50694.0,50694.0,50694.0
2418,50694.0,50694.0,50694.0,50694.0,50694.0,50694.0,50694.0,50694.0,50694.0,50694.0,50694.0
2419,50694.0,50694.0,50694.0,50694.0,50694.0,50694.0,50694.0,50694.0,50694.0,50694.0,50694.0
2420,50694.0,50694.0,50694.0,50694.0,50694.0,50694.0,50694.0,50694.0,50694.0,50694.0,50694.0
2421,50694.0,50694.0,50694.0,50694.0,50694.0,50694.0,50694.0,50694.0,50694.0,50694.0,50694.0
2422,50694.0,50694.0,50694.0,50694.0,50694.0,50694.0,50694.0,50694.0,50694.0,50694.0,50694.0
2423,50694.0,50694.0,50694.0,50694.0,50694.0,50694.0,50694.0,50694.0,50694.0,50694.0,50694.0
2424,50694.0,50694.0,50694.0,50694.0,50694.0,50694.0,50694.0,50694.0,50694.0,50694.0,50694.0
2425,50694.0,50694.0,50694.0,50694.0,50694.0,50694.0,50694.0,50694.0,50694.0,50694.0,50694.0
2426,50694.0,50694.0,50694.0,50694.0,50694.0,50694.0,50694.0,50694.0,50694.0,50694.0,50694.0
2427,50694.0,50694.0,50694.0,50694.0,50694.0,50694.0,50694.0,50694.0,50694.0,50694.0,50694.0
2428,50694.0,50694.0,50694.0,50694.0,50694.0,50694.0,50694.0,50694.0,50694.0,50694.0,50694.0
2429,50694.0,50694.0,50694.0,50694.0,50694.0,50694.0,50694.0,50694.0,50694.0,50694.0,50694.0
2430,50694.0,50694.0,50694.0,50694.0,50694.0,50694.0,50694.0,50694.0,50694.0,50694.0,50694.0
2431,50694.0,50694.0,50694.0,50694.0,50694.0,50694.0,50694.0,50694.0,50694.0,50694.0,50694.0
2432,50694.0,50694.0,50694.0,50694.0,50694.0,50694.0,50694.0,50694.0,50694.0,50694.0,50694.0
2433,50694.0,50694.0,50694.0,50694.0,50694.0,50694.0,50694.0,50694.0,50694.0,50694.0,50694.0
2434,50694.0,50694.0,50694.0,50694.0,50694.0,50694.0,50694.0,50694.0,50694.0,50694.0,50694.0
2435,50694.0,50694.0,50694.0,50694.0,50694.0,50694.0,50694.0,50694.0,50694.0,50694.0,50694.0
2436,50694.0,50694.0,50694.0,50694.0,50694.0,50694.0,50694.0,50694.0,50694.0,50694.0,50694.0
2437,50694.0,50694.0,50694.0,50694.0,50694.0,50694.0,50694.0,50694.0,50694.0,50694.0,50694.0
2438,50694.0,50694.0,50694.0,50694.0,50694.0,50694.0,50694.0,50694.0,50694.0,50694.0,50694.0
2439,50694.0,50694.0,50694.0,50694.0,50694.0,50694.0,50694.0,50694.0,50694.0,50694.0,50694.0
2440,50694.0,50694.0,50694.0,50694.0,50694.0,50694.0,50694.0,50694.0,50694.0,50694.0,50694.0
2441,50694.0,50694.0,50694.0,50694.0,50694.0,50694.0,50694.0,50694.0,50694.0,50694.0,50694.0
2442,50694.0,50694.0,50694.0,50694.0,50694.0,50694.0,50694.0,50694.0,50694.0,50694.0,50694.0
2443,50694.0,50694.0,50694.0,50694.0,50694.0,50694.0,50694.0,50694.0,50694.0,50694.0,50694.0
2444,50694.0,50694.0,50694.0,50694.0,50694.0,50694.0,50694.0,50694.0,50694.0,50694.0,50694.0
2445,50694.0,50694.0,50694.0,50694.0,50694.0,50694.0,50694.0,50694.0,50694.0,50694.0,50694.0
2446,50694.0,50694.0,50694.0,50694.0,50694.0,50694.0,50694.0,50694.0,50694.0,50694.0,50694.0
2447,50694.0,50694.0,50694.0,50694.0,50694.0,50694.0,50694.0,50694.0,50694.0,50694.0,50694.0
2448,50694.0,50694.0,50694.0,50694.0,50694.0,50694.0,50694.0,50694.0,50694.0,50694.0,50694.0
2449,50694.0,50694.0,50694.0,50694.0,50694.0,50694.0,50694.0,50694.0,50694.0,50694.0,50694.0
2450,50694.0,50694.0,50694.0,50694.0,50694.0,50694.0,50694.0,50694.0,50694.0,50694.0,50694.0
2451,50694.0,50694.0,50694.0,50694.0,50694.0,50694.0,50694.0,50694.0,50694.0,50694.0,50694.0
2452,50694.0,50694.0,50694.0,50694.0,50694.0,50694.0,50694.0,50694.0,50694.0,50694.0,50694.0
2453,50694.0,50694.0,50694.0,50694.0,50694.0,50694.0,50694.0,50694.0,50694.0,50694.0,50694.0
2454,50694.0,50694.0,50694.0,50694.0,50694.0,50694.0,50694.0,50694.0,50694.0,50694.0,50694.0
2455,50694.0,50694.0,50694.0,50694.0,50694.0,50694.0,50694.0,50694.0,50694.0,50694.0,50694.0
2456,50694.0,50694.0,50694.0,50694.0,50694.0,50694.0,50694.0,50694.0,50694.0,50694.0,50694.0
2457,50694.0,50694.0,50694.0,50694.0,50694.0,50694.0,50694.0,50694.0,50694.0,50694.0,50694.0
2458,50694.0,50694.0,50694.0,50694.0,50694.0,50694.0,50694.0,50694.0,50694.0,50694.0,50694.0
2459,50694.0,50694.0,50694.0,50694.0,50694.0,50694.0,50694.0,50694.0,50694.0,50694.0,50694.0
2460,50694.0,50694.0,50694.0,50694.0,50694.0,50694.0,50694.0,50694.0,50694.0,50694.0,50694.0
2461,50694.0,50694.0,50694.0,50694.0,50694.0,50694.0,50694.0,50694.0,50694.0,50694.0,50694.0
2462,50694.0,50694.0,50694.0,50694.0,50694.0,50694.0,50694.0,50694.0,50694.0,50694.0,50694.0
2463,50694.0,50694.0,50694.0,50694.0,50694.0,50694.0,50694.0,50694.0,50694.0,50694.0,50694.0
2464,50694.0,50694.0,50694.0,50694.0,50694.0,50694.0,50694.0,50694.0,50694.0,50694.0,50694.0
2465,50694.0,50694.0,50694.0,50694.0,50694.0,50694.0,50694.0,50694.0,50694.0,50694.0,50694.0
2466,50694.0,50694.0,50694.0,50694.0,50694.0,50694.0,50694.0,50694.0,50694.0,50694.0,50694.0
2467,50694.0,50694.0,50694.0,50694.0,50694.0,50694.0,50694.0,50694.0,50694.0,50694.0,50694.0
2468,50694.0,50694.0,50694.0,50694.0,50694.0,50694.0,50694.0,50694.0,50694.0,50694.0,50694.0
2469,50694.0,50694.0,50694.0,50694.0,50694.0,50694.0,50694.0,50694.0,50694.0,50694.0,50694.0
2470,50694.0,50694.0,50694.0,50694.0,50694.0,50694.0,50694.0,50694.0,50694.0,50694.0,50694.0
2471,50694.0,50694.0,50694.0,50694.0,50694.0,50694.0,50694.0,50694.0,50694.0,50694.0,50694.0
2472,50694.0,50694.0,50694.0,50694.0,50694.0,50694.0,50694.0,50694.0,50694.0,50694.0,50694.0
2473,50694.0,50694.0,50694.0,50694.0,50694.0,50694.0,50694.0,50694.0,50694.0,50694.0,50694.0
2474,50694.0,50694.0,50694.0,50694.0,50694.0,50694.0,50694.0,50694.0,50694.0,50694.0,50694.0
2475,50694.0,50694.0,50694.0,50694.0,50694.0,50694.0,50694.0,50694.0,50694.0,50694.0,50694.0
2476,50694.0,50694.0,50694.0,50694.0,50694.0,50694.0,50694.0,50694.0,50694.0,50694.0,50694.0
2477,50694.0,50694.0,50694.0,50694.0,50694.0,50694.0,50694.0,50694.0,50694.0,50694.0,50694.0
2478,50694.0,50694.0,50694.0,50694.0,50694.0,50694.0,50694.0,50694.0,50694.0,50694.0,50694.0
2479,50694.0,50694.0,50694.0,50694.0,50694.0,50694.0,50694.0,50694.0,50694.0,50694.0,50694.0
2480,50694.0,50694.0,50694.0,50694.0,50694.0,50694.0,50694.0,50694.0,50694.0,50694.0,50694.0
2481,50694.0,50694.0,50694.0,50694.0,50694.0,50694.0,50694.0,50694.0,50694.0,50694.0,50694.0
2482,50694.0,50694.0,50694.0,50694.0,50694.0,50694.0,50694.0,50694.0,50694.0,50694.0,50694.0
2483,50694.0,50694.0,50694.0,50694.0,50694.0,50694.0,50694.0,50694.0,50694.0,50694.0,50694.0
2484,50694.0,50694.0,50694.0,50694.0,50694.0,50694.0,50694.0,50694.0,50694.0,50694.0,50694.0
2485,50694.0,50694.0,50694.0,50694.0,50694.0,50694.0,50694.0,50694.0,50694.0,50694.0,50694.0
2486,50694.0,50694.0,50694.0,50694.0,50694.0,50694.0,50694.0,50694.0,50694.0,50694.0,50694.0
2487,50694.0,50694.0,50694.0,50694.0,50694.0,50694.0,50694.0,50694.0,50694.0,50694.0,50694.0
2488,50694.0,50694.0,50694.0,50694.0,50694.0,50694.0,50694.0,50694.0,50694.0,50694.0,50694.0
2489,50694.0,50694.0,50694.0,50694.0,50694.0,50694.0,50694.0,50694.0,50694.0,50694.0,50694.0
2490,50694.0,50694.0,50694.0,50694.0,50694.0,50694.0,50694.0,50694.0,50694.0,50694.0,50694.0
2491,50694.0,50694.0,50694.0,50694.0,50694.0,50694.0,50694.0,50694.0,50694.0,50694.0,50694.0
2492,50694.0,50694.0,50694.0,50694.0,50694.0,50694.0,50694.0,50694.0,50694.0,50694.0,50694.0
2493,50694.0,50694.0,50694.0,50694.0,50694.0,50694.0,50694.0,50694.0,50694.0,50694.0,50694.0
2494,50694.0,50694.0,50694.0,50694.0,50694.0,50694.0,50694.0,50694.0,50694.0,50694.0,50694.0
2495,50694.0,50694.0,50694.0,50694.0,50694.0,50694.0,50694.0,50694.0,50694.0,50694.0,50694.0
2496,50694.0,50694.0,50694.0,50694.0,50694.0,50694.0,50694.0,50694.0,50694.0,50694.0,50694.0
2497,50694.0,50694.0,50694.0,50694.0,50694.0,50694.0,50694.0,50694.0,50694.0,50694.0,50694.0
2498,50694.0,50694.0,50694.0,50694.0,50694.0,50694.0,50694.0,50694.0,50694.0,50694.0,50694.0
2499,50694.0,50694.0,50694.0,50694.0,50694.0,50694.0,50694.0,50694.0,50694.0,50694.0,50694.0
2500,50694.0,50694.0,50694.0,50694.0,50694.0,50694.0,50694.0,50694.0,50694.0,50694.0,50694.0
2501,50694.0,50694.0,50694.0,50694.0,50694.0,50694.0,50694.0,50694.0,50694.0,50694.0,50694.0
2502,50694.0,50694.0,50694.0,50694.0,50694.0,50694.0,50694.0,50694.0,50694.0,50694.0,50694.0
2503,50694.0,50694.0,50694.0,50694.0,50694.0,50694.0,50694.0,50694.0,50694.0,50694.0,50694.0
2504,50694.0,50694.0,50694.0,50694.0,50694.0,50694.0,50694.0,50694.0,50694.0,50694.0,50694.0
2505,50694.0,50694.0,50694.0,50694.0,50694.0,50694.0,50694.0,50694.0,50694.0,50694.0,50694.0
2506,50694.0,50694.0,50694.0,50694.0,50694.0,50694.0,50694.0,50694.0,50694.0,50694.0,50694.0
2507,50694.0,50694.0,50694.0,50694.0,50694.0,50694.0,50694.0,50694.0,50694.0,50694.0,50694.0
2508,50694.0,50694.0,50694.0,50694.0,50694.0,50694.0,50694.0,50694.0,50694.0,50694.0,50694.0
2509,50694.0,50694.0,50694.0,50694.0,50694.0,50694.0,50694.0,50694.0,50694.0,50694.0,50694.0
2510,50694.0,50694.0,50694.0,50694.0,50694.0,50694.0,50694.0,50694.0,50694.0,50694.0,50694.0
2511,50694.0,50694.0,50694.0,50694.0,50694.0,50694.0,50694.0,50694.0,50694.0,50694.0,50694.0
2512,50694.0,50694.0,50694.0,50694.0,50694.0,50694.0,50694.0,50694.0,50694.0,50694.0,50694.0
2513,50694.0,50694.0,50694.0,50694.0,50694.0,50694.0,50694.0,50694.0,50694.0,50694.0,50694.0
2514,50694.0,50694.0,50694.0,50694.0,50694.0,50694.0,50694.0,50694.0,50694.0,50694.0,50694.0
2515,50694.0,50694.0,50694.0,50694.0,50694.0,50694.0,50694.0,50694.0,50694.0,50694.0,50694.0
2516,50694.0,50694.0,50694.0,50694.0,50694.0,50694.0,50694.0,50694.0,50694.0,50694.0,50694.0
2517,50694.0,50694.0,50694.0,50694.0,50694.0,50694.0,50694.0,50694.0,50694.0,50694.0,50694.0
2518,50694.0,50694.0,50694.0,50694.0,50694.0,50694.0,50694.0,50694.0,50694.0,50694.0,50694.0
2519,50694.0,50694.0,50694.0,50694.0,50694.0,50694.0,50694.0,50694.0,50694.0,50694.0,50694.0
2520,50694.0,50694.0,50694.0,50694.0,50694.0,50694.0,50694.0,50694.0,50694.0,50694.0,50694.0
2521,50694.0,50694.0,50694.0,50694.0,50694.0,50694.0,50694.0,50694.0,50694.0,50694.0,50694.0
2522,50694.0,50694.0,50694.0,50694.0,50694.0,50694.0,50694.0,50694.0,50694.0,50694.0,50694.0
2523,50694.0,50694.0,50694.0,50694.0,50694.0,50694.0,50694.0,50694.0,50694.0,50694.0,50694.0
2524,50694.0,50694.0,50694.0,50694.0,50694.0,50694.0,50694.0,50694.0,50694.0,50694.0,50694.0
2525,50694.0,50694.0,50694.0,50694.0,50694.0,50694.0,50694.0,50694.0,50694.0,50694.0,50694.0
2526,50694.0,50694.0,50694.0,50694.0,50694.0,50694.0,50694.0,50694.0,50694.0,50694.0,50694.0
2527,50694.0,50694.0,50694.0,50694.0,50694.0,50694.0,50694.0,50694.0,50694.0,50694.0,50694.0
2528,50694.0,50694.0,50694.0,50694.0,50694.0,50694.0,50694.0,50694.0,50694.0,50694.0,50694.0
2529,50694.0,50694.0,50694.0,50694.0,50694.0,50694.0,50694.0,50694.0,50694.0,50694.0,50694.0
2530,50694.0,50694.0,50694.0,50694.0,50694.0,50694.0,50694.0,50694.0,50694.0,50694.0,50694.0
2531,50694.0,50694.0,50694.0,50694.0,50694.0,50694.0,50694.0,50694.0,50694.0,50694.0,50694.0
2532,50694.0,50694.0,50694.0,50694.0,50694.0,50694.0,50694.0,50694.0,50694.0,50694.0,50694.0
2533,50694.0,50694.0,50694.0,50694.0,50694.0,50694.0,50694.0,50694.0,50694.0,50694.0,50694.0
2534,50694.0,50694.0,50694.0,50694.0,50694.0,50694.0,50694.0,50694.0,50694.0,50694.0,50694.0
2535,50694.0,50694.0,50694.0,50694.0,50694.0,50694.0,50694.0,50694.0,50694.0,50694.0,50694.0
2536,50694.0,50694.0,50694.0,50694.0,50694.0,50694.0,50694.0,50694.0,50694.0,50694.0,50694.0
2537,50694.0,50694.0,50694.0,50694.0,50694.0,50694.0,50694.0,50694.0,50694.0,50694.0,50694.0
2538,50694.0,50694.0,50694.0,50694.0,50694.0,50694.0,50694.0,50694.0,50694.0,50694.0,50694.0
2539,50694.0,50694.0,50694.0,50694.0,50694.0,50694.0,50694.0,50694.0,50694.0,50694.0,50694.0
2540,50694.0,50694.0,50694.0,50694.0,50694.0,50694.0,50694.0,50694.0,50694.0,50694.0,50694.0
2541,50694.0,50694.0,50694.0,50694.0,50694.0,50694.0,50694.0,50694.0,50694.0,50694.0,50694.0
2542,50694.0,50694.0,50694.0,50694.0,50694.0,50694.0,50694.0,50694.0,50694.0,50694.0,50694.0
2543,50694.0,50694.0,50694.0,50694.0,50694.0,50694.0,50694.0,50694.0,50694.0,50694.0,50694.0
2544,50694.0,50694.0,50694.0,50694.0,50694.0,50694.0,50694.0,50694.0,50694.0,50694.0,50694.0
2545,50694.0,50694.0,50694.0,50694.0,50694.0,50694.0,50694.0,50694.0,50694.0,50694.0,50694.0
2546,50694.0,50694.0,50694.0,50694.0,50694.0,50694.0,50694.0,50694.0,50694.0,50694.0,50694.0
2547,50694.0,50694.0,50694.0,50694.0,50694.0,50694.0,50694.0,50694.0,50694.0,50694.0,50694.0
2548,50694.0,50694.0,50694.0,50694.0,50694.0,50694.0,50694.0,50694.0,50694.0,50694.0,50694.0
2549,50694.0,50694.0,50694.0,50694.0,50694.0,50694.0,50694.0,50694.0,50694.0,50694.0,50694.0
2550,50694.0,50694.0,50694.0,50694.0,50694.0,50694.0,50694.0,50694.0,50694.0,50694.0,50694.0
2551,50694.0,50694.0,50694.0,50694.0,50694.0,50694.0,50694.0,50694.0,50694.0,50694.0,50694.0
2552,50694.0,50694.0,50694.0,50694.0,50694.0,50694.0,50694.0,50694.0,50694.0,50694.0,50694.0
2553,50694.0,50694.0,50694.0,50694.0,50694.0,50694.0,50694.0,50694.0,50694.0,50694.0,50694.0
2554,50694.0,50694.0,50694.0,50694.0,50694.0,50694.0,50694.0,50694.0,50694.0,50694.0,50694.0
2555,50694.0,50694.0,50694.0,50694.0,50694.0,50694.0,50694.0,50694.0,50694.0,50694.0,50694.0
2556,50694.0,50694.0,50694.0,50694.0,50694.0,50694.0,50694.0,50694.0,50694.0,50694.0,50694.0
2557,50694.0,50694.0,50694.0,50694.0,50694.0,50694.0,50694.0,50694.0,50694.0,50694.0,50694.0
2558,50694.0,50694.0,50694.0,50694.0,50694.0,50694.0,50694.0,50694.0,50694.0,50694.0,50694.0
2559,50694.0,50694.0,50694.0,50694.0,50694.0,50694.0,50694.0,50694.0,50694.0,50694.0,50694.0
2560,50694.0,50694.0,50694.0,50694.0,50694.0,50694.0,50694.0,50694.0,50694.0,50694.0,50694.0
2561,50694.0,50694.0,50694.0,50694.0,50694.0,50694.0,50694.0,50694.0,50694.0,50694.0,50694.0
2562,50694.0,50694.0,50694.0,50694.0,50694.0,50694.0,50694.0,50694.0,50694.0,50694.0,50694.0
2563,50694.0,50694.0,50694.0,50694.0,50694.0,50694.0,50694.0,50694.0,50694.0,50694.0,50694.0
2564,50694.0,50694.0,50694.0,50694.0,50694.0,50694.0,50694.0,50694.0,50694.0,50694.0,50694.0
2565,50694.0,50694.0,50694.0,50694.0,50694.0,50694.0,50694.0,50694.0,50694.0,50694.0,50694.0
2566,50694.0,50694.0,50694.0,50694.0,50694.0,50694.0,50694.0,50694.0,50694.0,50694.0,50694.0
2567,50694.0,50694.0,50694.0,50694.0,50694.0,50694.0,50694.0,50694.0,50694.0,50694.0,50694.0
2568,50694.0,50694.0,50694.0,50694.0,50694.0,50694.0,50694.0,50694.0,50694.0,50694.0,50694.0
2569,50694.0,50694.0,50694.0,50694.0,50694.0,50694.0,50694.0,50694.0,50694.0,50694.0,50694.0
2570,50694.0,50694.0,50694.0,50694.0,50694.0,50694.0,50694.0,50694.0,50694.0,50694.0,50694.0
2571,50694.0,50694.0,50694.0,50694.0,50694.0,50694.0,50694.0,50694.0,50694.0,50694.0,50694.0
2572,50694.0,50694.0,50694.0,50694.0,50694.0,50694.0,50694.0,50694.0,50694.0,50694.0,50694.0
2573,50694.0,50694.0,50694.0,50694.0,50694.0,50694.0,50694.0,50694.0,50694.0,50694.0,50694.0
2574,50694.0,50694.0,50694.0,50694.0,50694.0,50694.0,50694.0,50694.0,50694.0,50694.0,50694.0
2575,50694.0,50694.0,50694.0,50694.0,50694.0,50694.0,50694.0,50694.0,50694.0,50694.0,50694.0
2576,50694.0,50694.0,50694.0,50694.0,50694.0,50694.0,50694.0,50694.0,50694.0,50694.0,50694.0
2577,50694.0,50694.0,50694.0,50694.0,50694.0,50694.0,50694.0,50694.0,50694.0,50694.0,50694.0
2578,50694.0,50694.0,50694.0,50694.0,50694.0,50694.0,50694.0,50694.0,50694.0,50694.0,50694.0
2579,50694.0,50694.0,50694.0,50694.0,50694.0,50694.0,50694.0,50694.0,50694.0,50694.0,50694.0
2580,50694.0,50694.0,50694.0,50694.0,50694.0,50694.0,50694.0,50694.0,50694.0,50694.0,50694.0
2581,50694.0,50694.0,50694.0,50694.0,50694.0,50694.0,50694.0,50694.0,50694.0,50694.0,50694.0
2582,50694.0,50694.0,50694.0,50694.0,50694.0,50694.0,50694.0,50694.0,50694.0,50694.0,50694.0
2583,50694.0,50694.0,50694.0,50694.0,50694.0,50694.0,50694.0,50694.0,50694.0,50694.0,50694.0
2584,50694.0,50694.0,50694.0,50694.0,50694.0,50694.0,50694.0,50694.0,50694.0,50694.0,50694.0
2585,50694.0,50694.0,50694.0,50694.0,50694.0,50694.0,50694.0,50694.0,50694.0,50694.0,50694.0
2586,50694.0,50694.0,50694.0,50694.0,50694.0,50694.0,50694.0,50694.0,50694.0,50694.0,50694.0
2587,50694.0,50694.0,50694.0,50694.0,50694.0,50694.0,50694.0,50694.0,50694.0,50694.0,50694.0
2588,50694.0,50694.0,50694.0,50694.0,50694.0,50694.0,50694.0,50694.0,50694.0,50694.0,50694.0
2589,50694.0,50694.0,50694.0,50694.0,50694.0,50694.0,50694.0,50694.0,50694.0,50694.0,50694.0
2590,50694.0,50694.0,50694.0,50694.0,50694.0,50694.0,50694.0,50694.0,50694.0,50694.0,50694.0
2591,50694.0,50694.0,50694.0,50694.0,50694.0,50694.0,50694.0,50694.0,50694.0,50694.0,50694.0
2592,50694.0,50694.0,50694.0,50694.0,50694.0,50694.0,50694.0,50694.0,50694.0,50694.0,50694.0
2593,50694.0,50694.0,50694.0,50694.0,50694.0,50694.0,50694.0,50694.0,50694.0,50694.0,50694.0
2594,50694.0,50694.0,50694.0,50694.0,50694.0,50694.0,50694.0,50694.0,50694.0,50694.0,50694.0
2595,50694.0,50694.0,50694.0,50694.0,50694.0,50694.0,50694.0,50694.0,50694.0,50694.0,50694.0
2596,50694.0,50694.0,50694.0,50694.0,50694.0,50694.0,50694.0,50694.0,50694.0,50694.0,50694.0
2597,50694.0,50694.0,50694.0,50694.0,50694.0,50694.0,50694.0,50694.0,50694.0,50694.0,50694.0
2598,50694.0,50694.0,50694.0,50694.0,50694.0,50694.0,50694.0,50694.0,50694.0,50694.0,50694.0
2599,50694.0,50694.0,50694.0,50694.0,50694.0,50694.0,50694.0,50694.0,50694.0,50694.0,50694.0
2600,50694.0,50694.0,50694.0,50694.0,50694.0,50694.0,50694.0,50694.0,50694.0,50694.0,50694.0
2601,50694.0,50694.0,50694.0,50694.0,50694.0,50694.0,50694.0,50694.0,50694.0,50694.0,50694.0
2602,50694.0,50694.0,50694.0,50694.0,50694.0,50694.0,50694.0,50694.0,50694.0,50694.0,50694.0
2603,50694.0,50694.0,50694.0,50694.0,50694.0,50694.0,50694.0,50694.0,50694.0,50694.0,50694.0
2604,50694.0,50694.0,50694.0,50694.0,50694.0,50694.0,50694.0,50694.0,50694.0,50694.0,50694.0
2605,50694.0,50694.0,50694.0,50694.0,50694.0,50694.0,50694.0,50694.0,50694.0,50694.0,50694.0
2606,50694.0,50694.0,50694.0,50694.0,50694.0,50694.0,50694.0,50694.0,50694.0,50694.0,50694.0
2607,50694.0,50694.0,50694.0,50694.0,50694.0,50694.0,50694.0,50694.0,50694.0,50694.0,50694.0
2608,50694.0,50694.0,50694.0,50694.0,50694.0,50694.0,50694.0,50694.0,50694.0,50694.0,50694.0
2609,50694.0,50694.0,50694.0,50694.0,50694.0,50694.0,50694.0,50694.0,50694.0,50694.0,50694.0
2610,50694.0,50694.0,50694.0,50694.0,50694.0,50694.0,50694.0,50694.0,50694.0,50694.0,50694.0
2611,50694.0,50694.0,50694.0,50694.0,50694.0,50694.0,50694.0,50694.0,50694.0,50694.0,50694.0
2612,50694.0,50694.0,50694.0,50694.0,50694.0,50694.0,50694.0,50694.0,50694.0,50694.0,50694.0
2613,50694.0,50694.0,50694.0,50694.0,50694.0,50694.0,50694.0,50694.0,50694.0,50694.0,50694.0
2614,50694.0,50694.0,50694.0,50694.0,50694.0,50694.0,50694.0,50694.0,50694.0,50694.0,50694.0
2615,50694.0,50694.0,50694.0,50694.0,50694.0,50694.0,50694.0,50694.0,50694.0,50694.0,50694.0
2616,50694.0,50694.0,50694.0,50694.0,50694.0,50694.0,50694.0,50694.0,50694.0,50694.0,50694.0
2617,50694.0,50694.0,50694.0,50694.0,50694.0,50694.0,50694.0,50694.0,50694.0,50694.0,50694.0
2618,50694.0,50694.0,50694.0,50694.0,50694.0,50694.0,50694.0,50694.0,50694.0,50694.0,50694.0
2619,50694.0,50694.0,50694.0,50694.0,50694.0,50694.0,50694.0,50694.0,50694.0,50694.0,50694.0
2620,50694.0,50694.0,50694.0,50694.0,50694.0,50694.0,50694.0,50694.0,50694.0,50694.0,50694.0
2621,50694.0,50694.0,50694.0,50694.0,50694.0,50694.0,50694.0,50694.0,50694.0,50694.0,50694.0
2622,50694.0,50694.0,50694.0,50694.0,50694.0,50694.0,50694.0,50694.0,50694.0,50694.0,50694.0
2623,50694.0,50694.0,50694.0,50694.0,50694.0,50694.0,50694.0,50694.0,50694.0,50694.0,50694.0
2624,50694.0,50694.0,50694.0,50694.0,50694.0,50694.0,50694.0,50694.0,50694.0,50694.0,50694.0
2625,50694.0,50694.0,50694.0,50694.0,50694.0,50694.0,50694.0,50694.0,50694.0,50694.0,50694.0
2626,50694.0,50694.0,50694.0,50694.0,50694.0,50694.0,50694.0,50694.0,50694.0,50694.0,50694.0
2627,50694.0,50694.0,50694.0,50694.0,50694.0,50694.0,50694.0,50694.0,50694.0,50694.0,50694.0
2628,50694.0,50694.0,50694.0,50694.0,50694.0,50694.0,50694.0,50694.0,50694.0,50694.0,50694.0
2629,50694.0,50694.0,50694.0,50694.0,50694.0,50694.0,50694.0,50694.0,50694.0,50694.0,50694.0
2630,50694.0,50694.0,50694.0,50694.0,50694.0,50694.0,50694.0,50694.0,50694.0,50694.0,50694.0
2631,50694.0,50694.0,50694.0,50694.0,50694.0,50694.0,50694.0,50694.0,50694.0,50694.0,50694.0
2632,50694.0,50694.0,50694.0,50694.0,50694.0,50694.0,50694.0,50694.0,50694.0,50694.0,50694.0
2633,50694.0,50694.0,50694.0,50694.0,50694.0,50694.0,50694.0,50694.0,50694.0,50694.0,50694.0
2634,50694.0,50694.0,50694.0,50694.0,50694.0,50694.0,50694.0,50694.0,50694.0,50694.0,50694.0
2635,50694.0,50694.0,50694.0,50694.0,50694.0,50694.0,50694.0,50694.0,50694.0,50694.0,50694.0
2636,50694.0,50694.0,50694.0,50694.0,50694.0,50694.0,50694.0,50694.0,50694.0,50694.0,50694.0
2637,50694.0,50694.0,50694.0,50694.0,50694.0,50694.0,50694.0,50694.0,50694.0,50694.0,50694.0
2638,50694.0,50694.0,50694.0,50694.0,50694.0,50694.0,50694.0,50694.0,50694.0,50694.0,50694.0
2639,50694.0,50694.0,50694.0,50694.0,50694.0,50694.0,50694.0,50694.0,50694.0,50694.0,50694.0
2640,50694.0,50694.0,50694.0,50694.0,50694.0,50694.0,50694.0,50694.0,50694.0,50694.0,50694.0
2641,50694.0,50694.0,50694.0,50694.0,50694.0,50694.0,50694.0,50694.0,50694.0,50694.0,50694.0
2642,50694.0,50694.0,50694.0,50694.0,50694.0,50694.0,50694.0,50694.0,50694.0,50694.0,50694.0
2643,50694.0,50694.0,50694.0,50694.0,50694.0,50694.0,50694.0,50694.0,50694.0,50694.0,50694.0
2644,50694.0,50694.0,50694.0,50694.0,50694.0,50694.0,50694.0,50694.0,50694.0,50694.0,50694.0
2645,50694.0,50694.0,50694.0,50694.0,50694.0,50694.0,50694.0,50694.0,50694.0,50694.0,50694.0
2646,50694.0,50694.0,50694.0,50694.0,50694.0,50694.0,50694.0,50694.0,50694.0,50694.0,50694.0
2647,50694.0,50694.0,50694.0,50694.0,50694.0,50694.0,50694.0,50694.0,50694.0,50694.0,50694.0
2648,50694.0,50694.0,50694.0,50694.0,50694.0,50694.0,50694.0,50694.0,50694.0,50694.0,50694.0
2649,50694.0,50694.0,50694.0,50694.0,50694.0,50694.0,50694.0,50694.0,50694.0,50694.0,50694.0
2650,50694.0,50694.0,50694.0,50694.0,50694.0,50694.0,50694.0,50694.0,50694.0,50694.0,50694.0
2651,50694.0,50694.0,50694.0,50694.0,50694.0,50694.0,50694.0,50694.0,50694.0,50694.0,50694.0
2652,50694.0,50694.0,50694.0,50694.0,50694.0,50694.0,50694.0,50694.0,50694.0,50694.0,50694.0
2653,50694.0,50694.0,50694.0,50694.0,50694.0,50694.0,50694.0,50694.0,50694.0,50694.0,50694.0
2654,50694.0,50694.0,50694.0,50694.0,50694.0,50694.0,50694.0,50694.0,50694.0,50694.0,50694.0
2655,50694.0,50694.0,50694.0,50694.0,50694.0,50694.0,50694.0,50694.0,50694.0,50694.0,50694.0
2656,50694.0,50694.0,50694.0,50694.0,50694.0,50694.0,50694.0,50694.0,50694.0,50694.0,50694.0
2657,50694.0,50694.0,50694.0,50694.0,50694.0,50694.0,50694.0,50694.0,50694.0,50694.0,50694.0
2658,50694.0,50694.0,50694.0,50694.0,50694.0,50694.0,50694.0,50694.0,50694.0,50694.0,50694.0
2659,50694.0,50694.0,50694.0,50694.0,50694.0,50694.0,50694.0,50694.0,50694.0,50694.0,50694.0
2660,50694.0,50694.0,50694.0,50694.0,50694.0,50694.0,50694.0,50694.0,50694.0,50694.0,50694.0
2661,50694.0,50694.0,50694.0,50694.0,50694.0,50694.0,50694.0,50694.0,50694.0,50694.0,50694.0
2662,50694.0,50694.0,50694.0,50694.0,50694.0,50694.0,50694.0,50694.0,50694.0,50694.0,50694.0
2663,50694.0,50694.0,50694.0,50694.0,50694.0,50694.0,50694.0,50694.0,50694.0,50694.0,50694.0
2664,50694.0,50694.0,50694.0,50694.0,50694.0,50694.0,50694.0,50694.0,50694.0,50694.0,50694.0
2665,50694.0,50694.0,50694.0,50694.0,50694.0,50694.0,50694.0,50694.0,50694.0,50694.0,50694.0
2666,50694.0,50694.0,50694.0,50694.0,50694.0,50694.0,50694.0,50694.0,50694.0,50694.0,50694.0
2667,50694.0,50694.0,50694.0,50694.0,50694.0,50694.0,50694.0,50694.0,50694.0,50694.0,50694.0
2668,50694.0,50694.0,50694.0,50694.0,50694.0,50694.0,50694.0,50694.0,50694.0,50694.0,50694.0
2669,50694.0,50694.0,50694.0,50694.0,50694.0,50694.0,50694.0,50694.0,50694.0,50694.0,50694.0
2670,50694.0,50694.0,50694.0,50694.0,50694.0,50694.0,50694.0,50694.0,50694.0,50694.0,50694.0
2671,50694.0,50694.0,50694.0,50694.0,50694.0,50694.0,50694.0,50694.0,50694.0,50694.0,50694.0
2672,50694.0,50694.0,50694.0,50694.0,50694.0,50694.0,50694.0,50694.0,50694.0,50694.0,50694.0
2673,50694.0,50694.0,50694.0,50694.0,50694.0,50694.0,50694.0,50694.0,50694.0,50694.0,50694.0
2674,50694.0,50694.0,50694.0,50694.0,50694.0,50694.0,50694.0,50694.0,50694.0,50694.0,50694.0
2675,50694.0,50694.0,50694.0,50694.0,50694.0,50694.0,50694.0,50694.0,50694.0,50694.0,50694.0
2676,50694.0,50694.0,50694.0,50694.0,50694.0,50694.0,50694.0,50694.0,50694.0,50694.0,50694.0
2677,50694.0,50694.0,50694.0,50694.0,50694.0,50694.0,50694.0,50694.0,50694.0,50694.0,50694.0
2678,50694.0,50694.0,50694.0,50694.0,50694.0,50694.0,50694.0,50694.0,50694.0,50694.0,50694.0
2679,50694.0,50694.0,50694.0,50694.0,50694.0,50694.0,50694.0,50694.0,50694.0,50694.0,50694.0
2680,50694.0,50694.0,50694.0,50694.0,50694.0,50694.0,50694.0,50694.0,50694.0,50694.0,50694.0
2681,50694.0,50694.0,50694.0,50694.0,50694.0,50694.0,50694.0,50694.0,50694.0,50694.0,50694.0
2682,50694.0,50694.0,50694.0,50694.0,50694.0,50694.0,50694.0,50694.0,50694.0,50694.0,50694.0
2683,50694.0,50694.0,50694.0,50694.0,50694.0,50694.0,50694.0,50694.0,50694.0,50694.0,50694.0
2684,50694.0,50694.0,50694.0,50694.0,50694.0,50694.0,50694.0,50694.0,50694.0,50694.0,50694.0
2685,50694.0,50694.0,50694.0,50694.0,50694.0,50694.0,50694.0,50694.0,50694.0,50694.0,50694.0
2686,50694.0,50694.0,50694.0,50694.0,50694.0,50694.0,50694.0,50694.0,50694.0,50694.0,50694.0
2687,50694.0,50694.0,50694.0,50694.0,50694.0,50694.0,50694.0,50694.0,50694.0,50694.0,50694.0
2688,50694.0,50694.0,50694.0,50694.0,50694.0,50694.0,50694.0,50694.0,50694.0,50694.0,50694.0
2689,50694.0,50694.0,50694.0,50694.0,50694.0,50694.0,50694.0,50694.0,50694.0,50694.0,50694.0
2690,50694.0,50694.0,50694.0,50694.0,50694.0,50694.0,50694.0,50694.0,50694.0,50694.0,50694.0
2691,50694.0,50694.0,50694.0,50694.0,50694.0,50694.0,50694.0,50694.0,50694.0,50694.0,50694.0
2692,50694.0,50694.0,50694.0,50694.0,50694.0,50694.0,50694.0,50694.0,50694.0,50694.0,50694.0
2693,50694.0,50694.0,50694.0,50694.0,50694.0,50694.0,50694.0,50694.0,50694.0,50694.0,50694.0
2694,50694.0,50694.0,50694.0,50694.0,50694.0,50694.0,50694.0,50694.0,50694.0,50694.0,50694.0
2695,50694.0,50694.0,50694.0,50694.0,50694.0,50694.0,50694.0,50694.0,50694.0,50694.0,50694.0
2696,50694.0,50694.0,50694.0,50694.0,50694.0,50694.0,50694.0,50694.0,50694.0,50694.0,50694.0
2697,50694.0,50694.0,50694.0,50694.0,50694.0,50694.0,50694.0,50694.0,50694.0,50694.0,50694.0
2698,50694.0,50694.0,50694.0,50694.0,50694.0,50694.0,50694.0,50694.0,50694.0,50694.0,50694.0
2699,50694.0,50694.0,50694.0,50694.0,50694.0,50694.0,50694.0,50694.0,50694.0,50694.0,50694.0
2700,50694.0,50694.0,50694.0,50694.0,50694.0,50694.0,50694.0,50694.0,50694.0,50694.0,50694.0
2701,50694.0,50694.0,50694.0,50694.0,50694.0,50694.0,50694.0,50694.0,50694.0,50694.0,50694.0
2702,50694.0,50694.0,50694.0,50694.0,50694.0,50694.0,50694.0,50694.0,50694.0,50694.0,50694.0
2703,50694.0,50694.0,50694.0,50694.0,50694.0,50694.0,50694.0,50694.0,50694.0,50694.0,50694.0
2704,50694.0,50694.0,50694.0,50694.0,50694.0,50694.0,50694.0,50694.0,50694.0,50694.0,50694.0
2705,50694.0,50694.0,50694.0,50694.0,50694.0,50694.0,50694.0,50694.0,50694.0,50694.0,50694.0
2706,50694.0,50694.0,50694.0,50694.0,50694.0,50694.0,50694.0,50694.0,50694.0,50694.0,50694.0
2707,50694.0,50694.0,50694.0,50694.0,50694.0,50694.0,50694.0,50694.0,50694.0,50694.0,50694.0
2708,50694.0,50694.0,50694.0,50694.0,50694.0,50694.0,50694.0,50694.0,50694.0,50694.0,50694.0
2709,50694.0,50694.0,50694.0,50694.0,50694.0,50694.0,50694.0,50694.0,50694.0,50694.0,50694.0
2710,50694.0,50694.0,50694.0,50694.0,50694.0,50694.0,50694.0,50694.0,50694.0,50694.0,50694.0
2711,50694.0,50694.0,50694.0,50694.0,50694.0,50694.0,50694.0,50694.0,50694.0,50694.0,50694.0
2712,50694.0,50694.0,50694.0,50694.0,50694.0,50694.0,50694.0,50694.0,50694.0,50694.0,50694.0
2713,50694.0,50694.0,50694.0,50694.0,50694.0,50694.0,50694.0,50694.0,50694.0,50694.0,50694.0
2714,50694.0,50694.0,50694.0,50694.0,50694.0,50694.0,50694.0,50694.0,50694.0,50694.0,50694.0
2715,50694.0,50694.0,50694.0,50694.0,50694.0,50694.0,50694.0,50694.0,50694.0,50694.0,50694.0
2716,50694.0,50694.0,50694.0,50694.0,50694.0,50694.0,50694.0,50694.0,50694.0,50694.0,50694.0
2717,50694.0,50694.0,50694.0,50694.0,50694.0,50694.0,50694.0,50694.0,50694.0,50694.0,50694.0
2718,50694.0,50694.0,50694.0,50694.0,50694.0,50694.0,50694.0,50694.0,50694.0,50694.0,50694.0
2719,50694.0,50694.0,50694.0,50694.0,50694.0,50694.0,50694.0,50694.0,50694.0,50694.0,50694.0
2720,50694.0,50694.0,50694.0,50694.0,50694.0,50694.0,50694.0,50694.0,50694.0,50694.0,50694.0
2721,50694.0,50694.0,50694.0,50694.0,50694.0,50694.0,50694.0,50694.0,50694.0,50694.0,50694.0
2722,50694.0,50694.0,50694.0,50694.0,50694.0,50694.0,50694.0,50694.0,50694.0,50694.0,50694.0
2723,50694.0,50694.0,50694.0,50694.0,50694.0,50694.0,50694.0,50694.0,50694.0,50694.0,50694.0
2724,50694.0,50694.0,50694.0,50694.0,50694.0,50694.0,50694.0,50694.0,50694.0,50694.0,50694.0
2725,50694.0,50694.0,50694.0,50694.0,50694.0,50694.0,50694.0,50694.0,50694.0,50694.0,50694.0
2726,50694.0,50694.0,50694.0,50694.0,50694.0,50694.0,50694.0,50694.0,50694.0,50694.0,50694.0
2727,50694.0,50694.0,50694.0,50694.0,50694.0,50694.0,50694.0,50694.0,50694.0,50694.0,50694.0
2728,50694.0,50694.0,50694.0,50694.0,50694.0,50694.0,50694.0,50694.0,50694.0,50694.0,50694.0
2729,50694.0,50694.0,50694.0,50694.0,50694.0,50694.0,50694.0,50694.0,50694.0,50694.0,50694.0
2730,50694.0,50694.0,50694.0,50694.0,50694.0,50694.0,50694.0,50694.0,50694.0,50694.0,50694.0
2731,50694.0,50694.0,50694.0,50694.0,50694.0,50694.0,50694.0,50694.0,50694.0,50694.0,50694.0
2732,50694.0,50694.0,50694.0,50694.0,50694.0,50694.0,50694.0,50694.0,50694.0,50694.0,50694.0
2733,50694.0,50694.0,50694.0,50694.0,50694.0,50694.0,50694.0,50694.0,50694.0,50694.0,50694.0
2734,50694.0,50694.0,50694.0,50694.0,50694.0,50694.0,50694.0,50694.0,50694.0,50694.0,50694.0
2735,50694.0,50694.0,50694.0,50694.0,50694.0,50694.0,50694.0,50694.0,50694.0,50694.0,50694.0
2736,50694.0,50694.0,50694.0,50694.0,50694.0,50694.0,50694.0,50694.0,50694.0,50694.0,50694.0
2737,50694.0,50694.0,50694.0,50694.0,50694.0,50694.0,50694.0,50694.0,50694.0,50694.0,50694.0
2738,50694.0,50694.0,50694.0,50694.0,50694.0,50694.0,50694.0,50694.0,50694.0,50694.0,50694.0
2739,50694.0,50694.0,50694.0,50694.0,50694.0,50694.0,50694.0,50694.0,50694.0,50694.0,50694.0
2740,50694.0,50694.0,50694.0,50694.0,50694.0,50694.0,50694.0,50694.0,50694.0,50694.0,50694.0
2741,50694.0,50694.0,50694.0,50694.0,50694.0,50694.0,50694.0,50694.0,50694.0,50694.0,50694.0
2742,50694.0,50694.0,50694.0,50694.0,50694.0,50694.0,50694.0,50694.0,50694.0,50694.0,50694.0
2743,50694.0,50694.0,50694.0,50694.0,50694.0,50694.0,50694.0,50694.0,50694.0,50694.0,50694.0
2744,50694.0,50694.0,50694.0,50694.0,50694.0,50694.0,50694.0,50694.0,50694.0,50694.0,50694.0
2745,50694.0,50694.0,50694.0,50694.0,50694.0,50694.0,50694.0,50694.0,50694.0,50694.0,50694.0
2746,50694.0,50694.0,50694.0,50694.0,50694.0,50694.0,50694.0,50694.0,50694.0,50694.0,50694.0
2747,50694.0,50694.0,50694.0,50694.0,50694.0,50694.0,50694.0,50694.0,50694.0,50694.0,50694.0
2748,50694.0,50694.0,50694.0,50694.0,50694.0,50694.0,50694.0,50694.0,50694.0,50694.0,50694.0
2749,50694.0,50694.0,50694.0,50694.0,50694.0,50694.0,50694.0,50694.0,50694.0,50694.0,50694.0
2750,50694.0,50694.0,50694.0,50694.0,50694.0,50694.0,50694.0,50694.0,50694.0,50694.0,50694.0
2751,50694.0,50694.0,50694.0,50694.0,50694.0,50694.0,50694.0,50694.0,50694.0,50694.0,50694.0
2752,50694.0,50694.0,50694.0,50694.0,50694.0,50694.0,50694.0,50694.0,50694.0,50694.0,50694.0
2753,50694.0,50694.0,50694.0,50694.0,50694.0,50694.0,50694.0,50694.0,50694.0,50694.0,50694.0
2754,50694.0,50694.0,50694.0,50694.0,50694.0,50694.0,50694.0,50694.0,50694.0,50694.0,50694.0
2755,50694.0,50694.0,50694.0,50694.0,50694.0,50694.0,50694.0,50694.0,50694.0,50694.0,50694.0
2756,50694.0,50694.0,50694.0,50694.0,50694.0,50694.0,50694.0,50694.0,50694.0,50694.0,50694.0
2757,50694.0,50694.0,50694.0,50694.0,50694.0,50694.0,50694.0,50694.0,50694.0,50694.0,50694.0
2758,50694.0,50694.0,50694.0,50694.0,50694.0,50694.0,50694.0,50694.0,50694.0,50694.0,50694.0
2759,50694.0,50694.0,50694.0,50694.0,50694.0,50694.0,50694.0,50694.0,50694.0,50694.0,50694.0
2760,50694.0,50694.0,50694.0,50694.0,50694.0,50694.0,50694.0,50694.0,50694.0,50694.0,50694.0
2761,50694.0,50694.0,50694.0,50694.0,50694.0,50694.0,50694.0,50694.0,50694.0,50694.0,50694.0
2762,50694.0,50694.0,50694.0,50694.0,50694.0,50694.0,50694.0,50694.0,50694.0,50694.0,50694.0
2763,50694.0,50694.0,50694.0,50694.0,50694.0,50694.0,50694.0,50694.0,50694.0,50694.0,50694.0
2764,50694.0,50694.0,50694.0,50694.0,50694.0,50694.0,50694.0,50694.0,50694.0,50694.0,50694.0
2765,50694.0,50694.0,50694.0,50694.0,50694.0,50694.0,50694.0,50694.0,50694.0,50694.0,50694.0
2766,50694.0,50694.0,50694.0,50694.0,50694.0,50694.0,50694.0,50694.0,50694.0,50694.0,50694.0
2767,50694.0,50694.0,50694.0,50694.0,50694.0,50694.0,50694.0,50694.0,50694.0,50694.0,50694.0
2768,50694.0,50694.0,50694.0,50694.0,50694.0,50694.0,50694.0,50694.0,50694.0,50694.0,50694.0
2769,50694.0,50694.0,50694.0,50694.0,50694.0,50694.0,50694.0,50694.0,50694.0,50694.0,50694.0
2770,50694.0,50694.0,50694.0,50694.0,50694.0,50694.0,50694.0,50694.0,50694.0,50694.0,50694.0
2771,50694.0,50694.0,50694.0,50694.0,50694.0,50694.0,50694.0,50694.0,50694.0,50694.0,50694.0
2772,50694.0,50694.0,50694.0,50694.0,50694.0,50694.0,50694.0,50694.0,50694.0,50694.0,50694.0
2773,50694.0,50694.0,50694.0,50694.0,50694.0,50694.0,50694.0,50694.0,50694.0,50694.0,50694.0
2774,50694.0,50694.0,50694.0,50694.0,50694.0,50694.0,50694.0,50694.0,50694.0,50694.0,50694.0
2775,50694.0,50694.0,50694.0,50694.0,50694.0,50694.0,50694.0,50694.0,50694.0,50694.0,50694.0
2776,50694.0,50694.0,50694.0,50694.0,50694.0,50694.0,50694.0,50694.0,50694.0,50694.0,50694.0
2777,50694.0,50694.0,50694.0,50694.0,50694.0,50694.0,50694.0,50694.0,50694.0,50694.0,50694.0
2778,50694.0,50694.0,50694.0,50694.0,50694.0,50694.0,50694.0,50694.0,50694.0,50694.0,50694.0
2779,50694.0,50694.0,50694.0,50694.0,50694.0,50694.0,50694.0,50694.0,50694.0,50694.0,50694.0
2780,50694.0,50694.0,50694.0,50694.0,50694.0,50694.0,50694.0,50694.0,50694.0,50694.0,50694.0
2781,50694.0,50694.0,50694.0,50694.0,50694.0,50694.0,50694.0,50694.0,50694.0,50694.0,50694.0
2782,50694.0,50694.0,50694.0,50694.0,50694.0,50694.0,50694.0,50694.0,50694.0,50694.0,50694.0
2783,50694.0,50694.0,50694.0,50694.0,50694.0,50694.0,50694.0,50694.0,50694.0,50694.0,50694.0
2784,50694.0,50694.0,50694.0,50694.0,50694.0,50694.0,50694.0,50694.0,50694.0,50694.0,50694.0
2785,50694.0,50694.0,50694.0,50694.0,50694.0,50694.0,50694.0,50694.0,50694.0,50694.0,50694.0
2786,50694.0,50694.0,50694.0,50694.0,50694.0,50694.0,50694.0,50694.0,50694.0,50694.0,50694.0
2787,50694.0,50694.0,50694.0,50694.0,50694.0,50694.0,50694.0,50694.0,50694.0,50694.0,50694.0
2788,50694.0,50694.0,50694.0,50694.0,50694.0,50694.0,50694.0,50694.0,50694.0,50694.0,50694.0
2789,50694.0,50694.0,50694.0,50694.0,50694.0,50694.0,50694.0,50694.0,50694.0,50694.0,50694.0
2790,50694.0,50694.0,50694.0,50694.0,50694.0,50694.0,50694.0,50694.0,50694.0,50694.0,50694.0
2791,50694.0,50694.0,50694.0,50694.0,50694.0,50694.0,50694.0,50694.0,50694.0,50694.0,50694.0
2792,50694.0,50694.0,50694.0,50694.0,50694.0,50694.0,50694.0,50694.0,50694.0,50694.0,50694.0
2793,50694.0,50694.0,50694.0,50694.0,50694.0,50694.0,50694.0,50694.0,50694.0,50694.0,50694.0
2794,50694.0,50694.0,50694.0,50694.0,50694.0,50694.0,50694.0,50694.0,50694.0,50694.0,50694.0
2795,50694.0,50694.0,50694.0,50694.0,50694.0,50694.0,50694.0,50694.0,50694.0,50694.0,50694.0
2796,50694.0,50694.0,50694.0,50694.0,50694.0,50694.0,50694.0,50694.0,50694.0,50694.0,50694.0
2797,50694.0,50694.0,50694.0,50694.0,50694.0,50694.0,50694.0,50694.0,50694.0,50694.0,50694.0
2798,50694.0,50694.0,50694.0,50694.0,50694.0,50694.0,50694.0,50694.0,50694.0,50694.0,50694.0
2799,50694.0,50694.0,50694.0,50694.0,50694.0,50694.0,50694.0,50694.0,50694.0,50694.0,50694.0
2800,50694.0,50694.0,50694.0,50694.0,50694.0,50694.0,50694.0,50694.0,50694.0,50694.0,50694.0
2801,50694.0,50694.0,50694.0,50694.0,50694.0,50694.0,50694.0,50694.0,50694.0,50694.0,50694.0
2802,50694.0,50694.0,50694.0,50694.0,50694.0,50694.0,50694.0,50694.0,50694.0,50694.0,50694.0
2803,50694.0,50694.0,50694.0,50694.0,50694.0,50694.0,50694.0,50694.0,50694.0,50694.0,50694.0
2804,50694.0,50694.0,50694.0,50694.0,50694.0,50694.0,50694.0,50694.0,50694.0,50694.0,50694.0
2805,50694.0,50694.0,50694.0,50694.0,50694.0,50694.0,50694.0,50694.0,50694.0,50694.0,50694.0
2806,50694.0,50694.0,50694.0,50694.0,50694.0,50694.0,50694.0,50694.0,50694.0,50694.0,50694.0
2807,50694.0,50694.0,50694.0,50694.0,50694.0,50694.0,50694.0,50694.0,50694.0,50694.0,50694.0
2808,50694.0,50694.0,50694.0,50694.0,50694.0,50694.0,50694.0,50694.0,50694.0,50694.0,50694.0
2809,50694.0,50694.0,50694.0,50694.0,50694.0,50694.0,50694.0,50694.0,50694.0,50694.0,50694.0
2810,50694.0,50694.0,50694.0,50694.0,50694.0,50694.0,50694.0,50694.0,50694.0,50694.0,50694.0
2811,50694.0,50694.0,50694.0,50694.0,50694.0,50694.0,50694.0,50694.0,50694.0,50694.0,50694.0
2812,50694.0,50694.0,50694.0,50694.0,50694.0,50694.0,50694.0,50694.0,50694.0,50694.0,50694.0
2813,50694.0,50694.0,50694.0,50694.0,50694.0,50694.0,50694.0,50694.0,50694.0,50694.0,50694.0
2814,50694.0,50694.0,50694.0,50694.0,50694.0,50694.0,50694.0,50694.0,50694.0,50694.0,50694.0
2815,50694.0,50694.0,50694.0,50694.0,50694.0,50694.0,50694.0,50694.0,50694.0,50694.0,50694.0
2816,50694.0,50694.0,50694.0,50694.0,50694.0,50694.0,50694.0,50694.0,50694.0,50694.0,50694.0
2817,50694.0,50694.0,50694.0,50694.0,50694.0,50694.0,50694.0,50694.0,50694.0,50694.0,50694.0
2818,50694.0,50694.0,50694.0,50694.0,50694.0,50694.0,50694.0,50694.0,50694.0,50694.0,50694.0
2819,50694.0,50694.0,50694.0,50694.0,50694.0,50694.0,50694.0,50694.0,50694.0,50694.0,50694.0
2820,50694.0,50694.0,50694.0,50694.0,50694.0,50694.0,50694.0,50694.0,50694.0,50694.0,50694.0
2821,50694.0,50694.0,50694.0,50694.0,50694.0,50694.0,50694.0,50694.0,50694.0,50694.0,50694.0
2822,50694.0,50694.0,50694.0,50694.0,50694.0,50694.0,50694.0,50694.0,50694.0,50694.0,50694.0
2823,50694.0,50694.0,50694.0,50694.0,50694.0,50694.0,50694.0,50694.0,50694.0,50694.0,50694.0
2824,50694.0,50694.0,50694.0,50694.0,50694.0,50694.0,50694.0,50694.0,50694.0,50694.0,50694.0
2825,50694.0,50694.0,50694.0,50694.0,50694.0,50694.0,50694.0,50694.0,50694.0,50694.0,50694.0
2826,50694.0,50694.0,50694.0,50694.0,50694.0,50694.0,50694.0,50694.0,50694.0,50694.0,50694.0
2827,50694.0,50694.0,50694.0,50694.0,50694.0,50694.0,50694.0,50694.0,50694.0,50694.0,50694.0
2828,50694.0,50694.0,50694.0,50694.0,50694.0,50694.0,50694.0,50694.0,50694.0,50694.0,50694.0
2829,50694.0,50694.0,50694.0,50694.0,50694.0,50694.0,50694.0,50694.0,50694.0,50694.0,50694.0
2830,50694.0,50694.0,50694.0,50694.0,50694.0,50694.0,50694.0,50694.0,50694.0,50694.0,50694.0
2831,50694.0,50694.0,50694.0,50694.0,50694.0,50694.0,50694.0,50694.0,50694.0,50694.0,50694.0
2832,50694.0,50694.0,50694.0,50694.0,50694.0,50694.0,50694.0,50694.0,50694.0,50694.0,50694.0
2833,50694.0,50694.0,50694.0,50694.0,50694.0,50694.0,50694.0,50694.0,50694.0,50694.0,50694.0
2834,50694.0,50694.0,50694.0,50694.0,50694.0,50694.0,50694.0,50694.0,50694.0,50694.0,50694.0
2835,50694.0,50694.0,50694.0,50694.0,50694.0,50694.0,50694.0,50694.0,50694.0,50694.0,50694.0
2836,50694.0,50694.0,50694.0,50694.0,50694.0,50694.0,50694.0,50694.0,50694.0,50694.0,50694.0
2837,50694.0,50694.0,50694.0,50694.0,50694.0,50694.0,50694.0,50694.0,50694.0,50694.0,50694.0
2838,50694.0,50694.0,50694.0,50694.0,50694.0,50694.0,50694.0,50694.0,50694.0,50694.0,50694.0
2839,50694.0,50694.0,50694.0,50694.0,50694.0,50694.0,50694.0,50694.0,50694.0,50694.0,50694.0
2840,50694.0,50694.0,50694.0,50694.0,50694.0,50694.0,50694.0,50694.0,50694.0,50694.0,50694.0
2841,50694.0,50694.0,50694.0,50694.0,50694.0,50694.0,50694.0,50694.0,50694.0,50694.0,50694.0
2842,50694.0,50694.0,50694.0,50694.0,50694.0,50694.0,50694.0,50694.0,50694.0,50694.0,50694.0
2843,50694.0,50694.0,50694.0,50694.0,50694.0,50694.0,50694.0,50694.0,50694.0,50694.0,50694.0
2844,50694.0,50694.0,50694.0,50694.0,50694.0,50694.0,50694.0,50694.0,50694.0,50694.0,50694.0
2845,50694.0,50694.0,50694.0,50694.0,50694.0,50694.0,50694.0,50694.0,50694.0,50694.0,50694.0
2846,50694.0,50694.0,50694.0,50694.0,50694.0,50694.0,50694.0,50694.0,50694.0,50694.0,50694.0
2847,50694.0,50694.0,50694.0,50694.0,50694.0,50694.0,50694.0,50694.0,50694.0,50694.0,50694.0
2848,50694.0,50694.0,50694.0,50694.0,50694.0,50694.0,50694.0,50694.0,50694.0,50694.0,50694.0
2849,50694.0,50694.0,50694.0,50694.0,50694.0,50694.0,50694.0,50694.0,50694.0,50694.0,50694.0
2850,50694.0,50694.0,50694.0,50694.0,50694.0,50694.0,50694.0,50694.0,50694.0,50694.0,50694.0
2851,50694.0,50694.0,50694.0,50694.0,50694.0,50694.0,50694.0,50694.0,50694.0,50694.0,50694.0
2852,50694.0,50694.0,50694.0,50694.0,50694.0,50694.0,50694.0,50694.0,50694.0,50694.0,50694.0
2853,50694.0,50694.0,50694.0,50694.0,50694.0,50694.0,50694.0,50694.0,50694.0,50694.0,50694.0
2854,50694.0,50694.0,50694.0,50694.0,50694.0,50694.0,50694.0,50694.0,50694.0,50694.0,50694.0
2855,50694.0,50694.0,50694.0,50694.0,50694.0,50694.0,50694.0,50694.0,50694.0,50694.0,50694.0
2856,50694.0,50694.0,50694.0,50694.0,50694.0,50694.0,50694.0,50694.0,50694.0,50694.0,50694.0
2857,50694.0,50694.0,50694.0,50694.0,50694.0,50694.0,50694.0,50694.0,50694.0,50694.0,50694.0
2858,50694.0,50694.0,50694.0,50694.0,50694.0,50694.0,50694.0,50694.0,50694.0,50694.0,50694.0
2859,50694.0,50694.0,50694.0,50694.0,50694.0,50694.0,50694.0,50694.0,50694.0,50694.0,50694.0
2860,50694.0,50694.0,50694.0,50694.0,50694.0,50694.0,50694.0,50694.0,50694.0,50694.0,50694.0
2861,50694.0,50694.0,50694.0,50694.0,50694.0,50694.0,50694.0,50694.0,50694.0,50694.0,50694.0
2862,50694.0,50694.0,50694.0,50694.0,50694.0,50694.0,50694.0,50694.0,50694.0,50694.0,50694.0
2863,50694.0,50694.0,50694.0,50694.0,50694.0,50694.0,50694.0,50694.0,50694.0,50694.0,50694.0
2864,50694.0,50694.0,50694.0,50694.0,50694.0,50694.0,50694.0,50694.0,50694.0,50694.0,50694.0
2865,50694.0,50694.0,50694.0,50694.0,50694.0,50694.0,50694.0,50694.0,50694.0,50694.0,50694.0
2866,50694.0,50694.0,50694.0,50694.0,50694.0,50694.0,50694.0,50694.0,50694.0,50694.0,50694.0
2867,50694.0,50694.0,50694.0,50694.0,50694.0,50694.0,50694.0,50694.0,50694.0,50694.0,50694.0
2868,50694.0,50694.0,50694.0,50694.0,50694.0,50694.0,50694.0,50694.0,50694.0,50694.0,50694.0
2869,50694.0,50694.0,50694.0,50694.0,50694.0,50694.0,50694.0,50694.0,50694.0,50694.0,50694.0
2870,50694.0,50694.0,50694.0,50694.0,50694.0,50694.0,50694.0,50694.0,50694.0,50694.0,50694.0
2871,50694.0,50694.0,50694.0,50694.0,50694.0,50694.0,50694.0,50694.0,50694.0,50694.0,50694.0
2872,50694.0,50694.0,50694.0,50694.0,50694.0,50694.0,50694.0,50694.0,50694.0,50694.0,50694.0
2873,50694.0,50694.0,50694.0,50694.0,50694.0,50694.0,50694.0,50694.0,50694.0,50694.0,50694.0
2874,50694.0,50694.0,50694.0,50694.0,50694.0,50694.0,50694.0,50694.0,50694.0,50694.0,50694.0
2875,50694.0,50694.0,50694.0,50694.0,50694.0,50694.0,50694.0,50694.0,50694.0,50694.0,50694.0
2876,50694.0,50694.0,50694.0,50694.0,50694.0,50694.0,50694.0,50694.0,50694.0,50694.0,50694.0
2877,50694.0,50694.0,50694.0,50694.0,50694.0,50694.0,50694.0,50694.0,50694.0,50694.0,50694.0
2878,50694.0,50694.0,50694.0,50694.0,50694.0,50694.0,50694.0,50694.0,50694.0,50694.0,50694.0
2879,50694.0,50694.0,50694.0,50694.0,50694.0,50694.0,50694.0,50694.0,50694.0,50694.0,50694.0
2880,50694.0,50694.0,50694.0,50694.0,50694.0,50694.0,50694.0,50694.0,50694.0,50694.0,50694.0
2881,50694.0,50694.0,50694.0,50694.0,50694.0,50694.0,50694.0,50694.0,50694.0,50694.0,50694.0
2882,50694.0,50694.0,50694.0,50694.0,50694.0,50694.0,50694.0,50694.0,50694.0,50694.0,50694.0
2883,50694.0,50694.0,50694.0,50694.0,50694.0,50694.0,50694.0,50694.0,50694.0,50694.0,50694.0
2884,50694.0,50694.0,50694.0,50694.0,50694.0,50694.0,50694.0,50694.0,50694.0,50694.0,50694.0
2885,50694.0,50694.0,50694.0,50694.0,50694.0,50694.0,50694.0,50694.0,50694.0,50694.0,50694.0
2886,50694.0,50694.0,50694.0,50694.0,50694.0,50694.0,50694.0,50694.0,50694.0,50694.0,50694.0
2887,50694.0,50694.0,50694.0,50694.0,50694.0,50694.0,50694.0,50694.0,50694.0,50694.0,50694.0
2888,50694.0,50694.0,50694.0,50694.0,50694.0,50694.0,50694.0,50694.0,50694.0,50694.0,50694.0
2889,50694.0,50694.0,50694.0,50694.0,50694.0,50694.0,50694.0,50694.0,50694.0,50694.0,50694.0
2890,50694.0,50694.0,50694.0,50694.0,50694.0,50694.0,50694.0,50694.0,50694.0,50694.0,50694.0
2891,50694.0,50694.0,50694.0,50694.0,50694.0,50694.0,50694.0,50694.0,50694.0,50694.0,50694.0
2892,50694.0,50694.0,50694.0,50694.0,50694.0,50694.0,50694.0,50694.0,50694.0,50694.0,50694.0
2893,50694.0,50694.0,50694.0,50694.0,50694.0,50694.0,50694.0,50694.0,50694.0,50694.0,50694.0
2894,50694.0,50694.0,50694.0,50694.0,50694.0,50694.0,50694.0,50694.0,50694.0,50694.0,50694.0
2895,50694.0,50694.0,50694.0,50694.0,50694.0,50694.0,50694.0,50694.0,50694.0,50694.0,50694.0
2896,50694.0,50694.0,50694.0,50694.0,50694.0,50694.0,50694.0,50694.0,50694.0,50694.0,50694.0
2897,50694.0,50694.0,50694.0,50694.0,50694.0,50694.0,50694.0,50694.0,50694.0,50694.0,50694.0
2898,50694.0,50694.0,50694.0,50694.0,50694.0,50694.0,50694.0,50694.0,50694.0,50694.0,50694.0
2899,50694.0,50694.0,50694.0,50694.0,50694.0,50694.0,50694.0,50694.0,50694.0,50694.0,50694.0
2900,50694.0,50694.0,50694.0,50694.0,50694.0,50694.0,50694.0,50694.0,50694.0,50694.0,50694.0
2901,50694.0,50694.0,50694.0,50694.0,50694.0,50694.0,50694.0,50694.0,50694.0,50694.0,50694.0
2902,50694.0,50694.0,50694.0,50694.0,50694.0,50694.0,50694.0,50694.0,50694.0,50694.0,50694.0
2903,50694.0,50694.0,50694.0,50694.0,50694.0,50694.0,50694.0,50694.0,50694.0,50694.0,50694.0
2904,50694.0,50694.0,50694.0,50694.0,50694.0,50694.0,50694.0,50694.0,50694.0,50694.0,50694.0
2905,50694.0,50694.0,50694.0,50694.0,50694.0,50694.0,50694.0,50694.0,50694.0,50694.0,50694.0
2906,50694.0,50694.0,50694.0,50694.0,50694.0,50694.0,50694.0,50694.0,50694.0,50694.0,50694.0
2907,50694.0,50694.0,50694.0,50694.0,50694.0,50694.0,50694.0,50694.0,50694.0,50694.0,50694.0
2908,50694.0,50694.0,50694.0,50694.0,50694.0,50694.0,50694.0,50694.0,50694.0,50694.0,50694.0
2909,50694.0,50694.0,50694.0,50694.0,50694.0,50694.0,50694.0,50694.0,50694.0,50694.0,50694.0
2910,50694.0,50694.0,50694.0,50694.0,50694.0,50694.0,50694.0,50694.0,50694.0,50694.0,50694.0
2911,50694.0,50694.0,50694.0,50694.0,50694.0,50694.0,50694.0,50694.0,50694.0,50694.0,50694.0
2912,50694.0,50694.0,50694.0,50694.0,50694.0,50694.0,50694.0,50694.0,50694.0,50694.0,50694.0
2913,50694.0,50694.0,50694.0,50694.0,50694.0,50694.0,50694.0,50694.0,50694.0,50694.0,50694.0
2914,50694.0,50694.0,50694.0,50694.0,50694.0,50694.0,50694.0,50694.0,50694.0,50694.0,50694.0
2915,50694.0,50694.0,50694.0,50694.0,50694.0,50694.0,50694.0,50694.0,50694.0,50694.0,50694.0
2916,50694.0,50694.0,50694.0,50694.0,50694.0,50694.0,50694.0,50694.0,50694.0,50694.0,50694.0
2917,50694.0,50694.0,50694.0,50694.0,50694.0,50694.0,50694.0,50694.0,50694.0,50694.0,50694.0
2918,50694.0,50694.0,50694.0,50694.0,50694.0,50694.0,50694.0,50694.0,50694.0,50694.0,50694.0
2919,50694.0,50694.0,50694.0,50694.0,50694.0,50694.0,50694.0,50694.0,50694.0,50694.0,50694.0
2920,50694.0,50694.0,50694.0,50694.0,50694.0,50694.0,50694.0,50694.0,50694.0,50694.0,50694.0
2921,50694.0,50694.0,50694.0,50694.0,50694.0,50694.0,50694.0,50694.0,50694.0,50694.0,50694.0
2922,50694.0,50694.0,50694.0,50694.0,50694.0,50694.0,50694.0,50694.0,50694.0,50694.0,50694.0
2923,50694.0,50694.0,50694.0,50694.0,50694.0,50694.0,50694.0,50694.0,50694.0,50694.0,50694.0
2924,50694.0,50694.0,50694.0,50694.0,50694.0,50694.0,50694.0,50694.0,50694.0,50694.0,50694.0
2925,50694.0,50694.0,50694.0,50694.0,50694.0,50694.0,50694.0,50694.0,50694.0,50694.0,50694.0
2926,50694.0,50694.0,50694.0,50694.0,50694.0,50694.0,50694.0,50694.0,50694.0,50694.0,50694.0
2927,50694.0,50694.0,50694.0,50694.0,50694.0,50694.0,50694.0,50694.0,50694.0,50694.0,50694.0
2928,50694.0,50694.0,50694.0,50694.0,50694.0,50694.0,50694.0,50694.0,50694.0,50694.0,50694.0
2929,50694.0,50694.0,50694.0,50694.0,50694.0,50694.0,50694.0,50694.0,50694.0,50694.0,50694.0
2930,50694.0,50694.0,50694.0,50694.0,50694.0,50694.0,50694.0,50694.0,50694.0,50694.0,50694.0
2931,50694.0,50694.0,50694.0,50694.0,50694.0,50694.0,50694.0,50694.0,50694.0,50694.0,50694.0
2932,50694.0,50694.0,50694.0,50694.0,50694.0,50694.0,50694.0,50694.0,50694.0,50694.0,50694.0
2933,50694.0,50694.0,50694.0,50694.0,50694.0,50694.0,50694.0,50694.0,50694.0,50694.0,50694.0
2934,50694.0,50694.0,50694.0,50694.0,50694.0,50694.0,50694.0,50694.0,50694.0,50694.0,50694.0
2935,50694.0,50694.0,50694.0,50694.0,50694.0,50694.0,50694.0,50694.0,50694.0,50694.0,50694.0
2936,50694.0,50694.0,50694.0,50694.0,50694.0,50694.0,50694.0,50694.0,50694.0,50694.0,50694.0
2937,50694.0,50694.0,50694.0,50694.0,50694.0,50694.0,50694.0,50694.0,50694.0,50694.0,50694.0
2938,50694.0,50694.0,50694.0,50694.0,50694.0,50694.0,50694.0,50694.0,50694.0,50694.0,50694.0
2939,50694.0,50694.0,50694.0,50694.0,50694.0,50694.0,50694.0,50694.0,50694.0,50694.0,50694.0
2940,50694.0,50694.0,50694.0,50694.0,50694.0,50694.0,50694.0,50694.0,50694.0,50694.0,50694.0
2941,50694.0,50694.0,50694.0,50694.0,50694.0,50694.0,50694.0,50694.0,50694.0,50694.0,50694.0
2942,50694.0,50694.0,50694.0,50694.0,50694.0,50694.0,50694.0,50694.0,50694.0,50694.0,50694.0
2943,50694.0,50694.0,50694.0,50694.0,50694.0,50694.0,50694.0,50694.0,50694.0,50694.0,50694.0
2944,50694.0,50694.0,50694.0,50694.0,50694.0,50694.0,50694.0,50694.0,50694.0,50694.0,50694.0
2945,50694.0,50694.0,50694.0,50694.0,50694.0,50694.0,50694.0,50694.0,50694.0,50694.0,50694.0
2946,50694.0,50694.0,50694.0,50694.0,50694.0,50694.0,50694.0,50694.0,50694.0,50694.0,50694.0
2947,50694.0,50694.0,50694.0,50694.0,50694.0,50694.0,50694.0,50694.0,50694.0,50694.0,50694.0
2948,50694.0,50694.0,50694.0,50694.0,50694.0,50694.0,50694.0,50694.0,50694.0,50694.0,50694.0
2949,50694.0,50694.0,50694.0,50694.0,50694.0,50694.0,50694.0,50694.0,50694.0,50694.0,50694.0
2950,50694.0,50694.0,50694.0,50694.0,50694.0,50694.0,50694.0,50694.0,50694.0,50694.0,50694.0
2951,50694.0,50694.0,50694.0,50694.0,50694.0,50694.0,50694.0,50694.0,50694.0,50694.0,50694.0
2952,50694.0,50694.0,50694.0,50694.0,50694.0,50694.0,50694.0,50694.0,50694.0,50694.0,50694.0
2953,50694.0,50694.0,50694.0,50694.0,50694.0,50694.0,50694.0,50694.0,50694.0,50694.0,50694.0
2954,50694.0,50694.0,50694.0,50694.0,50694.0,50694.0,50694.0,50694.0,50694.0,50694.0,50694.0
2955,50694.0,50694.0,50694.0,50694.0,50694.0,50694.0,50694.0,50694.0,50694.0,50694.0,50694.0
2956,50694.0,50694.0,50694.0,50694.0,50694.0,50694.0,50694.0,50694.0,50694.0,50694.0,50694.0
2957,50694.0,50694.0,50694.0,50694.0,50694.0,50694.0,50694.0,50694.0,50694.0,50694.0,50694.0
2958,50694.0,50694.0,50694.0,50694.0,50694.0,50694.0,50694.0,50694.0,50694.0,50694.0,50694.0
2959,50694.0,50694.0,50694.0,50694.0,50694.0,50694.0,50694.0,50694.0,50694.0,50694.0,50694.0
2960,50694.0,50694.0,50694.0,50694.0,50694.0,50694.0,50694.0,50694.0,50694.0,50694.0,50694.0
2961,50694.0,50694.0,50694.0,50694.0,50694.0,50694.0,50694.0,50694.0,50694.0,50694.0,50694.0
2962,50694.0,50694.0,50694.0,50694.0,50694.0,50694.0,50694.0,50694.0,50694.0,50694.0,50694.0
2963,50694.0,50694.0,50694.0,50694.0,50694.0,50694.0,50694.0,50694.0,50694.0,50694.0,50694.0
2964,50694.0,50694.0,50694.0,50694.0,50694.0,50694.0,50694.0,50694.0,50694.0,50694.0,50694.0
2965,50694.0,50694.0,50694.0,50694.0,50694.0,50694.0,50694.0,50694.0,50694.0,50694.0,50694.0
2966,50694.0,50694.0,50694.0,50694.0,50694.0,50694.0,50694.0,50694.0,50694.0,50694.0,50694.0
2967,50694.0,50694.0,50694.0,50694.0,50694.0,50694.0,50694.0,50694.0,50694.0,50694.0,50694.0
2968,50694.0,50694.0,50694.0,50694.0,50694.0,50694.0,50694.0,50694.0,50694.0,50694.0,50694.0
2969,50694.0,50694.0,50694.0,50694.0,50694.0,50694.0,50694.0,50694.0,50694.0,50694.0,50694.0
2970,50694.0,50694.0,50694.0,50694.0,50694.0,50694.0,50694.0,50694.0,50694.0,50694.0,50694.0
2971,50694.0,50694.0,50694.0,50694.0,50694.0,50694.0,50694.0,50694.0,50694.0,50694.0,50694.0
2972,50694.0,50694.0,50694.0,50694.0,50694.0,50694.0,50694.0,50694.0,50694.0,50694.0,50694.0
2973,50694.0,50694.0,50694.0,50694.0,50694.0,50694.0,50694.0,50694.0,50694.0,50694.0,50694.0
2974,50694.0,50694.0,50694.0,50694.0,50694.0,50694.0,50694.0,50694.0,50694.0,50694.0,50694.0
2975,50694.0,50694.0,50694.0,50694.0,50694.0,50694.0,50694.0,50694.0,50694.0,50694.0,50694.0
2976,50694.0,50694.0,50694.0,50694.0,50694.0,50694.0,50694.0,50694.0,50694.0,50694.0,50694.0
2977,50694.0,50694.0,50694.0,50694.0,50694.0,50694.0,50694.0,50694.0,50694.0,50694.0,50694.0
2978,50694.0,50694.0,50694.0,50694.0,50694.0,50694.0,50694.0,50694.0,50694.0,50694.0,50694.0
2979,50694.0,50694.0,50694.0,50694.0,50694.0,50694.0,50694.0,50694.0,50694.0,50694.0,50694.0
2980,50694.0,50694.0,50694.0,50694.0,50694.0,50694.0,50694.0,50694.0,50694.0,50694.0,50694.0
2981,50694.0,50694.0,50694.0,50694.0,50694.0,50694.0,50694.0,50694.0,50694.0,50694.0,50694.0
2982,50694.0,50694.0,50694.0,50694.0,50694.0,50694.0,50694.0,50694.0,50694.0,50694.0,50694.0
2983,50694.0,50694.0,50694.0,50694.0,50694.0,50694.0,50694.0,50694.0,50694.0,50694.0,50694.0
2984,50694.0,50694.0,50694.0,50694.0,50694.0,50694.0,50694.0,50694.0,50694.0,50694.0,50694.0
2985,50694.0,50694.0,50694.0,50694.0,50694.0,50694.0,50694.0,50694.0,50694.0,50694.0,50694.0
2986,50694.0,50694.0,50694.0,50694.0,50694.0,50694.0,50694.0,50694.0,50694.0,50694.0,50694.0
2987,50694.0,50694.0,50694.0,50694.0,50694.0,50694.0,50694.0,50694.0,50694.0,50694.0,50694.0
2988,50694.0,50694.0,50694.0,50694.0,50694.0,50694.0,50694.0,50694.0,50694.0,50694.0,50694.0
2989,50694.0,50694.0,50694.0,50694.0,50694.0,50694.0,50694.0,50694.0,50694.0,50694.0,50694.0
2990,50694.0,50694.0,50694.0,50694.0,50694.0,50694.0,50694.0,50694.0,50694.0,50694.0,50694.0
2991,50694.0,50694.0,50694.0,50694.0,50694.0,50694.0,50694.0,50694.0,50694.0,50694.0,50694.0
2992,50694.0,50694.0,50694.0,50694.0,50694.0,50694.0,50694.0,50694.0,50694.0,50694.0,50694.0
2993,50694.0,50694.0,50694.0,50694.0,50694.0,50694.0,50694.0,50694.0,50694.0,50694.0,50694.0
2994,50694.0,50694.0,50694.0,50694.0,50694.0,50694.0,50694.0,50694.0,50694.0,50694.0,50694.0
2995,50694.0,50694.0,50694.0,50694.0,50694.0,50694.0,50694.0,50694.0,50694.0,50694.0,50694.0
2996,50694.0,50694.0,50694.0,50694.0,50694.0,50694.0,50694.0,50694.0,50694.0,50694.0,50694.0
2997,50694.0,50694.0,50694.0,50694.0,50694.0,50694.0,50694.0,50694.0,50694.0,50694.0,50694.0
2998,50694.0,50694.0,50694.0,50694.0,50694.0,50694.0,50694.0,50694.0,50694.0,50694.0,50694.0
2999,50694.0,50694.0,50694.0,50694.0,50694.0,50694.0,50694.0,50694.0,50694.0,50694.0,50694.0
3000,50694.0,50694.0,50694.0,50694.0,50694.0,50694.0,50694.0,50694.0,50694.0,50694.0,50694.0
3001,50694.0,50694.0,50694.0,50694.0,50694.0,50694.0,50694.0,50694.0,50694.0,50694.0,50694.0
3002,50694.0,50694.0,50694.0,50694.0,50694.0,50694.0,50694.0,50694.0,50694.0,50694.0,50694.0
3003,50694.0,50694.0,50694.0,50694.0,50694.0,50694.0,50694.0,50694.0,50694.0,50694.0,50694.0
3004,50694.0,50694.0,50694.0,50694.0,50694.0,50694.0,50694.0,50694.0,50694.0,50694.0,50694.0
3005,50694.0,50694.0,50694.0,50694.0,50694.0,50694.0,50694.0,50694.0,50694.0,50694.0,50694.0
3006,50694.0,50694.0,50694.0,50694.0,50694.0,50694.0,50694.0,50694.0,50694.0,50694.0,50694.0
3007,50694.0,50694.0,50694.0,50694.0,50694.0,50694.0,50694.0,50694.0,50694.0,50694.0,50694.0
3008,50694.0,50694.0,50694.0,50694.0,50694.0,50694.0,50694.0,50694.0,50694.0,50694.0,50694.0
3009,50694.0,50694.0,50694.0,50694.0,50694.0,50694.0,50694.0,50694.0,50694.0,50694.0,50694.0
3010,50694.0,50694.0,50694.0,50694.0,50694.0,50694.0,50694.0,50694.0,50694.0,50694.0,50694.0
3011,50694.0,50694.0,50694.0,50694.0,50694.0,50694.0,50694.0,50694.0,50694.0,50694.0,50694.0
3012,50694.0,50694.0,50694.0,50694.0,50694.0,50694.0,50694.0,50694.0,50694.0,50694.0,50694.0
3013,50694.0,50694.0,50694.0,50694.0,50694.0,50694.0,50694.0,50694.0,50694.0,50694.0,50694.0
3014,50694.0,50694.0,50694.0,50694.0,50694.0,50694.0,50694.0,50694.0,50694.0,50694.0,50694.0
3015,50694.0,50694.0,50694.0,50694.0,50694.0,50694.0,50694.0,50694.0,50694.0,50694.0,50694.0
3016,50694.0,50694.0,50694.0,50694.0,50694.0,50694.0,50694.0,50694.0,50694.0,50694.0,50694.0
3017,50694.0,50694.0,50694.0,50694.0,50694.0,50694.0,50694.0,50694.0,50694.0,50694.0,50694.0
3018,50694.0,50694.0,50694.0,50694.0,50694.0,50694.0,50694.0,50694.0,50694.0,50694.0,50694.0
3019,50694.0,50694.0,50694.0,50694.0,50694.0,50694.0,50694.0,50694.0,50694.0,50694.0,50694.0
3020,50694.0,50694.0,50694.0,50694.0,50694.0,50694.0,50694.0,50694.0,50694.0,50694.0,50694.0
3021,50694.0,50694.0,50694.0,50694.0,50694.0,50694.0,50694.0,50694.0,50694.0,50694.0,50694.0
3022,50694.0,50694.0,50694.0,50694.0,50694.0,50694.0,50694.0,50694.0,50694.0,50694.0,50694.0
3023,50694.0,50694.0,50694.0,50694.0,50694.0,50694.0,50694.0,50694.0,50694.0,50694.0,50694.0
3024,50694.0,50694.0,50694.0,50694.0,50694.0,50694.0,50694.0,50694.0,50694.0,50694.0,50694.0
3025,50694.0,50694.0,50694.0,50694.0,50694.0,50694.0,50694.0,50694.0,50694.0,50694.0,50694.0
3026,50694.0,50694.0,50694.0,50694.0,50694.0,50694.0,50694.0,50694.0,50694.0,50694.0,50694.0
3027,50694.0,50694.0,50694.0,50694.0,50694.0,50694.0,50694.0,50694.0,50694.0,50694.0,50694.0
3028,50694.0,50694.0,50694.0,50694.0,50694.0,50694.0,50694.0,50694.0,50694.0,50694.0,50694.0
3029,50694.0,50694.0,50694.0,50694.0,50694.0,50694.0,50694.0,50694.0,50694.0,50694.0,50694.0
3030,50694.0,50694.0,50694.0,50694.0,50694.0,50694.0,50694.0,50694.0,50694.0,50694.0,50694.0
3031,50694.0,50694.0,50694.0,50694.0,50694.0,50694.0,50694.0,50694.0,50694.0,50694.0,50694.0
3032,50694.0,50694.0,50694.0,50694.0,50694.0,50694.0,50694.0,50694.0,50694.0,50694.0,50694.0
3033,50694.0,50694.0,50694.0,50694.0,50694.0,50694.0,50694.0,50694.0,50694.0,50694.0,50694.0
3034,50694.0,50694.0,50694.0,50694.0,50694.0,50694.0,50694.0,50694.0,50694.0,50694.0,50694.0
3035,50694.0,50694.0,50694.0,50694.0,50694.0,50694.0,50694.0,50694.0,50694.0,50694.0,50694.0
3036,50694.0,50694.0,50694.0,50694.0,50694.0,50694.0,50694.0,50694.0,50694.0,50694.0,50694.0
3037,50694.0,50694.0,50694.0,50694.0,50694.0,50694.0,50694.0,50694.0,50694.0,50694.0,50694.0
3038,50694.0,50694.0,50694.0,50694.0,50694.0,50694.0,50694.0,50694.0,50694.0,50694.0,50694.0
3039,50694.0,50694.0,50694.0,50694.0,50694.0,50694.0,50694.0,50694.0,50694.0,50694.0,50694.0
3040,50694.0,50694.0,50694.0,50694.0,50694.0,50694.0,50694.0,50694.0,50694.0,50694.0,50694.0
3041,50694.0,50694.0,50694.0,50694.0,50694.0,50694.0,50694.0,50694.0,50694.0,50694.0,50694.0
3042,50694.0,50694.0,50694.0,50694.0,50694.0,50694.0,50694.0,50694.0,50694.0,50694.0,50694.0
3043,50694.0,50694.0,50694.0,50694.0,50694.0,50694.0,50694.0,50694.0,50694.0,50694.0,50694.0
3044,50694.0,50694.0,50694.0,50694.0,50694.0,50694.0,50694.0,50694.0,50694.0,50694.0,50694.0
3045,50694.0,50694.0,50694.0,50694.0,50694.0,50694.0,50694.0,50694.0,50694.0,50694.0,50694.0
3046,50694.0,50694.0,50694.0,50694.0,50694.0,50694.0,50694.0,50694.0,50694.0,50694.0,50694.0
3047,50694.0,50694.0,50694.0,50694.0,50694.0,50694.0,50694.0,50694.0,50694.0,50694.0,50694.0
3048,50694.0,50694.0,50694.0,50694.0,50694.0,50694.0,50694.0,50694.0,50694.0,50694.0,50694.0
3049,50694.0,50694.0,50694.0,50694.0,50694.0,50694.0,50694.0,50694.0,50694.0,50694.0,50694.0
3050,50694.0,50694.0,50694.0,50694.0,50694.0,50694.0,50694.0,50694.0,50694.0,50694.0,50694.0
3051,50694.0,50694.0,50694.0,50694.0,50694.0,50694.0,50694.0,50694.0,50694.0,50694.0,50694.0
3052,50694.0,50694.0,50694.0,50694.0,50694.0,50694.0,50694.0,50694.0,50694.0,50694.0,50694.0
3053,50694.0,50694.0,50694.0,50694.0,50694.0,50694.0,50694.0,50694.0,50694.0,50694.0,50694.0
3054,50694.0,50694.0,50694.0,50694.0,50694.0,50694.0,50694.0,50694.0,50694.0,50694.0,50694.0
3055,50694.0,50694.0,50694.0,50694.0,50694.0,50694.0,50694.0,50694.0,50694.0,50694.0,50694.0
3056,50694.0,50694.0,50694.0,50694.0,50694.0,50694.0,50694.0,50694.0,50694.0,50694.0,50694.0
3057,50694.0,50694.0,50694.0,50694.0,50694.0,50694.0,50694.0,50694.0,50694.0,50694.0,50694.0
3058,50694.0,50694.0,50694.0,50694.0,50694.0,50694.0,50694.0,50694.0,50694.0,50694.0,50694.0
3059,50694.0,50694.0,50694.0,50694.0,50694.0,50694.0,50694.0,50694.0,50694.0,50694.0,50694.0
3060,50694.0,50694.0,50694.0,50694.0,50694.0,50694.0,50694.0,50694.0,50694.0,50694.0,50694.0
3061,50694.0,50694.0,50694.0,50694.0,50694.0,50694.0,50694.0,50694.0,50694.0,50694.0,50694.0
3062,50694.0,50694.0,50694.0,50694.0,50694.0,50694.0,50694.0,50694.0,50694.0,50694.0,50694.0
3063,50694.0,50694.0,50694.0,50694.0,50694.0,50694.0,50694.0,50694.0,50694.0,50694.0,50694.0
3064,50694.0,50694.0,50694.0,50694.0,50694.0,50694.0,50694.0,50694.0,50694.0,50694.0,50694.0
3065,50694.0,50694.0,50694.0,50694.0,50694.0,50694.0,50694.0,50694.0,50694.0,50694.0,50694.0
3066,50694.0,50694.0,50694.0,50694.0,50694.0,50694.0,50694.0,50694.0,50694.0,50694.0,50694.0
3067,50694.0,50694.0,50694.0,50694.0,50694.0,50694.0,50694.0,50694.0,50694.0,50694.0,50694.0
3068,50694.0,50694.0,50694.0,50694.0,50694.0,50694.0,50694.0,50694.0,50694.0,50694.0,50694.0
3069,50694.0,50694.0,50694.0,50694.0,50694.0,50694.0,50694.0,50694.0,50694.0,50694.0,50694.0
3070,50694.0,50694.0,50694.0,50694.0,50694.0,50694.0,50694.0,50694.0,50694.0,50694.0,50694.0
3071,50694.0,50694.0,50694.0,50694.0,50694.0,50694.0,50694.0,50694.0,50694.0,50694.0,50694.0
3072,50694.0,50694.0,50694.0,50694.0,50694.0,50694.0,50694.0,50694.0,50694.0,50694.0,50694.0
3073,50694.0,50694.0,50694.0,50694.0,50694.0,50694.0,50694.0,50694.0,50694.0,50694.0,50694.0
3074,50694.0,50694.0,50694.0,50694.0,50694.0,50694.0,50694.0,50694.0,50694.0,50694.0,50694.0
3075,50694.0,50694.0,50694.0,50694.0,50694.0,50694.0,50694.0,50694.0,50694.0,50694.0,50694.0
3076,50694.0,50694.0,50694.0,50694.0,50694.0,50694.0,50694.0,50694.0,50694.0,50694.0,50694.0
3077,50694.0,50694.0,50694.0,50694.0,50694.0,50694.0,50694.0,50694.0,50694.0,50694.0,50694.0
3078,50694.0,50694.0,50694.0,50694.0,50694.0,50694.0,50694.0,50694.0,50694.0,50694.0,50694.0
3079,50694.0,50694.0,50694.0,50694.0,50694.0,50694.0,50694.0,50694.0,50694.0,50694.0,50694.0
3080,50694.0,50694.0,50694.0,50694.0,50694.0,50694.0,50694.0,50694.0,50694.0,50694.0,50694.0
3081,50694.0,50694.0,50694.0,50694.0,50694.0,50694.0,50694.0,50694.0,50694.0,50694.0,50694.0
3082,50694.0,50694.0,50694.0,50694.0,50694.0,50694.0,50694.0,50694.0,50694.0,50694.0,50694.0
3083,50694.0,50694.0,50694.0,50694.0,50694.0,50694.0,50694.0,50694.0,50694.0,50694.0,50694.0
3084,50694.0,50694.0,50694.0,50694.0,50694.0,50694.0,50694.0,50694.0,50694.0,50694.0,50694.0
3085,50694.0,50694.0,50694.0,50694.0,50694.0,50694.0,50694.0,50694.0,50694.0,50694.0,50694.0
3086,50694.0,50694.0,50694.0,50694.0,50694.0,50694.0,50694.0,50694.0,50694.0,50694.0,50694.0
3087,50694.0,50694.0,50694.0,50694.0,50694.0,50694.0,50694.0,50694.0,50694.0,50694.0,50694.0
3088,50694.0,50694.0,50694.0,50694.0,50694.0,50694.0,50694.0,50694.0,50694.0,50694.0,50694.0
3089,50694.0,50694.0,50694.0,50694.0,50694.0,50694.0,50694.0,50694.0,50694.0,50694.0,50694.0
3090,50694.0,50694.0,50694.0,50694.0,50694.0,50694.0,50694.0,50694.0,50694.0,50694.0,50694.0
3091,50694.0,50694.0,50694.0,50694.0,50694.0,50694.0,50694.0,50694.0,50694.0,50694.0,50694.0
3092,50694.0,50694.0,50694.0,50694.0,50694.0,50694.0,50694.0,50694.0,50694.0,50694.0,50694.0
3093,50694.0,50694.0,50694.0,50694.0,50694.0,50694.0,50694.0,50694.0,50694.0,50694.0,50694.0
3094,50694.0,50694.0,50694.0,50694.0,50694.0,50694.0,50694.0,50694.0,50694.0,50694.0,50694.0
3095,50694.0,50694.0,50694.0,50694.0,50694.0,50694.0,50694.0,50694.0,50694.0,50694.0,50694.0
3096,50694.0,50694.0,50694.0,50694.0,50694.0,50694.0,50694.0,50694.0,50694.0,50694.0,50694.0
3097,50694.0,50694.0,50694.0,50694.0,50694.0,50694.0,50694.0,50694.0,50694.0,50694.0,50694.0
3098,50694.0,50694.0,50694.0,50694.0,50694.0,50694.0,50694.0,50694.0,50694.0,50694.0,50694.0
3099,50694.0,50694.0,50694.0,50694.0,50694.0,50694.0,50694.0,50694.0,50694.0,50694.0,50694.0
3100,50694.0,50694.0,50694.0,50694.0,50694.0,50694.0,50694.0,50694.0,50694.0,50694.0,50694.0
3101,50694.0,50694.0,50694.0,50694.0,50694.0,50694.0,50694.0,50694.0,50694.0,50694.0,50694.0
3102,50694.0,50694.0,50694.0,50694.0,50694.0,50694.0,50694.0,50694.0,50694.0,50694.0,50694.0
3103,50694.0,50694.0,50694.0,50694.0,50694.0,50694.0,50694.0,50694.0,50694.0,50694.0,50694.0
3104,50694.0,50694.0,50694.0,50694.0,50694.0,50694.0,50694.0,50694.0,50694.0,50694.0,50694.0
3105,50694.0,50694.0,50694.0,50694.0,50694.0,50694.0,50694.0,50694.0,50694.0,50694.0,50694.0
3106,50694.0,50694.0,50694.0,50694.0,50694.0,50694.0,50694.0,50694.0,50694.0,50694.0,50694.0
3107,50694.0,50694.0,50694.0,50694.0,50694.0,50694.0,50694.0,50694.0,50694.0,50694.0,50694.0
3108,50694.0,50694.0,50694.0,50694.0,50694.0,50694.0,50694.0,50694.0,50694.0,50694.0,50694.0
3109,50694.0,50694.0,50694.0,50694.0,50694.0,50694.0,50694.0,50694.0,50694.0,50694.0,50694.0
3110,50694.0,50694.0,50694.0,50694.0,50694.0,50694.0,50694.0,50694.0,50694.0,50694.0,50694.0
3111,50694.0,50694.0,50694.0,50694.0,50694.0,50694.0,50694.0,50694.0,50694.0,50694.0,50694.0
3112,50694.0,50694.0,50694.0,50694.0,50694.0,50694.0,50694.0,50694.0,50694.0,50694.0,50694.0
3113,50694.0,50694.0,50694.0,50694.0,50694.0,50694.0,50694.0,50694.0,50694.0,50694.0,50694.0
3114,50694.0,50694.0,50694.0,50694.0,50694.0,50694.0,50694.0,50694.0,50694.0,50694.0,50694.0
3115,50694.0,50694.0,50694.0,50694.0,50694.0,50694.0,50694.0,50694.0,50694.0,50694.0,50694.0
3116,50694.0,50694.0,50694.0,50694.0,50694.0,50694.0,50694.0,50694.0,50694.0,50694.0,50694.0
3117,50694.0,50694.0,50694.0,50694.0,50694.0,50694.0,50694.0,50694.0,50694.0,50694.0,50694.0
3118,50694.0,50694.0,50694.0,50694.0,50694.0,50694.0,50694.0,50694.0,50694.0,50694.0,50694.0
3119,50694.0,50694.0,50694.0,50694.0,50694.0,50694.0,50694.0,50694.0,50694.0,50694.0,50694.0
3120,50694.0,50694.0,50694.0,50694.0,50694.0,50694.0,50694.0,50694.0,50694.0,50694.0,50694.0
3121,50694.0,50694.0,50694.0,50694.0,50694.0,50694.0,50694.0,50694.0,50694.0,50694.0,50694.0
3122,50694.0,50694.0,50694.0,50694.0,50694.0,50694.0,50694.0,50694.0,50694.0,50694.0,50694.0
3123,50694.0,50694.0,50694.0,50694.0,50694.0,50694.0,50694.0,50694.0,50694.0,50694.0,50694.0
3124,50694.0,50694.0,50694.0,50694.0,50694.0,50694.0,50694.0,50694.0,50694.0,50694.0,50694.0
3125,50694.0,50694.0,50694.0,50694.0,50694.0,50694.0,50694.0,50694.0,50694.0,50694.0,50694.0
3126,50694.0,50694.0,50694.0,50694.0,50694.0,50694.0,50694.0,50694.0,50694.0,50694.0,50694.0
3127,50694.0,50694.0,50694.0,50694.0,50694.0,50694.0,50694.0,50694.0,50694.0,50694.0,50694.0
3128,50694.0,50694.0,50694.0,50694.0,50694.0,50694.0,50694.0,50694.0,50694.0,50694.0,50694.0
3129,50694.0,50694.0,50694.0,50694.0,50694.0,50694.0,50694.0,50694.0,50694.0,50694.0,50694.0
3130,50694.0,50694.0,50694.0,50694.0,50694.0,50694.0,50694.0,50694.0,50694.0,50694.0,50694.0
3131,50694.0,50694.0,50694.0,50694.0,50694.0,50694.0,50694.0,50694.0,50694.0,50694.0,50694.0
3132,50694.0,50694.0,50694.0,50694.0,50694.0,50694.0,50694.0,50694.0,50694.0,50694.0,50694.0
3133,50694.0,50694.0,50694.0,50694.0,50694.0,50694.0,50694.0,50694.0,50694.0,50694.0,50694.0
3134,50694.0,50694.0,50694.0,50694.0,50694.0,50694.0,50694.0,50694.0,50694.0,50694.0,50694.0
3135,50694.0,50694.0,50694.0,50694.0,50694.0,50694.0,50694.0,50694.0,50694.0,50694.0,50694.0
3136,50694.0,50694.0,50694.0,50694.0,50694.0,50694.0,50694.0,50694.0,50694.0,50694.0,50694.0
3137,50694.0,50694.0,50694.0,50694.0,50694.0,50694.0,50694.0,50694.0,50694.0,50694.0,50694.0
3138,50694.0,50694.0,50694.0,50694.0,50694.0,50694.0,50694.0,50694.0,50694.0,50694.0,50694.0
3139,50694.0,50694.0,50694.0,50694.0,50694.0,50694.0,50694.0,50694.0,50694.0,50694.0,50694.0
3140,50694.0,50694.0,50694.0,50694.0,50694.0,50694.0,50694.0,50694.0,50694.0,50694.0,50694.0
3141,50694.0,50694.0,50694.0,50694.0,50694.0,50694.0,50694.0,50694.0,50694.0,50694.0,50694.0
3142,50694.0,50694.0,50694.0,50694.0,50694.0,50694.0,50694.0,50694.0,50694.0,50694.0,50694.0
3143,50694.0,50694.0,50694.0,50694.0,50694.0,50694.0,50694.0,50694.0,50694.0,50694.0,50694.0
3144,50694.0,50694.0,50694.0,50694.0,50694.0,50694.0,50694.0,50694.0,50694.0,50694.0,50694.0
3145,50694.0,50694.0,50694.0,50694.0,50694.0,50694.0,50694.0,50694.0,50694.0,50694.0,50694.0
3146,50694.0,50694.0,50694.0,50694.0,50694.0,50694.0,50694.0,50694.0,50694.0,50694.0,50694.0
3147,50694.0,50694.0,50694.0,50694.0,50694.0,50694.0,50694.0,50694.0,50694.0,50694.0,50694.0
3148,50694.0,50694.0,50694.0,50694.0,50694.0,50694.0,50694.0,50694.0,50694.0,50694.0,50694.0
3149,50694.0,50694.0,50694.0,50694.0,50694.0,50694.0,50694.0,50694.0,50694.0,50694.0,50694.0
3150,50694.0,50694.0,50694.0,50694.0,50694.0,50694.0,50694.0,50694.0,50694.0,50694.0,50694.0
3151,50694.0,50694.0,50694.0,50694.0,50694.0,50694.0,50694.0,50694.0,50694.0,50694.0,50694.0
3152,50694.0,50694.0,50694.0,50694.0,50694.0,50694.0,50694.0,50694.0,50694.0,50694.0,50694.0
3153,50694.0,50694.0,50694.0,50694.0,50694.0,50694.0,50694.0,50694.0,50694.0,50694.0,50694.0
3154,50694.0,50694.0,50694.0,50694.0,50694.0,50694.0,50694.0,50694.0,50694.0,50694.0,50694.0
3155,50694.0,50694.0,50694.0,50694.0,50694.0,50694.0,50694.0,50694.0,50694.0,50694.0,50694.0
3156,50694.0,50694.0,50694.0,50694.0,50694.0,50694.0,50694.0,50694.0,50694.0,50694.0,50694.0
3157,50694.0,50694.0,50694.0,50694.0,50694.0,50694.0,50694.0,50694.0,50694.0,50694.0,50694.0
3158,50694.0,50694.0,50694.0,50694.0,50694.0,50694.0,50694.0,50694.0,50694.0,50694.0,50694.0
3159,50694.0,50694.0,50694.0,50694.0,50694.0,50694.0,50694.0,50694.0,50694.0,50694.0,50694.0
3160,50694.0,50694.0,50694.0,50694.0,50694.0,50694.0,50694.0,50694.0,50694.0,50694.0,50694.0
3161,50694.0,50694.0,50694.0,50694.0,50694.0,50694.0,50694.0,50694.0,50694.0,50694.0,50694.0
3162,50694.0,50694.0,50694.0,50694.0,50694.0,50694.0,50694.0,50694.0,50694.0,50694.0,50694.0
3163,50694.0,50694.0,50694.0,50694.0,50694.0,50694.0,50694.0,50694.0,50694.0,50694.0,50694.0
3164,50694.0,50694.0,50694.0,50694.0,50694.0,50694.0,50694.0,50694.0,50694.0,50694.0,50694.0
3165,50694.0,50694.0,50694.0,50694.0,50694.0,50694.0,50694.0,50694.0,50694.0,50694.0,50694.0
3166,50694.0,50694.0,50694.0,50694.0,50694.0,50694.0,50694.0,50694.0,50694.0,50694.0,50694.0
3167,50694.0,50694.0,50694.0,50694.0,50694.0,50694.0,50694.0,50694.0,50694.0,50694.0,50694.0
3168,50694.0,50694.0,50694.0,50694.0,50694.0,50694.0,50694.0,50694.0,50694.0,50694.0,50694.0
3169,50694.0,50694.0,50694.0,50694.0,50694.0,50694.0,50694.0,50694.0,50694.0,50694.0,50694.0
3170,50694.0,50694.0,50694.0,50694.0,50694.0,50694.0,50694.0,50694.0,50694.0,50694.0,50694.0
3171,50694.0,50694.0,50694.0,50694.0,50694.0,50694.0,50694.0,50694.0,50694.0,50694.0,50694.0
3172,50694.0,50694.0,50694.0,50694.0,50694.0,50694.0,50694.0,50694.0,50694.0,50694.0,50694.0
3173,50694.0,50694.0,50694.0,50694.0,50694.0,50694.0,50694.0,50694.0,50694.0,50694.0,50694.0
3174,50694.0,50694.0,50694.0,50694.0,50694.0,50694.0,50694.0,50694.0,50694.0,50694.0,50694.0
3175,50694.0,50694.0,50694.0,50694.0,50694.0,50694.0,50694.0,50694.0,50694.0,50694.0,50694.0
3176,50694.0,50694.0,50694.0,50694.0,50694.0,50694.0,50694.0,50694.0,50694.0,50694.0,50694.0
3177,50694.0,50694.0,50694.0,50694.0,50694.0,50694.0,50694.0,50694.0,50694.0,50694.0,50694.0
3178,50694.0,50694.0,50694.0,50694.0,50694.0,50694.0,50694.0,50694.0,50694.0,50694.0,50694.0
3179,50694.0,50694.0,50694.0,50694.0,50694.0,50694.0,50694.0,50694.0,50694.0,50694.0,50694.0
3180,50694.0,50694.0,50694.0,50694.0,50694.0,50694.0,50694.0,50694.0,50694.0,50694.0,50694.0
3181,50694.0,50694.0,50694.0,50694.0,50694.0,50694.0,50694.0,50694.0,50694.0,50694.0,50694.0
3182,50694.0,50694.0,50694.0,50694.0,50694.0,50694.0,50694.0,50694.0,50694.0,50694.0,50694.0
3183,50694.0,50694.0,50694.0,50694.0,50694.0,50694.0,50694.0,50694.0,50694.0,50694.0,50694.0
3184,50694.0,50694.0,50694.0,50694.0,50694.0,50694.0,50694.0,50694.0,50694.0,50694.0,50694.0
3185,50694.0,50694.0,50694.0,50694.0,50694.0,50694.0,50694.0,50694.0,50694.0,50694.0,50694.0
3186,50694.0,50694.0,50694.0,50694.0,50694.0,50694.0,50694.0,50694.0,50694.0,50694.0,50694.0
3187,50694.0,50694.0,50694.0,50694.0,50694.0,50694.0,50694.0,50694.0,50694.0,50694.0,50694.0
3188,50694.0,50694.0,50694.0,50694.0,50694.0,50694.0,50694.0,50694.0,50694.0,50694.0,50694.0
3189,50694.0,50694.0,50694.0,50694.0,50694.0,50694.0,50694.0,50694.0,50694.0,50694.0,50694.0
3190,50694.0,50694.0,50694.0,50694.0,50694.0,50694.0,50694.0,50694.0,50694.0,50694.0,50694.0
3191,50694.0,50694.0,50694.0,50694.0,50694.0,50694.0,50694.0,50694.0,50694.0,50694.0,50694.0
3192,50694.0,50694.0,50694.0,50694.0,50694.0,50694.0,50694.0,50694.0,50694.0,50694.0,50694.0
3193,50694.0,50694.0,50694.0,50694.0,50694.0,50694.0,50694.0,50694.0,50694.0,50694.0,50694.0
3194,50694.0,50694.0,50694.0,50694.0,50694.0,50694.0,50694.0,50694.0,50694.0,50694.0,50694.0
3195,50694.0,50694.0,50694.0,50694.0,50694.0,50694.0,50694.0,50694.0,50694.0,50694.0,50694.0
3196,50694.0,50694.0,50694.0,50694.0,50694.0,50694.0,50694.0,50694.0,50694.0,50694.0,50694.0
3197,50694.0,50694.0,50694.0,50694.0,50694.0,50694.0,50694.0,50694.0,50694.0,50694.0,50694.0
3198,50694.0,50694.0,50694.0,50694.0,50694.0,50694.0,50694.0,50694.0,50694.0,50694.0,50694.0
3199,50694.0,50694.0,50694.0,50694.0,50694.0,50694.0,50694.0,50694.0,50694.0,50694.0,50694.0
3200,50694.0,50694.0,50694.0,50694.0,50694.0,50694.0,50694.0,50694.0,50694.0,50694.0,50694.0
3201,50694.0,50694.0,50694.0,50694.0,50694.0,50694.0,50694.0,50694.0,50694.0,50694.0,50694.0
3202,50694.0,50694.0,50694.0,50694.0,50694.0,50694.0,50694.0,50694.0,50694.0,50694.0,50694.0
3203,50694.0,50694.0,50694.0,50694.0,50694.0,50694.0,50694.0,50694.0,50694.0,50694.0,50694.0
3204,50694.0,50694.0,50694.0,50694.0,50694.0,50694.0,50694.0,50694.0,50694.0,50694.0,50694.0
3205,50694.0,50694.0,50694.0,50694.0,50694.0,50694.0,50694.0,50694.0,50694.0,50694.0,50694.0
3206,50694.0,50694.0,50694.0,50694.0,50694.0,50694.0,50694.0,50694.0,50694.0,50694.0,50694.0
3207,50694.0,50694.0,50694.0,50694.0,50694.0,50694.0,50694.0,50694.0,50694.0,50694.0,50694.0
3208,50694.0,50694.0,50694.0,50694.0,50694.0,50694.0,50694.0,50694.0,50694.0,50694.0,50694.0
3209,50694.0,50694.0,50694.0,50694.0,50694.0,50694.0,50694.0,50694.0,50694.0,50694.0,50694.0
3210,50694.0,50694.0,50694.0,50694.0,50694.0,50694.0,50694.0,50694.0,50694.0,50694.0,50694.0
3211,50694.0,50694.0,50694.0,50694.0,50694.0,50694.0,50694.0,50694.0,50694.0,50694.0,50694.0
3212,50694.0,50694.0,50694.0,50694.0,50694.0,50694.0,50694.0,50694.0,50694.0,50694.0,50694.0
3213,50694.0,50694.0,50694.0,50694.0,50694.0,50694.0,50694.0,50694.0,50694.0,50694.0,50694.0
3214,50694.0,50694.0,50694.0,50694.0,50694.0,50694.0,50694.0,50694.0,50694.0,50694.0,50694.0
3215,50694.0,50694.0,50694.0,50694.0,50694.0,50694.0,50694.0,50694.0,50694.0,50694.0,50694.0
3216,50694.0,50694.0,50694.0,50694.0,50694.0,50694.0,50694.0,50694.0,50694.0,50694.0,50694.0
3217,50694.0,50694.0,50694.0,50694.0,50694.0,50694.0,50694.0,50694.0,50694.0,50694.0,50694.0
3218,50694.0,50694.0,50694.0,50694.0,50694.0,50694.0,50694.0,50694.0,50694.0,50694.0,50694.0
3219,50694.0,50694.0,50694.0,50694.0,50694.0,50694.0,50694.0,50694.0,50694.0,50694.0,50694.0
3220,50694.0,50694.0,50694.0,50694.0,50694.0,50694.0,50694.0,50694.0,50694.0,50694.0,50694.0
3221,50694.0,50694.0,50694.0,50694.0,50694.0,50694.0,50694.0,50694.0,50694.0,50694.0,50694.0
3222,50694.0,50694.0,50694.0,50694.0,50694.0,50694.0,50694.0,50694.0,50694.0,50694.0,50694.0
3223,50694.0,50694.0,50694.0,50694.0,50694.0,50694.0,50694.0,50694.0,50694.0,50694.0,50694.0
3224,50694.0,50694.0,50694.0,50694.0,50694.0,50694.0,50694.0,50694.0,50694.0,50694.0,50694.0
3225,50694.0,50694.0,50694.0,50694.0,50694.0,50694.0,50694.0,50694.0,50694.0,50694.0,50694.0
3226,50694.0,50694.0,50694.0,50694.0,50694.0,50694.0,50694.0,50694.0,50694.0,50694.0,50694.0
3227,50694.0,50694.0,50694.0,50694.0,50694.0,50694.0,50694.0,50694.0,50694.0,50694.0,50694.0
3228,50694.0,50694.0,50694.0,50694.0,50694.0,50694.0,50694.0,50694.0,50694.0,50694.0,50694.0
3229,50694.0,50694.0,50694.0,50694.0,50694.0,50694.0,50694.0,50694.0,50694.0,50694.0,50694.0
3230,50694.0,50694.0,50694.0,50694.0,50694.0,50694.0,50694.0,50694.0,50694.0,50694.0,50694.0
3231,50694.0,50694.0,50694.0,50694.0,50694.0,50694.0,50694.0,50694.0,50694.0,50694.0,50694.0
3232,50694.0,50694.0,50694.0,50694.0,50694.0,50694.0,50694.0,50694.0,50694.0,50694.0,50694.0
3233,50694.0,50694.0,50694.0,50694.0,50694.0,50694.0,50694.0,50694.0,50694.0,50694.0,50694.0
3234,50694.0,50694.0,50694.0,50694.0,50694.0,50694.0,50694.0,50694.0,50694.0,50694.0,50694.0
3235,50694.0,50694.0,50694.0,50694.0,50694.0,50694.0,50694.0,50694.0,50694.0,50694.0,50694.0
3236,50694.0,50694.0,50694.0,50694.0,50694.0,50694.0,50694.0,50694.0,50694.0,50694.0,50694.0
3237,50694.0,50694.0,50694.0,50694.0,50694.0,50694.0,50694.0,50694.0,50694.0,50694.0,50694.0
3238,50694.0,50694.0,50694.0,50694.0,50694.0,50694.0,50694.0,50694.0,50694.0,50694.0,50694.0
3239,50694.0,50694.0,50694.0,50694.0,50694.0,50694.0,50694.0,50694.0,50694.0,50694.0,50694.0
3240,50694.0,50694.0,50694.0,50694.0,50694.0,50694.0,50694.0,50694.0,50694.0,50694.0,50694.0
3241,50694.0,50694.0,50694.0,50694.0,50694.0,50694.0,50694.0,50694.0,50694.0,50694.0,50694.0
3242,50694.0,50694.0,50694.0,50694.0,50694.0,50694.0,50694.0,50694.0,50694.0,50694.0,50694.0
3243,50694.0,50694.0,50694.0,50694.0,50694.0,50694.0,50694.0,50694.0,50694.0,50694.0,50694.0
3244,50694.0,50694.0,50694.0,50694.0,50694.0,50694.0,50694.0,50694.0,50694.0,50694.0,50694.0
3245,50694.0,50694.0,50694.0,50694.0,50694.0,50694.0,50694.0,50694.0,50694.0,50694.0,50694.0
3246,50694.0,50694.0,50694.0,50694.0,50694.0,50694.0,50694.0,50694.0,50694.0,50694.0,50694.0
3247,50694.0,50694.0,50694.0,50694.0,50694.0,50694.0,50694.0,50694.0,50694.0,50694.0,50694.0
3248,50694.0,50694.0,50694.0,50694.0,50694.0,50694.0,50694.0,50694.0,50694.0,50694.0,50694.0
3249,50694.0,50694.0,50694.0,50694.0,50694.0,50694.0,50694.0,50694.0,50694.0,50694.0,50694.0
3250,50694.0,50694.0,50694.0,50694.0,50694.0,50694.0,50694.0,50694.0,50694.0,50694.0,50694.0
3251,50694.0,50694.0,50694.0,50694.0,50694.0,50694.0,50694.0,50694.0,50694.0,50694.0,50694.0
3252,50694.0,50694.0,50694.0,50694.0,50694.0,50694.0,50694.0,50694.0,50694.0,50694.0,50694.0
3253,50694.0,50694.0,50694.0,50694.0,50694.0,50694.0,50694.0,50694.0,50694.0,50694.0,50694.0
3254,50694.0,50694.0,50694.0,50694.0,50694.0,50694.0,50694.0,50694.0,50694.0,50694.0,50694.0
3255,50694.0,50694.0,50694.0,50694.0,50694.0,50694.0,50694.0,50694.0,50694.0,50694.0,50694.0
3256,50694.0,50694.0,50694.0,50694.0,50694.0,50694.0,50694.0,50694.0,50694.0,50694.0,50694.0
3257,50694.0,50694.0,50694.0,50694.0,50694.0,50694.0,50694.0,50694.0,50694.0,50694.0,50694.0
3258,50694.0,50694.0,50694.0,50694.0,50694.0,50694.0,50694.0,50694.0,50694.0,50694.0,50694.0
3259,50694.0,50694.0,50694.0,50694.0,50694.0,50694.0,50694.0,50694.0,50694.0,50694.0,50694.0
3260,50694.0,50694.0,50694.0,50694.0,50694.0,50694.0,50694.0,50694.0,50694.0,50694.0,50694.0
3261,50694.0,50694.0,50694.0,50694.0,50694.0,50694.0,50694.0,50694.0,50694.0,50694.0,50694.0
3262,50694.0,50694.0,50694.0,50694.0,50694.0,50694.0,50694.0,50694.0,50694.0,50694.0,50694.0
3263,50694.0,50694.0,50694.0,50694.0,50694.0,50694.0,50694.0,50694.0,50694.0,50694.0,50694.0
3264,50694.0,50694.0,50694.0,50694.0,50694.0,50694.0,50694.0,50694.0,50694.0,50694.0,50694.0
3265,50694.0,50694.0,50694.0,50694.0,50694.0,50694.0,50694.0,50694.0,50694.0,50694.0,50694.0
3266,50694.0,50694.0,50694.0,50694.0,50694.0,50694.0,50694.0,50694.0,50694.0,50694.0,50694.0
3267,50694.0,50694.0,50694.0,50694.0,50694.0,50694.0,50694.0,50694.0,50694.0,50694.0,50694.0
3268,50694.0,50694.0,50694.0,50694.0,50694.0,50694.0,50694.0,50694.0,50694.0,50694.0,50694.0
3269,50694.0,50694.0,50694.0,50694.0,50694.0,50694.0,50694.0,50694.0,50694.0,50694.0,50694.0
3270,50694.0,50694.0,50694.0,50694.0,50694.0,50694.0,50694.0,50694.0,50694.0,50694.0,50694.0
3271,50694.0,50694.0,50694.0,50694.0,50694.0,50694.0,50694.0,50694.0,50694.0,50694.0,50694.0
3272,50694.0,50694.0,50694.0,50694.0,50694.0,50694.0,50694.0,50694.0,50694.0,50694.0,50694.0
3273,50694.0,50694.0,50694.0,50694.0,50694.0,50694.0,50694.0,50694.0,50694.0,50694.0,50694.0
3274,50694.0,50694.0,50694.0,50694.0,50694.0,50694.0,50694.0,50694.0,50694.0,50694.0,50694.0
3275,50694.0,50694.0,50694.0,50694.0,50694.0,50694.0,50694.0,50694.0,50694.0,50694.0,50694.0
3276,50694.0,50694.0,50694.0,50694.0,50694.0,50694.0,50694.0,50694.0,50694.0,50694.0,50694.0
3277,50694.0,50694.0,50694.0,50694.0,50694.0,50694.0,50694.0,50694.0,50694.0,50694.0,50694.0
3278,50694.0,50694.0,50694.0,50694.0,50694.0,50694.0,50694.0,50694.0,50694.0,50694.0,50694.0
3279,50694.0,50694.0,50694.0,50694.0,50694.0,50694.0,50694.0,50694.0,50694.0,50694.0,50694.0
3280,50694.0,50694.0,50694.0,50694.0,50694.0,50694.0,50694.0,50694.0,50694.0,50694.0,50694.0
3281,50694.0,50694.0,50694.0,50694.0,50694.0,50694.0,50694.0,50694.0,50694.0,50694.0,50694.0
3282,50694.0,50694.0,50694.0,50694.0,50694.0,50694.0,50694.0,50694.0,50694.0,50694.0,50694.0
3283,50694.0,50694.0,50694.0,50694.0,50694.0,50694.0,50694.0,50694.0,50694.0,50694.0,50694.0
3284,50694.0,50694.0,50694.0,50694.0,50694.0,50694.0,50694.0,50694.0,50694.0,50694.0,50694.0
3285,50694.0,50694.0,50694.0,50694.0,50694.0,50694.0,50694.0,50694.0,50694.0,50694.0,50694.0
3286,50694.0,50694.0,50694.0,50694.0,50694.0,50694.0,50694.0,50694.0,50694.0,50694.0,50694.0
3287,50694.0,50694.0,50694.0,50694.0,50694.0,50694.0,50694.0,50694.0,50694.0,50694.0,50694.0
3288,50694.0,50694.0,50694.0,50694.0,50694.0,50694.0,50694.0,50694.0,50694.0,50694.0,50694.0
3289,50694.0,50694.0,50694.0,50694.0,50694.0,50694.0,50694.0,50694.0,50694.0,50694.0,50694.0
3290,50694.0,50694.0,50694.0,50694.0,50694.0,50694.0,50694.0,50694.0,50694.0,50694.0,50694.0
3291,50694.0,50694.0,50694.0,50694.0,50694.0,50694.0,50694.0,50694.0,50694.0,50694.0,50694.0
3292,50694.0,50694.0,50694.0,50694.0,50694.0,50694.0,50694.0,50694.0,50694.0,50694.0,50694.0
3293,50694.0,50694.0,50694.0,50694.0,50694.0,50694.0,50694.0,50694.0,50694.0,50694.0,50694.0
3294,50694.0,50694.0,50694.0,50694.0,50694.0,50694.0,50694.0,50694.0,50694.0,50694.0,50694.0
3295,50694.0,50694.0,50694.0,50694.0,50694.0,50694.0,50694.0,50694.0,50694.0,50694.0,50694.0
3296,50694.0,50694.0,50694.0,50694.0,50694.0,50694.0,50694.0,50694.0,50694.0,50694.0,50694.0
3297,50694.0,50694.0,50694.0,50694.0,50694.0,50694.0,50694.0,50694.0,50694.0,50694.0,50694.0
3298,50694.0,50694.0,50694.0,50694.0,50694.0,50694.0,50694.0,50694.0,50694.0,50694.0,50694.0
3299,50694.0,50694.0,50694.0,50694.0,50694.0,50694.0,50694.0,50694.0,50694.0,50694.0,50694.0
3300,50694.0,50694.0,50694.0,50694.0,50694.0,50694.0,50694.0,50694.0,50694.0,50694.0,50694.0
3301,50694.0,50694.0,50694.0,50694.0,50694.0,50694.0,50694.0,50694.0,50694.0,50694.0,50694.0
3302,50694.0,50694.0,50694.0,50694.0,50694.0,50694.0,50694.0,50694.0,50694.0,50694.0,50694.0
3303,50694.0,50694.0,50694.0,50694.0,50694.0,50694.0,50694.0,50694.0,50694.0,50694.0,50694.0
3304,50694.0,50694.0,50694.0,50694.0,50694.0,50694.0,50694.0,50694.0,50694.0,50694.0,50694.0
3305,50694.0,50694.0,50694.0,50694.0,50694.0,50694.0,50694.0,50694.0,50694.0,50694.0,50694.0
3306,50694.0,50694.0,50694.0,50694.0,50694.0,50694.0,50694.0,50694.0,50694.0,50694.0,50694.0
3307,50694.0,50694.0,50694.0,50694.0,50694.0,50694.0,50694.0,50694.0,50694.0,50694.0,50694.0
3308,50694.0,50694.0,50694.0,50694.0,50694.0,50694.0,50694.0,50694.0,50694.0,50694.0,50694.0
3309,50694.0,50694.0,50694.0,50694.0,50694.0,50694.0,50694.0,50694.0,50694.0,50694.0,50694.0
3310,50694.0,50694.0,50694.0,50694.0,50694.0,50694.0,50694.0,50694.0,50694.0,50694.0,50694.0
3311,50694.0,50694.0,50694.0,50694.0,50694.0,50694.0,50694.0,50694.0,50694.0,50694.0,50694.0
3312,50694.0,50694.0,50694.0,50694.0,50694.0,50694.0,50694.0,50694.0,50694.0,50694.0,50694.0
3313,50694.0,50694.0,50694.0,50694.0,50694.0,50694.0,50694.0,50694.0,50694.0,50694.0,50694.0
3314,50694.0,50694.0,50694.0,50694.0,50694.0,50694.0,50694.0,50694.0,50694.0,50694.0,50694.0
3315,50694.0,50694.0,50694.0,50694.0,50694.0,50694.0,50694.0,50694.0,50694.0,50694.0,50694.0
3316,50694.0,50694.0,50694.0,50694.0,50694.0,50694.0,50694.0,50694.0,50694.0,50694.0,50694.0
3317,50694.0,50694.0,50694.0,50694.0,50694.0,50694.0,50694.0,50694.0,50694.0,50694.0,50694.0
3318,50694.0,50694.0,50694.0,50694.0,50694.0,50694.0,50694.0,50694.0,50694.0,50694.0,50694.0
3319,50694.0,50694.0,50694.0,50694.0,50694.0,50694.0,50694.0,50694.0,50694.0,50694.0,50694.0
3320,50694.0,50694.0,50694.0,50694.0,50694.0,50694.0,50694.0,50694.0,50694.0,50694.0,50694.0
3321,50694.0,50694.0,50694.0,50694.0,50694.0,50694.0,50694.0,50694.0,50694.0,50694.0,50694.0
3322,50694.0,50694.0,50694.0,50694.0,50694.0,50694.0,50694.0,50694.0,50694.0,50694.0,50694.0
3323,50694.0,50694.0,50694.0,50694.0,50694.0,50694.0,50694.0,50694.0,50694.0,50694.0,50694.0
3324,50694.0,50694.0,50694.0,50694.0,50694.0,50694.0,50694.0,50694.0,50694.0,50694.0,50694.0
3325,50694.0,50694.0,50694.0,50694.0,50694.0,50694.0,50694.0,50694.0,50694.0,50694.0,50694.0
3326,50694.0,50694.0,50694.0,50694.0,50694.0,50694.0,50694.0,50694.0,50694.0,50694.0,50694.0
3327,50694.0,50694.0,50694.0,50694.0,50694.0,50694.0,50694.0,50694.0,50694.0,50694.0,50694.0
3328,50694.0,50694.0,50694.0,50694.0,50694.0,50694.0,50694.0,50694.0,50694.0,50694.0,50694.0
3329,50694.0,50694.0,50694.0,50694.0,50694.0,50694.0,50694.0,50694.0,50694.0,50694.0,50694.0
3330,50694.0,50694.0,50694.0,50694.0,50694.0,50694.0,50694.0,50694.0,50694.0,50694.0,50694.0
3331,50694.0,50694.0,50694.0,50694.0,50694.0,50694.0,50694.0,50694.0,50694.0,50694.0,50694.0
3332,50694.0,50694.0,50694.0,50694.0,50694.0,50694.0,50694.0,50694.0,50694.0,50694.0,50694.0
3333,50694.0,50694.0,50694.0,50694.0,50694.0,50694.0,50694.0,50694.0,50694.0,50694.0,50694.0
3334,50694.0,50694.0,50694.0,50694.0,50694.0,50694.0,50694.0,50694.0,50694.0,50694.0,50694.0
3335,50694.0,50694.0,50694.0,50694.0,50694.0,50694.0,50694.0,50694.0,50694.0,50694.0,50694.0
3336,50694.0,50694.0,50694.0,50694.0,50694.0,50694.0,50694.0,50694.0,50694.0,50694.0,50694.0
3337,50694.0,50694.0,50694.0,50694.0,50694.0,50694.0,50694.0,50694.0,50694.0,50694.0,50694.0
3338,50694.0,50694.0,50694.0,50694.0,50694.0,50694.0,50694.0,50694.0,50694.0,50694.0,50694.0
3339,50694.0,50694.0,50694.0,50694.0,50694.0,50694.0,50694.0,50694.0,50694.0,50694.0,50694.0
3340,50694.0,50694.0,50694.0,50694.0,50694.0,50694.0,50694.0,50694.0,50694.0,50694.0,50694.0
3341,50694.0,50694.0,50694.0,50694.0,50694.0,50694.0,50694.0,50694.0,50694.0,50694.0,50694.0
3342,50694.0,50694.0,50694.0,50694.0,50694.0,50694.0,50694.0,50694.0,50694.0,50694.0,50694.0
3343,50694.0,50694.0,50694.0,50694.0,50694.0,50694.0,50694.0,50694.0,50694.0,50694.0,50694.0
3344,50694.0,50694.0,50694.0,50694.0,50694.0,50694.0,50694.0,50694.0,50694.0,50694.0,50694.0
3345,50694.0,50694.0,50694.0,50694.0,50694.0,50694.0,50694.0,50694.0,50694.0,50694.0,50694.0
3346,50694.0,50694.0,50694.0,50694.0,50694.0,50694.0,50694.0,50694.0,50694.0,50694.0,50694.0
3347,50694.0,50694.0,50694.0,50694.0,50694.0,50694.0,50694.0,50694.0,50694.0,50694.0,50694.0
3348,50694.0,50694.0,50694.0,50694.0,50694.0,50694.0,50694.0,50694.0,50694.0,50694.0,50694.0
3349,50694.0,50694.0,50694.0,50694.0,50694.0,50694.0,50694.0,50694.0,50694.0,50694.0,50694.0
3350,50694.0,50694.0,50694.0,50694.0,50694.0,50694.0,50694.0,50694.0,50694.0,50694.0,50694.0
3351,50694.0,50694.0,50694.0,50694.0,50694.0,50694.0,50694.0,50694.0,50694.0,50694.0,50694.0
3352,50694.0,50694.0,50694.0,50694.0,50694.0,50694.0,50694.0,50694.0,50694.0,50694.0,50694.0
3353,50694.0,50694.0,50694.0,50694.0,50694.0,50694.0,50694.0,50694.0,50694.0,50694.0,50694.0
3354,50694.0,50694.0,50694.0,50694.0,50694.0,50694.0,50694.0,50694.0,50694.0,50694.0,50694.0
3355,50694.0,50694.0,50694.0,50694.0,50694.0,50694.0,50694.0,50694.0,50694.0,50694.0,50694.0
3356,50694.0,50694.0,50694.0,50694.0,50694.0,50694.0,50694.0,50694.0,50694.0,50694.0,50694.0
3357,50694.0,50694.0,50694.0,50694.0,50694.0,50694.0,50694.0,50694.0,50694.0,50694.0,50694.0
3358,50694.0,50694.0,50694.0,50694.0,50694.0,50694.0,50694.0,50694.0,50694.0,50694.0,50694.0
3359,50694.0,50694.0,50694.0,50694.0,50694.0,50694.0,50694.0,50694.0,50694.0,50694.0,50694.0
3360,50694.0,50694.0,50694.0,50694.0,50694.0,50694.0,50694.0,50694.0,50694.0,50694.0,50694.0
3361,50694.0,50694.0,50694.0,50694.0,50694.0,50694.0,50694.0,50694.0,50694.0,50694.0,50694.0
3362,50694.0,50694.0,50694.0,50694.0,50694.0,50694.0,50694.0,50694.0,50694.0,50694.0,50694.0
3363,50694.0,50694.0,50694.0,50694.0,50694.0,50694.0,50694.0,50694.0,50694.0,50694.0,50694.0
3364,50694.0,50694.0,50694.0,50694.0,50694.0,50694.0,50694.0,50694.0,50694.0,50694.0,50694.0
3365,50694.0,50694.0,50694.0,50694.0,50694.0,50694.0,50694.0,50694.0,50694.0,50694.0,50694.0
3366,50694.0,50694.0,50694.0,50694.0,50694.0,50694.0,50694.0,50694.0,50694.0,50694.0,50694.0
3367,50694.0,50694.0,50694.0,50694.0,50694.0,50694.0,50694.0,50694.0,50694.0,50694.0,50694.0
3368,50694.0,50694.0,50694.0,50694.0,50694.0,50694.0,50694.0,50694.0,50694.0,50694.0,50694.0
3369,50694.0,50694.0,50694.0,50694.0,50694.0,50694.0,50694.0,50694.0,50694.0,50694.0,50694.0
3370,50694.0,50694.0,50694.0,50694.0,50694.0,50694.0,50694.0,50694.0,50694.0,50694.0,50694.0
3371,50694.0,50694.0,50694.0,50694.0,50694.0,50694.0,50694.0,50694.0,50694.0,50694.0,50694.0
3372,50694.0,50694.0,50694.0,50694.0,50694.0,50694.0,50694.0,50694.0,50694.0,50694.0,50694.0
3373,50694.0,50694.0,50694.0,50694.0,50694.0,50694.0,50694.0,50694.0,50694.0,50694.0,50694.0
3374,50694.0,50694.0,50694.0,50694.0,50694.0,50694.0,50694.0,50694.0,50694.0,50694.0,50694.0
3375,50694.0,50694.0,50694.0,50694.0,50694.0,50694.0,50694.0,50694.0,50694.0,50694.0,50694.0
3376,50694.0,50694.0,50694.0,50694.0,50694.0,50694.0,50694.0,50694.0,50694.0,50694.0,50694.0
3377,50694.0,50694.0,50694.0,50694.0,50694.0,50694.0,50694.0,50694.0,50694.0,50694.0,50694.0
3378,50694.0,50694.0,50694.0,50694.0,50694.0,50694.0,50694.0,50694.0,50694.0,50694.0,50694.0
3379,50694.0,50694.0,50694.0,50694.0,50694.0,50694.0,50694.0,50694.0,50694.0,50694.0,50694.0
3380,50694.0,50694.0,50694.0,50694.0,50694.0,50694.0,50694.0,50694.0,50694.0,50694.0,50694.0
3381,50694.0,50694.0,50694.0,50694.0,50694.0,50694.0,50694.0,50694.0,50694.0,50694.0,50694.0
3382,50694.0,50694.0,50694.0,50694.0,50694.0,50694.0,50694.0,50694.0,50694.0,50694.0,50694.0
3383,50694.0,50694.0,50694.0,50694.0,50694.0,50694.0,50694.0,50694.0,50694.0,50694.0,50694.0
3384,50694.0,50694.0,50694.0,50694.0,50694.0,50694.0,50694.0,50694.0,50694.0,50694.0,50694.0
3385,50694.0,50694.0,50694.0,50694.0,50694.0,50694.0,50694.0,50694.0,50694.0,50694.0,50694.0
3386,50694.0,50694.0,50694.0,50694.0,50694.0,50694.0,50694.0,50694.0,50694.0,50694.0,50694.0
3387,50694.0,50694.0,50694.0,50694.0,50694.0,50694.0,50694.0,50694.0,50694.0,50694.0,50694.0
3388,50694.0,50694.0,50694.0,50694.0,50694.0,50694.0,50694.0,50694.0,50694.0,50694.0,50694.0
3389,50694.0,50694.0,50694.0,50694.0,50694.0,50694.0,50694.0,50694.0,50694.0,50694.0,50694.0
3390,50694.0,50694.0,50694.0,50694.0,50694.0,50694.0,50694.0,50694.0,50694.0,50694.0,50694.0
3391,50694.0,50694.0,50694.0,50694.0,50694.0,50694.0,50694.0,50694.0,50694.0,50694.0,50694.0
3392,50694.0,50694.0,50694.0,50694.0,50694.0,50694.0,50694.0,50694.0,50694.0,50694.0,50694.0
3393,50694.0,50694.0,50694.0,50694.0,50694.0,50694.0,50694.0,50694.0,50694.0,50694.0,50694.0
3394,50694.0,50694.0,50694.0,50694.0,50694.0,50694.0,50694.0,50694.0,50694.0,50694.0,50694.0
3395,50694.0,50694.0,50694.0,50694.0,50694.0,50694.0,50694.0,50694.0,50694.0,50694.0,50694.0
3396,50694.0,50694.0,50694.0,50694.0,50694.0,50694.0,50694.0,50694.0,50694.0,50694.0,50694.0
3397,50694.0,50694.0,50694.0,50694.0,50694.0,50694.0,50694.0,50694.0,50694.0,50694.0,50694.0
3398,50694.0,50694.0,50694.0,50694.0,50694.0,50694.0,50694.0,50694.0,50694.0,50694.0,50694.0
3399,50694.0,50694.0,50694.0,50694.0,50694.0,50694.0,50694.0,50694.0,50694.0,50694.0,50694.0
3400,50694.0,50694.0,50694.0,50694.0,50694.0,50694.0,50694.0,50694.0,50694.0,50694.0,50694.0
3401,50694.0,50694.0,50694.0,50694.0,50694.0,50694.0,50694.0,50694.0,50694.0,50694.0,50694.0
3402,50694.0,50694.0,50694.0,50694.0,50694.0,50694.0,50694.0,50694.0,50694.0,50694.0,50694.0
3403,50694.0,50694.0,50694.0,50694.0,50694.0,50694.0,50694.0,50694.0,50694.0,50694.0,50694.0
3404,50694.0,50694.0,50694.0,50694.0,50694.0,50694.0,50694.0,50694.0,50694.0,50694.0,50694.0
3405,50694.0,50694.0,50694.0,50694.0,50694.0,50694.0,50694.0,50694.0,50694.0,50694.0,50694.0
3406,50694.0,50694.0,50694.0,50694.0,50694.0,50694.0,50694.0,50694.0,50694.0,50694.0,50694.0
3407,50694.0,50694.0,50694.0,50694.0,50694.0,50694.0,50694.0,50694.0,50694.0,50694.0,50694.0
3408,50694.0,50694.0,50694.0,50694.0,50694.0,50694.0,50694.0,50694.0,50694.0,50694.0,50694.0
3409,50694.0,50694.0,50694.0,50694.0,50694.0,50694.0,50694.0,50694.0,50694.0,50694.0,50694.0
3410,50694.0,50694.0,50694.0,50694.0,50694.0,50694.0,50694.0,50694.0,50694.0,50694.0,50694.0
3411,50694.0,50694.0,50694.0,50694.0,50694.0,50694.0,50694.0,50694.0,50694.0,50694.0,50694.0
3412,50694.0,50694.0,50694.0,50694.0,50694.0,50694.0,50694.0,50694.0,50694.0,50694.0,50694.0
3413,50694.0,50694.0,50694.0,50694.0,50694.0,50694.0,50694.0,50694.0,50694.0,50694.0,50694.0
3414,50694.0,50694.0,50694.0,50694.0,50694.0,50694.0,50694.0,50694.0,50694.0,50694.0,50694.0
3415,50694.0,50694.0,50694.0,50694.0,50694.0,50694.0,50694.0,50694.0,50694.0,50694.0,50694.0
3416,50694.0,50694.0,50694.0,50694.0,50694.0,50694.0,50694.0,50694.0,50694.0,50694.0,50694.0
3417,50694.0,50694.0,50694.0,50694.0,50694.0,50694.0,50694.0,50694.0,50694.0,50694.0,50694.0
3418,50694.0,50694.0,50694.0,50694.0,50694.0,50694.0,50694.0,50694.0,50694.0,50694.0,50694.0
3419,50694.0,50694.0,50694.0,50694.0,50694.0,50694.0,50694.0,50694.0,50694.0,50694.0,50694.0
3420,50694.0,50694.0,50694.0,50694.0,50694.0,50694.0,50694.0,50694.0,50694.0,50694.0,50694.0
3421,50694.0,50694.0,50694.0,50694.0,50694.0,50694.0,50694.0,50694.0,50694.0,50694.0,50694.0
3422,50694.0,50694.0,50694.0,50694.0,50694.0,50694.0,50694.0,50694.0,50694.0,50694.0,50694.0
3423,50694.0,50694.0,50694.0,50694.0,50694.0,50694.0,50694.0,50694.0,50694.0,50694.0,50694.0
3424,50694.0,50694.0,50694.0,50694.0,50694.0,50694.0,50694.0,50694.0,50694.0,50694.0,50694.0
3425,50694.0,50694.0,50694.0,50694.0,50694.0,50694.0,50694.0,50694.0,50694.0,50694.0,50694.0
3426,50694.0,50694.0,50694.0,50694.0,50694.0,50694.0,50694.0,50694.0,50694.0,50694.0,50694.0
3427,50694.0,50694.0,50694.0,50694.0,50694.0,50694.0,50694.0,50694.0,50694.0,50694.0,50694.0
3428,50694.0,50694.0,50694.0,50694.0,50694.0,50694.0,50694.0,50694.0,50694.0,50694.0,50694.0
3429,50694.0,50694.0,50694.0,50694.0,50694.0,50694.0,50694.0,50694.0,50694.0,50694.0,50694.0
3430,50694.0,50694.0,50694.0,50694.0,50694.0,50694.0,50694.0,50694.0,50694.0,50694.0,50694.0
3431,50694.0,50694.0,50694.0,50694.0,50694.0,50694.0,50694.0,50694.0,50694.0,50694.0,50694.0
3432,50694.0,50694.0,50694.0,50694.0,50694.0,50694.0,50694.0,50694.0,50694.0,50694.0,50694.0
3433,50694.0,50694.0,50694.0,50694.0,50694.0,50694.0,50694.0,50694.0,50694.0,50694.0,50694.0
3434,50694.0,50694.0,50694.0,50694.0,50694.0,50694.0,50694.0,50694.0,50694.0,50694.0,50694.0
3435,50694.0,50694.0,50694.0,50694.0,50694.0,50694.0,50694.0,50694.0,50694.0,50694.0,50694.0
3436,50694.0,50694.0,50694.0,50694.0,50694.0,50694.0,50694.0,50694.0,50694.0,50694.0,50694.0
3437,50694.0,50694.0,50694.0,50694.0,50694.0,50694.0,50694.0,50694.0,50694.0,50694.0,50694.0
3438,50694.0,50694.0,50694.0,50694.0,50694.0,50694.0,50694.0,50694.0,50694.0,50694.0,50694.0
3439,50694.0,50694.0,50694.0,50694.0,50694.0,50694.0,50694.0,50694.0,50694.0,50694.0,50694.0
3440,50694.0,50694.0,50694.0,50694.0,50694.0,50694.0,50694.0,50694.0,50694.0,50694.0,50694.0
3441,50694.0,50694.0,50694.0,50694.0,50694.0,50694.0,50694.0,50694.0,50694.0,50694.0,50694.0
3442,50694.0,50694.0,50694.0,50694.0,50694.0,50694.0,50694.0,50694.0,50694.0,50694.0,50694.0
3443,50694.0,50694.0,50694.0,50694.0,50694.0,50694.0,50694.0,50694.0,50694.0,50694.0,50694.0
3444,50694.0,50694.0,50694.0,50694.0,50694.0,50694.0,50694.0,50694.0,50694.0,50694.0,50694.0
3445,50694.0,50694.0,50694.0,50694.0,50694.0,50694.0,50694.0,50694.0,50694.0,50694.0,50694.0
3446,50694.0,50694.0,50694.0,50694.0,50694.0,50694.0,50694.0,50694.0,50694.0,50694.0,50694.0
3447,50694.0,50694.0,50694.0,50694.0,50694.0,50694.0,50694.0,50694.0,50694.0,50694.0,50694.0
3448,50694.0,50694.0,50694.0,50694.0,50694.0,50694.0,50694.0,50694.0,50694.0,50694.0,50694.0
3449,50694.0,50694.0,50694.0,50694.0,50694.0,50694.0,50694.0,50694.0,50694.0,50694.0,50694.0
3450,50694.0,50694.0,50694.0,50694.0,50694.0,50694.0,50694.0,50694.0,50694.0,50694.0,50694.0
3451,50694.0,50694.0,50694.0,50694.0,50694.0,50694.0,50694.0,50694.0,50694.0,50694.0,50694.0
3452,50694.0,50694.0,50694.0,50694.0,50694.0,50694.0,50694.0,50694.0,50694.0,50694.0,50694.0
3453,50694.0,50694.0,50694.0,50694.0,50694.0,50694.0,50694.0,50694.0,50694.0,50694.0,50694.0
3454,50694.0,50694.0,50694.0,50694.0,50694.0,50694.0,50694.0,50694.0,50694.0,50694.0,50694.0
3455,50694.0,50694.0,50694.0,50694.0,50694.0,50694.0,50694.0,50694.0,50694.0,50694.0,50694.0
3456,50694.0,50694.0,50694.0,50694.0,50694.0,50694.0,50694.0,50694.0,50694.0,50694.0,50694.0
3457,50694.0,50694.0,50694.0,50694.0,50694.0,50694.0,50694.0,50694.0,50694.0,50694.0,50694.0
3458,50694.0,50694.0,50694.0,50694.0,50694.0,50694.0,50694.0,50694.0,50694.0,50694.0,50694.0
3459,50694.0,50694.0,50694.0,50694.0,50694.0,50694.0,50694.0,50694.0,50694.0,50694.0,50694.0
3460,50694.0,50694.0,50694.0,50694.0,50694.0,50694.0,50694.0,50694.0,50694.0,50694.0,50694.0
3461,50694.0,50694.0,50694.0,50694.0,50694.0,50694.0,50694.0,50694.0,50694.0,50694.0,50694.0
3462,50694.0,50694.0,50694.0,50694.0,50694.0,50694.0,50694.0,50694.0,50694.0,50694.0,50694.0
3463,50694.0,50694.0,50694.0,50694.0,50694.0,50694.0,50694.0,50694.0,50694.0,50694.0,50694.0
3464,50694.0,50694.0,50694.0,50694.0,50694.0,50694.0,50694.0,50694.0,50694.0,50694.0,50694.0
3465,50694.0,50694.0,50694.0,50694.0,50694.0,50694.0,50694.0,50694.0,50694.0,50694.0,50694.0
3466,50694.0,50694.0,50694.0,50694.0,50694.0,50694.0,50694.0,50694.0,50694.0,50694.0,50694.0
3467,50694.0,50694.0,50694.0,50694.0,50694.0,50694.0,50694.0,50694.0,50694.0,50694.0,50694.0
3468,50694.0,50694.0,50694.0,50694.0,50694.0,50694.0,50694.0,50694.0,50694.0,50694.0,50694.0
3469,50694.0,50694.0,50694.0,50694.0,50694.0,50694.0,50694.0,50694.0,50694.0,50694.0,50694.0
3470,50694.0,50694.0,50694.0,50694.0,50694.0,50694.0,50694.0,50694.0,50694.0,50694.0,50694.0
3471,50694.0,50694.0,50694.0,50694.0,50694.0,50694.0,50694.0,50694.0,50694.0,50694.0,50694.0
3472,50694.0,50694.0,50694.0,50694.0,50694.0,50694.0,50694.0,50694.0,50694.0,50694.0,50694.0
3473,50694.0,50694.0,50694.0,50694.0,50694.0,50694.0,50694.0,50694.0,50694.0,50694.0,50694.0
3474,50694.0,50694.0,50694.0,50694.0,50694.0,50694.0,50694.0,50694.0,50694.0,50694.0,50694.0
3475,50694.0,50694.0,50694.0,50694.0,50694.0,50694.0,50694.0,50694.0,50694.0,50694.0,50694.0
3476,50694.0,50694.0,50694.0,50694.0,50694.0,50694.0,50694.0,50694.0,50694.0,50694.0,50694.0
3477,50694.0,50694.0,50694.0,50694.0,50694.0,50694.0,50694.0,50694.0,50694.0,50694.0,50694.0
3478,50694.0,50694.0,50694.0,50694.0,50694.0,50694.0,50694.0,50694.0,50694.0,50694.0,50694.0
3479,50694.0,50694.0,50694.0,50694.0,50694.0,50694.0,50694.0,50694.0,50694.0,50694.0,50694.0
3480,50694.0,50694.0,50694.0,50694.0,50694.0,50694.0,50694.0,50694.0,50694.0,50694.0,50694.0
3481,50694.0,50694.0,50694.0,50694.0,50694.0,50694.0,50694.0,50694.0,50694.0,50694.0,50694.0
3482,50694.0,50694.0,50694.0,50694.0,50694.0,50694.0,50694.0,50694.0,50694.0,50694.0,50694.0
3483,50694.0,50694.0,50694.0,50694.0,50694.0,50694.0,50694.0,50694.0,50694.0,50694.0,50694.0
3484,50694.0,50694.0,50694.0,50694.0,50694.0,50694.0,50694.0,50694.0,50694.0,50694.0,50694.0
3485,50694.0,50694.0,50694.0,50694.0,50694.0,50694.0,50694.0,50694.0,50694.0,50694.0,50694.0
3486,50694.0,50694.0,50694.0,50694.0,50694.0,50694.0,50694.0,50694.0,50694.0,50694.0,50694.0
3487,50694.0,50694.0,50694.0,50694.0,50694.0,50694.0,50694.0,50694.0,50694.0,50694.0,50694.0
3488,50694.0,50694.0,50694.0,50694.0,50694.0,50694.0,50694.0,50694.0,50694.0,50694.0,50694.0
3489,50694.0,50694.0,50694.0,50694.0,50694.0,50694.0,50694.0,50694.0,50694.0,50694.0,50694.0
3490,50694.0,50694.0,50694.0,50694.0,50694.0,50694.0,50694.0,50694.0,50694.0,50694.0,50694.0
3491,50694.0,50694.0,50694.0,50694.0,50694.0,50694.0,50694.0,50694.0,50694.0,50694.0,50694.0
3492,50694.0,50694.0,50694.0,50694.0,50694.0,50694.0,50694.0,50694.0,50694.0,50694.0,50694.0
3493,50694.0,50694.0,50694.0,50694.0,50694.0,50694.0,50694.0,50694.0,50694.0,50694.0,50694.0
3494,50694.0,50694.0,50694.0,50694.0,50694.0,50694.0,50694.0,50694.0,50694.0,50694.0,50694.0
3495,50694.0,50694.0,50694.0,50694.0,50694.0,50694.0,50694.0,50694.0,50694.0,50694.0,50694.0
3496,50694.0,50694.0,50694.0,50694.0,50694.0,50694.0,50694.0,50694.0,50694.0,50694.0,50694.0
3497,50694.0,50694.0,50694.0,50694.0,50694.0,50694.0,50694.0,50694.0,50694.0,50694.0,50694.0
3498,50694.0,50694.0,50694.0,50694.0,50694.0,50694.0,50694.0,50694.0,50694.0,50694.0,50694.0
3499,50694.0,50694.0,50694.0,50694.0,50694.0,50694.0,50694.0,50694.0,50694.0,50694.0,50694.0
3500,50694.0,50694.0,50694.0,50694.0,50694.0,50694.0,50694.0,50694.0,50694.0,50694.0,50694.0
3501,50694.0,50694.0,50694.0,50694.0,50694.0,50694.0,50694.0,50694.0,50694.0,50694.0,50694.0
3502,50694.0,50694.0,50694.0,50694.0,50694.0,50694.0,50694.0,50694.0,50694.0,50694.0,50694.0
3503,50694.0,50694.0,50694.0,50694.0,50694.0,50694.0,50694.0,50694.0,50694.0,50694.0,50694.0
3504,50694.0,50694.0,50694.0,50694.0,50694.0,50694.0,50694.0,50694.0,50694.0,50694.0,50694.0
3505,50694.0,50694.0,50694.0,50694.0,50694.0,50694.0,50694.0,50694.0,50694.0,50694.0,50694.0
3506,50694.0,50694.0,50694.0,50694.0,50694.0,50694.0,50694.0,50694.0,50694.0,50694.0,50694.0
3507,50694.0,50694.0,50694.0,50694.0,50694.0,50694.0,50694.0,50694.0,50694.0,50694.0,50694.0
3508,50694.0,50694.0,50694.0,50694.0,50694.0,50694.0,50694.0,50694.0,50694.0,50694.0,50694.0
3509,50694.0,50694.0,50694.0,50694.0,50694.0,50694.0,50694.0,50694.0,50694.0,50694.0,50694.0
3510,50694.0,50694.0,50694.0,50694.0,50694.0,50694.0,50694.0,50694.0,50694.0,50694.0,50694.0
3511,50694.0,50694.0,50694.0,50694.0,50694.0,50694.0,50694.0,50694.0,50694.0,50694.0,50694.0
3512,50694.0,50694.0,50694.0,50694.0,50694.0,50694.0,50694.0,50694.0,50694.0,50694.0,50694.0
3513,50694.0,50694.0,50694.0,50694.0,50694.0,50694.0,50694.0,50694.0,50694.0,50694.0,50694.0
3514,50694.0,50694.0,50694.0,50694.0,50694.0,50694.0,50694.0,50694.0,50694.0,50694.0,50694.0
3515,50694.0,50694.0,50694.0,50694.0,50694.0,50694.0,50694.0,50694.0,50694.0,50694.0,50694.0
3516,50694.0,50694.0,50694.0,50694.0,50694.0,50694.0,50694.0,50694.0,50694.0,50694.0,50694.0
3517,50694.0,50694.0,50694.0,50694.0,50694.0,50694.0,50694.0,50694.0,50694.0,50694.0,50694.0
3518,50694.0,50694.0,50694.0,50694.0,50694.0,50694.0,50694.0,50694.0,50694.0,50694.0,50694.0
3519,50694.0,50694.0,50694.0,50694.0,50694.0,50694.0,50694.0,50694.0,50694.0,50694.0,50694.0
3520,50694.0,50694.0,50694.0,50694.0,50694.0,50694.0,50694.0,50694.0,50694.0,50694.0,50694.0
3521,50694.0,50694.0,50694.0,50694.0,50694.0,50694.0,50694.0,50694.0,50694.0,50694.0,50694.0
3522,50694.0,50694.0,50694.0,50694.0,50694.0,50694.0,50694.0,50694.0,50694.0,50694.0,50694.0
3523,50694.0,50694.0,50694.0,50694.0,50694.0,50694.0,50694.0,50694.0,50694.0,50694.0,50694.0
3524,50694.0,50694.0,50694.0,50694.0,50694.0,50694.0,50694.0,50694.0,50694.0,50694.0,50694.0
3525,50694.0,50694.0,50694.0,50694.0,50694.0,50694.0,50694.0,50694.0,50694.0,50694.0,50694.0
3526,50694.0,50694.0,50694.0,50694.0,50694.0,50694.0,50694.0,50694.0,50694.0,50694.0,50694.0
3527,50694.0,50694.0,50694.0,50694.0,50694.0,50694.0,50694.0,50694.0,50694.0,50694.0,50694.0
3528,50694.0,50694.0,50694.0,50694.0,50694.0,50694.0,50694.0,50694.0,50694.0,50694.0,50694.0
3529,50694.0,50694.0,50694.0,50694.0,50694.0,50694.0,50694.0,50694.0,50694.0,50694.0,50694.0
3530,50694.0,50694.0,50694.0,50694.0,50694.0,50694.0,50694.0,50694.0,50694.0,50694.0,50694.0
3531,50694.0,50694.0,50694.0,50694.0,50694.0,50694.0,50694.0,50694.0,50694.0,50694.0,50694.0
3532,50694.0,50694.0,50694.0,50694.0,50694.0,50694.0,50694.0,50694.0,50694.0,50694.0,50694.0
3533,50694.0,50694.0,50694.0,50694.0,50694.0,50694.0,50694.0,50694.0,50694.0,50694.0,50694.0
3534,50694.0,50694.0,50694.0,50694.0,50694.0,50694.0,50694.0,50694.0,50694.0,50694.0,50694.0
3535,50694.0,50694.0,50694.0,50694.0,50694.0,50694.0,50694.0,50694.0,50694.0,50694.0,50694.0
3536,50694.0,50694.0,50694.0,50694.0,50694.0,50694.0,50694.0,50694.0,50694.0,50694.0,50694.0
3537,50694.0,50694.0,50694.0,50694.0,50694.0,50694.0,50694.0,50694.0,50694.0,50694.0,50694.0
3538,50694.0,50694.0,50694.0,50694.0,50694.0,50694.0,50694.0,50694.0,50694.0,50694.0,50694.0
3539,50694.0,50694.0,50694.0,50694.0,50694.0,50694.0,50694.0,50694.0,50694.0,50694.0,50694.0
3540,50694.0,50694.0,50694.0,50694.0,50694.0,50694.0,50694.0,50694.0,50694.0,50694.0,50694.0
3541,50694.0,50694.0,50694.0,50694.0,50694.0,50694.0,50694.0,50694.0,50694.0,50694.0,50694.0
3542,50694.0,50694.0,50694.0,50694.0,50694.0,50694.0,50694.0,50694.0,50694.0,50694.0,50694.0
3543,50694.0,50694.0,50694.0,50694.0,50694.0,50694.0,50694.0,50694.0,50694.0,50694.0,50694.0
3544,50694.0,50694.0,50694.0,50694.0,50694.0,50694.0,50694.0,50694.0,50694.0,50694.0,50694.0
3545,50694.0,50694.0,50694.0,50694.0,50694.0,50694.0,50694.0,50694.0,50694.0,50694.0,50694.0
3546,50694.0,50694.0,50694.0,50694.0,50694.0,50694.0,50694.0,50694.0,50694.0,50694.0,50694.0
3547,50694.0,50694.0,50694.0,50694.0,50694.0,50694.0,50694.0,50694.0,50694.0,50694.0,50694.0
3548,50694.0,50694.0,50694.0,50694.0,50694.0,50694.0,50694.0,50694.0,50694.0,50694.0,50694.0
3549,50694.0,50694.0,50694.0,50694.0,50694.0,50694.0,50694.0,50694.0,50694.0,50694.0,50694.0
3550,50694.0,50694.0,50694.0,50694.0,50694.0,50694.0,50694.0,50694.0,50694.0,50694.0,50694.0
3551,50694.0,50694.0,50694.0,50694.0,50694.0,50694.0,50694.0,50694.0,50694.0,50694.0,50694.0
3552,50694.0,50694.0,50694.0,50694.0,50694.0,50694.0,50694.0,50694.0,50694.0,50694.0,50694.0
3553,50694.0,50694.0,50694.0,50694.0,50694.0,50694.0,50694.0,50694.0,50694.0,50694.0,50694.0
3554,50694.0,50694.0,50694.0,50694.0,50694.0,50694.0,50694.0,50694.0,50694.0,50694.0,50694.0
3555,50694.0,50694.0,50694.0,50694.0,50694.0,50694.0,50694.0,50694.0,50694.0,50694.0,50694.0
3556,50694.0,50694.0,50694.0,50694.0,50694.0,50694.0,50694.0,50694.0,50694.0,50694.0,50694.0
3557,50694.0,50694.0,50694.0,50694.0,50694.0,50694.0,50694.0,50694.0,50694.0,50694.0,50694.0
3558,50694.0,50694.0,50694.0,50694.0,50694.0,50694.0,50694.0,50694.0,50694.0,50694.0,50694.0
3559,50694.0,50694.0,50694.0,50694.0,50694.0,50694.0,50694.0,50694.0,50694.0,50694.0,50694.0
3560,50694.0,50694.0,50694.0,50694.0,50694.0,50694.0,50694.0,50694.0,50694.0,50694.0,50694.0
3561,50694.0,50694.0,50694.0,50694.0,50694.0,50694.0,50694.0,50694.0,50694.0,50694.0,50694.0
3562,50694.0,50694.0,50694.0,50694.0,50694.0,50694.0,50694.0,50694.0,50694.0,50694.0,50694.0
3563,50694.0,50694.0,50694.0,50694.0,50694.0,50694.0,50694.0,50694.0,50694.0,50694.0,50694.0
3564,50694.0,50694.0,50694.0,50694.0,50694.0,50694.0,50694.0,50694.0,50694.0,50694.0,50694.0
3565,50694.0,50694.0,50694.0,50694.0,50694.0,50694.0,50694.0,50694.0,50694.0,50694.0,50694.0
3566,50694.0,50694.0,50694.0,50694.0,50694.0,50694.0,50694.0,50694.0,50694.0,50694.0,50694.0
3567,50694.0,50694.0,50694.0,50694.0,50694.0,50694.0,50694.0,50694.0,50694.0,50694.0,50694.0
3568,50694.0,50694.0,50694.0,50694.0,50694.0,50694.0,50694.0,50694.0,50694.0,50694.0,50694.0
3569,50694.0,50694.0,50694.0,50694.0,50694.0,50694.0,50694.0,50694.0,50694.0,50694.0,50694.0
3570,50694.0,50694.0,50694.0,50694.0,50694.0,50694.0,50694.0,50694.0,50694.0,50694.0,50694.0
3571,50694.0,50694.0,50694.0,50694.0,50694.0,50694.0,50694.0,50694.0,50694.0,50694.0,50694.0
3572,50694.0,50694.0,50694.0,50694.0,50694.0,50694.0,50694.0,50694.0,50694.0,50694.0,50694.0
3573,50694.0,50694.0,50694.0,50694.0,50694.0,50694.0,50694.0,50694.0,50694.0,50694.0,50694.0
3574,50694.0,50694.0,50694.0,50694.0,50694.0,50694.0,50694.0,50694.0,50694.0,50694.0,50694.0
3575,50694.0,50694.0,50694.0,50694.0,50694.0,50694.0,50694.0,50694.0,50694.0,50694.0,50694.0
3576,50694.0,50694.0,50694.0,50694.0,50694.0,50694.0,50694.0,50694.0,50694.0,50694.0,50694.0
3577,50694.0,50694.0,50694.0,50694.0,50694.0,50694.0,50694.0,50694.0,50694.0,50694.0,50694.0
3578,50694.0,50694.0,50694.0,50694.0,50694.0,50694.0,50694.0,50694.0,50694.0,50694.0,50694.0
3579,50694.0,50694.0,50694.0,50694.0,50694.0,50694.0,50694.0,50694.0,50694.0,50694.0,50694.0
3580,50694.0,50694.0,50694.0,50694.0,50694.0,50694.0,50694.0,50694.0,50694.0,50694.0,50694.0
3581,50694.0,50694.0,50694.0,50694.0,50694.0,50694.0,50694.0,50694.0,50694.0,50694.0,50694.0
3582,50694.0,50694.0,50694.0,50694.0,50694.0,50694.0,50694.0,50694.0,50694.0,50694.0,50694.0
3583,50694.0,50694.0,50694.0,50694.0,50694.0,50694.0,50694.0,50694.0,50694.0,50694.0,50694.0
3584,50694.0,50694.0,50694.0,50694.0,50694.0,50694.0,50694.0,50694.0,50694.0,50694.0,50694.0
3585,50694.0,50694.0,50694.0,50694.0,50694.0,50694.0,50694.0,50694.0,50694.0,50694.0,50694.0
3586,50694.0,50694.0,50694.0,50694.0,50694.0,50694.0,50694.0,50694.0,50694.0,50694.0,50694.0
3587,50694.0,50694.0,50694.0,50694.0,50694.0,50694.0,50694.0,50694.0,50694.0,50694.0,50694.0
3588,50694.0,50694.0,50694.0,50694.0,50694.0,50694.0,50694.0,50694.0,50694.0,50694.0,50694.0
3589,50694.0,50694.0,50694.0,50694.0,50694.0,50694.0,50694.0,50694.0,50694.0,50694.0,50694.0
3590,50694.0,50694.0,50694.0,50694.0,50694.0,50694.0,50694.0,50694.0,50694.0,50694.0,50694.0
3591,50694.0,50694.0,50694.0,50694.0,50694.0,50694.0,50694.0,50694.0,50694.0,50694.0,50694.0
3592,50694.0,50694.0,50694.0,50694.0,50694.0,50694.0,50694.0,50694.0,50694.0,50694.0,50694.0
3593,50694.0,50694.0,50694.0,50694.0,50694.0,50694.0,50694.0,50694.0,50694.0,50694.0,50694.0
3594,50694.0,50694.0,50694.0,50694.0,50694.0,50694.0,50694.0,50694.0,50694.0,50694.0,50694.0
3595,50694.0,50694.0,50694.0,50694.0,50694.0,50694.0,50694.0,50694.0,50694.0,50694.0,50694.0
3596,50694.0,50694.0,50694.0,50694.0,50694.0,50694.0,50694.0,50694.0,50694.0,50694.0,50694.0
3597,50694.0,50694.0,50694.0,50694.0,50694.0,50694.0,50694.0,50694.0,50694.0,50694.0,50694.0
3598,50694.0,50694.0,50694.0,50694.0,50694.0,50694.0,50694.0,50694.0,50694.0,50694.0,50694.0
3599,50694.0,50694.0,50694.0,50694.0,50694.0,50694.0,50694.0,50694.0,50694.0,50694.0,50694.0
3600,50694.0,50694.0,50694.0,50694.0,50694.0,50694.0,50694.0,50694.0,50694.0,50694.0,50694.0
3601,50694.0,50694.0,50694.0,50694.0,50694.0,50694.0,50694.0,50694.0,50694.0,50694.0,50694.0
3602,50694.0,50694.0,50694.0,50694.0,50694.0,50694.0,50694.0,50694.0,50694.0,50694.0,50694.0
3603,50694.0,50694.0,50694.0,50694.0,50694.0,50694.0,50694.0,50694.0,50694.0,50694.0,50694.0
3604,50694.0,50694.0,50694.0,50694.0,50694.0,50694.0,50694.0,50694.0,50694.0,50694.0,50694.0
3605,50694.0,50694.0,50694.0,50694.0,50694.0,50694.0,50694.0,50694.0,50694.0,50694.0,50694.0
3606,50694.0,50694.0,50694.0,50694.0,50694.0,50694.0,50694.0,50694.0,50694.0,50694.0,50694.0
3607,50694.0,50694.0,50694.0,50694.0,50694.0,50694.0,50694.0,50694.0,50694.0,50694.0,50694.0
3608,50694.0,50694.0,50694.0,50694.0,50694.0,50694.0,50694.0,50694.0,50694.0,50694.0,50694.0
3609,50694.0,50694.0,50694.0,50694.0,50694.0,50694.0,50694.0,50694.0,50694.0,50694.0,50694.0
3610,50694.0,50694.0,50694.0,50694.0,50694.0,50694.0,50694.0,50694.0,50694.0,50694.0,50694.0
3611,50694.0,50694.0,50694.0,50694.0,50694.0,50694.0,50694.0,50694.0,50694.0,50694.0,50694.0
3612,50694.0,50694.0,50694.0,50694.0,50694.0,50694.0,50694.0,50694.0,50694.0,50694.0,50694.0
3613,50694.0,50694.0,50694.0,50694.0,50694.0,50694.0,50694.0,50694.0,50694.0,50694.0,50694.0
3614,50694.0,50694.0,50694.0,50694.0,50694.0,50694.0,50694.0,50694.0,50694.0,50694.0,50694.0
3615,50694.0,50694.0,50694.0,50694.0,50694.0,50694.0,50694.0,50694.0,50694.0,50694.0,50694.0
3616,50694.0,50694.0,50694.0,50694.0,50694.0,50694.0,50694.0,50694.0,50694.0,50694.0,50694.0
3617,50694.0,50694.0,50694.0,50694.0,50694.0,50694.0,50694.0,50694.0,50694.0,50694.0,50694.0
3618,50694.0,50694.0,50694.0,50694.0,50694.0,50694.0,50694.0,50694.0,50694.0,50694.0,50694.0
3619,50694.0,50694.0,50694.0,50694.0,50694.0,50694.0,50694.0,50694.0,50694.0,50694.0,50694.0
3620,50694.0,50694.0,50694.0,50694.0,50694.0,50694.0,50694.0,50694.0,50694.0,50694.0,50694.0
3621,50694.0,50694.0,50694.0,50694.0,50694.0,50694.0,50694.0,50694.0,50694.0,50694.0,50694.0
3622,50694.0,50694.0,50694.0,50694.0,50694.0,50694.0,50694.0,50694.0,50694.0,50694.0,50694.0
3623,50694.0,50694.0,50694.0,50694.0,50694.0,50694.0,50694.0,50694.0,50694.0,50694.0,50694.0
3624,50694.0,50694.0,50694.0,50694.0,50694.0,50694.0,50694.0,50694.0,50694.0,50694.0,50694.0
3625,50694.0,50694.0,50694.0,50694.0,50694.0,50694.0,50694.0,50694.0,50694.0,50694.0,50694.0
3626,50694.0,50694.0,50694.0,50694.0,50694.0,50694.0,50694.0,50694.0,50694.0,50694.0,50694.0
3627,50694.0,50694.0,50694.0,50694.0,50694.0,50694.0,50694.0,50694.0,50694.0,50694.0,50694.0
3628,50694.0,50694.0,50694.0,50694.0,50694.0,50694.0,50694.0,50694.0,50694.0,50694.0,50694.0
3629,50694.0,50694.0,50694.0,50694.0,50694.0,50694.0,50694.0,50694.0,50694.0,50694.0,50694.0
3630,50694.0,50694.0,50694.0,50694.0,50694.0,50694.0,50694.0,50694.0,50694.0,50694.0,50694.0
3631,50694.0,50694.0,50694.0,50694.0,50694.0,50694.0,50694.0,50694.0,50694.0,50694.0,50694.0
3632,50694.0,50694.0,50694.0,50694.0,50694.0,50694.0,50694.0,50694.0,50694.0,50694.0,50694.0
3633,50694.0,50694.0,50694.0,50694.0,50694.0,50694.0,50694.0,50694.0,50694.0,50694.0,50694.0
3634,50694.0,50694.0,50694.0,50694.0,50694.0,50694.0,50694.0,50694.0,50694.0,50694.0,50694.0
3635,50694.0,50694.0,50694.0,50694.0,50694.0,50694.0,50694.0,50694.0,50694.0,50694.0,50694.0
3636,50694.0,50694.0,50694.0,50694.0,50694.0,50694.0,50694.0,50694.0,50694.0,50694.0,50694.0
3637,50694.0,50694.0,50694.0,50694.0,50694.0,50694.0,50694.0,50694.0,50694.0,50694.0,50694.0
3638,50694.0,50694.0,50694.0,50694.0,50694.0,50694.0,50694.0,50694.0,50694.0,50694.0,50694.0
3639,50694.0,50694.0,50694.0,50694.0,50694.0,50694.0,50694.0,50694.0,50694.0,50694.0,50694.0
3640,50694.0,50694.0,50694.0,50694.0,50694.0,50694.0,50694.0,50694.0,50694.0,50694.0,50694.0
3641,50694.0,50694.0,50694.0,50694.0,50694.0,50694.0,50694.0,50694.0,50694.0,50694.0,50694.0
3642,50694.0,50694.0,50694.0,50694.0,50694.0,50694.0,50694.0,50694.0,50694.0,50694.0,50694.0
3643,50694.0,50694.0,50694.0,50694.0,50694.0,50694.0,50694.0,50694.0,50694.0,50694.0,50694.0
3644,50694.0,50694.0,50694.0,50694.0,50694.0,50694.0,50694.0,50694.0,50694.0,50694.0,50694.0
3645,50694.0,50694.0,50694.0,50694.0,50694.0,50694.0,50694.0,50694.0,50694.0,50694.0,50694.0
3646,50694.0,50694.0,50694.0,50694.0,50694.0,50694.0,50694.0,50694.0,50694.0,50694.0,50694.0
3647,50694.0,50694.0,50694.0,50694.0,50694.0,50694.0,50694.0,50694.0,50694.0,50694.0,50694.0
3648,50694.0,50694.0,50694.0,50694.0,50694.0,50694.0,50694.0,50694.0,50694.0,50694.0,50694.0
3649,50694.0,50694.0,50694.0,50694.0,50694.0,50694.0,50694.0,50694.0,50694.0,50694.0,50694.0
3650,50694.0,50694.0,50694.0,50694.0,50694.0,50694.0,50694.0,50694.0,50694.0,50694.0,50694.0
3651,50694.0,50694.0,50694.0,50694.0,50694.0,50694.0,50694.0,50694.0,50694.0,50694.0,50694.0
3652,50694.0,50694.0,50694.0,50694.0,50694.0,50694.0,50694.0,50694.0,50694.0,50694.0,50694.0
3653,50694.0,50694.0,50694.0,50694.0,50694.0,50694.0,50694.0,50694.0,50694.0,50694.0,50694.0
3654,50694.0,50694.0,50694.0,50694.0,50694.0,50694.0,50694.0,50694.0,50694.0,50694.0,50694.0
3655,50694.0,50694.0,50694.0,50694.0,50694.0,50694.0,50694.0,50694.0,50694.0,50694.0,50694.0
3656,50694.0,50694.0,50694.0,50694.0,50694.0,50694.0,50694.0,50694.0,50694.0,50694.0,50694.0
3657,50694.0,50694.0,50694.0,50694.0,50694.0,50694.0,50694.0,50694.0,50694.0,50694.0,50694.0
3658,50694.0,50694.0,50694.0,50694.0,50694.0,50694.0,50694.0,50694.0,50694.0,50694.0,50694.0
3659,50694.0,50694.0,50694.0,50694.0,50694.0,50694.0,50694.0,50694.0,50694.0,50694.0,50694.0
3660,50694.0,50694.0,50694.0,50694.0,50694.0,50694.0,50694.0,50694.0,50694.0,50694.0,50694.0
3661,50694.0,50694.0,50694.0,50694.0,50694.0,50694.0,50694.0,50694.0,50694.0,50694.0,50694.0
3662,50694.0,50694.0,50694.0,50694.0,50694.0,50694.0,50694.0,50694.0,50694.0,50694.0,50694.0
3663,50694.0,50694.0,50694.0,50694.0,50694.0,50694.0,50694.0,50694.0,50694.0,50694.0,50694.0
3664,50694.0,50694.0,50694.0,50694.0,50694.0,50694.0,50694.0,50694.0,50694.0,50694.0,50694.0
3665,50694.0,50694.0,50694.0,50694.0,50694.0,50694.0,50694.0,50694.0,50694.0,50694.0,50694.0
3666,50694.0,50694.0,50694.0,50694.0,50694.0,50694.0,50694.0,50694.0,50694.0,50694.0,50694.0
3667,50694.0,50694.0,50694.0,50694.0,50694.0,50694.0,50694.0,50694.0,50694.0,50694.0,50694.0
3668,50694.0,50694.0,50694.0,50694.0,50694.0,50694.0,50694.0,50694.0,50694.0,50694.0,50694.0
3669,50694.0,50694.0,50694.0,50694.0,50694.0,50694.0,50694.0,50694.0,50694.0,50694.0,50694.0
3670,50694.0,50694.0,50694.0,50694.0,50694.0,50694.0,50694.0,50694.0,50694.0,50694.0,50694.0
3671,50694.0,50694.0,50694.0,50694.0,50694.0,50694.0,50694.0,50694.0,50694.0,50694.0,50694.0
3672,50694.0,50694.0,50694.0,50694.0,50694.0,50694.0,50694.0,50694.0,50694.0,50694.0,50694.0
3673,50694.0,50694.0,50694.0,50694.0,50694.0,50694.0,50694.0,50694.0,50694.0,50694.0,50694.0
3674,50694.0,50694.0,50694.0,50694.0,50694.0,50694.0,50694.0,50694.0,50694.0,50694.0,50694.0
3675,50694.0,50694.0,50694.0,50694.0,50694.0,50694.0,50694.0,50694.0,50694.0,50694.0,50694.0
3676,50694.0,50694.0,50694.0,50694.0,50694.0,50694.0,50694.0,50694.0,50694.0,50694.0,50694.0
3677,50694.0,50694.0,50694.0,50694.0,50694.0,50694.0,50694.0,50694.0,50694.0,50694.0,50694.0
3678,50694.0,50694.0,50694.0,50694.0,50694.0,50694.0,50694.0,50694.0,50694.0,50694.0,50694.0
3679,50694.0,50694.0,50694.0,50694.0,50694.0,50694.0,50694.0,50694.0,50694.0,50694.0,50694.0
3680,50694.0,50694.0,50694.0,50694.0,50694.0,50694.0,50694.0,50694.0,50694.0,50694.0,50694.0
3681,50694.0,50694.0,50694.0,50694.0,50694.0,50694.0,50694.0,50694.0,50694.0,50694.0,50694.0
3682,50694.0,50694.0,50694.0,50694.0,50694.0,50694.0,50694.0,50694.0,50694.0,50694.0,50694.0
3683,50694.0,50694.0,50694.0,50694.0,50694.0,50694.0,50694.0,50694.0,50694.0,50694.0,50694.0
3684,50694.0,50694.0,50694.0,50694.0,50694.0,50694.0,50694.0,50694.0,50694.0,50694.0,50694.0
3685,50694.0,50694.0,50694.0,50694.0,50694.0,50694.0,50694.0,50694.0,50694.0,50694.0,50694.0
3686,50694.0,50694.0,50694.0,50694.0,50694.0,50694.0,50694.0,50694.0,50694.0,50694.0,50694.0
3687,50694.0,50694.0,50694.0,50694.0,50694.0,50694.0,50694.0,50694.0,50694.0,50694.0,50694.0
3688,50694.0,50694.0,50694.0,50694.0,50694.0,50694.0,50694.0,50694.0,50694.0,50694.0,50694.0
3689,50694.0,50694.0,50694.0,50694.0,50694.0,50694.0,50694.0,50694.0,50694.0,50694.0,50694.0
3690,50694.0,50694.0,50694.0,50694.0,50694.0,50694.0,50694.0,50694.0,50694.0,50694.0,50694.0
3691,50694.0,50694.0,50694.0,50694.0,50694.0,50694.0,50694.0,50694.0,50694.0,50694.0,50694.0
3692,50694.0,50694.0,50694.0,50694.0,50694.0,50694.0,50694.0,50694.0,50694.0,50694.0,50694.0
3693,50694.0,50694.0,50694.0,50694.0,50694.0,50694.0,50694.0,50694.0,50694.0,50694.0,50694.0
3694,50694.0,50694.0,50694.0,50694.0,50694.0,50694.0,50694.0,50694.0,50694.0,50694.0,50694.0
3695,50694.0,50694.0,50694.0,50694.0,50694.0,50694.0,50694.0,50694.0,50694.0,50694.0,50694.0
3696,50694.0,50694.0,50694.0,50694.0,50694.0,50694.0,50694.0,50694.0,50694.0,50694.0,50694.0
3697,50694.0,50694.0,50694.0,50694.0,50694.0,50694.0,50694.0,50694.0,50694.0,50694.0,50694.0
3698,50694.0,50694.0,50694.0,50694.0,50694.0,50694.0,50694.0,50694.0,50694.0,50694.0,50694.0
3699,50694.0,50694.0,50694.0,50694.0,50694.0,50694.0,50694.0,50694.0,50694.0,50694.0,50694.0
3700,50694.0,50694.0,50694.0,50694.0,50694.0,50694.0,50694.0,50694.0,50694.0,50694.0,50694.0
3701,50694.0,50694.0,50694.0,50694.0,50694.0,50694.0,50694.0,50694.0,50694.0,50694.0,50694.0
3702,50694.0,50694.0,50694.0,50694.0,50694.0,50694.0,50694.0,50694.0,50694.0,50694.0,50694.0
3703,50694.0,50694.0,50694.0,50694.0,50694.0,50694.0,50694.0,50694.0,50694.0,50694.0,50694.0
3704,50694.0,50694.0,50694.0,50694.0,50694.0,50694.0,50694.0,50694.0,50694.0,50694.0,50694.0
3705,50694.0,50694.0,50694.0,50694.0,50694.0,50694.0,50694.0,50694.0,50694.0,50694.0,50694.0
3706,50694.0,50694.0,50694.0,50694.0,50694.0,50694.0,50694.0,50694.0,50694.0,50694.0,50694.0
3707,50694.0,50694.0,50694.0,50694.0,50694.0,50694.0,50694.0,50694.0,50694.0,50694.0,50694.0
3708,50694.0,50694.0,50694.0,50694.0,50694.0,50694.0,50694.0,50694.0,50694.0,50694.0,50694.0
3709,50694.0,50694.0,50694.0,50694.0,50694.0,50694.0,50694.0,50694.0,50694.0,50694.0,50694.0
3710,50694.0,50694.0,50694.0,50694.0,50694.0,50694.0,50694.0,50694.0,50694.0,50694.0,50694.0
3711,50694.0,50694.0,50694.0,50694.0,50694.0,50694.0,50694.0,50694.0,50694.0,50694.0,50694.0
3712,50694.0,50694.0,50694.0,50694.0,50694.0,50694.0,50694.0,50694.0,50694.0,50694.0,50694.0
3713,50694.0,50694.0,50694.0,50694.0,50694.0,50694.0,50694.0,50694.0,50694.0,50694.0,50694.0
3714,50694.0,50694.0,50694.0,50694.0,50694.0,50694.0,50694.0,50694.0,50694.0,50694.0,50694.0
3715,50694.0,50694.0,50694.0,50694.0,50694.0,50694.0,50694.0,50694.0,50694.0,50694.0,50694.0
3716,50694.0,50694.0,50694.0,50694.0,50694.0,50694.0,50694.0,50694.0,50694.0,50694.0,50694.0
3717,50694.0,50694.0,50694.0,50694.0,50694.0,50694.0,50694.0,50694.0,50694.0,50694.0,50694.0
3718,50694.0,50694.0,50694.0,50694.0,50694.0,50694.0,50694.0,50694.0,50694.0,50694.0,50694.0
3719,50694.0,50694.0,50694.0,50694.0,50694.0,50694.0,50694.0,50694.0,50694.0,50694.0,50694.0
3720,50694.0,50694.0,50694.0,50694.0,50694.0,50694.0,50694.0,50694.0,50694.0,50694.0,50694.0
3721,50694.0,50694.0,50694.0,50694.0,50694.0,50694.0,50694.0,50694.0,50694.0,50694.0,50694.0
3722,50694.0,50694.0,50694.0,50694.0,50694.0,50694.0,50694.0,50694.0,50694.0,50694.0,50694.0
3723,50694.0,50694.0,50694.0,50694.0,50694.0,50694.0,50694.0,50694.0,50694.0,50694.0,50694.0
3724,50694.0,50694.0,50694.0,50694.0,50694.0,50694.0,50694.0,50694.0,50694.0,50694.0,50694.0
3725,50694.0,50694.0,50694.0,50694.0,50694.0,50694.0,50694.0,50694.0,50694.0,50694.0,50694.0
3726,50694.0,50694.0,50694.0,50694.0,50694.0,50694.0,50694.0,50694.0,50694.0,50694.0,50694.0
3727,50694.0,50694.0,50694.0,50694.0,50694.0,50694.0,50694.0,50694.0,50694.0,50694.0,50694.0
3728,50694.0,50694.0,50694.0,50694.0,50694.0,50694.0,50694.0,50694.0,50694.0,50694.0,50694.0
3729,50694.0,50694.0,50694.0,50694.0,50694.0,50694.0,50694.0,50694.0,50694.0,50694.0,50694.0
3730,50694.0,50694.0,50694.0,50694.0,50694.0,50694.0,50694.0,50694.0,50694.0,50694.0,50694.0
3731,50694.0,50694.0,50694.0,50694.0,50694.0,50694.0,50694.0,50694.0,50694.0,50694.0,50694.0
3732,50694.0,50694.0,50694.0,50694.0,50694.0,50694.0,50694.0,50694.0,50694.0,50694.0,50694.0
3733,50694.0,50694.0,50694.0,50694.0,50694.0,50694.0,50694.0,50694.0,50694.0,50694.0,50694.0
3734,50694.0,50694.0,50694.0,50694.0,50694.0,50694.0,50694.0,50694.0,50694.0,50694.0,50694.0
3735,50694.0,50694.0,50694.0,50694.0,50694.0,50694.0,50694.0,50694.0,50694.0,50694.0,50694.0
3736,50694.0,50694.0,50694.0,50694.0,50694.0,50694.0,50694.0,50694.0,50694.0,50694.0,50694.0
3737,50694.0,50694.0,50694.0,50694.0,50694.0,50694.0,50694.0,50694.0,50694.0,50694.0,50694.0
3738,50694.0,50694.0,50694.0,50694.0,50694.0,50694.0,50694.0,50694.0,50694.0,50694.0,50694.0
3739,50694.0,50694.0,50694.0,50694.0,50694.0,50694.0,50694.0,50694.0,50694.0,50694.0,50694.0
3740,50694.0,50694.0,50694.0,50694.0,50694.0,50694.0,50694.0,50694.0,50694.0,50694.0,50694.0
3741,50694.0,50694.0,50694.0,50694.0,50694.0,50694.0,50694.0,50694.0,50694.0,50694.0,50694.0
3742,50694.0,50694.0,50694.0,50694.0,50694.0,50694.0,50694.0,50694.0,50694.0,50694.0,50694.0
3743,50694.0,50694.0,50694.0,50694.0,50694.0,50694.0,50694.0,50694.0,50694.0,50694.0,50694.0
3744,50694.0,50694.0,50694.0,50694.0,50694.0,50694.0,50694.0,50694.0,50694.0,50694.0,50694.0
3745,50694.0,50694.0,50694.0,50694.0,50694.0,50694.0,50694.0,50694.0,50694.0,50694.0,50694.0
3746,50694.0,50694.0,50694.0,50694.0,50694.0,50694.0,50694.0,50694.0,50694.0,50694.0,50694.0
3747,50694.0,50694.0,50694.0,50694.0,50694.0,50694.0,50694.0,50694.0,50694.0,50694.0,50694.0
3748,50694.0,50694.0,50694.0,50694.0,50694.0,50694.0,50694.0,50694.0,50694.0,50694.0,50694.0
3749,50694.0,50694.0,50694.0,50694.0,50694.0,50694.0,50694.0,50694.0,50694.0,50694.0,50694.0
3750,50694.0,50694.0,50694.0,50694.0,50694.0,50694.0,50694.0,50694.0,50694.0,50694.0,50694.0
3751,50694.0,50694.0,50694.0,50694.0,50694.0,50694.0,50694.0,50694.0,50694.0,50694.0,50694.0
3752,50694.0,50694.0,50694.0,50694.0,50694.0,50694.0,50694.0,50694.0,50694.0,50694.0,50694.0
3753,50694.0,50694.0,50694.0,50694.0,50694.0,50694.0,50694.0,50694.0,50694.0,50694.0,50694.0
3754,50694.0,50694.0,50694.0,50694.0,50694.0,50694.0,50694.0,50694.0,50694.0,50694.0,50694.0
3755,50694.0,50694.0,50694.0,50694.0,50694.0,50694.0,50694.0,50694.0,50694.0,50694.0,50694.0
3756,50694.0,50694.0,50694.0,50694.0,50694.0,50694.0,50694.0,50694.0,50694.0,50694.0,50694.0
3757,50694.0,50694.0,50694.0,50694.0,50694.0,50694.0,50694.0,50694.0,50694.0,50694.0,50694.0
3758,50694.0,50694.0,50694.0,50694.0,50694.0,50694.0,50694.0,50694.0,50694.0,50694.0,50694.0
3759,50694.0,50694.0,50694.0,50694.0,50694.0,50694.0,50694.0,50694.0,50694.0,50694.0,50694.0
3760,50694.0,50694.0,50694.0,50694.0,50694.0,50694.0,50694.0,50694.0,50694.0,50694.0,50694.0
3761,50694.0,50694.0,50694.0,50694.0,50694.0,50694.0,50694.0,50694.0,50694.0,50694.0,50694.0
3762,50694.0,50694.0,50694.0,50694.0,50694.0,50694.0,50694.0,50694.0,50694.0,50694.0,50694.0
3763,50694.0,50694.0,50694.0,50694.0,50694.0,50694.0,50694.0,50694.0,50694.0,50694.0,50694.0
3764,50694.0,50694.0,50694.0,50694.0,50694.0,50694.0,50694.0,50694.0,50694.0,50694.0,50694.0
3765,50694.0,50694.0,50694.0,50694.0,50694.0,50694.0,50694.0,50694.0,50694.0,50694.0,50694.0
3766,50694.0,50694.0,50694.0,50694.0,50694.0,50694.0,50694.0,50694.0,50694.0,50694.0,50694.0
3767,50694.0,50694.0,50694.0,50694.0,50694.0,50694.0,50694.0,50694.0,50694.0,50694.0,50694.0
3768,50694.0,50694.0,50694.0,50694.0,50694.0,50694.0,50694.0,50694.0,50694.0,50694.0,50694.0
3769,50694.0,50694.0,50694.0,50694.0,50694.0,50694.0,50694.0,50694.0,50694.0,50694.0,50694.0
3770,50694.0,50694.0,50694.0,50694.0,50694.0,50694.0,50694.0,50694.0,50694.0,50694.0,50694.0
3771,50694.0,50694.0,50694.0,50694.0,50694.0,50694.0,50694.0,50694.0,50694.0,50694.0,50694.0
3772,50694.0,50694.0,50694.0,50694.0,50694.0,50694.0,50694.0,50694.0,50694.0,50694.0,50694.0
3773,50694.0,50694.0,50694.0,50694.0,50694.0,50694.0,50694.0,50694.0,50694.0,50694.0,50694.0
3774,50694.0,50694.0,50694.0,50694.0,50694.0,50694.0,50694.0,50694.0,50694.0,50694.0,50694.0
3775,50694.0,50694.0,50694.0,50694.0,50694.0,50694.0,50694.0,50694.0,50694.0,50694.0,50694.0
3776,50694.0,50694.0,50694.0,50694.0,50694.0,50694.0,50694.0,50694.0,50694.0,50694.0,50694.0
3777,50694.0,50694.0,50694.0,50694.0,50694.0,50694.0,50694.0,50694.0,50694.0,50694.0,50694.0
3778,50694.0,50694.0,50694.0,50694.0,50694.0,50694.0,50694.0,50694.0,50694.0,50694.0,50694.0
3779,50694.0,50694.0,50694.0,50694.0,50694.0,50694.0,50694.0,50694.0,50694.0,50694.0,50694.0
3780,50694.0,50694.0,50694.0,50694.0,50694.0,50694.0,50694.0,50694.0,50694.0,50694.0,50694.0
3781,50694.0,50694.0,50694.0,50694.0,50694.0,50694.0,50694.0,50694.0,50694.0,50694.0,50694.0
3782,50694.0,50694.0,50694.0,50694.0,50694.0,50694.0,50694.0,50694.0,50694.0,50694.0,50694.0
3783,50694.0,50694.0,50694.0,50694.0,50694.0,50694.0,50694.0,50694.0,50694.0,50694.0,50694.0
3784,50694.0,50694.0,50694.0,50694.0,50694.0,50694.0,50694.0,50694.0,50694.0,50694.0,50694.0
3785,50694.0,50694.0,50694.0,50694.0,50694.0,50694.0,50694.0,50694.0,50694.0,50694.0,50694.0
3786,50694.0,50694.0,50694.0,50694.0,50694.0,50694.0,50694.0,50694.0,50694.0,50694.0,50694.0
3787,50694.0,50694.0,50694.0,50694.0,50694.0,50694.0,50694.0,50694.0,50694.0,50694.0,50694.0
3788,50694.0,50694.0,50694.0,50694.0,50694.0,50694.0,50694.0,50694.0,50694.0,50694.0,50694.0
3789,50694.0,50694.0,50694.0,50694.0,50694.0,50694.0,50694.0,50694.0,50694.0,50694.0,50694.0
3790,50694.0,50694.0,50694.0,50694.0,50694.0,50694.0,50694.0,50694.0,50694.0,50694.0,50694.0
3791,50694.0,50694.0,50694.0,50694.0,50694.0,50694.0,50694.0,50694.0,50694.0,50694.0,50694.0
3792,50694.0,50694.0,50694.0,50694.0,50694.0,50694.0,50694.0,50694.0,50694.0,50694.0,50694.0
3793,50694.0,50694.0,50694.0,50694.0,50694.0,50694.0,50694.0,50694.0,50694.0,50694.0,50694.0
3794,50694.0,50694.0,50694.0,50694.0,50694.0,50694.0,50694.0,50694.0,50694.0,50694.0,50694.0
3795,50694.0,50694.0,50694.0,50694.0,50694.0,50694.0,50694.0,50694.0,50694.0,50694.0,50694.0
3796,50694.0,50694.0,50694.0,50694.0,50694.0,50694.0,50694.0,50694.0,50694.0,50694.0,50694.0
3797,50694.0,50694.0,50694.0,50694.0,50694.0,50694.0,50694.0,50694.0,50694.0,50694.0,50694.0
3798,50694.0,50694.0,50694.0,50694.0,50694.0,50694.0,50694.0,50694.0,50694.0,50694.0,50694.0
3799,50694.0,50694.0,50694.0,50694.0,50694.0,50694.0,50694.0,50694.0,50694.0,50694.0,50694.0
3800,50694.0,50694.0,50694.0,50694.0,50694.0,50694.0,50694.0,50694.0,50694.0,50694.0,50694.0
3801,50694.0,50694.0,50694.0,50694.0,50694.0,50694.0,50694.0,50694.0,50694.0,50694.0,50694.0
3802,50694.0,50694.0,50694.0,50694.0,50694.0,50694.0,50694.0,50694.0,50694.0,50694.0,50694.0
3803,50694.0,50694.0,50694.0,50694.0,50694.0,50694.0,50694.0,50694.0,50694.0,50694.0,50694.0
3804,50694.0,50694.0,50694.0,50694.0,50694.0,50694.0,50694.0,50694.0,50694.0,50694.0,50694.0
3805,50694.0,50694.0,50694.0,50694.0,50694.0,50694.0,50694.0,50694.0,50694.0,50694.0,50694.0
3806,50694.0,50694.0,50694.0,50694.0,50694.0,50694.0,50694.0,50694.0,50694.0,50694.0,50694.0
3807,50694.0,50694.0,50694.0,50694.0,50694.0,50694.0,50694.0,50694.0,50694.0,50694.0,50694.0
3808,50694.0,50694.0,50694.0,50694.0,50694.0,50694.0,50694.0,50694.0,50694.0,50694.0,50694.0
3809,50694.0,50694.0,50694.0,50694.0,50694.0,50694.0,50694.0,50694.0,50694.0,50694.0,50694.0
3810,50694.0,50694.0,50694.0,50694.0,50694.0,50694.0,50694.0,50694.0,50694.0,50694.0,50694.0
3811,50694.0,50694.0,50694.0,50694.0,50694.0,50694.0,50694.0,50694.0,50694.0,50694.0,50694.0
3812,50694.0,50694.0,50694.0,50694.0,50694.0,50694.0,50694.0,50694.0,50694.0,50694.0,50694.0
3813,50694.0,50694.0,50694.0,50694.0,50694.0,50694.0,50694.0,50694.0,50694.0,50694.0,50694.0
3814,50694.0,50694.0,50694.0,50694.0,50694.0,50694.0,50694.0,50694.0,50694.0,50694.0,50694.0
3815,50694.0,50694.0,50694.0,50694.0,50694.0,50694.0,50694.0,50694.0,50694.0,50694.0,50694.0
3816,50694.0,50694.0,50694.0,50694.0,50694.0,50694.0,50694.0,50694.0,50694.0,50694.0,50694.0
3817,50694.0,50694.0,50694.0,50694.0,50694.0,50694.0,50694.0,50694.0,50694.0,50694.0,50694.0
3818,50694.0,50694.0,50694.0,50694.0,50694.0,50694.0,50694.0,50694.0,50694.0,50694.0,50694.0
3819,50694.0,50694.0,50694.0,50694.0,50694.0,50694.0,50694.0,50694.0,50694.0,50694.0,50694.0
3820,50694.0,50694.0,50694.0,50694.0,50694.0,50694.0,50694.0,50694.0,50694.0,50694.0,50694.0
3821,50694.0,50694.0,50694.0,50694.0,50694.0,50694.0,50694.0,50694.0,50694.0,50694.0,50694.0
3822,50694.0,50694.0,50694.0,50694.0,50694.0,50694.0,50694.0,50694.0,50694.0,50694.0,50694.0
3823,50694.0,50694.0,50694.0,50694.0,50694.0,50694.0,50694.0,50694.0,50694.0,50694.0,50694.0
3824,50694.0,50694.0,50694.0,50694.0,50694.0,50694.0,50694.0,50694.0,50694.0,50694.0,50694.0
3825,50694.0,50694.0,50694.0,50694.0,50694.0,50694.0,50694.0,50694.0,50694.0,50694.0,50694.0
3826,50694.0,50694.0,50694.0,50694.0,50694.0,50694.0,50694.0,50694.0,50694.0,50694.0,50694.0
3827,50694.0,50694.0,50694.0,50694.0,50694.0,50694.0,50694.0,50694.0,50694.0,50694.0,50694.0
3828,50694.0,50694.0,50694.0,50694.0,50694.0,50694.0,50694.0,50694.0,50694.0,50694.0,50694.0
3829,50694.0,50694.0,50694.0,50694.0,50694.0,50694.0,50694.0,50694.0,50694.0,50694.0,50694.0
3830,50694.0,50694.0,50694.0,50694.0,50694.0,50694.0,50694.0,50694.0,50694.0,50694.0,50694.0
3831,50694.0,50694.0,50694.0,50694.0,50694.0,50694.0,50694.0,50694.0,50694.0,50694.0,50694.0
3832,50694.0,50694.0,50694.0,50694.0,50694.0,50694.0,50694.0,50694.0,50694.0,50694.0,50694.0
3833,50694.0,50694.0,50694.0,50694.0,50694.0,50694.0,50694.0,50694.0,50694.0,50694.0,50694.0
3834,50694.0,50694.0,50694.0,50694.0,50694.0,50694.0,50694.0,50694.0,50694.0,50694.0,50694.0
3835,50694.0,50694.0,50694.0,50694.0,50694.0,50694.0,50694.0,50694.0,50694.0,50694.0,50694.0
3836,50694.0,50694.0,50694.0,50694.0,50694.0,50694.0,50694.0,50694.0,50694.0,50694.0,50694.0
3837,50694.0,50694.0,50694.0,50694.0,50694.0,50694.0,50694.0,50694.0,50694.0,50694.0,50694.0
3838,50694.0,50694.0,50694.0,50694.0,50694.0,50694.0,50694.0,50694.0,50694.0,50694.0,50694.0
3839,50694.0,50694.0,50694.0,50694.0,50694.0,50694.0,50694.0,50694.0,50694.0,50694.0,50694.0
3840,50694.0,50694.0,50694.0,50694.0,50694.0,50694.0,50694.0,50694.0,50694.0,50694.0,50694.0
3841,50694.0,50694.0,50694.0,50694.0,50694.0,50694.0,50694.0,50694.0,50694.0,50694.0,50694.0
3842,50694.0,50694.0,50694.0,50694.0,50694.0,50694.0,50694.0,50694.0,50694.0,50694.0,50694.0
3843,50694.0,50694.0,50694.0,50694.0,50694.0,50694.0,50694.0,50694.0,50694.0,50694.0,50694.0
3844,50694.0,50694.0,50694.0,50694.0,50694.0,50694.0,50694.0,50694.0,50694.0,50694.0,50694.0
3845,50694.0,50694.0,50694.0,50694.0,50694.0,50694.0,50694.0,50694.0,50694.0,50694.0,50694.0
3846,50694.0,50694.0,50694.0,50694.0,50694.0,50694.0,50694.0,50694.0,50694.0,50694.0,50694.0
3847,50694.0,50694.0,50694.0,50694.0,50694.0,50694.0,50694.0,50694.0,50694.0,50694.0,50694.0
3848,50694.0,50694.0,50694.0,50694.0,50694.0,50694.0,50694.0,50694.0,50694.0,50694.0,50694.0
3849,50694.0,50694.0,50694.0,50694.0,50694.0,50694.0,50694.0,50694.0,50694.0,50694.0,50694.0
3850,50694.0,50694.0,50694.0,50694.0,50694.0,50694.0,50694.0,50694.0,50694.0,50694.0,50694.0
3851,50694.0,50694.0,50694.0,50694.0,50694.0,50694.0,50694.0,50694.0,50694.0,50694.0,50694.0
3852,50694.0,50694.0,50694.0,50694.0,50694.0,50694.0,50694.0,50694.0,50694.0,50694.0,50694.0
3853,50694.0,50694.0,50694.0,50694.0,50694.0,50694.0,50694.0,50694.0,50694.0,50694.0,50694.0
3854,50694.0,50694.0,50694.0,50694.0,50694.0,50694.0,50694.0,50694.0,50694.0,50694.0,50694.0
3855,50694.0,50694.0,50694.0,50694.0,50694.0,50694.0,50694.0,50694.0,50694.0,50694.0,50694.0
3856,50694.0,50694.0,50694.0,50694.0,50694.0,50694.0,50694.0,50694.0,50694.0,50694.0,50694.0
3857,50694.0,50694.0,50694.0,50694.0,50694.0,50694.0,50694.0,50694.0,50694.0,50694.0,50694.0
3858,50694.0,50694.0,50694.0,50694.0,50694.0,50694.0,50694.0,50694.0,50694.0,50694.0,50694.0
3859,50694.0,50694.0,50694.0,50694.0,50694.0,50694.0,50694.0,50694.0,50694.0,50694.0,50694.0
3860,50694.0,50694.0,50694.0,50694.0,50694.0,50694.0,50694.0,50694.0,50694.0,50694.0,50694.0
3861,50694.0,50694.0,50694.0,50694.0,50694.0,50694.0,50694.0,50694.0,50694.0,50694.0,50694.0
3862,50694.0,50694.0,50694.0,50694.0,50694.0,50694.0,50694.0,50694.0,50694.0,50694.0,50694.0
3863,50694.0,50694.0,50694.0,50694.0,50694.0,50694.0,50694.0,50694.0,50694.0,50694.0,50694.0
3864,50694.0,50694.0,50694.0,50694.0,50694.0,50694.0,50694.0,50694.0,50694.0,50694.0,50694.0
3865,50694.0,50694.0,50694.0,50694.0,50694.0,50694.0,50694.0,50694.0,50694.0,50694.0,50694.0
3866,50694.0,50694.0,50694.0,50694.0,50694.0,50694.0,50694.0,50694.0,50694.0,50694.0,50694.0
3867,50694.0,50694.0,50694.0,50694.0,50694.0,50694.0,50694.0,50694.0,50694.0,50694.0,50694.0
3868,50694.0,50694.0,50694.0,50694.0,50694.0,50694.0,50694.0,50694.0,50694.0,50694.0,50694.0
3869,50694.0,50694.0,50694.0,50694.0,50694.0,50694.0,50694.0,50694.0,50694.0,50694.0,50694.0
3870,50694.0,50694.0,50694.0,50694.0,50694.0,50694.0,50694.0,50694.0,50694.0,50694.0,50694.0
3871,50694.0,50694.0,50694.0,50694.0,50694.0,50694.0,50694.0,50694.0,50694.0,50694.0,50694.0
3872,50694.0,50694.0,50694.0,50694.0,50694.0,50694.0,50694.0,50694.0,50694.0,50694.0,50694.0
3873,50694.0,50694.0,50694.0,50694.0,50694.0,50694.0,50694.0,50694.0,50694.0,50694.0,50694.0
3874,50694.0,50694.0,50694.0,50694.0,50694.0,50694.0,50694.0,50694.0,50694.0,50694.0,50694.0
3875,50694.0,50694.0,50694.0,50694.0,50694.0,50694.0,50694.0,50694.0,50694.0,50694.0,50694.0
3876,50694.0,50694.0,50694.0,50694.0,50694.0,50694.0,50694.0,50694.0,50694.0,50694.0,50694.0
3877,50694.0,50694.0,50694.0,50694.0,50694.0,50694.0,50694.0,50694.0,50694.0,50694.0,50694.0
3878,50694.0,50694.0,50694.0,50694.0,50694.0,50694.0,50694.0,50694.0,50694.0,50694.0,50694.0
3879,50694.0,50694.0,50694.0,50694.0,50694.0,50694.0,50694.0,50694.0,50694.0,50694.0,50694.0
3880,50694.0,50694.0,50694.0,50694.0,50694.0,50694.0,50694.0,50694.0,50694.0,50694.0,50694.0
3881,50694.0,50694.0,50694.0,50694.0,50694.0,50694.0,50694.0,50694.0,50694.0,50694.0,50694.0
3882,50694.0,50694.0,50694.0,50694.0,50694.0,50694.0,50694.0,50694.0,50694.0,50694.0,50694.0
3883,50694.0,50694.0,50694.0,50694.0,50694.0,50694.0,50694.0,50694.0,50694.0,50694.0,50694.0
3884,50694.0,50694.0,50694.0,50694.0,50694.0,50694.0,50694.0,50694.0,50694.0,50694.0,50694.0
3885,50694.0,50694.0,50694.0,50694.0,50694.0,50694.0,50694.0,50694.0,50694.0,50694.0,50694.0
3886,50694.0,50694.0,50694.0,50694.0,50694.0,50694.0,50694.0,50694.0,50694.0,50694.0,50694.0
3887,50694.0,50694.0,50694.0,50694.0,50694.0,50694.0,50694.0,50694.0,50694.0,50694.0,50694.0
3888,50694.0,50694.0,50694.0,50694.0,50694.0,50694.0,50694.0,50694.0,50694.0,50694.0,50694.0
3889,50694.0,50694.0,50694.0,50694.0,50694.0,50694.0,50694.0,50694.0,50694.0,50694.0,50694.0
3890,50694.0,50694.0,50694.0,50694.0,50694.0,50694.0,50694.0,50694.0,50694.0,50694.0,50694.0
3891,50694.0,50694.0,50694.0,50694.0,50694.0,50694.0,50694.0,50694.0,50694.0,50694.0,50694.0
3892,50694.0,50694.0,50694.0,50694.0,50694.0,50694.0,50694.0,50694.0,50694.0,50694.0,50694.0
3893,50694.0,50694.0,50694.0,50694.0,50694.0,50694.0,50694.0,50694.0,50694.0,50694.0,50694.0
3894,50694.0,50694.0,50694.0,50694.0,50694.0,50694.0,50694.0,50694.0,50694.0,50694.0,50694.0
3895,50694.0,50694.0,50694.0,50694.0,50694.0,50694.0,50694.0,50694.0,50694.0,50694.0,50694.0
3896,50694.0,50694.0,50694.0,50694.0,50694.0,50694.0,50694.0,50694.0,50694.0,50694.0,50694.0
3897,50694.0,50694.0,50694.0,50694.0,50694.0,50694.0,50694.0,50694.0,50694.0,50694.0,50694.0
3898,50694.0,50694.0,50694.0,50694.0,50694.0,50694.0,50694.0,50694.0,50694.0,50694.0,50694.0
3899,50694.0,50694.0,50694.0,50694.0,50694.0,50694.0,50694.0,50694.0,50694.0,50694.0,50694.0
3900,50694.0,50694.0,50694.0,50694.0,50694.0,50694.0,50694.0,50694.0,50694.0,50694.0,50694.0
3901,50694.0,50694.0,50694.0,50694.0,50694.0,50694.0,50694.0,50694.0,50694.0,50694.0,50694.0
3902,50694.0,50694.0,50694.0,50694.0,50694.0,50694.0,50694.0,50694.0,50694.0,50694.0,50694.0
3903,50694.0,50694.0,50694.0,50694.0,50694.0,50694.0,50694.0,50694.0,50694.0,50694.0,50694.0
3904,50694.0,50694.0,50694.0,50694.0,50694.0,50694.0,50694.0,50694.0,50694.0,50694.0,50694.0
3905,50694.0,50694.0,50694.0,50694.0,50694.0,50694.0,50694.0,50694.0,50694.0,50694.0,50694.0
3906,50694.0,50694.0,50694.0,50694.0,50694.0,50694.0,50694.0,50694.0,50694.0,50694.0,50694.0
3907,50694.0,50694.0,50694.0,50694.0,50694.0,50694.0,50694.0,50694.0,50694.0,50694.0,50694.0
3908,50694.0,50694.0,50694.0,50694.0,50694.0,50694.0,50694.0,50694.0,50694.0,50694.0,50694.0
3909,50694.0,50694.0,50694.0,50694.0,50694.0,50694.0,50694.0,50694.0,50694.0,50694.0,50694.0
3910,50694.0,50694.0,50694.0,50694.0,50694.0,50694.0,50694.0,50694.0,50694.0,50694.0,50694.0
3911,50694.0,50694.0,50694.0,50694.0,50694.0,50694.0,50694.0,50694.0,50694.0,50694.0,50694.0
3912,50694.0,50694.0,50694.0,50694.0,50694.0,50694.0,50694.0,50694.0,50694.0,50694.0,50694.0
3913,50694.0,50694.0,50694.0,50694.0,50694.0,50694.0,50694.0,50694.0,50694.0,50694.0,50694.0
3914,50694.0,50694.0,50694.0,50694.0,50694.0,50694.0,50694.0,50694.0,50694.0,50694.0,50694.0
3915,50694.0,50694.0,50694.0,50694.0,50694.0,50694.0,50694.0,50694.0,50694.0,50694.0,50694.0
3916,50694.0,50694.0,50694.0,50694.0,50694.0,50694.0,50694.0,50694.0,50694.0,50694.0,50694.0
3917,50694.0,50694.0,50694.0,50694.0,50694.0,50694.0,50694.0,50694.0,50694.0,50694.0,50694.0
3918,50694.0,50694.0,50694.0,50694.0,50694.0,50694.0,50694.0,50694.0,50694.0,50694.0,50694.0
3919,50694.0,50694.0,50694.0,50694.0,50694.0,50694.0,50694.0,50694.0,50694.0,50694.0,50694.0
3920,50694.0,50694.0,50694.0,50694.0,50694.0,50694.0,50694.0,50694.0,50694.0,50694.0,50694.0
3921,50694.0,50694.0,50694.0,50694.0,50694.0,50694.0,50694.0,50694.0,50694.0,50694.0,50694.0
3922,50694.0,50694.0,50694.0,50694.0,50694.0,50694.0,50694.0,50694.0,50694.0,50694.0,50694.0
3923,50694.0,50694.0,50694.0,50694.0,50694.0,50694.0,50694.0,50694.0,50694.0,50694.0,50694.0
3924,50694.0,50694.0,50694.0,50694.0,50694.0,50694.0,50694.0,50694.0,50694.0,50694.0,50694.0
3925,50694.0,50694.0,50694.0,50694.0,50694.0,50694.0,50694.0,50694.0,50694.0,50694.0,50694.0
3926,50694.0,50694.0,50694.0,50694.0,50694.0,50694.0,50694.0,50694.0,50694.0,50694.0,50694.0
3927,50694.0,50694.0,50694.0,50694.0,50694.0,50694.0,50694.0,50694.0,50694.0,50694.0,50694.0
3928,50694.0,50694.0,50694.0,50694.0,50694.0,50694.0,50694.0,50694.0,50694.0,50694.0,50694.0
3929,50694.0,50694.0,50694.0,50694.0,50694.0,50694.0,50694.0,50694.0,50694.0,50694.0,50694.0
3930,50694.0,50694.0,50694.0,50694.0,50694.0,50694.0,50694.0,50694.0,50694.0,50694.0,50694.0
3931,50694.0,50694.0,50694.0,50694.0,50694.0,50694.0,50694.0,50694.0,50694.0,50694.0,50694.0
3932,50694.0,50694.0,50694.0,50694.0,50694.0,50694.0,50694.0,50694.0,50694.0,50694.0,50694.0
3933,50694.0,50694.0,50694.0,50694.0,50694.0,50694.0,50694.0,50694.0,50694.0,50694.0,50694.0
3934,50694.0,50694.0,50694.0,50694.0,50694.0,50694.0,50694.0,50694.0,50694.0,50694.0,50694.0
3935,50694.0,50694.0,50694.0,50694.0,50694.0,50694.0,50694.0,50694.0,50694.0,50694.0,50694.0
3936,50694.0,50694.0,50694.0,50694.0,50694.0,50694.0,50694.0,50694.0,50694.0,50694.0,50694.0
3937,50694.0,50694.0,50694.0,50694.0,50694.0,50694.0,50694.0,50694.0,50694.0,50694.0,50694.0
3938,50694.0,50694.0,50694.0,50694.0,50694.0,50694.0,50694.0,50694.0,50694.0,50694.0,50694.0
3939,50694.0,50694.0,50694.0,50694.0,50694.0,50694.0,50694.0,50694.0,50694.0,50694.0,50694.0
3940,50694.0,50694.0,50694.0,50694.0,50694.0,50694.0,50694.0,50694.0,50694.0,50694.0,50694.0
3941,50694.0,50694.0,50694.0,50694.0,50694.0,50694.0,50694.0,50694.0,50694.0,50694.0,50694.0
3942,50694.0,50694.0,50694.0,50694.0,50694.0,50694.0,50694.0,50694.0,50694.0,50694.0,50694.0
3943,50694.0,50694.0,50694.0,50694.0,50694.0,50694.0,50694.0,50694.0,50694.0,50694.0,50694.0
3944,50694.0,50694.0,50694.0,50694.0,50694.0,50694.0,50694.0,50694.0,50694.0,50694.0,50694.0
3945,50694.0,50694.0,50694.0,50694.0,50694.0,50694.0,50694.0,50694.0,50694.0,50694.0,50694.0
3946,50694.0,50694.0,50694.0,50694.0,50694.0,50694.0,50694.0,50694.0,50694.0,50694.0,50694.0
3947,50694.0,50694.0,50694.0,50694.0,50694.0,50694.0,50694.0,50694.0,50694.0,50694.0,50694.0
3948,50694.0,50694.0,50694.0,50694.0,50694.0,50694.0,50694.0,50694.0,50694.0,50694.0,50694.0
3949,50694.0,50694.0,50694.0,50694.0,50694.0,50694.0,50694.0,50694.0,50694.0,50694.0,50694.0
3950,50694.0,50694.0,50694.0,50694.0,50694.0,50694.0,50694.0,50694.0,50694.0,50694.0,50694.0
3951,50694.0,50694.0,50694.0,50694.0,50694.0,50694.0,50694.0,50694.0,50694.0,50694.0,50694.0
3952,50694.0,50694.0,50694.0,50694.0,50694.0,50694.0,50694.0,50694.0,50694.0,50694.0,50694.0
3953,50694.0,50694.0,50694.0,50694.0,50694.0,50694.0,50694.0,50694.0,50694.0,50694.0,50694.0
3954,50694.0,50694.0,50694.0,50694.0,50694.0,50694.0,50694.0,50694.0,50694.0,50694.0,50694.0
3955,50694.0,50694.0,50694.0,50694.0,50694.0,50694.0,50694.0,50694.0,50694.0,50694.0,50694.0
3956,50694.0,50694.0,50694.0,50694.0,50694.0,50694.0,50694.0,50694.0,50694.0,50694.0,50694.0
3957,50694.0,50694.0,50694.0,50694.0,50694.0,50694.0,50694.0,50694.0,50694.0,50694.0,50694.0
3958,50694.0,50694.0,50694.0,50694.0,50694.0,50694.0,50694.0,50694.0,50694.0,50694.0,50694.0
3959,50694.0,50694.0,50694.0,50694.0,50694.0,50694.0,50694.0,50694.0,50694.0,50694.0,50694.0
3960,50694.0,50694.0,50694.0,50694.0,50694.0,50694.0,50694.0,50694.0,50694.0,50694.0,50694.0
3961,50694.0,50694.0,50694.0,50694.0,50694.0,50694.0,50694.0,50694.0,50694.0,50694.0,50694.0
3962,50694.0,50694.0,50694.0,50694.0,50694.0,50694.0,50694.0,50694.0,50694.0,50694.0,50694.0
3963,50694.0,50694.0,50694.0,50694.0,50694.0,50694.0,50694.0,50694.0,50694.0,50694.0,50694.0
3964,50694.0,50694.0,50694.0,50694.0,50694.0,50694.0,50694.0,50694.0,50694.0,50694.0,50694.0
3965,50694.0,50694.0,50694.0,50694.0,50694.0,50694.0,50694.0,50694.0,50694.0,50694.0,50694.0
3966,50694.0,50694.0,50694.0,50694.0,50694.0,50694.0,50694.0,50694.0,50694.0,50694.0,50694.0
3967,50694.0,50694.0,50694.0,50694.0,50694.0,50694.0,50694.0,50694.0,50694.0,50694.0,50694.0
3968,50694.0,50694.0,50694.0,50694.0,50694.0,50694.0,50694.0,50694.0,50694.0,50694.0,50694.0
3969,50694.0,50694.0,50694.0,50694.0,50694.0,50694.0,50694.0,50694.0,50694.0,50694.0,50694.0
3970,50694.0,50694.0,50694.0,50694.0,50694.0,50694.0,50694.0,50694.0,50694.0,50694.0,50694.0
3971,50694.0,50694.0,50694.0,50694.0,50694.0,50694.0,50694.0,50694.0,50694.0,50694.0,50694.0
3972,50694.0,50694.0,50694.0,50694.0,50694.0,50694.0,50694.0,50694.0,50694.0,50694.0,50694.0
3973,50694.0,50694.0,50694.0,50694.0,50694.0,50694.0,50694.0,50694.0,50694.0,50694.0,50694.0
3974,50694.0,50694.0,50694.0,50694.0,50694.0,50694.0,50694.0,50694.0,50694.0,50694.0,50694.0
3975,50694.0,50694.0,50694.0,50694.0,50694.0,50694.0,50694.0,50694.0,50694.0,50694.0,50694.0
3976,50694.0,50694.0,50694.0,50694.0,50694.0,50694.0,50694.0,50694.0,50694.0,50694.0,50694.0
3977,50694.0,50694.0,50694.0,50694.0,50694.0,50694.0,50694.0,50694.0,50694.0,50694.0,50694.0
3978,50694.0,50694.0,50694.0,50694.0,50694.0,50694.0,50694.0,50694.0,50694.0,50694.0,50694.0
3979,50694.0,50694.0,50694.0,50694.0,50694.0,50694.0,50694.0,50694.0,50694.0,50694.0,50694.0
3980,50694.0,50694.0,50694.0,50694.0,50694.0,50694.0,50694.0,50694.0,50694.0,50694.0,50694.0
3981,50694.0,50694.0,50694.0,50694.0,50694.0,50694.0,50694.0,50694.0,50694.0,50694.0,50694.0
3982,50694.0,50694.0,50694.0,50694.0,50694.0,50694.0,50694.0,50694.0,50694.0,50694.0,50694.0
3983,50694.0,50694.0,50694.0,50694.0,50694.0,50694.0,50694.0,50694.0,50694.0,50694.0,50694.0
3984,50694.0,50694.0,50694.0,50694.0,50694.0,50694.0,50694.0,50694.0,50694.0,50694.0,50694.0
3985,50694.0,50694.0,50694.0,50694.0,50694.0,50694.0,50694.0,50694.0,50694.0,50694.0,50694.0
3986,50694.0,50694.0,50694.0,50694.0,50694.0,50694.0,50694.0,50694.0,50694.0,50694.0,50694.0
3987,50694.0,50694.0,50694.0,50694.0,50694.0,50694.0,50694.0,50694.0,50694.0,50694.0,50694.0
3988,50694.0,50694.0,50694.0,50694.0,50694.0,50694.0,50694.0,50694.0,50694.0,50694.0,50694.0
3989,50694.0,50694.0,50694.0,50694.0,50694.0,50694.0,50694.0,50694.0,50694.0,50694.0,50694.0
3990,50694.0,50694.0,50694.0,50694.0,50694.0,50694.0,50694.0,50694.0,50694.0,50694.0,50694.0
3991,50694.0,50694.0,50694.0,50694.0,50694.0,50694.0,50694.0,50694.0,50694.0,50694.0,50694.0
3992,50694.0,50694.0,50694.0,50694.0,50694.0,50694.0,50694.0,50694.0,50694.0,50694.0,50694.0
3993,50694.0,50694.0,50694.0,50694.0,50694.0,50694.0,50694.0,50694.0,50694.0,50694.0,50694.0
3994,50694.0,50694.0,50694.0,50694.0,50694.0,50694.0,50694.0,50694.0,50694.0,50694.0,50694.0
3995,50694.0,50694.0,50694.0,50694.0,50694.0,50694.0,50694.0,50694.0,50694.0,50694.0,50694.0
3996,50694.0,50694.0,50694.0,50694.0,50694.0,50694.0,50694.0,50694.0,50694.0,50694.0,50694.0
3997,50694.0,50694.0,50694.0,50694.0,50694.0,50694.0,50694.0,50694.0,50694.0,50694.0,50694.0
3998,50694.0,50694.0,50694.0,50694.0,50694.0,50694.0,50694.0,50694.0,50694.0,50694.0,50694.0
3999,50694.0,50694.0,50694.0,50694.0,50694.0,50694.0,50694.0,50694.0,50694.0,50694.0,50694.0
4000,50694.0,50694.0,50694.0,50694.0,50694.0,50694.0,50694.0,50694.0,50694.0,50694.0,50694.0
4001,50694.0,50694.0,50694.0,50694.0,50694.0,50694.0,50694.0,50694.0,50694.0,50694.0,50694.0
4002,50694.0,50694.0,50694.0,50694.0,50694.0,50694.0,50694.0,50694.0,50694.0,50694.0,50694.0
4003,50694.0,50694.0,50694.0,50694.0,50694.0,50694.0,50694.0,50694.0,50694.0,50694.0,50694.0
4004,50694.0,50694.0,50694.0,50694.0,50694.0,50694.0,50694.0,50694.0,50694.0,50694.0,50694.0
4005,50694.0,50694.0,50694.0,50694.0,50694.0,50694.0,50694.0,50694.0,50694.0,50694.0,50694.0
4006,50694.0,50694.0,50694.0,50694.0,50694.0,50694.0,50694.0,50694.0,50694.0,50694.0,50694.0
4007,50694.0,50694.0,50694.0,50694.0,50694.0,50694.0,50694.0,50694.0,50694.0,50694.0,50694.0
4008,50694.0,50694.0,50694.0,50694.0,50694.0,50694.0,50694.0,50694.0,50694.0,50694.0,50694.0
4009,50694.0,50694.0,50694.0,50694.0,50694.0,50694.0,50694.0,50694.0,50694.0,50694.0,50694.0
4010,50694.0,50694.0,50694.0,50694.0,50694.0,50694.0,50694.0,50694.0,50694.0,50694.0,50694.0
4011,50694.0,50694.0,50694.0,50694.0,50694.0,50694.0,50694.0,50694.0,50694.0,50694.0,50694.0
4012,50694.0,50694.0,50694.0,50694.0,50694.0,50694.0,50694.0,50694.0,50694.0,50694.0,50694.0
4013,50694.0,50694.0,50694.0,50694.0,50694.0,50694.0,50694.0,50694.0,50694.0,50694.0,50694.0
4014,50694.0,50694.0,50694.0,50694.0,50694.0,50694.0,50694.0,50694.0,50694.0,50694.0,50694.0
4015,50694.0,50694.0,50694.0,50694.0,50694.0,50694.0,50694.0,50694.0,50694.0,50694.0,50694.0
4016,50694.0,50694.0,50694.0,50694.0,50694.0,50694.0,50694.0,50694.0,50694.0,50694.0,50694.0
4017,50694.0,50694.0,50694.0,50694.0,50694.0,50694.0,50694.0,50694.0,50694.0,50694.0,50694.0
4018,50694.0,50694.0,50694.0,50694.0,50694.0,50694.0,50694.0,50694.0,50694.0,50694.0,50694.0
4019,50694.0,50694.0,50694.0,50694.0,50694.0,50694.0,50694.0,50694.0,50694.0,50694.0,50694.0
4020,50694.0,50694.0,50694.0,50694.0,50694.0,50694.0,50694.0,50694.0,50694.0,50694.0,50694.0
4021,50694.0,50694.0,50694.0,50694.0,50694.0,50694.0,50694.0,50694.0,50694.0,50694.0,50694.0
4022,50694.0,50694.0,50694.0,50694.0,50694.0,50694.0,50694.0,50694.0,50694.0,50694.0,50694.0
4023,50694.0,50694.0,50694.0,50694.0,50694.0,50694.0,50694.0,50694.0,50694.0,50694.0,50694.0
4024,50694.0,50694.0,50694.0,50694.0,50694.0,50694.0,50694.0,50694.0,50694.0,50694.0,50694.0
4025,50694.0,50694.0,50694.0,50694.0,50694.0,50694.0,50694.0,50694.0,50694.0,50694.0,50694.0
4026,50694.0,50694.0,50694.0,50694.0,50694.0,50694.0,50694.0,50694.0,50694.0,50694.0,50694.0
4027,50694.0,50694.0,50694.0,50694.0,50694.0,50694.0,50694.0,50694.0,50694.0,50694.0,50694.0
4028,50694.0,50694.0,50694.0,50694.0,50694.0,50694.0,50694.0,50694.0,50694.0,50694.0,50694.0
4029,50694.0,50694.0,50694.0,50694.0,50694.0,50694.0,50694.0,50694.0,50694.0,50694.0,50694.0
4030,50694.0,50694.0,50694.0,50694.0,50694.0,50694.0,50694.0,50694.0,50694.0,50694.0,50694.0
4031,50694.0,50694.0,50694.0,50694.0,50694.0,50694.0,50694.0,50694.0,50694.0,50694.0,50694.0
4032,50694.0,50694.0,50694.0,50694.0,50694.0,50694.0,50694.0,50694.0,50694.0,50694.0,50694.0
4033,50694.0,50694.0,50694.0,50694.0,50694.0,50694.0,50694.0,50694.0,50694.0,50694.0,50694.0
4034,50694.0,50694.0,50694.0,50694.0,50694.0,50694.0,50694.0,50694.0,50694.0,50694.0,50694.0
4035,50694.0,50694.0,50694.0,50694.0,50694.0,50694.0,50694.0,50694.0,50694.0,50694.0,50694.0
4036,50694.0,50694.0,50694.0,50694.0,50694.0,50694.0,50694.0,50694.0,50694.0,50694.0,50694.0
4037,50694.0,50694.0,50694.0,50694.0,50694.0,50694.0,50694.0,50694.0,50694.0,50694.0,50694.0
4038,50694.0,50694.0,50694.0,50694.0,50694.0,50694.0,50694.0,50694.0,50694.0,50694.0,50694.0
4039,50694.0,50694.0,50694.0,50694.0,50694.0,50694.0,50694.0,50694.0,50694.0,50694.0,50694.0
4040,50694.0,50694.0,50694.0,50694.0,50694.0,50694.0,50694.0,50694.0,50694.0,50694.0,50694.0
4041,50694.0,50694.0,50694.0,50694.0,50694.0,50694.0,50694.0,50694.0,50694.0,50694.0,50694.0
4042,50694.0,50694.0,50694.0,50694.0,50694.0,50694.0,50694.0,50694.0,50694.0,50694.0,50694.0
4043,50694.0,50694.0,50694.0,50694.0,50694.0,50694.0,50694.0,50694.0,50694.0,50694.0,50694.0
4044,50694.0,50694.0,50694.0,50694.0,50694.0,50694.0,50694.0,50694.0,50694.0,50694.0,50694.0
4045,50694.0,50694.0,50694.0,50694.0,50694.0,50694.0,50694.0,50694.0,50694.0,50694.0,50694.0
4046,50694.0,50694.0,50694.0,50694.0,50694.0,50694.0,50694.0,50694.0,50694.0,50694.0,50694.0
4047,50694.0,50694.0,50694.0,50694.0,50694.0,50694.0,50694.0,50694.0,50694.0,50694.0,50694.0
4048,50694.0,50694.0,50694.0,50694.0,50694.0,50694.0,50694.0,50694.0,50694.0,50694.0,50694.0
4049,50694.0,50694.0,50694.0,50694.0,50694.0,50694.0,50694.0,50694.0,50694.0,50694.0,50694.0
4050,50694.0,50694.0,50694.0,50694.0,50694.0,50694.0,50694.0,50694.0,50694.0,50694.0,50694.0
4051,50694.0,50694.0,50694.0,50694.0,50694.0,50694.0,50694.0,50694.0,50694.0,50694.0,50694.0
4052,50694.0,50694.0,50694.0,50694.0,50694.0,50694.0,50694.0,50694.0,50694.0,50694.0,50694.0
4053,50694.0,50694.0,50694.0,50694.0,50694.0,50694.0,50694.0,50694.0,50694.0,50694.0,50694.0
4054,50694.0,50694.0,50694.0,50694.0,50694.0,50694.0,50694.0,50694.0,50694.0,50694.0,50694.0
4055,50694.0,50694.0,50694.0,50694.0,50694.0,50694.0,50694.0,50694.0,50694.0,50694.0,50694.0
4056,50694.0,50694.0,50694.0,50694.0,50694.0,50694.0,50694.0,50694.0,50694.0,50694.0,50694.0
4057,50694.0,50694.0,50694.0,50694.0,50694.0,50694.0,50694.0,50694.0,50694.0,50694.0,50694.0
4058,50694.0,50694.0,50694.0,50694.0,50694.0,50694.0,50694.0,50694.0,50694.0,50694.0,50694.0
4059,50694.0,50694.0,50694.0,50694.0,50694.0,50694.0,50694.0,50694.0,50694.0,50694.0,50694.0
4060,50694.0,50694.0,50694.0,50694.0,50694.0,50694.0,50694.0,50694.0,50694.0,50694.0,50694.0
4061,50694.0,50694.0,50694.0,50694.0,50694.0,50694.0,50694.0,50694.0,50694.0,50694.0,50694.0
4062,50694.0,50694.0,50694.0,50694.0,50694.0,50694.0,50694.0,50694.0,50694.0,50694.0,50694.0
4063,50694.0,50694.0,50694.0,50694.0,50694.0,50694.0,50694.0,50694.0,50694.0,50694.0,50694.0
4064,50694.0,50694.0,50694.0,50694.0,50694.0,50694.0,50694.0,50694.0,50694.0,50694.0,50694.0
4065,50694.0,50694.0,50694.0,50694.0,50694.0,50694.0,50694.0,50694.0,50694.0,50694.0,50694.0
4066,50694.0,50694.0,50694.0,50694.0,50694.0,50694.0,50694.0,50694.0,50694.0,50694.0,50694.0
4067,50694.0,50694.0,50694.0,50694.0,50694.0,50694.0,50694.0,50694.0,50694.0,50694.0,50694.0
4068,50694.0,50694.0,50694.0,50694.0,50694.0,50694.0,50694.0,50694.0,50694.0,50694.0,50694.0
4069,50694.0,50694.0,50694.0,50694.0,50694.0,50694.0,50694.0,50694.0,50694.0,50694.0,50694.0
4070,50694.0,50694.0,50694.0,50694.0,50694.0,50694.0,50694.0,50694.0,50694.0,50694.0,50694.0
4071,50694.0,50694.0,50694.0,50694.0,50694.0,50694.0,50694.0,50694.0,50694.0,50694.0,50694.0
4072,50694.0,50694.0,50694.0,50694.0,50694.0,50694.0,50694.0,50694.0,50694.0,50694.0,50694.0
4073,50694.0,50694.0,50694.0,50694.0,50694.0,50694.0,50694.0,50694.0,50694.0,50694.0,50694.0
4074,50694.0,50694.0,50694.0,50694.0,50694.0,50694.0,50694.0,50694.0,50694.0,50694.0,50694.0
4075,50694.0,50694.0,50694.0,50694.0,50694.0,50694.0,50694.0,50694.0,50694.0,50694.0,50694.0
4076,50694.0,50694.0,50694.0,50694.0,50694.0,50694.0,50694.0,50694.0,50694.0,50694.0,50694.0
4077,50694.0,50694.0,50694.0,50694.0,50694.0,50694.0,50694.0,50694.0,50694.0,50694.0,50694.0
4078,50694.0,50694.0,50694.0,50694.0,50694.0,50694.0,50694.0,50694.0,50694.0,50694.0,50694.0
4079,50694.0,50694.0,50694.0,50694.0,50694.0,50694.0,50694.0,50694.0,50694.0,50694.0,50694.0
4080,50694.0,50694.0,50694.0,50694.0,50694.0,50694.0,50694.0,50694.0,50694.0,50694.0,50694.0
4081,50694.0,50694.0,50694.0,50694.0,50694.0,50694.0,50694.0,50694.0,50694.0,50694.0,50694.0
4082,50694.0,50694.0,50694.0,50694.0,50694.0,50694.0,50694.0,50694.0,50694.0,50694.0,50694.0
4083,50694.0,50694.0,50694.0,50694.0,50694.0,50694.0,50694.0,50694.0,50694.0,50694.0,50694.0
4084,50694.0,50694.0,50694.0,50694.0,50694.0,50694.0,50694.0,50694.0,50694.0,50694.0,50694.0
4085,50694.0,50694.0,50694.0,50694.0,50694.0,50694.0,50694.0,50694.0,50694.0,50694.0,50694.0
4086,50694.0,50694.0,50694.0,50694.0,50694.0,50694.0,50694.0,50694.0,50694.0,50694.0,50694.0
4087,50694.0,50694.0,50694.0,50694.0,50694.0,50694.0,50694.0,50694.0,50694.0,50694.0,50694.0
4088,50694.0,50694.0,50694.0,50694.0,50694.0,50694.0,50694.0,50694.0,50694.0,50694.0,50694.0
4089,50694.0,50694.0,50694.0,50694.0,50694.0,50694.0,50694.0,50694.0,50694.0,50694.0,50694.0
4090,50694.0,50694.0,50694.0,50694.0,50694.0,50694.0,50694.0,50694.0,50694.0,50694.0,50694.0
4091,50694.0,50694.0,50694.0,50694.0,50694.0,50694.0,50694.0,50694.0,50694.0,50694.0,50694.0
4092,50694.0,50694.0,50694.0,50694.0,50694.0,50694.0,50694.0,50694.0,50694.0,50694.0,50694.0
4093,50694.0,50694.0,50694.0,50694.0,50694.0,50694.0,50694.0,50694.0,50694.0,50694.0,50694.0
4094,50694.0,50694.0,50694.0,50694.0,50694.0,50694.0,50694.0,50694.0,50694.0,50694.0,50694.0
4095,50694.0,50694.0,50694.0,50694.0,50694.0,50694.0,50694.0,50694.0,50694.0,50694.0,50694.0
4096,50694.0,50694.0,50694.0,50694.0,50694.0,50694.0,50694.0,50694.0,50694.0,50694.0,50694.0
4097,50694.0,50694.0,50694.0,50694.0,50694.0,50694.0,50694.0,50694.0,50694.0,50694.0,50694.0
4098,50694.0,50694.0,50694.0,50694.0,50694.0,50694.0,50694.0,50694.0,50694.0,50694.0,50694.0
4099,50694.0,50694.0,50694.0,50694.0,50694.0,50694.0,50694.0,50694.0,50694.0,50694.0,50694.0
4100,50694.0,50694.0,50694.0,50694.0,50694.0,50694.0,50694.0,50694.0,50694.0,50694.0,50694.0
4101,50694.0,50694.0,50694.0,50694.0,50694.0,50694.0,50694.0,50694.0,50694.0,50694.0,50694.0
4102,50694.0,50694.0,50694.0,50694.0,50694.0,50694.0,50694.0,50694.0,50694.0,50694.0,50694.0
4103,50694.0,50694.0,50694.0,50694.0,50694.0,50694.0,50694.0,50694.0,50694.0,50694.0,50694.0
4104,50694.0,50694.0,50694.0,50694.0,50694.0,50694.0,50694.0,50694.0,50694.0,50694.0,50694.0
4105,50694.0,50694.0,50694.0,50694.0,50694.0,50694.0,50694.0,50694.0,50694.0,50694.0,50694.0
4106,50694.0,50694.0,50694.0,50694.0,50694.0,50694.0,50694.0,50694.0,50694.0,50694.0,50694.0
4107,50694.0,50694.0,50694.0,50694.0,50694.0,50694.0,50694.0,50694.0,50694.0,50694.0,50694.0
4108,50694.0,50694.0,50694.0,50694.0,50694.0,50694.0,50694.0,50694.0,50694.0,50694.0,50694.0
4109,50694.0,50694.0,50694.0,50694.0,50694.0,50694.0,50694.0,50694.0,50694.0,50694.0,50694.0
4110,50694.0,50694.0,50694.0,50694.0,50694.0,50694.0,50694.0,50694.0,50694.0,50694.0,50694.0
4111,50694.0,50694.0,50694.0,50694.0,50694.0,50694.0,50694.0,50694.0,50694.0,50694.0,50694.0
4112,50694.0,50694.0,50694.0,50694.0,50694.0,50694.0,50694.0,50694.0,50694.0,50694.0,50694.0
4113,50694.0,50694.0,50694.0,50694.0,50694.0,50694.0,50694.0,50694.0,50694.0,50694.0,50694.0
4114,50694.0,50694.0,50694.0,50694.0,50694.0,50694.0,50694.0,50694.0,50694.0,50694.0,50694.0
4115,50694.0,50694.0,50694.0,50694.0,50694.0,50694.0,50694.0,50694.0,50694.0,50694.0,50694.0
4116,50694.0,50694.0,50694.0,50694.0,50694.0,50694.0,50694.0,50694.0,50694.0,50694.0,50694.0
4117,50694.0,50694.0,50694.0,50694.0,50694.0,50694.0,50694.0,50694.0,50694.0,50694.0,50694.0
4118,50694.0,50694.0,50694.0,50694.0,50694.0,50694.0,50694.0,50694.0,50694.0,50694.0,50694.0
4119,50694.0,50694.0,50694.0,50694.0,50694.0,50694.0,50694.0,50694.0,50694.0,50694.0,50694.0
4120,50694.0,50694.0,50694.0,50694.0,50694.0,50694.0,50694.0,50694.0,50694.0,50694.0,50694.0
4121,50694.0,50694.0,50694.0,50694.0,50694.0,50694.0,50694.0,50694.0,50694.0,50694.0,50694.0
4122,50694.0,50694.0,50694.0,50694.0,50694.0,50694.0,50694.0,50694.0,50694.0,50694.0,50694.0
4123,50694.0,50694.0,50694.0,50694.0,50694.0,50694.0,50694.0,50694.0,50694.0,50694.0,50694.0
4124,50694.0,50694.0,50694.0,50694.0,50694.0,50694.0,50694.0,50694.0,50694.0,50694.0,50694.0
4125,50694.0,50694.0,50694.0,50694.0,50694.0,50694.0,50694.0,50694.0,50694.0,50694.0,50694.0
4126,50694.0,50694.0,50694.0,50694.0,50694.0,50694.0,50694.0,50694.0,50694.0,50694.0,50694.0
4127,50694.0,50694.0,50694.0,50694.0,50694.0,50694.0,50694.0,50694.0,50694.0,50694.0,50694.0
4128,50694.0,50694.0,50694.0,50694.0,50694.0,50694.0,50694.0,50694.0,50694.0,50694.0,50694.0
4129,50694.0,50694.0,50694.0,50694.0,50694.0,50694.0,50694.0,50694.0,50694.0,50694.0,50694.0
4130,50694.0,50694.0,50694.0,50694.0,50694.0,50694.0,50694.0,50694.0,50694.0,50694.0,50694.0
4131,50694.0,50694.0,50694.0,50694.0,50694.0,50694.0,50694.0,50694.0,50694.0,50694.0,50694.0
4132,50694.0,50694.0,50694.0,50694.0,50694.0,50694.0,50694.0,50694.0,50694.0,50694.0,50694.0
4133,50694.0,50694.0,50694.0,50694.0,50694.0,50694.0,50694.0,50694.0,50694.0,50694.0,50694.0
4134,50694.0,50694.0,50694.0,50694.0,50694.0,50694.0,50694.0,50694.0,50694.0,50694.0,50694.0
4135,50694.0,50694.0,50694.0,50694.0,50694.0,50694.0,50694.0,50694.0,50694.0,50694.0,50694.0
4136,50694.0,50694.0,50694.0,50694.0,50694.0,50694.0,50694.0,50694.0,50694.0,50694.0,50694.0
4137,50694.0,50694.0,50694.0,50694.0,50694.0,50694.0,50694.0,50694.0,50694.0,50694.0,50694.0
4138,50694.0,50694.0,50694.0,50694.0,50694.0,50694.0,50694.0,50694.0,50694.0,50694.0,50694.0
4139,50694.0,50694.0,50694.0,50694.0,50694.0,50694.0,50694.0,50694.0,50694.0,50694.0,50694.0
4140,50694.0,50694.0,50694.0,50694.0,50694.0,50694.0,50694.0,50694.0,50694.0,50694.0,50694.0
4141,50694.0,50694.0,50694.0,50694.0,50694.0,50694.0,50694.0,50694.0,50694.0,50694.0,50694.0
4142,50694.0,50694.0,50694.0,50694.0,50694.0,50694.0,50694.0,50694.0,50694.0,50694.0,50694.0
4143,50694.0,50694.0,50694.0,50694.0,50694.0,50694.0,50694.0,50694.0,50694.0,50694.0,50694.0
4144,50694.0,50694.0,50694.0,50694.0,50694.0,50694.0,50694.0,50694.0,50694.0,50694.0,50694.0
4145,50694.0,50694.0,50694.0,50694.0,50694.0,50694.0,50694.0,50694.0,50694.0,50694.0,50694.0
4146,50694.0,50694.0,50694.0,50694.0,50694.0,50694.0,50694.0,50694.0,50694.0,50694.0,50694.0
4147,50694.0,50694.0,50694.0,50694.0,50694.0,50694.0,50694.0,50694.0,50694.0,50694.0,50694.0
4148,50694.0,50694.0,50694.0,50694.0,50694.0,50694.0,50694.0,50694.0,50694.0,50694.0,50694.0
4149,50694.0,50694.0,50694.0,50694.0,50694.0,50694.0,50694.0,50694.0,50694.0,50694.0,50694.0
4150,50694.0,50694.0,50694.0,50694.0,50694.0,50694.0,50694.0,50694.0,50694.0,50694.0,50694.0
4151,50694.0,50694.0,50694.0,50694.0,50694.0,50694.0,50694.0,50694.0,50694.0,50694.0,50694.0
4152,50694.0,50694.0,50694.0,50694.0,50694.0,50694.0,50694.0,50694.0,50694.0,50694.0,50694.0
4153,50694.0,50694.0,50694.0,50694.0,50694.0,50694.0,50694.0,50694.0,50694.0,50694.0,50694.0
4154,50694.0,50694.0,50694.0,50694.0,50694.0,50694.0,50694.0,50694.0,50694.0,50694.0,50694.0
4155,50694.0,50694.0,50694.0,50694.0,50694.0,50694.0,50694.0,50694.0,50694.0,50694.0,50694.0
4156,50694.0,50694.0,50694.0,50694.0,50694.0,50694.0,50694.0,50694.0,50694.0,50694.0,50694.0
4157,50694.0,50694.0,50694.0,50694.0,50694.0,50694.0,50694.0,50694.0,50694.0,50694.0,50694.0
4158,50694.0,50694.0,50694.0,50694.0,50694.0,50694.0,50694.0,50694.0,50694.0,50694.0,50694.0
4159,50694.0,50694.0,50694.0,50694.0,50694.0,50694.0,50694.0,50694.0,50694.0,50694.0,50694.0
4160,50694.0,50694.0,50694.0,50694.0,50694.0,50694.0,50694.0,50694.0,50694.0,50694.0,50694.0
4161,50694.0,50694.0,50694.0,50694.0,50694.0,50694.0,50694.0,50694.0,50694.0,50694.0,50694.0
4162,50694.0,50694.0,50694.0,50694.0,50694.0,50694.0,50694.0,50694.0,50694.0,50694.0,50694.0
4163,50694.0,50694.0,50694.0,50694.0,50694.0,50694.0,50694.0,50694.0,50694.0,50694.0,50694.0
4164,50694.0,50694.0,50694.0,50694.0,50694.0,50694.0,50694.0,50694.0,50694.0,50694.0,50694.0
4165,50694.0,50694.0,50694.0,50694.0,50694.0,50694.0,50694.0,50694.0,50694.0,50694.0,50694.0
4166,50694.0,50694.0,50694.0,50694.0,50694.0,50694.0,50694.0,50694.0,50694.0,50694.0,50694.0
4167,50694.0,50694.0,50694.0,50694.0,50694.0,50694.0,50694.0,50694.0,50694.0,50694.0,50694.0
4168,50694.0,50694.0,50694.0,50694.0,50694.0,50694.0,50694.0,50694.0,50694.0,50694.0,50694.0
4169,50694.0,50694.0,50694.0,50694.0,50694.0,50694.0,50694.0,50694.0,50694.0,50694.0,50694.0
4170,50694.0,50694.0,50694.0,50694.0,50694.0,50694.0,50694.0,50694.0,50694.0,50694.0,50694.0
4171,50694.0,50694.0,50694.0,50694.0,50694.0,50694.0,50694.0,50694.0,50694.0,50694.0,50694.0
4172,50694.0,50694.0,50694.0,50694.0,50694.0,50694.0,50694.0,50694.0,50694.0,50694.0,50694.0
4173,50694.0,50694.0,50694.0,50694.0,50694.0,50694.0,50694.0,50694.0,50694.0,50694.0,50694.0
4174,50694.0,50694.0,50694.0,50694.0,50694.0,50694.0,50694.0,50694.0,50694.0,50694.0,50694.0
4175,50694.0,50694.0,50694.0,50694.0,50694.0,50694.0,50694.0,50694.0,50694.0,50694.0,50694.0
4176,50694.0,50694.0,50694.0,50694.0,50694.0,50694.0,50694.0,50694.0,50694.0,50694.0,50694.0
4177,50694.0,50694.0,50694.0,50694.0,50694.0,50694.0,50694.0,50694.0,50694.0,50694.0,50694.0
4178,50694.0,50694.0,50694.0,50694.0,50694.0,50694.0,50694.0,50694.0,50694.0,50694.0,50694.0
4179,50694.0,50694.0,50694.0,50694.0,50694.0,50694.0,50694.0,50694.0,50694.0,50694.0,50694.0
4180,50694.0,50694.0,50694.0,50694.0,50694.0,50694.0,50694.0,50694.0,50694.0,50694.0,50694.0
4181,50694.0,50694.0,50694.0,50694.0,50694.0,50694.0,50694.0,50694.0,50694.0,50694.0,50694.0
4182,50694.0,50694.0,50694.0,50694.0,50694.0,50694.0,50694.0,50694.0,50694.0,50694.0,50694.0
4183,50694.0,50694.0,50694.0,50694.0,50694.0,50694.0,50694.0,50694.0,50694.0,50694.0,50694.0
4184,50694.0,50694.0,50694.0,50694.0,50694.0,50694.0,50694.0,50694.0,50694.0,50694.0,50694.0
4185,50694.0,50694.0,50694.0,50694.0,50694.0,50694.0,50694.0,50694.0,50694.0,50694.0,50694.0
4186,50694.0,50694.0,50694.0,50694.0,50694.0,50694.0,50694.0,50694.0,50694.0,50694.0,50694.0
4187,50694.0,50694.0,50694.0,50694.0,50694.0,50694.0,50694.0,50694.0,50694.0,50694.0,50694.0
4188,50694.0,50694.0,50694.0,50694.0,50694.0,50694.0,50694.0,50694.0,50694.0,50694.0,50694.0
4189,50694.0,50694.0,50694.0,50694.0,50694.0,50694.0,50694.0,50694.0,50694.0,50694.0,50694.0
4190,50694.0,50694.0,50694.0,50694.0,50694.0,50694.0,50694.0,50694.0,50694.0,50694.0,50694.0
4191,50694.0,50694.0,50694.0,50694.0,50694.0,50694.0,50694.0,50694.0,50694.0,50694.0,50694.0
4192,50694.0,50694.0,50694.0,50694.0,50694.0,50694.0,50694.0,50694.0,50694.0,50694.0,50694.0
4193,50694.0,50694.0,50694.0,50694.0,50694.0,50694.0,50694.0,50694.0,50694.0,50694.0,50694.0
4194,50694.0,50694.0,50694.0,50694.0,50694.0,50694.0,50694.0,50694.0,50694.0,50694.0,50694.0
4195,50694.0,50694.0,50694.0,50694.0,50694.0,50694.0,50694.0,50694.0,50694.0,50694.0,50694.0
4196,50694.0,50694.0,50694.0,50694.0,50694.0,50694.0,50694.0,50694.0,50694.0,50694.0,50694.0
4197,50694.0,50694.0,50694.0,50694.0,50694.0,50694.0,50694.0,50694.0,50694.0,50694.0,50694.0
4198,50694.0,50694.0,50694.0,50694.0,50694.0,50694.0,50694.0,50694.0,50694.0,50694.0,50694.0
4199,50694.0,50694.0,50694.0,50694.0,50694.0,50694.0,50694.0,50694.0,50694.0,50694.0,50694.0
4200,50694.0,50694.0,50694.0,50694.0,50694.0,50694.0,50694.0,50694.0,50694.0,50694.0,50694.0
4201,50694.0,50694.0,50694.0,50694.0,50694.0,50694.0,50694.0,50694.0,50694.0,50694.0,50694.0
4202,50694.0,50694.0,50694.0,50694.0,50694.0,50694.0,50694.0,50694.0,50694.0,50694.0,50694.0
4203,50694.0,50694.0,50694.0,50694.0,50694.0,50694.0,50694.0,50694.0,50694.0,50694.0,50694.0
4204,50694.0,50694.0,50694.0,50694.0,50694.0,50694.0,50694.0,50694.0,50694.0,50694.0,50694.0
4205,50694.0,50694.0,50694.0,50694.0,50694.0,50694.0,50694.0,50694.0,50694.0,50694.0,50694.0
4206,50694.0,50694.0,50694.0,50694.0,50694.0,50694.0,50694.0,50694.0,50694.0,50694.0,50694.0
4207,50694.0,50694.0,50694.0,50694.0,50694.0,50694.0,50694.0,50694.0,50694.0,50694.0,50694.0
4208,50694.0,50694.0,50694.0,50694.0,50694.0,50694.0,50694.0,50694.0,50694.0,50694.0,50694.0
4209,50694.0,50694.0,50694.0,50694.0,50694.0,50694.0,50694.0,50694.0,50694.0,50694.0,50694.0
4210,50694.0,50694.0,50694.0,50694.0,50694.0,50694.0,50694.0,50694.0,50694.0,50694.0,50694.0
4211,50694.0,50694.0,50694.0,50694.0,50694.0,50694.0,50694.0,50694.0,50694.0,50694.0,50694.0
4212,50694.0,50694.0,50694.0,50694.0,50694.0,50694.0,50694.0,50694.0,50694.0,50694.0,50694.0
4213,50694.0,50694.0,50694.0,50694.0,50694.0,50694.0,50694.0,50694.0,50694.0,50694.0,50694.0
4214,50694.0,50694.0,50694.0,50694.0,50694.0,50694.0,50694.0,50694.0,50694.0,50694.0,50694.0
4215,50694.0,50694.0,50694.0,50694.0,50694.0,50694.0,50694.0,50694.0,50694.0,50694.0,50694.0
4216,50694.0,50694.0,50694.0,50694.0,50694.0,50694.0,50694.0,50694.0,50694.0,50694.0,50694.0
4217,50694.0,50694.0,50694.0,50694.0,50694.0,50694.0,50694.0,50694.0,50694.0,50694.0,50694.0
4218,50694.0,50694.0,50694.0,50694.0,50694.0,50694.0,50694.0,50694.0,50694.0,50694.0,50694.0
4219,50694.0,50694.0,50694.0,50694.0,50694.0,50694.0,50694.0,50694.0,50694.0,50694.0,50694.0
4220,50694.0,50694.0,50694.0,50694.0,50694.0,50694.0,50694.0,50694.0,50694.0,50694.0,50694.0
4221,50694.0,50694.0,50694.0,50694.0,50694.0,50694.0,50694.0,50694.0,50694.0,50694.0,50694.0
4222,50694.0,50694.0,50694.0,50694.0,50694.0,50694.0,50694.0,50694.0,50694.0,50694.0,50694.0
4223,50694.0,50694.0,50694.0,50694.0,50694.0,50694.0,50694.0,50694.0,50694.0,50694.0,50694.0
4224,50694.0,50694.0,50694.0,50694.0,50694.0,50694.0,50694.0,50694.0,50694.0,50694.0,50694.0
4225,50694.0,50694.0,50694.0,50694.0,50694.0,50694.0,50694.0,50694.0,50694.0,50694.0,50694.0
4226,50694.0,50694.0,50694.0,50694.0,50694.0,50694.0,50694.0,50694.0,50694.0,50694.0,50694.0
4227,50694.0,50694.0,50694.0,50694.0,50694.0,50694.0,50694.0,50694.0,50694.0,50694.0,50694.0
4228,50694.0,50694.0,50694.0,50694.0,50694.0,50694.0,50694.0,50694.0,50694.0,50694.0,50694.0
4229,50694.0,50694.0,50694.0,50694.0,50694.0,50694.0,50694.0,50694.0,50694.0,50694.0,50694.0
4230,50694.0,50694.0,50694.0,50694.0,50694.0,50694.0,50694.0,50694.0,50694.0,50694.0,50694.0
4231,50694.0,50694.0,50694.0,50694.0,50694.0,50694.0,50694.0,50694.0,50694.0,50694.0,50694.0
4232,50694.0,50694.0,50694.0,50694.0,50694.0,50694.0,50694.0,50694.0,50694.0,50694.0,50694.0
4233,50694.0,50694.0,50694.0,50694.0,50694.0,50694.0,50694.0,50694.0,50694.0,50694.0,50694.0
4234,50694.0,50694.0,50694.0,50694.0,50694.0,50694.0,50694.0,50694.0,50694.0,50694.0,50694.0
4235,50694.0,50694.0,50694.0,50694.0,50694.0,50694.0,50694.0,50694.0,50694.0,50694.0,50694.0
4236,50694.0,50694.0,50694.0,50694.0,50694.0,50694.0,50694.0,50694.0,50694.0,50694.0,50694.0
4237,50694.0,50694.0,50694.0,50694.0,50694.0,50694.0,50694.0,50694.0,50694.0,50694.0,50694.0
4238,50694.0,50694.0,50694.0,50694.0,50694.0,50694.0,50694.0,50694.0,50694.0,50694.0,50694.0
4239,50694.0,50694.0,50694.0,50694.0,50694.0,50694.0,50694.0,50694.0,50694.0,50694.0,50694.0
4240,50694.0,50694.0,50694.0,50694.0,50694.0,50694.0,50694.0,50694.0,50694.0,50694.0,50694.0
4241,50694.0,50694.0,50694.0,50694.0,50694.0,50694.0,50694.0,50694.0,50694.0,50694.0,50694.0
4242,50694.0,50694.0,50694.0,50694.0,50694.0,50694.0,50694.0,50694.0,50694.0,50694.0,50694.0
4243,50694.0,50694.0,50694.0,50694.0,50694.0,50694.0,50694.0,50694.0,50694.0,50694.0,50694.0
4244,50694.0,50694.0,50694.0,50694.0,50694.0,50694.0,50694.0,50694.0,50694.0,50694.0,50694.0
4245,50694.0,50694.0,50694.0,50694.0,50694.0,50694.0,50694.0,50694.0,50694.0,50694.0,50694.0
4246,50694.0,50694.0,50694.0,50694.0,50694.0,50694.0,50694.0,50694.0,50694.0,50694.0,50694.0
4247,50694.0,50694.0,50694.0,50694.0,50694.0,50694.0,50694.0,50694.0,50694.0,50694.0,50694.0
4248,50694.0,50694.0,50694.0,50694.0,50694.0,50694.0,50694.0,50694.0,50694.0,50694.0,50694.0
4249,50694.0,50694.0,50694.0,50694.0,50694.0,50694.0,50694.0,50694.0,50694.0,50694.0,50694.0
4250,50694.0,50694.0,50694.0,50694.0,50694.0,50694.0,50694.0,50694.0,50694.0,50694.0,50694.0
4251,50694.0,50694.0,50694.0,50694.0,50694.0,50694.0,50694.0,50694.0,50694.0,50694.0,50694.0
4252,50694.0,50694.0,50694.0,50694.0,50694.0,50694.0,50694.0,50694.0,50694.0,50694.0,50694.0
4253,50694.0,50694.0,50694.0,50694.0,50694.0,50694.0,50694.0,50694.0,50694.0,50694.0,50694.0
4254,50694.0,50694.0,50694.0,50694.0,50694.0,50694.0,50694.0,50694.0,50694.0,50694.0,50694.0
4255,50694.0,50694.0,50694.0,50694.0,50694.0,50694.0,50694.0,50694.0,50694.0,50694.0,50694.0
4256,50694.0,50694.0,50694.0,50694.0,50694.0,50694.0,50694.0,50694.0,50694.0,50694.0,50694.0
4257,50694.0,50694.0,50694.0,50694.0,50694.0,50694.0,50694.0,50694.0,50694.0,50694.0,50694.0
4258,50694.0,50694.0,50694.0,50694.0,50694.0,50694.0,50694.0,50694.0,50694.0,50694.0,50694.0
4259,50694.0,50694.0,50694.0,50694.0,50694.0,50694.0,50694.0,50694.0,50694.0,50694.0,50694.0
4260,50694.0,50694.0,50694.0,50694.0,50694.0,50694.0,50694.0,50694.0,50694.0,50694.0,50694.0
4261,50694.0,50694.0,50694.0,50694.0,50694.0,50694.0,50694.0,50694.0,50694.0,50694.0,50694.0
4262,50694.0,50694.0,50694.0,50694.0,50694.0,50694.0,50694.0,50694.0,50694.0,50694.0,50694.0
4263,50694.0,50694.0,50694.0,50694.0,50694.0,50694.0,50694.0,50694.0,50694.0,50694.0,50694.0
4264,50694.0,50694.0,50694.0,50694.0,50694.0,50694.0,50694.0,50694.0,50694.0,50694.0,50694.0
4265,50694.0,50694.0,50694.0,50694.0,50694.0,50694.0,50694.0,50694.0,50694.0,50694.0,50694.0
4266,50694.0,50694.0,50694.0,50694.0,50694.0,50694.0,50694.0,50694.0,50694.0,50694.0,50694.0
4267,50694.0,50694.0,50694.0,50694.0,50694.0,50694.0,50694.0,50694.0,50694.0,50694.0,50694.0
4268,50694.0,50694.0,50694.0,50694.0,50694.0,50694.0,50694.0,50694.0,50694.0,50694.0,50694.0
4269,50694.0,50694.0,50694.0,50694.0,50694.0,50694.0,50694.0,50694.0,50694.0,50694.0,50694.0
4270,50694.0,50694.0,50694.0,50694.0,50694.0,50694.0,50694.0,50694.0,50694.0,50694.0,50694.0
4271,50694.0,50694.0,50694.0,50694.0,50694.0,50694.0,50694.0,50694.0,50694.0,50694.0,50694.0
4272,50694.0,50694.0,50694.0,50694.0,50694.0,50694.0,50694.0,50694.0,50694.0,50694.0,50694.0
4273,50694.0,50694.0,50694.0,50694.0,50694.0,50694.0,50694.0,50694.0,50694.0,50694.0,50694.0
4274,50694.0,50694.0,50694.0,50694.0,50694.0,50694.0,50694.0,50694.0,50694.0,50694.0,50694.0
4275,50694.0,50694.0,50694.0,50694.0,50694.0,50694.0,50694.0,50694.0,50694.0,50694.0,50694.0
4276,50694.0,50694.0,50694.0,50694.0,50694.0,50694.0,50694.0,50694.0,50694.0,50694.0,50694.0
4277,50694.0,50694.0,50694.0,50694.0,50694.0,50694.0,50694.0,50694.0,50694.0,50694.0,50694.0
4278,50694.0,50694.0,50694.0,50694.0,50694.0,50694.0,50694.0,50694.0,50694.0,50694.0,50694.0
4279,50694.0,50694.0,50694.0,50694.0,50694.0,50694.0,50694.0,50694.0,50694.0,50694.0,50694.0
4280,50694.0,50694.0,50694.0,50694.0,50694.0,50694.0,50694.0,50694.0,50694.0,50694.0,50694.0
4281,50694.0,50694.0,50694.0,50694.0,50694.0,50694.0,50694.0,50694.0,50694.0,50694.0,50694.0
4282,50694.0,50694.0,50694.0,50694.0,50694.0,50694.0,50694.0,50694.0,50694.0,50694.0,50694.0
4283,50694.0,50694.0,50694.0,50694.0,50694.0,50694.0,50694.0,50694.0,50694.0,50694.0,50694.0
4284,50694.0,50694.0,50694.0,50694.0,50694.0,50694.0,50694.0,50694.0,50694.0,50694.0,50694.0
4285,50694.0,50694.0,50694.0,50694.0,50694.0,50694.0,50694.0,50694.0,50694.0,50694.0,50694.0
4286,50694.0,50694.0,50694.0,50694.0,50694.0,50694.0,50694.0,50694.0,50694.0,50694.0,50694.0
4287,50694.0,50694.0,50694.0,50694.0,50694.0,50694.0,50694.0,50694.0,50694.0,50694.0,50694.0
4288,50694.0,50694.0,50694.0,50694.0,50694.0,50694.0,50694.0,50694.0,50694.0,50694.0,50694.0
4289,50694.0,50694.0,50694.0,50694.0,50694.0,50694.0,50694.0,50694.0,50694.0,50694.0,50694.0
4290,50694.0,50694.0,50694.0,50694.0,50694.0,50694.0,50694.0,50694.0,50694.0,50694.0,50694.0
4291,50694.0,50694.0,50694.0,50694.0,50694.0,50694.0,50694.0,50694.0,50694.0,50694.0,50694.0
4292,50694.0,50694.0,50694.0,50694.0,50694.0,50694.0,50694.0,50694.0,50694.0,50694.0,50694.0
4293,50694.0,50694.0,50694.0,50694.0,50694.0,50694.0,50694.0,50694.0,50694.0,50694.0,50694.0
4294,50694.0,50694.0,50694.0,50694.0,50694.0,50694.0,50694.0,50694.0,50694.0,50694.0,50694.0
4295,50694.0,50694.0,50694.0,50694.0,50694.0,50694.0,50694.0,50694.0,50694.0,50694.0,50694.0
4296,50694.0,50694.0,50694.0,50694.0,50694.0,50694.0,50694.0,50694.0,50694.0,50694.0,50694.0
4297,50694.0,50694.0,50694.0,50694.0,50694.0,50694.0,50694.0,50694.0,50694.0,50694.0,50694.0
4298,50694.0,50694.0,50694.0,50694.0,50694.0,50694.0,50694.0,50694.0,50694.0,50694.0,50694.0
4299,50694.0,50694.0,50694.0,50694.0,50694.0,50694.0,50694.0,50694.0,50694.0,50694.0,50694.0
4300,50694.0,50694.0,50694.0,50694.0,50694.0,50694.0,50694.0,50694.0,50694.0,50694.0,50694.0
4301,50694.0,50694.0,50694.0,50694.0,50694.0,50694.0,50694.0,50694.0,50694.0,50694.0,50694.0
4302,50694.0,50694.0,50694.0,50694.0,50694.0,50694.0,50694.0,50694.0,50694.0,50694.0,50694.0
4303,50694.0,50694.0,50694.0,50694.0,50694.0,50694.0,50694.0,50694.0,50694.0,50694.0,50694.0
4304,50694.0,50694.0,50694.0,50694.0,50694.0,50694.0,50694.0,50694.0,50694.0,50694.0,50694.0
4305,50694.0,50694.0,50694.0,50694.0,50694.0,50694.0,50694.0,50694.0,50694.0,50694.0,50694.0
4306,50694.0,50694.0,50694.0,50694.0,50694.0,50694.0,50694.0,50694.0,50694.0,50694.0,50694.0
4307,50694.0,50694.0,50694.0,50694.0,50694.0,50694.0,50694.0,50694.0,50694.0,50694.0,50694.0
4308,50694.0,50694.0,50694.0,50694.0,50694.0,50694.0,50694.0,50694.0,50694.0,50694.0,50694.0
4309,50694.0,50694.0,50694.0,50694.0,50694.0,50694.0,50694.0,50694.0,50694.0,50694.0,50694.0
4310,50694.0,50694.0,50694.0,50694.0,50694.0,50694.0,50694.0,50694.0,50694.0,50694.0,50694.0
4311,50694.0,50694.0,50694.0,50694.0,50694.0,50694.0,50694.0,50694.0,50694.0,50694.0,50694.0
4312,50694.0,50694.0,50694.0,50694.0,50694.0,50694.0,50694.0,50694.0,50694.0,50694.0,50694.0
4313,50694.0,50694.0,50694.0,50694.0,50694.0,50694.0,50694.0,50694.0,50694.0,50694.0,50694.0
4314,50694.0,50694.0,50694.0,50694.0,50694.0,50694.0,50694.0,50694.0,50694.0,50694.0,50694.0
4315,50694.0,50694.0,50694.0,50694.0,50694.0,50694.0,50694.0,50694.0,50694.0,50694.0,50694.0
4316,50694.0,50694.0,50694.0,50694.0,50694.0,50694.0,50694.0,50694.0,50694.0,50694.0,50694.0
4317,50694.0,50694.0,50694.0,50694.0,50694.0,50694.0,50694.0,50694.0,50694.0,50694.0,50694.0
4318,50694.0,50694.0,50694.0,50694.0,50694.0,50694.0,50694.0,50694.0,50694.0,50694.0,50694.0
4319,50694.0,50694.0,50694.0,50694.0,50694.0,50694.0,50694.0,50694.0,50694.0,50694.0,50694.0
4320,50694.0,50694.0,50694.0,50694.0,50694.0,50694.0,50694.0,50694.0,50694.0,50694.0,50694.0
4321,50694.0,50694.0,50694.0,50694.0,50694.0,50694.0,50694.0,50694.0,50694.0,50694.0,50694.0
4322,50694.0,50694.0,50694.0,50694.0,50694.0,50694.0,50694.0,50694.0,50694.0,50694.0,50694.0
4323,50694.0,50694.0,50694.0,50694.0,50694.0,50694.0,50694.0,50694.0,50694.0,50694.0,50694.0
4324,50694.0,50694.0,50694.0,50694.0,50694.0,50694.0,50694.0,50694.0,50694.0,50694.0,50694.0
4325,50694.0,50694.0,50694.0,50694.0,50694.0,50694.0,50694.0,50694.0,50694.0,50694.0,50694.0
4326,50694.0,50694.0,50694.0,50694.0,50694.0,50694.0,50694.0,50694.0,50694.0,50694.0,50694.0
4327,50694.0,50694.0,50694.0,50694.0,50694.0,50694.0,50694.0,50694.0,50694.0,50694.0,50694.0
4328,50694.0,50694.0,50694.0,50694.0,50694.0,50694.0,50694.0,50694.0,50694.0,50694.0,50694.0
4329,50694.0,50694.0,50694.0,50694.0,50694.0,50694.0,50694.0,50694.0,50694.0,50694.0,50694.0
4330,50694.0,50694.0,50694.0,50694.0,50694.0,50694.0,50694.0,50694.0,50694.0,50694.0,50694.0
4331,50694.0,50694.0,50694.0,50694.0,50694.0,50694.0,50694.0,50694.0,50694.0,50694.0,50694.0
4332,50694.0,50694.0,50694.0,50694.0,50694.0,50694.0,50694.0,50694.0,50694.0,50694.0,50694.0
4333,50694.0,50694.0,50694.0,50694.0,50694.0,50694.0,50694.0,50694.0,50694.0,50694.0,50694.0
4334,50694.0,50694.0,50694.0,50694.0,50694.0,50694.0,50694.0,50694.0,50694.0,50694.0,50694.0
4335,50694.0,50694.0,50694.0,50694.0,50694.0,50694.0,50694.0,50694.0,50694.0,50694.0,50694.0
4336,50694.0,50694.0,50694.0,50694.0,50694.0,50694.0,50694.0,50694.0,50694.0,50694.0,50694.0
4337,50694.0,50694.0,50694.0,50694.0,50694.0,50694.0,50694.0,50694.0,50694.0,50694.0,50694.0
4338,50694.0,50694.0,50694.0,50694.0,50694.0,50694.0,50694.0,50694.0,50694.0,50694.0,50694.0
4339,50694.0,50694.0,50694.0,50694.0,50694.0,50694.0,50694.0,50694.0,50694.0,50694.0,50694.0
4340,50694.0,50694.0,50694.0,50694.0,50694.0,50694.0,50694.0,50694.0,50694.0,50694.0,50694.0
4341,50694.0,50694.0,50694.0,50694.0,50694.0,50694.0,50694.0,50694.0,50694.0,50694.0,50694.0
4342,50694.0,50694.0,50694.0,50694.0,50694.0,50694.0,50694.0,50694.0,50694.0,50694.0,50694.0
4343,50694.0,50694.0,50694.0,50694.0,50694.0,50694.0,50694.0,50694.0,50694.0,50694.0,50694.0
4344,50694.0,50694.0,50694.0,50694.0,50694.0,50694.0,50694.0,50694.0,50694.0,50694.0,50694.0
4345,50694.0,50694.0,50694.0,50694.0,50694.0,50694.0,50694.0,50694.0,50694.0,50694.0,50694.0
4346,50694.0,50694.0,50694.0,50694.0,50694.0,50694.0,50694.0,50694.0,50694.0,50694.0,50694.0
4347,50694.0,50694.0,50694.0,50694.0,50694.0,50694.0,50694.0,50694.0,50694.0,50694.0,50694.0
4348,50694.0,50694.0,50694.0,50694.0,50694.0,50694.0,50694.0,50694.0,50694.0,50694.0,50694.0
4349,50694.0,50694.0,50694.0,50694.0,50694.0,50694.0,50694.0,50694.0,50694.0,50694.0,50694.0
4350,50694.0,50694.0,50694.0,50694.0,50694.0,50694.0,50694.0,50694.0,50694.0,50694.0,50694.0
4351,50694.0,50694.0,50694.0,50694.0,50694.0,50694.0,50694.0,50694.0,50694.0,50694.0,50694.0
4352,50694.0,50694.0,50694.0,50694.0,50694.0,50694.0,50694.0,50694.0,50694.0,50694.0,50694.0
4353,50694.0,50694.0,50694.0,50694.0,50694.0,50694.0,50694.0,50694.0,50694.0,50694.0,50694.0
4354,50694.0,50694.0,50694.0,50694.0,50694.0,50694.0,50694.0,50694.0,50694.0,50694.0,50694.0
4355,50694.0,50694.0,50694.0,50694.0,50694.0,50694.0,50694.0,50694.0,50694.0,50694.0,50694.0
4356,50694.0,50694.0,50694.0,50694.0,50694.0,50694.0,50694.0,50694.0,50694.0,50694.0,50694.0
4357,50694.0,50694.0,50694.0,50694.0,50694.0,50694.0,50694.0,50694.0,50694.0,50694.0,50694.0
4358,50694.0,50694.0,50694.0,50694.0,50694.0,50694.0,50694.0,50694.0,50694.0,50694.0,50694.0
4359,50694.0,50694.0,50694.0,50694.0,50694.0,50694.0,50694.0,50694.0,50694.0,50694.0,50694.0
4360,50694.0,50694.0,50694.0,50694.0,50694.0,50694.0,50694.0,50694.0,50694.0,50694.0,50694.0
4361,50694.0,50694.0,50694.0,50694.0,50694.0,50694.0,50694.0,50694.0,50694.0,50694.0,50694.0
4362,50694.0,50694.0,50694.0,50694.0,50694.0,50694.0,50694.0,50694.0,50694.0,50694.0,50694.0
4363,50694.0,50694.0,50694.0,50694.0,50694.0,50694.0,50694.0,50694.0,50694.0,50694.0,50694.0
4364,50694.0,50694.0,50694.0,50694.0,50694.0,50694.0,50694.0,50694.0,50694.0,50694.0,50694.0
4365,50694.0,50694.0,50694.0,50694.0,50694.0,50694.0,50694.0,50694.0,50694.0,50694.0,50694.0
4366,50694.0,50694.0,50694.0,50694.0,50694.0,50694.0,50694.0,50694.0,50694.0,50694.0,50694.0
4367,50694.0,50694.0,50694.0,50694.0,50694.0,50694.0,50694.0,50694.0,50694.0,50694.0,50694.0
4368,50694.0,50694.0,50694.0,50694.0,50694.0,50694.0,50694.0,50694.0,50694.0,50694.0,50694.0
4369,50694.0,50694.0,50694.0,50694.0,50694.0,50694.0,50694.0,50694.0,50694.0,50694.0,50694.0
4370,50694.0,50694.0,50694.0,50694.0,50694.0,50694.0,50694.0,50694.0,50694.0,50694.0,50694.0
4371,50694.0,50694.0,50694.0,50694.0,50694.0,50694.0,50694.0,50694.0,50694.0,50694.0,50694.0
4372,50694.0,50694.0,50694.0,50694.0,50694.0,50694.0,50694.0,50694.0,50694.0,50694.0,50694.0
4373,50694.0,50694.0,50694.0,50694.0,50694.0,50694.0,50694.0,50694.0,50694.0,50694.0,50694.0
4374,50694.0,50694.0,50694.0,50694.0,50694.0,50694.0,50694.0,50694.0,50694.0,50694.0,50694.0
4375,50694.0,50694.0,50694.0,50694.0,50694.0,50694.0,50694.0,50694.0,50694.0,50694.0,50694.0
4376,50694.0,50694.0,50694.0,50694.0,50694.0,50694.0,50694.0,50694.0,50694.0,50694.0,50694.0
4377,50694.0,50694.0,50694.0,50694.0,50694.0,50694.0,50694.0,50694.0,50694.0,50694.0,50694.0
4378,50694.0,50694.0,50694.0,50694.0,50694.0,50694.0,50694.0,50694.0,50694.0,50694.0,50694.0
4379,50694.0,50694.0,50694.0,50694.0,50694.0,50694.0,50694.0,50694.0,50694.0,50694.0,50694.0
4380,50694.0,50694.0,50694.0,50694.0,50694.0,50694.0,50694.0,50694.0,50694.0,50694.0,50694.0
4381,50694.0,50694.0,50694.0,50694.0,50694.0,50694.0,50694.0,50694.0,50694.0,50694.0,50694.0
4382,50694.0,50694.0,50694.0,50694.0,50694.0,50694.0,50694.0,50694.0,50694.0,50694.0,50694.0
4383,50694.0,50694.0,50694.0,50694.0,50694.0,50694.0,50694.0,50694.0,50694.0,50694.0,50694.0
4384,50694.0,50694.0,50694.0,50694.0,50694.0,50694.0,50694.0,50694.0,50694.0,50694.0,50694.0
4385,50694.0,50694.0,50694.0,50694.0,50694.0,50694.0,50694.0,50694.0,50694.0,50694.0,50694.0
4386,50694.0,50694.0,50694.0,50694.0,50694.0,50694.0,50694.0,50694.0,50694.0,50694.0,50694.0
4387,50694.0,50694.0,50694.0,50694.0,50694.0,50694.0,50694.0,50694.0,50694.0,50694.0,50694.0
4388,50694.0,50694.0,50694.0,50694.0,50694.0,50694.0,50694.0,50694.0,50694.0,50694.0,50694.0
4389,50694.0,50694.0,50694.0,50694.0,50694.0,50694.0,50694.0,50694.0,50694.0,50694.0,50694.0
4390,50694.0,50694.0,50694.0,50694.0,50694.0,50694.0,50694.0,50694.0,50694.0,50694.0,50694.0
4391,50694.0,50694.0,50694.0,50694.0,50694.0,50694.0,50694.0,50694.0,50694.0,50694.0,50694.0
4392,50694.0,50694.0,50694.0,50694.0,50694.0,50694.0,50694.0,50694.0,50694.0,50694.0,50694.0
4393,50694.0,50694.0,50694.0,50694.0,50694.0,50694.0,50694.0,50694.0,50694.0,50694.0,50694.0
4394,50694.0,50694.0,50694.0,50694.0,50694.0,50694.0,50694.0,50694.0,50694.0,50694.0,50694.0
4395,50694.0,50694.0,50694.0,50694.0,50694.0,50694.0,50694.0,50694.0,50694.0,50694.0,50694.0
4396,50694.0,50694.0,50694.0,50694.0,50694.0,50694.0,50694.0,50694.0,50694.0,50694.0,50694.0
4397,50694.0,50694.0,50694.0,50694.0,50694.0,50694.0,50694.0,50694.0,50694.0,50694.0,50694.0
4398,50694.0,50694.0,50694.0,50694.0,50694.0,50694.0,50694.0,50694.0,50694.0,50694.0,50694.0
4399,50694.0,50694.0,50694.0,50694.0,50694.0,50694.0,50694.0,50694.0,50694.0,50694.0,50694.0
4400,50694.0,50694.0,50694.0,50694.0,50694.0,50694.0,50694.0,50694.0,50694.0,50694.0,50694.0
4401,50694.0,50694.0,50694.0,50694.0,50694.0,50694.0,50694.0,50694.0,50694.0,50694.0,50694.0
4402,50694.0,50694.0,50694.0,50694.0,50694.0,50694.0,50694.0,50694.0,50694.0,50694.0,50694.0
4403,50694.0,50694.0,50694.0,50694.0,50694.0,50694.0,50694.0,50694.0,50694.0,50694.0,50694.0
4404,50694.0,50694.0,50694.0,50694.0,50694.0,50694.0,50694.0,50694.0,50694.0,50694.0,50694.0
4405,50694.0,50694.0,50694.0,50694.0,50694.0,50694.0,50694.0,50694.0,50694.0,50694.0,50694.0
4406,50694.0,50694.0,50694.0,50694.0,50694.0,50694.0,50694.0,50694.0,50694.0,50694.0,50694.0
4407,50694.0,50694.0,50694.0,50694.0,50694.0,50694.0,50694.0,50694.0,50694.0,50694.0,50694.0
4408,50694.0,50694.0,50694.0,50694.0,50694.0,50694.0,50694.0,50694.0,50694.0,50694.0,50694.0
4409,50694.0,50694.0,50694.0,50694.0,50694.0,50694.0,50694.0,50694.0,50694.0,50694.0,50694.0
4410,50694.0,50694.0,50694.0,50694.0,50694.0,50694.0,50694.0,50694.0,50694.0,50694.0,50694.0
4411,50694.0,50694.0,50694.0,50694.0,50694.0,50694.0,50694.0,50694.0,50694.0,50694.0,50694.0
4412,50694.0,50694.0,50694.0,50694.0,50694.0,50694.0,50694.0,50694.0,50694.0,50694.0,50694.0
4413,50694.0,50694.0,50694.0,50694.0,50694.0,50694.0,50694.0,50694.0,50694.0,50694.0,50694.0
4414,50694.0,50694.0,50694.0,50694.0,50694.0,50694.0,50694.0,50694.0,50694.0,50694.0,50694.0
4415,50694.0,50694.0,50694.0,50694.0,50694.0,50694.0,50694.0,50694.0,50694.0,50694.0,50694.0
4416,50694.0,50694.0,50694.0,50694.0,50694.0,50694.0,50694.0,50694.0,50694.0,50694.0,50694.0
4417,50694.0,50694.0,50694.0,50694.0,50694.0,50694.0,50694.0,50694.0,50694.0,50694.0,50694.0
4418,50694.0,50694.0,50694.0,50694.0,50694.0,50694.0,50694.0,50694.0,50694.0,50694.0,50694.0
4419,50694.0,50694.0,50694.0,50694.0,50694.0,50694.0,50694.0,50694.0,50694.0,50694.0,50694.0
4420,50694.0,50694.0,50694.0,50694.0,50694.0,50694.0,50694.0,50694.0,50694.0,50694.0,50694.0
4421,50694.0,50694.0,50694.0,50694.0,50694.0,50694.0,50694.0,50694.0,50694.0,50694.0,50694.0
4422,50694.0,50694.0,50694.0,50694.0,50694.0,50694.0,50694.0,50694.0,50694.0,50694.0,50694.0
4423,50694.0,50694.0,50694.0,50694.0,50694.0,50694.0,50694.0,50694.0,50694.0,50694.0,50694.0
4424,50694.0,50694.0,50694.0,50694.0,50694.0,50694.0,50694.0,50694.0,50694.0,50694.0,50694.0
4425,50694.0,50694.0,50694.0,50694.0,50694.0,50694.0,50694.0,50694.0,50694.0,50694.0,50694.0
4426,50694.0,50694.0,50694.0,50694.0,50694.0,50694.0,50694.0,50694.0,50694.0,50694.0,50694.0
4427,50694.0,50694.0,50694.0,50694.0,50694.0,50694.0,50694.0,50694.0,50694.0,50694.0,50694.0
4428,50694.0,50694.0,50694.0,50694.0,50694.0,50694.0,50694.0,50694.0,50694.0,50694.0,50694.0
4429,50694.0,50694.0,50694.0,50694.0,50694.0,50694.0,50694.0,50694.0,50694.0,50694.0,50694.0
4430,50694.0,50694.0,50694.0,50694.0,50694.0,50694.0,50694.0,50694.0,50694.0,50694.0,50694.0
4431,50694.0,50694.0,50694.0,50694.0,50694.0,50694.0,50694.0,50694.0,50694.0,50694.0,50694.0
4432,50694.0,50694.0,50694.0,50694.0,50694.0,50694.0,50694.0,50694.0,50694.0,50694.0,50694.0
4433,50694.0,50694.0,50694.0,50694.0,50694.0,50694.0,50694.0,50694.0,50694.0,50694.0,50694.0
4434,50694.0,50694.0,50694.0,50694.0,50694.0,50694.0,50694.0,50694.0,50694.0,50694.0,50694.0
4435,50694.0,50694.0,50694.0,50694.0,50694.0,50694.0,50694.0,50694.0,50694.0,50694.0,50694.0
4436,50694.0,50694.0,50694.0,50694.0,50694.0,50694.0,50694.0,50694.0,50694.0,50694.0,50694.0
4437,50694.0,50694.0,50694.0,50694.0,50694.0,50694.0,50694.0,50694.0,50694.0,50694.0,50694.0
4438,50694.0,50694.0,50694.0,50694.0,50694.0,50694.0,50694.0,50694.0,50694.0,50694.0,50694.0
4439,50694.0,50694.0,50694.0,50694.0,50694.0,50694.0,50694.0,50694.0,50694.0,50694.0,50694.0
4440,50694.0,50694.0,50694.0,50694.0,50694.0,50694.0,50694.0,50694.0,50694.0,50694.0,50694.0
4441,50694.0,50694.0,50694.0,50694.0,50694.0,50694.0,50694.0,50694.0,50694.0,50694.0,50694.0
4442,50694.0,50694.0,50694.0,50694.0,50694.0,50694.0,50694.0,50694.0,50694.0,50694.0,50694.0
4443,50694.0,50694.0,50694.0,50694.0,50694.0,50694.0,50694.0,50694.0,50694.0,50694.0,50694.0
4444,50694.0,50694.0,50694.0,50694.0,50694.0,50694.0,50694.0,50694.0,50694.0,50694.0,50694.0
4445,50694.0,50694.0,50694.0,50694.0,50694.0,50694.0,50694.0,50694.0,50694.0,50694.0,50694.0
4446,50694.0,50694.0,50694.0,50694.0,50694.0,50694.0,50694.0,50694.0,50694.0,50694.0,50694.0
4447,50694.0,50694.0,50694.0,50694.0,50694.0,50694.0,50694.0,50694.0,50694.0,50694.0,50694.0
4448,50694.0,50694.0,50694.0,50694.0,50694.0,50694.0,50694.0,50694.0,50694.0,50694.0,50694.0
4449,50694.0,50694.0,50694.0,50694.0,50694.0,50694.0,50694.0,50694.0,50694.0,50694.0,50694.0
4450,50694.0,50694.0,50694.0,50694.0,50694.0,50694.0,50694.0,50694.0,50694.0,50694.0,50694.0
4451,50694.0,50694.0,50694.0,50694.0,50694.0,50694.0,50694.0,50694.0,50694.0,50694.0,50694.0
4452,50694.0,50694.0,50694.0,50694.0,50694.0,50694.0,50694.0,50694.0,50694.0,50694.0,50694.0
4453,50694.0,50694.0,50694.0,50694.0,50694.0,50694.0,50694.0,50694.0,50694.0,50694.0,50694.0
4454,50694.0,50694.0,50694.0,50694.0,50694.0,50694.0,50694.0,50694.0,50694.0,50694.0,50694.0
4455,50694.0,50694.0,50694.0,50694.0,50694.0,50694.0,50694.0,50694.0,50694.0,50694.0,50694.0
4456,50694.0,50694.0,50694.0,50694.0,50694.0,50694.0,50694.0,50694.0,50694.0,50694.0,50694.0
4457,50694.0,50694.0,50694.0,50694.0,50694.0,50694.0,50694.0,50694.0,50694.0,50694.0,50694.0
4458,50694.0,50694.0,50694.0,50694.0,50694.0,50694.0,50694.0,50694.0,50694.0,50694.0,50694.0
4459,50694.0,50694.0,50694.0,50694.0,50694.0,50694.0,50694.0,50694.0,50694.0,50694.0,50694.0
4460,50694.0,50694.0,50694.0,50694.0,50694.0,50694.0,50694.0,50694.0,50694.0,50694.0,50694.0
4461,50694.0,50694.0,50694.0,50694.0,50694.0,50694.0,50694.0,50694.0,50694.0,50694.0,50694.0
4462,50694.0,50694.0,50694.0,50694.0,50694.0,50694.0,50694.0,50694.0,50694.0,50694.0,50694.0
4463,50694.0,50694.0,50694.0,50694.0,50694.0,50694.0,50694.0,50694.0,50694.0,50694.0,50694.0
4464,50694.0,50694.0,50694.0,50694.0,50694.0,50694.0,50694.0,50694.0,50694.0,50694.0,50694.0
4465,50694.0,50694.0,50694.0,50694.0,50694.0,50694.0,50694.0,50694.0,50694.0,50694.0,50694.0
4466,50694.0,50694.0,50694.0,50694.0,50694.0,50694.0,50694.0,50694.0,50694.0,50694.0,50694.0
4467,50694.0,50694.0,50694.0,50694.0,50694.0,50694.0,50694.0,50694.0,50694.0,50694.0,50694.0
4468,50694.0,50694.0,50694.0,50694.0,50694.0,50694.0,50694.0,50694.0,50694.0,50694.0,50694.0
4469,50694.0,50694.0,50694.0,50694.0,50694.0,50694.0,50694.0,50694.0,50694.0,50694.0,50694.0
4470,50694.0,50694.0,50694.0,50694.0,50694.0,50694.0,50694.0,50694.0,50694.0,50694.0,50694.0
4471,50694.0,50694.0,50694.0,50694.0,50694.0,50694.0,50694.0,50694.0,50694.0,50694.0,50694.0
4472,50694.0,50694.0,50694.0,50694.0,50694.0,50694.0,50694.0,50694.0,50694.0,50694.0,50694.0
4473,50694.0,50694.0,50694.0,50694.0,50694.0,50694.0,50694.0,50694.0,50694.0,50694.0,50694.0
4474,50694.0,50694.0,50694.0,50694.0,50694.0,50694.0,50694.0,50694.0,50694.0,50694.0,50694.0
4475,50694.0,50694.0,50694.0,50694.0,50694.0,50694.0,50694.0,50694.0,50694.0,50694.0,50694.0
4476,50694.0,50694.0,50694.0,50694.0,50694.0,50694.0,50694.0,50694.0,50694.0,50694.0,50694.0
4477,50694.0,50694.0,50694.0,50694.0,50694.0,50694.0,50694.0,50694.0,50694.0,50694.0,50694.0
4478,50694.0,50694.0,50694.0,50694.0,50694.0,50694.0,50694.0,50694.0,50694.0,50694.0,50694.0
4479,50694.0,50694.0,50694.0,50694.0,50694.0,50694.0,50694.0,50694.0,50694.0,50694.0,50694.0
4480,50694.0,50694.0,50694.0,50694.0,50694.0,50694.0,50694.0,50694.0,50694.0,50694.0,50694.0
4481,50694.0,50694.0,50694.0,50694.0,50694.0,50694.0,50694.0,50694.0,50694.0,50694.0,50694.0
4482,50694.0,50694.0,50694.0,50694.0,50694.0,50694.0,50694.0,50694.0,50694.0,50694.0,50694.0
4483,50694.0,50694.0,50694.0,50694.0,50694.0,50694.0,50694.0,50694.0,50694.0,50694.0,50694.0
4484,50694.0,50694.0,50694.0,50694.0,50694.0,50694.0,50694.0,50694.0,50694.0,50694.0,50694.0
4485,50694.0,50694.0,50694.0,50694.0,50694.0,50694.0,50694.0,50694.0,50694.0,50694.0,50694.0
4486,50694.0,50694.0,50694.0,50694.0,50694.0,50694.0,50694.0,50694.0,50694.0,50694.0,50694.0
4487,50694.0,50694.0,50694.0,50694.0,50694.0,50694.0,50694.0,50694.0,50694.0,50694.0,50694.0
4488,50694.0,50694.0,50694.0,50694.0,50694.0,50694.0,50694.0,50694.0,50694.0,50694.0,50694.0
4489,50694.0,50694.0,50694.0,50694.0,50694.0,50694.0,50694.0,50694.0,50694.0,50694.0,50694.0
4490,50694.0,50694.0,50694.0,50694.0,50694.0,50694.0,50694.0,50694.0,50694.0,50694.0,50694.0
4491,50694.0,50694.0,50694.0,50694.0,50694.0,50694.0,50694.0,50694.0,50694.0,50694.0,50694.0
4492,50694.0,50694.0,50694.0,50694.0,50694.0,50694.0,50694.0,50694.0,50694.0,50694.0,50694.0
4493,50694.0,50694.0,50694.0,50694.0,50694.0,50694.0,50694.0,50694.0,50694.0,50694.0,50694.0
4494,50694.0,50694.0,50694.0,50694.0,50694.0,50694.0,50694.0,50694.0,50694.0,50694.0,50694.0
4495,50694.0,50694.0,50694.0,50694.0,50694.0,50694.0,50694.0,50694.0,50694.0,50694.0,50694.0
4496,50694.0,50694.0,50694.0,50694.0,50694.0,50694.0,50694.0,50694.0,50694.0,50694.0,50694.0
4497,50694.0,50694.0,50694.0,50694.0,50694.0,50694.0,50694.0,50694.0,50694.0,50694.0,50694.0
4498,50694.0,50694.0,50694.0,50694.0,50694.0,50694.0,50694.0,50694.0,50694.0,50694.0,50694.0
4499,50694.0,50694.0,50694.0,50694.0,50694.0,50694.0,50694.0,50694.0,50694.0,50694.0,50694.0
4500,50694.0,50694.0,50694.0,50694.0,50694.0,50694.0,50694.0,50694.0,50694.0,50694.0,50694.0
4501,50694.0,50694.0,50694.0,50694.0,50694.0,50694.0,50694.0,50694.0,50694.0,50694.0,50694.0
4502,50694.0,50694.0,50694.0,50694.0,50694.0,50694.0,50694.0,50694.0,50694.0,50694.0,50694.0
4503,50694.0,50694.0,50694.0,50694.0,50694.0,50694.0,50694.0,50694.0,50694.0,50694.0,50694.0
4504,50694.0,50694.0,50694.0,50694.0,50694.0,50694.0,50694.0,50694.0,50694.0,50694.0,50694.0
4505,50694.0,50694.0,50694.0,50694.0,50694.0,50694.0,50694.0,50694.0,50694.0,50694.0,50694.0
4506,50694.0,50694.0,50694.0,50694.0,50694.0,50694.0,50694.0,50694.0,50694.0,50694.0,50694.0
4507,50694.0,50694.0,50694.0,50694.0,50694.0,50694.0,50694.0,50694.0,50694.0,50694.0,50694.0
4508,50694.0,50694.0,50694.0,50694.0,50694.0,50694.0,50694.0,50694.0,50694.0,50694.0,50694.0
4509,50694.0,50694.0,50694.0,50694.0,50694.0,50694.0,50694.0,50694.0,50694.0,50694.0,50694.0
4510,50694.0,50694.0,50694.0,50694.0,50694.0,50694.0,50694.0,50694.0,50694.0,50694.0,50694.0
4511,50694.0,50694.0,50694.0,50694.0,50694.0,50694.0,50694.0,50694.0,50694.0,50694.0,50694.0
4512,50694.0,50694.0,50694.0,50694.0,50694.0,50694.0,50694.0,50694.0,50694.0,50694.0,50694.0
4513,50694.0,50694.0,50694.0,50694.0,50694.0,50694.0,50694.0,50694.0,50694.0,50694.0,50694.0
4514,50694.0,50694.0,50694.0,50694.0,50694.0,50694.0,50694.0,50694.0,50694.0,50694.0,50694.0
4515,50694.0,50694.0,50694.0,50694.0,50694.0,50694.0,50694.0,50694.0,50694.0,50694.0,50694.0
4516,50694.0,50694.0,50694.0,50694.0,50694.0,50694.0,50694.0,50694.0,50694.0,50694.0,50694.0
4517,50694.0,50694.0,50694.0,50694.0,50694.0,50694.0,50694.0,50694.0,50694.0,50694.0,50694.0
4518,50694.0,50694.0,50694.0,50694.0,50694.0,50694.0,50694.0,50694.0,50694.0,50694.0,50694.0
4519,50694.0,50694.0,50694.0,50694.0,50694.0,50694.0,50694.0,50694.0,50694.0,50694.0,50694.0
4520,50694.0,50694.0,50694.0,50694.0,50694.0,50694.0,50694.0,50694.0,50694.0,50694.0,50694.0
4521,50694.0,50694.0,50694.0,50694.0,50694.0,50694.0,50694.0,50694.0,50694.0,50694.0,50694.0
4522,50694.0,50694.0,50694.0,50694.0,50694.0,50694.0,50694.0,50694.0,50694.0,50694.0,50694.0
4523,50694.0,50694.0,50694.0,50694.0,50694.0,50694.0,50694.0,50694.0,50694.0,50694.0,50694.0
4524,50694.0,50694.0,50694.0,50694.0,50694.0,50694.0,50694.0,50694.0,50694.0,50694.0,50694.0
4525,50694.0,50694.0,50694.0,50694.0,50694.0,50694.0,50694.0,50694.0,50694.0,50694.0,50694.0
4526,50694.0,50694.0,50694.0,50694.0,50694.0,50694.0,50694.0,50694.0,50694.0,50694.0,50694.0
4527,50694.0,50694.0,50694.0,50694.0,50694.0,50694.0,50694.0,50694.0,50694.0,50694.0,50694.0
4528,50694.0,50694.0,50694.0,50694.0,50694.0,50694.0,50694.0,50694.0,50694.0,50694.0,50694.0
4529,50694.0,50694.0,50694.0,50694.0,50694.0,50694.0,50694.0,50694.0,50694.0,50694.0,50694.0
4530,50694.0,50694.0,50694.0,50694.0,50694.0,50694.0,50694.0,50694.0,50694.0,50694.0,50694.0
4531,50694.0,50694.0,50694.0,50694.0,50694.0,50694.0,50694.0,50694.0,50694.0,50694.0,50694.0
4532,50694.0,50694.0,50694.0,50694.0,50694.0,50694.0,50694.0,50694.0,50694.0,50694.0,50694.0
4533,50694.0,50694.0,50694.0,50694.0,50694.0,50694.0,50694.0,50694.0,50694.0,50694.0,50694.0
4534,50694.0,50694.0,50694.0,50694.0,50694.0,50694.0,50694.0,50694.0,50694.0,50694.0,50694.0
4535,50694.0,50694.0,50694.0,50694.0,50694.0,50694.0,50694.0,50694.0,50694.0,50694.0,50694.0
4536,50694.0,50694.0,50694.0,50694.0,50694.0,50694.0,50694.0,50694.0,50694.0,50694.0,50694.0
4537,50694.0,50694.0,50694.0,50694.0,50694.0,50694.0,50694.0,50694.0,50694.0,50694.0,50694.0
4538,50694.0,50694.0,50694.0,50694.0,50694.0,50694.0,50694.0,50694.0,50694.0,50694.0,50694.0
4539,50694.0,50694.0,50694.0,50694.0,50694.0,50694.0,50694.0,50694.0,50694.0,50694.0,50694.0
4540,50694.0,50694.0,50694.0,50694.0,50694.0,50694.0,50694.0,50694.0,50694.0,50694.0,50694.0
4541,50694.0,50694.0,50694.0,50694.0,50694.0,50694.0,50694.0,50694.0,50694.0,50694.0,50694.0
4542,50694.0,50694.0,50694.0,50694.0,50694.0,50694.0,50694.0,50694.0,50694.0,50694.0,50694.0
4543,50694.0,50694.0,50694.0,50694.0,50694.0,50694.0,50694.0,50694.0,50694.0,50694.0,50694.0
4544,50694.0,50694.0,50694.0,50694.0,50694.0,50694.0,50694.0,50694.0,50694.0,50694.0,50694.0
4545,50694.0,50694.0,50694.0,50694.0,50694.0,50694.0,50694.0,50694.0,50694.0,50694.0,50694.0
4546,50694.0,50694.0,50694.0,50694.0,50694.0,50694.0,50694.0,50694.0,50694.0,50694.0,50694.0
4547,50694.0,50694.0,50694.0,50694.0,50694.0,50694.0,50694.0,50694.0,50694.0,50694.0,50694.0
4548,50694.0,50694.0,50694.0,50694.0,50694.0,50694.0,50694.0,50694.0,50694.0,50694.0,50694.0
4549,50694.0,50694.0,50694.0,50694.0,50694.0,50694.0,50694.0,50694.0,50694.0,50694.0,50694.0
4550,50694.0,50694.0,50694.0,50694.0,50694.0,50694.0,50694.0,50694.0,50694.0,50694.0,50694.0
4551,50694.0,50694.0,50694.0,50694.0,50694.0,50694.0,50694.0,50694.0,50694.0,50694.0,50694.0
4552,50694.0,50694.0,50694.0,50694.0,50694.0,50694.0,50694.0,50694.0,50694.0,50694.0,50694.0
4553,50694.0,50694.0,50694.0,50694.0,50694.0,50694.0,50694.0,50694.0,50694.0,50694.0,50694.0
4554,50694.0,50694.0,50694.0,50694.0,50694.0,50694.0,50694.0,50694.0,50694.0,50694.0,50694.0
4555,50694.0,50694.0,50694.0,50694.0,50694.0,50694.0,50694.0,50694.0,50694.0,50694.0,50694.0
4556,50694.0,50694.0,50694.0,50694.0,50694.0,50694.0,50694.0,50694.0,50694.0,50694.0,50694.0
4557,50694.0,50694.0,50694.0,50694.0,50694.0,50694.0,50694.0,50694.0,50694.0,50694.0,50694.0
4558,50694.0,50694.0,50694.0,50694.0,50694.0,50694.0,50694.0,50694.0,50694.0,50694.0,50694.0
4559,50694.0,50694.0,50694.0,50694.0,50694.0,50694.0,50694.0,50694.0,50694.0,50694.0,50694.0
4560,50694.0,50694.0,50694.0,50694.0,50694.0,50694.0,50694.0,50694.0,50694.0,50694.0,50694.0
4561,50694.0,50694.0,50694.0,50694.0,50694.0,50694.0,50694.0,50694.0,50694.0,50694.0,50694.0
4562,50694.0,50694.0,50694.0,50694.0,50694.0,50694.0,50694.0,50694.0,50694.0,50694.0,50694.0
4563,50694.0,50694.0,50694.0,50694.0,50694.0,50694.0,50694.0,50694.0,50694.0,50694.0,50694.0
4564,50694.0,50694.0,50694.0,50694.0,50694.0,50694.0,50694.0,50694.0,50694.0,50694.0,50694.0
4565,50694.0,50694.0,50694.0,50694.0,50694.0,50694.0,50694.0,50694.0,50694.0,50694.0,50694.0
4566,50694.0,50694.0,50694.0,50694.0,50694.0,50694.0,50694.0,50694.0,50694.0,50694.0,50694.0
4567,50694.0,50694.0,50694.0,50694.0,50694.0,50694.0,50694.0,50694.0,50694.0,50694.0,50694.0
4568,50694.0,50694.0,50694.0,50694.0,50694.0,50694.0,50694.0,50694.0,50694.0,50694.0,50694.0
4569,50694.0,50694.0,50694.0,50694.0,50694.0,50694.0,50694.0,50694.0,50694.0,50694.0,50694.0
4570,50694.0,50694.0,50694.0,50694.0,50694.0,50694.0,50694.0,50694.0,50694.0,50694.0,50694.0
4571,50694.0,50694.0,50694.0,50694.0,50694.0,50694.0,50694.0,50694.0,50694.0,50694.0,50694.0
4572,50694.0,50694.0,50694.0,50694.0,50694.0,50694.0,50694.0,50694.0,50694.0,50694.0,50694.0
4573,50694.0,50694.0,50694.0,50694.0,50694.0,50694.0,50694.0,50694.0,50694.0,50694.0,50694.0
4574,50694.0,50694.0,50694.0,50694.0,50694.0,50694.0,50694.0,50694.0,50694.0,50694.0,50694.0
4575,50694.0,50694.0,50694.0,50694.0,50694.0,50694.0,50694.0,50694.0,50694.0,50694.0,50694.0
4576,50694.0,50694.0,50694.0,50694.0,50694.0,50694.0,50694.0,50694.0,50694.0,50694.0,50694.0
4577,50694.0,50694.0,50694.0,50694.0,50694.0,50694.0,50694.0,50694.0,50694.0,50694.0,50694.0
4578,50694.0,50694.0,50694.0,50694.0,50694.0,50694.0,50694.0,50694.0,50694.0,50694.0,50694.0
4579,50694.0,50694.0,50694.0,50694.0,50694.0,50694.0,50694.0,50694.0,50694.0,50694.0,50694.0
4580,50694.0,50694.0,50694.0,50694.0,50694.0,50694.0,50694.0,50694.0,50694.0,50694.0,50694.0
4581,50694.0,50694.0,50694.0,50694.0,50694.0,50694.0,50694.0,50694.0,50694.0,50694.0,50694.0
4582,50694.0,50694.0,50694.0,50694.0,50694.0,50694.0,50694.0,50694.0,50694.0,50694.0,50694.0
4583,50694.0,50694.0,50694.0,50694.0,50694.0,50694.0,50694.0,50694.0,50694.0,50694.0,50694.0
4584,50694.0,50694.0,50694.0,50694.0,50694.0,50694.0,50694.0,50694.0,50694.0,50694.0,50694.0
4585,50694.0,50694.0,50694.0,50694.0,50694.0,50694.0,50694.0,50694.0,50694.0,50694.0,50694.0
4586,50694.0,50694.0,50694.0,50694.0,50694.0,50694.0,50694.0,50694.0,50694.0,50694.0,50694.0
4587,50694.0,50694.0,50694.0,50694.0,50694.0,50694.0,50694.0,50694.0,50694.0,50694.0,50694.0
4588,50694.0,50694.0,50694.0,50694.0,50694.0,50694.0,50694.0,50694.0,50694.0,50694.0,50694.0
4589,50694.0,50694.0,50694.0,50694.0,50694.0,50694.0,50694.0,50694.0,50694.0,50694.0,50694.0
4590,50694.0,50694.0,50694.0,50694.0,50694.0,50694.0,50694.0,50694.0,50694.0,50694.0,50694.0
4591,50694.0,50694.0,50694.0,50694.0,50694.0,50694.0,50694.0,50694.0,50694.0,50694.0,50694.0
4592,50694.0,50694.0,50694.0,50694.0,50694.0,50694.0,50694.0,50694.0,50694.0,50694.0,50694.0
4593,50694.0,50694.0,50694.0,50694.0,50694.0,50694.0,50694.0,50694.0,50694.0,50694.0,50694.0
4594,50694.0,50694.0,50694.0,50694.0,50694.0,50694.0,50694.0,50694.0,50694.0,50694.0,50694.0
4595,50694.0,50694.0,50694.0,50694.0,50694.0,50694.0,50694.0,50694.0,50694.0,50694.0,50694.0
4596,50694.0,50694.0,50694.0,50694.0,50694.0,50694.0,50694.0,50694.0,50694.0,50694.0,50694.0
4597,50694.0,50694.0,50694.0,50694.0,50694.0,50694.0,50694.0,50694.0,50694.0,50694.0,50694.0
4598,50694.0,50694.0,50694.0,50694.0,50694.0,50694.0,50694.0,50694.0,50694.0,50694.0,50694.0
4599,50694.0,50694.0,50694.0,50694.0,50694.0,50694.0,50694.0,50694.0,50694.0,50694.0,50694.0
4600,50694.0,50694.0,50694.0,50694.0,50694.0,50694.0,50694.0,50694.0,50694.0,50694.0,50694.0
4601,50694.0,50694.0,50694.0,50694.0,50694.0,50694.0,50694.0,50694.0,50694.0,50694.0,50694.0
4602,50694.0,50694.0,50694.0,50694.0,50694.0,50694.0,50694.0,50694.0,50694.0,50694.0,50694.0
4603,50694.0,50694.0,50694.0,50694.0,50694.0,50694.0,50694.0,50694.0,50694.0,50694.0,50694.0
4604,50694.0,50694.0,50694.0,50694.0,50694.0,50694.0,50694.0,50694.0,50694.0,50694.0,50694.0
4605,50694.0,50694.0,50694.0,50694.0,50694.0,50694.0,50694.0,50694.0,50694.0,50694.0,50694.0
4606,50694.0,50694.0,50694.0,50694.0,50694.0,50694.0,50694.0,50694.0,50694.0,50694.0,50694.0
4607,50694.0,50694.0,50694.0,50694.0,50694.0,50694.0,50694.0,50694.0,50694.0,50694.0,50694.0
4608,50694.0,50694.0,50694.0,50694.0,50694.0,50694.0,50694.0,50694.0,50694.0,50694.0,50694.0
4609,50694.0,50694.0,50694.0,50694.0,50694.0,50694.0,50694.0,50694.0,50694.0,50694.0,50694.0
4610,50694.0,50694.0,50694.0,50694.0,50694.0,50694.0,50694.0,50694.0,50694.0,50694.0,50694.0
4611,50694.0,50694.0,50694.0,50694.0,50694.0,50694.0,50694.0,50694.0,50694.0,50694.0,50694.0
4612,50694.0,50694.0,50694.0,50694.0,50694.0,50694.0,50694.0,50694.0,50694.0,50694.0,50694.0
4613,50694.0,50694.0,50694.0,50694.0,50694.0,50694.0,50694.0,50694.0,50694.0,50694.0,50694.0
4614,50694.0,50694.0,50694.0,50694.0,50694.0,50694.0,50694.0,50694.0,50694.0,50694.0,50694.0
4615,50694.0,50694.0,50694.0,50694.0,50694.0,50694.0,50694.0,50694.0,50694.0,50694.0,50694.0
4616,50694.0,50694.0,50694.0,50694.0,50694.0,50694.0,50694.0,50694.0,50694.0,50694.0,50694.0
4617,50694.0,50694.0,50694.0,50694.0,50694.0,50694.0,50694.0,50694.0,50694.0,50694.0,50694.0
4618,50694.0,50694.0,50694.0,50694.0,50694.0,50694.0,50694.0,50694.0,50694.0,50694.0,50694.0
4619,50694.0,50694.0,50694.0,50694.0,50694.0,50694.0,50694.0,50694.0,50694.0,50694.0,50694.0
4620,50694.0,50694.0,50694.0,50694.0,50694.0,50694.0,50694.0,50694.0,50694.0,50694.0,50694.0
4621,50694.0,50694.0,50694.0,50694.0,50694.0,50694.0,50694.0,50694.0,50694.0,50694.0,50694.0
4622,50694.0,50694.0,50694.0,50694.0,50694.0,50694.0,50694.0,50694.0,50694.0,50694.0,50694.0
4623,50694.0,50694.0,50694.0,50694.0,50694.0,50694.0,50694.0,50694.0,50694.0,50694.0,50694.0
4624,50694.0,50694.0,50694.0,50694.0,50694.0,50694.0,50694.0,50694.0,50694.0,50694.0,50694.0
4625,50694.0,50694.0,50694.0,50694.0,50694.0,50694.0,50694.0,50694.0,50694.0,50694.0,50694.0
4626,50694.0,50694.0,50694.0,50694.0,50694.0,50694.0,50694.0,50694.0,50694.0,50694.0,50694.0
4627,50694.0,50694.0,50694.0,50694.0,50694.0,50694.0,50694.0,50694.0,50694.0,50694.0,50694.0
4628,50694.0,50694.0,50694.0,50694.0,50694.0,50694.0,50694.0,50694.0,50694.0,50694.0,50694.0
4629,50694.0,50694.0,50694.0,50694.0,50694.0,50694.0,50694.0,50694.0,50694.0,50694.0,50694.0
4630,50694.0,50694.0,50694.0,50694.0,50694.0,50694.0,50694.0,50694.0,50694.0,50694.0,50694.0
4631,50694.0,50694.0,50694.0,50694.0,50694.0,50694.0,50694.0,50694.0,50694.0,50694.0,50694.0
4632,50694.0,50694.0,50694.0,50694.0,50694.0,50694.0,50694.0,50694.0,50694.0,50694.0,50694.0
4633,50694.0,50694.0,50694.0,50694.0,50694.0,50694.0,50694.0,50694.0,50694.0,50694.0,50694.0
4634,50694.0,50694.0,50694.0,50694.0,50694.0,50694.0,50694.0,50694.0,50694.0,50694.0,50694.0
4635,50694.0,50694.0,50694.0,50694.0,50694.0,50694.0,50694.0,50694.0,50694.0,50694.0,50694.0
4636,50694.0,50694.0,50694.0,50694.0,50694.0,50694.0,50694.0,50694.0,50694.0,50694.0,50694.0
4637,50694.0,50694.0,50694.0,50694.0,50694.0,50694.0,50694.0,50694.0,50694.0,50694.0,50694.0
4638,50694.0,50694.0,50694.0,50694.0,50694.0,50694.0,50694.0,50694.0,50694.0,50694.0,50694.0
4639,50694.0,50694.0,50694.0,50694.0,50694.0,50694.0,50694.0,50694.0,50694.0,50694.0,50694.0
4640,50694.0,50694.0,50694.0,50694.0,50694.0,50694.0,50694.0,50694.0,50694.0,50694.0,50694.0
4641,50694.0,50694.0,50694.0,50694.0,50694.0,50694.0,50694.0,50694.0,50694.0,50694.0,50694.0
4642,50694.0,50694.0,50694.0,50694.0,50694.0,50694.0,50694.0,50694.0,50694.0,50694.0,50694.0
4643,50694.0,50694.0,50694.0,50694.0,50694.0,50694.0,50694.0,50694.0,50694.0,50694.0,50694.0
4644,50694.0,50694.0,50694.0,50694.0,50694.0,50694.0,50694.0,50694.0,50694.0,50694.0,50694.0
4645,50694.0,50694.0,50694.0,50694.0,50694.0,50694.0,50694.0,50694.0,50694.0,50694.0,50694.0
4646,50694.0,50694.0,50694.0,50694.0,50694.0,50694.0,50694.0,50694.0,50694.0,50694.0,50694.0
4647,50694.0,50694.0,50694.0,50694.0,50694.0,50694.0,50694.0,50694.0,50694.0,50694.0,50694.0
4648,50694.0,50694.0,50694.0,50694.0,50694.0,50694.0,50694.0,50694.0,50694.0,50694.0,50694.0
4649,50694.0,50694.0,50694.0,50694.0,50694.0,50694.0,50694.0,50694.0,50694.0,50694.0,50694.0
4650,50694.0,50694.0,50694.0,50694.0,50694.0,50694.0,50694.0,50694.0,50694.0,50694.0,50694.0
4651,50694.0,50694.0,50694.0,50694.0,50694.0,50694.0,50694.0,50694.0,50694.0,50694.0,50694.0
4652,50694.0,50694.0,50694.0,50694.0,50694.0,50694.0,50694.0,50694.0,50694.0,50694.0,50694.0
4653,50694.0,50694.0,50694.0,50694.0,50694.0,50694.0,50694.0,50694.0,50694.0,50694.0,50694.0
4654,50694.0,50694.0,50694.0,50694.0,50694.0,50694.0,50694.0,50694.0,50694.0,50694.0,50694.0
4655,50694.0,50694.0,50694.0,50694.0,50694.0,50694.0,50694.0,50694.0,50694.0,50694.0,50694.0
4656,50694.0,50694.0,50694.0,50694.0,50694.0,50694.0,50694.0,50694.0,50694.0,50694.0,50694.0
4657,50694.0,50694.0,50694.0,50694.0,50694.0,50694.0,50694.0,50694.0,50694.0,50694.0,50694.0
4658,50694.0,50694.0,50694.0,50694.0,50694.0,50694.0,50694.0,50694.0,50694.0,50694.0,50694.0
4659,50694.0,50694.0,50694.0,50694.0,50694.0,50694.0,50694.0,50694.0,50694.0,50694.0,50694.0
4660,50694.0,50694.0,50694.0,50694.0,50694.0,50694.0,50694.0,50694.0,50694.0,50694.0,50694.0
4661,50694.0,50694.0,50694.0,50694.0,50694.0,50694.0,50694.0,50694.0,50694.0,50694.0,50694.0
4662,50694.0,50694.0,50694.0,50694.0,50694.0,50694.0,50694.0,50694.0,50694.0,50694.0,50694.0
4663,50694.0,50694.0,50694.0,50694.0,50694.0,50694.0,50694.0,50694.0,50694.0,50694.0,50694.0
4664,50694.0,50694.0,50694.0,50694.0,50694.0,50694.0,50694.0,50694.0,50694.0,50694.0,50694.0
4665,50694.0,50694.0,50694.0,50694.0,50694.0,50694.0,50694.0,50694.0,50694.0,50694.0,50694.0
4666,50694.0,50694.0,50694.0,50694.0,50694.0,50694.0,50694.0,50694.0,50694.0,50694.0,50694.0
4667,50694.0,50694.0,50694.0,50694.0,50694.0,50694.0,50694.0,50694.0,50694.0,50694.0,50694.0
4668,50694.0,50694.0,50694.0,50694.0,50694.0,50694.0,50694.0,50694.0,50694.0,50694.0,50694.0
4669,50694.0,50694.0,50694.0,50694.0,50694.0,50694.0,50694.0,50694.0,50694.0,50694.0,50694.0
4670,50694.0,50694.0,50694.0,50694.0,50694.0,50694.0,50694.0,50694.0,50694.0,50694.0,50694.0
4671,50694.0,50694.0,50694.0,50694.0,50694.0,50694.0,50694.0,50694.0,50694.0,50694.0,50694.0
4672,50694.0,50694.0,50694.0,50694.0,50694.0,50694.0,50694.0,50694.0,50694.0,50694.0,50694.0
4673,50694.0,50694.0,50694.0,50694.0,50694.0,50694.0,50694.0,50694.0,50694.0,50694.0,50694.0
4674,50694.0,50694.0,50694.0,50694.0,50694.0,50694.0,50694.0,50694.0,50694.0,50694.0,50694.0
4675,50694.0,50694.0,50694.0,50694.0,50694.0,50694.0,50694.0,50694.0,50694.0,50694.0,50694.0
4676,50694.0,50694.0,50694.0,50694.0,50694.0,50694.0,50694.0,50694.0,50694.0,50694.0,50694.0
4677,50694.0,50694.0,50694.0,50694.0,50694.0,50694.0,50694.0,50694.0,50694.0,50694.0,50694.0
4678,50694.0,50694.0,50694.0,50694.0,50694.0,50694.0,50694.0,50694.0,50694.0,50694.0,50694.0
4679,50694.0,50694.0,50694.0,50694.0,50694.0,50694.0,50694.0,50694.0,50694.0,50694.0,50694.0
4680,50694.0,50694.0,50694.0,50694.0,50694.0,50694.0,50694.0,50694.0,50694.0,50694.0,50694.0
4681,50694.0,50694.0,50694.0,50694.0,50694.0,50694.0,50694.0,50694.0,50694.0,50694.0,50694.0
4682,50694.0,50694.0,50694.0,50694.0,50694.0,50694.0,50694.0,50694.0,50694.0,50694.0,50694.0
4683,50694.0,50694.0,50694.0,50694.0,50694.0,50694.0,50694.0,50694.0,50694.0,50694.0,50694.0
4684,50694.0,50694.0,50694.0,50694.0,50694.0,50694.0,50694.0,50694.0,50694.0,50694.0,50694.0
4685,50694.0,50694.0,50694.0,50694.0,50694.0,50694.0,50694.0,50694.0,50694.0,50694.0,50694.0
4686,50694.0,50694.0,50694.0,50694.0,50694.0,50694.0,50694.0,50694.0,50694.0,50694.0,50694.0
4687,50694.0,50694.0,50694.0,50694.0,50694.0,50694.0,50694.0,50694.0,50694.0,50694.0,50694.0
4688,50694.0,50694.0,50694.0,50694.0,50694.0,50694.0,50694.0,50694.0,50694.0,50694.0,50694.0
4689,50694.0,50694.0,50694.0,50694.0,50694.0,50694.0,50694.0,50694.0,50694.0,50694.0,50694.0
4690,50694.0,50694.0,50694.0,50694.0,50694.0,50694.0,50694.0,50694.0,50694.0,50694.0,50694.0
4691,50694.0,50694.0,50694.0,50694.0,50694.0,50694.0,50694.0,50694.0,50694.0,50694.0,50694.0
4692,50694.0,50694.0,50694.0,50694.0,50694.0,50694.0,50694.0,50694.0,50694.0,50694.0,50694.0
4693,50694.0,50694.0,50694.0,50694.0,50694.0,50694.0,50694.0,50694.0,50694.0,50694.0,50694.0
4694,50694.0,50694.0,50694.0,50694.0,50694.0,50694.0,50694.0,50694.0,50694.0,50694.0,50694.0
4695,50694.0,50694.0,50694.0,50694.0,50694.0,50694.0,50694.0,50694.0,50694.0,50694.0,50694.0
4696,50694.0,50694.0,50694.0,50694.0,50694.0,50694.0,50694.0,50694.0,50694.0,50694.0,50694.0
4697,50694.0,50694.0,50694.0,50694.0,50694.0,50694.0,50694.0,50694.0,50694.0,50694.0,50694.0
4698,50694.0,50694.0,50694.0,50694.0,50694.0,50694.0,50694.0,50694.0,50694.0,50694.0,50694.0
4699,50694.0,50694.0,50694.0,50694.0,50694.0,50694.0,50694.0,50694.0,50694.0,50694.0,50694.0
4700,50694.0,50694.0,50694.0,50694.0,50694.0,50694.0,50694.0,50694.0,50694.0,50694.0,50694.0
4701,50694.0,50694.0,50694.0,50694.0,50694.0,50694.0,50694.0,50694.0,50694.0,50694.0,50694.0
4702,50694.0,50694.0,50694.0,50694.0,50694.0,50694.0,50694.0,50694.0,50694.0,50694.0,50694.0
4703,50694.0,50694.0,50694.0,50694.0,50694.0,50694.0,50694.0,50694.0,50694.0,50694.0,50694.0
4704,50694.0,50694.0,50694.0,50694.0,50694.0,50694.0,50694.0,50694.0,50694.0,50694.0,50694.0
4705,50694.0,50694.0,50694.0,50694.0,50694.0,50694.0,50694.0,50694.0,50694.0,50694.0,50694.0
4706,50694.0,50694.0,50694.0,50694.0,50694.0,50694.0,50694.0,50694.0,50694.0,50694.0,50694.0
4707,50694.0,50694.0,50694.0,50694.0,50694.0,50694.0,50694.0,50694.0,50694.0,50694.0,50694.0
4708,50694.0,50694.0,50694.0,50694.0,50694.0,50694.0,50694.0,50694.0,50694.0,50694.0,50694.0
4709,50694.0,50694.0,50694.0,50694.0,50694.0,50694.0,50694.0,50694.0,50694.0,50694.0,50694.0
4710,50694.0,50694.0,50694.0,50694.0,50694.0,50694.0,50694.0,50694.0,50694.0,50694.0,50694.0
4711,50694.0,50694.0,50694.0,50694.0,50694.0,50694.0,50694.0,50694.0,50694.0,50694.0,50694.0
4712,50694.0,50694.0,50694.0,50694.0,50694.0,50694.0,50694.0,50694.0,50694.0,50694.0,50694.0
4713,50694.0,50694.0,50694.0,50694.0,50694.0,50694.0,50694.0,50694.0,50694.0,50694.0,50694.0
4714,50694.0,50694.0,50694.0,50694.0,50694.0,50694.0,50694.0,50694.0,50694.0,50694.0,50694.0
4715,50694.0,50694.0,50694.0,50694.0,50694.0,50694.0,50694.0,50694.0,50694.0,50694.0,50694.0
4716,50694.0,50694.0,50694.0,50694.0,50694.0,50694.0,50694.0,50694.0,50694.0,50694.0,50694.0
4717,50694.0,50694.0,50694.0,50694.0,50694.0,50694.0,50694.0,50694.0,50694.0,50694.0,50694.0
4718,50694.0,50694.0,50694.0,50694.0,50694.0,50694.0,50694.0,50694.0,50694.0,50694.0,50694.0
4719,50694.0,50694.0,50694.0,50694.0,50694.0,50694.0,50694.0,50694.0,50694.0,50694.0,50694.0
4720,50694.0,50694.0,50694.0,50694.0,50694.0,50694.0,50694.0,50694.0,50694.0,50694.0,50694.0
4721,50694.0,50694.0,50694.0,50694.0,50694.0,50694.0,50694.0,50694.0,50694.0,50694.0,50694.0
4722,50694.0,50694.0,50694.0,50694.0,50694.0,50694.0,50694.0,50694.0,50694.0,50694.0,50694.0
4723,50694.0,50694.0,50694.0,50694.0,50694.0,50694.0,50694.0,50694.0,50694.0,50694.0,50694.0
4724,50694.0,50694.0,50694.0,50694.0,50694.0,50694.0,50694.0,50694.0,50694.0,50694.0,50694.0
4725,50694.0,50694.0,50694.0,50694.0,50694.0,50694.0,50694.0,50694.0,50694.0,50694.0,50694.0
4726,50694.0,50694.0,50694.0,50694.0,50694.0,50694.0,50694.0,50694.0,50694.0,50694.0,50694.0
4727,50694.0,50694.0,50694.0,50694.0,50694.0,50694.0,50694.0,50694.0,50694.0,50694.0,50694.0
4728,50694.0,50694.0,50694.0,50694.0,50694.0,50694.0,50694.0,50694.0,50694.0,50694.0,50694.0
4729,50694.0,50694.0,50694.0,50694.0,50694.0,50694.0,50694.0,50694.0,50694.0,50694.0,50694.0
4730,50694.0,50694.0,50694.0,50694.0,50694.0,50694.0,50694.0,50694.0,50694.0,50694.0,50694.0
4731,50694.0,50694.0,50694.0,50694.0,50694.0,50694.0,50694.0,50694.0,50694.0,50694.0,50694.0
4732,50694.0,50694.0,50694.0,50694.0,50694.0,50694.0,50694.0,50694.0,50694.0,50694.0,50694.0
4733,50694.0,50694.0,50694.0,50694.0,50694.0,50694.0,50694.0,50694.0,50694.0,50694.0,50694.0
4734,50694.0,50694.0,50694.0,50694.0,50694.0,50694.0,50694.0,50694.0,50694.0,50694.0,50694.0
4735,50694.0,50694.0,50694.0,50694.0,50694.0,50694.0,50694.0,50694.0,50694.0,50694.0,50694.0
4736,50694.0,50694.0,50694.0,50694.0,50694.0,50694.0,50694.0,50694.0,50694.0,50694.0,50694.0
4737,50694.0,50694.0,50694.0,50694.0,50694.0,50694.0,50694.0,50694.0,50694.0,50694.0,50694.0
4738,50694.0,50694.0,50694.0,50694.0,50694.0,50694.0,50694.0,50694.0,50694.0,50694.0,50694.0
4739,50694.0,50694.0,50694.0,50694.0,50694.0,50694.0,50694.0,50694.0,50694.0,50694.0,50694.0
4740,50694.0,50694.0,50694.0,50694.0,50694.0,50694.0,50694.0,50694.0,50694.0,50694.0,50694.0
4741,50694.0,50694.0,50694.0,50694.0,50694.0,50694.0,50694.0,50694.0,50694.0,50694.0,50694.0
4742,50694.0,50694.0,50694.0,50694.0,50694.0,50694.0,50694.0,50694.0,50694.0,50694.0,50694.0
4743,50694.0,50694.0,50694.0,50694.0,50694.0,50694.0,50694.0,50694.0,50694.0,50694.0,50694.0
4744,50694.0,50694.0,50694.0,50694.0,50694.0,50694.0,50694.0,50694.0,50694.0,50694.0,50694.0
4745,50694.0,50694.0,50694.0,50694.0,50694.0,50694.0,50694.0,50694.0,50694.0,50694.0,50694.0
4746,50694.0,50694.0,50694.0,50694.0,50694.0,50694.0,50694.0,50694.0,50694.0,50694.0,50694.0
4747,50694.0,50694.0,50694.0,50694.0,50694.0,50694.0,50694.0,50694.0,50694.0,50694.0,50694.0
4748,50694.0,50694.0,50694.0,50694.0,50694.0,50694.0,50694.0,50694.0,50694.0,50694.0,50694.0
4749,50694.0,50694.0,50694.0,50694.0,50694.0,50694.0,50694.0,50694.0,50694.0,50694.0,50694.0
4750,50694.0,50694.0,50694.0,50694.0,50694.0,50694.0,50694.0,50694.0,50694.0,50694.0,50694.0
4751,50694.0,50694.0,50694.0,50694.0,50694.0,50694.0,50694.0,50694.0,50694.0,50694.0,50694.0
4752,50694.0,50694.0,50694.0,50694.0,50694.0,50694.0,50694.0,50694.0,50694.0,50694.0,50694.0
4753,50694.0,50694.0,50694.0,50694.0,50694.0,50694.0,50694.0,50694.0,50694.0,50694.0,50694.0
4754,50694.0,50694.0,50694.0,50694.0,50694.0,50694.0,50694.0,50694.0,50694.0,50694.0,50694.0
4755,50694.0,50694.0,50694.0,50694.0,50694.0,50694.0,50694.0,50694.0,50694.0,50694.0,50694.0
4756,50694.0,50694.0,50694.0,50694.0,50694.0,50694.0,50694.0,50694.0,50694.0,50694.0,50694.0
4757,50694.0,50694.0,50694.0,50694.0,50694.0,50694.0,50694.0,50694.0,50694.0,50694.0,50694.0
4758,50694.0,50694.0,50694.0,50694.0,50694.0,50694.0,50694.0,50694.0,50694.0,50694.0,50694.0
4759,50694.0,50694.0,50694.0,50694.0,50694.0,50694.0,50694.0,50694.0,50694.0,50694.0,50694.0
4760,50694.0,50694.0,50694.0,50694.0,50694.0,50694.0,50694.0,50694.0,50694.0,50694.0,50694.0
4761,50694.0,50694.0,50694.0,50694.0,50694.0,50694.0,50694.0,50694.0,50694.0,50694.0,50694.0
4762,50694.0,50694.0,50694.0,50694.0,50694.0,50694.0,50694.0,50694.0,50694.0,50694.0,50694.0
4763,50694.0,50694.0,50694.0,50694.0,50694.0,50694.0,50694.0,50694.0,50694.0,50694.0,50694.0
4764,50694.0,50694.0,50694.0,50694.0,50694.0,50694.0,50694.0,50694.0,50694.0,50694.0,50694.0
4765,50694.0,50694.0,50694.0,50694.0,50694.0,50694.0,50694.0,50694.0,50694.0,50694.0,50694.0
4766,50694.0,50694.0,50694.0,50694.0,50694.0,50694.0,50694.0,50694.0,50694.0,50694.0,50694.0
4767,50694.0,50694.0,50694.0,50694.0,50694.0,50694.0,50694.0,50694.0,50694.0,50694.0,50694.0
4768,50694.0,50694.0,50694.0,50694.0,50694.0,50694.0,50694.0,50694.0,50694.0,50694.0,50694.0
4769,50694.0,50694.0,50694.0,50694.0,50694.0,50694.0,50694.0,50694.0,50694.0,50694.0,50694.0
4770,50694.0,50694.0,50694.0,50694.0,50694.0,50694.0,50694.0,50694.0,50694.0,50694.0,50694.0
4771,50694.0,50694.0,50694.0,50694.0,50694.0,50694.0,50694.0,50694.0,50694.0,50694.0,50694.0
4772,50694.0,50694.0,50694.0,50694.0,50694.0,50694.0,50694.0,50694.0,50694.0,50694.0,50694.0
4773,50694.0,50694.0,50694.0,50694.0,50694.0,50694.0,50694.0,50694.0,50694.0,50694.0,50694.0
4774,50694.0,50694.0,50694.0,50694.0,50694.0,50694.0,50694.0,50694.0,50694.0,50694.0,50694.0
4775,50694.0,50694.0,50694.0,50694.0,50694.0,50694.0,50694.0,50694.0,50694.0,50694.0,50694.0
4776,50694.0,50694.0,50694.0,50694.0,50694.0,50694.0,50694.0,50694.0,50694.0,50694.0,50694.0
4777,50694.0,50694.0,50694.0,50694.0,50694.0,50694.0,50694.0,50694.0,50694.0,50694.0,50694.0
4778,50694.0,50694.0,50694.0,50694.0,50694.0,50694.0,50694.0,50694.0,50694.0,50694.0,50694.0
4779,50694.0,50694.0,50694.0,50694.0,50694.0,50694.0,50694.0,50694.0,50694.0,50694.0,50694.0
4780,50694.0,50694.0,50694.0,50694.0,50694.0,50694.0,50694.0,50694.0,50694.0,50694.0,50694.0
4781,50694.0,50694.0,50694.0,50694.0,50694.0,50694.0,50694.0,50694.0,50694.0,50694.0,50694.0
4782,50694.0,50694.0,50694.0,50694.0,50694.0,50694.0,50694.0,50694.0,50694.0,50694.0,50694.0
4783,50694.0,50694.0,50694.0,50694.0,50694.0,50694.0,50694.0,50694.0,50694.0,50694.0,50694.0
4784,50694.0,50694.0,50694.0,50694.0,50694.0,50694.0,50694.0,50694.0,50694.0,50694.0,50694.0
4785,50694.0,50694.0,50694.0,50694.0,50694.0,50694.0,50694.0,50694.0,50694.0,50694.0,50694.0
4786,50694.0,50694.0,50694.0,50694.0,50694.0,50694.0,50694.0,50694.0,50694.0,50694.0,50694.0
4787,50694.0,50694.0,50694.0,50694.0,50694.0,50694.0,50694.0,50694.0,50694.0,50694.0,50694.0
4788,50694.0,50694.0,50694.0,50694.0,50694.0,50694.0,50694.0,50694.0,50694.0,50694.0,50694.0
4789,50694.0,50694.0,50694.0,50694.0,50694.0,50694.0,50694.0,50694.0,50694.0,50694.0,50694.0
4790,50694.0,50694.0,50694.0,50694.0,50694.0,50694.0,50694.0,50694.0,50694.0,50694.0,50694.0
4791,50694.0,50694.0,50694.0,50694.0,50694.0,50694.0,50694.0,50694.0,50694.0,50694.0,50694.0
4792,50694.0,50694.0,50694.0,50694.0,50694.0,50694.0,50694.0,50694.0,50694.0,50694.0,50694.0
4793,50694.0,50694.0,50694.0,50694.0,50694.0,50694.0,50694.0,50694.0,50694.0,50694.0,50694.0
4794,50694.0,50694.0,50694.0,50694.0,50694.0,50694.0,50694.0,50694.0,50694.0,50694.0,50694.0
4795,50694.0,50694.0,50694.0,50694.0,50694.0,50694.0,50694.0,50694.0,50694.0,50694.0,50694.0
4796,50694.0,50694.0,50694.0,50694.0,50694.0,50694.0,50694.0,50694.0,50694.0,50694.0,50694.0
4797,50694.0,50694.0,50694.0,50694.0,50694.0,50694.0,50694.0,50694.0,50694.0,50694.0,50694.0
4798,50694.0,50694.0,50694.0,50694.0,50694.0,50694.0,50694.0,50694.0,50694.0,50694.0,50694.0
4799,50694.0,50694.0,50694.0,50694.0,50694.0,50694.0,50694.0,50694.0,50694.0,50694.0,50694.0
4800,50694.0,50694.0,50694.0,50694.0,50694.0,50694.0,50694.0,50694.0,50694.0,50694.0,50694.0
4801,50694.0,50694.0,50694.0,50694.0,50694.0,50694.0,50694.0,50694.0,50694.0,50694.0,50694.0
4802,50694.0,50694.0,50694.0,50694.0,50694.0,50694.0,50694.0,50694.0,50694.0,50694.0,50694.0
4803,50694.0,50694.0,50694.0,50694.0,50694.0,50694.0,50694.0,50694.0,50694.0,50694.0,50694.0
4804,50694.0,50694.0,50694.0,50694.0,50694.0,50694.0,50694.0,50694.0,50694.0,50694.0,50694.0
4805,50694.0,50694.0,50694.0,50694.0,50694.0,50694.0,50694.0,50694.0,50694.0,50694.0,50694.0
4806,50694.0,50694.0,50694.0,50694.0,50694.0,50694.0,50694.0,50694.0,50694.0,50694.0,50694.0
4807,50694.0,50694.0,50694.0,50694.0,50694.0,50694.0,50694.0,50694.0,50694.0,50694.0,50694.0
4808,50694.0,50694.0,50694.0,50694.0,50694.0,50694.0,50694.0,50694.0,50694.0,50694.0,50694.0
4809,50694.0,50694.0,50694.0,50694.0,50694.0,50694.0,50694.0,50694.0,50694.0,50694.0,50694.0
4810,50694.0,50694.0,50694.0,50694.0,50694.0,50694.0,50694.0,50694.0,50694.0,50694.0,50694.0
4811,50694.0,50694.0,50694.0,50694.0,50694.0,50694.0,50694.0,50694.0,50694.0,50694.0,50694.0
4812,50694.0,50694.0,50694.0,50694.0,50694.0,50694.0,50694.0,50694.0,50694.0,50694.0,50694.0
4813,50694.0,50694.0,50694.0,50694.0,50694.0,50694.0,50694.0,50694.0,50694.0,50694.0,50694.0
4814,50694.0,50694.0,50694.0,50694.0,50694.0,50694.0,50694.0,50694.0,50694.0,50694.0,50694.0
4815,50694.0,50694.0,50694.0,50694.0,50694.0,50694.0,50694.0,50694.0,50694.0,50694.0,50694.0
4816,50694.0,50694.0,50694.0,50694.0,50694.0,50694.0,50694.0,50694.0,50694.0,50694.0,50694.0
4817,50694.0,50694.0,50694.0,50694.0,50694.0,50694.0,50694.0,50694.0,50694.0,50694.0,50694.0
4818,50694.0,50694.0,50694.0,50694.0,50694.0,50694.0,50694.0,50694.0,50694.0,50694.0,50694.0
4819,50694.0,50694.0,50694.0,50694.0,50694.0,50694.0,50694.0,50694.0,50694.0,50694.0,50694.0
4820,50694.0,50694.0,50694.0,50694.0,50694.0,50694.0,50694.0,50694.0,50694.0,50694.0,50694.0
4821,50694.0,50694.0,50694.0,50694.0,50694.0,50694.0,50694.0,50694.0,50694.0,50694.0,50694.0
4822,50694.0,50694.0,50694.0,50694.0,50694.0,50694.0,50694.0,50694.0,50694.0,50694.0,50694.0
4823,50694.0,50694.0,50694.0,50694.0,50694.0,50694.0,50694.0,50694.0,50694.0,50694.0,50694.0
4824,50694.0,50694.0,50694.0,50694.0,50694.0,50694.0,50694.0,50694.0,50694.0,50694.0,50694.0
4825,50694.0,50694.0,50694.0,50694.0,50694.0,50694.0,50694.0,50694.0,50694.0,50694.0,50694.0
4826,50694.0,50694.0,50694.0,50694.0,50694.0,50694.0,50694.0,50694.0,50694.0,50694.0,50694.0
4827,50694.0,50694.0,50694.0,50694.0,50694.0,50694.0,50694.0,50694.0,50694.0,50694.0,50694.0
4828,50694.0,50694.0,50694.0,50694.0,50694.0,50694.0,50694.0,50694.0,50694.0,50694.0,50694.0
4829,50694.0,50694.0,50694.0,50694.0,50694.0,50694.0,50694.0,50694.0,50694.0,50694.0,50694.0
4830,50694.0,50694.0,50694.0,50694.0,50694.0,50694.0,50694.0,50694.0,50694.0,50694.0,50694.0
4831,50694.0,50694.0,50694.0,50694.0,50694.0,50694.0,50694.0,50694.0,50694.0,50694.0,50694.0
4832,50694.0,50694.0,50694.0,50694.0,50694.0,50694.0,50694.0,50694.0,50694.0,50694.0,50694.0
4833,50694.0,50694.0,50694.0,50694.0,50694.0,50694.0,50694.0,50694.0,50694.0,50694.0,50694.0
4834,50694.0,50694.0,50694.0,50694.0,50694.0,50694.0,50694.0,50694.0,50694.0,50694.0,50694.0
4835,50694.0,50694.0,50694.0,50694.0,50694.0,50694.0,50694.0,50694.0,50694.0,50694.0,50694.0
4836,50694.0,50694.0,50694.0,50694.0,50694.0,50694.0,50694.0,50694.0,50694.0,50694.0,50694.0
4837,50694.0,50694.0,50694.0,50694.0,50694.0,50694.0,50694.0,50694.0,50694.0,50694.0,50694.0
4838,50694.0,50694.0,50694.0,50694.0,50694.0,50694.0,50694.0,50694.0,50694.0,50694.0,50694.0
4839,50694.0,50694.0,50694.0,50694.0,50694.0,50694.0,50694.0,50694.0,50694.0,50694.0,50694.0
4840,50694.0,50694.0,50694.0,50694.0,50694.0,50694.0,50694.0,50694.0,50694.0,50694.0,50694.0
4841,50694.0,50694.0,50694.0,50694.0,50694.0,50694.0,50694.0,50694.0,50694.0,50694.0,50694.0
4842,50694.0,50694.0,50694.0,50694.0,50694.0,50694.0,50694.0,50694.0,50694.0,50694.0,50694.0
4843,50694.0,50694.0,50694.0,50694.0,50694.0,50694.0,50694.0,50694.0,50694.0,50694.0,50694.0
4844,50694.0,50694.0,50694.0,50694.0,50694.0,50694.0,50694.0,50694.0,50694.0,50694.0,50694.0
4845,50694.0,50694.0,50694.0,50694.0,50694.0,50694.0,50694.0,50694.0,50694.0,50694.0,50694.0
4846,50694.0,50694.0,50694.0,50694.0,50694.0,50694.0,50694.0,50694.0,50694.0,50694.0,50694.0
4847,50694.0,50694.0,50694.0,50694.0,50694.0,50694.0,50694.0,50694.0,50694.0,50694.0,50694.0
4848,50694.0,50694.0,50694.0,50694.0,50694.0,50694.0,50694.0,50694.0,50694.0,50694.0,50694.0
4849,50694.0,50694.0,50694.0,50694.0,50694.0,50694.0,50694.0,50694.0,50694.0,50694.0,50694.0
4850,50694.0,50694.0,50694.0,50694.0,50694.0,50694.0,50694.0,50694.0,50694.0,50694.0,50694.0
4851,50694.0,50694.0,50694.0,50694.0,50694.0,50694.0,50694.0,50694.0,50694.0,50694.0,50694.0
4852,50694.0,50694.0,50694.0,50694.0,50694.0,50694.0,50694.0,50694.0,50694.0,50694.0,50694.0
4853,50694.0,50694.0,50694.0,50694.0,50694.0,50694.0,50694.0,50694.0,50694.0,50694.0,50694.0
4854,50694.0,50694.0,50694.0,50694.0,50694.0,50694.0,50694.0,50694.0,50694.0,50694.0,50694.0
4855,50694.0,50694.0,50694.0,50694.0,50694.0,50694.0,50694.0,50694.0,50694.0,50694.0,50694.0
4856,50694.0,50694.0,50694.0,50694.0,50694.0,50694.0,50694.0,50694.0,50694.0,50694.0,50694.0
4857,50694.0,50694.0,50694.0,50694.0,50694.0,50694.0,50694.0,50694.0,50694.0,50694.0,50694.0
4858,50694.0,50694.0,50694.0,50694.0,50694.0,50694.0,50694.0,50694.0,50694.0,50694.0,50694.0
4859,50694.0,50694.0,50694.0,50694.0,50694.0,50694.0,50694.0,50694.0,50694.0,50694.0,50694.0
4860,50694.0,50694.0,50694.0,50694.0,50694.0,50694.0,50694.0,50694.0,50694.0,50694.0,50694.0
4861,50694.0,50694.0,50694.0,50694.0,50694.0,50694.0,50694.0,50694.0,50694.0,50694.0,50694.0
4862,50694.0,50694.0,50694.0,50694.0,50694.0,50694.0,50694.0,50694.0,50694.0,50694.0,50694.0
4863,50694.0,50694.0,50694.0,50694.0,50694.0,50694.0,50694.0,50694.0,50694.0,50694.0,50694.0
4864,50694.0,50694.0,50694.0,50694.0,50694.0,50694.0,50694.0,50694.0,50694.0,50694.0,50694.0
4865,50694.0,50694.0,50694.0,50694.0,50694.0,50694.0,50694.0,50694.0,50694.0,50694.0,50694.0
4866,50694.0,50694.0,50694.0,50694.0,50694.0,50694.0,50694.0,50694.0,50694.0,50694.0,50694.0
4867,50694.0,50694.0,50694.0,50694.0,50694.0,50694.0,50694.0,50694.0,50694.0,50694.0,50694.0
4868,50694.0,50694.0,50694.0,50694.0,50694.0,50694.0,50694.0,50694.0,50694.0,50694.0,50694.0
4869,50694.0,50694.0,50694.0,50694.0,50694.0,50694.0,50694.0,50694.0,50694.0,50694.0,50694.0
4870,50694.0,50694.0,50694.0,50694.0,50694.0,50694.0,50694.0,50694.0,50694.0,50694.0,50694.0
4871,50694.0,50694.0,50694.0,50694.0,50694.0,50694.0,50694.0,50694.0,50694.0,50694.0,50694.0
4872,50694.0,50694.0,50694.0,50694.0,50694.0,50694.0,50694.0,50694.0,50694.0,50694.0,50694.0
4873,50694.0,50694.0,50694.0,50694.0,50694.0,50694.0,50694.0,50694.0,50694.0,50694.0,50694.0
4874,50694.0,50694.0,50694.0,50694.0,50694.0,50694.0,50694.0,50694.0,50694.0,50694.0,50694.0
4875,50694.0,50694.0,50694.0,50694.0,50694.0,50694.0,50694.0,50694.0,50694.0,50694.0,50694.0
4876,50694.0,50694.0,50694.0,50694.0,50694.0,50694.0,50694.0,50694.0,50694.0,50694.0,50694.0
4877,50694.0,50694.0,50694.0,50694.0,50694.0,50694.0,50694.0,50694.0,50694.0,50694.0,50694.0
4878,50694.0,50694.0,50694.0,50694.0,50694.0,50694.0,50694.0,50694.0,50694.0,50694.0,50694.0
4879,50694.0,50694.0,50694.0,50694.0,50694.0,50694.0,50694.0,50694.0,50694.0,50694.0,50694.0
4880,50694.0,50694.0,50694.0,50694.0,50694.0,50694.0,50694.0,50694.0,50694.0,50694.0,50694.0
4881,50694.0,50694.0,50694.0,50694.0,50694.0,50694.0,50694.0,50694.0,50694.0,50694.0,50694.0
4882,50694.0,50694.0,50694.0,50694.0,50694.0,50694.0,50694.0,50694.0,50694.0,50694.0,50694.0
4883,50694.0,50694.0,50694.0,50694.0,50694.0,50694.0,50694.0,50694.0,50694.0,50694.0,50694.0
4884,50694.0,50694.0,50694.0,50694.0,50694.0,50694.0,50694.0,50694.0,50694.0,50694.0,50694.0
4885,50694.0,50694.0,50694.0,50694.0,50694.0,50694.0,50694.0,50694.0,50694.0,50694.0,50694.0
4886,50694.0,50694.0,50694.0,50694.0,50694.0,50694.0,50694.0,50694.0,50694.0,50694.0,50694.0
4887,50694.0,50694.0,50694.0,50694.0,50694.0,50694.0,50694.0,50694.0,50694.0,50694.0,50694.0
4888,50694.0,50694.0,50694.0,50694.0,50694.0,50694.0,50694.0,50694.0,50694.0,50694.0,50694.0
4889,50694.0,50694.0,50694.0,50694.0,50694.0,50694.0,50694.0,50694.0,50694.0,50694.0,50694.0
4890,50694.0,50694.0,50694.0,50694.0,50694.0,50694.0,50694.0,50694.0,50694.0,50694.0,50694.0
4891,50694.0,50694.0,50694.0,50694.0,50694.0,50694.0,50694.0,50694.0,50694.0,50694.0,50694.0
4892,50694.0,50694.0,50694.0,50694.0,50694.0,50694.0,50694.0,50694.0,50694.0,50694.0,50694.0
4893,50694.0,50694.0,50694.0,50694.0,50694.0,50694.0,50694.0,50694.0,50694.0,50694.0,50694.0
4894,50694.0,50694.0,50694.0,50694.0,50694.0,50694.0,50694.0,50694.0,50694.0,50694.0,50694.0
4895,50694.0,50694.0,50694.0,50694.0,50694.0,50694.0,50694.0,50694.0,50694.0,50694.0,50694.0
4896,50694.0,50694.0,50694.0,50694.0,50694.0,50694.0,50694.0,50694.0,50694.0,50694.0,50694.0
4897,50694.0,50694.0,50694.0,50694.0,50694.0,50694.0,50694.0,50694.0,50694.0,50694.0,50694.0
4898,50694.0,50694.0,50694.0,50694.0,50694.0,50694.0,50694.0,50694.0,50694.0,50694.0,50694.0
4899,50694.0,50694.0,50694.0,50694.0,50694.0,50694.0,50694.0,50694.0,50694.0,50694.0,50694.0
4900,50694.0,50694.0,50694.0,50694.0,50694.0,50694.0,50694.0,50694.0,50694.0,50694.0,50694.0
4901,50694.0,50694.0,50694.0,50694.0,50694.0,50694.0,50694.0,50694.0,50694.0,50694.0,50694.0
4902,50694.0,50694.0,50694.0,50694.0,50694.0,50694.0,50694.0,50694.0,50694.0,50694.0,50694.0
4903,50694.0,50694.0,50694.0,50694.0,50694.0,50694.0,50694.0,50694.0,50694.0,50694.0,50694.0
4904,50694.0,50694.0,50694.0,50694.0,50694.0,50694.0,50694.0,50694.0,50694.0,50694.0,50694.0
4905,50694.0,50694.0,50694.0,50694.0,50694.0,50694.0,50694.0,50694.0,50694.0,50694.0,50694.0
4906,50694.0,50694.0,50694.0,50694.0,50694.0,50694.0,50694.0,50694.0,50694.0,50694.0,50694.0
4907,50694.0,50694.0,50694.0,50694.0,50694.0,50694.0,50694.0,50694.0,50694.0,50694.0,50694.0
4908,50694.0,50694.0,50694.0,50694.0,50694.0,50694.0,50694.0,50694.0,50694.0,50694.0,50694.0
4909,50694.0,50694.0,50694.0,50694.0,50694.0,50694.0,50694.0,50694.0,50694.0,50694.0,50694.0
4910,50694.0,50694.0,50694.0,50694.0,50694.0,50694.0,50694.0,50694.0,50694.0,50694.0,50694.0
4911,50694.0,50694.0,50694.0,50694.0,50694.0,50694.0,50694.0,50694.0,50694.0,50694.0,50694.0
4912,50694.0,50694.0,50694.0,50694.0,50694.0,50694.0,50694.0,50694.0,50694.0,50694.0,50694.0
4913,50694.0,50694.0,50694.0,50694.0,50694.0,50694.0,50694.0,50694.0,50694.0,50694.0,50694.0
4914,50694.0,50694.0,50694.0,50694.0,50694.0,50694.0,50694.0,50694.0,50694.0,50694.0,50694.0
4915,50694.0,50694.0,50694.0,50694.0,50694.0,50694.0,50694.0,50694.0,50694.0,50694.0,50694.0
4916,50694.0,50694.0,50694.0,50694.0,50694.0,50694.0,50694.0,50694.0,50694.0,50694.0,50694.0
4917,50694.0,50694.0,50694.0,50694.0,50694.0,50694.0,50694.0,50694.0,50694.0,50694.0,50694.0
4918,50694.0,50694.0,50694.0,50694.0,50694.0,50694.0,50694.0,50694.0,50694.0,50694.0,50694.0
4919,50694.0,50694.0,50694.0,50694.0,50694.0,50694.0,50694.0,50694.0,50694.0,50694.0,50694.0
4920,50694.0,50694.0,50694.0,50694.0,50694.0,50694.0,50694.0,50694.0,50694.0,50694.0,50694.0
4921,50694.0,50694.0,50694.0,50694.0,50694.0,50694.0,50694.0,50694.0,50694.0,50694.0,50694.0
4922,50694.0,50694.0,50694.0,50694.0,50694.0,50694.0,50694.0,50694.0,50694.0,50694.0,50694.0
4923,50694.0,50694.0,50694.0,50694.0,50694.0,50694.0,50694.0,50694.0,50694.0,50694.0,50694.0
4924,50694.0,50694.0,50694.0,50694.0,50694.0,50694.0,50694.0,50694.0,50694.0,50694.0,50694.0
4925,50694.0,50694.0,50694.0,50694.0,50694.0,50694.0,50694.0,50694.0,50694.0,50694.0,50694.0
4926,50694.0,50694.0,50694.0,50694.0,50694.0,50694.0,50694.0,50694.0,50694.0,50694.0,50694.0
4927,50694.0,50694.0,50694.0,50694.0,50694.0,50694.0,50694.0,50694.0,50694.0,50694.0,50694.0
4928,50694.0,50694.0,50694.0,50694.0,50694.0,50694.0,50694.0,50694.0,50694.0,50694.0,50694.0
4929,50694.0,50694.0,50694.0,50694.0,50694.0,50694.0,50694.0,50694.0,50694.0,50694.0,50694.0
4930,50694.0,50694.0,50694.0,50694.0,50694.0,50694.0,50694.0,50694.0,50694.0,50694.0,50694.0
4931,50694.0,50694.0,50694.0,50694.0,50694.0,50694.0,50694.0,50694.0,50694.0,50694.0,50694.0
4932,50694.0,50694.0,50694.0,50694.0,50694.0,50694.0,50694.0,50694.0,50694.0,50694.0,50694.0
4933,50694.0,50694.0,50694.0,50694.0,50694.0,50694.0,50694.0,50694.0,50694.0,50694.0,50694.0
4934,50694.0,50694.0,50694.0,50694.0,50694.0,50694.0,50694.0,50694.0,50694.0,50694.0,50694.0
4935,50694.0,50694.0,50694.0,50694.0,50694.0,50694.0,50694.0,50694.0,50694.0,50694.0,50694.0
4936,50694.0,50694.0,50694.0,50694.0,50694.0,50694.0,50694.0,50694.0,50694.0,50694.0,50694.0
4937,50694.0,50694.0,50694.0,50694.0,50694.0,50694.0,50694.0,50694.0,50694.0,50694.0,50694.0
4938,50694.0,50694.0,50694.0,50694.0,50694.0,50694.0,50694.0,50694.0,50694.0,50694.0,50694.0
4939,50694.0,50694.0,50694.0,50694.0,50694.0,50694.0,50694.0,50694.0,50694.0,50694.0,50694.0
4940,50694.0,50694.0,50694.0,50694.0,50694.0,50694.0,50694.0,50694.0,50694.0,50694.0,50694.0
4941,50694.0,50694.0,50694.0,50694.0,50694.0,50694.0,50694.0,50694.0,50694.0,50694.0,50694.0
4942,50694.0,50694.0,50694.0,50694.0,50694.0,50694.0,50694.0,50694.0,50694.0,50694.0,50694.0
4943,50694.0,50694.0,50694.0,50694.0,50694.0,50694.0,50694.0,50694.0,50694.0,50694.0,50694.0
4944,50694.0,50694.0,50694.0,50694.0,50694.0,50694.0,50694.0,50694.0,50694.0,50694.0,50694.0
4945,50694.0,50694.0,50694.0,50694.0,50694.0,50694.0,50694.0,50694.0,50694.0,50694.0,50694.0
4946,50694.0,50694.0,50694.0,50694.0,50694.0,50694.0,50694.0,50694.0,50694.0,50694.0,50694.0
4947,50694.0,50694.0,50694.0,50694.0,50694.0,50694.0,50694.0,50694.0,50694.0,50694.0,50694.0
4948,50694.0,50694.0,50694.0,50694.0,50694.0,50694.0,50694.0,50694.0,50694.0,50694.0,50694.0
4949,50694.0,50694.0,50694.0,50694.0,50694.0,50694.0,50694.0,50694.0,50694.0,50694.0,50694.0
4950,50694.0,50694.0,50694.0,50694.0,50694.0,50694.0,50694.0,50694.0,50694.0,50694.0,50694.0
4951,50694.0,50694.0,50694.0,50694.0,50694.0,50694.0,50694.0,50694.0,50694.0,50694.0,50694.0
4952,50694.0,50694.0,50694.0,50694.0,50694.0,50694.0,50694.0,50694.0,50694.0,50694.0,50694.0
4953,50694.0,50694.0,50694.0,50694.0,50694.0,50694.0,50694.0,50694.0,50694.0,50694.0,50694.0
4954,50694.0,50694.0,50694.0,50694.0,50694.0,50694.0,50694.0,50694.0,50694.0,50694.0,50694.0
4955,50694.0,50694.0,50694.0,50694.0,50694.0,50694.0,50694.0,50694.0,50694.0,50694.0,50694.0
4956,50694.0,50694.0,50694.0,50694.0,50694.0,50694.0,50694.0,50694.0,50694.0,50694.0,50694.0
4957,50694.0,50694.0,50694.0,50694.0,50694.0,50694.0,50694.0,50694.0,50694.0,50694.0,50694.0
4958,50694.0,50694.0,50694.0,50694.0,50694.0,50694.0,50694.0,50694.0,50694.0,50694.0,50694.0
4959,50694.0,50694.0,50694.0,50694.0,50694.0,50694.0,50694.0,50694.0,50694.0,50694.0,50694.0
4960,50694.0,50694.0,50694.0,50694.0,50694.0,50694.0,50694.0,50694.0,50694.0,50694.0,50694.0
4961,50694.0,50694.0,50694.0,50694.0,50694.0,50694.0,50694.0,50694.0,50694.0,50694.0,50694.0
4962,50694.0,50694.0,50694.0,50694.0,50694.0,50694.0,50694.0,50694.0,50694.0,50694.0,50694.0
4963,50694.0,50694.0,50694.0,50694.0,50694.0,50694.0,50694.0,50694.0,50694.0,50694.0,50694.0
4964,50694.0,50694.0,50694.0,50694.0,50694.0,50694.0,50694.0,50694.0,50694.0,50694.0,50694.0
4965,50694.0,50694.0,50694.0,50694.0,50694.0,50694.0,50694.0,50694.0,50694.0,50694.0,50694.0
4966,50694.0,50694.0,50694.0,50694.0,50694.0,50694.0,50694.0,50694.0,50694.0,50694.0,50694.0
4967,50694.0,50694.0,50694.0,50694.0,50694.0,50694.0,50694.0,50694.0,50694.0,50694.0,50694.0
4968,50694.0,50694.0,50694.0,50694.0,50694.0,50694.0,50694.0,50694.0,50694.0,50694.0,50694.0
4969,50694.0,50694.0,50694.0,50694.0,50694.0,50694.0,50694.0,50694.0,50694.0,50694.0,50694.0
4970,50694.0,50694.0,50694.0,50694.0,50694.0,50694.0,50694.0,50694.0,50694.0,50694.0,50694.0
4971,50694.0,50694.0,50694.0,50694.0,50694.0,50694.0,50694.0,50694.0,50694.0,50694.0,50694.0
4972,50694.0,50694.0,50694.0,50694.0,50694.0,50694.0,50694.0,50694.0,50694.0,50694.0,50694.0
4973,50694.0,50694.0,50694.0,50694.0,50694.0,50694.0,50694.0,50694.0,50694.0,50694.0,50694.0
4974,50694.0,50694.0,50694.0,50694.0,50694.0,50694.0,50694.0,50694.0,50694.0,50694.0,50694.0
4975,50694.0,50694.0,50694.0,50694.0,50694.0,50694.0,50694.0,50694.0,50694.0,50694.0,50694.0
4976,50694.0,50694.0,50694.0,50694.0,50694.0,50694.0,50694.0,50694.0,50694.0,50694.0,50694.0
4977,50694.0,50694.0,50694.0,50694.0,50694.0,50694.0,50694.0,50694.0,50694.0,50694.0,50694.0
4978,50694.0,50694.0,50694.0,50694.0,50694.0,50694.0,50694.0,50694.0,50694.0,50694.0,50694.0
4979,50694.0,50694.0,50694.0,50694.0,50694.0,50694.0,50694.0,50694.0,50694.0,50694.0,50694.0
4980,50694.0,50694.0,50694.0,50694.0,50694.0,50694.0,50694.0,50694.0,50694.0,50694.0,50694.0
4981,50694.0,50694.0,50694.0,50694.0,50694.0,50694.0,50694.0,50694.0,50694.0,50694.0,50694.0
4982,50694.0,50694.0,50694.0,50694.0,50694.0,50694.0,50694.0,50694.0,50694.0,50694.0,50694.0
4983,50694.0,50694.0,50694.0,50694.0,50694.0,50694.0,50694.0,50694.0,50694.0,50694.0,50694.0
4984,50694.0,50694.0,50694.0,50694.0,50694.0,50694.0,50694.0,50694.0,50694.0,50694.0,50694.0
4985,50694.0,50694.0,50694.0,50694.0,50694.0,50694.0,50694.0,50694.0,50694.0,50694.0,50694.0
4986,50694.0,50694.0,50694.0,50694.0,50694.0,50694.0,50694.0,50694.0,50694.0,50694.0,50694.0
4987,50694.0,50694.0,50694.0,50694.0,50694.0,50694.0,50694.0,50694.0,50694.0,50694.0,50694.0
4988,50694.0,50694.0,50694.0,50694.0,50694.0,50694.0,50694.0,50694.0,50694.0,50694.0,50694.0
4989,50694.0,50694.0,50694.0,50694.0,50694.0,50694.0,50694.0,50694.0,50694.0,50694.0,50694.0
4990,50694.0,50694.0,50694.0,50694.0,50694.0,50694.0,50694.0,50694.0,50694.0,50694.0,50694.0
4991,50694.0,50694.0,50694.0,50694.0,50694.0,50694.0,50694.0,50694.0,50694.0,50694.0,50694.0
4992,50694.0,50694.0,50694.0,50694.0,50694.0,50694.0,50694.0,50694.0,50694.0,50694.0,50694.0
4993,50694.0,50694.0,50694.0,50694.0,50694.0,50694.0,50694.0,50694.0,50694.0,50694.0,50694.0
4994,50694.0,50694.0,50694.0,50694.0,50694.0,50694.0,50694.0,50694.0,50694.0,50694.0,50694.0
4995,50694.0,50694.0,50694.0,50694.0,50694.0,50694.0,50694.0,50694.0,50694.0,50694.0,50694.0
4996,50694.0,50694.0,50694.0,50694.0,50694.0,50694.0,50694.0,50694.0,50694.0,50694.0,50694.0
4997,50694.0,50694.0,50694.0,50694.0,50694.0,50694.0,50694.0,50694.0,50694.0,50694.0,50694.0
4998,50694.0,50694.0,50694.0,50694.0,50694.0,50694.0,50694.0,50694.0,50694.0,50694.0,50694.0
4999,50694.0,50694.0,50694.0,50694.0,50694.0,50694.0,50694.0,50694.0,50694.0,50694.0,50694.0
5000,50694.0,50694.0,50694.0,50694.0,50694.0,50694.0,50694.0,50694.0,50694.0,50694.0,50694.0
5001,50694.0,50694.0,50694.0,50694.0,50694.0,50694.0,50694.0,50694.0,50694.0,50694.0,50694.0
5002,50694.0,50694.0,50694.0,50694.0,50694.0,50694.0,50694.0,50694.0,50694.0,50694.0,50694.0
5003,50694.0,50694.0,50694.0,50694.0,50694.0,50694.0,50694.0,50694.0,50694.0,50694.0,50694.0
5004,50694.0,50694.0,50694.0,50694.0,50694.0,50694.0,50694.0,50694.0,50694.0,50694.0,50694.0
5005,50694.0,50694.0,50694.0,50694.0,50694.0,50694.0,50694.0,50694.0,50694.0,50694.0,50694.0
5006,50694.0,50694.0,50694.0,50694.0,50694.0,50694.0,50694.0,50694.0,50694.0,50694.0,50694.0
5007,50694.0,50694.0,50694.0,50694.0,50694.0,50694.0,50694.0,50694.0,50694.0,50694.0,50694.0
5008,50694.0,50694.0,50694.0,50694.0,50694.0,50694.0,50694.0,50694.0,50694.0,50694.0,50694.0
5009,50694.0,50694.0,50694.0,50694.0,50694.0,50694.0,50694.0,50694.0,50694.0,50694.0,50694.0
5010,50694.0,50694.0,50694.0,50694.0,50694.0,50694.0,50694.0,50694.0,50694.0,50694.0,50694.0
5011,50694.0,50694.0,50694.0,50694.0,50694.0,50694.0,50694.0,50694.0,50694.0,50694.0,50694.0
5012,50694.0,50694.0,50694.0,50694.0,50694.0,50694.0,50694.0,50694.0,50694.0,50694.0,50694.0
5013,50694.0,50694.0,50694.0,50694.0,50694.0,50694.0,50694.0,50694.0,50694.0,50694.0,50694.0
5014,50694.0,50694.0,50694.0,50694.0,50694.0,50694.0,50694.0,50694.0,50694.0,50694.0,50694.0
5015,50694.0,50694.0,50694.0,50694.0,50694.0,50694.0,50694.0,50694.0,50694.0,50694.0,50694.0
5016,50694.0,50694.0,50694.0,50694.0,50694.0,50694.0,50694.0,50694.0,50694.0,50694.0,50694.0
5017,50694.0,50694.0,50694.0,50694.0,50694.0,50694.0,50694.0,50694.0,50694.0,50694.0,50694.0
5018,50694.0,50694.0,50694.0,50694.0,50694.0,50694.0,50694.0,50694.0,50694.0,50694.0,50694.0
5019,50694.0,50694.0,50694.0,50694.0,50694.0,50694.0,50694.0,50694.0,50694.0,50694.0,50694.0
5020,50694.0,50694.0,50694.0,50694.0,50694.0,50694.0,50694.0,50694.0,50694.0,50694.0,50694.0
5021,50694.0,50694.0,50694.0,50694.0,50694.0,50694.0,50694.0,50694.0,50694.0,50694.0,50694.0
5022,50694.0,50694.0,50694.0,50694.0,50694.0,50694.0,50694.0,50694.0,50694.0,50694.0,50694.0
5023,50694.0,50694.0,50694.0,50694.0,50694.0,50694.0,50694.0,50694.0,50694.0,50694.0,50694.0
5024,50694.0,50694.0,50694.0,50694.0,50694.0,50694.0,50694.0,50694.0,50694.0,50694.0,50694.0
5025,50694.0,50694.0,50694.0,50694.0,50694.0,50694.0,50694.0,50694.0,50694.0,50694.0,50694.0
5026,50694.0,50694.0,50694.0,50694.0,50694.0,50694.0,50694.0,50694.0,50694.0,50694.0,50694.0
5027,50694.0,50694.0,50694.0,50694.0,50694.0,50694.0,50694.0,50694.0,50694.0,50694.0,50694.0
5028,50694.0,50694.0,50694.0,50694.0,50694.0,50694.0,50694.0,50694.0,50694.0,50694.0,50694.0
5029,50694.0,50694.0,50694.0,50694.0,50694.0,50694.0,50694.0,50694.0,50694.0,50694.0,50694.0
5030,50694.0,50694.0,50694.0,50694.0,50694.0,50694.0,50694.0,50694.0,50694.0,50694.0,50694.0
5031,50694.0,50694.0,50694.0,50694.0,50694.0,50694.0,50694.0,50694.0,50694.0,50694.0,50694.0
5032,50694.0,50694.0,50694.0,50694.0,50694.0,50694.0,50694.0,50694.0,50694.0,50694.0,50694.0
5033,50694.0,50694.0,50694.0,50694.0,50694.0,50694.0,50694.0,50694.0,50694.0,50694.0,50694.0
5034,50694.0,50694.0,50694.0,50694.0,50694.0,50694.0,50694.0,50694.0,50694.0,50694.0,50694.0
5035,50694.0,50694.0,50694.0,50694.0,50694.0,50694.0,50694.0,50694.0,50694.0,50694.0,50694.0
5036,50694.0,50694.0,50694.0,50694.0,50694.0,50694.0,50694.0,50694.0,50694.0,50694.0,50694.0
5037,50694.0,50694.0,50694.0,50694.0,50694.0,50694.0,50694.0,50694.0,50694.0,50694.0,50694.0
5038,50694.0,50694.0,50694.0,50694.0,50694.0,50694.0,50694.0,50694.0,50694.0,50694.0,50694.0
5039,50694.0,50694.0,50694.0,50694.0,50694.0,50694.0,50694.0,50694.0,50694.0,50694.0,50694.0
5040,50694.0,50694.0,50694.0,50694.0,50694.0,50694.0,50694.0,50694.0,50694.0,50694.0,50694.0
5041,50694.0,50694.0,50694.0,50694.0,50694.0,50694.0,50694.0,50694.0,50694.0,50694.0,50694.0
5042,50694.0,50694.0,50694.0,50694.0,50694.0,50694.0,50694.0,50694.0,50694.0,50694.0,50694.0
5043,50694.0,50694.0,50694.0,50694.0,50694.0,50694.0,50694.0,50694.0,50694.0,50694.0,50694.0
5044,50694.0,50694.0,50694.0,50694.0,50694.0,50694.0,50694.0,50694.0,50694.0,50694.0,50694.0
5045,50694.0,50694.0,50694.0,50694.0,50694.0,50694.0,50694.0,50694.0,50694.0,50694.0,50694.0
5046,50694.0,50694.0,50694.0,50694.0,50694.0,50694.0,50694.0,50694.0,50694.0,50694.0,50694.0
5047,50694.0,50694.0,50694.0,50694.0,50694.0,50694.0,50694.0,50694.0,50694.0,50694.0,50694.0
5048,50694.0,50694.0,50694.0,50694.0,50694.0,50694.0,50694.0,50694.0,50694.0,50694.0,50694.0
5049,50694.0,50694.0,50694.0,50694.0,50694.0,50694.0,50694.0,50694.0,50694.0,50694.0,50694.0
5050,50694.0,50694.0,50694.0,50694.0,50694.0,50694.0,50694.0,50694.0,50694.0,50694.0,50694.0
5051,50694.0,50694.0,50694.0,50694.0,50694.0,50694.0,50694.0,50694.0,50694.0,50694.0,50694.0
5052,50694.0,50694.0,50694.0,50694.0,50694.0,50694.0,50694.0,50694.0,50694.0,50694.0,50694.0
5053,50694.0,50694.0,50694.0,50694.0,50694.0,50694.0,50694.0,50694.0,50694.0,50694.0,50694.0
5054,50694.0,50694.0,50694.0,50694.0,50694.0,50694.0,50694.0,50694.0,50694.0,50694.0,50694.0
5055,50694.0,50694.0,50694.0,50694.0,50694.0,50694.0,50694.0,50694.0,50694.0,50694.0,50694.0
5056,50694.0,50694.0,50694.0,50694.0,50694.0,50694.0,50694.0,50694.0,50694.0,50694.0,50694.0
5057,50694.0,50694.0,50694.0,50694.0,50694.0,50694.0,50694.0,50694.0,50694.0,50694.0,50694.0
5058,50694.0,50694.0,50694.0,50694.0,50694.0,50694.0,50694.0,50694.0,50694.0,50694.0,50694.0
5059,50694.0,50694.0,50694.0,50694.0,50694.0,50694.0,50694.0,50694.0,50694.0,50694.0,50694.0
5060,50694.0,50694.0,50694.0,50694.0,50694.0,50694.0,50694.0,50694.0,50694.0,50694.0,50694.0
5061,50694.0,50694.0,50694.0,50694.0,50694.0,50694.0,50694.0,50694.0,50694.0,50694.0,50694.0
5062,50694.0,50694.0,50694.0,50694.0,50694.0,50694.0,50694.0,50694.0,50694.0,50694.0,50694.0
5063,50694.0,50694.0,50694.0,50694.0,50694.0,50694.0,50694.0,50694.0,50694.0,50694.0,50694.0
5064,50694.0,50694.0,50694.0,50694.0,50694.0,50694.0,50694.0,50694.0,50694.0,50694.0,50694.0
5065,50694.0,50694.0,50694.0,50694.0,50694.0,50694.0,50694.0,50694.0,50694.0,50694.0,50694.0
5066,50694.0,50694.0,50694.0,50694.0,50694.0,50694.0,50694.0,50694.0,50694.0,50694.0,50694.0
5067,50694.0,50694.0,50694.0,50694.0,50694.0,50694.0,50694.0,50694.0,50694.0,50694.0,50694.0
5068,50694.0,50694.0,50694.0,50694.0,50694.0,50694.0,50694.0,50694.0,50694.0,50694.0,50694.0
5069,50694.0,50694.0,50694.0,50694.0,50694.0,50694.0,50694.0,50694.0,50694.0,50694.0,50694.0
5070,50694.0,50694.0,50694.0,50694.0,50694.0,50694.0,50694.0,50694.0,50694.0,50694.0,50694.0
5071,50694.0,50694.0,50694.0,50694.0,50694.0,50694.0,50694.0,50694.0,50694.0,50694.0,50694.0
5072,50694.0,50694.0,50694.0,50694.0,50694.0,50694.0,50694.0,50694.0,50694.0,50694.0,50694.0
5073,50694.0,50694.0,50694.0,50694.0,50694.0,50694.0,50694.0,50694.0,50694.0,50694.0,50694.0
5074,50694.0,50694.0,50694.0,50694.0,50694.0,50694.0,50694.0,50694.0,50694.0,50694.0,50694.0
5075,50694.0,50694.0,50694.0,50694.0,50694.0,50694.0,50694.0,50694.0,50694.0,50694.0,50694.0
5076,50694.0,50694.0,50694.0,50694.0,50694.0,50694.0,50694.0,50694.0,50694.0,50694.0,50694.0
5077,50694.0,50694.0,50694.0,50694.0,50694.0,50694.0,50694.0,50694.0,50694.0,50694.0,50694.0
5078,50694.0,50694.0,50694.0,50694.0,50694.0,50694.0,50694.0,50694.0,50694.0,50694.0,50694.0
5079,50694.0,50694.0,50694.0,50694.0,50694.0,50694.0,50694.0,50694.0,50694.0,50694.0,50694.0
5080,50694.0,50694.0,50694.0,50694.0,50694.0,50694.0,50694.0,50694.0,50694.0,50694.0,50694.0
5081,50694.0,50694.0,50694.0,50694.0,50694.0,50694.0,50694.0,50694.0,50694.0,50694.0,50694.0
5082,50694.0,50694.0,50694.0,50694.0,50694.0,50694.0,50694.0,50694.0,50694.0,50694.0,50694.0
5083,50694.0,50694.0,50694.0,50694.0,50694.0,50694.0,50694.0,50694.0,50694.0,50694.0,50694.0
5084,50694.0,50694.0,50694.0,50694.0,50694.0,50694.0,50694.0,50694.0,50694.0,50694.0,50694.0
5085,50694.0,50694.0,50694.0,50694.0,50694.0,50694.0,50694.0,50694.0,50694.0,50694.0,50694.0
5086,50694.0,50694.0,50694.0,50694.0,50694.0,50694.0,50694.0,50694.0,50694.0,50694.0,50694.0
5087,50694.0,50694.0,50694.0,50694.0,50694.0,50694.0,50694.0,50694.0,50694.0,50694.0,50694.0
5088,50694.0,50694.0,50694.0,50694.0,50694.0,50694.0,50694.0,50694.0,50694.0,50694.0,50694.0
5089,50694.0,50694.0,50694.0,50694.0,50694.0,50694.0,50694.0,50694.0,50694.0,50694.0,50694.0
5090,50694.0,50694.0,50694.0,50694.0,50694.0,50694.0,50694.0,50694.0,50694.0,50694.0,50694.0
5091,50694.0,50694.0,50694.0,50694.0,50694.0,50694.0,50694.0,50694.0,50694.0,50694.0,50694.0
5092,50694.0,50694.0,50694.0,50694.0,50694.0,50694.0,50694.0,50694.0,50694.0,50694.0,50694.0
5093,50694.0,50694.0,50694.0,50694.0,50694.0,50694.0,50694.0,50694.0,50694.0,50694.0,50694.0
5094,50694.0,50694.0,50694.0,50694.0,50694.0,50694.0,50694.0,50694.0,50694.0,50694.0,50694.0
5095,50694.0,50694.0,50694.0,50694.0,50694.0,50694.0,50694.0,50694.0,50694.0,50694.0,50694.0
5096,50694.0,50694.0,50694.0,50694.0,50694.0,50694.0,50694.0,50694.0,50694.0,50694.0,50694.0
5097,50694.0,50694.0,50694.0,50694.0,50694.0,50694.0,50694.0,50694.0,50694.0,50694.0,50694.0
5098,50694.0,50694.0,50694.0,50694.0,50694.0,50694.0,50694.0,50694.0,50694.0,50694.0,50694.0
5099,50694.0,50694.0,50694.0,50694.0,50694.0,50694.0,50694.0,50694.0,50694.0,50694.0,50694.0
5100,50694.0,50694.0,50694.0,50694.0,50694.0,50694.0,50694.0,50694.0,50694.0,50694.0,50694.0
5101,50694.0,50694.0,50694.0,50694.0,50694.0,50694.0,50694.0,50694.0,50694.0,50694.0,50694.0
5102,50694.0,50694.0,50694.0,50694.0,50694.0,50694.0,50694.0,50694.0,50694.0,50694.0,50694.0
5103,50694.0,50694.0,50694.0,50694.0,50694.0,50694.0,50694.0,50694.0,50694.0,50694.0,50694.0
5104,50694.0,50694.0,50694.0,50694.0,50694.0,50694.0,50694.0,50694.0,50694.0,50694.0,50694.0
5105,50694.0,50694.0,50694.0,50694.0,50694.0,50694.0,50694.0,50694.0,50694.0,50694.0,50694.0
5106,50694.0,50694.0,50694.0,50694.0,50694.0,50694.0,50694.0,50694.0,50694.0,50694.0,50694.0
5107,50694.0,50694.0,50694.0,50694.0,50694.0,50694.0,50694.0,50694.0,50694.0,50694.0,50694.0
5108,50694.0,50694.0,50694.0,50694.0,50694.0,50694.0,50694.0,50694.0,50694.0,50694.0,50694.0
5109,50694.0,50694.0,50694.0,50694.0,50694.0,50694.0,50694.0,50694.0,50694.0,50694.0,50694.0
5110,50694.0,50694.0,50694.0,50694.0,50694.0,50694.0,50694.0,50694.0,50694.0,50694.0,50694.0
5111,50694.0,50694.0,50694.0,50694.0,50694.0,50694.0,50694.0,50694.0,50694.0,50694.0,50694.0
5112,50694.0,50694.0,50694.0,50694.0,50694.0,50694.0,50694.0,50694.0,50694.0,50694.0,50694.0
5113,50694.0,50694.0,50694.0,50694.0,50694.0,50694.0,50694.0,50694.0,50694.0,50694.0,50694.0
5114,50694.0,50694.0,50694.0,50694.0,50694.0,50694.0,50694.0,50694.0,50694.0,50694.0,50694.0
5115,50694.0,50694.0,50694.0,50694.0,50694.0,50694.0,50694.0,50694.0,50694.0,50694.0,50694.0
5116,50694.0,50694.0,50694.0,50694.0,50694.0,50694.0,50694.0,50694.0,50694.0,50694.0,50694.0
5117,50694.0,50694.0,50694.0,50694.0,50694.0,50694.0,50694.0,50694.0,50694.0,50694.0,50694.0
5118,50694.0,50694.0,50694.0,50694.0,50694.0,50694.0,50694.0,50694.0,50694.0,50694.0,50694.0
5119,50694.0,50694.0,50694.0,50694.0,50694.0,50694.0,50694.0,50694.0,50694.0,50694.0,50694.0
5120,50694.0,50694.0,50694.0,50694.0,50694.0,50694.0,50694.0,50694.0,50694.0,50694.0,50694.0
5121,50694.0,50694.0,50694.0,50694.0,50694.0,50694.0,50694.0,50694.0,50694.0,50694.0,50694.0
5122,50694.0,50694.0,50694.0,50694.0,50694.0,50694.0,50694.0,50694.0,50694.0,50694.0,50694.0
5123,50694.0,50694.0,50694.0,50694.0,50694.0,50694.0,50694.0,50694.0,50694.0,50694.0,50694.0
5124,50694.0,50694.0,50694.0,50694.0,50694.0,50694.0,50694.0,50694.0,50694.0,50694.0,50694.0
5125,50694.0,50694.0,50694.0,50694.0,50694.0,50694.0,50694.0,50694.0,50694.0,50694.0,50694.0
5126,50694.0,50694.0,50694.0,50694.0,50694.0,50694.0,50694.0,50694.0,50694.0,50694.0,50694.0
5127,50694.0,50694.0,50694.0,50694.0,50694.0,50694.0,50694.0,50694.0,50694.0,50694.0,50694.0
5128,50694.0,50694.0,50694.0,50694.0,50694.0,50694.0,50694.0,50694.0,50694.0,50694.0,50694.0
5129,50694.0,50694.0,50694.0,50694.0,50694.0,50694.0,50694.0,50694.0,50694.0,50694.0,50694.0
5130,50694.0,50694.0,50694.0,50694.0,50694.0,50694.0,50694.0,50694.0,50694.0,50694.0,50694.0
5131,50694.0,50694.0,50694.0,50694.0,50694.0,50694.0,50694.0,50694.0,50694.0,50694.0,50694.0
5132,50694.0,50694.0,50694.0,50694.0,50694.0,50694.0,50694.0,50694.0,50694.0,50694.0,50694.0
5133,50694.0,50694.0,50694.0,50694.0,50694.0,50694.0,50694.0,50694.0,50694.0,50694.0,50694.0
5134,50694.0,50694.0,50694.0,50694.0,50694.0,50694.0,50694.0,50694.0,50694.0,50694.0,50694.0
5135,50694.0,50694.0,50694.0,50694.0,50694.0,50694.0,50694.0,50694.0,50694.0,50694.0,50694.0
5136,50694.0,50694.0,50694.0,50694.0,50694.0,50694.0,50694.0,50694.0,50694.0,50694.0,50694.0
5137,50694.0,50694.0,50694.0,50694.0,50694.0,50694.0,50694.0,50694.0,50694.0,50694.0,50694.0
5138,50694.0,50694.0,50694.0,50694.0,50694.0,50694.0,50694.0,50694.0,50694.0,50694.0,50694.0
5139,50694.0,50694.0,50694.0,50694.0,50694.0,50694.0,50694.0,50694.0,50694.0,50694.0,50694.0
5140,50694.0,50694.0,50694.0,50694.0,50694.0,50694.0,50694.0,50694.0,50694.0,50694.0,50694.0
5141,50694.0,50694.0,50694.0,50694.0,50694.0,50694.0,50694.0,50694.0,50694.0,50694.0,50694.0
5142,50694.0,50694.0,50694.0,50694.0,50694.0,50694.0,50694.0,50694.0,50694.0,50694.0,50694.0
5143,50694.0,50694.0,50694.0,50694.0,50694.0,50694.0,50694.0,50694.0,50694.0,50694.0,50694.0
5144,50694.0,50694.0,50694.0,50694.0,50694.0,50694.0,50694.0,50694.0,50694.0,50694.0,50694.0
5145,50694.0,50694.0,50694.0,50694.0,50694.0,50694.0,50694.0,50694.0,50694.0,50694.0,50694.0
5146,50694.0,50694.0,50694.0,50694.0,50694.0,50694.0,50694.0,50694.0,50694.0,50694.0,50694.0
5147,50694.0,50694.0,50694.0,50694.0,50694.0,50694.0,50694.0,50694.0,50694.0,50694.0,50694.0
5148,50694.0,50694.0,50694.0,50694.0,50694.0,50694.0,50694.0,50694.0,50694.0,50694.0,50694.0
5149,50694.0,50694.0,50694.0,50694.0,50694.0,50694.0,50694.0,50694.0,50694.0,50694.0,50694.0
5150,50694.0,50694.0,50694.0,50694.0,50694.0,50694.0,50694.0,50694.0,50694.0,50694.0,50694.0
5151,50694.0,50694.0,50694.0,50694.0,50694.0,50694.0,50694.0,50694.0,50694.0,50694.0,50694.0
5152,50694.0,50694.0,50694.0,50694.0,50694.0,50694.0,50694.0,50694.0,50694.0,50694.0,50694.0
5153,50694.0,50694.0,50694.0,50694.0,50694.0,50694.0,50694.0,50694.0,50694.0,50694.0,50694.0
5154,50694.0,50694.0,50694.0,50694.0,50694.0,50694.0,50694.0,50694.0,50694.0,50694.0,50694.0
5155,50694.0,50694.0,50694.0,50694.0,50694.0,50694.0,50694.0,50694.0,50694.0,50694.0,50694.0
5156,50694.0,50694.0,50694.0,50694.0,50694.0,50694.0,50694.0,50694.0,50694.0,50694.0,50694.0
5157,50694.0,50694.0,50694.0,50694.0,50694.0,50694.0,50694.0,50694.0,50694.0,50694.0,50694.0
5158,50694.0,50694.0,50694.0,50694.0,50694.0,50694.0,50694.0,50694.0,50694.0,50694.0,50694.0
5159,50694.0,50694.0,50694.0,50694.0,50694.0,50694.0,50694.0,50694.0,50694.0,50694.0,50694.0
5160,50694.0,50694.0,50694.0,50694.0,50694.0,50694.0,50694.0,50694.0,50694.0,50694.0,50694.0
5161,50694.0,50694.0,50694.0,50694.0,50694.0,50694.0,50694.0,50694.0,50694.0,50694.0,50694.0
5162,50694.0,50694.0,50694.0,50694.0,50694.0,50694.0,50694.0,50694.0,50694.0,50694.0,50694.0
5163,50694.0,50694.0,50694.0,50694.0,50694.0,50694.0,50694.0,50694.0,50694.0,50694.0,50694.0
5164,50694.0,50694.0,50694.0,50694.0,50694.0,50694.0,50694.0,50694.0,50694.0,50694.0,50694.0
5165,50694.0,50694.0,50694.0,50694.0,50694.0,50694.0,50694.0,50694.0,50694.0,50694.0,50694.0
5166,50694.0,50694.0,50694.0,50694.0,50694.0,50694.0,50694.0,50694.0,50694.0,50694.0,50694.0
5167,50694.0,50694.0,50694.0,50694.0,50694.0,50694.0,50694.0,50694.0,50694.0,50694.0,50694.0
5168,50694.0,50694.0,50694.0,50694.0,50694.0,50694.0,50694.0,50694.0,50694.0,50694.0,50694.0
5169,50694.0,50694.0,50694.0,50694.0,50694.0,50694.0,50694.0,50694.0,50694.0,50694.0,50694.0
5170,50694.0,50694.0,50694.0,50694.0,50694.0,50694.0,50694.0,50694.0,50694.0,50694.0,50694.0
5171,50694.0,50694.0,50694.0,50694.0,50694.0,50694.0,50694.0,50694.0,50694.0,50694.0,50694.0
5172,50694.0,50694.0,50694.0,50694.0,50694.0,50694.0,50694.0,50694.0,50694.0,50694.0,50694.0
5173,50694.0,50694.0,50694.0,50694.0,50694.0,50694.0,50694.0,50694.0,50694.0,50694.0,50694.0
5174,50694.0,50694.0,50694.0,50694.0,50694.0,50694.0,50694.0,50694.0,50694.0,50694.0,50694.0
5175,50694.0,50694.0,50694.0,50694.0,50694.0,50694.0,50694.0,50694.0,50694.0,50694.0,50694.0
5176,50694.0,50694.0,50694.0,50694.0,50694.0,50694.0,50694.0,50694.0,50694.0,50694.0,50694.0
5177,50694.0,50694.0,50694.0,50694.0,50694.0,50694.0,50694.0,50694.0,50694.0,50694.0,50694.0
5178,50694.0,50694.0,50694.0,50694.0,50694.0,50694.0,50694.0,50694.0,50694.0,50694.0,50694.0
5179,50694.0,50694.0,50694.0,50694.0,50694.0,50694.0,50694.0,50694.0,50694.0,50694.0,50694.0
5180,50694.0,50694.0,50694.0,50694.0,50694.0,50694.0,50694.0,50694.0,50694.0,50694.0,50694.0
5181,50694.0,50694.0,50694.0,50694.0,50694.0,50694.0,50694.0,50694.0,50694.0,50694.0,50694.0
5182,50694.0,50694.0,50694.0,50694.0,50694.0,50694.0,50694.0,50694.0,50694.0,50694.0,50694.0
5183,50694.0,50694.0,50694.0,50694.0,50694.0,50694.0,50694.0,50694.0,50694.0,50694.0,50694.0
5184,50694.0,50694.0,50694.0,50694.0,50694.0,50694.0,50694.0,50694.0,50694.0,50694.0,50694.0
5185,50694.0,50694.0,50694.0,50694.0,50694.0,50694.0,50694.0,50694.0,50694.0,50694.0,50694.0
5186,50694.0,50694.0,50694.0,50694.0,50694.0,50694.0,50694.0,50694.0,50694.0,50694.0,50694.0
5187,50694.0,50694.0,50694.0,50694.0,50694.0,50694.0,50694.0,50694.0,50694.0,50694.0,50694.0
5188,50694.0,50694.0,50694.0,50694.0,50694.0,50694.0,50694.0,50694.0,50694.0,50694.0,50694.0
5189,50694.0,50694.0,50694.0,50694.0,50694.0,50694.0,50694.0,50694.0,50694.0,50694.0,50694.0
5190,50694.0,50694.0,50694.0,50694.0,50694.0,50694.0,50694.0,50694.0,50694.0,50694.0,50694.0
5191,50694.0,50694.0,50694.0,50694.0,50694.0,50694.0,50694.0,50694.0,50694.0,50694.0,50694.0
5192,50694.0,50694.0,50694.0,50694.0,50694.0,50694.0,50694.0,50694.0,50694.0,50694.0,50694.0
5193,50694.0,50694.0,50694.0,50694.0,50694.0,50694.0,50694.0,50694.0,50694.0,50694.0,50694.0
5194,50694.0,50694.0,50694.0,50694.0,50694.0,50694.0,50694.0,50694.0,50694.0,50694.0,50694.0
5195,50694.0,50694.0,50694.0,50694.0,50694.0,50694.0,50694.0,50694.0,50694.0,50694.0,50694.0
5196,50694.0,50694.0,50694.0,50694.0,50694.0,50694.0,50694.0,50694.0,50694.0,50694.0,50694.0
5197,50694.0,50694.0,50694.0,50694.0,50694.0,50694.0,50694.0,50694.0,50694.0,50694.0,50694.0
5198,50694.0,50694.0,50694.0,50694.0,50694.0,50694.0,50694.0,50694.0,50694.0,50694.0,50694.0
5199,50694.0,50694.0,50694.0,50694.0,50694.0,50694.0,50694.0,50694.0,50694.0,50694.0,50694.0
5200,50694.0,50694.0,50694.0,50694.0,50694.0,50694.0,50694.0,50694.0,50694.0,50694.0,50694.0
5201,50694.0,50694.0,50694.0,50694.0,50694.0,50694.0,50694.0,50694.0,50694.0,50694.0,50694.0
5202,50694.0,50694.0,50694.0,50694.0,50694.0,50694.0,50694.0,50694.0,50694.0,50694.0,50694.0
5203,50694.0,50694.0,50694.0,50694.0,50694.0,50694.0,50694.0,50694.0,50694.0,50694.0,50694.0
5204,50694.0,50694.0,50694.0,50694.0,50694.0,50694.0,50694.0,50694.0,50694.0,50694.0,50694.0
5205,50694.0,50694.0,50694.0,50694.0,50694.0,50694.0,50694.0,50694.0,50694.0,50694.0,50694.0
5206,50694.0,50694.0,50694.0,50694.0,50694.0,50694.0,50694.0,50694.0,50694.0,50694.0,50694.0
5207,50694.0,50694.0,50694.0,50694.0,50694.0,50694.0,50694.0,50694.0,50694.0,50694.0,50694.0
5208,50694.0,50694.0,50694.0,50694.0,50694.0,50694.0,50694.0,50694.0,50694.0,50694.0,50694.0
5209,50694.0,50694.0,50694.0,50694.0,50694.0,50694.0,50694.0,50694.0,50694.0,50694.0,50694.0
5210,50694.0,50694.0,50694.0,50694.0,50694.0,50694.0,50694.0,50694.0,50694.0,50694.0,50694.0
5211,50694.0,50694.0,50694.0,50694.0,50694.0,50694.0,50694.0,50694.0,50694.0,50694.0,50694.0
5212,50694.0,50694.0,50694.0,50694.0,50694.0,50694.0,50694.0,50694.0,50694.0,50694.0,50694.0
5213,50694.0,50694.0,50694.0,50694.0,50694.0,50694.0,50694.0,50694.0,50694.0,50694.0,50694.0
5214,50694.0,50694.0,50694.0,50694.0,50694.0,50694.0,50694.0,50694.0,50694.0,50694.0,50694.0
5215,50694.0,50694.0,50694.0,50694.0,50694.0,50694.0,50694.0,50694.0,50694.0,50694.0,50694.0
5216,50694.0,50694.0,50694.0,50694.0,50694.0,50694.0,50694.0,50694.0,50694.0,50694.0,50694.0
5217,50694.0,50694.0,50694.0,50694.0,50694.0,50694.0,50694.0,50694.0,50694.0,50694.0,50694.0
5218,50694.0,50694.0,50694.0,50694.0,50694.0,50694.0,50694.0,50694.0,50694.0,50694.0,50694.0
5219,50694.0,50694.0,50694.0,50694.0,50694.0,50694.0,50694.0,50694.0,50694.0,50694.0,50694.0
5220,50694.0,50694.0,50694.0,50694.0,50694.0,50694.0,50694.0,50694.0,50694.0,50694.0,50694.0
5221,50694.0,50694.0,50694.0,50694.0,50694.0,50694.0,50694.0,50694.0,50694.0,50694.0,50694.0
5222,50694.0,50694.0,50694.0,50694.0,50694.0,50694.0,50694.0,50694.0,50694.0,50694.0,50694.0
5223,50694.0,50694.0,50694.0,50694.0,50694.0,50694.0,50694.0,50694.0,50694.0,50694.0,50694.0
5224,50694.0,50694.0,50694.0,50694.0,50694.0,50694.0,50694.0,50694.0,50694.0,50694.0,50694.0
5225,50694.0,50694.0,50694.0,50694.0,50694.0,50694.0,50694.0,50694.0,50694.0,50694.0,50694.0
5226,50694.0,50694.0,50694.0,50694.0,50694.0,50694.0,50694.0,50694.0,50694.0,50694.0,50694.0
5227,50694.0,50694.0,50694.0,50694.0,50694.0,50694.0,50694.0,50694.0,50694.0,50694.0,50694.0
5228,50694.0,50694.0,50694.0,50694.0,50694.0,50694.0,50694.0,50694.0,50694.0,50694.0,50694.0
5229,50694.0,50694.0,50694.0,50694.0,50694.0,50694.0,50694.0,50694.0,50694.0,50694.0,50694.0
5230,50694.0,50694.0,50694.0,50694.0,50694.0,50694.0,50694.0,50694.0,50694.0,50694.0,50694.0
5231,50694.0,50694.0,50694.0,50694.0,50694.0,50694.0,50694.0,50694.0,50694.0,50694.0,50694.0
5232,50694.0,50694.0,50694.0,50694.0,50694.0,50694.0,50694.0,50694.0,50694.0,50694.0,50694.0
5233,50694.0,50694.0,50694.0,50694.0,50694.0,50694.0,50694.0,50694.0,50694.0,50694.0,50694.0
5234,50694.0,50694.0,50694.0,50694.0,50694.0,50694.0,50694.0,50694.0,50694.0,50694.0,50694.0
5235,50694.0,50694.0,50694.0,50694.0,50694.0,50694.0,50694.0,50694.0,50694.0,50694.0,50694.0
5236,50694.0,50694.0,50694.0,50694.0,50694.0,50694.0,50694.0,50694.0,50694.0,50694.0,50694.0
5237,50694.0,50694.0,50694.0,50694.0,50694.0,50694.0,50694.0,50694.0,50694.0,50694.0,50694.0
5238,50694.0,50694.0,50694.0,50694.0,50694.0,50694.0,50694.0,50694.0,50694.0,50694.0,50694.0
5239,50694.0,50694.0,50694.0,50694.0,50694.0,50694.0,50694.0,50694.0,50694.0,50694.0,50694.0
5240,50694.0,50694.0,50694.0,50694.0,50694.0,50694.0,50694.0,50694.0,50694.0,50694.0,50694.0
5241,50694.0,50694.0,50694.0,50694.0,50694.0,50694.0,50694.0,50694.0,50694.0,50694.0,50694.0
5242,50694.0,50694.0,50694.0,50694.0,50694.0,50694.0,50694.0,50694.0,50694.0,50694.0,50694.0
5243,50694.0,50694.0,50694.0,50694.0,50694.0,50694.0,50694.0,50694.0,50694.0,50694.0,50694.0
5244,50694.0,50694.0,50694.0,50694.0,50694.0,50694.0,50694.0,50694.0,50694.0,50694.0,50694.0
5245,50694.0,50694.0,50694.0,50694.0,50694.0,50694.0,50694.0,50694.0,50694.0,50694.0,50694.0
5246,50694.0,50694.0,50694.0,50694.0,50694.0,50694.0,50694.0,50694.0,50694.0,50694.0,50694.0
5247,50694.0,50694.0,50694.0,50694.0,50694.0,50694.0,50694.0,50694.0,50694.0,50694.0,50694.0
5248,50694.0,50694.0,50694.0,50694.0,50694.0,50694.0,50694.0,50694.0,50694.0,50694.0,50694.0
5249,50694.0,50694.0,50694.0,50694.0,50694.0,50694.0,50694.0,50694.0,50694.0,50694.0,50694.0
5250,50694.0,50694.0,50694.0,50694.0,50694.0,50694.0,50694.0,50694.0,50694.0,50694.0,50694.0
5251,50694.0,50694.0,50694.0,50694.0,50694.0,50694.0,50694.0,50694.0,50694.0,50694.0,50694.0
5252,50694.0,50694.0,50694.0,50694.0,50694.0,50694.0,50694.0,50694.0,50694.0,50694.0,50694.0
5253,50694.0,50694.0,50694.0,50694.0,50694.0,50694.0,50694.0,50694.0,50694.0,50694.0,50694.0
5254,50694.0,50694.0,50694.0,50694.0,50694.0,50694.0,50694.0,50694.0,50694.0,50694.0,50694.0
5255,50694.0,50694.0,50694.0,50694.0,50694.0,50694.0,50694.0,50694.0,50694.0,50694.0,50694.0
5256,50694.0,50694.0,50694.0,50694.0,50694.0,50694.0,50694.0,50694.0,50694.0,50694.0,50694.0
5257,50694.0,50694.0,50694.0,50694.0,50694.0,50694.0,50694.0,50694.0,50694.0,50694.0,50694.0
5258,50694.0,50694.0,50694.0,50694.0,50694.0,50694.0,50694.0,50694.0,50694.0,50694.0,50694.0
5259,50694.0,50694.0,50694.0,50694.0,50694.0,50694.0,50694.0,50694.0,50694.0,50694.0,50694.0
5260,50694.0,50694.0,50694.0,50694.0,50694.0,50694.0,50694.0,50694.0,50694.0,50694.0,50694.0
5261,50694.0,50694.0,50694.0,50694.0,50694.0,50694.0,50694.0,50694.0,50694.0,50694.0,50694.0
5262,50694.0,50694.0,50694.0,50694.0,50694.0,50694.0,50694.0,50694.0,50694.0,50694.0,50694.0
5263,50694.0,50694.0,50694.0,50694.0,50694.0,50694.0,50694.0,50694.0,50694.0,50694.0,50694.0
5264,50694.0,50694.0,50694.0,50694.0,50694.0,50694.0,50694.0,50694.0,50694.0,50694.0,50694.0
5265,50694.0,50694.0,50694.0,50694.0,50694.0,50694.0,50694.0,50694.0,50694.0,50694.0,50694.0
5266,50694.0,50694.0,50694.0,50694.0,50694.0,50694.0,50694.0,50694.0,50694.0,50694.0,50694.0
5267,50694.0,50694.0,50694.0,50694.0,50694.0,50694.0,50694.0,50694.0,50694.0,50694.0,50694.0
5268,50694.0,50694.0,50694.0,50694.0,50694.0,50694.0,50694.0,50694.0,50694.0,50694.0,50694.0
5269,50694.0,50694.0,50694.0,50694.0,50694.0,50694.0,50694.0,50694.0,50694.0,50694.0,50694.0
5270,50694.0,50694.0,50694.0,50694.0,50694.0,50694.0,50694.0,50694.0,50694.0,50694.0,50694.0
5271,50694.0,50694.0,50694.0,50694.0,50694.0,50694.0,50694.0,50694.0,50694.0,50694.0,50694.0
5272,50694.0,50694.0,50694.0,50694.0,50694.0,50694.0,50694.0,50694.0,50694.0,50694.0,50694.0
5273,50694.0,50694.0,50694.0,50694.0,50694.0,50694.0,50694.0,50694.0,50694.0,50694.0,50694.0
5274,50694.0,50694.0,50694.0,50694.0,50694.0,50694.0,50694.0,50694.0,50694.0,50694.0,50694.0
5275,50694.0,50694.0,50694.0,50694.0,50694.0,50694.0,50694.0,50694.0,50694.0,50694.0,50694.0
5276,50694.0,50694.0,50694.0,50694.0,50694.0,50694.0,50694.0,50694.0,50694.0,50694.0,50694.0
5277,50694.0,50694.0,50694.0,50694.0,50694.0,50694.0,50694.0,50694.0,50694.0,50694.0,50694.0
5278,50694.0,50694.0,50694.0,50694.0,50694.0,50694.0,50694.0,50694.0,50694.0,50694.0,50694.0
5279,50694.0,50694.0,50694.0,50694.0,50694.0,50694.0,50694.0,50694.0,50694.0,50694.0,50694.0
5280,50694.0,50694.0,50694.0,50694.0,50694.0,50694.0,50694.0,50694.0,50694.0,50694.0,50694.0
