step,best_fitness_media,best_fitness_execucao_1,best_fitness_execucao_2,best_fitness_execucao_3,best_fitness_execucao_4,best_fitness_execucao_5,best_fitness_execucao_6,best_fitness_execucao_7,best_fitness_execucao_8,best_fitness_execucao_9,best_fitness_execucao_10
1,50631.2,50617.0,50629.0,50641.0,50617.0,50648.0,50635.0,50618.0,50647.0,50629.0,50631.0
2,50650.3,50661.0,50632.0,50677.0,50617.0,50685.0,50635.0,50657.0,50661.0,50647.0,50631.0
3,50664.1,50661.0,50662.0,50694.0,50641.0,50685.0,50635.0,50671.0,50676.0,50653.0,50663.0
4,50667.9,50661.0,50669.0,50694.0,50641.0,50685.0,50660.0,50671.0,50676.0,50659.0,50663.0
5,50672.4,50661.0,50685.0,50694.0,50649.0,50685.0,50662.0,50671.0,50676.0,50678.0,50663.0
6,50678.1,50661.0,50685.0,50694.0,50694.0,50685.0,50662.0,50671.0,50688.0,50678.0,50663.0
7,50680.0,50661.0,50685.0,50694.0,50694.0,50685.0,50671.0,50681.0,50688.0,50678.0,50663.0
8,50681.5,50661.0,50685.0,50694.0,50694.0,50685.0,50671.0,50681.0,50688.0,50693.0,50663.0
9,50681.6,50661.0,50685.0,50694.0,50694.0,50685.0,50671.0,50681.0,50688.0,50694.0,50663.0
10,50683.4,50661.0,50685.0,50694.0,50694.0,50685.0,50681.0,50689.0,50688.0,50694.0,50663.0
11,50687.3,50693.0,50685.0,50694.0,50694.0,50685.0,50688.0,50689.0,50688.0,50694.0,50663.0
12,50687.3,50693.0,50685.0,50694.0,50694.0,50685.0,50688.0,50689.0,50688.0,50694.0,50663.0
13,50687.7,50693.0,50685.0,50694.0,50694.0,50685.0,50688.0,50689.0,50692.0,50694.0,50663.0
14,50688.2,50693.0,50685.0,50694.0,50694.0,50685.0,50693.0,50689.0,50692.0,50694.0,50663.0
15,50688.2,50693.0,50685.0,50694.0,50694.0,50685.0,50693.0,50689.0,50692.0,50694.0,50663.0
16,50688.2,50693.0,50685.0,50694.0,50694.0,50685.0,50693.0,50689.0,50692.0,50694.0,50663.0
17,50688.2,50693.0,50685.0,50694.0,50694.0,50685.0,50693.0,50689.0,50692.0,50694.0,50663.0
18,50690.3,50693.0,50685.0,50694.0,50694.0,50685.0,50693.0,50689.0,50692.0,50694.0,50684.0
19,50690.3,50693.0,50685.0,50694.0,50694.0,50685.0,50693.0,50689.0,50692.0,50694.0,50684.0
20,50690.3,50693.0,50685.0,50694.0,50694.0,50685.0,50693.0,50689.0,50692.0,50694.0,50684.0
21,50690.3,50693.0,50685.0,50694.0,50694.0,50685.0,50693.0,50689.0,50692.0,50694.0,50684.0
22,50690.3,50693.0,50685.0,50694.0,50694.0,50685.0,50693.0,50689.0,50692.0,50694.0,50684.0
23,50690.3,50693.0,50685.0,50694.0,50694.0,50685.0,50693.0,50689.0,50692.0,50694.0,50684.0
24,50690.3,50693.0,50685.0,50694.0,50694.0,50685.0,50693.0,50689.0,50692.0,50694.0,50684.0
25,50690.3,50693.0,50685.0,50694.0,50694.0,50685.0,50693.0,50689.0,50692.0,50694.0,50684.0
26,50690.3,50693.0,50685.0,50694.0,50694.0,50685.0,50693.0,50689.0,50692.0,50694.0,50684.0
27,50690.3,50693.0,50685.0,50694.0,50694.0,50685.0,50693.0,50689.0,50692.0,50694.0,50684.0
28,50690.3,50693.0,50685.0,50694.0,50694.0,50685.0,50693.0,50689.0,50692.0,50694.0,50684.0
29,50690.3,50693.0,50685.0,50694.0,50694.0,50685.0,50693.0,50689.0,50692.0,50694.0,50684.0
30,50690.3,50693.0,50685.0,50694.0,50694.0,50685.0,50693.0,50689.0,50692.0,50694.0,50684.0
31,50690.3,50693.0,50685.0,50694.0,50694.0,50685.0,50693.0,50689.0,50692.0,50694.0,50684.0
32,50690.3,50693.0,50685.0,50694.0,50694.0,50685.0,50693.0,50689.0,50692.0,50694.0,50684.0
33,50690.3,50693.0,50685.0,50694.0,50694.0,50685.0,50693.0,50689.0,50692.0,50694.0,50684.0
34,50690.3,50693.0,50685.0,50694.0,50694.0,50685.0,50693.0,50689.0,50692.0,50694.0,50684.0
35,50690.3,50693.0,50685.0,50694.0,50694.0,50685.0,50693.0,50689.0,50692.0,50694.0,50684.0
36,50690.3,50693.0,50685.0,50694.0,50694.0,50685.0,50693.0,50689.0,50692.0,50694.0,50684.0
37,50690.3,50693.0,50685.0,50694.0,50694.0,50685.0,50693.0,50689.0,50692.0,50694.0,50684.0
38,50690.3,50693.0,50685.0,50694.0,50694.0,50685.0,50693.0,50689.0,50692.0,50694.0,50684.0
39,50690.3,50693.0,50685.0,50694.0,50694.0,50685.0,50693.0,50689.0,50692.0,50694.0,50684.0
40,50690.3,50693.0,50685.0,50694.0,50694.0,50685.0,50693.0,50689.0,50692.0,50694.0,50684.0
41,50690.3,50693.0,50685.0,50694.0,50694.0,50685.0,50693.0,50689.0,50692.0,50694.0,50684.0
42,50690.3,50693.0,50685.0,50694.0,50694.0,50685.0,50693.0,50689.0,50692.0,50694.0,50684.0
43,50690.3,50693.0,50685.0,50694.0,50694.0,50685.0,50693.0,50689.0,50692.0,50694.0,50684.0
44,50690.3,50693.0,50685.0,50694.0,50694.0,50685.0,50693.0,50689.0,50692.0,50694.0,50684.0
45,50690.3,50693.0,50685.0,50694.0,50694.0,50685.0,50693.0,50689.0,50692.0,50694.0,50684.0
46,50690.3,50693.0,50685.0,50694.0,50694.0,50685.0,50693.0,50689.0,50692.0,50694.0,50684.0
47,50690.3,50693.0,50685.0,50694.0,50694.0,50685.0,50693.0,50689.0,50692.0,50694.0,50684.0
48,50690.3,50693.0,50685.0,50694.0,50694.0,50685.0,50693.0,50689.0,50692.0,50694.0,50684.0
49,50690.3,50693.0,50685.0,50694.0,50694.0,50685.0,50693.0,50689.0,50692.0,50694.0,50684.0
50,50690.3,50693.0,50685.0,50694.0,50694.0,50685.0,50693.0,50689.0,50692.0,50694.0,50684.0
51,50690.3,50693.0,50685.0,50694.0,50694.0,50685.0,50693.0,50689.0,50692.0,50694.0,50684.0
52,50690.3,50693.0,50685.0,50694.0,50694.0,50685.0,50693.0,50689.0,50692.0,50694.0,50684.0
53,50690.3,50693.0,50685.0,50694.0,50694.0,50685.0,50693.0,50689.0,50692.0,50694.0,50684.0
54,50690.3,50693.0,50685.0,50694.0,50694.0,50685.0,50693.0,50689.0,50692.0,50694.0,50684.0
55,50690.3,50693.0,50685.0,50694.0,50694.0,50685.0,50693.0,50689.0,50692.0,50694.0,50684.0
56,50690.3,50693.0,50685.0,50694.0,50694.0,50685.0,50693.0,50689.0,50692.0,50694.0,50684.0
57,50690.3,50693.0,50685.0,50694.0,50694.0,50685.0,50693.0,50689.0,50692.0,50694.0,50684.0
58,50690.3,50693.0,50685.0,50694.0,50694.0,50685.0,50693.0,50689.0,50692.0,50694.0,50684.0
59,50690.3,50693.0,50685.0,50694.0,50694.0,50685.0,50693.0,50689.0,50692.0,50694.0,50684.0
60,50690.3,50693.0,50685.0,50694.0,50694.0,50685.0,50693.0,50689.0,50692.0,50694.0,50684.0
61,50690.3,50693.0,50685.0,50694.0,50694.0,50685.0,50693.0,50689.0,50692.0,50694.0,50684.0
62,50690.3,50693.0,50685.0,50694.0,50694.0,50685.0,50693.0,50689.0,50692.0,50694.0,50684.0
63,50690.3,50693.0,50685.0,50694.0,50694.0,50685.0,50693.0,50689.0,50692.0,50694.0,50684.0
64,50690.3,50693.0,50685.0,50694.0,50694.0,50685.0,50693.0,50689.0,50692.0,50694.0,50684.0
65,50690.3,50693.0,50685.0,50694.0,50694.0,50685.0,50693.0,50689.0,50692.0,50694.0,50684.0
66,50690.3,50693.0,50685.0,50694.0,50694.0,50685.0,50693.0,50689.0,50692.0,50694.0,50684.0
67,50690.3,50693.0,50685.0,50694.0,50694.0,50685.0,50693.0,50689.0,50692.0,50694.0,50684.0
68,50690.3,50693.0,50685.0,50694.0,50694.0,50685.0,50693.0,50689.0,50692.0,50694.0,50684.0
69,50690.3,50693.0,50685.0,50694.0,50694.0,50685.0,50693.0,50689.0,50692.0,50694.0,50684.0
70,50690.3,50693.0,50685.0,50694.0,50694.0,50685.0,50693.0,50689.0,50692.0,50694.0,50684.0
71,50690.3,50693.0,50685.0,50694.0,50694.0,50685.0,50693.0,50689.0,50692.0,50694.0,50684.0
72,50690.3,50693.0,50685.0,50694.0,50694.0,50685.0,50693.0,50689.0,50692.0,50694.0,50684.0
73,50690.3,50693.0,50685.0,50694.0,50694.0,50685.0,50693.0,50689.0,50692.0,50694.0,50684.0
74,50690.3,50693.0,50685.0,50694.0,50694.0,50685.0,50693.0,50689.0,50692.0,50694.0,50684.0
75,50690.3,50693.0,50685.0,50694.0,50694.0,50685.0,50693.0,50689.0,50692.0,50694.0,50684.0
76,50690.3,50693.0,50685.0,50694.0,50694.0,50685.0,50693.0,50689.0,50692.0,50694.0,50684.0
77,50690.3,50693.0,50685.0,50694.0,50694.0,50685.0,50693.0,50689.0,50692.0,50694.0,50684.0
78,50690.3,50693.0,50685.0,50694.0,50694.0,50685.0,50693.0,50689.0,50692.0,50694.0,50684.0
79,50690.3,50693.0,50685.0,50694.0,50694.0,50685.0,50693.0,50689.0,50692.0,50694.0,50684.0
80,50690.3,50693.0,50685.0,50694.0,50694.0,50685.0,50693.0,50689.0,50692.0,50694.0,50684.0
81,50690.3,50693.0,50685.0,50694.0,50694.0,50685.0,50693.0,50689.0,50692.0,50694.0,50684.0
82,50690.3,50693.0,50685.0,50694.0,50694.0,50685.0,50693.0,50689.0,50692.0,50694.0,50684.0
83,50690.3,50693.0,50685.0,50694.0,50694.0,50685.0,50693.0,50689.0,50692.0,50694.0,50684.0
84,50690.3,50693.0,50685.0,50694.0,50694.0,50685.0,50693.0,50689.0,50692.0,50694.0,50684.0
85,50690.3,50693.0,50685.0,50694.0,50694.0,50685.0,50693.0,50689.0,50692.0,50694.0,50684.0
86,50690.3,50693.0,50685.0,50694.0,50694.0,50685.0,50693.0,50689.0,50692.0,50694.0,50684.0
87,50690.3,50693.0,50685.0,50694.0,50694.0,50685.0,50693.0,50689.0,50692.0,50694.0,50684.0
88,50690.3,50693.0,50685.0,50694.0,50694.0,50685.0,50693.0,50689.0,50692.0,50694.0,50684.0
89,50690.3,50693.0,50685.0,50694.0,50694.0,50685.0,50693.0,50689.0,50692.0,50694.0,50684.0
90,50690.3,50693.0,50685.0,50694.0,50694.0,50685.0,50693.0,50689.0,50692.0,50694.0,50684.0
91,50690.3,50693.0,50685.0,50694.0,50694.0,50685.0,50693.0,50689.0,50692.0,50694.0,50684.0
92,50690.3,50693.0,50685.0,50694.0,50694.0,50685.0,50693.0,50689.0,50692.0,50694.0,50684.0
93,50690.3,50693.0,50685.0,50694.0,50694.0,50685.0,50693.0,50689.0,50692.0,50694.0,50684.0
94,50690.3,50693.0,50685.0,50694.0,50694.0,50685.0,50693.0,50689.0,50692.0,50694.0,50684.0
95,50690.3,50693.0,50685.0,50694.0,50694.0,50685.0,50693.0,50689.0,50692.0,50694.0,50684.0
96,50690.3,50693.0,50685.0,50694.0,50694.0,50685.0,50693.0,50689.0,50692.0,50694.0,50684.0
97,50690.3,50693.0,50685.0,50694.0,50694.0,50685.0,50693.0,50689.0,50692.0,50694.0,50684.0
98,50690.3,50693.0,50685.0,50694.0,50694.0,50685.0,50693.0,50689.0,50692.0,50694.0,50684.0
99,50690.3,50693.0,50685.0,50694.0,50694.0,50685.0,50693.0,50689.0,50692.0,50694.0,50684.0
100,50690.3,50693.0,50685.0,50694.0,50694.0,50685.0,50693.0,50689.0,50692.0,50694.0,50684.0
101,50690.3,50693.0,50685.0,50694.0,50694.0,50685.0,50693.0,50689.0,50692.0,50694.0,50684.0
102,50690.3,50693.0,50685.0,50694.0,50694.0,50685.0,50693.0,50689.0,50692.0,50694.0,50684.0
103,50690.3,50693.0,50685.0,50694.0,50694.0,50685.0,50693.0,50689.0,50692.0,50694.0,50684.0
104,50690.3,50693.0,50685.0,50694.0,50694.0,50685.0,50693.0,50689.0,50692.0,50694.0,50684.0
105,50690.3,50693.0,50685.0,50694.0,50694.0,50685.0,50693.0,50689.0,50692.0,50694.0,50684.0
106,50690.3,50693.0,50685.0,50694.0,50694.0,50685.0,50693.0,50689.0,50692.0,50694.0,50684.0
107,50690.3,50693.0,50685.0,50694.0,50694.0,50685.0,50693.0,50689.0,50692.0,50694.0,50684.0
108,50690.3,50693.0,50685.0,50694.0,50694.0,50685.0,50693.0,50689.0,50692.0,50694.0,50684.0
109,50690.3,50693.0,50685.0,50694.0,50694.0,50685.0,50693.0,50689.0,50692.0,50694.0,50684.0
110,50690.3,50693.0,50685.0,50694.0,50694.0,50685.0,50693.0,50689.0,50692.0,50694.0,50684.0
111,50690.3,50693.0,50685.0,50694.0,50694.0,50685.0,50693.0,50689.0,50692.0,50694.0,50684.0
112,50690.3,50693.0,50685.0,50694.0,50694.0,50685.0,50693.0,50689.0,50692.0,50694.0,50684.0
113,50690.3,50693.0,50685.0,50694.0,50694.0,50685.0,50693.0,50689.0,50692.0,50694.0,50684.0
114,50690.3,50693.0,50685.0,50694.0,50694.0,50685.0,50693.0,50689.0,50692.0,50694.0,50684.0
115,50690.3,50693.0,50685.0,50694.0,50694.0,50685.0,50693.0,50689.0,50692.0,50694.0,50684.0
116,50690.3,50693.0,50685.0,50694.0,50694.0,50685.0,50693.0,50689.0,50692.0,50694.0,50684.0
117,50690.3,50693.0,50685.0,50694.0,50694.0,50685.0,50693.0,50689.0,50692.0,50694.0,50684.0
118,50690.3,50693.0,50685.0,50694.0,50694.0,50685.0,50693.0,50689.0,50692.0,50694.0,50684.0
119,50690.3,50693.0,50685.0,50694.0,50694.0,50685.0,50693.0,50689.0,50692.0,50694.0,50684.0
120,50690.3,50693.0,50685.0,50694.0,50694.0,50685.0,50693.0,50689.0,50692.0,50694.0,50684.0
121,50690.3,50693.0,50685.0,50694.0,50694.0,50685.0,50693.0,50689.0,50692.0,50694.0,50684.0
122,50690.3,50693.0,50685.0,50694.0,50694.0,50685.0,50693.0,50689.0,50692.0,50694.0,50684.0
123,50690.3,50693.0,50685.0,50694.0,50694.0,50685.0,50693.0,50689.0,50692.0,50694.0,50684.0
124,50690.3,50693.0,50685.0,50694.0,50694.0,50685.0,50693.0,50689.0,50692.0,50694.0,50684.0
125,50690.3,50693.0,50685.0,50694.0,50694.0,50685.0,50693.0,50689.0,50692.0,50694.0,50684.0
126,50690.3,50693.0,50685.0,50694.0,50694.0,50685.0,50693.0,50689.0,50692.0,50694.0,50684.0
127,50690.3,50693.0,50685.0,50694.0,50694.0,50685.0,50693.0,50689.0,50692.0,50694.0,50684.0
128,50690.3,50693.0,50685.0,50694.0,50694.0,50685.0,50693.0,50689.0,50692.0,50694.0,50684.0
129,50690.3,50693.0,50685.0,50694.0,50694.0,50685.0,50693.0,50689.0,50692.0,50694.0,50684.0
130,50690.3,50693.0,50685.0,50694.0,50694.0,50685.0,50693.0,50689.0,50692.0,50694.0,50684.0
131,50690.3,50693.0,50685.0,50694.0,50694.0,50685.0,50693.0,50689.0,50692.0,50694.0,50684.0
132,50690.3,50693.0,50685.0,50694.0,50694.0,50685.0,50693.0,50689.0,50692.0,50694.0,50684.0
133,50690.3,50693.0,50685.0,50694.0,50694.0,50685.0,50693.0,50689.0,50692.0,50694.0,50684.0
134,50690.3,50693.0,50685.0,50694.0,50694.0,50685.0,50693.0,50689.0,50692.0,50694.0,50684.0
135,50690.3,50693.0,50685.0,50694.0,50694.0,50685.0,50693.0,50689.0,50692.0,50694.0,50684.0
136,50690.3,50693.0,50685.0,50694.0,50694.0,50685.0,50693.0,50689.0,50692.0,50694.0,50684.0
137,50690.3,50693.0,50685.0,50694.0,50694.0,50685.0,50693.0,50689.0,50692.0,50694.0,50684.0
138,50690.3,50693.0,50685.0,50694.0,50694.0,50685.0,50693.0,50689.0,50692.0,50694.0,50684.0
139,50690.3,50693.0,50685.0,50694.0,50694.0,50685.0,50693.0,50689.0,50692.0,50694.0,50684.0
140,50690.3,50693.0,50685.0,50694.0,50694.0,50685.0,50693.0,50689.0,50692.0,50694.0,50684.0
141,50690.3,50693.0,50685.0,50694.0,50694.0,50685.0,50693.0,50689.0,50692.0,50694.0,50684.0
142,50690.3,50693.0,50685.0,50694.0,50694.0,50685.0,50693.0,50689.0,50692.0,50694.0,50684.0
143,50690.3,50693.0,50685.0,50694.0,50694.0,50685.0,50693.0,50689.0,50692.0,50694.0,50684.0
144,50690.3,50693.0,50685.0,50694.0,50694.0,50685.0,50693.0,50689.0,50692.0,50694.0,50684.0
145,50690.3,50693.0,50685.0,50694.0,50694.0,50685.0,50693.0,50689.0,50692.0,50694.0,50684.0
146,50690.3,50693.0,50685.0,50694.0,50694.0,50685.0,50693.0,50689.0,50692.0,50694.0,50684.0
147,50690.3,50693.0,50685.0,50694.0,50694.0,50685.0,50693.0,50689.0,50692.0,50694.0,50684.0
148,50690.3,50693.0,50685.0,50694.0,50694.0,50685.0,50693.0,50689.0,50692.0,50694.0,50684.0
149,50690.3,50693.0,50685.0,50694.0,50694.0,50685.0,50693.0,50689.0,50692.0,50694.0,50684.0
150,50690.3,50693.0,50685.0,50694.0,50694.0,50685.0,50693.0,50689.0,50692.0,50694.0,50684.0
151,50690.3,50693.0,50685.0,50694.0,50694.0,50685.0,50693.0,50689.0,50692.0,50694.0,50684.0
152,50690.3,50693.0,50685.0,50694.0,50694.0,50685.0,50693.0,50689.0,50692.0,50694.0,50684.0
153,50690.3,50693.0,50685.0,50694.0,50694.0,50685.0,50693.0,50689.0,50692.0,50694.0,50684.0
154,50690.3,50693.0,50685.0,50694.0,50694.0,50685.0,50693.0,50689.0,50692.0,50694.0,50684.0
155,50690.3,50693.0,50685.0,50694.0,50694.0,50685.0,50693.0,50689.0,50692.0,50694.0,50684.0
156,50690.3,50693.0,50685.0,50694.0,50694.0,50685.0,50693.0,50689.0,50692.0,50694.0,50684.0
157,50690.3,50693.0,50685.0,50694.0,50694.0,50685.0,50693.0,50689.0,50692.0,50694.0,50684.0
158,50690.3,50693.0,50685.0,50694.0,50694.0,50685.0,50693.0,50689.0,50692.0,50694.0,50684.0
159,50690.3,50693.0,50685.0,50694.0,50694.0,50685.0,50693.0,50689.0,50692.0,50694.0,50684.0
160,50690.3,50693.0,50685.0,50694.0,50694.0,50685.0,50693.0,50689.0,50692.0,50694.0,50684.0
161,50690.3,50693.0,50685.0,50694.0,50694.0,50685.0,50693.0,50689.0,50692.0,50694.0,50684.0
162,50690.3,50693.0,50685.0,50694.0,50694.0,50685.0,50693.0,50689.0,50692.0,50694.0,50684.0
163,50690.3,50693.0,50685.0,50694.0,50694.0,50685.0,50693.0,50689.0,50692.0,50694.0,50684.0
164,50690.3,50693.0,50685.0,50694.0,50694.0,50685.0,50693.0,50689.0,50692.0,50694.0,50684.0
165,50690.3,50693.0,50685.0,50694.0,50694.0,50685.0,50693.0,50689.0,50692.0,50694.0,50684.0
166,50690.3,50693.0,50685.0,50694.0,50694.0,50685.0,50693.0,50689.0,50692.0,50694.0,50684.0
167,50690.3,50693.0,50685.0,50694.0,50694.0,50685.0,50693.0,50689.0,50692.0,50694.0,50684.0
168,50690.3,50693.0,50685.0,50694.0,50694.0,50685.0,50693.0,50689.0,50692.0,50694.0,50684.0
169,50690.3,50693.0,50685.0,50694.0,50694.0,50685.0,50693.0,50689.0,50692.0,50694.0,50684.0
170,50690.3,50693.0,50685.0,50694.0,50694.0,50685.0,50693.0,50689.0,50692.0,50694.0,50684.0
171,50690.3,50693.0,50685.0,50694.0,50694.0,50685.0,50693.0,50689.0,50692.0,50694.0,50684.0
172,50690.3,50693.0,50685.0,50694.0,50694.0,50685.0,50693.0,50689.0,50692.0,50694.0,50684.0
173,50690.3,50693.0,50685.0,50694.0,50694.0,50685.0,50693.0,50689.0,50692.0,50694.0,50684.0
174,50690.3,50693.0,50685.0,50694.0,50694.0,50685.0,50693.0,50689.0,50692.0,50694.0,50684.0
175,50690.3,50693.0,50685.0,50694.0,50694.0,50685.0,50693.0,50689.0,50692.0,50694.0,50684.0
176,50690.3,50693.0,50685.0,50694.0,50694.0,50685.0,50693.0,50689.0,50692.0,50694.0,50684.0
177,50690.3,50693.0,50685.0,50694.0,50694.0,50685.0,50693.0,50689.0,50692.0,50694.0,50684.0
178,50690.3,50693.0,50685.0,50694.0,50694.0,50685.0,50693.0,50689.0,50692.0,50694.0,50684.0
179,50690.3,50693.0,50685.0,50694.0,50694.0,50685.0,50693.0,50689.0,50692.0,50694.0,50684.0
180,50690.3,50693.0,50685.0,50694.0,50694.0,50685.0,50693.0,50689.0,50692.0,50694.0,50684.0
181,50690.3,50693.0,50685.0,50694.0,50694.0,50685.0,50693.0,50689.0,50692.0,50694.0,50684.0
182,50690.3,50693.0,50685.0,50694.0,50694.0,50685.0,50693.0,50689.0,50692.0,50694.0,50684.0
183,50690.3,50693.0,50685.0,50694.0,50694.0,50685.0,50693.0,50689.0,50692.0,50694.0,50684.0
184,50690.3,50693.0,50685.0,50694.0,50694.0,50685.0,50693.0,50689.0,50692.0,50694.0,50684.0
185,50690.3,50693.0,50685.0,50694.0,50694.0,50685.0,50693.0,50689.0,50692.0,50694.0,50684.0
186,50690.3,50693.0,50685.0,50694.0,50694.0,50685.0,50693.0,50689.0,50692.0,50694.0,50684.0
187,50690.3,50693.0,50685.0,50694.0,50694.0,50685.0,50693.0,50689.0,50692.0,50694.0,50684.0
188,50690.3,50693.0,50685.0,50694.0,50694.0,50685.0,50693.0,50689.0,50692.0,50694.0,50684.0
189,50690.3,50693.0,50685.0,50694.0,50694.0,50685.0,50693.0,50689.0,50692.0,50694.0,50684.0
190,50690.3,50693.0,50685.0,50694.0,50694.0,50685.0,50693.0,50689.0,50692.0,50694.0,50684.0
191,50690.3,50693.0,50685.0,50694.0,50694.0,50685.0,50693.0,50689.0,50692.0,50694.0,50684.0
192,50690.3,50693.0,50685.0,50694.0,50694.0,50685.0,50693.0,50689.0,50692.0,50694.0,50684.0
193,50690.3,50693.0,50685.0,50694.0,50694.0,50685.0,50693.0,50689.0,50692.0,50694.0,50684.0
194,50690.3,50693.0,50685.0,50694.0,50694.0,50685.0,50693.0,50689.0,50692.0,50694.0,50684.0
195,50690.3,50693.0,50685.0,50694.0,50694.0,50685.0,50693.0,50689.0,50692.0,50694.0,50684.0
196,50690.3,50693.0,50685.0,50694.0,50694.0,50685.0,50693.0,50689.0,50692.0,50694.0,50684.0
197,50690.3,50693.0,50685.0,50694.0,50694.0,50685.0,50693.0,50689.0,50692.0,50694.0,50684.0
198,50690.3,50693.0,50685.0,50694.0,50694.0,50685.0,50693.0,50689.0,50692.0,50694.0,50684.0
199,50690.3,50693.0,50685.0,50694.0,50694.0,50685.0,50693.0,50689.0,50692.0,50694.0,50684.0
200,50690.3,50693.0,50685.0,50694.0,50694.0,50685.0,50693.0,50689.0,50692.0,50694.0,50684.0
201,50690.3,50693.0,50685.0,50694.0,50694.0,50685.0,50693.0,50689.0,50692.0,50694.0,50684.0
202,50690.3,50693.0,50685.0,50694.0,50694.0,50685.0,50693.0,50689.0,50692.0,50694.0,50684.0
203,50690.3,50693.0,50685.0,50694.0,50694.0,50685.0,50693.0,50689.0,50692.0,50694.0,50684.0
204,50690.3,50693.0,50685.0,50694.0,50694.0,50685.0,50693.0,50689.0,50692.0,50694.0,50684.0
205,50690.3,50693.0,50685.0,50694.0,50694.0,50685.0,50693.0,50689.0,50692.0,50694.0,50684.0
206,50690.3,50693.0,50685.0,50694.0,50694.0,50685.0,50693.0,50689.0,50692.0,50694.0,50684.0
207,50690.3,50693.0,50685.0,50694.0,50694.0,50685.0,50693.0,50689.0,50692.0,50694.0,50684.0
208,50690.3,50693.0,50685.0,50694.0,50694.0,50685.0,50693.0,50689.0,50692.0,50694.0,50684.0
209,50690.3,50693.0,50685.0,50694.0,50694.0,50685.0,50693.0,50689.0,50692.0,50694.0,50684.0
210,50690.3,50693.0,50685.0,50694.0,50694.0,50685.0,50693.0,50689.0,50692.0,50694.0,50684.0
211,50690.3,50693.0,50685.0,50694.0,50694.0,50685.0,50693.0,50689.0,50692.0,50694.0,50684.0
212,50690.3,50693.0,50685.0,50694.0,50694.0,50685.0,50693.0,50689.0,50692.0,50694.0,50684.0
213,50690.3,50693.0,50685.0,50694.0,50694.0,50685.0,50693.0,50689.0,50692.0,50694.0,50684.0
214,50690.3,50693.0,50685.0,50694.0,50694.0,50685.0,50693.0,50689.0,50692.0,50694.0,50684.0
215,50690.3,50693.0,50685.0,50694.0,50694.0,50685.0,50693.0,50689.0,50692.0,50694.0,50684.0
216,50690.3,50693.0,50685.0,50694.0,50694.0,50685.0,50693.0,50689.0,50692.0,50694.0,50684.0
217,50690.3,50693.0,50685.0,50694.0,50694.0,50685.0,50693.0,50689.0,50692.0,50694.0,50684.0
218,50690.3,50693.0,50685.0,50694.0,50694.0,50685.0,50693.0,50689.0,50692.0,50694.0,50684.0
219,50690.3,50693.0,50685.0,50694.0,50694.0,50685.0,50693.0,50689.0,50692.0,50694.0,50684.0
220,50690.3,50693.0,50685.0,50694.0,50694.0,50685.0,50693.0,50689.0,50692.0,50694.0,50684.0
221,50690.3,50693.0,50685.0,50694.0,50694.0,50685.0,50693.0,50689.0,50692.0,50694.0,50684.0
222,50690.3,50693.0,50685.0,50694.0,50694.0,50685.0,50693.0,50689.0,50692.0,50694.0,50684.0
223,50690.3,50693.0,50685.0,50694.0,50694.0,50685.0,50693.0,50689.0,50692.0,50694.0,50684.0
224,50690.3,50693.0,50685.0,50694.0,50694.0,50685.0,50693.0,50689.0,50692.0,50694.0,50684.0
225,50690.3,50693.0,50685.0,50694.0,50694.0,50685.0,50693.0,50689.0,50692.0,50694.0,50684.0
226,50690.3,50693.0,50685.0,50694.0,50694.0,50685.0,50693.0,50689.0,50692.0,50694.0,50684.0
227,50690.3,50693.0,50685.0,50694.0,50694.0,50685.0,50693.0,50689.0,50692.0,50694.0,50684.0
228,50690.3,50693.0,50685.0,50694.0,50694.0,50685.0,50693.0,50689.0,50692.0,50694.0,50684.0
229,50690.3,50693.0,50685.0,50694.0,50694.0,50685.0,50693.0,50689.0,50692.0,50694.0,50684.0
230,50690.3,50693.0,50685.0,50694.0,50694.0,50685.0,50693.0,50689.0,50692.0,50694.0,50684.0
231,50690.3,50693.0,50685.0,50694.0,50694.0,50685.0,50693.0,50689.0,50692.0,50694.0,50684.0
232,50690.3,50693.0,50685.0,50694.0,50694.0,50685.0,50693.0,50689.0,50692.0,50694.0,50684.0
233,50690.3,50693.0,50685.0,50694.0,50694.0,50685.0,50693.0,50689.0,50692.0,50694.0,50684.0
234,50690.3,50693.0,50685.0,50694.0,50694.0,50685.0,50693.0,50689.0,50692.0,50694.0,50684.0
235,50690.3,50693.0,50685.0,50694.0,50694.0,50685.0,50693.0,50689.0,50692.0,50694.0,50684.0
236,50690.3,50693.0,50685.0,50694.0,50694.0,50685.0,50693.0,50689.0,50692.0,50694.0,50684.0
237,50690.3,50693.0,50685.0,50694.0,50694.0,50685.0,50693.0,50689.0,50692.0,50694.0,50684.0
238,50690.3,50693.0,50685.0,50694.0,50694.0,50685.0,50693.0,50689.0,50692.0,50694.0,50684.0
239,50690.3,50693.0,50685.0,50694.0,50694.0,50685.0,50693.0,50689.0,50692.0,50694.0,50684.0
240,50690.3,50693.0,50685.0,50694.0,50694.0,50685.0,50693.0,50689.0,50692.0,50694.0,50684.0
241,50690.3,50693.0,50685.0,50694.0,50694.0,50685.0,50693.0,50689.0,50692.0,50694.0,50684.0
242,50690.3,50693.0,50685.0,50694.0,50694.0,50685.0,50693.0,50689.0,50692.0,50694.0,50684.0
243,50690.3,50693.0,50685.0,50694.0,50694.0,50685.0,50693.0,50689.0,50692.0,50694.0,50684.0
244,50690.3,50693.0,50685.0,50694.0,50694.0,50685.0,50693.0,50689.0,50692.0,50694.0,50684.0
245,50690.3,50693.0,50685.0,50694.0,50694.0,50685.0,50693.0,50689.0,50692.0,50694.0,50684.0
246,50690.3,50693.0,50685.0,50694.0,50694.0,50685.0,50693.0,50689.0,50692.0,50694.0,50684.0
247,50690.3,50693.0,50685.0,50694.0,50694.0,50685.0,50693.0,50689.0,50692.0,50694.0,50684.0
248,50690.3,50693.0,50685.0,50694.0,50694.0,50685.0,50693.0,50689.0,50692.0,50694.0,50684.0
249,50690.3,50693.0,50685.0,50694.0,50694.0,50685.0,50693.0,50689.0,50692.0,50694.0,50684.0
250,50690.3,50693.0,50685.0,50694.0,50694.0,50685.0,50693.0,50689.0,50692.0,50694.0,50684.0
251,50690.3,50693.0,50685.0,50694.0,50694.0,50685.0,50693.0,50689.0,50692.0,50694.0,50684.0
252,50690.3,50693.0,50685.0,50694.0,50694.0,50685.0,50693.0,50689.0,50692.0,50694.0,50684.0
253,50690.3,50693.0,50685.0,50694.0,50694.0,50685.0,50693.0,50689.0,50692.0,50694.0,50684.0
254,50690.3,50693.0,50685.0,50694.0,50694.0,50685.0,50693.0,50689.0,50692.0,50694.0,50684.0
255,50690.3,50693.0,50685.0,50694.0,50694.0,50685.0,50693.0,50689.0,50692.0,50694.0,50684.0
256,50690.3,50693.0,50685.0,50694.0,50694.0,50685.0,50693.0,50689.0,50692.0,50694.0,50684.0
257,50690.3,50693.0,50685.0,50694.0,50694.0,50685.0,50693.0,50689.0,50692.0,50694.0,50684.0
258,50690.3,50693.0,50685.0,50694.0,50694.0,50685.0,50693.0,50689.0,50692.0,50694.0,50684.0
259,50690.3,50693.0,50685.0,50694.0,50694.0,50685.0,50693.0,50689.0,50692.0,50694.0,50684.0
260,50690.3,50693.0,50685.0,50694.0,50694.0,50685.0,50693.0,50689.0,50692.0,50694.0,50684.0
261,50690.3,50693.0,50685.0,50694.0,50694.0,50685.0,50693.0,50689.0,50692.0,50694.0,50684.0
262,50690.3,50693.0,50685.0,50694.0,50694.0,50685.0,50693.0,50689.0,50692.0,50694.0,50684.0
263,50690.3,50693.0,50685.0,50694.0,50694.0,50685.0,50693.0,50689.0,50692.0,50694.0,50684.0
264,50690.3,50693.0,50685.0,50694.0,50694.0,50685.0,50693.0,50689.0,50692.0,50694.0,50684.0
265,50690.3,50693.0,50685.0,50694.0,50694.0,50685.0,50693.0,50689.0,50692.0,50694.0,50684.0
266,50690.3,50693.0,50685.0,50694.0,50694.0,50685.0,50693.0,50689.0,50692.0,50694.0,50684.0
267,50690.3,50693.0,50685.0,50694.0,50694.0,50685.0,50693.0,50689.0,50692.0,50694.0,50684.0
268,50690.3,50693.0,50685.0,50694.0,50694.0,50685.0,50693.0,50689.0,50692.0,50694.0,50684.0
269,50690.3,50693.0,50685.0,50694.0,50694.0,50685.0,50693.0,50689.0,50692.0,50694.0,50684.0
270,50690.3,50693.0,50685.0,50694.0,50694.0,50685.0,50693.0,50689.0,50692.0,50694.0,50684.0
271,50690.3,50693.0,50685.0,50694.0,50694.0,50685.0,50693.0,50689.0,50692.0,50694.0,50684.0
272,50690.3,50693.0,50685.0,50694.0,50694.0,50685.0,50693.0,50689.0,50692.0,50694.0,50684.0
273,50690.3,50693.0,50685.0,50694.0,50694.0,50685.0,50693.0,50689.0,50692.0,50694.0,50684.0
274,50690.3,50693.0,50685.0,50694.0,50694.0,50685.0,50693.0,50689.0,50692.0,50694.0,50684.0
275,50690.3,50693.0,50685.0,50694.0,50694.0,50685.0,50693.0,50689.0,50692.0,50694.0,50684.0
276,50690.3,50693.0,50685.0,50694.0,50694.0,50685.0,50693.0,50689.0,50692.0,50694.0,50684.0
277,50690.3,50693.0,50685.0,50694.0,50694.0,50685.0,50693.0,50689.0,50692.0,50694.0,50684.0
278,50690.3,50693.0,50685.0,50694.0,50694.0,50685.0,50693.0,50689.0,50692.0,50694.0,50684.0
279,50690.3,50693.0,50685.0,50694.0,50694.0,50685.0,50693.0,50689.0,50692.0,50694.0,50684.0
280,50690.3,50693.0,50685.0,50694.0,50694.0,50685.0,50693.0,50689.0,50692.0,50694.0,50684.0
281,50690.3,50693.0,50685.0,50694.0,50694.0,50685.0,50693.0,50689.0,50692.0,50694.0,50684.0
282,50690.3,50693.0,50685.0,50694.0,50694.0,50685.0,50693.0,50689.0,50692.0,50694.0,50684.0
283,50690.3,50693.0,50685.0,50694.0,50694.0,50685.0,50693.0,50689.0,50692.0,50694.0,50684.0
284,50690.3,50693.0,50685.0,50694.0,50694.0,50685.0,50693.0,50689.0,50692.0,50694.0,50684.0
285,50690.3,50693.0,50685.0,50694.0,50694.0,50685.0,50693.0,50689.0,50692.0,50694.0,50684.0
286,50690.3,50693.0,50685.0,50694.0,50694.0,50685.0,50693.0,50689.0,50692.0,50694.0,50684.0
287,50690.3,50693.0,50685.0,50694.0,50694.0,50685.0,50693.0,50689.0,50692.0,50694.0,50684.0
288,50690.3,50693.0,50685.0,50694.0,50694.0,50685.0,50693.0,50689.0,50692.0,50694.0,50684.0
289,50690.3,50693.0,50685.0,50694.0,50694.0,50685.0,50693.0,50689.0,50692.0,50694.0,50684.0
290,50690.3,50693.0,50685.0,50694.0,50694.0,50685.0,50693.0,50689.0,50692.0,50694.0,50684.0
291,50690.3,50693.0,50685.0,50694.0,50694.0,50685.0,50693.0,50689.0,50692.0,50694.0,50684.0
292,50690.3,50693.0,50685.0,50694.0,50694.0,50685.0,50693.0,50689.0,50692.0,50694.0,50684.0
293,50690.3,50693.0,50685.0,50694.0,50694.0,50685.0,50693.0,50689.0,50692.0,50694.0,50684.0
294,50690.3,50693.0,50685.0,50694.0,50694.0,50685.0,50693.0,50689.0,50692.0,50694.0,50684.0
295,50690.3,50693.0,50685.0,50694.0,50694.0,50685.0,50693.0,50689.0,50692.0,50694.0,50684.0
296,50690.3,50693.0,50685.0,50694.0,50694.0,50685.0,50693.0,50689.0,50692.0,50694.0,50684.0
297,50690.3,50693.0,50685.0,50694.0,50694.0,50685.0,50693.0,50689.0,50692.0,50694.0,50684.0
298,50690.3,50693.0,50685.0,50694.0,50694.0,50685.0,50693.0,50689.0,50692.0,50694.0,50684.0
299,50690.3,50693.0,50685.0,50694.0,50694.0,50685.0,50693.0,50689.0,50692.0,50694.0,50684.0
300,50690.3,50693.0,50685.0,50694.0,50694.0,50685.0,50693.0,50689.0,50692.0,50694.0,50684.0
301,50690.3,50693.0,50685.0,50694.0,50694.0,50685.0,50693.0,50689.0,50692.0,50694.0,50684.0
302,50690.3,50693.0,50685.0,50694.0,50694.0,50685.0,50693.0,50689.0,50692.0,50694.0,50684.0
303,50690.3,50693.0,50685.0,50694.0,50694.0,50685.0,50693.0,50689.0,50692.0,50694.0,50684.0
304,50690.3,50693.0,50685.0,50694.0,50694.0,50685.0,50693.0,50689.0,50692.0,50694.0,50684.0
305,50690.3,50693.0,50685.0,50694.0,50694.0,50685.0,50693.0,50689.0,50692.0,50694.0,50684.0
306,50690.3,50693.0,50685.0,50694.0,50694.0,50685.0,50693.0,50689.0,50692.0,50694.0,50684.0
307,50690.3,50693.0,50685.0,50694.0,50694.0,50685.0,50693.0,50689.0,50692.0,50694.0,50684.0
308,50690.3,50693.0,50685.0,50694.0,50694.0,50685.0,50693.0,50689.0,50692.0,50694.0,50684.0
309,50690.3,50693.0,50685.0,50694.0,50694.0,50685.0,50693.0,50689.0,50692.0,50694.0,50684.0
310,50690.3,50693.0,50685.0,50694.0,50694.0,50685.0,50693.0,50689.0,50692.0,50694.0,50684.0
311,50690.3,50693.0,50685.0,50694.0,50694.0,50685.0,50693.0,50689.0,50692.0,50694.0,50684.0
312,50690.3,50693.0,50685.0,50694.0,50694.0,50685.0,50693.0,50689.0,50692.0,50694.0,50684.0
313,50690.3,50693.0,50685.0,50694.0,50694.0,50685.0,50693.0,50689.0,50692.0,50694.0,50684.0
314,50690.3,50693.0,50685.0,50694.0,50694.0,50685.0,50693.0,50689.0,50692.0,50694.0,50684.0
315,50690.3,50693.0,50685.0,50694.0,50694.0,50685.0,50693.0,50689.0,50692.0,50694.0,50684.0
316,50690.3,50693.0,50685.0,50694.0,50694.0,50685.0,50693.0,50689.0,50692.0,50694.0,50684.0
317,50690.3,50693.0,50685.0,50694.0,50694.0,50685.0,50693.0,50689.0,50692.0,50694.0,50684.0
318,50690.3,50693.0,50685.0,50694.0,50694.0,50685.0,50693.0,50689.0,50692.0,50694.0,50684.0
319,50690.3,50693.0,50685.0,50694.0,50694.0,50685.0,50693.0,50689.0,50692.0,50694.0,50684.0
320,50690.3,50693.0,50685.0,50694.0,50694.0,50685.0,50693.0,50689.0,50692.0,50694.0,50684.0
321,50690.3,50693.0,50685.0,50694.0,50694.0,50685.0,50693.0,50689.0,50692.0,50694.0,50684.0
322,50690.3,50693.0,50685.0,50694.0,50694.0,50685.0,50693.0,50689.0,50692.0,50694.0,50684.0
323,50690.3,50693.0,50685.0,50694.0,50694.0,50685.0,50693.0,50689.0,50692.0,50694.0,50684.0
324,50690.3,50693.0,50685.0,50694.0,50694.0,50685.0,50693.0,50689.0,50692.0,50694.0,50684.0
325,50690.3,50693.0,50685.0,50694.0,50694.0,50685.0,50693.0,50689.0,50692.0,50694.0,50684.0
326,50690.3,50693.0,50685.0,50694.0,50694.0,50685.0,50693.0,50689.0,50692.0,50694.0,50684.0
327,50690.3,50693.0,50685.0,50694.0,50694.0,50685.0,50693.0,50689.0,50692.0,50694.0,50684.0
328,50690.3,50693.0,50685.0,50694.0,50694.0,50685.0,50693.0,50689.0,50692.0,50694.0,50684.0
329,50690.3,50693.0,50685.0,50694.0,50694.0,50685.0,50693.0,50689.0,50692.0,50694.0,50684.0
330,50690.3,50693.0,50685.0,50694.0,50694.0,50685.0,50693.0,50689.0,50692.0,50694.0,50684.0
331,50690.3,50693.0,50685.0,50694.0,50694.0,50685.0,50693.0,50689.0,50692.0,50694.0,50684.0
332,50690.3,50693.0,50685.0,50694.0,50694.0,50685.0,50693.0,50689.0,50692.0,50694.0,50684.0
333,50690.3,50693.0,50685.0,50694.0,50694.0,50685.0,50693.0,50689.0,50692.0,50694.0,50684.0
334,50690.3,50693.0,50685.0,50694.0,50694.0,50685.0,50693.0,50689.0,50692.0,50694.0,50684.0
335,50690.3,50693.0,50685.0,50694.0,50694.0,50685.0,50693.0,50689.0,50692.0,50694.0,50684.0
336,50690.3,50693.0,50685.0,50694.0,50694.0,50685.0,50693.0,50689.0,50692.0,50694.0,50684.0
337,50690.3,50693.0,50685.0,50694.0,50694.0,50685.0,50693.0,50689.0,50692.0,50694.0,50684.0
338,50690.3,50693.0,50685.0,50694.0,50694.0,50685.0,50693.0,50689.0,50692.0,50694.0,50684.0
339,50690.3,50693.0,50685.0,50694.0,50694.0,50685.0,50693.0,50689.0,50692.0,50694.0,50684.0
340,50690.3,50693.0,50685.0,50694.0,50694.0,50685.0,50693.0,50689.0,50692.0,50694.0,50684.0
341,50690.3,50693.0,50685.0,50694.0,50694.0,50685.0,50693.0,50689.0,50692.0,50694.0,50684.0
342,50690.3,50693.0,50685.0,50694.0,50694.0,50685.0,50693.0,50689.0,50692.0,50694.0,50684.0
343,50690.3,50693.0,50685.0,50694.0,50694.0,50685.0,50693.0,50689.0,50692.0,50694.0,50684.0
344,50690.3,50693.0,50685.0,50694.0,50694.0,50685.0,50693.0,50689.0,50692.0,50694.0,50684.0
345,50690.3,50693.0,50685.0,50694.0,50694.0,50685.0,50693.0,50689.0,50692.0,50694.0,50684.0
346,50690.3,50693.0,50685.0,50694.0,50694.0,50685.0,50693.0,50689.0,50692.0,50694.0,50684.0
347,50690.3,50693.0,50685.0,50694.0,50694.0,50685.0,50693.0,50689.0,50692.0,50694.0,50684.0
348,50690.3,50693.0,50685.0,50694.0,50694.0,50685.0,50693.0,50689.0,50692.0,50694.0,50684.0
349,50690.3,50693.0,50685.0,50694.0,50694.0,50685.0,50693.0,50689.0,50692.0,50694.0,50684.0
350,50690.3,50693.0,50685.0,50694.0,50694.0,50685.0,50693.0,50689.0,50692.0,50694.0,50684.0
351,50690.3,50693.0,50685.0,50694.0,50694.0,50685.0,50693.0,50689.0,50692.0,50694.0,50684.0
352,50690.3,50693.0,50685.0,50694.0,50694.0,50685.0,50693.0,50689.0,50692.0,50694.0,50684.0
353,50690.3,50693.0,50685.0,50694.0,50694.0,50685.0,50693.0,50689.0,50692.0,50694.0,50684.0
354,50690.3,50693.0,50685.0,50694.0,50694.0,50685.0,50693.0,50689.0,50692.0,50694.0,50684.0
355,50690.3,50693.0,50685.0,50694.0,50694.0,50685.0,50693.0,50689.0,50692.0,50694.0,50684.0
356,50690.3,50693.0,50685.0,50694.0,50694.0,50685.0,50693.0,50689.0,50692.0,50694.0,50684.0
357,50690.3,50693.0,50685.0,50694.0,50694.0,50685.0,50693.0,50689.0,50692.0,50694.0,50684.0
358,50690.3,50693.0,50685.0,50694.0,50694.0,50685.0,50693.0,50689.0,50692.0,50694.0,50684.0
359,50690.3,50693.0,50685.0,50694.0,50694.0,50685.0,50693.0,50689.0,50692.0,50694.0,50684.0
360,50690.3,50693.0,50685.0,50694.0,50694.0,50685.0,50693.0,50689.0,50692.0,50694.0,50684.0
361,50690.3,50693.0,50685.0,50694.0,50694.0,50685.0,50693.0,50689.0,50692.0,50694.0,50684.0
362,50690.3,50693.0,50685.0,50694.0,50694.0,50685.0,50693.0,50689.0,50692.0,50694.0,50684.0
363,50690.3,50693.0,50685.0,50694.0,50694.0,50685.0,50693.0,50689.0,50692.0,50694.0,50684.0
364,50690.3,50693.0,50685.0,50694.0,50694.0,50685.0,50693.0,50689.0,50692.0,50694.0,50684.0
365,50690.3,50693.0,50685.0,50694.0,50694.0,50685.0,50693.0,50689.0,50692.0,50694.0,50684.0
366,50690.3,50693.0,50685.0,50694.0,50694.0,50685.0,50693.0,50689.0,50692.0,50694.0,50684.0
367,50690.3,50693.0,50685.0,50694.0,50694.0,50685.0,50693.0,50689.0,50692.0,50694.0,50684.0
368,50690.3,50693.0,50685.0,50694.0,50694.0,50685.0,50693.0,50689.0,50692.0,50694.0,50684.0
369,50690.3,50693.0,50685.0,50694.0,50694.0,50685.0,50693.0,50689.0,50692.0,50694.0,50684.0
370,50690.3,50693.0,50685.0,50694.0,50694.0,50685.0,50693.0,50689.0,50692.0,50694.0,50684.0
371,50690.3,50693.0,50685.0,50694.0,50694.0,50685.0,50693.0,50689.0,50692.0,50694.0,50684.0
372,50690.3,50693.0,50685.0,50694.0,50694.0,50685.0,50693.0,50689.0,50692.0,50694.0,50684.0
373,50690.3,50693.0,50685.0,50694.0,50694.0,50685.0,50693.0,50689.0,50692.0,50694.0,50684.0
374,50690.3,50693.0,50685.0,50694.0,50694.0,50685.0,50693.0,50689.0,50692.0,50694.0,50684.0
375,50690.3,50693.0,50685.0,50694.0,50694.0,50685.0,50693.0,50689.0,50692.0,50694.0,50684.0
376,50690.3,50693.0,50685.0,50694.0,50694.0,50685.0,50693.0,50689.0,50692.0,50694.0,50684.0
377,50690.3,50693.0,50685.0,50694.0,50694.0,50685.0,50693.0,50689.0,50692.0,50694.0,50684.0
378,50690.3,50693.0,50685.0,50694.0,50694.0,50685.0,50693.0,50689.0,50692.0,50694.0,50684.0
379,50690.3,50693.0,50685.0,50694.0,50694.0,50685.0,50693.0,50689.0,50692.0,50694.0,50684.0
380,50690.3,50693.0,50685.0,50694.0,50694.0,50685.0,50693.0,50689.0,50692.0,50694.0,50684.0
381,50690.3,50693.0,50685.0,50694.0,50694.0,50685.0,50693.0,50689.0,50692.0,50694.0,50684.0
382,50690.3,50693.0,50685.0,50694.0,50694.0,50685.0,50693.0,50689.0,50692.0,50694.0,50684.0
383,50690.3,50693.0,50685.0,50694.0,50694.0,50685.0,50693.0,50689.0,50692.0,50694.0,50684.0
384,50690.3,50693.0,50685.0,50694.0,50694.0,50685.0,50693.0,50689.0,50692.0,50694.0,50684.0
385,50690.3,50693.0,50685.0,50694.0,50694.0,50685.0,50693.0,50689.0,50692.0,50694.0,50684.0
386,50690.3,50693.0,50685.0,50694.0,50694.0,50685.0,50693.0,50689.0,50692.0,50694.0,50684.0
387,50690.3,50693.0,50685.0,50694.0,50694.0,50685.0,50693.0,50689.0,50692.0,50694.0,50684.0
388,50690.3,50693.0,50685.0,50694.0,50694.0,50685.0,50693.0,50689.0,50692.0,50694.0,50684.0
389,50690.3,50693.0,50685.0,50694.0,50694.0,50685.0,50693.0,50689.0,50692.0,50694.0,50684.0
390,50690.3,50693.0,50685.0,50694.0,50694.0,50685.0,50693.0,50689.0,50692.0,50694.0,50684.0
391,50690.3,50693.0,50685.0,50694.0,50694.0,50685.0,50693.0,50689.0,50692.0,50694.0,50684.0
392,50690.3,50693.0,50685.0,50694.0,50694.0,50685.0,50693.0,50689.0,50692.0,50694.0,50684.0
393,50690.3,50693.0,50685.0,50694.0,50694.0,50685.0,50693.0,50689.0,50692.0,50694.0,50684.0
394,50690.3,50693.0,50685.0,50694.0,50694.0,50685.0,50693.0,50689.0,50692.0,50694.0,50684.0
395,50690.3,50693.0,50685.0,50694.0,50694.0,50685.0,50693.0,50689.0,50692.0,50694.0,50684.0
396,50690.3,50693.0,50685.0,50694.0,50694.0,50685.0,50693.0,50689.0,50692.0,50694.0,50684.0
397,50690.3,50693.0,50685.0,50694.0,50694.0,50685.0,50693.0,50689.0,50692.0,50694.0,50684.0
398,50690.3,50693.0,50685.0,50694.0,50694.0,50685.0,50693.0,50689.0,50692.0,50694.0,50684.0
399,50690.3,50693.0,50685.0,50694.0,50694.0,50685.0,50693.0,50689.0,50692.0,50694.0,50684.0
400,50690.3,50693.0,50685.0,50694.0,50694.0,50685.0,50693.0,50689.0,50692.0,50694.0,50684.0
401,50690.3,50693.0,50685.0,50694.0,50694.0,50685.0,50693.0,50689.0,50692.0,50694.0,50684.0
402,50690.3,50693.0,50685.0,50694.0,50694.0,50685.0,50693.0,50689.0,50692.0,50694.0,50684.0
403,50690.3,50693.0,50685.0,50694.0,50694.0,50685.0,50693.0,50689.0,50692.0,50694.0,50684.0
404,50690.3,50693.0,50685.0,50694.0,50694.0,50685.0,50693.0,50689.0,50692.0,50694.0,50684.0
405,50690.3,50693.0,50685.0,50694.0,50694.0,50685.0,50693.0,50689.0,50692.0,50694.0,50684.0
406,50690.3,50693.0,50685.0,50694.0,50694.0,50685.0,50693.0,50689.0,50692.0,50694.0,50684.0
407,50690.3,50693.0,50685.0,50694.0,50694.0,50685.0,50693.0,50689.0,50692.0,50694.0,50684.0
408,50690.3,50693.0,50685.0,50694.0,50694.0,50685.0,50693.0,50689.0,50692.0,50694.0,50684.0
409,50690.3,50693.0,50685.0,50694.0,50694.0,50685.0,50693.0,50689.0,50692.0,50694.0,50684.0
410,50690.3,50693.0,50685.0,50694.0,50694.0,50685.0,50693.0,50689.0,50692.0,50694.0,50684.0
411,50690.3,50693.0,50685.0,50694.0,50694.0,50685.0,50693.0,50689.0,50692.0,50694.0,50684.0
412,50690.3,50693.0,50685.0,50694.0,50694.0,50685.0,50693.0,50689.0,50692.0,50694.0,50684.0
413,50690.3,50693.0,50685.0,50694.0,50694.0,50685.0,50693.0,50689.0,50692.0,50694.0,50684.0
414,50690.3,50693.0,50685.0,50694.0,50694.0,50685.0,50693.0,50689.0,50692.0,50694.0,50684.0
415,50690.3,50693.0,50685.0,50694.0,50694.0,50685.0,50693.0,50689.0,50692.0,50694.0,50684.0
416,50690.3,50693.0,50685.0,50694.0,50694.0,50685.0,50693.0,50689.0,50692.0,50694.0,50684.0
417,50690.3,50693.0,50685.0,50694.0,50694.0,50685.0,50693.0,50689.0,50692.0,50694.0,50684.0
418,50690.3,50693.0,50685.0,50694.0,50694.0,50685.0,50693.0,50689.0,50692.0,50694.0,50684.0
419,50690.3,50693.0,50685.0,50694.0,50694.0,50685.0,50693.0,50689.0,50692.0,50694.0,50684.0
420,50690.3,50693.0,50685.0,50694.0,50694.0,50685.0,50693.0,50689.0,50692.0,50694.0,50684.0
421,50690.3,50693.0,50685.0,50694.0,50694.0,50685.0,50693.0,50689.0,50692.0,50694.0,50684.0
422,50690.3,50693.0,50685.0,50694.0,50694.0,50685.0,50693.0,50689.0,50692.0,50694.0,50684.0
423,50690.3,50693.0,50685.0,50694.0,50694.0,50685.0,50693.0,50689.0,50692.0,50694.0,50684.0
424,50690.3,50693.0,50685.0,50694.0,50694.0,50685.0,50693.0,50689.0,50692.0,50694.0,50684.0
425,50690.3,50693.0,50685.0,50694.0,50694.0,50685.0,50693.0,50689.0,50692.0,50694.0,50684.0
426,50690.3,50693.0,50685.0,50694.0,50694.0,50685.0,50693.0,50689.0,50692.0,50694.0,50684.0
427,50690.3,50693.0,50685.0,50694.0,50694.0,50685.0,50693.0,50689.0,50692.0,50694.0,50684.0
428,50690.3,50693.0,50685.0,50694.0,50694.0,50685.0,50693.0,50689.0,50692.0,50694.0,50684.0
429,50690.3,50693.0,50685.0,50694.0,50694.0,50685.0,50693.0,50689.0,50692.0,50694.0,50684.0
430,50690.3,50693.0,50685.0,50694.0,50694.0,50685.0,50693.0,50689.0,50692.0,50694.0,50684.0
431,50690.3,50693.0,50685.0,50694.0,50694.0,50685.0,50693.0,50689.0,50692.0,50694.0,50684.0
432,50690.3,50693.0,50685.0,50694.0,50694.0,50685.0,50693.0,50689.0,50692.0,50694.0,50684.0
433,50690.3,50693.0,50685.0,50694.0,50694.0,50685.0,50693.0,50689.0,50692.0,50694.0,50684.0
434,50690.3,50693.0,50685.0,50694.0,50694.0,50685.0,50693.0,50689.0,50692.0,50694.0,50684.0
435,50690.3,50693.0,50685.0,50694.0,50694.0,50685.0,50693.0,50689.0,50692.0,50694.0,50684.0
436,50690.3,50693.0,50685.0,50694.0,50694.0,50685.0,50693.0,50689.0,50692.0,50694.0,50684.0
437,50690.3,50693.0,50685.0,50694.0,50694.0,50685.0,50693.0,50689.0,50692.0,50694.0,50684.0
438,50690.3,50693.0,50685.0,50694.0,50694.0,50685.0,50693.0,50689.0,50692.0,50694.0,50684.0
439,50690.3,50693.0,50685.0,50694.0,50694.0,50685.0,50693.0,50689.0,50692.0,50694.0,50684.0
440,50690.3,50693.0,50685.0,50694.0,50694.0,50685.0,50693.0,50689.0,50692.0,50694.0,50684.0
441,50690.3,50693.0,50685.0,50694.0,50694.0,50685.0,50693.0,50689.0,50692.0,50694.0,50684.0
442,50690.3,50693.0,50685.0,50694.0,50694.0,50685.0,50693.0,50689.0,50692.0,50694.0,50684.0
443,50690.3,50693.0,50685.0,50694.0,50694.0,50685.0,50693.0,50689.0,50692.0,50694.0,50684.0
444,50690.3,50693.0,50685.0,50694.0,50694.0,50685.0,50693.0,50689.0,50692.0,50694.0,50684.0
445,50690.3,50693.0,50685.0,50694.0,50694.0,50685.0,50693.0,50689.0,50692.0,50694.0,50684.0
446,50690.3,50693.0,50685.0,50694.0,50694.0,50685.0,50693.0,50689.0,50692.0,50694.0,50684.0
447,50690.3,50693.0,50685.0,50694.0,50694.0,50685.0,50693.0,50689.0,50692.0,50694.0,50684.0
448,50690.3,50693.0,50685.0,50694.0,50694.0,50685.0,50693.0,50689.0,50692.0,50694.0,50684.0
449,50690.3,50693.0,50685.0,50694.0,50694.0,50685.0,50693.0,50689.0,50692.0,50694.0,50684.0
450,50690.3,50693.0,50685.0,50694.0,50694.0,50685.0,50693.0,50689.0,50692.0,50694.0,50684.0
451,50690.3,50693.0,50685.0,50694.0,50694.0,50685.0,50693.0,50689.0,50692.0,50694.0,50684.0
452,50690.3,50693.0,50685.0,50694.0,50694.0,50685.0,50693.0,50689.0,50692.0,50694.0,50684.0
453,50690.3,50693.0,50685.0,50694.0,50694.0,50685.0,50693.0,50689.0,50692.0,50694.0,50684.0
454,50690.3,50693.0,50685.0,50694.0,50694.0,50685.0,50693.0,50689.0,50692.0,50694.0,50684.0
455,50690.3,50693.0,50685.0,50694.0,50694.0,50685.0,50693.0,50689.0,50692.0,50694.0,50684.0
456,50690.3,50693.0,50685.0,50694.0,50694.0,50685.0,50693.0,50689.0,50692.0,50694.0,50684.0
457,50690.3,50693.0,50685.0,50694.0,50694.0,50685.0,50693.0,50689.0,50692.0,50694.0,50684.0
458,50690.3,50693.0,50685.0,50694.0,50694.0,50685.0,50693.0,50689.0,50692.0,50694.0,50684.0
459,50690.3,50693.0,50685.0,50694.0,50694.0,50685.0,50693.0,50689.0,50692.0,50694.0,50684.0
460,50690.3,50693.0,50685.0,50694.0,50694.0,50685.0,50693.0,50689.0,50692.0,50694.0,50684.0
461,50690.3,50693.0,50685.0,50694.0,50694.0,50685.0,50693.0,50689.0,50692.0,50694.0,50684.0
462,50690.3,50693.0,50685.0,50694.0,50694.0,50685.0,50693.0,50689.0,50692.0,50694.0,50684.0
463,50690.3,50693.0,50685.0,50694.0,50694.0,50685.0,50693.0,50689.0,50692.0,50694.0,50684.0
464,50690.3,50693.0,50685.0,50694.0,50694.0,50685.0,50693.0,50689.0,50692.0,50694.0,50684.0
465,50690.3,50693.0,50685.0,50694.0,50694.0,50685.0,50693.0,50689.0,50692.0,50694.0,50684.0
466,50690.3,50693.0,50685.0,50694.0,50694.0,50685.0,50693.0,50689.0,50692.0,50694.0,50684.0
467,50690.3,50693.0,50685.0,50694.0,50694.0,50685.0,50693.0,50689.0,50692.0,50694.0,50684.0
468,50690.3,50693.0,50685.0,50694.0,50694.0,50685.0,50693.0,50689.0,50692.0,50694.0,50684.0
469,50690.3,50693.0,50685.0,50694.0,50694.0,50685.0,50693.0,50689.0,50692.0,50694.0,50684.0
470,50690.3,50693.0,50685.0,50694.0,50694.0,50685.0,50693.0,50689.0,50692.0,50694.0,50684.0
471,50690.3,50693.0,50685.0,50694.0,50694.0,50685.0,50693.0,50689.0,50692.0,50694.0,50684.0
472,50690.3,50693.0,50685.0,50694.0,50694.0,50685.0,50693.0,50689.0,50692.0,50694.0,50684.0
473,50690.3,50693.0,50685.0,50694.0,50694.0,50685.0,50693.0,50689.0,50692.0,50694.0,50684.0
474,50690.3,50693.0,50685.0,50694.0,50694.0,50685.0,50693.0,50689.0,50692.0,50694.0,50684.0
475,50690.3,50693.0,50685.0,50694.0,50694.0,50685.0,50693.0,50689.0,50692.0,50694.0,50684.0
476,50690.3,50693.0,50685.0,50694.0,50694.0,50685.0,50693.0,50689.0,50692.0,50694.0,50684.0
477,50690.3,50693.0,50685.0,50694.0,50694.0,50685.0,50693.0,50689.0,50692.0,50694.0,50684.0
478,50690.3,50693.0,50685.0,50694.0,50694.0,50685.0,50693.0,50689.0,50692.0,50694.0,50684.0
479,50690.3,50693.0,50685.0,50694.0,50694.0,50685.0,50693.0,50689.0,50692.0,50694.0,50684.0
480,50690.3,50693.0,50685.0,50694.0,50694.0,50685.0,50693.0,50689.0,50692.0,50694.0,50684.0
481,50690.3,50693.0,50685.0,50694.0,50694.0,50685.0,50693.0,50689.0,50692.0,50694.0,50684.0
482,50690.3,50693.0,50685.0,50694.0,50694.0,50685.0,50693.0,50689.0,50692.0,50694.0,50684.0
483,50690.3,50693.0,50685.0,50694.0,50694.0,50685.0,50693.0,50689.0,50692.0,50694.0,50684.0
484,50690.3,50693.0,50685.0,50694.0,50694.0,50685.0,50693.0,50689.0,50692.0,50694.0,50684.0
485,50690.3,50693.0,50685.0,50694.0,50694.0,50685.0,50693.0,50689.0,50692.0,50694.0,50684.0
486,50690.3,50693.0,50685.0,50694.0,50694.0,50685.0,50693.0,50689.0,50692.0,50694.0,50684.0
487,50690.3,50693.0,50685.0,50694.0,50694.0,50685.0,50693.0,50689.0,50692.0,50694.0,50684.0
488,50690.3,50693.0,50685.0,50694.0,50694.0,50685.0,50693.0,50689.0,50692.0,50694.0,50684.0
489,50690.3,50693.0,50685.0,50694.0,50694.0,50685.0,50693.0,50689.0,50692.0,50694.0,50684.0
490,50690.3,50693.0,50685.0,50694.0,50694.0,50685.0,50693.0,50689.0,50692.0,50694.0,50684.0
491,50690.3,50693.0,50685.0,50694.0,50694.0,50685.0,50693.0,50689.0,50692.0,50694.0,50684.0
492,50690.3,50693.0,50685.0,50694.0,50694.0,50685.0,50693.0,50689.0,50692.0,50694.0,50684.0
493,50690.3,50693.0,50685.0,50694.0,50694.0,50685.0,50693.0,50689.0,50692.0,50694.0,50684.0
494,50690.3,50693.0,50685.0,50694.0,50694.0,50685.0,50693.0,50689.0,50692.0,50694.0,50684.0
495,50690.3,50693.0,50685.0,50694.0,50694.0,50685.0,50693.0,50689.0,50692.0,50694.0,50684.0
496,50690.3,50693.0,50685.0,50694.0,50694.0,50685.0,50693.0,50689.0,50692.0,50694.0,50684.0
497,50690.3,50693.0,50685.0,50694.0,50694.0,50685.0,50693.0,50689.0,50692.0,50694.0,50684.0
498,50690.3,50693.0,50685.0,50694.0,50694.0,50685.0,50693.0,50689.0,50692.0,50694.0,50684.0
499,50690.3,50693.0,50685.0,50694.0,50694.0,50685.0,50693.0,50689.0,50692.0,50694.0,50684.0
500,50690.3,50693.0,50685.0,50694.0,50694.0,50685.0,50693.0,50689.0,50692.0,50694.0,50684.0
501,50690.3,50693.0,50685.0,50694.0,50694.0,50685.0,50693.0,50689.0,50692.0,50694.0,50684.0
502,50690.3,50693.0,50685.0,50694.0,50694.0,50685.0,50693.0,50689.0,50692.0,50694.0,50684.0
503,50690.3,50693.0,50685.0,50694.0,50694.0,50685.0,50693.0,50689.0,50692.0,50694.0,50684.0
504,50690.3,50693.0,50685.0,50694.0,50694.0,50685.0,50693.0,50689.0,50692.0,50694.0,50684.0
505,50690.3,50693.0,50685.0,50694.0,50694.0,50685.0,50693.0,50689.0,50692.0,50694.0,50684.0
506,50690.3,50693.0,50685.0,50694.0,50694.0,50685.0,50693.0,50689.0,50692.0,50694.0,50684.0
507,50690.3,50693.0,50685.0,50694.0,50694.0,50685.0,50693.0,50689.0,50692.0,50694.0,50684.0
508,50690.3,50693.0,50685.0,50694.0,50694.0,50685.0,50693.0,50689.0,50692.0,50694.0,50684.0
509,50690.3,50693.0,50685.0,50694.0,50694.0,50685.0,50693.0,50689.0,50692.0,50694.0,50684.0
510,50690.3,50693.0,50685.0,50694.0,50694.0,50685.0,50693.0,50689.0,50692.0,50694.0,50684.0
511,50690.3,50693.0,50685.0,50694.0,50694.0,50685.0,50693.0,50689.0,50692.0,50694.0,50684.0
512,50690.3,50693.0,50685.0,50694.0,50694.0,50685.0,50693.0,50689.0,50692.0,50694.0,50684.0
513,50690.3,50693.0,50685.0,50694.0,50694.0,50685.0,50693.0,50689.0,50692.0,50694.0,50684.0
514,50690.3,50693.0,50685.0,50694.0,50694.0,50685.0,50693.0,50689.0,50692.0,50694.0,50684.0
515,50690.3,50693.0,50685.0,50694.0,50694.0,50685.0,50693.0,50689.0,50692.0,50694.0,50684.0
516,50690.3,50693.0,50685.0,50694.0,50694.0,50685.0,50693.0,50689.0,50692.0,50694.0,50684.0
517,50690.3,50693.0,50685.0,50694.0,50694.0,50685.0,50693.0,50689.0,50692.0,50694.0,50684.0
518,50690.3,50693.0,50685.0,50694.0,50694.0,50685.0,50693.0,50689.0,50692.0,50694.0,50684.0
519,50690.3,50693.0,50685.0,50694.0,50694.0,50685.0,50693.0,50689.0,50692.0,50694.0,50684.0
520,50690.3,50693.0,50685.0,50694.0,50694.0,50685.0,50693.0,50689.0,50692.0,50694.0,50684.0
521,50690.3,50693.0,50685.0,50694.0,50694.0,50685.0,50693.0,50689.0,50692.0,50694.0,50684.0
522,50690.3,50693.0,50685.0,50694.0,50694.0,50685.0,50693.0,50689.0,50692.0,50694.0,50684.0
523,50690.3,50693.0,50685.0,50694.0,50694.0,50685.0,50693.0,50689.0,50692.0,50694.0,50684.0
524,50690.3,50693.0,50685.0,50694.0,50694.0,50685.0,50693.0,50689.0,50692.0,50694.0,50684.0
525,50690.3,50693.0,50685.0,50694.0,50694.0,50685.0,50693.0,50689.0,50692.0,50694.0,50684.0
526,50690.3,50693.0,50685.0,50694.0,50694.0,50685.0,50693.0,50689.0,50692.0,50694.0,50684.0
527,50690.3,50693.0,50685.0,50694.0,50694.0,50685.0,50693.0,50689.0,50692.0,50694.0,50684.0
528,50690.3,50693.0,50685.0,50694.0,50694.0,50685.0,50693.0,50689.0,50692.0,50694.0,50684.0
529,50690.3,50693.0,50685.0,50694.0,50694.0,50685.0,50693.0,50689.0,50692.0,50694.0,50684.0
530,50690.3,50693.0,50685.0,50694.0,50694.0,50685.0,50693.0,50689.0,50692.0,50694.0,50684.0
531,50690.3,50693.0,50685.0,50694.0,50694.0,50685.0,50693.0,50689.0,50692.0,50694.0,50684.0
532,50690.3,50693.0,50685.0,50694.0,50694.0,50685.0,50693.0,50689.0,50692.0,50694.0,50684.0
533,50690.3,50693.0,50685.0,50694.0,50694.0,50685.0,50693.0,50689.0,50692.0,50694.0,50684.0
534,50690.3,50693.0,50685.0,50694.0,50694.0,50685.0,50693.0,50689.0,50692.0,50694.0,50684.0
535,50690.3,50693.0,50685.0,50694.0,50694.0,50685.0,50693.0,50689.0,50692.0,50694.0,50684.0
536,50690.3,50693.0,50685.0,50694.0,50694.0,50685.0,50693.0,50689.0,50692.0,50694.0,50684.0
537,50690.3,50693.0,50685.0,50694.0,50694.0,50685.0,50693.0,50689.0,50692.0,50694.0,50684.0
538,50690.3,50693.0,50685.0,50694.0,50694.0,50685.0,50693.0,50689.0,50692.0,50694.0,50684.0
539,50690.3,50693.0,50685.0,50694.0,50694.0,50685.0,50693.0,50689.0,50692.0,50694.0,50684.0
540,50690.3,50693.0,50685.0,50694.0,50694.0,50685.0,50693.0,50689.0,50692.0,50694.0,50684.0
541,50690.3,50693.0,50685.0,50694.0,50694.0,50685.0,50693.0,50689.0,50692.0,50694.0,50684.0
542,50690.3,50693.0,50685.0,50694.0,50694.0,50685.0,50693.0,50689.0,50692.0,50694.0,50684.0
543,50690.3,50693.0,50685.0,50694.0,50694.0,50685.0,50693.0,50689.0,50692.0,50694.0,50684.0
544,50690.3,50693.0,50685.0,50694.0,50694.0,50685.0,50693.0,50689.0,50692.0,50694.0,50684.0
545,50690.3,50693.0,50685.0,50694.0,50694.0,50685.0,50693.0,50689.0,50692.0,50694.0,50684.0
546,50690.3,50693.0,50685.0,50694.0,50694.0,50685.0,50693.0,50689.0,50692.0,50694.0,50684.0
547,50690.3,50693.0,50685.0,50694.0,50694.0,50685.0,50693.0,50689.0,50692.0,50694.0,50684.0
548,50690.3,50693.0,50685.0,50694.0,50694.0,50685.0,50693.0,50689.0,50692.0,50694.0,50684.0
549,50690.3,50693.0,50685.0,50694.0,50694.0,50685.0,50693.0,50689.0,50692.0,50694.0,50684.0
550,50690.3,50693.0,50685.0,50694.0,50694.0,50685.0,50693.0,50689.0,50692.0,50694.0,50684.0
551,50690.3,50693.0,50685.0,50694.0,50694.0,50685.0,50693.0,50689.0,50692.0,50694.0,50684.0
552,50690.3,50693.0,50685.0,50694.0,50694.0,50685.0,50693.0,50689.0,50692.0,50694.0,50684.0
553,50690.3,50693.0,50685.0,50694.0,50694.0,50685.0,50693.0,50689.0,50692.0,50694.0,50684.0
554,50690.3,50693.0,50685.0,50694.0,50694.0,50685.0,50693.0,50689.0,50692.0,50694.0,50684.0
555,50690.3,50693.0,50685.0,50694.0,50694.0,50685.0,50693.0,50689.0,50692.0,50694.0,50684.0
556,50690.3,50693.0,50685.0,50694.0,50694.0,50685.0,50693.0,50689.0,50692.0,50694.0,50684.0
557,50690.3,50693.0,50685.0,50694.0,50694.0,50685.0,50693.0,50689.0,50692.0,50694.0,50684.0
558,50690.3,50693.0,50685.0,50694.0,50694.0,50685.0,50693.0,50689.0,50692.0,50694.0,50684.0
559,50690.3,50693.0,50685.0,50694.0,50694.0,50685.0,50693.0,50689.0,50692.0,50694.0,50684.0
560,50690.3,50693.0,50685.0,50694.0,50694.0,50685.0,50693.0,50689.0,50692.0,50694.0,50684.0
561,50690.3,50693.0,50685.0,50694.0,50694.0,50685.0,50693.0,50689.0,50692.0,50694.0,50684.0
562,50690.3,50693.0,50685.0,50694.0,50694.0,50685.0,50693.0,50689.0,50692.0,50694.0,50684.0
563,50690.3,50693.0,50685.0,50694.0,50694.0,50685.0,50693.0,50689.0,50692.0,50694.0,50684.0
564,50690.3,50693.0,50685.0,50694.0,50694.0,50685.0,50693.0,50689.0,50692.0,50694.0,50684.0
565,50690.3,50693.0,50685.0,50694.0,50694.0,50685.0,50693.0,50689.0,50692.0,50694.0,50684.0
566,50690.3,50693.0,50685.0,50694.0,50694.0,50685.0,50693.0,50689.0,50692.0,50694.0,50684.0
567,50690.3,50693.0,50685.0,50694.0,50694.0,50685.0,50693.0,50689.0,50692.0,50694.0,50684.0
568,50690.3,50693.0,50685.0,50694.0,50694.0,50685.0,50693.0,50689.0,50692.0,50694.0,50684.0
569,50690.3,50693.0,50685.0,50694.0,50694.0,50685.0,50693.0,50689.0,50692.0,50694.0,50684.0
570,50690.3,50693.0,50685.0,50694.0,50694.0,50685.0,50693.0,50689.0,50692.0,50694.0,50684.0
571,50690.3,50693.0,50685.0,50694.0,50694.0,50685.0,50693.0,50689.0,50692.0,50694.0,50684.0
572,50690.3,50693.0,50685.0,50694.0,50694.0,50685.0,50693.0,50689.0,50692.0,50694.0,50684.0
573,50690.3,50693.0,50685.0,50694.0,50694.0,50685.0,50693.0,50689.0,50692.0,50694.0,50684.0
574,50690.3,50693.0,50685.0,50694.0,50694.0,50685.0,50693.0,50689.0,50692.0,50694.0,50684.0
575,50690.3,50693.0,50685.0,50694.0,50694.0,50685.0,50693.0,50689.0,50692.0,50694.0,50684.0
576,50690.3,50693.0,50685.0,50694.0,50694.0,50685.0,50693.0,50689.0,50692.0,50694.0,50684.0
577,50690.3,50693.0,50685.0,50694.0,50694.0,50685.0,50693.0,50689.0,50692.0,50694.0,50684.0
578,50690.3,50693.0,50685.0,50694.0,50694.0,50685.0,50693.0,50689.0,50692.0,50694.0,50684.0
579,50690.3,50693.0,50685.0,50694.0,50694.0,50685.0,50693.0,50689.0,50692.0,50694.0,50684.0
580,50690.3,50693.0,50685.0,50694.0,50694.0,50685.0,50693.0,50689.0,50692.0,50694.0,50684.0
581,50690.3,50693.0,50685.0,50694.0,50694.0,50685.0,50693.0,50689.0,50692.0,50694.0,50684.0
582,50690.3,50693.0,50685.0,50694.0,50694.0,50685.0,50693.0,50689.0,50692.0,50694.0,50684.0
583,50690.3,50693.0,50685.0,50694.0,50694.0,50685.0,50693.0,50689.0,50692.0,50694.0,50684.0
584,50690.3,50693.0,50685.0,50694.0,50694.0,50685.0,50693.0,50689.0,50692.0,50694.0,50684.0
585,50690.3,50693.0,50685.0,50694.0,50694.0,50685.0,50693.0,50689.0,50692.0,50694.0,50684.0
586,50690.3,50693.0,50685.0,50694.0,50694.0,50685.0,50693.0,50689.0,50692.0,50694.0,50684.0
587,50690.3,50693.0,50685.0,50694.0,50694.0,50685.0,50693.0,50689.0,50692.0,50694.0,50684.0
588,50690.3,50693.0,50685.0,50694.0,50694.0,50685.0,50693.0,50689.0,50692.0,50694.0,50684.0
589,50690.3,50693.0,50685.0,50694.0,50694.0,50685.0,50693.0,50689.0,50692.0,50694.0,50684.0
590,50690.3,50693.0,50685.0,50694.0,50694.0,50685.0,50693.0,50689.0,50692.0,50694.0,50684.0
591,50690.3,50693.0,50685.0,50694.0,50694.0,50685.0,50693.0,50689.0,50692.0,50694.0,50684.0
592,50690.3,50693.0,50685.0,50694.0,50694.0,50685.0,50693.0,50689.0,50692.0,50694.0,50684.0
593,50690.3,50693.0,50685.0,50694.0,50694.0,50685.0,50693.0,50689.0,50692.0,50694.0,50684.0
594,50690.3,50693.0,50685.0,50694.0,50694.0,50685.0,50693.0,50689.0,50692.0,50694.0,50684.0
595,50690.3,50693.0,50685.0,50694.0,50694.0,50685.0,50693.0,50689.0,50692.0,50694.0,50684.0
596,50690.3,50693.0,50685.0,50694.0,50694.0,50685.0,50693.0,50689.0,50692.0,50694.0,50684.0
597,50690.3,50693.0,50685.0,50694.0,50694.0,50685.0,50693.0,50689.0,50692.0,50694.0,50684.0
598,50690.3,50693.0,50685.0,50694.0,50694.0,50685.0,50693.0,50689.0,50692.0,50694.0,50684.0
599,50690.3,50693.0,50685.0,50694.0,50694.0,50685.0,50693.0,50689.0,50692.0,50694.0,50684.0
600,50690.3,50693.0,50685.0,50694.0,50694.0,50685.0,50693.0,50689.0,50692.0,50694.0,50684.0
601,50690.3,50693.0,50685.0,50694.0,50694.0,50685.0,50693.0,50689.0,50692.0,50694.0,50684.0
602,50690.3,50693.0,50685.0,50694.0,50694.0,50685.0,50693.0,50689.0,50692.0,50694.0,50684.0
603,50690.3,50693.0,50685.0,50694.0,50694.0,50685.0,50693.0,50689.0,50692.0,50694.0,50684.0
604,50690.3,50693.0,50685.0,50694.0,50694.0,50685.0,50693.0,50689.0,50692.0,50694.0,50684.0
605,50690.3,50693.0,50685.0,50694.0,50694.0,50685.0,50693.0,50689.0,50692.0,50694.0,50684.0
606,50690.3,50693.0,50685.0,50694.0,50694.0,50685.0,50693.0,50689.0,50692.0,50694.0,50684.0
607,50690.3,50693.0,50685.0,50694.0,50694.0,50685.0,50693.0,50689.0,50692.0,50694.0,50684.0
608,50690.3,50693.0,50685.0,50694.0,50694.0,50685.0,50693.0,50689.0,50692.0,50694.0,50684.0
609,50690.3,50693.0,50685.0,50694.0,50694.0,50685.0,50693.0,50689.0,50692.0,50694.0,50684.0
610,50690.3,50693.0,50685.0,50694.0,50694.0,50685.0,50693.0,50689.0,50692.0,50694.0,50684.0
611,50690.3,50693.0,50685.0,50694.0,50694.0,50685.0,50693.0,50689.0,50692.0,50694.0,50684.0
612,50690.3,50693.0,50685.0,50694.0,50694.0,50685.0,50693.0,50689.0,50692.0,50694.0,50684.0
613,50690.3,50693.0,50685.0,50694.0,50694.0,50685.0,50693.0,50689.0,50692.0,50694.0,50684.0
614,50690.3,50693.0,50685.0,50694.0,50694.0,50685.0,50693.0,50689.0,50692.0,50694.0,50684.0
615,50690.3,50693.0,50685.0,50694.0,50694.0,50685.0,50693.0,50689.0,50692.0,50694.0,50684.0
616,50690.3,50693.0,50685.0,50694.0,50694.0,50685.0,50693.0,50689.0,50692.0,50694.0,50684.0
617,50690.3,50693.0,50685.0,50694.0,50694.0,50685.0,50693.0,50689.0,50692.0,50694.0,50684.0
618,50690.3,50693.0,50685.0,50694.0,50694.0,50685.0,50693.0,50689.0,50692.0,50694.0,50684.0
619,50690.3,50693.0,50685.0,50694.0,50694.0,50685.0,50693.0,50689.0,50692.0,50694.0,50684.0
620,50690.3,50693.0,50685.0,50694.0,50694.0,50685.0,50693.0,50689.0,50692.0,50694.0,50684.0
621,50690.3,50693.0,50685.0,50694.0,50694.0,50685.0,50693.0,50689.0,50692.0,50694.0,50684.0
622,50690.3,50693.0,50685.0,50694.0,50694.0,50685.0,50693.0,50689.0,50692.0,50694.0,50684.0
623,50690.3,50693.0,50685.0,50694.0,50694.0,50685.0,50693.0,50689.0,50692.0,50694.0,50684.0
624,50690.3,50693.0,50685.0,50694.0,50694.0,50685.0,50693.0,50689.0,50692.0,50694.0,50684.0
625,50690.3,50693.0,50685.0,50694.0,50694.0,50685.0,50693.0,50689.0,50692.0,50694.0,50684.0
626,50690.3,50693.0,50685.0,50694.0,50694.0,50685.0,50693.0,50689.0,50692.0,50694.0,50684.0
627,50690.3,50693.0,50685.0,50694.0,50694.0,50685.0,50693.0,50689.0,50692.0,50694.0,50684.0
628,50690.3,50693.0,50685.0,50694.0,50694.0,50685.0,50693.0,50689.0,50692.0,50694.0,50684.0
629,50690.3,50693.0,50685.0,50694.0,50694.0,50685.0,50693.0,50689.0,50692.0,50694.0,50684.0
630,50690.3,50693.0,50685.0,50694.0,50694.0,50685.0,50693.0,50689.0,50692.0,50694.0,50684.0
631,50690.3,50693.0,50685.0,50694.0,50694.0,50685.0,50693.0,50689.0,50692.0,50694.0,50684.0
632,50690.3,50693.0,50685.0,50694.0,50694.0,50685.0,50693.0,50689.0,50692.0,50694.0,50684.0
633,50690.3,50693.0,50685.0,50694.0,50694.0,50685.0,50693.0,50689.0,50692.0,50694.0,50684.0
634,50690.3,50693.0,50685.0,50694.0,50694.0,50685.0,50693.0,50689.0,50692.0,50694.0,50684.0
635,50690.3,50693.0,50685.0,50694.0,50694.0,50685.0,50693.0,50689.0,50692.0,50694.0,50684.0
636,50690.3,50693.0,50685.0,50694.0,50694.0,50685.0,50693.0,50689.0,50692.0,50694.0,50684.0
637,50690.3,50693.0,50685.0,50694.0,50694.0,50685.0,50693.0,50689.0,50692.0,50694.0,50684.0
638,50690.3,50693.0,50685.0,50694.0,50694.0,50685.0,50693.0,50689.0,50692.0,50694.0,50684.0
639,50690.3,50693.0,50685.0,50694.0,50694.0,50685.0,50693.0,50689.0,50692.0,50694.0,50684.0
640,50690.3,50693.0,50685.0,50694.0,50694.0,50685.0,50693.0,50689.0,50692.0,50694.0,50684.0
641,50690.3,50693.0,50685.0,50694.0,50694.0,50685.0,50693.0,50689.0,50692.0,50694.0,50684.0
642,50690.3,50693.0,50685.0,50694.0,50694.0,50685.0,50693.0,50689.0,50692.0,50694.0,50684.0
643,50690.3,50693.0,50685.0,50694.0,50694.0,50685.0,50693.0,50689.0,50692.0,50694.0,50684.0
644,50690.3,50693.0,50685.0,50694.0,50694.0,50685.0,50693.0,50689.0,50692.0,50694.0,50684.0
645,50690.3,50693.0,50685.0,50694.0,50694.0,50685.0,50693.0,50689.0,50692.0,50694.0,50684.0
646,50690.3,50693.0,50685.0,50694.0,50694.0,50685.0,50693.0,50689.0,50692.0,50694.0,50684.0
647,50690.3,50693.0,50685.0,50694.0,50694.0,50685.0,50693.0,50689.0,50692.0,50694.0,50684.0
648,50690.3,50693.0,50685.0,50694.0,50694.0,50685.0,50693.0,50689.0,50692.0,50694.0,50684.0
649,50690.3,50693.0,50685.0,50694.0,50694.0,50685.0,50693.0,50689.0,50692.0,50694.0,50684.0
650,50690.3,50693.0,50685.0,50694.0,50694.0,50685.0,50693.0,50689.0,50692.0,50694.0,50684.0
651,50690.3,50693.0,50685.0,50694.0,50694.0,50685.0,50693.0,50689.0,50692.0,50694.0,50684.0
652,50690.3,50693.0,50685.0,50694.0,50694.0,50685.0,50693.0,50689.0,50692.0,50694.0,50684.0
653,50690.3,50693.0,50685.0,50694.0,50694.0,50685.0,50693.0,50689.0,50692.0,50694.0,50684.0
654,50690.3,50693.0,50685.0,50694.0,50694.0,50685.0,50693.0,50689.0,50692.0,50694.0,50684.0
655,50690.3,50693.0,50685.0,50694.0,50694.0,50685.0,50693.0,50689.0,50692.0,50694.0,50684.0
656,50690.3,50693.0,50685.0,50694.0,50694.0,50685.0,50693.0,50689.0,50692.0,50694.0,50684.0
657,50690.3,50693.0,50685.0,50694.0,50694.0,50685.0,50693.0,50689.0,50692.0,50694.0,50684.0
658,50690.3,50693.0,50685.0,50694.0,50694.0,50685.0,50693.0,50689.0,50692.0,50694.0,50684.0
659,50690.3,50693.0,50685.0,50694.0,50694.0,50685.0,50693.0,50689.0,50692.0,50694.0,50684.0
660,50690.3,50693.0,50685.0,50694.0,50694.0,50685.0,50693.0,50689.0,50692.0,50694.0,50684.0
661,50690.3,50693.0,50685.0,50694.0,50694.0,50685.0,50693.0,50689.0,50692.0,50694.0,50684.0
662,50690.3,50693.0,50685.0,50694.0,50694.0,50685.0,50693.0,50689.0,50692.0,50694.0,50684.0
663,50690.3,50693.0,50685.0,50694.0,50694.0,50685.0,50693.0,50689.0,50692.0,50694.0,50684.0
664,50690.3,50693.0,50685.0,50694.0,50694.0,50685.0,50693.0,50689.0,50692.0,50694.0,50684.0
665,50690.3,50693.0,50685.0,50694.0,50694.0,50685.0,50693.0,50689.0,50692.0,50694.0,50684.0
666,50690.3,50693.0,50685.0,50694.0,50694.0,50685.0,50693.0,50689.0,50692.0,50694.0,50684.0
667,50690.3,50693.0,50685.0,50694.0,50694.0,50685.0,50693.0,50689.0,50692.0,50694.0,50684.0
668,50690.3,50693.0,50685.0,50694.0,50694.0,50685.0,50693.0,50689.0,50692.0,50694.0,50684.0
669,50690.3,50693.0,50685.0,50694.0,50694.0,50685.0,50693.0,50689.0,50692.0,50694.0,50684.0
670,50690.3,50693.0,50685.0,50694.0,50694.0,50685.0,50693.0,50689.0,50692.0,50694.0,50684.0
671,50690.3,50693.0,50685.0,50694.0,50694.0,50685.0,50693.0,50689.0,50692.0,50694.0,50684.0
672,50690.3,50693.0,50685.0,50694.0,50694.0,50685.0,50693.0,50689.0,50692.0,50694.0,50684.0
673,50690.3,50693.0,50685.0,50694.0,50694.0,50685.0,50693.0,50689.0,50692.0,50694.0,50684.0
674,50690.3,50693.0,50685.0,50694.0,50694.0,50685.0,50693.0,50689.0,50692.0,50694.0,50684.0
675,50690.3,50693.0,50685.0,50694.0,50694.0,50685.0,50693.0,50689.0,50692.0,50694.0,50684.0
676,50690.3,50693.0,50685.0,50694.0,50694.0,50685.0,50693.0,50689.0,50692.0,50694.0,50684.0
677,50690.3,50693.0,50685.0,50694.0,50694.0,50685.0,50693.0,50689.0,50692.0,50694.0,50684.0
678,50690.3,50693.0,50685.0,50694.0,50694.0,50685.0,50693.0,50689.0,50692.0,50694.0,50684.0
679,50690.3,50693.0,50685.0,50694.0,50694.0,50685.0,50693.0,50689.0,50692.0,50694.0,50684.0
680,50690.3,50693.0,50685.0,50694.0,50694.0,50685.0,50693.0,50689.0,50692.0,50694.0,50684.0
681,50690.3,50693.0,50685.0,50694.0,50694.0,50685.0,50693.0,50689.0,50692.0,50694.0,50684.0
682,50690.3,50693.0,50685.0,50694.0,50694.0,50685.0,50693.0,50689.0,50692.0,50694.0,50684.0
683,50690.3,50693.0,50685.0,50694.0,50694.0,50685.0,50693.0,50689.0,50692.0,50694.0,50684.0
684,50690.3,50693.0,50685.0,50694.0,50694.0,50685.0,50693.0,50689.0,50692.0,50694.0,50684.0
685,50690.3,50693.0,50685.0,50694.0,50694.0,50685.0,50693.0,50689.0,50692.0,50694.0,50684.0
686,50690.3,50693.0,50685.0,50694.0,50694.0,50685.0,50693.0,50689.0,50692.0,50694.0,50684.0
687,50690.3,50693.0,50685.0,50694.0,50694.0,50685.0,50693.0,50689.0,50692.0,50694.0,50684.0
688,50690.3,50693.0,50685.0,50694.0,50694.0,50685.0,50693.0,50689.0,50692.0,50694.0,50684.0
689,50690.3,50693.0,50685.0,50694.0,50694.0,50685.0,50693.0,50689.0,50692.0,50694.0,50684.0
690,50690.3,50693.0,50685.0,50694.0,50694.0,50685.0,50693.0,50689.0,50692.0,50694.0,50684.0
691,50690.3,50693.0,50685.0,50694.0,50694.0,50685.0,50693.0,50689.0,50692.0,50694.0,50684.0
692,50690.3,50693.0,50685.0,50694.0,50694.0,50685.0,50693.0,50689.0,50692.0,50694.0,50684.0
693,50690.3,50693.0,50685.0,50694.0,50694.0,50685.0,50693.0,50689.0,50692.0,50694.0,50684.0
694,50690.3,50693.0,50685.0,50694.0,50694.0,50685.0,50693.0,50689.0,50692.0,50694.0,50684.0
695,50690.3,50693.0,50685.0,50694.0,50694.0,50685.0,50693.0,50689.0,50692.0,50694.0,50684.0
696,50690.3,50693.0,50685.0,50694.0,50694.0,50685.0,50693.0,50689.0,50692.0,50694.0,50684.0
697,50690.3,50693.0,50685.0,50694.0,50694.0,50685.0,50693.0,50689.0,50692.0,50694.0,50684.0
698,50690.3,50693.0,50685.0,50694.0,50694.0,50685.0,50693.0,50689.0,50692.0,50694.0,50684.0
699,50690.3,50693.0,50685.0,50694.0,50694.0,50685.0,50693.0,50689.0,50692.0,50694.0,50684.0
700,50690.3,50693.0,50685.0,50694.0,50694.0,50685.0,50693.0,50689.0,50692.0,50694.0,50684.0
701,50690.3,50693.0,50685.0,50694.0,50694.0,50685.0,50693.0,50689.0,50692.0,50694.0,50684.0
702,50690.3,50693.0,50685.0,50694.0,50694.0,50685.0,50693.0,50689.0,50692.0,50694.0,50684.0
703,50690.3,50693.0,50685.0,50694.0,50694.0,50685.0,50693.0,50689.0,50692.0,50694.0,50684.0
704,50690.3,50693.0,50685.0,50694.0,50694.0,50685.0,50693.0,50689.0,50692.0,50694.0,50684.0
705,50690.3,50693.0,50685.0,50694.0,50694.0,50685.0,50693.0,50689.0,50692.0,50694.0,50684.0
706,50690.3,50693.0,50685.0,50694.0,50694.0,50685.0,50693.0,50689.0,50692.0,50694.0,50684.0
707,50690.3,50693.0,50685.0,50694.0,50694.0,50685.0,50693.0,50689.0,50692.0,50694.0,50684.0
708,50690.3,50693.0,50685.0,50694.0,50694.0,50685.0,50693.0,50689.0,50692.0,50694.0,50684.0
709,50690.3,50693.0,50685.0,50694.0,50694.0,50685.0,50693.0,50689.0,50692.0,50694.0,50684.0
710,50690.3,50693.0,50685.0,50694.0,50694.0,50685.0,50693.0,50689.0,50692.0,50694.0,50684.0
711,50690.3,50693.0,50685.0,50694.0,50694.0,50685.0,50693.0,50689.0,50692.0,50694.0,50684.0
712,50690.3,50693.0,50685.0,50694.0,50694.0,50685.0,50693.0,50689.0,50692.0,50694.0,50684.0
713,50690.3,50693.0,50685.0,50694.0,50694.0,50685.0,50693.0,50689.0,50692.0,50694.0,50684.0
714,50690.3,50693.0,50685.0,50694.0,50694.0,50685.0,50693.0,50689.0,50692.0,50694.0,50684.0
715,50690.3,50693.0,50685.0,50694.0,50694.0,50685.0,50693.0,50689.0,50692.0,50694.0,50684.0
716,50690.3,50693.0,50685.0,50694.0,50694.0,50685.0,50693.0,50689.0,50692.0,50694.0,50684.0
717,50690.3,50693.0,50685.0,50694.0,50694.0,50685.0,50693.0,50689.0,50692.0,50694.0,50684.0
718,50690.3,50693.0,50685.0,50694.0,50694.0,50685.0,50693.0,50689.0,50692.0,50694.0,50684.0
719,50690.3,50693.0,50685.0,50694.0,50694.0,50685.0,50693.0,50689.0,50692.0,50694.0,50684.0
720,50690.3,50693.0,50685.0,50694.0,50694.0,50685.0,50693.0,50689.0,50692.0,50694.0,50684.0
721,50690.3,50693.0,50685.0,50694.0,50694.0,50685.0,50693.0,50689.0,50692.0,50694.0,50684.0
722,50690.3,50693.0,50685.0,50694.0,50694.0,50685.0,50693.0,50689.0,50692.0,50694.0,50684.0
723,50690.3,50693.0,50685.0,50694.0,50694.0,50685.0,50693.0,50689.0,50692.0,50694.0,50684.0
724,50690.3,50693.0,50685.0,50694.0,50694.0,50685.0,50693.0,50689.0,50692.0,50694.0,50684.0
725,50690.3,50693.0,50685.0,50694.0,50694.0,50685.0,50693.0,50689.0,50692.0,50694.0,50684.0
726,50690.3,50693.0,50685.0,50694.0,50694.0,50685.0,50693.0,50689.0,50692.0,50694.0,50684.0
727,50690.3,50693.0,50685.0,50694.0,50694.0,50685.0,50693.0,50689.0,50692.0,50694.0,50684.0
728,50690.3,50693.0,50685.0,50694.0,50694.0,50685.0,50693.0,50689.0,50692.0,50694.0,50684.0
729,50690.3,50693.0,50685.0,50694.0,50694.0,50685.0,50693.0,50689.0,50692.0,50694.0,50684.0
730,50690.3,50693.0,50685.0,50694.0,50694.0,50685.0,50693.0,50689.0,50692.0,50694.0,50684.0
731,50690.3,50693.0,50685.0,50694.0,50694.0,50685.0,50693.0,50689.0,50692.0,50694.0,50684.0
732,50690.3,50693.0,50685.0,50694.0,50694.0,50685.0,50693.0,50689.0,50692.0,50694.0,50684.0
733,50690.3,50693.0,50685.0,50694.0,50694.0,50685.0,50693.0,50689.0,50692.0,50694.0,50684.0
734,50690.3,50693.0,50685.0,50694.0,50694.0,50685.0,50693.0,50689.0,50692.0,50694.0,50684.0
735,50690.3,50693.0,50685.0,50694.0,50694.0,50685.0,50693.0,50689.0,50692.0,50694.0,50684.0
736,50690.3,50693.0,50685.0,50694.0,50694.0,50685.0,50693.0,50689.0,50692.0,50694.0,50684.0
737,50690.3,50693.0,50685.0,50694.0,50694.0,50685.0,50693.0,50689.0,50692.0,50694.0,50684.0
738,50690.3,50693.0,50685.0,50694.0,50694.0,50685.0,50693.0,50689.0,50692.0,50694.0,50684.0
739,50690.3,50693.0,50685.0,50694.0,50694.0,50685.0,50693.0,50689.0,50692.0,50694.0,50684.0
740,50690.3,50693.0,50685.0,50694.0,50694.0,50685.0,50693.0,50689.0,50692.0,50694.0,50684.0
741,50690.3,50693.0,50685.0,50694.0,50694.0,50685.0,50693.0,50689.0,50692.0,50694.0,50684.0
742,50690.3,50693.0,50685.0,50694.0,50694.0,50685.0,50693.0,50689.0,50692.0,50694.0,50684.0
743,50690.3,50693.0,50685.0,50694.0,50694.0,50685.0,50693.0,50689.0,50692.0,50694.0,50684.0
744,50690.3,50693.0,50685.0,50694.0,50694.0,50685.0,50693.0,50689.0,50692.0,50694.0,50684.0
745,50690.3,50693.0,50685.0,50694.0,50694.0,50685.0,50693.0,50689.0,50692.0,50694.0,50684.0
746,50690.3,50693.0,50685.0,50694.0,50694.0,50685.0,50693.0,50689.0,50692.0,50694.0,50684.0
747,50690.3,50693.0,50685.0,50694.0,50694.0,50685.0,50693.0,50689.0,50692.0,50694.0,50684.0
748,50690.3,50693.0,50685.0,50694.0,50694.0,50685.0,50693.0,50689.0,50692.0,50694.0,50684.0
749,50690.3,50693.0,50685.0,50694.0,50694.0,50685.0,50693.0,50689.0,50692.0,50694.0,50684.0
750,50690.3,50693.0,50685.0,50694.0,50694.0,50685.0,50693.0,50689.0,50692.0,50694.0,50684.0
751,50690.3,50693.0,50685.0,50694.0,50694.0,50685.0,50693.0,50689.0,50692.0,50694.0,50684.0
752,50690.3,50693.0,50685.0,50694.0,50694.0,50685.0,50693.0,50689.0,50692.0,50694.0,50684.0
753,50690.3,50693.0,50685.0,50694.0,50694.0,50685.0,50693.0,50689.0,50692.0,50694.0,50684.0
754,50690.3,50693.0,50685.0,50694.0,50694.0,50685.0,50693.0,50689.0,50692.0,50694.0,50684.0
755,50690.3,50693.0,50685.0,50694.0,50694.0,50685.0,50693.0,50689.0,50692.0,50694.0,50684.0
756,50690.3,50693.0,50685.0,50694.0,50694.0,50685.0,50693.0,50689.0,50692.0,50694.0,50684.0
757,50690.3,50693.0,50685.0,50694.0,50694.0,50685.0,50693.0,50689.0,50692.0,50694.0,50684.0
758,50690.3,50693.0,50685.0,50694.0,50694.0,50685.0,50693.0,50689.0,50692.0,50694.0,50684.0
759,50690.3,50693.0,50685.0,50694.0,50694.0,50685.0,50693.0,50689.0,50692.0,50694.0,50684.0
760,50690.3,50693.0,50685.0,50694.0,50694.0,50685.0,50693.0,50689.0,50692.0,50694.0,50684.0
761,50690.3,50693.0,50685.0,50694.0,50694.0,50685.0,50693.0,50689.0,50692.0,50694.0,50684.0
762,50690.3,50693.0,50685.0,50694.0,50694.0,50685.0,50693.0,50689.0,50692.0,50694.0,50684.0
763,50690.3,50693.0,50685.0,50694.0,50694.0,50685.0,50693.0,50689.0,50692.0,50694.0,50684.0
764,50690.3,50693.0,50685.0,50694.0,50694.0,50685.0,50693.0,50689.0,50692.0,50694.0,50684.0
765,50690.3,50693.0,50685.0,50694.0,50694.0,50685.0,50693.0,50689.0,50692.0,50694.0,50684.0
766,50690.3,50693.0,50685.0,50694.0,50694.0,50685.0,50693.0,50689.0,50692.0,50694.0,50684.0
767,50690.3,50693.0,50685.0,50694.0,50694.0,50685.0,50693.0,50689.0,50692.0,50694.0,50684.0
768,50690.3,50693.0,50685.0,50694.0,50694.0,50685.0,50693.0,50689.0,50692.0,50694.0,50684.0
769,50690.3,50693.0,50685.0,50694.0,50694.0,50685.0,50693.0,50689.0,50692.0,50694.0,50684.0
770,50690.3,50693.0,50685.0,50694.0,50694.0,50685.0,50693.0,50689.0,50692.0,50694.0,50684.0
771,50690.3,50693.0,50685.0,50694.0,50694.0,50685.0,50693.0,50689.0,50692.0,50694.0,50684.0
772,50690.3,50693.0,50685.0,50694.0,50694.0,50685.0,50693.0,50689.0,50692.0,50694.0,50684.0
773,50690.3,50693.0,50685.0,50694.0,50694.0,50685.0,50693.0,50689.0,50692.0,50694.0,50684.0
774,50690.3,50693.0,50685.0,50694.0,50694.0,50685.0,50693.0,50689.0,50692.0,50694.0,50684.0
775,50690.3,50693.0,50685.0,50694.0,50694.0,50685.0,50693.0,50689.0,50692.0,50694.0,50684.0
776,50690.3,50693.0,50685.0,50694.0,50694.0,50685.0,50693.0,50689.0,50692.0,50694.0,50684.0
777,50690.3,50693.0,50685.0,50694.0,50694.0,50685.0,50693.0,50689.0,50692.0,50694.0,50684.0
778,50690.3,50693.0,50685.0,50694.0,50694.0,50685.0,50693.0,50689.0,50692.0,50694.0,50684.0
779,50690.3,50693.0,50685.0,50694.0,50694.0,50685.0,50693.0,50689.0,50692.0,50694.0,50684.0
780,50690.3,50693.0,50685.0,50694.0,50694.0,50685.0,50693.0,50689.0,50692.0,50694.0,50684.0
781,50690.3,50693.0,50685.0,50694.0,50694.0,50685.0,50693.0,50689.0,50692.0,50694.0,50684.0
782,50690.3,50693.0,50685.0,50694.0,50694.0,50685.0,50693.0,50689.0,50692.0,50694.0,50684.0
783,50690.3,50693.0,50685.0,50694.0,50694.0,50685.0,50693.0,50689.0,50692.0,50694.0,50684.0
784,50690.3,50693.0,50685.0,50694.0,50694.0,50685.0,50693.0,50689.0,50692.0,50694.0,50684.0
785,50690.3,50693.0,50685.0,50694.0,50694.0,50685.0,50693.0,50689.0,50692.0,50694.0,50684.0
786,50690.3,50693.0,50685.0,50694.0,50694.0,50685.0,50693.0,50689.0,50692.0,50694.0,50684.0
787,50690.3,50693.0,50685.0,50694.0,50694.0,50685.0,50693.0,50689.0,50692.0,50694.0,50684.0
788,50690.3,50693.0,50685.0,50694.0,50694.0,50685.0,50693.0,50689.0,50692.0,50694.0,50684.0
789,50690.3,50693.0,50685.0,50694.0,50694.0,50685.0,50693.0,50689.0,50692.0,50694.0,50684.0
790,50690.3,50693.0,50685.0,50694.0,50694.0,50685.0,50693.0,50689.0,50692.0,50694.0,50684.0
791,50690.3,50693.0,50685.0,50694.0,50694.0,50685.0,50693.0,50689.0,50692.0,50694.0,50684.0
792,50690.3,50693.0,50685.0,50694.0,50694.0,50685.0,50693.0,50689.0,50692.0,50694.0,50684.0
793,50690.3,50693.0,50685.0,50694.0,50694.0,50685.0,50693.0,50689.0,50692.0,50694.0,50684.0
794,50690.3,50693.0,50685.0,50694.0,50694.0,50685.0,50693.0,50689.0,50692.0,50694.0,50684.0
795,50690.3,50693.0,50685.0,50694.0,50694.0,50685.0,50693.0,50689.0,50692.0,50694.0,50684.0
796,50690.3,50693.0,50685.0,50694.0,50694.0,50685.0,50693.0,50689.0,50692.0,50694.0,50684.0
797,50690.3,50693.0,50685.0,50694.0,50694.0,50685.0,50693.0,50689.0,50692.0,50694.0,50684.0
798,50690.3,50693.0,50685.0,50694.0,50694.0,50685.0,50693.0,50689.0,50692.0,50694.0,50684.0
799,50690.3,50693.0,50685.0,50694.0,50694.0,50685.0,50693.0,50689.0,50692.0,50694.0,50684.0
800,50690.3,50693.0,50685.0,50694.0,50694.0,50685.0,50693.0,50689.0,50692.0,50694.0,50684.0
801,50690.3,50693.0,50685.0,50694.0,50694.0,50685.0,50693.0,50689.0,50692.0,50694.0,50684.0
802,50690.3,50693.0,50685.0,50694.0,50694.0,50685.0,50693.0,50689.0,50692.0,50694.0,50684.0
803,50690.3,50693.0,50685.0,50694.0,50694.0,50685.0,50693.0,50689.0,50692.0,50694.0,50684.0
804,50690.3,50693.0,50685.0,50694.0,50694.0,50685.0,50693.0,50689.0,50692.0,50694.0,50684.0
805,50690.3,50693.0,50685.0,50694.0,50694.0,50685.0,50693.0,50689.0,50692.0,50694.0,50684.0
806,50690.3,50693.0,50685.0,50694.0,50694.0,50685.0,50693.0,50689.0,50692.0,50694.0,50684.0
807,50690.3,50693.0,50685.0,50694.0,50694.0,50685.0,50693.0,50689.0,50692.0,50694.0,50684.0
808,50690.3,50693.0,50685.0,50694.0,50694.0,50685.0,50693.0,50689.0,50692.0,50694.0,50684.0
809,50690.3,50693.0,50685.0,50694.0,50694.0,50685.0,50693.0,50689.0,50692.0,50694.0,50684.0
810,50690.3,50693.0,50685.0,50694.0,50694.0,50685.0,50693.0,50689.0,50692.0,50694.0,50684.0
811,50690.3,50693.0,50685.0,50694.0,50694.0,50685.0,50693.0,50689.0,50692.0,50694.0,50684.0
812,50690.3,50693.0,50685.0,50694.0,50694.0,50685.0,50693.0,50689.0,50692.0,50694.0,50684.0
813,50690.3,50693.0,50685.0,50694.0,50694.0,50685.0,50693.0,50689.0,50692.0,50694.0,50684.0
814,50690.3,50693.0,50685.0,50694.0,50694.0,50685.0,50693.0,50689.0,50692.0,50694.0,50684.0
815,50690.3,50693.0,50685.0,50694.0,50694.0,50685.0,50693.0,50689.0,50692.0,50694.0,50684.0
816,50690.3,50693.0,50685.0,50694.0,50694.0,50685.0,50693.0,50689.0,50692.0,50694.0,50684.0
817,50690.3,50693.0,50685.0,50694.0,50694.0,50685.0,50693.0,50689.0,50692.0,50694.0,50684.0
818,50690.3,50693.0,50685.0,50694.0,50694.0,50685.0,50693.0,50689.0,50692.0,50694.0,50684.0
819,50690.3,50693.0,50685.0,50694.0,50694.0,50685.0,50693.0,50689.0,50692.0,50694.0,50684.0
820,50690.3,50693.0,50685.0,50694.0,50694.0,50685.0,50693.0,50689.0,50692.0,50694.0,50684.0
821,50690.3,50693.0,50685.0,50694.0,50694.0,50685.0,50693.0,50689.0,50692.0,50694.0,50684.0
822,50690.3,50693.0,50685.0,50694.0,50694.0,50685.0,50693.0,50689.0,50692.0,50694.0,50684.0
823,50690.3,50693.0,50685.0,50694.0,50694.0,50685.0,50693.0,50689.0,50692.0,50694.0,50684.0
824,50690.3,50693.0,50685.0,50694.0,50694.0,50685.0,50693.0,50689.0,50692.0,50694.0,50684.0
825,50690.3,50693.0,50685.0,50694.0,50694.0,50685.0,50693.0,50689.0,50692.0,50694.0,50684.0
826,50690.3,50693.0,50685.0,50694.0,50694.0,50685.0,50693.0,50689.0,50692.0,50694.0,50684.0
827,50690.3,50693.0,50685.0,50694.0,50694.0,50685.0,50693.0,50689.0,50692.0,50694.0,50684.0
828,50690.3,50693.0,50685.0,50694.0,50694.0,50685.0,50693.0,50689.0,50692.0,50694.0,50684.0
829,50690.3,50693.0,50685.0,50694.0,50694.0,50685.0,50693.0,50689.0,50692.0,50694.0,50684.0
830,50690.3,50693.0,50685.0,50694.0,50694.0,50685.0,50693.0,50689.0,50692.0,50694.0,50684.0
831,50690.3,50693.0,50685.0,50694.0,50694.0,50685.0,50693.0,50689.0,50692.0,50694.0,50684.0
832,50690.3,50693.0,50685.0,50694.0,50694.0,50685.0,50693.0,50689.0,50692.0,50694.0,50684.0
833,50690.3,50693.0,50685.0,50694.0,50694.0,50685.0,50693.0,50689.0,50692.0,50694.0,50684.0
834,50690.3,50693.0,50685.0,50694.0,50694.0,50685.0,50693.0,50689.0,50692.0,50694.0,50684.0
835,50690.3,50693.0,50685.0,50694.0,50694.0,50685.0,50693.0,50689.0,50692.0,50694.0,50684.0
836,50690.3,50693.0,50685.0,50694.0,50694.0,50685.0,50693.0,50689.0,50692.0,50694.0,50684.0
837,50690.3,50693.0,50685.0,50694.0,50694.0,50685.0,50693.0,50689.0,50692.0,50694.0,50684.0
838,50690.3,50693.0,50685.0,50694.0,50694.0,50685.0,50693.0,50689.0,50692.0,50694.0,50684.0
839,50690.3,50693.0,50685.0,50694.0,50694.0,50685.0,50693.0,50689.0,50692.0,50694.0,50684.0
840,50690.3,50693.0,50685.0,50694.0,50694.0,50685.0,50693.0,50689.0,50692.0,50694.0,50684.0
841,50690.3,50693.0,50685.0,50694.0,50694.0,50685.0,50693.0,50689.0,50692.0,50694.0,50684.0
842,50690.3,50693.0,50685.0,50694.0,50694.0,50685.0,50693.0,50689.0,50692.0,50694.0,50684.0
843,50690.3,50693.0,50685.0,50694.0,50694.0,50685.0,50693.0,50689.0,50692.0,50694.0,50684.0
844,50690.3,50693.0,50685.0,50694.0,50694.0,50685.0,50693.0,50689.0,50692.0,50694.0,50684.0
845,50690.3,50693.0,50685.0,50694.0,50694.0,50685.0,50693.0,50689.0,50692.0,50694.0,50684.0
846,50690.3,50693.0,50685.0,50694.0,50694.0,50685.0,50693.0,50689.0,50692.0,50694.0,50684.0
847,50690.3,50693.0,50685.0,50694.0,50694.0,50685.0,50693.0,50689.0,50692.0,50694.0,50684.0
848,50690.3,50693.0,50685.0,50694.0,50694.0,50685.0,50693.0,50689.0,50692.0,50694.0,50684.0
849,50690.3,50693.0,50685.0,50694.0,50694.0,50685.0,50693.0,50689.0,50692.0,50694.0,50684.0
850,50690.3,50693.0,50685.0,50694.0,50694.0,50685.0,50693.0,50689.0,50692.0,50694.0,50684.0
851,50690.3,50693.0,50685.0,50694.0,50694.0,50685.0,50693.0,50689.0,50692.0,50694.0,50684.0
852,50690.3,50693.0,50685.0,50694.0,50694.0,50685.0,50693.0,50689.0,50692.0,50694.0,50684.0
853,50690.3,50693.0,50685.0,50694.0,50694.0,50685.0,50693.0,50689.0,50692.0,50694.0,50684.0
854,50690.3,50693.0,50685.0,50694.0,50694.0,50685.0,50693.0,50689.0,50692.0,50694.0,50684.0
855,50690.3,50693.0,50685.0,50694.0,50694.0,50685.0,50693.0,50689.0,50692.0,50694.0,50684.0
856,50690.3,50693.0,50685.0,50694.0,50694.0,50685.0,50693.0,50689.0,50692.0,50694.0,50684.0
857,50690.3,50693.0,50685.0,50694.0,50694.0,50685.0,50693.0,50689.0,50692.0,50694.0,50684.0
858,50690.3,50693.0,50685.0,50694.0,50694.0,50685.0,50693.0,50689.0,50692.0,50694.0,50684.0
859,50690.3,50693.0,50685.0,50694.0,50694.0,50685.0,50693.0,50689.0,50692.0,50694.0,50684.0
860,50690.3,50693.0,50685.0,50694.0,50694.0,50685.0,50693.0,50689.0,50692.0,50694.0,50684.0
861,50690.3,50693.0,50685.0,50694.0,50694.0,50685.0,50693.0,50689.0,50692.0,50694.0,50684.0
862,50690.3,50693.0,50685.0,50694.0,50694.0,50685.0,50693.0,50689.0,50692.0,50694.0,50684.0
863,50690.3,50693.0,50685.0,50694.0,50694.0,50685.0,50693.0,50689.0,50692.0,50694.0,50684.0
864,50690.3,50693.0,50685.0,50694.0,50694.0,50685.0,50693.0,50689.0,50692.0,50694.0,50684.0
865,50690.3,50693.0,50685.0,50694.0,50694.0,50685.0,50693.0,50689.0,50692.0,50694.0,50684.0
866,50690.3,50693.0,50685.0,50694.0,50694.0,50685.0,50693.0,50689.0,50692.0,50694.0,50684.0
867,50690.3,50693.0,50685.0,50694.0,50694.0,50685.0,50693.0,50689.0,50692.0,50694.0,50684.0
868,50690.3,50693.0,50685.0,50694.0,50694.0,50685.0,50693.0,50689.0,50692.0,50694.0,50684.0
869,50690.3,50693.0,50685.0,50694.0,50694.0,50685.0,50693.0,50689.0,50692.0,50694.0,50684.0
870,50690.3,50693.0,50685.0,50694.0,50694.0,50685.0,50693.0,50689.0,50692.0,50694.0,50684.0
871,50690.3,50693.0,50685.0,50694.0,50694.0,50685.0,50693.0,50689.0,50692.0,50694.0,50684.0
872,50690.3,50693.0,50685.0,50694.0,50694.0,50685.0,50693.0,50689.0,50692.0,50694.0,50684.0
873,50690.3,50693.0,50685.0,50694.0,50694.0,50685.0,50693.0,50689.0,50692.0,50694.0,50684.0
874,50690.3,50693.0,50685.0,50694.0,50694.0,50685.0,50693.0,50689.0,50692.0,50694.0,50684.0
875,50690.3,50693.0,50685.0,50694.0,50694.0,50685.0,50693.0,50689.0,50692.0,50694.0,50684.0
876,50690.3,50693.0,50685.0,50694.0,50694.0,50685.0,50693.0,50689.0,50692.0,50694.0,50684.0
877,50690.3,50693.0,50685.0,50694.0,50694.0,50685.0,50693.0,50689.0,50692.0,50694.0,50684.0
878,50690.3,50693.0,50685.0,50694.0,50694.0,50685.0,50693.0,50689.0,50692.0,50694.0,50684.0
879,50690.3,50693.0,50685.0,50694.0,50694.0,50685.0,50693.0,50689.0,50692.0,50694.0,50684.0
880,50690.3,50693.0,50685.0,50694.0,50694.0,50685.0,50693.0,50689.0,50692.0,50694.0,50684.0
881,50690.3,50693.0,50685.0,50694.0,50694.0,50685.0,50693.0,50689.0,50692.0,50694.0,50684.0
882,50690.3,50693.0,50685.0,50694.0,50694.0,50685.0,50693.0,50689.0,50692.0,50694.0,50684.0
883,50690.3,50693.0,50685.0,50694.0,50694.0,50685.0,50693.0,50689.0,50692.0,50694.0,50684.0
884,50690.3,50693.0,50685.0,50694.0,50694.0,50685.0,50693.0,50689.0,50692.0,50694.0,50684.0
885,50690.3,50693.0,50685.0,50694.0,50694.0,50685.0,50693.0,50689.0,50692.0,50694.0,50684.0
886,50690.3,50693.0,50685.0,50694.0,50694.0,50685.0,50693.0,50689.0,50692.0,50694.0,50684.0
887,50690.3,50693.0,50685.0,50694.0,50694.0,50685.0,50693.0,50689.0,50692.0,50694.0,50684.0
888,50690.3,50693.0,50685.0,50694.0,50694.0,50685.0,50693.0,50689.0,50692.0,50694.0,50684.0
889,50690.3,50693.0,50685.0,50694.0,50694.0,50685.0,50693.0,50689.0,50692.0,50694.0,50684.0
890,50690.3,50693.0,50685.0,50694.0,50694.0,50685.0,50693.0,50689.0,50692.0,50694.0,50684.0
891,50690.3,50693.0,50685.0,50694.0,50694.0,50685.0,50693.0,50689.0,50692.0,50694.0,50684.0
892,50690.3,50693.0,50685.0,50694.0,50694.0,50685.0,50693.0,50689.0,50692.0,50694.0,50684.0
893,50690.3,50693.0,50685.0,50694.0,50694.0,50685.0,50693.0,50689.0,50692.0,50694.0,50684.0
894,50690.3,50693.0,50685.0,50694.0,50694.0,50685.0,50693.0,50689.0,50692.0,50694.0,50684.0
895,50690.3,50693.0,50685.0,50694.0,50694.0,50685.0,50693.0,50689.0,50692.0,50694.0,50684.0
896,50690.3,50693.0,50685.0,50694.0,50694.0,50685.0,50693.0,50689.0,50692.0,50694.0,50684.0
897,50690.3,50693.0,50685.0,50694.0,50694.0,50685.0,50693.0,50689.0,50692.0,50694.0,50684.0
898,50690.3,50693.0,50685.0,50694.0,50694.0,50685.0,50693.0,50689.0,50692.0,50694.0,50684.0
899,50690.3,50693.0,50685.0,50694.0,50694.0,50685.0,50693.0,50689.0,50692.0,50694.0,50684.0
900,50690.3,50693.0,50685.0,50694.0,50694.0,50685.0,50693.0,50689.0,50692.0,50694.0,50684.0
901,50690.3,50693.0,50685.0,50694.0,50694.0,50685.0,50693.0,50689.0,50692.0,50694.0,50684.0
902,50690.3,50693.0,50685.0,50694.0,50694.0,50685.0,50693.0,50689.0,50692.0,50694.0,50684.0
903,50690.3,50693.0,50685.0,50694.0,50694.0,50685.0,50693.0,50689.0,50692.0,50694.0,50684.0
904,50690.3,50693.0,50685.0,50694.0,50694.0,50685.0,50693.0,50689.0,50692.0,50694.0,50684.0
905,50690.3,50693.0,50685.0,50694.0,50694.0,50685.0,50693.0,50689.0,50692.0,50694.0,50684.0
906,50690.3,50693.0,50685.0,50694.0,50694.0,50685.0,50693.0,50689.0,50692.0,50694.0,50684.0
907,50690.3,50693.0,50685.0,50694.0,50694.0,50685.0,50693.0,50689.0,50692.0,50694.0,50684.0
908,50690.3,50693.0,50685.0,50694.0,50694.0,50685.0,50693.0,50689.0,50692.0,50694.0,50684.0
909,50690.3,50693.0,50685.0,50694.0,50694.0,50685.0,50693.0,50689.0,50692.0,50694.0,50684.0
910,50690.3,50693.0,50685.0,50694.0,50694.0,50685.0,50693.0,50689.0,50692.0,50694.0,50684.0
911,50690.3,50693.0,50685.0,50694.0,50694.0,50685.0,50693.0,50689.0,50692.0,50694.0,50684.0
912,50690.3,50693.0,50685.0,50694.0,50694.0,50685.0,50693.0,50689.0,50692.0,50694.0,50684.0
913,50690.3,50693.0,50685.0,50694.0,50694.0,50685.0,50693.0,50689.0,50692.0,50694.0,50684.0
914,50690.3,50693.0,50685.0,50694.0,50694.0,50685.0,50693.0,50689.0,50692.0,50694.0,50684.0
915,50690.3,50693.0,50685.0,50694.0,50694.0,50685.0,50693.0,50689.0,50692.0,50694.0,50684.0
916,50690.3,50693.0,50685.0,50694.0,50694.0,50685.0,50693.0,50689.0,50692.0,50694.0,50684.0
917,50690.3,50693.0,50685.0,50694.0,50694.0,50685.0,50693.0,50689.0,50692.0,50694.0,50684.0
918,50690.3,50693.0,50685.0,50694.0,50694.0,50685.0,50693.0,50689.0,50692.0,50694.0,50684.0
919,50690.3,50693.0,50685.0,50694.0,50694.0,50685.0,50693.0,50689.0,50692.0,50694.0,50684.0
920,50690.3,50693.0,50685.0,50694.0,50694.0,50685.0,50693.0,50689.0,50692.0,50694.0,50684.0
921,50690.3,50693.0,50685.0,50694.0,50694.0,50685.0,50693.0,50689.0,50692.0,50694.0,50684.0
922,50690.3,50693.0,50685.0,50694.0,50694.0,50685.0,50693.0,50689.0,50692.0,50694.0,50684.0
923,50690.3,50693.0,50685.0,50694.0,50694.0,50685.0,50693.0,50689.0,50692.0,50694.0,50684.0
924,50690.3,50693.0,50685.0,50694.0,50694.0,50685.0,50693.0,50689.0,50692.0,50694.0,50684.0
925,50690.3,50693.0,50685.0,50694.0,50694.0,50685.0,50693.0,50689.0,50692.0,50694.0,50684.0
926,50690.3,50693.0,50685.0,50694.0,50694.0,50685.0,50693.0,50689.0,50692.0,50694.0,50684.0
927,50690.3,50693.0,50685.0,50694.0,50694.0,50685.0,50693.0,50689.0,50692.0,50694.0,50684.0
928,50690.3,50693.0,50685.0,50694.0,50694.0,50685.0,50693.0,50689.0,50692.0,50694.0,50684.0
929,50690.3,50693.0,50685.0,50694.0,50694.0,50685.0,50693.0,50689.0,50692.0,50694.0,50684.0
930,50690.3,50693.0,50685.0,50694.0,50694.0,50685.0,50693.0,50689.0,50692.0,50694.0,50684.0
931,50690.3,50693.0,50685.0,50694.0,50694.0,50685.0,50693.0,50689.0,50692.0,50694.0,50684.0
932,50690.3,50693.0,50685.0,50694.0,50694.0,50685.0,50693.0,50689.0,50692.0,50694.0,50684.0
933,50690.3,50693.0,50685.0,50694.0,50694.0,50685.0,50693.0,50689.0,50692.0,50694.0,50684.0
934,50690.3,50693.0,50685.0,50694.0,50694.0,50685.0,50693.0,50689.0,50692.0,50694.0,50684.0
935,50690.3,50693.0,50685.0,50694.0,50694.0,50685.0,50693.0,50689.0,50692.0,50694.0,50684.0
936,50690.3,50693.0,50685.0,50694.0,50694.0,50685.0,50693.0,50689.0,50692.0,50694.0,50684.0
937,50690.3,50693.0,50685.0,50694.0,50694.0,50685.0,50693.0,50689.0,50692.0,50694.0,50684.0
938,50690.3,50693.0,50685.0,50694.0,50694.0,50685.0,50693.0,50689.0,50692.0,50694.0,50684.0
939,50690.3,50693.0,50685.0,50694.0,50694.0,50685.0,50693.0,50689.0,50692.0,50694.0,50684.0
940,50690.3,50693.0,50685.0,50694.0,50694.0,50685.0,50693.0,50689.0,50692.0,50694.0,50684.0
941,50690.3,50693.0,50685.0,50694.0,50694.0,50685.0,50693.0,50689.0,50692.0,50694.0,50684.0
942,50690.3,50693.0,50685.0,50694.0,50694.0,50685.0,50693.0,50689.0,50692.0,50694.0,50684.0
943,50690.3,50693.0,50685.0,50694.0,50694.0,50685.0,50693.0,50689.0,50692.0,50694.0,50684.0
944,50690.3,50693.0,50685.0,50694.0,50694.0,50685.0,50693.0,50689.0,50692.0,50694.0,50684.0
945,50690.3,50693.0,50685.0,50694.0,50694.0,50685.0,50693.0,50689.0,50692.0,50694.0,50684.0
946,50690.3,50693.0,50685.0,50694.0,50694.0,50685.0,50693.0,50689.0,50692.0,50694.0,50684.0
947,50690.3,50693.0,50685.0,50694.0,50694.0,50685.0,50693.0,50689.0,50692.0,50694.0,50684.0
948,50690.3,50693.0,50685.0,50694.0,50694.0,50685.0,50693.0,50689.0,50692.0,50694.0,50684.0
949,50690.3,50693.0,50685.0,50694.0,50694.0,50685.0,50693.0,50689.0,50692.0,50694.0,50684.0
950,50690.3,50693.0,50685.0,50694.0,50694.0,50685.0,50693.0,50689.0,50692.0,50694.0,50684.0
951,50690.3,50693.0,50685.0,50694.0,50694.0,50685.0,50693.0,50689.0,50692.0,50694.0,50684.0
952,50690.3,50693.0,50685.0,50694.0,50694.0,50685.0,50693.0,50689.0,50692.0,50694.0,50684.0
953,50690.3,50693.0,50685.0,50694.0,50694.0,50685.0,50693.0,50689.0,50692.0,50694.0,50684.0
954,50690.3,50693.0,50685.0,50694.0,50694.0,50685.0,50693.0,50689.0,50692.0,50694.0,50684.0
955,50690.3,50693.0,50685.0,50694.0,50694.0,50685.0,50693.0,50689.0,50692.0,50694.0,50684.0
956,50690.3,50693.0,50685.0,50694.0,50694.0,50685.0,50693.0,50689.0,50692.0,50694.0,50684.0
957,50690.3,50693.0,50685.0,50694.0,50694.0,50685.0,50693.0,50689.0,50692.0,50694.0,50684.0
958,50690.3,50693.0,50685.0,50694.0,50694.0,50685.0,50693.0,50689.0,50692.0,50694.0,50684.0
959,50690.3,50693.0,50685.0,50694.0,50694.0,50685.0,50693.0,50689.0,50692.0,50694.0,50684.0
960,50690.3,50693.0,50685.0,50694.0,50694.0,50685.0,50693.0,50689.0,50692.0,50694.0,50684.0
961,50690.3,50693.0,50685.0,50694.0,50694.0,50685.0,50693.0,50689.0,50692.0,50694.0,50684.0
962,50690.3,50693.0,50685.0,50694.0,50694.0,50685.0,50693.0,50689.0,50692.0,50694.0,50684.0
963,50690.3,50693.0,50685.0,50694.0,50694.0,50685.0,50693.0,50689.0,50692.0,50694.0,50684.0
964,50690.3,50693.0,50685.0,50694.0,50694.0,50685.0,50693.0,50689.0,50692.0,50694.0,50684.0
965,50690.3,50693.0,50685.0,50694.0,50694.0,50685.0,50693.0,50689.0,50692.0,50694.0,50684.0
966,50690.3,50693.0,50685.0,50694.0,50694.0,50685.0,50693.0,50689.0,50692.0,50694.0,50684.0
967,50690.3,50693.0,50685.0,50694.0,50694.0,50685.0,50693.0,50689.0,50692.0,50694.0,50684.0
968,50690.3,50693.0,50685.0,50694.0,50694.0,50685.0,50693.0,50689.0,50692.0,50694.0,50684.0
969,50690.3,50693.0,50685.0,50694.0,50694.0,50685.0,50693.0,50689.0,50692.0,50694.0,50684.0
970,50690.3,50693.0,50685.0,50694.0,50694.0,50685.0,50693.0,50689.0,50692.0,50694.0,50684.0
971,50690.3,50693.0,50685.0,50694.0,50694.0,50685.0,50693.0,50689.0,50692.0,50694.0,50684.0
972,50690.3,50693.0,50685.0,50694.0,50694.0,50685.0,50693.0,50689.0,50692.0,50694.0,50684.0
973,50690.3,50693.0,50685.0,50694.0,50694.0,50685.0,50693.0,50689.0,50692.0,50694.0,50684.0
974,50690.3,50693.0,50685.0,50694.0,50694.0,50685.0,50693.0,50689.0,50692.0,50694.0,50684.0
975,50690.3,50693.0,50685.0,50694.0,50694.0,50685.0,50693.0,50689.0,50692.0,50694.0,50684.0
976,50690.3,50693.0,50685.0,50694.0,50694.0,50685.0,50693.0,50689.0,50692.0,50694.0,50684.0
977,50690.3,50693.0,50685.0,50694.0,50694.0,50685.0,50693.0,50689.0,50692.0,50694.0,50684.0
978,50690.3,50693.0,50685.0,50694.0,50694.0,50685.0,50693.0,50689.0,50692.0,50694.0,50684.0
979,50690.3,50693.0,50685.0,50694.0,50694.0,50685.0,50693.0,50689.0,50692.0,50694.0,50684.0
980,50690.3,50693.0,50685.0,50694.0,50694.0,50685.0,50693.0,50689.0,50692.0,50694.0,50684.0
981,50690.3,50693.0,50685.0,50694.0,50694.0,50685.0,50693.0,50689.0,50692.0,50694.0,50684.0
982,50690.3,50693.0,50685.0,50694.0,50694.0,50685.0,50693.0,50689.0,50692.0,50694.0,50684.0
983,50690.3,50693.0,50685.0,50694.0,50694.0,50685.0,50693.0,50689.0,50692.0,50694.0,50684.0
984,50690.3,50693.0,50685.0,50694.0,50694.0,50685.0,50693.0,50689.0,50692.0,50694.0,50684.0
985,50690.3,50693.0,50685.0,50694.0,50694.0,50685.0,50693.0,50689.0,50692.0,50694.0,50684.0
986,50690.3,50693.0,50685.0,50694.0,50694.0,50685.0,50693.0,50689.0,50692.0,50694.0,50684.0
987,50690.3,50693.0,50685.0,50694.0,50694.0,50685.0,50693.0,50689.0,50692.0,50694.0,50684.0
988,50690.3,50693.0,50685.0,50694.0,50694.0,50685.0,50693.0,50689.0,50692.0,50694.0,50684.0
989,50690.3,50693.0,50685.0,50694.0,50694.0,50685.0,50693.0,50689.0,50692.0,50694.0,50684.0
990,50690.3,50693.0,50685.0,50694.0,50694.0,50685.0,50693.0,50689.0,50692.0,50694.0,50684.0
991,50690.3,50693.0,50685.0,50694.0,50694.0,50685.0,50693.0,50689.0,50692.0,50694.0,50684.0
992,50690.3,50693.0,50685.0,50694.0,50694.0,50685.0,50693.0,50689.0,50692.0,50694.0,50684.0
993,50690.3,50693.0,50685.0,50694.0,50694.0,50685.0,50693.0,50689.0,50692.0,50694.0,50684.0
994,50690.3,50693.0,50685.0,50694.0,50694.0,50685.0,50693.0,50689.0,50692.0,50694.0,50684.0
995,50690.3,50693.0,50685.0,50694.0,50694.0,50685.0,50693.0,50689.0,50692.0,50694.0,50684.0
996,50690.3,50693.0,50685.0,50694.0,50694.0,50685.0,50693.0,50689.0,50692.0,50694.0,50684.0
997,50690.3,50693.0,50685.0,50694.0,50694.0,50685.0,50693.0,50689.0,50692.0,50694.0,50684.0
998,50690.3,50693.0,50685.0,50694.0,50694.0,50685.0,50693.0,50689.0,50692.0,50694.0,50684.0
999,50690.3,50693.0,50685.0,50694.0,50694.0,50685.0,50693.0,50689.0,50692.0,50694.0,50684.0
1000,50690.3,50693.0,50685.0,50694.0,50694.0,50685.0,50693.0,50689.0,50692.0,50694.0,50684.0
1001,50690.3,50693.0,50685.0,50694.0,50694.0,50685.0,50693.0,50689.0,50692.0,50694.0,50684.0
1002,50690.3,50693.0,50685.0,50694.0,50694.0,50685.0,50693.0,50689.0,50692.0,50694.0,50684.0
1003,50690.3,50693.0,50685.0,50694.0,50694.0,50685.0,50693.0,50689.0,50692.0,50694.0,50684.0
1004,50690.3,50693.0,50685.0,50694.0,50694.0,50685.0,50693.0,50689.0,50692.0,50694.0,50684.0
1005,50690.3,50693.0,50685.0,50694.0,50694.0,50685.0,50693.0,50689.0,50692.0,50694.0,50684.0
1006,50690.3,50693.0,50685.0,50694.0,50694.0,50685.0,50693.0,50689.0,50692.0,50694.0,50684.0
1007,50690.3,50693.0,50685.0,50694.0,50694.0,50685.0,50693.0,50689.0,50692.0,50694.0,50684.0
1008,50690.3,50693.0,50685.0,50694.0,50694.0,50685.0,50693.0,50689.0,50692.0,50694.0,50684.0
1009,50690.3,50693.0,50685.0,50694.0,50694.0,50685.0,50693.0,50689.0,50692.0,50694.0,50684.0
1010,50690.3,50693.0,50685.0,50694.0,50694.0,50685.0,50693.0,50689.0,50692.0,50694.0,50684.0
1011,50690.3,50693.0,50685.0,50694.0,50694.0,50685.0,50693.0,50689.0,50692.0,50694.0,50684.0
1012,50690.3,50693.0,50685.0,50694.0,50694.0,50685.0,50693.0,50689.0,50692.0,50694.0,50684.0
1013,50690.3,50693.0,50685.0,50694.0,50694.0,50685.0,50693.0,50689.0,50692.0,50694.0,50684.0
1014,50690.3,50693.0,50685.0,50694.0,50694.0,50685.0,50693.0,50689.0,50692.0,50694.0,50684.0
1015,50690.3,50693.0,50685.0,50694.0,50694.0,50685.0,50693.0,50689.0,50692.0,50694.0,50684.0
1016,50690.3,50693.0,50685.0,50694.0,50694.0,50685.0,50693.0,50689.0,50692.0,50694.0,50684.0
1017,50690.3,50693.0,50685.0,50694.0,50694.0,50685.0,50693.0,50689.0,50692.0,50694.0,50684.0
1018,50690.3,50693.0,50685.0,50694.0,50694.0,50685.0,50693.0,50689.0,50692.0,50694.0,50684.0
1019,50690.3,50693.0,50685.0,50694.0,50694.0,50685.0,50693.0,50689.0,50692.0,50694.0,50684.0
1020,50690.3,50693.0,50685.0,50694.0,50694.0,50685.0,50693.0,50689.0,50692.0,50694.0,50684.0
1021,50690.3,50693.0,50685.0,50694.0,50694.0,50685.0,50693.0,50689.0,50692.0,50694.0,50684.0
1022,50690.3,50693.0,50685.0,50694.0,50694.0,50685.0,50693.0,50689.0,50692.0,50694.0,50684.0
1023,50690.3,50693.0,50685.0,50694.0,50694.0,50685.0,50693.0,50689.0,50692.0,50694.0,50684.0
1024,50690.3,50693.0,50685.0,50694.0,50694.0,50685.0,50693.0,50689.0,50692.0,50694.0,50684.0
1025,50690.3,50693.0,50685.0,50694.0,50694.0,50685.0,50693.0,50689.0,50692.0,50694.0,50684.0
1026,50690.3,50693.0,50685.0,50694.0,50694.0,50685.0,50693.0,50689.0,50692.0,50694.0,50684.0
1027,50690.3,50693.0,50685.0,50694.0,50694.0,50685.0,50693.0,50689.0,50692.0,50694.0,50684.0
1028,50690.3,50693.0,50685.0,50694.0,50694.0,50685.0,50693.0,50689.0,50692.0,50694.0,50684.0
1029,50690.3,50693.0,50685.0,50694.0,50694.0,50685.0,50693.0,50689.0,50692.0,50694.0,50684.0
1030,50690.3,50693.0,50685.0,50694.0,50694.0,50685.0,50693.0,50689.0,50692.0,50694.0,50684.0
1031,50690.3,50693.0,50685.0,50694.0,50694.0,50685.0,50693.0,50689.0,50692.0,50694.0,50684.0
1032,50690.3,50693.0,50685.0,50694.0,50694.0,50685.0,50693.0,50689.0,50692.0,50694.0,50684.0
1033,50690.3,50693.0,50685.0,50694.0,50694.0,50685.0,50693.0,50689.0,50692.0,50694.0,50684.0
1034,50690.3,50693.0,50685.0,50694.0,50694.0,50685.0,50693.0,50689.0,50692.0,50694.0,50684.0
1035,50690.3,50693.0,50685.0,50694.0,50694.0,50685.0,50693.0,50689.0,50692.0,50694.0,50684.0
1036,50690.3,50693.0,50685.0,50694.0,50694.0,50685.0,50693.0,50689.0,50692.0,50694.0,50684.0
1037,50690.3,50693.0,50685.0,50694.0,50694.0,50685.0,50693.0,50689.0,50692.0,50694.0,50684.0
1038,50690.3,50693.0,50685.0,50694.0,50694.0,50685.0,50693.0,50689.0,50692.0,50694.0,50684.0
1039,50690.3,50693.0,50685.0,50694.0,50694.0,50685.0,50693.0,50689.0,50692.0,50694.0,50684.0
1040,50690.3,50693.0,50685.0,50694.0,50694.0,50685.0,50693.0,50689.0,50692.0,50694.0,50684.0
1041,50690.3,50693.0,50685.0,50694.0,50694.0,50685.0,50693.0,50689.0,50692.0,50694.0,50684.0
1042,50690.3,50693.0,50685.0,50694.0,50694.0,50685.0,50693.0,50689.0,50692.0,50694.0,50684.0
1043,50690.3,50693.0,50685.0,50694.0,50694.0,50685.0,50693.0,50689.0,50692.0,50694.0,50684.0
1044,50690.3,50693.0,50685.0,50694.0,50694.0,50685.0,50693.0,50689.0,50692.0,50694.0,50684.0
1045,50690.3,50693.0,50685.0,50694.0,50694.0,50685.0,50693.0,50689.0,50692.0,50694.0,50684.0
1046,50690.3,50693.0,50685.0,50694.0,50694.0,50685.0,50693.0,50689.0,50692.0,50694.0,50684.0
1047,50690.3,50693.0,50685.0,50694.0,50694.0,50685.0,50693.0,50689.0,50692.0,50694.0,50684.0
1048,50690.3,50693.0,50685.0,50694.0,50694.0,50685.0,50693.0,50689.0,50692.0,50694.0,50684.0
1049,50690.3,50693.0,50685.0,50694.0,50694.0,50685.0,50693.0,50689.0,50692.0,50694.0,50684.0
1050,50690.3,50693.0,50685.0,50694.0,50694.0,50685.0,50693.0,50689.0,50692.0,50694.0,50684.0
1051,50690.3,50693.0,50685.0,50694.0,50694.0,50685.0,50693.0,50689.0,50692.0,50694.0,50684.0
1052,50690.3,50693.0,50685.0,50694.0,50694.0,50685.0,50693.0,50689.0,50692.0,50694.0,50684.0
1053,50690.3,50693.0,50685.0,50694.0,50694.0,50685.0,50693.0,50689.0,50692.0,50694.0,50684.0
1054,50690.3,50693.0,50685.0,50694.0,50694.0,50685.0,50693.0,50689.0,50692.0,50694.0,50684.0
1055,50690.3,50693.0,50685.0,50694.0,50694.0,50685.0,50693.0,50689.0,50692.0,50694.0,50684.0
1056,50690.3,50693.0,50685.0,50694.0,50694.0,50685.0,50693.0,50689.0,50692.0,50694.0,50684.0
1057,50690.3,50693.0,50685.0,50694.0,50694.0,50685.0,50693.0,50689.0,50692.0,50694.0,50684.0
1058,50690.3,50693.0,50685.0,50694.0,50694.0,50685.0,50693.0,50689.0,50692.0,50694.0,50684.0
1059,50690.3,50693.0,50685.0,50694.0,50694.0,50685.0,50693.0,50689.0,50692.0,50694.0,50684.0
1060,50690.3,50693.0,50685.0,50694.0,50694.0,50685.0,50693.0,50689.0,50692.0,50694.0,50684.0
1061,50690.3,50693.0,50685.0,50694.0,50694.0,50685.0,50693.0,50689.0,50692.0,50694.0,50684.0
1062,50690.3,50693.0,50685.0,50694.0,50694.0,50685.0,50693.0,50689.0,50692.0,50694.0,50684.0
1063,50690.3,50693.0,50685.0,50694.0,50694.0,50685.0,50693.0,50689.0,50692.0,50694.0,50684.0
1064,50690.3,50693.0,50685.0,50694.0,50694.0,50685.0,50693.0,50689.0,50692.0,50694.0,50684.0
1065,50690.3,50693.0,50685.0,50694.0,50694.0,50685.0,50693.0,50689.0,50692.0,50694.0,50684.0
1066,50690.3,50693.0,50685.0,50694.0,50694.0,50685.0,50693.0,50689.0,50692.0,50694.0,50684.0
1067,50690.3,50693.0,50685.0,50694.0,50694.0,50685.0,50693.0,50689.0,50692.0,50694.0,50684.0
1068,50690.3,50693.0,50685.0,50694.0,50694.0,50685.0,50693.0,50689.0,50692.0,50694.0,50684.0
1069,50690.3,50693.0,50685.0,50694.0,50694.0,50685.0,50693.0,50689.0,50692.0,50694.0,50684.0
1070,50690.3,50693.0,50685.0,50694.0,50694.0,50685.0,50693.0,50689.0,50692.0,50694.0,50684.0
1071,50690.3,50693.0,50685.0,50694.0,50694.0,50685.0,50693.0,50689.0,50692.0,50694.0,50684.0
1072,50690.3,50693.0,50685.0,50694.0,50694.0,50685.0,50693.0,50689.0,50692.0,50694.0,50684.0
1073,50690.3,50693.0,50685.0,50694.0,50694.0,50685.0,50693.0,50689.0,50692.0,50694.0,50684.0
1074,50690.3,50693.0,50685.0,50694.0,50694.0,50685.0,50693.0,50689.0,50692.0,50694.0,50684.0
1075,50690.3,50693.0,50685.0,50694.0,50694.0,50685.0,50693.0,50689.0,50692.0,50694.0,50684.0
1076,50690.3,50693.0,50685.0,50694.0,50694.0,50685.0,50693.0,50689.0,50692.0,50694.0,50684.0
1077,50690.3,50693.0,50685.0,50694.0,50694.0,50685.0,50693.0,50689.0,50692.0,50694.0,50684.0
1078,50690.3,50693.0,50685.0,50694.0,50694.0,50685.0,50693.0,50689.0,50692.0,50694.0,50684.0
1079,50690.3,50693.0,50685.0,50694.0,50694.0,50685.0,50693.0,50689.0,50692.0,50694.0,50684.0
1080,50690.3,50693.0,50685.0,50694.0,50694.0,50685.0,50693.0,50689.0,50692.0,50694.0,50684.0
1081,50690.3,50693.0,50685.0,50694.0,50694.0,50685.0,50693.0,50689.0,50692.0,50694.0,50684.0
1082,50690.3,50693.0,50685.0,50694.0,50694.0,50685.0,50693.0,50689.0,50692.0,50694.0,50684.0
1083,50690.3,50693.0,50685.0,50694.0,50694.0,50685.0,50693.0,50689.0,50692.0,50694.0,50684.0
1084,50690.3,50693.0,50685.0,50694.0,50694.0,50685.0,50693.0,50689.0,50692.0,50694.0,50684.0
1085,50690.3,50693.0,50685.0,50694.0,50694.0,50685.0,50693.0,50689.0,50692.0,50694.0,50684.0
1086,50690.3,50693.0,50685.0,50694.0,50694.0,50685.0,50693.0,50689.0,50692.0,50694.0,50684.0
1087,50690.3,50693.0,50685.0,50694.0,50694.0,50685.0,50693.0,50689.0,50692.0,50694.0,50684.0
1088,50690.3,50693.0,50685.0,50694.0,50694.0,50685.0,50693.0,50689.0,50692.0,50694.0,50684.0
1089,50690.3,50693.0,50685.0,50694.0,50694.0,50685.0,50693.0,50689.0,50692.0,50694.0,50684.0
1090,50690.3,50693.0,50685.0,50694.0,50694.0,50685.0,50693.0,50689.0,50692.0,50694.0,50684.0
1091,50690.3,50693.0,50685.0,50694.0,50694.0,50685.0,50693.0,50689.0,50692.0,50694.0,50684.0
1092,50690.3,50693.0,50685.0,50694.0,50694.0,50685.0,50693.0,50689.0,50692.0,50694.0,50684.0
1093,50690.3,50693.0,50685.0,50694.0,50694.0,50685.0,50693.0,50689.0,50692.0,50694.0,50684.0
1094,50690.3,50693.0,50685.0,50694.0,50694.0,50685.0,50693.0,50689.0,50692.0,50694.0,50684.0
1095,50690.3,50693.0,50685.0,50694.0,50694.0,50685.0,50693.0,50689.0,50692.0,50694.0,50684.0
1096,50690.3,50693.0,50685.0,50694.0,50694.0,50685.0,50693.0,50689.0,50692.0,50694.0,50684.0
1097,50690.3,50693.0,50685.0,50694.0,50694.0,50685.0,50693.0,50689.0,50692.0,50694.0,50684.0
1098,50690.3,50693.0,50685.0,50694.0,50694.0,50685.0,50693.0,50689.0,50692.0,50694.0,50684.0
1099,50690.3,50693.0,50685.0,50694.0,50694.0,50685.0,50693.0,50689.0,50692.0,50694.0,50684.0
1100,50690.3,50693.0,50685.0,50694.0,50694.0,50685.0,50693.0,50689.0,50692.0,50694.0,50684.0
1101,50690.3,50693.0,50685.0,50694.0,50694.0,50685.0,50693.0,50689.0,50692.0,50694.0,50684.0
1102,50690.3,50693.0,50685.0,50694.0,50694.0,50685.0,50693.0,50689.0,50692.0,50694.0,50684.0
1103,50690.3,50693.0,50685.0,50694.0,50694.0,50685.0,50693.0,50689.0,50692.0,50694.0,50684.0
1104,50690.3,50693.0,50685.0,50694.0,50694.0,50685.0,50693.0,50689.0,50692.0,50694.0,50684.0
1105,50690.3,50693.0,50685.0,50694.0,50694.0,50685.0,50693.0,50689.0,50692.0,50694.0,50684.0
1106,50690.3,50693.0,50685.0,50694.0,50694.0,50685.0,50693.0,50689.0,50692.0,50694.0,50684.0
1107,50690.3,50693.0,50685.0,50694.0,50694.0,50685.0,50693.0,50689.0,50692.0,50694.0,50684.0
1108,50690.3,50693.0,50685.0,50694.0,50694.0,50685.0,50693.0,50689.0,50692.0,50694.0,50684.0
1109,50690.3,50693.0,50685.0,50694.0,50694.0,50685.0,50693.0,50689.0,50692.0,50694.0,50684.0
1110,50690.3,50693.0,50685.0,50694.0,50694.0,50685.0,50693.0,50689.0,50692.0,50694.0,50684.0
1111,50690.3,50693.0,50685.0,50694.0,50694.0,50685.0,50693.0,50689.0,50692.0,50694.0,50684.0
1112,50690.3,50693.0,50685.0,50694.0,50694.0,50685.0,50693.0,50689.0,50692.0,50694.0,50684.0
1113,50690.3,50693.0,50685.0,50694.0,50694.0,50685.0,50693.0,50689.0,50692.0,50694.0,50684.0
1114,50690.3,50693.0,50685.0,50694.0,50694.0,50685.0,50693.0,50689.0,50692.0,50694.0,50684.0
1115,50690.3,50693.0,50685.0,50694.0,50694.0,50685.0,50693.0,50689.0,50692.0,50694.0,50684.0
1116,50690.3,50693.0,50685.0,50694.0,50694.0,50685.0,50693.0,50689.0,50692.0,50694.0,50684.0
1117,50690.3,50693.0,50685.0,50694.0,50694.0,50685.0,50693.0,50689.0,50692.0,50694.0,50684.0
1118,50690.3,50693.0,50685.0,50694.0,50694.0,50685.0,50693.0,50689.0,50692.0,50694.0,50684.0
1119,50690.3,50693.0,50685.0,50694.0,50694.0,50685.0,50693.0,50689.0,50692.0,50694.0,50684.0
1120,50690.3,50693.0,50685.0,50694.0,50694.0,50685.0,50693.0,50689.0,50692.0,50694.0,50684.0
1121,50690.3,50693.0,50685.0,50694.0,50694.0,50685.0,50693.0,50689.0,50692.0,50694.0,50684.0
1122,50690.3,50693.0,50685.0,50694.0,50694.0,50685.0,50693.0,50689.0,50692.0,50694.0,50684.0
1123,50690.3,50693.0,50685.0,50694.0,50694.0,50685.0,50693.0,50689.0,50692.0,50694.0,50684.0
1124,50690.3,50693.0,50685.0,50694.0,50694.0,50685.0,50693.0,50689.0,50692.0,50694.0,50684.0
1125,50690.3,50693.0,50685.0,50694.0,50694.0,50685.0,50693.0,50689.0,50692.0,50694.0,50684.0
1126,50690.3,50693.0,50685.0,50694.0,50694.0,50685.0,50693.0,50689.0,50692.0,50694.0,50684.0
1127,50690.3,50693.0,50685.0,50694.0,50694.0,50685.0,50693.0,50689.0,50692.0,50694.0,50684.0
1128,50690.3,50693.0,50685.0,50694.0,50694.0,50685.0,50693.0,50689.0,50692.0,50694.0,50684.0
1129,50690.3,50693.0,50685.0,50694.0,50694.0,50685.0,50693.0,50689.0,50692.0,50694.0,50684.0
1130,50690.3,50693.0,50685.0,50694.0,50694.0,50685.0,50693.0,50689.0,50692.0,50694.0,50684.0
1131,50690.3,50693.0,50685.0,50694.0,50694.0,50685.0,50693.0,50689.0,50692.0,50694.0,50684.0
1132,50690.3,50693.0,50685.0,50694.0,50694.0,50685.0,50693.0,50689.0,50692.0,50694.0,50684.0
1133,50690.3,50693.0,50685.0,50694.0,50694.0,50685.0,50693.0,50689.0,50692.0,50694.0,50684.0
1134,50690.3,50693.0,50685.0,50694.0,50694.0,50685.0,50693.0,50689.0,50692.0,50694.0,50684.0
1135,50690.3,50693.0,50685.0,50694.0,50694.0,50685.0,50693.0,50689.0,50692.0,50694.0,50684.0
1136,50690.3,50693.0,50685.0,50694.0,50694.0,50685.0,50693.0,50689.0,50692.0,50694.0,50684.0
1137,50690.3,50693.0,50685.0,50694.0,50694.0,50685.0,50693.0,50689.0,50692.0,50694.0,50684.0
1138,50690.3,50693.0,50685.0,50694.0,50694.0,50685.0,50693.0,50689.0,50692.0,50694.0,50684.0
1139,50690.3,50693.0,50685.0,50694.0,50694.0,50685.0,50693.0,50689.0,50692.0,50694.0,50684.0
1140,50690.3,50693.0,50685.0,50694.0,50694.0,50685.0,50693.0,50689.0,50692.0,50694.0,50684.0
1141,50690.3,50693.0,50685.0,50694.0,50694.0,50685.0,50693.0,50689.0,50692.0,50694.0,50684.0
1142,50690.3,50693.0,50685.0,50694.0,50694.0,50685.0,50693.0,50689.0,50692.0,50694.0,50684.0
1143,50690.3,50693.0,50685.0,50694.0,50694.0,50685.0,50693.0,50689.0,50692.0,50694.0,50684.0
1144,50690.3,50693.0,50685.0,50694.0,50694.0,50685.0,50693.0,50689.0,50692.0,50694.0,50684.0
1145,50690.3,50693.0,50685.0,50694.0,50694.0,50685.0,50693.0,50689.0,50692.0,50694.0,50684.0
1146,50690.3,50693.0,50685.0,50694.0,50694.0,50685.0,50693.0,50689.0,50692.0,50694.0,50684.0
1147,50690.3,50693.0,50685.0,50694.0,50694.0,50685.0,50693.0,50689.0,50692.0,50694.0,50684.0
1148,50690.3,50693.0,50685.0,50694.0,50694.0,50685.0,50693.0,50689.0,50692.0,50694.0,50684.0
1149,50690.3,50693.0,50685.0,50694.0,50694.0,50685.0,50693.0,50689.0,50692.0,50694.0,50684.0
1150,50690.3,50693.0,50685.0,50694.0,50694.0,50685.0,50693.0,50689.0,50692.0,50694.0,50684.0
1151,50690.3,50693.0,50685.0,50694.0,50694.0,50685.0,50693.0,50689.0,50692.0,50694.0,50684.0
1152,50690.3,50693.0,50685.0,50694.0,50694.0,50685.0,50693.0,50689.0,50692.0,50694.0,50684.0
1153,50690.3,50693.0,50685.0,50694.0,50694.0,50685.0,50693.0,50689.0,50692.0,50694.0,50684.0
1154,50690.3,50693.0,50685.0,50694.0,50694.0,50685.0,50693.0,50689.0,50692.0,50694.0,50684.0
1155,50690.3,50693.0,50685.0,50694.0,50694.0,50685.0,50693.0,50689.0,50692.0,50694.0,50684.0
1156,50690.3,50693.0,50685.0,50694.0,50694.0,50685.0,50693.0,50689.0,50692.0,50694.0,50684.0
1157,50690.3,50693.0,50685.0,50694.0,50694.0,50685.0,50693.0,50689.0,50692.0,50694.0,50684.0
1158,50690.3,50693.0,50685.0,50694.0,50694.0,50685.0,50693.0,50689.0,50692.0,50694.0,50684.0
1159,50690.3,50693.0,50685.0,50694.0,50694.0,50685.0,50693.0,50689.0,50692.0,50694.0,50684.0
1160,50690.3,50693.0,50685.0,50694.0,50694.0,50685.0,50693.0,50689.0,50692.0,50694.0,50684.0
1161,50690.3,50693.0,50685.0,50694.0,50694.0,50685.0,50693.0,50689.0,50692.0,50694.0,50684.0
1162,50690.3,50693.0,50685.0,50694.0,50694.0,50685.0,50693.0,50689.0,50692.0,50694.0,50684.0
1163,50690.3,50693.0,50685.0,50694.0,50694.0,50685.0,50693.0,50689.0,50692.0,50694.0,50684.0
1164,50690.3,50693.0,50685.0,50694.0,50694.0,50685.0,50693.0,50689.0,50692.0,50694.0,50684.0
1165,50690.3,50693.0,50685.0,50694.0,50694.0,50685.0,50693.0,50689.0,50692.0,50694.0,50684.0
1166,50690.3,50693.0,50685.0,50694.0,50694.0,50685.0,50693.0,50689.0,50692.0,50694.0,50684.0
1167,50690.3,50693.0,50685.0,50694.0,50694.0,50685.0,50693.0,50689.0,50692.0,50694.0,50684.0
1168,50690.3,50693.0,50685.0,50694.0,50694.0,50685.0,50693.0,50689.0,50692.0,50694.0,50684.0
1169,50690.3,50693.0,50685.0,50694.0,50694.0,50685.0,50693.0,50689.0,50692.0,50694.0,50684.0
1170,50690.3,50693.0,50685.0,50694.0,50694.0,50685.0,50693.0,50689.0,50692.0,50694.0,50684.0
1171,50690.3,50693.0,50685.0,50694.0,50694.0,50685.0,50693.0,50689.0,50692.0,50694.0,50684.0
1172,50690.3,50693.0,50685.0,50694.0,50694.0,50685.0,50693.0,50689.0,50692.0,50694.0,50684.0
1173,50690.3,50693.0,50685.0,50694.0,50694.0,50685.0,50693.0,50689.0,50692.0,50694.0,50684.0
1174,50690.3,50693.0,50685.0,50694.0,50694.0,50685.0,50693.0,50689.0,50692.0,50694.0,50684.0
1175,50690.3,50693.0,50685.0,50694.0,50694.0,50685.0,50693.0,50689.0,50692.0,50694.0,50684.0
1176,50690.3,50693.0,50685.0,50694.0,50694.0,50685.0,50693.0,50689.0,50692.0,50694.0,50684.0
1177,50690.3,50693.0,50685.0,50694.0,50694.0,50685.0,50693.0,50689.0,50692.0,50694.0,50684.0
1178,50690.3,50693.0,50685.0,50694.0,50694.0,50685.0,50693.0,50689.0,50692.0,50694.0,50684.0
1179,50690.3,50693.0,50685.0,50694.0,50694.0,50685.0,50693.0,50689.0,50692.0,50694.0,50684.0
1180,50690.3,50693.0,50685.0,50694.0,50694.0,50685.0,50693.0,50689.0,50692.0,50694.0,50684.0
1181,50690.3,50693.0,50685.0,50694.0,50694.0,50685.0,50693.0,50689.0,50692.0,50694.0,50684.0
1182,50690.3,50693.0,50685.0,50694.0,50694.0,50685.0,50693.0,50689.0,50692.0,50694.0,50684.0
1183,50690.3,50693.0,50685.0,50694.0,50694.0,50685.0,50693.0,50689.0,50692.0,50694.0,50684.0
1184,50690.3,50693.0,50685.0,50694.0,50694.0,50685.0,50693.0,50689.0,50692.0,50694.0,50684.0
1185,50690.3,50693.0,50685.0,50694.0,50694.0,50685.0,50693.0,50689.0,50692.0,50694.0,50684.0
1186,50690.3,50693.0,50685.0,50694.0,50694.0,50685.0,50693.0,50689.0,50692.0,50694.0,50684.0
1187,50690.3,50693.0,50685.0,50694.0,50694.0,50685.0,50693.0,50689.0,50692.0,50694.0,50684.0
1188,50690.3,50693.0,50685.0,50694.0,50694.0,50685.0,50693.0,50689.0,50692.0,50694.0,50684.0
1189,50690.3,50693.0,50685.0,50694.0,50694.0,50685.0,50693.0,50689.0,50692.0,50694.0,50684.0
1190,50690.3,50693.0,50685.0,50694.0,50694.0,50685.0,50693.0,50689.0,50692.0,50694.0,50684.0
1191,50690.3,50693.0,50685.0,50694.0,50694.0,50685.0,50693.0,50689.0,50692.0,50694.0,50684.0
1192,50690.3,50693.0,50685.0,50694.0,50694.0,50685.0,50693.0,50689.0,50692.0,50694.0,50684.0
1193,50690.3,50693.0,50685.0,50694.0,50694.0,50685.0,50693.0,50689.0,50692.0,50694.0,50684.0
1194,50690.3,50693.0,50685.0,50694.0,50694.0,50685.0,50693.0,50689.0,50692.0,50694.0,50684.0
1195,50690.3,50693.0,50685.0,50694.0,50694.0,50685.0,50693.0,50689.0,50692.0,50694.0,50684.0
1196,50690.3,50693.0,50685.0,50694.0,50694.0,50685.0,50693.0,50689.0,50692.0,50694.0,50684.0
1197,50690.3,50693.0,50685.0,50694.0,50694.0,50685.0,50693.0,50689.0,50692.0,50694.0,50684.0
1198,50690.3,50693.0,50685.0,50694.0,50694.0,50685.0,50693.0,50689.0,50692.0,50694.0,50684.0
1199,50690.3,50693.0,50685.0,50694.0,50694.0,50685.0,50693.0,50689.0,50692.0,50694.0,50684.0
1200,50690.3,50693.0,50685.0,50694.0,50694.0,50685.0,50693.0,50689.0,50692.0,50694.0,50684.0
1201,50690.3,50693.0,50685.0,50694.0,50694.0,50685.0,50693.0,50689.0,50692.0,50694.0,50684.0
1202,50690.3,50693.0,50685.0,50694.0,50694.0,50685.0,50693.0,50689.0,50692.0,50694.0,50684.0
1203,50690.3,50693.0,50685.0,50694.0,50694.0,50685.0,50693.0,50689.0,50692.0,50694.0,50684.0
1204,50690.3,50693.0,50685.0,50694.0,50694.0,50685.0,50693.0,50689.0,50692.0,50694.0,50684.0
1205,50690.3,50693.0,50685.0,50694.0,50694.0,50685.0,50693.0,50689.0,50692.0,50694.0,50684.0
1206,50690.3,50693.0,50685.0,50694.0,50694.0,50685.0,50693.0,50689.0,50692.0,50694.0,50684.0
1207,50690.3,50693.0,50685.0,50694.0,50694.0,50685.0,50693.0,50689.0,50692.0,50694.0,50684.0
1208,50690.3,50693.0,50685.0,50694.0,50694.0,50685.0,50693.0,50689.0,50692.0,50694.0,50684.0
1209,50690.3,50693.0,50685.0,50694.0,50694.0,50685.0,50693.0,50689.0,50692.0,50694.0,50684.0
1210,50690.3,50693.0,50685.0,50694.0,50694.0,50685.0,50693.0,50689.0,50692.0,50694.0,50684.0
1211,50690.3,50693.0,50685.0,50694.0,50694.0,50685.0,50693.0,50689.0,50692.0,50694.0,50684.0
1212,50690.3,50693.0,50685.0,50694.0,50694.0,50685.0,50693.0,50689.0,50692.0,50694.0,50684.0
1213,50690.3,50693.0,50685.0,50694.0,50694.0,50685.0,50693.0,50689.0,50692.0,50694.0,50684.0
1214,50690.3,50693.0,50685.0,50694.0,50694.0,50685.0,50693.0,50689.0,50692.0,50694.0,50684.0
1215,50690.3,50693.0,50685.0,50694.0,50694.0,50685.0,50693.0,50689.0,50692.0,50694.0,50684.0
1216,50690.3,50693.0,50685.0,50694.0,50694.0,50685.0,50693.0,50689.0,50692.0,50694.0,50684.0
1217,50690.3,50693.0,50685.0,50694.0,50694.0,50685.0,50693.0,50689.0,50692.0,50694.0,50684.0
1218,50690.3,50693.0,50685.0,50694.0,50694.0,50685.0,50693.0,50689.0,50692.0,50694.0,50684.0
1219,50690.3,50693.0,50685.0,50694.0,50694.0,50685.0,50693.0,50689.0,50692.0,50694.0,50684.0
1220,50690.3,50693.0,50685.0,50694.0,50694.0,50685.0,50693.0,50689.0,50692.0,50694.0,50684.0
1221,50690.3,50693.0,50685.0,50694.0,50694.0,50685.0,50693.0,50689.0,50692.0,50694.0,50684.0
1222,50690.3,50693.0,50685.0,50694.0,50694.0,50685.0,50693.0,50689.0,50692.0,50694.0,50684.0
1223,50690.3,50693.0,50685.0,50694.0,50694.0,50685.0,50693.0,50689.0,50692.0,50694.0,50684.0
1224,50690.3,50693.0,50685.0,50694.0,50694.0,50685.0,50693.0,50689.0,50692.0,50694.0,50684.0
1225,50690.3,50693.0,50685.0,50694.0,50694.0,50685.0,50693.0,50689.0,50692.0,50694.0,50684.0
1226,50690.3,50693.0,50685.0,50694.0,50694.0,50685.0,50693.0,50689.0,50692.0,50694.0,50684.0
1227,50690.3,50693.0,50685.0,50694.0,50694.0,50685.0,50693.0,50689.0,50692.0,50694.0,50684.0
1228,50690.3,50693.0,50685.0,50694.0,50694.0,50685.0,50693.0,50689.0,50692.0,50694.0,50684.0
1229,50690.3,50693.0,50685.0,50694.0,50694.0,50685.0,50693.0,50689.0,50692.0,50694.0,50684.0
1230,50690.3,50693.0,50685.0,50694.0,50694.0,50685.0,50693.0,50689.0,50692.0,50694.0,50684.0
1231,50690.3,50693.0,50685.0,50694.0,50694.0,50685.0,50693.0,50689.0,50692.0,50694.0,50684.0
1232,50690.3,50693.0,50685.0,50694.0,50694.0,50685.0,50693.0,50689.0,50692.0,50694.0,50684.0
1233,50690.3,50693.0,50685.0,50694.0,50694.0,50685.0,50693.0,50689.0,50692.0,50694.0,50684.0
1234,50690.3,50693.0,50685.0,50694.0,50694.0,50685.0,50693.0,50689.0,50692.0,50694.0,50684.0
1235,50690.3,50693.0,50685.0,50694.0,50694.0,50685.0,50693.0,50689.0,50692.0,50694.0,50684.0
1236,50690.3,50693.0,50685.0,50694.0,50694.0,50685.0,50693.0,50689.0,50692.0,50694.0,50684.0
1237,50690.3,50693.0,50685.0,50694.0,50694.0,50685.0,50693.0,50689.0,50692.0,50694.0,50684.0
1238,50690.3,50693.0,50685.0,50694.0,50694.0,50685.0,50693.0,50689.0,50692.0,50694.0,50684.0
1239,50690.3,50693.0,50685.0,50694.0,50694.0,50685.0,50693.0,50689.0,50692.0,50694.0,50684.0
1240,50690.3,50693.0,50685.0,50694.0,50694.0,50685.0,50693.0,50689.0,50692.0,50694.0,50684.0
1241,50690.3,50693.0,50685.0,50694.0,50694.0,50685.0,50693.0,50689.0,50692.0,50694.0,50684.0
1242,50690.3,50693.0,50685.0,50694.0,50694.0,50685.0,50693.0,50689.0,50692.0,50694.0,50684.0
1243,50690.3,50693.0,50685.0,50694.0,50694.0,50685.0,50693.0,50689.0,50692.0,50694.0,50684.0
1244,50690.3,50693.0,50685.0,50694.0,50694.0,50685.0,50693.0,50689.0,50692.0,50694.0,50684.0
1245,50690.3,50693.0,50685.0,50694.0,50694.0,50685.0,50693.0,50689.0,50692.0,50694.0,50684.0
1246,50690.3,50693.0,50685.0,50694.0,50694.0,50685.0,50693.0,50689.0,50692.0,50694.0,50684.0
1247,50690.3,50693.0,50685.0,50694.0,50694.0,50685.0,50693.0,50689.0,50692.0,50694.0,50684.0
1248,50690.3,50693.0,50685.0,50694.0,50694.0,50685.0,50693.0,50689.0,50692.0,50694.0,50684.0
1249,50690.3,50693.0,50685.0,50694.0,50694.0,50685.0,50693.0,50689.0,50692.0,50694.0,50684.0
1250,50690.3,50693.0,50685.0,50694.0,50694.0,50685.0,50693.0,50689.0,50692.0,50694.0,50684.0
1251,50690.3,50693.0,50685.0,50694.0,50694.0,50685.0,50693.0,50689.0,50692.0,50694.0,50684.0
1252,50690.3,50693.0,50685.0,50694.0,50694.0,50685.0,50693.0,50689.0,50692.0,50694.0,50684.0
1253,50690.3,50693.0,50685.0,50694.0,50694.0,50685.0,50693.0,50689.0,50692.0,50694.0,50684.0
1254,50690.3,50693.0,50685.0,50694.0,50694.0,50685.0,50693.0,50689.0,50692.0,50694.0,50684.0
1255,50690.3,50693.0,50685.0,50694.0,50694.0,50685.0,50693.0,50689.0,50692.0,50694.0,50684.0
1256,50690.3,50693.0,50685.0,50694.0,50694.0,50685.0,50693.0,50689.0,50692.0,50694.0,50684.0
1257,50690.3,50693.0,50685.0,50694.0,50694.0,50685.0,50693.0,50689.0,50692.0,50694.0,50684.0
1258,50690.3,50693.0,50685.0,50694.0,50694.0,50685.0,50693.0,50689.0,50692.0,50694.0,50684.0
1259,50690.3,50693.0,50685.0,50694.0,50694.0,50685.0,50693.0,50689.0,50692.0,50694.0,50684.0
1260,50690.3,50693.0,50685.0,50694.0,50694.0,50685.0,50693.0,50689.0,50692.0,50694.0,50684.0
1261,50690.3,50693.0,50685.0,50694.0,50694.0,50685.0,50693.0,50689.0,50692.0,50694.0,50684.0
1262,50690.3,50693.0,50685.0,50694.0,50694.0,50685.0,50693.0,50689.0,50692.0,50694.0,50684.0
1263,50690.3,50693.0,50685.0,50694.0,50694.0,50685.0,50693.0,50689.0,50692.0,50694.0,50684.0
1264,50690.3,50693.0,50685.0,50694.0,50694.0,50685.0,50693.0,50689.0,50692.0,50694.0,50684.0
1265,50690.3,50693.0,50685.0,50694.0,50694.0,50685.0,50693.0,50689.0,50692.0,50694.0,50684.0
1266,50690.3,50693.0,50685.0,50694.0,50694.0,50685.0,50693.0,50689.0,50692.0,50694.0,50684.0
1267,50690.3,50693.0,50685.0,50694.0,50694.0,50685.0,50693.0,50689.0,50692.0,50694.0,50684.0
1268,50690.3,50693.0,50685.0,50694.0,50694.0,50685.0,50693.0,50689.0,50692.0,50694.0,50684.0
1269,50690.3,50693.0,50685.0,50694.0,50694.0,50685.0,50693.0,50689.0,50692.0,50694.0,50684.0
1270,50690.3,50693.0,50685.0,50694.0,50694.0,50685.0,50693.0,50689.0,50692.0,50694.0,50684.0
1271,50690.3,50693.0,50685.0,50694.0,50694.0,50685.0,50693.0,50689.0,50692.0,50694.0,50684.0
1272,50690.3,50693.0,50685.0,50694.0,50694.0,50685.0,50693.0,50689.0,50692.0,50694.0,50684.0
1273,50690.3,50693.0,50685.0,50694.0,50694.0,50685.0,50693.0,50689.0,50692.0,50694.0,50684.0
1274,50690.3,50693.0,50685.0,50694.0,50694.0,50685.0,50693.0,50689.0,50692.0,50694.0,50684.0
1275,50690.3,50693.0,50685.0,50694.0,50694.0,50685.0,50693.0,50689.0,50692.0,50694.0,50684.0
1276,50690.3,50693.0,50685.0,50694.0,50694.0,50685.0,50693.0,50689.0,50692.0,50694.0,50684.0
1277,50690.3,50693.0,50685.0,50694.0,50694.0,50685.0,50693.0,50689.0,50692.0,50694.0,50684.0
1278,50690.3,50693.0,50685.0,50694.0,50694.0,50685.0,50693.0,50689.0,50692.0,50694.0,50684.0
1279,50690.3,50693.0,50685.0,50694.0,50694.0,50685.0,50693.0,50689.0,50692.0,50694.0,50684.0
1280,50690.3,50693.0,50685.0,50694.0,50694.0,50685.0,50693.0,50689.0,50692.0,50694.0,50684.0
1281,50690.3,50693.0,50685.0,50694.0,50694.0,50685.0,50693.0,50689.0,50692.0,50694.0,50684.0
1282,50690.3,50693.0,50685.0,50694.0,50694.0,50685.0,50693.0,50689.0,50692.0,50694.0,50684.0
1283,50690.3,50693.0,50685.0,50694.0,50694.0,50685.0,50693.0,50689.0,50692.0,50694.0,50684.0
1284,50690.3,50693.0,50685.0,50694.0,50694.0,50685.0,50693.0,50689.0,50692.0,50694.0,50684.0
1285,50690.3,50693.0,50685.0,50694.0,50694.0,50685.0,50693.0,50689.0,50692.0,50694.0,50684.0
1286,50690.3,50693.0,50685.0,50694.0,50694.0,50685.0,50693.0,50689.0,50692.0,50694.0,50684.0
1287,50690.3,50693.0,50685.0,50694.0,50694.0,50685.0,50693.0,50689.0,50692.0,50694.0,50684.0
1288,50690.3,50693.0,50685.0,50694.0,50694.0,50685.0,50693.0,50689.0,50692.0,50694.0,50684.0
1289,50690.3,50693.0,50685.0,50694.0,50694.0,50685.0,50693.0,50689.0,50692.0,50694.0,50684.0
1290,50690.3,50693.0,50685.0,50694.0,50694.0,50685.0,50693.0,50689.0,50692.0,50694.0,50684.0
1291,50690.3,50693.0,50685.0,50694.0,50694.0,50685.0,50693.0,50689.0,50692.0,50694.0,50684.0
1292,50690.3,50693.0,50685.0,50694.0,50694.0,50685.0,50693.0,50689.0,50692.0,50694.0,50684.0
1293,50690.3,50693.0,50685.0,50694.0,50694.0,50685.0,50693.0,50689.0,50692.0,50694.0,50684.0
1294,50690.3,50693.0,50685.0,50694.0,50694.0,50685.0,50693.0,50689.0,50692.0,50694.0,50684.0
1295,50690.3,50693.0,50685.0,50694.0,50694.0,50685.0,50693.0,50689.0,50692.0,50694.0,50684.0
1296,50690.3,50693.0,50685.0,50694.0,50694.0,50685.0,50693.0,50689.0,50692.0,50694.0,50684.0
1297,50690.3,50693.0,50685.0,50694.0,50694.0,50685.0,50693.0,50689.0,50692.0,50694.0,50684.0
1298,50690.3,50693.0,50685.0,50694.0,50694.0,50685.0,50693.0,50689.0,50692.0,50694.0,50684.0
1299,50690.3,50693.0,50685.0,50694.0,50694.0,50685.0,50693.0,50689.0,50692.0,50694.0,50684.0
1300,50690.3,50693.0,50685.0,50694.0,50694.0,50685.0,50693.0,50689.0,50692.0,50694.0,50684.0
1301,50690.3,50693.0,50685.0,50694.0,50694.0,50685.0,50693.0,50689.0,50692.0,50694.0,50684.0
1302,50690.3,50693.0,50685.0,50694.0,50694.0,50685.0,50693.0,50689.0,50692.0,50694.0,50684.0
1303,50690.3,50693.0,50685.0,50694.0,50694.0,50685.0,50693.0,50689.0,50692.0,50694.0,50684.0
1304,50690.3,50693.0,50685.0,50694.0,50694.0,50685.0,50693.0,50689.0,50692.0,50694.0,50684.0
1305,50690.3,50693.0,50685.0,50694.0,50694.0,50685.0,50693.0,50689.0,50692.0,50694.0,50684.0
1306,50690.3,50693.0,50685.0,50694.0,50694.0,50685.0,50693.0,50689.0,50692.0,50694.0,50684.0
1307,50690.3,50693.0,50685.0,50694.0,50694.0,50685.0,50693.0,50689.0,50692.0,50694.0,50684.0
1308,50690.3,50693.0,50685.0,50694.0,50694.0,50685.0,50693.0,50689.0,50692.0,50694.0,50684.0
1309,50690.3,50693.0,50685.0,50694.0,50694.0,50685.0,50693.0,50689.0,50692.0,50694.0,50684.0
1310,50690.3,50693.0,50685.0,50694.0,50694.0,50685.0,50693.0,50689.0,50692.0,50694.0,50684.0
1311,50690.3,50693.0,50685.0,50694.0,50694.0,50685.0,50693.0,50689.0,50692.0,50694.0,50684.0
1312,50690.3,50693.0,50685.0,50694.0,50694.0,50685.0,50693.0,50689.0,50692.0,50694.0,50684.0
1313,50690.3,50693.0,50685.0,50694.0,50694.0,50685.0,50693.0,50689.0,50692.0,50694.0,50684.0
1314,50690.3,50693.0,50685.0,50694.0,50694.0,50685.0,50693.0,50689.0,50692.0,50694.0,50684.0
1315,50690.3,50693.0,50685.0,50694.0,50694.0,50685.0,50693.0,50689.0,50692.0,50694.0,50684.0
1316,50690.3,50693.0,50685.0,50694.0,50694.0,50685.0,50693.0,50689.0,50692.0,50694.0,50684.0
1317,50690.3,50693.0,50685.0,50694.0,50694.0,50685.0,50693.0,50689.0,50692.0,50694.0,50684.0
1318,50690.3,50693.0,50685.0,50694.0,50694.0,50685.0,50693.0,50689.0,50692.0,50694.0,50684.0
1319,50690.3,50693.0,50685.0,50694.0,50694.0,50685.0,50693.0,50689.0,50692.0,50694.0,50684.0
1320,50690.3,50693.0,50685.0,50694.0,50694.0,50685.0,50693.0,50689.0,50692.0,50694.0,50684.0
1321,50690.3,50693.0,50685.0,50694.0,50694.0,50685.0,50693.0,50689.0,50692.0,50694.0,50684.0
1322,50690.3,50693.0,50685.0,50694.0,50694.0,50685.0,50693.0,50689.0,50692.0,50694.0,50684.0
1323,50690.3,50693.0,50685.0,50694.0,50694.0,50685.0,50693.0,50689.0,50692.0,50694.0,50684.0
1324,50690.3,50693.0,50685.0,50694.0,50694.0,50685.0,50693.0,50689.0,50692.0,50694.0,50684.0
1325,50690.3,50693.0,50685.0,50694.0,50694.0,50685.0,50693.0,50689.0,50692.0,50694.0,50684.0
1326,50690.3,50693.0,50685.0,50694.0,50694.0,50685.0,50693.0,50689.0,50692.0,50694.0,50684.0
1327,50690.3,50693.0,50685.0,50694.0,50694.0,50685.0,50693.0,50689.0,50692.0,50694.0,50684.0
1328,50690.3,50693.0,50685.0,50694.0,50694.0,50685.0,50693.0,50689.0,50692.0,50694.0,50684.0
1329,50690.3,50693.0,50685.0,50694.0,50694.0,50685.0,50693.0,50689.0,50692.0,50694.0,50684.0
1330,50690.3,50693.0,50685.0,50694.0,50694.0,50685.0,50693.0,50689.0,50692.0,50694.0,50684.0
1331,50690.3,50693.0,50685.0,50694.0,50694.0,50685.0,50693.0,50689.0,50692.0,50694.0,50684.0
1332,50690.3,50693.0,50685.0,50694.0,50694.0,50685.0,50693.0,50689.0,50692.0,50694.0,50684.0
1333,50690.3,50693.0,50685.0,50694.0,50694.0,50685.0,50693.0,50689.0,50692.0,50694.0,50684.0
1334,50690.3,50693.0,50685.0,50694.0,50694.0,50685.0,50693.0,50689.0,50692.0,50694.0,50684.0
1335,50690.3,50693.0,50685.0,50694.0,50694.0,50685.0,50693.0,50689.0,50692.0,50694.0,50684.0
1336,50690.3,50693.0,50685.0,50694.0,50694.0,50685.0,50693.0,50689.0,50692.0,50694.0,50684.0
1337,50690.3,50693.0,50685.0,50694.0,50694.0,50685.0,50693.0,50689.0,50692.0,50694.0,50684.0
1338,50690.3,50693.0,50685.0,50694.0,50694.0,50685.0,50693.0,50689.0,50692.0,50694.0,50684.0
1339,50690.3,50693.0,50685.0,50694.0,50694.0,50685.0,50693.0,50689.0,50692.0,50694.0,50684.0
1340,50690.3,50693.0,50685.0,50694.0,50694.0,50685.0,50693.0,50689.0,50692.0,50694.0,50684.0
1341,50690.3,50693.0,50685.0,50694.0,50694.0,50685.0,50693.0,50689.0,50692.0,50694.0,50684.0
1342,50690.3,50693.0,50685.0,50694.0,50694.0,50685.0,50693.0,50689.0,50692.0,50694.0,50684.0
1343,50690.3,50693.0,50685.0,50694.0,50694.0,50685.0,50693.0,50689.0,50692.0,50694.0,50684.0
1344,50690.3,50693.0,50685.0,50694.0,50694.0,50685.0,50693.0,50689.0,50692.0,50694.0,50684.0
1345,50690.3,50693.0,50685.0,50694.0,50694.0,50685.0,50693.0,50689.0,50692.0,50694.0,50684.0
1346,50690.3,50693.0,50685.0,50694.0,50694.0,50685.0,50693.0,50689.0,50692.0,50694.0,50684.0
1347,50690.3,50693.0,50685.0,50694.0,50694.0,50685.0,50693.0,50689.0,50692.0,50694.0,50684.0
1348,50690.3,50693.0,50685.0,50694.0,50694.0,50685.0,50693.0,50689.0,50692.0,50694.0,50684.0
1349,50690.3,50693.0,50685.0,50694.0,50694.0,50685.0,50693.0,50689.0,50692.0,50694.0,50684.0
1350,50690.3,50693.0,50685.0,50694.0,50694.0,50685.0,50693.0,50689.0,50692.0,50694.0,50684.0
1351,50690.3,50693.0,50685.0,50694.0,50694.0,50685.0,50693.0,50689.0,50692.0,50694.0,50684.0
1352,50690.3,50693.0,50685.0,50694.0,50694.0,50685.0,50693.0,50689.0,50692.0,50694.0,50684.0
1353,50690.3,50693.0,50685.0,50694.0,50694.0,50685.0,50693.0,50689.0,50692.0,50694.0,50684.0
1354,50690.3,50693.0,50685.0,50694.0,50694.0,50685.0,50693.0,50689.0,50692.0,50694.0,50684.0
1355,50690.3,50693.0,50685.0,50694.0,50694.0,50685.0,50693.0,50689.0,50692.0,50694.0,50684.0
1356,50690.3,50693.0,50685.0,50694.0,50694.0,50685.0,50693.0,50689.0,50692.0,50694.0,50684.0
1357,50690.3,50693.0,50685.0,50694.0,50694.0,50685.0,50693.0,50689.0,50692.0,50694.0,50684.0
1358,50690.3,50693.0,50685.0,50694.0,50694.0,50685.0,50693.0,50689.0,50692.0,50694.0,50684.0
1359,50690.3,50693.0,50685.0,50694.0,50694.0,50685.0,50693.0,50689.0,50692.0,50694.0,50684.0
1360,50690.3,50693.0,50685.0,50694.0,50694.0,50685.0,50693.0,50689.0,50692.0,50694.0,50684.0
1361,50690.3,50693.0,50685.0,50694.0,50694.0,50685.0,50693.0,50689.0,50692.0,50694.0,50684.0
1362,50690.3,50693.0,50685.0,50694.0,50694.0,50685.0,50693.0,50689.0,50692.0,50694.0,50684.0
1363,50690.3,50693.0,50685.0,50694.0,50694.0,50685.0,50693.0,50689.0,50692.0,50694.0,50684.0
1364,50690.3,50693.0,50685.0,50694.0,50694.0,50685.0,50693.0,50689.0,50692.0,50694.0,50684.0
1365,50690.3,50693.0,50685.0,50694.0,50694.0,50685.0,50693.0,50689.0,50692.0,50694.0,50684.0
1366,50690.3,50693.0,50685.0,50694.0,50694.0,50685.0,50693.0,50689.0,50692.0,50694.0,50684.0
1367,50690.3,50693.0,50685.0,50694.0,50694.0,50685.0,50693.0,50689.0,50692.0,50694.0,50684.0
1368,50690.3,50693.0,50685.0,50694.0,50694.0,50685.0,50693.0,50689.0,50692.0,50694.0,50684.0
1369,50690.3,50693.0,50685.0,50694.0,50694.0,50685.0,50693.0,50689.0,50692.0,50694.0,50684.0
1370,50690.3,50693.0,50685.0,50694.0,50694.0,50685.0,50693.0,50689.0,50692.0,50694.0,50684.0
1371,50690.3,50693.0,50685.0,50694.0,50694.0,50685.0,50693.0,50689.0,50692.0,50694.0,50684.0
1372,50690.3,50693.0,50685.0,50694.0,50694.0,50685.0,50693.0,50689.0,50692.0,50694.0,50684.0
1373,50690.3,50693.0,50685.0,50694.0,50694.0,50685.0,50693.0,50689.0,50692.0,50694.0,50684.0
1374,50690.3,50693.0,50685.0,50694.0,50694.0,50685.0,50693.0,50689.0,50692.0,50694.0,50684.0
1375,50690.3,50693.0,50685.0,50694.0,50694.0,50685.0,50693.0,50689.0,50692.0,50694.0,50684.0
1376,50690.3,50693.0,50685.0,50694.0,50694.0,50685.0,50693.0,50689.0,50692.0,50694.0,50684.0
1377,50690.3,50693.0,50685.0,50694.0,50694.0,50685.0,50693.0,50689.0,50692.0,50694.0,50684.0
1378,50690.3,50693.0,50685.0,50694.0,50694.0,50685.0,50693.0,50689.0,50692.0,50694.0,50684.0
1379,50690.3,50693.0,50685.0,50694.0,50694.0,50685.0,50693.0,50689.0,50692.0,50694.0,50684.0
1380,50690.3,50693.0,50685.0,50694.0,50694.0,50685.0,50693.0,50689.0,50692.0,50694.0,50684.0
1381,50690.3,50693.0,50685.0,50694.0,50694.0,50685.0,50693.0,50689.0,50692.0,50694.0,50684.0
1382,50690.3,50693.0,50685.0,50694.0,50694.0,50685.0,50693.0,50689.0,50692.0,50694.0,50684.0
1383,50690.3,50693.0,50685.0,50694.0,50694.0,50685.0,50693.0,50689.0,50692.0,50694.0,50684.0
1384,50690.3,50693.0,50685.0,50694.0,50694.0,50685.0,50693.0,50689.0,50692.0,50694.0,50684.0
1385,50690.3,50693.0,50685.0,50694.0,50694.0,50685.0,50693.0,50689.0,50692.0,50694.0,50684.0
1386,50690.3,50693.0,50685.0,50694.0,50694.0,50685.0,50693.0,50689.0,50692.0,50694.0,50684.0
1387,50690.3,50693.0,50685.0,50694.0,50694.0,50685.0,50693.0,50689.0,50692.0,50694.0,50684.0
1388,50690.3,50693.0,50685.0,50694.0,50694.0,50685.0,50693.0,50689.0,50692.0,50694.0,50684.0
1389,50690.3,50693.0,50685.0,50694.0,50694.0,50685.0,50693.0,50689.0,50692.0,50694.0,50684.0
1390,50690.3,50693.0,50685.0,50694.0,50694.0,50685.0,50693.0,50689.0,50692.0,50694.0,50684.0
1391,50690.3,50693.0,50685.0,50694.0,50694.0,50685.0,50693.0,50689.0,50692.0,50694.0,50684.0
1392,50690.3,50693.0,50685.0,50694.0,50694.0,50685.0,50693.0,50689.0,50692.0,50694.0,50684.0
1393,50690.3,50693.0,50685.0,50694.0,50694.0,50685.0,50693.0,50689.0,50692.0,50694.0,50684.0
1394,50690.3,50693.0,50685.0,50694.0,50694.0,50685.0,50693.0,50689.0,50692.0,50694.0,50684.0
1395,50690.3,50693.0,50685.0,50694.0,50694.0,50685.0,50693.0,50689.0,50692.0,50694.0,50684.0
1396,50690.3,50693.0,50685.0,50694.0,50694.0,50685.0,50693.0,50689.0,50692.0,50694.0,50684.0
1397,50690.3,50693.0,50685.0,50694.0,50694.0,50685.0,50693.0,50689.0,50692.0,50694.0,50684.0
1398,50690.3,50693.0,50685.0,50694.0,50694.0,50685.0,50693.0,50689.0,50692.0,50694.0,50684.0
1399,50690.3,50693.0,50685.0,50694.0,50694.0,50685.0,50693.0,50689.0,50692.0,50694.0,50684.0
1400,50690.3,50693.0,50685.0,50694.0,50694.0,50685.0,50693.0,50689.0,50692.0,50694.0,50684.0
1401,50690.3,50693.0,50685.0,50694.0,50694.0,50685.0,50693.0,50689.0,50692.0,50694.0,50684.0
1402,50690.3,50693.0,50685.0,50694.0,50694.0,50685.0,50693.0,50689.0,50692.0,50694.0,50684.0
1403,50690.3,50693.0,50685.0,50694.0,50694.0,50685.0,50693.0,50689.0,50692.0,50694.0,50684.0
1404,50690.3,50693.0,50685.0,50694.0,50694.0,50685.0,50693.0,50689.0,50692.0,50694.0,50684.0
1405,50690.3,50693.0,50685.0,50694.0,50694.0,50685.0,50693.0,50689.0,50692.0,50694.0,50684.0
1406,50690.3,50693.0,50685.0,50694.0,50694.0,50685.0,50693.0,50689.0,50692.0,50694.0,50684.0
1407,50690.3,50693.0,50685.0,50694.0,50694.0,50685.0,50693.0,50689.0,50692.0,50694.0,50684.0
1408,50690.3,50693.0,50685.0,50694.0,50694.0,50685.0,50693.0,50689.0,50692.0,50694.0,50684.0
1409,50690.3,50693.0,50685.0,50694.0,50694.0,50685.0,50693.0,50689.0,50692.0,50694.0,50684.0
1410,50690.3,50693.0,50685.0,50694.0,50694.0,50685.0,50693.0,50689.0,50692.0,50694.0,50684.0
1411,50690.3,50693.0,50685.0,50694.0,50694.0,50685.0,50693.0,50689.0,50692.0,50694.0,50684.0
1412,50690.3,50693.0,50685.0,50694.0,50694.0,50685.0,50693.0,50689.0,50692.0,50694.0,50684.0
1413,50690.3,50693.0,50685.0,50694.0,50694.0,50685.0,50693.0,50689.0,50692.0,50694.0,50684.0
1414,50690.3,50693.0,50685.0,50694.0,50694.0,50685.0,50693.0,50689.0,50692.0,50694.0,50684.0
1415,50690.3,50693.0,50685.0,50694.0,50694.0,50685.0,50693.0,50689.0,50692.0,50694.0,50684.0
1416,50690.3,50693.0,50685.0,50694.0,50694.0,50685.0,50693.0,50689.0,50692.0,50694.0,50684.0
1417,50690.3,50693.0,50685.0,50694.0,50694.0,50685.0,50693.0,50689.0,50692.0,50694.0,50684.0
1418,50690.3,50693.0,50685.0,50694.0,50694.0,50685.0,50693.0,50689.0,50692.0,50694.0,50684.0
1419,50690.3,50693.0,50685.0,50694.0,50694.0,50685.0,50693.0,50689.0,50692.0,50694.0,50684.0
1420,50690.3,50693.0,50685.0,50694.0,50694.0,50685.0,50693.0,50689.0,50692.0,50694.0,50684.0
1421,50690.3,50693.0,50685.0,50694.0,50694.0,50685.0,50693.0,50689.0,50692.0,50694.0,50684.0
1422,50690.3,50693.0,50685.0,50694.0,50694.0,50685.0,50693.0,50689.0,50692.0,50694.0,50684.0
1423,50690.3,50693.0,50685.0,50694.0,50694.0,50685.0,50693.0,50689.0,50692.0,50694.0,50684.0
1424,50690.3,50693.0,50685.0,50694.0,50694.0,50685.0,50693.0,50689.0,50692.0,50694.0,50684.0
1425,50690.3,50693.0,50685.0,50694.0,50694.0,50685.0,50693.0,50689.0,50692.0,50694.0,50684.0
1426,50690.3,50693.0,50685.0,50694.0,50694.0,50685.0,50693.0,50689.0,50692.0,50694.0,50684.0
1427,50690.3,50693.0,50685.0,50694.0,50694.0,50685.0,50693.0,50689.0,50692.0,50694.0,50684.0
1428,50690.3,50693.0,50685.0,50694.0,50694.0,50685.0,50693.0,50689.0,50692.0,50694.0,50684.0
1429,50690.3,50693.0,50685.0,50694.0,50694.0,50685.0,50693.0,50689.0,50692.0,50694.0,50684.0
1430,50690.3,50693.0,50685.0,50694.0,50694.0,50685.0,50693.0,50689.0,50692.0,50694.0,50684.0
1431,50690.3,50693.0,50685.0,50694.0,50694.0,50685.0,50693.0,50689.0,50692.0,50694.0,50684.0
1432,50690.3,50693.0,50685.0,50694.0,50694.0,50685.0,50693.0,50689.0,50692.0,50694.0,50684.0
1433,50690.3,50693.0,50685.0,50694.0,50694.0,50685.0,50693.0,50689.0,50692.0,50694.0,50684.0
1434,50690.3,50693.0,50685.0,50694.0,50694.0,50685.0,50693.0,50689.0,50692.0,50694.0,50684.0
1435,50690.3,50693.0,50685.0,50694.0,50694.0,50685.0,50693.0,50689.0,50692.0,50694.0,50684.0
1436,50690.3,50693.0,50685.0,50694.0,50694.0,50685.0,50693.0,50689.0,50692.0,50694.0,50684.0
1437,50690.3,50693.0,50685.0,50694.0,50694.0,50685.0,50693.0,50689.0,50692.0,50694.0,50684.0
1438,50690.3,50693.0,50685.0,50694.0,50694.0,50685.0,50693.0,50689.0,50692.0,50694.0,50684.0
1439,50690.3,50693.0,50685.0,50694.0,50694.0,50685.0,50693.0,50689.0,50692.0,50694.0,50684.0
1440,50690.3,50693.0,50685.0,50694.0,50694.0,50685.0,50693.0,50689.0,50692.0,50694.0,50684.0
1441,50690.3,50693.0,50685.0,50694.0,50694.0,50685.0,50693.0,50689.0,50692.0,50694.0,50684.0
1442,50690.3,50693.0,50685.0,50694.0,50694.0,50685.0,50693.0,50689.0,50692.0,50694.0,50684.0
1443,50690.3,50693.0,50685.0,50694.0,50694.0,50685.0,50693.0,50689.0,50692.0,50694.0,50684.0
1444,50690.3,50693.0,50685.0,50694.0,50694.0,50685.0,50693.0,50689.0,50692.0,50694.0,50684.0
1445,50690.3,50693.0,50685.0,50694.0,50694.0,50685.0,50693.0,50689.0,50692.0,50694.0,50684.0
1446,50690.3,50693.0,50685.0,50694.0,50694.0,50685.0,50693.0,50689.0,50692.0,50694.0,50684.0
1447,50690.3,50693.0,50685.0,50694.0,50694.0,50685.0,50693.0,50689.0,50692.0,50694.0,50684.0
1448,50690.3,50693.0,50685.0,50694.0,50694.0,50685.0,50693.0,50689.0,50692.0,50694.0,50684.0
1449,50690.3,50693.0,50685.0,50694.0,50694.0,50685.0,50693.0,50689.0,50692.0,50694.0,50684.0
1450,50690.3,50693.0,50685.0,50694.0,50694.0,50685.0,50693.0,50689.0,50692.0,50694.0,50684.0
1451,50690.3,50693.0,50685.0,50694.0,50694.0,50685.0,50693.0,50689.0,50692.0,50694.0,50684.0
1452,50690.3,50693.0,50685.0,50694.0,50694.0,50685.0,50693.0,50689.0,50692.0,50694.0,50684.0
1453,50690.3,50693.0,50685.0,50694.0,50694.0,50685.0,50693.0,50689.0,50692.0,50694.0,50684.0
1454,50690.3,50693.0,50685.0,50694.0,50694.0,50685.0,50693.0,50689.0,50692.0,50694.0,50684.0
1455,50690.3,50693.0,50685.0,50694.0,50694.0,50685.0,50693.0,50689.0,50692.0,50694.0,50684.0
1456,50690.3,50693.0,50685.0,50694.0,50694.0,50685.0,50693.0,50689.0,50692.0,50694.0,50684.0
1457,50690.3,50693.0,50685.0,50694.0,50694.0,50685.0,50693.0,50689.0,50692.0,50694.0,50684.0
1458,50690.3,50693.0,50685.0,50694.0,50694.0,50685.0,50693.0,50689.0,50692.0,50694.0,50684.0
1459,50690.3,50693.0,50685.0,50694.0,50694.0,50685.0,50693.0,50689.0,50692.0,50694.0,50684.0
1460,50690.3,50693.0,50685.0,50694.0,50694.0,50685.0,50693.0,50689.0,50692.0,50694.0,50684.0
1461,50690.3,50693.0,50685.0,50694.0,50694.0,50685.0,50693.0,50689.0,50692.0,50694.0,50684.0
1462,50690.3,50693.0,50685.0,50694.0,50694.0,50685.0,50693.0,50689.0,50692.0,50694.0,50684.0
1463,50690.3,50693.0,50685.0,50694.0,50694.0,50685.0,50693.0,50689.0,50692.0,50694.0,50684.0
1464,50690.3,50693.0,50685.0,50694.0,50694.0,50685.0,50693.0,50689.0,50692.0,50694.0,50684.0
1465,50690.3,50693.0,50685.0,50694.0,50694.0,50685.0,50693.0,50689.0,50692.0,50694.0,50684.0
1466,50690.3,50693.0,50685.0,50694.0,50694.0,50685.0,50693.0,50689.0,50692.0,50694.0,50684.0
1467,50690.3,50693.0,50685.0,50694.0,50694.0,50685.0,50693.0,50689.0,50692.0,50694.0,50684.0
1468,50690.3,50693.0,50685.0,50694.0,50694.0,50685.0,50693.0,50689.0,50692.0,50694.0,50684.0
1469,50690.3,50693.0,50685.0,50694.0,50694.0,50685.0,50693.0,50689.0,50692.0,50694.0,50684.0
1470,50690.3,50693.0,50685.0,50694.0,50694.0,50685.0,50693.0,50689.0,50692.0,50694.0,50684.0
1471,50690.3,50693.0,50685.0,50694.0,50694.0,50685.0,50693.0,50689.0,50692.0,50694.0,50684.0
1472,50690.3,50693.0,50685.0,50694.0,50694.0,50685.0,50693.0,50689.0,50692.0,50694.0,50684.0
1473,50690.3,50693.0,50685.0,50694.0,50694.0,50685.0,50693.0,50689.0,50692.0,50694.0,50684.0
1474,50690.3,50693.0,50685.0,50694.0,50694.0,50685.0,50693.0,50689.0,50692.0,50694.0,50684.0
1475,50690.3,50693.0,50685.0,50694.0,50694.0,50685.0,50693.0,50689.0,50692.0,50694.0,50684.0
1476,50690.3,50693.0,50685.0,50694.0,50694.0,50685.0,50693.0,50689.0,50692.0,50694.0,50684.0
1477,50690.3,50693.0,50685.0,50694.0,50694.0,50685.0,50693.0,50689.0,50692.0,50694.0,50684.0
1478,50690.3,50693.0,50685.0,50694.0,50694.0,50685.0,50693.0,50689.0,50692.0,50694.0,50684.0
1479,50690.3,50693.0,50685.0,50694.0,50694.0,50685.0,50693.0,50689.0,50692.0,50694.0,50684.0
1480,50690.3,50693.0,50685.0,50694.0,50694.0,50685.0,50693.0,50689.0,50692.0,50694.0,50684.0
1481,50690.3,50693.0,50685.0,50694.0,50694.0,50685.0,50693.0,50689.0,50692.0,50694.0,50684.0
1482,50690.3,50693.0,50685.0,50694.0,50694.0,50685.0,50693.0,50689.0,50692.0,50694.0,50684.0
1483,50690.3,50693.0,50685.0,50694.0,50694.0,50685.0,50693.0,50689.0,50692.0,50694.0,50684.0
1484,50690.3,50693.0,50685.0,50694.0,50694.0,50685.0,50693.0,50689.0,50692.0,50694.0,50684.0
1485,50690.3,50693.0,50685.0,50694.0,50694.0,50685.0,50693.0,50689.0,50692.0,50694.0,50684.0
1486,50690.3,50693.0,50685.0,50694.0,50694.0,50685.0,50693.0,50689.0,50692.0,50694.0,50684.0
1487,50690.3,50693.0,50685.0,50694.0,50694.0,50685.0,50693.0,50689.0,50692.0,50694.0,50684.0
1488,50690.3,50693.0,50685.0,50694.0,50694.0,50685.0,50693.0,50689.0,50692.0,50694.0,50684.0
1489,50690.3,50693.0,50685.0,50694.0,50694.0,50685.0,50693.0,50689.0,50692.0,50694.0,50684.0
1490,50690.3,50693.0,50685.0,50694.0,50694.0,50685.0,50693.0,50689.0,50692.0,50694.0,50684.0
1491,50690.3,50693.0,50685.0,50694.0,50694.0,50685.0,50693.0,50689.0,50692.0,50694.0,50684.0
1492,50690.3,50693.0,50685.0,50694.0,50694.0,50685.0,50693.0,50689.0,50692.0,50694.0,50684.0
1493,50690.3,50693.0,50685.0,50694.0,50694.0,50685.0,50693.0,50689.0,50692.0,50694.0,50684.0
1494,50690.3,50693.0,50685.0,50694.0,50694.0,50685.0,50693.0,50689.0,50692.0,50694.0,50684.0
1495,50690.3,50693.0,50685.0,50694.0,50694.0,50685.0,50693.0,50689.0,50692.0,50694.0,50684.0
1496,50690.3,50693.0,50685.0,50694.0,50694.0,50685.0,50693.0,50689.0,50692.0,50694.0,50684.0
1497,50690.3,50693.0,50685.0,50694.0,50694.0,50685.0,50693.0,50689.0,50692.0,50694.0,50684.0
1498,50690.3,50693.0,50685.0,50694.0,50694.0,50685.0,50693.0,50689.0,50692.0,50694.0,50684.0
1499,50690.3,50693.0,50685.0,50694.0,50694.0,50685.0,50693.0,50689.0,50692.0,50694.0,50684.0
1500,50690.3,50693.0,50685.0,50694.0,50694.0,50685.0,50693.0,50689.0,50692.0,50694.0,50684.0
1501,50690.3,50693.0,50685.0,50694.0,50694.0,50685.0,50693.0,50689.0,50692.0,50694.0,50684.0
1502,50690.3,50693.0,50685.0,50694.0,50694.0,50685.0,50693.0,50689.0,50692.0,50694.0,50684.0
1503,50690.3,50693.0,50685.0,50694.0,50694.0,50685.0,50693.0,50689.0,50692.0,50694.0,50684.0
1504,50690.3,50693.0,50685.0,50694.0,50694.0,50685.0,50693.0,50689.0,50692.0,50694.0,50684.0
1505,50690.3,50693.0,50685.0,50694.0,50694.0,50685.0,50693.0,50689.0,50692.0,50694.0,50684.0
1506,50690.3,50693.0,50685.0,50694.0,50694.0,50685.0,50693.0,50689.0,50692.0,50694.0,50684.0
1507,50690.3,50693.0,50685.0,50694.0,50694.0,50685.0,50693.0,50689.0,50692.0,50694.0,50684.0
1508,50690.3,50693.0,50685.0,50694.0,50694.0,50685.0,50693.0,50689.0,50692.0,50694.0,50684.0
1509,50690.3,50693.0,50685.0,50694.0,50694.0,50685.0,50693.0,50689.0,50692.0,50694.0,50684.0
1510,50690.3,50693.0,50685.0,50694.0,50694.0,50685.0,50693.0,50689.0,50692.0,50694.0,50684.0
1511,50690.3,50693.0,50685.0,50694.0,50694.0,50685.0,50693.0,50689.0,50692.0,50694.0,50684.0
1512,50690.3,50693.0,50685.0,50694.0,50694.0,50685.0,50693.0,50689.0,50692.0,50694.0,50684.0
1513,50690.3,50693.0,50685.0,50694.0,50694.0,50685.0,50693.0,50689.0,50692.0,50694.0,50684.0
1514,50690.3,50693.0,50685.0,50694.0,50694.0,50685.0,50693.0,50689.0,50692.0,50694.0,50684.0
1515,50690.3,50693.0,50685.0,50694.0,50694.0,50685.0,50693.0,50689.0,50692.0,50694.0,50684.0
1516,50690.3,50693.0,50685.0,50694.0,50694.0,50685.0,50693.0,50689.0,50692.0,50694.0,50684.0
1517,50690.3,50693.0,50685.0,50694.0,50694.0,50685.0,50693.0,50689.0,50692.0,50694.0,50684.0
1518,50690.3,50693.0,50685.0,50694.0,50694.0,50685.0,50693.0,50689.0,50692.0,50694.0,50684.0
1519,50690.3,50693.0,50685.0,50694.0,50694.0,50685.0,50693.0,50689.0,50692.0,50694.0,50684.0
1520,50690.3,50693.0,50685.0,50694.0,50694.0,50685.0,50693.0,50689.0,50692.0,50694.0,50684.0
1521,50690.3,50693.0,50685.0,50694.0,50694.0,50685.0,50693.0,50689.0,50692.0,50694.0,50684.0
1522,50690.3,50693.0,50685.0,50694.0,50694.0,50685.0,50693.0,50689.0,50692.0,50694.0,50684.0
1523,50690.3,50693.0,50685.0,50694.0,50694.0,50685.0,50693.0,50689.0,50692.0,50694.0,50684.0
1524,50690.3,50693.0,50685.0,50694.0,50694.0,50685.0,50693.0,50689.0,50692.0,50694.0,50684.0
1525,50690.3,50693.0,50685.0,50694.0,50694.0,50685.0,50693.0,50689.0,50692.0,50694.0,50684.0
1526,50690.3,50693.0,50685.0,50694.0,50694.0,50685.0,50693.0,50689.0,50692.0,50694.0,50684.0
1527,50690.3,50693.0,50685.0,50694.0,50694.0,50685.0,50693.0,50689.0,50692.0,50694.0,50684.0
1528,50690.3,50693.0,50685.0,50694.0,50694.0,50685.0,50693.0,50689.0,50692.0,50694.0,50684.0
1529,50690.3,50693.0,50685.0,50694.0,50694.0,50685.0,50693.0,50689.0,50692.0,50694.0,50684.0
1530,50690.3,50693.0,50685.0,50694.0,50694.0,50685.0,50693.0,50689.0,50692.0,50694.0,50684.0
1531,50690.3,50693.0,50685.0,50694.0,50694.0,50685.0,50693.0,50689.0,50692.0,50694.0,50684.0
1532,50690.3,50693.0,50685.0,50694.0,50694.0,50685.0,50693.0,50689.0,50692.0,50694.0,50684.0
1533,50690.3,50693.0,50685.0,50694.0,50694.0,50685.0,50693.0,50689.0,50692.0,50694.0,50684.0
1534,50690.3,50693.0,50685.0,50694.0,50694.0,50685.0,50693.0,50689.0,50692.0,50694.0,50684.0
1535,50690.3,50693.0,50685.0,50694.0,50694.0,50685.0,50693.0,50689.0,50692.0,50694.0,50684.0
1536,50690.3,50693.0,50685.0,50694.0,50694.0,50685.0,50693.0,50689.0,50692.0,50694.0,50684.0
1537,50690.3,50693.0,50685.0,50694.0,50694.0,50685.0,50693.0,50689.0,50692.0,50694.0,50684.0
1538,50690.3,50693.0,50685.0,50694.0,50694.0,50685.0,50693.0,50689.0,50692.0,50694.0,50684.0
1539,50690.3,50693.0,50685.0,50694.0,50694.0,50685.0,50693.0,50689.0,50692.0,50694.0,50684.0
1540,50690.3,50693.0,50685.0,50694.0,50694.0,50685.0,50693.0,50689.0,50692.0,50694.0,50684.0
1541,50690.3,50693.0,50685.0,50694.0,50694.0,50685.0,50693.0,50689.0,50692.0,50694.0,50684.0
1542,50690.3,50693.0,50685.0,50694.0,50694.0,50685.0,50693.0,50689.0,50692.0,50694.0,50684.0
1543,50690.3,50693.0,50685.0,50694.0,50694.0,50685.0,50693.0,50689.0,50692.0,50694.0,50684.0
1544,50690.3,50693.0,50685.0,50694.0,50694.0,50685.0,50693.0,50689.0,50692.0,50694.0,50684.0
1545,50690.3,50693.0,50685.0,50694.0,50694.0,50685.0,50693.0,50689.0,50692.0,50694.0,50684.0
1546,50690.3,50693.0,50685.0,50694.0,50694.0,50685.0,50693.0,50689.0,50692.0,50694.0,50684.0
1547,50690.3,50693.0,50685.0,50694.0,50694.0,50685.0,50693.0,50689.0,50692.0,50694.0,50684.0
1548,50690.3,50693.0,50685.0,50694.0,50694.0,50685.0,50693.0,50689.0,50692.0,50694.0,50684.0
1549,50690.3,50693.0,50685.0,50694.0,50694.0,50685.0,50693.0,50689.0,50692.0,50694.0,50684.0
1550,50690.3,50693.0,50685.0,50694.0,50694.0,50685.0,50693.0,50689.0,50692.0,50694.0,50684.0
1551,50690.3,50693.0,50685.0,50694.0,50694.0,50685.0,50693.0,50689.0,50692.0,50694.0,50684.0
1552,50690.3,50693.0,50685.0,50694.0,50694.0,50685.0,50693.0,50689.0,50692.0,50694.0,50684.0
1553,50690.3,50693.0,50685.0,50694.0,50694.0,50685.0,50693.0,50689.0,50692.0,50694.0,50684.0
1554,50690.3,50693.0,50685.0,50694.0,50694.0,50685.0,50693.0,50689.0,50692.0,50694.0,50684.0
1555,50690.3,50693.0,50685.0,50694.0,50694.0,50685.0,50693.0,50689.0,50692.0,50694.0,50684.0
1556,50690.3,50693.0,50685.0,50694.0,50694.0,50685.0,50693.0,50689.0,50692.0,50694.0,50684.0
1557,50690.3,50693.0,50685.0,50694.0,50694.0,50685.0,50693.0,50689.0,50692.0,50694.0,50684.0
1558,50690.3,50693.0,50685.0,50694.0,50694.0,50685.0,50693.0,50689.0,50692.0,50694.0,50684.0
1559,50690.3,50693.0,50685.0,50694.0,50694.0,50685.0,50693.0,50689.0,50692.0,50694.0,50684.0
1560,50690.3,50693.0,50685.0,50694.0,50694.0,50685.0,50693.0,50689.0,50692.0,50694.0,50684.0
1561,50690.3,50693.0,50685.0,50694.0,50694.0,50685.0,50693.0,50689.0,50692.0,50694.0,50684.0
1562,50690.3,50693.0,50685.0,50694.0,50694.0,50685.0,50693.0,50689.0,50692.0,50694.0,50684.0
1563,50690.3,50693.0,50685.0,50694.0,50694.0,50685.0,50693.0,50689.0,50692.0,50694.0,50684.0
1564,50690.3,50693.0,50685.0,50694.0,50694.0,50685.0,50693.0,50689.0,50692.0,50694.0,50684.0
1565,50690.3,50693.0,50685.0,50694.0,50694.0,50685.0,50693.0,50689.0,50692.0,50694.0,50684.0
1566,50690.3,50693.0,50685.0,50694.0,50694.0,50685.0,50693.0,50689.0,50692.0,50694.0,50684.0
1567,50690.3,50693.0,50685.0,50694.0,50694.0,50685.0,50693.0,50689.0,50692.0,50694.0,50684.0
1568,50690.3,50693.0,50685.0,50694.0,50694.0,50685.0,50693.0,50689.0,50692.0,50694.0,50684.0
1569,50690.3,50693.0,50685.0,50694.0,50694.0,50685.0,50693.0,50689.0,50692.0,50694.0,50684.0
1570,50690.3,50693.0,50685.0,50694.0,50694.0,50685.0,50693.0,50689.0,50692.0,50694.0,50684.0
1571,50690.3,50693.0,50685.0,50694.0,50694.0,50685.0,50693.0,50689.0,50692.0,50694.0,50684.0
1572,50690.3,50693.0,50685.0,50694.0,50694.0,50685.0,50693.0,50689.0,50692.0,50694.0,50684.0
1573,50690.3,50693.0,50685.0,50694.0,50694.0,50685.0,50693.0,50689.0,50692.0,50694.0,50684.0
1574,50690.3,50693.0,50685.0,50694.0,50694.0,50685.0,50693.0,50689.0,50692.0,50694.0,50684.0
1575,50690.3,50693.0,50685.0,50694.0,50694.0,50685.0,50693.0,50689.0,50692.0,50694.0,50684.0
1576,50690.3,50693.0,50685.0,50694.0,50694.0,50685.0,50693.0,50689.0,50692.0,50694.0,50684.0
1577,50690.3,50693.0,50685.0,50694.0,50694.0,50685.0,50693.0,50689.0,50692.0,50694.0,50684.0
1578,50690.3,50693.0,50685.0,50694.0,50694.0,50685.0,50693.0,50689.0,50692.0,50694.0,50684.0
1579,50690.3,50693.0,50685.0,50694.0,50694.0,50685.0,50693.0,50689.0,50692.0,50694.0,50684.0
1580,50690.3,50693.0,50685.0,50694.0,50694.0,50685.0,50693.0,50689.0,50692.0,50694.0,50684.0
1581,50690.3,50693.0,50685.0,50694.0,50694.0,50685.0,50693.0,50689.0,50692.0,50694.0,50684.0
1582,50690.3,50693.0,50685.0,50694.0,50694.0,50685.0,50693.0,50689.0,50692.0,50694.0,50684.0
1583,50690.3,50693.0,50685.0,50694.0,50694.0,50685.0,50693.0,50689.0,50692.0,50694.0,50684.0
1584,50690.3,50693.0,50685.0,50694.0,50694.0,50685.0,50693.0,50689.0,50692.0,50694.0,50684.0
1585,50690.3,50693.0,50685.0,50694.0,50694.0,50685.0,50693.0,50689.0,50692.0,50694.0,50684.0
1586,50690.3,50693.0,50685.0,50694.0,50694.0,50685.0,50693.0,50689.0,50692.0,50694.0,50684.0
1587,50690.3,50693.0,50685.0,50694.0,50694.0,50685.0,50693.0,50689.0,50692.0,50694.0,50684.0
1588,50690.3,50693.0,50685.0,50694.0,50694.0,50685.0,50693.0,50689.0,50692.0,50694.0,50684.0
1589,50690.3,50693.0,50685.0,50694.0,50694.0,50685.0,50693.0,50689.0,50692.0,50694.0,50684.0
1590,50690.3,50693.0,50685.0,50694.0,50694.0,50685.0,50693.0,50689.0,50692.0,50694.0,50684.0
1591,50690.3,50693.0,50685.0,50694.0,50694.0,50685.0,50693.0,50689.0,50692.0,50694.0,50684.0
1592,50690.3,50693.0,50685.0,50694.0,50694.0,50685.0,50693.0,50689.0,50692.0,50694.0,50684.0
1593,50690.3,50693.0,50685.0,50694.0,50694.0,50685.0,50693.0,50689.0,50692.0,50694.0,50684.0
1594,50690.3,50693.0,50685.0,50694.0,50694.0,50685.0,50693.0,50689.0,50692.0,50694.0,50684.0
1595,50690.3,50693.0,50685.0,50694.0,50694.0,50685.0,50693.0,50689.0,50692.0,50694.0,50684.0
1596,50690.3,50693.0,50685.0,50694.0,50694.0,50685.0,50693.0,50689.0,50692.0,50694.0,50684.0
1597,50690.3,50693.0,50685.0,50694.0,50694.0,50685.0,50693.0,50689.0,50692.0,50694.0,50684.0
1598,50690.3,50693.0,50685.0,50694.0,50694.0,50685.0,50693.0,50689.0,50692.0,50694.0,50684.0
1599,50690.3,50693.0,50685.0,50694.0,50694.0,50685.0,50693.0,50689.0,50692.0,50694.0,50684.0
1600,50690.3,50693.0,50685.0,50694.0,50694.0,50685.0,50693.0,50689.0,50692.0,50694.0,50684.0
1601,50690.3,50693.0,50685.0,50694.0,50694.0,50685.0,50693.0,50689.0,50692.0,50694.0,50684.0
1602,50690.3,50693.0,50685.0,50694.0,50694.0,50685.0,50693.0,50689.0,50692.0,50694.0,50684.0
1603,50690.3,50693.0,50685.0,50694.0,50694.0,50685.0,50693.0,50689.0,50692.0,50694.0,50684.0
1604,50690.3,50693.0,50685.0,50694.0,50694.0,50685.0,50693.0,50689.0,50692.0,50694.0,50684.0
1605,50690.3,50693.0,50685.0,50694.0,50694.0,50685.0,50693.0,50689.0,50692.0,50694.0,50684.0
1606,50690.3,50693.0,50685.0,50694.0,50694.0,50685.0,50693.0,50689.0,50692.0,50694.0,50684.0
1607,50690.3,50693.0,50685.0,50694.0,50694.0,50685.0,50693.0,50689.0,50692.0,50694.0,50684.0
1608,50690.3,50693.0,50685.0,50694.0,50694.0,50685.0,50693.0,50689.0,50692.0,50694.0,50684.0
1609,50690.3,50693.0,50685.0,50694.0,50694.0,50685.0,50693.0,50689.0,50692.0,50694.0,50684.0
1610,50690.3,50693.0,50685.0,50694.0,50694.0,50685.0,50693.0,50689.0,50692.0,50694.0,50684.0
1611,50690.3,50693.0,50685.0,50694.0,50694.0,50685.0,50693.0,50689.0,50692.0,50694.0,50684.0
1612,50690.3,50693.0,50685.0,50694.0,50694.0,50685.0,50693.0,50689.0,50692.0,50694.0,50684.0
1613,50690.3,50693.0,50685.0,50694.0,50694.0,50685.0,50693.0,50689.0,50692.0,50694.0,50684.0
1614,50690.3,50693.0,50685.0,50694.0,50694.0,50685.0,50693.0,50689.0,50692.0,50694.0,50684.0
1615,50690.3,50693.0,50685.0,50694.0,50694.0,50685.0,50693.0,50689.0,50692.0,50694.0,50684.0
1616,50690.3,50693.0,50685.0,50694.0,50694.0,50685.0,50693.0,50689.0,50692.0,50694.0,50684.0
1617,50690.3,50693.0,50685.0,50694.0,50694.0,50685.0,50693.0,50689.0,50692.0,50694.0,50684.0
1618,50690.3,50693.0,50685.0,50694.0,50694.0,50685.0,50693.0,50689.0,50692.0,50694.0,50684.0
1619,50690.3,50693.0,50685.0,50694.0,50694.0,50685.0,50693.0,50689.0,50692.0,50694.0,50684.0
1620,50690.3,50693.0,50685.0,50694.0,50694.0,50685.0,50693.0,50689.0,50692.0,50694.0,50684.0
1621,50690.3,50693.0,50685.0,50694.0,50694.0,50685.0,50693.0,50689.0,50692.0,50694.0,50684.0
1622,50690.3,50693.0,50685.0,50694.0,50694.0,50685.0,50693.0,50689.0,50692.0,50694.0,50684.0
1623,50690.3,50693.0,50685.0,50694.0,50694.0,50685.0,50693.0,50689.0,50692.0,50694.0,50684.0
1624,50690.3,50693.0,50685.0,50694.0,50694.0,50685.0,50693.0,50689.0,50692.0,50694.0,50684.0
1625,50690.3,50693.0,50685.0,50694.0,50694.0,50685.0,50693.0,50689.0,50692.0,50694.0,50684.0
1626,50690.3,50693.0,50685.0,50694.0,50694.0,50685.0,50693.0,50689.0,50692.0,50694.0,50684.0
1627,50690.3,50693.0,50685.0,50694.0,50694.0,50685.0,50693.0,50689.0,50692.0,50694.0,50684.0
1628,50690.3,50693.0,50685.0,50694.0,50694.0,50685.0,50693.0,50689.0,50692.0,50694.0,50684.0
1629,50690.3,50693.0,50685.0,50694.0,50694.0,50685.0,50693.0,50689.0,50692.0,50694.0,50684.0
1630,50690.3,50693.0,50685.0,50694.0,50694.0,50685.0,50693.0,50689.0,50692.0,50694.0,50684.0
1631,50690.3,50693.0,50685.0,50694.0,50694.0,50685.0,50693.0,50689.0,50692.0,50694.0,50684.0
1632,50690.3,50693.0,50685.0,50694.0,50694.0,50685.0,50693.0,50689.0,50692.0,50694.0,50684.0
1633,50690.3,50693.0,50685.0,50694.0,50694.0,50685.0,50693.0,50689.0,50692.0,50694.0,50684.0
1634,50690.3,50693.0,50685.0,50694.0,50694.0,50685.0,50693.0,50689.0,50692.0,50694.0,50684.0
1635,50690.3,50693.0,50685.0,50694.0,50694.0,50685.0,50693.0,50689.0,50692.0,50694.0,50684.0
1636,50690.3,50693.0,50685.0,50694.0,50694.0,50685.0,50693.0,50689.0,50692.0,50694.0,50684.0
1637,50690.3,50693.0,50685.0,50694.0,50694.0,50685.0,50693.0,50689.0,50692.0,50694.0,50684.0
1638,50690.3,50693.0,50685.0,50694.0,50694.0,50685.0,50693.0,50689.0,50692.0,50694.0,50684.0
1639,50690.3,50693.0,50685.0,50694.0,50694.0,50685.0,50693.0,50689.0,50692.0,50694.0,50684.0
1640,50690.3,50693.0,50685.0,50694.0,50694.0,50685.0,50693.0,50689.0,50692.0,50694.0,50684.0
1641,50690.3,50693.0,50685.0,50694.0,50694.0,50685.0,50693.0,50689.0,50692.0,50694.0,50684.0
1642,50690.3,50693.0,50685.0,50694.0,50694.0,50685.0,50693.0,50689.0,50692.0,50694.0,50684.0
1643,50690.3,50693.0,50685.0,50694.0,50694.0,50685.0,50693.0,50689.0,50692.0,50694.0,50684.0
1644,50690.3,50693.0,50685.0,50694.0,50694.0,50685.0,50693.0,50689.0,50692.0,50694.0,50684.0
1645,50690.3,50693.0,50685.0,50694.0,50694.0,50685.0,50693.0,50689.0,50692.0,50694.0,50684.0
1646,50690.3,50693.0,50685.0,50694.0,50694.0,50685.0,50693.0,50689.0,50692.0,50694.0,50684.0
1647,50690.3,50693.0,50685.0,50694.0,50694.0,50685.0,50693.0,50689.0,50692.0,50694.0,50684.0
1648,50690.3,50693.0,50685.0,50694.0,50694.0,50685.0,50693.0,50689.0,50692.0,50694.0,50684.0
1649,50690.3,50693.0,50685.0,50694.0,50694.0,50685.0,50693.0,50689.0,50692.0,50694.0,50684.0
1650,50690.3,50693.0,50685.0,50694.0,50694.0,50685.0,50693.0,50689.0,50692.0,50694.0,50684.0
1651,50690.3,50693.0,50685.0,50694.0,50694.0,50685.0,50693.0,50689.0,50692.0,50694.0,50684.0
1652,50690.3,50693.0,50685.0,50694.0,50694.0,50685.0,50693.0,50689.0,50692.0,50694.0,50684.0
1653,50690.3,50693.0,50685.0,50694.0,50694.0,50685.0,50693.0,50689.0,50692.0,50694.0,50684.0
1654,50690.3,50693.0,50685.0,50694.0,50694.0,50685.0,50693.0,50689.0,50692.0,50694.0,50684.0
1655,50690.3,50693.0,50685.0,50694.0,50694.0,50685.0,50693.0,50689.0,50692.0,50694.0,50684.0
1656,50690.3,50693.0,50685.0,50694.0,50694.0,50685.0,50693.0,50689.0,50692.0,50694.0,50684.0
1657,50690.3,50693.0,50685.0,50694.0,50694.0,50685.0,50693.0,50689.0,50692.0,50694.0,50684.0
1658,50690.3,50693.0,50685.0,50694.0,50694.0,50685.0,50693.0,50689.0,50692.0,50694.0,50684.0
1659,50690.3,50693.0,50685.0,50694.0,50694.0,50685.0,50693.0,50689.0,50692.0,50694.0,50684.0
1660,50690.3,50693.0,50685.0,50694.0,50694.0,50685.0,50693.0,50689.0,50692.0,50694.0,50684.0
1661,50690.3,50693.0,50685.0,50694.0,50694.0,50685.0,50693.0,50689.0,50692.0,50694.0,50684.0
1662,50690.3,50693.0,50685.0,50694.0,50694.0,50685.0,50693.0,50689.0,50692.0,50694.0,50684.0
1663,50690.3,50693.0,50685.0,50694.0,50694.0,50685.0,50693.0,50689.0,50692.0,50694.0,50684.0
1664,50690.3,50693.0,50685.0,50694.0,50694.0,50685.0,50693.0,50689.0,50692.0,50694.0,50684.0
1665,50690.3,50693.0,50685.0,50694.0,50694.0,50685.0,50693.0,50689.0,50692.0,50694.0,50684.0
1666,50690.3,50693.0,50685.0,50694.0,50694.0,50685.0,50693.0,50689.0,50692.0,50694.0,50684.0
1667,50690.3,50693.0,50685.0,50694.0,50694.0,50685.0,50693.0,50689.0,50692.0,50694.0,50684.0
1668,50690.3,50693.0,50685.0,50694.0,50694.0,50685.0,50693.0,50689.0,50692.0,50694.0,50684.0
1669,50690.3,50693.0,50685.0,50694.0,50694.0,50685.0,50693.0,50689.0,50692.0,50694.0,50684.0
1670,50690.3,50693.0,50685.0,50694.0,50694.0,50685.0,50693.0,50689.0,50692.0,50694.0,50684.0
1671,50690.3,50693.0,50685.0,50694.0,50694.0,50685.0,50693.0,50689.0,50692.0,50694.0,50684.0
1672,50690.3,50693.0,50685.0,50694.0,50694.0,50685.0,50693.0,50689.0,50692.0,50694.0,50684.0
1673,50690.3,50693.0,50685.0,50694.0,50694.0,50685.0,50693.0,50689.0,50692.0,50694.0,50684.0
1674,50690.3,50693.0,50685.0,50694.0,50694.0,50685.0,50693.0,50689.0,50692.0,50694.0,50684.0
1675,50690.3,50693.0,50685.0,50694.0,50694.0,50685.0,50693.0,50689.0,50692.0,50694.0,50684.0
1676,50690.3,50693.0,50685.0,50694.0,50694.0,50685.0,50693.0,50689.0,50692.0,50694.0,50684.0
1677,50690.3,50693.0,50685.0,50694.0,50694.0,50685.0,50693.0,50689.0,50692.0,50694.0,50684.0
1678,50690.3,50693.0,50685.0,50694.0,50694.0,50685.0,50693.0,50689.0,50692.0,50694.0,50684.0
1679,50690.3,50693.0,50685.0,50694.0,50694.0,50685.0,50693.0,50689.0,50692.0,50694.0,50684.0
1680,50690.3,50693.0,50685.0,50694.0,50694.0,50685.0,50693.0,50689.0,50692.0,50694.0,50684.0
1681,50690.3,50693.0,50685.0,50694.0,50694.0,50685.0,50693.0,50689.0,50692.0,50694.0,50684.0
1682,50690.3,50693.0,50685.0,50694.0,50694.0,50685.0,50693.0,50689.0,50692.0,50694.0,50684.0
1683,50690.3,50693.0,50685.0,50694.0,50694.0,50685.0,50693.0,50689.0,50692.0,50694.0,50684.0
1684,50690.3,50693.0,50685.0,50694.0,50694.0,50685.0,50693.0,50689.0,50692.0,50694.0,50684.0
1685,50690.3,50693.0,50685.0,50694.0,50694.0,50685.0,50693.0,50689.0,50692.0,50694.0,50684.0
1686,50690.3,50693.0,50685.0,50694.0,50694.0,50685.0,50693.0,50689.0,50692.0,50694.0,50684.0
1687,50690.3,50693.0,50685.0,50694.0,50694.0,50685.0,50693.0,50689.0,50692.0,50694.0,50684.0
1688,50690.3,50693.0,50685.0,50694.0,50694.0,50685.0,50693.0,50689.0,50692.0,50694.0,50684.0
1689,50690.3,50693.0,50685.0,50694.0,50694.0,50685.0,50693.0,50689.0,50692.0,50694.0,50684.0
1690,50690.3,50693.0,50685.0,50694.0,50694.0,50685.0,50693.0,50689.0,50692.0,50694.0,50684.0
1691,50690.3,50693.0,50685.0,50694.0,50694.0,50685.0,50693.0,50689.0,50692.0,50694.0,50684.0
1692,50690.3,50693.0,50685.0,50694.0,50694.0,50685.0,50693.0,50689.0,50692.0,50694.0,50684.0
1693,50690.3,50693.0,50685.0,50694.0,50694.0,50685.0,50693.0,50689.0,50692.0,50694.0,50684.0
1694,50690.3,50693.0,50685.0,50694.0,50694.0,50685.0,50693.0,50689.0,50692.0,50694.0,50684.0
1695,50690.3,50693.0,50685.0,50694.0,50694.0,50685.0,50693.0,50689.0,50692.0,50694.0,50684.0
1696,50690.3,50693.0,50685.0,50694.0,50694.0,50685.0,50693.0,50689.0,50692.0,50694.0,50684.0
1697,50690.3,50693.0,50685.0,50694.0,50694.0,50685.0,50693.0,50689.0,50692.0,50694.0,50684.0
1698,50690.3,50693.0,50685.0,50694.0,50694.0,50685.0,50693.0,50689.0,50692.0,50694.0,50684.0
1699,50690.3,50693.0,50685.0,50694.0,50694.0,50685.0,50693.0,50689.0,50692.0,50694.0,50684.0
1700,50690.3,50693.0,50685.0,50694.0,50694.0,50685.0,50693.0,50689.0,50692.0,50694.0,50684.0
1701,50690.3,50693.0,50685.0,50694.0,50694.0,50685.0,50693.0,50689.0,50692.0,50694.0,50684.0
1702,50690.3,50693.0,50685.0,50694.0,50694.0,50685.0,50693.0,50689.0,50692.0,50694.0,50684.0
1703,50690.3,50693.0,50685.0,50694.0,50694.0,50685.0,50693.0,50689.0,50692.0,50694.0,50684.0
1704,50690.3,50693.0,50685.0,50694.0,50694.0,50685.0,50693.0,50689.0,50692.0,50694.0,50684.0
1705,50690.3,50693.0,50685.0,50694.0,50694.0,50685.0,50693.0,50689.0,50692.0,50694.0,50684.0
1706,50690.3,50693.0,50685.0,50694.0,50694.0,50685.0,50693.0,50689.0,50692.0,50694.0,50684.0
1707,50690.3,50693.0,50685.0,50694.0,50694.0,50685.0,50693.0,50689.0,50692.0,50694.0,50684.0
1708,50690.3,50693.0,50685.0,50694.0,50694.0,50685.0,50693.0,50689.0,50692.0,50694.0,50684.0
1709,50690.3,50693.0,50685.0,50694.0,50694.0,50685.0,50693.0,50689.0,50692.0,50694.0,50684.0
1710,50690.3,50693.0,50685.0,50694.0,50694.0,50685.0,50693.0,50689.0,50692.0,50694.0,50684.0
1711,50690.3,50693.0,50685.0,50694.0,50694.0,50685.0,50693.0,50689.0,50692.0,50694.0,50684.0
1712,50690.3,50693.0,50685.0,50694.0,50694.0,50685.0,50693.0,50689.0,50692.0,50694.0,50684.0
1713,50690.3,50693.0,50685.0,50694.0,50694.0,50685.0,50693.0,50689.0,50692.0,50694.0,50684.0
1714,50690.3,50693.0,50685.0,50694.0,50694.0,50685.0,50693.0,50689.0,50692.0,50694.0,50684.0
1715,50690.3,50693.0,50685.0,50694.0,50694.0,50685.0,50693.0,50689.0,50692.0,50694.0,50684.0
1716,50690.3,50693.0,50685.0,50694.0,50694.0,50685.0,50693.0,50689.0,50692.0,50694.0,50684.0
1717,50690.3,50693.0,50685.0,50694.0,50694.0,50685.0,50693.0,50689.0,50692.0,50694.0,50684.0
1718,50690.3,50693.0,50685.0,50694.0,50694.0,50685.0,50693.0,50689.0,50692.0,50694.0,50684.0
1719,50690.3,50693.0,50685.0,50694.0,50694.0,50685.0,50693.0,50689.0,50692.0,50694.0,50684.0
1720,50690.3,50693.0,50685.0,50694.0,50694.0,50685.0,50693.0,50689.0,50692.0,50694.0,50684.0
1721,50690.3,50693.0,50685.0,50694.0,50694.0,50685.0,50693.0,50689.0,50692.0,50694.0,50684.0
1722,50690.3,50693.0,50685.0,50694.0,50694.0,50685.0,50693.0,50689.0,50692.0,50694.0,50684.0
1723,50690.3,50693.0,50685.0,50694.0,50694.0,50685.0,50693.0,50689.0,50692.0,50694.0,50684.0
1724,50690.3,50693.0,50685.0,50694.0,50694.0,50685.0,50693.0,50689.0,50692.0,50694.0,50684.0
1725,50690.3,50693.0,50685.0,50694.0,50694.0,50685.0,50693.0,50689.0,50692.0,50694.0,50684.0
1726,50690.3,50693.0,50685.0,50694.0,50694.0,50685.0,50693.0,50689.0,50692.0,50694.0,50684.0
1727,50690.3,50693.0,50685.0,50694.0,50694.0,50685.0,50693.0,50689.0,50692.0,50694.0,50684.0
1728,50690.3,50693.0,50685.0,50694.0,50694.0,50685.0,50693.0,50689.0,50692.0,50694.0,50684.0
1729,50690.3,50693.0,50685.0,50694.0,50694.0,50685.0,50693.0,50689.0,50692.0,50694.0,50684.0
1730,50690.3,50693.0,50685.0,50694.0,50694.0,50685.0,50693.0,50689.0,50692.0,50694.0,50684.0
1731,50690.3,50693.0,50685.0,50694.0,50694.0,50685.0,50693.0,50689.0,50692.0,50694.0,50684.0
1732,50690.3,50693.0,50685.0,50694.0,50694.0,50685.0,50693.0,50689.0,50692.0,50694.0,50684.0
1733,50690.3,50693.0,50685.0,50694.0,50694.0,50685.0,50693.0,50689.0,50692.0,50694.0,50684.0
1734,50690.3,50693.0,50685.0,50694.0,50694.0,50685.0,50693.0,50689.0,50692.0,50694.0,50684.0
1735,50690.3,50693.0,50685.0,50694.0,50694.0,50685.0,50693.0,50689.0,50692.0,50694.0,50684.0
1736,50690.3,50693.0,50685.0,50694.0,50694.0,50685.0,50693.0,50689.0,50692.0,50694.0,50684.0
1737,50690.3,50693.0,50685.0,50694.0,50694.0,50685.0,50693.0,50689.0,50692.0,50694.0,50684.0
1738,50690.3,50693.0,50685.0,50694.0,50694.0,50685.0,50693.0,50689.0,50692.0,50694.0,50684.0
1739,50690.3,50693.0,50685.0,50694.0,50694.0,50685.0,50693.0,50689.0,50692.0,50694.0,50684.0
1740,50690.3,50693.0,50685.0,50694.0,50694.0,50685.0,50693.0,50689.0,50692.0,50694.0,50684.0
1741,50690.3,50693.0,50685.0,50694.0,50694.0,50685.0,50693.0,50689.0,50692.0,50694.0,50684.0
1742,50690.3,50693.0,50685.0,50694.0,50694.0,50685.0,50693.0,50689.0,50692.0,50694.0,50684.0
1743,50690.3,50693.0,50685.0,50694.0,50694.0,50685.0,50693.0,50689.0,50692.0,50694.0,50684.0
1744,50690.3,50693.0,50685.0,50694.0,50694.0,50685.0,50693.0,50689.0,50692.0,50694.0,50684.0
1745,50690.3,50693.0,50685.0,50694.0,50694.0,50685.0,50693.0,50689.0,50692.0,50694.0,50684.0
1746,50690.3,50693.0,50685.0,50694.0,50694.0,50685.0,50693.0,50689.0,50692.0,50694.0,50684.0
1747,50690.3,50693.0,50685.0,50694.0,50694.0,50685.0,50693.0,50689.0,50692.0,50694.0,50684.0
1748,50690.3,50693.0,50685.0,50694.0,50694.0,50685.0,50693.0,50689.0,50692.0,50694.0,50684.0
1749,50690.3,50693.0,50685.0,50694.0,50694.0,50685.0,50693.0,50689.0,50692.0,50694.0,50684.0
1750,50690.3,50693.0,50685.0,50694.0,50694.0,50685.0,50693.0,50689.0,50692.0,50694.0,50684.0
1751,50690.3,50693.0,50685.0,50694.0,50694.0,50685.0,50693.0,50689.0,50692.0,50694.0,50684.0
1752,50690.3,50693.0,50685.0,50694.0,50694.0,50685.0,50693.0,50689.0,50692.0,50694.0,50684.0
1753,50690.3,50693.0,50685.0,50694.0,50694.0,50685.0,50693.0,50689.0,50692.0,50694.0,50684.0
1754,50690.3,50693.0,50685.0,50694.0,50694.0,50685.0,50693.0,50689.0,50692.0,50694.0,50684.0
1755,50690.3,50693.0,50685.0,50694.0,50694.0,50685.0,50693.0,50689.0,50692.0,50694.0,50684.0
1756,50690.3,50693.0,50685.0,50694.0,50694.0,50685.0,50693.0,50689.0,50692.0,50694.0,50684.0
1757,50690.3,50693.0,50685.0,50694.0,50694.0,50685.0,50693.0,50689.0,50692.0,50694.0,50684.0
1758,50690.3,50693.0,50685.0,50694.0,50694.0,50685.0,50693.0,50689.0,50692.0,50694.0,50684.0
1759,50690.3,50693.0,50685.0,50694.0,50694.0,50685.0,50693.0,50689.0,50692.0,50694.0,50684.0
1760,50690.3,50693.0,50685.0,50694.0,50694.0,50685.0,50693.0,50689.0,50692.0,50694.0,50684.0
1761,50690.3,50693.0,50685.0,50694.0,50694.0,50685.0,50693.0,50689.0,50692.0,50694.0,50684.0
1762,50690.3,50693.0,50685.0,50694.0,50694.0,50685.0,50693.0,50689.0,50692.0,50694.0,50684.0
1763,50690.3,50693.0,50685.0,50694.0,50694.0,50685.0,50693.0,50689.0,50692.0,50694.0,50684.0
1764,50690.3,50693.0,50685.0,50694.0,50694.0,50685.0,50693.0,50689.0,50692.0,50694.0,50684.0
1765,50690.3,50693.0,50685.0,50694.0,50694.0,50685.0,50693.0,50689.0,50692.0,50694.0,50684.0
1766,50690.3,50693.0,50685.0,50694.0,50694.0,50685.0,50693.0,50689.0,50692.0,50694.0,50684.0
1767,50690.3,50693.0,50685.0,50694.0,50694.0,50685.0,50693.0,50689.0,50692.0,50694.0,50684.0
1768,50690.3,50693.0,50685.0,50694.0,50694.0,50685.0,50693.0,50689.0,50692.0,50694.0,50684.0
1769,50690.3,50693.0,50685.0,50694.0,50694.0,50685.0,50693.0,50689.0,50692.0,50694.0,50684.0
1770,50690.3,50693.0,50685.0,50694.0,50694.0,50685.0,50693.0,50689.0,50692.0,50694.0,50684.0
1771,50690.3,50693.0,50685.0,50694.0,50694.0,50685.0,50693.0,50689.0,50692.0,50694.0,50684.0
1772,50690.3,50693.0,50685.0,50694.0,50694.0,50685.0,50693.0,50689.0,50692.0,50694.0,50684.0
1773,50690.3,50693.0,50685.0,50694.0,50694.0,50685.0,50693.0,50689.0,50692.0,50694.0,50684.0
1774,50690.3,50693.0,50685.0,50694.0,50694.0,50685.0,50693.0,50689.0,50692.0,50694.0,50684.0
1775,50690.3,50693.0,50685.0,50694.0,50694.0,50685.0,50693.0,50689.0,50692.0,50694.0,50684.0
1776,50690.3,50693.0,50685.0,50694.0,50694.0,50685.0,50693.0,50689.0,50692.0,50694.0,50684.0
1777,50690.3,50693.0,50685.0,50694.0,50694.0,50685.0,50693.0,50689.0,50692.0,50694.0,50684.0
1778,50690.3,50693.0,50685.0,50694.0,50694.0,50685.0,50693.0,50689.0,50692.0,50694.0,50684.0
1779,50690.3,50693.0,50685.0,50694.0,50694.0,50685.0,50693.0,50689.0,50692.0,50694.0,50684.0
1780,50690.3,50693.0,50685.0,50694.0,50694.0,50685.0,50693.0,50689.0,50692.0,50694.0,50684.0
1781,50690.3,50693.0,50685.0,50694.0,50694.0,50685.0,50693.0,50689.0,50692.0,50694.0,50684.0
1782,50690.3,50693.0,50685.0,50694.0,50694.0,50685.0,50693.0,50689.0,50692.0,50694.0,50684.0
1783,50690.3,50693.0,50685.0,50694.0,50694.0,50685.0,50693.0,50689.0,50692.0,50694.0,50684.0
1784,50690.3,50693.0,50685.0,50694.0,50694.0,50685.0,50693.0,50689.0,50692.0,50694.0,50684.0
1785,50690.3,50693.0,50685.0,50694.0,50694.0,50685.0,50693.0,50689.0,50692.0,50694.0,50684.0
1786,50690.3,50693.0,50685.0,50694.0,50694.0,50685.0,50693.0,50689.0,50692.0,50694.0,50684.0
1787,50690.3,50693.0,50685.0,50694.0,50694.0,50685.0,50693.0,50689.0,50692.0,50694.0,50684.0
1788,50690.3,50693.0,50685.0,50694.0,50694.0,50685.0,50693.0,50689.0,50692.0,50694.0,50684.0
1789,50690.3,50693.0,50685.0,50694.0,50694.0,50685.0,50693.0,50689.0,50692.0,50694.0,50684.0
1790,50690.3,50693.0,50685.0,50694.0,50694.0,50685.0,50693.0,50689.0,50692.0,50694.0,50684.0
1791,50690.3,50693.0,50685.0,50694.0,50694.0,50685.0,50693.0,50689.0,50692.0,50694.0,50684.0
1792,50690.3,50693.0,50685.0,50694.0,50694.0,50685.0,50693.0,50689.0,50692.0,50694.0,50684.0
1793,50690.3,50693.0,50685.0,50694.0,50694.0,50685.0,50693.0,50689.0,50692.0,50694.0,50684.0
1794,50690.3,50693.0,50685.0,50694.0,50694.0,50685.0,50693.0,50689.0,50692.0,50694.0,50684.0
1795,50690.3,50693.0,50685.0,50694.0,50694.0,50685.0,50693.0,50689.0,50692.0,50694.0,50684.0
1796,50690.3,50693.0,50685.0,50694.0,50694.0,50685.0,50693.0,50689.0,50692.0,50694.0,50684.0
1797,50690.3,50693.0,50685.0,50694.0,50694.0,50685.0,50693.0,50689.0,50692.0,50694.0,50684.0
1798,50690.3,50693.0,50685.0,50694.0,50694.0,50685.0,50693.0,50689.0,50692.0,50694.0,50684.0
1799,50690.3,50693.0,50685.0,50694.0,50694.0,50685.0,50693.0,50689.0,50692.0,50694.0,50684.0
1800,50690.3,50693.0,50685.0,50694.0,50694.0,50685.0,50693.0,50689.0,50692.0,50694.0,50684.0
1801,50690.3,50693.0,50685.0,50694.0,50694.0,50685.0,50693.0,50689.0,50692.0,50694.0,50684.0
1802,50690.3,50693.0,50685.0,50694.0,50694.0,50685.0,50693.0,50689.0,50692.0,50694.0,50684.0
1803,50690.3,50693.0,50685.0,50694.0,50694.0,50685.0,50693.0,50689.0,50692.0,50694.0,50684.0
1804,50690.3,50693.0,50685.0,50694.0,50694.0,50685.0,50693.0,50689.0,50692.0,50694.0,50684.0
1805,50690.3,50693.0,50685.0,50694.0,50694.0,50685.0,50693.0,50689.0,50692.0,50694.0,50684.0
1806,50690.3,50693.0,50685.0,50694.0,50694.0,50685.0,50693.0,50689.0,50692.0,50694.0,50684.0
1807,50690.3,50693.0,50685.0,50694.0,50694.0,50685.0,50693.0,50689.0,50692.0,50694.0,50684.0
1808,50690.3,50693.0,50685.0,50694.0,50694.0,50685.0,50693.0,50689.0,50692.0,50694.0,50684.0
1809,50690.3,50693.0,50685.0,50694.0,50694.0,50685.0,50693.0,50689.0,50692.0,50694.0,50684.0
1810,50690.3,50693.0,50685.0,50694.0,50694.0,50685.0,50693.0,50689.0,50692.0,50694.0,50684.0
1811,50690.3,50693.0,50685.0,50694.0,50694.0,50685.0,50693.0,50689.0,50692.0,50694.0,50684.0
1812,50690.3,50693.0,50685.0,50694.0,50694.0,50685.0,50693.0,50689.0,50692.0,50694.0,50684.0
1813,50690.3,50693.0,50685.0,50694.0,50694.0,50685.0,50693.0,50689.0,50692.0,50694.0,50684.0
1814,50690.3,50693.0,50685.0,50694.0,50694.0,50685.0,50693.0,50689.0,50692.0,50694.0,50684.0
1815,50690.3,50693.0,50685.0,50694.0,50694.0,50685.0,50693.0,50689.0,50692.0,50694.0,50684.0
1816,50690.3,50693.0,50685.0,50694.0,50694.0,50685.0,50693.0,50689.0,50692.0,50694.0,50684.0
1817,50690.3,50693.0,50685.0,50694.0,50694.0,50685.0,50693.0,50689.0,50692.0,50694.0,50684.0
1818,50690.3,50693.0,50685.0,50694.0,50694.0,50685.0,50693.0,50689.0,50692.0,50694.0,50684.0
1819,50690.3,50693.0,50685.0,50694.0,50694.0,50685.0,50693.0,50689.0,50692.0,50694.0,50684.0
1820,50690.3,50693.0,50685.0,50694.0,50694.0,50685.0,50693.0,50689.0,50692.0,50694.0,50684.0
1821,50690.3,50693.0,50685.0,50694.0,50694.0,50685.0,50693.0,50689.0,50692.0,50694.0,50684.0
1822,50690.3,50693.0,50685.0,50694.0,50694.0,50685.0,50693.0,50689.0,50692.0,50694.0,50684.0
1823,50690.3,50693.0,50685.0,50694.0,50694.0,50685.0,50693.0,50689.0,50692.0,50694.0,50684.0
1824,50690.3,50693.0,50685.0,50694.0,50694.0,50685.0,50693.0,50689.0,50692.0,50694.0,50684.0
1825,50690.3,50693.0,50685.0,50694.0,50694.0,50685.0,50693.0,50689.0,50692.0,50694.0,50684.0
1826,50690.3,50693.0,50685.0,50694.0,50694.0,50685.0,50693.0,50689.0,50692.0,50694.0,50684.0
1827,50690.3,50693.0,50685.0,50694.0,50694.0,50685.0,50693.0,50689.0,50692.0,50694.0,50684.0
1828,50690.3,50693.0,50685.0,50694.0,50694.0,50685.0,50693.0,50689.0,50692.0,50694.0,50684.0
1829,50690.3,50693.0,50685.0,50694.0,50694.0,50685.0,50693.0,50689.0,50692.0,50694.0,50684.0
1830,50690.3,50693.0,50685.0,50694.0,50694.0,50685.0,50693.0,50689.0,50692.0,50694.0,50684.0
1831,50690.3,50693.0,50685.0,50694.0,50694.0,50685.0,50693.0,50689.0,50692.0,50694.0,50684.0
1832,50690.3,50693.0,50685.0,50694.0,50694.0,50685.0,50693.0,50689.0,50692.0,50694.0,50684.0
1833,50690.3,50693.0,50685.0,50694.0,50694.0,50685.0,50693.0,50689.0,50692.0,50694.0,50684.0
1834,50690.3,50693.0,50685.0,50694.0,50694.0,50685.0,50693.0,50689.0,50692.0,50694.0,50684.0
1835,50690.3,50693.0,50685.0,50694.0,50694.0,50685.0,50693.0,50689.0,50692.0,50694.0,50684.0
1836,50690.3,50693.0,50685.0,50694.0,50694.0,50685.0,50693.0,50689.0,50692.0,50694.0,50684.0
1837,50690.3,50693.0,50685.0,50694.0,50694.0,50685.0,50693.0,50689.0,50692.0,50694.0,50684.0
1838,50690.3,50693.0,50685.0,50694.0,50694.0,50685.0,50693.0,50689.0,50692.0,50694.0,50684.0
1839,50690.3,50693.0,50685.0,50694.0,50694.0,50685.0,50693.0,50689.0,50692.0,50694.0,50684.0
1840,50690.3,50693.0,50685.0,50694.0,50694.0,50685.0,50693.0,50689.0,50692.0,50694.0,50684.0
1841,50690.3,50693.0,50685.0,50694.0,50694.0,50685.0,50693.0,50689.0,50692.0,50694.0,50684.0
1842,50690.3,50693.0,50685.0,50694.0,50694.0,50685.0,50693.0,50689.0,50692.0,50694.0,50684.0
1843,50690.3,50693.0,50685.0,50694.0,50694.0,50685.0,50693.0,50689.0,50692.0,50694.0,50684.0
1844,50690.3,50693.0,50685.0,50694.0,50694.0,50685.0,50693.0,50689.0,50692.0,50694.0,50684.0
1845,50690.3,50693.0,50685.0,50694.0,50694.0,50685.0,50693.0,50689.0,50692.0,50694.0,50684.0
1846,50690.3,50693.0,50685.0,50694.0,50694.0,50685.0,50693.0,50689.0,50692.0,50694.0,50684.0
1847,50690.3,50693.0,50685.0,50694.0,50694.0,50685.0,50693.0,50689.0,50692.0,50694.0,50684.0
1848,50690.3,50693.0,50685.0,50694.0,50694.0,50685.0,50693.0,50689.0,50692.0,50694.0,50684.0
1849,50690.3,50693.0,50685.0,50694.0,50694.0,50685.0,50693.0,50689.0,50692.0,50694.0,50684.0
1850,50690.3,50693.0,50685.0,50694.0,50694.0,50685.0,50693.0,50689.0,50692.0,50694.0,50684.0
1851,50690.3,50693.0,50685.0,50694.0,50694.0,50685.0,50693.0,50689.0,50692.0,50694.0,50684.0
1852,50690.3,50693.0,50685.0,50694.0,50694.0,50685.0,50693.0,50689.0,50692.0,50694.0,50684.0
1853,50690.3,50693.0,50685.0,50694.0,50694.0,50685.0,50693.0,50689.0,50692.0,50694.0,50684.0
1854,50690.3,50693.0,50685.0,50694.0,50694.0,50685.0,50693.0,50689.0,50692.0,50694.0,50684.0
1855,50690.3,50693.0,50685.0,50694.0,50694.0,50685.0,50693.0,50689.0,50692.0,50694.0,50684.0
1856,50690.3,50693.0,50685.0,50694.0,50694.0,50685.0,50693.0,50689.0,50692.0,50694.0,50684.0
1857,50690.3,50693.0,50685.0,50694.0,50694.0,50685.0,50693.0,50689.0,50692.0,50694.0,50684.0
1858,50690.3,50693.0,50685.0,50694.0,50694.0,50685.0,50693.0,50689.0,50692.0,50694.0,50684.0
1859,50690.3,50693.0,50685.0,50694.0,50694.0,50685.0,50693.0,50689.0,50692.0,50694.0,50684.0
1860,50690.3,50693.0,50685.0,50694.0,50694.0,50685.0,50693.0,50689.0,50692.0,50694.0,50684.0
1861,50690.3,50693.0,50685.0,50694.0,50694.0,50685.0,50693.0,50689.0,50692.0,50694.0,50684.0
1862,50690.3,50693.0,50685.0,50694.0,50694.0,50685.0,50693.0,50689.0,50692.0,50694.0,50684.0
1863,50690.3,50693.0,50685.0,50694.0,50694.0,50685.0,50693.0,50689.0,50692.0,50694.0,50684.0
1864,50690.3,50693.0,50685.0,50694.0,50694.0,50685.0,50693.0,50689.0,50692.0,50694.0,50684.0
1865,50690.3,50693.0,50685.0,50694.0,50694.0,50685.0,50693.0,50689.0,50692.0,50694.0,50684.0
1866,50690.3,50693.0,50685.0,50694.0,50694.0,50685.0,50693.0,50689.0,50692.0,50694.0,50684.0
1867,50690.3,50693.0,50685.0,50694.0,50694.0,50685.0,50693.0,50689.0,50692.0,50694.0,50684.0
1868,50690.3,50693.0,50685.0,50694.0,50694.0,50685.0,50693.0,50689.0,50692.0,50694.0,50684.0
1869,50690.3,50693.0,50685.0,50694.0,50694.0,50685.0,50693.0,50689.0,50692.0,50694.0,50684.0
1870,50690.3,50693.0,50685.0,50694.0,50694.0,50685.0,50693.0,50689.0,50692.0,50694.0,50684.0
1871,50690.3,50693.0,50685.0,50694.0,50694.0,50685.0,50693.0,50689.0,50692.0,50694.0,50684.0
1872,50690.3,50693.0,50685.0,50694.0,50694.0,50685.0,50693.0,50689.0,50692.0,50694.0,50684.0
1873,50690.3,50693.0,50685.0,50694.0,50694.0,50685.0,50693.0,50689.0,50692.0,50694.0,50684.0
1874,50690.3,50693.0,50685.0,50694.0,50694.0,50685.0,50693.0,50689.0,50692.0,50694.0,50684.0
1875,50690.3,50693.0,50685.0,50694.0,50694.0,50685.0,50693.0,50689.0,50692.0,50694.0,50684.0
1876,50690.3,50693.0,50685.0,50694.0,50694.0,50685.0,50693.0,50689.0,50692.0,50694.0,50684.0
1877,50690.3,50693.0,50685.0,50694.0,50694.0,50685.0,50693.0,50689.0,50692.0,50694.0,50684.0
1878,50690.3,50693.0,50685.0,50694.0,50694.0,50685.0,50693.0,50689.0,50692.0,50694.0,50684.0
1879,50690.3,50693.0,50685.0,50694.0,50694.0,50685.0,50693.0,50689.0,50692.0,50694.0,50684.0
1880,50690.3,50693.0,50685.0,50694.0,50694.0,50685.0,50693.0,50689.0,50692.0,50694.0,50684.0
1881,50690.3,50693.0,50685.0,50694.0,50694.0,50685.0,50693.0,50689.0,50692.0,50694.0,50684.0
1882,50690.3,50693.0,50685.0,50694.0,50694.0,50685.0,50693.0,50689.0,50692.0,50694.0,50684.0
1883,50690.3,50693.0,50685.0,50694.0,50694.0,50685.0,50693.0,50689.0,50692.0,50694.0,50684.0
1884,50690.3,50693.0,50685.0,50694.0,50694.0,50685.0,50693.0,50689.0,50692.0,50694.0,50684.0
1885,50690.3,50693.0,50685.0,50694.0,50694.0,50685.0,50693.0,50689.0,50692.0,50694.0,50684.0
1886,50690.3,50693.0,50685.0,50694.0,50694.0,50685.0,50693.0,50689.0,50692.0,50694.0,50684.0
1887,50690.3,50693.0,50685.0,50694.0,50694.0,50685.0,50693.0,50689.0,50692.0,50694.0,50684.0
1888,50690.3,50693.0,50685.0,50694.0,50694.0,50685.0,50693.0,50689.0,50692.0,50694.0,50684.0
1889,50690.3,50693.0,50685.0,50694.0,50694.0,50685.0,50693.0,50689.0,50692.0,50694.0,50684.0
1890,50690.3,50693.0,50685.0,50694.0,50694.0,50685.0,50693.0,50689.0,50692.0,50694.0,50684.0
1891,50690.3,50693.0,50685.0,50694.0,50694.0,50685.0,50693.0,50689.0,50692.0,50694.0,50684.0
1892,50690.3,50693.0,50685.0,50694.0,50694.0,50685.0,50693.0,50689.0,50692.0,50694.0,50684.0
1893,50690.3,50693.0,50685.0,50694.0,50694.0,50685.0,50693.0,50689.0,50692.0,50694.0,50684.0
1894,50690.3,50693.0,50685.0,50694.0,50694.0,50685.0,50693.0,50689.0,50692.0,50694.0,50684.0
1895,50690.3,50693.0,50685.0,50694.0,50694.0,50685.0,50693.0,50689.0,50692.0,50694.0,50684.0
1896,50690.3,50693.0,50685.0,50694.0,50694.0,50685.0,50693.0,50689.0,50692.0,50694.0,50684.0
1897,50690.3,50693.0,50685.0,50694.0,50694.0,50685.0,50693.0,50689.0,50692.0,50694.0,50684.0
1898,50690.3,50693.0,50685.0,50694.0,50694.0,50685.0,50693.0,50689.0,50692.0,50694.0,50684.0
1899,50690.3,50693.0,50685.0,50694.0,50694.0,50685.0,50693.0,50689.0,50692.0,50694.0,50684.0
1900,50690.3,50693.0,50685.0,50694.0,50694.0,50685.0,50693.0,50689.0,50692.0,50694.0,50684.0
1901,50690.3,50693.0,50685.0,50694.0,50694.0,50685.0,50693.0,50689.0,50692.0,50694.0,50684.0
1902,50690.3,50693.0,50685.0,50694.0,50694.0,50685.0,50693.0,50689.0,50692.0,50694.0,50684.0
1903,50690.3,50693.0,50685.0,50694.0,50694.0,50685.0,50693.0,50689.0,50692.0,50694.0,50684.0
1904,50690.3,50693.0,50685.0,50694.0,50694.0,50685.0,50693.0,50689.0,50692.0,50694.0,50684.0
1905,50690.3,50693.0,50685.0,50694.0,50694.0,50685.0,50693.0,50689.0,50692.0,50694.0,50684.0
1906,50690.3,50693.0,50685.0,50694.0,50694.0,50685.0,50693.0,50689.0,50692.0,50694.0,50684.0
1907,50690.3,50693.0,50685.0,50694.0,50694.0,50685.0,50693.0,50689.0,50692.0,50694.0,50684.0
1908,50690.3,50693.0,50685.0,50694.0,50694.0,50685.0,50693.0,50689.0,50692.0,50694.0,50684.0
1909,50690.3,50693.0,50685.0,50694.0,50694.0,50685.0,50693.0,50689.0,50692.0,50694.0,50684.0
1910,50690.3,50693.0,50685.0,50694.0,50694.0,50685.0,50693.0,50689.0,50692.0,50694.0,50684.0
1911,50690.3,50693.0,50685.0,50694.0,50694.0,50685.0,50693.0,50689.0,50692.0,50694.0,50684.0
1912,50690.3,50693.0,50685.0,50694.0,50694.0,50685.0,50693.0,50689.0,50692.0,50694.0,50684.0
1913,50690.3,50693.0,50685.0,50694.0,50694.0,50685.0,50693.0,50689.0,50692.0,50694.0,50684.0
1914,50690.3,50693.0,50685.0,50694.0,50694.0,50685.0,50693.0,50689.0,50692.0,50694.0,50684.0
1915,50690.3,50693.0,50685.0,50694.0,50694.0,50685.0,50693.0,50689.0,50692.0,50694.0,50684.0
1916,50690.3,50693.0,50685.0,50694.0,50694.0,50685.0,50693.0,50689.0,50692.0,50694.0,50684.0
1917,50690.3,50693.0,50685.0,50694.0,50694.0,50685.0,50693.0,50689.0,50692.0,50694.0,50684.0
1918,50690.3,50693.0,50685.0,50694.0,50694.0,50685.0,50693.0,50689.0,50692.0,50694.0,50684.0
1919,50690.3,50693.0,50685.0,50694.0,50694.0,50685.0,50693.0,50689.0,50692.0,50694.0,50684.0
1920,50690.3,50693.0,50685.0,50694.0,50694.0,50685.0,50693.0,50689.0,50692.0,50694.0,50684.0
1921,50690.3,50693.0,50685.0,50694.0,50694.0,50685.0,50693.0,50689.0,50692.0,50694.0,50684.0
1922,50690.3,50693.0,50685.0,50694.0,50694.0,50685.0,50693.0,50689.0,50692.0,50694.0,50684.0
1923,50690.3,50693.0,50685.0,50694.0,50694.0,50685.0,50693.0,50689.0,50692.0,50694.0,50684.0
1924,50690.3,50693.0,50685.0,50694.0,50694.0,50685.0,50693.0,50689.0,50692.0,50694.0,50684.0
1925,50690.3,50693.0,50685.0,50694.0,50694.0,50685.0,50693.0,50689.0,50692.0,50694.0,50684.0
1926,50690.3,50693.0,50685.0,50694.0,50694.0,50685.0,50693.0,50689.0,50692.0,50694.0,50684.0
1927,50690.3,50693.0,50685.0,50694.0,50694.0,50685.0,50693.0,50689.0,50692.0,50694.0,50684.0
1928,50690.3,50693.0,50685.0,50694.0,50694.0,50685.0,50693.0,50689.0,50692.0,50694.0,50684.0
1929,50690.3,50693.0,50685.0,50694.0,50694.0,50685.0,50693.0,50689.0,50692.0,50694.0,50684.0
1930,50690.3,50693.0,50685.0,50694.0,50694.0,50685.0,50693.0,50689.0,50692.0,50694.0,50684.0
1931,50690.3,50693.0,50685.0,50694.0,50694.0,50685.0,50693.0,50689.0,50692.0,50694.0,50684.0
1932,50690.3,50693.0,50685.0,50694.0,50694.0,50685.0,50693.0,50689.0,50692.0,50694.0,50684.0
1933,50690.3,50693.0,50685.0,50694.0,50694.0,50685.0,50693.0,50689.0,50692.0,50694.0,50684.0
1934,50690.3,50693.0,50685.0,50694.0,50694.0,50685.0,50693.0,50689.0,50692.0,50694.0,50684.0
1935,50690.3,50693.0,50685.0,50694.0,50694.0,50685.0,50693.0,50689.0,50692.0,50694.0,50684.0
1936,50690.3,50693.0,50685.0,50694.0,50694.0,50685.0,50693.0,50689.0,50692.0,50694.0,50684.0
1937,50690.3,50693.0,50685.0,50694.0,50694.0,50685.0,50693.0,50689.0,50692.0,50694.0,50684.0
1938,50690.3,50693.0,50685.0,50694.0,50694.0,50685.0,50693.0,50689.0,50692.0,50694.0,50684.0
1939,50690.3,50693.0,50685.0,50694.0,50694.0,50685.0,50693.0,50689.0,50692.0,50694.0,50684.0
1940,50690.3,50693.0,50685.0,50694.0,50694.0,50685.0,50693.0,50689.0,50692.0,50694.0,50684.0
1941,50690.3,50693.0,50685.0,50694.0,50694.0,50685.0,50693.0,50689.0,50692.0,50694.0,50684.0
1942,50690.3,50693.0,50685.0,50694.0,50694.0,50685.0,50693.0,50689.0,50692.0,50694.0,50684.0
1943,50690.3,50693.0,50685.0,50694.0,50694.0,50685.0,50693.0,50689.0,50692.0,50694.0,50684.0
1944,50690.3,50693.0,50685.0,50694.0,50694.0,50685.0,50693.0,50689.0,50692.0,50694.0,50684.0
1945,50690.3,50693.0,50685.0,50694.0,50694.0,50685.0,50693.0,50689.0,50692.0,50694.0,50684.0
1946,50690.3,50693.0,50685.0,50694.0,50694.0,50685.0,50693.0,50689.0,50692.0,50694.0,50684.0
1947,50690.3,50693.0,50685.0,50694.0,50694.0,50685.0,50693.0,50689.0,50692.0,50694.0,50684.0
1948,50690.3,50693.0,50685.0,50694.0,50694.0,50685.0,50693.0,50689.0,50692.0,50694.0,50684.0
1949,50690.3,50693.0,50685.0,50694.0,50694.0,50685.0,50693.0,50689.0,50692.0,50694.0,50684.0
1950,50690.3,50693.0,50685.0,50694.0,50694.0,50685.0,50693.0,50689.0,50692.0,50694.0,50684.0
1951,50690.3,50693.0,50685.0,50694.0,50694.0,50685.0,50693.0,50689.0,50692.0,50694.0,50684.0
1952,50690.3,50693.0,50685.0,50694.0,50694.0,50685.0,50693.0,50689.0,50692.0,50694.0,50684.0
1953,50690.3,50693.0,50685.0,50694.0,50694.0,50685.0,50693.0,50689.0,50692.0,50694.0,50684.0
1954,50690.3,50693.0,50685.0,50694.0,50694.0,50685.0,50693.0,50689.0,50692.0,50694.0,50684.0
1955,50690.3,50693.0,50685.0,50694.0,50694.0,50685.0,50693.0,50689.0,50692.0,50694.0,50684.0
1956,50690.3,50693.0,50685.0,50694.0,50694.0,50685.0,50693.0,50689.0,50692.0,50694.0,50684.0
1957,50690.3,50693.0,50685.0,50694.0,50694.0,50685.0,50693.0,50689.0,50692.0,50694.0,50684.0
1958,50690.3,50693.0,50685.0,50694.0,50694.0,50685.0,50693.0,50689.0,50692.0,50694.0,50684.0
1959,50690.3,50693.0,50685.0,50694.0,50694.0,50685.0,50693.0,50689.0,50692.0,50694.0,50684.0
1960,50690.3,50693.0,50685.0,50694.0,50694.0,50685.0,50693.0,50689.0,50692.0,50694.0,50684.0
1961,50690.3,50693.0,50685.0,50694.0,50694.0,50685.0,50693.0,50689.0,50692.0,50694.0,50684.0
1962,50690.3,50693.0,50685.0,50694.0,50694.0,50685.0,50693.0,50689.0,50692.0,50694.0,50684.0
1963,50690.3,50693.0,50685.0,50694.0,50694.0,50685.0,50693.0,50689.0,50692.0,50694.0,50684.0
1964,50690.3,50693.0,50685.0,50694.0,50694.0,50685.0,50693.0,50689.0,50692.0,50694.0,50684.0
1965,50690.3,50693.0,50685.0,50694.0,50694.0,50685.0,50693.0,50689.0,50692.0,50694.0,50684.0
1966,50690.3,50693.0,50685.0,50694.0,50694.0,50685.0,50693.0,50689.0,50692.0,50694.0,50684.0
1967,50690.3,50693.0,50685.0,50694.0,50694.0,50685.0,50693.0,50689.0,50692.0,50694.0,50684.0
1968,50690.3,50693.0,50685.0,50694.0,50694.0,50685.0,50693.0,50689.0,50692.0,50694.0,50684.0
1969,50690.3,50693.0,50685.0,50694.0,50694.0,50685.0,50693.0,50689.0,50692.0,50694.0,50684.0
1970,50690.3,50693.0,50685.0,50694.0,50694.0,50685.0,50693.0,50689.0,50692.0,50694.0,50684.0
1971,50690.3,50693.0,50685.0,50694.0,50694.0,50685.0,50693.0,50689.0,50692.0,50694.0,50684.0
1972,50690.3,50693.0,50685.0,50694.0,50694.0,50685.0,50693.0,50689.0,50692.0,50694.0,50684.0
1973,50690.3,50693.0,50685.0,50694.0,50694.0,50685.0,50693.0,50689.0,50692.0,50694.0,50684.0
1974,50690.3,50693.0,50685.0,50694.0,50694.0,50685.0,50693.0,50689.0,50692.0,50694.0,50684.0
1975,50690.3,50693.0,50685.0,50694.0,50694.0,50685.0,50693.0,50689.0,50692.0,50694.0,50684.0
1976,50690.3,50693.0,50685.0,50694.0,50694.0,50685.0,50693.0,50689.0,50692.0,50694.0,50684.0
1977,50690.3,50693.0,50685.0,50694.0,50694.0,50685.0,50693.0,50689.0,50692.0,50694.0,50684.0
1978,50690.3,50693.0,50685.0,50694.0,50694.0,50685.0,50693.0,50689.0,50692.0,50694.0,50684.0
1979,50690.3,50693.0,50685.0,50694.0,50694.0,50685.0,50693.0,50689.0,50692.0,50694.0,50684.0
1980,50690.3,50693.0,50685.0,50694.0,50694.0,50685.0,50693.0,50689.0,50692.0,50694.0,50684.0
1981,50690.3,50693.0,50685.0,50694.0,50694.0,50685.0,50693.0,50689.0,50692.0,50694.0,50684.0
1982,50690.3,50693.0,50685.0,50694.0,50694.0,50685.0,50693.0,50689.0,50692.0,50694.0,50684.0
1983,50690.3,50693.0,50685.0,50694.0,50694.0,50685.0,50693.0,50689.0,50692.0,50694.0,50684.0
1984,50690.3,50693.0,50685.0,50694.0,50694.0,50685.0,50693.0,50689.0,50692.0,50694.0,50684.0
1985,50690.3,50693.0,50685.0,50694.0,50694.0,50685.0,50693.0,50689.0,50692.0,50694.0,50684.0
1986,50690.3,50693.0,50685.0,50694.0,50694.0,50685.0,50693.0,50689.0,50692.0,50694.0,50684.0
1987,50690.3,50693.0,50685.0,50694.0,50694.0,50685.0,50693.0,50689.0,50692.0,50694.0,50684.0
1988,50690.3,50693.0,50685.0,50694.0,50694.0,50685.0,50693.0,50689.0,50692.0,50694.0,50684.0
1989,50690.3,50693.0,50685.0,50694.0,50694.0,50685.0,50693.0,50689.0,50692.0,50694.0,50684.0
1990,50690.3,50693.0,50685.0,50694.0,50694.0,50685.0,50693.0,50689.0,50692.0,50694.0,50684.0
1991,50690.3,50693.0,50685.0,50694.0,50694.0,50685.0,50693.0,50689.0,50692.0,50694.0,50684.0
1992,50690.3,50693.0,50685.0,50694.0,50694.0,50685.0,50693.0,50689.0,50692.0,50694.0,50684.0
1993,50690.3,50693.0,50685.0,50694.0,50694.0,50685.0,50693.0,50689.0,50692.0,50694.0,50684.0
1994,50690.3,50693.0,50685.0,50694.0,50694.0,50685.0,50693.0,50689.0,50692.0,50694.0,50684.0
1995,50690.3,50693.0,50685.0,50694.0,50694.0,50685.0,50693.0,50689.0,50692.0,50694.0,50684.0
1996,50690.3,50693.0,50685.0,50694.0,50694.0,50685.0,50693.0,50689.0,50692.0,50694.0,50684.0
1997,50690.3,50693.0,50685.0,50694.0,50694.0,50685.0,50693.0,50689.0,50692.0,50694.0,50684.0
1998,50690.3,50693.0,50685.0,50694.0,50694.0,50685.0,50693.0,50689.0,50692.0,50694.0,50684.0
1999,50690.3,50693.0,50685.0,50694.0,50694.0,50685.0,50693.0,50689.0,50692.0,50694.0,50684.0
2000,50690.3,50693.0,50685.0,50694.0,50694.0,50685.0,50693.0,50689.0,50692.0,50694.0,50684.0
2001,50690.3,50693.0,50685.0,50694.0,50694.0,50685.0,50693.0,50689.0,50692.0,50694.0,50684.0
2002,50690.3,50693.0,50685.0,50694.0,50694.0,50685.0,50693.0,50689.0,50692.0,50694.0,50684.0
2003,50690.3,50693.0,50685.0,50694.0,50694.0,50685.0,50693.0,50689.0,50692.0,50694.0,50684.0
2004,50690.3,50693.0,50685.0,50694.0,50694.0,50685.0,50693.0,50689.0,50692.0,50694.0,50684.0
2005,50690.3,50693.0,50685.0,50694.0,50694.0,50685.0,50693.0,50689.0,50692.0,50694.0,50684.0
2006,50690.3,50693.0,50685.0,50694.0,50694.0,50685.0,50693.0,50689.0,50692.0,50694.0,50684.0
2007,50690.3,50693.0,50685.0,50694.0,50694.0,50685.0,50693.0,50689.0,50692.0,50694.0,50684.0
2008,50690.3,50693.0,50685.0,50694.0,50694.0,50685.0,50693.0,50689.0,50692.0,50694.0,50684.0
2009,50690.3,50693.0,50685.0,50694.0,50694.0,50685.0,50693.0,50689.0,50692.0,50694.0,50684.0
2010,50690.3,50693.0,50685.0,50694.0,50694.0,50685.0,50693.0,50689.0,50692.0,50694.0,50684.0
2011,50690.3,50693.0,50685.0,50694.0,50694.0,50685.0,50693.0,50689.0,50692.0,50694.0,50684.0
2012,50690.3,50693.0,50685.0,50694.0,50694.0,50685.0,50693.0,50689.0,50692.0,50694.0,50684.0
2013,50690.3,50693.0,50685.0,50694.0,50694.0,50685.0,50693.0,50689.0,50692.0,50694.0,50684.0
2014,50690.3,50693.0,50685.0,50694.0,50694.0,50685.0,50693.0,50689.0,50692.0,50694.0,50684.0
2015,50690.3,50693.0,50685.0,50694.0,50694.0,50685.0,50693.0,50689.0,50692.0,50694.0,50684.0
2016,50690.3,50693.0,50685.0,50694.0,50694.0,50685.0,50693.0,50689.0,50692.0,50694.0,50684.0
2017,50690.3,50693.0,50685.0,50694.0,50694.0,50685.0,50693.0,50689.0,50692.0,50694.0,50684.0
2018,50690.3,50693.0,50685.0,50694.0,50694.0,50685.0,50693.0,50689.0,50692.0,50694.0,50684.0
2019,50690.3,50693.0,50685.0,50694.0,50694.0,50685.0,50693.0,50689.0,50692.0,50694.0,50684.0
2020,50690.3,50693.0,50685.0,50694.0,50694.0,50685.0,50693.0,50689.0,50692.0,50694.0,50684.0
2021,50690.3,50693.0,50685.0,50694.0,50694.0,50685.0,50693.0,50689.0,50692.0,50694.0,50684.0
2022,50690.3,50693.0,50685.0,50694.0,50694.0,50685.0,50693.0,50689.0,50692.0,50694.0,50684.0
2023,50690.3,50693.0,50685.0,50694.0,50694.0,50685.0,50693.0,50689.0,50692.0,50694.0,50684.0
2024,50690.3,50693.0,50685.0,50694.0,50694.0,50685.0,50693.0,50689.0,50692.0,50694.0,50684.0
2025,50690.3,50693.0,50685.0,50694.0,50694.0,50685.0,50693.0,50689.0,50692.0,50694.0,50684.0
2026,50690.3,50693.0,50685.0,50694.0,50694.0,50685.0,50693.0,50689.0,50692.0,50694.0,50684.0
2027,50690.3,50693.0,50685.0,50694.0,50694.0,50685.0,50693.0,50689.0,50692.0,50694.0,50684.0
2028,50690.3,50693.0,50685.0,50694.0,50694.0,50685.0,50693.0,50689.0,50692.0,50694.0,50684.0
2029,50690.3,50693.0,50685.0,50694.0,50694.0,50685.0,50693.0,50689.0,50692.0,50694.0,50684.0
2030,50690.3,50693.0,50685.0,50694.0,50694.0,50685.0,50693.0,50689.0,50692.0,50694.0,50684.0
2031,50690.3,50693.0,50685.0,50694.0,50694.0,50685.0,50693.0,50689.0,50692.0,50694.0,50684.0
2032,50690.3,50693.0,50685.0,50694.0,50694.0,50685.0,50693.0,50689.0,50692.0,50694.0,50684.0
2033,50690.3,50693.0,50685.0,50694.0,50694.0,50685.0,50693.0,50689.0,50692.0,50694.0,50684.0
2034,50690.3,50693.0,50685.0,50694.0,50694.0,50685.0,50693.0,50689.0,50692.0,50694.0,50684.0
2035,50690.3,50693.0,50685.0,50694.0,50694.0,50685.0,50693.0,50689.0,50692.0,50694.0,50684.0
2036,50690.3,50693.0,50685.0,50694.0,50694.0,50685.0,50693.0,50689.0,50692.0,50694.0,50684.0
2037,50690.3,50693.0,50685.0,50694.0,50694.0,50685.0,50693.0,50689.0,50692.0,50694.0,50684.0
2038,50690.3,50693.0,50685.0,50694.0,50694.0,50685.0,50693.0,50689.0,50692.0,50694.0,50684.0
2039,50690.3,50693.0,50685.0,50694.0,50694.0,50685.0,50693.0,50689.0,50692.0,50694.0,50684.0
2040,50690.3,50693.0,50685.0,50694.0,50694.0,50685.0,50693.0,50689.0,50692.0,50694.0,50684.0
2041,50690.3,50693.0,50685.0,50694.0,50694.0,50685.0,50693.0,50689.0,50692.0,50694.0,50684.0
2042,50690.3,50693.0,50685.0,50694.0,50694.0,50685.0,50693.0,50689.0,50692.0,50694.0,50684.0
2043,50690.3,50693.0,50685.0,50694.0,50694.0,50685.0,50693.0,50689.0,50692.0,50694.0,50684.0
2044,50690.3,50693.0,50685.0,50694.0,50694.0,50685.0,50693.0,50689.0,50692.0,50694.0,50684.0
2045,50690.3,50693.0,50685.0,50694.0,50694.0,50685.0,50693.0,50689.0,50692.0,50694.0,50684.0
2046,50690.3,50693.0,50685.0,50694.0,50694.0,50685.0,50693.0,50689.0,50692.0,50694.0,50684.0
2047,50690.3,50693.0,50685.0,50694.0,50694.0,50685.0,50693.0,50689.0,50692.0,50694.0,50684.0
2048,50690.3,50693.0,50685.0,50694.0,50694.0,50685.0,50693.0,50689.0,50692.0,50694.0,50684.0
2049,50690.3,50693.0,50685.0,50694.0,50694.0,50685.0,50693.0,50689.0,50692.0,50694.0,50684.0
2050,50690.3,50693.0,50685.0,50694.0,50694.0,50685.0,50693.0,50689.0,50692.0,50694.0,50684.0
2051,50690.3,50693.0,50685.0,50694.0,50694.0,50685.0,50693.0,50689.0,50692.0,50694.0,50684.0
2052,50690.3,50693.0,50685.0,50694.0,50694.0,50685.0,50693.0,50689.0,50692.0,50694.0,50684.0
2053,50690.3,50693.0,50685.0,50694.0,50694.0,50685.0,50693.0,50689.0,50692.0,50694.0,50684.0
2054,50690.3,50693.0,50685.0,50694.0,50694.0,50685.0,50693.0,50689.0,50692.0,50694.0,50684.0
2055,50690.3,50693.0,50685.0,50694.0,50694.0,50685.0,50693.0,50689.0,50692.0,50694.0,50684.0
2056,50690.3,50693.0,50685.0,50694.0,50694.0,50685.0,50693.0,50689.0,50692.0,50694.0,50684.0
2057,50690.3,50693.0,50685.0,50694.0,50694.0,50685.0,50693.0,50689.0,50692.0,50694.0,50684.0
2058,50690.3,50693.0,50685.0,50694.0,50694.0,50685.0,50693.0,50689.0,50692.0,50694.0,50684.0
2059,50690.3,50693.0,50685.0,50694.0,50694.0,50685.0,50693.0,50689.0,50692.0,50694.0,50684.0
2060,50690.3,50693.0,50685.0,50694.0,50694.0,50685.0,50693.0,50689.0,50692.0,50694.0,50684.0
2061,50690.3,50693.0,50685.0,50694.0,50694.0,50685.0,50693.0,50689.0,50692.0,50694.0,50684.0
2062,50690.3,50693.0,50685.0,50694.0,50694.0,50685.0,50693.0,50689.0,50692.0,50694.0,50684.0
2063,50690.3,50693.0,50685.0,50694.0,50694.0,50685.0,50693.0,50689.0,50692.0,50694.0,50684.0
2064,50690.3,50693.0,50685.0,50694.0,50694.0,50685.0,50693.0,50689.0,50692.0,50694.0,50684.0
2065,50690.3,50693.0,50685.0,50694.0,50694.0,50685.0,50693.0,50689.0,50692.0,50694.0,50684.0
2066,50690.3,50693.0,50685.0,50694.0,50694.0,50685.0,50693.0,50689.0,50692.0,50694.0,50684.0
2067,50690.3,50693.0,50685.0,50694.0,50694.0,50685.0,50693.0,50689.0,50692.0,50694.0,50684.0
2068,50690.3,50693.0,50685.0,50694.0,50694.0,50685.0,50693.0,50689.0,50692.0,50694.0,50684.0
2069,50690.3,50693.0,50685.0,50694.0,50694.0,50685.0,50693.0,50689.0,50692.0,50694.0,50684.0
2070,50690.3,50693.0,50685.0,50694.0,50694.0,50685.0,50693.0,50689.0,50692.0,50694.0,50684.0
2071,50690.3,50693.0,50685.0,50694.0,50694.0,50685.0,50693.0,50689.0,50692.0,50694.0,50684.0
2072,50690.3,50693.0,50685.0,50694.0,50694.0,50685.0,50693.0,50689.0,50692.0,50694.0,50684.0
2073,50690.3,50693.0,50685.0,50694.0,50694.0,50685.0,50693.0,50689.0,50692.0,50694.0,50684.0
2074,50690.3,50693.0,50685.0,50694.0,50694.0,50685.0,50693.0,50689.0,50692.0,50694.0,50684.0
2075,50690.3,50693.0,50685.0,50694.0,50694.0,50685.0,50693.0,50689.0,50692.0,50694.0,50684.0
2076,50690.3,50693.0,50685.0,50694.0,50694.0,50685.0,50693.0,50689.0,50692.0,50694.0,50684.0
2077,50690.3,50693.0,50685.0,50694.0,50694.0,50685.0,50693.0,50689.0,50692.0,50694.0,50684.0
2078,50690.3,50693.0,50685.0,50694.0,50694.0,50685.0,50693.0,50689.0,50692.0,50694.0,50684.0
2079,50690.3,50693.0,50685.0,50694.0,50694.0,50685.0,50693.0,50689.0,50692.0,50694.0,50684.0
2080,50690.3,50693.0,50685.0,50694.0,50694.0,50685.0,50693.0,50689.0,50692.0,50694.0,50684.0
2081,50690.3,50693.0,50685.0,50694.0,50694.0,50685.0,50693.0,50689.0,50692.0,50694.0,50684.0
2082,50690.3,50693.0,50685.0,50694.0,50694.0,50685.0,50693.0,50689.0,50692.0,50694.0,50684.0
2083,50690.3,50693.0,50685.0,50694.0,50694.0,50685.0,50693.0,50689.0,50692.0,50694.0,50684.0
2084,50690.3,50693.0,50685.0,50694.0,50694.0,50685.0,50693.0,50689.0,50692.0,50694.0,50684.0
2085,50690.3,50693.0,50685.0,50694.0,50694.0,50685.0,50693.0,50689.0,50692.0,50694.0,50684.0
2086,50690.3,50693.0,50685.0,50694.0,50694.0,50685.0,50693.0,50689.0,50692.0,50694.0,50684.0
2087,50690.3,50693.0,50685.0,50694.0,50694.0,50685.0,50693.0,50689.0,50692.0,50694.0,50684.0
2088,50690.3,50693.0,50685.0,50694.0,50694.0,50685.0,50693.0,50689.0,50692.0,50694.0,50684.0
2089,50690.3,50693.0,50685.0,50694.0,50694.0,50685.0,50693.0,50689.0,50692.0,50694.0,50684.0
2090,50690.3,50693.0,50685.0,50694.0,50694.0,50685.0,50693.0,50689.0,50692.0,50694.0,50684.0
2091,50690.3,50693.0,50685.0,50694.0,50694.0,50685.0,50693.0,50689.0,50692.0,50694.0,50684.0
2092,50690.3,50693.0,50685.0,50694.0,50694.0,50685.0,50693.0,50689.0,50692.0,50694.0,50684.0
2093,50690.3,50693.0,50685.0,50694.0,50694.0,50685.0,50693.0,50689.0,50692.0,50694.0,50684.0
2094,50690.3,50693.0,50685.0,50694.0,50694.0,50685.0,50693.0,50689.0,50692.0,50694.0,50684.0
2095,50690.3,50693.0,50685.0,50694.0,50694.0,50685.0,50693.0,50689.0,50692.0,50694.0,50684.0
2096,50690.3,50693.0,50685.0,50694.0,50694.0,50685.0,50693.0,50689.0,50692.0,50694.0,50684.0
2097,50690.3,50693.0,50685.0,50694.0,50694.0,50685.0,50693.0,50689.0,50692.0,50694.0,50684.0
2098,50690.3,50693.0,50685.0,50694.0,50694.0,50685.0,50693.0,50689.0,50692.0,50694.0,50684.0
2099,50690.3,50693.0,50685.0,50694.0,50694.0,50685.0,50693.0,50689.0,50692.0,50694.0,50684.0
2100,50690.3,50693.0,50685.0,50694.0,50694.0,50685.0,50693.0,50689.0,50692.0,50694.0,50684.0
2101,50690.3,50693.0,50685.0,50694.0,50694.0,50685.0,50693.0,50689.0,50692.0,50694.0,50684.0
2102,50690.3,50693.0,50685.0,50694.0,50694.0,50685.0,50693.0,50689.0,50692.0,50694.0,50684.0
2103,50690.3,50693.0,50685.0,50694.0,50694.0,50685.0,50693.0,50689.0,50692.0,50694.0,50684.0
2104,50690.3,50693.0,50685.0,50694.0,50694.0,50685.0,50693.0,50689.0,50692.0,50694.0,50684.0
2105,50690.3,50693.0,50685.0,50694.0,50694.0,50685.0,50693.0,50689.0,50692.0,50694.0,50684.0
2106,50690.3,50693.0,50685.0,50694.0,50694.0,50685.0,50693.0,50689.0,50692.0,50694.0,50684.0
2107,50690.3,50693.0,50685.0,50694.0,50694.0,50685.0,50693.0,50689.0,50692.0,50694.0,50684.0
2108,50690.3,50693.0,50685.0,50694.0,50694.0,50685.0,50693.0,50689.0,50692.0,50694.0,50684.0
2109,50690.3,50693.0,50685.0,50694.0,50694.0,50685.0,50693.0,50689.0,50692.0,50694.0,50684.0
2110,50690.3,50693.0,50685.0,50694.0,50694.0,50685.0,50693.0,50689.0,50692.0,50694.0,50684.0
2111,50690.3,50693.0,50685.0,50694.0,50694.0,50685.0,50693.0,50689.0,50692.0,50694.0,50684.0
2112,50690.3,50693.0,50685.0,50694.0,50694.0,50685.0,50693.0,50689.0,50692.0,50694.0,50684.0
2113,50690.3,50693.0,50685.0,50694.0,50694.0,50685.0,50693.0,50689.0,50692.0,50694.0,50684.0
2114,50690.3,50693.0,50685.0,50694.0,50694.0,50685.0,50693.0,50689.0,50692.0,50694.0,50684.0
2115,50690.3,50693.0,50685.0,50694.0,50694.0,50685.0,50693.0,50689.0,50692.0,50694.0,50684.0
2116,50690.3,50693.0,50685.0,50694.0,50694.0,50685.0,50693.0,50689.0,50692.0,50694.0,50684.0
2117,50690.3,50693.0,50685.0,50694.0,50694.0,50685.0,50693.0,50689.0,50692.0,50694.0,50684.0
2118,50690.3,50693.0,50685.0,50694.0,50694.0,50685.0,50693.0,50689.0,50692.0,50694.0,50684.0
2119,50690.3,50693.0,50685.0,50694.0,50694.0,50685.0,50693.0,50689.0,50692.0,50694.0,50684.0
2120,50690.3,50693.0,50685.0,50694.0,50694.0,50685.0,50693.0,50689.0,50692.0,50694.0,50684.0
2121,50690.3,50693.0,50685.0,50694.0,50694.0,50685.0,50693.0,50689.0,50692.0,50694.0,50684.0
2122,50690.3,50693.0,50685.0,50694.0,50694.0,50685.0,50693.0,50689.0,50692.0,50694.0,50684.0
2123,50690.3,50693.0,50685.0,50694.0,50694.0,50685.0,50693.0,50689.0,50692.0,50694.0,50684.0
2124,50690.3,50693.0,50685.0,50694.0,50694.0,50685.0,50693.0,50689.0,50692.0,50694.0,50684.0
2125,50690.3,50693.0,50685.0,50694.0,50694.0,50685.0,50693.0,50689.0,50692.0,50694.0,50684.0
2126,50690.3,50693.0,50685.0,50694.0,50694.0,50685.0,50693.0,50689.0,50692.0,50694.0,50684.0
2127,50690.3,50693.0,50685.0,50694.0,50694.0,50685.0,50693.0,50689.0,50692.0,50694.0,50684.0
2128,50690.3,50693.0,50685.0,50694.0,50694.0,50685.0,50693.0,50689.0,50692.0,50694.0,50684.0
2129,50690.3,50693.0,50685.0,50694.0,50694.0,50685.0,50693.0,50689.0,50692.0,50694.0,50684.0
2130,50690.3,50693.0,50685.0,50694.0,50694.0,50685.0,50693.0,50689.0,50692.0,50694.0,50684.0
2131,50690.3,50693.0,50685.0,50694.0,50694.0,50685.0,50693.0,50689.0,50692.0,50694.0,50684.0
2132,50690.3,50693.0,50685.0,50694.0,50694.0,50685.0,50693.0,50689.0,50692.0,50694.0,50684.0
2133,50690.3,50693.0,50685.0,50694.0,50694.0,50685.0,50693.0,50689.0,50692.0,50694.0,50684.0
2134,50690.3,50693.0,50685.0,50694.0,50694.0,50685.0,50693.0,50689.0,50692.0,50694.0,50684.0
2135,50690.3,50693.0,50685.0,50694.0,50694.0,50685.0,50693.0,50689.0,50692.0,50694.0,50684.0
2136,50690.3,50693.0,50685.0,50694.0,50694.0,50685.0,50693.0,50689.0,50692.0,50694.0,50684.0
2137,50690.3,50693.0,50685.0,50694.0,50694.0,50685.0,50693.0,50689.0,50692.0,50694.0,50684.0
2138,50690.3,50693.0,50685.0,50694.0,50694.0,50685.0,50693.0,50689.0,50692.0,50694.0,50684.0
2139,50690.3,50693.0,50685.0,50694.0,50694.0,50685.0,50693.0,50689.0,50692.0,50694.0,50684.0
2140,50690.3,50693.0,50685.0,50694.0,50694.0,50685.0,50693.0,50689.0,50692.0,50694.0,50684.0
2141,50690.3,50693.0,50685.0,50694.0,50694.0,50685.0,50693.0,50689.0,50692.0,50694.0,50684.0
2142,50690.3,50693.0,50685.0,50694.0,50694.0,50685.0,50693.0,50689.0,50692.0,50694.0,50684.0
2143,50690.3,50693.0,50685.0,50694.0,50694.0,50685.0,50693.0,50689.0,50692.0,50694.0,50684.0
2144,50690.3,50693.0,50685.0,50694.0,50694.0,50685.0,50693.0,50689.0,50692.0,50694.0,50684.0
2145,50690.3,50693.0,50685.0,50694.0,50694.0,50685.0,50693.0,50689.0,50692.0,50694.0,50684.0
2146,50690.3,50693.0,50685.0,50694.0,50694.0,50685.0,50693.0,50689.0,50692.0,50694.0,50684.0
2147,50690.3,50693.0,50685.0,50694.0,50694.0,50685.0,50693.0,50689.0,50692.0,50694.0,50684.0
2148,50690.3,50693.0,50685.0,50694.0,50694.0,50685.0,50693.0,50689.0,50692.0,50694.0,50684.0
2149,50690.3,50693.0,50685.0,50694.0,50694.0,50685.0,50693.0,50689.0,50692.0,50694.0,50684.0
2150,50690.3,50693.0,50685.0,50694.0,50694.0,50685.0,50693.0,50689.0,50692.0,50694.0,50684.0
2151,50690.3,50693.0,50685.0,50694.0,50694.0,50685.0,50693.0,50689.0,50692.0,50694.0,50684.0
2152,50690.3,50693.0,50685.0,50694.0,50694.0,50685.0,50693.0,50689.0,50692.0,50694.0,50684.0
2153,50690.3,50693.0,50685.0,50694.0,50694.0,50685.0,50693.0,50689.0,50692.0,50694.0,50684.0
2154,50690.3,50693.0,50685.0,50694.0,50694.0,50685.0,50693.0,50689.0,50692.0,50694.0,50684.0
2155,50690.3,50693.0,50685.0,50694.0,50694.0,50685.0,50693.0,50689.0,50692.0,50694.0,50684.0
2156,50690.3,50693.0,50685.0,50694.0,50694.0,50685.0,50693.0,50689.0,50692.0,50694.0,50684.0
2157,50690.3,50693.0,50685.0,50694.0,50694.0,50685.0,50693.0,50689.0,50692.0,50694.0,50684.0
2158,50690.3,50693.0,50685.0,50694.0,50694.0,50685.0,50693.0,50689.0,50692.0,50694.0,50684.0
2159,50690.3,50693.0,50685.0,50694.0,50694.0,50685.0,50693.0,50689.0,50692.0,50694.0,50684.0
2160,50690.3,50693.0,50685.0,50694.0,50694.0,50685.0,50693.0,50689.0,50692.0,50694.0,50684.0
2161,50690.3,50693.0,50685.0,50694.0,50694.0,50685.0,50693.0,50689.0,50692.0,50694.0,50684.0
2162,50690.3,50693.0,50685.0,50694.0,50694.0,50685.0,50693.0,50689.0,50692.0,50694.0,50684.0
2163,50690.3,50693.0,50685.0,50694.0,50694.0,50685.0,50693.0,50689.0,50692.0,50694.0,50684.0
2164,50690.3,50693.0,50685.0,50694.0,50694.0,50685.0,50693.0,50689.0,50692.0,50694.0,50684.0
2165,50690.3,50693.0,50685.0,50694.0,50694.0,50685.0,50693.0,50689.0,50692.0,50694.0,50684.0
2166,50690.3,50693.0,50685.0,50694.0,50694.0,50685.0,50693.0,50689.0,50692.0,50694.0,50684.0
2167,50690.3,50693.0,50685.0,50694.0,50694.0,50685.0,50693.0,50689.0,50692.0,50694.0,50684.0
2168,50690.3,50693.0,50685.0,50694.0,50694.0,50685.0,50693.0,50689.0,50692.0,50694.0,50684.0
2169,50690.3,50693.0,50685.0,50694.0,50694.0,50685.0,50693.0,50689.0,50692.0,50694.0,50684.0
2170,50690.3,50693.0,50685.0,50694.0,50694.0,50685.0,50693.0,50689.0,50692.0,50694.0,50684.0
2171,50690.3,50693.0,50685.0,50694.0,50694.0,50685.0,50693.0,50689.0,50692.0,50694.0,50684.0
2172,50690.3,50693.0,50685.0,50694.0,50694.0,50685.0,50693.0,50689.0,50692.0,50694.0,50684.0
2173,50690.3,50693.0,50685.0,50694.0,50694.0,50685.0,50693.0,50689.0,50692.0,50694.0,50684.0
2174,50690.3,50693.0,50685.0,50694.0,50694.0,50685.0,50693.0,50689.0,50692.0,50694.0,50684.0
2175,50690.3,50693.0,50685.0,50694.0,50694.0,50685.0,50693.0,50689.0,50692.0,50694.0,50684.0
2176,50690.3,50693.0,50685.0,50694.0,50694.0,50685.0,50693.0,50689.0,50692.0,50694.0,50684.0
2177,50690.3,50693.0,50685.0,50694.0,50694.0,50685.0,50693.0,50689.0,50692.0,50694.0,50684.0
2178,50690.3,50693.0,50685.0,50694.0,50694.0,50685.0,50693.0,50689.0,50692.0,50694.0,50684.0
2179,50690.3,50693.0,50685.0,50694.0,50694.0,50685.0,50693.0,50689.0,50692.0,50694.0,50684.0
2180,50690.3,50693.0,50685.0,50694.0,50694.0,50685.0,50693.0,50689.0,50692.0,50694.0,50684.0
2181,50690.3,50693.0,50685.0,50694.0,50694.0,50685.0,50693.0,50689.0,50692.0,50694.0,50684.0
2182,50690.3,50693.0,50685.0,50694.0,50694.0,50685.0,50693.0,50689.0,50692.0,50694.0,50684.0
2183,50690.3,50693.0,50685.0,50694.0,50694.0,50685.0,50693.0,50689.0,50692.0,50694.0,50684.0
2184,50690.3,50693.0,50685.0,50694.0,50694.0,50685.0,50693.0,50689.0,50692.0,50694.0,50684.0
2185,50690.3,50693.0,50685.0,50694.0,50694.0,50685.0,50693.0,50689.0,50692.0,50694.0,50684.0
2186,50690.3,50693.0,50685.0,50694.0,50694.0,50685.0,50693.0,50689.0,50692.0,50694.0,50684.0
2187,50690.3,50693.0,50685.0,50694.0,50694.0,50685.0,50693.0,50689.0,50692.0,50694.0,50684.0
2188,50690.3,50693.0,50685.0,50694.0,50694.0,50685.0,50693.0,50689.0,50692.0,50694.0,50684.0
2189,50690.3,50693.0,50685.0,50694.0,50694.0,50685.0,50693.0,50689.0,50692.0,50694.0,50684.0
2190,50690.3,50693.0,50685.0,50694.0,50694.0,50685.0,50693.0,50689.0,50692.0,50694.0,50684.0
2191,50690.3,50693.0,50685.0,50694.0,50694.0,50685.0,50693.0,50689.0,50692.0,50694.0,50684.0
2192,50690.3,50693.0,50685.0,50694.0,50694.0,50685.0,50693.0,50689.0,50692.0,50694.0,50684.0
2193,50690.3,50693.0,50685.0,50694.0,50694.0,50685.0,50693.0,50689.0,50692.0,50694.0,50684.0
2194,50690.3,50693.0,50685.0,50694.0,50694.0,50685.0,50693.0,50689.0,50692.0,50694.0,50684.0
2195,50690.3,50693.0,50685.0,50694.0,50694.0,50685.0,50693.0,50689.0,50692.0,50694.0,50684.0
2196,50690.3,50693.0,50685.0,50694.0,50694.0,50685.0,50693.0,50689.0,50692.0,50694.0,50684.0
2197,50690.3,50693.0,50685.0,50694.0,50694.0,50685.0,50693.0,50689.0,50692.0,50694.0,50684.0
2198,50690.3,50693.0,50685.0,50694.0,50694.0,50685.0,50693.0,50689.0,50692.0,50694.0,50684.0
2199,50690.3,50693.0,50685.0,50694.0,50694.0,50685.0,50693.0,50689.0,50692.0,50694.0,50684.0
2200,50690.3,50693.0,50685.0,50694.0,50694.0,50685.0,50693.0,50689.0,50692.0,50694.0,50684.0
2201,50690.3,50693.0,50685.0,50694.0,50694.0,50685.0,50693.0,50689.0,50692.0,50694.0,50684.0
2202,50690.3,50693.0,50685.0,50694.0,50694.0,50685.0,50693.0,50689.0,50692.0,50694.0,50684.0
2203,50690.3,50693.0,50685.0,50694.0,50694.0,50685.0,50693.0,50689.0,50692.0,50694.0,50684.0
2204,50690.3,50693.0,50685.0,50694.0,50694.0,50685.0,50693.0,50689.0,50692.0,50694.0,50684.0
2205,50690.3,50693.0,50685.0,50694.0,50694.0,50685.0,50693.0,50689.0,50692.0,50694.0,50684.0
2206,50690.3,50693.0,50685.0,50694.0,50694.0,50685.0,50693.0,50689.0,50692.0,50694.0,50684.0
2207,50690.3,50693.0,50685.0,50694.0,50694.0,50685.0,50693.0,50689.0,50692.0,50694.0,50684.0
2208,50690.3,50693.0,50685.0,50694.0,50694.0,50685.0,50693.0,50689.0,50692.0,50694.0,50684.0
2209,50690.3,50693.0,50685.0,50694.0,50694.0,50685.0,50693.0,50689.0,50692.0,50694.0,50684.0
2210,50690.3,50693.0,50685.0,50694.0,50694.0,50685.0,50693.0,50689.0,50692.0,50694.0,50684.0
2211,50690.3,50693.0,50685.0,50694.0,50694.0,50685.0,50693.0,50689.0,50692.0,50694.0,50684.0
2212,50690.3,50693.0,50685.0,50694.0,50694.0,50685.0,50693.0,50689.0,50692.0,50694.0,50684.0
2213,50690.3,50693.0,50685.0,50694.0,50694.0,50685.0,50693.0,50689.0,50692.0,50694.0,50684.0
2214,50690.3,50693.0,50685.0,50694.0,50694.0,50685.0,50693.0,50689.0,50692.0,50694.0,50684.0
2215,50690.3,50693.0,50685.0,50694.0,50694.0,50685.0,50693.0,50689.0,50692.0,50694.0,50684.0
2216,50690.3,50693.0,50685.0,50694.0,50694.0,50685.0,50693.0,50689.0,50692.0,50694.0,50684.0
2217,50690.3,50693.0,50685.0,50694.0,50694.0,50685.0,50693.0,50689.0,50692.0,50694.0,50684.0
2218,50690.3,50693.0,50685.0,50694.0,50694.0,50685.0,50693.0,50689.0,50692.0,50694.0,50684.0
2219,50690.3,50693.0,50685.0,50694.0,50694.0,50685.0,50693.0,50689.0,50692.0,50694.0,50684.0
2220,50690.3,50693.0,50685.0,50694.0,50694.0,50685.0,50693.0,50689.0,50692.0,50694.0,50684.0
2221,50690.3,50693.0,50685.0,50694.0,50694.0,50685.0,50693.0,50689.0,50692.0,50694.0,50684.0
2222,50690.3,50693.0,50685.0,50694.0,50694.0,50685.0,50693.0,50689.0,50692.0,50694.0,50684.0
2223,50690.3,50693.0,50685.0,50694.0,50694.0,50685.0,50693.0,50689.0,50692.0,50694.0,50684.0
2224,50690.3,50693.0,50685.0,50694.0,50694.0,50685.0,50693.0,50689.0,50692.0,50694.0,50684.0
2225,50690.3,50693.0,50685.0,50694.0,50694.0,50685.0,50693.0,50689.0,50692.0,50694.0,50684.0
2226,50690.3,50693.0,50685.0,50694.0,50694.0,50685.0,50693.0,50689.0,50692.0,50694.0,50684.0
2227,50690.3,50693.0,50685.0,50694.0,50694.0,50685.0,50693.0,50689.0,50692.0,50694.0,50684.0
2228,50690.3,50693.0,50685.0,50694.0,50694.0,50685.0,50693.0,50689.0,50692.0,50694.0,50684.0
2229,50690.3,50693.0,50685.0,50694.0,50694.0,50685.0,50693.0,50689.0,50692.0,50694.0,50684.0
2230,50690.3,50693.0,50685.0,50694.0,50694.0,50685.0,50693.0,50689.0,50692.0,50694.0,50684.0
2231,50690.3,50693.0,50685.0,50694.0,50694.0,50685.0,50693.0,50689.0,50692.0,50694.0,50684.0
2232,50690.3,50693.0,50685.0,50694.0,50694.0,50685.0,50693.0,50689.0,50692.0,50694.0,50684.0
2233,50690.3,50693.0,50685.0,50694.0,50694.0,50685.0,50693.0,50689.0,50692.0,50694.0,50684.0
2234,50690.3,50693.0,50685.0,50694.0,50694.0,50685.0,50693.0,50689.0,50692.0,50694.0,50684.0
2235,50690.3,50693.0,50685.0,50694.0,50694.0,50685.0,50693.0,50689.0,50692.0,50694.0,50684.0
2236,50690.3,50693.0,50685.0,50694.0,50694.0,50685.0,50693.0,50689.0,50692.0,50694.0,50684.0
2237,50690.3,50693.0,50685.0,50694.0,50694.0,50685.0,50693.0,50689.0,50692.0,50694.0,50684.0
2238,50690.3,50693.0,50685.0,50694.0,50694.0,50685.0,50693.0,50689.0,50692.0,50694.0,50684.0
2239,50690.3,50693.0,50685.0,50694.0,50694.0,50685.0,50693.0,50689.0,50692.0,50694.0,50684.0
2240,50690.3,50693.0,50685.0,50694.0,50694.0,50685.0,50693.0,50689.0,50692.0,50694.0,50684.0
2241,50690.3,50693.0,50685.0,50694.0,50694.0,50685.0,50693.0,50689.0,50692.0,50694.0,50684.0
2242,50690.3,50693.0,50685.0,50694.0,50694.0,50685.0,50693.0,50689.0,50692.0,50694.0,50684.0
2243,50690.3,50693.0,50685.0,50694.0,50694.0,50685.0,50693.0,50689.0,50692.0,50694.0,50684.0
2244,50690.3,50693.0,50685.0,50694.0,50694.0,50685.0,50693.0,50689.0,50692.0,50694.0,50684.0
2245,50690.3,50693.0,50685.0,50694.0,50694.0,50685.0,50693.0,50689.0,50692.0,50694.0,50684.0
2246,50690.3,50693.0,50685.0,50694.0,50694.0,50685.0,50693.0,50689.0,50692.0,50694.0,50684.0
2247,50690.3,50693.0,50685.0,50694.0,50694.0,50685.0,50693.0,50689.0,50692.0,50694.0,50684.0
2248,50690.3,50693.0,50685.0,50694.0,50694.0,50685.0,50693.0,50689.0,50692.0,50694.0,50684.0
2249,50690.3,50693.0,50685.0,50694.0,50694.0,50685.0,50693.0,50689.0,50692.0,50694.0,50684.0
2250,50690.3,50693.0,50685.0,50694.0,50694.0,50685.0,50693.0,50689.0,50692.0,50694.0,50684.0
2251,50690.3,50693.0,50685.0,50694.0,50694.0,50685.0,50693.0,50689.0,50692.0,50694.0,50684.0
2252,50690.3,50693.0,50685.0,50694.0,50694.0,50685.0,50693.0,50689.0,50692.0,50694.0,50684.0
2253,50690.3,50693.0,50685.0,50694.0,50694.0,50685.0,50693.0,50689.0,50692.0,50694.0,50684.0
2254,50690.3,50693.0,50685.0,50694.0,50694.0,50685.0,50693.0,50689.0,50692.0,50694.0,50684.0
2255,50690.3,50693.0,50685.0,50694.0,50694.0,50685.0,50693.0,50689.0,50692.0,50694.0,50684.0
2256,50690.3,50693.0,50685.0,50694.0,50694.0,50685.0,50693.0,50689.0,50692.0,50694.0,50684.0
2257,50690.3,50693.0,50685.0,50694.0,50694.0,50685.0,50693.0,50689.0,50692.0,50694.0,50684.0
2258,50690.3,50693.0,50685.0,50694.0,50694.0,50685.0,50693.0,50689.0,50692.0,50694.0,50684.0
2259,50690.3,50693.0,50685.0,50694.0,50694.0,50685.0,50693.0,50689.0,50692.0,50694.0,50684.0
2260,50690.3,50693.0,50685.0,50694.0,50694.0,50685.0,50693.0,50689.0,50692.0,50694.0,50684.0
2261,50690.3,50693.0,50685.0,50694.0,50694.0,50685.0,50693.0,50689.0,50692.0,50694.0,50684.0
2262,50690.3,50693.0,50685.0,50694.0,50694.0,50685.0,50693.0,50689.0,50692.0,50694.0,50684.0
2263,50690.3,50693.0,50685.0,50694.0,50694.0,50685.0,50693.0,50689.0,50692.0,50694.0,50684.0
2264,50690.3,50693.0,50685.0,50694.0,50694.0,50685.0,50693.0,50689.0,50692.0,50694.0,50684.0
2265,50690.3,50693.0,50685.0,50694.0,50694.0,50685.0,50693.0,50689.0,50692.0,50694.0,50684.0
2266,50690.3,50693.0,50685.0,50694.0,50694.0,50685.0,50693.0,50689.0,50692.0,50694.0,50684.0
2267,50690.3,50693.0,50685.0,50694.0,50694.0,50685.0,50693.0,50689.0,50692.0,50694.0,50684.0
2268,50690.3,50693.0,50685.0,50694.0,50694.0,50685.0,50693.0,50689.0,50692.0,50694.0,50684.0
2269,50690.3,50693.0,50685.0,50694.0,50694.0,50685.0,50693.0,50689.0,50692.0,50694.0,50684.0
2270,50690.3,50693.0,50685.0,50694.0,50694.0,50685.0,50693.0,50689.0,50692.0,50694.0,50684.0
2271,50690.3,50693.0,50685.0,50694.0,50694.0,50685.0,50693.0,50689.0,50692.0,50694.0,50684.0
2272,50690.3,50693.0,50685.0,50694.0,50694.0,50685.0,50693.0,50689.0,50692.0,50694.0,50684.0
2273,50690.3,50693.0,50685.0,50694.0,50694.0,50685.0,50693.0,50689.0,50692.0,50694.0,50684.0
2274,50690.3,50693.0,50685.0,50694.0,50694.0,50685.0,50693.0,50689.0,50692.0,50694.0,50684.0
2275,50690.3,50693.0,50685.0,50694.0,50694.0,50685.0,50693.0,50689.0,50692.0,50694.0,50684.0
2276,50690.3,50693.0,50685.0,50694.0,50694.0,50685.0,50693.0,50689.0,50692.0,50694.0,50684.0
2277,50690.3,50693.0,50685.0,50694.0,50694.0,50685.0,50693.0,50689.0,50692.0,50694.0,50684.0
2278,50690.3,50693.0,50685.0,50694.0,50694.0,50685.0,50693.0,50689.0,50692.0,50694.0,50684.0
2279,50690.3,50693.0,50685.0,50694.0,50694.0,50685.0,50693.0,50689.0,50692.0,50694.0,50684.0
2280,50690.3,50693.0,50685.0,50694.0,50694.0,50685.0,50693.0,50689.0,50692.0,50694.0,50684.0
2281,50690.3,50693.0,50685.0,50694.0,50694.0,50685.0,50693.0,50689.0,50692.0,50694.0,50684.0
2282,50690.3,50693.0,50685.0,50694.0,50694.0,50685.0,50693.0,50689.0,50692.0,50694.0,50684.0
2283,50690.3,50693.0,50685.0,50694.0,50694.0,50685.0,50693.0,50689.0,50692.0,50694.0,50684.0
2284,50690.3,50693.0,50685.0,50694.0,50694.0,50685.0,50693.0,50689.0,50692.0,50694.0,50684.0
2285,50690.3,50693.0,50685.0,50694.0,50694.0,50685.0,50693.0,50689.0,50692.0,50694.0,50684.0
2286,50690.3,50693.0,50685.0,50694.0,50694.0,50685.0,50693.0,50689.0,50692.0,50694.0,50684.0
2287,50690.3,50693.0,50685.0,50694.0,50694.0,50685.0,50693.0,50689.0,50692.0,50694.0,50684.0
2288,50690.3,50693.0,50685.0,50694.0,50694.0,50685.0,50693.0,50689.0,50692.0,50694.0,50684.0
2289,50690.3,50693.0,50685.0,50694.0,50694.0,50685.0,50693.0,50689.0,50692.0,50694.0,50684.0
2290,50690.3,50693.0,50685.0,50694.0,50694.0,50685.0,50693.0,50689.0,50692.0,50694.0,50684.0
2291,50690.3,50693.0,50685.0,50694.0,50694.0,50685.0,50693.0,50689.0,50692.0,50694.0,50684.0
2292,50690.3,50693.0,50685.0,50694.0,50694.0,50685.0,50693.0,50689.0,50692.0,50694.0,50684.0
2293,50690.3,50693.0,50685.0,50694.0,50694.0,50685.0,50693.0,50689.0,50692.0,50694.0,50684.0
2294,50690.3,50693.0,50685.0,50694.0,50694.0,50685.0,50693.0,50689.0,50692.0,50694.0,50684.0
2295,50690.3,50693.0,50685.0,50694.0,50694.0,50685.0,50693.0,50689.0,50692.0,50694.0,50684.0
2296,50690.3,50693.0,50685.0,50694.0,50694.0,50685.0,50693.0,50689.0,50692.0,50694.0,50684.0
2297,50690.3,50693.0,50685.0,50694.0,50694.0,50685.0,50693.0,50689.0,50692.0,50694.0,50684.0
2298,50690.3,50693.0,50685.0,50694.0,50694.0,50685.0,50693.0,50689.0,50692.0,50694.0,50684.0
2299,50690.3,50693.0,50685.0,50694.0,50694.0,50685.0,50693.0,50689.0,50692.0,50694.0,50684.0
2300,50690.3,50693.0,50685.0,50694.0,50694.0,50685.0,50693.0,50689.0,50692.0,50694.0,50684.0
2301,50690.3,50693.0,50685.0,50694.0,50694.0,50685.0,50693.0,50689.0,50692.0,50694.0,50684.0
2302,50690.3,50693.0,50685.0,50694.0,50694.0,50685.0,50693.0,50689.0,50692.0,50694.0,50684.0
2303,50690.3,50693.0,50685.0,50694.0,50694.0,50685.0,50693.0,50689.0,50692.0,50694.0,50684.0
2304,50690.3,50693.0,50685.0,50694.0,50694.0,50685.0,50693.0,50689.0,50692.0,50694.0,50684.0
2305,50690.3,50693.0,50685.0,50694.0,50694.0,50685.0,50693.0,50689.0,50692.0,50694.0,50684.0
2306,50690.3,50693.0,50685.0,50694.0,50694.0,50685.0,50693.0,50689.0,50692.0,50694.0,50684.0
2307,50690.3,50693.0,50685.0,50694.0,50694.0,50685.0,50693.0,50689.0,50692.0,50694.0,50684.0
2308,50690.3,50693.0,50685.0,50694.0,50694.0,50685.0,50693.0,50689.0,50692.0,50694.0,50684.0
2309,50690.3,50693.0,50685.0,50694.0,50694.0,50685.0,50693.0,50689.0,50692.0,50694.0,50684.0
2310,50690.3,50693.0,50685.0,50694.0,50694.0,50685.0,50693.0,50689.0,50692.0,50694.0,50684.0
2311,50690.3,50693.0,50685.0,50694.0,50694.0,50685.0,50693.0,50689.0,50692.0,50694.0,50684.0
2312,50690.3,50693.0,50685.0,50694.0,50694.0,50685.0,50693.0,50689.0,50692.0,50694.0,50684.0
2313,50690.3,50693.0,50685.0,50694.0,50694.0,50685.0,50693.0,50689.0,50692.0,50694.0,50684.0
2314,50690.3,50693.0,50685.0,50694.0,50694.0,50685.0,50693.0,50689.0,50692.0,50694.0,50684.0
2315,50690.3,50693.0,50685.0,50694.0,50694.0,50685.0,50693.0,50689.0,50692.0,50694.0,50684.0
2316,50690.3,50693.0,50685.0,50694.0,50694.0,50685.0,50693.0,50689.0,50692.0,50694.0,50684.0
2317,50690.3,50693.0,50685.0,50694.0,50694.0,50685.0,50693.0,50689.0,50692.0,50694.0,50684.0
2318,50690.3,50693.0,50685.0,50694.0,50694.0,50685.0,50693.0,50689.0,50692.0,50694.0,50684.0
2319,50690.3,50693.0,50685.0,50694.0,50694.0,50685.0,50693.0,50689.0,50692.0,50694.0,50684.0
2320,50690.3,50693.0,50685.0,50694.0,50694.0,50685.0,50693.0,50689.0,50692.0,50694.0,50684.0
2321,50690.3,50693.0,50685.0,50694.0,50694.0,50685.0,50693.0,50689.0,50692.0,50694.0,50684.0
2322,50690.3,50693.0,50685.0,50694.0,50694.0,50685.0,50693.0,50689.0,50692.0,50694.0,50684.0
2323,50690.3,50693.0,50685.0,50694.0,50694.0,50685.0,50693.0,50689.0,50692.0,50694.0,50684.0
2324,50690.3,50693.0,50685.0,50694.0,50694.0,50685.0,50693.0,50689.0,50692.0,50694.0,50684.0
2325,50690.3,50693.0,50685.0,50694.0,50694.0,50685.0,50693.0,50689.0,50692.0,50694.0,50684.0
2326,50690.3,50693.0,50685.0,50694.0,50694.0,50685.0,50693.0,50689.0,50692.0,50694.0,50684.0
2327,50690.3,50693.0,50685.0,50694.0,50694.0,50685.0,50693.0,50689.0,50692.0,50694.0,50684.0
2328,50690.3,50693.0,50685.0,50694.0,50694.0,50685.0,50693.0,50689.0,50692.0,50694.0,50684.0
2329,50690.3,50693.0,50685.0,50694.0,50694.0,50685.0,50693.0,50689.0,50692.0,50694.0,50684.0
2330,50690.3,50693.0,50685.0,50694.0,50694.0,50685.0,50693.0,50689.0,50692.0,50694.0,50684.0
2331,50690.3,50693.0,50685.0,50694.0,50694.0,50685.0,50693.0,50689.0,50692.0,50694.0,50684.0
2332,50690.3,50693.0,50685.0,50694.0,50694.0,50685.0,50693.0,50689.0,50692.0,50694.0,50684.0
2333,50690.3,50693.0,50685.0,50694.0,50694.0,50685.0,50693.0,50689.0,50692.0,50694.0,50684.0
2334,50690.3,50693.0,50685.0,50694.0,50694.0,50685.0,50693.0,50689.0,50692.0,50694.0,50684.0
2335,50690.3,50693.0,50685.0,50694.0,50694.0,50685.0,50693.0,50689.0,50692.0,50694.0,50684.0
2336,50690.3,50693.0,50685.0,50694.0,50694.0,50685.0,50693.0,50689.0,50692.0,50694.0,50684.0
2337,50690.3,50693.0,50685.0,50694.0,50694.0,50685.0,50693.0,50689.0,50692.0,50694.0,50684.0
2338,50690.3,50693.0,50685.0,50694.0,50694.0,50685.0,50693.0,50689.0,50692.0,50694.0,50684.0
2339,50690.3,50693.0,50685.0,50694.0,50694.0,50685.0,50693.0,50689.0,50692.0,50694.0,50684.0
2340,50690.3,50693.0,50685.0,50694.0,50694.0,50685.0,50693.0,50689.0,50692.0,50694.0,50684.0
2341,50690.3,50693.0,50685.0,50694.0,50694.0,50685.0,50693.0,50689.0,50692.0,50694.0,50684.0
2342,50690.3,50693.0,50685.0,50694.0,50694.0,50685.0,50693.0,50689.0,50692.0,50694.0,50684.0
2343,50690.3,50693.0,50685.0,50694.0,50694.0,50685.0,50693.0,50689.0,50692.0,50694.0,50684.0
2344,50690.3,50693.0,50685.0,50694.0,50694.0,50685.0,50693.0,50689.0,50692.0,50694.0,50684.0
2345,50690.3,50693.0,50685.0,50694.0,50694.0,50685.0,50693.0,50689.0,50692.0,50694.0,50684.0
2346,50690.3,50693.0,50685.0,50694.0,50694.0,50685.0,50693.0,50689.0,50692.0,50694.0,50684.0
2347,50690.3,50693.0,50685.0,50694.0,50694.0,50685.0,50693.0,50689.0,50692.0,50694.0,50684.0
2348,50690.3,50693.0,50685.0,50694.0,50694.0,50685.0,50693.0,50689.0,50692.0,50694.0,50684.0
2349,50690.3,50693.0,50685.0,50694.0,50694.0,50685.0,50693.0,50689.0,50692.0,50694.0,50684.0
2350,50690.3,50693.0,50685.0,50694.0,50694.0,50685.0,50693.0,50689.0,50692.0,50694.0,50684.0
2351,50690.3,50693.0,50685.0,50694.0,50694.0,50685.0,50693.0,50689.0,50692.0,50694.0,50684.0
2352,50690.3,50693.0,50685.0,50694.0,50694.0,50685.0,50693.0,50689.0,50692.0,50694.0,50684.0
2353,50690.3,50693.0,50685.0,50694.0,50694.0,50685.0,50693.0,50689.0,50692.0,50694.0,50684.0
2354,50690.3,50693.0,50685.0,50694.0,50694.0,50685.0,50693.0,50689.0,50692.0,50694.0,50684.0
2355,50690.3,50693.0,50685.0,50694.0,50694.0,50685.0,50693.0,50689.0,50692.0,50694.0,50684.0
2356,50690.3,50693.0,50685.0,50694.0,50694.0,50685.0,50693.0,50689.0,50692.0,50694.0,50684.0
2357,50690.3,50693.0,50685.0,50694.0,50694.0,50685.0,50693.0,50689.0,50692.0,50694.0,50684.0
2358,50690.3,50693.0,50685.0,50694.0,50694.0,50685.0,50693.0,50689.0,50692.0,50694.0,50684.0
2359,50690.3,50693.0,50685.0,50694.0,50694.0,50685.0,50693.0,50689.0,50692.0,50694.0,50684.0
2360,50690.3,50693.0,50685.0,50694.0,50694.0,50685.0,50693.0,50689.0,50692.0,50694.0,50684.0
2361,50690.3,50693.0,50685.0,50694.0,50694.0,50685.0,50693.0,50689.0,50692.0,50694.0,50684.0
2362,50690.3,50693.0,50685.0,50694.0,50694.0,50685.0,50693.0,50689.0,50692.0,50694.0,50684.0
2363,50690.3,50693.0,50685.0,50694.0,50694.0,50685.0,50693.0,50689.0,50692.0,50694.0,50684.0
2364,50690.3,50693.0,50685.0,50694.0,50694.0,50685.0,50693.0,50689.0,50692.0,50694.0,50684.0
2365,50690.3,50693.0,50685.0,50694.0,50694.0,50685.0,50693.0,50689.0,50692.0,50694.0,50684.0
2366,50690.3,50693.0,50685.0,50694.0,50694.0,50685.0,50693.0,50689.0,50692.0,50694.0,50684.0
2367,50690.3,50693.0,50685.0,50694.0,50694.0,50685.0,50693.0,50689.0,50692.0,50694.0,50684.0
2368,50690.3,50693.0,50685.0,50694.0,50694.0,50685.0,50693.0,50689.0,50692.0,50694.0,50684.0
2369,50690.3,50693.0,50685.0,50694.0,50694.0,50685.0,50693.0,50689.0,50692.0,50694.0,50684.0
2370,50690.3,50693.0,50685.0,50694.0,50694.0,50685.0,50693.0,50689.0,50692.0,50694.0,50684.0
2371,50690.3,50693.0,50685.0,50694.0,50694.0,50685.0,50693.0,50689.0,50692.0,50694.0,50684.0
2372,50690.3,50693.0,50685.0,50694.0,50694.0,50685.0,50693.0,50689.0,50692.0,50694.0,50684.0
2373,50690.3,50693.0,50685.0,50694.0,50694.0,50685.0,50693.0,50689.0,50692.0,50694.0,50684.0
2374,50690.3,50693.0,50685.0,50694.0,50694.0,50685.0,50693.0,50689.0,50692.0,50694.0,50684.0
2375,50690.3,50693.0,50685.0,50694.0,50694.0,50685.0,50693.0,50689.0,50692.0,50694.0,50684.0
2376,50690.3,50693.0,50685.0,50694.0,50694.0,50685.0,50693.0,50689.0,50692.0,50694.0,50684.0
2377,50690.3,50693.0,50685.0,50694.0,50694.0,50685.0,50693.0,50689.0,50692.0,50694.0,50684.0
2378,50690.3,50693.0,50685.0,50694.0,50694.0,50685.0,50693.0,50689.0,50692.0,50694.0,50684.0
2379,50690.3,50693.0,50685.0,50694.0,50694.0,50685.0,50693.0,50689.0,50692.0,50694.0,50684.0
2380,50690.3,50693.0,50685.0,50694.0,50694.0,50685.0,50693.0,50689.0,50692.0,50694.0,50684.0
2381,50690.3,50693.0,50685.0,50694.0,50694.0,50685.0,50693.0,50689.0,50692.0,50694.0,50684.0
2382,50690.3,50693.0,50685.0,50694.0,50694.0,50685.0,50693.0,50689.0,50692.0,50694.0,50684.0
2383,50690.3,50693.0,50685.0,50694.0,50694.0,50685.0,50693.0,50689.0,50692.0,50694.0,50684.0
2384,50690.3,50693.0,50685.0,50694.0,50694.0,50685.0,50693.0,50689.0,50692.0,50694.0,50684.0
2385,50690.3,50693.0,50685.0,50694.0,50694.0,50685.0,50693.0,50689.0,50692.0,50694.0,50684.0
2386,50690.3,50693.0,50685.0,50694.0,50694.0,50685.0,50693.0,50689.0,50692.0,50694.0,50684.0
2387,50690.3,50693.0,50685.0,50694.0,50694.0,50685.0,50693.0,50689.0,50692.0,50694.0,50684.0
2388,50690.3,50693.0,50685.0,50694.0,50694.0,50685.0,50693.0,50689.0,50692.0,50694.0,50684.0
2389,50690.3,50693.0,50685.0,50694.0,50694.0,50685.0,50693.0,50689.0,50692.0,50694.0,50684.0
2390,50690.3,50693.0,50685.0,50694.0,50694.0,50685.0,50693.0,50689.0,50692.0,50694.0,50684.0
2391,50690.3,50693.0,50685.0,50694.0,50694.0,50685.0,50693.0,50689.0,50692.0,50694.0,50684.0
2392,50690.3,50693.0,50685.0,50694.0,50694.0,50685.0,50693.0,50689.0,50692.0,50694.0,50684.0
2393,50690.3,50693.0,50685.0,50694.0,50694.0,50685.0,50693.0,50689.0,50692.0,50694.0,50684.0
2394,50690.3,50693.0,50685.0,50694.0,50694.0,50685.0,50693.0,50689.0,50692.0,50694.0,50684.0
2395,50690.3,50693.0,50685.0,50694.0,50694.0,50685.0,50693.0,50689.0,50692.0,50694.0,50684.0
2396,50690.3,50693.0,50685.0,50694.0,50694.0,50685.0,50693.0,50689.0,50692.0,50694.0,50684.0
2397,50690.3,50693.0,50685.0,50694.0,50694.0,50685.0,50693.0,50689.0,50692.0,50694.0,50684.0
2398,50690.3,50693.0,50685.0,50694.0,50694.0,50685.0,50693.0,50689.0,50692.0,50694.0,50684.0
2399,50690.3,50693.0,50685.0,50694.0,50694.0,50685.0,50693.0,50689.0,50692.0,50694.0,50684.0
2400,50690.3,50693.0,50685.0,50694.0,50694.0,50685.0,50693.0,50689.0,50692.0,50694.0,50684.0
2401,50690.3,50693.0,50685.0,50694.0,50694.0,50685.0,50693.0,50689.0,50692.0,50694.0,50684.0
2402,50690.3,50693.0,50685.0,50694.0,50694.0,50685.0,50693.0,50689.0,50692.0,50694.0,50684.0
2403,50690.3,50693.0,50685.0,50694.0,50694.0,50685.0,50693.0,50689.0,50692.0,50694.0,50684.0
2404,50690.3,50693.0,50685.0,50694.0,50694.0,50685.0,50693.0,50689.0,50692.0,50694.0,50684.0
2405,50690.3,50693.0,50685.0,50694.0,50694.0,50685.0,50693.0,50689.0,50692.0,50694.0,50684.0
2406,50690.3,50693.0,50685.0,50694.0,50694.0,50685.0,50693.0,50689.0,50692.0,50694.0,50684.0
2407,50690.3,50693.0,50685.0,50694.0,50694.0,50685.0,50693.0,50689.0,50692.0,50694.0,50684.0
2408,50690.3,50693.0,50685.0,50694.0,50694.0,50685.0,50693.0,50689.0,50692.0,50694.0,50684.0
2409,50690.3,50693.0,50685.0,50694.0,50694.0,50685.0,50693.0,50689.0,50692.0,50694.0,50684.0
2410,50690.3,50693.0,50685.0,50694.0,50694.0,50685.0,50693.0,50689.0,50692.0,50694.0,50684.0
2411,50690.3,50693.0,50685.0,50694.0,50694.0,50685.0,50693.0,50689.0,50692.0,50694.0,50684.0
2412,50690.3,50693.0,50685.0,50694.0,50694.0,50685.0,50693.0,50689.0,50692.0,50694.0,50684.0
2413,50690.3,50693.0,50685.0,50694.0,50694.0,50685.0,50693.0,50689.0,50692.0,50694.0,50684.0
2414,50690.3,50693.0,50685.0,50694.0,50694.0,50685.0,50693.0,50689.0,50692.0,50694.0,50684.0
2415,50690.3,50693.0,50685.0,50694.0,50694.0,50685.0,50693.0,50689.0,50692.0,50694.0,50684.0
2416,50690.3,50693.0,50685.0,50694.0,50694.0,50685.0,50693.0,50689.0,50692.0,50694.0,50684.0
2417,50690.3,50693.0,50685.0,50694.0,50694.0,50685.0,50693.0,50689.0,50692.0,50694.0,50684.0
2418,50690.3,50693.0,50685.0,50694.0,50694.0,50685.0,50693.0,50689.0,50692.0,50694.0,50684.0
2419,50690.3,50693.0,50685.0,50694.0,50694.0,50685.0,50693.0,50689.0,50692.0,50694.0,50684.0
2420,50690.3,50693.0,50685.0,50694.0,50694.0,50685.0,50693.0,50689.0,50692.0,50694.0,50684.0
2421,50690.3,50693.0,50685.0,50694.0,50694.0,50685.0,50693.0,50689.0,50692.0,50694.0,50684.0
2422,50690.3,50693.0,50685.0,50694.0,50694.0,50685.0,50693.0,50689.0,50692.0,50694.0,50684.0
2423,50690.3,50693.0,50685.0,50694.0,50694.0,50685.0,50693.0,50689.0,50692.0,50694.0,50684.0
2424,50690.3,50693.0,50685.0,50694.0,50694.0,50685.0,50693.0,50689.0,50692.0,50694.0,50684.0
2425,50690.3,50693.0,50685.0,50694.0,50694.0,50685.0,50693.0,50689.0,50692.0,50694.0,50684.0
2426,50690.3,50693.0,50685.0,50694.0,50694.0,50685.0,50693.0,50689.0,50692.0,50694.0,50684.0
2427,50690.3,50693.0,50685.0,50694.0,50694.0,50685.0,50693.0,50689.0,50692.0,50694.0,50684.0
2428,50690.3,50693.0,50685.0,50694.0,50694.0,50685.0,50693.0,50689.0,50692.0,50694.0,50684.0
2429,50690.3,50693.0,50685.0,50694.0,50694.0,50685.0,50693.0,50689.0,50692.0,50694.0,50684.0
2430,50690.3,50693.0,50685.0,50694.0,50694.0,50685.0,50693.0,50689.0,50692.0,50694.0,50684.0
2431,50690.3,50693.0,50685.0,50694.0,50694.0,50685.0,50693.0,50689.0,50692.0,50694.0,50684.0
2432,50690.3,50693.0,50685.0,50694.0,50694.0,50685.0,50693.0,50689.0,50692.0,50694.0,50684.0
2433,50690.3,50693.0,50685.0,50694.0,50694.0,50685.0,50693.0,50689.0,50692.0,50694.0,50684.0
2434,50690.3,50693.0,50685.0,50694.0,50694.0,50685.0,50693.0,50689.0,50692.0,50694.0,50684.0
2435,50690.3,50693.0,50685.0,50694.0,50694.0,50685.0,50693.0,50689.0,50692.0,50694.0,50684.0
2436,50690.3,50693.0,50685.0,50694.0,50694.0,50685.0,50693.0,50689.0,50692.0,50694.0,50684.0
2437,50690.3,50693.0,50685.0,50694.0,50694.0,50685.0,50693.0,50689.0,50692.0,50694.0,50684.0
2438,50690.3,50693.0,50685.0,50694.0,50694.0,50685.0,50693.0,50689.0,50692.0,50694.0,50684.0
2439,50690.3,50693.0,50685.0,50694.0,50694.0,50685.0,50693.0,50689.0,50692.0,50694.0,50684.0
2440,50690.3,50693.0,50685.0,50694.0,50694.0,50685.0,50693.0,50689.0,50692.0,50694.0,50684.0
2441,50690.3,50693.0,50685.0,50694.0,50694.0,50685.0,50693.0,50689.0,50692.0,50694.0,50684.0
2442,50690.3,50693.0,50685.0,50694.0,50694.0,50685.0,50693.0,50689.0,50692.0,50694.0,50684.0
2443,50690.3,50693.0,50685.0,50694.0,50694.0,50685.0,50693.0,50689.0,50692.0,50694.0,50684.0
2444,50690.3,50693.0,50685.0,50694.0,50694.0,50685.0,50693.0,50689.0,50692.0,50694.0,50684.0
2445,50690.3,50693.0,50685.0,50694.0,50694.0,50685.0,50693.0,50689.0,50692.0,50694.0,50684.0
2446,50690.3,50693.0,50685.0,50694.0,50694.0,50685.0,50693.0,50689.0,50692.0,50694.0,50684.0
2447,50690.3,50693.0,50685.0,50694.0,50694.0,50685.0,50693.0,50689.0,50692.0,50694.0,50684.0
2448,50690.3,50693.0,50685.0,50694.0,50694.0,50685.0,50693.0,50689.0,50692.0,50694.0,50684.0
2449,50690.3,50693.0,50685.0,50694.0,50694.0,50685.0,50693.0,50689.0,50692.0,50694.0,50684.0
2450,50690.3,50693.0,50685.0,50694.0,50694.0,50685.0,50693.0,50689.0,50692.0,50694.0,50684.0
2451,50690.3,50693.0,50685.0,50694.0,50694.0,50685.0,50693.0,50689.0,50692.0,50694.0,50684.0
2452,50690.3,50693.0,50685.0,50694.0,50694.0,50685.0,50693.0,50689.0,50692.0,50694.0,50684.0
2453,50690.3,50693.0,50685.0,50694.0,50694.0,50685.0,50693.0,50689.0,50692.0,50694.0,50684.0
2454,50690.3,50693.0,50685.0,50694.0,50694.0,50685.0,50693.0,50689.0,50692.0,50694.0,50684.0
2455,50690.3,50693.0,50685.0,50694.0,50694.0,50685.0,50693.0,50689.0,50692.0,50694.0,50684.0
2456,50690.3,50693.0,50685.0,50694.0,50694.0,50685.0,50693.0,50689.0,50692.0,50694.0,50684.0
2457,50690.3,50693.0,50685.0,50694.0,50694.0,50685.0,50693.0,50689.0,50692.0,50694.0,50684.0
2458,50690.3,50693.0,50685.0,50694.0,50694.0,50685.0,50693.0,50689.0,50692.0,50694.0,50684.0
2459,50690.3,50693.0,50685.0,50694.0,50694.0,50685.0,50693.0,50689.0,50692.0,50694.0,50684.0
2460,50690.3,50693.0,50685.0,50694.0,50694.0,50685.0,50693.0,50689.0,50692.0,50694.0,50684.0
2461,50690.3,50693.0,50685.0,50694.0,50694.0,50685.0,50693.0,50689.0,50692.0,50694.0,50684.0
2462,50690.3,50693.0,50685.0,50694.0,50694.0,50685.0,50693.0,50689.0,50692.0,50694.0,50684.0
2463,50690.3,50693.0,50685.0,50694.0,50694.0,50685.0,50693.0,50689.0,50692.0,50694.0,50684.0
2464,50690.3,50693.0,50685.0,50694.0,50694.0,50685.0,50693.0,50689.0,50692.0,50694.0,50684.0
2465,50690.3,50693.0,50685.0,50694.0,50694.0,50685.0,50693.0,50689.0,50692.0,50694.0,50684.0
2466,50690.3,50693.0,50685.0,50694.0,50694.0,50685.0,50693.0,50689.0,50692.0,50694.0,50684.0
2467,50690.3,50693.0,50685.0,50694.0,50694.0,50685.0,50693.0,50689.0,50692.0,50694.0,50684.0
2468,50690.3,50693.0,50685.0,50694.0,50694.0,50685.0,50693.0,50689.0,50692.0,50694.0,50684.0
2469,50690.3,50693.0,50685.0,50694.0,50694.0,50685.0,50693.0,50689.0,50692.0,50694.0,50684.0
2470,50690.3,50693.0,50685.0,50694.0,50694.0,50685.0,50693.0,50689.0,50692.0,50694.0,50684.0
2471,50690.3,50693.0,50685.0,50694.0,50694.0,50685.0,50693.0,50689.0,50692.0,50694.0,50684.0
2472,50690.3,50693.0,50685.0,50694.0,50694.0,50685.0,50693.0,50689.0,50692.0,50694.0,50684.0
2473,50690.3,50693.0,50685.0,50694.0,50694.0,50685.0,50693.0,50689.0,50692.0,50694.0,50684.0
2474,50690.3,50693.0,50685.0,50694.0,50694.0,50685.0,50693.0,50689.0,50692.0,50694.0,50684.0
2475,50690.3,50693.0,50685.0,50694.0,50694.0,50685.0,50693.0,50689.0,50692.0,50694.0,50684.0
2476,50690.3,50693.0,50685.0,50694.0,50694.0,50685.0,50693.0,50689.0,50692.0,50694.0,50684.0
2477,50690.3,50693.0,50685.0,50694.0,50694.0,50685.0,50693.0,50689.0,50692.0,50694.0,50684.0
2478,50690.3,50693.0,50685.0,50694.0,50694.0,50685.0,50693.0,50689.0,50692.0,50694.0,50684.0
2479,50690.3,50693.0,50685.0,50694.0,50694.0,50685.0,50693.0,50689.0,50692.0,50694.0,50684.0
2480,50690.3,50693.0,50685.0,50694.0,50694.0,50685.0,50693.0,50689.0,50692.0,50694.0,50684.0
2481,50690.3,50693.0,50685.0,50694.0,50694.0,50685.0,50693.0,50689.0,50692.0,50694.0,50684.0
2482,50690.3,50693.0,50685.0,50694.0,50694.0,50685.0,50693.0,50689.0,50692.0,50694.0,50684.0
2483,50690.3,50693.0,50685.0,50694.0,50694.0,50685.0,50693.0,50689.0,50692.0,50694.0,50684.0
2484,50690.3,50693.0,50685.0,50694.0,50694.0,50685.0,50693.0,50689.0,50692.0,50694.0,50684.0
2485,50690.3,50693.0,50685.0,50694.0,50694.0,50685.0,50693.0,50689.0,50692.0,50694.0,50684.0
2486,50690.3,50693.0,50685.0,50694.0,50694.0,50685.0,50693.0,50689.0,50692.0,50694.0,50684.0
2487,50690.3,50693.0,50685.0,50694.0,50694.0,50685.0,50693.0,50689.0,50692.0,50694.0,50684.0
2488,50690.3,50693.0,50685.0,50694.0,50694.0,50685.0,50693.0,50689.0,50692.0,50694.0,50684.0
2489,50690.3,50693.0,50685.0,50694.0,50694.0,50685.0,50693.0,50689.0,50692.0,50694.0,50684.0
2490,50690.3,50693.0,50685.0,50694.0,50694.0,50685.0,50693.0,50689.0,50692.0,50694.0,50684.0
2491,50690.3,50693.0,50685.0,50694.0,50694.0,50685.0,50693.0,50689.0,50692.0,50694.0,50684.0
2492,50690.3,50693.0,50685.0,50694.0,50694.0,50685.0,50693.0,50689.0,50692.0,50694.0,50684.0
2493,50690.3,50693.0,50685.0,50694.0,50694.0,50685.0,50693.0,50689.0,50692.0,50694.0,50684.0
2494,50690.3,50693.0,50685.0,50694.0,50694.0,50685.0,50693.0,50689.0,50692.0,50694.0,50684.0
2495,50690.3,50693.0,50685.0,50694.0,50694.0,50685.0,50693.0,50689.0,50692.0,50694.0,50684.0
2496,50690.3,50693.0,50685.0,50694.0,50694.0,50685.0,50693.0,50689.0,50692.0,50694.0,50684.0
2497,50690.3,50693.0,50685.0,50694.0,50694.0,50685.0,50693.0,50689.0,50692.0,50694.0,50684.0
2498,50690.3,50693.0,50685.0,50694.0,50694.0,50685.0,50693.0,50689.0,50692.0,50694.0,50684.0
2499,50690.3,50693.0,50685.0,50694.0,50694.0,50685.0,50693.0,50689.0,50692.0,50694.0,50684.0
2500,50690.3,50693.0,50685.0,50694.0,50694.0,50685.0,50693.0,50689.0,50692.0,50694.0,50684.0
2501,50690.3,50693.0,50685.0,50694.0,50694.0,50685.0,50693.0,50689.0,50692.0,50694.0,50684.0
2502,50690.3,50693.0,50685.0,50694.0,50694.0,50685.0,50693.0,50689.0,50692.0,50694.0,50684.0
2503,50690.3,50693.0,50685.0,50694.0,50694.0,50685.0,50693.0,50689.0,50692.0,50694.0,50684.0
2504,50690.3,50693.0,50685.0,50694.0,50694.0,50685.0,50693.0,50689.0,50692.0,50694.0,50684.0
2505,50690.3,50693.0,50685.0,50694.0,50694.0,50685.0,50693.0,50689.0,50692.0,50694.0,50684.0
2506,50690.3,50693.0,50685.0,50694.0,50694.0,50685.0,50693.0,50689.0,50692.0,50694.0,50684.0
2507,50690.3,50693.0,50685.0,50694.0,50694.0,50685.0,50693.0,50689.0,50692.0,50694.0,50684.0
2508,50690.3,50693.0,50685.0,50694.0,50694.0,50685.0,50693.0,50689.0,50692.0,50694.0,50684.0
2509,50690.3,50693.0,50685.0,50694.0,50694.0,50685.0,50693.0,50689.0,50692.0,50694.0,50684.0
2510,50690.3,50693.0,50685.0,50694.0,50694.0,50685.0,50693.0,50689.0,50692.0,50694.0,50684.0
2511,50690.3,50693.0,50685.0,50694.0,50694.0,50685.0,50693.0,50689.0,50692.0,50694.0,50684.0
2512,50690.3,50693.0,50685.0,50694.0,50694.0,50685.0,50693.0,50689.0,50692.0,50694.0,50684.0
2513,50690.3,50693.0,50685.0,50694.0,50694.0,50685.0,50693.0,50689.0,50692.0,50694.0,50684.0
2514,50690.3,50693.0,50685.0,50694.0,50694.0,50685.0,50693.0,50689.0,50692.0,50694.0,50684.0
2515,50690.3,50693.0,50685.0,50694.0,50694.0,50685.0,50693.0,50689.0,50692.0,50694.0,50684.0
2516,50690.3,50693.0,50685.0,50694.0,50694.0,50685.0,50693.0,50689.0,50692.0,50694.0,50684.0
2517,50690.3,50693.0,50685.0,50694.0,50694.0,50685.0,50693.0,50689.0,50692.0,50694.0,50684.0
2518,50690.3,50693.0,50685.0,50694.0,50694.0,50685.0,50693.0,50689.0,50692.0,50694.0,50684.0
2519,50690.3,50693.0,50685.0,50694.0,50694.0,50685.0,50693.0,50689.0,50692.0,50694.0,50684.0
2520,50690.3,50693.0,50685.0,50694.0,50694.0,50685.0,50693.0,50689.0,50692.0,50694.0,50684.0
2521,50690.3,50693.0,50685.0,50694.0,50694.0,50685.0,50693.0,50689.0,50692.0,50694.0,50684.0
2522,50690.3,50693.0,50685.0,50694.0,50694.0,50685.0,50693.0,50689.0,50692.0,50694.0,50684.0
2523,50690.3,50693.0,50685.0,50694.0,50694.0,50685.0,50693.0,50689.0,50692.0,50694.0,50684.0
2524,50690.3,50693.0,50685.0,50694.0,50694.0,50685.0,50693.0,50689.0,50692.0,50694.0,50684.0
2525,50690.3,50693.0,50685.0,50694.0,50694.0,50685.0,50693.0,50689.0,50692.0,50694.0,50684.0
2526,50690.3,50693.0,50685.0,50694.0,50694.0,50685.0,50693.0,50689.0,50692.0,50694.0,50684.0
2527,50690.3,50693.0,50685.0,50694.0,50694.0,50685.0,50693.0,50689.0,50692.0,50694.0,50684.0
2528,50690.3,50693.0,50685.0,50694.0,50694.0,50685.0,50693.0,50689.0,50692.0,50694.0,50684.0
2529,50690.3,50693.0,50685.0,50694.0,50694.0,50685.0,50693.0,50689.0,50692.0,50694.0,50684.0
2530,50690.3,50693.0,50685.0,50694.0,50694.0,50685.0,50693.0,50689.0,50692.0,50694.0,50684.0
2531,50690.3,50693.0,50685.0,50694.0,50694.0,50685.0,50693.0,50689.0,50692.0,50694.0,50684.0
2532,50690.3,50693.0,50685.0,50694.0,50694.0,50685.0,50693.0,50689.0,50692.0,50694.0,50684.0
2533,50690.3,50693.0,50685.0,50694.0,50694.0,50685.0,50693.0,50689.0,50692.0,50694.0,50684.0
2534,50690.3,50693.0,50685.0,50694.0,50694.0,50685.0,50693.0,50689.0,50692.0,50694.0,50684.0
2535,50690.3,50693.0,50685.0,50694.0,50694.0,50685.0,50693.0,50689.0,50692.0,50694.0,50684.0
2536,50690.3,50693.0,50685.0,50694.0,50694.0,50685.0,50693.0,50689.0,50692.0,50694.0,50684.0
2537,50690.3,50693.0,50685.0,50694.0,50694.0,50685.0,50693.0,50689.0,50692.0,50694.0,50684.0
2538,50690.3,50693.0,50685.0,50694.0,50694.0,50685.0,50693.0,50689.0,50692.0,50694.0,50684.0
2539,50690.3,50693.0,50685.0,50694.0,50694.0,50685.0,50693.0,50689.0,50692.0,50694.0,50684.0
2540,50690.3,50693.0,50685.0,50694.0,50694.0,50685.0,50693.0,50689.0,50692.0,50694.0,50684.0
2541,50690.3,50693.0,50685.0,50694.0,50694.0,50685.0,50693.0,50689.0,50692.0,50694.0,50684.0
2542,50690.3,50693.0,50685.0,50694.0,50694.0,50685.0,50693.0,50689.0,50692.0,50694.0,50684.0
2543,50690.3,50693.0,50685.0,50694.0,50694.0,50685.0,50693.0,50689.0,50692.0,50694.0,50684.0
2544,50690.3,50693.0,50685.0,50694.0,50694.0,50685.0,50693.0,50689.0,50692.0,50694.0,50684.0
2545,50690.3,50693.0,50685.0,50694.0,50694.0,50685.0,50693.0,50689.0,50692.0,50694.0,50684.0
2546,50690.3,50693.0,50685.0,50694.0,50694.0,50685.0,50693.0,50689.0,50692.0,50694.0,50684.0
2547,50690.3,50693.0,50685.0,50694.0,50694.0,50685.0,50693.0,50689.0,50692.0,50694.0,50684.0
2548,50690.3,50693.0,50685.0,50694.0,50694.0,50685.0,50693.0,50689.0,50692.0,50694.0,50684.0
2549,50690.3,50693.0,50685.0,50694.0,50694.0,50685.0,50693.0,50689.0,50692.0,50694.0,50684.0
2550,50690.3,50693.0,50685.0,50694.0,50694.0,50685.0,50693.0,50689.0,50692.0,50694.0,50684.0
2551,50690.3,50693.0,50685.0,50694.0,50694.0,50685.0,50693.0,50689.0,50692.0,50694.0,50684.0
2552,50690.3,50693.0,50685.0,50694.0,50694.0,50685.0,50693.0,50689.0,50692.0,50694.0,50684.0
2553,50690.3,50693.0,50685.0,50694.0,50694.0,50685.0,50693.0,50689.0,50692.0,50694.0,50684.0
2554,50690.3,50693.0,50685.0,50694.0,50694.0,50685.0,50693.0,50689.0,50692.0,50694.0,50684.0
2555,50690.3,50693.0,50685.0,50694.0,50694.0,50685.0,50693.0,50689.0,50692.0,50694.0,50684.0
2556,50690.3,50693.0,50685.0,50694.0,50694.0,50685.0,50693.0,50689.0,50692.0,50694.0,50684.0
2557,50690.3,50693.0,50685.0,50694.0,50694.0,50685.0,50693.0,50689.0,50692.0,50694.0,50684.0
2558,50690.3,50693.0,50685.0,50694.0,50694.0,50685.0,50693.0,50689.0,50692.0,50694.0,50684.0
2559,50690.3,50693.0,50685.0,50694.0,50694.0,50685.0,50693.0,50689.0,50692.0,50694.0,50684.0
2560,50690.3,50693.0,50685.0,50694.0,50694.0,50685.0,50693.0,50689.0,50692.0,50694.0,50684.0
2561,50690.3,50693.0,50685.0,50694.0,50694.0,50685.0,50693.0,50689.0,50692.0,50694.0,50684.0
2562,50690.3,50693.0,50685.0,50694.0,50694.0,50685.0,50693.0,50689.0,50692.0,50694.0,50684.0
2563,50690.3,50693.0,50685.0,50694.0,50694.0,50685.0,50693.0,50689.0,50692.0,50694.0,50684.0
2564,50690.3,50693.0,50685.0,50694.0,50694.0,50685.0,50693.0,50689.0,50692.0,50694.0,50684.0
2565,50690.3,50693.0,50685.0,50694.0,50694.0,50685.0,50693.0,50689.0,50692.0,50694.0,50684.0
2566,50690.3,50693.0,50685.0,50694.0,50694.0,50685.0,50693.0,50689.0,50692.0,50694.0,50684.0
2567,50690.3,50693.0,50685.0,50694.0,50694.0,50685.0,50693.0,50689.0,50692.0,50694.0,50684.0
2568,50690.3,50693.0,50685.0,50694.0,50694.0,50685.0,50693.0,50689.0,50692.0,50694.0,50684.0
2569,50690.3,50693.0,50685.0,50694.0,50694.0,50685.0,50693.0,50689.0,50692.0,50694.0,50684.0
2570,50690.3,50693.0,50685.0,50694.0,50694.0,50685.0,50693.0,50689.0,50692.0,50694.0,50684.0
2571,50690.3,50693.0,50685.0,50694.0,50694.0,50685.0,50693.0,50689.0,50692.0,50694.0,50684.0
2572,50690.3,50693.0,50685.0,50694.0,50694.0,50685.0,50693.0,50689.0,50692.0,50694.0,50684.0
2573,50690.3,50693.0,50685.0,50694.0,50694.0,50685.0,50693.0,50689.0,50692.0,50694.0,50684.0
2574,50690.3,50693.0,50685.0,50694.0,50694.0,50685.0,50693.0,50689.0,50692.0,50694.0,50684.0
2575,50690.3,50693.0,50685.0,50694.0,50694.0,50685.0,50693.0,50689.0,50692.0,50694.0,50684.0
2576,50690.3,50693.0,50685.0,50694.0,50694.0,50685.0,50693.0,50689.0,50692.0,50694.0,50684.0
2577,50690.3,50693.0,50685.0,50694.0,50694.0,50685.0,50693.0,50689.0,50692.0,50694.0,50684.0
2578,50690.3,50693.0,50685.0,50694.0,50694.0,50685.0,50693.0,50689.0,50692.0,50694.0,50684.0
2579,50690.3,50693.0,50685.0,50694.0,50694.0,50685.0,50693.0,50689.0,50692.0,50694.0,50684.0
2580,50690.3,50693.0,50685.0,50694.0,50694.0,50685.0,50693.0,50689.0,50692.0,50694.0,50684.0
2581,50690.3,50693.0,50685.0,50694.0,50694.0,50685.0,50693.0,50689.0,50692.0,50694.0,50684.0
2582,50690.3,50693.0,50685.0,50694.0,50694.0,50685.0,50693.0,50689.0,50692.0,50694.0,50684.0
2583,50690.3,50693.0,50685.0,50694.0,50694.0,50685.0,50693.0,50689.0,50692.0,50694.0,50684.0
2584,50690.3,50693.0,50685.0,50694.0,50694.0,50685.0,50693.0,50689.0,50692.0,50694.0,50684.0
2585,50690.3,50693.0,50685.0,50694.0,50694.0,50685.0,50693.0,50689.0,50692.0,50694.0,50684.0
2586,50690.3,50693.0,50685.0,50694.0,50694.0,50685.0,50693.0,50689.0,50692.0,50694.0,50684.0
2587,50690.3,50693.0,50685.0,50694.0,50694.0,50685.0,50693.0,50689.0,50692.0,50694.0,50684.0
2588,50690.3,50693.0,50685.0,50694.0,50694.0,50685.0,50693.0,50689.0,50692.0,50694.0,50684.0
2589,50690.3,50693.0,50685.0,50694.0,50694.0,50685.0,50693.0,50689.0,50692.0,50694.0,50684.0
2590,50690.3,50693.0,50685.0,50694.0,50694.0,50685.0,50693.0,50689.0,50692.0,50694.0,50684.0
2591,50690.3,50693.0,50685.0,50694.0,50694.0,50685.0,50693.0,50689.0,50692.0,50694.0,50684.0
2592,50690.3,50693.0,50685.0,50694.0,50694.0,50685.0,50693.0,50689.0,50692.0,50694.0,50684.0
2593,50690.3,50693.0,50685.0,50694.0,50694.0,50685.0,50693.0,50689.0,50692.0,50694.0,50684.0
2594,50690.3,50693.0,50685.0,50694.0,50694.0,50685.0,50693.0,50689.0,50692.0,50694.0,50684.0
2595,50690.3,50693.0,50685.0,50694.0,50694.0,50685.0,50693.0,50689.0,50692.0,50694.0,50684.0
2596,50690.3,50693.0,50685.0,50694.0,50694.0,50685.0,50693.0,50689.0,50692.0,50694.0,50684.0
2597,50690.3,50693.0,50685.0,50694.0,50694.0,50685.0,50693.0,50689.0,50692.0,50694.0,50684.0
2598,50690.3,50693.0,50685.0,50694.0,50694.0,50685.0,50693.0,50689.0,50692.0,50694.0,50684.0
2599,50690.3,50693.0,50685.0,50694.0,50694.0,50685.0,50693.0,50689.0,50692.0,50694.0,50684.0
2600,50690.3,50693.0,50685.0,50694.0,50694.0,50685.0,50693.0,50689.0,50692.0,50694.0,50684.0
2601,50690.3,50693.0,50685.0,50694.0,50694.0,50685.0,50693.0,50689.0,50692.0,50694.0,50684.0
2602,50690.3,50693.0,50685.0,50694.0,50694.0,50685.0,50693.0,50689.0,50692.0,50694.0,50684.0
2603,50690.3,50693.0,50685.0,50694.0,50694.0,50685.0,50693.0,50689.0,50692.0,50694.0,50684.0
2604,50690.3,50693.0,50685.0,50694.0,50694.0,50685.0,50693.0,50689.0,50692.0,50694.0,50684.0
2605,50690.3,50693.0,50685.0,50694.0,50694.0,50685.0,50693.0,50689.0,50692.0,50694.0,50684.0
2606,50690.3,50693.0,50685.0,50694.0,50694.0,50685.0,50693.0,50689.0,50692.0,50694.0,50684.0
2607,50690.3,50693.0,50685.0,50694.0,50694.0,50685.0,50693.0,50689.0,50692.0,50694.0,50684.0
2608,50690.3,50693.0,50685.0,50694.0,50694.0,50685.0,50693.0,50689.0,50692.0,50694.0,50684.0
2609,50690.3,50693.0,50685.0,50694.0,50694.0,50685.0,50693.0,50689.0,50692.0,50694.0,50684.0
2610,50690.3,50693.0,50685.0,50694.0,50694.0,50685.0,50693.0,50689.0,50692.0,50694.0,50684.0
2611,50690.3,50693.0,50685.0,50694.0,50694.0,50685.0,50693.0,50689.0,50692.0,50694.0,50684.0
2612,50690.3,50693.0,50685.0,50694.0,50694.0,50685.0,50693.0,50689.0,50692.0,50694.0,50684.0
2613,50690.3,50693.0,50685.0,50694.0,50694.0,50685.0,50693.0,50689.0,50692.0,50694.0,50684.0
2614,50690.3,50693.0,50685.0,50694.0,50694.0,50685.0,50693.0,50689.0,50692.0,50694.0,50684.0
2615,50690.3,50693.0,50685.0,50694.0,50694.0,50685.0,50693.0,50689.0,50692.0,50694.0,50684.0
2616,50690.3,50693.0,50685.0,50694.0,50694.0,50685.0,50693.0,50689.0,50692.0,50694.0,50684.0
2617,50690.3,50693.0,50685.0,50694.0,50694.0,50685.0,50693.0,50689.0,50692.0,50694.0,50684.0
2618,50690.3,50693.0,50685.0,50694.0,50694.0,50685.0,50693.0,50689.0,50692.0,50694.0,50684.0
2619,50690.3,50693.0,50685.0,50694.0,50694.0,50685.0,50693.0,50689.0,50692.0,50694.0,50684.0
2620,50690.3,50693.0,50685.0,50694.0,50694.0,50685.0,50693.0,50689.0,50692.0,50694.0,50684.0
2621,50690.3,50693.0,50685.0,50694.0,50694.0,50685.0,50693.0,50689.0,50692.0,50694.0,50684.0
2622,50690.3,50693.0,50685.0,50694.0,50694.0,50685.0,50693.0,50689.0,50692.0,50694.0,50684.0
2623,50690.3,50693.0,50685.0,50694.0,50694.0,50685.0,50693.0,50689.0,50692.0,50694.0,50684.0
2624,50690.3,50693.0,50685.0,50694.0,50694.0,50685.0,50693.0,50689.0,50692.0,50694.0,50684.0
2625,50690.3,50693.0,50685.0,50694.0,50694.0,50685.0,50693.0,50689.0,50692.0,50694.0,50684.0
2626,50690.3,50693.0,50685.0,50694.0,50694.0,50685.0,50693.0,50689.0,50692.0,50694.0,50684.0
2627,50690.3,50693.0,50685.0,50694.0,50694.0,50685.0,50693.0,50689.0,50692.0,50694.0,50684.0
2628,50690.3,50693.0,50685.0,50694.0,50694.0,50685.0,50693.0,50689.0,50692.0,50694.0,50684.0
2629,50690.3,50693.0,50685.0,50694.0,50694.0,50685.0,50693.0,50689.0,50692.0,50694.0,50684.0
2630,50690.3,50693.0,50685.0,50694.0,50694.0,50685.0,50693.0,50689.0,50692.0,50694.0,50684.0
2631,50690.3,50693.0,50685.0,50694.0,50694.0,50685.0,50693.0,50689.0,50692.0,50694.0,50684.0
2632,50690.3,50693.0,50685.0,50694.0,50694.0,50685.0,50693.0,50689.0,50692.0,50694.0,50684.0
2633,50690.3,50693.0,50685.0,50694.0,50694.0,50685.0,50693.0,50689.0,50692.0,50694.0,50684.0
2634,50690.3,50693.0,50685.0,50694.0,50694.0,50685.0,50693.0,50689.0,50692.0,50694.0,50684.0
2635,50690.3,50693.0,50685.0,50694.0,50694.0,50685.0,50693.0,50689.0,50692.0,50694.0,50684.0
2636,50690.3,50693.0,50685.0,50694.0,50694.0,50685.0,50693.0,50689.0,50692.0,50694.0,50684.0
2637,50690.3,50693.0,50685.0,50694.0,50694.0,50685.0,50693.0,50689.0,50692.0,50694.0,50684.0
2638,50690.3,50693.0,50685.0,50694.0,50694.0,50685.0,50693.0,50689.0,50692.0,50694.0,50684.0
2639,50690.3,50693.0,50685.0,50694.0,50694.0,50685.0,50693.0,50689.0,50692.0,50694.0,50684.0
2640,50690.3,50693.0,50685.0,50694.0,50694.0,50685.0,50693.0,50689.0,50692.0,50694.0,50684.0
2641,50690.3,50693.0,50685.0,50694.0,50694.0,50685.0,50693.0,50689.0,50692.0,50694.0,50684.0
2642,50690.3,50693.0,50685.0,50694.0,50694.0,50685.0,50693.0,50689.0,50692.0,50694.0,50684.0
2643,50690.3,50693.0,50685.0,50694.0,50694.0,50685.0,50693.0,50689.0,50692.0,50694.0,50684.0
2644,50690.3,50693.0,50685.0,50694.0,50694.0,50685.0,50693.0,50689.0,50692.0,50694.0,50684.0
2645,50690.3,50693.0,50685.0,50694.0,50694.0,50685.0,50693.0,50689.0,50692.0,50694.0,50684.0
2646,50690.3,50693.0,50685.0,50694.0,50694.0,50685.0,50693.0,50689.0,50692.0,50694.0,50684.0
2647,50690.3,50693.0,50685.0,50694.0,50694.0,50685.0,50693.0,50689.0,50692.0,50694.0,50684.0
2648,50690.3,50693.0,50685.0,50694.0,50694.0,50685.0,50693.0,50689.0,50692.0,50694.0,50684.0
2649,50690.3,50693.0,50685.0,50694.0,50694.0,50685.0,50693.0,50689.0,50692.0,50694.0,50684.0
2650,50690.3,50693.0,50685.0,50694.0,50694.0,50685.0,50693.0,50689.0,50692.0,50694.0,50684.0
2651,50690.3,50693.0,50685.0,50694.0,50694.0,50685.0,50693.0,50689.0,50692.0,50694.0,50684.0
2652,50690.3,50693.0,50685.0,50694.0,50694.0,50685.0,50693.0,50689.0,50692.0,50694.0,50684.0
2653,50690.3,50693.0,50685.0,50694.0,50694.0,50685.0,50693.0,50689.0,50692.0,50694.0,50684.0
2654,50690.3,50693.0,50685.0,50694.0,50694.0,50685.0,50693.0,50689.0,50692.0,50694.0,50684.0
2655,50690.3,50693.0,50685.0,50694.0,50694.0,50685.0,50693.0,50689.0,50692.0,50694.0,50684.0
2656,50690.3,50693.0,50685.0,50694.0,50694.0,50685.0,50693.0,50689.0,50692.0,50694.0,50684.0
2657,50690.3,50693.0,50685.0,50694.0,50694.0,50685.0,50693.0,50689.0,50692.0,50694.0,50684.0
2658,50690.3,50693.0,50685.0,50694.0,50694.0,50685.0,50693.0,50689.0,50692.0,50694.0,50684.0
2659,50690.3,50693.0,50685.0,50694.0,50694.0,50685.0,50693.0,50689.0,50692.0,50694.0,50684.0
2660,50690.3,50693.0,50685.0,50694.0,50694.0,50685.0,50693.0,50689.0,50692.0,50694.0,50684.0
2661,50690.3,50693.0,50685.0,50694.0,50694.0,50685.0,50693.0,50689.0,50692.0,50694.0,50684.0
2662,50690.3,50693.0,50685.0,50694.0,50694.0,50685.0,50693.0,50689.0,50692.0,50694.0,50684.0
2663,50690.3,50693.0,50685.0,50694.0,50694.0,50685.0,50693.0,50689.0,50692.0,50694.0,50684.0
2664,50690.3,50693.0,50685.0,50694.0,50694.0,50685.0,50693.0,50689.0,50692.0,50694.0,50684.0
2665,50690.3,50693.0,50685.0,50694.0,50694.0,50685.0,50693.0,50689.0,50692.0,50694.0,50684.0
2666,50690.3,50693.0,50685.0,50694.0,50694.0,50685.0,50693.0,50689.0,50692.0,50694.0,50684.0
2667,50690.3,50693.0,50685.0,50694.0,50694.0,50685.0,50693.0,50689.0,50692.0,50694.0,50684.0
2668,50690.3,50693.0,50685.0,50694.0,50694.0,50685.0,50693.0,50689.0,50692.0,50694.0,50684.0
2669,50690.3,50693.0,50685.0,50694.0,50694.0,50685.0,50693.0,50689.0,50692.0,50694.0,50684.0
2670,50690.3,50693.0,50685.0,50694.0,50694.0,50685.0,50693.0,50689.0,50692.0,50694.0,50684.0
2671,50690.3,50693.0,50685.0,50694.0,50694.0,50685.0,50693.0,50689.0,50692.0,50694.0,50684.0
2672,50690.3,50693.0,50685.0,50694.0,50694.0,50685.0,50693.0,50689.0,50692.0,50694.0,50684.0
2673,50690.3,50693.0,50685.0,50694.0,50694.0,50685.0,50693.0,50689.0,50692.0,50694.0,50684.0
2674,50690.3,50693.0,50685.0,50694.0,50694.0,50685.0,50693.0,50689.0,50692.0,50694.0,50684.0
2675,50690.3,50693.0,50685.0,50694.0,50694.0,50685.0,50693.0,50689.0,50692.0,50694.0,50684.0
2676,50690.3,50693.0,50685.0,50694.0,50694.0,50685.0,50693.0,50689.0,50692.0,50694.0,50684.0
2677,50690.3,50693.0,50685.0,50694.0,50694.0,50685.0,50693.0,50689.0,50692.0,50694.0,50684.0
2678,50690.3,50693.0,50685.0,50694.0,50694.0,50685.0,50693.0,50689.0,50692.0,50694.0,50684.0
2679,50690.3,50693.0,50685.0,50694.0,50694.0,50685.0,50693.0,50689.0,50692.0,50694.0,50684.0
2680,50690.3,50693.0,50685.0,50694.0,50694.0,50685.0,50693.0,50689.0,50692.0,50694.0,50684.0
2681,50690.3,50693.0,50685.0,50694.0,50694.0,50685.0,50693.0,50689.0,50692.0,50694.0,50684.0
2682,50690.3,50693.0,50685.0,50694.0,50694.0,50685.0,50693.0,50689.0,50692.0,50694.0,50684.0
2683,50690.3,50693.0,50685.0,50694.0,50694.0,50685.0,50693.0,50689.0,50692.0,50694.0,50684.0
2684,50690.3,50693.0,50685.0,50694.0,50694.0,50685.0,50693.0,50689.0,50692.0,50694.0,50684.0
2685,50690.3,50693.0,50685.0,50694.0,50694.0,50685.0,50693.0,50689.0,50692.0,50694.0,50684.0
2686,50690.3,50693.0,50685.0,50694.0,50694.0,50685.0,50693.0,50689.0,50692.0,50694.0,50684.0
2687,50690.3,50693.0,50685.0,50694.0,50694.0,50685.0,50693.0,50689.0,50692.0,50694.0,50684.0
2688,50690.3,50693.0,50685.0,50694.0,50694.0,50685.0,50693.0,50689.0,50692.0,50694.0,50684.0
2689,50690.3,50693.0,50685.0,50694.0,50694.0,50685.0,50693.0,50689.0,50692.0,50694.0,50684.0
2690,50690.3,50693.0,50685.0,50694.0,50694.0,50685.0,50693.0,50689.0,50692.0,50694.0,50684.0
2691,50690.3,50693.0,50685.0,50694.0,50694.0,50685.0,50693.0,50689.0,50692.0,50694.0,50684.0
2692,50690.3,50693.0,50685.0,50694.0,50694.0,50685.0,50693.0,50689.0,50692.0,50694.0,50684.0
2693,50690.3,50693.0,50685.0,50694.0,50694.0,50685.0,50693.0,50689.0,50692.0,50694.0,50684.0
2694,50690.3,50693.0,50685.0,50694.0,50694.0,50685.0,50693.0,50689.0,50692.0,50694.0,50684.0
2695,50690.3,50693.0,50685.0,50694.0,50694.0,50685.0,50693.0,50689.0,50692.0,50694.0,50684.0
2696,50690.3,50693.0,50685.0,50694.0,50694.0,50685.0,50693.0,50689.0,50692.0,50694.0,50684.0
2697,50690.3,50693.0,50685.0,50694.0,50694.0,50685.0,50693.0,50689.0,50692.0,50694.0,50684.0
2698,50690.3,50693.0,50685.0,50694.0,50694.0,50685.0,50693.0,50689.0,50692.0,50694.0,50684.0
2699,50690.3,50693.0,50685.0,50694.0,50694.0,50685.0,50693.0,50689.0,50692.0,50694.0,50684.0
2700,50690.3,50693.0,50685.0,50694.0,50694.0,50685.0,50693.0,50689.0,50692.0,50694.0,50684.0
2701,50690.3,50693.0,50685.0,50694.0,50694.0,50685.0,50693.0,50689.0,50692.0,50694.0,50684.0
2702,50690.3,50693.0,50685.0,50694.0,50694.0,50685.0,50693.0,50689.0,50692.0,50694.0,50684.0
2703,50690.3,50693.0,50685.0,50694.0,50694.0,50685.0,50693.0,50689.0,50692.0,50694.0,50684.0
2704,50690.3,50693.0,50685.0,50694.0,50694.0,50685.0,50693.0,50689.0,50692.0,50694.0,50684.0
2705,50690.3,50693.0,50685.0,50694.0,50694.0,50685.0,50693.0,50689.0,50692.0,50694.0,50684.0
2706,50690.3,50693.0,50685.0,50694.0,50694.0,50685.0,50693.0,50689.0,50692.0,50694.0,50684.0
2707,50690.3,50693.0,50685.0,50694.0,50694.0,50685.0,50693.0,50689.0,50692.0,50694.0,50684.0
2708,50690.3,50693.0,50685.0,50694.0,50694.0,50685.0,50693.0,50689.0,50692.0,50694.0,50684.0
2709,50690.3,50693.0,50685.0,50694.0,50694.0,50685.0,50693.0,50689.0,50692.0,50694.0,50684.0
2710,50690.3,50693.0,50685.0,50694.0,50694.0,50685.0,50693.0,50689.0,50692.0,50694.0,50684.0
2711,50690.3,50693.0,50685.0,50694.0,50694.0,50685.0,50693.0,50689.0,50692.0,50694.0,50684.0
2712,50690.3,50693.0,50685.0,50694.0,50694.0,50685.0,50693.0,50689.0,50692.0,50694.0,50684.0
2713,50690.3,50693.0,50685.0,50694.0,50694.0,50685.0,50693.0,50689.0,50692.0,50694.0,50684.0
2714,50690.3,50693.0,50685.0,50694.0,50694.0,50685.0,50693.0,50689.0,50692.0,50694.0,50684.0
2715,50690.3,50693.0,50685.0,50694.0,50694.0,50685.0,50693.0,50689.0,50692.0,50694.0,50684.0
2716,50690.3,50693.0,50685.0,50694.0,50694.0,50685.0,50693.0,50689.0,50692.0,50694.0,50684.0
2717,50690.3,50693.0,50685.0,50694.0,50694.0,50685.0,50693.0,50689.0,50692.0,50694.0,50684.0
2718,50690.3,50693.0,50685.0,50694.0,50694.0,50685.0,50693.0,50689.0,50692.0,50694.0,50684.0
2719,50690.3,50693.0,50685.0,50694.0,50694.0,50685.0,50693.0,50689.0,50692.0,50694.0,50684.0
2720,50690.3,50693.0,50685.0,50694.0,50694.0,50685.0,50693.0,50689.0,50692.0,50694.0,50684.0
2721,50690.3,50693.0,50685.0,50694.0,50694.0,50685.0,50693.0,50689.0,50692.0,50694.0,50684.0
2722,50690.3,50693.0,50685.0,50694.0,50694.0,50685.0,50693.0,50689.0,50692.0,50694.0,50684.0
2723,50690.3,50693.0,50685.0,50694.0,50694.0,50685.0,50693.0,50689.0,50692.0,50694.0,50684.0
2724,50690.3,50693.0,50685.0,50694.0,50694.0,50685.0,50693.0,50689.0,50692.0,50694.0,50684.0
2725,50690.3,50693.0,50685.0,50694.0,50694.0,50685.0,50693.0,50689.0,50692.0,50694.0,50684.0
2726,50690.3,50693.0,50685.0,50694.0,50694.0,50685.0,50693.0,50689.0,50692.0,50694.0,50684.0
2727,50690.3,50693.0,50685.0,50694.0,50694.0,50685.0,50693.0,50689.0,50692.0,50694.0,50684.0
2728,50690.3,50693.0,50685.0,50694.0,50694.0,50685.0,50693.0,50689.0,50692.0,50694.0,50684.0
2729,50690.3,50693.0,50685.0,50694.0,50694.0,50685.0,50693.0,50689.0,50692.0,50694.0,50684.0
2730,50690.3,50693.0,50685.0,50694.0,50694.0,50685.0,50693.0,50689.0,50692.0,50694.0,50684.0
2731,50690.3,50693.0,50685.0,50694.0,50694.0,50685.0,50693.0,50689.0,50692.0,50694.0,50684.0
2732,50690.3,50693.0,50685.0,50694.0,50694.0,50685.0,50693.0,50689.0,50692.0,50694.0,50684.0
2733,50690.3,50693.0,50685.0,50694.0,50694.0,50685.0,50693.0,50689.0,50692.0,50694.0,50684.0
2734,50690.3,50693.0,50685.0,50694.0,50694.0,50685.0,50693.0,50689.0,50692.0,50694.0,50684.0
2735,50690.3,50693.0,50685.0,50694.0,50694.0,50685.0,50693.0,50689.0,50692.0,50694.0,50684.0
2736,50690.3,50693.0,50685.0,50694.0,50694.0,50685.0,50693.0,50689.0,50692.0,50694.0,50684.0
2737,50690.3,50693.0,50685.0,50694.0,50694.0,50685.0,50693.0,50689.0,50692.0,50694.0,50684.0
2738,50690.3,50693.0,50685.0,50694.0,50694.0,50685.0,50693.0,50689.0,50692.0,50694.0,50684.0
2739,50690.3,50693.0,50685.0,50694.0,50694.0,50685.0,50693.0,50689.0,50692.0,50694.0,50684.0
2740,50690.3,50693.0,50685.0,50694.0,50694.0,50685.0,50693.0,50689.0,50692.0,50694.0,50684.0
2741,50690.3,50693.0,50685.0,50694.0,50694.0,50685.0,50693.0,50689.0,50692.0,50694.0,50684.0
2742,50690.3,50693.0,50685.0,50694.0,50694.0,50685.0,50693.0,50689.0,50692.0,50694.0,50684.0
2743,50690.3,50693.0,50685.0,50694.0,50694.0,50685.0,50693.0,50689.0,50692.0,50694.0,50684.0
2744,50690.3,50693.0,50685.0,50694.0,50694.0,50685.0,50693.0,50689.0,50692.0,50694.0,50684.0
2745,50690.3,50693.0,50685.0,50694.0,50694.0,50685.0,50693.0,50689.0,50692.0,50694.0,50684.0
2746,50690.3,50693.0,50685.0,50694.0,50694.0,50685.0,50693.0,50689.0,50692.0,50694.0,50684.0
2747,50690.3,50693.0,50685.0,50694.0,50694.0,50685.0,50693.0,50689.0,50692.0,50694.0,50684.0
2748,50690.3,50693.0,50685.0,50694.0,50694.0,50685.0,50693.0,50689.0,50692.0,50694.0,50684.0
2749,50690.3,50693.0,50685.0,50694.0,50694.0,50685.0,50693.0,50689.0,50692.0,50694.0,50684.0
2750,50690.3,50693.0,50685.0,50694.0,50694.0,50685.0,50693.0,50689.0,50692.0,50694.0,50684.0
2751,50690.3,50693.0,50685.0,50694.0,50694.0,50685.0,50693.0,50689.0,50692.0,50694.0,50684.0
2752,50690.3,50693.0,50685.0,50694.0,50694.0,50685.0,50693.0,50689.0,50692.0,50694.0,50684.0
2753,50690.3,50693.0,50685.0,50694.0,50694.0,50685.0,50693.0,50689.0,50692.0,50694.0,50684.0
2754,50690.3,50693.0,50685.0,50694.0,50694.0,50685.0,50693.0,50689.0,50692.0,50694.0,50684.0
2755,50690.3,50693.0,50685.0,50694.0,50694.0,50685.0,50693.0,50689.0,50692.0,50694.0,50684.0
2756,50690.3,50693.0,50685.0,50694.0,50694.0,50685.0,50693.0,50689.0,50692.0,50694.0,50684.0
2757,50690.3,50693.0,50685.0,50694.0,50694.0,50685.0,50693.0,50689.0,50692.0,50694.0,50684.0
2758,50690.3,50693.0,50685.0,50694.0,50694.0,50685.0,50693.0,50689.0,50692.0,50694.0,50684.0
2759,50690.3,50693.0,50685.0,50694.0,50694.0,50685.0,50693.0,50689.0,50692.0,50694.0,50684.0
2760,50690.3,50693.0,50685.0,50694.0,50694.0,50685.0,50693.0,50689.0,50692.0,50694.0,50684.0
2761,50690.3,50693.0,50685.0,50694.0,50694.0,50685.0,50693.0,50689.0,50692.0,50694.0,50684.0
2762,50690.3,50693.0,50685.0,50694.0,50694.0,50685.0,50693.0,50689.0,50692.0,50694.0,50684.0
2763,50690.3,50693.0,50685.0,50694.0,50694.0,50685.0,50693.0,50689.0,50692.0,50694.0,50684.0
2764,50690.3,50693.0,50685.0,50694.0,50694.0,50685.0,50693.0,50689.0,50692.0,50694.0,50684.0
2765,50690.3,50693.0,50685.0,50694.0,50694.0,50685.0,50693.0,50689.0,50692.0,50694.0,50684.0
2766,50690.3,50693.0,50685.0,50694.0,50694.0,50685.0,50693.0,50689.0,50692.0,50694.0,50684.0
2767,50690.3,50693.0,50685.0,50694.0,50694.0,50685.0,50693.0,50689.0,50692.0,50694.0,50684.0
2768,50690.3,50693.0,50685.0,50694.0,50694.0,50685.0,50693.0,50689.0,50692.0,50694.0,50684.0
2769,50690.3,50693.0,50685.0,50694.0,50694.0,50685.0,50693.0,50689.0,50692.0,50694.0,50684.0
2770,50690.3,50693.0,50685.0,50694.0,50694.0,50685.0,50693.0,50689.0,50692.0,50694.0,50684.0
2771,50690.3,50693.0,50685.0,50694.0,50694.0,50685.0,50693.0,50689.0,50692.0,50694.0,50684.0
2772,50690.3,50693.0,50685.0,50694.0,50694.0,50685.0,50693.0,50689.0,50692.0,50694.0,50684.0
2773,50690.3,50693.0,50685.0,50694.0,50694.0,50685.0,50693.0,50689.0,50692.0,50694.0,50684.0
2774,50690.3,50693.0,50685.0,50694.0,50694.0,50685.0,50693.0,50689.0,50692.0,50694.0,50684.0
2775,50690.3,50693.0,50685.0,50694.0,50694.0,50685.0,50693.0,50689.0,50692.0,50694.0,50684.0
2776,50690.3,50693.0,50685.0,50694.0,50694.0,50685.0,50693.0,50689.0,50692.0,50694.0,50684.0
2777,50690.3,50693.0,50685.0,50694.0,50694.0,50685.0,50693.0,50689.0,50692.0,50694.0,50684.0
2778,50690.3,50693.0,50685.0,50694.0,50694.0,50685.0,50693.0,50689.0,50692.0,50694.0,50684.0
2779,50690.3,50693.0,50685.0,50694.0,50694.0,50685.0,50693.0,50689.0,50692.0,50694.0,50684.0
2780,50690.3,50693.0,50685.0,50694.0,50694.0,50685.0,50693.0,50689.0,50692.0,50694.0,50684.0
2781,50690.3,50693.0,50685.0,50694.0,50694.0,50685.0,50693.0,50689.0,50692.0,50694.0,50684.0
2782,50690.3,50693.0,50685.0,50694.0,50694.0,50685.0,50693.0,50689.0,50692.0,50694.0,50684.0
2783,50690.3,50693.0,50685.0,50694.0,50694.0,50685.0,50693.0,50689.0,50692.0,50694.0,50684.0
2784,50690.3,50693.0,50685.0,50694.0,50694.0,50685.0,50693.0,50689.0,50692.0,50694.0,50684.0
2785,50690.3,50693.0,50685.0,50694.0,50694.0,50685.0,50693.0,50689.0,50692.0,50694.0,50684.0
2786,50690.3,50693.0,50685.0,50694.0,50694.0,50685.0,50693.0,50689.0,50692.0,50694.0,50684.0
2787,50690.3,50693.0,50685.0,50694.0,50694.0,50685.0,50693.0,50689.0,50692.0,50694.0,50684.0
2788,50690.3,50693.0,50685.0,50694.0,50694.0,50685.0,50693.0,50689.0,50692.0,50694.0,50684.0
2789,50690.3,50693.0,50685.0,50694.0,50694.0,50685.0,50693.0,50689.0,50692.0,50694.0,50684.0
2790,50690.3,50693.0,50685.0,50694.0,50694.0,50685.0,50693.0,50689.0,50692.0,50694.0,50684.0
2791,50690.3,50693.0,50685.0,50694.0,50694.0,50685.0,50693.0,50689.0,50692.0,50694.0,50684.0
2792,50690.3,50693.0,50685.0,50694.0,50694.0,50685.0,50693.0,50689.0,50692.0,50694.0,50684.0
2793,50690.3,50693.0,50685.0,50694.0,50694.0,50685.0,50693.0,50689.0,50692.0,50694.0,50684.0
2794,50690.3,50693.0,50685.0,50694.0,50694.0,50685.0,50693.0,50689.0,50692.0,50694.0,50684.0
2795,50690.3,50693.0,50685.0,50694.0,50694.0,50685.0,50693.0,50689.0,50692.0,50694.0,50684.0
2796,50690.3,50693.0,50685.0,50694.0,50694.0,50685.0,50693.0,50689.0,50692.0,50694.0,50684.0
2797,50690.3,50693.0,50685.0,50694.0,50694.0,50685.0,50693.0,50689.0,50692.0,50694.0,50684.0
2798,50690.3,50693.0,50685.0,50694.0,50694.0,50685.0,50693.0,50689.0,50692.0,50694.0,50684.0
2799,50690.3,50693.0,50685.0,50694.0,50694.0,50685.0,50693.0,50689.0,50692.0,50694.0,50684.0
2800,50690.3,50693.0,50685.0,50694.0,50694.0,50685.0,50693.0,50689.0,50692.0,50694.0,50684.0
2801,50690.3,50693.0,50685.0,50694.0,50694.0,50685.0,50693.0,50689.0,50692.0,50694.0,50684.0
2802,50690.3,50693.0,50685.0,50694.0,50694.0,50685.0,50693.0,50689.0,50692.0,50694.0,50684.0
2803,50690.3,50693.0,50685.0,50694.0,50694.0,50685.0,50693.0,50689.0,50692.0,50694.0,50684.0
2804,50690.3,50693.0,50685.0,50694.0,50694.0,50685.0,50693.0,50689.0,50692.0,50694.0,50684.0
2805,50690.3,50693.0,50685.0,50694.0,50694.0,50685.0,50693.0,50689.0,50692.0,50694.0,50684.0
2806,50690.3,50693.0,50685.0,50694.0,50694.0,50685.0,50693.0,50689.0,50692.0,50694.0,50684.0
2807,50690.3,50693.0,50685.0,50694.0,50694.0,50685.0,50693.0,50689.0,50692.0,50694.0,50684.0
2808,50690.3,50693.0,50685.0,50694.0,50694.0,50685.0,50693.0,50689.0,50692.0,50694.0,50684.0
2809,50690.3,50693.0,50685.0,50694.0,50694.0,50685.0,50693.0,50689.0,50692.0,50694.0,50684.0
2810,50690.3,50693.0,50685.0,50694.0,50694.0,50685.0,50693.0,50689.0,50692.0,50694.0,50684.0
2811,50690.3,50693.0,50685.0,50694.0,50694.0,50685.0,50693.0,50689.0,50692.0,50694.0,50684.0
2812,50690.3,50693.0,50685.0,50694.0,50694.0,50685.0,50693.0,50689.0,50692.0,50694.0,50684.0
2813,50690.3,50693.0,50685.0,50694.0,50694.0,50685.0,50693.0,50689.0,50692.0,50694.0,50684.0
2814,50690.3,50693.0,50685.0,50694.0,50694.0,50685.0,50693.0,50689.0,50692.0,50694.0,50684.0
2815,50690.3,50693.0,50685.0,50694.0,50694.0,50685.0,50693.0,50689.0,50692.0,50694.0,50684.0
2816,50690.3,50693.0,50685.0,50694.0,50694.0,50685.0,50693.0,50689.0,50692.0,50694.0,50684.0
2817,50690.3,50693.0,50685.0,50694.0,50694.0,50685.0,50693.0,50689.0,50692.0,50694.0,50684.0
2818,50690.3,50693.0,50685.0,50694.0,50694.0,50685.0,50693.0,50689.0,50692.0,50694.0,50684.0
2819,50690.3,50693.0,50685.0,50694.0,50694.0,50685.0,50693.0,50689.0,50692.0,50694.0,50684.0
2820,50690.3,50693.0,50685.0,50694.0,50694.0,50685.0,50693.0,50689.0,50692.0,50694.0,50684.0
2821,50690.3,50693.0,50685.0,50694.0,50694.0,50685.0,50693.0,50689.0,50692.0,50694.0,50684.0
2822,50690.3,50693.0,50685.0,50694.0,50694.0,50685.0,50693.0,50689.0,50692.0,50694.0,50684.0
2823,50690.3,50693.0,50685.0,50694.0,50694.0,50685.0,50693.0,50689.0,50692.0,50694.0,50684.0
2824,50690.3,50693.0,50685.0,50694.0,50694.0,50685.0,50693.0,50689.0,50692.0,50694.0,50684.0
2825,50690.3,50693.0,50685.0,50694.0,50694.0,50685.0,50693.0,50689.0,50692.0,50694.0,50684.0
2826,50690.3,50693.0,50685.0,50694.0,50694.0,50685.0,50693.0,50689.0,50692.0,50694.0,50684.0
2827,50690.3,50693.0,50685.0,50694.0,50694.0,50685.0,50693.0,50689.0,50692.0,50694.0,50684.0
2828,50690.3,50693.0,50685.0,50694.0,50694.0,50685.0,50693.0,50689.0,50692.0,50694.0,50684.0
2829,50690.3,50693.0,50685.0,50694.0,50694.0,50685.0,50693.0,50689.0,50692.0,50694.0,50684.0
2830,50690.3,50693.0,50685.0,50694.0,50694.0,50685.0,50693.0,50689.0,50692.0,50694.0,50684.0
2831,50690.3,50693.0,50685.0,50694.0,50694.0,50685.0,50693.0,50689.0,50692.0,50694.0,50684.0
2832,50690.3,50693.0,50685.0,50694.0,50694.0,50685.0,50693.0,50689.0,50692.0,50694.0,50684.0
2833,50690.3,50693.0,50685.0,50694.0,50694.0,50685.0,50693.0,50689.0,50692.0,50694.0,50684.0
2834,50690.3,50693.0,50685.0,50694.0,50694.0,50685.0,50693.0,50689.0,50692.0,50694.0,50684.0
2835,50690.3,50693.0,50685.0,50694.0,50694.0,50685.0,50693.0,50689.0,50692.0,50694.0,50684.0
2836,50690.3,50693.0,50685.0,50694.0,50694.0,50685.0,50693.0,50689.0,50692.0,50694.0,50684.0
2837,50690.3,50693.0,50685.0,50694.0,50694.0,50685.0,50693.0,50689.0,50692.0,50694.0,50684.0
2838,50690.3,50693.0,50685.0,50694.0,50694.0,50685.0,50693.0,50689.0,50692.0,50694.0,50684.0
2839,50690.3,50693.0,50685.0,50694.0,50694.0,50685.0,50693.0,50689.0,50692.0,50694.0,50684.0
2840,50690.3,50693.0,50685.0,50694.0,50694.0,50685.0,50693.0,50689.0,50692.0,50694.0,50684.0
2841,50690.3,50693.0,50685.0,50694.0,50694.0,50685.0,50693.0,50689.0,50692.0,50694.0,50684.0
2842,50690.3,50693.0,50685.0,50694.0,50694.0,50685.0,50693.0,50689.0,50692.0,50694.0,50684.0
2843,50690.3,50693.0,50685.0,50694.0,50694.0,50685.0,50693.0,50689.0,50692.0,50694.0,50684.0
2844,50690.3,50693.0,50685.0,50694.0,50694.0,50685.0,50693.0,50689.0,50692.0,50694.0,50684.0
2845,50690.3,50693.0,50685.0,50694.0,50694.0,50685.0,50693.0,50689.0,50692.0,50694.0,50684.0
2846,50690.3,50693.0,50685.0,50694.0,50694.0,50685.0,50693.0,50689.0,50692.0,50694.0,50684.0
2847,50690.3,50693.0,50685.0,50694.0,50694.0,50685.0,50693.0,50689.0,50692.0,50694.0,50684.0
2848,50690.3,50693.0,50685.0,50694.0,50694.0,50685.0,50693.0,50689.0,50692.0,50694.0,50684.0
2849,50690.3,50693.0,50685.0,50694.0,50694.0,50685.0,50693.0,50689.0,50692.0,50694.0,50684.0
2850,50690.3,50693.0,50685.0,50694.0,50694.0,50685.0,50693.0,50689.0,50692.0,50694.0,50684.0
2851,50690.3,50693.0,50685.0,50694.0,50694.0,50685.0,50693.0,50689.0,50692.0,50694.0,50684.0
2852,50690.3,50693.0,50685.0,50694.0,50694.0,50685.0,50693.0,50689.0,50692.0,50694.0,50684.0
2853,50690.3,50693.0,50685.0,50694.0,50694.0,50685.0,50693.0,50689.0,50692.0,50694.0,50684.0
2854,50690.3,50693.0,50685.0,50694.0,50694.0,50685.0,50693.0,50689.0,50692.0,50694.0,50684.0
2855,50690.3,50693.0,50685.0,50694.0,50694.0,50685.0,50693.0,50689.0,50692.0,50694.0,50684.0
2856,50690.3,50693.0,50685.0,50694.0,50694.0,50685.0,50693.0,50689.0,50692.0,50694.0,50684.0
2857,50690.3,50693.0,50685.0,50694.0,50694.0,50685.0,50693.0,50689.0,50692.0,50694.0,50684.0
2858,50690.3,50693.0,50685.0,50694.0,50694.0,50685.0,50693.0,50689.0,50692.0,50694.0,50684.0
2859,50690.3,50693.0,50685.0,50694.0,50694.0,50685.0,50693.0,50689.0,50692.0,50694.0,50684.0
2860,50690.3,50693.0,50685.0,50694.0,50694.0,50685.0,50693.0,50689.0,50692.0,50694.0,50684.0
2861,50690.3,50693.0,50685.0,50694.0,50694.0,50685.0,50693.0,50689.0,50692.0,50694.0,50684.0
2862,50690.3,50693.0,50685.0,50694.0,50694.0,50685.0,50693.0,50689.0,50692.0,50694.0,50684.0
2863,50690.3,50693.0,50685.0,50694.0,50694.0,50685.0,50693.0,50689.0,50692.0,50694.0,50684.0
2864,50690.3,50693.0,50685.0,50694.0,50694.0,50685.0,50693.0,50689.0,50692.0,50694.0,50684.0
2865,50690.3,50693.0,50685.0,50694.0,50694.0,50685.0,50693.0,50689.0,50692.0,50694.0,50684.0
2866,50690.3,50693.0,50685.0,50694.0,50694.0,50685.0,50693.0,50689.0,50692.0,50694.0,50684.0
2867,50690.3,50693.0,50685.0,50694.0,50694.0,50685.0,50693.0,50689.0,50692.0,50694.0,50684.0
2868,50690.3,50693.0,50685.0,50694.0,50694.0,50685.0,50693.0,50689.0,50692.0,50694.0,50684.0
2869,50690.3,50693.0,50685.0,50694.0,50694.0,50685.0,50693.0,50689.0,50692.0,50694.0,50684.0
2870,50690.3,50693.0,50685.0,50694.0,50694.0,50685.0,50693.0,50689.0,50692.0,50694.0,50684.0
2871,50690.3,50693.0,50685.0,50694.0,50694.0,50685.0,50693.0,50689.0,50692.0,50694.0,50684.0
2872,50690.3,50693.0,50685.0,50694.0,50694.0,50685.0,50693.0,50689.0,50692.0,50694.0,50684.0
2873,50690.3,50693.0,50685.0,50694.0,50694.0,50685.0,50693.0,50689.0,50692.0,50694.0,50684.0
2874,50690.3,50693.0,50685.0,50694.0,50694.0,50685.0,50693.0,50689.0,50692.0,50694.0,50684.0
2875,50690.3,50693.0,50685.0,50694.0,50694.0,50685.0,50693.0,50689.0,50692.0,50694.0,50684.0
2876,50690.3,50693.0,50685.0,50694.0,50694.0,50685.0,50693.0,50689.0,50692.0,50694.0,50684.0
2877,50690.3,50693.0,50685.0,50694.0,50694.0,50685.0,50693.0,50689.0,50692.0,50694.0,50684.0
2878,50690.3,50693.0,50685.0,50694.0,50694.0,50685.0,50693.0,50689.0,50692.0,50694.0,50684.0
2879,50690.3,50693.0,50685.0,50694.0,50694.0,50685.0,50693.0,50689.0,50692.0,50694.0,50684.0
2880,50690.3,50693.0,50685.0,50694.0,50694.0,50685.0,50693.0,50689.0,50692.0,50694.0,50684.0
2881,50690.3,50693.0,50685.0,50694.0,50694.0,50685.0,50693.0,50689.0,50692.0,50694.0,50684.0
2882,50690.3,50693.0,50685.0,50694.0,50694.0,50685.0,50693.0,50689.0,50692.0,50694.0,50684.0
2883,50690.3,50693.0,50685.0,50694.0,50694.0,50685.0,50693.0,50689.0,50692.0,50694.0,50684.0
2884,50690.3,50693.0,50685.0,50694.0,50694.0,50685.0,50693.0,50689.0,50692.0,50694.0,50684.0
2885,50690.3,50693.0,50685.0,50694.0,50694.0,50685.0,50693.0,50689.0,50692.0,50694.0,50684.0
2886,50690.3,50693.0,50685.0,50694.0,50694.0,50685.0,50693.0,50689.0,50692.0,50694.0,50684.0
2887,50690.3,50693.0,50685.0,50694.0,50694.0,50685.0,50693.0,50689.0,50692.0,50694.0,50684.0
2888,50690.3,50693.0,50685.0,50694.0,50694.0,50685.0,50693.0,50689.0,50692.0,50694.0,50684.0
2889,50690.3,50693.0,50685.0,50694.0,50694.0,50685.0,50693.0,50689.0,50692.0,50694.0,50684.0
2890,50690.3,50693.0,50685.0,50694.0,50694.0,50685.0,50693.0,50689.0,50692.0,50694.0,50684.0
2891,50690.3,50693.0,50685.0,50694.0,50694.0,50685.0,50693.0,50689.0,50692.0,50694.0,50684.0
2892,50690.3,50693.0,50685.0,50694.0,50694.0,50685.0,50693.0,50689.0,50692.0,50694.0,50684.0
2893,50690.3,50693.0,50685.0,50694.0,50694.0,50685.0,50693.0,50689.0,50692.0,50694.0,50684.0
2894,50690.3,50693.0,50685.0,50694.0,50694.0,50685.0,50693.0,50689.0,50692.0,50694.0,50684.0
2895,50690.3,50693.0,50685.0,50694.0,50694.0,50685.0,50693.0,50689.0,50692.0,50694.0,50684.0
2896,50690.3,50693.0,50685.0,50694.0,50694.0,50685.0,50693.0,50689.0,50692.0,50694.0,50684.0
2897,50690.3,50693.0,50685.0,50694.0,50694.0,50685.0,50693.0,50689.0,50692.0,50694.0,50684.0
2898,50690.3,50693.0,50685.0,50694.0,50694.0,50685.0,50693.0,50689.0,50692.0,50694.0,50684.0
2899,50690.3,50693.0,50685.0,50694.0,50694.0,50685.0,50693.0,50689.0,50692.0,50694.0,50684.0
2900,50690.3,50693.0,50685.0,50694.0,50694.0,50685.0,50693.0,50689.0,50692.0,50694.0,50684.0
2901,50690.3,50693.0,50685.0,50694.0,50694.0,50685.0,50693.0,50689.0,50692.0,50694.0,50684.0
2902,50690.3,50693.0,50685.0,50694.0,50694.0,50685.0,50693.0,50689.0,50692.0,50694.0,50684.0
2903,50690.3,50693.0,50685.0,50694.0,50694.0,50685.0,50693.0,50689.0,50692.0,50694.0,50684.0
2904,50690.3,50693.0,50685.0,50694.0,50694.0,50685.0,50693.0,50689.0,50692.0,50694.0,50684.0
2905,50690.3,50693.0,50685.0,50694.0,50694.0,50685.0,50693.0,50689.0,50692.0,50694.0,50684.0
2906,50690.3,50693.0,50685.0,50694.0,50694.0,50685.0,50693.0,50689.0,50692.0,50694.0,50684.0
2907,50690.3,50693.0,50685.0,50694.0,50694.0,50685.0,50693.0,50689.0,50692.0,50694.0,50684.0
2908,50690.3,50693.0,50685.0,50694.0,50694.0,50685.0,50693.0,50689.0,50692.0,50694.0,50684.0
2909,50690.3,50693.0,50685.0,50694.0,50694.0,50685.0,50693.0,50689.0,50692.0,50694.0,50684.0
2910,50690.3,50693.0,50685.0,50694.0,50694.0,50685.0,50693.0,50689.0,50692.0,50694.0,50684.0
2911,50690.3,50693.0,50685.0,50694.0,50694.0,50685.0,50693.0,50689.0,50692.0,50694.0,50684.0
2912,50690.3,50693.0,50685.0,50694.0,50694.0,50685.0,50693.0,50689.0,50692.0,50694.0,50684.0
2913,50690.3,50693.0,50685.0,50694.0,50694.0,50685.0,50693.0,50689.0,50692.0,50694.0,50684.0
2914,50690.3,50693.0,50685.0,50694.0,50694.0,50685.0,50693.0,50689.0,50692.0,50694.0,50684.0
2915,50690.3,50693.0,50685.0,50694.0,50694.0,50685.0,50693.0,50689.0,50692.0,50694.0,50684.0
2916,50690.3,50693.0,50685.0,50694.0,50694.0,50685.0,50693.0,50689.0,50692.0,50694.0,50684.0
2917,50690.3,50693.0,50685.0,50694.0,50694.0,50685.0,50693.0,50689.0,50692.0,50694.0,50684.0
2918,50690.3,50693.0,50685.0,50694.0,50694.0,50685.0,50693.0,50689.0,50692.0,50694.0,50684.0
2919,50690.3,50693.0,50685.0,50694.0,50694.0,50685.0,50693.0,50689.0,50692.0,50694.0,50684.0
2920,50690.3,50693.0,50685.0,50694.0,50694.0,50685.0,50693.0,50689.0,50692.0,50694.0,50684.0
2921,50690.3,50693.0,50685.0,50694.0,50694.0,50685.0,50693.0,50689.0,50692.0,50694.0,50684.0
2922,50690.3,50693.0,50685.0,50694.0,50694.0,50685.0,50693.0,50689.0,50692.0,50694.0,50684.0
2923,50690.3,50693.0,50685.0,50694.0,50694.0,50685.0,50693.0,50689.0,50692.0,50694.0,50684.0
2924,50690.3,50693.0,50685.0,50694.0,50694.0,50685.0,50693.0,50689.0,50692.0,50694.0,50684.0
2925,50690.3,50693.0,50685.0,50694.0,50694.0,50685.0,50693.0,50689.0,50692.0,50694.0,50684.0
2926,50690.3,50693.0,50685.0,50694.0,50694.0,50685.0,50693.0,50689.0,50692.0,50694.0,50684.0
2927,50690.3,50693.0,50685.0,50694.0,50694.0,50685.0,50693.0,50689.0,50692.0,50694.0,50684.0
2928,50690.3,50693.0,50685.0,50694.0,50694.0,50685.0,50693.0,50689.0,50692.0,50694.0,50684.0
2929,50690.3,50693.0,50685.0,50694.0,50694.0,50685.0,50693.0,50689.0,50692.0,50694.0,50684.0
2930,50690.3,50693.0,50685.0,50694.0,50694.0,50685.0,50693.0,50689.0,50692.0,50694.0,50684.0
2931,50690.3,50693.0,50685.0,50694.0,50694.0,50685.0,50693.0,50689.0,50692.0,50694.0,50684.0
2932,50690.3,50693.0,50685.0,50694.0,50694.0,50685.0,50693.0,50689.0,50692.0,50694.0,50684.0
2933,50690.3,50693.0,50685.0,50694.0,50694.0,50685.0,50693.0,50689.0,50692.0,50694.0,50684.0
2934,50690.3,50693.0,50685.0,50694.0,50694.0,50685.0,50693.0,50689.0,50692.0,50694.0,50684.0
2935,50690.3,50693.0,50685.0,50694.0,50694.0,50685.0,50693.0,50689.0,50692.0,50694.0,50684.0
2936,50690.3,50693.0,50685.0,50694.0,50694.0,50685.0,50693.0,50689.0,50692.0,50694.0,50684.0
2937,50690.3,50693.0,50685.0,50694.0,50694.0,50685.0,50693.0,50689.0,50692.0,50694.0,50684.0
2938,50690.3,50693.0,50685.0,50694.0,50694.0,50685.0,50693.0,50689.0,50692.0,50694.0,50684.0
2939,50690.3,50693.0,50685.0,50694.0,50694.0,50685.0,50693.0,50689.0,50692.0,50694.0,50684.0
2940,50690.3,50693.0,50685.0,50694.0,50694.0,50685.0,50693.0,50689.0,50692.0,50694.0,50684.0
2941,50690.3,50693.0,50685.0,50694.0,50694.0,50685.0,50693.0,50689.0,50692.0,50694.0,50684.0
2942,50690.3,50693.0,50685.0,50694.0,50694.0,50685.0,50693.0,50689.0,50692.0,50694.0,50684.0
2943,50690.3,50693.0,50685.0,50694.0,50694.0,50685.0,50693.0,50689.0,50692.0,50694.0,50684.0
2944,50690.3,50693.0,50685.0,50694.0,50694.0,50685.0,50693.0,50689.0,50692.0,50694.0,50684.0
2945,50690.3,50693.0,50685.0,50694.0,50694.0,50685.0,50693.0,50689.0,50692.0,50694.0,50684.0
2946,50690.3,50693.0,50685.0,50694.0,50694.0,50685.0,50693.0,50689.0,50692.0,50694.0,50684.0
2947,50690.3,50693.0,50685.0,50694.0,50694.0,50685.0,50693.0,50689.0,50692.0,50694.0,50684.0
2948,50690.3,50693.0,50685.0,50694.0,50694.0,50685.0,50693.0,50689.0,50692.0,50694.0,50684.0
2949,50690.3,50693.0,50685.0,50694.0,50694.0,50685.0,50693.0,50689.0,50692.0,50694.0,50684.0
2950,50690.3,50693.0,50685.0,50694.0,50694.0,50685.0,50693.0,50689.0,50692.0,50694.0,50684.0
2951,50690.3,50693.0,50685.0,50694.0,50694.0,50685.0,50693.0,50689.0,50692.0,50694.0,50684.0
2952,50690.3,50693.0,50685.0,50694.0,50694.0,50685.0,50693.0,50689.0,50692.0,50694.0,50684.0
2953,50690.3,50693.0,50685.0,50694.0,50694.0,50685.0,50693.0,50689.0,50692.0,50694.0,50684.0
2954,50690.3,50693.0,50685.0,50694.0,50694.0,50685.0,50693.0,50689.0,50692.0,50694.0,50684.0
2955,50690.3,50693.0,50685.0,50694.0,50694.0,50685.0,50693.0,50689.0,50692.0,50694.0,50684.0
2956,50690.3,50693.0,50685.0,50694.0,50694.0,50685.0,50693.0,50689.0,50692.0,50694.0,50684.0
2957,50690.3,50693.0,50685.0,50694.0,50694.0,50685.0,50693.0,50689.0,50692.0,50694.0,50684.0
2958,50690.3,50693.0,50685.0,50694.0,50694.0,50685.0,50693.0,50689.0,50692.0,50694.0,50684.0
2959,50690.3,50693.0,50685.0,50694.0,50694.0,50685.0,50693.0,50689.0,50692.0,50694.0,50684.0
2960,50690.3,50693.0,50685.0,50694.0,50694.0,50685.0,50693.0,50689.0,50692.0,50694.0,50684.0
2961,50690.3,50693.0,50685.0,50694.0,50694.0,50685.0,50693.0,50689.0,50692.0,50694.0,50684.0
2962,50690.3,50693.0,50685.0,50694.0,50694.0,50685.0,50693.0,50689.0,50692.0,50694.0,50684.0
2963,50690.3,50693.0,50685.0,50694.0,50694.0,50685.0,50693.0,50689.0,50692.0,50694.0,50684.0
2964,50690.3,50693.0,50685.0,50694.0,50694.0,50685.0,50693.0,50689.0,50692.0,50694.0,50684.0
2965,50690.3,50693.0,50685.0,50694.0,50694.0,50685.0,50693.0,50689.0,50692.0,50694.0,50684.0
2966,50690.3,50693.0,50685.0,50694.0,50694.0,50685.0,50693.0,50689.0,50692.0,50694.0,50684.0
2967,50690.3,50693.0,50685.0,50694.0,50694.0,50685.0,50693.0,50689.0,50692.0,50694.0,50684.0
2968,50690.3,50693.0,50685.0,50694.0,50694.0,50685.0,50693.0,50689.0,50692.0,50694.0,50684.0
2969,50690.3,50693.0,50685.0,50694.0,50694.0,50685.0,50693.0,50689.0,50692.0,50694.0,50684.0
2970,50690.3,50693.0,50685.0,50694.0,50694.0,50685.0,50693.0,50689.0,50692.0,50694.0,50684.0
2971,50690.3,50693.0,50685.0,50694.0,50694.0,50685.0,50693.0,50689.0,50692.0,50694.0,50684.0
2972,50690.3,50693.0,50685.0,50694.0,50694.0,50685.0,50693.0,50689.0,50692.0,50694.0,50684.0
2973,50690.3,50693.0,50685.0,50694.0,50694.0,50685.0,50693.0,50689.0,50692.0,50694.0,50684.0
2974,50690.3,50693.0,50685.0,50694.0,50694.0,50685.0,50693.0,50689.0,50692.0,50694.0,50684.0
2975,50690.3,50693.0,50685.0,50694.0,50694.0,50685.0,50693.0,50689.0,50692.0,50694.0,50684.0
2976,50690.3,50693.0,50685.0,50694.0,50694.0,50685.0,50693.0,50689.0,50692.0,50694.0,50684.0
2977,50690.3,50693.0,50685.0,50694.0,50694.0,50685.0,50693.0,50689.0,50692.0,50694.0,50684.0
2978,50690.3,50693.0,50685.0,50694.0,50694.0,50685.0,50693.0,50689.0,50692.0,50694.0,50684.0
2979,50690.3,50693.0,50685.0,50694.0,50694.0,50685.0,50693.0,50689.0,50692.0,50694.0,50684.0
2980,50690.3,50693.0,50685.0,50694.0,50694.0,50685.0,50693.0,50689.0,50692.0,50694.0,50684.0
2981,50690.3,50693.0,50685.0,50694.0,50694.0,50685.0,50693.0,50689.0,50692.0,50694.0,50684.0
2982,50690.3,50693.0,50685.0,50694.0,50694.0,50685.0,50693.0,50689.0,50692.0,50694.0,50684.0
2983,50690.3,50693.0,50685.0,50694.0,50694.0,50685.0,50693.0,50689.0,50692.0,50694.0,50684.0
2984,50690.3,50693.0,50685.0,50694.0,50694.0,50685.0,50693.0,50689.0,50692.0,50694.0,50684.0
2985,50690.3,50693.0,50685.0,50694.0,50694.0,50685.0,50693.0,50689.0,50692.0,50694.0,50684.0
2986,50690.3,50693.0,50685.0,50694.0,50694.0,50685.0,50693.0,50689.0,50692.0,50694.0,50684.0
2987,50690.3,50693.0,50685.0,50694.0,50694.0,50685.0,50693.0,50689.0,50692.0,50694.0,50684.0
2988,50690.3,50693.0,50685.0,50694.0,50694.0,50685.0,50693.0,50689.0,50692.0,50694.0,50684.0
2989,50690.3,50693.0,50685.0,50694.0,50694.0,50685.0,50693.0,50689.0,50692.0,50694.0,50684.0
2990,50690.3,50693.0,50685.0,50694.0,50694.0,50685.0,50693.0,50689.0,50692.0,50694.0,50684.0
2991,50690.3,50693.0,50685.0,50694.0,50694.0,50685.0,50693.0,50689.0,50692.0,50694.0,50684.0
2992,50690.3,50693.0,50685.0,50694.0,50694.0,50685.0,50693.0,50689.0,50692.0,50694.0,50684.0
2993,50690.3,50693.0,50685.0,50694.0,50694.0,50685.0,50693.0,50689.0,50692.0,50694.0,50684.0
2994,50690.3,50693.0,50685.0,50694.0,50694.0,50685.0,50693.0,50689.0,50692.0,50694.0,50684.0
2995,50690.3,50693.0,50685.0,50694.0,50694.0,50685.0,50693.0,50689.0,50692.0,50694.0,50684.0
2996,50690.3,50693.0,50685.0,50694.0,50694.0,50685.0,50693.0,50689.0,50692.0,50694.0,50684.0
2997,50690.3,50693.0,50685.0,50694.0,50694.0,50685.0,50693.0,50689.0,50692.0,50694.0,50684.0
2998,50690.3,50693.0,50685.0,50694.0,50694.0,50685.0,50693.0,50689.0,50692.0,50694.0,50684.0
2999,50690.3,50693.0,50685.0,50694.0,50694.0,50685.0,50693.0,50689.0,50692.0,50694.0,50684.0
3000,50690.3,50693.0,50685.0,50694.0,50694.0,50685.0,50693.0,50689.0,50692.0,50694.0,50684.0
3001,50690.3,50693.0,50685.0,50694.0,50694.0,50685.0,50693.0,50689.0,50692.0,50694.0,50684.0
3002,50690.3,50693.0,50685.0,50694.0,50694.0,50685.0,50693.0,50689.0,50692.0,50694.0,50684.0
3003,50690.3,50693.0,50685.0,50694.0,50694.0,50685.0,50693.0,50689.0,50692.0,50694.0,50684.0
3004,50690.3,50693.0,50685.0,50694.0,50694.0,50685.0,50693.0,50689.0,50692.0,50694.0,50684.0
3005,50690.3,50693.0,50685.0,50694.0,50694.0,50685.0,50693.0,50689.0,50692.0,50694.0,50684.0
3006,50690.3,50693.0,50685.0,50694.0,50694.0,50685.0,50693.0,50689.0,50692.0,50694.0,50684.0
3007,50690.3,50693.0,50685.0,50694.0,50694.0,50685.0,50693.0,50689.0,50692.0,50694.0,50684.0
3008,50690.3,50693.0,50685.0,50694.0,50694.0,50685.0,50693.0,50689.0,50692.0,50694.0,50684.0
3009,50690.3,50693.0,50685.0,50694.0,50694.0,50685.0,50693.0,50689.0,50692.0,50694.0,50684.0
3010,50690.3,50693.0,50685.0,50694.0,50694.0,50685.0,50693.0,50689.0,50692.0,50694.0,50684.0
3011,50690.3,50693.0,50685.0,50694.0,50694.0,50685.0,50693.0,50689.0,50692.0,50694.0,50684.0
3012,50690.3,50693.0,50685.0,50694.0,50694.0,50685.0,50693.0,50689.0,50692.0,50694.0,50684.0
3013,50690.3,50693.0,50685.0,50694.0,50694.0,50685.0,50693.0,50689.0,50692.0,50694.0,50684.0
3014,50690.3,50693.0,50685.0,50694.0,50694.0,50685.0,50693.0,50689.0,50692.0,50694.0,50684.0
3015,50690.3,50693.0,50685.0,50694.0,50694.0,50685.0,50693.0,50689.0,50692.0,50694.0,50684.0
3016,50690.3,50693.0,50685.0,50694.0,50694.0,50685.0,50693.0,50689.0,50692.0,50694.0,50684.0
3017,50690.3,50693.0,50685.0,50694.0,50694.0,50685.0,50693.0,50689.0,50692.0,50694.0,50684.0
3018,50690.3,50693.0,50685.0,50694.0,50694.0,50685.0,50693.0,50689.0,50692.0,50694.0,50684.0
3019,50690.3,50693.0,50685.0,50694.0,50694.0,50685.0,50693.0,50689.0,50692.0,50694.0,50684.0
3020,50690.3,50693.0,50685.0,50694.0,50694.0,50685.0,50693.0,50689.0,50692.0,50694.0,50684.0
3021,50690.3,50693.0,50685.0,50694.0,50694.0,50685.0,50693.0,50689.0,50692.0,50694.0,50684.0
3022,50690.3,50693.0,50685.0,50694.0,50694.0,50685.0,50693.0,50689.0,50692.0,50694.0,50684.0
3023,50690.3,50693.0,50685.0,50694.0,50694.0,50685.0,50693.0,50689.0,50692.0,50694.0,50684.0
3024,50690.3,50693.0,50685.0,50694.0,50694.0,50685.0,50693.0,50689.0,50692.0,50694.0,50684.0
3025,50690.3,50693.0,50685.0,50694.0,50694.0,50685.0,50693.0,50689.0,50692.0,50694.0,50684.0
3026,50690.3,50693.0,50685.0,50694.0,50694.0,50685.0,50693.0,50689.0,50692.0,50694.0,50684.0
3027,50690.3,50693.0,50685.0,50694.0,50694.0,50685.0,50693.0,50689.0,50692.0,50694.0,50684.0
3028,50690.3,50693.0,50685.0,50694.0,50694.0,50685.0,50693.0,50689.0,50692.0,50694.0,50684.0
3029,50690.3,50693.0,50685.0,50694.0,50694.0,50685.0,50693.0,50689.0,50692.0,50694.0,50684.0
3030,50690.3,50693.0,50685.0,50694.0,50694.0,50685.0,50693.0,50689.0,50692.0,50694.0,50684.0
3031,50690.3,50693.0,50685.0,50694.0,50694.0,50685.0,50693.0,50689.0,50692.0,50694.0,50684.0
3032,50690.3,50693.0,50685.0,50694.0,50694.0,50685.0,50693.0,50689.0,50692.0,50694.0,50684.0
3033,50690.3,50693.0,50685.0,50694.0,50694.0,50685.0,50693.0,50689.0,50692.0,50694.0,50684.0
3034,50690.3,50693.0,50685.0,50694.0,50694.0,50685.0,50693.0,50689.0,50692.0,50694.0,50684.0
3035,50690.3,50693.0,50685.0,50694.0,50694.0,50685.0,50693.0,50689.0,50692.0,50694.0,50684.0
3036,50690.3,50693.0,50685.0,50694.0,50694.0,50685.0,50693.0,50689.0,50692.0,50694.0,50684.0
3037,50690.3,50693.0,50685.0,50694.0,50694.0,50685.0,50693.0,50689.0,50692.0,50694.0,50684.0
3038,50690.3,50693.0,50685.0,50694.0,50694.0,50685.0,50693.0,50689.0,50692.0,50694.0,50684.0
3039,50690.3,50693.0,50685.0,50694.0,50694.0,50685.0,50693.0,50689.0,50692.0,50694.0,50684.0
3040,50690.3,50693.0,50685.0,50694.0,50694.0,50685.0,50693.0,50689.0,50692.0,50694.0,50684.0
3041,50690.3,50693.0,50685.0,50694.0,50694.0,50685.0,50693.0,50689.0,50692.0,50694.0,50684.0
3042,50690.3,50693.0,50685.0,50694.0,50694.0,50685.0,50693.0,50689.0,50692.0,50694.0,50684.0
3043,50690.3,50693.0,50685.0,50694.0,50694.0,50685.0,50693.0,50689.0,50692.0,50694.0,50684.0
3044,50690.3,50693.0,50685.0,50694.0,50694.0,50685.0,50693.0,50689.0,50692.0,50694.0,50684.0
3045,50690.3,50693.0,50685.0,50694.0,50694.0,50685.0,50693.0,50689.0,50692.0,50694.0,50684.0
3046,50690.3,50693.0,50685.0,50694.0,50694.0,50685.0,50693.0,50689.0,50692.0,50694.0,50684.0
3047,50690.3,50693.0,50685.0,50694.0,50694.0,50685.0,50693.0,50689.0,50692.0,50694.0,50684.0
3048,50690.3,50693.0,50685.0,50694.0,50694.0,50685.0,50693.0,50689.0,50692.0,50694.0,50684.0
3049,50690.3,50693.0,50685.0,50694.0,50694.0,50685.0,50693.0,50689.0,50692.0,50694.0,50684.0
3050,50690.3,50693.0,50685.0,50694.0,50694.0,50685.0,50693.0,50689.0,50692.0,50694.0,50684.0
3051,50690.3,50693.0,50685.0,50694.0,50694.0,50685.0,50693.0,50689.0,50692.0,50694.0,50684.0
3052,50690.3,50693.0,50685.0,50694.0,50694.0,50685.0,50693.0,50689.0,50692.0,50694.0,50684.0
3053,50690.3,50693.0,50685.0,50694.0,50694.0,50685.0,50693.0,50689.0,50692.0,50694.0,50684.0
3054,50690.3,50693.0,50685.0,50694.0,50694.0,50685.0,50693.0,50689.0,50692.0,50694.0,50684.0
3055,50690.3,50693.0,50685.0,50694.0,50694.0,50685.0,50693.0,50689.0,50692.0,50694.0,50684.0
3056,50690.3,50693.0,50685.0,50694.0,50694.0,50685.0,50693.0,50689.0,50692.0,50694.0,50684.0
3057,50690.3,50693.0,50685.0,50694.0,50694.0,50685.0,50693.0,50689.0,50692.0,50694.0,50684.0
3058,50690.3,50693.0,50685.0,50694.0,50694.0,50685.0,50693.0,50689.0,50692.0,50694.0,50684.0
3059,50690.3,50693.0,50685.0,50694.0,50694.0,50685.0,50693.0,50689.0,50692.0,50694.0,50684.0
3060,50690.3,50693.0,50685.0,50694.0,50694.0,50685.0,50693.0,50689.0,50692.0,50694.0,50684.0
3061,50690.3,50693.0,50685.0,50694.0,50694.0,50685.0,50693.0,50689.0,50692.0,50694.0,50684.0
3062,50690.3,50693.0,50685.0,50694.0,50694.0,50685.0,50693.0,50689.0,50692.0,50694.0,50684.0
3063,50690.3,50693.0,50685.0,50694.0,50694.0,50685.0,50693.0,50689.0,50692.0,50694.0,50684.0
3064,50690.3,50693.0,50685.0,50694.0,50694.0,50685.0,50693.0,50689.0,50692.0,50694.0,50684.0
3065,50690.3,50693.0,50685.0,50694.0,50694.0,50685.0,50693.0,50689.0,50692.0,50694.0,50684.0
3066,50690.3,50693.0,50685.0,50694.0,50694.0,50685.0,50693.0,50689.0,50692.0,50694.0,50684.0
3067,50690.3,50693.0,50685.0,50694.0,50694.0,50685.0,50693.0,50689.0,50692.0,50694.0,50684.0
3068,50690.3,50693.0,50685.0,50694.0,50694.0,50685.0,50693.0,50689.0,50692.0,50694.0,50684.0
3069,50690.3,50693.0,50685.0,50694.0,50694.0,50685.0,50693.0,50689.0,50692.0,50694.0,50684.0
3070,50690.3,50693.0,50685.0,50694.0,50694.0,50685.0,50693.0,50689.0,50692.0,50694.0,50684.0
3071,50690.3,50693.0,50685.0,50694.0,50694.0,50685.0,50693.0,50689.0,50692.0,50694.0,50684.0
3072,50690.3,50693.0,50685.0,50694.0,50694.0,50685.0,50693.0,50689.0,50692.0,50694.0,50684.0
3073,50690.3,50693.0,50685.0,50694.0,50694.0,50685.0,50693.0,50689.0,50692.0,50694.0,50684.0
3074,50690.3,50693.0,50685.0,50694.0,50694.0,50685.0,50693.0,50689.0,50692.0,50694.0,50684.0
3075,50690.3,50693.0,50685.0,50694.0,50694.0,50685.0,50693.0,50689.0,50692.0,50694.0,50684.0
3076,50690.3,50693.0,50685.0,50694.0,50694.0,50685.0,50693.0,50689.0,50692.0,50694.0,50684.0
3077,50690.3,50693.0,50685.0,50694.0,50694.0,50685.0,50693.0,50689.0,50692.0,50694.0,50684.0
3078,50690.3,50693.0,50685.0,50694.0,50694.0,50685.0,50693.0,50689.0,50692.0,50694.0,50684.0
3079,50690.3,50693.0,50685.0,50694.0,50694.0,50685.0,50693.0,50689.0,50692.0,50694.0,50684.0
3080,50690.3,50693.0,50685.0,50694.0,50694.0,50685.0,50693.0,50689.0,50692.0,50694.0,50684.0
3081,50690.3,50693.0,50685.0,50694.0,50694.0,50685.0,50693.0,50689.0,50692.0,50694.0,50684.0
3082,50690.3,50693.0,50685.0,50694.0,50694.0,50685.0,50693.0,50689.0,50692.0,50694.0,50684.0
3083,50690.3,50693.0,50685.0,50694.0,50694.0,50685.0,50693.0,50689.0,50692.0,50694.0,50684.0
3084,50690.3,50693.0,50685.0,50694.0,50694.0,50685.0,50693.0,50689.0,50692.0,50694.0,50684.0
3085,50690.3,50693.0,50685.0,50694.0,50694.0,50685.0,50693.0,50689.0,50692.0,50694.0,50684.0
3086,50690.3,50693.0,50685.0,50694.0,50694.0,50685.0,50693.0,50689.0,50692.0,50694.0,50684.0
3087,50690.3,50693.0,50685.0,50694.0,50694.0,50685.0,50693.0,50689.0,50692.0,50694.0,50684.0
3088,50690.3,50693.0,50685.0,50694.0,50694.0,50685.0,50693.0,50689.0,50692.0,50694.0,50684.0
3089,50690.3,50693.0,50685.0,50694.0,50694.0,50685.0,50693.0,50689.0,50692.0,50694.0,50684.0
3090,50690.3,50693.0,50685.0,50694.0,50694.0,50685.0,50693.0,50689.0,50692.0,50694.0,50684.0
3091,50690.3,50693.0,50685.0,50694.0,50694.0,50685.0,50693.0,50689.0,50692.0,50694.0,50684.0
3092,50690.3,50693.0,50685.0,50694.0,50694.0,50685.0,50693.0,50689.0,50692.0,50694.0,50684.0
3093,50690.3,50693.0,50685.0,50694.0,50694.0,50685.0,50693.0,50689.0,50692.0,50694.0,50684.0
3094,50690.3,50693.0,50685.0,50694.0,50694.0,50685.0,50693.0,50689.0,50692.0,50694.0,50684.0
3095,50690.3,50693.0,50685.0,50694.0,50694.0,50685.0,50693.0,50689.0,50692.0,50694.0,50684.0
3096,50690.3,50693.0,50685.0,50694.0,50694.0,50685.0,50693.0,50689.0,50692.0,50694.0,50684.0
3097,50690.3,50693.0,50685.0,50694.0,50694.0,50685.0,50693.0,50689.0,50692.0,50694.0,50684.0
3098,50690.3,50693.0,50685.0,50694.0,50694.0,50685.0,50693.0,50689.0,50692.0,50694.0,50684.0
3099,50690.3,50693.0,50685.0,50694.0,50694.0,50685.0,50693.0,50689.0,50692.0,50694.0,50684.0
3100,50690.3,50693.0,50685.0,50694.0,50694.0,50685.0,50693.0,50689.0,50692.0,50694.0,50684.0
3101,50690.3,50693.0,50685.0,50694.0,50694.0,50685.0,50693.0,50689.0,50692.0,50694.0,50684.0
3102,50690.3,50693.0,50685.0,50694.0,50694.0,50685.0,50693.0,50689.0,50692.0,50694.0,50684.0
3103,50690.3,50693.0,50685.0,50694.0,50694.0,50685.0,50693.0,50689.0,50692.0,50694.0,50684.0
3104,50690.3,50693.0,50685.0,50694.0,50694.0,50685.0,50693.0,50689.0,50692.0,50694.0,50684.0
3105,50690.3,50693.0,50685.0,50694.0,50694.0,50685.0,50693.0,50689.0,50692.0,50694.0,50684.0
3106,50690.3,50693.0,50685.0,50694.0,50694.0,50685.0,50693.0,50689.0,50692.0,50694.0,50684.0
3107,50690.3,50693.0,50685.0,50694.0,50694.0,50685.0,50693.0,50689.0,50692.0,50694.0,50684.0
3108,50690.3,50693.0,50685.0,50694.0,50694.0,50685.0,50693.0,50689.0,50692.0,50694.0,50684.0
3109,50690.3,50693.0,50685.0,50694.0,50694.0,50685.0,50693.0,50689.0,50692.0,50694.0,50684.0
3110,50690.3,50693.0,50685.0,50694.0,50694.0,50685.0,50693.0,50689.0,50692.0,50694.0,50684.0
3111,50690.3,50693.0,50685.0,50694.0,50694.0,50685.0,50693.0,50689.0,50692.0,50694.0,50684.0
3112,50690.3,50693.0,50685.0,50694.0,50694.0,50685.0,50693.0,50689.0,50692.0,50694.0,50684.0
3113,50690.3,50693.0,50685.0,50694.0,50694.0,50685.0,50693.0,50689.0,50692.0,50694.0,50684.0
3114,50690.3,50693.0,50685.0,50694.0,50694.0,50685.0,50693.0,50689.0,50692.0,50694.0,50684.0
3115,50690.3,50693.0,50685.0,50694.0,50694.0,50685.0,50693.0,50689.0,50692.0,50694.0,50684.0
3116,50690.3,50693.0,50685.0,50694.0,50694.0,50685.0,50693.0,50689.0,50692.0,50694.0,50684.0
3117,50690.3,50693.0,50685.0,50694.0,50694.0,50685.0,50693.0,50689.0,50692.0,50694.0,50684.0
3118,50690.3,50693.0,50685.0,50694.0,50694.0,50685.0,50693.0,50689.0,50692.0,50694.0,50684.0
3119,50690.3,50693.0,50685.0,50694.0,50694.0,50685.0,50693.0,50689.0,50692.0,50694.0,50684.0
3120,50690.3,50693.0,50685.0,50694.0,50694.0,50685.0,50693.0,50689.0,50692.0,50694.0,50684.0
3121,50690.3,50693.0,50685.0,50694.0,50694.0,50685.0,50693.0,50689.0,50692.0,50694.0,50684.0
3122,50690.3,50693.0,50685.0,50694.0,50694.0,50685.0,50693.0,50689.0,50692.0,50694.0,50684.0
3123,50690.3,50693.0,50685.0,50694.0,50694.0,50685.0,50693.0,50689.0,50692.0,50694.0,50684.0
3124,50690.3,50693.0,50685.0,50694.0,50694.0,50685.0,50693.0,50689.0,50692.0,50694.0,50684.0
3125,50690.3,50693.0,50685.0,50694.0,50694.0,50685.0,50693.0,50689.0,50692.0,50694.0,50684.0
3126,50690.3,50693.0,50685.0,50694.0,50694.0,50685.0,50693.0,50689.0,50692.0,50694.0,50684.0
3127,50690.3,50693.0,50685.0,50694.0,50694.0,50685.0,50693.0,50689.0,50692.0,50694.0,50684.0
3128,50690.3,50693.0,50685.0,50694.0,50694.0,50685.0,50693.0,50689.0,50692.0,50694.0,50684.0
3129,50690.3,50693.0,50685.0,50694.0,50694.0,50685.0,50693.0,50689.0,50692.0,50694.0,50684.0
3130,50690.3,50693.0,50685.0,50694.0,50694.0,50685.0,50693.0,50689.0,50692.0,50694.0,50684.0
3131,50690.3,50693.0,50685.0,50694.0,50694.0,50685.0,50693.0,50689.0,50692.0,50694.0,50684.0
3132,50690.3,50693.0,50685.0,50694.0,50694.0,50685.0,50693.0,50689.0,50692.0,50694.0,50684.0
3133,50690.3,50693.0,50685.0,50694.0,50694.0,50685.0,50693.0,50689.0,50692.0,50694.0,50684.0
3134,50690.3,50693.0,50685.0,50694.0,50694.0,50685.0,50693.0,50689.0,50692.0,50694.0,50684.0
3135,50690.3,50693.0,50685.0,50694.0,50694.0,50685.0,50693.0,50689.0,50692.0,50694.0,50684.0
3136,50690.3,50693.0,50685.0,50694.0,50694.0,50685.0,50693.0,50689.0,50692.0,50694.0,50684.0
3137,50690.3,50693.0,50685.0,50694.0,50694.0,50685.0,50693.0,50689.0,50692.0,50694.0,50684.0
3138,50690.3,50693.0,50685.0,50694.0,50694.0,50685.0,50693.0,50689.0,50692.0,50694.0,50684.0
3139,50690.3,50693.0,50685.0,50694.0,50694.0,50685.0,50693.0,50689.0,50692.0,50694.0,50684.0
3140,50690.3,50693.0,50685.0,50694.0,50694.0,50685.0,50693.0,50689.0,50692.0,50694.0,50684.0
3141,50690.3,50693.0,50685.0,50694.0,50694.0,50685.0,50693.0,50689.0,50692.0,50694.0,50684.0
3142,50690.3,50693.0,50685.0,50694.0,50694.0,50685.0,50693.0,50689.0,50692.0,50694.0,50684.0
3143,50690.3,50693.0,50685.0,50694.0,50694.0,50685.0,50693.0,50689.0,50692.0,50694.0,50684.0
3144,50690.3,50693.0,50685.0,50694.0,50694.0,50685.0,50693.0,50689.0,50692.0,50694.0,50684.0
3145,50690.3,50693.0,50685.0,50694.0,50694.0,50685.0,50693.0,50689.0,50692.0,50694.0,50684.0
3146,50690.3,50693.0,50685.0,50694.0,50694.0,50685.0,50693.0,50689.0,50692.0,50694.0,50684.0
3147,50690.3,50693.0,50685.0,50694.0,50694.0,50685.0,50693.0,50689.0,50692.0,50694.0,50684.0
3148,50690.3,50693.0,50685.0,50694.0,50694.0,50685.0,50693.0,50689.0,50692.0,50694.0,50684.0
3149,50690.3,50693.0,50685.0,50694.0,50694.0,50685.0,50693.0,50689.0,50692.0,50694.0,50684.0
3150,50690.3,50693.0,50685.0,50694.0,50694.0,50685.0,50693.0,50689.0,50692.0,50694.0,50684.0
3151,50690.3,50693.0,50685.0,50694.0,50694.0,50685.0,50693.0,50689.0,50692.0,50694.0,50684.0
3152,50690.3,50693.0,50685.0,50694.0,50694.0,50685.0,50693.0,50689.0,50692.0,50694.0,50684.0
3153,50690.3,50693.0,50685.0,50694.0,50694.0,50685.0,50693.0,50689.0,50692.0,50694.0,50684.0
3154,50690.3,50693.0,50685.0,50694.0,50694.0,50685.0,50693.0,50689.0,50692.0,50694.0,50684.0
3155,50690.3,50693.0,50685.0,50694.0,50694.0,50685.0,50693.0,50689.0,50692.0,50694.0,50684.0
3156,50690.3,50693.0,50685.0,50694.0,50694.0,50685.0,50693.0,50689.0,50692.0,50694.0,50684.0
3157,50690.3,50693.0,50685.0,50694.0,50694.0,50685.0,50693.0,50689.0,50692.0,50694.0,50684.0
3158,50690.3,50693.0,50685.0,50694.0,50694.0,50685.0,50693.0,50689.0,50692.0,50694.0,50684.0
3159,50690.3,50693.0,50685.0,50694.0,50694.0,50685.0,50693.0,50689.0,50692.0,50694.0,50684.0
3160,50690.3,50693.0,50685.0,50694.0,50694.0,50685.0,50693.0,50689.0,50692.0,50694.0,50684.0
3161,50690.3,50693.0,50685.0,50694.0,50694.0,50685.0,50693.0,50689.0,50692.0,50694.0,50684.0
3162,50690.3,50693.0,50685.0,50694.0,50694.0,50685.0,50693.0,50689.0,50692.0,50694.0,50684.0
3163,50690.3,50693.0,50685.0,50694.0,50694.0,50685.0,50693.0,50689.0,50692.0,50694.0,50684.0
3164,50690.3,50693.0,50685.0,50694.0,50694.0,50685.0,50693.0,50689.0,50692.0,50694.0,50684.0
3165,50690.3,50693.0,50685.0,50694.0,50694.0,50685.0,50693.0,50689.0,50692.0,50694.0,50684.0
3166,50690.3,50693.0,50685.0,50694.0,50694.0,50685.0,50693.0,50689.0,50692.0,50694.0,50684.0
3167,50690.3,50693.0,50685.0,50694.0,50694.0,50685.0,50693.0,50689.0,50692.0,50694.0,50684.0
3168,50690.3,50693.0,50685.0,50694.0,50694.0,50685.0,50693.0,50689.0,50692.0,50694.0,50684.0
3169,50690.3,50693.0,50685.0,50694.0,50694.0,50685.0,50693.0,50689.0,50692.0,50694.0,50684.0
3170,50690.3,50693.0,50685.0,50694.0,50694.0,50685.0,50693.0,50689.0,50692.0,50694.0,50684.0
3171,50690.3,50693.0,50685.0,50694.0,50694.0,50685.0,50693.0,50689.0,50692.0,50694.0,50684.0
3172,50690.3,50693.0,50685.0,50694.0,50694.0,50685.0,50693.0,50689.0,50692.0,50694.0,50684.0
3173,50690.3,50693.0,50685.0,50694.0,50694.0,50685.0,50693.0,50689.0,50692.0,50694.0,50684.0
3174,50690.3,50693.0,50685.0,50694.0,50694.0,50685.0,50693.0,50689.0,50692.0,50694.0,50684.0
3175,50690.3,50693.0,50685.0,50694.0,50694.0,50685.0,50693.0,50689.0,50692.0,50694.0,50684.0
3176,50690.3,50693.0,50685.0,50694.0,50694.0,50685.0,50693.0,50689.0,50692.0,50694.0,50684.0
3177,50690.3,50693.0,50685.0,50694.0,50694.0,50685.0,50693.0,50689.0,50692.0,50694.0,50684.0
3178,50690.3,50693.0,50685.0,50694.0,50694.0,50685.0,50693.0,50689.0,50692.0,50694.0,50684.0
3179,50690.3,50693.0,50685.0,50694.0,50694.0,50685.0,50693.0,50689.0,50692.0,50694.0,50684.0
3180,50690.3,50693.0,50685.0,50694.0,50694.0,50685.0,50693.0,50689.0,50692.0,50694.0,50684.0
3181,50690.3,50693.0,50685.0,50694.0,50694.0,50685.0,50693.0,50689.0,50692.0,50694.0,50684.0
3182,50690.3,50693.0,50685.0,50694.0,50694.0,50685.0,50693.0,50689.0,50692.0,50694.0,50684.0
3183,50690.3,50693.0,50685.0,50694.0,50694.0,50685.0,50693.0,50689.0,50692.0,50694.0,50684.0
3184,50690.3,50693.0,50685.0,50694.0,50694.0,50685.0,50693.0,50689.0,50692.0,50694.0,50684.0
3185,50690.3,50693.0,50685.0,50694.0,50694.0,50685.0,50693.0,50689.0,50692.0,50694.0,50684.0
3186,50690.3,50693.0,50685.0,50694.0,50694.0,50685.0,50693.0,50689.0,50692.0,50694.0,50684.0
3187,50690.3,50693.0,50685.0,50694.0,50694.0,50685.0,50693.0,50689.0,50692.0,50694.0,50684.0
3188,50690.3,50693.0,50685.0,50694.0,50694.0,50685.0,50693.0,50689.0,50692.0,50694.0,50684.0
3189,50690.3,50693.0,50685.0,50694.0,50694.0,50685.0,50693.0,50689.0,50692.0,50694.0,50684.0
3190,50690.3,50693.0,50685.0,50694.0,50694.0,50685.0,50693.0,50689.0,50692.0,50694.0,50684.0
3191,50690.3,50693.0,50685.0,50694.0,50694.0,50685.0,50693.0,50689.0,50692.0,50694.0,50684.0
3192,50690.3,50693.0,50685.0,50694.0,50694.0,50685.0,50693.0,50689.0,50692.0,50694.0,50684.0
3193,50690.3,50693.0,50685.0,50694.0,50694.0,50685.0,50693.0,50689.0,50692.0,50694.0,50684.0
3194,50690.3,50693.0,50685.0,50694.0,50694.0,50685.0,50693.0,50689.0,50692.0,50694.0,50684.0
3195,50690.3,50693.0,50685.0,50694.0,50694.0,50685.0,50693.0,50689.0,50692.0,50694.0,50684.0
3196,50690.3,50693.0,50685.0,50694.0,50694.0,50685.0,50693.0,50689.0,50692.0,50694.0,50684.0
3197,50690.3,50693.0,50685.0,50694.0,50694.0,50685.0,50693.0,50689.0,50692.0,50694.0,50684.0
3198,50690.3,50693.0,50685.0,50694.0,50694.0,50685.0,50693.0,50689.0,50692.0,50694.0,50684.0
3199,50690.3,50693.0,50685.0,50694.0,50694.0,50685.0,50693.0,50689.0,50692.0,50694.0,50684.0
3200,50690.3,50693.0,50685.0,50694.0,50694.0,50685.0,50693.0,50689.0,50692.0,50694.0,50684.0
3201,50690.3,50693.0,50685.0,50694.0,50694.0,50685.0,50693.0,50689.0,50692.0,50694.0,50684.0
3202,50690.3,50693.0,50685.0,50694.0,50694.0,50685.0,50693.0,50689.0,50692.0,50694.0,50684.0
3203,50690.3,50693.0,50685.0,50694.0,50694.0,50685.0,50693.0,50689.0,50692.0,50694.0,50684.0
3204,50690.3,50693.0,50685.0,50694.0,50694.0,50685.0,50693.0,50689.0,50692.0,50694.0,50684.0
3205,50690.3,50693.0,50685.0,50694.0,50694.0,50685.0,50693.0,50689.0,50692.0,50694.0,50684.0
3206,50690.3,50693.0,50685.0,50694.0,50694.0,50685.0,50693.0,50689.0,50692.0,50694.0,50684.0
3207,50690.3,50693.0,50685.0,50694.0,50694.0,50685.0,50693.0,50689.0,50692.0,50694.0,50684.0
3208,50690.3,50693.0,50685.0,50694.0,50694.0,50685.0,50693.0,50689.0,50692.0,50694.0,50684.0
3209,50690.3,50693.0,50685.0,50694.0,50694.0,50685.0,50693.0,50689.0,50692.0,50694.0,50684.0
3210,50690.3,50693.0,50685.0,50694.0,50694.0,50685.0,50693.0,50689.0,50692.0,50694.0,50684.0
3211,50690.3,50693.0,50685.0,50694.0,50694.0,50685.0,50693.0,50689.0,50692.0,50694.0,50684.0
3212,50690.3,50693.0,50685.0,50694.0,50694.0,50685.0,50693.0,50689.0,50692.0,50694.0,50684.0
3213,50690.3,50693.0,50685.0,50694.0,50694.0,50685.0,50693.0,50689.0,50692.0,50694.0,50684.0
3214,50690.3,50693.0,50685.0,50694.0,50694.0,50685.0,50693.0,50689.0,50692.0,50694.0,50684.0
3215,50690.3,50693.0,50685.0,50694.0,50694.0,50685.0,50693.0,50689.0,50692.0,50694.0,50684.0
3216,50690.3,50693.0,50685.0,50694.0,50694.0,50685.0,50693.0,50689.0,50692.0,50694.0,50684.0
3217,50690.3,50693.0,50685.0,50694.0,50694.0,50685.0,50693.0,50689.0,50692.0,50694.0,50684.0
3218,50690.3,50693.0,50685.0,50694.0,50694.0,50685.0,50693.0,50689.0,50692.0,50694.0,50684.0
3219,50690.3,50693.0,50685.0,50694.0,50694.0,50685.0,50693.0,50689.0,50692.0,50694.0,50684.0
3220,50690.3,50693.0,50685.0,50694.0,50694.0,50685.0,50693.0,50689.0,50692.0,50694.0,50684.0
3221,50690.3,50693.0,50685.0,50694.0,50694.0,50685.0,50693.0,50689.0,50692.0,50694.0,50684.0
3222,50690.3,50693.0,50685.0,50694.0,50694.0,50685.0,50693.0,50689.0,50692.0,50694.0,50684.0
3223,50690.3,50693.0,50685.0,50694.0,50694.0,50685.0,50693.0,50689.0,50692.0,50694.0,50684.0
3224,50690.3,50693.0,50685.0,50694.0,50694.0,50685.0,50693.0,50689.0,50692.0,50694.0,50684.0
3225,50690.3,50693.0,50685.0,50694.0,50694.0,50685.0,50693.0,50689.0,50692.0,50694.0,50684.0
3226,50690.3,50693.0,50685.0,50694.0,50694.0,50685.0,50693.0,50689.0,50692.0,50694.0,50684.0
3227,50690.3,50693.0,50685.0,50694.0,50694.0,50685.0,50693.0,50689.0,50692.0,50694.0,50684.0
3228,50690.3,50693.0,50685.0,50694.0,50694.0,50685.0,50693.0,50689.0,50692.0,50694.0,50684.0
3229,50690.3,50693.0,50685.0,50694.0,50694.0,50685.0,50693.0,50689.0,50692.0,50694.0,50684.0
3230,50690.3,50693.0,50685.0,50694.0,50694.0,50685.0,50693.0,50689.0,50692.0,50694.0,50684.0
3231,50690.3,50693.0,50685.0,50694.0,50694.0,50685.0,50693.0,50689.0,50692.0,50694.0,50684.0
3232,50690.3,50693.0,50685.0,50694.0,50694.0,50685.0,50693.0,50689.0,50692.0,50694.0,50684.0
3233,50690.3,50693.0,50685.0,50694.0,50694.0,50685.0,50693.0,50689.0,50692.0,50694.0,50684.0
3234,50690.3,50693.0,50685.0,50694.0,50694.0,50685.0,50693.0,50689.0,50692.0,50694.0,50684.0
3235,50690.3,50693.0,50685.0,50694.0,50694.0,50685.0,50693.0,50689.0,50692.0,50694.0,50684.0
3236,50690.3,50693.0,50685.0,50694.0,50694.0,50685.0,50693.0,50689.0,50692.0,50694.0,50684.0
3237,50690.3,50693.0,50685.0,50694.0,50694.0,50685.0,50693.0,50689.0,50692.0,50694.0,50684.0
3238,50690.3,50693.0,50685.0,50694.0,50694.0,50685.0,50693.0,50689.0,50692.0,50694.0,50684.0
3239,50690.3,50693.0,50685.0,50694.0,50694.0,50685.0,50693.0,50689.0,50692.0,50694.0,50684.0
3240,50690.3,50693.0,50685.0,50694.0,50694.0,50685.0,50693.0,50689.0,50692.0,50694.0,50684.0
3241,50690.3,50693.0,50685.0,50694.0,50694.0,50685.0,50693.0,50689.0,50692.0,50694.0,50684.0
3242,50690.3,50693.0,50685.0,50694.0,50694.0,50685.0,50693.0,50689.0,50692.0,50694.0,50684.0
3243,50690.3,50693.0,50685.0,50694.0,50694.0,50685.0,50693.0,50689.0,50692.0,50694.0,50684.0
3244,50690.3,50693.0,50685.0,50694.0,50694.0,50685.0,50693.0,50689.0,50692.0,50694.0,50684.0
3245,50690.3,50693.0,50685.0,50694.0,50694.0,50685.0,50693.0,50689.0,50692.0,50694.0,50684.0
3246,50690.3,50693.0,50685.0,50694.0,50694.0,50685.0,50693.0,50689.0,50692.0,50694.0,50684.0
3247,50690.3,50693.0,50685.0,50694.0,50694.0,50685.0,50693.0,50689.0,50692.0,50694.0,50684.0
3248,50690.3,50693.0,50685.0,50694.0,50694.0,50685.0,50693.0,50689.0,50692.0,50694.0,50684.0
3249,50690.3,50693.0,50685.0,50694.0,50694.0,50685.0,50693.0,50689.0,50692.0,50694.0,50684.0
3250,50690.3,50693.0,50685.0,50694.0,50694.0,50685.0,50693.0,50689.0,50692.0,50694.0,50684.0
3251,50690.3,50693.0,50685.0,50694.0,50694.0,50685.0,50693.0,50689.0,50692.0,50694.0,50684.0
3252,50690.3,50693.0,50685.0,50694.0,50694.0,50685.0,50693.0,50689.0,50692.0,50694.0,50684.0
3253,50690.3,50693.0,50685.0,50694.0,50694.0,50685.0,50693.0,50689.0,50692.0,50694.0,50684.0
3254,50690.3,50693.0,50685.0,50694.0,50694.0,50685.0,50693.0,50689.0,50692.0,50694.0,50684.0
3255,50690.3,50693.0,50685.0,50694.0,50694.0,50685.0,50693.0,50689.0,50692.0,50694.0,50684.0
3256,50690.3,50693.0,50685.0,50694.0,50694.0,50685.0,50693.0,50689.0,50692.0,50694.0,50684.0
3257,50690.3,50693.0,50685.0,50694.0,50694.0,50685.0,50693.0,50689.0,50692.0,50694.0,50684.0
3258,50690.3,50693.0,50685.0,50694.0,50694.0,50685.0,50693.0,50689.0,50692.0,50694.0,50684.0
3259,50690.3,50693.0,50685.0,50694.0,50694.0,50685.0,50693.0,50689.0,50692.0,50694.0,50684.0
3260,50690.3,50693.0,50685.0,50694.0,50694.0,50685.0,50693.0,50689.0,50692.0,50694.0,50684.0
3261,50690.3,50693.0,50685.0,50694.0,50694.0,50685.0,50693.0,50689.0,50692.0,50694.0,50684.0
3262,50690.3,50693.0,50685.0,50694.0,50694.0,50685.0,50693.0,50689.0,50692.0,50694.0,50684.0
3263,50690.3,50693.0,50685.0,50694.0,50694.0,50685.0,50693.0,50689.0,50692.0,50694.0,50684.0
3264,50690.3,50693.0,50685.0,50694.0,50694.0,50685.0,50693.0,50689.0,50692.0,50694.0,50684.0
3265,50690.3,50693.0,50685.0,50694.0,50694.0,50685.0,50693.0,50689.0,50692.0,50694.0,50684.0
3266,50690.3,50693.0,50685.0,50694.0,50694.0,50685.0,50693.0,50689.0,50692.0,50694.0,50684.0
3267,50690.3,50693.0,50685.0,50694.0,50694.0,50685.0,50693.0,50689.0,50692.0,50694.0,50684.0
3268,50690.3,50693.0,50685.0,50694.0,50694.0,50685.0,50693.0,50689.0,50692.0,50694.0,50684.0
3269,50690.3,50693.0,50685.0,50694.0,50694.0,50685.0,50693.0,50689.0,50692.0,50694.0,50684.0
3270,50690.3,50693.0,50685.0,50694.0,50694.0,50685.0,50693.0,50689.0,50692.0,50694.0,50684.0
3271,50690.3,50693.0,50685.0,50694.0,50694.0,50685.0,50693.0,50689.0,50692.0,50694.0,50684.0
3272,50690.3,50693.0,50685.0,50694.0,50694.0,50685.0,50693.0,50689.0,50692.0,50694.0,50684.0
3273,50690.3,50693.0,50685.0,50694.0,50694.0,50685.0,50693.0,50689.0,50692.0,50694.0,50684.0
3274,50690.3,50693.0,50685.0,50694.0,50694.0,50685.0,50693.0,50689.0,50692.0,50694.0,50684.0
3275,50690.3,50693.0,50685.0,50694.0,50694.0,50685.0,50693.0,50689.0,50692.0,50694.0,50684.0
3276,50690.3,50693.0,50685.0,50694.0,50694.0,50685.0,50693.0,50689.0,50692.0,50694.0,50684.0
3277,50690.3,50693.0,50685.0,50694.0,50694.0,50685.0,50693.0,50689.0,50692.0,50694.0,50684.0
3278,50690.3,50693.0,50685.0,50694.0,50694.0,50685.0,50693.0,50689.0,50692.0,50694.0,50684.0
3279,50690.3,50693.0,50685.0,50694.0,50694.0,50685.0,50693.0,50689.0,50692.0,50694.0,50684.0
3280,50690.3,50693.0,50685.0,50694.0,50694.0,50685.0,50693.0,50689.0,50692.0,50694.0,50684.0
3281,50690.3,50693.0,50685.0,50694.0,50694.0,50685.0,50693.0,50689.0,50692.0,50694.0,50684.0
3282,50690.3,50693.0,50685.0,50694.0,50694.0,50685.0,50693.0,50689.0,50692.0,50694.0,50684.0
3283,50690.3,50693.0,50685.0,50694.0,50694.0,50685.0,50693.0,50689.0,50692.0,50694.0,50684.0
3284,50690.3,50693.0,50685.0,50694.0,50694.0,50685.0,50693.0,50689.0,50692.0,50694.0,50684.0
3285,50690.3,50693.0,50685.0,50694.0,50694.0,50685.0,50693.0,50689.0,50692.0,50694.0,50684.0
3286,50690.3,50693.0,50685.0,50694.0,50694.0,50685.0,50693.0,50689.0,50692.0,50694.0,50684.0
3287,50690.3,50693.0,50685.0,50694.0,50694.0,50685.0,50693.0,50689.0,50692.0,50694.0,50684.0
3288,50690.3,50693.0,50685.0,50694.0,50694.0,50685.0,50693.0,50689.0,50692.0,50694.0,50684.0
3289,50690.3,50693.0,50685.0,50694.0,50694.0,50685.0,50693.0,50689.0,50692.0,50694.0,50684.0
3290,50690.3,50693.0,50685.0,50694.0,50694.0,50685.0,50693.0,50689.0,50692.0,50694.0,50684.0
3291,50690.3,50693.0,50685.0,50694.0,50694.0,50685.0,50693.0,50689.0,50692.0,50694.0,50684.0
3292,50690.3,50693.0,50685.0,50694.0,50694.0,50685.0,50693.0,50689.0,50692.0,50694.0,50684.0
3293,50690.3,50693.0,50685.0,50694.0,50694.0,50685.0,50693.0,50689.0,50692.0,50694.0,50684.0
3294,50690.3,50693.0,50685.0,50694.0,50694.0,50685.0,50693.0,50689.0,50692.0,50694.0,50684.0
3295,50690.3,50693.0,50685.0,50694.0,50694.0,50685.0,50693.0,50689.0,50692.0,50694.0,50684.0
3296,50690.3,50693.0,50685.0,50694.0,50694.0,50685.0,50693.0,50689.0,50692.0,50694.0,50684.0
3297,50690.3,50693.0,50685.0,50694.0,50694.0,50685.0,50693.0,50689.0,50692.0,50694.0,50684.0
3298,50690.3,50693.0,50685.0,50694.0,50694.0,50685.0,50693.0,50689.0,50692.0,50694.0,50684.0
3299,50690.3,50693.0,50685.0,50694.0,50694.0,50685.0,50693.0,50689.0,50692.0,50694.0,50684.0
3300,50690.3,50693.0,50685.0,50694.0,50694.0,50685.0,50693.0,50689.0,50692.0,50694.0,50684.0
3301,50690.3,50693.0,50685.0,50694.0,50694.0,50685.0,50693.0,50689.0,50692.0,50694.0,50684.0
3302,50690.3,50693.0,50685.0,50694.0,50694.0,50685.0,50693.0,50689.0,50692.0,50694.0,50684.0
3303,50690.3,50693.0,50685.0,50694.0,50694.0,50685.0,50693.0,50689.0,50692.0,50694.0,50684.0
3304,50690.3,50693.0,50685.0,50694.0,50694.0,50685.0,50693.0,50689.0,50692.0,50694.0,50684.0
3305,50690.3,50693.0,50685.0,50694.0,50694.0,50685.0,50693.0,50689.0,50692.0,50694.0,50684.0
3306,50690.3,50693.0,50685.0,50694.0,50694.0,50685.0,50693.0,50689.0,50692.0,50694.0,50684.0
3307,50690.3,50693.0,50685.0,50694.0,50694.0,50685.0,50693.0,50689.0,50692.0,50694.0,50684.0
3308,50690.3,50693.0,50685.0,50694.0,50694.0,50685.0,50693.0,50689.0,50692.0,50694.0,50684.0
3309,50690.3,50693.0,50685.0,50694.0,50694.0,50685.0,50693.0,50689.0,50692.0,50694.0,50684.0
3310,50690.3,50693.0,50685.0,50694.0,50694.0,50685.0,50693.0,50689.0,50692.0,50694.0,50684.0
3311,50690.3,50693.0,50685.0,50694.0,50694.0,50685.0,50693.0,50689.0,50692.0,50694.0,50684.0
3312,50690.3,50693.0,50685.0,50694.0,50694.0,50685.0,50693.0,50689.0,50692.0,50694.0,50684.0
3313,50690.3,50693.0,50685.0,50694.0,50694.0,50685.0,50693.0,50689.0,50692.0,50694.0,50684.0
3314,50690.3,50693.0,50685.0,50694.0,50694.0,50685.0,50693.0,50689.0,50692.0,50694.0,50684.0
3315,50690.3,50693.0,50685.0,50694.0,50694.0,50685.0,50693.0,50689.0,50692.0,50694.0,50684.0
3316,50690.3,50693.0,50685.0,50694.0,50694.0,50685.0,50693.0,50689.0,50692.0,50694.0,50684.0
3317,50690.3,50693.0,50685.0,50694.0,50694.0,50685.0,50693.0,50689.0,50692.0,50694.0,50684.0
3318,50690.3,50693.0,50685.0,50694.0,50694.0,50685.0,50693.0,50689.0,50692.0,50694.0,50684.0
3319,50690.3,50693.0,50685.0,50694.0,50694.0,50685.0,50693.0,50689.0,50692.0,50694.0,50684.0
3320,50690.3,50693.0,50685.0,50694.0,50694.0,50685.0,50693.0,50689.0,50692.0,50694.0,50684.0
3321,50690.3,50693.0,50685.0,50694.0,50694.0,50685.0,50693.0,50689.0,50692.0,50694.0,50684.0
3322,50690.3,50693.0,50685.0,50694.0,50694.0,50685.0,50693.0,50689.0,50692.0,50694.0,50684.0
3323,50690.3,50693.0,50685.0,50694.0,50694.0,50685.0,50693.0,50689.0,50692.0,50694.0,50684.0
3324,50690.3,50693.0,50685.0,50694.0,50694.0,50685.0,50693.0,50689.0,50692.0,50694.0,50684.0
3325,50690.3,50693.0,50685.0,50694.0,50694.0,50685.0,50693.0,50689.0,50692.0,50694.0,50684.0
3326,50690.3,50693.0,50685.0,50694.0,50694.0,50685.0,50693.0,50689.0,50692.0,50694.0,50684.0
3327,50690.3,50693.0,50685.0,50694.0,50694.0,50685.0,50693.0,50689.0,50692.0,50694.0,50684.0
3328,50690.3,50693.0,50685.0,50694.0,50694.0,50685.0,50693.0,50689.0,50692.0,50694.0,50684.0
3329,50690.3,50693.0,50685.0,50694.0,50694.0,50685.0,50693.0,50689.0,50692.0,50694.0,50684.0
3330,50690.3,50693.0,50685.0,50694.0,50694.0,50685.0,50693.0,50689.0,50692.0,50694.0,50684.0
3331,50690.3,50693.0,50685.0,50694.0,50694.0,50685.0,50693.0,50689.0,50692.0,50694.0,50684.0
3332,50690.3,50693.0,50685.0,50694.0,50694.0,50685.0,50693.0,50689.0,50692.0,50694.0,50684.0
3333,50690.3,50693.0,50685.0,50694.0,50694.0,50685.0,50693.0,50689.0,50692.0,50694.0,50684.0
3334,50690.3,50693.0,50685.0,50694.0,50694.0,50685.0,50693.0,50689.0,50692.0,50694.0,50684.0
3335,50690.3,50693.0,50685.0,50694.0,50694.0,50685.0,50693.0,50689.0,50692.0,50694.0,50684.0
3336,50690.3,50693.0,50685.0,50694.0,50694.0,50685.0,50693.0,50689.0,50692.0,50694.0,50684.0
3337,50690.3,50693.0,50685.0,50694.0,50694.0,50685.0,50693.0,50689.0,50692.0,50694.0,50684.0
3338,50690.3,50693.0,50685.0,50694.0,50694.0,50685.0,50693.0,50689.0,50692.0,50694.0,50684.0
3339,50690.3,50693.0,50685.0,50694.0,50694.0,50685.0,50693.0,50689.0,50692.0,50694.0,50684.0
3340,50690.3,50693.0,50685.0,50694.0,50694.0,50685.0,50693.0,50689.0,50692.0,50694.0,50684.0
3341,50690.3,50693.0,50685.0,50694.0,50694.0,50685.0,50693.0,50689.0,50692.0,50694.0,50684.0
3342,50690.3,50693.0,50685.0,50694.0,50694.0,50685.0,50693.0,50689.0,50692.0,50694.0,50684.0
3343,50690.3,50693.0,50685.0,50694.0,50694.0,50685.0,50693.0,50689.0,50692.0,50694.0,50684.0
3344,50690.3,50693.0,50685.0,50694.0,50694.0,50685.0,50693.0,50689.0,50692.0,50694.0,50684.0
3345,50690.3,50693.0,50685.0,50694.0,50694.0,50685.0,50693.0,50689.0,50692.0,50694.0,50684.0
3346,50690.3,50693.0,50685.0,50694.0,50694.0,50685.0,50693.0,50689.0,50692.0,50694.0,50684.0
3347,50690.3,50693.0,50685.0,50694.0,50694.0,50685.0,50693.0,50689.0,50692.0,50694.0,50684.0
3348,50690.3,50693.0,50685.0,50694.0,50694.0,50685.0,50693.0,50689.0,50692.0,50694.0,50684.0
3349,50690.3,50693.0,50685.0,50694.0,50694.0,50685.0,50693.0,50689.0,50692.0,50694.0,50684.0
3350,50690.3,50693.0,50685.0,50694.0,50694.0,50685.0,50693.0,50689.0,50692.0,50694.0,50684.0
3351,50690.3,50693.0,50685.0,50694.0,50694.0,50685.0,50693.0,50689.0,50692.0,50694.0,50684.0
3352,50690.3,50693.0,50685.0,50694.0,50694.0,50685.0,50693.0,50689.0,50692.0,50694.0,50684.0
3353,50690.3,50693.0,50685.0,50694.0,50694.0,50685.0,50693.0,50689.0,50692.0,50694.0,50684.0
3354,50690.3,50693.0,50685.0,50694.0,50694.0,50685.0,50693.0,50689.0,50692.0,50694.0,50684.0
3355,50690.3,50693.0,50685.0,50694.0,50694.0,50685.0,50693.0,50689.0,50692.0,50694.0,50684.0
3356,50690.3,50693.0,50685.0,50694.0,50694.0,50685.0,50693.0,50689.0,50692.0,50694.0,50684.0
3357,50690.3,50693.0,50685.0,50694.0,50694.0,50685.0,50693.0,50689.0,50692.0,50694.0,50684.0
3358,50690.3,50693.0,50685.0,50694.0,50694.0,50685.0,50693.0,50689.0,50692.0,50694.0,50684.0
3359,50690.3,50693.0,50685.0,50694.0,50694.0,50685.0,50693.0,50689.0,50692.0,50694.0,50684.0
3360,50690.3,50693.0,50685.0,50694.0,50694.0,50685.0,50693.0,50689.0,50692.0,50694.0,50684.0
3361,50690.3,50693.0,50685.0,50694.0,50694.0,50685.0,50693.0,50689.0,50692.0,50694.0,50684.0
3362,50690.3,50693.0,50685.0,50694.0,50694.0,50685.0,50693.0,50689.0,50692.0,50694.0,50684.0
3363,50690.3,50693.0,50685.0,50694.0,50694.0,50685.0,50693.0,50689.0,50692.0,50694.0,50684.0
3364,50690.3,50693.0,50685.0,50694.0,50694.0,50685.0,50693.0,50689.0,50692.0,50694.0,50684.0
3365,50690.3,50693.0,50685.0,50694.0,50694.0,50685.0,50693.0,50689.0,50692.0,50694.0,50684.0
3366,50690.3,50693.0,50685.0,50694.0,50694.0,50685.0,50693.0,50689.0,50692.0,50694.0,50684.0
3367,50690.3,50693.0,50685.0,50694.0,50694.0,50685.0,50693.0,50689.0,50692.0,50694.0,50684.0
3368,50690.3,50693.0,50685.0,50694.0,50694.0,50685.0,50693.0,50689.0,50692.0,50694.0,50684.0
3369,50690.3,50693.0,50685.0,50694.0,50694.0,50685.0,50693.0,50689.0,50692.0,50694.0,50684.0
3370,50690.3,50693.0,50685.0,50694.0,50694.0,50685.0,50693.0,50689.0,50692.0,50694.0,50684.0
3371,50690.3,50693.0,50685.0,50694.0,50694.0,50685.0,50693.0,50689.0,50692.0,50694.0,50684.0
3372,50690.3,50693.0,50685.0,50694.0,50694.0,50685.0,50693.0,50689.0,50692.0,50694.0,50684.0
3373,50690.3,50693.0,50685.0,50694.0,50694.0,50685.0,50693.0,50689.0,50692.0,50694.0,50684.0
3374,50690.3,50693.0,50685.0,50694.0,50694.0,50685.0,50693.0,50689.0,50692.0,50694.0,50684.0
3375,50690.3,50693.0,50685.0,50694.0,50694.0,50685.0,50693.0,50689.0,50692.0,50694.0,50684.0
3376,50690.3,50693.0,50685.0,50694.0,50694.0,50685.0,50693.0,50689.0,50692.0,50694.0,50684.0
3377,50690.3,50693.0,50685.0,50694.0,50694.0,50685.0,50693.0,50689.0,50692.0,50694.0,50684.0
3378,50690.3,50693.0,50685.0,50694.0,50694.0,50685.0,50693.0,50689.0,50692.0,50694.0,50684.0
3379,50690.3,50693.0,50685.0,50694.0,50694.0,50685.0,50693.0,50689.0,50692.0,50694.0,50684.0
3380,50690.3,50693.0,50685.0,50694.0,50694.0,50685.0,50693.0,50689.0,50692.0,50694.0,50684.0
3381,50690.3,50693.0,50685.0,50694.0,50694.0,50685.0,50693.0,50689.0,50692.0,50694.0,50684.0
3382,50690.3,50693.0,50685.0,50694.0,50694.0,50685.0,50693.0,50689.0,50692.0,50694.0,50684.0
3383,50690.3,50693.0,50685.0,50694.0,50694.0,50685.0,50693.0,50689.0,50692.0,50694.0,50684.0
3384,50690.3,50693.0,50685.0,50694.0,50694.0,50685.0,50693.0,50689.0,50692.0,50694.0,50684.0
3385,50690.3,50693.0,50685.0,50694.0,50694.0,50685.0,50693.0,50689.0,50692.0,50694.0,50684.0
3386,50690.3,50693.0,50685.0,50694.0,50694.0,50685.0,50693.0,50689.0,50692.0,50694.0,50684.0
3387,50690.3,50693.0,50685.0,50694.0,50694.0,50685.0,50693.0,50689.0,50692.0,50694.0,50684.0
3388,50690.3,50693.0,50685.0,50694.0,50694.0,50685.0,50693.0,50689.0,50692.0,50694.0,50684.0
3389,50690.3,50693.0,50685.0,50694.0,50694.0,50685.0,50693.0,50689.0,50692.0,50694.0,50684.0
3390,50690.3,50693.0,50685.0,50694.0,50694.0,50685.0,50693.0,50689.0,50692.0,50694.0,50684.0
3391,50690.3,50693.0,50685.0,50694.0,50694.0,50685.0,50693.0,50689.0,50692.0,50694.0,50684.0
3392,50690.3,50693.0,50685.0,50694.0,50694.0,50685.0,50693.0,50689.0,50692.0,50694.0,50684.0
3393,50690.3,50693.0,50685.0,50694.0,50694.0,50685.0,50693.0,50689.0,50692.0,50694.0,50684.0
3394,50690.3,50693.0,50685.0,50694.0,50694.0,50685.0,50693.0,50689.0,50692.0,50694.0,50684.0
3395,50690.3,50693.0,50685.0,50694.0,50694.0,50685.0,50693.0,50689.0,50692.0,50694.0,50684.0
3396,50690.3,50693.0,50685.0,50694.0,50694.0,50685.0,50693.0,50689.0,50692.0,50694.0,50684.0
3397,50690.3,50693.0,50685.0,50694.0,50694.0,50685.0,50693.0,50689.0,50692.0,50694.0,50684.0
3398,50690.3,50693.0,50685.0,50694.0,50694.0,50685.0,50693.0,50689.0,50692.0,50694.0,50684.0
3399,50690.3,50693.0,50685.0,50694.0,50694.0,50685.0,50693.0,50689.0,50692.0,50694.0,50684.0
3400,50690.3,50693.0,50685.0,50694.0,50694.0,50685.0,50693.0,50689.0,50692.0,50694.0,50684.0
3401,50690.3,50693.0,50685.0,50694.0,50694.0,50685.0,50693.0,50689.0,50692.0,50694.0,50684.0
3402,50690.3,50693.0,50685.0,50694.0,50694.0,50685.0,50693.0,50689.0,50692.0,50694.0,50684.0
3403,50690.3,50693.0,50685.0,50694.0,50694.0,50685.0,50693.0,50689.0,50692.0,50694.0,50684.0
3404,50690.3,50693.0,50685.0,50694.0,50694.0,50685.0,50693.0,50689.0,50692.0,50694.0,50684.0
3405,50690.3,50693.0,50685.0,50694.0,50694.0,50685.0,50693.0,50689.0,50692.0,50694.0,50684.0
3406,50690.3,50693.0,50685.0,50694.0,50694.0,50685.0,50693.0,50689.0,50692.0,50694.0,50684.0
3407,50690.3,50693.0,50685.0,50694.0,50694.0,50685.0,50693.0,50689.0,50692.0,50694.0,50684.0
3408,50690.3,50693.0,50685.0,50694.0,50694.0,50685.0,50693.0,50689.0,50692.0,50694.0,50684.0
3409,50690.3,50693.0,50685.0,50694.0,50694.0,50685.0,50693.0,50689.0,50692.0,50694.0,50684.0
3410,50690.3,50693.0,50685.0,50694.0,50694.0,50685.0,50693.0,50689.0,50692.0,50694.0,50684.0
3411,50690.3,50693.0,50685.0,50694.0,50694.0,50685.0,50693.0,50689.0,50692.0,50694.0,50684.0
3412,50690.3,50693.0,50685.0,50694.0,50694.0,50685.0,50693.0,50689.0,50692.0,50694.0,50684.0
3413,50690.3,50693.0,50685.0,50694.0,50694.0,50685.0,50693.0,50689.0,50692.0,50694.0,50684.0
3414,50690.3,50693.0,50685.0,50694.0,50694.0,50685.0,50693.0,50689.0,50692.0,50694.0,50684.0
3415,50690.3,50693.0,50685.0,50694.0,50694.0,50685.0,50693.0,50689.0,50692.0,50694.0,50684.0
3416,50690.3,50693.0,50685.0,50694.0,50694.0,50685.0,50693.0,50689.0,50692.0,50694.0,50684.0
3417,50690.3,50693.0,50685.0,50694.0,50694.0,50685.0,50693.0,50689.0,50692.0,50694.0,50684.0
3418,50690.3,50693.0,50685.0,50694.0,50694.0,50685.0,50693.0,50689.0,50692.0,50694.0,50684.0
3419,50690.3,50693.0,50685.0,50694.0,50694.0,50685.0,50693.0,50689.0,50692.0,50694.0,50684.0
3420,50690.3,50693.0,50685.0,50694.0,50694.0,50685.0,50693.0,50689.0,50692.0,50694.0,50684.0
3421,50690.3,50693.0,50685.0,50694.0,50694.0,50685.0,50693.0,50689.0,50692.0,50694.0,50684.0
3422,50690.3,50693.0,50685.0,50694.0,50694.0,50685.0,50693.0,50689.0,50692.0,50694.0,50684.0
3423,50690.3,50693.0,50685.0,50694.0,50694.0,50685.0,50693.0,50689.0,50692.0,50694.0,50684.0
3424,50690.3,50693.0,50685.0,50694.0,50694.0,50685.0,50693.0,50689.0,50692.0,50694.0,50684.0
3425,50690.3,50693.0,50685.0,50694.0,50694.0,50685.0,50693.0,50689.0,50692.0,50694.0,50684.0
3426,50690.3,50693.0,50685.0,50694.0,50694.0,50685.0,50693.0,50689.0,50692.0,50694.0,50684.0
3427,50690.3,50693.0,50685.0,50694.0,50694.0,50685.0,50693.0,50689.0,50692.0,50694.0,50684.0
3428,50690.3,50693.0,50685.0,50694.0,50694.0,50685.0,50693.0,50689.0,50692.0,50694.0,50684.0
3429,50690.3,50693.0,50685.0,50694.0,50694.0,50685.0,50693.0,50689.0,50692.0,50694.0,50684.0
3430,50690.3,50693.0,50685.0,50694.0,50694.0,50685.0,50693.0,50689.0,50692.0,50694.0,50684.0
3431,50690.3,50693.0,50685.0,50694.0,50694.0,50685.0,50693.0,50689.0,50692.0,50694.0,50684.0
3432,50690.3,50693.0,50685.0,50694.0,50694.0,50685.0,50693.0,50689.0,50692.0,50694.0,50684.0
3433,50690.3,50693.0,50685.0,50694.0,50694.0,50685.0,50693.0,50689.0,50692.0,50694.0,50684.0
3434,50690.3,50693.0,50685.0,50694.0,50694.0,50685.0,50693.0,50689.0,50692.0,50694.0,50684.0
3435,50690.3,50693.0,50685.0,50694.0,50694.0,50685.0,50693.0,50689.0,50692.0,50694.0,50684.0
3436,50690.3,50693.0,50685.0,50694.0,50694.0,50685.0,50693.0,50689.0,50692.0,50694.0,50684.0
3437,50690.3,50693.0,50685.0,50694.0,50694.0,50685.0,50693.0,50689.0,50692.0,50694.0,50684.0
3438,50690.3,50693.0,50685.0,50694.0,50694.0,50685.0,50693.0,50689.0,50692.0,50694.0,50684.0
3439,50690.3,50693.0,50685.0,50694.0,50694.0,50685.0,50693.0,50689.0,50692.0,50694.0,50684.0
3440,50690.3,50693.0,50685.0,50694.0,50694.0,50685.0,50693.0,50689.0,50692.0,50694.0,50684.0
3441,50690.3,50693.0,50685.0,50694.0,50694.0,50685.0,50693.0,50689.0,50692.0,50694.0,50684.0
3442,50690.3,50693.0,50685.0,50694.0,50694.0,50685.0,50693.0,50689.0,50692.0,50694.0,50684.0
3443,50690.3,50693.0,50685.0,50694.0,50694.0,50685.0,50693.0,50689.0,50692.0,50694.0,50684.0
3444,50690.3,50693.0,50685.0,50694.0,50694.0,50685.0,50693.0,50689.0,50692.0,50694.0,50684.0
3445,50690.3,50693.0,50685.0,50694.0,50694.0,50685.0,50693.0,50689.0,50692.0,50694.0,50684.0
3446,50690.3,50693.0,50685.0,50694.0,50694.0,50685.0,50693.0,50689.0,50692.0,50694.0,50684.0
3447,50690.3,50693.0,50685.0,50694.0,50694.0,50685.0,50693.0,50689.0,50692.0,50694.0,50684.0
3448,50690.3,50693.0,50685.0,50694.0,50694.0,50685.0,50693.0,50689.0,50692.0,50694.0,50684.0
3449,50690.3,50693.0,50685.0,50694.0,50694.0,50685.0,50693.0,50689.0,50692.0,50694.0,50684.0
3450,50690.3,50693.0,50685.0,50694.0,50694.0,50685.0,50693.0,50689.0,50692.0,50694.0,50684.0
3451,50690.3,50693.0,50685.0,50694.0,50694.0,50685.0,50693.0,50689.0,50692.0,50694.0,50684.0
3452,50690.3,50693.0,50685.0,50694.0,50694.0,50685.0,50693.0,50689.0,50692.0,50694.0,50684.0
3453,50690.3,50693.0,50685.0,50694.0,50694.0,50685.0,50693.0,50689.0,50692.0,50694.0,50684.0
3454,50690.3,50693.0,50685.0,50694.0,50694.0,50685.0,50693.0,50689.0,50692.0,50694.0,50684.0
3455,50690.3,50693.0,50685.0,50694.0,50694.0,50685.0,50693.0,50689.0,50692.0,50694.0,50684.0
3456,50690.3,50693.0,50685.0,50694.0,50694.0,50685.0,50693.0,50689.0,50692.0,50694.0,50684.0
3457,50690.3,50693.0,50685.0,50694.0,50694.0,50685.0,50693.0,50689.0,50692.0,50694.0,50684.0
3458,50690.3,50693.0,50685.0,50694.0,50694.0,50685.0,50693.0,50689.0,50692.0,50694.0,50684.0
3459,50690.3,50693.0,50685.0,50694.0,50694.0,50685.0,50693.0,50689.0,50692.0,50694.0,50684.0
3460,50690.3,50693.0,50685.0,50694.0,50694.0,50685.0,50693.0,50689.0,50692.0,50694.0,50684.0
3461,50690.3,50693.0,50685.0,50694.0,50694.0,50685.0,50693.0,50689.0,50692.0,50694.0,50684.0
3462,50690.3,50693.0,50685.0,50694.0,50694.0,50685.0,50693.0,50689.0,50692.0,50694.0,50684.0
3463,50690.3,50693.0,50685.0,50694.0,50694.0,50685.0,50693.0,50689.0,50692.0,50694.0,50684.0
3464,50690.3,50693.0,50685.0,50694.0,50694.0,50685.0,50693.0,50689.0,50692.0,50694.0,50684.0
3465,50690.3,50693.0,50685.0,50694.0,50694.0,50685.0,50693.0,50689.0,50692.0,50694.0,50684.0
3466,50690.3,50693.0,50685.0,50694.0,50694.0,50685.0,50693.0,50689.0,50692.0,50694.0,50684.0
3467,50690.3,50693.0,50685.0,50694.0,50694.0,50685.0,50693.0,50689.0,50692.0,50694.0,50684.0
3468,50690.3,50693.0,50685.0,50694.0,50694.0,50685.0,50693.0,50689.0,50692.0,50694.0,50684.0
3469,50690.3,50693.0,50685.0,50694.0,50694.0,50685.0,50693.0,50689.0,50692.0,50694.0,50684.0
3470,50690.3,50693.0,50685.0,50694.0,50694.0,50685.0,50693.0,50689.0,50692.0,50694.0,50684.0
3471,50690.3,50693.0,50685.0,50694.0,50694.0,50685.0,50693.0,50689.0,50692.0,50694.0,50684.0
3472,50690.3,50693.0,50685.0,50694.0,50694.0,50685.0,50693.0,50689.0,50692.0,50694.0,50684.0
3473,50690.3,50693.0,50685.0,50694.0,50694.0,50685.0,50693.0,50689.0,50692.0,50694.0,50684.0
3474,50690.3,50693.0,50685.0,50694.0,50694.0,50685.0,50693.0,50689.0,50692.0,50694.0,50684.0
3475,50690.3,50693.0,50685.0,50694.0,50694.0,50685.0,50693.0,50689.0,50692.0,50694.0,50684.0
3476,50690.3,50693.0,50685.0,50694.0,50694.0,50685.0,50693.0,50689.0,50692.0,50694.0,50684.0
3477,50690.3,50693.0,50685.0,50694.0,50694.0,50685.0,50693.0,50689.0,50692.0,50694.0,50684.0
3478,50690.3,50693.0,50685.0,50694.0,50694.0,50685.0,50693.0,50689.0,50692.0,50694.0,50684.0
3479,50690.3,50693.0,50685.0,50694.0,50694.0,50685.0,50693.0,50689.0,50692.0,50694.0,50684.0
3480,50690.3,50693.0,50685.0,50694.0,50694.0,50685.0,50693.0,50689.0,50692.0,50694.0,50684.0
3481,50690.3,50693.0,50685.0,50694.0,50694.0,50685.0,50693.0,50689.0,50692.0,50694.0,50684.0
3482,50690.3,50693.0,50685.0,50694.0,50694.0,50685.0,50693.0,50689.0,50692.0,50694.0,50684.0
3483,50690.3,50693.0,50685.0,50694.0,50694.0,50685.0,50693.0,50689.0,50692.0,50694.0,50684.0
3484,50690.3,50693.0,50685.0,50694.0,50694.0,50685.0,50693.0,50689.0,50692.0,50694.0,50684.0
3485,50690.3,50693.0,50685.0,50694.0,50694.0,50685.0,50693.0,50689.0,50692.0,50694.0,50684.0
3486,50690.3,50693.0,50685.0,50694.0,50694.0,50685.0,50693.0,50689.0,50692.0,50694.0,50684.0
3487,50690.3,50693.0,50685.0,50694.0,50694.0,50685.0,50693.0,50689.0,50692.0,50694.0,50684.0
3488,50690.3,50693.0,50685.0,50694.0,50694.0,50685.0,50693.0,50689.0,50692.0,50694.0,50684.0
3489,50690.3,50693.0,50685.0,50694.0,50694.0,50685.0,50693.0,50689.0,50692.0,50694.0,50684.0
3490,50690.3,50693.0,50685.0,50694.0,50694.0,50685.0,50693.0,50689.0,50692.0,50694.0,50684.0
3491,50690.3,50693.0,50685.0,50694.0,50694.0,50685.0,50693.0,50689.0,50692.0,50694.0,50684.0
3492,50690.3,50693.0,50685.0,50694.0,50694.0,50685.0,50693.0,50689.0,50692.0,50694.0,50684.0
3493,50690.3,50693.0,50685.0,50694.0,50694.0,50685.0,50693.0,50689.0,50692.0,50694.0,50684.0
3494,50690.3,50693.0,50685.0,50694.0,50694.0,50685.0,50693.0,50689.0,50692.0,50694.0,50684.0
3495,50690.3,50693.0,50685.0,50694.0,50694.0,50685.0,50693.0,50689.0,50692.0,50694.0,50684.0
3496,50690.3,50693.0,50685.0,50694.0,50694.0,50685.0,50693.0,50689.0,50692.0,50694.0,50684.0
3497,50690.3,50693.0,50685.0,50694.0,50694.0,50685.0,50693.0,50689.0,50692.0,50694.0,50684.0
3498,50690.3,50693.0,50685.0,50694.0,50694.0,50685.0,50693.0,50689.0,50692.0,50694.0,50684.0
3499,50690.3,50693.0,50685.0,50694.0,50694.0,50685.0,50693.0,50689.0,50692.0,50694.0,50684.0
3500,50690.3,50693.0,50685.0,50694.0,50694.0,50685.0,50693.0,50689.0,50692.0,50694.0,50684.0
3501,50690.3,50693.0,50685.0,50694.0,50694.0,50685.0,50693.0,50689.0,50692.0,50694.0,50684.0
3502,50690.3,50693.0,50685.0,50694.0,50694.0,50685.0,50693.0,50689.0,50692.0,50694.0,50684.0
3503,50690.3,50693.0,50685.0,50694.0,50694.0,50685.0,50693.0,50689.0,50692.0,50694.0,50684.0
3504,50690.3,50693.0,50685.0,50694.0,50694.0,50685.0,50693.0,50689.0,50692.0,50694.0,50684.0
3505,50690.3,50693.0,50685.0,50694.0,50694.0,50685.0,50693.0,50689.0,50692.0,50694.0,50684.0
3506,50690.3,50693.0,50685.0,50694.0,50694.0,50685.0,50693.0,50689.0,50692.0,50694.0,50684.0
3507,50690.3,50693.0,50685.0,50694.0,50694.0,50685.0,50693.0,50689.0,50692.0,50694.0,50684.0
3508,50690.3,50693.0,50685.0,50694.0,50694.0,50685.0,50693.0,50689.0,50692.0,50694.0,50684.0
3509,50690.3,50693.0,50685.0,50694.0,50694.0,50685.0,50693.0,50689.0,50692.0,50694.0,50684.0
3510,50690.3,50693.0,50685.0,50694.0,50694.0,50685.0,50693.0,50689.0,50692.0,50694.0,50684.0
3511,50690.3,50693.0,50685.0,50694.0,50694.0,50685.0,50693.0,50689.0,50692.0,50694.0,50684.0
3512,50690.3,50693.0,50685.0,50694.0,50694.0,50685.0,50693.0,50689.0,50692.0,50694.0,50684.0
3513,50690.3,50693.0,50685.0,50694.0,50694.0,50685.0,50693.0,50689.0,50692.0,50694.0,50684.0
3514,50690.3,50693.0,50685.0,50694.0,50694.0,50685.0,50693.0,50689.0,50692.0,50694.0,50684.0
3515,50690.3,50693.0,50685.0,50694.0,50694.0,50685.0,50693.0,50689.0,50692.0,50694.0,50684.0
3516,50690.3,50693.0,50685.0,50694.0,50694.0,50685.0,50693.0,50689.0,50692.0,50694.0,50684.0
3517,50690.3,50693.0,50685.0,50694.0,50694.0,50685.0,50693.0,50689.0,50692.0,50694.0,50684.0
3518,50690.3,50693.0,50685.0,50694.0,50694.0,50685.0,50693.0,50689.0,50692.0,50694.0,50684.0
3519,50690.3,50693.0,50685.0,50694.0,50694.0,50685.0,50693.0,50689.0,50692.0,50694.0,50684.0
3520,50690.3,50693.0,50685.0,50694.0,50694.0,50685.0,50693.0,50689.0,50692.0,50694.0,50684.0
3521,50690.3,50693.0,50685.0,50694.0,50694.0,50685.0,50693.0,50689.0,50692.0,50694.0,50684.0
3522,50690.3,50693.0,50685.0,50694.0,50694.0,50685.0,50693.0,50689.0,50692.0,50694.0,50684.0
3523,50690.3,50693.0,50685.0,50694.0,50694.0,50685.0,50693.0,50689.0,50692.0,50694.0,50684.0
3524,50690.3,50693.0,50685.0,50694.0,50694.0,50685.0,50693.0,50689.0,50692.0,50694.0,50684.0
3525,50690.3,50693.0,50685.0,50694.0,50694.0,50685.0,50693.0,50689.0,50692.0,50694.0,50684.0
3526,50690.3,50693.0,50685.0,50694.0,50694.0,50685.0,50693.0,50689.0,50692.0,50694.0,50684.0
3527,50690.3,50693.0,50685.0,50694.0,50694.0,50685.0,50693.0,50689.0,50692.0,50694.0,50684.0
3528,50690.3,50693.0,50685.0,50694.0,50694.0,50685.0,50693.0,50689.0,50692.0,50694.0,50684.0
3529,50690.3,50693.0,50685.0,50694.0,50694.0,50685.0,50693.0,50689.0,50692.0,50694.0,50684.0
3530,50690.3,50693.0,50685.0,50694.0,50694.0,50685.0,50693.0,50689.0,50692.0,50694.0,50684.0
3531,50690.3,50693.0,50685.0,50694.0,50694.0,50685.0,50693.0,50689.0,50692.0,50694.0,50684.0
3532,50690.3,50693.0,50685.0,50694.0,50694.0,50685.0,50693.0,50689.0,50692.0,50694.0,50684.0
3533,50690.3,50693.0,50685.0,50694.0,50694.0,50685.0,50693.0,50689.0,50692.0,50694.0,50684.0
3534,50690.3,50693.0,50685.0,50694.0,50694.0,50685.0,50693.0,50689.0,50692.0,50694.0,50684.0
3535,50690.3,50693.0,50685.0,50694.0,50694.0,50685.0,50693.0,50689.0,50692.0,50694.0,50684.0
3536,50690.3,50693.0,50685.0,50694.0,50694.0,50685.0,50693.0,50689.0,50692.0,50694.0,50684.0
3537,50690.3,50693.0,50685.0,50694.0,50694.0,50685.0,50693.0,50689.0,50692.0,50694.0,50684.0
3538,50690.3,50693.0,50685.0,50694.0,50694.0,50685.0,50693.0,50689.0,50692.0,50694.0,50684.0
3539,50690.3,50693.0,50685.0,50694.0,50694.0,50685.0,50693.0,50689.0,50692.0,50694.0,50684.0
3540,50690.3,50693.0,50685.0,50694.0,50694.0,50685.0,50693.0,50689.0,50692.0,50694.0,50684.0
3541,50690.3,50693.0,50685.0,50694.0,50694.0,50685.0,50693.0,50689.0,50692.0,50694.0,50684.0
3542,50690.3,50693.0,50685.0,50694.0,50694.0,50685.0,50693.0,50689.0,50692.0,50694.0,50684.0
3543,50690.3,50693.0,50685.0,50694.0,50694.0,50685.0,50693.0,50689.0,50692.0,50694.0,50684.0
3544,50690.3,50693.0,50685.0,50694.0,50694.0,50685.0,50693.0,50689.0,50692.0,50694.0,50684.0
3545,50690.3,50693.0,50685.0,50694.0,50694.0,50685.0,50693.0,50689.0,50692.0,50694.0,50684.0
3546,50690.3,50693.0,50685.0,50694.0,50694.0,50685.0,50693.0,50689.0,50692.0,50694.0,50684.0
3547,50690.3,50693.0,50685.0,50694.0,50694.0,50685.0,50693.0,50689.0,50692.0,50694.0,50684.0
3548,50690.3,50693.0,50685.0,50694.0,50694.0,50685.0,50693.0,50689.0,50692.0,50694.0,50684.0
3549,50690.3,50693.0,50685.0,50694.0,50694.0,50685.0,50693.0,50689.0,50692.0,50694.0,50684.0
3550,50690.3,50693.0,50685.0,50694.0,50694.0,50685.0,50693.0,50689.0,50692.0,50694.0,50684.0
3551,50690.3,50693.0,50685.0,50694.0,50694.0,50685.0,50693.0,50689.0,50692.0,50694.0,50684.0
3552,50690.3,50693.0,50685.0,50694.0,50694.0,50685.0,50693.0,50689.0,50692.0,50694.0,50684.0
3553,50690.3,50693.0,50685.0,50694.0,50694.0,50685.0,50693.0,50689.0,50692.0,50694.0,50684.0
3554,50690.3,50693.0,50685.0,50694.0,50694.0,50685.0,50693.0,50689.0,50692.0,50694.0,50684.0
3555,50690.3,50693.0,50685.0,50694.0,50694.0,50685.0,50693.0,50689.0,50692.0,50694.0,50684.0
3556,50690.3,50693.0,50685.0,50694.0,50694.0,50685.0,50693.0,50689.0,50692.0,50694.0,50684.0
3557,50690.3,50693.0,50685.0,50694.0,50694.0,50685.0,50693.0,50689.0,50692.0,50694.0,50684.0
3558,50690.3,50693.0,50685.0,50694.0,50694.0,50685.0,50693.0,50689.0,50692.0,50694.0,50684.0
3559,50690.3,50693.0,50685.0,50694.0,50694.0,50685.0,50693.0,50689.0,50692.0,50694.0,50684.0
3560,50690.3,50693.0,50685.0,50694.0,50694.0,50685.0,50693.0,50689.0,50692.0,50694.0,50684.0
3561,50690.3,50693.0,50685.0,50694.0,50694.0,50685.0,50693.0,50689.0,50692.0,50694.0,50684.0
3562,50690.3,50693.0,50685.0,50694.0,50694.0,50685.0,50693.0,50689.0,50692.0,50694.0,50684.0
3563,50690.3,50693.0,50685.0,50694.0,50694.0,50685.0,50693.0,50689.0,50692.0,50694.0,50684.0
3564,50690.3,50693.0,50685.0,50694.0,50694.0,50685.0,50693.0,50689.0,50692.0,50694.0,50684.0
3565,50690.3,50693.0,50685.0,50694.0,50694.0,50685.0,50693.0,50689.0,50692.0,50694.0,50684.0
3566,50690.3,50693.0,50685.0,50694.0,50694.0,50685.0,50693.0,50689.0,50692.0,50694.0,50684.0
3567,50690.3,50693.0,50685.0,50694.0,50694.0,50685.0,50693.0,50689.0,50692.0,50694.0,50684.0
3568,50690.3,50693.0,50685.0,50694.0,50694.0,50685.0,50693.0,50689.0,50692.0,50694.0,50684.0
3569,50690.3,50693.0,50685.0,50694.0,50694.0,50685.0,50693.0,50689.0,50692.0,50694.0,50684.0
3570,50690.3,50693.0,50685.0,50694.0,50694.0,50685.0,50693.0,50689.0,50692.0,50694.0,50684.0
3571,50690.3,50693.0,50685.0,50694.0,50694.0,50685.0,50693.0,50689.0,50692.0,50694.0,50684.0
3572,50690.3,50693.0,50685.0,50694.0,50694.0,50685.0,50693.0,50689.0,50692.0,50694.0,50684.0
3573,50690.3,50693.0,50685.0,50694.0,50694.0,50685.0,50693.0,50689.0,50692.0,50694.0,50684.0
3574,50690.3,50693.0,50685.0,50694.0,50694.0,50685.0,50693.0,50689.0,50692.0,50694.0,50684.0
3575,50690.3,50693.0,50685.0,50694.0,50694.0,50685.0,50693.0,50689.0,50692.0,50694.0,50684.0
3576,50690.3,50693.0,50685.0,50694.0,50694.0,50685.0,50693.0,50689.0,50692.0,50694.0,50684.0
3577,50690.3,50693.0,50685.0,50694.0,50694.0,50685.0,50693.0,50689.0,50692.0,50694.0,50684.0
3578,50690.3,50693.0,50685.0,50694.0,50694.0,50685.0,50693.0,50689.0,50692.0,50694.0,50684.0
3579,50690.3,50693.0,50685.0,50694.0,50694.0,50685.0,50693.0,50689.0,50692.0,50694.0,50684.0
3580,50690.3,50693.0,50685.0,50694.0,50694.0,50685.0,50693.0,50689.0,50692.0,50694.0,50684.0
3581,50690.3,50693.0,50685.0,50694.0,50694.0,50685.0,50693.0,50689.0,50692.0,50694.0,50684.0
3582,50690.3,50693.0,50685.0,50694.0,50694.0,50685.0,50693.0,50689.0,50692.0,50694.0,50684.0
3583,50690.3,50693.0,50685.0,50694.0,50694.0,50685.0,50693.0,50689.0,50692.0,50694.0,50684.0
3584,50690.3,50693.0,50685.0,50694.0,50694.0,50685.0,50693.0,50689.0,50692.0,50694.0,50684.0
3585,50690.3,50693.0,50685.0,50694.0,50694.0,50685.0,50693.0,50689.0,50692.0,50694.0,50684.0
3586,50690.3,50693.0,50685.0,50694.0,50694.0,50685.0,50693.0,50689.0,50692.0,50694.0,50684.0
3587,50690.3,50693.0,50685.0,50694.0,50694.0,50685.0,50693.0,50689.0,50692.0,50694.0,50684.0
3588,50690.3,50693.0,50685.0,50694.0,50694.0,50685.0,50693.0,50689.0,50692.0,50694.0,50684.0
3589,50690.3,50693.0,50685.0,50694.0,50694.0,50685.0,50693.0,50689.0,50692.0,50694.0,50684.0
3590,50690.3,50693.0,50685.0,50694.0,50694.0,50685.0,50693.0,50689.0,50692.0,50694.0,50684.0
3591,50690.3,50693.0,50685.0,50694.0,50694.0,50685.0,50693.0,50689.0,50692.0,50694.0,50684.0
3592,50690.3,50693.0,50685.0,50694.0,50694.0,50685.0,50693.0,50689.0,50692.0,50694.0,50684.0
3593,50690.3,50693.0,50685.0,50694.0,50694.0,50685.0,50693.0,50689.0,50692.0,50694.0,50684.0
3594,50690.3,50693.0,50685.0,50694.0,50694.0,50685.0,50693.0,50689.0,50692.0,50694.0,50684.0
3595,50690.3,50693.0,50685.0,50694.0,50694.0,50685.0,50693.0,50689.0,50692.0,50694.0,50684.0
3596,50690.3,50693.0,50685.0,50694.0,50694.0,50685.0,50693.0,50689.0,50692.0,50694.0,50684.0
3597,50690.3,50693.0,50685.0,50694.0,50694.0,50685.0,50693.0,50689.0,50692.0,50694.0,50684.0
3598,50690.3,50693.0,50685.0,50694.0,50694.0,50685.0,50693.0,50689.0,50692.0,50694.0,50684.0
3599,50690.3,50693.0,50685.0,50694.0,50694.0,50685.0,50693.0,50689.0,50692.0,50694.0,50684.0
3600,50690.3,50693.0,50685.0,50694.0,50694.0,50685.0,50693.0,50689.0,50692.0,50694.0,50684.0
3601,50690.3,50693.0,50685.0,50694.0,50694.0,50685.0,50693.0,50689.0,50692.0,50694.0,50684.0
3602,50690.3,50693.0,50685.0,50694.0,50694.0,50685.0,50693.0,50689.0,50692.0,50694.0,50684.0
3603,50690.3,50693.0,50685.0,50694.0,50694.0,50685.0,50693.0,50689.0,50692.0,50694.0,50684.0
3604,50690.3,50693.0,50685.0,50694.0,50694.0,50685.0,50693.0,50689.0,50692.0,50694.0,50684.0
3605,50690.3,50693.0,50685.0,50694.0,50694.0,50685.0,50693.0,50689.0,50692.0,50694.0,50684.0
3606,50690.3,50693.0,50685.0,50694.0,50694.0,50685.0,50693.0,50689.0,50692.0,50694.0,50684.0
3607,50690.3,50693.0,50685.0,50694.0,50694.0,50685.0,50693.0,50689.0,50692.0,50694.0,50684.0
3608,50690.3,50693.0,50685.0,50694.0,50694.0,50685.0,50693.0,50689.0,50692.0,50694.0,50684.0
3609,50690.3,50693.0,50685.0,50694.0,50694.0,50685.0,50693.0,50689.0,50692.0,50694.0,50684.0
3610,50690.3,50693.0,50685.0,50694.0,50694.0,50685.0,50693.0,50689.0,50692.0,50694.0,50684.0
3611,50690.3,50693.0,50685.0,50694.0,50694.0,50685.0,50693.0,50689.0,50692.0,50694.0,50684.0
3612,50690.3,50693.0,50685.0,50694.0,50694.0,50685.0,50693.0,50689.0,50692.0,50694.0,50684.0
3613,50690.3,50693.0,50685.0,50694.0,50694.0,50685.0,50693.0,50689.0,50692.0,50694.0,50684.0
3614,50690.3,50693.0,50685.0,50694.0,50694.0,50685.0,50693.0,50689.0,50692.0,50694.0,50684.0
3615,50690.3,50693.0,50685.0,50694.0,50694.0,50685.0,50693.0,50689.0,50692.0,50694.0,50684.0
3616,50690.3,50693.0,50685.0,50694.0,50694.0,50685.0,50693.0,50689.0,50692.0,50694.0,50684.0
3617,50690.3,50693.0,50685.0,50694.0,50694.0,50685.0,50693.0,50689.0,50692.0,50694.0,50684.0
3618,50690.3,50693.0,50685.0,50694.0,50694.0,50685.0,50693.0,50689.0,50692.0,50694.0,50684.0
3619,50690.3,50693.0,50685.0,50694.0,50694.0,50685.0,50693.0,50689.0,50692.0,50694.0,50684.0
3620,50690.3,50693.0,50685.0,50694.0,50694.0,50685.0,50693.0,50689.0,50692.0,50694.0,50684.0
3621,50690.3,50693.0,50685.0,50694.0,50694.0,50685.0,50693.0,50689.0,50692.0,50694.0,50684.0
3622,50690.3,50693.0,50685.0,50694.0,50694.0,50685.0,50693.0,50689.0,50692.0,50694.0,50684.0
3623,50690.3,50693.0,50685.0,50694.0,50694.0,50685.0,50693.0,50689.0,50692.0,50694.0,50684.0
3624,50690.3,50693.0,50685.0,50694.0,50694.0,50685.0,50693.0,50689.0,50692.0,50694.0,50684.0
3625,50690.3,50693.0,50685.0,50694.0,50694.0,50685.0,50693.0,50689.0,50692.0,50694.0,50684.0
3626,50690.3,50693.0,50685.0,50694.0,50694.0,50685.0,50693.0,50689.0,50692.0,50694.0,50684.0
3627,50690.3,50693.0,50685.0,50694.0,50694.0,50685.0,50693.0,50689.0,50692.0,50694.0,50684.0
3628,50690.3,50693.0,50685.0,50694.0,50694.0,50685.0,50693.0,50689.0,50692.0,50694.0,50684.0
3629,50690.3,50693.0,50685.0,50694.0,50694.0,50685.0,50693.0,50689.0,50692.0,50694.0,50684.0
3630,50690.3,50693.0,50685.0,50694.0,50694.0,50685.0,50693.0,50689.0,50692.0,50694.0,50684.0
3631,50690.3,50693.0,50685.0,50694.0,50694.0,50685.0,50693.0,50689.0,50692.0,50694.0,50684.0
3632,50690.3,50693.0,50685.0,50694.0,50694.0,50685.0,50693.0,50689.0,50692.0,50694.0,50684.0
3633,50690.3,50693.0,50685.0,50694.0,50694.0,50685.0,50693.0,50689.0,50692.0,50694.0,50684.0
3634,50690.3,50693.0,50685.0,50694.0,50694.0,50685.0,50693.0,50689.0,50692.0,50694.0,50684.0
3635,50690.3,50693.0,50685.0,50694.0,50694.0,50685.0,50693.0,50689.0,50692.0,50694.0,50684.0
3636,50690.3,50693.0,50685.0,50694.0,50694.0,50685.0,50693.0,50689.0,50692.0,50694.0,50684.0
3637,50690.3,50693.0,50685.0,50694.0,50694.0,50685.0,50693.0,50689.0,50692.0,50694.0,50684.0
3638,50690.3,50693.0,50685.0,50694.0,50694.0,50685.0,50693.0,50689.0,50692.0,50694.0,50684.0
3639,50690.3,50693.0,50685.0,50694.0,50694.0,50685.0,50693.0,50689.0,50692.0,50694.0,50684.0
3640,50690.3,50693.0,50685.0,50694.0,50694.0,50685.0,50693.0,50689.0,50692.0,50694.0,50684.0
3641,50690.3,50693.0,50685.0,50694.0,50694.0,50685.0,50693.0,50689.0,50692.0,50694.0,50684.0
3642,50690.3,50693.0,50685.0,50694.0,50694.0,50685.0,50693.0,50689.0,50692.0,50694.0,50684.0
3643,50690.3,50693.0,50685.0,50694.0,50694.0,50685.0,50693.0,50689.0,50692.0,50694.0,50684.0
3644,50690.3,50693.0,50685.0,50694.0,50694.0,50685.0,50693.0,50689.0,50692.0,50694.0,50684.0
3645,50690.3,50693.0,50685.0,50694.0,50694.0,50685.0,50693.0,50689.0,50692.0,50694.0,50684.0
3646,50690.3,50693.0,50685.0,50694.0,50694.0,50685.0,50693.0,50689.0,50692.0,50694.0,50684.0
3647,50690.3,50693.0,50685.0,50694.0,50694.0,50685.0,50693.0,50689.0,50692.0,50694.0,50684.0
3648,50690.3,50693.0,50685.0,50694.0,50694.0,50685.0,50693.0,50689.0,50692.0,50694.0,50684.0
3649,50690.3,50693.0,50685.0,50694.0,50694.0,50685.0,50693.0,50689.0,50692.0,50694.0,50684.0
3650,50690.3,50693.0,50685.0,50694.0,50694.0,50685.0,50693.0,50689.0,50692.0,50694.0,50684.0
3651,50690.3,50693.0,50685.0,50694.0,50694.0,50685.0,50693.0,50689.0,50692.0,50694.0,50684.0
3652,50690.3,50693.0,50685.0,50694.0,50694.0,50685.0,50693.0,50689.0,50692.0,50694.0,50684.0
3653,50690.3,50693.0,50685.0,50694.0,50694.0,50685.0,50693.0,50689.0,50692.0,50694.0,50684.0
3654,50690.3,50693.0,50685.0,50694.0,50694.0,50685.0,50693.0,50689.0,50692.0,50694.0,50684.0
3655,50690.3,50693.0,50685.0,50694.0,50694.0,50685.0,50693.0,50689.0,50692.0,50694.0,50684.0
3656,50690.3,50693.0,50685.0,50694.0,50694.0,50685.0,50693.0,50689.0,50692.0,50694.0,50684.0
3657,50690.3,50693.0,50685.0,50694.0,50694.0,50685.0,50693.0,50689.0,50692.0,50694.0,50684.0
3658,50690.3,50693.0,50685.0,50694.0,50694.0,50685.0,50693.0,50689.0,50692.0,50694.0,50684.0
3659,50690.3,50693.0,50685.0,50694.0,50694.0,50685.0,50693.0,50689.0,50692.0,50694.0,50684.0
3660,50690.3,50693.0,50685.0,50694.0,50694.0,50685.0,50693.0,50689.0,50692.0,50694.0,50684.0
3661,50690.3,50693.0,50685.0,50694.0,50694.0,50685.0,50693.0,50689.0,50692.0,50694.0,50684.0
3662,50690.3,50693.0,50685.0,50694.0,50694.0,50685.0,50693.0,50689.0,50692.0,50694.0,50684.0
3663,50690.3,50693.0,50685.0,50694.0,50694.0,50685.0,50693.0,50689.0,50692.0,50694.0,50684.0
3664,50690.3,50693.0,50685.0,50694.0,50694.0,50685.0,50693.0,50689.0,50692.0,50694.0,50684.0
3665,50690.3,50693.0,50685.0,50694.0,50694.0,50685.0,50693.0,50689.0,50692.0,50694.0,50684.0
3666,50690.3,50693.0,50685.0,50694.0,50694.0,50685.0,50693.0,50689.0,50692.0,50694.0,50684.0
3667,50690.3,50693.0,50685.0,50694.0,50694.0,50685.0,50693.0,50689.0,50692.0,50694.0,50684.0
3668,50690.3,50693.0,50685.0,50694.0,50694.0,50685.0,50693.0,50689.0,50692.0,50694.0,50684.0
3669,50690.3,50693.0,50685.0,50694.0,50694.0,50685.0,50693.0,50689.0,50692.0,50694.0,50684.0
3670,50690.3,50693.0,50685.0,50694.0,50694.0,50685.0,50693.0,50689.0,50692.0,50694.0,50684.0
3671,50690.3,50693.0,50685.0,50694.0,50694.0,50685.0,50693.0,50689.0,50692.0,50694.0,50684.0
3672,50690.3,50693.0,50685.0,50694.0,50694.0,50685.0,50693.0,50689.0,50692.0,50694.0,50684.0
3673,50690.3,50693.0,50685.0,50694.0,50694.0,50685.0,50693.0,50689.0,50692.0,50694.0,50684.0
3674,50690.3,50693.0,50685.0,50694.0,50694.0,50685.0,50693.0,50689.0,50692.0,50694.0,50684.0
3675,50690.3,50693.0,50685.0,50694.0,50694.0,50685.0,50693.0,50689.0,50692.0,50694.0,50684.0
3676,50690.3,50693.0,50685.0,50694.0,50694.0,50685.0,50693.0,50689.0,50692.0,50694.0,50684.0
3677,50690.3,50693.0,50685.0,50694.0,50694.0,50685.0,50693.0,50689.0,50692.0,50694.0,50684.0
3678,50690.3,50693.0,50685.0,50694.0,50694.0,50685.0,50693.0,50689.0,50692.0,50694.0,50684.0
3679,50690.3,50693.0,50685.0,50694.0,50694.0,50685.0,50693.0,50689.0,50692.0,50694.0,50684.0
3680,50690.3,50693.0,50685.0,50694.0,50694.0,50685.0,50693.0,50689.0,50692.0,50694.0,50684.0
3681,50690.3,50693.0,50685.0,50694.0,50694.0,50685.0,50693.0,50689.0,50692.0,50694.0,50684.0
3682,50690.3,50693.0,50685.0,50694.0,50694.0,50685.0,50693.0,50689.0,50692.0,50694.0,50684.0
3683,50690.3,50693.0,50685.0,50694.0,50694.0,50685.0,50693.0,50689.0,50692.0,50694.0,50684.0
3684,50690.3,50693.0,50685.0,50694.0,50694.0,50685.0,50693.0,50689.0,50692.0,50694.0,50684.0
3685,50690.3,50693.0,50685.0,50694.0,50694.0,50685.0,50693.0,50689.0,50692.0,50694.0,50684.0
3686,50690.3,50693.0,50685.0,50694.0,50694.0,50685.0,50693.0,50689.0,50692.0,50694.0,50684.0
3687,50690.3,50693.0,50685.0,50694.0,50694.0,50685.0,50693.0,50689.0,50692.0,50694.0,50684.0
3688,50690.3,50693.0,50685.0,50694.0,50694.0,50685.0,50693.0,50689.0,50692.0,50694.0,50684.0
3689,50690.3,50693.0,50685.0,50694.0,50694.0,50685.0,50693.0,50689.0,50692.0,50694.0,50684.0
3690,50690.3,50693.0,50685.0,50694.0,50694.0,50685.0,50693.0,50689.0,50692.0,50694.0,50684.0
3691,50690.3,50693.0,50685.0,50694.0,50694.0,50685.0,50693.0,50689.0,50692.0,50694.0,50684.0
3692,50690.3,50693.0,50685.0,50694.0,50694.0,50685.0,50693.0,50689.0,50692.0,50694.0,50684.0
3693,50690.3,50693.0,50685.0,50694.0,50694.0,50685.0,50693.0,50689.0,50692.0,50694.0,50684.0
3694,50690.3,50693.0,50685.0,50694.0,50694.0,50685.0,50693.0,50689.0,50692.0,50694.0,50684.0
3695,50690.3,50693.0,50685.0,50694.0,50694.0,50685.0,50693.0,50689.0,50692.0,50694.0,50684.0
3696,50690.3,50693.0,50685.0,50694.0,50694.0,50685.0,50693.0,50689.0,50692.0,50694.0,50684.0
3697,50690.3,50693.0,50685.0,50694.0,50694.0,50685.0,50693.0,50689.0,50692.0,50694.0,50684.0
3698,50690.3,50693.0,50685.0,50694.0,50694.0,50685.0,50693.0,50689.0,50692.0,50694.0,50684.0
3699,50690.3,50693.0,50685.0,50694.0,50694.0,50685.0,50693.0,50689.0,50692.0,50694.0,50684.0
3700,50690.3,50693.0,50685.0,50694.0,50694.0,50685.0,50693.0,50689.0,50692.0,50694.0,50684.0
3701,50690.3,50693.0,50685.0,50694.0,50694.0,50685.0,50693.0,50689.0,50692.0,50694.0,50684.0
3702,50690.3,50693.0,50685.0,50694.0,50694.0,50685.0,50693.0,50689.0,50692.0,50694.0,50684.0
3703,50690.3,50693.0,50685.0,50694.0,50694.0,50685.0,50693.0,50689.0,50692.0,50694.0,50684.0
3704,50690.3,50693.0,50685.0,50694.0,50694.0,50685.0,50693.0,50689.0,50692.0,50694.0,50684.0
3705,50690.3,50693.0,50685.0,50694.0,50694.0,50685.0,50693.0,50689.0,50692.0,50694.0,50684.0
3706,50690.3,50693.0,50685.0,50694.0,50694.0,50685.0,50693.0,50689.0,50692.0,50694.0,50684.0
3707,50690.3,50693.0,50685.0,50694.0,50694.0,50685.0,50693.0,50689.0,50692.0,50694.0,50684.0
3708,50690.3,50693.0,50685.0,50694.0,50694.0,50685.0,50693.0,50689.0,50692.0,50694.0,50684.0
3709,50690.3,50693.0,50685.0,50694.0,50694.0,50685.0,50693.0,50689.0,50692.0,50694.0,50684.0
3710,50690.3,50693.0,50685.0,50694.0,50694.0,50685.0,50693.0,50689.0,50692.0,50694.0,50684.0
3711,50690.3,50693.0,50685.0,50694.0,50694.0,50685.0,50693.0,50689.0,50692.0,50694.0,50684.0
3712,50690.3,50693.0,50685.0,50694.0,50694.0,50685.0,50693.0,50689.0,50692.0,50694.0,50684.0
3713,50690.3,50693.0,50685.0,50694.0,50694.0,50685.0,50693.0,50689.0,50692.0,50694.0,50684.0
3714,50690.3,50693.0,50685.0,50694.0,50694.0,50685.0,50693.0,50689.0,50692.0,50694.0,50684.0
3715,50690.3,50693.0,50685.0,50694.0,50694.0,50685.0,50693.0,50689.0,50692.0,50694.0,50684.0
3716,50690.3,50693.0,50685.0,50694.0,50694.0,50685.0,50693.0,50689.0,50692.0,50694.0,50684.0
3717,50690.3,50693.0,50685.0,50694.0,50694.0,50685.0,50693.0,50689.0,50692.0,50694.0,50684.0
3718,50690.3,50693.0,50685.0,50694.0,50694.0,50685.0,50693.0,50689.0,50692.0,50694.0,50684.0
3719,50690.3,50693.0,50685.0,50694.0,50694.0,50685.0,50693.0,50689.0,50692.0,50694.0,50684.0
3720,50690.3,50693.0,50685.0,50694.0,50694.0,50685.0,50693.0,50689.0,50692.0,50694.0,50684.0
3721,50690.3,50693.0,50685.0,50694.0,50694.0,50685.0,50693.0,50689.0,50692.0,50694.0,50684.0
3722,50690.3,50693.0,50685.0,50694.0,50694.0,50685.0,50693.0,50689.0,50692.0,50694.0,50684.0
3723,50690.3,50693.0,50685.0,50694.0,50694.0,50685.0,50693.0,50689.0,50692.0,50694.0,50684.0
3724,50690.3,50693.0,50685.0,50694.0,50694.0,50685.0,50693.0,50689.0,50692.0,50694.0,50684.0
3725,50690.3,50693.0,50685.0,50694.0,50694.0,50685.0,50693.0,50689.0,50692.0,50694.0,50684.0
3726,50690.3,50693.0,50685.0,50694.0,50694.0,50685.0,50693.0,50689.0,50692.0,50694.0,50684.0
3727,50690.3,50693.0,50685.0,50694.0,50694.0,50685.0,50693.0,50689.0,50692.0,50694.0,50684.0
3728,50690.3,50693.0,50685.0,50694.0,50694.0,50685.0,50693.0,50689.0,50692.0,50694.0,50684.0
3729,50690.3,50693.0,50685.0,50694.0,50694.0,50685.0,50693.0,50689.0,50692.0,50694.0,50684.0
3730,50690.3,50693.0,50685.0,50694.0,50694.0,50685.0,50693.0,50689.0,50692.0,50694.0,50684.0
3731,50690.3,50693.0,50685.0,50694.0,50694.0,50685.0,50693.0,50689.0,50692.0,50694.0,50684.0
3732,50690.3,50693.0,50685.0,50694.0,50694.0,50685.0,50693.0,50689.0,50692.0,50694.0,50684.0
3733,50690.3,50693.0,50685.0,50694.0,50694.0,50685.0,50693.0,50689.0,50692.0,50694.0,50684.0
3734,50690.3,50693.0,50685.0,50694.0,50694.0,50685.0,50693.0,50689.0,50692.0,50694.0,50684.0
3735,50690.3,50693.0,50685.0,50694.0,50694.0,50685.0,50693.0,50689.0,50692.0,50694.0,50684.0
3736,50690.3,50693.0,50685.0,50694.0,50694.0,50685.0,50693.0,50689.0,50692.0,50694.0,50684.0
3737,50690.3,50693.0,50685.0,50694.0,50694.0,50685.0,50693.0,50689.0,50692.0,50694.0,50684.0
3738,50690.3,50693.0,50685.0,50694.0,50694.0,50685.0,50693.0,50689.0,50692.0,50694.0,50684.0
3739,50690.3,50693.0,50685.0,50694.0,50694.0,50685.0,50693.0,50689.0,50692.0,50694.0,50684.0
3740,50690.3,50693.0,50685.0,50694.0,50694.0,50685.0,50693.0,50689.0,50692.0,50694.0,50684.0
3741,50690.3,50693.0,50685.0,50694.0,50694.0,50685.0,50693.0,50689.0,50692.0,50694.0,50684.0
3742,50690.3,50693.0,50685.0,50694.0,50694.0,50685.0,50693.0,50689.0,50692.0,50694.0,50684.0
3743,50690.3,50693.0,50685.0,50694.0,50694.0,50685.0,50693.0,50689.0,50692.0,50694.0,50684.0
3744,50690.3,50693.0,50685.0,50694.0,50694.0,50685.0,50693.0,50689.0,50692.0,50694.0,50684.0
3745,50690.3,50693.0,50685.0,50694.0,50694.0,50685.0,50693.0,50689.0,50692.0,50694.0,50684.0
3746,50690.3,50693.0,50685.0,50694.0,50694.0,50685.0,50693.0,50689.0,50692.0,50694.0,50684.0
3747,50690.3,50693.0,50685.0,50694.0,50694.0,50685.0,50693.0,50689.0,50692.0,50694.0,50684.0
3748,50690.3,50693.0,50685.0,50694.0,50694.0,50685.0,50693.0,50689.0,50692.0,50694.0,50684.0
3749,50690.3,50693.0,50685.0,50694.0,50694.0,50685.0,50693.0,50689.0,50692.0,50694.0,50684.0
3750,50690.3,50693.0,50685.0,50694.0,50694.0,50685.0,50693.0,50689.0,50692.0,50694.0,50684.0
3751,50690.3,50693.0,50685.0,50694.0,50694.0,50685.0,50693.0,50689.0,50692.0,50694.0,50684.0
3752,50690.3,50693.0,50685.0,50694.0,50694.0,50685.0,50693.0,50689.0,50692.0,50694.0,50684.0
3753,50690.3,50693.0,50685.0,50694.0,50694.0,50685.0,50693.0,50689.0,50692.0,50694.0,50684.0
3754,50690.3,50693.0,50685.0,50694.0,50694.0,50685.0,50693.0,50689.0,50692.0,50694.0,50684.0
3755,50690.3,50693.0,50685.0,50694.0,50694.0,50685.0,50693.0,50689.0,50692.0,50694.0,50684.0
3756,50690.3,50693.0,50685.0,50694.0,50694.0,50685.0,50693.0,50689.0,50692.0,50694.0,50684.0
3757,50690.3,50693.0,50685.0,50694.0,50694.0,50685.0,50693.0,50689.0,50692.0,50694.0,50684.0
3758,50690.3,50693.0,50685.0,50694.0,50694.0,50685.0,50693.0,50689.0,50692.0,50694.0,50684.0
3759,50690.3,50693.0,50685.0,50694.0,50694.0,50685.0,50693.0,50689.0,50692.0,50694.0,50684.0
3760,50690.3,50693.0,50685.0,50694.0,50694.0,50685.0,50693.0,50689.0,50692.0,50694.0,50684.0
3761,50690.3,50693.0,50685.0,50694.0,50694.0,50685.0,50693.0,50689.0,50692.0,50694.0,50684.0
3762,50690.3,50693.0,50685.0,50694.0,50694.0,50685.0,50693.0,50689.0,50692.0,50694.0,50684.0
3763,50690.3,50693.0,50685.0,50694.0,50694.0,50685.0,50693.0,50689.0,50692.0,50694.0,50684.0
3764,50690.3,50693.0,50685.0,50694.0,50694.0,50685.0,50693.0,50689.0,50692.0,50694.0,50684.0
3765,50690.3,50693.0,50685.0,50694.0,50694.0,50685.0,50693.0,50689.0,50692.0,50694.0,50684.0
3766,50690.3,50693.0,50685.0,50694.0,50694.0,50685.0,50693.0,50689.0,50692.0,50694.0,50684.0
3767,50690.3,50693.0,50685.0,50694.0,50694.0,50685.0,50693.0,50689.0,50692.0,50694.0,50684.0
3768,50690.3,50693.0,50685.0,50694.0,50694.0,50685.0,50693.0,50689.0,50692.0,50694.0,50684.0
3769,50690.3,50693.0,50685.0,50694.0,50694.0,50685.0,50693.0,50689.0,50692.0,50694.0,50684.0
3770,50690.3,50693.0,50685.0,50694.0,50694.0,50685.0,50693.0,50689.0,50692.0,50694.0,50684.0
3771,50690.3,50693.0,50685.0,50694.0,50694.0,50685.0,50693.0,50689.0,50692.0,50694.0,50684.0
3772,50690.3,50693.0,50685.0,50694.0,50694.0,50685.0,50693.0,50689.0,50692.0,50694.0,50684.0
3773,50690.3,50693.0,50685.0,50694.0,50694.0,50685.0,50693.0,50689.0,50692.0,50694.0,50684.0
3774,50690.3,50693.0,50685.0,50694.0,50694.0,50685.0,50693.0,50689.0,50692.0,50694.0,50684.0
3775,50690.3,50693.0,50685.0,50694.0,50694.0,50685.0,50693.0,50689.0,50692.0,50694.0,50684.0
3776,50690.3,50693.0,50685.0,50694.0,50694.0,50685.0,50693.0,50689.0,50692.0,50694.0,50684.0
3777,50690.3,50693.0,50685.0,50694.0,50694.0,50685.0,50693.0,50689.0,50692.0,50694.0,50684.0
3778,50690.3,50693.0,50685.0,50694.0,50694.0,50685.0,50693.0,50689.0,50692.0,50694.0,50684.0
3779,50690.3,50693.0,50685.0,50694.0,50694.0,50685.0,50693.0,50689.0,50692.0,50694.0,50684.0
3780,50690.3,50693.0,50685.0,50694.0,50694.0,50685.0,50693.0,50689.0,50692.0,50694.0,50684.0
3781,50690.3,50693.0,50685.0,50694.0,50694.0,50685.0,50693.0,50689.0,50692.0,50694.0,50684.0
3782,50690.3,50693.0,50685.0,50694.0,50694.0,50685.0,50693.0,50689.0,50692.0,50694.0,50684.0
3783,50690.3,50693.0,50685.0,50694.0,50694.0,50685.0,50693.0,50689.0,50692.0,50694.0,50684.0
3784,50690.3,50693.0,50685.0,50694.0,50694.0,50685.0,50693.0,50689.0,50692.0,50694.0,50684.0
3785,50690.3,50693.0,50685.0,50694.0,50694.0,50685.0,50693.0,50689.0,50692.0,50694.0,50684.0
3786,50690.3,50693.0,50685.0,50694.0,50694.0,50685.0,50693.0,50689.0,50692.0,50694.0,50684.0
3787,50690.3,50693.0,50685.0,50694.0,50694.0,50685.0,50693.0,50689.0,50692.0,50694.0,50684.0
3788,50690.3,50693.0,50685.0,50694.0,50694.0,50685.0,50693.0,50689.0,50692.0,50694.0,50684.0
3789,50690.3,50693.0,50685.0,50694.0,50694.0,50685.0,50693.0,50689.0,50692.0,50694.0,50684.0
3790,50690.3,50693.0,50685.0,50694.0,50694.0,50685.0,50693.0,50689.0,50692.0,50694.0,50684.0
3791,50690.3,50693.0,50685.0,50694.0,50694.0,50685.0,50693.0,50689.0,50692.0,50694.0,50684.0
3792,50690.3,50693.0,50685.0,50694.0,50694.0,50685.0,50693.0,50689.0,50692.0,50694.0,50684.0
3793,50690.3,50693.0,50685.0,50694.0,50694.0,50685.0,50693.0,50689.0,50692.0,50694.0,50684.0
3794,50690.3,50693.0,50685.0,50694.0,50694.0,50685.0,50693.0,50689.0,50692.0,50694.0,50684.0
3795,50690.3,50693.0,50685.0,50694.0,50694.0,50685.0,50693.0,50689.0,50692.0,50694.0,50684.0
3796,50690.3,50693.0,50685.0,50694.0,50694.0,50685.0,50693.0,50689.0,50692.0,50694.0,50684.0
3797,50690.3,50693.0,50685.0,50694.0,50694.0,50685.0,50693.0,50689.0,50692.0,50694.0,50684.0
3798,50690.3,50693.0,50685.0,50694.0,50694.0,50685.0,50693.0,50689.0,50692.0,50694.0,50684.0
3799,50690.3,50693.0,50685.0,50694.0,50694.0,50685.0,50693.0,50689.0,50692.0,50694.0,50684.0
3800,50690.3,50693.0,50685.0,50694.0,50694.0,50685.0,50693.0,50689.0,50692.0,50694.0,50684.0
3801,50690.3,50693.0,50685.0,50694.0,50694.0,50685.0,50693.0,50689.0,50692.0,50694.0,50684.0
3802,50690.3,50693.0,50685.0,50694.0,50694.0,50685.0,50693.0,50689.0,50692.0,50694.0,50684.0
3803,50690.3,50693.0,50685.0,50694.0,50694.0,50685.0,50693.0,50689.0,50692.0,50694.0,50684.0
3804,50690.3,50693.0,50685.0,50694.0,50694.0,50685.0,50693.0,50689.0,50692.0,50694.0,50684.0
3805,50690.3,50693.0,50685.0,50694.0,50694.0,50685.0,50693.0,50689.0,50692.0,50694.0,50684.0
3806,50690.3,50693.0,50685.0,50694.0,50694.0,50685.0,50693.0,50689.0,50692.0,50694.0,50684.0
3807,50690.3,50693.0,50685.0,50694.0,50694.0,50685.0,50693.0,50689.0,50692.0,50694.0,50684.0
3808,50690.3,50693.0,50685.0,50694.0,50694.0,50685.0,50693.0,50689.0,50692.0,50694.0,50684.0
3809,50690.3,50693.0,50685.0,50694.0,50694.0,50685.0,50693.0,50689.0,50692.0,50694.0,50684.0
3810,50690.3,50693.0,50685.0,50694.0,50694.0,50685.0,50693.0,50689.0,50692.0,50694.0,50684.0
3811,50690.3,50693.0,50685.0,50694.0,50694.0,50685.0,50693.0,50689.0,50692.0,50694.0,50684.0
3812,50690.3,50693.0,50685.0,50694.0,50694.0,50685.0,50693.0,50689.0,50692.0,50694.0,50684.0
3813,50690.3,50693.0,50685.0,50694.0,50694.0,50685.0,50693.0,50689.0,50692.0,50694.0,50684.0
3814,50690.3,50693.0,50685.0,50694.0,50694.0,50685.0,50693.0,50689.0,50692.0,50694.0,50684.0
3815,50690.3,50693.0,50685.0,50694.0,50694.0,50685.0,50693.0,50689.0,50692.0,50694.0,50684.0
3816,50690.3,50693.0,50685.0,50694.0,50694.0,50685.0,50693.0,50689.0,50692.0,50694.0,50684.0
3817,50690.3,50693.0,50685.0,50694.0,50694.0,50685.0,50693.0,50689.0,50692.0,50694.0,50684.0
3818,50690.3,50693.0,50685.0,50694.0,50694.0,50685.0,50693.0,50689.0,50692.0,50694.0,50684.0
3819,50690.3,50693.0,50685.0,50694.0,50694.0,50685.0,50693.0,50689.0,50692.0,50694.0,50684.0
3820,50690.3,50693.0,50685.0,50694.0,50694.0,50685.0,50693.0,50689.0,50692.0,50694.0,50684.0
3821,50690.3,50693.0,50685.0,50694.0,50694.0,50685.0,50693.0,50689.0,50692.0,50694.0,50684.0
3822,50690.3,50693.0,50685.0,50694.0,50694.0,50685.0,50693.0,50689.0,50692.0,50694.0,50684.0
3823,50690.3,50693.0,50685.0,50694.0,50694.0,50685.0,50693.0,50689.0,50692.0,50694.0,50684.0
3824,50690.3,50693.0,50685.0,50694.0,50694.0,50685.0,50693.0,50689.0,50692.0,50694.0,50684.0
3825,50690.3,50693.0,50685.0,50694.0,50694.0,50685.0,50693.0,50689.0,50692.0,50694.0,50684.0
3826,50690.3,50693.0,50685.0,50694.0,50694.0,50685.0,50693.0,50689.0,50692.0,50694.0,50684.0
3827,50690.3,50693.0,50685.0,50694.0,50694.0,50685.0,50693.0,50689.0,50692.0,50694.0,50684.0
3828,50690.3,50693.0,50685.0,50694.0,50694.0,50685.0,50693.0,50689.0,50692.0,50694.0,50684.0
3829,50690.3,50693.0,50685.0,50694.0,50694.0,50685.0,50693.0,50689.0,50692.0,50694.0,50684.0
3830,50690.3,50693.0,50685.0,50694.0,50694.0,50685.0,50693.0,50689.0,50692.0,50694.0,50684.0
3831,50690.3,50693.0,50685.0,50694.0,50694.0,50685.0,50693.0,50689.0,50692.0,50694.0,50684.0
3832,50690.3,50693.0,50685.0,50694.0,50694.0,50685.0,50693.0,50689.0,50692.0,50694.0,50684.0
3833,50690.3,50693.0,50685.0,50694.0,50694.0,50685.0,50693.0,50689.0,50692.0,50694.0,50684.0
3834,50690.3,50693.0,50685.0,50694.0,50694.0,50685.0,50693.0,50689.0,50692.0,50694.0,50684.0
3835,50690.3,50693.0,50685.0,50694.0,50694.0,50685.0,50693.0,50689.0,50692.0,50694.0,50684.0
3836,50690.3,50693.0,50685.0,50694.0,50694.0,50685.0,50693.0,50689.0,50692.0,50694.0,50684.0
3837,50690.3,50693.0,50685.0,50694.0,50694.0,50685.0,50693.0,50689.0,50692.0,50694.0,50684.0
3838,50690.3,50693.0,50685.0,50694.0,50694.0,50685.0,50693.0,50689.0,50692.0,50694.0,50684.0
3839,50690.3,50693.0,50685.0,50694.0,50694.0,50685.0,50693.0,50689.0,50692.0,50694.0,50684.0
3840,50690.3,50693.0,50685.0,50694.0,50694.0,50685.0,50693.0,50689.0,50692.0,50694.0,50684.0
3841,50690.3,50693.0,50685.0,50694.0,50694.0,50685.0,50693.0,50689.0,50692.0,50694.0,50684.0
3842,50690.3,50693.0,50685.0,50694.0,50694.0,50685.0,50693.0,50689.0,50692.0,50694.0,50684.0
3843,50690.3,50693.0,50685.0,50694.0,50694.0,50685.0,50693.0,50689.0,50692.0,50694.0,50684.0
3844,50690.3,50693.0,50685.0,50694.0,50694.0,50685.0,50693.0,50689.0,50692.0,50694.0,50684.0
3845,50690.3,50693.0,50685.0,50694.0,50694.0,50685.0,50693.0,50689.0,50692.0,50694.0,50684.0
3846,50690.3,50693.0,50685.0,50694.0,50694.0,50685.0,50693.0,50689.0,50692.0,50694.0,50684.0
3847,50690.3,50693.0,50685.0,50694.0,50694.0,50685.0,50693.0,50689.0,50692.0,50694.0,50684.0
3848,50690.3,50693.0,50685.0,50694.0,50694.0,50685.0,50693.0,50689.0,50692.0,50694.0,50684.0
3849,50690.3,50693.0,50685.0,50694.0,50694.0,50685.0,50693.0,50689.0,50692.0,50694.0,50684.0
3850,50690.3,50693.0,50685.0,50694.0,50694.0,50685.0,50693.0,50689.0,50692.0,50694.0,50684.0
3851,50690.3,50693.0,50685.0,50694.0,50694.0,50685.0,50693.0,50689.0,50692.0,50694.0,50684.0
3852,50690.3,50693.0,50685.0,50694.0,50694.0,50685.0,50693.0,50689.0,50692.0,50694.0,50684.0
3853,50690.3,50693.0,50685.0,50694.0,50694.0,50685.0,50693.0,50689.0,50692.0,50694.0,50684.0
3854,50690.3,50693.0,50685.0,50694.0,50694.0,50685.0,50693.0,50689.0,50692.0,50694.0,50684.0
3855,50690.3,50693.0,50685.0,50694.0,50694.0,50685.0,50693.0,50689.0,50692.0,50694.0,50684.0
3856,50690.3,50693.0,50685.0,50694.0,50694.0,50685.0,50693.0,50689.0,50692.0,50694.0,50684.0
3857,50690.3,50693.0,50685.0,50694.0,50694.0,50685.0,50693.0,50689.0,50692.0,50694.0,50684.0
3858,50690.3,50693.0,50685.0,50694.0,50694.0,50685.0,50693.0,50689.0,50692.0,50694.0,50684.0
3859,50690.3,50693.0,50685.0,50694.0,50694.0,50685.0,50693.0,50689.0,50692.0,50694.0,50684.0
3860,50690.3,50693.0,50685.0,50694.0,50694.0,50685.0,50693.0,50689.0,50692.0,50694.0,50684.0
3861,50690.3,50693.0,50685.0,50694.0,50694.0,50685.0,50693.0,50689.0,50692.0,50694.0,50684.0
3862,50690.3,50693.0,50685.0,50694.0,50694.0,50685.0,50693.0,50689.0,50692.0,50694.0,50684.0
3863,50690.3,50693.0,50685.0,50694.0,50694.0,50685.0,50693.0,50689.0,50692.0,50694.0,50684.0
3864,50690.3,50693.0,50685.0,50694.0,50694.0,50685.0,50693.0,50689.0,50692.0,50694.0,50684.0
3865,50690.3,50693.0,50685.0,50694.0,50694.0,50685.0,50693.0,50689.0,50692.0,50694.0,50684.0
3866,50690.3,50693.0,50685.0,50694.0,50694.0,50685.0,50693.0,50689.0,50692.0,50694.0,50684.0
3867,50690.3,50693.0,50685.0,50694.0,50694.0,50685.0,50693.0,50689.0,50692.0,50694.0,50684.0
3868,50690.3,50693.0,50685.0,50694.0,50694.0,50685.0,50693.0,50689.0,50692.0,50694.0,50684.0
3869,50690.3,50693.0,50685.0,50694.0,50694.0,50685.0,50693.0,50689.0,50692.0,50694.0,50684.0
3870,50690.3,50693.0,50685.0,50694.0,50694.0,50685.0,50693.0,50689.0,50692.0,50694.0,50684.0
3871,50690.3,50693.0,50685.0,50694.0,50694.0,50685.0,50693.0,50689.0,50692.0,50694.0,50684.0
3872,50690.3,50693.0,50685.0,50694.0,50694.0,50685.0,50693.0,50689.0,50692.0,50694.0,50684.0
3873,50690.3,50693.0,50685.0,50694.0,50694.0,50685.0,50693.0,50689.0,50692.0,50694.0,50684.0
3874,50690.3,50693.0,50685.0,50694.0,50694.0,50685.0,50693.0,50689.0,50692.0,50694.0,50684.0
3875,50690.3,50693.0,50685.0,50694.0,50694.0,50685.0,50693.0,50689.0,50692.0,50694.0,50684.0
3876,50690.3,50693.0,50685.0,50694.0,50694.0,50685.0,50693.0,50689.0,50692.0,50694.0,50684.0
3877,50690.3,50693.0,50685.0,50694.0,50694.0,50685.0,50693.0,50689.0,50692.0,50694.0,50684.0
3878,50690.3,50693.0,50685.0,50694.0,50694.0,50685.0,50693.0,50689.0,50692.0,50694.0,50684.0
3879,50690.3,50693.0,50685.0,50694.0,50694.0,50685.0,50693.0,50689.0,50692.0,50694.0,50684.0
3880,50690.3,50693.0,50685.0,50694.0,50694.0,50685.0,50693.0,50689.0,50692.0,50694.0,50684.0
3881,50690.3,50693.0,50685.0,50694.0,50694.0,50685.0,50693.0,50689.0,50692.0,50694.0,50684.0
3882,50690.3,50693.0,50685.0,50694.0,50694.0,50685.0,50693.0,50689.0,50692.0,50694.0,50684.0
3883,50690.3,50693.0,50685.0,50694.0,50694.0,50685.0,50693.0,50689.0,50692.0,50694.0,50684.0
3884,50690.3,50693.0,50685.0,50694.0,50694.0,50685.0,50693.0,50689.0,50692.0,50694.0,50684.0
3885,50690.3,50693.0,50685.0,50694.0,50694.0,50685.0,50693.0,50689.0,50692.0,50694.0,50684.0
3886,50690.3,50693.0,50685.0,50694.0,50694.0,50685.0,50693.0,50689.0,50692.0,50694.0,50684.0
3887,50690.3,50693.0,50685.0,50694.0,50694.0,50685.0,50693.0,50689.0,50692.0,50694.0,50684.0
3888,50690.3,50693.0,50685.0,50694.0,50694.0,50685.0,50693.0,50689.0,50692.0,50694.0,50684.0
3889,50690.3,50693.0,50685.0,50694.0,50694.0,50685.0,50693.0,50689.0,50692.0,50694.0,50684.0
3890,50690.3,50693.0,50685.0,50694.0,50694.0,50685.0,50693.0,50689.0,50692.0,50694.0,50684.0
3891,50690.3,50693.0,50685.0,50694.0,50694.0,50685.0,50693.0,50689.0,50692.0,50694.0,50684.0
3892,50690.3,50693.0,50685.0,50694.0,50694.0,50685.0,50693.0,50689.0,50692.0,50694.0,50684.0
3893,50690.3,50693.0,50685.0,50694.0,50694.0,50685.0,50693.0,50689.0,50692.0,50694.0,50684.0
3894,50690.3,50693.0,50685.0,50694.0,50694.0,50685.0,50693.0,50689.0,50692.0,50694.0,50684.0
3895,50690.3,50693.0,50685.0,50694.0,50694.0,50685.0,50693.0,50689.0,50692.0,50694.0,50684.0
3896,50690.3,50693.0,50685.0,50694.0,50694.0,50685.0,50693.0,50689.0,50692.0,50694.0,50684.0
3897,50690.3,50693.0,50685.0,50694.0,50694.0,50685.0,50693.0,50689.0,50692.0,50694.0,50684.0
3898,50690.3,50693.0,50685.0,50694.0,50694.0,50685.0,50693.0,50689.0,50692.0,50694.0,50684.0
3899,50690.3,50693.0,50685.0,50694.0,50694.0,50685.0,50693.0,50689.0,50692.0,50694.0,50684.0
3900,50690.3,50693.0,50685.0,50694.0,50694.0,50685.0,50693.0,50689.0,50692.0,50694.0,50684.0
3901,50690.3,50693.0,50685.0,50694.0,50694.0,50685.0,50693.0,50689.0,50692.0,50694.0,50684.0
3902,50690.3,50693.0,50685.0,50694.0,50694.0,50685.0,50693.0,50689.0,50692.0,50694.0,50684.0
3903,50690.3,50693.0,50685.0,50694.0,50694.0,50685.0,50693.0,50689.0,50692.0,50694.0,50684.0
3904,50690.3,50693.0,50685.0,50694.0,50694.0,50685.0,50693.0,50689.0,50692.0,50694.0,50684.0
3905,50690.3,50693.0,50685.0,50694.0,50694.0,50685.0,50693.0,50689.0,50692.0,50694.0,50684.0
3906,50690.3,50693.0,50685.0,50694.0,50694.0,50685.0,50693.0,50689.0,50692.0,50694.0,50684.0
3907,50690.3,50693.0,50685.0,50694.0,50694.0,50685.0,50693.0,50689.0,50692.0,50694.0,50684.0
3908,50690.3,50693.0,50685.0,50694.0,50694.0,50685.0,50693.0,50689.0,50692.0,50694.0,50684.0
3909,50690.3,50693.0,50685.0,50694.0,50694.0,50685.0,50693.0,50689.0,50692.0,50694.0,50684.0
3910,50690.3,50693.0,50685.0,50694.0,50694.0,50685.0,50693.0,50689.0,50692.0,50694.0,50684.0
3911,50690.3,50693.0,50685.0,50694.0,50694.0,50685.0,50693.0,50689.0,50692.0,50694.0,50684.0
3912,50690.3,50693.0,50685.0,50694.0,50694.0,50685.0,50693.0,50689.0,50692.0,50694.0,50684.0
3913,50690.3,50693.0,50685.0,50694.0,50694.0,50685.0,50693.0,50689.0,50692.0,50694.0,50684.0
3914,50690.3,50693.0,50685.0,50694.0,50694.0,50685.0,50693.0,50689.0,50692.0,50694.0,50684.0
3915,50690.3,50693.0,50685.0,50694.0,50694.0,50685.0,50693.0,50689.0,50692.0,50694.0,50684.0
3916,50690.3,50693.0,50685.0,50694.0,50694.0,50685.0,50693.0,50689.0,50692.0,50694.0,50684.0
3917,50690.3,50693.0,50685.0,50694.0,50694.0,50685.0,50693.0,50689.0,50692.0,50694.0,50684.0
3918,50690.3,50693.0,50685.0,50694.0,50694.0,50685.0,50693.0,50689.0,50692.0,50694.0,50684.0
3919,50690.3,50693.0,50685.0,50694.0,50694.0,50685.0,50693.0,50689.0,50692.0,50694.0,50684.0
3920,50690.3,50693.0,50685.0,50694.0,50694.0,50685.0,50693.0,50689.0,50692.0,50694.0,50684.0
3921,50690.3,50693.0,50685.0,50694.0,50694.0,50685.0,50693.0,50689.0,50692.0,50694.0,50684.0
3922,50690.3,50693.0,50685.0,50694.0,50694.0,50685.0,50693.0,50689.0,50692.0,50694.0,50684.0
3923,50690.3,50693.0,50685.0,50694.0,50694.0,50685.0,50693.0,50689.0,50692.0,50694.0,50684.0
3924,50690.3,50693.0,50685.0,50694.0,50694.0,50685.0,50693.0,50689.0,50692.0,50694.0,50684.0
3925,50690.3,50693.0,50685.0,50694.0,50694.0,50685.0,50693.0,50689.0,50692.0,50694.0,50684.0
3926,50690.3,50693.0,50685.0,50694.0,50694.0,50685.0,50693.0,50689.0,50692.0,50694.0,50684.0
3927,50690.3,50693.0,50685.0,50694.0,50694.0,50685.0,50693.0,50689.0,50692.0,50694.0,50684.0
3928,50690.3,50693.0,50685.0,50694.0,50694.0,50685.0,50693.0,50689.0,50692.0,50694.0,50684.0
3929,50690.3,50693.0,50685.0,50694.0,50694.0,50685.0,50693.0,50689.0,50692.0,50694.0,50684.0
3930,50690.3,50693.0,50685.0,50694.0,50694.0,50685.0,50693.0,50689.0,50692.0,50694.0,50684.0
3931,50690.3,50693.0,50685.0,50694.0,50694.0,50685.0,50693.0,50689.0,50692.0,50694.0,50684.0
3932,50690.3,50693.0,50685.0,50694.0,50694.0,50685.0,50693.0,50689.0,50692.0,50694.0,50684.0
3933,50690.3,50693.0,50685.0,50694.0,50694.0,50685.0,50693.0,50689.0,50692.0,50694.0,50684.0
3934,50690.3,50693.0,50685.0,50694.0,50694.0,50685.0,50693.0,50689.0,50692.0,50694.0,50684.0
3935,50690.3,50693.0,50685.0,50694.0,50694.0,50685.0,50693.0,50689.0,50692.0,50694.0,50684.0
3936,50690.3,50693.0,50685.0,50694.0,50694.0,50685.0,50693.0,50689.0,50692.0,50694.0,50684.0
3937,50690.3,50693.0,50685.0,50694.0,50694.0,50685.0,50693.0,50689.0,50692.0,50694.0,50684.0
3938,50690.3,50693.0,50685.0,50694.0,50694.0,50685.0,50693.0,50689.0,50692.0,50694.0,50684.0
3939,50690.3,50693.0,50685.0,50694.0,50694.0,50685.0,50693.0,50689.0,50692.0,50694.0,50684.0
3940,50690.3,50693.0,50685.0,50694.0,50694.0,50685.0,50693.0,50689.0,50692.0,50694.0,50684.0
3941,50690.3,50693.0,50685.0,50694.0,50694.0,50685.0,50693.0,50689.0,50692.0,50694.0,50684.0
3942,50690.3,50693.0,50685.0,50694.0,50694.0,50685.0,50693.0,50689.0,50692.0,50694.0,50684.0
3943,50690.3,50693.0,50685.0,50694.0,50694.0,50685.0,50693.0,50689.0,50692.0,50694.0,50684.0
3944,50690.3,50693.0,50685.0,50694.0,50694.0,50685.0,50693.0,50689.0,50692.0,50694.0,50684.0
3945,50690.3,50693.0,50685.0,50694.0,50694.0,50685.0,50693.0,50689.0,50692.0,50694.0,50684.0
3946,50690.3,50693.0,50685.0,50694.0,50694.0,50685.0,50693.0,50689.0,50692.0,50694.0,50684.0
3947,50690.3,50693.0,50685.0,50694.0,50694.0,50685.0,50693.0,50689.0,50692.0,50694.0,50684.0
3948,50690.3,50693.0,50685.0,50694.0,50694.0,50685.0,50693.0,50689.0,50692.0,50694.0,50684.0
3949,50690.3,50693.0,50685.0,50694.0,50694.0,50685.0,50693.0,50689.0,50692.0,50694.0,50684.0
3950,50690.3,50693.0,50685.0,50694.0,50694.0,50685.0,50693.0,50689.0,50692.0,50694.0,50684.0
3951,50690.3,50693.0,50685.0,50694.0,50694.0,50685.0,50693.0,50689.0,50692.0,50694.0,50684.0
3952,50690.3,50693.0,50685.0,50694.0,50694.0,50685.0,50693.0,50689.0,50692.0,50694.0,50684.0
3953,50690.3,50693.0,50685.0,50694.0,50694.0,50685.0,50693.0,50689.0,50692.0,50694.0,50684.0
3954,50690.3,50693.0,50685.0,50694.0,50694.0,50685.0,50693.0,50689.0,50692.0,50694.0,50684.0
3955,50690.3,50693.0,50685.0,50694.0,50694.0,50685.0,50693.0,50689.0,50692.0,50694.0,50684.0
3956,50690.3,50693.0,50685.0,50694.0,50694.0,50685.0,50693.0,50689.0,50692.0,50694.0,50684.0
3957,50690.3,50693.0,50685.0,50694.0,50694.0,50685.0,50693.0,50689.0,50692.0,50694.0,50684.0
3958,50690.3,50693.0,50685.0,50694.0,50694.0,50685.0,50693.0,50689.0,50692.0,50694.0,50684.0
3959,50690.3,50693.0,50685.0,50694.0,50694.0,50685.0,50693.0,50689.0,50692.0,50694.0,50684.0
3960,50690.3,50693.0,50685.0,50694.0,50694.0,50685.0,50693.0,50689.0,50692.0,50694.0,50684.0
3961,50690.3,50693.0,50685.0,50694.0,50694.0,50685.0,50693.0,50689.0,50692.0,50694.0,50684.0
3962,50690.3,50693.0,50685.0,50694.0,50694.0,50685.0,50693.0,50689.0,50692.0,50694.0,50684.0
3963,50690.3,50693.0,50685.0,50694.0,50694.0,50685.0,50693.0,50689.0,50692.0,50694.0,50684.0
3964,50690.3,50693.0,50685.0,50694.0,50694.0,50685.0,50693.0,50689.0,50692.0,50694.0,50684.0
3965,50690.3,50693.0,50685.0,50694.0,50694.0,50685.0,50693.0,50689.0,50692.0,50694.0,50684.0
3966,50690.3,50693.0,50685.0,50694.0,50694.0,50685.0,50693.0,50689.0,50692.0,50694.0,50684.0
3967,50690.3,50693.0,50685.0,50694.0,50694.0,50685.0,50693.0,50689.0,50692.0,50694.0,50684.0
3968,50690.3,50693.0,50685.0,50694.0,50694.0,50685.0,50693.0,50689.0,50692.0,50694.0,50684.0
3969,50690.3,50693.0,50685.0,50694.0,50694.0,50685.0,50693.0,50689.0,50692.0,50694.0,50684.0
3970,50690.3,50693.0,50685.0,50694.0,50694.0,50685.0,50693.0,50689.0,50692.0,50694.0,50684.0
3971,50690.3,50693.0,50685.0,50694.0,50694.0,50685.0,50693.0,50689.0,50692.0,50694.0,50684.0
3972,50690.3,50693.0,50685.0,50694.0,50694.0,50685.0,50693.0,50689.0,50692.0,50694.0,50684.0
3973,50690.3,50693.0,50685.0,50694.0,50694.0,50685.0,50693.0,50689.0,50692.0,50694.0,50684.0
3974,50690.3,50693.0,50685.0,50694.0,50694.0,50685.0,50693.0,50689.0,50692.0,50694.0,50684.0
3975,50690.3,50693.0,50685.0,50694.0,50694.0,50685.0,50693.0,50689.0,50692.0,50694.0,50684.0
3976,50690.3,50693.0,50685.0,50694.0,50694.0,50685.0,50693.0,50689.0,50692.0,50694.0,50684.0
3977,50690.3,50693.0,50685.0,50694.0,50694.0,50685.0,50693.0,50689.0,50692.0,50694.0,50684.0
3978,50690.3,50693.0,50685.0,50694.0,50694.0,50685.0,50693.0,50689.0,50692.0,50694.0,50684.0
3979,50690.3,50693.0,50685.0,50694.0,50694.0,50685.0,50693.0,50689.0,50692.0,50694.0,50684.0
3980,50690.3,50693.0,50685.0,50694.0,50694.0,50685.0,50693.0,50689.0,50692.0,50694.0,50684.0
3981,50690.3,50693.0,50685.0,50694.0,50694.0,50685.0,50693.0,50689.0,50692.0,50694.0,50684.0
3982,50690.3,50693.0,50685.0,50694.0,50694.0,50685.0,50693.0,50689.0,50692.0,50694.0,50684.0
3983,50690.3,50693.0,50685.0,50694.0,50694.0,50685.0,50693.0,50689.0,50692.0,50694.0,50684.0
3984,50690.3,50693.0,50685.0,50694.0,50694.0,50685.0,50693.0,50689.0,50692.0,50694.0,50684.0
3985,50690.3,50693.0,50685.0,50694.0,50694.0,50685.0,50693.0,50689.0,50692.0,50694.0,50684.0
3986,50690.3,50693.0,50685.0,50694.0,50694.0,50685.0,50693.0,50689.0,50692.0,50694.0,50684.0
3987,50690.3,50693.0,50685.0,50694.0,50694.0,50685.0,50693.0,50689.0,50692.0,50694.0,50684.0
3988,50690.3,50693.0,50685.0,50694.0,50694.0,50685.0,50693.0,50689.0,50692.0,50694.0,50684.0
3989,50690.3,50693.0,50685.0,50694.0,50694.0,50685.0,50693.0,50689.0,50692.0,50694.0,50684.0
3990,50690.3,50693.0,50685.0,50694.0,50694.0,50685.0,50693.0,50689.0,50692.0,50694.0,50684.0
3991,50690.3,50693.0,50685.0,50694.0,50694.0,50685.0,50693.0,50689.0,50692.0,50694.0,50684.0
3992,50690.3,50693.0,50685.0,50694.0,50694.0,50685.0,50693.0,50689.0,50692.0,50694.0,50684.0
3993,50690.3,50693.0,50685.0,50694.0,50694.0,50685.0,50693.0,50689.0,50692.0,50694.0,50684.0
3994,50690.3,50693.0,50685.0,50694.0,50694.0,50685.0,50693.0,50689.0,50692.0,50694.0,50684.0
3995,50690.3,50693.0,50685.0,50694.0,50694.0,50685.0,50693.0,50689.0,50692.0,50694.0,50684.0
3996,50690.3,50693.0,50685.0,50694.0,50694.0,50685.0,50693.0,50689.0,50692.0,50694.0,50684.0
3997,50690.3,50693.0,50685.0,50694.0,50694.0,50685.0,50693.0,50689.0,50692.0,50694.0,50684.0
3998,50690.3,50693.0,50685.0,50694.0,50694.0,50685.0,50693.0,50689.0,50692.0,50694.0,50684.0
3999,50690.3,50693.0,50685.0,50694.0,50694.0,50685.0,50693.0,50689.0,50692.0,50694.0,50684.0
4000,50690.3,50693.0,50685.0,50694.0,50694.0,50685.0,50693.0,50689.0,50692.0,50694.0,50684.0
4001,50690.3,50693.0,50685.0,50694.0,50694.0,50685.0,50693.0,50689.0,50692.0,50694.0,50684.0
4002,50690.3,50693.0,50685.0,50694.0,50694.0,50685.0,50693.0,50689.0,50692.0,50694.0,50684.0
4003,50690.3,50693.0,50685.0,50694.0,50694.0,50685.0,50693.0,50689.0,50692.0,50694.0,50684.0
4004,50690.3,50693.0,50685.0,50694.0,50694.0,50685.0,50693.0,50689.0,50692.0,50694.0,50684.0
4005,50690.3,50693.0,50685.0,50694.0,50694.0,50685.0,50693.0,50689.0,50692.0,50694.0,50684.0
4006,50690.3,50693.0,50685.0,50694.0,50694.0,50685.0,50693.0,50689.0,50692.0,50694.0,50684.0
4007,50690.3,50693.0,50685.0,50694.0,50694.0,50685.0,50693.0,50689.0,50692.0,50694.0,50684.0
4008,50690.3,50693.0,50685.0,50694.0,50694.0,50685.0,50693.0,50689.0,50692.0,50694.0,50684.0
4009,50690.3,50693.0,50685.0,50694.0,50694.0,50685.0,50693.0,50689.0,50692.0,50694.0,50684.0
4010,50690.3,50693.0,50685.0,50694.0,50694.0,50685.0,50693.0,50689.0,50692.0,50694.0,50684.0
4011,50690.3,50693.0,50685.0,50694.0,50694.0,50685.0,50693.0,50689.0,50692.0,50694.0,50684.0
4012,50690.3,50693.0,50685.0,50694.0,50694.0,50685.0,50693.0,50689.0,50692.0,50694.0,50684.0
4013,50690.3,50693.0,50685.0,50694.0,50694.0,50685.0,50693.0,50689.0,50692.0,50694.0,50684.0
4014,50690.3,50693.0,50685.0,50694.0,50694.0,50685.0,50693.0,50689.0,50692.0,50694.0,50684.0
4015,50690.3,50693.0,50685.0,50694.0,50694.0,50685.0,50693.0,50689.0,50692.0,50694.0,50684.0
4016,50690.3,50693.0,50685.0,50694.0,50694.0,50685.0,50693.0,50689.0,50692.0,50694.0,50684.0
4017,50690.3,50693.0,50685.0,50694.0,50694.0,50685.0,50693.0,50689.0,50692.0,50694.0,50684.0
4018,50690.3,50693.0,50685.0,50694.0,50694.0,50685.0,50693.0,50689.0,50692.0,50694.0,50684.0
4019,50690.3,50693.0,50685.0,50694.0,50694.0,50685.0,50693.0,50689.0,50692.0,50694.0,50684.0
4020,50690.3,50693.0,50685.0,50694.0,50694.0,50685.0,50693.0,50689.0,50692.0,50694.0,50684.0
4021,50690.3,50693.0,50685.0,50694.0,50694.0,50685.0,50693.0,50689.0,50692.0,50694.0,50684.0
4022,50690.3,50693.0,50685.0,50694.0,50694.0,50685.0,50693.0,50689.0,50692.0,50694.0,50684.0
4023,50690.3,50693.0,50685.0,50694.0,50694.0,50685.0,50693.0,50689.0,50692.0,50694.0,50684.0
4024,50690.3,50693.0,50685.0,50694.0,50694.0,50685.0,50693.0,50689.0,50692.0,50694.0,50684.0
4025,50690.3,50693.0,50685.0,50694.0,50694.0,50685.0,50693.0,50689.0,50692.0,50694.0,50684.0
4026,50690.3,50693.0,50685.0,50694.0,50694.0,50685.0,50693.0,50689.0,50692.0,50694.0,50684.0
4027,50690.3,50693.0,50685.0,50694.0,50694.0,50685.0,50693.0,50689.0,50692.0,50694.0,50684.0
4028,50690.3,50693.0,50685.0,50694.0,50694.0,50685.0,50693.0,50689.0,50692.0,50694.0,50684.0
4029,50690.3,50693.0,50685.0,50694.0,50694.0,50685.0,50693.0,50689.0,50692.0,50694.0,50684.0
4030,50690.3,50693.0,50685.0,50694.0,50694.0,50685.0,50693.0,50689.0,50692.0,50694.0,50684.0
4031,50690.3,50693.0,50685.0,50694.0,50694.0,50685.0,50693.0,50689.0,50692.0,50694.0,50684.0
4032,50690.3,50693.0,50685.0,50694.0,50694.0,50685.0,50693.0,50689.0,50692.0,50694.0,50684.0
4033,50690.3,50693.0,50685.0,50694.0,50694.0,50685.0,50693.0,50689.0,50692.0,50694.0,50684.0
4034,50690.3,50693.0,50685.0,50694.0,50694.0,50685.0,50693.0,50689.0,50692.0,50694.0,50684.0
4035,50690.3,50693.0,50685.0,50694.0,50694.0,50685.0,50693.0,50689.0,50692.0,50694.0,50684.0
4036,50690.3,50693.0,50685.0,50694.0,50694.0,50685.0,50693.0,50689.0,50692.0,50694.0,50684.0
4037,50690.3,50693.0,50685.0,50694.0,50694.0,50685.0,50693.0,50689.0,50692.0,50694.0,50684.0
4038,50690.3,50693.0,50685.0,50694.0,50694.0,50685.0,50693.0,50689.0,50692.0,50694.0,50684.0
4039,50690.3,50693.0,50685.0,50694.0,50694.0,50685.0,50693.0,50689.0,50692.0,50694.0,50684.0
4040,50690.3,50693.0,50685.0,50694.0,50694.0,50685.0,50693.0,50689.0,50692.0,50694.0,50684.0
4041,50690.3,50693.0,50685.0,50694.0,50694.0,50685.0,50693.0,50689.0,50692.0,50694.0,50684.0
4042,50690.3,50693.0,50685.0,50694.0,50694.0,50685.0,50693.0,50689.0,50692.0,50694.0,50684.0
4043,50690.3,50693.0,50685.0,50694.0,50694.0,50685.0,50693.0,50689.0,50692.0,50694.0,50684.0
4044,50690.3,50693.0,50685.0,50694.0,50694.0,50685.0,50693.0,50689.0,50692.0,50694.0,50684.0
4045,50690.3,50693.0,50685.0,50694.0,50694.0,50685.0,50693.0,50689.0,50692.0,50694.0,50684.0
4046,50690.3,50693.0,50685.0,50694.0,50694.0,50685.0,50693.0,50689.0,50692.0,50694.0,50684.0
4047,50690.3,50693.0,50685.0,50694.0,50694.0,50685.0,50693.0,50689.0,50692.0,50694.0,50684.0
4048,50690.3,50693.0,50685.0,50694.0,50694.0,50685.0,50693.0,50689.0,50692.0,50694.0,50684.0
4049,50690.3,50693.0,50685.0,50694.0,50694.0,50685.0,50693.0,50689.0,50692.0,50694.0,50684.0
4050,50690.3,50693.0,50685.0,50694.0,50694.0,50685.0,50693.0,50689.0,50692.0,50694.0,50684.0
4051,50690.3,50693.0,50685.0,50694.0,50694.0,50685.0,50693.0,50689.0,50692.0,50694.0,50684.0
4052,50690.3,50693.0,50685.0,50694.0,50694.0,50685.0,50693.0,50689.0,50692.0,50694.0,50684.0
4053,50690.3,50693.0,50685.0,50694.0,50694.0,50685.0,50693.0,50689.0,50692.0,50694.0,50684.0
4054,50690.3,50693.0,50685.0,50694.0,50694.0,50685.0,50693.0,50689.0,50692.0,50694.0,50684.0
4055,50690.3,50693.0,50685.0,50694.0,50694.0,50685.0,50693.0,50689.0,50692.0,50694.0,50684.0
4056,50690.3,50693.0,50685.0,50694.0,50694.0,50685.0,50693.0,50689.0,50692.0,50694.0,50684.0
4057,50690.3,50693.0,50685.0,50694.0,50694.0,50685.0,50693.0,50689.0,50692.0,50694.0,50684.0
4058,50690.3,50693.0,50685.0,50694.0,50694.0,50685.0,50693.0,50689.0,50692.0,50694.0,50684.0
4059,50690.3,50693.0,50685.0,50694.0,50694.0,50685.0,50693.0,50689.0,50692.0,50694.0,50684.0
4060,50690.3,50693.0,50685.0,50694.0,50694.0,50685.0,50693.0,50689.0,50692.0,50694.0,50684.0
4061,50690.3,50693.0,50685.0,50694.0,50694.0,50685.0,50693.0,50689.0,50692.0,50694.0,50684.0
4062,50690.3,50693.0,50685.0,50694.0,50694.0,50685.0,50693.0,50689.0,50692.0,50694.0,50684.0
4063,50690.3,50693.0,50685.0,50694.0,50694.0,50685.0,50693.0,50689.0,50692.0,50694.0,50684.0
4064,50690.3,50693.0,50685.0,50694.0,50694.0,50685.0,50693.0,50689.0,50692.0,50694.0,50684.0
4065,50690.3,50693.0,50685.0,50694.0,50694.0,50685.0,50693.0,50689.0,50692.0,50694.0,50684.0
4066,50690.3,50693.0,50685.0,50694.0,50694.0,50685.0,50693.0,50689.0,50692.0,50694.0,50684.0
4067,50690.3,50693.0,50685.0,50694.0,50694.0,50685.0,50693.0,50689.0,50692.0,50694.0,50684.0
4068,50690.3,50693.0,50685.0,50694.0,50694.0,50685.0,50693.0,50689.0,50692.0,50694.0,50684.0
4069,50690.3,50693.0,50685.0,50694.0,50694.0,50685.0,50693.0,50689.0,50692.0,50694.0,50684.0
4070,50690.3,50693.0,50685.0,50694.0,50694.0,50685.0,50693.0,50689.0,50692.0,50694.0,50684.0
4071,50690.3,50693.0,50685.0,50694.0,50694.0,50685.0,50693.0,50689.0,50692.0,50694.0,50684.0
4072,50690.3,50693.0,50685.0,50694.0,50694.0,50685.0,50693.0,50689.0,50692.0,50694.0,50684.0
4073,50690.3,50693.0,50685.0,50694.0,50694.0,50685.0,50693.0,50689.0,50692.0,50694.0,50684.0
4074,50690.3,50693.0,50685.0,50694.0,50694.0,50685.0,50693.0,50689.0,50692.0,50694.0,50684.0
4075,50690.3,50693.0,50685.0,50694.0,50694.0,50685.0,50693.0,50689.0,50692.0,50694.0,50684.0
4076,50690.3,50693.0,50685.0,50694.0,50694.0,50685.0,50693.0,50689.0,50692.0,50694.0,50684.0
4077,50690.3,50693.0,50685.0,50694.0,50694.0,50685.0,50693.0,50689.0,50692.0,50694.0,50684.0
4078,50690.3,50693.0,50685.0,50694.0,50694.0,50685.0,50693.0,50689.0,50692.0,50694.0,50684.0
4079,50690.3,50693.0,50685.0,50694.0,50694.0,50685.0,50693.0,50689.0,50692.0,50694.0,50684.0
4080,50690.3,50693.0,50685.0,50694.0,50694.0,50685.0,50693.0,50689.0,50692.0,50694.0,50684.0
4081,50690.3,50693.0,50685.0,50694.0,50694.0,50685.0,50693.0,50689.0,50692.0,50694.0,50684.0
4082,50690.3,50693.0,50685.0,50694.0,50694.0,50685.0,50693.0,50689.0,50692.0,50694.0,50684.0
4083,50690.3,50693.0,50685.0,50694.0,50694.0,50685.0,50693.0,50689.0,50692.0,50694.0,50684.0
4084,50690.3,50693.0,50685.0,50694.0,50694.0,50685.0,50693.0,50689.0,50692.0,50694.0,50684.0
4085,50690.3,50693.0,50685.0,50694.0,50694.0,50685.0,50693.0,50689.0,50692.0,50694.0,50684.0
4086,50690.3,50693.0,50685.0,50694.0,50694.0,50685.0,50693.0,50689.0,50692.0,50694.0,50684.0
4087,50690.3,50693.0,50685.0,50694.0,50694.0,50685.0,50693.0,50689.0,50692.0,50694.0,50684.0
4088,50690.3,50693.0,50685.0,50694.0,50694.0,50685.0,50693.0,50689.0,50692.0,50694.0,50684.0
4089,50690.3,50693.0,50685.0,50694.0,50694.0,50685.0,50693.0,50689.0,50692.0,50694.0,50684.0
4090,50690.3,50693.0,50685.0,50694.0,50694.0,50685.0,50693.0,50689.0,50692.0,50694.0,50684.0
4091,50690.3,50693.0,50685.0,50694.0,50694.0,50685.0,50693.0,50689.0,50692.0,50694.0,50684.0
4092,50690.3,50693.0,50685.0,50694.0,50694.0,50685.0,50693.0,50689.0,50692.0,50694.0,50684.0
4093,50690.3,50693.0,50685.0,50694.0,50694.0,50685.0,50693.0,50689.0,50692.0,50694.0,50684.0
4094,50690.3,50693.0,50685.0,50694.0,50694.0,50685.0,50693.0,50689.0,50692.0,50694.0,50684.0
4095,50690.3,50693.0,50685.0,50694.0,50694.0,50685.0,50693.0,50689.0,50692.0,50694.0,50684.0
4096,50690.3,50693.0,50685.0,50694.0,50694.0,50685.0,50693.0,50689.0,50692.0,50694.0,50684.0
4097,50690.3,50693.0,50685.0,50694.0,50694.0,50685.0,50693.0,50689.0,50692.0,50694.0,50684.0
4098,50690.3,50693.0,50685.0,50694.0,50694.0,50685.0,50693.0,50689.0,50692.0,50694.0,50684.0
4099,50690.3,50693.0,50685.0,50694.0,50694.0,50685.0,50693.0,50689.0,50692.0,50694.0,50684.0
4100,50690.3,50693.0,50685.0,50694.0,50694.0,50685.0,50693.0,50689.0,50692.0,50694.0,50684.0
4101,50690.3,50693.0,50685.0,50694.0,50694.0,50685.0,50693.0,50689.0,50692.0,50694.0,50684.0
4102,50690.3,50693.0,50685.0,50694.0,50694.0,50685.0,50693.0,50689.0,50692.0,50694.0,50684.0
4103,50690.3,50693.0,50685.0,50694.0,50694.0,50685.0,50693.0,50689.0,50692.0,50694.0,50684.0
4104,50690.3,50693.0,50685.0,50694.0,50694.0,50685.0,50693.0,50689.0,50692.0,50694.0,50684.0
4105,50690.3,50693.0,50685.0,50694.0,50694.0,50685.0,50693.0,50689.0,50692.0,50694.0,50684.0
4106,50690.3,50693.0,50685.0,50694.0,50694.0,50685.0,50693.0,50689.0,50692.0,50694.0,50684.0
4107,50690.3,50693.0,50685.0,50694.0,50694.0,50685.0,50693.0,50689.0,50692.0,50694.0,50684.0
4108,50690.3,50693.0,50685.0,50694.0,50694.0,50685.0,50693.0,50689.0,50692.0,50694.0,50684.0
4109,50690.3,50693.0,50685.0,50694.0,50694.0,50685.0,50693.0,50689.0,50692.0,50694.0,50684.0
4110,50690.3,50693.0,50685.0,50694.0,50694.0,50685.0,50693.0,50689.0,50692.0,50694.0,50684.0
4111,50690.3,50693.0,50685.0,50694.0,50694.0,50685.0,50693.0,50689.0,50692.0,50694.0,50684.0
4112,50690.3,50693.0,50685.0,50694.0,50694.0,50685.0,50693.0,50689.0,50692.0,50694.0,50684.0
4113,50690.3,50693.0,50685.0,50694.0,50694.0,50685.0,50693.0,50689.0,50692.0,50694.0,50684.0
4114,50690.3,50693.0,50685.0,50694.0,50694.0,50685.0,50693.0,50689.0,50692.0,50694.0,50684.0
4115,50690.3,50693.0,50685.0,50694.0,50694.0,50685.0,50693.0,50689.0,50692.0,50694.0,50684.0
4116,50690.3,50693.0,50685.0,50694.0,50694.0,50685.0,50693.0,50689.0,50692.0,50694.0,50684.0
4117,50690.3,50693.0,50685.0,50694.0,50694.0,50685.0,50693.0,50689.0,50692.0,50694.0,50684.0
4118,50690.3,50693.0,50685.0,50694.0,50694.0,50685.0,50693.0,50689.0,50692.0,50694.0,50684.0
4119,50690.3,50693.0,50685.0,50694.0,50694.0,50685.0,50693.0,50689.0,50692.0,50694.0,50684.0
4120,50690.3,50693.0,50685.0,50694.0,50694.0,50685.0,50693.0,50689.0,50692.0,50694.0,50684.0
4121,50690.3,50693.0,50685.0,50694.0,50694.0,50685.0,50693.0,50689.0,50692.0,50694.0,50684.0
4122,50690.3,50693.0,50685.0,50694.0,50694.0,50685.0,50693.0,50689.0,50692.0,50694.0,50684.0
4123,50690.3,50693.0,50685.0,50694.0,50694.0,50685.0,50693.0,50689.0,50692.0,50694.0,50684.0
4124,50690.3,50693.0,50685.0,50694.0,50694.0,50685.0,50693.0,50689.0,50692.0,50694.0,50684.0
4125,50690.3,50693.0,50685.0,50694.0,50694.0,50685.0,50693.0,50689.0,50692.0,50694.0,50684.0
4126,50690.3,50693.0,50685.0,50694.0,50694.0,50685.0,50693.0,50689.0,50692.0,50694.0,50684.0
4127,50690.3,50693.0,50685.0,50694.0,50694.0,50685.0,50693.0,50689.0,50692.0,50694.0,50684.0
4128,50690.3,50693.0,50685.0,50694.0,50694.0,50685.0,50693.0,50689.0,50692.0,50694.0,50684.0
4129,50690.3,50693.0,50685.0,50694.0,50694.0,50685.0,50693.0,50689.0,50692.0,50694.0,50684.0
4130,50690.3,50693.0,50685.0,50694.0,50694.0,50685.0,50693.0,50689.0,50692.0,50694.0,50684.0
4131,50690.3,50693.0,50685.0,50694.0,50694.0,50685.0,50693.0,50689.0,50692.0,50694.0,50684.0
4132,50690.3,50693.0,50685.0,50694.0,50694.0,50685.0,50693.0,50689.0,50692.0,50694.0,50684.0
4133,50690.3,50693.0,50685.0,50694.0,50694.0,50685.0,50693.0,50689.0,50692.0,50694.0,50684.0
4134,50690.3,50693.0,50685.0,50694.0,50694.0,50685.0,50693.0,50689.0,50692.0,50694.0,50684.0
4135,50690.3,50693.0,50685.0,50694.0,50694.0,50685.0,50693.0,50689.0,50692.0,50694.0,50684.0
4136,50690.3,50693.0,50685.0,50694.0,50694.0,50685.0,50693.0,50689.0,50692.0,50694.0,50684.0
4137,50690.3,50693.0,50685.0,50694.0,50694.0,50685.0,50693.0,50689.0,50692.0,50694.0,50684.0
4138,50690.3,50693.0,50685.0,50694.0,50694.0,50685.0,50693.0,50689.0,50692.0,50694.0,50684.0
4139,50690.3,50693.0,50685.0,50694.0,50694.0,50685.0,50693.0,50689.0,50692.0,50694.0,50684.0
4140,50690.3,50693.0,50685.0,50694.0,50694.0,50685.0,50693.0,50689.0,50692.0,50694.0,50684.0
4141,50690.3,50693.0,50685.0,50694.0,50694.0,50685.0,50693.0,50689.0,50692.0,50694.0,50684.0
4142,50690.3,50693.0,50685.0,50694.0,50694.0,50685.0,50693.0,50689.0,50692.0,50694.0,50684.0
4143,50690.3,50693.0,50685.0,50694.0,50694.0,50685.0,50693.0,50689.0,50692.0,50694.0,50684.0
4144,50690.3,50693.0,50685.0,50694.0,50694.0,50685.0,50693.0,50689.0,50692.0,50694.0,50684.0
4145,50690.3,50693.0,50685.0,50694.0,50694.0,50685.0,50693.0,50689.0,50692.0,50694.0,50684.0
4146,50690.3,50693.0,50685.0,50694.0,50694.0,50685.0,50693.0,50689.0,50692.0,50694.0,50684.0
4147,50690.3,50693.0,50685.0,50694.0,50694.0,50685.0,50693.0,50689.0,50692.0,50694.0,50684.0
4148,50690.3,50693.0,50685.0,50694.0,50694.0,50685.0,50693.0,50689.0,50692.0,50694.0,50684.0
4149,50690.3,50693.0,50685.0,50694.0,50694.0,50685.0,50693.0,50689.0,50692.0,50694.0,50684.0
4150,50690.3,50693.0,50685.0,50694.0,50694.0,50685.0,50693.0,50689.0,50692.0,50694.0,50684.0
4151,50690.3,50693.0,50685.0,50694.0,50694.0,50685.0,50693.0,50689.0,50692.0,50694.0,50684.0
4152,50690.3,50693.0,50685.0,50694.0,50694.0,50685.0,50693.0,50689.0,50692.0,50694.0,50684.0
4153,50690.3,50693.0,50685.0,50694.0,50694.0,50685.0,50693.0,50689.0,50692.0,50694.0,50684.0
4154,50690.3,50693.0,50685.0,50694.0,50694.0,50685.0,50693.0,50689.0,50692.0,50694.0,50684.0
4155,50690.3,50693.0,50685.0,50694.0,50694.0,50685.0,50693.0,50689.0,50692.0,50694.0,50684.0
4156,50690.3,50693.0,50685.0,50694.0,50694.0,50685.0,50693.0,50689.0,50692.0,50694.0,50684.0
4157,50690.3,50693.0,50685.0,50694.0,50694.0,50685.0,50693.0,50689.0,50692.0,50694.0,50684.0
4158,50690.3,50693.0,50685.0,50694.0,50694.0,50685.0,50693.0,50689.0,50692.0,50694.0,50684.0
4159,50690.3,50693.0,50685.0,50694.0,50694.0,50685.0,50693.0,50689.0,50692.0,50694.0,50684.0
4160,50690.3,50693.0,50685.0,50694.0,50694.0,50685.0,50693.0,50689.0,50692.0,50694.0,50684.0
4161,50690.3,50693.0,50685.0,50694.0,50694.0,50685.0,50693.0,50689.0,50692.0,50694.0,50684.0
4162,50690.3,50693.0,50685.0,50694.0,50694.0,50685.0,50693.0,50689.0,50692.0,50694.0,50684.0
4163,50690.3,50693.0,50685.0,50694.0,50694.0,50685.0,50693.0,50689.0,50692.0,50694.0,50684.0
4164,50690.3,50693.0,50685.0,50694.0,50694.0,50685.0,50693.0,50689.0,50692.0,50694.0,50684.0
4165,50690.3,50693.0,50685.0,50694.0,50694.0,50685.0,50693.0,50689.0,50692.0,50694.0,50684.0
4166,50690.3,50693.0,50685.0,50694.0,50694.0,50685.0,50693.0,50689.0,50692.0,50694.0,50684.0
4167,50690.3,50693.0,50685.0,50694.0,50694.0,50685.0,50693.0,50689.0,50692.0,50694.0,50684.0
4168,50690.3,50693.0,50685.0,50694.0,50694.0,50685.0,50693.0,50689.0,50692.0,50694.0,50684.0
4169,50690.3,50693.0,50685.0,50694.0,50694.0,50685.0,50693.0,50689.0,50692.0,50694.0,50684.0
4170,50690.3,50693.0,50685.0,50694.0,50694.0,50685.0,50693.0,50689.0,50692.0,50694.0,50684.0
4171,50690.3,50693.0,50685.0,50694.0,50694.0,50685.0,50693.0,50689.0,50692.0,50694.0,50684.0
4172,50690.3,50693.0,50685.0,50694.0,50694.0,50685.0,50693.0,50689.0,50692.0,50694.0,50684.0
4173,50690.3,50693.0,50685.0,50694.0,50694.0,50685.0,50693.0,50689.0,50692.0,50694.0,50684.0
4174,50690.3,50693.0,50685.0,50694.0,50694.0,50685.0,50693.0,50689.0,50692.0,50694.0,50684.0
4175,50690.3,50693.0,50685.0,50694.0,50694.0,50685.0,50693.0,50689.0,50692.0,50694.0,50684.0
4176,50690.3,50693.0,50685.0,50694.0,50694.0,50685.0,50693.0,50689.0,50692.0,50694.0,50684.0
4177,50690.3,50693.0,50685.0,50694.0,50694.0,50685.0,50693.0,50689.0,50692.0,50694.0,50684.0
4178,50690.3,50693.0,50685.0,50694.0,50694.0,50685.0,50693.0,50689.0,50692.0,50694.0,50684.0
4179,50690.3,50693.0,50685.0,50694.0,50694.0,50685.0,50693.0,50689.0,50692.0,50694.0,50684.0
4180,50690.3,50693.0,50685.0,50694.0,50694.0,50685.0,50693.0,50689.0,50692.0,50694.0,50684.0
4181,50690.3,50693.0,50685.0,50694.0,50694.0,50685.0,50693.0,50689.0,50692.0,50694.0,50684.0
4182,50690.3,50693.0,50685.0,50694.0,50694.0,50685.0,50693.0,50689.0,50692.0,50694.0,50684.0
4183,50690.3,50693.0,50685.0,50694.0,50694.0,50685.0,50693.0,50689.0,50692.0,50694.0,50684.0
4184,50690.3,50693.0,50685.0,50694.0,50694.0,50685.0,50693.0,50689.0,50692.0,50694.0,50684.0
4185,50690.3,50693.0,50685.0,50694.0,50694.0,50685.0,50693.0,50689.0,50692.0,50694.0,50684.0
4186,50690.3,50693.0,50685.0,50694.0,50694.0,50685.0,50693.0,50689.0,50692.0,50694.0,50684.0
4187,50690.3,50693.0,50685.0,50694.0,50694.0,50685.0,50693.0,50689.0,50692.0,50694.0,50684.0
4188,50690.3,50693.0,50685.0,50694.0,50694.0,50685.0,50693.0,50689.0,50692.0,50694.0,50684.0
4189,50690.3,50693.0,50685.0,50694.0,50694.0,50685.0,50693.0,50689.0,50692.0,50694.0,50684.0
4190,50690.3,50693.0,50685.0,50694.0,50694.0,50685.0,50693.0,50689.0,50692.0,50694.0,50684.0
4191,50690.3,50693.0,50685.0,50694.0,50694.0,50685.0,50693.0,50689.0,50692.0,50694.0,50684.0
4192,50690.3,50693.0,50685.0,50694.0,50694.0,50685.0,50693.0,50689.0,50692.0,50694.0,50684.0
4193,50690.3,50693.0,50685.0,50694.0,50694.0,50685.0,50693.0,50689.0,50692.0,50694.0,50684.0
4194,50690.3,50693.0,50685.0,50694.0,50694.0,50685.0,50693.0,50689.0,50692.0,50694.0,50684.0
4195,50690.3,50693.0,50685.0,50694.0,50694.0,50685.0,50693.0,50689.0,50692.0,50694.0,50684.0
4196,50690.3,50693.0,50685.0,50694.0,50694.0,50685.0,50693.0,50689.0,50692.0,50694.0,50684.0
4197,50690.3,50693.0,50685.0,50694.0,50694.0,50685.0,50693.0,50689.0,50692.0,50694.0,50684.0
4198,50690.3,50693.0,50685.0,50694.0,50694.0,50685.0,50693.0,50689.0,50692.0,50694.0,50684.0
4199,50690.3,50693.0,50685.0,50694.0,50694.0,50685.0,50693.0,50689.0,50692.0,50694.0,50684.0
4200,50690.3,50693.0,50685.0,50694.0,50694.0,50685.0,50693.0,50689.0,50692.0,50694.0,50684.0
4201,50690.3,50693.0,50685.0,50694.0,50694.0,50685.0,50693.0,50689.0,50692.0,50694.0,50684.0
4202,50690.3,50693.0,50685.0,50694.0,50694.0,50685.0,50693.0,50689.0,50692.0,50694.0,50684.0
4203,50690.3,50693.0,50685.0,50694.0,50694.0,50685.0,50693.0,50689.0,50692.0,50694.0,50684.0
4204,50690.3,50693.0,50685.0,50694.0,50694.0,50685.0,50693.0,50689.0,50692.0,50694.0,50684.0
4205,50690.3,50693.0,50685.0,50694.0,50694.0,50685.0,50693.0,50689.0,50692.0,50694.0,50684.0
4206,50690.3,50693.0,50685.0,50694.0,50694.0,50685.0,50693.0,50689.0,50692.0,50694.0,50684.0
4207,50690.3,50693.0,50685.0,50694.0,50694.0,50685.0,50693.0,50689.0,50692.0,50694.0,50684.0
4208,50690.3,50693.0,50685.0,50694.0,50694.0,50685.0,50693.0,50689.0,50692.0,50694.0,50684.0
4209,50690.3,50693.0,50685.0,50694.0,50694.0,50685.0,50693.0,50689.0,50692.0,50694.0,50684.0
4210,50690.3,50693.0,50685.0,50694.0,50694.0,50685.0,50693.0,50689.0,50692.0,50694.0,50684.0
4211,50690.3,50693.0,50685.0,50694.0,50694.0,50685.0,50693.0,50689.0,50692.0,50694.0,50684.0
4212,50690.3,50693.0,50685.0,50694.0,50694.0,50685.0,50693.0,50689.0,50692.0,50694.0,50684.0
4213,50690.3,50693.0,50685.0,50694.0,50694.0,50685.0,50693.0,50689.0,50692.0,50694.0,50684.0
4214,50690.3,50693.0,50685.0,50694.0,50694.0,50685.0,50693.0,50689.0,50692.0,50694.0,50684.0
4215,50690.3,50693.0,50685.0,50694.0,50694.0,50685.0,50693.0,50689.0,50692.0,50694.0,50684.0
4216,50690.3,50693.0,50685.0,50694.0,50694.0,50685.0,50693.0,50689.0,50692.0,50694.0,50684.0
4217,50690.3,50693.0,50685.0,50694.0,50694.0,50685.0,50693.0,50689.0,50692.0,50694.0,50684.0
4218,50690.3,50693.0,50685.0,50694.0,50694.0,50685.0,50693.0,50689.0,50692.0,50694.0,50684.0
4219,50690.3,50693.0,50685.0,50694.0,50694.0,50685.0,50693.0,50689.0,50692.0,50694.0,50684.0
4220,50690.3,50693.0,50685.0,50694.0,50694.0,50685.0,50693.0,50689.0,50692.0,50694.0,50684.0
4221,50690.3,50693.0,50685.0,50694.0,50694.0,50685.0,50693.0,50689.0,50692.0,50694.0,50684.0
4222,50690.3,50693.0,50685.0,50694.0,50694.0,50685.0,50693.0,50689.0,50692.0,50694.0,50684.0
4223,50690.3,50693.0,50685.0,50694.0,50694.0,50685.0,50693.0,50689.0,50692.0,50694.0,50684.0
4224,50690.3,50693.0,50685.0,50694.0,50694.0,50685.0,50693.0,50689.0,50692.0,50694.0,50684.0
4225,50690.3,50693.0,50685.0,50694.0,50694.0,50685.0,50693.0,50689.0,50692.0,50694.0,50684.0
4226,50690.3,50693.0,50685.0,50694.0,50694.0,50685.0,50693.0,50689.0,50692.0,50694.0,50684.0
4227,50690.3,50693.0,50685.0,50694.0,50694.0,50685.0,50693.0,50689.0,50692.0,50694.0,50684.0
4228,50690.3,50693.0,50685.0,50694.0,50694.0,50685.0,50693.0,50689.0,50692.0,50694.0,50684.0
4229,50690.3,50693.0,50685.0,50694.0,50694.0,50685.0,50693.0,50689.0,50692.0,50694.0,50684.0
4230,50690.3,50693.0,50685.0,50694.0,50694.0,50685.0,50693.0,50689.0,50692.0,50694.0,50684.0
4231,50690.3,50693.0,50685.0,50694.0,50694.0,50685.0,50693.0,50689.0,50692.0,50694.0,50684.0
4232,50690.3,50693.0,50685.0,50694.0,50694.0,50685.0,50693.0,50689.0,50692.0,50694.0,50684.0
4233,50690.3,50693.0,50685.0,50694.0,50694.0,50685.0,50693.0,50689.0,50692.0,50694.0,50684.0
4234,50690.3,50693.0,50685.0,50694.0,50694.0,50685.0,50693.0,50689.0,50692.0,50694.0,50684.0
4235,50690.3,50693.0,50685.0,50694.0,50694.0,50685.0,50693.0,50689.0,50692.0,50694.0,50684.0
4236,50690.3,50693.0,50685.0,50694.0,50694.0,50685.0,50693.0,50689.0,50692.0,50694.0,50684.0
4237,50690.3,50693.0,50685.0,50694.0,50694.0,50685.0,50693.0,50689.0,50692.0,50694.0,50684.0
4238,50690.3,50693.0,50685.0,50694.0,50694.0,50685.0,50693.0,50689.0,50692.0,50694.0,50684.0
4239,50690.3,50693.0,50685.0,50694.0,50694.0,50685.0,50693.0,50689.0,50692.0,50694.0,50684.0
4240,50690.3,50693.0,50685.0,50694.0,50694.0,50685.0,50693.0,50689.0,50692.0,50694.0,50684.0
4241,50690.3,50693.0,50685.0,50694.0,50694.0,50685.0,50693.0,50689.0,50692.0,50694.0,50684.0
4242,50690.3,50693.0,50685.0,50694.0,50694.0,50685.0,50693.0,50689.0,50692.0,50694.0,50684.0
4243,50690.3,50693.0,50685.0,50694.0,50694.0,50685.0,50693.0,50689.0,50692.0,50694.0,50684.0
4244,50690.3,50693.0,50685.0,50694.0,50694.0,50685.0,50693.0,50689.0,50692.0,50694.0,50684.0
4245,50690.3,50693.0,50685.0,50694.0,50694.0,50685.0,50693.0,50689.0,50692.0,50694.0,50684.0
4246,50690.3,50693.0,50685.0,50694.0,50694.0,50685.0,50693.0,50689.0,50692.0,50694.0,50684.0
4247,50690.3,50693.0,50685.0,50694.0,50694.0,50685.0,50693.0,50689.0,50692.0,50694.0,50684.0
4248,50690.3,50693.0,50685.0,50694.0,50694.0,50685.0,50693.0,50689.0,50692.0,50694.0,50684.0
4249,50690.3,50693.0,50685.0,50694.0,50694.0,50685.0,50693.0,50689.0,50692.0,50694.0,50684.0
4250,50690.3,50693.0,50685.0,50694.0,50694.0,50685.0,50693.0,50689.0,50692.0,50694.0,50684.0
4251,50690.3,50693.0,50685.0,50694.0,50694.0,50685.0,50693.0,50689.0,50692.0,50694.0,50684.0
4252,50690.3,50693.0,50685.0,50694.0,50694.0,50685.0,50693.0,50689.0,50692.0,50694.0,50684.0
4253,50690.3,50693.0,50685.0,50694.0,50694.0,50685.0,50693.0,50689.0,50692.0,50694.0,50684.0
4254,50690.3,50693.0,50685.0,50694.0,50694.0,50685.0,50693.0,50689.0,50692.0,50694.0,50684.0
4255,50690.3,50693.0,50685.0,50694.0,50694.0,50685.0,50693.0,50689.0,50692.0,50694.0,50684.0
4256,50690.3,50693.0,50685.0,50694.0,50694.0,50685.0,50693.0,50689.0,50692.0,50694.0,50684.0
4257,50690.3,50693.0,50685.0,50694.0,50694.0,50685.0,50693.0,50689.0,50692.0,50694.0,50684.0
4258,50690.3,50693.0,50685.0,50694.0,50694.0,50685.0,50693.0,50689.0,50692.0,50694.0,50684.0
4259,50690.3,50693.0,50685.0,50694.0,50694.0,50685.0,50693.0,50689.0,50692.0,50694.0,50684.0
4260,50690.3,50693.0,50685.0,50694.0,50694.0,50685.0,50693.0,50689.0,50692.0,50694.0,50684.0
4261,50690.3,50693.0,50685.0,50694.0,50694.0,50685.0,50693.0,50689.0,50692.0,50694.0,50684.0
4262,50690.3,50693.0,50685.0,50694.0,50694.0,50685.0,50693.0,50689.0,50692.0,50694.0,50684.0
4263,50690.3,50693.0,50685.0,50694.0,50694.0,50685.0,50693.0,50689.0,50692.0,50694.0,50684.0
4264,50690.3,50693.0,50685.0,50694.0,50694.0,50685.0,50693.0,50689.0,50692.0,50694.0,50684.0
4265,50690.3,50693.0,50685.0,50694.0,50694.0,50685.0,50693.0,50689.0,50692.0,50694.0,50684.0
4266,50690.3,50693.0,50685.0,50694.0,50694.0,50685.0,50693.0,50689.0,50692.0,50694.0,50684.0
4267,50690.3,50693.0,50685.0,50694.0,50694.0,50685.0,50693.0,50689.0,50692.0,50694.0,50684.0
4268,50690.3,50693.0,50685.0,50694.0,50694.0,50685.0,50693.0,50689.0,50692.0,50694.0,50684.0
4269,50690.3,50693.0,50685.0,50694.0,50694.0,50685.0,50693.0,50689.0,50692.0,50694.0,50684.0
4270,50690.3,50693.0,50685.0,50694.0,50694.0,50685.0,50693.0,50689.0,50692.0,50694.0,50684.0
4271,50690.3,50693.0,50685.0,50694.0,50694.0,50685.0,50693.0,50689.0,50692.0,50694.0,50684.0
4272,50690.3,50693.0,50685.0,50694.0,50694.0,50685.0,50693.0,50689.0,50692.0,50694.0,50684.0
4273,50690.3,50693.0,50685.0,50694.0,50694.0,50685.0,50693.0,50689.0,50692.0,50694.0,50684.0
4274,50690.3,50693.0,50685.0,50694.0,50694.0,50685.0,50693.0,50689.0,50692.0,50694.0,50684.0
4275,50690.3,50693.0,50685.0,50694.0,50694.0,50685.0,50693.0,50689.0,50692.0,50694.0,50684.0
4276,50690.3,50693.0,50685.0,50694.0,50694.0,50685.0,50693.0,50689.0,50692.0,50694.0,50684.0
4277,50690.3,50693.0,50685.0,50694.0,50694.0,50685.0,50693.0,50689.0,50692.0,50694.0,50684.0
4278,50690.3,50693.0,50685.0,50694.0,50694.0,50685.0,50693.0,50689.0,50692.0,50694.0,50684.0
4279,50690.3,50693.0,50685.0,50694.0,50694.0,50685.0,50693.0,50689.0,50692.0,50694.0,50684.0
4280,50690.3,50693.0,50685.0,50694.0,50694.0,50685.0,50693.0,50689.0,50692.0,50694.0,50684.0
4281,50690.3,50693.0,50685.0,50694.0,50694.0,50685.0,50693.0,50689.0,50692.0,50694.0,50684.0
4282,50690.3,50693.0,50685.0,50694.0,50694.0,50685.0,50693.0,50689.0,50692.0,50694.0,50684.0
4283,50690.3,50693.0,50685.0,50694.0,50694.0,50685.0,50693.0,50689.0,50692.0,50694.0,50684.0
4284,50690.3,50693.0,50685.0,50694.0,50694.0,50685.0,50693.0,50689.0,50692.0,50694.0,50684.0
4285,50690.3,50693.0,50685.0,50694.0,50694.0,50685.0,50693.0,50689.0,50692.0,50694.0,50684.0
4286,50690.3,50693.0,50685.0,50694.0,50694.0,50685.0,50693.0,50689.0,50692.0,50694.0,50684.0
4287,50690.3,50693.0,50685.0,50694.0,50694.0,50685.0,50693.0,50689.0,50692.0,50694.0,50684.0
4288,50690.3,50693.0,50685.0,50694.0,50694.0,50685.0,50693.0,50689.0,50692.0,50694.0,50684.0
4289,50690.3,50693.0,50685.0,50694.0,50694.0,50685.0,50693.0,50689.0,50692.0,50694.0,50684.0
4290,50690.3,50693.0,50685.0,50694.0,50694.0,50685.0,50693.0,50689.0,50692.0,50694.0,50684.0
4291,50690.3,50693.0,50685.0,50694.0,50694.0,50685.0,50693.0,50689.0,50692.0,50694.0,50684.0
4292,50690.3,50693.0,50685.0,50694.0,50694.0,50685.0,50693.0,50689.0,50692.0,50694.0,50684.0
4293,50690.3,50693.0,50685.0,50694.0,50694.0,50685.0,50693.0,50689.0,50692.0,50694.0,50684.0
4294,50690.3,50693.0,50685.0,50694.0,50694.0,50685.0,50693.0,50689.0,50692.0,50694.0,50684.0
4295,50690.3,50693.0,50685.0,50694.0,50694.0,50685.0,50693.0,50689.0,50692.0,50694.0,50684.0
4296,50690.3,50693.0,50685.0,50694.0,50694.0,50685.0,50693.0,50689.0,50692.0,50694.0,50684.0
4297,50690.3,50693.0,50685.0,50694.0,50694.0,50685.0,50693.0,50689.0,50692.0,50694.0,50684.0
4298,50690.3,50693.0,50685.0,50694.0,50694.0,50685.0,50693.0,50689.0,50692.0,50694.0,50684.0
4299,50690.3,50693.0,50685.0,50694.0,50694.0,50685.0,50693.0,50689.0,50692.0,50694.0,50684.0
4300,50690.3,50693.0,50685.0,50694.0,50694.0,50685.0,50693.0,50689.0,50692.0,50694.0,50684.0
4301,50690.3,50693.0,50685.0,50694.0,50694.0,50685.0,50693.0,50689.0,50692.0,50694.0,50684.0
4302,50690.3,50693.0,50685.0,50694.0,50694.0,50685.0,50693.0,50689.0,50692.0,50694.0,50684.0
4303,50690.3,50693.0,50685.0,50694.0,50694.0,50685.0,50693.0,50689.0,50692.0,50694.0,50684.0
4304,50690.3,50693.0,50685.0,50694.0,50694.0,50685.0,50693.0,50689.0,50692.0,50694.0,50684.0
4305,50690.3,50693.0,50685.0,50694.0,50694.0,50685.0,50693.0,50689.0,50692.0,50694.0,50684.0
4306,50690.3,50693.0,50685.0,50694.0,50694.0,50685.0,50693.0,50689.0,50692.0,50694.0,50684.0
4307,50690.3,50693.0,50685.0,50694.0,50694.0,50685.0,50693.0,50689.0,50692.0,50694.0,50684.0
4308,50690.3,50693.0,50685.0,50694.0,50694.0,50685.0,50693.0,50689.0,50692.0,50694.0,50684.0
4309,50690.3,50693.0,50685.0,50694.0,50694.0,50685.0,50693.0,50689.0,50692.0,50694.0,50684.0
4310,50690.3,50693.0,50685.0,50694.0,50694.0,50685.0,50693.0,50689.0,50692.0,50694.0,50684.0
4311,50690.3,50693.0,50685.0,50694.0,50694.0,50685.0,50693.0,50689.0,50692.0,50694.0,50684.0
4312,50690.3,50693.0,50685.0,50694.0,50694.0,50685.0,50693.0,50689.0,50692.0,50694.0,50684.0
4313,50690.3,50693.0,50685.0,50694.0,50694.0,50685.0,50693.0,50689.0,50692.0,50694.0,50684.0
4314,50690.3,50693.0,50685.0,50694.0,50694.0,50685.0,50693.0,50689.0,50692.0,50694.0,50684.0
4315,50690.3,50693.0,50685.0,50694.0,50694.0,50685.0,50693.0,50689.0,50692.0,50694.0,50684.0
4316,50690.3,50693.0,50685.0,50694.0,50694.0,50685.0,50693.0,50689.0,50692.0,50694.0,50684.0
4317,50690.3,50693.0,50685.0,50694.0,50694.0,50685.0,50693.0,50689.0,50692.0,50694.0,50684.0
4318,50690.3,50693.0,50685.0,50694.0,50694.0,50685.0,50693.0,50689.0,50692.0,50694.0,50684.0
4319,50690.3,50693.0,50685.0,50694.0,50694.0,50685.0,50693.0,50689.0,50692.0,50694.0,50684.0
4320,50690.3,50693.0,50685.0,50694.0,50694.0,50685.0,50693.0,50689.0,50692.0,50694.0,50684.0
4321,50690.3,50693.0,50685.0,50694.0,50694.0,50685.0,50693.0,50689.0,50692.0,50694.0,50684.0
4322,50690.3,50693.0,50685.0,50694.0,50694.0,50685.0,50693.0,50689.0,50692.0,50694.0,50684.0
4323,50690.3,50693.0,50685.0,50694.0,50694.0,50685.0,50693.0,50689.0,50692.0,50694.0,50684.0
4324,50690.3,50693.0,50685.0,50694.0,50694.0,50685.0,50693.0,50689.0,50692.0,50694.0,50684.0
4325,50690.3,50693.0,50685.0,50694.0,50694.0,50685.0,50693.0,50689.0,50692.0,50694.0,50684.0
4326,50690.3,50693.0,50685.0,50694.0,50694.0,50685.0,50693.0,50689.0,50692.0,50694.0,50684.0
4327,50690.3,50693.0,50685.0,50694.0,50694.0,50685.0,50693.0,50689.0,50692.0,50694.0,50684.0
4328,50690.3,50693.0,50685.0,50694.0,50694.0,50685.0,50693.0,50689.0,50692.0,50694.0,50684.0
4329,50690.3,50693.0,50685.0,50694.0,50694.0,50685.0,50693.0,50689.0,50692.0,50694.0,50684.0
4330,50690.3,50693.0,50685.0,50694.0,50694.0,50685.0,50693.0,50689.0,50692.0,50694.0,50684.0
4331,50690.3,50693.0,50685.0,50694.0,50694.0,50685.0,50693.0,50689.0,50692.0,50694.0,50684.0
4332,50690.3,50693.0,50685.0,50694.0,50694.0,50685.0,50693.0,50689.0,50692.0,50694.0,50684.0
4333,50690.3,50693.0,50685.0,50694.0,50694.0,50685.0,50693.0,50689.0,50692.0,50694.0,50684.0
4334,50690.3,50693.0,50685.0,50694.0,50694.0,50685.0,50693.0,50689.0,50692.0,50694.0,50684.0
4335,50690.3,50693.0,50685.0,50694.0,50694.0,50685.0,50693.0,50689.0,50692.0,50694.0,50684.0
4336,50690.3,50693.0,50685.0,50694.0,50694.0,50685.0,50693.0,50689.0,50692.0,50694.0,50684.0
4337,50690.3,50693.0,50685.0,50694.0,50694.0,50685.0,50693.0,50689.0,50692.0,50694.0,50684.0
4338,50690.3,50693.0,50685.0,50694.0,50694.0,50685.0,50693.0,50689.0,50692.0,50694.0,50684.0
4339,50690.3,50693.0,50685.0,50694.0,50694.0,50685.0,50693.0,50689.0,50692.0,50694.0,50684.0
4340,50690.3,50693.0,50685.0,50694.0,50694.0,50685.0,50693.0,50689.0,50692.0,50694.0,50684.0
4341,50690.3,50693.0,50685.0,50694.0,50694.0,50685.0,50693.0,50689.0,50692.0,50694.0,50684.0
4342,50690.3,50693.0,50685.0,50694.0,50694.0,50685.0,50693.0,50689.0,50692.0,50694.0,50684.0
4343,50690.3,50693.0,50685.0,50694.0,50694.0,50685.0,50693.0,50689.0,50692.0,50694.0,50684.0
4344,50690.3,50693.0,50685.0,50694.0,50694.0,50685.0,50693.0,50689.0,50692.0,50694.0,50684.0
4345,50690.3,50693.0,50685.0,50694.0,50694.0,50685.0,50693.0,50689.0,50692.0,50694.0,50684.0
4346,50690.3,50693.0,50685.0,50694.0,50694.0,50685.0,50693.0,50689.0,50692.0,50694.0,50684.0
4347,50690.3,50693.0,50685.0,50694.0,50694.0,50685.0,50693.0,50689.0,50692.0,50694.0,50684.0
4348,50690.3,50693.0,50685.0,50694.0,50694.0,50685.0,50693.0,50689.0,50692.0,50694.0,50684.0
4349,50690.3,50693.0,50685.0,50694.0,50694.0,50685.0,50693.0,50689.0,50692.0,50694.0,50684.0
4350,50690.3,50693.0,50685.0,50694.0,50694.0,50685.0,50693.0,50689.0,50692.0,50694.0,50684.0
4351,50690.3,50693.0,50685.0,50694.0,50694.0,50685.0,50693.0,50689.0,50692.0,50694.0,50684.0
4352,50690.3,50693.0,50685.0,50694.0,50694.0,50685.0,50693.0,50689.0,50692.0,50694.0,50684.0
4353,50690.3,50693.0,50685.0,50694.0,50694.0,50685.0,50693.0,50689.0,50692.0,50694.0,50684.0
4354,50690.3,50693.0,50685.0,50694.0,50694.0,50685.0,50693.0,50689.0,50692.0,50694.0,50684.0
4355,50690.3,50693.0,50685.0,50694.0,50694.0,50685.0,50693.0,50689.0,50692.0,50694.0,50684.0
4356,50690.3,50693.0,50685.0,50694.0,50694.0,50685.0,50693.0,50689.0,50692.0,50694.0,50684.0
4357,50690.3,50693.0,50685.0,50694.0,50694.0,50685.0,50693.0,50689.0,50692.0,50694.0,50684.0
4358,50690.3,50693.0,50685.0,50694.0,50694.0,50685.0,50693.0,50689.0,50692.0,50694.0,50684.0
4359,50690.3,50693.0,50685.0,50694.0,50694.0,50685.0,50693.0,50689.0,50692.0,50694.0,50684.0
4360,50690.3,50693.0,50685.0,50694.0,50694.0,50685.0,50693.0,50689.0,50692.0,50694.0,50684.0
4361,50690.3,50693.0,50685.0,50694.0,50694.0,50685.0,50693.0,50689.0,50692.0,50694.0,50684.0
4362,50690.3,50693.0,50685.0,50694.0,50694.0,50685.0,50693.0,50689.0,50692.0,50694.0,50684.0
4363,50690.3,50693.0,50685.0,50694.0,50694.0,50685.0,50693.0,50689.0,50692.0,50694.0,50684.0
4364,50690.3,50693.0,50685.0,50694.0,50694.0,50685.0,50693.0,50689.0,50692.0,50694.0,50684.0
4365,50690.3,50693.0,50685.0,50694.0,50694.0,50685.0,50693.0,50689.0,50692.0,50694.0,50684.0
4366,50690.3,50693.0,50685.0,50694.0,50694.0,50685.0,50693.0,50689.0,50692.0,50694.0,50684.0
4367,50690.3,50693.0,50685.0,50694.0,50694.0,50685.0,50693.0,50689.0,50692.0,50694.0,50684.0
4368,50690.3,50693.0,50685.0,50694.0,50694.0,50685.0,50693.0,50689.0,50692.0,50694.0,50684.0
4369,50690.3,50693.0,50685.0,50694.0,50694.0,50685.0,50693.0,50689.0,50692.0,50694.0,50684.0
4370,50690.3,50693.0,50685.0,50694.0,50694.0,50685.0,50693.0,50689.0,50692.0,50694.0,50684.0
4371,50690.3,50693.0,50685.0,50694.0,50694.0,50685.0,50693.0,50689.0,50692.0,50694.0,50684.0
4372,50690.3,50693.0,50685.0,50694.0,50694.0,50685.0,50693.0,50689.0,50692.0,50694.0,50684.0
4373,50690.3,50693.0,50685.0,50694.0,50694.0,50685.0,50693.0,50689.0,50692.0,50694.0,50684.0
4374,50690.3,50693.0,50685.0,50694.0,50694.0,50685.0,50693.0,50689.0,50692.0,50694.0,50684.0
4375,50690.3,50693.0,50685.0,50694.0,50694.0,50685.0,50693.0,50689.0,50692.0,50694.0,50684.0
4376,50690.3,50693.0,50685.0,50694.0,50694.0,50685.0,50693.0,50689.0,50692.0,50694.0,50684.0
4377,50690.3,50693.0,50685.0,50694.0,50694.0,50685.0,50693.0,50689.0,50692.0,50694.0,50684.0
4378,50690.3,50693.0,50685.0,50694.0,50694.0,50685.0,50693.0,50689.0,50692.0,50694.0,50684.0
4379,50690.3,50693.0,50685.0,50694.0,50694.0,50685.0,50693.0,50689.0,50692.0,50694.0,50684.0
4380,50690.3,50693.0,50685.0,50694.0,50694.0,50685.0,50693.0,50689.0,50692.0,50694.0,50684.0
4381,50690.3,50693.0,50685.0,50694.0,50694.0,50685.0,50693.0,50689.0,50692.0,50694.0,50684.0
4382,50690.3,50693.0,50685.0,50694.0,50694.0,50685.0,50693.0,50689.0,50692.0,50694.0,50684.0
4383,50690.3,50693.0,50685.0,50694.0,50694.0,50685.0,50693.0,50689.0,50692.0,50694.0,50684.0
4384,50690.3,50693.0,50685.0,50694.0,50694.0,50685.0,50693.0,50689.0,50692.0,50694.0,50684.0
4385,50690.3,50693.0,50685.0,50694.0,50694.0,50685.0,50693.0,50689.0,50692.0,50694.0,50684.0
4386,50690.3,50693.0,50685.0,50694.0,50694.0,50685.0,50693.0,50689.0,50692.0,50694.0,50684.0
4387,50690.3,50693.0,50685.0,50694.0,50694.0,50685.0,50693.0,50689.0,50692.0,50694.0,50684.0
4388,50690.3,50693.0,50685.0,50694.0,50694.0,50685.0,50693.0,50689.0,50692.0,50694.0,50684.0
4389,50690.3,50693.0,50685.0,50694.0,50694.0,50685.0,50693.0,50689.0,50692.0,50694.0,50684.0
4390,50690.3,50693.0,50685.0,50694.0,50694.0,50685.0,50693.0,50689.0,50692.0,50694.0,50684.0
4391,50690.3,50693.0,50685.0,50694.0,50694.0,50685.0,50693.0,50689.0,50692.0,50694.0,50684.0
4392,50690.3,50693.0,50685.0,50694.0,50694.0,50685.0,50693.0,50689.0,50692.0,50694.0,50684.0
4393,50690.3,50693.0,50685.0,50694.0,50694.0,50685.0,50693.0,50689.0,50692.0,50694.0,50684.0
4394,50690.3,50693.0,50685.0,50694.0,50694.0,50685.0,50693.0,50689.0,50692.0,50694.0,50684.0
4395,50690.3,50693.0,50685.0,50694.0,50694.0,50685.0,50693.0,50689.0,50692.0,50694.0,50684.0
4396,50690.3,50693.0,50685.0,50694.0,50694.0,50685.0,50693.0,50689.0,50692.0,50694.0,50684.0
4397,50690.3,50693.0,50685.0,50694.0,50694.0,50685.0,50693.0,50689.0,50692.0,50694.0,50684.0
4398,50690.3,50693.0,50685.0,50694.0,50694.0,50685.0,50693.0,50689.0,50692.0,50694.0,50684.0
4399,50690.3,50693.0,50685.0,50694.0,50694.0,50685.0,50693.0,50689.0,50692.0,50694.0,50684.0
4400,50690.3,50693.0,50685.0,50694.0,50694.0,50685.0,50693.0,50689.0,50692.0,50694.0,50684.0
4401,50690.3,50693.0,50685.0,50694.0,50694.0,50685.0,50693.0,50689.0,50692.0,50694.0,50684.0
4402,50690.3,50693.0,50685.0,50694.0,50694.0,50685.0,50693.0,50689.0,50692.0,50694.0,50684.0
4403,50690.3,50693.0,50685.0,50694.0,50694.0,50685.0,50693.0,50689.0,50692.0,50694.0,50684.0
4404,50690.3,50693.0,50685.0,50694.0,50694.0,50685.0,50693.0,50689.0,50692.0,50694.0,50684.0
4405,50690.3,50693.0,50685.0,50694.0,50694.0,50685.0,50693.0,50689.0,50692.0,50694.0,50684.0
4406,50690.3,50693.0,50685.0,50694.0,50694.0,50685.0,50693.0,50689.0,50692.0,50694.0,50684.0
4407,50690.3,50693.0,50685.0,50694.0,50694.0,50685.0,50693.0,50689.0,50692.0,50694.0,50684.0
4408,50690.3,50693.0,50685.0,50694.0,50694.0,50685.0,50693.0,50689.0,50692.0,50694.0,50684.0
4409,50690.3,50693.0,50685.0,50694.0,50694.0,50685.0,50693.0,50689.0,50692.0,50694.0,50684.0
4410,50690.3,50693.0,50685.0,50694.0,50694.0,50685.0,50693.0,50689.0,50692.0,50694.0,50684.0
4411,50690.3,50693.0,50685.0,50694.0,50694.0,50685.0,50693.0,50689.0,50692.0,50694.0,50684.0
4412,50690.3,50693.0,50685.0,50694.0,50694.0,50685.0,50693.0,50689.0,50692.0,50694.0,50684.0
4413,50690.3,50693.0,50685.0,50694.0,50694.0,50685.0,50693.0,50689.0,50692.0,50694.0,50684.0
4414,50690.3,50693.0,50685.0,50694.0,50694.0,50685.0,50693.0,50689.0,50692.0,50694.0,50684.0
4415,50690.3,50693.0,50685.0,50694.0,50694.0,50685.0,50693.0,50689.0,50692.0,50694.0,50684.0
4416,50690.3,50693.0,50685.0,50694.0,50694.0,50685.0,50693.0,50689.0,50692.0,50694.0,50684.0
4417,50690.3,50693.0,50685.0,50694.0,50694.0,50685.0,50693.0,50689.0,50692.0,50694.0,50684.0
4418,50690.3,50693.0,50685.0,50694.0,50694.0,50685.0,50693.0,50689.0,50692.0,50694.0,50684.0
4419,50690.3,50693.0,50685.0,50694.0,50694.0,50685.0,50693.0,50689.0,50692.0,50694.0,50684.0
4420,50690.3,50693.0,50685.0,50694.0,50694.0,50685.0,50693.0,50689.0,50692.0,50694.0,50684.0
4421,50690.3,50693.0,50685.0,50694.0,50694.0,50685.0,50693.0,50689.0,50692.0,50694.0,50684.0
4422,50690.3,50693.0,50685.0,50694.0,50694.0,50685.0,50693.0,50689.0,50692.0,50694.0,50684.0
4423,50690.3,50693.0,50685.0,50694.0,50694.0,50685.0,50693.0,50689.0,50692.0,50694.0,50684.0
4424,50690.3,50693.0,50685.0,50694.0,50694.0,50685.0,50693.0,50689.0,50692.0,50694.0,50684.0
4425,50690.3,50693.0,50685.0,50694.0,50694.0,50685.0,50693.0,50689.0,50692.0,50694.0,50684.0
4426,50690.3,50693.0,50685.0,50694.0,50694.0,50685.0,50693.0,50689.0,50692.0,50694.0,50684.0
4427,50690.3,50693.0,50685.0,50694.0,50694.0,50685.0,50693.0,50689.0,50692.0,50694.0,50684.0
4428,50690.3,50693.0,50685.0,50694.0,50694.0,50685.0,50693.0,50689.0,50692.0,50694.0,50684.0
4429,50690.3,50693.0,50685.0,50694.0,50694.0,50685.0,50693.0,50689.0,50692.0,50694.0,50684.0
4430,50690.3,50693.0,50685.0,50694.0,50694.0,50685.0,50693.0,50689.0,50692.0,50694.0,50684.0
4431,50690.3,50693.0,50685.0,50694.0,50694.0,50685.0,50693.0,50689.0,50692.0,50694.0,50684.0
4432,50690.3,50693.0,50685.0,50694.0,50694.0,50685.0,50693.0,50689.0,50692.0,50694.0,50684.0
4433,50690.3,50693.0,50685.0,50694.0,50694.0,50685.0,50693.0,50689.0,50692.0,50694.0,50684.0
4434,50690.3,50693.0,50685.0,50694.0,50694.0,50685.0,50693.0,50689.0,50692.0,50694.0,50684.0
4435,50690.3,50693.0,50685.0,50694.0,50694.0,50685.0,50693.0,50689.0,50692.0,50694.0,50684.0
4436,50690.3,50693.0,50685.0,50694.0,50694.0,50685.0,50693.0,50689.0,50692.0,50694.0,50684.0
4437,50690.3,50693.0,50685.0,50694.0,50694.0,50685.0,50693.0,50689.0,50692.0,50694.0,50684.0
4438,50690.3,50693.0,50685.0,50694.0,50694.0,50685.0,50693.0,50689.0,50692.0,50694.0,50684.0
4439,50690.3,50693.0,50685.0,50694.0,50694.0,50685.0,50693.0,50689.0,50692.0,50694.0,50684.0
4440,50690.3,50693.0,50685.0,50694.0,50694.0,50685.0,50693.0,50689.0,50692.0,50694.0,50684.0
4441,50690.3,50693.0,50685.0,50694.0,50694.0,50685.0,50693.0,50689.0,50692.0,50694.0,50684.0
4442,50690.3,50693.0,50685.0,50694.0,50694.0,50685.0,50693.0,50689.0,50692.0,50694.0,50684.0
4443,50690.3,50693.0,50685.0,50694.0,50694.0,50685.0,50693.0,50689.0,50692.0,50694.0,50684.0
4444,50690.3,50693.0,50685.0,50694.0,50694.0,50685.0,50693.0,50689.0,50692.0,50694.0,50684.0
4445,50690.3,50693.0,50685.0,50694.0,50694.0,50685.0,50693.0,50689.0,50692.0,50694.0,50684.0
4446,50690.3,50693.0,50685.0,50694.0,50694.0,50685.0,50693.0,50689.0,50692.0,50694.0,50684.0
4447,50690.3,50693.0,50685.0,50694.0,50694.0,50685.0,50693.0,50689.0,50692.0,50694.0,50684.0
4448,50690.3,50693.0,50685.0,50694.0,50694.0,50685.0,50693.0,50689.0,50692.0,50694.0,50684.0
4449,50690.3,50693.0,50685.0,50694.0,50694.0,50685.0,50693.0,50689.0,50692.0,50694.0,50684.0
4450,50690.3,50693.0,50685.0,50694.0,50694.0,50685.0,50693.0,50689.0,50692.0,50694.0,50684.0
4451,50690.3,50693.0,50685.0,50694.0,50694.0,50685.0,50693.0,50689.0,50692.0,50694.0,50684.0
4452,50690.3,50693.0,50685.0,50694.0,50694.0,50685.0,50693.0,50689.0,50692.0,50694.0,50684.0
4453,50690.3,50693.0,50685.0,50694.0,50694.0,50685.0,50693.0,50689.0,50692.0,50694.0,50684.0
4454,50690.3,50693.0,50685.0,50694.0,50694.0,50685.0,50693.0,50689.0,50692.0,50694.0,50684.0
4455,50690.3,50693.0,50685.0,50694.0,50694.0,50685.0,50693.0,50689.0,50692.0,50694.0,50684.0
4456,50690.3,50693.0,50685.0,50694.0,50694.0,50685.0,50693.0,50689.0,50692.0,50694.0,50684.0
4457,50690.3,50693.0,50685.0,50694.0,50694.0,50685.0,50693.0,50689.0,50692.0,50694.0,50684.0
4458,50690.3,50693.0,50685.0,50694.0,50694.0,50685.0,50693.0,50689.0,50692.0,50694.0,50684.0
4459,50690.3,50693.0,50685.0,50694.0,50694.0,50685.0,50693.0,50689.0,50692.0,50694.0,50684.0
4460,50690.3,50693.0,50685.0,50694.0,50694.0,50685.0,50693.0,50689.0,50692.0,50694.0,50684.0
4461,50690.3,50693.0,50685.0,50694.0,50694.0,50685.0,50693.0,50689.0,50692.0,50694.0,50684.0
4462,50690.3,50693.0,50685.0,50694.0,50694.0,50685.0,50693.0,50689.0,50692.0,50694.0,50684.0
4463,50690.3,50693.0,50685.0,50694.0,50694.0,50685.0,50693.0,50689.0,50692.0,50694.0,50684.0
4464,50690.3,50693.0,50685.0,50694.0,50694.0,50685.0,50693.0,50689.0,50692.0,50694.0,50684.0
4465,50690.3,50693.0,50685.0,50694.0,50694.0,50685.0,50693.0,50689.0,50692.0,50694.0,50684.0
4466,50690.3,50693.0,50685.0,50694.0,50694.0,50685.0,50693.0,50689.0,50692.0,50694.0,50684.0
4467,50690.3,50693.0,50685.0,50694.0,50694.0,50685.0,50693.0,50689.0,50692.0,50694.0,50684.0
4468,50690.3,50693.0,50685.0,50694.0,50694.0,50685.0,50693.0,50689.0,50692.0,50694.0,50684.0
4469,50690.3,50693.0,50685.0,50694.0,50694.0,50685.0,50693.0,50689.0,50692.0,50694.0,50684.0
4470,50690.3,50693.0,50685.0,50694.0,50694.0,50685.0,50693.0,50689.0,50692.0,50694.0,50684.0
4471,50690.3,50693.0,50685.0,50694.0,50694.0,50685.0,50693.0,50689.0,50692.0,50694.0,50684.0
4472,50690.3,50693.0,50685.0,50694.0,50694.0,50685.0,50693.0,50689.0,50692.0,50694.0,50684.0
4473,50690.3,50693.0,50685.0,50694.0,50694.0,50685.0,50693.0,50689.0,50692.0,50694.0,50684.0
4474,50690.3,50693.0,50685.0,50694.0,50694.0,50685.0,50693.0,50689.0,50692.0,50694.0,50684.0
4475,50690.3,50693.0,50685.0,50694.0,50694.0,50685.0,50693.0,50689.0,50692.0,50694.0,50684.0
4476,50690.3,50693.0,50685.0,50694.0,50694.0,50685.0,50693.0,50689.0,50692.0,50694.0,50684.0
4477,50690.3,50693.0,50685.0,50694.0,50694.0,50685.0,50693.0,50689.0,50692.0,50694.0,50684.0
4478,50690.3,50693.0,50685.0,50694.0,50694.0,50685.0,50693.0,50689.0,50692.0,50694.0,50684.0
4479,50690.3,50693.0,50685.0,50694.0,50694.0,50685.0,50693.0,50689.0,50692.0,50694.0,50684.0
4480,50690.3,50693.0,50685.0,50694.0,50694.0,50685.0,50693.0,50689.0,50692.0,50694.0,50684.0
4481,50690.3,50693.0,50685.0,50694.0,50694.0,50685.0,50693.0,50689.0,50692.0,50694.0,50684.0
4482,50690.3,50693.0,50685.0,50694.0,50694.0,50685.0,50693.0,50689.0,50692.0,50694.0,50684.0
4483,50690.3,50693.0,50685.0,50694.0,50694.0,50685.0,50693.0,50689.0,50692.0,50694.0,50684.0
4484,50690.3,50693.0,50685.0,50694.0,50694.0,50685.0,50693.0,50689.0,50692.0,50694.0,50684.0
4485,50690.3,50693.0,50685.0,50694.0,50694.0,50685.0,50693.0,50689.0,50692.0,50694.0,50684.0
4486,50690.3,50693.0,50685.0,50694.0,50694.0,50685.0,50693.0,50689.0,50692.0,50694.0,50684.0
4487,50690.3,50693.0,50685.0,50694.0,50694.0,50685.0,50693.0,50689.0,50692.0,50694.0,50684.0
4488,50690.3,50693.0,50685.0,50694.0,50694.0,50685.0,50693.0,50689.0,50692.0,50694.0,50684.0
4489,50690.3,50693.0,50685.0,50694.0,50694.0,50685.0,50693.0,50689.0,50692.0,50694.0,50684.0
4490,50690.3,50693.0,50685.0,50694.0,50694.0,50685.0,50693.0,50689.0,50692.0,50694.0,50684.0
4491,50690.3,50693.0,50685.0,50694.0,50694.0,50685.0,50693.0,50689.0,50692.0,50694.0,50684.0
4492,50690.3,50693.0,50685.0,50694.0,50694.0,50685.0,50693.0,50689.0,50692.0,50694.0,50684.0
4493,50690.3,50693.0,50685.0,50694.0,50694.0,50685.0,50693.0,50689.0,50692.0,50694.0,50684.0
4494,50690.3,50693.0,50685.0,50694.0,50694.0,50685.0,50693.0,50689.0,50692.0,50694.0,50684.0
4495,50690.3,50693.0,50685.0,50694.0,50694.0,50685.0,50693.0,50689.0,50692.0,50694.0,50684.0
4496,50690.3,50693.0,50685.0,50694.0,50694.0,50685.0,50693.0,50689.0,50692.0,50694.0,50684.0
4497,50690.3,50693.0,50685.0,50694.0,50694.0,50685.0,50693.0,50689.0,50692.0,50694.0,50684.0
4498,50690.3,50693.0,50685.0,50694.0,50694.0,50685.0,50693.0,50689.0,50692.0,50694.0,50684.0
4499,50690.3,50693.0,50685.0,50694.0,50694.0,50685.0,50693.0,50689.0,50692.0,50694.0,50684.0
4500,50690.3,50693.0,50685.0,50694.0,50694.0,50685.0,50693.0,50689.0,50692.0,50694.0,50684.0
4501,50690.3,50693.0,50685.0,50694.0,50694.0,50685.0,50693.0,50689.0,50692.0,50694.0,50684.0
4502,50690.3,50693.0,50685.0,50694.0,50694.0,50685.0,50693.0,50689.0,50692.0,50694.0,50684.0
4503,50690.3,50693.0,50685.0,50694.0,50694.0,50685.0,50693.0,50689.0,50692.0,50694.0,50684.0
4504,50690.3,50693.0,50685.0,50694.0,50694.0,50685.0,50693.0,50689.0,50692.0,50694.0,50684.0
4505,50690.3,50693.0,50685.0,50694.0,50694.0,50685.0,50693.0,50689.0,50692.0,50694.0,50684.0
4506,50690.3,50693.0,50685.0,50694.0,50694.0,50685.0,50693.0,50689.0,50692.0,50694.0,50684.0
4507,50690.3,50693.0,50685.0,50694.0,50694.0,50685.0,50693.0,50689.0,50692.0,50694.0,50684.0
4508,50690.3,50693.0,50685.0,50694.0,50694.0,50685.0,50693.0,50689.0,50692.0,50694.0,50684.0
4509,50690.3,50693.0,50685.0,50694.0,50694.0,50685.0,50693.0,50689.0,50692.0,50694.0,50684.0
4510,50690.3,50693.0,50685.0,50694.0,50694.0,50685.0,50693.0,50689.0,50692.0,50694.0,50684.0
4511,50690.3,50693.0,50685.0,50694.0,50694.0,50685.0,50693.0,50689.0,50692.0,50694.0,50684.0
4512,50690.3,50693.0,50685.0,50694.0,50694.0,50685.0,50693.0,50689.0,50692.0,50694.0,50684.0
4513,50690.3,50693.0,50685.0,50694.0,50694.0,50685.0,50693.0,50689.0,50692.0,50694.0,50684.0
4514,50690.3,50693.0,50685.0,50694.0,50694.0,50685.0,50693.0,50689.0,50692.0,50694.0,50684.0
4515,50690.3,50693.0,50685.0,50694.0,50694.0,50685.0,50693.0,50689.0,50692.0,50694.0,50684.0
4516,50690.3,50693.0,50685.0,50694.0,50694.0,50685.0,50693.0,50689.0,50692.0,50694.0,50684.0
4517,50690.3,50693.0,50685.0,50694.0,50694.0,50685.0,50693.0,50689.0,50692.0,50694.0,50684.0
4518,50690.3,50693.0,50685.0,50694.0,50694.0,50685.0,50693.0,50689.0,50692.0,50694.0,50684.0
4519,50690.3,50693.0,50685.0,50694.0,50694.0,50685.0,50693.0,50689.0,50692.0,50694.0,50684.0
4520,50690.3,50693.0,50685.0,50694.0,50694.0,50685.0,50693.0,50689.0,50692.0,50694.0,50684.0
4521,50690.3,50693.0,50685.0,50694.0,50694.0,50685.0,50693.0,50689.0,50692.0,50694.0,50684.0
4522,50690.3,50693.0,50685.0,50694.0,50694.0,50685.0,50693.0,50689.0,50692.0,50694.0,50684.0
4523,50690.3,50693.0,50685.0,50694.0,50694.0,50685.0,50693.0,50689.0,50692.0,50694.0,50684.0
4524,50690.3,50693.0,50685.0,50694.0,50694.0,50685.0,50693.0,50689.0,50692.0,50694.0,50684.0
4525,50690.3,50693.0,50685.0,50694.0,50694.0,50685.0,50693.0,50689.0,50692.0,50694.0,50684.0
4526,50690.3,50693.0,50685.0,50694.0,50694.0,50685.0,50693.0,50689.0,50692.0,50694.0,50684.0
4527,50690.3,50693.0,50685.0,50694.0,50694.0,50685.0,50693.0,50689.0,50692.0,50694.0,50684.0
4528,50690.3,50693.0,50685.0,50694.0,50694.0,50685.0,50693.0,50689.0,50692.0,50694.0,50684.0
4529,50690.3,50693.0,50685.0,50694.0,50694.0,50685.0,50693.0,50689.0,50692.0,50694.0,50684.0
4530,50690.3,50693.0,50685.0,50694.0,50694.0,50685.0,50693.0,50689.0,50692.0,50694.0,50684.0
4531,50690.3,50693.0,50685.0,50694.0,50694.0,50685.0,50693.0,50689.0,50692.0,50694.0,50684.0
4532,50690.3,50693.0,50685.0,50694.0,50694.0,50685.0,50693.0,50689.0,50692.0,50694.0,50684.0
4533,50690.3,50693.0,50685.0,50694.0,50694.0,50685.0,50693.0,50689.0,50692.0,50694.0,50684.0
4534,50690.3,50693.0,50685.0,50694.0,50694.0,50685.0,50693.0,50689.0,50692.0,50694.0,50684.0
4535,50690.3,50693.0,50685.0,50694.0,50694.0,50685.0,50693.0,50689.0,50692.0,50694.0,50684.0
4536,50690.3,50693.0,50685.0,50694.0,50694.0,50685.0,50693.0,50689.0,50692.0,50694.0,50684.0
4537,50690.3,50693.0,50685.0,50694.0,50694.0,50685.0,50693.0,50689.0,50692.0,50694.0,50684.0
4538,50690.3,50693.0,50685.0,50694.0,50694.0,50685.0,50693.0,50689.0,50692.0,50694.0,50684.0
4539,50690.3,50693.0,50685.0,50694.0,50694.0,50685.0,50693.0,50689.0,50692.0,50694.0,50684.0
4540,50690.3,50693.0,50685.0,50694.0,50694.0,50685.0,50693.0,50689.0,50692.0,50694.0,50684.0
4541,50690.3,50693.0,50685.0,50694.0,50694.0,50685.0,50693.0,50689.0,50692.0,50694.0,50684.0
4542,50690.3,50693.0,50685.0,50694.0,50694.0,50685.0,50693.0,50689.0,50692.0,50694.0,50684.0
4543,50690.3,50693.0,50685.0,50694.0,50694.0,50685.0,50693.0,50689.0,50692.0,50694.0,50684.0
4544,50690.3,50693.0,50685.0,50694.0,50694.0,50685.0,50693.0,50689.0,50692.0,50694.0,50684.0
4545,50690.3,50693.0,50685.0,50694.0,50694.0,50685.0,50693.0,50689.0,50692.0,50694.0,50684.0
4546,50690.3,50693.0,50685.0,50694.0,50694.0,50685.0,50693.0,50689.0,50692.0,50694.0,50684.0
4547,50690.3,50693.0,50685.0,50694.0,50694.0,50685.0,50693.0,50689.0,50692.0,50694.0,50684.0
4548,50690.3,50693.0,50685.0,50694.0,50694.0,50685.0,50693.0,50689.0,50692.0,50694.0,50684.0
4549,50690.3,50693.0,50685.0,50694.0,50694.0,50685.0,50693.0,50689.0,50692.0,50694.0,50684.0
4550,50690.3,50693.0,50685.0,50694.0,50694.0,50685.0,50693.0,50689.0,50692.0,50694.0,50684.0
4551,50690.3,50693.0,50685.0,50694.0,50694.0,50685.0,50693.0,50689.0,50692.0,50694.0,50684.0
4552,50690.3,50693.0,50685.0,50694.0,50694.0,50685.0,50693.0,50689.0,50692.0,50694.0,50684.0
4553,50690.3,50693.0,50685.0,50694.0,50694.0,50685.0,50693.0,50689.0,50692.0,50694.0,50684.0
4554,50690.3,50693.0,50685.0,50694.0,50694.0,50685.0,50693.0,50689.0,50692.0,50694.0,50684.0
4555,50690.3,50693.0,50685.0,50694.0,50694.0,50685.0,50693.0,50689.0,50692.0,50694.0,50684.0
4556,50690.3,50693.0,50685.0,50694.0,50694.0,50685.0,50693.0,50689.0,50692.0,50694.0,50684.0
4557,50690.3,50693.0,50685.0,50694.0,50694.0,50685.0,50693.0,50689.0,50692.0,50694.0,50684.0
4558,50690.3,50693.0,50685.0,50694.0,50694.0,50685.0,50693.0,50689.0,50692.0,50694.0,50684.0
4559,50690.3,50693.0,50685.0,50694.0,50694.0,50685.0,50693.0,50689.0,50692.0,50694.0,50684.0
4560,50690.3,50693.0,50685.0,50694.0,50694.0,50685.0,50693.0,50689.0,50692.0,50694.0,50684.0
4561,50690.3,50693.0,50685.0,50694.0,50694.0,50685.0,50693.0,50689.0,50692.0,50694.0,50684.0
4562,50690.3,50693.0,50685.0,50694.0,50694.0,50685.0,50693.0,50689.0,50692.0,50694.0,50684.0
4563,50690.3,50693.0,50685.0,50694.0,50694.0,50685.0,50693.0,50689.0,50692.0,50694.0,50684.0
4564,50690.3,50693.0,50685.0,50694.0,50694.0,50685.0,50693.0,50689.0,50692.0,50694.0,50684.0
4565,50690.3,50693.0,50685.0,50694.0,50694.0,50685.0,50693.0,50689.0,50692.0,50694.0,50684.0
4566,50690.3,50693.0,50685.0,50694.0,50694.0,50685.0,50693.0,50689.0,50692.0,50694.0,50684.0
4567,50690.3,50693.0,50685.0,50694.0,50694.0,50685.0,50693.0,50689.0,50692.0,50694.0,50684.0
4568,50690.3,50693.0,50685.0,50694.0,50694.0,50685.0,50693.0,50689.0,50692.0,50694.0,50684.0
4569,50690.3,50693.0,50685.0,50694.0,50694.0,50685.0,50693.0,50689.0,50692.0,50694.0,50684.0
4570,50690.3,50693.0,50685.0,50694.0,50694.0,50685.0,50693.0,50689.0,50692.0,50694.0,50684.0
4571,50690.3,50693.0,50685.0,50694.0,50694.0,50685.0,50693.0,50689.0,50692.0,50694.0,50684.0
4572,50690.3,50693.0,50685.0,50694.0,50694.0,50685.0,50693.0,50689.0,50692.0,50694.0,50684.0
4573,50690.3,50693.0,50685.0,50694.0,50694.0,50685.0,50693.0,50689.0,50692.0,50694.0,50684.0
4574,50690.3,50693.0,50685.0,50694.0,50694.0,50685.0,50693.0,50689.0,50692.0,50694.0,50684.0
4575,50690.3,50693.0,50685.0,50694.0,50694.0,50685.0,50693.0,50689.0,50692.0,50694.0,50684.0
4576,50690.3,50693.0,50685.0,50694.0,50694.0,50685.0,50693.0,50689.0,50692.0,50694.0,50684.0
4577,50690.3,50693.0,50685.0,50694.0,50694.0,50685.0,50693.0,50689.0,50692.0,50694.0,50684.0
4578,50690.3,50693.0,50685.0,50694.0,50694.0,50685.0,50693.0,50689.0,50692.0,50694.0,50684.0
4579,50690.3,50693.0,50685.0,50694.0,50694.0,50685.0,50693.0,50689.0,50692.0,50694.0,50684.0
4580,50690.3,50693.0,50685.0,50694.0,50694.0,50685.0,50693.0,50689.0,50692.0,50694.0,50684.0
4581,50690.3,50693.0,50685.0,50694.0,50694.0,50685.0,50693.0,50689.0,50692.0,50694.0,50684.0
4582,50690.3,50693.0,50685.0,50694.0,50694.0,50685.0,50693.0,50689.0,50692.0,50694.0,50684.0
4583,50690.3,50693.0,50685.0,50694.0,50694.0,50685.0,50693.0,50689.0,50692.0,50694.0,50684.0
4584,50690.3,50693.0,50685.0,50694.0,50694.0,50685.0,50693.0,50689.0,50692.0,50694.0,50684.0
4585,50690.3,50693.0,50685.0,50694.0,50694.0,50685.0,50693.0,50689.0,50692.0,50694.0,50684.0
4586,50690.3,50693.0,50685.0,50694.0,50694.0,50685.0,50693.0,50689.0,50692.0,50694.0,50684.0
4587,50690.3,50693.0,50685.0,50694.0,50694.0,50685.0,50693.0,50689.0,50692.0,50694.0,50684.0
4588,50690.3,50693.0,50685.0,50694.0,50694.0,50685.0,50693.0,50689.0,50692.0,50694.0,50684.0
4589,50690.3,50693.0,50685.0,50694.0,50694.0,50685.0,50693.0,50689.0,50692.0,50694.0,50684.0
4590,50690.3,50693.0,50685.0,50694.0,50694.0,50685.0,50693.0,50689.0,50692.0,50694.0,50684.0
4591,50690.3,50693.0,50685.0,50694.0,50694.0,50685.0,50693.0,50689.0,50692.0,50694.0,50684.0
4592,50690.3,50693.0,50685.0,50694.0,50694.0,50685.0,50693.0,50689.0,50692.0,50694.0,50684.0
4593,50690.3,50693.0,50685.0,50694.0,50694.0,50685.0,50693.0,50689.0,50692.0,50694.0,50684.0
4594,50690.3,50693.0,50685.0,50694.0,50694.0,50685.0,50693.0,50689.0,50692.0,50694.0,50684.0
4595,50690.3,50693.0,50685.0,50694.0,50694.0,50685.0,50693.0,50689.0,50692.0,50694.0,50684.0
4596,50690.3,50693.0,50685.0,50694.0,50694.0,50685.0,50693.0,50689.0,50692.0,50694.0,50684.0
4597,50690.3,50693.0,50685.0,50694.0,50694.0,50685.0,50693.0,50689.0,50692.0,50694.0,50684.0
4598,50690.3,50693.0,50685.0,50694.0,50694.0,50685.0,50693.0,50689.0,50692.0,50694.0,50684.0
4599,50690.3,50693.0,50685.0,50694.0,50694.0,50685.0,50693.0,50689.0,50692.0,50694.0,50684.0
4600,50690.3,50693.0,50685.0,50694.0,50694.0,50685.0,50693.0,50689.0,50692.0,50694.0,50684.0
4601,50690.3,50693.0,50685.0,50694.0,50694.0,50685.0,50693.0,50689.0,50692.0,50694.0,50684.0
4602,50690.3,50693.0,50685.0,50694.0,50694.0,50685.0,50693.0,50689.0,50692.0,50694.0,50684.0
4603,50690.3,50693.0,50685.0,50694.0,50694.0,50685.0,50693.0,50689.0,50692.0,50694.0,50684.0
4604,50690.3,50693.0,50685.0,50694.0,50694.0,50685.0,50693.0,50689.0,50692.0,50694.0,50684.0
4605,50690.3,50693.0,50685.0,50694.0,50694.0,50685.0,50693.0,50689.0,50692.0,50694.0,50684.0
4606,50690.3,50693.0,50685.0,50694.0,50694.0,50685.0,50693.0,50689.0,50692.0,50694.0,50684.0
4607,50690.3,50693.0,50685.0,50694.0,50694.0,50685.0,50693.0,50689.0,50692.0,50694.0,50684.0
4608,50690.3,50693.0,50685.0,50694.0,50694.0,50685.0,50693.0,50689.0,50692.0,50694.0,50684.0
4609,50690.3,50693.0,50685.0,50694.0,50694.0,50685.0,50693.0,50689.0,50692.0,50694.0,50684.0
4610,50690.3,50693.0,50685.0,50694.0,50694.0,50685.0,50693.0,50689.0,50692.0,50694.0,50684.0
4611,50690.3,50693.0,50685.0,50694.0,50694.0,50685.0,50693.0,50689.0,50692.0,50694.0,50684.0
4612,50690.3,50693.0,50685.0,50694.0,50694.0,50685.0,50693.0,50689.0,50692.0,50694.0,50684.0
4613,50690.3,50693.0,50685.0,50694.0,50694.0,50685.0,50693.0,50689.0,50692.0,50694.0,50684.0
4614,50690.3,50693.0,50685.0,50694.0,50694.0,50685.0,50693.0,50689.0,50692.0,50694.0,50684.0
4615,50690.3,50693.0,50685.0,50694.0,50694.0,50685.0,50693.0,50689.0,50692.0,50694.0,50684.0
4616,50690.3,50693.0,50685.0,50694.0,50694.0,50685.0,50693.0,50689.0,50692.0,50694.0,50684.0
4617,50690.3,50693.0,50685.0,50694.0,50694.0,50685.0,50693.0,50689.0,50692.0,50694.0,50684.0
4618,50690.3,50693.0,50685.0,50694.0,50694.0,50685.0,50693.0,50689.0,50692.0,50694.0,50684.0
4619,50690.3,50693.0,50685.0,50694.0,50694.0,50685.0,50693.0,50689.0,50692.0,50694.0,50684.0
4620,50690.3,50693.0,50685.0,50694.0,50694.0,50685.0,50693.0,50689.0,50692.0,50694.0,50684.0
4621,50690.3,50693.0,50685.0,50694.0,50694.0,50685.0,50693.0,50689.0,50692.0,50694.0,50684.0
4622,50690.3,50693.0,50685.0,50694.0,50694.0,50685.0,50693.0,50689.0,50692.0,50694.0,50684.0
4623,50690.3,50693.0,50685.0,50694.0,50694.0,50685.0,50693.0,50689.0,50692.0,50694.0,50684.0
4624,50690.3,50693.0,50685.0,50694.0,50694.0,50685.0,50693.0,50689.0,50692.0,50694.0,50684.0
4625,50690.3,50693.0,50685.0,50694.0,50694.0,50685.0,50693.0,50689.0,50692.0,50694.0,50684.0
4626,50690.3,50693.0,50685.0,50694.0,50694.0,50685.0,50693.0,50689.0,50692.0,50694.0,50684.0
4627,50690.3,50693.0,50685.0,50694.0,50694.0,50685.0,50693.0,50689.0,50692.0,50694.0,50684.0
4628,50690.3,50693.0,50685.0,50694.0,50694.0,50685.0,50693.0,50689.0,50692.0,50694.0,50684.0
4629,50690.3,50693.0,50685.0,50694.0,50694.0,50685.0,50693.0,50689.0,50692.0,50694.0,50684.0
4630,50690.3,50693.0,50685.0,50694.0,50694.0,50685.0,50693.0,50689.0,50692.0,50694.0,50684.0
4631,50690.3,50693.0,50685.0,50694.0,50694.0,50685.0,50693.0,50689.0,50692.0,50694.0,50684.0
4632,50690.3,50693.0,50685.0,50694.0,50694.0,50685.0,50693.0,50689.0,50692.0,50694.0,50684.0
4633,50690.3,50693.0,50685.0,50694.0,50694.0,50685.0,50693.0,50689.0,50692.0,50694.0,50684.0
4634,50690.3,50693.0,50685.0,50694.0,50694.0,50685.0,50693.0,50689.0,50692.0,50694.0,50684.0
4635,50690.3,50693.0,50685.0,50694.0,50694.0,50685.0,50693.0,50689.0,50692.0,50694.0,50684.0
4636,50690.3,50693.0,50685.0,50694.0,50694.0,50685.0,50693.0,50689.0,50692.0,50694.0,50684.0
4637,50690.3,50693.0,50685.0,50694.0,50694.0,50685.0,50693.0,50689.0,50692.0,50694.0,50684.0
4638,50690.3,50693.0,50685.0,50694.0,50694.0,50685.0,50693.0,50689.0,50692.0,50694.0,50684.0
4639,50690.3,50693.0,50685.0,50694.0,50694.0,50685.0,50693.0,50689.0,50692.0,50694.0,50684.0
4640,50690.3,50693.0,50685.0,50694.0,50694.0,50685.0,50693.0,50689.0,50692.0,50694.0,50684.0
4641,50690.3,50693.0,50685.0,50694.0,50694.0,50685.0,50693.0,50689.0,50692.0,50694.0,50684.0
4642,50690.3,50693.0,50685.0,50694.0,50694.0,50685.0,50693.0,50689.0,50692.0,50694.0,50684.0
4643,50690.3,50693.0,50685.0,50694.0,50694.0,50685.0,50693.0,50689.0,50692.0,50694.0,50684.0
4644,50690.3,50693.0,50685.0,50694.0,50694.0,50685.0,50693.0,50689.0,50692.0,50694.0,50684.0
4645,50690.3,50693.0,50685.0,50694.0,50694.0,50685.0,50693.0,50689.0,50692.0,50694.0,50684.0
4646,50690.3,50693.0,50685.0,50694.0,50694.0,50685.0,50693.0,50689.0,50692.0,50694.0,50684.0
4647,50690.3,50693.0,50685.0,50694.0,50694.0,50685.0,50693.0,50689.0,50692.0,50694.0,50684.0
4648,50690.3,50693.0,50685.0,50694.0,50694.0,50685.0,50693.0,50689.0,50692.0,50694.0,50684.0
4649,50690.3,50693.0,50685.0,50694.0,50694.0,50685.0,50693.0,50689.0,50692.0,50694.0,50684.0
4650,50690.3,50693.0,50685.0,50694.0,50694.0,50685.0,50693.0,50689.0,50692.0,50694.0,50684.0
4651,50690.3,50693.0,50685.0,50694.0,50694.0,50685.0,50693.0,50689.0,50692.0,50694.0,50684.0
4652,50690.3,50693.0,50685.0,50694.0,50694.0,50685.0,50693.0,50689.0,50692.0,50694.0,50684.0
4653,50690.3,50693.0,50685.0,50694.0,50694.0,50685.0,50693.0,50689.0,50692.0,50694.0,50684.0
4654,50690.3,50693.0,50685.0,50694.0,50694.0,50685.0,50693.0,50689.0,50692.0,50694.0,50684.0
4655,50690.3,50693.0,50685.0,50694.0,50694.0,50685.0,50693.0,50689.0,50692.0,50694.0,50684.0
4656,50690.3,50693.0,50685.0,50694.0,50694.0,50685.0,50693.0,50689.0,50692.0,50694.0,50684.0
4657,50690.3,50693.0,50685.0,50694.0,50694.0,50685.0,50693.0,50689.0,50692.0,50694.0,50684.0
4658,50690.3,50693.0,50685.0,50694.0,50694.0,50685.0,50693.0,50689.0,50692.0,50694.0,50684.0
4659,50690.3,50693.0,50685.0,50694.0,50694.0,50685.0,50693.0,50689.0,50692.0,50694.0,50684.0
4660,50690.3,50693.0,50685.0,50694.0,50694.0,50685.0,50693.0,50689.0,50692.0,50694.0,50684.0
4661,50690.3,50693.0,50685.0,50694.0,50694.0,50685.0,50693.0,50689.0,50692.0,50694.0,50684.0
4662,50690.3,50693.0,50685.0,50694.0,50694.0,50685.0,50693.0,50689.0,50692.0,50694.0,50684.0
4663,50690.3,50693.0,50685.0,50694.0,50694.0,50685.0,50693.0,50689.0,50692.0,50694.0,50684.0
4664,50690.3,50693.0,50685.0,50694.0,50694.0,50685.0,50693.0,50689.0,50692.0,50694.0,50684.0
4665,50690.3,50693.0,50685.0,50694.0,50694.0,50685.0,50693.0,50689.0,50692.0,50694.0,50684.0
4666,50690.3,50693.0,50685.0,50694.0,50694.0,50685.0,50693.0,50689.0,50692.0,50694.0,50684.0
4667,50690.3,50693.0,50685.0,50694.0,50694.0,50685.0,50693.0,50689.0,50692.0,50694.0,50684.0
4668,50690.3,50693.0,50685.0,50694.0,50694.0,50685.0,50693.0,50689.0,50692.0,50694.0,50684.0
4669,50690.3,50693.0,50685.0,50694.0,50694.0,50685.0,50693.0,50689.0,50692.0,50694.0,50684.0
4670,50690.3,50693.0,50685.0,50694.0,50694.0,50685.0,50693.0,50689.0,50692.0,50694.0,50684.0
4671,50690.3,50693.0,50685.0,50694.0,50694.0,50685.0,50693.0,50689.0,50692.0,50694.0,50684.0
4672,50690.3,50693.0,50685.0,50694.0,50694.0,50685.0,50693.0,50689.0,50692.0,50694.0,50684.0
4673,50690.3,50693.0,50685.0,50694.0,50694.0,50685.0,50693.0,50689.0,50692.0,50694.0,50684.0
4674,50690.3,50693.0,50685.0,50694.0,50694.0,50685.0,50693.0,50689.0,50692.0,50694.0,50684.0
4675,50690.3,50693.0,50685.0,50694.0,50694.0,50685.0,50693.0,50689.0,50692.0,50694.0,50684.0
4676,50690.3,50693.0,50685.0,50694.0,50694.0,50685.0,50693.0,50689.0,50692.0,50694.0,50684.0
4677,50690.3,50693.0,50685.0,50694.0,50694.0,50685.0,50693.0,50689.0,50692.0,50694.0,50684.0
4678,50690.3,50693.0,50685.0,50694.0,50694.0,50685.0,50693.0,50689.0,50692.0,50694.0,50684.0
4679,50690.3,50693.0,50685.0,50694.0,50694.0,50685.0,50693.0,50689.0,50692.0,50694.0,50684.0
4680,50690.3,50693.0,50685.0,50694.0,50694.0,50685.0,50693.0,50689.0,50692.0,50694.0,50684.0
4681,50690.3,50693.0,50685.0,50694.0,50694.0,50685.0,50693.0,50689.0,50692.0,50694.0,50684.0
4682,50690.3,50693.0,50685.0,50694.0,50694.0,50685.0,50693.0,50689.0,50692.0,50694.0,50684.0
4683,50690.3,50693.0,50685.0,50694.0,50694.0,50685.0,50693.0,50689.0,50692.0,50694.0,50684.0
4684,50690.3,50693.0,50685.0,50694.0,50694.0,50685.0,50693.0,50689.0,50692.0,50694.0,50684.0
4685,50690.3,50693.0,50685.0,50694.0,50694.0,50685.0,50693.0,50689.0,50692.0,50694.0,50684.0
4686,50690.3,50693.0,50685.0,50694.0,50694.0,50685.0,50693.0,50689.0,50692.0,50694.0,50684.0
4687,50690.3,50693.0,50685.0,50694.0,50694.0,50685.0,50693.0,50689.0,50692.0,50694.0,50684.0
4688,50690.3,50693.0,50685.0,50694.0,50694.0,50685.0,50693.0,50689.0,50692.0,50694.0,50684.0
4689,50690.3,50693.0,50685.0,50694.0,50694.0,50685.0,50693.0,50689.0,50692.0,50694.0,50684.0
4690,50690.3,50693.0,50685.0,50694.0,50694.0,50685.0,50693.0,50689.0,50692.0,50694.0,50684.0
4691,50690.3,50693.0,50685.0,50694.0,50694.0,50685.0,50693.0,50689.0,50692.0,50694.0,50684.0
4692,50690.3,50693.0,50685.0,50694.0,50694.0,50685.0,50693.0,50689.0,50692.0,50694.0,50684.0
4693,50690.3,50693.0,50685.0,50694.0,50694.0,50685.0,50693.0,50689.0,50692.0,50694.0,50684.0
4694,50690.3,50693.0,50685.0,50694.0,50694.0,50685.0,50693.0,50689.0,50692.0,50694.0,50684.0
4695,50690.3,50693.0,50685.0,50694.0,50694.0,50685.0,50693.0,50689.0,50692.0,50694.0,50684.0
4696,50690.3,50693.0,50685.0,50694.0,50694.0,50685.0,50693.0,50689.0,50692.0,50694.0,50684.0
4697,50690.3,50693.0,50685.0,50694.0,50694.0,50685.0,50693.0,50689.0,50692.0,50694.0,50684.0
4698,50690.3,50693.0,50685.0,50694.0,50694.0,50685.0,50693.0,50689.0,50692.0,50694.0,50684.0
4699,50690.3,50693.0,50685.0,50694.0,50694.0,50685.0,50693.0,50689.0,50692.0,50694.0,50684.0
4700,50690.3,50693.0,50685.0,50694.0,50694.0,50685.0,50693.0,50689.0,50692.0,50694.0,50684.0
4701,50690.3,50693.0,50685.0,50694.0,50694.0,50685.0,50693.0,50689.0,50692.0,50694.0,50684.0
4702,50690.3,50693.0,50685.0,50694.0,50694.0,50685.0,50693.0,50689.0,50692.0,50694.0,50684.0
4703,50690.3,50693.0,50685.0,50694.0,50694.0,50685.0,50693.0,50689.0,50692.0,50694.0,50684.0
4704,50690.3,50693.0,50685.0,50694.0,50694.0,50685.0,50693.0,50689.0,50692.0,50694.0,50684.0
4705,50690.3,50693.0,50685.0,50694.0,50694.0,50685.0,50693.0,50689.0,50692.0,50694.0,50684.0
4706,50690.3,50693.0,50685.0,50694.0,50694.0,50685.0,50693.0,50689.0,50692.0,50694.0,50684.0
4707,50690.3,50693.0,50685.0,50694.0,50694.0,50685.0,50693.0,50689.0,50692.0,50694.0,50684.0
4708,50690.3,50693.0,50685.0,50694.0,50694.0,50685.0,50693.0,50689.0,50692.0,50694.0,50684.0
4709,50690.3,50693.0,50685.0,50694.0,50694.0,50685.0,50693.0,50689.0,50692.0,50694.0,50684.0
4710,50690.3,50693.0,50685.0,50694.0,50694.0,50685.0,50693.0,50689.0,50692.0,50694.0,50684.0
4711,50690.3,50693.0,50685.0,50694.0,50694.0,50685.0,50693.0,50689.0,50692.0,50694.0,50684.0
4712,50690.3,50693.0,50685.0,50694.0,50694.0,50685.0,50693.0,50689.0,50692.0,50694.0,50684.0
4713,50690.3,50693.0,50685.0,50694.0,50694.0,50685.0,50693.0,50689.0,50692.0,50694.0,50684.0
4714,50690.3,50693.0,50685.0,50694.0,50694.0,50685.0,50693.0,50689.0,50692.0,50694.0,50684.0
4715,50690.3,50693.0,50685.0,50694.0,50694.0,50685.0,50693.0,50689.0,50692.0,50694.0,50684.0
4716,50690.3,50693.0,50685.0,50694.0,50694.0,50685.0,50693.0,50689.0,50692.0,50694.0,50684.0
4717,50690.3,50693.0,50685.0,50694.0,50694.0,50685.0,50693.0,50689.0,50692.0,50694.0,50684.0
4718,50690.3,50693.0,50685.0,50694.0,50694.0,50685.0,50693.0,50689.0,50692.0,50694.0,50684.0
4719,50690.3,50693.0,50685.0,50694.0,50694.0,50685.0,50693.0,50689.0,50692.0,50694.0,50684.0
4720,50690.3,50693.0,50685.0,50694.0,50694.0,50685.0,50693.0,50689.0,50692.0,50694.0,50684.0
4721,50690.3,50693.0,50685.0,50694.0,50694.0,50685.0,50693.0,50689.0,50692.0,50694.0,50684.0
4722,50690.3,50693.0,50685.0,50694.0,50694.0,50685.0,50693.0,50689.0,50692.0,50694.0,50684.0
4723,50690.3,50693.0,50685.0,50694.0,50694.0,50685.0,50693.0,50689.0,50692.0,50694.0,50684.0
4724,50690.3,50693.0,50685.0,50694.0,50694.0,50685.0,50693.0,50689.0,50692.0,50694.0,50684.0
4725,50690.3,50693.0,50685.0,50694.0,50694.0,50685.0,50693.0,50689.0,50692.0,50694.0,50684.0
4726,50690.3,50693.0,50685.0,50694.0,50694.0,50685.0,50693.0,50689.0,50692.0,50694.0,50684.0
4727,50690.3,50693.0,50685.0,50694.0,50694.0,50685.0,50693.0,50689.0,50692.0,50694.0,50684.0
4728,50690.3,50693.0,50685.0,50694.0,50694.0,50685.0,50693.0,50689.0,50692.0,50694.0,50684.0
4729,50690.3,50693.0,50685.0,50694.0,50694.0,50685.0,50693.0,50689.0,50692.0,50694.0,50684.0
4730,50690.3,50693.0,50685.0,50694.0,50694.0,50685.0,50693.0,50689.0,50692.0,50694.0,50684.0
4731,50690.3,50693.0,50685.0,50694.0,50694.0,50685.0,50693.0,50689.0,50692.0,50694.0,50684.0
4732,50690.3,50693.0,50685.0,50694.0,50694.0,50685.0,50693.0,50689.0,50692.0,50694.0,50684.0
4733,50690.3,50693.0,50685.0,50694.0,50694.0,50685.0,50693.0,50689.0,50692.0,50694.0,50684.0
4734,50690.3,50693.0,50685.0,50694.0,50694.0,50685.0,50693.0,50689.0,50692.0,50694.0,50684.0
4735,50690.3,50693.0,50685.0,50694.0,50694.0,50685.0,50693.0,50689.0,50692.0,50694.0,50684.0
4736,50690.3,50693.0,50685.0,50694.0,50694.0,50685.0,50693.0,50689.0,50692.0,50694.0,50684.0
4737,50690.3,50693.0,50685.0,50694.0,50694.0,50685.0,50693.0,50689.0,50692.0,50694.0,50684.0
4738,50690.3,50693.0,50685.0,50694.0,50694.0,50685.0,50693.0,50689.0,50692.0,50694.0,50684.0
4739,50690.3,50693.0,50685.0,50694.0,50694.0,50685.0,50693.0,50689.0,50692.0,50694.0,50684.0
4740,50690.3,50693.0,50685.0,50694.0,50694.0,50685.0,50693.0,50689.0,50692.0,50694.0,50684.0
4741,50690.3,50693.0,50685.0,50694.0,50694.0,50685.0,50693.0,50689.0,50692.0,50694.0,50684.0
4742,50690.3,50693.0,50685.0,50694.0,50694.0,50685.0,50693.0,50689.0,50692.0,50694.0,50684.0
4743,50690.3,50693.0,50685.0,50694.0,50694.0,50685.0,50693.0,50689.0,50692.0,50694.0,50684.0
4744,50690.3,50693.0,50685.0,50694.0,50694.0,50685.0,50693.0,50689.0,50692.0,50694.0,50684.0
4745,50690.3,50693.0,50685.0,50694.0,50694.0,50685.0,50693.0,50689.0,50692.0,50694.0,50684.0
4746,50690.3,50693.0,50685.0,50694.0,50694.0,50685.0,50693.0,50689.0,50692.0,50694.0,50684.0
4747,50690.3,50693.0,50685.0,50694.0,50694.0,50685.0,50693.0,50689.0,50692.0,50694.0,50684.0
4748,50690.3,50693.0,50685.0,50694.0,50694.0,50685.0,50693.0,50689.0,50692.0,50694.0,50684.0
4749,50690.3,50693.0,50685.0,50694.0,50694.0,50685.0,50693.0,50689.0,50692.0,50694.0,50684.0
4750,50690.3,50693.0,50685.0,50694.0,50694.0,50685.0,50693.0,50689.0,50692.0,50694.0,50684.0
4751,50690.3,50693.0,50685.0,50694.0,50694.0,50685.0,50693.0,50689.0,50692.0,50694.0,50684.0
4752,50690.3,50693.0,50685.0,50694.0,50694.0,50685.0,50693.0,50689.0,50692.0,50694.0,50684.0
4753,50690.3,50693.0,50685.0,50694.0,50694.0,50685.0,50693.0,50689.0,50692.0,50694.0,50684.0
4754,50690.3,50693.0,50685.0,50694.0,50694.0,50685.0,50693.0,50689.0,50692.0,50694.0,50684.0
4755,50690.3,50693.0,50685.0,50694.0,50694.0,50685.0,50693.0,50689.0,50692.0,50694.0,50684.0
4756,50690.3,50693.0,50685.0,50694.0,50694.0,50685.0,50693.0,50689.0,50692.0,50694.0,50684.0
4757,50690.3,50693.0,50685.0,50694.0,50694.0,50685.0,50693.0,50689.0,50692.0,50694.0,50684.0
4758,50690.3,50693.0,50685.0,50694.0,50694.0,50685.0,50693.0,50689.0,50692.0,50694.0,50684.0
4759,50690.3,50693.0,50685.0,50694.0,50694.0,50685.0,50693.0,50689.0,50692.0,50694.0,50684.0
4760,50690.3,50693.0,50685.0,50694.0,50694.0,50685.0,50693.0,50689.0,50692.0,50694.0,50684.0
4761,50690.3,50693.0,50685.0,50694.0,50694.0,50685.0,50693.0,50689.0,50692.0,50694.0,50684.0
4762,50690.3,50693.0,50685.0,50694.0,50694.0,50685.0,50693.0,50689.0,50692.0,50694.0,50684.0
4763,50690.3,50693.0,50685.0,50694.0,50694.0,50685.0,50693.0,50689.0,50692.0,50694.0,50684.0
4764,50690.3,50693.0,50685.0,50694.0,50694.0,50685.0,50693.0,50689.0,50692.0,50694.0,50684.0
4765,50690.3,50693.0,50685.0,50694.0,50694.0,50685.0,50693.0,50689.0,50692.0,50694.0,50684.0
4766,50690.3,50693.0,50685.0,50694.0,50694.0,50685.0,50693.0,50689.0,50692.0,50694.0,50684.0
4767,50690.3,50693.0,50685.0,50694.0,50694.0,50685.0,50693.0,50689.0,50692.0,50694.0,50684.0
4768,50690.3,50693.0,50685.0,50694.0,50694.0,50685.0,50693.0,50689.0,50692.0,50694.0,50684.0
4769,50690.3,50693.0,50685.0,50694.0,50694.0,50685.0,50693.0,50689.0,50692.0,50694.0,50684.0
4770,50690.3,50693.0,50685.0,50694.0,50694.0,50685.0,50693.0,50689.0,50692.0,50694.0,50684.0
4771,50690.3,50693.0,50685.0,50694.0,50694.0,50685.0,50693.0,50689.0,50692.0,50694.0,50684.0
4772,50690.3,50693.0,50685.0,50694.0,50694.0,50685.0,50693.0,50689.0,50692.0,50694.0,50684.0
4773,50690.3,50693.0,50685.0,50694.0,50694.0,50685.0,50693.0,50689.0,50692.0,50694.0,50684.0
4774,50690.3,50693.0,50685.0,50694.0,50694.0,50685.0,50693.0,50689.0,50692.0,50694.0,50684.0
4775,50690.3,50693.0,50685.0,50694.0,50694.0,50685.0,50693.0,50689.0,50692.0,50694.0,50684.0
4776,50690.3,50693.0,50685.0,50694.0,50694.0,50685.0,50693.0,50689.0,50692.0,50694.0,50684.0
4777,50690.3,50693.0,50685.0,50694.0,50694.0,50685.0,50693.0,50689.0,50692.0,50694.0,50684.0
4778,50690.3,50693.0,50685.0,50694.0,50694.0,50685.0,50693.0,50689.0,50692.0,50694.0,50684.0
4779,50690.3,50693.0,50685.0,50694.0,50694.0,50685.0,50693.0,50689.0,50692.0,50694.0,50684.0
4780,50690.3,50693.0,50685.0,50694.0,50694.0,50685.0,50693.0,50689.0,50692.0,50694.0,50684.0
4781,50690.3,50693.0,50685.0,50694.0,50694.0,50685.0,50693.0,50689.0,50692.0,50694.0,50684.0
4782,50690.3,50693.0,50685.0,50694.0,50694.0,50685.0,50693.0,50689.0,50692.0,50694.0,50684.0
4783,50690.3,50693.0,50685.0,50694.0,50694.0,50685.0,50693.0,50689.0,50692.0,50694.0,50684.0
4784,50690.3,50693.0,50685.0,50694.0,50694.0,50685.0,50693.0,50689.0,50692.0,50694.0,50684.0
4785,50690.3,50693.0,50685.0,50694.0,50694.0,50685.0,50693.0,50689.0,50692.0,50694.0,50684.0
4786,50690.3,50693.0,50685.0,50694.0,50694.0,50685.0,50693.0,50689.0,50692.0,50694.0,50684.0
4787,50690.3,50693.0,50685.0,50694.0,50694.0,50685.0,50693.0,50689.0,50692.0,50694.0,50684.0
4788,50690.3,50693.0,50685.0,50694.0,50694.0,50685.0,50693.0,50689.0,50692.0,50694.0,50684.0
4789,50690.3,50693.0,50685.0,50694.0,50694.0,50685.0,50693.0,50689.0,50692.0,50694.0,50684.0
4790,50690.3,50693.0,50685.0,50694.0,50694.0,50685.0,50693.0,50689.0,50692.0,50694.0,50684.0
4791,50690.3,50693.0,50685.0,50694.0,50694.0,50685.0,50693.0,50689.0,50692.0,50694.0,50684.0
4792,50690.3,50693.0,50685.0,50694.0,50694.0,50685.0,50693.0,50689.0,50692.0,50694.0,50684.0
4793,50690.3,50693.0,50685.0,50694.0,50694.0,50685.0,50693.0,50689.0,50692.0,50694.0,50684.0
4794,50690.3,50693.0,50685.0,50694.0,50694.0,50685.0,50693.0,50689.0,50692.0,50694.0,50684.0
4795,50690.3,50693.0,50685.0,50694.0,50694.0,50685.0,50693.0,50689.0,50692.0,50694.0,50684.0
4796,50690.3,50693.0,50685.0,50694.0,50694.0,50685.0,50693.0,50689.0,50692.0,50694.0,50684.0
4797,50690.3,50693.0,50685.0,50694.0,50694.0,50685.0,50693.0,50689.0,50692.0,50694.0,50684.0
4798,50690.3,50693.0,50685.0,50694.0,50694.0,50685.0,50693.0,50689.0,50692.0,50694.0,50684.0
4799,50690.3,50693.0,50685.0,50694.0,50694.0,50685.0,50693.0,50689.0,50692.0,50694.0,50684.0
4800,50690.3,50693.0,50685.0,50694.0,50694.0,50685.0,50693.0,50689.0,50692.0,50694.0,50684.0
4801,50690.3,50693.0,50685.0,50694.0,50694.0,50685.0,50693.0,50689.0,50692.0,50694.0,50684.0
4802,50690.3,50693.0,50685.0,50694.0,50694.0,50685.0,50693.0,50689.0,50692.0,50694.0,50684.0
4803,50690.3,50693.0,50685.0,50694.0,50694.0,50685.0,50693.0,50689.0,50692.0,50694.0,50684.0
4804,50690.3,50693.0,50685.0,50694.0,50694.0,50685.0,50693.0,50689.0,50692.0,50694.0,50684.0
4805,50690.3,50693.0,50685.0,50694.0,50694.0,50685.0,50693.0,50689.0,50692.0,50694.0,50684.0
4806,50690.3,50693.0,50685.0,50694.0,50694.0,50685.0,50693.0,50689.0,50692.0,50694.0,50684.0
4807,50690.3,50693.0,50685.0,50694.0,50694.0,50685.0,50693.0,50689.0,50692.0,50694.0,50684.0
4808,50690.3,50693.0,50685.0,50694.0,50694.0,50685.0,50693.0,50689.0,50692.0,50694.0,50684.0
4809,50690.3,50693.0,50685.0,50694.0,50694.0,50685.0,50693.0,50689.0,50692.0,50694.0,50684.0
4810,50690.3,50693.0,50685.0,50694.0,50694.0,50685.0,50693.0,50689.0,50692.0,50694.0,50684.0
4811,50690.3,50693.0,50685.0,50694.0,50694.0,50685.0,50693.0,50689.0,50692.0,50694.0,50684.0
4812,50690.3,50693.0,50685.0,50694.0,50694.0,50685.0,50693.0,50689.0,50692.0,50694.0,50684.0
4813,50690.3,50693.0,50685.0,50694.0,50694.0,50685.0,50693.0,50689.0,50692.0,50694.0,50684.0
4814,50690.3,50693.0,50685.0,50694.0,50694.0,50685.0,50693.0,50689.0,50692.0,50694.0,50684.0
4815,50690.3,50693.0,50685.0,50694.0,50694.0,50685.0,50693.0,50689.0,50692.0,50694.0,50684.0
4816,50690.3,50693.0,50685.0,50694.0,50694.0,50685.0,50693.0,50689.0,50692.0,50694.0,50684.0
4817,50690.3,50693.0,50685.0,50694.0,50694.0,50685.0,50693.0,50689.0,50692.0,50694.0,50684.0
4818,50690.3,50693.0,50685.0,50694.0,50694.0,50685.0,50693.0,50689.0,50692.0,50694.0,50684.0
4819,50690.3,50693.0,50685.0,50694.0,50694.0,50685.0,50693.0,50689.0,50692.0,50694.0,50684.0
4820,50690.3,50693.0,50685.0,50694.0,50694.0,50685.0,50693.0,50689.0,50692.0,50694.0,50684.0
4821,50690.3,50693.0,50685.0,50694.0,50694.0,50685.0,50693.0,50689.0,50692.0,50694.0,50684.0
4822,50690.3,50693.0,50685.0,50694.0,50694.0,50685.0,50693.0,50689.0,50692.0,50694.0,50684.0
4823,50690.3,50693.0,50685.0,50694.0,50694.0,50685.0,50693.0,50689.0,50692.0,50694.0,50684.0
4824,50690.3,50693.0,50685.0,50694.0,50694.0,50685.0,50693.0,50689.0,50692.0,50694.0,50684.0
4825,50690.3,50693.0,50685.0,50694.0,50694.0,50685.0,50693.0,50689.0,50692.0,50694.0,50684.0
4826,50690.3,50693.0,50685.0,50694.0,50694.0,50685.0,50693.0,50689.0,50692.0,50694.0,50684.0
4827,50690.3,50693.0,50685.0,50694.0,50694.0,50685.0,50693.0,50689.0,50692.0,50694.0,50684.0
4828,50690.3,50693.0,50685.0,50694.0,50694.0,50685.0,50693.0,50689.0,50692.0,50694.0,50684.0
4829,50690.3,50693.0,50685.0,50694.0,50694.0,50685.0,50693.0,50689.0,50692.0,50694.0,50684.0
4830,50690.3,50693.0,50685.0,50694.0,50694.0,50685.0,50693.0,50689.0,50692.0,50694.0,50684.0
4831,50690.3,50693.0,50685.0,50694.0,50694.0,50685.0,50693.0,50689.0,50692.0,50694.0,50684.0
4832,50690.3,50693.0,50685.0,50694.0,50694.0,50685.0,50693.0,50689.0,50692.0,50694.0,50684.0
4833,50690.3,50693.0,50685.0,50694.0,50694.0,50685.0,50693.0,50689.0,50692.0,50694.0,50684.0
4834,50690.3,50693.0,50685.0,50694.0,50694.0,50685.0,50693.0,50689.0,50692.0,50694.0,50684.0
4835,50690.3,50693.0,50685.0,50694.0,50694.0,50685.0,50693.0,50689.0,50692.0,50694.0,50684.0
4836,50690.3,50693.0,50685.0,50694.0,50694.0,50685.0,50693.0,50689.0,50692.0,50694.0,50684.0
4837,50690.3,50693.0,50685.0,50694.0,50694.0,50685.0,50693.0,50689.0,50692.0,50694.0,50684.0
4838,50690.3,50693.0,50685.0,50694.0,50694.0,50685.0,50693.0,50689.0,50692.0,50694.0,50684.0
4839,50690.3,50693.0,50685.0,50694.0,50694.0,50685.0,50693.0,50689.0,50692.0,50694.0,50684.0
4840,50690.3,50693.0,50685.0,50694.0,50694.0,50685.0,50693.0,50689.0,50692.0,50694.0,50684.0
4841,50690.3,50693.0,50685.0,50694.0,50694.0,50685.0,50693.0,50689.0,50692.0,50694.0,50684.0
4842,50690.3,50693.0,50685.0,50694.0,50694.0,50685.0,50693.0,50689.0,50692.0,50694.0,50684.0
4843,50690.3,50693.0,50685.0,50694.0,50694.0,50685.0,50693.0,50689.0,50692.0,50694.0,50684.0
4844,50690.3,50693.0,50685.0,50694.0,50694.0,50685.0,50693.0,50689.0,50692.0,50694.0,50684.0
4845,50690.3,50693.0,50685.0,50694.0,50694.0,50685.0,50693.0,50689.0,50692.0,50694.0,50684.0
4846,50690.3,50693.0,50685.0,50694.0,50694.0,50685.0,50693.0,50689.0,50692.0,50694.0,50684.0
4847,50690.3,50693.0,50685.0,50694.0,50694.0,50685.0,50693.0,50689.0,50692.0,50694.0,50684.0
4848,50690.3,50693.0,50685.0,50694.0,50694.0,50685.0,50693.0,50689.0,50692.0,50694.0,50684.0
4849,50690.3,50693.0,50685.0,50694.0,50694.0,50685.0,50693.0,50689.0,50692.0,50694.0,50684.0
4850,50690.3,50693.0,50685.0,50694.0,50694.0,50685.0,50693.0,50689.0,50692.0,50694.0,50684.0
4851,50690.3,50693.0,50685.0,50694.0,50694.0,50685.0,50693.0,50689.0,50692.0,50694.0,50684.0
4852,50690.3,50693.0,50685.0,50694.0,50694.0,50685.0,50693.0,50689.0,50692.0,50694.0,50684.0
4853,50690.3,50693.0,50685.0,50694.0,50694.0,50685.0,50693.0,50689.0,50692.0,50694.0,50684.0
4854,50690.3,50693.0,50685.0,50694.0,50694.0,50685.0,50693.0,50689.0,50692.0,50694.0,50684.0
4855,50690.3,50693.0,50685.0,50694.0,50694.0,50685.0,50693.0,50689.0,50692.0,50694.0,50684.0
4856,50690.3,50693.0,50685.0,50694.0,50694.0,50685.0,50693.0,50689.0,50692.0,50694.0,50684.0
4857,50690.3,50693.0,50685.0,50694.0,50694.0,50685.0,50693.0,50689.0,50692.0,50694.0,50684.0
4858,50690.3,50693.0,50685.0,50694.0,50694.0,50685.0,50693.0,50689.0,50692.0,50694.0,50684.0
4859,50690.3,50693.0,50685.0,50694.0,50694.0,50685.0,50693.0,50689.0,50692.0,50694.0,50684.0
4860,50690.3,50693.0,50685.0,50694.0,50694.0,50685.0,50693.0,50689.0,50692.0,50694.0,50684.0
4861,50690.3,50693.0,50685.0,50694.0,50694.0,50685.0,50693.0,50689.0,50692.0,50694.0,50684.0
4862,50690.3,50693.0,50685.0,50694.0,50694.0,50685.0,50693.0,50689.0,50692.0,50694.0,50684.0
4863,50690.3,50693.0,50685.0,50694.0,50694.0,50685.0,50693.0,50689.0,50692.0,50694.0,50684.0
4864,50690.3,50693.0,50685.0,50694.0,50694.0,50685.0,50693.0,50689.0,50692.0,50694.0,50684.0
4865,50690.3,50693.0,50685.0,50694.0,50694.0,50685.0,50693.0,50689.0,50692.0,50694.0,50684.0
4866,50690.3,50693.0,50685.0,50694.0,50694.0,50685.0,50693.0,50689.0,50692.0,50694.0,50684.0
4867,50690.3,50693.0,50685.0,50694.0,50694.0,50685.0,50693.0,50689.0,50692.0,50694.0,50684.0
4868,50690.3,50693.0,50685.0,50694.0,50694.0,50685.0,50693.0,50689.0,50692.0,50694.0,50684.0
4869,50690.3,50693.0,50685.0,50694.0,50694.0,50685.0,50693.0,50689.0,50692.0,50694.0,50684.0
4870,50690.3,50693.0,50685.0,50694.0,50694.0,50685.0,50693.0,50689.0,50692.0,50694.0,50684.0
4871,50690.3,50693.0,50685.0,50694.0,50694.0,50685.0,50693.0,50689.0,50692.0,50694.0,50684.0
4872,50690.3,50693.0,50685.0,50694.0,50694.0,50685.0,50693.0,50689.0,50692.0,50694.0,50684.0
4873,50690.3,50693.0,50685.0,50694.0,50694.0,50685.0,50693.0,50689.0,50692.0,50694.0,50684.0
4874,50690.3,50693.0,50685.0,50694.0,50694.0,50685.0,50693.0,50689.0,50692.0,50694.0,50684.0
4875,50690.3,50693.0,50685.0,50694.0,50694.0,50685.0,50693.0,50689.0,50692.0,50694.0,50684.0
4876,50690.3,50693.0,50685.0,50694.0,50694.0,50685.0,50693.0,50689.0,50692.0,50694.0,50684.0
4877,50690.3,50693.0,50685.0,50694.0,50694.0,50685.0,50693.0,50689.0,50692.0,50694.0,50684.0
4878,50690.3,50693.0,50685.0,50694.0,50694.0,50685.0,50693.0,50689.0,50692.0,50694.0,50684.0
4879,50690.3,50693.0,50685.0,50694.0,50694.0,50685.0,50693.0,50689.0,50692.0,50694.0,50684.0
4880,50690.3,50693.0,50685.0,50694.0,50694.0,50685.0,50693.0,50689.0,50692.0,50694.0,50684.0
4881,50690.3,50693.0,50685.0,50694.0,50694.0,50685.0,50693.0,50689.0,50692.0,50694.0,50684.0
4882,50690.3,50693.0,50685.0,50694.0,50694.0,50685.0,50693.0,50689.0,50692.0,50694.0,50684.0
4883,50690.3,50693.0,50685.0,50694.0,50694.0,50685.0,50693.0,50689.0,50692.0,50694.0,50684.0
4884,50690.3,50693.0,50685.0,50694.0,50694.0,50685.0,50693.0,50689.0,50692.0,50694.0,50684.0
4885,50690.3,50693.0,50685.0,50694.0,50694.0,50685.0,50693.0,50689.0,50692.0,50694.0,50684.0
4886,50690.3,50693.0,50685.0,50694.0,50694.0,50685.0,50693.0,50689.0,50692.0,50694.0,50684.0
4887,50690.3,50693.0,50685.0,50694.0,50694.0,50685.0,50693.0,50689.0,50692.0,50694.0,50684.0
4888,50690.3,50693.0,50685.0,50694.0,50694.0,50685.0,50693.0,50689.0,50692.0,50694.0,50684.0
4889,50690.3,50693.0,50685.0,50694.0,50694.0,50685.0,50693.0,50689.0,50692.0,50694.0,50684.0
4890,50690.3,50693.0,50685.0,50694.0,50694.0,50685.0,50693.0,50689.0,50692.0,50694.0,50684.0
4891,50690.3,50693.0,50685.0,50694.0,50694.0,50685.0,50693.0,50689.0,50692.0,50694.0,50684.0
4892,50690.3,50693.0,50685.0,50694.0,50694.0,50685.0,50693.0,50689.0,50692.0,50694.0,50684.0
4893,50690.3,50693.0,50685.0,50694.0,50694.0,50685.0,50693.0,50689.0,50692.0,50694.0,50684.0
4894,50690.3,50693.0,50685.0,50694.0,50694.0,50685.0,50693.0,50689.0,50692.0,50694.0,50684.0
4895,50690.3,50693.0,50685.0,50694.0,50694.0,50685.0,50693.0,50689.0,50692.0,50694.0,50684.0
4896,50690.3,50693.0,50685.0,50694.0,50694.0,50685.0,50693.0,50689.0,50692.0,50694.0,50684.0
4897,50690.3,50693.0,50685.0,50694.0,50694.0,50685.0,50693.0,50689.0,50692.0,50694.0,50684.0
4898,50690.3,50693.0,50685.0,50694.0,50694.0,50685.0,50693.0,50689.0,50692.0,50694.0,50684.0
4899,50690.3,50693.0,50685.0,50694.0,50694.0,50685.0,50693.0,50689.0,50692.0,50694.0,50684.0
4900,50690.3,50693.0,50685.0,50694.0,50694.0,50685.0,50693.0,50689.0,50692.0,50694.0,50684.0
4901,50690.3,50693.0,50685.0,50694.0,50694.0,50685.0,50693.0,50689.0,50692.0,50694.0,50684.0
4902,50690.3,50693.0,50685.0,50694.0,50694.0,50685.0,50693.0,50689.0,50692.0,50694.0,50684.0
4903,50690.3,50693.0,50685.0,50694.0,50694.0,50685.0,50693.0,50689.0,50692.0,50694.0,50684.0
4904,50690.3,50693.0,50685.0,50694.0,50694.0,50685.0,50693.0,50689.0,50692.0,50694.0,50684.0
4905,50690.3,50693.0,50685.0,50694.0,50694.0,50685.0,50693.0,50689.0,50692.0,50694.0,50684.0
4906,50690.3,50693.0,50685.0,50694.0,50694.0,50685.0,50693.0,50689.0,50692.0,50694.0,50684.0
4907,50690.3,50693.0,50685.0,50694.0,50694.0,50685.0,50693.0,50689.0,50692.0,50694.0,50684.0
4908,50690.3,50693.0,50685.0,50694.0,50694.0,50685.0,50693.0,50689.0,50692.0,50694.0,50684.0
4909,50690.3,50693.0,50685.0,50694.0,50694.0,50685.0,50693.0,50689.0,50692.0,50694.0,50684.0
4910,50690.3,50693.0,50685.0,50694.0,50694.0,50685.0,50693.0,50689.0,50692.0,50694.0,50684.0
4911,50690.3,50693.0,50685.0,50694.0,50694.0,50685.0,50693.0,50689.0,50692.0,50694.0,50684.0
4912,50690.3,50693.0,50685.0,50694.0,50694.0,50685.0,50693.0,50689.0,50692.0,50694.0,50684.0
4913,50690.3,50693.0,50685.0,50694.0,50694.0,50685.0,50693.0,50689.0,50692.0,50694.0,50684.0
4914,50690.3,50693.0,50685.0,50694.0,50694.0,50685.0,50693.0,50689.0,50692.0,50694.0,50684.0
4915,50690.3,50693.0,50685.0,50694.0,50694.0,50685.0,50693.0,50689.0,50692.0,50694.0,50684.0
4916,50690.3,50693.0,50685.0,50694.0,50694.0,50685.0,50693.0,50689.0,50692.0,50694.0,50684.0
4917,50690.3,50693.0,50685.0,50694.0,50694.0,50685.0,50693.0,50689.0,50692.0,50694.0,50684.0
4918,50690.3,50693.0,50685.0,50694.0,50694.0,50685.0,50693.0,50689.0,50692.0,50694.0,50684.0
4919,50690.3,50693.0,50685.0,50694.0,50694.0,50685.0,50693.0,50689.0,50692.0,50694.0,50684.0
4920,50690.3,50693.0,50685.0,50694.0,50694.0,50685.0,50693.0,50689.0,50692.0,50694.0,50684.0
4921,50690.3,50693.0,50685.0,50694.0,50694.0,50685.0,50693.0,50689.0,50692.0,50694.0,50684.0
4922,50690.3,50693.0,50685.0,50694.0,50694.0,50685.0,50693.0,50689.0,50692.0,50694.0,50684.0
4923,50690.3,50693.0,50685.0,50694.0,50694.0,50685.0,50693.0,50689.0,50692.0,50694.0,50684.0
4924,50690.3,50693.0,50685.0,50694.0,50694.0,50685.0,50693.0,50689.0,50692.0,50694.0,50684.0
4925,50690.3,50693.0,50685.0,50694.0,50694.0,50685.0,50693.0,50689.0,50692.0,50694.0,50684.0
4926,50690.3,50693.0,50685.0,50694.0,50694.0,50685.0,50693.0,50689.0,50692.0,50694.0,50684.0
4927,50690.3,50693.0,50685.0,50694.0,50694.0,50685.0,50693.0,50689.0,50692.0,50694.0,50684.0
4928,50690.3,50693.0,50685.0,50694.0,50694.0,50685.0,50693.0,50689.0,50692.0,50694.0,50684.0
4929,50690.3,50693.0,50685.0,50694.0,50694.0,50685.0,50693.0,50689.0,50692.0,50694.0,50684.0
4930,50690.3,50693.0,50685.0,50694.0,50694.0,50685.0,50693.0,50689.0,50692.0,50694.0,50684.0
4931,50690.3,50693.0,50685.0,50694.0,50694.0,50685.0,50693.0,50689.0,50692.0,50694.0,50684.0
4932,50690.3,50693.0,50685.0,50694.0,50694.0,50685.0,50693.0,50689.0,50692.0,50694.0,50684.0
4933,50690.3,50693.0,50685.0,50694.0,50694.0,50685.0,50693.0,50689.0,50692.0,50694.0,50684.0
4934,50690.3,50693.0,50685.0,50694.0,50694.0,50685.0,50693.0,50689.0,50692.0,50694.0,50684.0
4935,50690.3,50693.0,50685.0,50694.0,50694.0,50685.0,50693.0,50689.0,50692.0,50694.0,50684.0
4936,50690.3,50693.0,50685.0,50694.0,50694.0,50685.0,50693.0,50689.0,50692.0,50694.0,50684.0
4937,50690.3,50693.0,50685.0,50694.0,50694.0,50685.0,50693.0,50689.0,50692.0,50694.0,50684.0
4938,50690.3,50693.0,50685.0,50694.0,50694.0,50685.0,50693.0,50689.0,50692.0,50694.0,50684.0
4939,50690.3,50693.0,50685.0,50694.0,50694.0,50685.0,50693.0,50689.0,50692.0,50694.0,50684.0
4940,50690.3,50693.0,50685.0,50694.0,50694.0,50685.0,50693.0,50689.0,50692.0,50694.0,50684.0
4941,50690.3,50693.0,50685.0,50694.0,50694.0,50685.0,50693.0,50689.0,50692.0,50694.0,50684.0
4942,50690.3,50693.0,50685.0,50694.0,50694.0,50685.0,50693.0,50689.0,50692.0,50694.0,50684.0
4943,50690.3,50693.0,50685.0,50694.0,50694.0,50685.0,50693.0,50689.0,50692.0,50694.0,50684.0
4944,50690.3,50693.0,50685.0,50694.0,50694.0,50685.0,50693.0,50689.0,50692.0,50694.0,50684.0
4945,50690.3,50693.0,50685.0,50694.0,50694.0,50685.0,50693.0,50689.0,50692.0,50694.0,50684.0
4946,50690.3,50693.0,50685.0,50694.0,50694.0,50685.0,50693.0,50689.0,50692.0,50694.0,50684.0
4947,50690.3,50693.0,50685.0,50694.0,50694.0,50685.0,50693.0,50689.0,50692.0,50694.0,50684.0
4948,50690.3,50693.0,50685.0,50694.0,50694.0,50685.0,50693.0,50689.0,50692.0,50694.0,50684.0
4949,50690.3,50693.0,50685.0,50694.0,50694.0,50685.0,50693.0,50689.0,50692.0,50694.0,50684.0
4950,50690.3,50693.0,50685.0,50694.0,50694.0,50685.0,50693.0,50689.0,50692.0,50694.0,50684.0
4951,50690.3,50693.0,50685.0,50694.0,50694.0,50685.0,50693.0,50689.0,50692.0,50694.0,50684.0
4952,50690.3,50693.0,50685.0,50694.0,50694.0,50685.0,50693.0,50689.0,50692.0,50694.0,50684.0
4953,50690.3,50693.0,50685.0,50694.0,50694.0,50685.0,50693.0,50689.0,50692.0,50694.0,50684.0
4954,50690.3,50693.0,50685.0,50694.0,50694.0,50685.0,50693.0,50689.0,50692.0,50694.0,50684.0
4955,50690.3,50693.0,50685.0,50694.0,50694.0,50685.0,50693.0,50689.0,50692.0,50694.0,50684.0
4956,50690.3,50693.0,50685.0,50694.0,50694.0,50685.0,50693.0,50689.0,50692.0,50694.0,50684.0
4957,50690.3,50693.0,50685.0,50694.0,50694.0,50685.0,50693.0,50689.0,50692.0,50694.0,50684.0
4958,50690.3,50693.0,50685.0,50694.0,50694.0,50685.0,50693.0,50689.0,50692.0,50694.0,50684.0
4959,50690.3,50693.0,50685.0,50694.0,50694.0,50685.0,50693.0,50689.0,50692.0,50694.0,50684.0
4960,50690.3,50693.0,50685.0,50694.0,50694.0,50685.0,50693.0,50689.0,50692.0,50694.0,50684.0
4961,50690.3,50693.0,50685.0,50694.0,50694.0,50685.0,50693.0,50689.0,50692.0,50694.0,50684.0
4962,50690.3,50693.0,50685.0,50694.0,50694.0,50685.0,50693.0,50689.0,50692.0,50694.0,50684.0
4963,50690.3,50693.0,50685.0,50694.0,50694.0,50685.0,50693.0,50689.0,50692.0,50694.0,50684.0
4964,50690.3,50693.0,50685.0,50694.0,50694.0,50685.0,50693.0,50689.0,50692.0,50694.0,50684.0
4965,50690.3,50693.0,50685.0,50694.0,50694.0,50685.0,50693.0,50689.0,50692.0,50694.0,50684.0
4966,50690.3,50693.0,50685.0,50694.0,50694.0,50685.0,50693.0,50689.0,50692.0,50694.0,50684.0
4967,50690.3,50693.0,50685.0,50694.0,50694.0,50685.0,50693.0,50689.0,50692.0,50694.0,50684.0
4968,50690.3,50693.0,50685.0,50694.0,50694.0,50685.0,50693.0,50689.0,50692.0,50694.0,50684.0
4969,50690.3,50693.0,50685.0,50694.0,50694.0,50685.0,50693.0,50689.0,50692.0,50694.0,50684.0
4970,50690.3,50693.0,50685.0,50694.0,50694.0,50685.0,50693.0,50689.0,50692.0,50694.0,50684.0
4971,50690.3,50693.0,50685.0,50694.0,50694.0,50685.0,50693.0,50689.0,50692.0,50694.0,50684.0
4972,50690.3,50693.0,50685.0,50694.0,50694.0,50685.0,50693.0,50689.0,50692.0,50694.0,50684.0
4973,50690.3,50693.0,50685.0,50694.0,50694.0,50685.0,50693.0,50689.0,50692.0,50694.0,50684.0
4974,50690.3,50693.0,50685.0,50694.0,50694.0,50685.0,50693.0,50689.0,50692.0,50694.0,50684.0
4975,50690.3,50693.0,50685.0,50694.0,50694.0,50685.0,50693.0,50689.0,50692.0,50694.0,50684.0
4976,50690.3,50693.0,50685.0,50694.0,50694.0,50685.0,50693.0,50689.0,50692.0,50694.0,50684.0
4977,50690.3,50693.0,50685.0,50694.0,50694.0,50685.0,50693.0,50689.0,50692.0,50694.0,50684.0
4978,50690.3,50693.0,50685.0,50694.0,50694.0,50685.0,50693.0,50689.0,50692.0,50694.0,50684.0
4979,50690.3,50693.0,50685.0,50694.0,50694.0,50685.0,50693.0,50689.0,50692.0,50694.0,50684.0
4980,50690.3,50693.0,50685.0,50694.0,50694.0,50685.0,50693.0,50689.0,50692.0,50694.0,50684.0
4981,50690.3,50693.0,50685.0,50694.0,50694.0,50685.0,50693.0,50689.0,50692.0,50694.0,50684.0
4982,50690.3,50693.0,50685.0,50694.0,50694.0,50685.0,50693.0,50689.0,50692.0,50694.0,50684.0
4983,50690.3,50693.0,50685.0,50694.0,50694.0,50685.0,50693.0,50689.0,50692.0,50694.0,50684.0
4984,50690.3,50693.0,50685.0,50694.0,50694.0,50685.0,50693.0,50689.0,50692.0,50694.0,50684.0
4985,50690.3,50693.0,50685.0,50694.0,50694.0,50685.0,50693.0,50689.0,50692.0,50694.0,50684.0
4986,50690.3,50693.0,50685.0,50694.0,50694.0,50685.0,50693.0,50689.0,50692.0,50694.0,50684.0
4987,50690.3,50693.0,50685.0,50694.0,50694.0,50685.0,50693.0,50689.0,50692.0,50694.0,50684.0
4988,50690.3,50693.0,50685.0,50694.0,50694.0,50685.0,50693.0,50689.0,50692.0,50694.0,50684.0
4989,50690.3,50693.0,50685.0,50694.0,50694.0,50685.0,50693.0,50689.0,50692.0,50694.0,50684.0
4990,50690.3,50693.0,50685.0,50694.0,50694.0,50685.0,50693.0,50689.0,50692.0,50694.0,50684.0
4991,50690.3,50693.0,50685.0,50694.0,50694.0,50685.0,50693.0,50689.0,50692.0,50694.0,50684.0
4992,50690.3,50693.0,50685.0,50694.0,50694.0,50685.0,50693.0,50689.0,50692.0,50694.0,50684.0
4993,50690.3,50693.0,50685.0,50694.0,50694.0,50685.0,50693.0,50689.0,50692.0,50694.0,50684.0
4994,50690.3,50693.0,50685.0,50694.0,50694.0,50685.0,50693.0,50689.0,50692.0,50694.0,50684.0
4995,50690.3,50693.0,50685.0,50694.0,50694.0,50685.0,50693.0,50689.0,50692.0,50694.0,50684.0
4996,50690.3,50693.0,50685.0,50694.0,50694.0,50685.0,50693.0,50689.0,50692.0,50694.0,50684.0
4997,50690.3,50693.0,50685.0,50694.0,50694.0,50685.0,50693.0,50689.0,50692.0,50694.0,50684.0
4998,50690.3,50693.0,50685.0,50694.0,50694.0,50685.0,50693.0,50689.0,50692.0,50694.0,50684.0
4999,50690.3,50693.0,50685.0,50694.0,50694.0,50685.0,50693.0,50689.0,50692.0,50694.0,50684.0
5000,50690.3,50693.0,50685.0,50694.0,50694.0,50685.0,50693.0,50689.0,50692.0,50694.0,50684.0
5001,50690.3,50693.0,50685.0,50694.0,50694.0,50685.0,50693.0,50689.0,50692.0,50694.0,50684.0
5002,50690.3,50693.0,50685.0,50694.0,50694.0,50685.0,50693.0,50689.0,50692.0,50694.0,50684.0
5003,50690.3,50693.0,50685.0,50694.0,50694.0,50685.0,50693.0,50689.0,50692.0,50694.0,50684.0
5004,50690.3,50693.0,50685.0,50694.0,50694.0,50685.0,50693.0,50689.0,50692.0,50694.0,50684.0
5005,50690.3,50693.0,50685.0,50694.0,50694.0,50685.0,50693.0,50689.0,50692.0,50694.0,50684.0
5006,50690.3,50693.0,50685.0,50694.0,50694.0,50685.0,50693.0,50689.0,50692.0,50694.0,50684.0
5007,50690.3,50693.0,50685.0,50694.0,50694.0,50685.0,50693.0,50689.0,50692.0,50694.0,50684.0
5008,50690.3,50693.0,50685.0,50694.0,50694.0,50685.0,50693.0,50689.0,50692.0,50694.0,50684.0
5009,50690.3,50693.0,50685.0,50694.0,50694.0,50685.0,50693.0,50689.0,50692.0,50694.0,50684.0
5010,50690.3,50693.0,50685.0,50694.0,50694.0,50685.0,50693.0,50689.0,50692.0,50694.0,50684.0
5011,50690.3,50693.0,50685.0,50694.0,50694.0,50685.0,50693.0,50689.0,50692.0,50694.0,50684.0
5012,50690.3,50693.0,50685.0,50694.0,50694.0,50685.0,50693.0,50689.0,50692.0,50694.0,50684.0
5013,50690.3,50693.0,50685.0,50694.0,50694.0,50685.0,50693.0,50689.0,50692.0,50694.0,50684.0
5014,50690.3,50693.0,50685.0,50694.0,50694.0,50685.0,50693.0,50689.0,50692.0,50694.0,50684.0
5015,50690.3,50693.0,50685.0,50694.0,50694.0,50685.0,50693.0,50689.0,50692.0,50694.0,50684.0
5016,50690.3,50693.0,50685.0,50694.0,50694.0,50685.0,50693.0,50689.0,50692.0,50694.0,50684.0
5017,50690.3,50693.0,50685.0,50694.0,50694.0,50685.0,50693.0,50689.0,50692.0,50694.0,50684.0
5018,50690.3,50693.0,50685.0,50694.0,50694.0,50685.0,50693.0,50689.0,50692.0,50694.0,50684.0
5019,50690.3,50693.0,50685.0,50694.0,50694.0,50685.0,50693.0,50689.0,50692.0,50694.0,50684.0
5020,50690.3,50693.0,50685.0,50694.0,50694.0,50685.0,50693.0,50689.0,50692.0,50694.0,50684.0
5021,50690.3,50693.0,50685.0,50694.0,50694.0,50685.0,50693.0,50689.0,50692.0,50694.0,50684.0
5022,50690.3,50693.0,50685.0,50694.0,50694.0,50685.0,50693.0,50689.0,50692.0,50694.0,50684.0
5023,50690.3,50693.0,50685.0,50694.0,50694.0,50685.0,50693.0,50689.0,50692.0,50694.0,50684.0
5024,50690.3,50693.0,50685.0,50694.0,50694.0,50685.0,50693.0,50689.0,50692.0,50694.0,50684.0
5025,50690.3,50693.0,50685.0,50694.0,50694.0,50685.0,50693.0,50689.0,50692.0,50694.0,50684.0
5026,50690.3,50693.0,50685.0,50694.0,50694.0,50685.0,50693.0,50689.0,50692.0,50694.0,50684.0
5027,50690.3,50693.0,50685.0,50694.0,50694.0,50685.0,50693.0,50689.0,50692.0,50694.0,50684.0
5028,50690.3,50693.0,50685.0,50694.0,50694.0,50685.0,50693.0,50689.0,50692.0,50694.0,50684.0
5029,50690.3,50693.0,50685.0,50694.0,50694.0,50685.0,50693.0,50689.0,50692.0,50694.0,50684.0
5030,50690.3,50693.0,50685.0,50694.0,50694.0,50685.0,50693.0,50689.0,50692.0,50694.0,50684.0
5031,50690.3,50693.0,50685.0,50694.0,50694.0,50685.0,50693.0,50689.0,50692.0,50694.0,50684.0
5032,50690.3,50693.0,50685.0,50694.0,50694.0,50685.0,50693.0,50689.0,50692.0,50694.0,50684.0
5033,50690.3,50693.0,50685.0,50694.0,50694.0,50685.0,50693.0,50689.0,50692.0,50694.0,50684.0
5034,50690.3,50693.0,50685.0,50694.0,50694.0,50685.0,50693.0,50689.0,50692.0,50694.0,50684.0
5035,50690.3,50693.0,50685.0,50694.0,50694.0,50685.0,50693.0,50689.0,50692.0,50694.0,50684.0
5036,50690.3,50693.0,50685.0,50694.0,50694.0,50685.0,50693.0,50689.0,50692.0,50694.0,50684.0
5037,50690.3,50693.0,50685.0,50694.0,50694.0,50685.0,50693.0,50689.0,50692.0,50694.0,50684.0
5038,50690.3,50693.0,50685.0,50694.0,50694.0,50685.0,50693.0,50689.0,50692.0,50694.0,50684.0
5039,50690.3,50693.0,50685.0,50694.0,50694.0,50685.0,50693.0,50689.0,50692.0,50694.0,50684.0
5040,50690.3,50693.0,50685.0,50694.0,50694.0,50685.0,50693.0,50689.0,50692.0,50694.0,50684.0
5041,50690.3,50693.0,50685.0,50694.0,50694.0,50685.0,50693.0,50689.0,50692.0,50694.0,50684.0
5042,50690.3,50693.0,50685.0,50694.0,50694.0,50685.0,50693.0,50689.0,50692.0,50694.0,50684.0
5043,50690.3,50693.0,50685.0,50694.0,50694.0,50685.0,50693.0,50689.0,50692.0,50694.0,50684.0
5044,50690.3,50693.0,50685.0,50694.0,50694.0,50685.0,50693.0,50689.0,50692.0,50694.0,50684.0
5045,50690.3,50693.0,50685.0,50694.0,50694.0,50685.0,50693.0,50689.0,50692.0,50694.0,50684.0
5046,50690.3,50693.0,50685.0,50694.0,50694.0,50685.0,50693.0,50689.0,50692.0,50694.0,50684.0
5047,50690.3,50693.0,50685.0,50694.0,50694.0,50685.0,50693.0,50689.0,50692.0,50694.0,50684.0
5048,50690.3,50693.0,50685.0,50694.0,50694.0,50685.0,50693.0,50689.0,50692.0,50694.0,50684.0
5049,50690.3,50693.0,50685.0,50694.0,50694.0,50685.0,50693.0,50689.0,50692.0,50694.0,50684.0
5050,50690.3,50693.0,50685.0,50694.0,50694.0,50685.0,50693.0,50689.0,50692.0,50694.0,50684.0
5051,50690.3,50693.0,50685.0,50694.0,50694.0,50685.0,50693.0,50689.0,50692.0,50694.0,50684.0
5052,50690.3,50693.0,50685.0,50694.0,50694.0,50685.0,50693.0,50689.0,50692.0,50694.0,50684.0
5053,50690.3,50693.0,50685.0,50694.0,50694.0,50685.0,50693.0,50689.0,50692.0,50694.0,50684.0
5054,50690.3,50693.0,50685.0,50694.0,50694.0,50685.0,50693.0,50689.0,50692.0,50694.0,50684.0
5055,50690.3,50693.0,50685.0,50694.0,50694.0,50685.0,50693.0,50689.0,50692.0,50694.0,50684.0
5056,50690.3,50693.0,50685.0,50694.0,50694.0,50685.0,50693.0,50689.0,50692.0,50694.0,50684.0
5057,50690.3,50693.0,50685.0,50694.0,50694.0,50685.0,50693.0,50689.0,50692.0,50694.0,50684.0
5058,50690.3,50693.0,50685.0,50694.0,50694.0,50685.0,50693.0,50689.0,50692.0,50694.0,50684.0
5059,50690.3,50693.0,50685.0,50694.0,50694.0,50685.0,50693.0,50689.0,50692.0,50694.0,50684.0
5060,50690.3,50693.0,50685.0,50694.0,50694.0,50685.0,50693.0,50689.0,50692.0,50694.0,50684.0
5061,50690.3,50693.0,50685.0,50694.0,50694.0,50685.0,50693.0,50689.0,50692.0,50694.0,50684.0
5062,50690.3,50693.0,50685.0,50694.0,50694.0,50685.0,50693.0,50689.0,50692.0,50694.0,50684.0
5063,50690.3,50693.0,50685.0,50694.0,50694.0,50685.0,50693.0,50689.0,50692.0,50694.0,50684.0
5064,50690.3,50693.0,50685.0,50694.0,50694.0,50685.0,50693.0,50689.0,50692.0,50694.0,50684.0
5065,50690.3,50693.0,50685.0,50694.0,50694.0,50685.0,50693.0,50689.0,50692.0,50694.0,50684.0
5066,50690.3,50693.0,50685.0,50694.0,50694.0,50685.0,50693.0,50689.0,50692.0,50694.0,50684.0
5067,50690.3,50693.0,50685.0,50694.0,50694.0,50685.0,50693.0,50689.0,50692.0,50694.0,50684.0
5068,50690.3,50693.0,50685.0,50694.0,50694.0,50685.0,50693.0,50689.0,50692.0,50694.0,50684.0
5069,50690.3,50693.0,50685.0,50694.0,50694.0,50685.0,50693.0,50689.0,50692.0,50694.0,50684.0
5070,50690.3,50693.0,50685.0,50694.0,50694.0,50685.0,50693.0,50689.0,50692.0,50694.0,50684.0
5071,50690.3,50693.0,50685.0,50694.0,50694.0,50685.0,50693.0,50689.0,50692.0,50694.0,50684.0
5072,50690.3,50693.0,50685.0,50694.0,50694.0,50685.0,50693.0,50689.0,50692.0,50694.0,50684.0
5073,50690.3,50693.0,50685.0,50694.0,50694.0,50685.0,50693.0,50689.0,50692.0,50694.0,50684.0
5074,50690.3,50693.0,50685.0,50694.0,50694.0,50685.0,50693.0,50689.0,50692.0,50694.0,50684.0
5075,50690.3,50693.0,50685.0,50694.0,50694.0,50685.0,50693.0,50689.0,50692.0,50694.0,50684.0
5076,50690.3,50693.0,50685.0,50694.0,50694.0,50685.0,50693.0,50689.0,50692.0,50694.0,50684.0
5077,50690.3,50693.0,50685.0,50694.0,50694.0,50685.0,50693.0,50689.0,50692.0,50694.0,50684.0
5078,50690.3,50693.0,50685.0,50694.0,50694.0,50685.0,50693.0,50689.0,50692.0,50694.0,50684.0
5079,50690.3,50693.0,50685.0,50694.0,50694.0,50685.0,50693.0,50689.0,50692.0,50694.0,50684.0
5080,50690.3,50693.0,50685.0,50694.0,50694.0,50685.0,50693.0,50689.0,50692.0,50694.0,50684.0
5081,50690.3,50693.0,50685.0,50694.0,50694.0,50685.0,50693.0,50689.0,50692.0,50694.0,50684.0
5082,50690.3,50693.0,50685.0,50694.0,50694.0,50685.0,50693.0,50689.0,50692.0,50694.0,50684.0
5083,50690.3,50693.0,50685.0,50694.0,50694.0,50685.0,50693.0,50689.0,50692.0,50694.0,50684.0
5084,50690.3,50693.0,50685.0,50694.0,50694.0,50685.0,50693.0,50689.0,50692.0,50694.0,50684.0
5085,50690.3,50693.0,50685.0,50694.0,50694.0,50685.0,50693.0,50689.0,50692.0,50694.0,50684.0
5086,50690.3,50693.0,50685.0,50694.0,50694.0,50685.0,50693.0,50689.0,50692.0,50694.0,50684.0
5087,50690.3,50693.0,50685.0,50694.0,50694.0,50685.0,50693.0,50689.0,50692.0,50694.0,50684.0
5088,50690.3,50693.0,50685.0,50694.0,50694.0,50685.0,50693.0,50689.0,50692.0,50694.0,50684.0
5089,50690.3,50693.0,50685.0,50694.0,50694.0,50685.0,50693.0,50689.0,50692.0,50694.0,50684.0
5090,50690.3,50693.0,50685.0,50694.0,50694.0,50685.0,50693.0,50689.0,50692.0,50694.0,50684.0
5091,50690.3,50693.0,50685.0,50694.0,50694.0,50685.0,50693.0,50689.0,50692.0,50694.0,50684.0
5092,50690.3,50693.0,50685.0,50694.0,50694.0,50685.0,50693.0,50689.0,50692.0,50694.0,50684.0
5093,50690.3,50693.0,50685.0,50694.0,50694.0,50685.0,50693.0,50689.0,50692.0,50694.0,50684.0
5094,50690.3,50693.0,50685.0,50694.0,50694.0,50685.0,50693.0,50689.0,50692.0,50694.0,50684.0
5095,50690.3,50693.0,50685.0,50694.0,50694.0,50685.0,50693.0,50689.0,50692.0,50694.0,50684.0
5096,50690.3,50693.0,50685.0,50694.0,50694.0,50685.0,50693.0,50689.0,50692.0,50694.0,50684.0
5097,50690.3,50693.0,50685.0,50694.0,50694.0,50685.0,50693.0,50689.0,50692.0,50694.0,50684.0
5098,50690.3,50693.0,50685.0,50694.0,50694.0,50685.0,50693.0,50689.0,50692.0,50694.0,50684.0
5099,50690.3,50693.0,50685.0,50694.0,50694.0,50685.0,50693.0,50689.0,50692.0,50694.0,50684.0
5100,50690.3,50693.0,50685.0,50694.0,50694.0,50685.0,50693.0,50689.0,50692.0,50694.0,50684.0
5101,50690.3,50693.0,50685.0,50694.0,50694.0,50685.0,50693.0,50689.0,50692.0,50694.0,50684.0
5102,50690.3,50693.0,50685.0,50694.0,50694.0,50685.0,50693.0,50689.0,50692.0,50694.0,50684.0
5103,50690.3,50693.0,50685.0,50694.0,50694.0,50685.0,50693.0,50689.0,50692.0,50694.0,50684.0
5104,50690.3,50693.0,50685.0,50694.0,50694.0,50685.0,50693.0,50689.0,50692.0,50694.0,50684.0
5105,50690.3,50693.0,50685.0,50694.0,50694.0,50685.0,50693.0,50689.0,50692.0,50694.0,50684.0
5106,50690.3,50693.0,50685.0,50694.0,50694.0,50685.0,50693.0,50689.0,50692.0,50694.0,50684.0
5107,50690.3,50693.0,50685.0,50694.0,50694.0,50685.0,50693.0,50689.0,50692.0,50694.0,50684.0
5108,50690.3,50693.0,50685.0,50694.0,50694.0,50685.0,50693.0,50689.0,50692.0,50694.0,50684.0
5109,50690.3,50693.0,50685.0,50694.0,50694.0,50685.0,50693.0,50689.0,50692.0,50694.0,50684.0
5110,50690.3,50693.0,50685.0,50694.0,50694.0,50685.0,50693.0,50689.0,50692.0,50694.0,50684.0
5111,50690.3,50693.0,50685.0,50694.0,50694.0,50685.0,50693.0,50689.0,50692.0,50694.0,50684.0
5112,50690.3,50693.0,50685.0,50694.0,50694.0,50685.0,50693.0,50689.0,50692.0,50694.0,50684.0
5113,50690.3,50693.0,50685.0,50694.0,50694.0,50685.0,50693.0,50689.0,50692.0,50694.0,50684.0
5114,50690.3,50693.0,50685.0,50694.0,50694.0,50685.0,50693.0,50689.0,50692.0,50694.0,50684.0
5115,50690.3,50693.0,50685.0,50694.0,50694.0,50685.0,50693.0,50689.0,50692.0,50694.0,50684.0
5116,50690.3,50693.0,50685.0,50694.0,50694.0,50685.0,50693.0,50689.0,50692.0,50694.0,50684.0
5117,50690.3,50693.0,50685.0,50694.0,50694.0,50685.0,50693.0,50689.0,50692.0,50694.0,50684.0
5118,50690.3,50693.0,50685.0,50694.0,50694.0,50685.0,50693.0,50689.0,50692.0,50694.0,50684.0
5119,50690.3,50693.0,50685.0,50694.0,50694.0,50685.0,50693.0,50689.0,50692.0,50694.0,50684.0
5120,50690.3,50693.0,50685.0,50694.0,50694.0,50685.0,50693.0,50689.0,50692.0,50694.0,50684.0
5121,50690.3,50693.0,50685.0,50694.0,50694.0,50685.0,50693.0,50689.0,50692.0,50694.0,50684.0
5122,50690.3,50693.0,50685.0,50694.0,50694.0,50685.0,50693.0,50689.0,50692.0,50694.0,50684.0
5123,50690.3,50693.0,50685.0,50694.0,50694.0,50685.0,50693.0,50689.0,50692.0,50694.0,50684.0
5124,50690.3,50693.0,50685.0,50694.0,50694.0,50685.0,50693.0,50689.0,50692.0,50694.0,50684.0
5125,50690.3,50693.0,50685.0,50694.0,50694.0,50685.0,50693.0,50689.0,50692.0,50694.0,50684.0
5126,50690.3,50693.0,50685.0,50694.0,50694.0,50685.0,50693.0,50689.0,50692.0,50694.0,50684.0
5127,50690.3,50693.0,50685.0,50694.0,50694.0,50685.0,50693.0,50689.0,50692.0,50694.0,50684.0
5128,50690.3,50693.0,50685.0,50694.0,50694.0,50685.0,50693.0,50689.0,50692.0,50694.0,50684.0
5129,50690.3,50693.0,50685.0,50694.0,50694.0,50685.0,50693.0,50689.0,50692.0,50694.0,50684.0
5130,50690.3,50693.0,50685.0,50694.0,50694.0,50685.0,50693.0,50689.0,50692.0,50694.0,50684.0
5131,50690.3,50693.0,50685.0,50694.0,50694.0,50685.0,50693.0,50689.0,50692.0,50694.0,50684.0
5132,50690.3,50693.0,50685.0,50694.0,50694.0,50685.0,50693.0,50689.0,50692.0,50694.0,50684.0
5133,50690.3,50693.0,50685.0,50694.0,50694.0,50685.0,50693.0,50689.0,50692.0,50694.0,50684.0
5134,50690.3,50693.0,50685.0,50694.0,50694.0,50685.0,50693.0,50689.0,50692.0,50694.0,50684.0
5135,50690.3,50693.0,50685.0,50694.0,50694.0,50685.0,50693.0,50689.0,50692.0,50694.0,50684.0
5136,50690.3,50693.0,50685.0,50694.0,50694.0,50685.0,50693.0,50689.0,50692.0,50694.0,50684.0
5137,50690.3,50693.0,50685.0,50694.0,50694.0,50685.0,50693.0,50689.0,50692.0,50694.0,50684.0
5138,50690.3,50693.0,50685.0,50694.0,50694.0,50685.0,50693.0,50689.0,50692.0,50694.0,50684.0
5139,50690.3,50693.0,50685.0,50694.0,50694.0,50685.0,50693.0,50689.0,50692.0,50694.0,50684.0
5140,50690.3,50693.0,50685.0,50694.0,50694.0,50685.0,50693.0,50689.0,50692.0,50694.0,50684.0
5141,50690.3,50693.0,50685.0,50694.0,50694.0,50685.0,50693.0,50689.0,50692.0,50694.0,50684.0
5142,50690.3,50693.0,50685.0,50694.0,50694.0,50685.0,50693.0,50689.0,50692.0,50694.0,50684.0
5143,50690.3,50693.0,50685.0,50694.0,50694.0,50685.0,50693.0,50689.0,50692.0,50694.0,50684.0
5144,50690.3,50693.0,50685.0,50694.0,50694.0,50685.0,50693.0,50689.0,50692.0,50694.0,50684.0
5145,50690.3,50693.0,50685.0,50694.0,50694.0,50685.0,50693.0,50689.0,50692.0,50694.0,50684.0
5146,50690.3,50693.0,50685.0,50694.0,50694.0,50685.0,50693.0,50689.0,50692.0,50694.0,50684.0
5147,50690.3,50693.0,50685.0,50694.0,50694.0,50685.0,50693.0,50689.0,50692.0,50694.0,50684.0
5148,50690.3,50693.0,50685.0,50694.0,50694.0,50685.0,50693.0,50689.0,50692.0,50694.0,50684.0
5149,50690.3,50693.0,50685.0,50694.0,50694.0,50685.0,50693.0,50689.0,50692.0,50694.0,50684.0
5150,50690.3,50693.0,50685.0,50694.0,50694.0,50685.0,50693.0,50689.0,50692.0,50694.0,50684.0
5151,50690.3,50693.0,50685.0,50694.0,50694.0,50685.0,50693.0,50689.0,50692.0,50694.0,50684.0
5152,50690.3,50693.0,50685.0,50694.0,50694.0,50685.0,50693.0,50689.0,50692.0,50694.0,50684.0
5153,50690.3,50693.0,50685.0,50694.0,50694.0,50685.0,50693.0,50689.0,50692.0,50694.0,50684.0
5154,50690.3,50693.0,50685.0,50694.0,50694.0,50685.0,50693.0,50689.0,50692.0,50694.0,50684.0
5155,50690.3,50693.0,50685.0,50694.0,50694.0,50685.0,50693.0,50689.0,50692.0,50694.0,50684.0
5156,50690.3,50693.0,50685.0,50694.0,50694.0,50685.0,50693.0,50689.0,50692.0,50694.0,50684.0
5157,50690.3,50693.0,50685.0,50694.0,50694.0,50685.0,50693.0,50689.0,50692.0,50694.0,50684.0
5158,50690.3,50693.0,50685.0,50694.0,50694.0,50685.0,50693.0,50689.0,50692.0,50694.0,50684.0
5159,50690.3,50693.0,50685.0,50694.0,50694.0,50685.0,50693.0,50689.0,50692.0,50694.0,50684.0
5160,50690.3,50693.0,50685.0,50694.0,50694.0,50685.0,50693.0,50689.0,50692.0,50694.0,50684.0
5161,50690.3,50693.0,50685.0,50694.0,50694.0,50685.0,50693.0,50689.0,50692.0,50694.0,50684.0
5162,50690.3,50693.0,50685.0,50694.0,50694.0,50685.0,50693.0,50689.0,50692.0,50694.0,50684.0
5163,50690.3,50693.0,50685.0,50694.0,50694.0,50685.0,50693.0,50689.0,50692.0,50694.0,50684.0
5164,50690.3,50693.0,50685.0,50694.0,50694.0,50685.0,50693.0,50689.0,50692.0,50694.0,50684.0
5165,50690.3,50693.0,50685.0,50694.0,50694.0,50685.0,50693.0,50689.0,50692.0,50694.0,50684.0
5166,50690.3,50693.0,50685.0,50694.0,50694.0,50685.0,50693.0,50689.0,50692.0,50694.0,50684.0
5167,50690.3,50693.0,50685.0,50694.0,50694.0,50685.0,50693.0,50689.0,50692.0,50694.0,50684.0
5168,50690.3,50693.0,50685.0,50694.0,50694.0,50685.0,50693.0,50689.0,50692.0,50694.0,50684.0
5169,50690.3,50693.0,50685.0,50694.0,50694.0,50685.0,50693.0,50689.0,50692.0,50694.0,50684.0
5170,50690.3,50693.0,50685.0,50694.0,50694.0,50685.0,50693.0,50689.0,50692.0,50694.0,50684.0
5171,50690.3,50693.0,50685.0,50694.0,50694.0,50685.0,50693.0,50689.0,50692.0,50694.0,50684.0
5172,50690.3,50693.0,50685.0,50694.0,50694.0,50685.0,50693.0,50689.0,50692.0,50694.0,50684.0
5173,50690.3,50693.0,50685.0,50694.0,50694.0,50685.0,50693.0,50689.0,50692.0,50694.0,50684.0
5174,50690.3,50693.0,50685.0,50694.0,50694.0,50685.0,50693.0,50689.0,50692.0,50694.0,50684.0
5175,50690.3,50693.0,50685.0,50694.0,50694.0,50685.0,50693.0,50689.0,50692.0,50694.0,50684.0
5176,50690.3,50693.0,50685.0,50694.0,50694.0,50685.0,50693.0,50689.0,50692.0,50694.0,50684.0
5177,50690.3,50693.0,50685.0,50694.0,50694.0,50685.0,50693.0,50689.0,50692.0,50694.0,50684.0
5178,50690.3,50693.0,50685.0,50694.0,50694.0,50685.0,50693.0,50689.0,50692.0,50694.0,50684.0
5179,50690.3,50693.0,50685.0,50694.0,50694.0,50685.0,50693.0,50689.0,50692.0,50694.0,50684.0
5180,50690.3,50693.0,50685.0,50694.0,50694.0,50685.0,50693.0,50689.0,50692.0,50694.0,50684.0
5181,50690.3,50693.0,50685.0,50694.0,50694.0,50685.0,50693.0,50689.0,50692.0,50694.0,50684.0
5182,50690.3,50693.0,50685.0,50694.0,50694.0,50685.0,50693.0,50689.0,50692.0,50694.0,50684.0
5183,50690.3,50693.0,50685.0,50694.0,50694.0,50685.0,50693.0,50689.0,50692.0,50694.0,50684.0
5184,50690.3,50693.0,50685.0,50694.0,50694.0,50685.0,50693.0,50689.0,50692.0,50694.0,50684.0
5185,50690.3,50693.0,50685.0,50694.0,50694.0,50685.0,50693.0,50689.0,50692.0,50694.0,50684.0
5186,50690.3,50693.0,50685.0,50694.0,50694.0,50685.0,50693.0,50689.0,50692.0,50694.0,50684.0
5187,50690.3,50693.0,50685.0,50694.0,50694.0,50685.0,50693.0,50689.0,50692.0,50694.0,50684.0
5188,50690.3,50693.0,50685.0,50694.0,50694.0,50685.0,50693.0,50689.0,50692.0,50694.0,50684.0
5189,50690.3,50693.0,50685.0,50694.0,50694.0,50685.0,50693.0,50689.0,50692.0,50694.0,50684.0
5190,50690.3,50693.0,50685.0,50694.0,50694.0,50685.0,50693.0,50689.0,50692.0,50694.0,50684.0
5191,50690.3,50693.0,50685.0,50694.0,50694.0,50685.0,50693.0,50689.0,50692.0,50694.0,50684.0
5192,50690.3,50693.0,50685.0,50694.0,50694.0,50685.0,50693.0,50689.0,50692.0,50694.0,50684.0
5193,50690.3,50693.0,50685.0,50694.0,50694.0,50685.0,50693.0,50689.0,50692.0,50694.0,50684.0
5194,50690.3,50693.0,50685.0,50694.0,50694.0,50685.0,50693.0,50689.0,50692.0,50694.0,50684.0
5195,50690.3,50693.0,50685.0,50694.0,50694.0,50685.0,50693.0,50689.0,50692.0,50694.0,50684.0
5196,50690.3,50693.0,50685.0,50694.0,50694.0,50685.0,50693.0,50689.0,50692.0,50694.0,50684.0
5197,50690.3,50693.0,50685.0,50694.0,50694.0,50685.0,50693.0,50689.0,50692.0,50694.0,50684.0
5198,50690.3,50693.0,50685.0,50694.0,50694.0,50685.0,50693.0,50689.0,50692.0,50694.0,50684.0
5199,50690.3,50693.0,50685.0,50694.0,50694.0,50685.0,50693.0,50689.0,50692.0,50694.0,50684.0
5200,50690.3,50693.0,50685.0,50694.0,50694.0,50685.0,50693.0,50689.0,50692.0,50694.0,50684.0
5201,50690.3,50693.0,50685.0,50694.0,50694.0,50685.0,50693.0,50689.0,50692.0,50694.0,50684.0
5202,50690.3,50693.0,50685.0,50694.0,50694.0,50685.0,50693.0,50689.0,50692.0,50694.0,50684.0
5203,50690.3,50693.0,50685.0,50694.0,50694.0,50685.0,50693.0,50689.0,50692.0,50694.0,50684.0
5204,50690.3,50693.0,50685.0,50694.0,50694.0,50685.0,50693.0,50689.0,50692.0,50694.0,50684.0
5205,50690.3,50693.0,50685.0,50694.0,50694.0,50685.0,50693.0,50689.0,50692.0,50694.0,50684.0
5206,50690.3,50693.0,50685.0,50694.0,50694.0,50685.0,50693.0,50689.0,50692.0,50694.0,50684.0
5207,50690.3,50693.0,50685.0,50694.0,50694.0,50685.0,50693.0,50689.0,50692.0,50694.0,50684.0
5208,50690.3,50693.0,50685.0,50694.0,50694.0,50685.0,50693.0,50689.0,50692.0,50694.0,50684.0
5209,50690.3,50693.0,50685.0,50694.0,50694.0,50685.0,50693.0,50689.0,50692.0,50694.0,50684.0
5210,50690.3,50693.0,50685.0,50694.0,50694.0,50685.0,50693.0,50689.0,50692.0,50694.0,50684.0
5211,50690.3,50693.0,50685.0,50694.0,50694.0,50685.0,50693.0,50689.0,50692.0,50694.0,50684.0
5212,50690.3,50693.0,50685.0,50694.0,50694.0,50685.0,50693.0,50689.0,50692.0,50694.0,50684.0
5213,50690.3,50693.0,50685.0,50694.0,50694.0,50685.0,50693.0,50689.0,50692.0,50694.0,50684.0
5214,50690.3,50693.0,50685.0,50694.0,50694.0,50685.0,50693.0,50689.0,50692.0,50694.0,50684.0
5215,50690.3,50693.0,50685.0,50694.0,50694.0,50685.0,50693.0,50689.0,50692.0,50694.0,50684.0
5216,50690.3,50693.0,50685.0,50694.0,50694.0,50685.0,50693.0,50689.0,50692.0,50694.0,50684.0
5217,50690.3,50693.0,50685.0,50694.0,50694.0,50685.0,50693.0,50689.0,50692.0,50694.0,50684.0
5218,50690.3,50693.0,50685.0,50694.0,50694.0,50685.0,50693.0,50689.0,50692.0,50694.0,50684.0
5219,50690.3,50693.0,50685.0,50694.0,50694.0,50685.0,50693.0,50689.0,50692.0,50694.0,50684.0
5220,50690.3,50693.0,50685.0,50694.0,50694.0,50685.0,50693.0,50689.0,50692.0,50694.0,50684.0
5221,50690.3,50693.0,50685.0,50694.0,50694.0,50685.0,50693.0,50689.0,50692.0,50694.0,50684.0
5222,50690.3,50693.0,50685.0,50694.0,50694.0,50685.0,50693.0,50689.0,50692.0,50694.0,50684.0
5223,50690.3,50693.0,50685.0,50694.0,50694.0,50685.0,50693.0,50689.0,50692.0,50694.0,50684.0
5224,50690.3,50693.0,50685.0,50694.0,50694.0,50685.0,50693.0,50689.0,50692.0,50694.0,50684.0
5225,50690.3,50693.0,50685.0,50694.0,50694.0,50685.0,50693.0,50689.0,50692.0,50694.0,50684.0
5226,50690.3,50693.0,50685.0,50694.0,50694.0,50685.0,50693.0,50689.0,50692.0,50694.0,50684.0
5227,50690.3,50693.0,50685.0,50694.0,50694.0,50685.0,50693.0,50689.0,50692.0,50694.0,50684.0
5228,50690.3,50693.0,50685.0,50694.0,50694.0,50685.0,50693.0,50689.0,50692.0,50694.0,50684.0
5229,50690.3,50693.0,50685.0,50694.0,50694.0,50685.0,50693.0,50689.0,50692.0,50694.0,50684.0
5230,50690.3,50693.0,50685.0,50694.0,50694.0,50685.0,50693.0,50689.0,50692.0,50694.0,50684.0
5231,50690.3,50693.0,50685.0,50694.0,50694.0,50685.0,50693.0,50689.0,50692.0,50694.0,50684.0
5232,50690.3,50693.0,50685.0,50694.0,50694.0,50685.0,50693.0,50689.0,50692.0,50694.0,50684.0
5233,50690.3,50693.0,50685.0,50694.0,50694.0,50685.0,50693.0,50689.0,50692.0,50694.0,50684.0
5234,50690.3,50693.0,50685.0,50694.0,50694.0,50685.0,50693.0,50689.0,50692.0,50694.0,50684.0
5235,50690.3,50693.0,50685.0,50694.0,50694.0,50685.0,50693.0,50689.0,50692.0,50694.0,50684.0
5236,50690.3,50693.0,50685.0,50694.0,50694.0,50685.0,50693.0,50689.0,50692.0,50694.0,50684.0
5237,50690.3,50693.0,50685.0,50694.0,50694.0,50685.0,50693.0,50689.0,50692.0,50694.0,50684.0
5238,50690.3,50693.0,50685.0,50694.0,50694.0,50685.0,50693.0,50689.0,50692.0,50694.0,50684.0
5239,50690.3,50693.0,50685.0,50694.0,50694.0,50685.0,50693.0,50689.0,50692.0,50694.0,50684.0
5240,50690.3,50693.0,50685.0,50694.0,50694.0,50685.0,50693.0,50689.0,50692.0,50694.0,50684.0
5241,50690.3,50693.0,50685.0,50694.0,50694.0,50685.0,50693.0,50689.0,50692.0,50694.0,50684.0
5242,50690.3,50693.0,50685.0,50694.0,50694.0,50685.0,50693.0,50689.0,50692.0,50694.0,50684.0
5243,50690.3,50693.0,50685.0,50694.0,50694.0,50685.0,50693.0,50689.0,50692.0,50694.0,50684.0
5244,50690.3,50693.0,50685.0,50694.0,50694.0,50685.0,50693.0,50689.0,50692.0,50694.0,50684.0
5245,50690.3,50693.0,50685.0,50694.0,50694.0,50685.0,50693.0,50689.0,50692.0,50694.0,50684.0
5246,50690.3,50693.0,50685.0,50694.0,50694.0,50685.0,50693.0,50689.0,50692.0,50694.0,50684.0
5247,50690.3,50693.0,50685.0,50694.0,50694.0,50685.0,50693.0,50689.0,50692.0,50694.0,50684.0
5248,50690.3,50693.0,50685.0,50694.0,50694.0,50685.0,50693.0,50689.0,50692.0,50694.0,50684.0
5249,50690.3,50693.0,50685.0,50694.0,50694.0,50685.0,50693.0,50689.0,50692.0,50694.0,50684.0
5250,50690.3,50693.0,50685.0,50694.0,50694.0,50685.0,50693.0,50689.0,50692.0,50694.0,50684.0
5251,50690.3,50693.0,50685.0,50694.0,50694.0,50685.0,50693.0,50689.0,50692.0,50694.0,50684.0
5252,50690.3,50693.0,50685.0,50694.0,50694.0,50685.0,50693.0,50689.0,50692.0,50694.0,50684.0
5253,50690.3,50693.0,50685.0,50694.0,50694.0,50685.0,50693.0,50689.0,50692.0,50694.0,50684.0
5254,50690.3,50693.0,50685.0,50694.0,50694.0,50685.0,50693.0,50689.0,50692.0,50694.0,50684.0
5255,50690.3,50693.0,50685.0,50694.0,50694.0,50685.0,50693.0,50689.0,50692.0,50694.0,50684.0
5256,50690.3,50693.0,50685.0,50694.0,50694.0,50685.0,50693.0,50689.0,50692.0,50694.0,50684.0
5257,50690.3,50693.0,50685.0,50694.0,50694.0,50685.0,50693.0,50689.0,50692.0,50694.0,50684.0
5258,50690.3,50693.0,50685.0,50694.0,50694.0,50685.0,50693.0,50689.0,50692.0,50694.0,50684.0
5259,50690.3,50693.0,50685.0,50694.0,50694.0,50685.0,50693.0,50689.0,50692.0,50694.0,50684.0
5260,50690.3,50693.0,50685.0,50694.0,50694.0,50685.0,50693.0,50689.0,50692.0,50694.0,50684.0
5261,50690.3,50693.0,50685.0,50694.0,50694.0,50685.0,50693.0,50689.0,50692.0,50694.0,50684.0
5262,50690.3,50693.0,50685.0,50694.0,50694.0,50685.0,50693.0,50689.0,50692.0,50694.0,50684.0
5263,50690.3,50693.0,50685.0,50694.0,50694.0,50685.0,50693.0,50689.0,50692.0,50694.0,50684.0
5264,50690.3,50693.0,50685.0,50694.0,50694.0,50685.0,50693.0,50689.0,50692.0,50694.0,50684.0
5265,50690.3,50693.0,50685.0,50694.0,50694.0,50685.0,50693.0,50689.0,50692.0,50694.0,50684.0
5266,50690.3,50693.0,50685.0,50694.0,50694.0,50685.0,50693.0,50689.0,50692.0,50694.0,50684.0
5267,50690.3,50693.0,50685.0,50694.0,50694.0,50685.0,50693.0,50689.0,50692.0,50694.0,50684.0
5268,50690.3,50693.0,50685.0,50694.0,50694.0,50685.0,50693.0,50689.0,50692.0,50694.0,50684.0
5269,50690.3,50693.0,50685.0,50694.0,50694.0,50685.0,50693.0,50689.0,50692.0,50694.0,50684.0
5270,50690.3,50693.0,50685.0,50694.0,50694.0,50685.0,50693.0,50689.0,50692.0,50694.0,50684.0
5271,50690.3,50693.0,50685.0,50694.0,50694.0,50685.0,50693.0,50689.0,50692.0,50694.0,50684.0
5272,50690.3,50693.0,50685.0,50694.0,50694.0,50685.0,50693.0,50689.0,50692.0,50694.0,50684.0
5273,50690.3,50693.0,50685.0,50694.0,50694.0,50685.0,50693.0,50689.0,50692.0,50694.0,50684.0
5274,50690.3,50693.0,50685.0,50694.0,50694.0,50685.0,50693.0,50689.0,50692.0,50694.0,50684.0
5275,50690.3,50693.0,50685.0,50694.0,50694.0,50685.0,50693.0,50689.0,50692.0,50694.0,50684.0
5276,50690.3,50693.0,50685.0,50694.0,50694.0,50685.0,50693.0,50689.0,50692.0,50694.0,50684.0
5277,50690.3,50693.0,50685.0,50694.0,50694.0,50685.0,50693.0,50689.0,50692.0,50694.0,50684.0
5278,50690.3,50693.0,50685.0,50694.0,50694.0,50685.0,50693.0,50689.0,50692.0,50694.0,50684.0
5279,50690.3,50693.0,50685.0,50694.0,50694.0,50685.0,50693.0,50689.0,50692.0,50694.0,50684.0
5280,50690.3,50693.0,50685.0,50694.0,50694.0,50685.0,50693.0,50689.0,50692.0,50694.0,50684.0
5281,50690.3,50693.0,50685.0,50694.0,50694.0,50685.0,50693.0,50689.0,50692.0,50694.0,50684.0
5282,50690.3,50693.0,50685.0,50694.0,50694.0,50685.0,50693.0,50689.0,50692.0,50694.0,50684.0
5283,50690.3,50693.0,50685.0,50694.0,50694.0,50685.0,50693.0,50689.0,50692.0,50694.0,50684.0
5284,50690.3,50693.0,50685.0,50694.0,50694.0,50685.0,50693.0,50689.0,50692.0,50694.0,50684.0
5285,50690.3,50693.0,50685.0,50694.0,50694.0,50685.0,50693.0,50689.0,50692.0,50694.0,50684.0
5286,50690.3,50693.0,50685.0,50694.0,50694.0,50685.0,50693.0,50689.0,50692.0,50694.0,50684.0
5287,50690.3,50693.0,50685.0,50694.0,50694.0,50685.0,50693.0,50689.0,50692.0,50694.0,50684.0
5288,50690.3,50693.0,50685.0,50694.0,50694.0,50685.0,50693.0,50689.0,50692.0,50694.0,50684.0
5289,50690.3,50693.0,50685.0,50694.0,50694.0,50685.0,50693.0,50689.0,50692.0,50694.0,50684.0
5290,50690.3,50693.0,50685.0,50694.0,50694.0,50685.0,50693.0,50689.0,50692.0,50694.0,50684.0
5291,50690.3,50693.0,50685.0,50694.0,50694.0,50685.0,50693.0,50689.0,50692.0,50694.0,50684.0
5292,50690.3,50693.0,50685.0,50694.0,50694.0,50685.0,50693.0,50689.0,50692.0,50694.0,50684.0
5293,50690.3,50693.0,50685.0,50694.0,50694.0,50685.0,50693.0,50689.0,50692.0,50694.0,50684.0
5294,50690.3,50693.0,50685.0,50694.0,50694.0,50685.0,50693.0,50689.0,50692.0,50694.0,50684.0
5295,50690.3,50693.0,50685.0,50694.0,50694.0,50685.0,50693.0,50689.0,50692.0,50694.0,50684.0
5296,50690.3,50693.0,50685.0,50694.0,50694.0,50685.0,50693.0,50689.0,50692.0,50694.0,50684.0
5297,50690.3,50693.0,50685.0,50694.0,50694.0,50685.0,50693.0,50689.0,50692.0,50694.0,50684.0
5298,50690.3,50693.0,50685.0,50694.0,50694.0,50685.0,50693.0,50689.0,50692.0,50694.0,50684.0
5299,50690.3,50693.0,50685.0,50694.0,50694.0,50685.0,50693.0,50689.0,50692.0,50694.0,50684.0
5300,50690.3,50693.0,50685.0,50694.0,50694.0,50685.0,50693.0,50689.0,50692.0,50694.0,50684.0
5301,50690.3,50693.0,50685.0,50694.0,50694.0,50685.0,50693.0,50689.0,50692.0,50694.0,50684.0
5302,50690.3,50693.0,50685.0,50694.0,50694.0,50685.0,50693.0,50689.0,50692.0,50694.0,50684.0
5303,50690.3,50693.0,50685.0,50694.0,50694.0,50685.0,50693.0,50689.0,50692.0,50694.0,50684.0
5304,50690.3,50693.0,50685.0,50694.0,50694.0,50685.0,50693.0,50689.0,50692.0,50694.0,50684.0
5305,50690.3,50693.0,50685.0,50694.0,50694.0,50685.0,50693.0,50689.0,50692.0,50694.0,50684.0
5306,50690.3,50693.0,50685.0,50694.0,50694.0,50685.0,50693.0,50689.0,50692.0,50694.0,50684.0
5307,50690.3,50693.0,50685.0,50694.0,50694.0,50685.0,50693.0,50689.0,50692.0,50694.0,50684.0
5308,50690.3,50693.0,50685.0,50694.0,50694.0,50685.0,50693.0,50689.0,50692.0,50694.0,50684.0
5309,50690.3,50693.0,50685.0,50694.0,50694.0,50685.0,50693.0,50689.0,50692.0,50694.0,50684.0
5310,50690.3,50693.0,50685.0,50694.0,50694.0,50685.0,50693.0,50689.0,50692.0,50694.0,50684.0
5311,50690.3,50693.0,50685.0,50694.0,50694.0,50685.0,50693.0,50689.0,50692.0,50694.0,50684.0
5312,50690.3,50693.0,50685.0,50694.0,50694.0,50685.0,50693.0,50689.0,50692.0,50694.0,50684.0
5313,50690.3,50693.0,50685.0,50694.0,50694.0,50685.0,50693.0,50689.0,50692.0,50694.0,50684.0
5314,50690.3,50693.0,50685.0,50694.0,50694.0,50685.0,50693.0,50689.0,50692.0,50694.0,50684.0
5315,50690.3,50693.0,50685.0,50694.0,50694.0,50685.0,50693.0,50689.0,50692.0,50694.0,50684.0
5316,50690.3,50693.0,50685.0,50694.0,50694.0,50685.0,50693.0,50689.0,50692.0,50694.0,50684.0
5317,50690.3,50693.0,50685.0,50694.0,50694.0,50685.0,50693.0,50689.0,50692.0,50694.0,50684.0
5318,50690.3,50693.0,50685.0,50694.0,50694.0,50685.0,50693.0,50689.0,50692.0,50694.0,50684.0
5319,50690.3,50693.0,50685.0,50694.0,50694.0,50685.0,50693.0,50689.0,50692.0,50694.0,50684.0
5320,50690.3,50693.0,50685.0,50694.0,50694.0,50685.0,50693.0,50689.0,50692.0,50694.0,50684.0
5321,50690.3,50693.0,50685.0,50694.0,50694.0,50685.0,50693.0,50689.0,50692.0,50694.0,50684.0
5322,50690.3,50693.0,50685.0,50694.0,50694.0,50685.0,50693.0,50689.0,50692.0,50694.0,50684.0
5323,50690.3,50693.0,50685.0,50694.0,50694.0,50685.0,50693.0,50689.0,50692.0,50694.0,50684.0
5324,50690.3,50693.0,50685.0,50694.0,50694.0,50685.0,50693.0,50689.0,50692.0,50694.0,50684.0
5325,50690.3,50693.0,50685.0,50694.0,50694.0,50685.0,50693.0,50689.0,50692.0,50694.0,50684.0
5326,50690.3,50693.0,50685.0,50694.0,50694.0,50685.0,50693.0,50689.0,50692.0,50694.0,50684.0
5327,50690.3,50693.0,50685.0,50694.0,50694.0,50685.0,50693.0,50689.0,50692.0,50694.0,50684.0
5328,50690.3,50693.0,50685.0,50694.0,50694.0,50685.0,50693.0,50689.0,50692.0,50694.0,50684.0
5329,50690.3,50693.0,50685.0,50694.0,50694.0,50685.0,50693.0,50689.0,50692.0,50694.0,50684.0
5330,50690.3,50693.0,50685.0,50694.0,50694.0,50685.0,50693.0,50689.0,50692.0,50694.0,50684.0
5331,50690.3,50693.0,50685.0,50694.0,50694.0,50685.0,50693.0,50689.0,50692.0,50694.0,50684.0
5332,50690.3,50693.0,50685.0,50694.0,50694.0,50685.0,50693.0,50689.0,50692.0,50694.0,50684.0
5333,50690.3,50693.0,50685.0,50694.0,50694.0,50685.0,50693.0,50689.0,50692.0,50694.0,50684.0
5334,50690.3,50693.0,50685.0,50694.0,50694.0,50685.0,50693.0,50689.0,50692.0,50694.0,50684.0
5335,50690.3,50693.0,50685.0,50694.0,50694.0,50685.0,50693.0,50689.0,50692.0,50694.0,50684.0
5336,50690.3,50693.0,50685.0,50694.0,50694.0,50685.0,50693.0,50689.0,50692.0,50694.0,50684.0
5337,50690.3,50693.0,50685.0,50694.0,50694.0,50685.0,50693.0,50689.0,50692.0,50694.0,50684.0
5338,50690.3,50693.0,50685.0,50694.0,50694.0,50685.0,50693.0,50689.0,50692.0,50694.0,50684.0
5339,50690.3,50693.0,50685.0,50694.0,50694.0,50685.0,50693.0,50689.0,50692.0,50694.0,50684.0
5340,50690.3,50693.0,50685.0,50694.0,50694.0,50685.0,50693.0,50689.0,50692.0,50694.0,50684.0
5341,50690.3,50693.0,50685.0,50694.0,50694.0,50685.0,50693.0,50689.0,50692.0,50694.0,50684.0
5342,50690.3,50693.0,50685.0,50694.0,50694.0,50685.0,50693.0,50689.0,50692.0,50694.0,50684.0
5343,50690.3,50693.0,50685.0,50694.0,50694.0,50685.0,50693.0,50689.0,50692.0,50694.0,50684.0
5344,50690.3,50693.0,50685.0,50694.0,50694.0,50685.0,50693.0,50689.0,50692.0,50694.0,50684.0
5345,50690.3,50693.0,50685.0,50694.0,50694.0,50685.0,50693.0,50689.0,50692.0,50694.0,50684.0
5346,50690.3,50693.0,50685.0,50694.0,50694.0,50685.0,50693.0,50689.0,50692.0,50694.0,50684.0
5347,50690.3,50693.0,50685.0,50694.0,50694.0,50685.0,50693.0,50689.0,50692.0,50694.0,50684.0
5348,50690.3,50693.0,50685.0,50694.0,50694.0,50685.0,50693.0,50689.0,50692.0,50694.0,50684.0
5349,50690.3,50693.0,50685.0,50694.0,50694.0,50685.0,50693.0,50689.0,50692.0,50694.0,50684.0
5350,50690.3,50693.0,50685.0,50694.0,50694.0,50685.0,50693.0,50689.0,50692.0,50694.0,50684.0
5351,50690.3,50693.0,50685.0,50694.0,50694.0,50685.0,50693.0,50689.0,50692.0,50694.0,50684.0
5352,50690.3,50693.0,50685.0,50694.0,50694.0,50685.0,50693.0,50689.0,50692.0,50694.0,50684.0
5353,50690.3,50693.0,50685.0,50694.0,50694.0,50685.0,50693.0,50689.0,50692.0,50694.0,50684.0
5354,50690.3,50693.0,50685.0,50694.0,50694.0,50685.0,50693.0,50689.0,50692.0,50694.0,50684.0
5355,50690.3,50693.0,50685.0,50694.0,50694.0,50685.0,50693.0,50689.0,50692.0,50694.0,50684.0
5356,50690.3,50693.0,50685.0,50694.0,50694.0,50685.0,50693.0,50689.0,50692.0,50694.0,50684.0
5357,50690.3,50693.0,50685.0,50694.0,50694.0,50685.0,50693.0,50689.0,50692.0,50694.0,50684.0
5358,50690.3,50693.0,50685.0,50694.0,50694.0,50685.0,50693.0,50689.0,50692.0,50694.0,50684.0
5359,50690.3,50693.0,50685.0,50694.0,50694.0,50685.0,50693.0,50689.0,50692.0,50694.0,50684.0
5360,50690.3,50693.0,50685.0,50694.0,50694.0,50685.0,50693.0,50689.0,50692.0,50694.0,50684.0
5361,50690.3,50693.0,50685.0,50694.0,50694.0,50685.0,50693.0,50689.0,50692.0,50694.0,50684.0
5362,50690.3,50693.0,50685.0,50694.0,50694.0,50685.0,50693.0,50689.0,50692.0,50694.0,50684.0
5363,50690.3,50693.0,50685.0,50694.0,50694.0,50685.0,50693.0,50689.0,50692.0,50694.0,50684.0
5364,50690.3,50693.0,50685.0,50694.0,50694.0,50685.0,50693.0,50689.0,50692.0,50694.0,50684.0
5365,50690.3,50693.0,50685.0,50694.0,50694.0,50685.0,50693.0,50689.0,50692.0,50694.0,50684.0
5366,50690.3,50693.0,50685.0,50694.0,50694.0,50685.0,50693.0,50689.0,50692.0,50694.0,50684.0
5367,50690.3,50693.0,50685.0,50694.0,50694.0,50685.0,50693.0,50689.0,50692.0,50694.0,50684.0
5368,50690.3,50693.0,50685.0,50694.0,50694.0,50685.0,50693.0,50689.0,50692.0,50694.0,50684.0
5369,50690.3,50693.0,50685.0,50694.0,50694.0,50685.0,50693.0,50689.0,50692.0,50694.0,50684.0
5370,50690.3,50693.0,50685.0,50694.0,50694.0,50685.0,50693.0,50689.0,50692.0,50694.0,50684.0
5371,50690.3,50693.0,50685.0,50694.0,50694.0,50685.0,50693.0,50689.0,50692.0,50694.0,50684.0
5372,50690.3,50693.0,50685.0,50694.0,50694.0,50685.0,50693.0,50689.0,50692.0,50694.0,50684.0
5373,50690.3,50693.0,50685.0,50694.0,50694.0,50685.0,50693.0,50689.0,50692.0,50694.0,50684.0
5374,50690.3,50693.0,50685.0,50694.0,50694.0,50685.0,50693.0,50689.0,50692.0,50694.0,50684.0
5375,50690.3,50693.0,50685.0,50694.0,50694.0,50685.0,50693.0,50689.0,50692.0,50694.0,50684.0
5376,50690.3,50693.0,50685.0,50694.0,50694.0,50685.0,50693.0,50689.0,50692.0,50694.0,50684.0
5377,50690.3,50693.0,50685.0,50694.0,50694.0,50685.0,50693.0,50689.0,50692.0,50694.0,50684.0
5378,50690.3,50693.0,50685.0,50694.0,50694.0,50685.0,50693.0,50689.0,50692.0,50694.0,50684.0
5379,50690.3,50693.0,50685.0,50694.0,50694.0,50685.0,50693.0,50689.0,50692.0,50694.0,50684.0
5380,50690.3,50693.0,50685.0,50694.0,50694.0,50685.0,50693.0,50689.0,50692.0,50694.0,50684.0
5381,50690.3,50693.0,50685.0,50694.0,50694.0,50685.0,50693.0,50689.0,50692.0,50694.0,50684.0
5382,50690.3,50693.0,50685.0,50694.0,50694.0,50685.0,50693.0,50689.0,50692.0,50694.0,50684.0
5383,50690.3,50693.0,50685.0,50694.0,50694.0,50685.0,50693.0,50689.0,50692.0,50694.0,50684.0
5384,50690.3,50693.0,50685.0,50694.0,50694.0,50685.0,50693.0,50689.0,50692.0,50694.0,50684.0
5385,50690.3,50693.0,50685.0,50694.0,50694.0,50685.0,50693.0,50689.0,50692.0,50694.0,50684.0
5386,50690.3,50693.0,50685.0,50694.0,50694.0,50685.0,50693.0,50689.0,50692.0,50694.0,50684.0
5387,50690.3,50693.0,50685.0,50694.0,50694.0,50685.0,50693.0,50689.0,50692.0,50694.0,50684.0
5388,50690.3,50693.0,50685.0,50694.0,50694.0,50685.0,50693.0,50689.0,50692.0,50694.0,50684.0
5389,50690.3,50693.0,50685.0,50694.0,50694.0,50685.0,50693.0,50689.0,50692.0,50694.0,50684.0
5390,50690.3,50693.0,50685.0,50694.0,50694.0,50685.0,50693.0,50689.0,50692.0,50694.0,50684.0
5391,50690.3,50693.0,50685.0,50694.0,50694.0,50685.0,50693.0,50689.0,50692.0,50694.0,50684.0
5392,50690.3,50693.0,50685.0,50694.0,50694.0,50685.0,50693.0,50689.0,50692.0,50694.0,50684.0
5393,50690.3,50693.0,50685.0,50694.0,50694.0,50685.0,50693.0,50689.0,50692.0,50694.0,50684.0
5394,50690.3,50693.0,50685.0,50694.0,50694.0,50685.0,50693.0,50689.0,50692.0,50694.0,50684.0
5395,50690.3,50693.0,50685.0,50694.0,50694.0,50685.0,50693.0,50689.0,50692.0,50694.0,50684.0
5396,50690.3,50693.0,50685.0,50694.0,50694.0,50685.0,50693.0,50689.0,50692.0,50694.0,50684.0
5397,50690.3,50693.0,50685.0,50694.0,50694.0,50685.0,50693.0,50689.0,50692.0,50694.0,50684.0
5398,50690.3,50693.0,50685.0,50694.0,50694.0,50685.0,50693.0,50689.0,50692.0,50694.0,50684.0
5399,50690.3,50693.0,50685.0,50694.0,50694.0,50685.0,50693.0,50689.0,50692.0,50694.0,50684.0
5400,50690.3,50693.0,50685.0,50694.0,50694.0,50685.0,50693.0,50689.0,50692.0,50694.0,50684.0
5401,50690.3,50693.0,50685.0,50694.0,50694.0,50685.0,50693.0,50689.0,50692.0,50694.0,50684.0
5402,50690.3,50693.0,50685.0,50694.0,50694.0,50685.0,50693.0,50689.0,50692.0,50694.0,50684.0
5403,50690.3,50693.0,50685.0,50694.0,50694.0,50685.0,50693.0,50689.0,50692.0,50694.0,50684.0
5404,50690.3,50693.0,50685.0,50694.0,50694.0,50685.0,50693.0,50689.0,50692.0,50694.0,50684.0
5405,50690.3,50693.0,50685.0,50694.0,50694.0,50685.0,50693.0,50689.0,50692.0,50694.0,50684.0
5406,50690.3,50693.0,50685.0,50694.0,50694.0,50685.0,50693.0,50689.0,50692.0,50694.0,50684.0
5407,50690.3,50693.0,50685.0,50694.0,50694.0,50685.0,50693.0,50689.0,50692.0,50694.0,50684.0
5408,50690.3,50693.0,50685.0,50694.0,50694.0,50685.0,50693.0,50689.0,50692.0,50694.0,50684.0
5409,50690.3,50693.0,50685.0,50694.0,50694.0,50685.0,50693.0,50689.0,50692.0,50694.0,50684.0
5410,50690.3,50693.0,50685.0,50694.0,50694.0,50685.0,50693.0,50689.0,50692.0,50694.0,50684.0
5411,50690.3,50693.0,50685.0,50694.0,50694.0,50685.0,50693.0,50689.0,50692.0,50694.0,50684.0
5412,50690.3,50693.0,50685.0,50694.0,50694.0,50685.0,50693.0,50689.0,50692.0,50694.0,50684.0
5413,50690.3,50693.0,50685.0,50694.0,50694.0,50685.0,50693.0,50689.0,50692.0,50694.0,50684.0
5414,50690.3,50693.0,50685.0,50694.0,50694.0,50685.0,50693.0,50689.0,50692.0,50694.0,50684.0
5415,50690.3,50693.0,50685.0,50694.0,50694.0,50685.0,50693.0,50689.0,50692.0,50694.0,50684.0
5416,50690.3,50693.0,50685.0,50694.0,50694.0,50685.0,50693.0,50689.0,50692.0,50694.0,50684.0
5417,50690.3,50693.0,50685.0,50694.0,50694.0,50685.0,50693.0,50689.0,50692.0,50694.0,50684.0
5418,50690.3,50693.0,50685.0,50694.0,50694.0,50685.0,50693.0,50689.0,50692.0,50694.0,50684.0
5419,50690.3,50693.0,50685.0,50694.0,50694.0,50685.0,50693.0,50689.0,50692.0,50694.0,50684.0
5420,50690.3,50693.0,50685.0,50694.0,50694.0,50685.0,50693.0,50689.0,50692.0,50694.0,50684.0
5421,50690.3,50693.0,50685.0,50694.0,50694.0,50685.0,50693.0,50689.0,50692.0,50694.0,50684.0
5422,50690.3,50693.0,50685.0,50694.0,50694.0,50685.0,50693.0,50689.0,50692.0,50694.0,50684.0
5423,50690.3,50693.0,50685.0,50694.0,50694.0,50685.0,50693.0,50689.0,50692.0,50694.0,50684.0
5424,50690.3,50693.0,50685.0,50694.0,50694.0,50685.0,50693.0,50689.0,50692.0,50694.0,50684.0
5425,50690.3,50693.0,50685.0,50694.0,50694.0,50685.0,50693.0,50689.0,50692.0,50694.0,50684.0
5426,50690.3,50693.0,50685.0,50694.0,50694.0,50685.0,50693.0,50689.0,50692.0,50694.0,50684.0
5427,50690.3,50693.0,50685.0,50694.0,50694.0,50685.0,50693.0,50689.0,50692.0,50694.0,50684.0
5428,50690.3,50693.0,50685.0,50694.0,50694.0,50685.0,50693.0,50689.0,50692.0,50694.0,50684.0
5429,50690.3,50693.0,50685.0,50694.0,50694.0,50685.0,50693.0,50689.0,50692.0,50694.0,50684.0
5430,50690.3,50693.0,50685.0,50694.0,50694.0,50685.0,50693.0,50689.0,50692.0,50694.0,50684.0
5431,50690.3,50693.0,50685.0,50694.0,50694.0,50685.0,50693.0,50689.0,50692.0,50694.0,50684.0
5432,50690.3,50693.0,50685.0,50694.0,50694.0,50685.0,50693.0,50689.0,50692.0,50694.0,50684.0
5433,50690.3,50693.0,50685.0,50694.0,50694.0,50685.0,50693.0,50689.0,50692.0,50694.0,50684.0
5434,50690.3,50693.0,50685.0,50694.0,50694.0,50685.0,50693.0,50689.0,50692.0,50694.0,50684.0
5435,50690.3,50693.0,50685.0,50694.0,50694.0,50685.0,50693.0,50689.0,50692.0,50694.0,50684.0
5436,50690.3,50693.0,50685.0,50694.0,50694.0,50685.0,50693.0,50689.0,50692.0,50694.0,50684.0
5437,50690.3,50693.0,50685.0,50694.0,50694.0,50685.0,50693.0,50689.0,50692.0,50694.0,50684.0
5438,50690.3,50693.0,50685.0,50694.0,50694.0,50685.0,50693.0,50689.0,50692.0,50694.0,50684.0
5439,50690.3,50693.0,50685.0,50694.0,50694.0,50685.0,50693.0,50689.0,50692.0,50694.0,50684.0
5440,50690.3,50693.0,50685.0,50694.0,50694.0,50685.0,50693.0,50689.0,50692.0,50694.0,50684.0
5441,50690.3,50693.0,50685.0,50694.0,50694.0,50685.0,50693.0,50689.0,50692.0,50694.0,50684.0
5442,50690.3,50693.0,50685.0,50694.0,50694.0,50685.0,50693.0,50689.0,50692.0,50694.0,50684.0
5443,50690.3,50693.0,50685.0,50694.0,50694.0,50685.0,50693.0,50689.0,50692.0,50694.0,50684.0
5444,50690.3,50693.0,50685.0,50694.0,50694.0,50685.0,50693.0,50689.0,50692.0,50694.0,50684.0
5445,50690.3,50693.0,50685.0,50694.0,50694.0,50685.0,50693.0,50689.0,50692.0,50694.0,50684.0
5446,50690.3,50693.0,50685.0,50694.0,50694.0,50685.0,50693.0,50689.0,50692.0,50694.0,50684.0
5447,50690.3,50693.0,50685.0,50694.0,50694.0,50685.0,50693.0,50689.0,50692.0,50694.0,50684.0
5448,50690.3,50693.0,50685.0,50694.0,50694.0,50685.0,50693.0,50689.0,50692.0,50694.0,50684.0
5449,50690.3,50693.0,50685.0,50694.0,50694.0,50685.0,50693.0,50689.0,50692.0,50694.0,50684.0
5450,50690.3,50693.0,50685.0,50694.0,50694.0,50685.0,50693.0,50689.0,50692.0,50694.0,50684.0
5451,50690.3,50693.0,50685.0,50694.0,50694.0,50685.0,50693.0,50689.0,50692.0,50694.0,50684.0
5452,50690.3,50693.0,50685.0,50694.0,50694.0,50685.0,50693.0,50689.0,50692.0,50694.0,50684.0
5453,50690.3,50693.0,50685.0,50694.0,50694.0,50685.0,50693.0,50689.0,50692.0,50694.0,50684.0
5454,50690.3,50693.0,50685.0,50694.0,50694.0,50685.0,50693.0,50689.0,50692.0,50694.0,50684.0
5455,50690.3,50693.0,50685.0,50694.0,50694.0,50685.0,50693.0,50689.0,50692.0,50694.0,50684.0
5456,50690.3,50693.0,50685.0,50694.0,50694.0,50685.0,50693.0,50689.0,50692.0,50694.0,50684.0
5457,50690.3,50693.0,50685.0,50694.0,50694.0,50685.0,50693.0,50689.0,50692.0,50694.0,50684.0
5458,50690.3,50693.0,50685.0,50694.0,50694.0,50685.0,50693.0,50689.0,50692.0,50694.0,50684.0
5459,50690.3,50693.0,50685.0,50694.0,50694.0,50685.0,50693.0,50689.0,50692.0,50694.0,50684.0
5460,50690.3,50693.0,50685.0,50694.0,50694.0,50685.0,50693.0,50689.0,50692.0,50694.0,50684.0
5461,50690.3,50693.0,50685.0,50694.0,50694.0,50685.0,50693.0,50689.0,50692.0,50694.0,50684.0
5462,50690.3,50693.0,50685.0,50694.0,50694.0,50685.0,50693.0,50689.0,50692.0,50694.0,50684.0
5463,50690.3,50693.0,50685.0,50694.0,50694.0,50685.0,50693.0,50689.0,50692.0,50694.0,50684.0
5464,50690.3,50693.0,50685.0,50694.0,50694.0,50685.0,50693.0,50689.0,50692.0,50694.0,50684.0
5465,50690.3,50693.0,50685.0,50694.0,50694.0,50685.0,50693.0,50689.0,50692.0,50694.0,50684.0
5466,50690.3,50693.0,50685.0,50694.0,50694.0,50685.0,50693.0,50689.0,50692.0,50694.0,50684.0
5467,50690.3,50693.0,50685.0,50694.0,50694.0,50685.0,50693.0,50689.0,50692.0,50694.0,50684.0
5468,50690.3,50693.0,50685.0,50694.0,50694.0,50685.0,50693.0,50689.0,50692.0,50694.0,50684.0
5469,50690.3,50693.0,50685.0,50694.0,50694.0,50685.0,50693.0,50689.0,50692.0,50694.0,50684.0
5470,50690.3,50693.0,50685.0,50694.0,50694.0,50685.0,50693.0,50689.0,50692.0,50694.0,50684.0
5471,50690.3,50693.0,50685.0,50694.0,50694.0,50685.0,50693.0,50689.0,50692.0,50694.0,50684.0
5472,50690.3,50693.0,50685.0,50694.0,50694.0,50685.0,50693.0,50689.0,50692.0,50694.0,50684.0
5473,50690.3,50693.0,50685.0,50694.0,50694.0,50685.0,50693.0,50689.0,50692.0,50694.0,50684.0
5474,50690.3,50693.0,50685.0,50694.0,50694.0,50685.0,50693.0,50689.0,50692.0,50694.0,50684.0
5475,50690.3,50693.0,50685.0,50694.0,50694.0,50685.0,50693.0,50689.0,50692.0,50694.0,50684.0
5476,50690.3,50693.0,50685.0,50694.0,50694.0,50685.0,50693.0,50689.0,50692.0,50694.0,50684.0
5477,50690.3,50693.0,50685.0,50694.0,50694.0,50685.0,50693.0,50689.0,50692.0,50694.0,50684.0
5478,50690.3,50693.0,50685.0,50694.0,50694.0,50685.0,50693.0,50689.0,50692.0,50694.0,50684.0
5479,50690.3,50693.0,50685.0,50694.0,50694.0,50685.0,50693.0,50689.0,50692.0,50694.0,50684.0
5480,50690.3,50693.0,50685.0,50694.0,50694.0,50685.0,50693.0,50689.0,50692.0,50694.0,50684.0
5481,50690.3,50693.0,50685.0,50694.0,50694.0,50685.0,50693.0,50689.0,50692.0,50694.0,50684.0
5482,50690.3,50693.0,50685.0,50694.0,50694.0,50685.0,50693.0,50689.0,50692.0,50694.0,50684.0
5483,50690.3,50693.0,50685.0,50694.0,50694.0,50685.0,50693.0,50689.0,50692.0,50694.0,50684.0
5484,50690.3,50693.0,50685.0,50694.0,50694.0,50685.0,50693.0,50689.0,50692.0,50694.0,50684.0
5485,50690.3,50693.0,50685.0,50694.0,50694.0,50685.0,50693.0,50689.0,50692.0,50694.0,50684.0
5486,50690.3,50693.0,50685.0,50694.0,50694.0,50685.0,50693.0,50689.0,50692.0,50694.0,50684.0
5487,50690.3,50693.0,50685.0,50694.0,50694.0,50685.0,50693.0,50689.0,50692.0,50694.0,50684.0
5488,50690.3,50693.0,50685.0,50694.0,50694.0,50685.0,50693.0,50689.0,50692.0,50694.0,50684.0
5489,50690.3,50693.0,50685.0,50694.0,50694.0,50685.0,50693.0,50689.0,50692.0,50694.0,50684.0
5490,50690.3,50693.0,50685.0,50694.0,50694.0,50685.0,50693.0,50689.0,50692.0,50694.0,50684.0
5491,50690.3,50693.0,50685.0,50694.0,50694.0,50685.0,50693.0,50689.0,50692.0,50694.0,50684.0
5492,50690.3,50693.0,50685.0,50694.0,50694.0,50685.0,50693.0,50689.0,50692.0,50694.0,50684.0
5493,50690.3,50693.0,50685.0,50694.0,50694.0,50685.0,50693.0,50689.0,50692.0,50694.0,50684.0
5494,50690.3,50693.0,50685.0,50694.0,50694.0,50685.0,50693.0,50689.0,50692.0,50694.0,50684.0
5495,50690.3,50693.0,50685.0,50694.0,50694.0,50685.0,50693.0,50689.0,50692.0,50694.0,50684.0
5496,50690.3,50693.0,50685.0,50694.0,50694.0,50685.0,50693.0,50689.0,50692.0,50694.0,50684.0
5497,50690.3,50693.0,50685.0,50694.0,50694.0,50685.0,50693.0,50689.0,50692.0,50694.0,50684.0
5498,50690.3,50693.0,50685.0,50694.0,50694.0,50685.0,50693.0,50689.0,50692.0,50694.0,50684.0
5499,50690.3,50693.0,50685.0,50694.0,50694.0,50685.0,50693.0,50689.0,50692.0,50694.0,50684.0
5500,50690.3,50693.0,50685.0,50694.0,50694.0,50685.0,50693.0,50689.0,50692.0,50694.0,50684.0
5501,50690.3,50693.0,50685.0,50694.0,50694.0,50685.0,50693.0,50689.0,50692.0,50694.0,50684.0
5502,50690.3,50693.0,50685.0,50694.0,50694.0,50685.0,50693.0,50689.0,50692.0,50694.0,50684.0
5503,50690.3,50693.0,50685.0,50694.0,50694.0,50685.0,50693.0,50689.0,50692.0,50694.0,50684.0
5504,50690.3,50693.0,50685.0,50694.0,50694.0,50685.0,50693.0,50689.0,50692.0,50694.0,50684.0
5505,50690.3,50693.0,50685.0,50694.0,50694.0,50685.0,50693.0,50689.0,50692.0,50694.0,50684.0
5506,50690.3,50693.0,50685.0,50694.0,50694.0,50685.0,50693.0,50689.0,50692.0,50694.0,50684.0
5507,50690.3,50693.0,50685.0,50694.0,50694.0,50685.0,50693.0,50689.0,50692.0,50694.0,50684.0
5508,50690.3,50693.0,50685.0,50694.0,50694.0,50685.0,50693.0,50689.0,50692.0,50694.0,50684.0
5509,50690.3,50693.0,50685.0,50694.0,50694.0,50685.0,50693.0,50689.0,50692.0,50694.0,50684.0
5510,50690.3,50693.0,50685.0,50694.0,50694.0,50685.0,50693.0,50689.0,50692.0,50694.0,50684.0
5511,50690.3,50693.0,50685.0,50694.0,50694.0,50685.0,50693.0,50689.0,50692.0,50694.0,50684.0
5512,50690.3,50693.0,50685.0,50694.0,50694.0,50685.0,50693.0,50689.0,50692.0,50694.0,50684.0
5513,50690.3,50693.0,50685.0,50694.0,50694.0,50685.0,50693.0,50689.0,50692.0,50694.0,50684.0
5514,50690.3,50693.0,50685.0,50694.0,50694.0,50685.0,50693.0,50689.0,50692.0,50694.0,50684.0
5515,50690.3,50693.0,50685.0,50694.0,50694.0,50685.0,50693.0,50689.0,50692.0,50694.0,50684.0
5516,50690.3,50693.0,50685.0,50694.0,50694.0,50685.0,50693.0,50689.0,50692.0,50694.0,50684.0
5517,50690.3,50693.0,50685.0,50694.0,50694.0,50685.0,50693.0,50689.0,50692.0,50694.0,50684.0
5518,50690.3,50693.0,50685.0,50694.0,50694.0,50685.0,50693.0,50689.0,50692.0,50694.0,50684.0
5519,50690.3,50693.0,50685.0,50694.0,50694.0,50685.0,50693.0,50689.0,50692.0,50694.0,50684.0
5520,50690.3,50693.0,50685.0,50694.0,50694.0,50685.0,50693.0,50689.0,50692.0,50694.0,50684.0
5521,50690.3,50693.0,50685.0,50694.0,50694.0,50685.0,50693.0,50689.0,50692.0,50694.0,50684.0
5522,50690.3,50693.0,50685.0,50694.0,50694.0,50685.0,50693.0,50689.0,50692.0,50694.0,50684.0
5523,50690.3,50693.0,50685.0,50694.0,50694.0,50685.0,50693.0,50689.0,50692.0,50694.0,50684.0
5524,50690.3,50693.0,50685.0,50694.0,50694.0,50685.0,50693.0,50689.0,50692.0,50694.0,50684.0
5525,50690.3,50693.0,50685.0,50694.0,50694.0,50685.0,50693.0,50689.0,50692.0,50694.0,50684.0
5526,50690.3,50693.0,50685.0,50694.0,50694.0,50685.0,50693.0,50689.0,50692.0,50694.0,50684.0
5527,50690.3,50693.0,50685.0,50694.0,50694.0,50685.0,50693.0,50689.0,50692.0,50694.0,50684.0
5528,50690.3,50693.0,50685.0,50694.0,50694.0,50685.0,50693.0,50689.0,50692.0,50694.0,50684.0
5529,50690.3,50693.0,50685.0,50694.0,50694.0,50685.0,50693.0,50689.0,50692.0,50694.0,50684.0
5530,50690.3,50693.0,50685.0,50694.0,50694.0,50685.0,50693.0,50689.0,50692.0,50694.0,50684.0
5531,50690.3,50693.0,50685.0,50694.0,50694.0,50685.0,50693.0,50689.0,50692.0,50694.0,50684.0
5532,50690.3,50693.0,50685.0,50694.0,50694.0,50685.0,50693.0,50689.0,50692.0,50694.0,50684.0
5533,50690.3,50693.0,50685.0,50694.0,50694.0,50685.0,50693.0,50689.0,50692.0,50694.0,50684.0
5534,50690.3,50693.0,50685.0,50694.0,50694.0,50685.0,50693.0,50689.0,50692.0,50694.0,50684.0
5535,50690.3,50693.0,50685.0,50694.0,50694.0,50685.0,50693.0,50689.0,50692.0,50694.0,50684.0
5536,50690.3,50693.0,50685.0,50694.0,50694.0,50685.0,50693.0,50689.0,50692.0,50694.0,50684.0
5537,50690.3,50693.0,50685.0,50694.0,50694.0,50685.0,50693.0,50689.0,50692.0,50694.0,50684.0
5538,50690.3,50693.0,50685.0,50694.0,50694.0,50685.0,50693.0,50689.0,50692.0,50694.0,50684.0
5539,50690.3,50693.0,50685.0,50694.0,50694.0,50685.0,50693.0,50689.0,50692.0,50694.0,50684.0
5540,50690.3,50693.0,50685.0,50694.0,50694.0,50685.0,50693.0,50689.0,50692.0,50694.0,50684.0
5541,50690.3,50693.0,50685.0,50694.0,50694.0,50685.0,50693.0,50689.0,50692.0,50694.0,50684.0
5542,50690.3,50693.0,50685.0,50694.0,50694.0,50685.0,50693.0,50689.0,50692.0,50694.0,50684.0
5543,50690.3,50693.0,50685.0,50694.0,50694.0,50685.0,50693.0,50689.0,50692.0,50694.0,50684.0
5544,50690.3,50693.0,50685.0,50694.0,50694.0,50685.0,50693.0,50689.0,50692.0,50694.0,50684.0
5545,50690.3,50693.0,50685.0,50694.0,50694.0,50685.0,50693.0,50689.0,50692.0,50694.0,50684.0
5546,50690.3,50693.0,50685.0,50694.0,50694.0,50685.0,50693.0,50689.0,50692.0,50694.0,50684.0
5547,50690.3,50693.0,50685.0,50694.0,50694.0,50685.0,50693.0,50689.0,50692.0,50694.0,50684.0
5548,50690.3,50693.0,50685.0,50694.0,50694.0,50685.0,50693.0,50689.0,50692.0,50694.0,50684.0
5549,50690.3,50693.0,50685.0,50694.0,50694.0,50685.0,50693.0,50689.0,50692.0,50694.0,50684.0
5550,50690.3,50693.0,50685.0,50694.0,50694.0,50685.0,50693.0,50689.0,50692.0,50694.0,50684.0
5551,50690.3,50693.0,50685.0,50694.0,50694.0,50685.0,50693.0,50689.0,50692.0,50694.0,50684.0
5552,50690.3,50693.0,50685.0,50694.0,50694.0,50685.0,50693.0,50689.0,50692.0,50694.0,50684.0
5553,50690.3,50693.0,50685.0,50694.0,50694.0,50685.0,50693.0,50689.0,50692.0,50694.0,50684.0
5554,50690.3,50693.0,50685.0,50694.0,50694.0,50685.0,50693.0,50689.0,50692.0,50694.0,50684.0
5555,50690.3,50693.0,50685.0,50694.0,50694.0,50685.0,50693.0,50689.0,50692.0,50694.0,50684.0
5556,50690.3,50693.0,50685.0,50694.0,50694.0,50685.0,50693.0,50689.0,50692.0,50694.0,50684.0
5557,50690.3,50693.0,50685.0,50694.0,50694.0,50685.0,50693.0,50689.0,50692.0,50694.0,50684.0
5558,50690.3,50693.0,50685.0,50694.0,50694.0,50685.0,50693.0,50689.0,50692.0,50694.0,50684.0
5559,50690.3,50693.0,50685.0,50694.0,50694.0,50685.0,50693.0,50689.0,50692.0,50694.0,50684.0
5560,50690.3,50693.0,50685.0,50694.0,50694.0,50685.0,50693.0,50689.0,50692.0,50694.0,50684.0
5561,50690.3,50693.0,50685.0,50694.0,50694.0,50685.0,50693.0,50689.0,50692.0,50694.0,50684.0
5562,50690.3,50693.0,50685.0,50694.0,50694.0,50685.0,50693.0,50689.0,50692.0,50694.0,50684.0
5563,50690.3,50693.0,50685.0,50694.0,50694.0,50685.0,50693.0,50689.0,50692.0,50694.0,50684.0
5564,50690.3,50693.0,50685.0,50694.0,50694.0,50685.0,50693.0,50689.0,50692.0,50694.0,50684.0
5565,50690.3,50693.0,50685.0,50694.0,50694.0,50685.0,50693.0,50689.0,50692.0,50694.0,50684.0
5566,50690.3,50693.0,50685.0,50694.0,50694.0,50685.0,50693.0,50689.0,50692.0,50694.0,50684.0
5567,50690.3,50693.0,50685.0,50694.0,50694.0,50685.0,50693.0,50689.0,50692.0,50694.0,50684.0
5568,50690.3,50693.0,50685.0,50694.0,50694.0,50685.0,50693.0,50689.0,50692.0,50694.0,50684.0
5569,50690.3,50693.0,50685.0,50694.0,50694.0,50685.0,50693.0,50689.0,50692.0,50694.0,50684.0
5570,50690.3,50693.0,50685.0,50694.0,50694.0,50685.0,50693.0,50689.0,50692.0,50694.0,50684.0
5571,50690.3,50693.0,50685.0,50694.0,50694.0,50685.0,50693.0,50689.0,50692.0,50694.0,50684.0
5572,50690.3,50693.0,50685.0,50694.0,50694.0,50685.0,50693.0,50689.0,50692.0,50694.0,50684.0
5573,50690.3,50693.0,50685.0,50694.0,50694.0,50685.0,50693.0,50689.0,50692.0,50694.0,50684.0
5574,50690.3,50693.0,50685.0,50694.0,50694.0,50685.0,50693.0,50689.0,50692.0,50694.0,50684.0
5575,50690.3,50693.0,50685.0,50694.0,50694.0,50685.0,50693.0,50689.0,50692.0,50694.0,50684.0
5576,50690.3,50693.0,50685.0,50694.0,50694.0,50685.0,50693.0,50689.0,50692.0,50694.0,50684.0
5577,50690.3,50693.0,50685.0,50694.0,50694.0,50685.0,50693.0,50689.0,50692.0,50694.0,50684.0
5578,50690.3,50693.0,50685.0,50694.0,50694.0,50685.0,50693.0,50689.0,50692.0,50694.0,50684.0
5579,50690.3,50693.0,50685.0,50694.0,50694.0,50685.0,50693.0,50689.0,50692.0,50694.0,50684.0
5580,50690.3,50693.0,50685.0,50694.0,50694.0,50685.0,50693.0,50689.0,50692.0,50694.0,50684.0
5581,50690.3,50693.0,50685.0,50694.0,50694.0,50685.0,50693.0,50689.0,50692.0,50694.0,50684.0
5582,50690.3,50693.0,50685.0,50694.0,50694.0,50685.0,50693.0,50689.0,50692.0,50694.0,50684.0
5583,50690.3,50693.0,50685.0,50694.0,50694.0,50685.0,50693.0,50689.0,50692.0,50694.0,50684.0
5584,50690.3,50693.0,50685.0,50694.0,50694.0,50685.0,50693.0,50689.0,50692.0,50694.0,50684.0
5585,50690.3,50693.0,50685.0,50694.0,50694.0,50685.0,50693.0,50689.0,50692.0,50694.0,50684.0
5586,50690.3,50693.0,50685.0,50694.0,50694.0,50685.0,50693.0,50689.0,50692.0,50694.0,50684.0
5587,50690.3,50693.0,50685.0,50694.0,50694.0,50685.0,50693.0,50689.0,50692.0,50694.0,50684.0
5588,50690.3,50693.0,50685.0,50694.0,50694.0,50685.0,50693.0,50689.0,50692.0,50694.0,50684.0
5589,50690.3,50693.0,50685.0,50694.0,50694.0,50685.0,50693.0,50689.0,50692.0,50694.0,50684.0
5590,50690.3,50693.0,50685.0,50694.0,50694.0,50685.0,50693.0,50689.0,50692.0,50694.0,50684.0
5591,50690.3,50693.0,50685.0,50694.0,50694.0,50685.0,50693.0,50689.0,50692.0,50694.0,50684.0
5592,50690.3,50693.0,50685.0,50694.0,50694.0,50685.0,50693.0,50689.0,50692.0,50694.0,50684.0
5593,50690.3,50693.0,50685.0,50694.0,50694.0,50685.0,50693.0,50689.0,50692.0,50694.0,50684.0
5594,50690.3,50693.0,50685.0,50694.0,50694.0,50685.0,50693.0,50689.0,50692.0,50694.0,50684.0
5595,50690.3,50693.0,50685.0,50694.0,50694.0,50685.0,50693.0,50689.0,50692.0,50694.0,50684.0
5596,50690.3,50693.0,50685.0,50694.0,50694.0,50685.0,50693.0,50689.0,50692.0,50694.0,50684.0
5597,50690.3,50693.0,50685.0,50694.0,50694.0,50685.0,50693.0,50689.0,50692.0,50694.0,50684.0
5598,50690.3,50693.0,50685.0,50694.0,50694.0,50685.0,50693.0,50689.0,50692.0,50694.0,50684.0
5599,50690.3,50693.0,50685.0,50694.0,50694.0,50685.0,50693.0,50689.0,50692.0,50694.0,50684.0
5600,50690.3,50693.0,50685.0,50694.0,50694.0,50685.0,50693.0,50689.0,50692.0,50694.0,50684.0
5601,50690.3,50693.0,50685.0,50694.0,50694.0,50685.0,50693.0,50689.0,50692.0,50694.0,50684.0
5602,50690.3,50693.0,50685.0,50694.0,50694.0,50685.0,50693.0,50689.0,50692.0,50694.0,50684.0
5603,50690.3,50693.0,50685.0,50694.0,50694.0,50685.0,50693.0,50689.0,50692.0,50694.0,50684.0
5604,50690.3,50693.0,50685.0,50694.0,50694.0,50685.0,50693.0,50689.0,50692.0,50694.0,50684.0
5605,50690.3,50693.0,50685.0,50694.0,50694.0,50685.0,50693.0,50689.0,50692.0,50694.0,50684.0
5606,50690.3,50693.0,50685.0,50694.0,50694.0,50685.0,50693.0,50689.0,50692.0,50694.0,50684.0
5607,50690.3,50693.0,50685.0,50694.0,50694.0,50685.0,50693.0,50689.0,50692.0,50694.0,50684.0
5608,50690.3,50693.0,50685.0,50694.0,50694.0,50685.0,50693.0,50689.0,50692.0,50694.0,50684.0
5609,50690.3,50693.0,50685.0,50694.0,50694.0,50685.0,50693.0,50689.0,50692.0,50694.0,50684.0
5610,50690.3,50693.0,50685.0,50694.0,50694.0,50685.0,50693.0,50689.0,50692.0,50694.0,50684.0
5611,50690.3,50693.0,50685.0,50694.0,50694.0,50685.0,50693.0,50689.0,50692.0,50694.0,50684.0
5612,50690.3,50693.0,50685.0,50694.0,50694.0,50685.0,50693.0,50689.0,50692.0,50694.0,50684.0
5613,50690.3,50693.0,50685.0,50694.0,50694.0,50685.0,50693.0,50689.0,50692.0,50694.0,50684.0
5614,50690.3,50693.0,50685.0,50694.0,50694.0,50685.0,50693.0,50689.0,50692.0,50694.0,50684.0
5615,50690.3,50693.0,50685.0,50694.0,50694.0,50685.0,50693.0,50689.0,50692.0,50694.0,50684.0
5616,50690.3,50693.0,50685.0,50694.0,50694.0,50685.0,50693.0,50689.0,50692.0,50694.0,50684.0
5617,50690.3,50693.0,50685.0,50694.0,50694.0,50685.0,50693.0,50689.0,50692.0,50694.0,50684.0
5618,50690.3,50693.0,50685.0,50694.0,50694.0,50685.0,50693.0,50689.0,50692.0,50694.0,50684.0
5619,50690.3,50693.0,50685.0,50694.0,50694.0,50685.0,50693.0,50689.0,50692.0,50694.0,50684.0
5620,50690.3,50693.0,50685.0,50694.0,50694.0,50685.0,50693.0,50689.0,50692.0,50694.0,50684.0
5621,50690.3,50693.0,50685.0,50694.0,50694.0,50685.0,50693.0,50689.0,50692.0,50694.0,50684.0
5622,50690.3,50693.0,50685.0,50694.0,50694.0,50685.0,50693.0,50689.0,50692.0,50694.0,50684.0
5623,50690.3,50693.0,50685.0,50694.0,50694.0,50685.0,50693.0,50689.0,50692.0,50694.0,50684.0
5624,50690.3,50693.0,50685.0,50694.0,50694.0,50685.0,50693.0,50689.0,50692.0,50694.0,50684.0
5625,50690.3,50693.0,50685.0,50694.0,50694.0,50685.0,50693.0,50689.0,50692.0,50694.0,50684.0
5626,50690.3,50693.0,50685.0,50694.0,50694.0,50685.0,50693.0,50689.0,50692.0,50694.0,50684.0
5627,50690.3,50693.0,50685.0,50694.0,50694.0,50685.0,50693.0,50689.0,50692.0,50694.0,50684.0
5628,50690.3,50693.0,50685.0,50694.0,50694.0,50685.0,50693.0,50689.0,50692.0,50694.0,50684.0
5629,50690.3,50693.0,50685.0,50694.0,50694.0,50685.0,50693.0,50689.0,50692.0,50694.0,50684.0
5630,50690.3,50693.0,50685.0,50694.0,50694.0,50685.0,50693.0,50689.0,50692.0,50694.0,50684.0
5631,50690.3,50693.0,50685.0,50694.0,50694.0,50685.0,50693.0,50689.0,50692.0,50694.0,50684.0
5632,50690.3,50693.0,50685.0,50694.0,50694.0,50685.0,50693.0,50689.0,50692.0,50694.0,50684.0
5633,50690.3,50693.0,50685.0,50694.0,50694.0,50685.0,50693.0,50689.0,50692.0,50694.0,50684.0
5634,50690.3,50693.0,50685.0,50694.0,50694.0,50685.0,50693.0,50689.0,50692.0,50694.0,50684.0
5635,50690.3,50693.0,50685.0,50694.0,50694.0,50685.0,50693.0,50689.0,50692.0,50694.0,50684.0
5636,50690.3,50693.0,50685.0,50694.0,50694.0,50685.0,50693.0,50689.0,50692.0,50694.0,50684.0
5637,50690.3,50693.0,50685.0,50694.0,50694.0,50685.0,50693.0,50689.0,50692.0,50694.0,50684.0
5638,50690.3,50693.0,50685.0,50694.0,50694.0,50685.0,50693.0,50689.0,50692.0,50694.0,50684.0
5639,50690.3,50693.0,50685.0,50694.0,50694.0,50685.0,50693.0,50689.0,50692.0,50694.0,50684.0
5640,50690.3,50693.0,50685.0,50694.0,50694.0,50685.0,50693.0,50689.0,50692.0,50694.0,50684.0
5641,50690.3,50693.0,50685.0,50694.0,50694.0,50685.0,50693.0,50689.0,50692.0,50694.0,50684.0
5642,50690.3,50693.0,50685.0,50694.0,50694.0,50685.0,50693.0,50689.0,50692.0,50694.0,50684.0
5643,50690.3,50693.0,50685.0,50694.0,50694.0,50685.0,50693.0,50689.0,50692.0,50694.0,50684.0
5644,50690.3,50693.0,50685.0,50694.0,50694.0,50685.0,50693.0,50689.0,50692.0,50694.0,50684.0
5645,50690.3,50693.0,50685.0,50694.0,50694.0,50685.0,50693.0,50689.0,50692.0,50694.0,50684.0
5646,50690.3,50693.0,50685.0,50694.0,50694.0,50685.0,50693.0,50689.0,50692.0,50694.0,50684.0
5647,50690.3,50693.0,50685.0,50694.0,50694.0,50685.0,50693.0,50689.0,50692.0,50694.0,50684.0
5648,50690.3,50693.0,50685.0,50694.0,50694.0,50685.0,50693.0,50689.0,50692.0,50694.0,50684.0
5649,50690.3,50693.0,50685.0,50694.0,50694.0,50685.0,50693.0,50689.0,50692.0,50694.0,50684.0
5650,50690.3,50693.0,50685.0,50694.0,50694.0,50685.0,50693.0,50689.0,50692.0,50694.0,50684.0
5651,50690.3,50693.0,50685.0,50694.0,50694.0,50685.0,50693.0,50689.0,50692.0,50694.0,50684.0
5652,50690.3,50693.0,50685.0,50694.0,50694.0,50685.0,50693.0,50689.0,50692.0,50694.0,50684.0
5653,50690.3,50693.0,50685.0,50694.0,50694.0,50685.0,50693.0,50689.0,50692.0,50694.0,50684.0
5654,50690.3,50693.0,50685.0,50694.0,50694.0,50685.0,50693.0,50689.0,50692.0,50694.0,50684.0
5655,50690.3,50693.0,50685.0,50694.0,50694.0,50685.0,50693.0,50689.0,50692.0,50694.0,50684.0
5656,50690.3,50693.0,50685.0,50694.0,50694.0,50685.0,50693.0,50689.0,50692.0,50694.0,50684.0
5657,50690.3,50693.0,50685.0,50694.0,50694.0,50685.0,50693.0,50689.0,50692.0,50694.0,50684.0
5658,50690.3,50693.0,50685.0,50694.0,50694.0,50685.0,50693.0,50689.0,50692.0,50694.0,50684.0
5659,50690.3,50693.0,50685.0,50694.0,50694.0,50685.0,50693.0,50689.0,50692.0,50694.0,50684.0
5660,50690.3,50693.0,50685.0,50694.0,50694.0,50685.0,50693.0,50689.0,50692.0,50694.0,50684.0
5661,50690.3,50693.0,50685.0,50694.0,50694.0,50685.0,50693.0,50689.0,50692.0,50694.0,50684.0
5662,50690.3,50693.0,50685.0,50694.0,50694.0,50685.0,50693.0,50689.0,50692.0,50694.0,50684.0
5663,50690.3,50693.0,50685.0,50694.0,50694.0,50685.0,50693.0,50689.0,50692.0,50694.0,50684.0
5664,50690.3,50693.0,50685.0,50694.0,50694.0,50685.0,50693.0,50689.0,50692.0,50694.0,50684.0
5665,50690.3,50693.0,50685.0,50694.0,50694.0,50685.0,50693.0,50689.0,50692.0,50694.0,50684.0
5666,50690.3,50693.0,50685.0,50694.0,50694.0,50685.0,50693.0,50689.0,50692.0,50694.0,50684.0
5667,50690.3,50693.0,50685.0,50694.0,50694.0,50685.0,50693.0,50689.0,50692.0,50694.0,50684.0
5668,50690.3,50693.0,50685.0,50694.0,50694.0,50685.0,50693.0,50689.0,50692.0,50694.0,50684.0
5669,50690.3,50693.0,50685.0,50694.0,50694.0,50685.0,50693.0,50689.0,50692.0,50694.0,50684.0
5670,50690.3,50693.0,50685.0,50694.0,50694.0,50685.0,50693.0,50689.0,50692.0,50694.0,50684.0
5671,50690.3,50693.0,50685.0,50694.0,50694.0,50685.0,50693.0,50689.0,50692.0,50694.0,50684.0
5672,50690.3,50693.0,50685.0,50694.0,50694.0,50685.0,50693.0,50689.0,50692.0,50694.0,50684.0
5673,50690.3,50693.0,50685.0,50694.0,50694.0,50685.0,50693.0,50689.0,50692.0,50694.0,50684.0
5674,50690.3,50693.0,50685.0,50694.0,50694.0,50685.0,50693.0,50689.0,50692.0,50694.0,50684.0
5675,50690.3,50693.0,50685.0,50694.0,50694.0,50685.0,50693.0,50689.0,50692.0,50694.0,50684.0
5676,50690.3,50693.0,50685.0,50694.0,50694.0,50685.0,50693.0,50689.0,50692.0,50694.0,50684.0
5677,50690.3,50693.0,50685.0,50694.0,50694.0,50685.0,50693.0,50689.0,50692.0,50694.0,50684.0
5678,50690.3,50693.0,50685.0,50694.0,50694.0,50685.0,50693.0,50689.0,50692.0,50694.0,50684.0
5679,50690.3,50693.0,50685.0,50694.0,50694.0,50685.0,50693.0,50689.0,50692.0,50694.0,50684.0
5680,50690.3,50693.0,50685.0,50694.0,50694.0,50685.0,50693.0,50689.0,50692.0,50694.0,50684.0
5681,50690.3,50693.0,50685.0,50694.0,50694.0,50685.0,50693.0,50689.0,50692.0,50694.0,50684.0
5682,50690.3,50693.0,50685.0,50694.0,50694.0,50685.0,50693.0,50689.0,50692.0,50694.0,50684.0
5683,50690.3,50693.0,50685.0,50694.0,50694.0,50685.0,50693.0,50689.0,50692.0,50694.0,50684.0
5684,50690.3,50693.0,50685.0,50694.0,50694.0,50685.0,50693.0,50689.0,50692.0,50694.0,50684.0
5685,50690.3,50693.0,50685.0,50694.0,50694.0,50685.0,50693.0,50689.0,50692.0,50694.0,50684.0
5686,50690.3,50693.0,50685.0,50694.0,50694.0,50685.0,50693.0,50689.0,50692.0,50694.0,50684.0
5687,50690.3,50693.0,50685.0,50694.0,50694.0,50685.0,50693.0,50689.0,50692.0,50694.0,50684.0
5688,50690.3,50693.0,50685.0,50694.0,50694.0,50685.0,50693.0,50689.0,50692.0,50694.0,50684.0
5689,50690.3,50693.0,50685.0,50694.0,50694.0,50685.0,50693.0,50689.0,50692.0,50694.0,50684.0
5690,50690.3,50693.0,50685.0,50694.0,50694.0,50685.0,50693.0,50689.0,50692.0,50694.0,50684.0
5691,50690.3,50693.0,50685.0,50694.0,50694.0,50685.0,50693.0,50689.0,50692.0,50694.0,50684.0
5692,50690.3,50693.0,50685.0,50694.0,50694.0,50685.0,50693.0,50689.0,50692.0,50694.0,50684.0
5693,50690.3,50693.0,50685.0,50694.0,50694.0,50685.0,50693.0,50689.0,50692.0,50694.0,50684.0
5694,50690.3,50693.0,50685.0,50694.0,50694.0,50685.0,50693.0,50689.0,50692.0,50694.0,50684.0
5695,50690.3,50693.0,50685.0,50694.0,50694.0,50685.0,50693.0,50689.0,50692.0,50694.0,50684.0
5696,50690.3,50693.0,50685.0,50694.0,50694.0,50685.0,50693.0,50689.0,50692.0,50694.0,50684.0
5697,50690.3,50693.0,50685.0,50694.0,50694.0,50685.0,50693.0,50689.0,50692.0,50694.0,50684.0
5698,50690.3,50693.0,50685.0,50694.0,50694.0,50685.0,50693.0,50689.0,50692.0,50694.0,50684.0
5699,50690.3,50693.0,50685.0,50694.0,50694.0,50685.0,50693.0,50689.0,50692.0,50694.0,50684.0
5700,50690.3,50693.0,50685.0,50694.0,50694.0,50685.0,50693.0,50689.0,50692.0,50694.0,50684.0
5701,50690.3,50693.0,50685.0,50694.0,50694.0,50685.0,50693.0,50689.0,50692.0,50694.0,50684.0
5702,50690.3,50693.0,50685.0,50694.0,50694.0,50685.0,50693.0,50689.0,50692.0,50694.0,50684.0
5703,50690.3,50693.0,50685.0,50694.0,50694.0,50685.0,50693.0,50689.0,50692.0,50694.0,50684.0
5704,50690.3,50693.0,50685.0,50694.0,50694.0,50685.0,50693.0,50689.0,50692.0,50694.0,50684.0
5705,50690.3,50693.0,50685.0,50694.0,50694.0,50685.0,50693.0,50689.0,50692.0,50694.0,50684.0
5706,50690.3,50693.0,50685.0,50694.0,50694.0,50685.0,50693.0,50689.0,50692.0,50694.0,50684.0
5707,50690.3,50693.0,50685.0,50694.0,50694.0,50685.0,50693.0,50689.0,50692.0,50694.0,50684.0
5708,50690.3,50693.0,50685.0,50694.0,50694.0,50685.0,50693.0,50689.0,50692.0,50694.0,50684.0
5709,50690.3,50693.0,50685.0,50694.0,50694.0,50685.0,50693.0,50689.0,50692.0,50694.0,50684.0
5710,50690.3,50693.0,50685.0,50694.0,50694.0,50685.0,50693.0,50689.0,50692.0,50694.0,50684.0
5711,50690.3,50693.0,50685.0,50694.0,50694.0,50685.0,50693.0,50689.0,50692.0,50694.0,50684.0
5712,50690.3,50693.0,50685.0,50694.0,50694.0,50685.0,50693.0,50689.0,50692.0,50694.0,50684.0
5713,50690.3,50693.0,50685.0,50694.0,50694.0,50685.0,50693.0,50689.0,50692.0,50694.0,50684.0
5714,50690.3,50693.0,50685.0,50694.0,50694.0,50685.0,50693.0,50689.0,50692.0,50694.0,50684.0
5715,50690.3,50693.0,50685.0,50694.0,50694.0,50685.0,50693.0,50689.0,50692.0,50694.0,50684.0
5716,50690.3,50693.0,50685.0,50694.0,50694.0,50685.0,50693.0,50689.0,50692.0,50694.0,50684.0
5717,50690.3,50693.0,50685.0,50694.0,50694.0,50685.0,50693.0,50689.0,50692.0,50694.0,50684.0
5718,50690.3,50693.0,50685.0,50694.0,50694.0,50685.0,50693.0,50689.0,50692.0,50694.0,50684.0
5719,50690.3,50693.0,50685.0,50694.0,50694.0,50685.0,50693.0,50689.0,50692.0,50694.0,50684.0
5720,50690.3,50693.0,50685.0,50694.0,50694.0,50685.0,50693.0,50689.0,50692.0,50694.0,50684.0
5721,50690.3,50693.0,50685.0,50694.0,50694.0,50685.0,50693.0,50689.0,50692.0,50694.0,50684.0
5722,50690.3,50693.0,50685.0,50694.0,50694.0,50685.0,50693.0,50689.0,50692.0,50694.0,50684.0
5723,50690.3,50693.0,50685.0,50694.0,50694.0,50685.0,50693.0,50689.0,50692.0,50694.0,50684.0
5724,50690.3,50693.0,50685.0,50694.0,50694.0,50685.0,50693.0,50689.0,50692.0,50694.0,50684.0
5725,50690.3,50693.0,50685.0,50694.0,50694.0,50685.0,50693.0,50689.0,50692.0,50694.0,50684.0
5726,50690.3,50693.0,50685.0,50694.0,50694.0,50685.0,50693.0,50689.0,50692.0,50694.0,50684.0
5727,50690.3,50693.0,50685.0,50694.0,50694.0,50685.0,50693.0,50689.0,50692.0,50694.0,50684.0
5728,50690.3,50693.0,50685.0,50694.0,50694.0,50685.0,50693.0,50689.0,50692.0,50694.0,50684.0
5729,50690.3,50693.0,50685.0,50694.0,50694.0,50685.0,50693.0,50689.0,50692.0,50694.0,50684.0
5730,50690.3,50693.0,50685.0,50694.0,50694.0,50685.0,50693.0,50689.0,50692.0,50694.0,50684.0
5731,50690.3,50693.0,50685.0,50694.0,50694.0,50685.0,50693.0,50689.0,50692.0,50694.0,50684.0
5732,50690.3,50693.0,50685.0,50694.0,50694.0,50685.0,50693.0,50689.0,50692.0,50694.0,50684.0
5733,50690.3,50693.0,50685.0,50694.0,50694.0,50685.0,50693.0,50689.0,50692.0,50694.0,50684.0
5734,50690.3,50693.0,50685.0,50694.0,50694.0,50685.0,50693.0,50689.0,50692.0,50694.0,50684.0
5735,50690.3,50693.0,50685.0,50694.0,50694.0,50685.0,50693.0,50689.0,50692.0,50694.0,50684.0
5736,50690.3,50693.0,50685.0,50694.0,50694.0,50685.0,50693.0,50689.0,50692.0,50694.0,50684.0
5737,50690.3,50693.0,50685.0,50694.0,50694.0,50685.0,50693.0,50689.0,50692.0,50694.0,50684.0
5738,50690.3,50693.0,50685.0,50694.0,50694.0,50685.0,50693.0,50689.0,50692.0,50694.0,50684.0
5739,50690.3,50693.0,50685.0,50694.0,50694.0,50685.0,50693.0,50689.0,50692.0,50694.0,50684.0
5740,50690.3,50693.0,50685.0,50694.0,50694.0,50685.0,50693.0,50689.0,50692.0,50694.0,50684.0
5741,50690.3,50693.0,50685.0,50694.0,50694.0,50685.0,50693.0,50689.0,50692.0,50694.0,50684.0
5742,50690.3,50693.0,50685.0,50694.0,50694.0,50685.0,50693.0,50689.0,50692.0,50694.0,50684.0
5743,50690.3,50693.0,50685.0,50694.0,50694.0,50685.0,50693.0,50689.0,50692.0,50694.0,50684.0
5744,50690.3,50693.0,50685.0,50694.0,50694.0,50685.0,50693.0,50689.0,50692.0,50694.0,50684.0
5745,50690.3,50693.0,50685.0,50694.0,50694.0,50685.0,50693.0,50689.0,50692.0,50694.0,50684.0
5746,50690.3,50693.0,50685.0,50694.0,50694.0,50685.0,50693.0,50689.0,50692.0,50694.0,50684.0
5747,50690.3,50693.0,50685.0,50694.0,50694.0,50685.0,50693.0,50689.0,50692.0,50694.0,50684.0
5748,50690.3,50693.0,50685.0,50694.0,50694.0,50685.0,50693.0,50689.0,50692.0,50694.0,50684.0
5749,50690.3,50693.0,50685.0,50694.0,50694.0,50685.0,50693.0,50689.0,50692.0,50694.0,50684.0
5750,50690.3,50693.0,50685.0,50694.0,50694.0,50685.0,50693.0,50689.0,50692.0,50694.0,50684.0
5751,50690.3,50693.0,50685.0,50694.0,50694.0,50685.0,50693.0,50689.0,50692.0,50694.0,50684.0
5752,50690.3,50693.0,50685.0,50694.0,50694.0,50685.0,50693.0,50689.0,50692.0,50694.0,50684.0
5753,50690.3,50693.0,50685.0,50694.0,50694.0,50685.0,50693.0,50689.0,50692.0,50694.0,50684.0
5754,50690.3,50693.0,50685.0,50694.0,50694.0,50685.0,50693.0,50689.0,50692.0,50694.0,50684.0
5755,50690.3,50693.0,50685.0,50694.0,50694.0,50685.0,50693.0,50689.0,50692.0,50694.0,50684.0
5756,50690.3,50693.0,50685.0,50694.0,50694.0,50685.0,50693.0,50689.0,50692.0,50694.0,50684.0
5757,50690.3,50693.0,50685.0,50694.0,50694.0,50685.0,50693.0,50689.0,50692.0,50694.0,50684.0
5758,50690.3,50693.0,50685.0,50694.0,50694.0,50685.0,50693.0,50689.0,50692.0,50694.0,50684.0
5759,50690.3,50693.0,50685.0,50694.0,50694.0,50685.0,50693.0,50689.0,50692.0,50694.0,50684.0
5760,50690.3,50693.0,50685.0,50694.0,50694.0,50685.0,50693.0,50689.0,50692.0,50694.0,50684.0
5761,50690.3,50693.0,50685.0,50694.0,50694.0,50685.0,50693.0,50689.0,50692.0,50694.0,50684.0
5762,50690.3,50693.0,50685.0,50694.0,50694.0,50685.0,50693.0,50689.0,50692.0,50694.0,50684.0
5763,50690.3,50693.0,50685.0,50694.0,50694.0,50685.0,50693.0,50689.0,50692.0,50694.0,50684.0
5764,50690.3,50693.0,50685.0,50694.0,50694.0,50685.0,50693.0,50689.0,50692.0,50694.0,50684.0
5765,50690.3,50693.0,50685.0,50694.0,50694.0,50685.0,50693.0,50689.0,50692.0,50694.0,50684.0
5766,50690.3,50693.0,50685.0,50694.0,50694.0,50685.0,50693.0,50689.0,50692.0,50694.0,50684.0
5767,50690.3,50693.0,50685.0,50694.0,50694.0,50685.0,50693.0,50689.0,50692.0,50694.0,50684.0
5768,50690.3,50693.0,50685.0,50694.0,50694.0,50685.0,50693.0,50689.0,50692.0,50694.0,50684.0
5769,50690.3,50693.0,50685.0,50694.0,50694.0,50685.0,50693.0,50689.0,50692.0,50694.0,50684.0
5770,50690.3,50693.0,50685.0,50694.0,50694.0,50685.0,50693.0,50689.0,50692.0,50694.0,50684.0
5771,50690.3,50693.0,50685.0,50694.0,50694.0,50685.0,50693.0,50689.0,50692.0,50694.0,50684.0
5772,50690.3,50693.0,50685.0,50694.0,50694.0,50685.0,50693.0,50689.0,50692.0,50694.0,50684.0
5773,50690.3,50693.0,50685.0,50694.0,50694.0,50685.0,50693.0,50689.0,50692.0,50694.0,50684.0
5774,50690.3,50693.0,50685.0,50694.0,50694.0,50685.0,50693.0,50689.0,50692.0,50694.0,50684.0
5775,50690.3,50693.0,50685.0,50694.0,50694.0,50685.0,50693.0,50689.0,50692.0,50694.0,50684.0
5776,50690.3,50693.0,50685.0,50694.0,50694.0,50685.0,50693.0,50689.0,50692.0,50694.0,50684.0
5777,50690.3,50693.0,50685.0,50694.0,50694.0,50685.0,50693.0,50689.0,50692.0,50694.0,50684.0
5778,50690.3,50693.0,50685.0,50694.0,50694.0,50685.0,50693.0,50689.0,50692.0,50694.0,50684.0
5779,50690.3,50693.0,50685.0,50694.0,50694.0,50685.0,50693.0,50689.0,50692.0,50694.0,50684.0
5780,50690.3,50693.0,50685.0,50694.0,50694.0,50685.0,50693.0,50689.0,50692.0,50694.0,50684.0
5781,50690.3,50693.0,50685.0,50694.0,50694.0,50685.0,50693.0,50689.0,50692.0,50694.0,50684.0
5782,50690.3,50693.0,50685.0,50694.0,50694.0,50685.0,50693.0,50689.0,50692.0,50694.0,50684.0
5783,50690.3,50693.0,50685.0,50694.0,50694.0,50685.0,50693.0,50689.0,50692.0,50694.0,50684.0
5784,50690.3,50693.0,50685.0,50694.0,50694.0,50685.0,50693.0,50689.0,50692.0,50694.0,50684.0
5785,50690.3,50693.0,50685.0,50694.0,50694.0,50685.0,50693.0,50689.0,50692.0,50694.0,50684.0
5786,50690.3,50693.0,50685.0,50694.0,50694.0,50685.0,50693.0,50689.0,50692.0,50694.0,50684.0
5787,50690.3,50693.0,50685.0,50694.0,50694.0,50685.0,50693.0,50689.0,50692.0,50694.0,50684.0
5788,50690.3,50693.0,50685.0,50694.0,50694.0,50685.0,50693.0,50689.0,50692.0,50694.0,50684.0
5789,50690.3,50693.0,50685.0,50694.0,50694.0,50685.0,50693.0,50689.0,50692.0,50694.0,50684.0
5790,50690.3,50693.0,50685.0,50694.0,50694.0,50685.0,50693.0,50689.0,50692.0,50694.0,50684.0
5791,50690.3,50693.0,50685.0,50694.0,50694.0,50685.0,50693.0,50689.0,50692.0,50694.0,50684.0
5792,50690.3,50693.0,50685.0,50694.0,50694.0,50685.0,50693.0,50689.0,50692.0,50694.0,50684.0
5793,50690.3,50693.0,50685.0,50694.0,50694.0,50685.0,50693.0,50689.0,50692.0,50694.0,50684.0
5794,50690.3,50693.0,50685.0,50694.0,50694.0,50685.0,50693.0,50689.0,50692.0,50694.0,50684.0
5795,50690.3,50693.0,50685.0,50694.0,50694.0,50685.0,50693.0,50689.0,50692.0,50694.0,50684.0
5796,50690.3,50693.0,50685.0,50694.0,50694.0,50685.0,50693.0,50689.0,50692.0,50694.0,50684.0
5797,50690.3,50693.0,50685.0,50694.0,50694.0,50685.0,50693.0,50689.0,50692.0,50694.0,50684.0
5798,50690.3,50693.0,50685.0,50694.0,50694.0,50685.0,50693.0,50689.0,50692.0,50694.0,50684.0
5799,50690.3,50693.0,50685.0,50694.0,50694.0,50685.0,50693.0,50689.0,50692.0,50694.0,50684.0
5800,50690.3,50693.0,50685.0,50694.0,50694.0,50685.0,50693.0,50689.0,50692.0,50694.0,50684.0
5801,50690.3,50693.0,50685.0,50694.0,50694.0,50685.0,50693.0,50689.0,50692.0,50694.0,50684.0
5802,50690.3,50693.0,50685.0,50694.0,50694.0,50685.0,50693.0,50689.0,50692.0,50694.0,50684.0
5803,50690.3,50693.0,50685.0,50694.0,50694.0,50685.0,50693.0,50689.0,50692.0,50694.0,50684.0
5804,50690.3,50693.0,50685.0,50694.0,50694.0,50685.0,50693.0,50689.0,50692.0,50694.0,50684.0
5805,50690.3,50693.0,50685.0,50694.0,50694.0,50685.0,50693.0,50689.0,50692.0,50694.0,50684.0
5806,50690.3,50693.0,50685.0,50694.0,50694.0,50685.0,50693.0,50689.0,50692.0,50694.0,50684.0
5807,50690.3,50693.0,50685.0,50694.0,50694.0,50685.0,50693.0,50689.0,50692.0,50694.0,50684.0
5808,50690.3,50693.0,50685.0,50694.0,50694.0,50685.0,50693.0,50689.0,50692.0,50694.0,50684.0
5809,50690.3,50693.0,50685.0,50694.0,50694.0,50685.0,50693.0,50689.0,50692.0,50694.0,50684.0
5810,50690.3,50693.0,50685.0,50694.0,50694.0,50685.0,50693.0,50689.0,50692.0,50694.0,50684.0
5811,50690.3,50693.0,50685.0,50694.0,50694.0,50685.0,50693.0,50689.0,50692.0,50694.0,50684.0
5812,50690.3,50693.0,50685.0,50694.0,50694.0,50685.0,50693.0,50689.0,50692.0,50694.0,50684.0
5813,50690.3,50693.0,50685.0,50694.0,50694.0,50685.0,50693.0,50689.0,50692.0,50694.0,50684.0
5814,50690.3,50693.0,50685.0,50694.0,50694.0,50685.0,50693.0,50689.0,50692.0,50694.0,50684.0
5815,50690.3,50693.0,50685.0,50694.0,50694.0,50685.0,50693.0,50689.0,50692.0,50694.0,50684.0
5816,50690.3,50693.0,50685.0,50694.0,50694.0,50685.0,50693.0,50689.0,50692.0,50694.0,50684.0
5817,50690.3,50693.0,50685.0,50694.0,50694.0,50685.0,50693.0,50689.0,50692.0,50694.0,50684.0
5818,50690.3,50693.0,50685.0,50694.0,50694.0,50685.0,50693.0,50689.0,50692.0,50694.0,50684.0
5819,50690.3,50693.0,50685.0,50694.0,50694.0,50685.0,50693.0,50689.0,50692.0,50694.0,50684.0
5820,50690.3,50693.0,50685.0,50694.0,50694.0,50685.0,50693.0,50689.0,50692.0,50694.0,50684.0
5821,50690.3,50693.0,50685.0,50694.0,50694.0,50685.0,50693.0,50689.0,50692.0,50694.0,50684.0
5822,50690.3,50693.0,50685.0,50694.0,50694.0,50685.0,50693.0,50689.0,50692.0,50694.0,50684.0
5823,50690.3,50693.0,50685.0,50694.0,50694.0,50685.0,50693.0,50689.0,50692.0,50694.0,50684.0
5824,50690.3,50693.0,50685.0,50694.0,50694.0,50685.0,50693.0,50689.0,50692.0,50694.0,50684.0
5825,50690.3,50693.0,50685.0,50694.0,50694.0,50685.0,50693.0,50689.0,50692.0,50694.0,50684.0
5826,50690.3,50693.0,50685.0,50694.0,50694.0,50685.0,50693.0,50689.0,50692.0,50694.0,50684.0
5827,50690.3,50693.0,50685.0,50694.0,50694.0,50685.0,50693.0,50689.0,50692.0,50694.0,50684.0
5828,50690.3,50693.0,50685.0,50694.0,50694.0,50685.0,50693.0,50689.0,50692.0,50694.0,50684.0
5829,50690.3,50693.0,50685.0,50694.0,50694.0,50685.0,50693.0,50689.0,50692.0,50694.0,50684.0
5830,50690.3,50693.0,50685.0,50694.0,50694.0,50685.0,50693.0,50689.0,50692.0,50694.0,50684.0
5831,50690.3,50693.0,50685.0,50694.0,50694.0,50685.0,50693.0,50689.0,50692.0,50694.0,50684.0
5832,50690.3,50693.0,50685.0,50694.0,50694.0,50685.0,50693.0,50689.0,50692.0,50694.0,50684.0
5833,50690.3,50693.0,50685.0,50694.0,50694.0,50685.0,50693.0,50689.0,50692.0,50694.0,50684.0
5834,50690.3,50693.0,50685.0,50694.0,50694.0,50685.0,50693.0,50689.0,50692.0,50694.0,50684.0
5835,50690.3,50693.0,50685.0,50694.0,50694.0,50685.0,50693.0,50689.0,50692.0,50694.0,50684.0
5836,50690.3,50693.0,50685.0,50694.0,50694.0,50685.0,50693.0,50689.0,50692.0,50694.0,50684.0
5837,50690.3,50693.0,50685.0,50694.0,50694.0,50685.0,50693.0,50689.0,50692.0,50694.0,50684.0
5838,50690.3,50693.0,50685.0,50694.0,50694.0,50685.0,50693.0,50689.0,50692.0,50694.0,50684.0
5839,50690.3,50693.0,50685.0,50694.0,50694.0,50685.0,50693.0,50689.0,50692.0,50694.0,50684.0
5840,50690.3,50693.0,50685.0,50694.0,50694.0,50685.0,50693.0,50689.0,50692.0,50694.0,50684.0
5841,50690.3,50693.0,50685.0,50694.0,50694.0,50685.0,50693.0,50689.0,50692.0,50694.0,50684.0
5842,50690.3,50693.0,50685.0,50694.0,50694.0,50685.0,50693.0,50689.0,50692.0,50694.0,50684.0
5843,50690.3,50693.0,50685.0,50694.0,50694.0,50685.0,50693.0,50689.0,50692.0,50694.0,50684.0
5844,50690.3,50693.0,50685.0,50694.0,50694.0,50685.0,50693.0,50689.0,50692.0,50694.0,50684.0
5845,50690.3,50693.0,50685.0,50694.0,50694.0,50685.0,50693.0,50689.0,50692.0,50694.0,50684.0
5846,50690.3,50693.0,50685.0,50694.0,50694.0,50685.0,50693.0,50689.0,50692.0,50694.0,50684.0
5847,50690.3,50693.0,50685.0,50694.0,50694.0,50685.0,50693.0,50689.0,50692.0,50694.0,50684.0
5848,50690.3,50693.0,50685.0,50694.0,50694.0,50685.0,50693.0,50689.0,50692.0,50694.0,50684.0
5849,50690.3,50693.0,50685.0,50694.0,50694.0,50685.0,50693.0,50689.0,50692.0,50694.0,50684.0
5850,50690.3,50693.0,50685.0,50694.0,50694.0,50685.0,50693.0,50689.0,50692.0,50694.0,50684.0
5851,50690.3,50693.0,50685.0,50694.0,50694.0,50685.0,50693.0,50689.0,50692.0,50694.0,50684.0
5852,50690.3,50693.0,50685.0,50694.0,50694.0,50685.0,50693.0,50689.0,50692.0,50694.0,50684.0
5853,50690.3,50693.0,50685.0,50694.0,50694.0,50685.0,50693.0,50689.0,50692.0,50694.0,50684.0
5854,50690.3,50693.0,50685.0,50694.0,50694.0,50685.0,50693.0,50689.0,50692.0,50694.0,50684.0
5855,50690.3,50693.0,50685.0,50694.0,50694.0,50685.0,50693.0,50689.0,50692.0,50694.0,50684.0
5856,50690.3,50693.0,50685.0,50694.0,50694.0,50685.0,50693.0,50689.0,50692.0,50694.0,50684.0
5857,50690.3,50693.0,50685.0,50694.0,50694.0,50685.0,50693.0,50689.0,50692.0,50694.0,50684.0
5858,50690.3,50693.0,50685.0,50694.0,50694.0,50685.0,50693.0,50689.0,50692.0,50694.0,50684.0
5859,50690.3,50693.0,50685.0,50694.0,50694.0,50685.0,50693.0,50689.0,50692.0,50694.0,50684.0
5860,50690.3,50693.0,50685.0,50694.0,50694.0,50685.0,50693.0,50689.0,50692.0,50694.0,50684.0
5861,50690.3,50693.0,50685.0,50694.0,50694.0,50685.0,50693.0,50689.0,50692.0,50694.0,50684.0
5862,50690.3,50693.0,50685.0,50694.0,50694.0,50685.0,50693.0,50689.0,50692.0,50694.0,50684.0
5863,50690.3,50693.0,50685.0,50694.0,50694.0,50685.0,50693.0,50689.0,50692.0,50694.0,50684.0
5864,50690.3,50693.0,50685.0,50694.0,50694.0,50685.0,50693.0,50689.0,50692.0,50694.0,50684.0
5865,50690.3,50693.0,50685.0,50694.0,50694.0,50685.0,50693.0,50689.0,50692.0,50694.0,50684.0
5866,50690.3,50693.0,50685.0,50694.0,50694.0,50685.0,50693.0,50689.0,50692.0,50694.0,50684.0
5867,50690.3,50693.0,50685.0,50694.0,50694.0,50685.0,50693.0,50689.0,50692.0,50694.0,50684.0
5868,50690.3,50693.0,50685.0,50694.0,50694.0,50685.0,50693.0,50689.0,50692.0,50694.0,50684.0
5869,50690.3,50693.0,50685.0,50694.0,50694.0,50685.0,50693.0,50689.0,50692.0,50694.0,50684.0
5870,50690.3,50693.0,50685.0,50694.0,50694.0,50685.0,50693.0,50689.0,50692.0,50694.0,50684.0
5871,50690.3,50693.0,50685.0,50694.0,50694.0,50685.0,50693.0,50689.0,50692.0,50694.0,50684.0
5872,50690.3,50693.0,50685.0,50694.0,50694.0,50685.0,50693.0,50689.0,50692.0,50694.0,50684.0
5873,50690.3,50693.0,50685.0,50694.0,50694.0,50685.0,50693.0,50689.0,50692.0,50694.0,50684.0
5874,50690.3,50693.0,50685.0,50694.0,50694.0,50685.0,50693.0,50689.0,50692.0,50694.0,50684.0
5875,50690.3,50693.0,50685.0,50694.0,50694.0,50685.0,50693.0,50689.0,50692.0,50694.0,50684.0
5876,50690.3,50693.0,50685.0,50694.0,50694.0,50685.0,50693.0,50689.0,50692.0,50694.0,50684.0
5877,50690.3,50693.0,50685.0,50694.0,50694.0,50685.0,50693.0,50689.0,50692.0,50694.0,50684.0
5878,50690.3,50693.0,50685.0,50694.0,50694.0,50685.0,50693.0,50689.0,50692.0,50694.0,50684.0
5879,50690.3,50693.0,50685.0,50694.0,50694.0,50685.0,50693.0,50689.0,50692.0,50694.0,50684.0
5880,50690.3,50693.0,50685.0,50694.0,50694.0,50685.0,50693.0,50689.0,50692.0,50694.0,50684.0
5881,50690.3,50693.0,50685.0,50694.0,50694.0,50685.0,50693.0,50689.0,50692.0,50694.0,50684.0
5882,50690.3,50693.0,50685.0,50694.0,50694.0,50685.0,50693.0,50689.0,50692.0,50694.0,50684.0
5883,50690.3,50693.0,50685.0,50694.0,50694.0,50685.0,50693.0,50689.0,50692.0,50694.0,50684.0
5884,50690.3,50693.0,50685.0,50694.0,50694.0,50685.0,50693.0,50689.0,50692.0,50694.0,50684.0
5885,50690.3,50693.0,50685.0,50694.0,50694.0,50685.0,50693.0,50689.0,50692.0,50694.0,50684.0
5886,50690.3,50693.0,50685.0,50694.0,50694.0,50685.0,50693.0,50689.0,50692.0,50694.0,50684.0
5887,50690.3,50693.0,50685.0,50694.0,50694.0,50685.0,50693.0,50689.0,50692.0,50694.0,50684.0
5888,50690.3,50693.0,50685.0,50694.0,50694.0,50685.0,50693.0,50689.0,50692.0,50694.0,50684.0
5889,50690.3,50693.0,50685.0,50694.0,50694.0,50685.0,50693.0,50689.0,50692.0,50694.0,50684.0
5890,50690.3,50693.0,50685.0,50694.0,50694.0,50685.0,50693.0,50689.0,50692.0,50694.0,50684.0
5891,50690.3,50693.0,50685.0,50694.0,50694.0,50685.0,50693.0,50689.0,50692.0,50694.0,50684.0
5892,50690.3,50693.0,50685.0,50694.0,50694.0,50685.0,50693.0,50689.0,50692.0,50694.0,50684.0
5893,50690.3,50693.0,50685.0,50694.0,50694.0,50685.0,50693.0,50689.0,50692.0,50694.0,50684.0
5894,50690.3,50693.0,50685.0,50694.0,50694.0,50685.0,50693.0,50689.0,50692.0,50694.0,50684.0
5895,50690.3,50693.0,50685.0,50694.0,50694.0,50685.0,50693.0,50689.0,50692.0,50694.0,50684.0
5896,50690.3,50693.0,50685.0,50694.0,50694.0,50685.0,50693.0,50689.0,50692.0,50694.0,50684.0
5897,50690.3,50693.0,50685.0,50694.0,50694.0,50685.0,50693.0,50689.0,50692.0,50694.0,50684.0
5898,50690.3,50693.0,50685.0,50694.0,50694.0,50685.0,50693.0,50689.0,50692.0,50694.0,50684.0
5899,50690.3,50693.0,50685.0,50694.0,50694.0,50685.0,50693.0,50689.0,50692.0,50694.0,50684.0
5900,50690.3,50693.0,50685.0,50694.0,50694.0,50685.0,50693.0,50689.0,50692.0,50694.0,50684.0
5901,50690.3,50693.0,50685.0,50694.0,50694.0,50685.0,50693.0,50689.0,50692.0,50694.0,50684.0
5902,50690.3,50693.0,50685.0,50694.0,50694.0,50685.0,50693.0,50689.0,50692.0,50694.0,50684.0
5903,50690.3,50693.0,50685.0,50694.0,50694.0,50685.0,50693.0,50689.0,50692.0,50694.0,50684.0
5904,50690.3,50693.0,50685.0,50694.0,50694.0,50685.0,50693.0,50689.0,50692.0,50694.0,50684.0
5905,50690.3,50693.0,50685.0,50694.0,50694.0,50685.0,50693.0,50689.0,50692.0,50694.0,50684.0
5906,50690.3,50693.0,50685.0,50694.0,50694.0,50685.0,50693.0,50689.0,50692.0,50694.0,50684.0
5907,50690.3,50693.0,50685.0,50694.0,50694.0,50685.0,50693.0,50689.0,50692.0,50694.0,50684.0
5908,50690.3,50693.0,50685.0,50694.0,50694.0,50685.0,50693.0,50689.0,50692.0,50694.0,50684.0
5909,50690.3,50693.0,50685.0,50694.0,50694.0,50685.0,50693.0,50689.0,50692.0,50694.0,50684.0
5910,50690.3,50693.0,50685.0,50694.0,50694.0,50685.0,50693.0,50689.0,50692.0,50694.0,50684.0
5911,50690.3,50693.0,50685.0,50694.0,50694.0,50685.0,50693.0,50689.0,50692.0,50694.0,50684.0
5912,50690.3,50693.0,50685.0,50694.0,50694.0,50685.0,50693.0,50689.0,50692.0,50694.0,50684.0
5913,50690.3,50693.0,50685.0,50694.0,50694.0,50685.0,50693.0,50689.0,50692.0,50694.0,50684.0
5914,50690.3,50693.0,50685.0,50694.0,50694.0,50685.0,50693.0,50689.0,50692.0,50694.0,50684.0
5915,50690.3,50693.0,50685.0,50694.0,50694.0,50685.0,50693.0,50689.0,50692.0,50694.0,50684.0
5916,50690.3,50693.0,50685.0,50694.0,50694.0,50685.0,50693.0,50689.0,50692.0,50694.0,50684.0
5917,50690.3,50693.0,50685.0,50694.0,50694.0,50685.0,50693.0,50689.0,50692.0,50694.0,50684.0
5918,50690.3,50693.0,50685.0,50694.0,50694.0,50685.0,50693.0,50689.0,50692.0,50694.0,50684.0
5919,50690.3,50693.0,50685.0,50694.0,50694.0,50685.0,50693.0,50689.0,50692.0,50694.0,50684.0
5920,50690.3,50693.0,50685.0,50694.0,50694.0,50685.0,50693.0,50689.0,50692.0,50694.0,50684.0
5921,50690.3,50693.0,50685.0,50694.0,50694.0,50685.0,50693.0,50689.0,50692.0,50694.0,50684.0
5922,50690.3,50693.0,50685.0,50694.0,50694.0,50685.0,50693.0,50689.0,50692.0,50694.0,50684.0
5923,50690.3,50693.0,50685.0,50694.0,50694.0,50685.0,50693.0,50689.0,50692.0,50694.0,50684.0
5924,50690.3,50693.0,50685.0,50694.0,50694.0,50685.0,50693.0,50689.0,50692.0,50694.0,50684.0
5925,50690.3,50693.0,50685.0,50694.0,50694.0,50685.0,50693.0,50689.0,50692.0,50694.0,50684.0
5926,50690.3,50693.0,50685.0,50694.0,50694.0,50685.0,50693.0,50689.0,50692.0,50694.0,50684.0
5927,50690.3,50693.0,50685.0,50694.0,50694.0,50685.0,50693.0,50689.0,50692.0,50694.0,50684.0
5928,50690.3,50693.0,50685.0,50694.0,50694.0,50685.0,50693.0,50689.0,50692.0,50694.0,50684.0
5929,50690.3,50693.0,50685.0,50694.0,50694.0,50685.0,50693.0,50689.0,50692.0,50694.0,50684.0
5930,50690.3,50693.0,50685.0,50694.0,50694.0,50685.0,50693.0,50689.0,50692.0,50694.0,50684.0
5931,50690.3,50693.0,50685.0,50694.0,50694.0,50685.0,50693.0,50689.0,50692.0,50694.0,50684.0
5932,50690.3,50693.0,50685.0,50694.0,50694.0,50685.0,50693.0,50689.0,50692.0,50694.0,50684.0
5933,50690.3,50693.0,50685.0,50694.0,50694.0,50685.0,50693.0,50689.0,50692.0,50694.0,50684.0
5934,50690.3,50693.0,50685.0,50694.0,50694.0,50685.0,50693.0,50689.0,50692.0,50694.0,50684.0
5935,50690.3,50693.0,50685.0,50694.0,50694.0,50685.0,50693.0,50689.0,50692.0,50694.0,50684.0
5936,50690.3,50693.0,50685.0,50694.0,50694.0,50685.0,50693.0,50689.0,50692.0,50694.0,50684.0
5937,50690.3,50693.0,50685.0,50694.0,50694.0,50685.0,50693.0,50689.0,50692.0,50694.0,50684.0
5938,50690.3,50693.0,50685.0,50694.0,50694.0,50685.0,50693.0,50689.0,50692.0,50694.0,50684.0
5939,50690.3,50693.0,50685.0,50694.0,50694.0,50685.0,50693.0,50689.0,50692.0,50694.0,50684.0
5940,50690.3,50693.0,50685.0,50694.0,50694.0,50685.0,50693.0,50689.0,50692.0,50694.0,50684.0
5941,50690.3,50693.0,50685.0,50694.0,50694.0,50685.0,50693.0,50689.0,50692.0,50694.0,50684.0
5942,50690.3,50693.0,50685.0,50694.0,50694.0,50685.0,50693.0,50689.0,50692.0,50694.0,50684.0
5943,50690.3,50693.0,50685.0,50694.0,50694.0,50685.0,50693.0,50689.0,50692.0,50694.0,50684.0
5944,50690.3,50693.0,50685.0,50694.0,50694.0,50685.0,50693.0,50689.0,50692.0,50694.0,50684.0
5945,50690.3,50693.0,50685.0,50694.0,50694.0,50685.0,50693.0,50689.0,50692.0,50694.0,50684.0
5946,50690.3,50693.0,50685.0,50694.0,50694.0,50685.0,50693.0,50689.0,50692.0,50694.0,50684.0
5947,50690.3,50693.0,50685.0,50694.0,50694.0,50685.0,50693.0,50689.0,50692.0,50694.0,50684.0
5948,50690.3,50693.0,50685.0,50694.0,50694.0,50685.0,50693.0,50689.0,50692.0,50694.0,50684.0
5949,50690.3,50693.0,50685.0,50694.0,50694.0,50685.0,50693.0,50689.0,50692.0,50694.0,50684.0
5950,50690.3,50693.0,50685.0,50694.0,50694.0,50685.0,50693.0,50689.0,50692.0,50694.0,50684.0
5951,50690.3,50693.0,50685.0,50694.0,50694.0,50685.0,50693.0,50689.0,50692.0,50694.0,50684.0
5952,50690.3,50693.0,50685.0,50694.0,50694.0,50685.0,50693.0,50689.0,50692.0,50694.0,50684.0
5953,50690.3,50693.0,50685.0,50694.0,50694.0,50685.0,50693.0,50689.0,50692.0,50694.0,50684.0
5954,50690.3,50693.0,50685.0,50694.0,50694.0,50685.0,50693.0,50689.0,50692.0,50694.0,50684.0
5955,50690.3,50693.0,50685.0,50694.0,50694.0,50685.0,50693.0,50689.0,50692.0,50694.0,50684.0
5956,50690.3,50693.0,50685.0,50694.0,50694.0,50685.0,50693.0,50689.0,50692.0,50694.0,50684.0
5957,50690.3,50693.0,50685.0,50694.0,50694.0,50685.0,50693.0,50689.0,50692.0,50694.0,50684.0
5958,50690.3,50693.0,50685.0,50694.0,50694.0,50685.0,50693.0,50689.0,50692.0,50694.0,50684.0
5959,50690.3,50693.0,50685.0,50694.0,50694.0,50685.0,50693.0,50689.0,50692.0,50694.0,50684.0
5960,50690.3,50693.0,50685.0,50694.0,50694.0,50685.0,50693.0,50689.0,50692.0,50694.0,50684.0
5961,50690.3,50693.0,50685.0,50694.0,50694.0,50685.0,50693.0,50689.0,50692.0,50694.0,50684.0
5962,50690.3,50693.0,50685.0,50694.0,50694.0,50685.0,50693.0,50689.0,50692.0,50694.0,50684.0
5963,50690.3,50693.0,50685.0,50694.0,50694.0,50685.0,50693.0,50689.0,50692.0,50694.0,50684.0
5964,50690.3,50693.0,50685.0,50694.0,50694.0,50685.0,50693.0,50689.0,50692.0,50694.0,50684.0
5965,50690.3,50693.0,50685.0,50694.0,50694.0,50685.0,50693.0,50689.0,50692.0,50694.0,50684.0
5966,50690.3,50693.0,50685.0,50694.0,50694.0,50685.0,50693.0,50689.0,50692.0,50694.0,50684.0
5967,50690.3,50693.0,50685.0,50694.0,50694.0,50685.0,50693.0,50689.0,50692.0,50694.0,50684.0
5968,50690.3,50693.0,50685.0,50694.0,50694.0,50685.0,50693.0,50689.0,50692.0,50694.0,50684.0
5969,50690.3,50693.0,50685.0,50694.0,50694.0,50685.0,50693.0,50689.0,50692.0,50694.0,50684.0
5970,50690.3,50693.0,50685.0,50694.0,50694.0,50685.0,50693.0,50689.0,50692.0,50694.0,50684.0
5971,50690.3,50693.0,50685.0,50694.0,50694.0,50685.0,50693.0,50689.0,50692.0,50694.0,50684.0
5972,50690.3,50693.0,50685.0,50694.0,50694.0,50685.0,50693.0,50689.0,50692.0,50694.0,50684.0
5973,50690.3,50693.0,50685.0,50694.0,50694.0,50685.0,50693.0,50689.0,50692.0,50694.0,50684.0
5974,50690.3,50693.0,50685.0,50694.0,50694.0,50685.0,50693.0,50689.0,50692.0,50694.0,50684.0
5975,50690.3,50693.0,50685.0,50694.0,50694.0,50685.0,50693.0,50689.0,50692.0,50694.0,50684.0
5976,50690.3,50693.0,50685.0,50694.0,50694.0,50685.0,50693.0,50689.0,50692.0,50694.0,50684.0
5977,50690.3,50693.0,50685.0,50694.0,50694.0,50685.0,50693.0,50689.0,50692.0,50694.0,50684.0
5978,50690.3,50693.0,50685.0,50694.0,50694.0,50685.0,50693.0,50689.0,50692.0,50694.0,50684.0
5979,50690.3,50693.0,50685.0,50694.0,50694.0,50685.0,50693.0,50689.0,50692.0,50694.0,50684.0
5980,50690.3,50693.0,50685.0,50694.0,50694.0,50685.0,50693.0,50689.0,50692.0,50694.0,50684.0
5981,50690.3,50693.0,50685.0,50694.0,50694.0,50685.0,50693.0,50689.0,50692.0,50694.0,50684.0
5982,50690.3,50693.0,50685.0,50694.0,50694.0,50685.0,50693.0,50689.0,50692.0,50694.0,50684.0
5983,50690.3,50693.0,50685.0,50694.0,50694.0,50685.0,50693.0,50689.0,50692.0,50694.0,50684.0
5984,50690.3,50693.0,50685.0,50694.0,50694.0,50685.0,50693.0,50689.0,50692.0,50694.0,50684.0
5985,50690.3,50693.0,50685.0,50694.0,50694.0,50685.0,50693.0,50689.0,50692.0,50694.0,50684.0
5986,50690.3,50693.0,50685.0,50694.0,50694.0,50685.0,50693.0,50689.0,50692.0,50694.0,50684.0
5987,50690.3,50693.0,50685.0,50694.0,50694.0,50685.0,50693.0,50689.0,50692.0,50694.0,50684.0
5988,50690.3,50693.0,50685.0,50694.0,50694.0,50685.0,50693.0,50689.0,50692.0,50694.0,50684.0
5989,50690.3,50693.0,50685.0,50694.0,50694.0,50685.0,50693.0,50689.0,50692.0,50694.0,50684.0
5990,50690.3,50693.0,50685.0,50694.0,50694.0,50685.0,50693.0,50689.0,50692.0,50694.0,50684.0
5991,50690.3,50693.0,50685.0,50694.0,50694.0,50685.0,50693.0,50689.0,50692.0,50694.0,50684.0
5992,50690.3,50693.0,50685.0,50694.0,50694.0,50685.0,50693.0,50689.0,50692.0,50694.0,50684.0
5993,50690.3,50693.0,50685.0,50694.0,50694.0,50685.0,50693.0,50689.0,50692.0,50694.0,50684.0
5994,50690.3,50693.0,50685.0,50694.0,50694.0,50685.0,50693.0,50689.0,50692.0,50694.0,50684.0
5995,50690.3,50693.0,50685.0,50694.0,50694.0,50685.0,50693.0,50689.0,50692.0,50694.0,50684.0
5996,50690.3,50693.0,50685.0,50694.0,50694.0,50685.0,50693.0,50689.0,50692.0,50694.0,50684.0
5997,50690.3,50693.0,50685.0,50694.0,50694.0,50685.0,50693.0,50689.0,50692.0,50694.0,50684.0
5998,50690.3,50693.0,50685.0,50694.0,50694.0,50685.0,50693.0,50689.0,50692.0,50694.0,50684.0
5999,50690.3,50693.0,50685.0,50694.0,50694.0,50685.0,50693.0,50689.0,50692.0,50694.0,50684.0
6000,50690.3,50693.0,50685.0,50694.0,50694.0,50685.0,50693.0,50689.0,50692.0,50694.0,50684.0
6001,50690.3,50693.0,50685.0,50694.0,50694.0,50685.0,50693.0,50689.0,50692.0,50694.0,50684.0
6002,50690.3,50693.0,50685.0,50694.0,50694.0,50685.0,50693.0,50689.0,50692.0,50694.0,50684.0
6003,50690.3,50693.0,50685.0,50694.0,50694.0,50685.0,50693.0,50689.0,50692.0,50694.0,50684.0
6004,50690.3,50693.0,50685.0,50694.0,50694.0,50685.0,50693.0,50689.0,50692.0,50694.0,50684.0
6005,50690.3,50693.0,50685.0,50694.0,50694.0,50685.0,50693.0,50689.0,50692.0,50694.0,50684.0
6006,50690.3,50693.0,50685.0,50694.0,50694.0,50685.0,50693.0,50689.0,50692.0,50694.0,50684.0
6007,50690.3,50693.0,50685.0,50694.0,50694.0,50685.0,50693.0,50689.0,50692.0,50694.0,50684.0
6008,50690.3,50693.0,50685.0,50694.0,50694.0,50685.0,50693.0,50689.0,50692.0,50694.0,50684.0
6009,50690.3,50693.0,50685.0,50694.0,50694.0,50685.0,50693.0,50689.0,50692.0,50694.0,50684.0
6010,50690.3,50693.0,50685.0,50694.0,50694.0,50685.0,50693.0,50689.0,50692.0,50694.0,50684.0
6011,50690.3,50693.0,50685.0,50694.0,50694.0,50685.0,50693.0,50689.0,50692.0,50694.0,50684.0
6012,50690.3,50693.0,50685.0,50694.0,50694.0,50685.0,50693.0,50689.0,50692.0,50694.0,50684.0
6013,50690.3,50693.0,50685.0,50694.0,50694.0,50685.0,50693.0,50689.0,50692.0,50694.0,50684.0
6014,50690.3,50693.0,50685.0,50694.0,50694.0,50685.0,50693.0,50689.0,50692.0,50694.0,50684.0
6015,50690.3,50693.0,50685.0,50694.0,50694.0,50685.0,50693.0,50689.0,50692.0,50694.0,50684.0
6016,50690.3,50693.0,50685.0,50694.0,50694.0,50685.0,50693.0,50689.0,50692.0,50694.0,50684.0
6017,50690.3,50693.0,50685.0,50694.0,50694.0,50685.0,50693.0,50689.0,50692.0,50694.0,50684.0
6018,50690.3,50693.0,50685.0,50694.0,50694.0,50685.0,50693.0,50689.0,50692.0,50694.0,50684.0
6019,50690.3,50693.0,50685.0,50694.0,50694.0,50685.0,50693.0,50689.0,50692.0,50694.0,50684.0
6020,50690.3,50693.0,50685.0,50694.0,50694.0,50685.0,50693.0,50689.0,50692.0,50694.0,50684.0
6021,50690.3,50693.0,50685.0,50694.0,50694.0,50685.0,50693.0,50689.0,50692.0,50694.0,50684.0
6022,50690.3,50693.0,50685.0,50694.0,50694.0,50685.0,50693.0,50689.0,50692.0,50694.0,50684.0
6023,50690.3,50693.0,50685.0,50694.0,50694.0,50685.0,50693.0,50689.0,50692.0,50694.0,50684.0
6024,50690.3,50693.0,50685.0,50694.0,50694.0,50685.0,50693.0,50689.0,50692.0,50694.0,50684.0
6025,50690.3,50693.0,50685.0,50694.0,50694.0,50685.0,50693.0,50689.0,50692.0,50694.0,50684.0
6026,50690.3,50693.0,50685.0,50694.0,50694.0,50685.0,50693.0,50689.0,50692.0,50694.0,50684.0
6027,50690.3,50693.0,50685.0,50694.0,50694.0,50685.0,50693.0,50689.0,50692.0,50694.0,50684.0
6028,50690.3,50693.0,50685.0,50694.0,50694.0,50685.0,50693.0,50689.0,50692.0,50694.0,50684.0
6029,50690.3,50693.0,50685.0,50694.0,50694.0,50685.0,50693.0,50689.0,50692.0,50694.0,50684.0
6030,50690.3,50693.0,50685.0,50694.0,50694.0,50685.0,50693.0,50689.0,50692.0,50694.0,50684.0
6031,50690.3,50693.0,50685.0,50694.0,50694.0,50685.0,50693.0,50689.0,50692.0,50694.0,50684.0
6032,50690.3,50693.0,50685.0,50694.0,50694.0,50685.0,50693.0,50689.0,50692.0,50694.0,50684.0
6033,50690.3,50693.0,50685.0,50694.0,50694.0,50685.0,50693.0,50689.0,50692.0,50694.0,50684.0
6034,50690.3,50693.0,50685.0,50694.0,50694.0,50685.0,50693.0,50689.0,50692.0,50694.0,50684.0
6035,50690.3,50693.0,50685.0,50694.0,50694.0,50685.0,50693.0,50689.0,50692.0,50694.0,50684.0
6036,50690.3,50693.0,50685.0,50694.0,50694.0,50685.0,50693.0,50689.0,50692.0,50694.0,50684.0
6037,50690.3,50693.0,50685.0,50694.0,50694.0,50685.0,50693.0,50689.0,50692.0,50694.0,50684.0
6038,50690.3,50693.0,50685.0,50694.0,50694.0,50685.0,50693.0,50689.0,50692.0,50694.0,50684.0
6039,50690.3,50693.0,50685.0,50694.0,50694.0,50685.0,50693.0,50689.0,50692.0,50694.0,50684.0
6040,50690.3,50693.0,50685.0,50694.0,50694.0,50685.0,50693.0,50689.0,50692.0,50694.0,50684.0
6041,50690.3,50693.0,50685.0,50694.0,50694.0,50685.0,50693.0,50689.0,50692.0,50694.0,50684.0
6042,50690.3,50693.0,50685.0,50694.0,50694.0,50685.0,50693.0,50689.0,50692.0,50694.0,50684.0
6043,50690.3,50693.0,50685.0,50694.0,50694.0,50685.0,50693.0,50689.0,50692.0,50694.0,50684.0
6044,50690.3,50693.0,50685.0,50694.0,50694.0,50685.0,50693.0,50689.0,50692.0,50694.0,50684.0
6045,50690.3,50693.0,50685.0,50694.0,50694.0,50685.0,50693.0,50689.0,50692.0,50694.0,50684.0
6046,50690.3,50693.0,50685.0,50694.0,50694.0,50685.0,50693.0,50689.0,50692.0,50694.0,50684.0
6047,50690.3,50693.0,50685.0,50694.0,50694.0,50685.0,50693.0,50689.0,50692.0,50694.0,50684.0
6048,50690.3,50693.0,50685.0,50694.0,50694.0,50685.0,50693.0,50689.0,50692.0,50694.0,50684.0
6049,50690.3,50693.0,50685.0,50694.0,50694.0,50685.0,50693.0,50689.0,50692.0,50694.0,50684.0
6050,50690.3,50693.0,50685.0,50694.0,50694.0,50685.0,50693.0,50689.0,50692.0,50694.0,50684.0
6051,50690.3,50693.0,50685.0,50694.0,50694.0,50685.0,50693.0,50689.0,50692.0,50694.0,50684.0
6052,50690.3,50693.0,50685.0,50694.0,50694.0,50685.0,50693.0,50689.0,50692.0,50694.0,50684.0
6053,50690.3,50693.0,50685.0,50694.0,50694.0,50685.0,50693.0,50689.0,50692.0,50694.0,50684.0
6054,50690.3,50693.0,50685.0,50694.0,50694.0,50685.0,50693.0,50689.0,50692.0,50694.0,50684.0
6055,50690.3,50693.0,50685.0,50694.0,50694.0,50685.0,50693.0,50689.0,50692.0,50694.0,50684.0
6056,50690.3,50693.0,50685.0,50694.0,50694.0,50685.0,50693.0,50689.0,50692.0,50694.0,50684.0
6057,50690.3,50693.0,50685.0,50694.0,50694.0,50685.0,50693.0,50689.0,50692.0,50694.0,50684.0
6058,50690.3,50693.0,50685.0,50694.0,50694.0,50685.0,50693.0,50689.0,50692.0,50694.0,50684.0
6059,50690.3,50693.0,50685.0,50694.0,50694.0,50685.0,50693.0,50689.0,50692.0,50694.0,50684.0
6060,50690.3,50693.0,50685.0,50694.0,50694.0,50685.0,50693.0,50689.0,50692.0,50694.0,50684.0
6061,50690.3,50693.0,50685.0,50694.0,50694.0,50685.0,50693.0,50689.0,50692.0,50694.0,50684.0
6062,50690.3,50693.0,50685.0,50694.0,50694.0,50685.0,50693.0,50689.0,50692.0,50694.0,50684.0
6063,50690.3,50693.0,50685.0,50694.0,50694.0,50685.0,50693.0,50689.0,50692.0,50694.0,50684.0
6064,50690.3,50693.0,50685.0,50694.0,50694.0,50685.0,50693.0,50689.0,50692.0,50694.0,50684.0
6065,50690.3,50693.0,50685.0,50694.0,50694.0,50685.0,50693.0,50689.0,50692.0,50694.0,50684.0
6066,50690.3,50693.0,50685.0,50694.0,50694.0,50685.0,50693.0,50689.0,50692.0,50694.0,50684.0
6067,50690.3,50693.0,50685.0,50694.0,50694.0,50685.0,50693.0,50689.0,50692.0,50694.0,50684.0
6068,50690.3,50693.0,50685.0,50694.0,50694.0,50685.0,50693.0,50689.0,50692.0,50694.0,50684.0
6069,50690.3,50693.0,50685.0,50694.0,50694.0,50685.0,50693.0,50689.0,50692.0,50694.0,50684.0
6070,50690.3,50693.0,50685.0,50694.0,50694.0,50685.0,50693.0,50689.0,50692.0,50694.0,50684.0
6071,50690.3,50693.0,50685.0,50694.0,50694.0,50685.0,50693.0,50689.0,50692.0,50694.0,50684.0
6072,50690.3,50693.0,50685.0,50694.0,50694.0,50685.0,50693.0,50689.0,50692.0,50694.0,50684.0
6073,50690.3,50693.0,50685.0,50694.0,50694.0,50685.0,50693.0,50689.0,50692.0,50694.0,50684.0
6074,50690.3,50693.0,50685.0,50694.0,50694.0,50685.0,50693.0,50689.0,50692.0,50694.0,50684.0
6075,50690.3,50693.0,50685.0,50694.0,50694.0,50685.0,50693.0,50689.0,50692.0,50694.0,50684.0
6076,50690.3,50693.0,50685.0,50694.0,50694.0,50685.0,50693.0,50689.0,50692.0,50694.0,50684.0
6077,50690.3,50693.0,50685.0,50694.0,50694.0,50685.0,50693.0,50689.0,50692.0,50694.0,50684.0
6078,50690.3,50693.0,50685.0,50694.0,50694.0,50685.0,50693.0,50689.0,50692.0,50694.0,50684.0
6079,50690.3,50693.0,50685.0,50694.0,50694.0,50685.0,50693.0,50689.0,50692.0,50694.0,50684.0
6080,50690.3,50693.0,50685.0,50694.0,50694.0,50685.0,50693.0,50689.0,50692.0,50694.0,50684.0
6081,50690.3,50693.0,50685.0,50694.0,50694.0,50685.0,50693.0,50689.0,50692.0,50694.0,50684.0
6082,50690.3,50693.0,50685.0,50694.0,50694.0,50685.0,50693.0,50689.0,50692.0,50694.0,50684.0
6083,50690.3,50693.0,50685.0,50694.0,50694.0,50685.0,50693.0,50689.0,50692.0,50694.0,50684.0
6084,50690.3,50693.0,50685.0,50694.0,50694.0,50685.0,50693.0,50689.0,50692.0,50694.0,50684.0
6085,50690.3,50693.0,50685.0,50694.0,50694.0,50685.0,50693.0,50689.0,50692.0,50694.0,50684.0
6086,50690.3,50693.0,50685.0,50694.0,50694.0,50685.0,50693.0,50689.0,50692.0,50694.0,50684.0
6087,50690.3,50693.0,50685.0,50694.0,50694.0,50685.0,50693.0,50689.0,50692.0,50694.0,50684.0
6088,50690.3,50693.0,50685.0,50694.0,50694.0,50685.0,50693.0,50689.0,50692.0,50694.0,50684.0
6089,50690.3,50693.0,50685.0,50694.0,50694.0,50685.0,50693.0,50689.0,50692.0,50694.0,50684.0
6090,50690.3,50693.0,50685.0,50694.0,50694.0,50685.0,50693.0,50689.0,50692.0,50694.0,50684.0
6091,50690.3,50693.0,50685.0,50694.0,50694.0,50685.0,50693.0,50689.0,50692.0,50694.0,50684.0
6092,50690.3,50693.0,50685.0,50694.0,50694.0,50685.0,50693.0,50689.0,50692.0,50694.0,50684.0
6093,50690.3,50693.0,50685.0,50694.0,50694.0,50685.0,50693.0,50689.0,50692.0,50694.0,50684.0
6094,50690.3,50693.0,50685.0,50694.0,50694.0,50685.0,50693.0,50689.0,50692.0,50694.0,50684.0
6095,50690.3,50693.0,50685.0,50694.0,50694.0,50685.0,50693.0,50689.0,50692.0,50694.0,50684.0
6096,50690.3,50693.0,50685.0,50694.0,50694.0,50685.0,50693.0,50689.0,50692.0,50694.0,50684.0
6097,50690.3,50693.0,50685.0,50694.0,50694.0,50685.0,50693.0,50689.0,50692.0,50694.0,50684.0
6098,50690.3,50693.0,50685.0,50694.0,50694.0,50685.0,50693.0,50689.0,50692.0,50694.0,50684.0
6099,50690.3,50693.0,50685.0,50694.0,50694.0,50685.0,50693.0,50689.0,50692.0,50694.0,50684.0
6100,50690.3,50693.0,50685.0,50694.0,50694.0,50685.0,50693.0,50689.0,50692.0,50694.0,50684.0
6101,50690.3,50693.0,50685.0,50694.0,50694.0,50685.0,50693.0,50689.0,50692.0,50694.0,50684.0
6102,50690.3,50693.0,50685.0,50694.0,50694.0,50685.0,50693.0,50689.0,50692.0,50694.0,50684.0
6103,50690.3,50693.0,50685.0,50694.0,50694.0,50685.0,50693.0,50689.0,50692.0,50694.0,50684.0
6104,50690.3,50693.0,50685.0,50694.0,50694.0,50685.0,50693.0,50689.0,50692.0,50694.0,50684.0
6105,50690.3,50693.0,50685.0,50694.0,50694.0,50685.0,50693.0,50689.0,50692.0,50694.0,50684.0
6106,50690.3,50693.0,50685.0,50694.0,50694.0,50685.0,50693.0,50689.0,50692.0,50694.0,50684.0
6107,50690.3,50693.0,50685.0,50694.0,50694.0,50685.0,50693.0,50689.0,50692.0,50694.0,50684.0
6108,50690.3,50693.0,50685.0,50694.0,50694.0,50685.0,50693.0,50689.0,50692.0,50694.0,50684.0
6109,50690.3,50693.0,50685.0,50694.0,50694.0,50685.0,50693.0,50689.0,50692.0,50694.0,50684.0
6110,50690.3,50693.0,50685.0,50694.0,50694.0,50685.0,50693.0,50689.0,50692.0,50694.0,50684.0
6111,50690.3,50693.0,50685.0,50694.0,50694.0,50685.0,50693.0,50689.0,50692.0,50694.0,50684.0
6112,50690.3,50693.0,50685.0,50694.0,50694.0,50685.0,50693.0,50689.0,50692.0,50694.0,50684.0
6113,50690.3,50693.0,50685.0,50694.0,50694.0,50685.0,50693.0,50689.0,50692.0,50694.0,50684.0
6114,50690.3,50693.0,50685.0,50694.0,50694.0,50685.0,50693.0,50689.0,50692.0,50694.0,50684.0
6115,50690.3,50693.0,50685.0,50694.0,50694.0,50685.0,50693.0,50689.0,50692.0,50694.0,50684.0
6116,50690.3,50693.0,50685.0,50694.0,50694.0,50685.0,50693.0,50689.0,50692.0,50694.0,50684.0
6117,50690.3,50693.0,50685.0,50694.0,50694.0,50685.0,50693.0,50689.0,50692.0,50694.0,50684.0
6118,50690.3,50693.0,50685.0,50694.0,50694.0,50685.0,50693.0,50689.0,50692.0,50694.0,50684.0
6119,50690.3,50693.0,50685.0,50694.0,50694.0,50685.0,50693.0,50689.0,50692.0,50694.0,50684.0
6120,50690.3,50693.0,50685.0,50694.0,50694.0,50685.0,50693.0,50689.0,50692.0,50694.0,50684.0
6121,50690.3,50693.0,50685.0,50694.0,50694.0,50685.0,50693.0,50689.0,50692.0,50694.0,50684.0
6122,50690.3,50693.0,50685.0,50694.0,50694.0,50685.0,50693.0,50689.0,50692.0,50694.0,50684.0
6123,50690.3,50693.0,50685.0,50694.0,50694.0,50685.0,50693.0,50689.0,50692.0,50694.0,50684.0
6124,50690.3,50693.0,50685.0,50694.0,50694.0,50685.0,50693.0,50689.0,50692.0,50694.0,50684.0
6125,50690.3,50693.0,50685.0,50694.0,50694.0,50685.0,50693.0,50689.0,50692.0,50694.0,50684.0
6126,50690.3,50693.0,50685.0,50694.0,50694.0,50685.0,50693.0,50689.0,50692.0,50694.0,50684.0
6127,50690.3,50693.0,50685.0,50694.0,50694.0,50685.0,50693.0,50689.0,50692.0,50694.0,50684.0
6128,50690.3,50693.0,50685.0,50694.0,50694.0,50685.0,50693.0,50689.0,50692.0,50694.0,50684.0
6129,50690.3,50693.0,50685.0,50694.0,50694.0,50685.0,50693.0,50689.0,50692.0,50694.0,50684.0
6130,50690.3,50693.0,50685.0,50694.0,50694.0,50685.0,50693.0,50689.0,50692.0,50694.0,50684.0
6131,50690.3,50693.0,50685.0,50694.0,50694.0,50685.0,50693.0,50689.0,50692.0,50694.0,50684.0
6132,50690.3,50693.0,50685.0,50694.0,50694.0,50685.0,50693.0,50689.0,50692.0,50694.0,50684.0
6133,50690.3,50693.0,50685.0,50694.0,50694.0,50685.0,50693.0,50689.0,50692.0,50694.0,50684.0
6134,50690.3,50693.0,50685.0,50694.0,50694.0,50685.0,50693.0,50689.0,50692.0,50694.0,50684.0
6135,50690.3,50693.0,50685.0,50694.0,50694.0,50685.0,50693.0,50689.0,50692.0,50694.0,50684.0
6136,50690.3,50693.0,50685.0,50694.0,50694.0,50685.0,50693.0,50689.0,50692.0,50694.0,50684.0
6137,50690.3,50693.0,50685.0,50694.0,50694.0,50685.0,50693.0,50689.0,50692.0,50694.0,50684.0
6138,50690.3,50693.0,50685.0,50694.0,50694.0,50685.0,50693.0,50689.0,50692.0,50694.0,50684.0
6139,50690.3,50693.0,50685.0,50694.0,50694.0,50685.0,50693.0,50689.0,50692.0,50694.0,50684.0
6140,50690.3,50693.0,50685.0,50694.0,50694.0,50685.0,50693.0,50689.0,50692.0,50694.0,50684.0
6141,50690.3,50693.0,50685.0,50694.0,50694.0,50685.0,50693.0,50689.0,50692.0,50694.0,50684.0
6142,50690.3,50693.0,50685.0,50694.0,50694.0,50685.0,50693.0,50689.0,50692.0,50694.0,50684.0
6143,50690.3,50693.0,50685.0,50694.0,50694.0,50685.0,50693.0,50689.0,50692.0,50694.0,50684.0
6144,50690.3,50693.0,50685.0,50694.0,50694.0,50685.0,50693.0,50689.0,50692.0,50694.0,50684.0
6145,50690.3,50693.0,50685.0,50694.0,50694.0,50685.0,50693.0,50689.0,50692.0,50694.0,50684.0
6146,50690.3,50693.0,50685.0,50694.0,50694.0,50685.0,50693.0,50689.0,50692.0,50694.0,50684.0
6147,50690.3,50693.0,50685.0,50694.0,50694.0,50685.0,50693.0,50689.0,50692.0,50694.0,50684.0
6148,50690.3,50693.0,50685.0,50694.0,50694.0,50685.0,50693.0,50689.0,50692.0,50694.0,50684.0
6149,50690.3,50693.0,50685.0,50694.0,50694.0,50685.0,50693.0,50689.0,50692.0,50694.0,50684.0
6150,50690.3,50693.0,50685.0,50694.0,50694.0,50685.0,50693.0,50689.0,50692.0,50694.0,50684.0
6151,50690.3,50693.0,50685.0,50694.0,50694.0,50685.0,50693.0,50689.0,50692.0,50694.0,50684.0
6152,50690.3,50693.0,50685.0,50694.0,50694.0,50685.0,50693.0,50689.0,50692.0,50694.0,50684.0
6153,50690.3,50693.0,50685.0,50694.0,50694.0,50685.0,50693.0,50689.0,50692.0,50694.0,50684.0
6154,50690.3,50693.0,50685.0,50694.0,50694.0,50685.0,50693.0,50689.0,50692.0,50694.0,50684.0
6155,50690.3,50693.0,50685.0,50694.0,50694.0,50685.0,50693.0,50689.0,50692.0,50694.0,50684.0
6156,50690.3,50693.0,50685.0,50694.0,50694.0,50685.0,50693.0,50689.0,50692.0,50694.0,50684.0
6157,50690.3,50693.0,50685.0,50694.0,50694.0,50685.0,50693.0,50689.0,50692.0,50694.0,50684.0
6158,50690.3,50693.0,50685.0,50694.0,50694.0,50685.0,50693.0,50689.0,50692.0,50694.0,50684.0
6159,50690.3,50693.0,50685.0,50694.0,50694.0,50685.0,50693.0,50689.0,50692.0,50694.0,50684.0
6160,50690.3,50693.0,50685.0,50694.0,50694.0,50685.0,50693.0,50689.0,50692.0,50694.0,50684.0
6161,50690.3,50693.0,50685.0,50694.0,50694.0,50685.0,50693.0,50689.0,50692.0,50694.0,50684.0
6162,50690.3,50693.0,50685.0,50694.0,50694.0,50685.0,50693.0,50689.0,50692.0,50694.0,50684.0
6163,50690.3,50693.0,50685.0,50694.0,50694.0,50685.0,50693.0,50689.0,50692.0,50694.0,50684.0
6164,50690.3,50693.0,50685.0,50694.0,50694.0,50685.0,50693.0,50689.0,50692.0,50694.0,50684.0
6165,50690.3,50693.0,50685.0,50694.0,50694.0,50685.0,50693.0,50689.0,50692.0,50694.0,50684.0
6166,50690.3,50693.0,50685.0,50694.0,50694.0,50685.0,50693.0,50689.0,50692.0,50694.0,50684.0
6167,50690.3,50693.0,50685.0,50694.0,50694.0,50685.0,50693.0,50689.0,50692.0,50694.0,50684.0
6168,50690.3,50693.0,50685.0,50694.0,50694.0,50685.0,50693.0,50689.0,50692.0,50694.0,50684.0
6169,50690.3,50693.0,50685.0,50694.0,50694.0,50685.0,50693.0,50689.0,50692.0,50694.0,50684.0
6170,50690.3,50693.0,50685.0,50694.0,50694.0,50685.0,50693.0,50689.0,50692.0,50694.0,50684.0
6171,50690.3,50693.0,50685.0,50694.0,50694.0,50685.0,50693.0,50689.0,50692.0,50694.0,50684.0
6172,50690.3,50693.0,50685.0,50694.0,50694.0,50685.0,50693.0,50689.0,50692.0,50694.0,50684.0
6173,50690.3,50693.0,50685.0,50694.0,50694.0,50685.0,50693.0,50689.0,50692.0,50694.0,50684.0
6174,50690.3,50693.0,50685.0,50694.0,50694.0,50685.0,50693.0,50689.0,50692.0,50694.0,50684.0
6175,50690.3,50693.0,50685.0,50694.0,50694.0,50685.0,50693.0,50689.0,50692.0,50694.0,50684.0
6176,50690.3,50693.0,50685.0,50694.0,50694.0,50685.0,50693.0,50689.0,50692.0,50694.0,50684.0
6177,50690.3,50693.0,50685.0,50694.0,50694.0,50685.0,50693.0,50689.0,50692.0,50694.0,50684.0
6178,50690.3,50693.0,50685.0,50694.0,50694.0,50685.0,50693.0,50689.0,50692.0,50694.0,50684.0
6179,50690.3,50693.0,50685.0,50694.0,50694.0,50685.0,50693.0,50689.0,50692.0,50694.0,50684.0
6180,50690.3,50693.0,50685.0,50694.0,50694.0,50685.0,50693.0,50689.0,50692.0,50694.0,50684.0
6181,50690.3,50693.0,50685.0,50694.0,50694.0,50685.0,50693.0,50689.0,50692.0,50694.0,50684.0
6182,50690.3,50693.0,50685.0,50694.0,50694.0,50685.0,50693.0,50689.0,50692.0,50694.0,50684.0
6183,50690.3,50693.0,50685.0,50694.0,50694.0,50685.0,50693.0,50689.0,50692.0,50694.0,50684.0
6184,50690.3,50693.0,50685.0,50694.0,50694.0,50685.0,50693.0,50689.0,50692.0,50694.0,50684.0
6185,50690.3,50693.0,50685.0,50694.0,50694.0,50685.0,50693.0,50689.0,50692.0,50694.0,50684.0
6186,50690.3,50693.0,50685.0,50694.0,50694.0,50685.0,50693.0,50689.0,50692.0,50694.0,50684.0
6187,50690.3,50693.0,50685.0,50694.0,50694.0,50685.0,50693.0,50689.0,50692.0,50694.0,50684.0
6188,50690.3,50693.0,50685.0,50694.0,50694.0,50685.0,50693.0,50689.0,50692.0,50694.0,50684.0
6189,50690.3,50693.0,50685.0,50694.0,50694.0,50685.0,50693.0,50689.0,50692.0,50694.0,50684.0
6190,50690.3,50693.0,50685.0,50694.0,50694.0,50685.0,50693.0,50689.0,50692.0,50694.0,50684.0
6191,50690.3,50693.0,50685.0,50694.0,50694.0,50685.0,50693.0,50689.0,50692.0,50694.0,50684.0
6192,50690.3,50693.0,50685.0,50694.0,50694.0,50685.0,50693.0,50689.0,50692.0,50694.0,50684.0
6193,50690.3,50693.0,50685.0,50694.0,50694.0,50685.0,50693.0,50689.0,50692.0,50694.0,50684.0
6194,50690.3,50693.0,50685.0,50694.0,50694.0,50685.0,50693.0,50689.0,50692.0,50694.0,50684.0
6195,50690.3,50693.0,50685.0,50694.0,50694.0,50685.0,50693.0,50689.0,50692.0,50694.0,50684.0
6196,50690.3,50693.0,50685.0,50694.0,50694.0,50685.0,50693.0,50689.0,50692.0,50694.0,50684.0
6197,50690.3,50693.0,50685.0,50694.0,50694.0,50685.0,50693.0,50689.0,50692.0,50694.0,50684.0
6198,50690.3,50693.0,50685.0,50694.0,50694.0,50685.0,50693.0,50689.0,50692.0,50694.0,50684.0
6199,50690.3,50693.0,50685.0,50694.0,50694.0,50685.0,50693.0,50689.0,50692.0,50694.0,50684.0
6200,50690.3,50693.0,50685.0,50694.0,50694.0,50685.0,50693.0,50689.0,50692.0,50694.0,50684.0
6201,50690.3,50693.0,50685.0,50694.0,50694.0,50685.0,50693.0,50689.0,50692.0,50694.0,50684.0
6202,50690.3,50693.0,50685.0,50694.0,50694.0,50685.0,50693.0,50689.0,50692.0,50694.0,50684.0
6203,50690.3,50693.0,50685.0,50694.0,50694.0,50685.0,50693.0,50689.0,50692.0,50694.0,50684.0
6204,50690.3,50693.0,50685.0,50694.0,50694.0,50685.0,50693.0,50689.0,50692.0,50694.0,50684.0
6205,50690.3,50693.0,50685.0,50694.0,50694.0,50685.0,50693.0,50689.0,50692.0,50694.0,50684.0
6206,50690.3,50693.0,50685.0,50694.0,50694.0,50685.0,50693.0,50689.0,50692.0,50694.0,50684.0
6207,50690.3,50693.0,50685.0,50694.0,50694.0,50685.0,50693.0,50689.0,50692.0,50694.0,50684.0
6208,50690.3,50693.0,50685.0,50694.0,50694.0,50685.0,50693.0,50689.0,50692.0,50694.0,50684.0
6209,50690.3,50693.0,50685.0,50694.0,50694.0,50685.0,50693.0,50689.0,50692.0,50694.0,50684.0
6210,50690.3,50693.0,50685.0,50694.0,50694.0,50685.0,50693.0,50689.0,50692.0,50694.0,50684.0
6211,50690.3,50693.0,50685.0,50694.0,50694.0,50685.0,50693.0,50689.0,50692.0,50694.0,50684.0
6212,50690.3,50693.0,50685.0,50694.0,50694.0,50685.0,50693.0,50689.0,50692.0,50694.0,50684.0
6213,50690.3,50693.0,50685.0,50694.0,50694.0,50685.0,50693.0,50689.0,50692.0,50694.0,50684.0
6214,50690.3,50693.0,50685.0,50694.0,50694.0,50685.0,50693.0,50689.0,50692.0,50694.0,50684.0
6215,50690.3,50693.0,50685.0,50694.0,50694.0,50685.0,50693.0,50689.0,50692.0,50694.0,50684.0
6216,50690.3,50693.0,50685.0,50694.0,50694.0,50685.0,50693.0,50689.0,50692.0,50694.0,50684.0
6217,50690.3,50693.0,50685.0,50694.0,50694.0,50685.0,50693.0,50689.0,50692.0,50694.0,50684.0
6218,50690.3,50693.0,50685.0,50694.0,50694.0,50685.0,50693.0,50689.0,50692.0,50694.0,50684.0
6219,50690.3,50693.0,50685.0,50694.0,50694.0,50685.0,50693.0,50689.0,50692.0,50694.0,50684.0
6220,50690.3,50693.0,50685.0,50694.0,50694.0,50685.0,50693.0,50689.0,50692.0,50694.0,50684.0
6221,50690.3,50693.0,50685.0,50694.0,50694.0,50685.0,50693.0,50689.0,50692.0,50694.0,50684.0
6222,50690.3,50693.0,50685.0,50694.0,50694.0,50685.0,50693.0,50689.0,50692.0,50694.0,50684.0
6223,50690.3,50693.0,50685.0,50694.0,50694.0,50685.0,50693.0,50689.0,50692.0,50694.0,50684.0
6224,50690.3,50693.0,50685.0,50694.0,50694.0,50685.0,50693.0,50689.0,50692.0,50694.0,50684.0
6225,50690.3,50693.0,50685.0,50694.0,50694.0,50685.0,50693.0,50689.0,50692.0,50694.0,50684.0
6226,50690.3,50693.0,50685.0,50694.0,50694.0,50685.0,50693.0,50689.0,50692.0,50694.0,50684.0
6227,50690.3,50693.0,50685.0,50694.0,50694.0,50685.0,50693.0,50689.0,50692.0,50694.0,50684.0
6228,50690.3,50693.0,50685.0,50694.0,50694.0,50685.0,50693.0,50689.0,50692.0,50694.0,50684.0
6229,50690.3,50693.0,50685.0,50694.0,50694.0,50685.0,50693.0,50689.0,50692.0,50694.0,50684.0
6230,50690.3,50693.0,50685.0,50694.0,50694.0,50685.0,50693.0,50689.0,50692.0,50694.0,50684.0
6231,50690.3,50693.0,50685.0,50694.0,50694.0,50685.0,50693.0,50689.0,50692.0,50694.0,50684.0
6232,50690.3,50693.0,50685.0,50694.0,50694.0,50685.0,50693.0,50689.0,50692.0,50694.0,50684.0
6233,50690.3,50693.0,50685.0,50694.0,50694.0,50685.0,50693.0,50689.0,50692.0,50694.0,50684.0
6234,50690.3,50693.0,50685.0,50694.0,50694.0,50685.0,50693.0,50689.0,50692.0,50694.0,50684.0
6235,50690.3,50693.0,50685.0,50694.0,50694.0,50685.0,50693.0,50689.0,50692.0,50694.0,50684.0
6236,50690.3,50693.0,50685.0,50694.0,50694.0,50685.0,50693.0,50689.0,50692.0,50694.0,50684.0
6237,50690.3,50693.0,50685.0,50694.0,50694.0,50685.0,50693.0,50689.0,50692.0,50694.0,50684.0
6238,50690.3,50693.0,50685.0,50694.0,50694.0,50685.0,50693.0,50689.0,50692.0,50694.0,50684.0
6239,50690.3,50693.0,50685.0,50694.0,50694.0,50685.0,50693.0,50689.0,50692.0,50694.0,50684.0
6240,50690.3,50693.0,50685.0,50694.0,50694.0,50685.0,50693.0,50689.0,50692.0,50694.0,50684.0
6241,50690.3,50693.0,50685.0,50694.0,50694.0,50685.0,50693.0,50689.0,50692.0,50694.0,50684.0
6242,50690.3,50693.0,50685.0,50694.0,50694.0,50685.0,50693.0,50689.0,50692.0,50694.0,50684.0
6243,50690.3,50693.0,50685.0,50694.0,50694.0,50685.0,50693.0,50689.0,50692.0,50694.0,50684.0
6244,50690.3,50693.0,50685.0,50694.0,50694.0,50685.0,50693.0,50689.0,50692.0,50694.0,50684.0
6245,50690.3,50693.0,50685.0,50694.0,50694.0,50685.0,50693.0,50689.0,50692.0,50694.0,50684.0
6246,50690.3,50693.0,50685.0,50694.0,50694.0,50685.0,50693.0,50689.0,50692.0,50694.0,50684.0
6247,50690.3,50693.0,50685.0,50694.0,50694.0,50685.0,50693.0,50689.0,50692.0,50694.0,50684.0
6248,50690.3,50693.0,50685.0,50694.0,50694.0,50685.0,50693.0,50689.0,50692.0,50694.0,50684.0
6249,50690.3,50693.0,50685.0,50694.0,50694.0,50685.0,50693.0,50689.0,50692.0,50694.0,50684.0
6250,50690.3,50693.0,50685.0,50694.0,50694.0,50685.0,50693.0,50689.0,50692.0,50694.0,50684.0
6251,50690.3,50693.0,50685.0,50694.0,50694.0,50685.0,50693.0,50689.0,50692.0,50694.0,50684.0
6252,50690.3,50693.0,50685.0,50694.0,50694.0,50685.0,50693.0,50689.0,50692.0,50694.0,50684.0
6253,50690.3,50693.0,50685.0,50694.0,50694.0,50685.0,50693.0,50689.0,50692.0,50694.0,50684.0
6254,50690.3,50693.0,50685.0,50694.0,50694.0,50685.0,50693.0,50689.0,50692.0,50694.0,50684.0
6255,50690.3,50693.0,50685.0,50694.0,50694.0,50685.0,50693.0,50689.0,50692.0,50694.0,50684.0
6256,50690.3,50693.0,50685.0,50694.0,50694.0,50685.0,50693.0,50689.0,50692.0,50694.0,50684.0
6257,50690.3,50693.0,50685.0,50694.0,50694.0,50685.0,50693.0,50689.0,50692.0,50694.0,50684.0
6258,50690.3,50693.0,50685.0,50694.0,50694.0,50685.0,50693.0,50689.0,50692.0,50694.0,50684.0
6259,50690.3,50693.0,50685.0,50694.0,50694.0,50685.0,50693.0,50689.0,50692.0,50694.0,50684.0
6260,50690.3,50693.0,50685.0,50694.0,50694.0,50685.0,50693.0,50689.0,50692.0,50694.0,50684.0
6261,50690.3,50693.0,50685.0,50694.0,50694.0,50685.0,50693.0,50689.0,50692.0,50694.0,50684.0
6262,50690.3,50693.0,50685.0,50694.0,50694.0,50685.0,50693.0,50689.0,50692.0,50694.0,50684.0
6263,50690.3,50693.0,50685.0,50694.0,50694.0,50685.0,50693.0,50689.0,50692.0,50694.0,50684.0
6264,50690.3,50693.0,50685.0,50694.0,50694.0,50685.0,50693.0,50689.0,50692.0,50694.0,50684.0
6265,50690.3,50693.0,50685.0,50694.0,50694.0,50685.0,50693.0,50689.0,50692.0,50694.0,50684.0
6266,50690.3,50693.0,50685.0,50694.0,50694.0,50685.0,50693.0,50689.0,50692.0,50694.0,50684.0
6267,50690.3,50693.0,50685.0,50694.0,50694.0,50685.0,50693.0,50689.0,50692.0,50694.0,50684.0
6268,50690.3,50693.0,50685.0,50694.0,50694.0,50685.0,50693.0,50689.0,50692.0,50694.0,50684.0
6269,50690.3,50693.0,50685.0,50694.0,50694.0,50685.0,50693.0,50689.0,50692.0,50694.0,50684.0
6270,50690.3,50693.0,50685.0,50694.0,50694.0,50685.0,50693.0,50689.0,50692.0,50694.0,50684.0
6271,50690.3,50693.0,50685.0,50694.0,50694.0,50685.0,50693.0,50689.0,50692.0,50694.0,50684.0
6272,50690.3,50693.0,50685.0,50694.0,50694.0,50685.0,50693.0,50689.0,50692.0,50694.0,50684.0
6273,50690.3,50693.0,50685.0,50694.0,50694.0,50685.0,50693.0,50689.0,50692.0,50694.0,50684.0
6274,50690.3,50693.0,50685.0,50694.0,50694.0,50685.0,50693.0,50689.0,50692.0,50694.0,50684.0
6275,50690.3,50693.0,50685.0,50694.0,50694.0,50685.0,50693.0,50689.0,50692.0,50694.0,50684.0
6276,50690.3,50693.0,50685.0,50694.0,50694.0,50685.0,50693.0,50689.0,50692.0,50694.0,50684.0
6277,50690.3,50693.0,50685.0,50694.0,50694.0,50685.0,50693.0,50689.0,50692.0,50694.0,50684.0
6278,50690.3,50693.0,50685.0,50694.0,50694.0,50685.0,50693.0,50689.0,50692.0,50694.0,50684.0
6279,50690.3,50693.0,50685.0,50694.0,50694.0,50685.0,50693.0,50689.0,50692.0,50694.0,50684.0
6280,50690.3,50693.0,50685.0,50694.0,50694.0,50685.0,50693.0,50689.0,50692.0,50694.0,50684.0
6281,50690.3,50693.0,50685.0,50694.0,50694.0,50685.0,50693.0,50689.0,50692.0,50694.0,50684.0
6282,50690.3,50693.0,50685.0,50694.0,50694.0,50685.0,50693.0,50689.0,50692.0,50694.0,50684.0
6283,50690.3,50693.0,50685.0,50694.0,50694.0,50685.0,50693.0,50689.0,50692.0,50694.0,50684.0
6284,50690.3,50693.0,50685.0,50694.0,50694.0,50685.0,50693.0,50689.0,50692.0,50694.0,50684.0
6285,50690.3,50693.0,50685.0,50694.0,50694.0,50685.0,50693.0,50689.0,50692.0,50694.0,50684.0
6286,50690.3,50693.0,50685.0,50694.0,50694.0,50685.0,50693.0,50689.0,50692.0,50694.0,50684.0
6287,50690.3,50693.0,50685.0,50694.0,50694.0,50685.0,50693.0,50689.0,50692.0,50694.0,50684.0
6288,50690.3,50693.0,50685.0,50694.0,50694.0,50685.0,50693.0,50689.0,50692.0,50694.0,50684.0
6289,50690.3,50693.0,50685.0,50694.0,50694.0,50685.0,50693.0,50689.0,50692.0,50694.0,50684.0
6290,50690.3,50693.0,50685.0,50694.0,50694.0,50685.0,50693.0,50689.0,50692.0,50694.0,50684.0
6291,50690.3,50693.0,50685.0,50694.0,50694.0,50685.0,50693.0,50689.0,50692.0,50694.0,50684.0
6292,50690.3,50693.0,50685.0,50694.0,50694.0,50685.0,50693.0,50689.0,50692.0,50694.0,50684.0
6293,50690.3,50693.0,50685.0,50694.0,50694.0,50685.0,50693.0,50689.0,50692.0,50694.0,50684.0
6294,50690.3,50693.0,50685.0,50694.0,50694.0,50685.0,50693.0,50689.0,50692.0,50694.0,50684.0
6295,50690.3,50693.0,50685.0,50694.0,50694.0,50685.0,50693.0,50689.0,50692.0,50694.0,50684.0
6296,50690.3,50693.0,50685.0,50694.0,50694.0,50685.0,50693.0,50689.0,50692.0,50694.0,50684.0
6297,50690.3,50693.0,50685.0,50694.0,50694.0,50685.0,50693.0,50689.0,50692.0,50694.0,50684.0
6298,50690.3,50693.0,50685.0,50694.0,50694.0,50685.0,50693.0,50689.0,50692.0,50694.0,50684.0
6299,50690.3,50693.0,50685.0,50694.0,50694.0,50685.0,50693.0,50689.0,50692.0,50694.0,50684.0
6300,50690.3,50693.0,50685.0,50694.0,50694.0,50685.0,50693.0,50689.0,50692.0,50694.0,50684.0
6301,50690.3,50693.0,50685.0,50694.0,50694.0,50685.0,50693.0,50689.0,50692.0,50694.0,50684.0
6302,50690.3,50693.0,50685.0,50694.0,50694.0,50685.0,50693.0,50689.0,50692.0,50694.0,50684.0
6303,50690.3,50693.0,50685.0,50694.0,50694.0,50685.0,50693.0,50689.0,50692.0,50694.0,50684.0
6304,50690.3,50693.0,50685.0,50694.0,50694.0,50685.0,50693.0,50689.0,50692.0,50694.0,50684.0
6305,50690.3,50693.0,50685.0,50694.0,50694.0,50685.0,50693.0,50689.0,50692.0,50694.0,50684.0
6306,50690.3,50693.0,50685.0,50694.0,50694.0,50685.0,50693.0,50689.0,50692.0,50694.0,50684.0
6307,50690.3,50693.0,50685.0,50694.0,50694.0,50685.0,50693.0,50689.0,50692.0,50694.0,50684.0
6308,50690.3,50693.0,50685.0,50694.0,50694.0,50685.0,50693.0,50689.0,50692.0,50694.0,50684.0
6309,50690.3,50693.0,50685.0,50694.0,50694.0,50685.0,50693.0,50689.0,50692.0,50694.0,50684.0
6310,50690.3,50693.0,50685.0,50694.0,50694.0,50685.0,50693.0,50689.0,50692.0,50694.0,50684.0
6311,50690.3,50693.0,50685.0,50694.0,50694.0,50685.0,50693.0,50689.0,50692.0,50694.0,50684.0
6312,50690.3,50693.0,50685.0,50694.0,50694.0,50685.0,50693.0,50689.0,50692.0,50694.0,50684.0
6313,50690.3,50693.0,50685.0,50694.0,50694.0,50685.0,50693.0,50689.0,50692.0,50694.0,50684.0
6314,50690.3,50693.0,50685.0,50694.0,50694.0,50685.0,50693.0,50689.0,50692.0,50694.0,50684.0
6315,50690.3,50693.0,50685.0,50694.0,50694.0,50685.0,50693.0,50689.0,50692.0,50694.0,50684.0
6316,50690.3,50693.0,50685.0,50694.0,50694.0,50685.0,50693.0,50689.0,50692.0,50694.0,50684.0
6317,50690.3,50693.0,50685.0,50694.0,50694.0,50685.0,50693.0,50689.0,50692.0,50694.0,50684.0
6318,50690.3,50693.0,50685.0,50694.0,50694.0,50685.0,50693.0,50689.0,50692.0,50694.0,50684.0
6319,50690.3,50693.0,50685.0,50694.0,50694.0,50685.0,50693.0,50689.0,50692.0,50694.0,50684.0
6320,50690.3,50693.0,50685.0,50694.0,50694.0,50685.0,50693.0,50689.0,50692.0,50694.0,50684.0
6321,50690.3,50693.0,50685.0,50694.0,50694.0,50685.0,50693.0,50689.0,50692.0,50694.0,50684.0
6322,50690.3,50693.0,50685.0,50694.0,50694.0,50685.0,50693.0,50689.0,50692.0,50694.0,50684.0
6323,50690.3,50693.0,50685.0,50694.0,50694.0,50685.0,50693.0,50689.0,50692.0,50694.0,50684.0
6324,50690.3,50693.0,50685.0,50694.0,50694.0,50685.0,50693.0,50689.0,50692.0,50694.0,50684.0
6325,50690.3,50693.0,50685.0,50694.0,50694.0,50685.0,50693.0,50689.0,50692.0,50694.0,50684.0
6326,50690.3,50693.0,50685.0,50694.0,50694.0,50685.0,50693.0,50689.0,50692.0,50694.0,50684.0
6327,50690.3,50693.0,50685.0,50694.0,50694.0,50685.0,50693.0,50689.0,50692.0,50694.0,50684.0
6328,50690.3,50693.0,50685.0,50694.0,50694.0,50685.0,50693.0,50689.0,50692.0,50694.0,50684.0
6329,50690.3,50693.0,50685.0,50694.0,50694.0,50685.0,50693.0,50689.0,50692.0,50694.0,50684.0
6330,50690.3,50693.0,50685.0,50694.0,50694.0,50685.0,50693.0,50689.0,50692.0,50694.0,50684.0
6331,50690.3,50693.0,50685.0,50694.0,50694.0,50685.0,50693.0,50689.0,50692.0,50694.0,50684.0
6332,50690.3,50693.0,50685.0,50694.0,50694.0,50685.0,50693.0,50689.0,50692.0,50694.0,50684.0
6333,50690.3,50693.0,50685.0,50694.0,50694.0,50685.0,50693.0,50689.0,50692.0,50694.0,50684.0
6334,50690.3,50693.0,50685.0,50694.0,50694.0,50685.0,50693.0,50689.0,50692.0,50694.0,50684.0
6335,50690.3,50693.0,50685.0,50694.0,50694.0,50685.0,50693.0,50689.0,50692.0,50694.0,50684.0
6336,50690.3,50693.0,50685.0,50694.0,50694.0,50685.0,50693.0,50689.0,50692.0,50694.0,50684.0
6337,50690.3,50693.0,50685.0,50694.0,50694.0,50685.0,50693.0,50689.0,50692.0,50694.0,50684.0
6338,50690.3,50693.0,50685.0,50694.0,50694.0,50685.0,50693.0,50689.0,50692.0,50694.0,50684.0
6339,50690.3,50693.0,50685.0,50694.0,50694.0,50685.0,50693.0,50689.0,50692.0,50694.0,50684.0
6340,50690.3,50693.0,50685.0,50694.0,50694.0,50685.0,50693.0,50689.0,50692.0,50694.0,50684.0
6341,50690.3,50693.0,50685.0,50694.0,50694.0,50685.0,50693.0,50689.0,50692.0,50694.0,50684.0
6342,50690.3,50693.0,50685.0,50694.0,50694.0,50685.0,50693.0,50689.0,50692.0,50694.0,50684.0
6343,50690.3,50693.0,50685.0,50694.0,50694.0,50685.0,50693.0,50689.0,50692.0,50694.0,50684.0
6344,50690.3,50693.0,50685.0,50694.0,50694.0,50685.0,50693.0,50689.0,50692.0,50694.0,50684.0
6345,50690.3,50693.0,50685.0,50694.0,50694.0,50685.0,50693.0,50689.0,50692.0,50694.0,50684.0
6346,50690.3,50693.0,50685.0,50694.0,50694.0,50685.0,50693.0,50689.0,50692.0,50694.0,50684.0
6347,50690.3,50693.0,50685.0,50694.0,50694.0,50685.0,50693.0,50689.0,50692.0,50694.0,50684.0
6348,50690.3,50693.0,50685.0,50694.0,50694.0,50685.0,50693.0,50689.0,50692.0,50694.0,50684.0
6349,50690.3,50693.0,50685.0,50694.0,50694.0,50685.0,50693.0,50689.0,50692.0,50694.0,50684.0
6350,50690.3,50693.0,50685.0,50694.0,50694.0,50685.0,50693.0,50689.0,50692.0,50694.0,50684.0
6351,50690.3,50693.0,50685.0,50694.0,50694.0,50685.0,50693.0,50689.0,50692.0,50694.0,50684.0
6352,50690.3,50693.0,50685.0,50694.0,50694.0,50685.0,50693.0,50689.0,50692.0,50694.0,50684.0
6353,50690.3,50693.0,50685.0,50694.0,50694.0,50685.0,50693.0,50689.0,50692.0,50694.0,50684.0
6354,50690.3,50693.0,50685.0,50694.0,50694.0,50685.0,50693.0,50689.0,50692.0,50694.0,50684.0
6355,50690.3,50693.0,50685.0,50694.0,50694.0,50685.0,50693.0,50689.0,50692.0,50694.0,50684.0
6356,50690.3,50693.0,50685.0,50694.0,50694.0,50685.0,50693.0,50689.0,50692.0,50694.0,50684.0
6357,50690.3,50693.0,50685.0,50694.0,50694.0,50685.0,50693.0,50689.0,50692.0,50694.0,50684.0
6358,50690.3,50693.0,50685.0,50694.0,50694.0,50685.0,50693.0,50689.0,50692.0,50694.0,50684.0
6359,50690.3,50693.0,50685.0,50694.0,50694.0,50685.0,50693.0,50689.0,50692.0,50694.0,50684.0
6360,50690.3,50693.0,50685.0,50694.0,50694.0,50685.0,50693.0,50689.0,50692.0,50694.0,50684.0
6361,50690.3,50693.0,50685.0,50694.0,50694.0,50685.0,50693.0,50689.0,50692.0,50694.0,50684.0
6362,50690.3,50693.0,50685.0,50694.0,50694.0,50685.0,50693.0,50689.0,50692.0,50694.0,50684.0
6363,50690.3,50693.0,50685.0,50694.0,50694.0,50685.0,50693.0,50689.0,50692.0,50694.0,50684.0
6364,50690.3,50693.0,50685.0,50694.0,50694.0,50685.0,50693.0,50689.0,50692.0,50694.0,50684.0
6365,50690.3,50693.0,50685.0,50694.0,50694.0,50685.0,50693.0,50689.0,50692.0,50694.0,50684.0
6366,50690.3,50693.0,50685.0,50694.0,50694.0,50685.0,50693.0,50689.0,50692.0,50694.0,50684.0
6367,50690.3,50693.0,50685.0,50694.0,50694.0,50685.0,50693.0,50689.0,50692.0,50694.0,50684.0
6368,50690.3,50693.0,50685.0,50694.0,50694.0,50685.0,50693.0,50689.0,50692.0,50694.0,50684.0
6369,50690.3,50693.0,50685.0,50694.0,50694.0,50685.0,50693.0,50689.0,50692.0,50694.0,50684.0
6370,50690.3,50693.0,50685.0,50694.0,50694.0,50685.0,50693.0,50689.0,50692.0,50694.0,50684.0
6371,50690.3,50693.0,50685.0,50694.0,50694.0,50685.0,50693.0,50689.0,50692.0,50694.0,50684.0
6372,50690.3,50693.0,50685.0,50694.0,50694.0,50685.0,50693.0,50689.0,50692.0,50694.0,50684.0
6373,50690.3,50693.0,50685.0,50694.0,50694.0,50685.0,50693.0,50689.0,50692.0,50694.0,50684.0
6374,50690.3,50693.0,50685.0,50694.0,50694.0,50685.0,50693.0,50689.0,50692.0,50694.0,50684.0
6375,50690.3,50693.0,50685.0,50694.0,50694.0,50685.0,50693.0,50689.0,50692.0,50694.0,50684.0
6376,50690.3,50693.0,50685.0,50694.0,50694.0,50685.0,50693.0,50689.0,50692.0,50694.0,50684.0
6377,50690.3,50693.0,50685.0,50694.0,50694.0,50685.0,50693.0,50689.0,50692.0,50694.0,50684.0
6378,50690.3,50693.0,50685.0,50694.0,50694.0,50685.0,50693.0,50689.0,50692.0,50694.0,50684.0
6379,50690.3,50693.0,50685.0,50694.0,50694.0,50685.0,50693.0,50689.0,50692.0,50694.0,50684.0
6380,50690.3,50693.0,50685.0,50694.0,50694.0,50685.0,50693.0,50689.0,50692.0,50694.0,50684.0
6381,50690.3,50693.0,50685.0,50694.0,50694.0,50685.0,50693.0,50689.0,50692.0,50694.0,50684.0
6382,50690.3,50693.0,50685.0,50694.0,50694.0,50685.0,50693.0,50689.0,50692.0,50694.0,50684.0
6383,50690.3,50693.0,50685.0,50694.0,50694.0,50685.0,50693.0,50689.0,50692.0,50694.0,50684.0
6384,50690.3,50693.0,50685.0,50694.0,50694.0,50685.0,50693.0,50689.0,50692.0,50694.0,50684.0
6385,50690.3,50693.0,50685.0,50694.0,50694.0,50685.0,50693.0,50689.0,50692.0,50694.0,50684.0
6386,50690.3,50693.0,50685.0,50694.0,50694.0,50685.0,50693.0,50689.0,50692.0,50694.0,50684.0
6387,50690.3,50693.0,50685.0,50694.0,50694.0,50685.0,50693.0,50689.0,50692.0,50694.0,50684.0
6388,50690.3,50693.0,50685.0,50694.0,50694.0,50685.0,50693.0,50689.0,50692.0,50694.0,50684.0
6389,50690.3,50693.0,50685.0,50694.0,50694.0,50685.0,50693.0,50689.0,50692.0,50694.0,50684.0
6390,50690.3,50693.0,50685.0,50694.0,50694.0,50685.0,50693.0,50689.0,50692.0,50694.0,50684.0
6391,50690.3,50693.0,50685.0,50694.0,50694.0,50685.0,50693.0,50689.0,50692.0,50694.0,50684.0
6392,50690.3,50693.0,50685.0,50694.0,50694.0,50685.0,50693.0,50689.0,50692.0,50694.0,50684.0
6393,50690.3,50693.0,50685.0,50694.0,50694.0,50685.0,50693.0,50689.0,50692.0,50694.0,50684.0
6394,50690.3,50693.0,50685.0,50694.0,50694.0,50685.0,50693.0,50689.0,50692.0,50694.0,50684.0
6395,50690.3,50693.0,50685.0,50694.0,50694.0,50685.0,50693.0,50689.0,50692.0,50694.0,50684.0
6396,50690.3,50693.0,50685.0,50694.0,50694.0,50685.0,50693.0,50689.0,50692.0,50694.0,50684.0
6397,50690.3,50693.0,50685.0,50694.0,50694.0,50685.0,50693.0,50689.0,50692.0,50694.0,50684.0
6398,50690.3,50693.0,50685.0,50694.0,50694.0,50685.0,50693.0,50689.0,50692.0,50694.0,50684.0
6399,50690.3,50693.0,50685.0,50694.0,50694.0,50685.0,50693.0,50689.0,50692.0,50694.0,50684.0
6400,50690.3,50693.0,50685.0,50694.0,50694.0,50685.0,50693.0,50689.0,50692.0,50694.0,50684.0
6401,50690.3,50693.0,50685.0,50694.0,50694.0,50685.0,50693.0,50689.0,50692.0,50694.0,50684.0
6402,50690.3,50693.0,50685.0,50694.0,50694.0,50685.0,50693.0,50689.0,50692.0,50694.0,50684.0
6403,50690.3,50693.0,50685.0,50694.0,50694.0,50685.0,50693.0,50689.0,50692.0,50694.0,50684.0
6404,50690.3,50693.0,50685.0,50694.0,50694.0,50685.0,50693.0,50689.0,50692.0,50694.0,50684.0
6405,50690.3,50693.0,50685.0,50694.0,50694.0,50685.0,50693.0,50689.0,50692.0,50694.0,50684.0
6406,50690.3,50693.0,50685.0,50694.0,50694.0,50685.0,50693.0,50689.0,50692.0,50694.0,50684.0
6407,50690.3,50693.0,50685.0,50694.0,50694.0,50685.0,50693.0,50689.0,50692.0,50694.0,50684.0
6408,50690.3,50693.0,50685.0,50694.0,50694.0,50685.0,50693.0,50689.0,50692.0,50694.0,50684.0
6409,50690.3,50693.0,50685.0,50694.0,50694.0,50685.0,50693.0,50689.0,50692.0,50694.0,50684.0
6410,50690.3,50693.0,50685.0,50694.0,50694.0,50685.0,50693.0,50689.0,50692.0,50694.0,50684.0
6411,50690.3,50693.0,50685.0,50694.0,50694.0,50685.0,50693.0,50689.0,50692.0,50694.0,50684.0
6412,50690.3,50693.0,50685.0,50694.0,50694.0,50685.0,50693.0,50689.0,50692.0,50694.0,50684.0
6413,50690.3,50693.0,50685.0,50694.0,50694.0,50685.0,50693.0,50689.0,50692.0,50694.0,50684.0
6414,50690.3,50693.0,50685.0,50694.0,50694.0,50685.0,50693.0,50689.0,50692.0,50694.0,50684.0
6415,50690.3,50693.0,50685.0,50694.0,50694.0,50685.0,50693.0,50689.0,50692.0,50694.0,50684.0
6416,50690.3,50693.0,50685.0,50694.0,50694.0,50685.0,50693.0,50689.0,50692.0,50694.0,50684.0
6417,50690.3,50693.0,50685.0,50694.0,50694.0,50685.0,50693.0,50689.0,50692.0,50694.0,50684.0
6418,50690.3,50693.0,50685.0,50694.0,50694.0,50685.0,50693.0,50689.0,50692.0,50694.0,50684.0
6419,50690.3,50693.0,50685.0,50694.0,50694.0,50685.0,50693.0,50689.0,50692.0,50694.0,50684.0
6420,50690.3,50693.0,50685.0,50694.0,50694.0,50685.0,50693.0,50689.0,50692.0,50694.0,50684.0
6421,50690.3,50693.0,50685.0,50694.0,50694.0,50685.0,50693.0,50689.0,50692.0,50694.0,50684.0
6422,50690.3,50693.0,50685.0,50694.0,50694.0,50685.0,50693.0,50689.0,50692.0,50694.0,50684.0
6423,50690.3,50693.0,50685.0,50694.0,50694.0,50685.0,50693.0,50689.0,50692.0,50694.0,50684.0
6424,50690.3,50693.0,50685.0,50694.0,50694.0,50685.0,50693.0,50689.0,50692.0,50694.0,50684.0
6425,50690.3,50693.0,50685.0,50694.0,50694.0,50685.0,50693.0,50689.0,50692.0,50694.0,50684.0
6426,50690.3,50693.0,50685.0,50694.0,50694.0,50685.0,50693.0,50689.0,50692.0,50694.0,50684.0
6427,50690.3,50693.0,50685.0,50694.0,50694.0,50685.0,50693.0,50689.0,50692.0,50694.0,50684.0
6428,50690.3,50693.0,50685.0,50694.0,50694.0,50685.0,50693.0,50689.0,50692.0,50694.0,50684.0
6429,50690.3,50693.0,50685.0,50694.0,50694.0,50685.0,50693.0,50689.0,50692.0,50694.0,50684.0
6430,50690.3,50693.0,50685.0,50694.0,50694.0,50685.0,50693.0,50689.0,50692.0,50694.0,50684.0
6431,50690.3,50693.0,50685.0,50694.0,50694.0,50685.0,50693.0,50689.0,50692.0,50694.0,50684.0
6432,50690.3,50693.0,50685.0,50694.0,50694.0,50685.0,50693.0,50689.0,50692.0,50694.0,50684.0
6433,50690.3,50693.0,50685.0,50694.0,50694.0,50685.0,50693.0,50689.0,50692.0,50694.0,50684.0
6434,50690.3,50693.0,50685.0,50694.0,50694.0,50685.0,50693.0,50689.0,50692.0,50694.0,50684.0
6435,50690.3,50693.0,50685.0,50694.0,50694.0,50685.0,50693.0,50689.0,50692.0,50694.0,50684.0
6436,50690.3,50693.0,50685.0,50694.0,50694.0,50685.0,50693.0,50689.0,50692.0,50694.0,50684.0
6437,50690.3,50693.0,50685.0,50694.0,50694.0,50685.0,50693.0,50689.0,50692.0,50694.0,50684.0
6438,50690.3,50693.0,50685.0,50694.0,50694.0,50685.0,50693.0,50689.0,50692.0,50694.0,50684.0
6439,50690.3,50693.0,50685.0,50694.0,50694.0,50685.0,50693.0,50689.0,50692.0,50694.0,50684.0
6440,50690.3,50693.0,50685.0,50694.0,50694.0,50685.0,50693.0,50689.0,50692.0,50694.0,50684.0
6441,50690.3,50693.0,50685.0,50694.0,50694.0,50685.0,50693.0,50689.0,50692.0,50694.0,50684.0
6442,50690.3,50693.0,50685.0,50694.0,50694.0,50685.0,50693.0,50689.0,50692.0,50694.0,50684.0
6443,50690.3,50693.0,50685.0,50694.0,50694.0,50685.0,50693.0,50689.0,50692.0,50694.0,50684.0
6444,50690.3,50693.0,50685.0,50694.0,50694.0,50685.0,50693.0,50689.0,50692.0,50694.0,50684.0
6445,50690.3,50693.0,50685.0,50694.0,50694.0,50685.0,50693.0,50689.0,50692.0,50694.0,50684.0
6446,50690.3,50693.0,50685.0,50694.0,50694.0,50685.0,50693.0,50689.0,50692.0,50694.0,50684.0
6447,50690.3,50693.0,50685.0,50694.0,50694.0,50685.0,50693.0,50689.0,50692.0,50694.0,50684.0
6448,50690.3,50693.0,50685.0,50694.0,50694.0,50685.0,50693.0,50689.0,50692.0,50694.0,50684.0
6449,50690.3,50693.0,50685.0,50694.0,50694.0,50685.0,50693.0,50689.0,50692.0,50694.0,50684.0
6450,50690.3,50693.0,50685.0,50694.0,50694.0,50685.0,50693.0,50689.0,50692.0,50694.0,50684.0
6451,50690.3,50693.0,50685.0,50694.0,50694.0,50685.0,50693.0,50689.0,50692.0,50694.0,50684.0
6452,50690.3,50693.0,50685.0,50694.0,50694.0,50685.0,50693.0,50689.0,50692.0,50694.0,50684.0
6453,50690.3,50693.0,50685.0,50694.0,50694.0,50685.0,50693.0,50689.0,50692.0,50694.0,50684.0
6454,50690.3,50693.0,50685.0,50694.0,50694.0,50685.0,50693.0,50689.0,50692.0,50694.0,50684.0
6455,50690.3,50693.0,50685.0,50694.0,50694.0,50685.0,50693.0,50689.0,50692.0,50694.0,50684.0
6456,50690.3,50693.0,50685.0,50694.0,50694.0,50685.0,50693.0,50689.0,50692.0,50694.0,50684.0
6457,50690.3,50693.0,50685.0,50694.0,50694.0,50685.0,50693.0,50689.0,50692.0,50694.0,50684.0
6458,50690.3,50693.0,50685.0,50694.0,50694.0,50685.0,50693.0,50689.0,50692.0,50694.0,50684.0
6459,50690.3,50693.0,50685.0,50694.0,50694.0,50685.0,50693.0,50689.0,50692.0,50694.0,50684.0
6460,50690.3,50693.0,50685.0,50694.0,50694.0,50685.0,50693.0,50689.0,50692.0,50694.0,50684.0
6461,50690.3,50693.0,50685.0,50694.0,50694.0,50685.0,50693.0,50689.0,50692.0,50694.0,50684.0
6462,50690.3,50693.0,50685.0,50694.0,50694.0,50685.0,50693.0,50689.0,50692.0,50694.0,50684.0
6463,50690.3,50693.0,50685.0,50694.0,50694.0,50685.0,50693.0,50689.0,50692.0,50694.0,50684.0
6464,50690.3,50693.0,50685.0,50694.0,50694.0,50685.0,50693.0,50689.0,50692.0,50694.0,50684.0
6465,50690.3,50693.0,50685.0,50694.0,50694.0,50685.0,50693.0,50689.0,50692.0,50694.0,50684.0
6466,50690.3,50693.0,50685.0,50694.0,50694.0,50685.0,50693.0,50689.0,50692.0,50694.0,50684.0
6467,50690.3,50693.0,50685.0,50694.0,50694.0,50685.0,50693.0,50689.0,50692.0,50694.0,50684.0
6468,50690.3,50693.0,50685.0,50694.0,50694.0,50685.0,50693.0,50689.0,50692.0,50694.0,50684.0
6469,50690.3,50693.0,50685.0,50694.0,50694.0,50685.0,50693.0,50689.0,50692.0,50694.0,50684.0
6470,50690.3,50693.0,50685.0,50694.0,50694.0,50685.0,50693.0,50689.0,50692.0,50694.0,50684.0
6471,50690.3,50693.0,50685.0,50694.0,50694.0,50685.0,50693.0,50689.0,50692.0,50694.0,50684.0
6472,50690.3,50693.0,50685.0,50694.0,50694.0,50685.0,50693.0,50689.0,50692.0,50694.0,50684.0
6473,50690.3,50693.0,50685.0,50694.0,50694.0,50685.0,50693.0,50689.0,50692.0,50694.0,50684.0
6474,50690.3,50693.0,50685.0,50694.0,50694.0,50685.0,50693.0,50689.0,50692.0,50694.0,50684.0
6475,50690.3,50693.0,50685.0,50694.0,50694.0,50685.0,50693.0,50689.0,50692.0,50694.0,50684.0
6476,50690.3,50693.0,50685.0,50694.0,50694.0,50685.0,50693.0,50689.0,50692.0,50694.0,50684.0
6477,50690.3,50693.0,50685.0,50694.0,50694.0,50685.0,50693.0,50689.0,50692.0,50694.0,50684.0
6478,50690.3,50693.0,50685.0,50694.0,50694.0,50685.0,50693.0,50689.0,50692.0,50694.0,50684.0
6479,50690.3,50693.0,50685.0,50694.0,50694.0,50685.0,50693.0,50689.0,50692.0,50694.0,50684.0
6480,50690.3,50693.0,50685.0,50694.0,50694.0,50685.0,50693.0,50689.0,50692.0,50694.0,50684.0
6481,50690.3,50693.0,50685.0,50694.0,50694.0,50685.0,50693.0,50689.0,50692.0,50694.0,50684.0
6482,50690.3,50693.0,50685.0,50694.0,50694.0,50685.0,50693.0,50689.0,50692.0,50694.0,50684.0
6483,50690.3,50693.0,50685.0,50694.0,50694.0,50685.0,50693.0,50689.0,50692.0,50694.0,50684.0
6484,50690.3,50693.0,50685.0,50694.0,50694.0,50685.0,50693.0,50689.0,50692.0,50694.0,50684.0
6485,50690.3,50693.0,50685.0,50694.0,50694.0,50685.0,50693.0,50689.0,50692.0,50694.0,50684.0
6486,50690.3,50693.0,50685.0,50694.0,50694.0,50685.0,50693.0,50689.0,50692.0,50694.0,50684.0
6487,50690.3,50693.0,50685.0,50694.0,50694.0,50685.0,50693.0,50689.0,50692.0,50694.0,50684.0
6488,50690.3,50693.0,50685.0,50694.0,50694.0,50685.0,50693.0,50689.0,50692.0,50694.0,50684.0
6489,50690.3,50693.0,50685.0,50694.0,50694.0,50685.0,50693.0,50689.0,50692.0,50694.0,50684.0
6490,50690.3,50693.0,50685.0,50694.0,50694.0,50685.0,50693.0,50689.0,50692.0,50694.0,50684.0
6491,50690.3,50693.0,50685.0,50694.0,50694.0,50685.0,50693.0,50689.0,50692.0,50694.0,50684.0
6492,50690.3,50693.0,50685.0,50694.0,50694.0,50685.0,50693.0,50689.0,50692.0,50694.0,50684.0
6493,50690.3,50693.0,50685.0,50694.0,50694.0,50685.0,50693.0,50689.0,50692.0,50694.0,50684.0
6494,50690.3,50693.0,50685.0,50694.0,50694.0,50685.0,50693.0,50689.0,50692.0,50694.0,50684.0
6495,50690.3,50693.0,50685.0,50694.0,50694.0,50685.0,50693.0,50689.0,50692.0,50694.0,50684.0
6496,50690.3,50693.0,50685.0,50694.0,50694.0,50685.0,50693.0,50689.0,50692.0,50694.0,50684.0
6497,50690.3,50693.0,50685.0,50694.0,50694.0,50685.0,50693.0,50689.0,50692.0,50694.0,50684.0
6498,50690.3,50693.0,50685.0,50694.0,50694.0,50685.0,50693.0,50689.0,50692.0,50694.0,50684.0
6499,50690.3,50693.0,50685.0,50694.0,50694.0,50685.0,50693.0,50689.0,50692.0,50694.0,50684.0
6500,50690.3,50693.0,50685.0,50694.0,50694.0,50685.0,50693.0,50689.0,50692.0,50694.0,50684.0
6501,50690.3,50693.0,50685.0,50694.0,50694.0,50685.0,50693.0,50689.0,50692.0,50694.0,50684.0
6502,50690.3,50693.0,50685.0,50694.0,50694.0,50685.0,50693.0,50689.0,50692.0,50694.0,50684.0
6503,50690.3,50693.0,50685.0,50694.0,50694.0,50685.0,50693.0,50689.0,50692.0,50694.0,50684.0
6504,50690.3,50693.0,50685.0,50694.0,50694.0,50685.0,50693.0,50689.0,50692.0,50694.0,50684.0
6505,50690.3,50693.0,50685.0,50694.0,50694.0,50685.0,50693.0,50689.0,50692.0,50694.0,50684.0
6506,50690.3,50693.0,50685.0,50694.0,50694.0,50685.0,50693.0,50689.0,50692.0,50694.0,50684.0
6507,50690.3,50693.0,50685.0,50694.0,50694.0,50685.0,50693.0,50689.0,50692.0,50694.0,50684.0
6508,50690.3,50693.0,50685.0,50694.0,50694.0,50685.0,50693.0,50689.0,50692.0,50694.0,50684.0
6509,50690.3,50693.0,50685.0,50694.0,50694.0,50685.0,50693.0,50689.0,50692.0,50694.0,50684.0
6510,50690.3,50693.0,50685.0,50694.0,50694.0,50685.0,50693.0,50689.0,50692.0,50694.0,50684.0
6511,50690.3,50693.0,50685.0,50694.0,50694.0,50685.0,50693.0,50689.0,50692.0,50694.0,50684.0
6512,50690.3,50693.0,50685.0,50694.0,50694.0,50685.0,50693.0,50689.0,50692.0,50694.0,50684.0
6513,50690.3,50693.0,50685.0,50694.0,50694.0,50685.0,50693.0,50689.0,50692.0,50694.0,50684.0
6514,50690.3,50693.0,50685.0,50694.0,50694.0,50685.0,50693.0,50689.0,50692.0,50694.0,50684.0
6515,50690.3,50693.0,50685.0,50694.0,50694.0,50685.0,50693.0,50689.0,50692.0,50694.0,50684.0
6516,50690.3,50693.0,50685.0,50694.0,50694.0,50685.0,50693.0,50689.0,50692.0,50694.0,50684.0
6517,50690.3,50693.0,50685.0,50694.0,50694.0,50685.0,50693.0,50689.0,50692.0,50694.0,50684.0
6518,50690.3,50693.0,50685.0,50694.0,50694.0,50685.0,50693.0,50689.0,50692.0,50694.0,50684.0
6519,50690.3,50693.0,50685.0,50694.0,50694.0,50685.0,50693.0,50689.0,50692.0,50694.0,50684.0
6520,50690.3,50693.0,50685.0,50694.0,50694.0,50685.0,50693.0,50689.0,50692.0,50694.0,50684.0
6521,50690.3,50693.0,50685.0,50694.0,50694.0,50685.0,50693.0,50689.0,50692.0,50694.0,50684.0
6522,50690.3,50693.0,50685.0,50694.0,50694.0,50685.0,50693.0,50689.0,50692.0,50694.0,50684.0
6523,50690.3,50693.0,50685.0,50694.0,50694.0,50685.0,50693.0,50689.0,50692.0,50694.0,50684.0
6524,50690.3,50693.0,50685.0,50694.0,50694.0,50685.0,50693.0,50689.0,50692.0,50694.0,50684.0
6525,50690.3,50693.0,50685.0,50694.0,50694.0,50685.0,50693.0,50689.0,50692.0,50694.0,50684.0
6526,50690.3,50693.0,50685.0,50694.0,50694.0,50685.0,50693.0,50689.0,50692.0,50694.0,50684.0
6527,50690.3,50693.0,50685.0,50694.0,50694.0,50685.0,50693.0,50689.0,50692.0,50694.0,50684.0
6528,50690.3,50693.0,50685.0,50694.0,50694.0,50685.0,50693.0,50689.0,50692.0,50694.0,50684.0
6529,50690.3,50693.0,50685.0,50694.0,50694.0,50685.0,50693.0,50689.0,50692.0,50694.0,50684.0
6530,50690.3,50693.0,50685.0,50694.0,50694.0,50685.0,50693.0,50689.0,50692.0,50694.0,50684.0
6531,50690.3,50693.0,50685.0,50694.0,50694.0,50685.0,50693.0,50689.0,50692.0,50694.0,50684.0
6532,50690.3,50693.0,50685.0,50694.0,50694.0,50685.0,50693.0,50689.0,50692.0,50694.0,50684.0
6533,50690.3,50693.0,50685.0,50694.0,50694.0,50685.0,50693.0,50689.0,50692.0,50694.0,50684.0
6534,50690.3,50693.0,50685.0,50694.0,50694.0,50685.0,50693.0,50689.0,50692.0,50694.0,50684.0
6535,50690.3,50693.0,50685.0,50694.0,50694.0,50685.0,50693.0,50689.0,50692.0,50694.0,50684.0
6536,50690.3,50693.0,50685.0,50694.0,50694.0,50685.0,50693.0,50689.0,50692.0,50694.0,50684.0
6537,50690.3,50693.0,50685.0,50694.0,50694.0,50685.0,50693.0,50689.0,50692.0,50694.0,50684.0
6538,50690.3,50693.0,50685.0,50694.0,50694.0,50685.0,50693.0,50689.0,50692.0,50694.0,50684.0
6539,50690.3,50693.0,50685.0,50694.0,50694.0,50685.0,50693.0,50689.0,50692.0,50694.0,50684.0
6540,50690.3,50693.0,50685.0,50694.0,50694.0,50685.0,50693.0,50689.0,50692.0,50694.0,50684.0
6541,50690.3,50693.0,50685.0,50694.0,50694.0,50685.0,50693.0,50689.0,50692.0,50694.0,50684.0
6542,50690.3,50693.0,50685.0,50694.0,50694.0,50685.0,50693.0,50689.0,50692.0,50694.0,50684.0
6543,50690.3,50693.0,50685.0,50694.0,50694.0,50685.0,50693.0,50689.0,50692.0,50694.0,50684.0
6544,50690.3,50693.0,50685.0,50694.0,50694.0,50685.0,50693.0,50689.0,50692.0,50694.0,50684.0
6545,50690.3,50693.0,50685.0,50694.0,50694.0,50685.0,50693.0,50689.0,50692.0,50694.0,50684.0
6546,50690.3,50693.0,50685.0,50694.0,50694.0,50685.0,50693.0,50689.0,50692.0,50694.0,50684.0
6547,50690.3,50693.0,50685.0,50694.0,50694.0,50685.0,50693.0,50689.0,50692.0,50694.0,50684.0
6548,50690.3,50693.0,50685.0,50694.0,50694.0,50685.0,50693.0,50689.0,50692.0,50694.0,50684.0
6549,50690.3,50693.0,50685.0,50694.0,50694.0,50685.0,50693.0,50689.0,50692.0,50694.0,50684.0
6550,50690.3,50693.0,50685.0,50694.0,50694.0,50685.0,50693.0,50689.0,50692.0,50694.0,50684.0
6551,50690.3,50693.0,50685.0,50694.0,50694.0,50685.0,50693.0,50689.0,50692.0,50694.0,50684.0
6552,50690.3,50693.0,50685.0,50694.0,50694.0,50685.0,50693.0,50689.0,50692.0,50694.0,50684.0
6553,50690.3,50693.0,50685.0,50694.0,50694.0,50685.0,50693.0,50689.0,50692.0,50694.0,50684.0
6554,50690.3,50693.0,50685.0,50694.0,50694.0,50685.0,50693.0,50689.0,50692.0,50694.0,50684.0
6555,50690.3,50693.0,50685.0,50694.0,50694.0,50685.0,50693.0,50689.0,50692.0,50694.0,50684.0
6556,50690.3,50693.0,50685.0,50694.0,50694.0,50685.0,50693.0,50689.0,50692.0,50694.0,50684.0
6557,50690.3,50693.0,50685.0,50694.0,50694.0,50685.0,50693.0,50689.0,50692.0,50694.0,50684.0
6558,50690.3,50693.0,50685.0,50694.0,50694.0,50685.0,50693.0,50689.0,50692.0,50694.0,50684.0
6559,50690.3,50693.0,50685.0,50694.0,50694.0,50685.0,50693.0,50689.0,50692.0,50694.0,50684.0
6560,50690.3,50693.0,50685.0,50694.0,50694.0,50685.0,50693.0,50689.0,50692.0,50694.0,50684.0
6561,50690.3,50693.0,50685.0,50694.0,50694.0,50685.0,50693.0,50689.0,50692.0,50694.0,50684.0
6562,50690.3,50693.0,50685.0,50694.0,50694.0,50685.0,50693.0,50689.0,50692.0,50694.0,50684.0
6563,50690.3,50693.0,50685.0,50694.0,50694.0,50685.0,50693.0,50689.0,50692.0,50694.0,50684.0
6564,50690.3,50693.0,50685.0,50694.0,50694.0,50685.0,50693.0,50689.0,50692.0,50694.0,50684.0
6565,50690.3,50693.0,50685.0,50694.0,50694.0,50685.0,50693.0,50689.0,50692.0,50694.0,50684.0
6566,50690.3,50693.0,50685.0,50694.0,50694.0,50685.0,50693.0,50689.0,50692.0,50694.0,50684.0
6567,50690.3,50693.0,50685.0,50694.0,50694.0,50685.0,50693.0,50689.0,50692.0,50694.0,50684.0
6568,50690.3,50693.0,50685.0,50694.0,50694.0,50685.0,50693.0,50689.0,50692.0,50694.0,50684.0
6569,50690.3,50693.0,50685.0,50694.0,50694.0,50685.0,50693.0,50689.0,50692.0,50694.0,50684.0
6570,50690.3,50693.0,50685.0,50694.0,50694.0,50685.0,50693.0,50689.0,50692.0,50694.0,50684.0
6571,50690.3,50693.0,50685.0,50694.0,50694.0,50685.0,50693.0,50689.0,50692.0,50694.0,50684.0
6572,50690.3,50693.0,50685.0,50694.0,50694.0,50685.0,50693.0,50689.0,50692.0,50694.0,50684.0
6573,50690.3,50693.0,50685.0,50694.0,50694.0,50685.0,50693.0,50689.0,50692.0,50694.0,50684.0
6574,50690.3,50693.0,50685.0,50694.0,50694.0,50685.0,50693.0,50689.0,50692.0,50694.0,50684.0
6575,50690.3,50693.0,50685.0,50694.0,50694.0,50685.0,50693.0,50689.0,50692.0,50694.0,50684.0
6576,50690.3,50693.0,50685.0,50694.0,50694.0,50685.0,50693.0,50689.0,50692.0,50694.0,50684.0
6577,50690.3,50693.0,50685.0,50694.0,50694.0,50685.0,50693.0,50689.0,50692.0,50694.0,50684.0
6578,50690.3,50693.0,50685.0,50694.0,50694.0,50685.0,50693.0,50689.0,50692.0,50694.0,50684.0
6579,50690.3,50693.0,50685.0,50694.0,50694.0,50685.0,50693.0,50689.0,50692.0,50694.0,50684.0
6580,50690.3,50693.0,50685.0,50694.0,50694.0,50685.0,50693.0,50689.0,50692.0,50694.0,50684.0
6581,50690.3,50693.0,50685.0,50694.0,50694.0,50685.0,50693.0,50689.0,50692.0,50694.0,50684.0
6582,50690.3,50693.0,50685.0,50694.0,50694.0,50685.0,50693.0,50689.0,50692.0,50694.0,50684.0
6583,50690.3,50693.0,50685.0,50694.0,50694.0,50685.0,50693.0,50689.0,50692.0,50694.0,50684.0
6584,50690.3,50693.0,50685.0,50694.0,50694.0,50685.0,50693.0,50689.0,50692.0,50694.0,50684.0
6585,50690.3,50693.0,50685.0,50694.0,50694.0,50685.0,50693.0,50689.0,50692.0,50694.0,50684.0
6586,50690.3,50693.0,50685.0,50694.0,50694.0,50685.0,50693.0,50689.0,50692.0,50694.0,50684.0
6587,50690.3,50693.0,50685.0,50694.0,50694.0,50685.0,50693.0,50689.0,50692.0,50694.0,50684.0
6588,50690.3,50693.0,50685.0,50694.0,50694.0,50685.0,50693.0,50689.0,50692.0,50694.0,50684.0
6589,50690.3,50693.0,50685.0,50694.0,50694.0,50685.0,50693.0,50689.0,50692.0,50694.0,50684.0
6590,50690.3,50693.0,50685.0,50694.0,50694.0,50685.0,50693.0,50689.0,50692.0,50694.0,50684.0
6591,50690.3,50693.0,50685.0,50694.0,50694.0,50685.0,50693.0,50689.0,50692.0,50694.0,50684.0
6592,50690.3,50693.0,50685.0,50694.0,50694.0,50685.0,50693.0,50689.0,50692.0,50694.0,50684.0
6593,50690.3,50693.0,50685.0,50694.0,50694.0,50685.0,50693.0,50689.0,50692.0,50694.0,50684.0
6594,50690.3,50693.0,50685.0,50694.0,50694.0,50685.0,50693.0,50689.0,50692.0,50694.0,50684.0
6595,50690.3,50693.0,50685.0,50694.0,50694.0,50685.0,50693.0,50689.0,50692.0,50694.0,50684.0
6596,50690.3,50693.0,50685.0,50694.0,50694.0,50685.0,50693.0,50689.0,50692.0,50694.0,50684.0
6597,50690.3,50693.0,50685.0,50694.0,50694.0,50685.0,50693.0,50689.0,50692.0,50694.0,50684.0
6598,50690.3,50693.0,50685.0,50694.0,50694.0,50685.0,50693.0,50689.0,50692.0,50694.0,50684.0
6599,50690.3,50693.0,50685.0,50694.0,50694.0,50685.0,50693.0,50689.0,50692.0,50694.0,50684.0
6600,50690.3,50693.0,50685.0,50694.0,50694.0,50685.0,50693.0,50689.0,50692.0,50694.0,50684.0
6601,50690.3,50693.0,50685.0,50694.0,50694.0,50685.0,50693.0,50689.0,50692.0,50694.0,50684.0
6602,50690.3,50693.0,50685.0,50694.0,50694.0,50685.0,50693.0,50689.0,50692.0,50694.0,50684.0
6603,50690.3,50693.0,50685.0,50694.0,50694.0,50685.0,50693.0,50689.0,50692.0,50694.0,50684.0
6604,50690.3,50693.0,50685.0,50694.0,50694.0,50685.0,50693.0,50689.0,50692.0,50694.0,50684.0
6605,50690.3,50693.0,50685.0,50694.0,50694.0,50685.0,50693.0,50689.0,50692.0,50694.0,50684.0
6606,50690.3,50693.0,50685.0,50694.0,50694.0,50685.0,50693.0,50689.0,50692.0,50694.0,50684.0
6607,50690.3,50693.0,50685.0,50694.0,50694.0,50685.0,50693.0,50689.0,50692.0,50694.0,50684.0
6608,50690.3,50693.0,50685.0,50694.0,50694.0,50685.0,50693.0,50689.0,50692.0,50694.0,50684.0
6609,50690.3,50693.0,50685.0,50694.0,50694.0,50685.0,50693.0,50689.0,50692.0,50694.0,50684.0
6610,50690.3,50693.0,50685.0,50694.0,50694.0,50685.0,50693.0,50689.0,50692.0,50694.0,50684.0
6611,50690.3,50693.0,50685.0,50694.0,50694.0,50685.0,50693.0,50689.0,50692.0,50694.0,50684.0
6612,50690.3,50693.0,50685.0,50694.0,50694.0,50685.0,50693.0,50689.0,50692.0,50694.0,50684.0
6613,50690.3,50693.0,50685.0,50694.0,50694.0,50685.0,50693.0,50689.0,50692.0,50694.0,50684.0
6614,50690.3,50693.0,50685.0,50694.0,50694.0,50685.0,50693.0,50689.0,50692.0,50694.0,50684.0
6615,50690.3,50693.0,50685.0,50694.0,50694.0,50685.0,50693.0,50689.0,50692.0,50694.0,50684.0
6616,50690.3,50693.0,50685.0,50694.0,50694.0,50685.0,50693.0,50689.0,50692.0,50694.0,50684.0
6617,50690.3,50693.0,50685.0,50694.0,50694.0,50685.0,50693.0,50689.0,50692.0,50694.0,50684.0
6618,50690.3,50693.0,50685.0,50694.0,50694.0,50685.0,50693.0,50689.0,50692.0,50694.0,50684.0
6619,50690.3,50693.0,50685.0,50694.0,50694.0,50685.0,50693.0,50689.0,50692.0,50694.0,50684.0
6620,50690.3,50693.0,50685.0,50694.0,50694.0,50685.0,50693.0,50689.0,50692.0,50694.0,50684.0
6621,50690.3,50693.0,50685.0,50694.0,50694.0,50685.0,50693.0,50689.0,50692.0,50694.0,50684.0
6622,50690.3,50693.0,50685.0,50694.0,50694.0,50685.0,50693.0,50689.0,50692.0,50694.0,50684.0
6623,50690.3,50693.0,50685.0,50694.0,50694.0,50685.0,50693.0,50689.0,50692.0,50694.0,50684.0
6624,50690.3,50693.0,50685.0,50694.0,50694.0,50685.0,50693.0,50689.0,50692.0,50694.0,50684.0
6625,50690.3,50693.0,50685.0,50694.0,50694.0,50685.0,50693.0,50689.0,50692.0,50694.0,50684.0
6626,50690.3,50693.0,50685.0,50694.0,50694.0,50685.0,50693.0,50689.0,50692.0,50694.0,50684.0
6627,50690.3,50693.0,50685.0,50694.0,50694.0,50685.0,50693.0,50689.0,50692.0,50694.0,50684.0
6628,50690.3,50693.0,50685.0,50694.0,50694.0,50685.0,50693.0,50689.0,50692.0,50694.0,50684.0
6629,50690.3,50693.0,50685.0,50694.0,50694.0,50685.0,50693.0,50689.0,50692.0,50694.0,50684.0
6630,50690.3,50693.0,50685.0,50694.0,50694.0,50685.0,50693.0,50689.0,50692.0,50694.0,50684.0
6631,50690.3,50693.0,50685.0,50694.0,50694.0,50685.0,50693.0,50689.0,50692.0,50694.0,50684.0
6632,50690.3,50693.0,50685.0,50694.0,50694.0,50685.0,50693.0,50689.0,50692.0,50694.0,50684.0
6633,50690.3,50693.0,50685.0,50694.0,50694.0,50685.0,50693.0,50689.0,50692.0,50694.0,50684.0
6634,50690.3,50693.0,50685.0,50694.0,50694.0,50685.0,50693.0,50689.0,50692.0,50694.0,50684.0
6635,50690.3,50693.0,50685.0,50694.0,50694.0,50685.0,50693.0,50689.0,50692.0,50694.0,50684.0
6636,50690.3,50693.0,50685.0,50694.0,50694.0,50685.0,50693.0,50689.0,50692.0,50694.0,50684.0
6637,50690.3,50693.0,50685.0,50694.0,50694.0,50685.0,50693.0,50689.0,50692.0,50694.0,50684.0
6638,50690.3,50693.0,50685.0,50694.0,50694.0,50685.0,50693.0,50689.0,50692.0,50694.0,50684.0
6639,50690.3,50693.0,50685.0,50694.0,50694.0,50685.0,50693.0,50689.0,50692.0,50694.0,50684.0
6640,50690.3,50693.0,50685.0,50694.0,50694.0,50685.0,50693.0,50689.0,50692.0,50694.0,50684.0
6641,50690.3,50693.0,50685.0,50694.0,50694.0,50685.0,50693.0,50689.0,50692.0,50694.0,50684.0
6642,50690.3,50693.0,50685.0,50694.0,50694.0,50685.0,50693.0,50689.0,50692.0,50694.0,50684.0
6643,50690.3,50693.0,50685.0,50694.0,50694.0,50685.0,50693.0,50689.0,50692.0,50694.0,50684.0
6644,50690.3,50693.0,50685.0,50694.0,50694.0,50685.0,50693.0,50689.0,50692.0,50694.0,50684.0
6645,50690.3,50693.0,50685.0,50694.0,50694.0,50685.0,50693.0,50689.0,50692.0,50694.0,50684.0
6646,50690.3,50693.0,50685.0,50694.0,50694.0,50685.0,50693.0,50689.0,50692.0,50694.0,50684.0
6647,50690.3,50693.0,50685.0,50694.0,50694.0,50685.0,50693.0,50689.0,50692.0,50694.0,50684.0
6648,50690.3,50693.0,50685.0,50694.0,50694.0,50685.0,50693.0,50689.0,50692.0,50694.0,50684.0
6649,50690.3,50693.0,50685.0,50694.0,50694.0,50685.0,50693.0,50689.0,50692.0,50694.0,50684.0
6650,50690.3,50693.0,50685.0,50694.0,50694.0,50685.0,50693.0,50689.0,50692.0,50694.0,50684.0
6651,50690.3,50693.0,50685.0,50694.0,50694.0,50685.0,50693.0,50689.0,50692.0,50694.0,50684.0
6652,50690.3,50693.0,50685.0,50694.0,50694.0,50685.0,50693.0,50689.0,50692.0,50694.0,50684.0
6653,50690.3,50693.0,50685.0,50694.0,50694.0,50685.0,50693.0,50689.0,50692.0,50694.0,50684.0
6654,50690.3,50693.0,50685.0,50694.0,50694.0,50685.0,50693.0,50689.0,50692.0,50694.0,50684.0
6655,50690.3,50693.0,50685.0,50694.0,50694.0,50685.0,50693.0,50689.0,50692.0,50694.0,50684.0
6656,50690.3,50693.0,50685.0,50694.0,50694.0,50685.0,50693.0,50689.0,50692.0,50694.0,50684.0
6657,50690.3,50693.0,50685.0,50694.0,50694.0,50685.0,50693.0,50689.0,50692.0,50694.0,50684.0
6658,50690.3,50693.0,50685.0,50694.0,50694.0,50685.0,50693.0,50689.0,50692.0,50694.0,50684.0
6659,50690.3,50693.0,50685.0,50694.0,50694.0,50685.0,50693.0,50689.0,50692.0,50694.0,50684.0
6660,50690.3,50693.0,50685.0,50694.0,50694.0,50685.0,50693.0,50689.0,50692.0,50694.0,50684.0
6661,50690.3,50693.0,50685.0,50694.0,50694.0,50685.0,50693.0,50689.0,50692.0,50694.0,50684.0
6662,50690.3,50693.0,50685.0,50694.0,50694.0,50685.0,50693.0,50689.0,50692.0,50694.0,50684.0
6663,50690.3,50693.0,50685.0,50694.0,50694.0,50685.0,50693.0,50689.0,50692.0,50694.0,50684.0
6664,50690.3,50693.0,50685.0,50694.0,50694.0,50685.0,50693.0,50689.0,50692.0,50694.0,50684.0
6665,50690.3,50693.0,50685.0,50694.0,50694.0,50685.0,50693.0,50689.0,50692.0,50694.0,50684.0
6666,50690.3,50693.0,50685.0,50694.0,50694.0,50685.0,50693.0,50689.0,50692.0,50694.0,50684.0
6667,50690.3,50693.0,50685.0,50694.0,50694.0,50685.0,50693.0,50689.0,50692.0,50694.0,50684.0
6668,50690.3,50693.0,50685.0,50694.0,50694.0,50685.0,50693.0,50689.0,50692.0,50694.0,50684.0
6669,50690.3,50693.0,50685.0,50694.0,50694.0,50685.0,50693.0,50689.0,50692.0,50694.0,50684.0
6670,50690.3,50693.0,50685.0,50694.0,50694.0,50685.0,50693.0,50689.0,50692.0,50694.0,50684.0
6671,50690.3,50693.0,50685.0,50694.0,50694.0,50685.0,50693.0,50689.0,50692.0,50694.0,50684.0
6672,50690.3,50693.0,50685.0,50694.0,50694.0,50685.0,50693.0,50689.0,50692.0,50694.0,50684.0
6673,50690.3,50693.0,50685.0,50694.0,50694.0,50685.0,50693.0,50689.0,50692.0,50694.0,50684.0
6674,50690.3,50693.0,50685.0,50694.0,50694.0,50685.0,50693.0,50689.0,50692.0,50694.0,50684.0
6675,50690.3,50693.0,50685.0,50694.0,50694.0,50685.0,50693.0,50689.0,50692.0,50694.0,50684.0
6676,50690.3,50693.0,50685.0,50694.0,50694.0,50685.0,50693.0,50689.0,50692.0,50694.0,50684.0
6677,50690.3,50693.0,50685.0,50694.0,50694.0,50685.0,50693.0,50689.0,50692.0,50694.0,50684.0
6678,50690.3,50693.0,50685.0,50694.0,50694.0,50685.0,50693.0,50689.0,50692.0,50694.0,50684.0
6679,50690.3,50693.0,50685.0,50694.0,50694.0,50685.0,50693.0,50689.0,50692.0,50694.0,50684.0
6680,50690.3,50693.0,50685.0,50694.0,50694.0,50685.0,50693.0,50689.0,50692.0,50694.0,50684.0
6681,50690.3,50693.0,50685.0,50694.0,50694.0,50685.0,50693.0,50689.0,50692.0,50694.0,50684.0
6682,50690.3,50693.0,50685.0,50694.0,50694.0,50685.0,50693.0,50689.0,50692.0,50694.0,50684.0
6683,50690.3,50693.0,50685.0,50694.0,50694.0,50685.0,50693.0,50689.0,50692.0,50694.0,50684.0
6684,50690.3,50693.0,50685.0,50694.0,50694.0,50685.0,50693.0,50689.0,50692.0,50694.0,50684.0
6685,50690.3,50693.0,50685.0,50694.0,50694.0,50685.0,50693.0,50689.0,50692.0,50694.0,50684.0
6686,50690.3,50693.0,50685.0,50694.0,50694.0,50685.0,50693.0,50689.0,50692.0,50694.0,50684.0
6687,50690.3,50693.0,50685.0,50694.0,50694.0,50685.0,50693.0,50689.0,50692.0,50694.0,50684.0
6688,50690.3,50693.0,50685.0,50694.0,50694.0,50685.0,50693.0,50689.0,50692.0,50694.0,50684.0
6689,50690.3,50693.0,50685.0,50694.0,50694.0,50685.0,50693.0,50689.0,50692.0,50694.0,50684.0
6690,50690.3,50693.0,50685.0,50694.0,50694.0,50685.0,50693.0,50689.0,50692.0,50694.0,50684.0
6691,50690.3,50693.0,50685.0,50694.0,50694.0,50685.0,50693.0,50689.0,50692.0,50694.0,50684.0
6692,50690.3,50693.0,50685.0,50694.0,50694.0,50685.0,50693.0,50689.0,50692.0,50694.0,50684.0
6693,50690.3,50693.0,50685.0,50694.0,50694.0,50685.0,50693.0,50689.0,50692.0,50694.0,50684.0
6694,50690.3,50693.0,50685.0,50694.0,50694.0,50685.0,50693.0,50689.0,50692.0,50694.0,50684.0
6695,50690.3,50693.0,50685.0,50694.0,50694.0,50685.0,50693.0,50689.0,50692.0,50694.0,50684.0
6696,50690.3,50693.0,50685.0,50694.0,50694.0,50685.0,50693.0,50689.0,50692.0,50694.0,50684.0
6697,50690.3,50693.0,50685.0,50694.0,50694.0,50685.0,50693.0,50689.0,50692.0,50694.0,50684.0
6698,50690.3,50693.0,50685.0,50694.0,50694.0,50685.0,50693.0,50689.0,50692.0,50694.0,50684.0
6699,50690.3,50693.0,50685.0,50694.0,50694.0,50685.0,50693.0,50689.0,50692.0,50694.0,50684.0
6700,50690.3,50693.0,50685.0,50694.0,50694.0,50685.0,50693.0,50689.0,50692.0,50694.0,50684.0
6701,50690.3,50693.0,50685.0,50694.0,50694.0,50685.0,50693.0,50689.0,50692.0,50694.0,50684.0
6702,50690.3,50693.0,50685.0,50694.0,50694.0,50685.0,50693.0,50689.0,50692.0,50694.0,50684.0
6703,50690.3,50693.0,50685.0,50694.0,50694.0,50685.0,50693.0,50689.0,50692.0,50694.0,50684.0
6704,50690.3,50693.0,50685.0,50694.0,50694.0,50685.0,50693.0,50689.0,50692.0,50694.0,50684.0
6705,50690.3,50693.0,50685.0,50694.0,50694.0,50685.0,50693.0,50689.0,50692.0,50694.0,50684.0
6706,50690.3,50693.0,50685.0,50694.0,50694.0,50685.0,50693.0,50689.0,50692.0,50694.0,50684.0
6707,50690.3,50693.0,50685.0,50694.0,50694.0,50685.0,50693.0,50689.0,50692.0,50694.0,50684.0
6708,50690.3,50693.0,50685.0,50694.0,50694.0,50685.0,50693.0,50689.0,50692.0,50694.0,50684.0
6709,50690.3,50693.0,50685.0,50694.0,50694.0,50685.0,50693.0,50689.0,50692.0,50694.0,50684.0
6710,50690.3,50693.0,50685.0,50694.0,50694.0,50685.0,50693.0,50689.0,50692.0,50694.0,50684.0
6711,50690.3,50693.0,50685.0,50694.0,50694.0,50685.0,50693.0,50689.0,50692.0,50694.0,50684.0
6712,50690.3,50693.0,50685.0,50694.0,50694.0,50685.0,50693.0,50689.0,50692.0,50694.0,50684.0
6713,50690.3,50693.0,50685.0,50694.0,50694.0,50685.0,50693.0,50689.0,50692.0,50694.0,50684.0
6714,50690.3,50693.0,50685.0,50694.0,50694.0,50685.0,50693.0,50689.0,50692.0,50694.0,50684.0
6715,50690.3,50693.0,50685.0,50694.0,50694.0,50685.0,50693.0,50689.0,50692.0,50694.0,50684.0
6716,50690.3,50693.0,50685.0,50694.0,50694.0,50685.0,50693.0,50689.0,50692.0,50694.0,50684.0
6717,50690.3,50693.0,50685.0,50694.0,50694.0,50685.0,50693.0,50689.0,50692.0,50694.0,50684.0
6718,50690.3,50693.0,50685.0,50694.0,50694.0,50685.0,50693.0,50689.0,50692.0,50694.0,50684.0
6719,50690.3,50693.0,50685.0,50694.0,50694.0,50685.0,50693.0,50689.0,50692.0,50694.0,50684.0
6720,50690.3,50693.0,50685.0,50694.0,50694.0,50685.0,50693.0,50689.0,50692.0,50694.0,50684.0
6721,50690.3,50693.0,50685.0,50694.0,50694.0,50685.0,50693.0,50689.0,50692.0,50694.0,50684.0
6722,50690.3,50693.0,50685.0,50694.0,50694.0,50685.0,50693.0,50689.0,50692.0,50694.0,50684.0
6723,50690.3,50693.0,50685.0,50694.0,50694.0,50685.0,50693.0,50689.0,50692.0,50694.0,50684.0
6724,50690.3,50693.0,50685.0,50694.0,50694.0,50685.0,50693.0,50689.0,50692.0,50694.0,50684.0
6725,50690.3,50693.0,50685.0,50694.0,50694.0,50685.0,50693.0,50689.0,50692.0,50694.0,50684.0
6726,50690.3,50693.0,50685.0,50694.0,50694.0,50685.0,50693.0,50689.0,50692.0,50694.0,50684.0
6727,50690.3,50693.0,50685.0,50694.0,50694.0,50685.0,50693.0,50689.0,50692.0,50694.0,50684.0
6728,50690.3,50693.0,50685.0,50694.0,50694.0,50685.0,50693.0,50689.0,50692.0,50694.0,50684.0
6729,50690.3,50693.0,50685.0,50694.0,50694.0,50685.0,50693.0,50689.0,50692.0,50694.0,50684.0
6730,50690.3,50693.0,50685.0,50694.0,50694.0,50685.0,50693.0,50689.0,50692.0,50694.0,50684.0
6731,50690.3,50693.0,50685.0,50694.0,50694.0,50685.0,50693.0,50689.0,50692.0,50694.0,50684.0
6732,50690.3,50693.0,50685.0,50694.0,50694.0,50685.0,50693.0,50689.0,50692.0,50694.0,50684.0
6733,50690.3,50693.0,50685.0,50694.0,50694.0,50685.0,50693.0,50689.0,50692.0,50694.0,50684.0
6734,50690.3,50693.0,50685.0,50694.0,50694.0,50685.0,50693.0,50689.0,50692.0,50694.0,50684.0
6735,50690.3,50693.0,50685.0,50694.0,50694.0,50685.0,50693.0,50689.0,50692.0,50694.0,50684.0
6736,50690.3,50693.0,50685.0,50694.0,50694.0,50685.0,50693.0,50689.0,50692.0,50694.0,50684.0
6737,50690.3,50693.0,50685.0,50694.0,50694.0,50685.0,50693.0,50689.0,50692.0,50694.0,50684.0
6738,50690.3,50693.0,50685.0,50694.0,50694.0,50685.0,50693.0,50689.0,50692.0,50694.0,50684.0
6739,50690.3,50693.0,50685.0,50694.0,50694.0,50685.0,50693.0,50689.0,50692.0,50694.0,50684.0
6740,50690.3,50693.0,50685.0,50694.0,50694.0,50685.0,50693.0,50689.0,50692.0,50694.0,50684.0
6741,50690.3,50693.0,50685.0,50694.0,50694.0,50685.0,50693.0,50689.0,50692.0,50694.0,50684.0
6742,50690.3,50693.0,50685.0,50694.0,50694.0,50685.0,50693.0,50689.0,50692.0,50694.0,50684.0
6743,50690.3,50693.0,50685.0,50694.0,50694.0,50685.0,50693.0,50689.0,50692.0,50694.0,50684.0
6744,50690.3,50693.0,50685.0,50694.0,50694.0,50685.0,50693.0,50689.0,50692.0,50694.0,50684.0
6745,50690.3,50693.0,50685.0,50694.0,50694.0,50685.0,50693.0,50689.0,50692.0,50694.0,50684.0
6746,50690.3,50693.0,50685.0,50694.0,50694.0,50685.0,50693.0,50689.0,50692.0,50694.0,50684.0
6747,50690.3,50693.0,50685.0,50694.0,50694.0,50685.0,50693.0,50689.0,50692.0,50694.0,50684.0
6748,50690.3,50693.0,50685.0,50694.0,50694.0,50685.0,50693.0,50689.0,50692.0,50694.0,50684.0
6749,50690.3,50693.0,50685.0,50694.0,50694.0,50685.0,50693.0,50689.0,50692.0,50694.0,50684.0
6750,50690.3,50693.0,50685.0,50694.0,50694.0,50685.0,50693.0,50689.0,50692.0,50694.0,50684.0
6751,50690.3,50693.0,50685.0,50694.0,50694.0,50685.0,50693.0,50689.0,50692.0,50694.0,50684.0
6752,50690.3,50693.0,50685.0,50694.0,50694.0,50685.0,50693.0,50689.0,50692.0,50694.0,50684.0
6753,50690.3,50693.0,50685.0,50694.0,50694.0,50685.0,50693.0,50689.0,50692.0,50694.0,50684.0
6754,50690.3,50693.0,50685.0,50694.0,50694.0,50685.0,50693.0,50689.0,50692.0,50694.0,50684.0
6755,50690.3,50693.0,50685.0,50694.0,50694.0,50685.0,50693.0,50689.0,50692.0,50694.0,50684.0
6756,50690.3,50693.0,50685.0,50694.0,50694.0,50685.0,50693.0,50689.0,50692.0,50694.0,50684.0
6757,50690.3,50693.0,50685.0,50694.0,50694.0,50685.0,50693.0,50689.0,50692.0,50694.0,50684.0
6758,50690.3,50693.0,50685.0,50694.0,50694.0,50685.0,50693.0,50689.0,50692.0,50694.0,50684.0
6759,50690.3,50693.0,50685.0,50694.0,50694.0,50685.0,50693.0,50689.0,50692.0,50694.0,50684.0
6760,50690.3,50693.0,50685.0,50694.0,50694.0,50685.0,50693.0,50689.0,50692.0,50694.0,50684.0
6761,50690.3,50693.0,50685.0,50694.0,50694.0,50685.0,50693.0,50689.0,50692.0,50694.0,50684.0
6762,50690.3,50693.0,50685.0,50694.0,50694.0,50685.0,50693.0,50689.0,50692.0,50694.0,50684.0
6763,50690.3,50693.0,50685.0,50694.0,50694.0,50685.0,50693.0,50689.0,50692.0,50694.0,50684.0
6764,50690.3,50693.0,50685.0,50694.0,50694.0,50685.0,50693.0,50689.0,50692.0,50694.0,50684.0
6765,50690.3,50693.0,50685.0,50694.0,50694.0,50685.0,50693.0,50689.0,50692.0,50694.0,50684.0
6766,50690.3,50693.0,50685.0,50694.0,50694.0,50685.0,50693.0,50689.0,50692.0,50694.0,50684.0
6767,50690.3,50693.0,50685.0,50694.0,50694.0,50685.0,50693.0,50689.0,50692.0,50694.0,50684.0
6768,50690.3,50693.0,50685.0,50694.0,50694.0,50685.0,50693.0,50689.0,50692.0,50694.0,50684.0
6769,50690.3,50693.0,50685.0,50694.0,50694.0,50685.0,50693.0,50689.0,50692.0,50694.0,50684.0
6770,50690.3,50693.0,50685.0,50694.0,50694.0,50685.0,50693.0,50689.0,50692.0,50694.0,50684.0
6771,50690.3,50693.0,50685.0,50694.0,50694.0,50685.0,50693.0,50689.0,50692.0,50694.0,50684.0
6772,50690.3,50693.0,50685.0,50694.0,50694.0,50685.0,50693.0,50689.0,50692.0,50694.0,50684.0
6773,50690.3,50693.0,50685.0,50694.0,50694.0,50685.0,50693.0,50689.0,50692.0,50694.0,50684.0
6774,50690.3,50693.0,50685.0,50694.0,50694.0,50685.0,50693.0,50689.0,50692.0,50694.0,50684.0
6775,50690.3,50693.0,50685.0,50694.0,50694.0,50685.0,50693.0,50689.0,50692.0,50694.0,50684.0
6776,50690.3,50693.0,50685.0,50694.0,50694.0,50685.0,50693.0,50689.0,50692.0,50694.0,50684.0
6777,50690.3,50693.0,50685.0,50694.0,50694.0,50685.0,50693.0,50689.0,50692.0,50694.0,50684.0
6778,50690.3,50693.0,50685.0,50694.0,50694.0,50685.0,50693.0,50689.0,50692.0,50694.0,50684.0
6779,50690.3,50693.0,50685.0,50694.0,50694.0,50685.0,50693.0,50689.0,50692.0,50694.0,50684.0
6780,50690.3,50693.0,50685.0,50694.0,50694.0,50685.0,50693.0,50689.0,50692.0,50694.0,50684.0
6781,50690.3,50693.0,50685.0,50694.0,50694.0,50685.0,50693.0,50689.0,50692.0,50694.0,50684.0
6782,50690.3,50693.0,50685.0,50694.0,50694.0,50685.0,50693.0,50689.0,50692.0,50694.0,50684.0
6783,50690.3,50693.0,50685.0,50694.0,50694.0,50685.0,50693.0,50689.0,50692.0,50694.0,50684.0
6784,50690.3,50693.0,50685.0,50694.0,50694.0,50685.0,50693.0,50689.0,50692.0,50694.0,50684.0
6785,50690.3,50693.0,50685.0,50694.0,50694.0,50685.0,50693.0,50689.0,50692.0,50694.0,50684.0
6786,50690.3,50693.0,50685.0,50694.0,50694.0,50685.0,50693.0,50689.0,50692.0,50694.0,50684.0
6787,50690.3,50693.0,50685.0,50694.0,50694.0,50685.0,50693.0,50689.0,50692.0,50694.0,50684.0
6788,50690.3,50693.0,50685.0,50694.0,50694.0,50685.0,50693.0,50689.0,50692.0,50694.0,50684.0
6789,50690.3,50693.0,50685.0,50694.0,50694.0,50685.0,50693.0,50689.0,50692.0,50694.0,50684.0
6790,50690.3,50693.0,50685.0,50694.0,50694.0,50685.0,50693.0,50689.0,50692.0,50694.0,50684.0
6791,50690.3,50693.0,50685.0,50694.0,50694.0,50685.0,50693.0,50689.0,50692.0,50694.0,50684.0
6792,50690.3,50693.0,50685.0,50694.0,50694.0,50685.0,50693.0,50689.0,50692.0,50694.0,50684.0
6793,50690.3,50693.0,50685.0,50694.0,50694.0,50685.0,50693.0,50689.0,50692.0,50694.0,50684.0
6794,50690.3,50693.0,50685.0,50694.0,50694.0,50685.0,50693.0,50689.0,50692.0,50694.0,50684.0
6795,50690.3,50693.0,50685.0,50694.0,50694.0,50685.0,50693.0,50689.0,50692.0,50694.0,50684.0
6796,50690.3,50693.0,50685.0,50694.0,50694.0,50685.0,50693.0,50689.0,50692.0,50694.0,50684.0
6797,50690.3,50693.0,50685.0,50694.0,50694.0,50685.0,50693.0,50689.0,50692.0,50694.0,50684.0
6798,50690.3,50693.0,50685.0,50694.0,50694.0,50685.0,50693.0,50689.0,50692.0,50694.0,50684.0
6799,50690.3,50693.0,50685.0,50694.0,50694.0,50685.0,50693.0,50689.0,50692.0,50694.0,50684.0
6800,50690.3,50693.0,50685.0,50694.0,50694.0,50685.0,50693.0,50689.0,50692.0,50694.0,50684.0
6801,50690.3,50693.0,50685.0,50694.0,50694.0,50685.0,50693.0,50689.0,50692.0,50694.0,50684.0
6802,50690.3,50693.0,50685.0,50694.0,50694.0,50685.0,50693.0,50689.0,50692.0,50694.0,50684.0
6803,50690.3,50693.0,50685.0,50694.0,50694.0,50685.0,50693.0,50689.0,50692.0,50694.0,50684.0
6804,50690.3,50693.0,50685.0,50694.0,50694.0,50685.0,50693.0,50689.0,50692.0,50694.0,50684.0
6805,50690.3,50693.0,50685.0,50694.0,50694.0,50685.0,50693.0,50689.0,50692.0,50694.0,50684.0
6806,50690.3,50693.0,50685.0,50694.0,50694.0,50685.0,50693.0,50689.0,50692.0,50694.0,50684.0
6807,50690.3,50693.0,50685.0,50694.0,50694.0,50685.0,50693.0,50689.0,50692.0,50694.0,50684.0
6808,50690.3,50693.0,50685.0,50694.0,50694.0,50685.0,50693.0,50689.0,50692.0,50694.0,50684.0
6809,50690.3,50693.0,50685.0,50694.0,50694.0,50685.0,50693.0,50689.0,50692.0,50694.0,50684.0
6810,50690.3,50693.0,50685.0,50694.0,50694.0,50685.0,50693.0,50689.0,50692.0,50694.0,50684.0
6811,50690.3,50693.0,50685.0,50694.0,50694.0,50685.0,50693.0,50689.0,50692.0,50694.0,50684.0
6812,50690.3,50693.0,50685.0,50694.0,50694.0,50685.0,50693.0,50689.0,50692.0,50694.0,50684.0
6813,50690.3,50693.0,50685.0,50694.0,50694.0,50685.0,50693.0,50689.0,50692.0,50694.0,50684.0
6814,50690.3,50693.0,50685.0,50694.0,50694.0,50685.0,50693.0,50689.0,50692.0,50694.0,50684.0
6815,50690.3,50693.0,50685.0,50694.0,50694.0,50685.0,50693.0,50689.0,50692.0,50694.0,50684.0
6816,50690.3,50693.0,50685.0,50694.0,50694.0,50685.0,50693.0,50689.0,50692.0,50694.0,50684.0
6817,50690.3,50693.0,50685.0,50694.0,50694.0,50685.0,50693.0,50689.0,50692.0,50694.0,50684.0
6818,50690.3,50693.0,50685.0,50694.0,50694.0,50685.0,50693.0,50689.0,50692.0,50694.0,50684.0
6819,50690.3,50693.0,50685.0,50694.0,50694.0,50685.0,50693.0,50689.0,50692.0,50694.0,50684.0
6820,50690.3,50693.0,50685.0,50694.0,50694.0,50685.0,50693.0,50689.0,50692.0,50694.0,50684.0
6821,50690.3,50693.0,50685.0,50694.0,50694.0,50685.0,50693.0,50689.0,50692.0,50694.0,50684.0
6822,50690.3,50693.0,50685.0,50694.0,50694.0,50685.0,50693.0,50689.0,50692.0,50694.0,50684.0
6823,50690.3,50693.0,50685.0,50694.0,50694.0,50685.0,50693.0,50689.0,50692.0,50694.0,50684.0
6824,50690.3,50693.0,50685.0,50694.0,50694.0,50685.0,50693.0,50689.0,50692.0,50694.0,50684.0
6825,50690.3,50693.0,50685.0,50694.0,50694.0,50685.0,50693.0,50689.0,50692.0,50694.0,50684.0
6826,50690.3,50693.0,50685.0,50694.0,50694.0,50685.0,50693.0,50689.0,50692.0,50694.0,50684.0
6827,50690.3,50693.0,50685.0,50694.0,50694.0,50685.0,50693.0,50689.0,50692.0,50694.0,50684.0
6828,50690.3,50693.0,50685.0,50694.0,50694.0,50685.0,50693.0,50689.0,50692.0,50694.0,50684.0
6829,50690.3,50693.0,50685.0,50694.0,50694.0,50685.0,50693.0,50689.0,50692.0,50694.0,50684.0
6830,50690.3,50693.0,50685.0,50694.0,50694.0,50685.0,50693.0,50689.0,50692.0,50694.0,50684.0
6831,50690.3,50693.0,50685.0,50694.0,50694.0,50685.0,50693.0,50689.0,50692.0,50694.0,50684.0
6832,50690.3,50693.0,50685.0,50694.0,50694.0,50685.0,50693.0,50689.0,50692.0,50694.0,50684.0
6833,50690.3,50693.0,50685.0,50694.0,50694.0,50685.0,50693.0,50689.0,50692.0,50694.0,50684.0
6834,50690.3,50693.0,50685.0,50694.0,50694.0,50685.0,50693.0,50689.0,50692.0,50694.0,50684.0
6835,50690.3,50693.0,50685.0,50694.0,50694.0,50685.0,50693.0,50689.0,50692.0,50694.0,50684.0
6836,50690.3,50693.0,50685.0,50694.0,50694.0,50685.0,50693.0,50689.0,50692.0,50694.0,50684.0
6837,50690.3,50693.0,50685.0,50694.0,50694.0,50685.0,50693.0,50689.0,50692.0,50694.0,50684.0
6838,50690.3,50693.0,50685.0,50694.0,50694.0,50685.0,50693.0,50689.0,50692.0,50694.0,50684.0
6839,50690.3,50693.0,50685.0,50694.0,50694.0,50685.0,50693.0,50689.0,50692.0,50694.0,50684.0
6840,50690.3,50693.0,50685.0,50694.0,50694.0,50685.0,50693.0,50689.0,50692.0,50694.0,50684.0
6841,50690.3,50693.0,50685.0,50694.0,50694.0,50685.0,50693.0,50689.0,50692.0,50694.0,50684.0
6842,50690.3,50693.0,50685.0,50694.0,50694.0,50685.0,50693.0,50689.0,50692.0,50694.0,50684.0
6843,50690.3,50693.0,50685.0,50694.0,50694.0,50685.0,50693.0,50689.0,50692.0,50694.0,50684.0
6844,50690.3,50693.0,50685.0,50694.0,50694.0,50685.0,50693.0,50689.0,50692.0,50694.0,50684.0
6845,50690.3,50693.0,50685.0,50694.0,50694.0,50685.0,50693.0,50689.0,50692.0,50694.0,50684.0
6846,50690.3,50693.0,50685.0,50694.0,50694.0,50685.0,50693.0,50689.0,50692.0,50694.0,50684.0
6847,50690.3,50693.0,50685.0,50694.0,50694.0,50685.0,50693.0,50689.0,50692.0,50694.0,50684.0
6848,50690.3,50693.0,50685.0,50694.0,50694.0,50685.0,50693.0,50689.0,50692.0,50694.0,50684.0
6849,50690.3,50693.0,50685.0,50694.0,50694.0,50685.0,50693.0,50689.0,50692.0,50694.0,50684.0
6850,50690.3,50693.0,50685.0,50694.0,50694.0,50685.0,50693.0,50689.0,50692.0,50694.0,50684.0
6851,50690.3,50693.0,50685.0,50694.0,50694.0,50685.0,50693.0,50689.0,50692.0,50694.0,50684.0
6852,50690.3,50693.0,50685.0,50694.0,50694.0,50685.0,50693.0,50689.0,50692.0,50694.0,50684.0
6853,50690.3,50693.0,50685.0,50694.0,50694.0,50685.0,50693.0,50689.0,50692.0,50694.0,50684.0
6854,50690.3,50693.0,50685.0,50694.0,50694.0,50685.0,50693.0,50689.0,50692.0,50694.0,50684.0
6855,50690.3,50693.0,50685.0,50694.0,50694.0,50685.0,50693.0,50689.0,50692.0,50694.0,50684.0
6856,50690.3,50693.0,50685.0,50694.0,50694.0,50685.0,50693.0,50689.0,50692.0,50694.0,50684.0
6857,50690.3,50693.0,50685.0,50694.0,50694.0,50685.0,50693.0,50689.0,50692.0,50694.0,50684.0
6858,50690.3,50693.0,50685.0,50694.0,50694.0,50685.0,50693.0,50689.0,50692.0,50694.0,50684.0
6859,50690.3,50693.0,50685.0,50694.0,50694.0,50685.0,50693.0,50689.0,50692.0,50694.0,50684.0
6860,50690.3,50693.0,50685.0,50694.0,50694.0,50685.0,50693.0,50689.0,50692.0,50694.0,50684.0
6861,50690.3,50693.0,50685.0,50694.0,50694.0,50685.0,50693.0,50689.0,50692.0,50694.0,50684.0
6862,50690.3,50693.0,50685.0,50694.0,50694.0,50685.0,50693.0,50689.0,50692.0,50694.0,50684.0
6863,50690.3,50693.0,50685.0,50694.0,50694.0,50685.0,50693.0,50689.0,50692.0,50694.0,50684.0
6864,50690.3,50693.0,50685.0,50694.0,50694.0,50685.0,50693.0,50689.0,50692.0,50694.0,50684.0
6865,50690.3,50693.0,50685.0,50694.0,50694.0,50685.0,50693.0,50689.0,50692.0,50694.0,50684.0
6866,50690.3,50693.0,50685.0,50694.0,50694.0,50685.0,50693.0,50689.0,50692.0,50694.0,50684.0
6867,50690.3,50693.0,50685.0,50694.0,50694.0,50685.0,50693.0,50689.0,50692.0,50694.0,50684.0
6868,50690.3,50693.0,50685.0,50694.0,50694.0,50685.0,50693.0,50689.0,50692.0,50694.0,50684.0
6869,50690.3,50693.0,50685.0,50694.0,50694.0,50685.0,50693.0,50689.0,50692.0,50694.0,50684.0
6870,50690.3,50693.0,50685.0,50694.0,50694.0,50685.0,50693.0,50689.0,50692.0,50694.0,50684.0
6871,50690.3,50693.0,50685.0,50694.0,50694.0,50685.0,50693.0,50689.0,50692.0,50694.0,50684.0
6872,50690.3,50693.0,50685.0,50694.0,50694.0,50685.0,50693.0,50689.0,50692.0,50694.0,50684.0
6873,50690.3,50693.0,50685.0,50694.0,50694.0,50685.0,50693.0,50689.0,50692.0,50694.0,50684.0
6874,50690.3,50693.0,50685.0,50694.0,50694.0,50685.0,50693.0,50689.0,50692.0,50694.0,50684.0
6875,50690.3,50693.0,50685.0,50694.0,50694.0,50685.0,50693.0,50689.0,50692.0,50694.0,50684.0
6876,50690.3,50693.0,50685.0,50694.0,50694.0,50685.0,50693.0,50689.0,50692.0,50694.0,50684.0
6877,50690.3,50693.0,50685.0,50694.0,50694.0,50685.0,50693.0,50689.0,50692.0,50694.0,50684.0
6878,50690.3,50693.0,50685.0,50694.0,50694.0,50685.0,50693.0,50689.0,50692.0,50694.0,50684.0
6879,50690.3,50693.0,50685.0,50694.0,50694.0,50685.0,50693.0,50689.0,50692.0,50694.0,50684.0
6880,50690.3,50693.0,50685.0,50694.0,50694.0,50685.0,50693.0,50689.0,50692.0,50694.0,50684.0
6881,50690.3,50693.0,50685.0,50694.0,50694.0,50685.0,50693.0,50689.0,50692.0,50694.0,50684.0
6882,50690.3,50693.0,50685.0,50694.0,50694.0,50685.0,50693.0,50689.0,50692.0,50694.0,50684.0
6883,50690.3,50693.0,50685.0,50694.0,50694.0,50685.0,50693.0,50689.0,50692.0,50694.0,50684.0
6884,50690.3,50693.0,50685.0,50694.0,50694.0,50685.0,50693.0,50689.0,50692.0,50694.0,50684.0
6885,50690.3,50693.0,50685.0,50694.0,50694.0,50685.0,50693.0,50689.0,50692.0,50694.0,50684.0
6886,50690.3,50693.0,50685.0,50694.0,50694.0,50685.0,50693.0,50689.0,50692.0,50694.0,50684.0
6887,50690.3,50693.0,50685.0,50694.0,50694.0,50685.0,50693.0,50689.0,50692.0,50694.0,50684.0
6888,50690.3,50693.0,50685.0,50694.0,50694.0,50685.0,50693.0,50689.0,50692.0,50694.0,50684.0
6889,50690.3,50693.0,50685.0,50694.0,50694.0,50685.0,50693.0,50689.0,50692.0,50694.0,50684.0
6890,50690.3,50693.0,50685.0,50694.0,50694.0,50685.0,50693.0,50689.0,50692.0,50694.0,50684.0
6891,50690.3,50693.0,50685.0,50694.0,50694.0,50685.0,50693.0,50689.0,50692.0,50694.0,50684.0
6892,50690.3,50693.0,50685.0,50694.0,50694.0,50685.0,50693.0,50689.0,50692.0,50694.0,50684.0
6893,50690.3,50693.0,50685.0,50694.0,50694.0,50685.0,50693.0,50689.0,50692.0,50694.0,50684.0
6894,50690.3,50693.0,50685.0,50694.0,50694.0,50685.0,50693.0,50689.0,50692.0,50694.0,50684.0
6895,50690.3,50693.0,50685.0,50694.0,50694.0,50685.0,50693.0,50689.0,50692.0,50694.0,50684.0
6896,50690.3,50693.0,50685.0,50694.0,50694.0,50685.0,50693.0,50689.0,50692.0,50694.0,50684.0
6897,50690.3,50693.0,50685.0,50694.0,50694.0,50685.0,50693.0,50689.0,50692.0,50694.0,50684.0
6898,50690.3,50693.0,50685.0,50694.0,50694.0,50685.0,50693.0,50689.0,50692.0,50694.0,50684.0
6899,50690.3,50693.0,50685.0,50694.0,50694.0,50685.0,50693.0,50689.0,50692.0,50694.0,50684.0
6900,50690.3,50693.0,50685.0,50694.0,50694.0,50685.0,50693.0,50689.0,50692.0,50694.0,50684.0
6901,50690.3,50693.0,50685.0,50694.0,50694.0,50685.0,50693.0,50689.0,50692.0,50694.0,50684.0
6902,50690.3,50693.0,50685.0,50694.0,50694.0,50685.0,50693.0,50689.0,50692.0,50694.0,50684.0
6903,50690.3,50693.0,50685.0,50694.0,50694.0,50685.0,50693.0,50689.0,50692.0,50694.0,50684.0
6904,50690.3,50693.0,50685.0,50694.0,50694.0,50685.0,50693.0,50689.0,50692.0,50694.0,50684.0
6905,50690.3,50693.0,50685.0,50694.0,50694.0,50685.0,50693.0,50689.0,50692.0,50694.0,50684.0
6906,50690.3,50693.0,50685.0,50694.0,50694.0,50685.0,50693.0,50689.0,50692.0,50694.0,50684.0
6907,50690.3,50693.0,50685.0,50694.0,50694.0,50685.0,50693.0,50689.0,50692.0,50694.0,50684.0
6908,50690.3,50693.0,50685.0,50694.0,50694.0,50685.0,50693.0,50689.0,50692.0,50694.0,50684.0
6909,50690.3,50693.0,50685.0,50694.0,50694.0,50685.0,50693.0,50689.0,50692.0,50694.0,50684.0
6910,50690.3,50693.0,50685.0,50694.0,50694.0,50685.0,50693.0,50689.0,50692.0,50694.0,50684.0
6911,50690.3,50693.0,50685.0,50694.0,50694.0,50685.0,50693.0,50689.0,50692.0,50694.0,50684.0
6912,50690.3,50693.0,50685.0,50694.0,50694.0,50685.0,50693.0,50689.0,50692.0,50694.0,50684.0
6913,50690.3,50693.0,50685.0,50694.0,50694.0,50685.0,50693.0,50689.0,50692.0,50694.0,50684.0
6914,50690.3,50693.0,50685.0,50694.0,50694.0,50685.0,50693.0,50689.0,50692.0,50694.0,50684.0
6915,50690.3,50693.0,50685.0,50694.0,50694.0,50685.0,50693.0,50689.0,50692.0,50694.0,50684.0
6916,50690.3,50693.0,50685.0,50694.0,50694.0,50685.0,50693.0,50689.0,50692.0,50694.0,50684.0
6917,50690.3,50693.0,50685.0,50694.0,50694.0,50685.0,50693.0,50689.0,50692.0,50694.0,50684.0
6918,50690.3,50693.0,50685.0,50694.0,50694.0,50685.0,50693.0,50689.0,50692.0,50694.0,50684.0
6919,50690.3,50693.0,50685.0,50694.0,50694.0,50685.0,50693.0,50689.0,50692.0,50694.0,50684.0
6920,50690.3,50693.0,50685.0,50694.0,50694.0,50685.0,50693.0,50689.0,50692.0,50694.0,50684.0
6921,50690.3,50693.0,50685.0,50694.0,50694.0,50685.0,50693.0,50689.0,50692.0,50694.0,50684.0
6922,50690.3,50693.0,50685.0,50694.0,50694.0,50685.0,50693.0,50689.0,50692.0,50694.0,50684.0
6923,50690.3,50693.0,50685.0,50694.0,50694.0,50685.0,50693.0,50689.0,50692.0,50694.0,50684.0
6924,50690.3,50693.0,50685.0,50694.0,50694.0,50685.0,50693.0,50689.0,50692.0,50694.0,50684.0
6925,50690.3,50693.0,50685.0,50694.0,50694.0,50685.0,50693.0,50689.0,50692.0,50694.0,50684.0
6926,50690.3,50693.0,50685.0,50694.0,50694.0,50685.0,50693.0,50689.0,50692.0,50694.0,50684.0
6927,50690.3,50693.0,50685.0,50694.0,50694.0,50685.0,50693.0,50689.0,50692.0,50694.0,50684.0
6928,50690.3,50693.0,50685.0,50694.0,50694.0,50685.0,50693.0,50689.0,50692.0,50694.0,50684.0
6929,50690.3,50693.0,50685.0,50694.0,50694.0,50685.0,50693.0,50689.0,50692.0,50694.0,50684.0
6930,50690.3,50693.0,50685.0,50694.0,50694.0,50685.0,50693.0,50689.0,50692.0,50694.0,50684.0
6931,50690.3,50693.0,50685.0,50694.0,50694.0,50685.0,50693.0,50689.0,50692.0,50694.0,50684.0
6932,50690.3,50693.0,50685.0,50694.0,50694.0,50685.0,50693.0,50689.0,50692.0,50694.0,50684.0
6933,50690.3,50693.0,50685.0,50694.0,50694.0,50685.0,50693.0,50689.0,50692.0,50694.0,50684.0
6934,50690.3,50693.0,50685.0,50694.0,50694.0,50685.0,50693.0,50689.0,50692.0,50694.0,50684.0
6935,50690.3,50693.0,50685.0,50694.0,50694.0,50685.0,50693.0,50689.0,50692.0,50694.0,50684.0
6936,50690.3,50693.0,50685.0,50694.0,50694.0,50685.0,50693.0,50689.0,50692.0,50694.0,50684.0
6937,50690.3,50693.0,50685.0,50694.0,50694.0,50685.0,50693.0,50689.0,50692.0,50694.0,50684.0
6938,50690.3,50693.0,50685.0,50694.0,50694.0,50685.0,50693.0,50689.0,50692.0,50694.0,50684.0
6939,50690.3,50693.0,50685.0,50694.0,50694.0,50685.0,50693.0,50689.0,50692.0,50694.0,50684.0
6940,50690.3,50693.0,50685.0,50694.0,50694.0,50685.0,50693.0,50689.0,50692.0,50694.0,50684.0
6941,50690.3,50693.0,50685.0,50694.0,50694.0,50685.0,50693.0,50689.0,50692.0,50694.0,50684.0
6942,50690.3,50693.0,50685.0,50694.0,50694.0,50685.0,50693.0,50689.0,50692.0,50694.0,50684.0
6943,50690.3,50693.0,50685.0,50694.0,50694.0,50685.0,50693.0,50689.0,50692.0,50694.0,50684.0
6944,50690.3,50693.0,50685.0,50694.0,50694.0,50685.0,50693.0,50689.0,50692.0,50694.0,50684.0
6945,50690.3,50693.0,50685.0,50694.0,50694.0,50685.0,50693.0,50689.0,50692.0,50694.0,50684.0
6946,50690.3,50693.0,50685.0,50694.0,50694.0,50685.0,50693.0,50689.0,50692.0,50694.0,50684.0
6947,50690.3,50693.0,50685.0,50694.0,50694.0,50685.0,50693.0,50689.0,50692.0,50694.0,50684.0
6948,50690.3,50693.0,50685.0,50694.0,50694.0,50685.0,50693.0,50689.0,50692.0,50694.0,50684.0
6949,50690.3,50693.0,50685.0,50694.0,50694.0,50685.0,50693.0,50689.0,50692.0,50694.0,50684.0
6950,50690.3,50693.0,50685.0,50694.0,50694.0,50685.0,50693.0,50689.0,50692.0,50694.0,50684.0
6951,50690.3,50693.0,50685.0,50694.0,50694.0,50685.0,50693.0,50689.0,50692.0,50694.0,50684.0
6952,50690.3,50693.0,50685.0,50694.0,50694.0,50685.0,50693.0,50689.0,50692.0,50694.0,50684.0
6953,50690.3,50693.0,50685.0,50694.0,50694.0,50685.0,50693.0,50689.0,50692.0,50694.0,50684.0
6954,50690.3,50693.0,50685.0,50694.0,50694.0,50685.0,50693.0,50689.0,50692.0,50694.0,50684.0
6955,50690.3,50693.0,50685.0,50694.0,50694.0,50685.0,50693.0,50689.0,50692.0,50694.0,50684.0
6956,50690.3,50693.0,50685.0,50694.0,50694.0,50685.0,50693.0,50689.0,50692.0,50694.0,50684.0
6957,50690.3,50693.0,50685.0,50694.0,50694.0,50685.0,50693.0,50689.0,50692.0,50694.0,50684.0
6958,50690.3,50693.0,50685.0,50694.0,50694.0,50685.0,50693.0,50689.0,50692.0,50694.0,50684.0
6959,50690.3,50693.0,50685.0,50694.0,50694.0,50685.0,50693.0,50689.0,50692.0,50694.0,50684.0
6960,50690.3,50693.0,50685.0,50694.0,50694.0,50685.0,50693.0,50689.0,50692.0,50694.0,50684.0
6961,50690.3,50693.0,50685.0,50694.0,50694.0,50685.0,50693.0,50689.0,50692.0,50694.0,50684.0
6962,50690.3,50693.0,50685.0,50694.0,50694.0,50685.0,50693.0,50689.0,50692.0,50694.0,50684.0
6963,50690.3,50693.0,50685.0,50694.0,50694.0,50685.0,50693.0,50689.0,50692.0,50694.0,50684.0
6964,50690.3,50693.0,50685.0,50694.0,50694.0,50685.0,50693.0,50689.0,50692.0,50694.0,50684.0
6965,50690.3,50693.0,50685.0,50694.0,50694.0,50685.0,50693.0,50689.0,50692.0,50694.0,50684.0
6966,50690.3,50693.0,50685.0,50694.0,50694.0,50685.0,50693.0,50689.0,50692.0,50694.0,50684.0
6967,50690.3,50693.0,50685.0,50694.0,50694.0,50685.0,50693.0,50689.0,50692.0,50694.0,50684.0
6968,50690.3,50693.0,50685.0,50694.0,50694.0,50685.0,50693.0,50689.0,50692.0,50694.0,50684.0
6969,50690.3,50693.0,50685.0,50694.0,50694.0,50685.0,50693.0,50689.0,50692.0,50694.0,50684.0
6970,50690.3,50693.0,50685.0,50694.0,50694.0,50685.0,50693.0,50689.0,50692.0,50694.0,50684.0
6971,50690.3,50693.0,50685.0,50694.0,50694.0,50685.0,50693.0,50689.0,50692.0,50694.0,50684.0
6972,50690.3,50693.0,50685.0,50694.0,50694.0,50685.0,50693.0,50689.0,50692.0,50694.0,50684.0
6973,50690.3,50693.0,50685.0,50694.0,50694.0,50685.0,50693.0,50689.0,50692.0,50694.0,50684.0
6974,50690.3,50693.0,50685.0,50694.0,50694.0,50685.0,50693.0,50689.0,50692.0,50694.0,50684.0
6975,50690.3,50693.0,50685.0,50694.0,50694.0,50685.0,50693.0,50689.0,50692.0,50694.0,50684.0
6976,50690.3,50693.0,50685.0,50694.0,50694.0,50685.0,50693.0,50689.0,50692.0,50694.0,50684.0
6977,50690.3,50693.0,50685.0,50694.0,50694.0,50685.0,50693.0,50689.0,50692.0,50694.0,50684.0
6978,50690.3,50693.0,50685.0,50694.0,50694.0,50685.0,50693.0,50689.0,50692.0,50694.0,50684.0
6979,50690.3,50693.0,50685.0,50694.0,50694.0,50685.0,50693.0,50689.0,50692.0,50694.0,50684.0
6980,50690.3,50693.0,50685.0,50694.0,50694.0,50685.0,50693.0,50689.0,50692.0,50694.0,50684.0
6981,50690.3,50693.0,50685.0,50694.0,50694.0,50685.0,50693.0,50689.0,50692.0,50694.0,50684.0
6982,50690.3,50693.0,50685.0,50694.0,50694.0,50685.0,50693.0,50689.0,50692.0,50694.0,50684.0
6983,50690.3,50693.0,50685.0,50694.0,50694.0,50685.0,50693.0,50689.0,50692.0,50694.0,50684.0
6984,50690.3,50693.0,50685.0,50694.0,50694.0,50685.0,50693.0,50689.0,50692.0,50694.0,50684.0
6985,50690.3,50693.0,50685.0,50694.0,50694.0,50685.0,50693.0,50689.0,50692.0,50694.0,50684.0
6986,50690.3,50693.0,50685.0,50694.0,50694.0,50685.0,50693.0,50689.0,50692.0,50694.0,50684.0
6987,50690.3,50693.0,50685.0,50694.0,50694.0,50685.0,50693.0,50689.0,50692.0,50694.0,50684.0
6988,50690.3,50693.0,50685.0,50694.0,50694.0,50685.0,50693.0,50689.0,50692.0,50694.0,50684.0
6989,50690.3,50693.0,50685.0,50694.0,50694.0,50685.0,50693.0,50689.0,50692.0,50694.0,50684.0
6990,50690.3,50693.0,50685.0,50694.0,50694.0,50685.0,50693.0,50689.0,50692.0,50694.0,50684.0
6991,50690.3,50693.0,50685.0,50694.0,50694.0,50685.0,50693.0,50689.0,50692.0,50694.0,50684.0
6992,50690.3,50693.0,50685.0,50694.0,50694.0,50685.0,50693.0,50689.0,50692.0,50694.0,50684.0
6993,50690.3,50693.0,50685.0,50694.0,50694.0,50685.0,50693.0,50689.0,50692.0,50694.0,50684.0
6994,50690.3,50693.0,50685.0,50694.0,50694.0,50685.0,50693.0,50689.0,50692.0,50694.0,50684.0
6995,50690.3,50693.0,50685.0,50694.0,50694.0,50685.0,50693.0,50689.0,50692.0,50694.0,50684.0
6996,50690.3,50693.0,50685.0,50694.0,50694.0,50685.0,50693.0,50689.0,50692.0,50694.0,50684.0
6997,50690.3,50693.0,50685.0,50694.0,50694.0,50685.0,50693.0,50689.0,50692.0,50694.0,50684.0
6998,50690.3,50693.0,50685.0,50694.0,50694.0,50685.0,50693.0,50689.0,50692.0,50694.0,50684.0
6999,50690.3,50693.0,50685.0,50694.0,50694.0,50685.0,50693.0,50689.0,50692.0,50694.0,50684.0
7000,50690.3,50693.0,50685.0,50694.0,50694.0,50685.0,50693.0,50689.0,50692.0,50694.0,50684.0
7001,50690.3,50693.0,50685.0,50694.0,50694.0,50685.0,50693.0,50689.0,50692.0,50694.0,50684.0
7002,50690.3,50693.0,50685.0,50694.0,50694.0,50685.0,50693.0,50689.0,50692.0,50694.0,50684.0
7003,50690.3,50693.0,50685.0,50694.0,50694.0,50685.0,50693.0,50689.0,50692.0,50694.0,50684.0
7004,50690.3,50693.0,50685.0,50694.0,50694.0,50685.0,50693.0,50689.0,50692.0,50694.0,50684.0
7005,50690.3,50693.0,50685.0,50694.0,50694.0,50685.0,50693.0,50689.0,50692.0,50694.0,50684.0
7006,50690.3,50693.0,50685.0,50694.0,50694.0,50685.0,50693.0,50689.0,50692.0,50694.0,50684.0
7007,50690.3,50693.0,50685.0,50694.0,50694.0,50685.0,50693.0,50689.0,50692.0,50694.0,50684.0
7008,50690.3,50693.0,50685.0,50694.0,50694.0,50685.0,50693.0,50689.0,50692.0,50694.0,50684.0
7009,50690.3,50693.0,50685.0,50694.0,50694.0,50685.0,50693.0,50689.0,50692.0,50694.0,50684.0
7010,50690.3,50693.0,50685.0,50694.0,50694.0,50685.0,50693.0,50689.0,50692.0,50694.0,50684.0
7011,50690.3,50693.0,50685.0,50694.0,50694.0,50685.0,50693.0,50689.0,50692.0,50694.0,50684.0
7012,50690.3,50693.0,50685.0,50694.0,50694.0,50685.0,50693.0,50689.0,50692.0,50694.0,50684.0
7013,50690.3,50693.0,50685.0,50694.0,50694.0,50685.0,50693.0,50689.0,50692.0,50694.0,50684.0
7014,50690.3,50693.0,50685.0,50694.0,50694.0,50685.0,50693.0,50689.0,50692.0,50694.0,50684.0
7015,50690.3,50693.0,50685.0,50694.0,50694.0,50685.0,50693.0,50689.0,50692.0,50694.0,50684.0
7016,50690.3,50693.0,50685.0,50694.0,50694.0,50685.0,50693.0,50689.0,50692.0,50694.0,50684.0
7017,50690.3,50693.0,50685.0,50694.0,50694.0,50685.0,50693.0,50689.0,50692.0,50694.0,50684.0
7018,50690.3,50693.0,50685.0,50694.0,50694.0,50685.0,50693.0,50689.0,50692.0,50694.0,50684.0
7019,50690.3,50693.0,50685.0,50694.0,50694.0,50685.0,50693.0,50689.0,50692.0,50694.0,50684.0
7020,50690.3,50693.0,50685.0,50694.0,50694.0,50685.0,50693.0,50689.0,50692.0,50694.0,50684.0
7021,50690.3,50693.0,50685.0,50694.0,50694.0,50685.0,50693.0,50689.0,50692.0,50694.0,50684.0
7022,50690.3,50693.0,50685.0,50694.0,50694.0,50685.0,50693.0,50689.0,50692.0,50694.0,50684.0
7023,50690.3,50693.0,50685.0,50694.0,50694.0,50685.0,50693.0,50689.0,50692.0,50694.0,50684.0
7024,50690.3,50693.0,50685.0,50694.0,50694.0,50685.0,50693.0,50689.0,50692.0,50694.0,50684.0
7025,50690.3,50693.0,50685.0,50694.0,50694.0,50685.0,50693.0,50689.0,50692.0,50694.0,50684.0
7026,50690.3,50693.0,50685.0,50694.0,50694.0,50685.0,50693.0,50689.0,50692.0,50694.0,50684.0
7027,50690.3,50693.0,50685.0,50694.0,50694.0,50685.0,50693.0,50689.0,50692.0,50694.0,50684.0
7028,50690.3,50693.0,50685.0,50694.0,50694.0,50685.0,50693.0,50689.0,50692.0,50694.0,50684.0
7029,50690.3,50693.0,50685.0,50694.0,50694.0,50685.0,50693.0,50689.0,50692.0,50694.0,50684.0
7030,50690.3,50693.0,50685.0,50694.0,50694.0,50685.0,50693.0,50689.0,50692.0,50694.0,50684.0
7031,50690.3,50693.0,50685.0,50694.0,50694.0,50685.0,50693.0,50689.0,50692.0,50694.0,50684.0
7032,50690.3,50693.0,50685.0,50694.0,50694.0,50685.0,50693.0,50689.0,50692.0,50694.0,50684.0
7033,50690.3,50693.0,50685.0,50694.0,50694.0,50685.0,50693.0,50689.0,50692.0,50694.0,50684.0
7034,50690.3,50693.0,50685.0,50694.0,50694.0,50685.0,50693.0,50689.0,50692.0,50694.0,50684.0
7035,50690.3,50693.0,50685.0,50694.0,50694.0,50685.0,50693.0,50689.0,50692.0,50694.0,50684.0
7036,50690.3,50693.0,50685.0,50694.0,50694.0,50685.0,50693.0,50689.0,50692.0,50694.0,50684.0
7037,50690.3,50693.0,50685.0,50694.0,50694.0,50685.0,50693.0,50689.0,50692.0,50694.0,50684.0
7038,50690.3,50693.0,50685.0,50694.0,50694.0,50685.0,50693.0,50689.0,50692.0,50694.0,50684.0
7039,50690.3,50693.0,50685.0,50694.0,50694.0,50685.0,50693.0,50689.0,50692.0,50694.0,50684.0
7040,50690.3,50693.0,50685.0,50694.0,50694.0,50685.0,50693.0,50689.0,50692.0,50694.0,50684.0
7041,50690.3,50693.0,50685.0,50694.0,50694.0,50685.0,50693.0,50689.0,50692.0,50694.0,50684.0
7042,50690.3,50693.0,50685.0,50694.0,50694.0,50685.0,50693.0,50689.0,50692.0,50694.0,50684.0
7043,50690.3,50693.0,50685.0,50694.0,50694.0,50685.0,50693.0,50689.0,50692.0,50694.0,50684.0
7044,50690.3,50693.0,50685.0,50694.0,50694.0,50685.0,50693.0,50689.0,50692.0,50694.0,50684.0
7045,50690.3,50693.0,50685.0,50694.0,50694.0,50685.0,50693.0,50689.0,50692.0,50694.0,50684.0
7046,50690.3,50693.0,50685.0,50694.0,50694.0,50685.0,50693.0,50689.0,50692.0,50694.0,50684.0
7047,50690.3,50693.0,50685.0,50694.0,50694.0,50685.0,50693.0,50689.0,50692.0,50694.0,50684.0
7048,50690.3,50693.0,50685.0,50694.0,50694.0,50685.0,50693.0,50689.0,50692.0,50694.0,50684.0
7049,50690.3,50693.0,50685.0,50694.0,50694.0,50685.0,50693.0,50689.0,50692.0,50694.0,50684.0
7050,50690.3,50693.0,50685.0,50694.0,50694.0,50685.0,50693.0,50689.0,50692.0,50694.0,50684.0
7051,50690.3,50693.0,50685.0,50694.0,50694.0,50685.0,50693.0,50689.0,50692.0,50694.0,50684.0
7052,50690.3,50693.0,50685.0,50694.0,50694.0,50685.0,50693.0,50689.0,50692.0,50694.0,50684.0
7053,50690.3,50693.0,50685.0,50694.0,50694.0,50685.0,50693.0,50689.0,50692.0,50694.0,50684.0
7054,50690.3,50693.0,50685.0,50694.0,50694.0,50685.0,50693.0,50689.0,50692.0,50694.0,50684.0
7055,50690.3,50693.0,50685.0,50694.0,50694.0,50685.0,50693.0,50689.0,50692.0,50694.0,50684.0
7056,50690.3,50693.0,50685.0,50694.0,50694.0,50685.0,50693.0,50689.0,50692.0,50694.0,50684.0
7057,50690.3,50693.0,50685.0,50694.0,50694.0,50685.0,50693.0,50689.0,50692.0,50694.0,50684.0
7058,50690.3,50693.0,50685.0,50694.0,50694.0,50685.0,50693.0,50689.0,50692.0,50694.0,50684.0
7059,50690.3,50693.0,50685.0,50694.0,50694.0,50685.0,50693.0,50689.0,50692.0,50694.0,50684.0
7060,50690.3,50693.0,50685.0,50694.0,50694.0,50685.0,50693.0,50689.0,50692.0,50694.0,50684.0
7061,50690.3,50693.0,50685.0,50694.0,50694.0,50685.0,50693.0,50689.0,50692.0,50694.0,50684.0
7062,50690.3,50693.0,50685.0,50694.0,50694.0,50685.0,50693.0,50689.0,50692.0,50694.0,50684.0
7063,50690.3,50693.0,50685.0,50694.0,50694.0,50685.0,50693.0,50689.0,50692.0,50694.0,50684.0
7064,50690.3,50693.0,50685.0,50694.0,50694.0,50685.0,50693.0,50689.0,50692.0,50694.0,50684.0
7065,50690.3,50693.0,50685.0,50694.0,50694.0,50685.0,50693.0,50689.0,50692.0,50694.0,50684.0
7066,50690.3,50693.0,50685.0,50694.0,50694.0,50685.0,50693.0,50689.0,50692.0,50694.0,50684.0
7067,50690.3,50693.0,50685.0,50694.0,50694.0,50685.0,50693.0,50689.0,50692.0,50694.0,50684.0
7068,50690.3,50693.0,50685.0,50694.0,50694.0,50685.0,50693.0,50689.0,50692.0,50694.0,50684.0
7069,50690.3,50693.0,50685.0,50694.0,50694.0,50685.0,50693.0,50689.0,50692.0,50694.0,50684.0
7070,50690.3,50693.0,50685.0,50694.0,50694.0,50685.0,50693.0,50689.0,50692.0,50694.0,50684.0
7071,50690.3,50693.0,50685.0,50694.0,50694.0,50685.0,50693.0,50689.0,50692.0,50694.0,50684.0
7072,50690.3,50693.0,50685.0,50694.0,50694.0,50685.0,50693.0,50689.0,50692.0,50694.0,50684.0
7073,50690.3,50693.0,50685.0,50694.0,50694.0,50685.0,50693.0,50689.0,50692.0,50694.0,50684.0
7074,50690.3,50693.0,50685.0,50694.0,50694.0,50685.0,50693.0,50689.0,50692.0,50694.0,50684.0
7075,50690.3,50693.0,50685.0,50694.0,50694.0,50685.0,50693.0,50689.0,50692.0,50694.0,50684.0
7076,50690.3,50693.0,50685.0,50694.0,50694.0,50685.0,50693.0,50689.0,50692.0,50694.0,50684.0
7077,50690.3,50693.0,50685.0,50694.0,50694.0,50685.0,50693.0,50689.0,50692.0,50694.0,50684.0
7078,50690.3,50693.0,50685.0,50694.0,50694.0,50685.0,50693.0,50689.0,50692.0,50694.0,50684.0
7079,50690.3,50693.0,50685.0,50694.0,50694.0,50685.0,50693.0,50689.0,50692.0,50694.0,50684.0
7080,50690.3,50693.0,50685.0,50694.0,50694.0,50685.0,50693.0,50689.0,50692.0,50694.0,50684.0
7081,50690.3,50693.0,50685.0,50694.0,50694.0,50685.0,50693.0,50689.0,50692.0,50694.0,50684.0
7082,50690.3,50693.0,50685.0,50694.0,50694.0,50685.0,50693.0,50689.0,50692.0,50694.0,50684.0
7083,50690.3,50693.0,50685.0,50694.0,50694.0,50685.0,50693.0,50689.0,50692.0,50694.0,50684.0
7084,50690.3,50693.0,50685.0,50694.0,50694.0,50685.0,50693.0,50689.0,50692.0,50694.0,50684.0
7085,50690.3,50693.0,50685.0,50694.0,50694.0,50685.0,50693.0,50689.0,50692.0,50694.0,50684.0
7086,50690.3,50693.0,50685.0,50694.0,50694.0,50685.0,50693.0,50689.0,50692.0,50694.0,50684.0
7087,50690.3,50693.0,50685.0,50694.0,50694.0,50685.0,50693.0,50689.0,50692.0,50694.0,50684.0
7088,50690.3,50693.0,50685.0,50694.0,50694.0,50685.0,50693.0,50689.0,50692.0,50694.0,50684.0
7089,50690.3,50693.0,50685.0,50694.0,50694.0,50685.0,50693.0,50689.0,50692.0,50694.0,50684.0
7090,50690.3,50693.0,50685.0,50694.0,50694.0,50685.0,50693.0,50689.0,50692.0,50694.0,50684.0
7091,50690.3,50693.0,50685.0,50694.0,50694.0,50685.0,50693.0,50689.0,50692.0,50694.0,50684.0
7092,50690.3,50693.0,50685.0,50694.0,50694.0,50685.0,50693.0,50689.0,50692.0,50694.0,50684.0
7093,50690.3,50693.0,50685.0,50694.0,50694.0,50685.0,50693.0,50689.0,50692.0,50694.0,50684.0
7094,50690.3,50693.0,50685.0,50694.0,50694.0,50685.0,50693.0,50689.0,50692.0,50694.0,50684.0
7095,50690.3,50693.0,50685.0,50694.0,50694.0,50685.0,50693.0,50689.0,50692.0,50694.0,50684.0
7096,50690.3,50693.0,50685.0,50694.0,50694.0,50685.0,50693.0,50689.0,50692.0,50694.0,50684.0
7097,50690.3,50693.0,50685.0,50694.0,50694.0,50685.0,50693.0,50689.0,50692.0,50694.0,50684.0
7098,50690.3,50693.0,50685.0,50694.0,50694.0,50685.0,50693.0,50689.0,50692.0,50694.0,50684.0
7099,50690.3,50693.0,50685.0,50694.0,50694.0,50685.0,50693.0,50689.0,50692.0,50694.0,50684.0
7100,50690.3,50693.0,50685.0,50694.0,50694.0,50685.0,50693.0,50689.0,50692.0,50694.0,50684.0
7101,50690.3,50693.0,50685.0,50694.0,50694.0,50685.0,50693.0,50689.0,50692.0,50694.0,50684.0
7102,50690.3,50693.0,50685.0,50694.0,50694.0,50685.0,50693.0,50689.0,50692.0,50694.0,50684.0
7103,50690.3,50693.0,50685.0,50694.0,50694.0,50685.0,50693.0,50689.0,50692.0,50694.0,50684.0
7104,50690.3,50693.0,50685.0,50694.0,50694.0,50685.0,50693.0,50689.0,50692.0,50694.0,50684.0
7105,50690.3,50693.0,50685.0,50694.0,50694.0,50685.0,50693.0,50689.0,50692.0,50694.0,50684.0
7106,50690.3,50693.0,50685.0,50694.0,50694.0,50685.0,50693.0,50689.0,50692.0,50694.0,50684.0
7107,50690.3,50693.0,50685.0,50694.0,50694.0,50685.0,50693.0,50689.0,50692.0,50694.0,50684.0
7108,50690.3,50693.0,50685.0,50694.0,50694.0,50685.0,50693.0,50689.0,50692.0,50694.0,50684.0
7109,50690.3,50693.0,50685.0,50694.0,50694.0,50685.0,50693.0,50689.0,50692.0,50694.0,50684.0
7110,50690.3,50693.0,50685.0,50694.0,50694.0,50685.0,50693.0,50689.0,50692.0,50694.0,50684.0
7111,50690.3,50693.0,50685.0,50694.0,50694.0,50685.0,50693.0,50689.0,50692.0,50694.0,50684.0
7112,50690.3,50693.0,50685.0,50694.0,50694.0,50685.0,50693.0,50689.0,50692.0,50694.0,50684.0
7113,50690.3,50693.0,50685.0,50694.0,50694.0,50685.0,50693.0,50689.0,50692.0,50694.0,50684.0
7114,50690.3,50693.0,50685.0,50694.0,50694.0,50685.0,50693.0,50689.0,50692.0,50694.0,50684.0
7115,50690.3,50693.0,50685.0,50694.0,50694.0,50685.0,50693.0,50689.0,50692.0,50694.0,50684.0
7116,50690.3,50693.0,50685.0,50694.0,50694.0,50685.0,50693.0,50689.0,50692.0,50694.0,50684.0
7117,50690.3,50693.0,50685.0,50694.0,50694.0,50685.0,50693.0,50689.0,50692.0,50694.0,50684.0
7118,50690.3,50693.0,50685.0,50694.0,50694.0,50685.0,50693.0,50689.0,50692.0,50694.0,50684.0
7119,50690.3,50693.0,50685.0,50694.0,50694.0,50685.0,50693.0,50689.0,50692.0,50694.0,50684.0
7120,50690.3,50693.0,50685.0,50694.0,50694.0,50685.0,50693.0,50689.0,50692.0,50694.0,50684.0
7121,50690.3,50693.0,50685.0,50694.0,50694.0,50685.0,50693.0,50689.0,50692.0,50694.0,50684.0
7122,50690.3,50693.0,50685.0,50694.0,50694.0,50685.0,50693.0,50689.0,50692.0,50694.0,50684.0
7123,50690.3,50693.0,50685.0,50694.0,50694.0,50685.0,50693.0,50689.0,50692.0,50694.0,50684.0
7124,50690.3,50693.0,50685.0,50694.0,50694.0,50685.0,50693.0,50689.0,50692.0,50694.0,50684.0
7125,50690.3,50693.0,50685.0,50694.0,50694.0,50685.0,50693.0,50689.0,50692.0,50694.0,50684.0
7126,50690.3,50693.0,50685.0,50694.0,50694.0,50685.0,50693.0,50689.0,50692.0,50694.0,50684.0
7127,50690.3,50693.0,50685.0,50694.0,50694.0,50685.0,50693.0,50689.0,50692.0,50694.0,50684.0
7128,50690.3,50693.0,50685.0,50694.0,50694.0,50685.0,50693.0,50689.0,50692.0,50694.0,50684.0
7129,50690.3,50693.0,50685.0,50694.0,50694.0,50685.0,50693.0,50689.0,50692.0,50694.0,50684.0
7130,50690.3,50693.0,50685.0,50694.0,50694.0,50685.0,50693.0,50689.0,50692.0,50694.0,50684.0
7131,50690.3,50693.0,50685.0,50694.0,50694.0,50685.0,50693.0,50689.0,50692.0,50694.0,50684.0
7132,50690.3,50693.0,50685.0,50694.0,50694.0,50685.0,50693.0,50689.0,50692.0,50694.0,50684.0
7133,50690.3,50693.0,50685.0,50694.0,50694.0,50685.0,50693.0,50689.0,50692.0,50694.0,50684.0
7134,50690.3,50693.0,50685.0,50694.0,50694.0,50685.0,50693.0,50689.0,50692.0,50694.0,50684.0
7135,50690.3,50693.0,50685.0,50694.0,50694.0,50685.0,50693.0,50689.0,50692.0,50694.0,50684.0
7136,50690.3,50693.0,50685.0,50694.0,50694.0,50685.0,50693.0,50689.0,50692.0,50694.0,50684.0
7137,50690.3,50693.0,50685.0,50694.0,50694.0,50685.0,50693.0,50689.0,50692.0,50694.0,50684.0
7138,50690.3,50693.0,50685.0,50694.0,50694.0,50685.0,50693.0,50689.0,50692.0,50694.0,50684.0
7139,50690.3,50693.0,50685.0,50694.0,50694.0,50685.0,50693.0,50689.0,50692.0,50694.0,50684.0
7140,50690.3,50693.0,50685.0,50694.0,50694.0,50685.0,50693.0,50689.0,50692.0,50694.0,50684.0
7141,50690.3,50693.0,50685.0,50694.0,50694.0,50685.0,50693.0,50689.0,50692.0,50694.0,50684.0
7142,50690.3,50693.0,50685.0,50694.0,50694.0,50685.0,50693.0,50689.0,50692.0,50694.0,50684.0
7143,50690.3,50693.0,50685.0,50694.0,50694.0,50685.0,50693.0,50689.0,50692.0,50694.0,50684.0
7144,50690.3,50693.0,50685.0,50694.0,50694.0,50685.0,50693.0,50689.0,50692.0,50694.0,50684.0
7145,50690.3,50693.0,50685.0,50694.0,50694.0,50685.0,50693.0,50689.0,50692.0,50694.0,50684.0
7146,50690.3,50693.0,50685.0,50694.0,50694.0,50685.0,50693.0,50689.0,50692.0,50694.0,50684.0
7147,50690.3,50693.0,50685.0,50694.0,50694.0,50685.0,50693.0,50689.0,50692.0,50694.0,50684.0
7148,50690.3,50693.0,50685.0,50694.0,50694.0,50685.0,50693.0,50689.0,50692.0,50694.0,50684.0
7149,50690.3,50693.0,50685.0,50694.0,50694.0,50685.0,50693.0,50689.0,50692.0,50694.0,50684.0
7150,50690.3,50693.0,50685.0,50694.0,50694.0,50685.0,50693.0,50689.0,50692.0,50694.0,50684.0
7151,50690.3,50693.0,50685.0,50694.0,50694.0,50685.0,50693.0,50689.0,50692.0,50694.0,50684.0
7152,50690.3,50693.0,50685.0,50694.0,50694.0,50685.0,50693.0,50689.0,50692.0,50694.0,50684.0
7153,50690.3,50693.0,50685.0,50694.0,50694.0,50685.0,50693.0,50689.0,50692.0,50694.0,50684.0
7154,50690.3,50693.0,50685.0,50694.0,50694.0,50685.0,50693.0,50689.0,50692.0,50694.0,50684.0
7155,50690.3,50693.0,50685.0,50694.0,50694.0,50685.0,50693.0,50689.0,50692.0,50694.0,50684.0
7156,50690.3,50693.0,50685.0,50694.0,50694.0,50685.0,50693.0,50689.0,50692.0,50694.0,50684.0
7157,50690.3,50693.0,50685.0,50694.0,50694.0,50685.0,50693.0,50689.0,50692.0,50694.0,50684.0
7158,50690.3,50693.0,50685.0,50694.0,50694.0,50685.0,50693.0,50689.0,50692.0,50694.0,50684.0
7159,50690.3,50693.0,50685.0,50694.0,50694.0,50685.0,50693.0,50689.0,50692.0,50694.0,50684.0
7160,50690.3,50693.0,50685.0,50694.0,50694.0,50685.0,50693.0,50689.0,50692.0,50694.0,50684.0
7161,50690.3,50693.0,50685.0,50694.0,50694.0,50685.0,50693.0,50689.0,50692.0,50694.0,50684.0
7162,50690.3,50693.0,50685.0,50694.0,50694.0,50685.0,50693.0,50689.0,50692.0,50694.0,50684.0
7163,50690.3,50693.0,50685.0,50694.0,50694.0,50685.0,50693.0,50689.0,50692.0,50694.0,50684.0
7164,50690.3,50693.0,50685.0,50694.0,50694.0,50685.0,50693.0,50689.0,50692.0,50694.0,50684.0
7165,50690.3,50693.0,50685.0,50694.0,50694.0,50685.0,50693.0,50689.0,50692.0,50694.0,50684.0
7166,50690.3,50693.0,50685.0,50694.0,50694.0,50685.0,50693.0,50689.0,50692.0,50694.0,50684.0
7167,50690.3,50693.0,50685.0,50694.0,50694.0,50685.0,50693.0,50689.0,50692.0,50694.0,50684.0
7168,50690.3,50693.0,50685.0,50694.0,50694.0,50685.0,50693.0,50689.0,50692.0,50694.0,50684.0
7169,50690.3,50693.0,50685.0,50694.0,50694.0,50685.0,50693.0,50689.0,50692.0,50694.0,50684.0
7170,50690.3,50693.0,50685.0,50694.0,50694.0,50685.0,50693.0,50689.0,50692.0,50694.0,50684.0
7171,50690.3,50693.0,50685.0,50694.0,50694.0,50685.0,50693.0,50689.0,50692.0,50694.0,50684.0
7172,50690.3,50693.0,50685.0,50694.0,50694.0,50685.0,50693.0,50689.0,50692.0,50694.0,50684.0
7173,50690.3,50693.0,50685.0,50694.0,50694.0,50685.0,50693.0,50689.0,50692.0,50694.0,50684.0
7174,50690.3,50693.0,50685.0,50694.0,50694.0,50685.0,50693.0,50689.0,50692.0,50694.0,50684.0
7175,50690.3,50693.0,50685.0,50694.0,50694.0,50685.0,50693.0,50689.0,50692.0,50694.0,50684.0
7176,50690.3,50693.0,50685.0,50694.0,50694.0,50685.0,50693.0,50689.0,50692.0,50694.0,50684.0
7177,50690.3,50693.0,50685.0,50694.0,50694.0,50685.0,50693.0,50689.0,50692.0,50694.0,50684.0
7178,50690.3,50693.0,50685.0,50694.0,50694.0,50685.0,50693.0,50689.0,50692.0,50694.0,50684.0
7179,50690.3,50693.0,50685.0,50694.0,50694.0,50685.0,50693.0,50689.0,50692.0,50694.0,50684.0
7180,50690.3,50693.0,50685.0,50694.0,50694.0,50685.0,50693.0,50689.0,50692.0,50694.0,50684.0
7181,50690.3,50693.0,50685.0,50694.0,50694.0,50685.0,50693.0,50689.0,50692.0,50694.0,50684.0
7182,50690.3,50693.0,50685.0,50694.0,50694.0,50685.0,50693.0,50689.0,50692.0,50694.0,50684.0
7183,50690.3,50693.0,50685.0,50694.0,50694.0,50685.0,50693.0,50689.0,50692.0,50694.0,50684.0
7184,50690.3,50693.0,50685.0,50694.0,50694.0,50685.0,50693.0,50689.0,50692.0,50694.0,50684.0
7185,50690.3,50693.0,50685.0,50694.0,50694.0,50685.0,50693.0,50689.0,50692.0,50694.0,50684.0
7186,50690.3,50693.0,50685.0,50694.0,50694.0,50685.0,50693.0,50689.0,50692.0,50694.0,50684.0
7187,50690.3,50693.0,50685.0,50694.0,50694.0,50685.0,50693.0,50689.0,50692.0,50694.0,50684.0
7188,50690.3,50693.0,50685.0,50694.0,50694.0,50685.0,50693.0,50689.0,50692.0,50694.0,50684.0
7189,50690.3,50693.0,50685.0,50694.0,50694.0,50685.0,50693.0,50689.0,50692.0,50694.0,50684.0
7190,50690.3,50693.0,50685.0,50694.0,50694.0,50685.0,50693.0,50689.0,50692.0,50694.0,50684.0
7191,50690.3,50693.0,50685.0,50694.0,50694.0,50685.0,50693.0,50689.0,50692.0,50694.0,50684.0
7192,50690.3,50693.0,50685.0,50694.0,50694.0,50685.0,50693.0,50689.0,50692.0,50694.0,50684.0
7193,50690.3,50693.0,50685.0,50694.0,50694.0,50685.0,50693.0,50689.0,50692.0,50694.0,50684.0
7194,50690.3,50693.0,50685.0,50694.0,50694.0,50685.0,50693.0,50689.0,50692.0,50694.0,50684.0
7195,50690.3,50693.0,50685.0,50694.0,50694.0,50685.0,50693.0,50689.0,50692.0,50694.0,50684.0
7196,50690.3,50693.0,50685.0,50694.0,50694.0,50685.0,50693.0,50689.0,50692.0,50694.0,50684.0
7197,50690.3,50693.0,50685.0,50694.0,50694.0,50685.0,50693.0,50689.0,50692.0,50694.0,50684.0
7198,50690.3,50693.0,50685.0,50694.0,50694.0,50685.0,50693.0,50689.0,50692.0,50694.0,50684.0
7199,50690.3,50693.0,50685.0,50694.0,50694.0,50685.0,50693.0,50689.0,50692.0,50694.0,50684.0
7200,50690.3,50693.0,50685.0,50694.0,50694.0,50685.0,50693.0,50689.0,50692.0,50694.0,50684.0
7201,50690.3,50693.0,50685.0,50694.0,50694.0,50685.0,50693.0,50689.0,50692.0,50694.0,50684.0
7202,50690.3,50693.0,50685.0,50694.0,50694.0,50685.0,50693.0,50689.0,50692.0,50694.0,50684.0
7203,50690.3,50693.0,50685.0,50694.0,50694.0,50685.0,50693.0,50689.0,50692.0,50694.0,50684.0
7204,50690.3,50693.0,50685.0,50694.0,50694.0,50685.0,50693.0,50689.0,50692.0,50694.0,50684.0
7205,50690.3,50693.0,50685.0,50694.0,50694.0,50685.0,50693.0,50689.0,50692.0,50694.0,50684.0
7206,50690.3,50693.0,50685.0,50694.0,50694.0,50685.0,50693.0,50689.0,50692.0,50694.0,50684.0
7207,50690.3,50693.0,50685.0,50694.0,50694.0,50685.0,50693.0,50689.0,50692.0,50694.0,50684.0
7208,50690.3,50693.0,50685.0,50694.0,50694.0,50685.0,50693.0,50689.0,50692.0,50694.0,50684.0
7209,50690.3,50693.0,50685.0,50694.0,50694.0,50685.0,50693.0,50689.0,50692.0,50694.0,50684.0
7210,50690.3,50693.0,50685.0,50694.0,50694.0,50685.0,50693.0,50689.0,50692.0,50694.0,50684.0
7211,50690.3,50693.0,50685.0,50694.0,50694.0,50685.0,50693.0,50689.0,50692.0,50694.0,50684.0
7212,50690.3,50693.0,50685.0,50694.0,50694.0,50685.0,50693.0,50689.0,50692.0,50694.0,50684.0
7213,50690.3,50693.0,50685.0,50694.0,50694.0,50685.0,50693.0,50689.0,50692.0,50694.0,50684.0
7214,50690.3,50693.0,50685.0,50694.0,50694.0,50685.0,50693.0,50689.0,50692.0,50694.0,50684.0
7215,50690.3,50693.0,50685.0,50694.0,50694.0,50685.0,50693.0,50689.0,50692.0,50694.0,50684.0
7216,50690.3,50693.0,50685.0,50694.0,50694.0,50685.0,50693.0,50689.0,50692.0,50694.0,50684.0
7217,50690.3,50693.0,50685.0,50694.0,50694.0,50685.0,50693.0,50689.0,50692.0,50694.0,50684.0
7218,50690.3,50693.0,50685.0,50694.0,50694.0,50685.0,50693.0,50689.0,50692.0,50694.0,50684.0
7219,50690.3,50693.0,50685.0,50694.0,50694.0,50685.0,50693.0,50689.0,50692.0,50694.0,50684.0
7220,50690.3,50693.0,50685.0,50694.0,50694.0,50685.0,50693.0,50689.0,50692.0,50694.0,50684.0
7221,50690.3,50693.0,50685.0,50694.0,50694.0,50685.0,50693.0,50689.0,50692.0,50694.0,50684.0
7222,50690.3,50693.0,50685.0,50694.0,50694.0,50685.0,50693.0,50689.0,50692.0,50694.0,50684.0
7223,50690.3,50693.0,50685.0,50694.0,50694.0,50685.0,50693.0,50689.0,50692.0,50694.0,50684.0
7224,50690.3,50693.0,50685.0,50694.0,50694.0,50685.0,50693.0,50689.0,50692.0,50694.0,50684.0
7225,50690.3,50693.0,50685.0,50694.0,50694.0,50685.0,50693.0,50689.0,50692.0,50694.0,50684.0
7226,50690.3,50693.0,50685.0,50694.0,50694.0,50685.0,50693.0,50689.0,50692.0,50694.0,50684.0
7227,50690.3,50693.0,50685.0,50694.0,50694.0,50685.0,50693.0,50689.0,50692.0,50694.0,50684.0
7228,50690.3,50693.0,50685.0,50694.0,50694.0,50685.0,50693.0,50689.0,50692.0,50694.0,50684.0
7229,50690.3,50693.0,50685.0,50694.0,50694.0,50685.0,50693.0,50689.0,50692.0,50694.0,50684.0
7230,50690.3,50693.0,50685.0,50694.0,50694.0,50685.0,50693.0,50689.0,50692.0,50694.0,50684.0
7231,50690.3,50693.0,50685.0,50694.0,50694.0,50685.0,50693.0,50689.0,50692.0,50694.0,50684.0
7232,50690.3,50693.0,50685.0,50694.0,50694.0,50685.0,50693.0,50689.0,50692.0,50694.0,50684.0
7233,50690.3,50693.0,50685.0,50694.0,50694.0,50685.0,50693.0,50689.0,50692.0,50694.0,50684.0
7234,50690.3,50693.0,50685.0,50694.0,50694.0,50685.0,50693.0,50689.0,50692.0,50694.0,50684.0
7235,50690.3,50693.0,50685.0,50694.0,50694.0,50685.0,50693.0,50689.0,50692.0,50694.0,50684.0
7236,50690.3,50693.0,50685.0,50694.0,50694.0,50685.0,50693.0,50689.0,50692.0,50694.0,50684.0
7237,50690.3,50693.0,50685.0,50694.0,50694.0,50685.0,50693.0,50689.0,50692.0,50694.0,50684.0
7238,50690.3,50693.0,50685.0,50694.0,50694.0,50685.0,50693.0,50689.0,50692.0,50694.0,50684.0
7239,50690.3,50693.0,50685.0,50694.0,50694.0,50685.0,50693.0,50689.0,50692.0,50694.0,50684.0
7240,50690.3,50693.0,50685.0,50694.0,50694.0,50685.0,50693.0,50689.0,50692.0,50694.0,50684.0
7241,50690.3,50693.0,50685.0,50694.0,50694.0,50685.0,50693.0,50689.0,50692.0,50694.0,50684.0
7242,50690.3,50693.0,50685.0,50694.0,50694.0,50685.0,50693.0,50689.0,50692.0,50694.0,50684.0
7243,50690.3,50693.0,50685.0,50694.0,50694.0,50685.0,50693.0,50689.0,50692.0,50694.0,50684.0
7244,50690.3,50693.0,50685.0,50694.0,50694.0,50685.0,50693.0,50689.0,50692.0,50694.0,50684.0
7245,50690.3,50693.0,50685.0,50694.0,50694.0,50685.0,50693.0,50689.0,50692.0,50694.0,50684.0
7246,50690.3,50693.0,50685.0,50694.0,50694.0,50685.0,50693.0,50689.0,50692.0,50694.0,50684.0
7247,50690.3,50693.0,50685.0,50694.0,50694.0,50685.0,50693.0,50689.0,50692.0,50694.0,50684.0
7248,50690.3,50693.0,50685.0,50694.0,50694.0,50685.0,50693.0,50689.0,50692.0,50694.0,50684.0
7249,50690.3,50693.0,50685.0,50694.0,50694.0,50685.0,50693.0,50689.0,50692.0,50694.0,50684.0
7250,50690.3,50693.0,50685.0,50694.0,50694.0,50685.0,50693.0,50689.0,50692.0,50694.0,50684.0
7251,50690.3,50693.0,50685.0,50694.0,50694.0,50685.0,50693.0,50689.0,50692.0,50694.0,50684.0
7252,50690.3,50693.0,50685.0,50694.0,50694.0,50685.0,50693.0,50689.0,50692.0,50694.0,50684.0
7253,50690.3,50693.0,50685.0,50694.0,50694.0,50685.0,50693.0,50689.0,50692.0,50694.0,50684.0
7254,50690.3,50693.0,50685.0,50694.0,50694.0,50685.0,50693.0,50689.0,50692.0,50694.0,50684.0
7255,50690.3,50693.0,50685.0,50694.0,50694.0,50685.0,50693.0,50689.0,50692.0,50694.0,50684.0
7256,50690.3,50693.0,50685.0,50694.0,50694.0,50685.0,50693.0,50689.0,50692.0,50694.0,50684.0
7257,50690.3,50693.0,50685.0,50694.0,50694.0,50685.0,50693.0,50689.0,50692.0,50694.0,50684.0
7258,50690.3,50693.0,50685.0,50694.0,50694.0,50685.0,50693.0,50689.0,50692.0,50694.0,50684.0
7259,50690.3,50693.0,50685.0,50694.0,50694.0,50685.0,50693.0,50689.0,50692.0,50694.0,50684.0
7260,50690.3,50693.0,50685.0,50694.0,50694.0,50685.0,50693.0,50689.0,50692.0,50694.0,50684.0
7261,50690.3,50693.0,50685.0,50694.0,50694.0,50685.0,50693.0,50689.0,50692.0,50694.0,50684.0
7262,50690.3,50693.0,50685.0,50694.0,50694.0,50685.0,50693.0,50689.0,50692.0,50694.0,50684.0
7263,50690.3,50693.0,50685.0,50694.0,50694.0,50685.0,50693.0,50689.0,50692.0,50694.0,50684.0
7264,50690.3,50693.0,50685.0,50694.0,50694.0,50685.0,50693.0,50689.0,50692.0,50694.0,50684.0
7265,50690.3,50693.0,50685.0,50694.0,50694.0,50685.0,50693.0,50689.0,50692.0,50694.0,50684.0
7266,50690.3,50693.0,50685.0,50694.0,50694.0,50685.0,50693.0,50689.0,50692.0,50694.0,50684.0
7267,50690.3,50693.0,50685.0,50694.0,50694.0,50685.0,50693.0,50689.0,50692.0,50694.0,50684.0
7268,50690.3,50693.0,50685.0,50694.0,50694.0,50685.0,50693.0,50689.0,50692.0,50694.0,50684.0
7269,50690.3,50693.0,50685.0,50694.0,50694.0,50685.0,50693.0,50689.0,50692.0,50694.0,50684.0
7270,50690.3,50693.0,50685.0,50694.0,50694.0,50685.0,50693.0,50689.0,50692.0,50694.0,50684.0
7271,50690.3,50693.0,50685.0,50694.0,50694.0,50685.0,50693.0,50689.0,50692.0,50694.0,50684.0
7272,50690.3,50693.0,50685.0,50694.0,50694.0,50685.0,50693.0,50689.0,50692.0,50694.0,50684.0
7273,50690.3,50693.0,50685.0,50694.0,50694.0,50685.0,50693.0,50689.0,50692.0,50694.0,50684.0
7274,50690.3,50693.0,50685.0,50694.0,50694.0,50685.0,50693.0,50689.0,50692.0,50694.0,50684.0
7275,50690.3,50693.0,50685.0,50694.0,50694.0,50685.0,50693.0,50689.0,50692.0,50694.0,50684.0
7276,50690.3,50693.0,50685.0,50694.0,50694.0,50685.0,50693.0,50689.0,50692.0,50694.0,50684.0
7277,50690.3,50693.0,50685.0,50694.0,50694.0,50685.0,50693.0,50689.0,50692.0,50694.0,50684.0
7278,50690.3,50693.0,50685.0,50694.0,50694.0,50685.0,50693.0,50689.0,50692.0,50694.0,50684.0
7279,50690.3,50693.0,50685.0,50694.0,50694.0,50685.0,50693.0,50689.0,50692.0,50694.0,50684.0
7280,50690.3,50693.0,50685.0,50694.0,50694.0,50685.0,50693.0,50689.0,50692.0,50694.0,50684.0
7281,50690.3,50693.0,50685.0,50694.0,50694.0,50685.0,50693.0,50689.0,50692.0,50694.0,50684.0
7282,50690.3,50693.0,50685.0,50694.0,50694.0,50685.0,50693.0,50689.0,50692.0,50694.0,50684.0
7283,50690.3,50693.0,50685.0,50694.0,50694.0,50685.0,50693.0,50689.0,50692.0,50694.0,50684.0
7284,50690.3,50693.0,50685.0,50694.0,50694.0,50685.0,50693.0,50689.0,50692.0,50694.0,50684.0
7285,50690.3,50693.0,50685.0,50694.0,50694.0,50685.0,50693.0,50689.0,50692.0,50694.0,50684.0
7286,50690.3,50693.0,50685.0,50694.0,50694.0,50685.0,50693.0,50689.0,50692.0,50694.0,50684.0
7287,50690.3,50693.0,50685.0,50694.0,50694.0,50685.0,50693.0,50689.0,50692.0,50694.0,50684.0
7288,50690.3,50693.0,50685.0,50694.0,50694.0,50685.0,50693.0,50689.0,50692.0,50694.0,50684.0
7289,50690.3,50693.0,50685.0,50694.0,50694.0,50685.0,50693.0,50689.0,50692.0,50694.0,50684.0
7290,50690.3,50693.0,50685.0,50694.0,50694.0,50685.0,50693.0,50689.0,50692.0,50694.0,50684.0
7291,50690.3,50693.0,50685.0,50694.0,50694.0,50685.0,50693.0,50689.0,50692.0,50694.0,50684.0
7292,50690.3,50693.0,50685.0,50694.0,50694.0,50685.0,50693.0,50689.0,50692.0,50694.0,50684.0
7293,50690.3,50693.0,50685.0,50694.0,50694.0,50685.0,50693.0,50689.0,50692.0,50694.0,50684.0
7294,50690.3,50693.0,50685.0,50694.0,50694.0,50685.0,50693.0,50689.0,50692.0,50694.0,50684.0
7295,50690.3,50693.0,50685.0,50694.0,50694.0,50685.0,50693.0,50689.0,50692.0,50694.0,50684.0
7296,50690.3,50693.0,50685.0,50694.0,50694.0,50685.0,50693.0,50689.0,50692.0,50694.0,50684.0
7297,50690.3,50693.0,50685.0,50694.0,50694.0,50685.0,50693.0,50689.0,50692.0,50694.0,50684.0
7298,50690.3,50693.0,50685.0,50694.0,50694.0,50685.0,50693.0,50689.0,50692.0,50694.0,50684.0
7299,50690.3,50693.0,50685.0,50694.0,50694.0,50685.0,50693.0,50689.0,50692.0,50694.0,50684.0
7300,50690.3,50693.0,50685.0,50694.0,50694.0,50685.0,50693.0,50689.0,50692.0,50694.0,50684.0
7301,50690.3,50693.0,50685.0,50694.0,50694.0,50685.0,50693.0,50689.0,50692.0,50694.0,50684.0
7302,50690.3,50693.0,50685.0,50694.0,50694.0,50685.0,50693.0,50689.0,50692.0,50694.0,50684.0
7303,50690.3,50693.0,50685.0,50694.0,50694.0,50685.0,50693.0,50689.0,50692.0,50694.0,50684.0
7304,50690.3,50693.0,50685.0,50694.0,50694.0,50685.0,50693.0,50689.0,50692.0,50694.0,50684.0
7305,50690.3,50693.0,50685.0,50694.0,50694.0,50685.0,50693.0,50689.0,50692.0,50694.0,50684.0
7306,50690.3,50693.0,50685.0,50694.0,50694.0,50685.0,50693.0,50689.0,50692.0,50694.0,50684.0
7307,50690.3,50693.0,50685.0,50694.0,50694.0,50685.0,50693.0,50689.0,50692.0,50694.0,50684.0
7308,50690.3,50693.0,50685.0,50694.0,50694.0,50685.0,50693.0,50689.0,50692.0,50694.0,50684.0
7309,50690.3,50693.0,50685.0,50694.0,50694.0,50685.0,50693.0,50689.0,50692.0,50694.0,50684.0
7310,50690.3,50693.0,50685.0,50694.0,50694.0,50685.0,50693.0,50689.0,50692.0,50694.0,50684.0
7311,50690.3,50693.0,50685.0,50694.0,50694.0,50685.0,50693.0,50689.0,50692.0,50694.0,50684.0
7312,50690.3,50693.0,50685.0,50694.0,50694.0,50685.0,50693.0,50689.0,50692.0,50694.0,50684.0
7313,50690.3,50693.0,50685.0,50694.0,50694.0,50685.0,50693.0,50689.0,50692.0,50694.0,50684.0
7314,50690.3,50693.0,50685.0,50694.0,50694.0,50685.0,50693.0,50689.0,50692.0,50694.0,50684.0
7315,50690.3,50693.0,50685.0,50694.0,50694.0,50685.0,50693.0,50689.0,50692.0,50694.0,50684.0
7316,50690.3,50693.0,50685.0,50694.0,50694.0,50685.0,50693.0,50689.0,50692.0,50694.0,50684.0
7317,50690.3,50693.0,50685.0,50694.0,50694.0,50685.0,50693.0,50689.0,50692.0,50694.0,50684.0
7318,50690.3,50693.0,50685.0,50694.0,50694.0,50685.0,50693.0,50689.0,50692.0,50694.0,50684.0
7319,50690.3,50693.0,50685.0,50694.0,50694.0,50685.0,50693.0,50689.0,50692.0,50694.0,50684.0
7320,50690.3,50693.0,50685.0,50694.0,50694.0,50685.0,50693.0,50689.0,50692.0,50694.0,50684.0
7321,50690.3,50693.0,50685.0,50694.0,50694.0,50685.0,50693.0,50689.0,50692.0,50694.0,50684.0
7322,50690.3,50693.0,50685.0,50694.0,50694.0,50685.0,50693.0,50689.0,50692.0,50694.0,50684.0
7323,50690.3,50693.0,50685.0,50694.0,50694.0,50685.0,50693.0,50689.0,50692.0,50694.0,50684.0
7324,50690.3,50693.0,50685.0,50694.0,50694.0,50685.0,50693.0,50689.0,50692.0,50694.0,50684.0
7325,50690.3,50693.0,50685.0,50694.0,50694.0,50685.0,50693.0,50689.0,50692.0,50694.0,50684.0
7326,50690.3,50693.0,50685.0,50694.0,50694.0,50685.0,50693.0,50689.0,50692.0,50694.0,50684.0
7327,50690.3,50693.0,50685.0,50694.0,50694.0,50685.0,50693.0,50689.0,50692.0,50694.0,50684.0
7328,50690.3,50693.0,50685.0,50694.0,50694.0,50685.0,50693.0,50689.0,50692.0,50694.0,50684.0
7329,50690.3,50693.0,50685.0,50694.0,50694.0,50685.0,50693.0,50689.0,50692.0,50694.0,50684.0
7330,50690.3,50693.0,50685.0,50694.0,50694.0,50685.0,50693.0,50689.0,50692.0,50694.0,50684.0
7331,50690.3,50693.0,50685.0,50694.0,50694.0,50685.0,50693.0,50689.0,50692.0,50694.0,50684.0
7332,50690.3,50693.0,50685.0,50694.0,50694.0,50685.0,50693.0,50689.0,50692.0,50694.0,50684.0
7333,50690.3,50693.0,50685.0,50694.0,50694.0,50685.0,50693.0,50689.0,50692.0,50694.0,50684.0
7334,50690.3,50693.0,50685.0,50694.0,50694.0,50685.0,50693.0,50689.0,50692.0,50694.0,50684.0
7335,50690.3,50693.0,50685.0,50694.0,50694.0,50685.0,50693.0,50689.0,50692.0,50694.0,50684.0
7336,50690.3,50693.0,50685.0,50694.0,50694.0,50685.0,50693.0,50689.0,50692.0,50694.0,50684.0
7337,50690.3,50693.0,50685.0,50694.0,50694.0,50685.0,50693.0,50689.0,50692.0,50694.0,50684.0
7338,50690.3,50693.0,50685.0,50694.0,50694.0,50685.0,50693.0,50689.0,50692.0,50694.0,50684.0
7339,50690.3,50693.0,50685.0,50694.0,50694.0,50685.0,50693.0,50689.0,50692.0,50694.0,50684.0
7340,50690.3,50693.0,50685.0,50694.0,50694.0,50685.0,50693.0,50689.0,50692.0,50694.0,50684.0
7341,50690.3,50693.0,50685.0,50694.0,50694.0,50685.0,50693.0,50689.0,50692.0,50694.0,50684.0
7342,50690.3,50693.0,50685.0,50694.0,50694.0,50685.0,50693.0,50689.0,50692.0,50694.0,50684.0
7343,50690.3,50693.0,50685.0,50694.0,50694.0,50685.0,50693.0,50689.0,50692.0,50694.0,50684.0
7344,50690.3,50693.0,50685.0,50694.0,50694.0,50685.0,50693.0,50689.0,50692.0,50694.0,50684.0
7345,50690.3,50693.0,50685.0,50694.0,50694.0,50685.0,50693.0,50689.0,50692.0,50694.0,50684.0
7346,50690.3,50693.0,50685.0,50694.0,50694.0,50685.0,50693.0,50689.0,50692.0,50694.0,50684.0
7347,50690.3,50693.0,50685.0,50694.0,50694.0,50685.0,50693.0,50689.0,50692.0,50694.0,50684.0
7348,50690.3,50693.0,50685.0,50694.0,50694.0,50685.0,50693.0,50689.0,50692.0,50694.0,50684.0
7349,50690.3,50693.0,50685.0,50694.0,50694.0,50685.0,50693.0,50689.0,50692.0,50694.0,50684.0
7350,50690.3,50693.0,50685.0,50694.0,50694.0,50685.0,50693.0,50689.0,50692.0,50694.0,50684.0
7351,50690.3,50693.0,50685.0,50694.0,50694.0,50685.0,50693.0,50689.0,50692.0,50694.0,50684.0
7352,50690.3,50693.0,50685.0,50694.0,50694.0,50685.0,50693.0,50689.0,50692.0,50694.0,50684.0
7353,50690.3,50693.0,50685.0,50694.0,50694.0,50685.0,50693.0,50689.0,50692.0,50694.0,50684.0
7354,50690.3,50693.0,50685.0,50694.0,50694.0,50685.0,50693.0,50689.0,50692.0,50694.0,50684.0
7355,50690.3,50693.0,50685.0,50694.0,50694.0,50685.0,50693.0,50689.0,50692.0,50694.0,50684.0
7356,50690.3,50693.0,50685.0,50694.0,50694.0,50685.0,50693.0,50689.0,50692.0,50694.0,50684.0
7357,50690.3,50693.0,50685.0,50694.0,50694.0,50685.0,50693.0,50689.0,50692.0,50694.0,50684.0
7358,50690.3,50693.0,50685.0,50694.0,50694.0,50685.0,50693.0,50689.0,50692.0,50694.0,50684.0
7359,50690.3,50693.0,50685.0,50694.0,50694.0,50685.0,50693.0,50689.0,50692.0,50694.0,50684.0
7360,50690.3,50693.0,50685.0,50694.0,50694.0,50685.0,50693.0,50689.0,50692.0,50694.0,50684.0
7361,50690.3,50693.0,50685.0,50694.0,50694.0,50685.0,50693.0,50689.0,50692.0,50694.0,50684.0
7362,50690.3,50693.0,50685.0,50694.0,50694.0,50685.0,50693.0,50689.0,50692.0,50694.0,50684.0
7363,50690.3,50693.0,50685.0,50694.0,50694.0,50685.0,50693.0,50689.0,50692.0,50694.0,50684.0
7364,50690.3,50693.0,50685.0,50694.0,50694.0,50685.0,50693.0,50689.0,50692.0,50694.0,50684.0
7365,50690.3,50693.0,50685.0,50694.0,50694.0,50685.0,50693.0,50689.0,50692.0,50694.0,50684.0
7366,50690.3,50693.0,50685.0,50694.0,50694.0,50685.0,50693.0,50689.0,50692.0,50694.0,50684.0
7367,50690.3,50693.0,50685.0,50694.0,50694.0,50685.0,50693.0,50689.0,50692.0,50694.0,50684.0
7368,50690.3,50693.0,50685.0,50694.0,50694.0,50685.0,50693.0,50689.0,50692.0,50694.0,50684.0
7369,50690.3,50693.0,50685.0,50694.0,50694.0,50685.0,50693.0,50689.0,50692.0,50694.0,50684.0
7370,50690.3,50693.0,50685.0,50694.0,50694.0,50685.0,50693.0,50689.0,50692.0,50694.0,50684.0
7371,50690.3,50693.0,50685.0,50694.0,50694.0,50685.0,50693.0,50689.0,50692.0,50694.0,50684.0
7372,50690.3,50693.0,50685.0,50694.0,50694.0,50685.0,50693.0,50689.0,50692.0,50694.0,50684.0
7373,50690.3,50693.0,50685.0,50694.0,50694.0,50685.0,50693.0,50689.0,50692.0,50694.0,50684.0
7374,50690.3,50693.0,50685.0,50694.0,50694.0,50685.0,50693.0,50689.0,50692.0,50694.0,50684.0
7375,50690.3,50693.0,50685.0,50694.0,50694.0,50685.0,50693.0,50689.0,50692.0,50694.0,50684.0
7376,50690.3,50693.0,50685.0,50694.0,50694.0,50685.0,50693.0,50689.0,50692.0,50694.0,50684.0
7377,50690.3,50693.0,50685.0,50694.0,50694.0,50685.0,50693.0,50689.0,50692.0,50694.0,50684.0
7378,50690.3,50693.0,50685.0,50694.0,50694.0,50685.0,50693.0,50689.0,50692.0,50694.0,50684.0
7379,50690.3,50693.0,50685.0,50694.0,50694.0,50685.0,50693.0,50689.0,50692.0,50694.0,50684.0
7380,50690.3,50693.0,50685.0,50694.0,50694.0,50685.0,50693.0,50689.0,50692.0,50694.0,50684.0
7381,50690.3,50693.0,50685.0,50694.0,50694.0,50685.0,50693.0,50689.0,50692.0,50694.0,50684.0
7382,50690.3,50693.0,50685.0,50694.0,50694.0,50685.0,50693.0,50689.0,50692.0,50694.0,50684.0
7383,50690.3,50693.0,50685.0,50694.0,50694.0,50685.0,50693.0,50689.0,50692.0,50694.0,50684.0
7384,50690.3,50693.0,50685.0,50694.0,50694.0,50685.0,50693.0,50689.0,50692.0,50694.0,50684.0
7385,50690.3,50693.0,50685.0,50694.0,50694.0,50685.0,50693.0,50689.0,50692.0,50694.0,50684.0
7386,50690.3,50693.0,50685.0,50694.0,50694.0,50685.0,50693.0,50689.0,50692.0,50694.0,50684.0
7387,50690.3,50693.0,50685.0,50694.0,50694.0,50685.0,50693.0,50689.0,50692.0,50694.0,50684.0
7388,50690.3,50693.0,50685.0,50694.0,50694.0,50685.0,50693.0,50689.0,50692.0,50694.0,50684.0
7389,50690.3,50693.0,50685.0,50694.0,50694.0,50685.0,50693.0,50689.0,50692.0,50694.0,50684.0
7390,50690.3,50693.0,50685.0,50694.0,50694.0,50685.0,50693.0,50689.0,50692.0,50694.0,50684.0
7391,50690.3,50693.0,50685.0,50694.0,50694.0,50685.0,50693.0,50689.0,50692.0,50694.0,50684.0
7392,50690.3,50693.0,50685.0,50694.0,50694.0,50685.0,50693.0,50689.0,50692.0,50694.0,50684.0
7393,50690.3,50693.0,50685.0,50694.0,50694.0,50685.0,50693.0,50689.0,50692.0,50694.0,50684.0
7394,50690.3,50693.0,50685.0,50694.0,50694.0,50685.0,50693.0,50689.0,50692.0,50694.0,50684.0
7395,50690.3,50693.0,50685.0,50694.0,50694.0,50685.0,50693.0,50689.0,50692.0,50694.0,50684.0
7396,50690.3,50693.0,50685.0,50694.0,50694.0,50685.0,50693.0,50689.0,50692.0,50694.0,50684.0
7397,50690.3,50693.0,50685.0,50694.0,50694.0,50685.0,50693.0,50689.0,50692.0,50694.0,50684.0
7398,50690.3,50693.0,50685.0,50694.0,50694.0,50685.0,50693.0,50689.0,50692.0,50694.0,50684.0
7399,50690.3,50693.0,50685.0,50694.0,50694.0,50685.0,50693.0,50689.0,50692.0,50694.0,50684.0
7400,50690.3,50693.0,50685.0,50694.0,50694.0,50685.0,50693.0,50689.0,50692.0,50694.0,50684.0
7401,50690.3,50693.0,50685.0,50694.0,50694.0,50685.0,50693.0,50689.0,50692.0,50694.0,50684.0
7402,50690.3,50693.0,50685.0,50694.0,50694.0,50685.0,50693.0,50689.0,50692.0,50694.0,50684.0
7403,50690.3,50693.0,50685.0,50694.0,50694.0,50685.0,50693.0,50689.0,50692.0,50694.0,50684.0
7404,50690.3,50693.0,50685.0,50694.0,50694.0,50685.0,50693.0,50689.0,50692.0,50694.0,50684.0
7405,50690.3,50693.0,50685.0,50694.0,50694.0,50685.0,50693.0,50689.0,50692.0,50694.0,50684.0
7406,50690.3,50693.0,50685.0,50694.0,50694.0,50685.0,50693.0,50689.0,50692.0,50694.0,50684.0
7407,50690.3,50693.0,50685.0,50694.0,50694.0,50685.0,50693.0,50689.0,50692.0,50694.0,50684.0
7408,50690.3,50693.0,50685.0,50694.0,50694.0,50685.0,50693.0,50689.0,50692.0,50694.0,50684.0
7409,50690.3,50693.0,50685.0,50694.0,50694.0,50685.0,50693.0,50689.0,50692.0,50694.0,50684.0
7410,50690.3,50693.0,50685.0,50694.0,50694.0,50685.0,50693.0,50689.0,50692.0,50694.0,50684.0
7411,50690.3,50693.0,50685.0,50694.0,50694.0,50685.0,50693.0,50689.0,50692.0,50694.0,50684.0
7412,50690.3,50693.0,50685.0,50694.0,50694.0,50685.0,50693.0,50689.0,50692.0,50694.0,50684.0
7413,50690.3,50693.0,50685.0,50694.0,50694.0,50685.0,50693.0,50689.0,50692.0,50694.0,50684.0
7414,50690.3,50693.0,50685.0,50694.0,50694.0,50685.0,50693.0,50689.0,50692.0,50694.0,50684.0
7415,50690.3,50693.0,50685.0,50694.0,50694.0,50685.0,50693.0,50689.0,50692.0,50694.0,50684.0
7416,50690.3,50693.0,50685.0,50694.0,50694.0,50685.0,50693.0,50689.0,50692.0,50694.0,50684.0
7417,50690.3,50693.0,50685.0,50694.0,50694.0,50685.0,50693.0,50689.0,50692.0,50694.0,50684.0
7418,50690.3,50693.0,50685.0,50694.0,50694.0,50685.0,50693.0,50689.0,50692.0,50694.0,50684.0
7419,50690.3,50693.0,50685.0,50694.0,50694.0,50685.0,50693.0,50689.0,50692.0,50694.0,50684.0
7420,50690.3,50693.0,50685.0,50694.0,50694.0,50685.0,50693.0,50689.0,50692.0,50694.0,50684.0
7421,50690.3,50693.0,50685.0,50694.0,50694.0,50685.0,50693.0,50689.0,50692.0,50694.0,50684.0
7422,50690.3,50693.0,50685.0,50694.0,50694.0,50685.0,50693.0,50689.0,50692.0,50694.0,50684.0
7423,50690.3,50693.0,50685.0,50694.0,50694.0,50685.0,50693.0,50689.0,50692.0,50694.0,50684.0
7424,50690.3,50693.0,50685.0,50694.0,50694.0,50685.0,50693.0,50689.0,50692.0,50694.0,50684.0
7425,50690.3,50693.0,50685.0,50694.0,50694.0,50685.0,50693.0,50689.0,50692.0,50694.0,50684.0
7426,50690.3,50693.0,50685.0,50694.0,50694.0,50685.0,50693.0,50689.0,50692.0,50694.0,50684.0
7427,50690.3,50693.0,50685.0,50694.0,50694.0,50685.0,50693.0,50689.0,50692.0,50694.0,50684.0
7428,50690.3,50693.0,50685.0,50694.0,50694.0,50685.0,50693.0,50689.0,50692.0,50694.0,50684.0
7429,50690.3,50693.0,50685.0,50694.0,50694.0,50685.0,50693.0,50689.0,50692.0,50694.0,50684.0
7430,50690.3,50693.0,50685.0,50694.0,50694.0,50685.0,50693.0,50689.0,50692.0,50694.0,50684.0
7431,50690.3,50693.0,50685.0,50694.0,50694.0,50685.0,50693.0,50689.0,50692.0,50694.0,50684.0
7432,50690.3,50693.0,50685.0,50694.0,50694.0,50685.0,50693.0,50689.0,50692.0,50694.0,50684.0
7433,50690.3,50693.0,50685.0,50694.0,50694.0,50685.0,50693.0,50689.0,50692.0,50694.0,50684.0
7434,50690.3,50693.0,50685.0,50694.0,50694.0,50685.0,50693.0,50689.0,50692.0,50694.0,50684.0
7435,50690.3,50693.0,50685.0,50694.0,50694.0,50685.0,50693.0,50689.0,50692.0,50694.0,50684.0
7436,50690.3,50693.0,50685.0,50694.0,50694.0,50685.0,50693.0,50689.0,50692.0,50694.0,50684.0
7437,50690.3,50693.0,50685.0,50694.0,50694.0,50685.0,50693.0,50689.0,50692.0,50694.0,50684.0
7438,50690.3,50693.0,50685.0,50694.0,50694.0,50685.0,50693.0,50689.0,50692.0,50694.0,50684.0
7439,50690.3,50693.0,50685.0,50694.0,50694.0,50685.0,50693.0,50689.0,50692.0,50694.0,50684.0
7440,50690.3,50693.0,50685.0,50694.0,50694.0,50685.0,50693.0,50689.0,50692.0,50694.0,50684.0
7441,50690.3,50693.0,50685.0,50694.0,50694.0,50685.0,50693.0,50689.0,50692.0,50694.0,50684.0
7442,50690.3,50693.0,50685.0,50694.0,50694.0,50685.0,50693.0,50689.0,50692.0,50694.0,50684.0
7443,50690.3,50693.0,50685.0,50694.0,50694.0,50685.0,50693.0,50689.0,50692.0,50694.0,50684.0
7444,50690.3,50693.0,50685.0,50694.0,50694.0,50685.0,50693.0,50689.0,50692.0,50694.0,50684.0
7445,50690.3,50693.0,50685.0,50694.0,50694.0,50685.0,50693.0,50689.0,50692.0,50694.0,50684.0
7446,50690.3,50693.0,50685.0,50694.0,50694.0,50685.0,50693.0,50689.0,50692.0,50694.0,50684.0
7447,50690.3,50693.0,50685.0,50694.0,50694.0,50685.0,50693.0,50689.0,50692.0,50694.0,50684.0
7448,50690.3,50693.0,50685.0,50694.0,50694.0,50685.0,50693.0,50689.0,50692.0,50694.0,50684.0
7449,50690.3,50693.0,50685.0,50694.0,50694.0,50685.0,50693.0,50689.0,50692.0,50694.0,50684.0
7450,50690.3,50693.0,50685.0,50694.0,50694.0,50685.0,50693.0,50689.0,50692.0,50694.0,50684.0
7451,50690.3,50693.0,50685.0,50694.0,50694.0,50685.0,50693.0,50689.0,50692.0,50694.0,50684.0
7452,50690.3,50693.0,50685.0,50694.0,50694.0,50685.0,50693.0,50689.0,50692.0,50694.0,50684.0
7453,50690.3,50693.0,50685.0,50694.0,50694.0,50685.0,50693.0,50689.0,50692.0,50694.0,50684.0
7454,50690.3,50693.0,50685.0,50694.0,50694.0,50685.0,50693.0,50689.0,50692.0,50694.0,50684.0
7455,50690.3,50693.0,50685.0,50694.0,50694.0,50685.0,50693.0,50689.0,50692.0,50694.0,50684.0
7456,50690.3,50693.0,50685.0,50694.0,50694.0,50685.0,50693.0,50689.0,50692.0,50694.0,50684.0
7457,50690.3,50693.0,50685.0,50694.0,50694.0,50685.0,50693.0,50689.0,50692.0,50694.0,50684.0
7458,50690.3,50693.0,50685.0,50694.0,50694.0,50685.0,50693.0,50689.0,50692.0,50694.0,50684.0
7459,50690.3,50693.0,50685.0,50694.0,50694.0,50685.0,50693.0,50689.0,50692.0,50694.0,50684.0
7460,50690.3,50693.0,50685.0,50694.0,50694.0,50685.0,50693.0,50689.0,50692.0,50694.0,50684.0
7461,50690.3,50693.0,50685.0,50694.0,50694.0,50685.0,50693.0,50689.0,50692.0,50694.0,50684.0
7462,50690.3,50693.0,50685.0,50694.0,50694.0,50685.0,50693.0,50689.0,50692.0,50694.0,50684.0
7463,50690.3,50693.0,50685.0,50694.0,50694.0,50685.0,50693.0,50689.0,50692.0,50694.0,50684.0
7464,50690.3,50693.0,50685.0,50694.0,50694.0,50685.0,50693.0,50689.0,50692.0,50694.0,50684.0
7465,50690.3,50693.0,50685.0,50694.0,50694.0,50685.0,50693.0,50689.0,50692.0,50694.0,50684.0
7466,50690.3,50693.0,50685.0,50694.0,50694.0,50685.0,50693.0,50689.0,50692.0,50694.0,50684.0
7467,50690.3,50693.0,50685.0,50694.0,50694.0,50685.0,50693.0,50689.0,50692.0,50694.0,50684.0
7468,50690.3,50693.0,50685.0,50694.0,50694.0,50685.0,50693.0,50689.0,50692.0,50694.0,50684.0
7469,50690.3,50693.0,50685.0,50694.0,50694.0,50685.0,50693.0,50689.0,50692.0,50694.0,50684.0
7470,50690.3,50693.0,50685.0,50694.0,50694.0,50685.0,50693.0,50689.0,50692.0,50694.0,50684.0
7471,50690.3,50693.0,50685.0,50694.0,50694.0,50685.0,50693.0,50689.0,50692.0,50694.0,50684.0
7472,50690.3,50693.0,50685.0,50694.0,50694.0,50685.0,50693.0,50689.0,50692.0,50694.0,50684.0
7473,50690.3,50693.0,50685.0,50694.0,50694.0,50685.0,50693.0,50689.0,50692.0,50694.0,50684.0
7474,50690.3,50693.0,50685.0,50694.0,50694.0,50685.0,50693.0,50689.0,50692.0,50694.0,50684.0
7475,50690.3,50693.0,50685.0,50694.0,50694.0,50685.0,50693.0,50689.0,50692.0,50694.0,50684.0
7476,50690.3,50693.0,50685.0,50694.0,50694.0,50685.0,50693.0,50689.0,50692.0,50694.0,50684.0
7477,50690.3,50693.0,50685.0,50694.0,50694.0,50685.0,50693.0,50689.0,50692.0,50694.0,50684.0
7478,50690.3,50693.0,50685.0,50694.0,50694.0,50685.0,50693.0,50689.0,50692.0,50694.0,50684.0
7479,50690.3,50693.0,50685.0,50694.0,50694.0,50685.0,50693.0,50689.0,50692.0,50694.0,50684.0
7480,50690.3,50693.0,50685.0,50694.0,50694.0,50685.0,50693.0,50689.0,50692.0,50694.0,50684.0
7481,50690.3,50693.0,50685.0,50694.0,50694.0,50685.0,50693.0,50689.0,50692.0,50694.0,50684.0
7482,50690.3,50693.0,50685.0,50694.0,50694.0,50685.0,50693.0,50689.0,50692.0,50694.0,50684.0
7483,50690.3,50693.0,50685.0,50694.0,50694.0,50685.0,50693.0,50689.0,50692.0,50694.0,50684.0
7484,50690.3,50693.0,50685.0,50694.0,50694.0,50685.0,50693.0,50689.0,50692.0,50694.0,50684.0
7485,50690.3,50693.0,50685.0,50694.0,50694.0,50685.0,50693.0,50689.0,50692.0,50694.0,50684.0
7486,50690.3,50693.0,50685.0,50694.0,50694.0,50685.0,50693.0,50689.0,50692.0,50694.0,50684.0
7487,50690.3,50693.0,50685.0,50694.0,50694.0,50685.0,50693.0,50689.0,50692.0,50694.0,50684.0
7488,50690.3,50693.0,50685.0,50694.0,50694.0,50685.0,50693.0,50689.0,50692.0,50694.0,50684.0
7489,50690.3,50693.0,50685.0,50694.0,50694.0,50685.0,50693.0,50689.0,50692.0,50694.0,50684.0
7490,50690.3,50693.0,50685.0,50694.0,50694.0,50685.0,50693.0,50689.0,50692.0,50694.0,50684.0
7491,50690.3,50693.0,50685.0,50694.0,50694.0,50685.0,50693.0,50689.0,50692.0,50694.0,50684.0
7492,50690.3,50693.0,50685.0,50694.0,50694.0,50685.0,50693.0,50689.0,50692.0,50694.0,50684.0
7493,50690.3,50693.0,50685.0,50694.0,50694.0,50685.0,50693.0,50689.0,50692.0,50694.0,50684.0
7494,50690.3,50693.0,50685.0,50694.0,50694.0,50685.0,50693.0,50689.0,50692.0,50694.0,50684.0
7495,50690.3,50693.0,50685.0,50694.0,50694.0,50685.0,50693.0,50689.0,50692.0,50694.0,50684.0
7496,50690.3,50693.0,50685.0,50694.0,50694.0,50685.0,50693.0,50689.0,50692.0,50694.0,50684.0
7497,50690.3,50693.0,50685.0,50694.0,50694.0,50685.0,50693.0,50689.0,50692.0,50694.0,50684.0
7498,50690.3,50693.0,50685.0,50694.0,50694.0,50685.0,50693.0,50689.0,50692.0,50694.0,50684.0
7499,50690.3,50693.0,50685.0,50694.0,50694.0,50685.0,50693.0,50689.0,50692.0,50694.0,50684.0
7500,50690.3,50693.0,50685.0,50694.0,50694.0,50685.0,50693.0,50689.0,50692.0,50694.0,50684.0
7501,50690.3,50693.0,50685.0,50694.0,50694.0,50685.0,50693.0,50689.0,50692.0,50694.0,50684.0
7502,50690.3,50693.0,50685.0,50694.0,50694.0,50685.0,50693.0,50689.0,50692.0,50694.0,50684.0
7503,50690.3,50693.0,50685.0,50694.0,50694.0,50685.0,50693.0,50689.0,50692.0,50694.0,50684.0
7504,50690.3,50693.0,50685.0,50694.0,50694.0,50685.0,50693.0,50689.0,50692.0,50694.0,50684.0
7505,50690.3,50693.0,50685.0,50694.0,50694.0,50685.0,50693.0,50689.0,50692.0,50694.0,50684.0
7506,50690.3,50693.0,50685.0,50694.0,50694.0,50685.0,50693.0,50689.0,50692.0,50694.0,50684.0
7507,50690.3,50693.0,50685.0,50694.0,50694.0,50685.0,50693.0,50689.0,50692.0,50694.0,50684.0
7508,50690.3,50693.0,50685.0,50694.0,50694.0,50685.0,50693.0,50689.0,50692.0,50694.0,50684.0
7509,50690.3,50693.0,50685.0,50694.0,50694.0,50685.0,50693.0,50689.0,50692.0,50694.0,50684.0
7510,50690.3,50693.0,50685.0,50694.0,50694.0,50685.0,50693.0,50689.0,50692.0,50694.0,50684.0
7511,50690.3,50693.0,50685.0,50694.0,50694.0,50685.0,50693.0,50689.0,50692.0,50694.0,50684.0
7512,50690.3,50693.0,50685.0,50694.0,50694.0,50685.0,50693.0,50689.0,50692.0,50694.0,50684.0
7513,50690.3,50693.0,50685.0,50694.0,50694.0,50685.0,50693.0,50689.0,50692.0,50694.0,50684.0
7514,50690.3,50693.0,50685.0,50694.0,50694.0,50685.0,50693.0,50689.0,50692.0,50694.0,50684.0
7515,50690.3,50693.0,50685.0,50694.0,50694.0,50685.0,50693.0,50689.0,50692.0,50694.0,50684.0
7516,50690.3,50693.0,50685.0,50694.0,50694.0,50685.0,50693.0,50689.0,50692.0,50694.0,50684.0
7517,50690.3,50693.0,50685.0,50694.0,50694.0,50685.0,50693.0,50689.0,50692.0,50694.0,50684.0
7518,50690.3,50693.0,50685.0,50694.0,50694.0,50685.0,50693.0,50689.0,50692.0,50694.0,50684.0
7519,50690.3,50693.0,50685.0,50694.0,50694.0,50685.0,50693.0,50689.0,50692.0,50694.0,50684.0
7520,50690.3,50693.0,50685.0,50694.0,50694.0,50685.0,50693.0,50689.0,50692.0,50694.0,50684.0
7521,50690.3,50693.0,50685.0,50694.0,50694.0,50685.0,50693.0,50689.0,50692.0,50694.0,50684.0
7522,50690.3,50693.0,50685.0,50694.0,50694.0,50685.0,50693.0,50689.0,50692.0,50694.0,50684.0
7523,50690.3,50693.0,50685.0,50694.0,50694.0,50685.0,50693.0,50689.0,50692.0,50694.0,50684.0
7524,50690.3,50693.0,50685.0,50694.0,50694.0,50685.0,50693.0,50689.0,50692.0,50694.0,50684.0
7525,50690.3,50693.0,50685.0,50694.0,50694.0,50685.0,50693.0,50689.0,50692.0,50694.0,50684.0
7526,50690.3,50693.0,50685.0,50694.0,50694.0,50685.0,50693.0,50689.0,50692.0,50694.0,50684.0
7527,50690.3,50693.0,50685.0,50694.0,50694.0,50685.0,50693.0,50689.0,50692.0,50694.0,50684.0
7528,50690.3,50693.0,50685.0,50694.0,50694.0,50685.0,50693.0,50689.0,50692.0,50694.0,50684.0
7529,50690.3,50693.0,50685.0,50694.0,50694.0,50685.0,50693.0,50689.0,50692.0,50694.0,50684.0
7530,50690.3,50693.0,50685.0,50694.0,50694.0,50685.0,50693.0,50689.0,50692.0,50694.0,50684.0
7531,50690.3,50693.0,50685.0,50694.0,50694.0,50685.0,50693.0,50689.0,50692.0,50694.0,50684.0
7532,50690.3,50693.0,50685.0,50694.0,50694.0,50685.0,50693.0,50689.0,50692.0,50694.0,50684.0
7533,50690.3,50693.0,50685.0,50694.0,50694.0,50685.0,50693.0,50689.0,50692.0,50694.0,50684.0
7534,50690.3,50693.0,50685.0,50694.0,50694.0,50685.0,50693.0,50689.0,50692.0,50694.0,50684.0
7535,50690.3,50693.0,50685.0,50694.0,50694.0,50685.0,50693.0,50689.0,50692.0,50694.0,50684.0
7536,50690.3,50693.0,50685.0,50694.0,50694.0,50685.0,50693.0,50689.0,50692.0,50694.0,50684.0
7537,50690.3,50693.0,50685.0,50694.0,50694.0,50685.0,50693.0,50689.0,50692.0,50694.0,50684.0
7538,50690.3,50693.0,50685.0,50694.0,50694.0,50685.0,50693.0,50689.0,50692.0,50694.0,50684.0
7539,50690.3,50693.0,50685.0,50694.0,50694.0,50685.0,50693.0,50689.0,50692.0,50694.0,50684.0
7540,50690.3,50693.0,50685.0,50694.0,50694.0,50685.0,50693.0,50689.0,50692.0,50694.0,50684.0
7541,50690.3,50693.0,50685.0,50694.0,50694.0,50685.0,50693.0,50689.0,50692.0,50694.0,50684.0
7542,50690.3,50693.0,50685.0,50694.0,50694.0,50685.0,50693.0,50689.0,50692.0,50694.0,50684.0
7543,50690.3,50693.0,50685.0,50694.0,50694.0,50685.0,50693.0,50689.0,50692.0,50694.0,50684.0
7544,50690.3,50693.0,50685.0,50694.0,50694.0,50685.0,50693.0,50689.0,50692.0,50694.0,50684.0
7545,50690.3,50693.0,50685.0,50694.0,50694.0,50685.0,50693.0,50689.0,50692.0,50694.0,50684.0
7546,50690.3,50693.0,50685.0,50694.0,50694.0,50685.0,50693.0,50689.0,50692.0,50694.0,50684.0
7547,50690.3,50693.0,50685.0,50694.0,50694.0,50685.0,50693.0,50689.0,50692.0,50694.0,50684.0
7548,50690.3,50693.0,50685.0,50694.0,50694.0,50685.0,50693.0,50689.0,50692.0,50694.0,50684.0
7549,50690.3,50693.0,50685.0,50694.0,50694.0,50685.0,50693.0,50689.0,50692.0,50694.0,50684.0
7550,50690.3,50693.0,50685.0,50694.0,50694.0,50685.0,50693.0,50689.0,50692.0,50694.0,50684.0
7551,50690.3,50693.0,50685.0,50694.0,50694.0,50685.0,50693.0,50689.0,50692.0,50694.0,50684.0
7552,50690.3,50693.0,50685.0,50694.0,50694.0,50685.0,50693.0,50689.0,50692.0,50694.0,50684.0
7553,50690.3,50693.0,50685.0,50694.0,50694.0,50685.0,50693.0,50689.0,50692.0,50694.0,50684.0
7554,50690.3,50693.0,50685.0,50694.0,50694.0,50685.0,50693.0,50689.0,50692.0,50694.0,50684.0
7555,50690.3,50693.0,50685.0,50694.0,50694.0,50685.0,50693.0,50689.0,50692.0,50694.0,50684.0
7556,50690.3,50693.0,50685.0,50694.0,50694.0,50685.0,50693.0,50689.0,50692.0,50694.0,50684.0
7557,50690.3,50693.0,50685.0,50694.0,50694.0,50685.0,50693.0,50689.0,50692.0,50694.0,50684.0
7558,50690.3,50693.0,50685.0,50694.0,50694.0,50685.0,50693.0,50689.0,50692.0,50694.0,50684.0
7559,50690.3,50693.0,50685.0,50694.0,50694.0,50685.0,50693.0,50689.0,50692.0,50694.0,50684.0
7560,50690.3,50693.0,50685.0,50694.0,50694.0,50685.0,50693.0,50689.0,50692.0,50694.0,50684.0
7561,50690.3,50693.0,50685.0,50694.0,50694.0,50685.0,50693.0,50689.0,50692.0,50694.0,50684.0
7562,50690.3,50693.0,50685.0,50694.0,50694.0,50685.0,50693.0,50689.0,50692.0,50694.0,50684.0
7563,50690.3,50693.0,50685.0,50694.0,50694.0,50685.0,50693.0,50689.0,50692.0,50694.0,50684.0
7564,50690.3,50693.0,50685.0,50694.0,50694.0,50685.0,50693.0,50689.0,50692.0,50694.0,50684.0
7565,50690.3,50693.0,50685.0,50694.0,50694.0,50685.0,50693.0,50689.0,50692.0,50694.0,50684.0
7566,50690.3,50693.0,50685.0,50694.0,50694.0,50685.0,50693.0,50689.0,50692.0,50694.0,50684.0
7567,50690.3,50693.0,50685.0,50694.0,50694.0,50685.0,50693.0,50689.0,50692.0,50694.0,50684.0
7568,50690.3,50693.0,50685.0,50694.0,50694.0,50685.0,50693.0,50689.0,50692.0,50694.0,50684.0
7569,50690.3,50693.0,50685.0,50694.0,50694.0,50685.0,50693.0,50689.0,50692.0,50694.0,50684.0
7570,50690.3,50693.0,50685.0,50694.0,50694.0,50685.0,50693.0,50689.0,50692.0,50694.0,50684.0
7571,50690.3,50693.0,50685.0,50694.0,50694.0,50685.0,50693.0,50689.0,50692.0,50694.0,50684.0
7572,50690.3,50693.0,50685.0,50694.0,50694.0,50685.0,50693.0,50689.0,50692.0,50694.0,50684.0
7573,50690.3,50693.0,50685.0,50694.0,50694.0,50685.0,50693.0,50689.0,50692.0,50694.0,50684.0
7574,50690.3,50693.0,50685.0,50694.0,50694.0,50685.0,50693.0,50689.0,50692.0,50694.0,50684.0
7575,50690.3,50693.0,50685.0,50694.0,50694.0,50685.0,50693.0,50689.0,50692.0,50694.0,50684.0
7576,50690.3,50693.0,50685.0,50694.0,50694.0,50685.0,50693.0,50689.0,50692.0,50694.0,50684.0
7577,50690.3,50693.0,50685.0,50694.0,50694.0,50685.0,50693.0,50689.0,50692.0,50694.0,50684.0
7578,50690.3,50693.0,50685.0,50694.0,50694.0,50685.0,50693.0,50689.0,50692.0,50694.0,50684.0
7579,50690.3,50693.0,50685.0,50694.0,50694.0,50685.0,50693.0,50689.0,50692.0,50694.0,50684.0
7580,50690.3,50693.0,50685.0,50694.0,50694.0,50685.0,50693.0,50689.0,50692.0,50694.0,50684.0
7581,50690.3,50693.0,50685.0,50694.0,50694.0,50685.0,50693.0,50689.0,50692.0,50694.0,50684.0
7582,50690.3,50693.0,50685.0,50694.0,50694.0,50685.0,50693.0,50689.0,50692.0,50694.0,50684.0
7583,50690.3,50693.0,50685.0,50694.0,50694.0,50685.0,50693.0,50689.0,50692.0,50694.0,50684.0
7584,50690.3,50693.0,50685.0,50694.0,50694.0,50685.0,50693.0,50689.0,50692.0,50694.0,50684.0
7585,50690.3,50693.0,50685.0,50694.0,50694.0,50685.0,50693.0,50689.0,50692.0,50694.0,50684.0
7586,50690.3,50693.0,50685.0,50694.0,50694.0,50685.0,50693.0,50689.0,50692.0,50694.0,50684.0
7587,50690.3,50693.0,50685.0,50694.0,50694.0,50685.0,50693.0,50689.0,50692.0,50694.0,50684.0
7588,50690.3,50693.0,50685.0,50694.0,50694.0,50685.0,50693.0,50689.0,50692.0,50694.0,50684.0
7589,50690.3,50693.0,50685.0,50694.0,50694.0,50685.0,50693.0,50689.0,50692.0,50694.0,50684.0
7590,50690.3,50693.0,50685.0,50694.0,50694.0,50685.0,50693.0,50689.0,50692.0,50694.0,50684.0
7591,50690.3,50693.0,50685.0,50694.0,50694.0,50685.0,50693.0,50689.0,50692.0,50694.0,50684.0
7592,50690.3,50693.0,50685.0,50694.0,50694.0,50685.0,50693.0,50689.0,50692.0,50694.0,50684.0
7593,50690.3,50693.0,50685.0,50694.0,50694.0,50685.0,50693.0,50689.0,50692.0,50694.0,50684.0
7594,50690.3,50693.0,50685.0,50694.0,50694.0,50685.0,50693.0,50689.0,50692.0,50694.0,50684.0
7595,50690.3,50693.0,50685.0,50694.0,50694.0,50685.0,50693.0,50689.0,50692.0,50694.0,50684.0
7596,50690.3,50693.0,50685.0,50694.0,50694.0,50685.0,50693.0,50689.0,50692.0,50694.0,50684.0
7597,50690.3,50693.0,50685.0,50694.0,50694.0,50685.0,50693.0,50689.0,50692.0,50694.0,50684.0
7598,50690.3,50693.0,50685.0,50694.0,50694.0,50685.0,50693.0,50689.0,50692.0,50694.0,50684.0
7599,50690.3,50693.0,50685.0,50694.0,50694.0,50685.0,50693.0,50689.0,50692.0,50694.0,50684.0
7600,50690.3,50693.0,50685.0,50694.0,50694.0,50685.0,50693.0,50689.0,50692.0,50694.0,50684.0
7601,50690.3,50693.0,50685.0,50694.0,50694.0,50685.0,50693.0,50689.0,50692.0,50694.0,50684.0
7602,50690.3,50693.0,50685.0,50694.0,50694.0,50685.0,50693.0,50689.0,50692.0,50694.0,50684.0
7603,50690.3,50693.0,50685.0,50694.0,50694.0,50685.0,50693.0,50689.0,50692.0,50694.0,50684.0
7604,50690.3,50693.0,50685.0,50694.0,50694.0,50685.0,50693.0,50689.0,50692.0,50694.0,50684.0
7605,50690.3,50693.0,50685.0,50694.0,50694.0,50685.0,50693.0,50689.0,50692.0,50694.0,50684.0
7606,50690.3,50693.0,50685.0,50694.0,50694.0,50685.0,50693.0,50689.0,50692.0,50694.0,50684.0
7607,50690.3,50693.0,50685.0,50694.0,50694.0,50685.0,50693.0,50689.0,50692.0,50694.0,50684.0
7608,50690.3,50693.0,50685.0,50694.0,50694.0,50685.0,50693.0,50689.0,50692.0,50694.0,50684.0
7609,50690.3,50693.0,50685.0,50694.0,50694.0,50685.0,50693.0,50689.0,50692.0,50694.0,50684.0
7610,50690.3,50693.0,50685.0,50694.0,50694.0,50685.0,50693.0,50689.0,50692.0,50694.0,50684.0
7611,50690.3,50693.0,50685.0,50694.0,50694.0,50685.0,50693.0,50689.0,50692.0,50694.0,50684.0
7612,50690.3,50693.0,50685.0,50694.0,50694.0,50685.0,50693.0,50689.0,50692.0,50694.0,50684.0
7613,50690.3,50693.0,50685.0,50694.0,50694.0,50685.0,50693.0,50689.0,50692.0,50694.0,50684.0
7614,50690.3,50693.0,50685.0,50694.0,50694.0,50685.0,50693.0,50689.0,50692.0,50694.0,50684.0
7615,50690.3,50693.0,50685.0,50694.0,50694.0,50685.0,50693.0,50689.0,50692.0,50694.0,50684.0
7616,50690.3,50693.0,50685.0,50694.0,50694.0,50685.0,50693.0,50689.0,50692.0,50694.0,50684.0
7617,50690.3,50693.0,50685.0,50694.0,50694.0,50685.0,50693.0,50689.0,50692.0,50694.0,50684.0
7618,50690.3,50693.0,50685.0,50694.0,50694.0,50685.0,50693.0,50689.0,50692.0,50694.0,50684.0
7619,50690.3,50693.0,50685.0,50694.0,50694.0,50685.0,50693.0,50689.0,50692.0,50694.0,50684.0
7620,50690.3,50693.0,50685.0,50694.0,50694.0,50685.0,50693.0,50689.0,50692.0,50694.0,50684.0
7621,50690.3,50693.0,50685.0,50694.0,50694.0,50685.0,50693.0,50689.0,50692.0,50694.0,50684.0
7622,50690.3,50693.0,50685.0,50694.0,50694.0,50685.0,50693.0,50689.0,50692.0,50694.0,50684.0
7623,50690.3,50693.0,50685.0,50694.0,50694.0,50685.0,50693.0,50689.0,50692.0,50694.0,50684.0
7624,50690.3,50693.0,50685.0,50694.0,50694.0,50685.0,50693.0,50689.0,50692.0,50694.0,50684.0
7625,50690.3,50693.0,50685.0,50694.0,50694.0,50685.0,50693.0,50689.0,50692.0,50694.0,50684.0
7626,50690.3,50693.0,50685.0,50694.0,50694.0,50685.0,50693.0,50689.0,50692.0,50694.0,50684.0
7627,50690.3,50693.0,50685.0,50694.0,50694.0,50685.0,50693.0,50689.0,50692.0,50694.0,50684.0
7628,50690.3,50693.0,50685.0,50694.0,50694.0,50685.0,50693.0,50689.0,50692.0,50694.0,50684.0
7629,50690.3,50693.0,50685.0,50694.0,50694.0,50685.0,50693.0,50689.0,50692.0,50694.0,50684.0
7630,50690.3,50693.0,50685.0,50694.0,50694.0,50685.0,50693.0,50689.0,50692.0,50694.0,50684.0
7631,50690.3,50693.0,50685.0,50694.0,50694.0,50685.0,50693.0,50689.0,50692.0,50694.0,50684.0
7632,50690.3,50693.0,50685.0,50694.0,50694.0,50685.0,50693.0,50689.0,50692.0,50694.0,50684.0
7633,50690.3,50693.0,50685.0,50694.0,50694.0,50685.0,50693.0,50689.0,50692.0,50694.0,50684.0
7634,50690.3,50693.0,50685.0,50694.0,50694.0,50685.0,50693.0,50689.0,50692.0,50694.0,50684.0
7635,50690.3,50693.0,50685.0,50694.0,50694.0,50685.0,50693.0,50689.0,50692.0,50694.0,50684.0
7636,50690.3,50693.0,50685.0,50694.0,50694.0,50685.0,50693.0,50689.0,50692.0,50694.0,50684.0
7637,50690.3,50693.0,50685.0,50694.0,50694.0,50685.0,50693.0,50689.0,50692.0,50694.0,50684.0
7638,50690.3,50693.0,50685.0,50694.0,50694.0,50685.0,50693.0,50689.0,50692.0,50694.0,50684.0
7639,50690.3,50693.0,50685.0,50694.0,50694.0,50685.0,50693.0,50689.0,50692.0,50694.0,50684.0
7640,50690.3,50693.0,50685.0,50694.0,50694.0,50685.0,50693.0,50689.0,50692.0,50694.0,50684.0
7641,50690.3,50693.0,50685.0,50694.0,50694.0,50685.0,50693.0,50689.0,50692.0,50694.0,50684.0
7642,50690.3,50693.0,50685.0,50694.0,50694.0,50685.0,50693.0,50689.0,50692.0,50694.0,50684.0
7643,50690.3,50693.0,50685.0,50694.0,50694.0,50685.0,50693.0,50689.0,50692.0,50694.0,50684.0
7644,50690.3,50693.0,50685.0,50694.0,50694.0,50685.0,50693.0,50689.0,50692.0,50694.0,50684.0
7645,50690.3,50693.0,50685.0,50694.0,50694.0,50685.0,50693.0,50689.0,50692.0,50694.0,50684.0
7646,50690.3,50693.0,50685.0,50694.0,50694.0,50685.0,50693.0,50689.0,50692.0,50694.0,50684.0
7647,50690.3,50693.0,50685.0,50694.0,50694.0,50685.0,50693.0,50689.0,50692.0,50694.0,50684.0
7648,50690.3,50693.0,50685.0,50694.0,50694.0,50685.0,50693.0,50689.0,50692.0,50694.0,50684.0
7649,50690.3,50693.0,50685.0,50694.0,50694.0,50685.0,50693.0,50689.0,50692.0,50694.0,50684.0
7650,50690.3,50693.0,50685.0,50694.0,50694.0,50685.0,50693.0,50689.0,50692.0,50694.0,50684.0
7651,50690.3,50693.0,50685.0,50694.0,50694.0,50685.0,50693.0,50689.0,50692.0,50694.0,50684.0
7652,50690.3,50693.0,50685.0,50694.0,50694.0,50685.0,50693.0,50689.0,50692.0,50694.0,50684.0
7653,50690.3,50693.0,50685.0,50694.0,50694.0,50685.0,50693.0,50689.0,50692.0,50694.0,50684.0
7654,50690.3,50693.0,50685.0,50694.0,50694.0,50685.0,50693.0,50689.0,50692.0,50694.0,50684.0
7655,50690.3,50693.0,50685.0,50694.0,50694.0,50685.0,50693.0,50689.0,50692.0,50694.0,50684.0
7656,50690.3,50693.0,50685.0,50694.0,50694.0,50685.0,50693.0,50689.0,50692.0,50694.0,50684.0
7657,50690.3,50693.0,50685.0,50694.0,50694.0,50685.0,50693.0,50689.0,50692.0,50694.0,50684.0
7658,50690.3,50693.0,50685.0,50694.0,50694.0,50685.0,50693.0,50689.0,50692.0,50694.0,50684.0
7659,50690.3,50693.0,50685.0,50694.0,50694.0,50685.0,50693.0,50689.0,50692.0,50694.0,50684.0
7660,50690.3,50693.0,50685.0,50694.0,50694.0,50685.0,50693.0,50689.0,50692.0,50694.0,50684.0
7661,50690.3,50693.0,50685.0,50694.0,50694.0,50685.0,50693.0,50689.0,50692.0,50694.0,50684.0
7662,50690.3,50693.0,50685.0,50694.0,50694.0,50685.0,50693.0,50689.0,50692.0,50694.0,50684.0
7663,50690.3,50693.0,50685.0,50694.0,50694.0,50685.0,50693.0,50689.0,50692.0,50694.0,50684.0
7664,50690.3,50693.0,50685.0,50694.0,50694.0,50685.0,50693.0,50689.0,50692.0,50694.0,50684.0
7665,50690.3,50693.0,50685.0,50694.0,50694.0,50685.0,50693.0,50689.0,50692.0,50694.0,50684.0
7666,50690.3,50693.0,50685.0,50694.0,50694.0,50685.0,50693.0,50689.0,50692.0,50694.0,50684.0
7667,50690.3,50693.0,50685.0,50694.0,50694.0,50685.0,50693.0,50689.0,50692.0,50694.0,50684.0
7668,50690.3,50693.0,50685.0,50694.0,50694.0,50685.0,50693.0,50689.0,50692.0,50694.0,50684.0
7669,50690.3,50693.0,50685.0,50694.0,50694.0,50685.0,50693.0,50689.0,50692.0,50694.0,50684.0
7670,50690.3,50693.0,50685.0,50694.0,50694.0,50685.0,50693.0,50689.0,50692.0,50694.0,50684.0
7671,50690.3,50693.0,50685.0,50694.0,50694.0,50685.0,50693.0,50689.0,50692.0,50694.0,50684.0
7672,50690.3,50693.0,50685.0,50694.0,50694.0,50685.0,50693.0,50689.0,50692.0,50694.0,50684.0
7673,50690.3,50693.0,50685.0,50694.0,50694.0,50685.0,50693.0,50689.0,50692.0,50694.0,50684.0
7674,50690.3,50693.0,50685.0,50694.0,50694.0,50685.0,50693.0,50689.0,50692.0,50694.0,50684.0
7675,50690.3,50693.0,50685.0,50694.0,50694.0,50685.0,50693.0,50689.0,50692.0,50694.0,50684.0
7676,50690.3,50693.0,50685.0,50694.0,50694.0,50685.0,50693.0,50689.0,50692.0,50694.0,50684.0
7677,50690.3,50693.0,50685.0,50694.0,50694.0,50685.0,50693.0,50689.0,50692.0,50694.0,50684.0
7678,50690.3,50693.0,50685.0,50694.0,50694.0,50685.0,50693.0,50689.0,50692.0,50694.0,50684.0
7679,50690.3,50693.0,50685.0,50694.0,50694.0,50685.0,50693.0,50689.0,50692.0,50694.0,50684.0
7680,50690.3,50693.0,50685.0,50694.0,50694.0,50685.0,50693.0,50689.0,50692.0,50694.0,50684.0
7681,50690.3,50693.0,50685.0,50694.0,50694.0,50685.0,50693.0,50689.0,50692.0,50694.0,50684.0
7682,50690.3,50693.0,50685.0,50694.0,50694.0,50685.0,50693.0,50689.0,50692.0,50694.0,50684.0
7683,50690.3,50693.0,50685.0,50694.0,50694.0,50685.0,50693.0,50689.0,50692.0,50694.0,50684.0
7684,50690.3,50693.0,50685.0,50694.0,50694.0,50685.0,50693.0,50689.0,50692.0,50694.0,50684.0
7685,50690.3,50693.0,50685.0,50694.0,50694.0,50685.0,50693.0,50689.0,50692.0,50694.0,50684.0
7686,50690.3,50693.0,50685.0,50694.0,50694.0,50685.0,50693.0,50689.0,50692.0,50694.0,50684.0
7687,50690.3,50693.0,50685.0,50694.0,50694.0,50685.0,50693.0,50689.0,50692.0,50694.0,50684.0
7688,50690.3,50693.0,50685.0,50694.0,50694.0,50685.0,50693.0,50689.0,50692.0,50694.0,50684.0
7689,50690.3,50693.0,50685.0,50694.0,50694.0,50685.0,50693.0,50689.0,50692.0,50694.0,50684.0
7690,50690.3,50693.0,50685.0,50694.0,50694.0,50685.0,50693.0,50689.0,50692.0,50694.0,50684.0
7691,50690.3,50693.0,50685.0,50694.0,50694.0,50685.0,50693.0,50689.0,50692.0,50694.0,50684.0
7692,50690.3,50693.0,50685.0,50694.0,50694.0,50685.0,50693.0,50689.0,50692.0,50694.0,50684.0
7693,50690.3,50693.0,50685.0,50694.0,50694.0,50685.0,50693.0,50689.0,50692.0,50694.0,50684.0
7694,50690.3,50693.0,50685.0,50694.0,50694.0,50685.0,50693.0,50689.0,50692.0,50694.0,50684.0
7695,50690.3,50693.0,50685.0,50694.0,50694.0,50685.0,50693.0,50689.0,50692.0,50694.0,50684.0
7696,50690.3,50693.0,50685.0,50694.0,50694.0,50685.0,50693.0,50689.0,50692.0,50694.0,50684.0
7697,50690.3,50693.0,50685.0,50694.0,50694.0,50685.0,50693.0,50689.0,50692.0,50694.0,50684.0
7698,50690.3,50693.0,50685.0,50694.0,50694.0,50685.0,50693.0,50689.0,50692.0,50694.0,50684.0
7699,50690.3,50693.0,50685.0,50694.0,50694.0,50685.0,50693.0,50689.0,50692.0,50694.0,50684.0
7700,50690.3,50693.0,50685.0,50694.0,50694.0,50685.0,50693.0,50689.0,50692.0,50694.0,50684.0
7701,50690.3,50693.0,50685.0,50694.0,50694.0,50685.0,50693.0,50689.0,50692.0,50694.0,50684.0
7702,50690.3,50693.0,50685.0,50694.0,50694.0,50685.0,50693.0,50689.0,50692.0,50694.0,50684.0
7703,50690.3,50693.0,50685.0,50694.0,50694.0,50685.0,50693.0,50689.0,50692.0,50694.0,50684.0
7704,50690.3,50693.0,50685.0,50694.0,50694.0,50685.0,50693.0,50689.0,50692.0,50694.0,50684.0
7705,50690.3,50693.0,50685.0,50694.0,50694.0,50685.0,50693.0,50689.0,50692.0,50694.0,50684.0
7706,50690.3,50693.0,50685.0,50694.0,50694.0,50685.0,50693.0,50689.0,50692.0,50694.0,50684.0
7707,50690.3,50693.0,50685.0,50694.0,50694.0,50685.0,50693.0,50689.0,50692.0,50694.0,50684.0
7708,50690.3,50693.0,50685.0,50694.0,50694.0,50685.0,50693.0,50689.0,50692.0,50694.0,50684.0
7709,50690.3,50693.0,50685.0,50694.0,50694.0,50685.0,50693.0,50689.0,50692.0,50694.0,50684.0
7710,50690.3,50693.0,50685.0,50694.0,50694.0,50685.0,50693.0,50689.0,50692.0,50694.0,50684.0
7711,50690.3,50693.0,50685.0,50694.0,50694.0,50685.0,50693.0,50689.0,50692.0,50694.0,50684.0
7712,50690.3,50693.0,50685.0,50694.0,50694.0,50685.0,50693.0,50689.0,50692.0,50694.0,50684.0
7713,50690.3,50693.0,50685.0,50694.0,50694.0,50685.0,50693.0,50689.0,50692.0,50694.0,50684.0
7714,50690.3,50693.0,50685.0,50694.0,50694.0,50685.0,50693.0,50689.0,50692.0,50694.0,50684.0
7715,50690.3,50693.0,50685.0,50694.0,50694.0,50685.0,50693.0,50689.0,50692.0,50694.0,50684.0
7716,50690.3,50693.0,50685.0,50694.0,50694.0,50685.0,50693.0,50689.0,50692.0,50694.0,50684.0
7717,50690.3,50693.0,50685.0,50694.0,50694.0,50685.0,50693.0,50689.0,50692.0,50694.0,50684.0
7718,50690.3,50693.0,50685.0,50694.0,50694.0,50685.0,50693.0,50689.0,50692.0,50694.0,50684.0
7719,50690.3,50693.0,50685.0,50694.0,50694.0,50685.0,50693.0,50689.0,50692.0,50694.0,50684.0
7720,50690.3,50693.0,50685.0,50694.0,50694.0,50685.0,50693.0,50689.0,50692.0,50694.0,50684.0
7721,50690.3,50693.0,50685.0,50694.0,50694.0,50685.0,50693.0,50689.0,50692.0,50694.0,50684.0
7722,50690.3,50693.0,50685.0,50694.0,50694.0,50685.0,50693.0,50689.0,50692.0,50694.0,50684.0
7723,50690.3,50693.0,50685.0,50694.0,50694.0,50685.0,50693.0,50689.0,50692.0,50694.0,50684.0
7724,50690.3,50693.0,50685.0,50694.0,50694.0,50685.0,50693.0,50689.0,50692.0,50694.0,50684.0
7725,50690.3,50693.0,50685.0,50694.0,50694.0,50685.0,50693.0,50689.0,50692.0,50694.0,50684.0
7726,50690.3,50693.0,50685.0,50694.0,50694.0,50685.0,50693.0,50689.0,50692.0,50694.0,50684.0
7727,50690.3,50693.0,50685.0,50694.0,50694.0,50685.0,50693.0,50689.0,50692.0,50694.0,50684.0
7728,50690.3,50693.0,50685.0,50694.0,50694.0,50685.0,50693.0,50689.0,50692.0,50694.0,50684.0
7729,50690.3,50693.0,50685.0,50694.0,50694.0,50685.0,50693.0,50689.0,50692.0,50694.0,50684.0
7730,50690.3,50693.0,50685.0,50694.0,50694.0,50685.0,50693.0,50689.0,50692.0,50694.0,50684.0
7731,50690.3,50693.0,50685.0,50694.0,50694.0,50685.0,50693.0,50689.0,50692.0,50694.0,50684.0
7732,50690.3,50693.0,50685.0,50694.0,50694.0,50685.0,50693.0,50689.0,50692.0,50694.0,50684.0
7733,50690.3,50693.0,50685.0,50694.0,50694.0,50685.0,50693.0,50689.0,50692.0,50694.0,50684.0
7734,50690.3,50693.0,50685.0,50694.0,50694.0,50685.0,50693.0,50689.0,50692.0,50694.0,50684.0
7735,50690.3,50693.0,50685.0,50694.0,50694.0,50685.0,50693.0,50689.0,50692.0,50694.0,50684.0
7736,50690.3,50693.0,50685.0,50694.0,50694.0,50685.0,50693.0,50689.0,50692.0,50694.0,50684.0
7737,50690.3,50693.0,50685.0,50694.0,50694.0,50685.0,50693.0,50689.0,50692.0,50694.0,50684.0
7738,50690.3,50693.0,50685.0,50694.0,50694.0,50685.0,50693.0,50689.0,50692.0,50694.0,50684.0
7739,50690.3,50693.0,50685.0,50694.0,50694.0,50685.0,50693.0,50689.0,50692.0,50694.0,50684.0
7740,50690.3,50693.0,50685.0,50694.0,50694.0,50685.0,50693.0,50689.0,50692.0,50694.0,50684.0
7741,50690.3,50693.0,50685.0,50694.0,50694.0,50685.0,50693.0,50689.0,50692.0,50694.0,50684.0
7742,50690.3,50693.0,50685.0,50694.0,50694.0,50685.0,50693.0,50689.0,50692.0,50694.0,50684.0
7743,50690.3,50693.0,50685.0,50694.0,50694.0,50685.0,50693.0,50689.0,50692.0,50694.0,50684.0
7744,50690.3,50693.0,50685.0,50694.0,50694.0,50685.0,50693.0,50689.0,50692.0,50694.0,50684.0
7745,50690.3,50693.0,50685.0,50694.0,50694.0,50685.0,50693.0,50689.0,50692.0,50694.0,50684.0
7746,50690.3,50693.0,50685.0,50694.0,50694.0,50685.0,50693.0,50689.0,50692.0,50694.0,50684.0
7747,50690.3,50693.0,50685.0,50694.0,50694.0,50685.0,50693.0,50689.0,50692.0,50694.0,50684.0
7748,50690.3,50693.0,50685.0,50694.0,50694.0,50685.0,50693.0,50689.0,50692.0,50694.0,50684.0
7749,50690.3,50693.0,50685.0,50694.0,50694.0,50685.0,50693.0,50689.0,50692.0,50694.0,50684.0
7750,50690.3,50693.0,50685.0,50694.0,50694.0,50685.0,50693.0,50689.0,50692.0,50694.0,50684.0
7751,50690.3,50693.0,50685.0,50694.0,50694.0,50685.0,50693.0,50689.0,50692.0,50694.0,50684.0
7752,50690.3,50693.0,50685.0,50694.0,50694.0,50685.0,50693.0,50689.0,50692.0,50694.0,50684.0
7753,50690.3,50693.0,50685.0,50694.0,50694.0,50685.0,50693.0,50689.0,50692.0,50694.0,50684.0
7754,50690.3,50693.0,50685.0,50694.0,50694.0,50685.0,50693.0,50689.0,50692.0,50694.0,50684.0
7755,50690.3,50693.0,50685.0,50694.0,50694.0,50685.0,50693.0,50689.0,50692.0,50694.0,50684.0
7756,50690.3,50693.0,50685.0,50694.0,50694.0,50685.0,50693.0,50689.0,50692.0,50694.0,50684.0
7757,50690.3,50693.0,50685.0,50694.0,50694.0,50685.0,50693.0,50689.0,50692.0,50694.0,50684.0
7758,50690.3,50693.0,50685.0,50694.0,50694.0,50685.0,50693.0,50689.0,50692.0,50694.0,50684.0
7759,50690.3,50693.0,50685.0,50694.0,50694.0,50685.0,50693.0,50689.0,50692.0,50694.0,50684.0
7760,50690.3,50693.0,50685.0,50694.0,50694.0,50685.0,50693.0,50689.0,50692.0,50694.0,50684.0
7761,50690.3,50693.0,50685.0,50694.0,50694.0,50685.0,50693.0,50689.0,50692.0,50694.0,50684.0
7762,50690.3,50693.0,50685.0,50694.0,50694.0,50685.0,50693.0,50689.0,50692.0,50694.0,50684.0
7763,50690.3,50693.0,50685.0,50694.0,50694.0,50685.0,50693.0,50689.0,50692.0,50694.0,50684.0
7764,50690.3,50693.0,50685.0,50694.0,50694.0,50685.0,50693.0,50689.0,50692.0,50694.0,50684.0
7765,50690.3,50693.0,50685.0,50694.0,50694.0,50685.0,50693.0,50689.0,50692.0,50694.0,50684.0
7766,50690.3,50693.0,50685.0,50694.0,50694.0,50685.0,50693.0,50689.0,50692.0,50694.0,50684.0
7767,50690.3,50693.0,50685.0,50694.0,50694.0,50685.0,50693.0,50689.0,50692.0,50694.0,50684.0
7768,50690.3,50693.0,50685.0,50694.0,50694.0,50685.0,50693.0,50689.0,50692.0,50694.0,50684.0
7769,50690.3,50693.0,50685.0,50694.0,50694.0,50685.0,50693.0,50689.0,50692.0,50694.0,50684.0
7770,50690.3,50693.0,50685.0,50694.0,50694.0,50685.0,50693.0,50689.0,50692.0,50694.0,50684.0
7771,50690.3,50693.0,50685.0,50694.0,50694.0,50685.0,50693.0,50689.0,50692.0,50694.0,50684.0
7772,50690.3,50693.0,50685.0,50694.0,50694.0,50685.0,50693.0,50689.0,50692.0,50694.0,50684.0
7773,50690.3,50693.0,50685.0,50694.0,50694.0,50685.0,50693.0,50689.0,50692.0,50694.0,50684.0
7774,50690.3,50693.0,50685.0,50694.0,50694.0,50685.0,50693.0,50689.0,50692.0,50694.0,50684.0
7775,50690.3,50693.0,50685.0,50694.0,50694.0,50685.0,50693.0,50689.0,50692.0,50694.0,50684.0
7776,50690.3,50693.0,50685.0,50694.0,50694.0,50685.0,50693.0,50689.0,50692.0,50694.0,50684.0
7777,50690.3,50693.0,50685.0,50694.0,50694.0,50685.0,50693.0,50689.0,50692.0,50694.0,50684.0
7778,50690.3,50693.0,50685.0,50694.0,50694.0,50685.0,50693.0,50689.0,50692.0,50694.0,50684.0
7779,50690.3,50693.0,50685.0,50694.0,50694.0,50685.0,50693.0,50689.0,50692.0,50694.0,50684.0
7780,50690.3,50693.0,50685.0,50694.0,50694.0,50685.0,50693.0,50689.0,50692.0,50694.0,50684.0
7781,50690.3,50693.0,50685.0,50694.0,50694.0,50685.0,50693.0,50689.0,50692.0,50694.0,50684.0
7782,50690.3,50693.0,50685.0,50694.0,50694.0,50685.0,50693.0,50689.0,50692.0,50694.0,50684.0
7783,50690.3,50693.0,50685.0,50694.0,50694.0,50685.0,50693.0,50689.0,50692.0,50694.0,50684.0
7784,50690.3,50693.0,50685.0,50694.0,50694.0,50685.0,50693.0,50689.0,50692.0,50694.0,50684.0
7785,50690.3,50693.0,50685.0,50694.0,50694.0,50685.0,50693.0,50689.0,50692.0,50694.0,50684.0
7786,50690.3,50693.0,50685.0,50694.0,50694.0,50685.0,50693.0,50689.0,50692.0,50694.0,50684.0
7787,50690.3,50693.0,50685.0,50694.0,50694.0,50685.0,50693.0,50689.0,50692.0,50694.0,50684.0
7788,50690.3,50693.0,50685.0,50694.0,50694.0,50685.0,50693.0,50689.0,50692.0,50694.0,50684.0
7789,50690.3,50693.0,50685.0,50694.0,50694.0,50685.0,50693.0,50689.0,50692.0,50694.0,50684.0
7790,50690.3,50693.0,50685.0,50694.0,50694.0,50685.0,50693.0,50689.0,50692.0,50694.0,50684.0
7791,50690.3,50693.0,50685.0,50694.0,50694.0,50685.0,50693.0,50689.0,50692.0,50694.0,50684.0
7792,50690.3,50693.0,50685.0,50694.0,50694.0,50685.0,50693.0,50689.0,50692.0,50694.0,50684.0
7793,50690.3,50693.0,50685.0,50694.0,50694.0,50685.0,50693.0,50689.0,50692.0,50694.0,50684.0
7794,50690.3,50693.0,50685.0,50694.0,50694.0,50685.0,50693.0,50689.0,50692.0,50694.0,50684.0
7795,50690.3,50693.0,50685.0,50694.0,50694.0,50685.0,50693.0,50689.0,50692.0,50694.0,50684.0
7796,50690.3,50693.0,50685.0,50694.0,50694.0,50685.0,50693.0,50689.0,50692.0,50694.0,50684.0
7797,50690.3,50693.0,50685.0,50694.0,50694.0,50685.0,50693.0,50689.0,50692.0,50694.0,50684.0
7798,50690.3,50693.0,50685.0,50694.0,50694.0,50685.0,50693.0,50689.0,50692.0,50694.0,50684.0
7799,50690.3,50693.0,50685.0,50694.0,50694.0,50685.0,50693.0,50689.0,50692.0,50694.0,50684.0
7800,50690.3,50693.0,50685.0,50694.0,50694.0,50685.0,50693.0,50689.0,50692.0,50694.0,50684.0
7801,50690.3,50693.0,50685.0,50694.0,50694.0,50685.0,50693.0,50689.0,50692.0,50694.0,50684.0
7802,50690.3,50693.0,50685.0,50694.0,50694.0,50685.0,50693.0,50689.0,50692.0,50694.0,50684.0
7803,50690.3,50693.0,50685.0,50694.0,50694.0,50685.0,50693.0,50689.0,50692.0,50694.0,50684.0
7804,50690.3,50693.0,50685.0,50694.0,50694.0,50685.0,50693.0,50689.0,50692.0,50694.0,50684.0
7805,50690.3,50693.0,50685.0,50694.0,50694.0,50685.0,50693.0,50689.0,50692.0,50694.0,50684.0
7806,50690.3,50693.0,50685.0,50694.0,50694.0,50685.0,50693.0,50689.0,50692.0,50694.0,50684.0
7807,50690.3,50693.0,50685.0,50694.0,50694.0,50685.0,50693.0,50689.0,50692.0,50694.0,50684.0
7808,50690.3,50693.0,50685.0,50694.0,50694.0,50685.0,50693.0,50689.0,50692.0,50694.0,50684.0
7809,50690.3,50693.0,50685.0,50694.0,50694.0,50685.0,50693.0,50689.0,50692.0,50694.0,50684.0
7810,50690.3,50693.0,50685.0,50694.0,50694.0,50685.0,50693.0,50689.0,50692.0,50694.0,50684.0
7811,50690.3,50693.0,50685.0,50694.0,50694.0,50685.0,50693.0,50689.0,50692.0,50694.0,50684.0
7812,50690.3,50693.0,50685.0,50694.0,50694.0,50685.0,50693.0,50689.0,50692.0,50694.0,50684.0
7813,50690.3,50693.0,50685.0,50694.0,50694.0,50685.0,50693.0,50689.0,50692.0,50694.0,50684.0
7814,50690.3,50693.0,50685.0,50694.0,50694.0,50685.0,50693.0,50689.0,50692.0,50694.0,50684.0
7815,50690.3,50693.0,50685.0,50694.0,50694.0,50685.0,50693.0,50689.0,50692.0,50694.0,50684.0
7816,50690.3,50693.0,50685.0,50694.0,50694.0,50685.0,50693.0,50689.0,50692.0,50694.0,50684.0
7817,50690.3,50693.0,50685.0,50694.0,50694.0,50685.0,50693.0,50689.0,50692.0,50694.0,50684.0
7818,50690.3,50693.0,50685.0,50694.0,50694.0,50685.0,50693.0,50689.0,50692.0,50694.0,50684.0
7819,50690.3,50693.0,50685.0,50694.0,50694.0,50685.0,50693.0,50689.0,50692.0,50694.0,50684.0
7820,50690.3,50693.0,50685.0,50694.0,50694.0,50685.0,50693.0,50689.0,50692.0,50694.0,50684.0
7821,50690.3,50693.0,50685.0,50694.0,50694.0,50685.0,50693.0,50689.0,50692.0,50694.0,50684.0
7822,50690.3,50693.0,50685.0,50694.0,50694.0,50685.0,50693.0,50689.0,50692.0,50694.0,50684.0
7823,50690.3,50693.0,50685.0,50694.0,50694.0,50685.0,50693.0,50689.0,50692.0,50694.0,50684.0
7824,50690.3,50693.0,50685.0,50694.0,50694.0,50685.0,50693.0,50689.0,50692.0,50694.0,50684.0
7825,50690.3,50693.0,50685.0,50694.0,50694.0,50685.0,50693.0,50689.0,50692.0,50694.0,50684.0
7826,50690.3,50693.0,50685.0,50694.0,50694.0,50685.0,50693.0,50689.0,50692.0,50694.0,50684.0
7827,50690.3,50693.0,50685.0,50694.0,50694.0,50685.0,50693.0,50689.0,50692.0,50694.0,50684.0
7828,50690.3,50693.0,50685.0,50694.0,50694.0,50685.0,50693.0,50689.0,50692.0,50694.0,50684.0
7829,50690.3,50693.0,50685.0,50694.0,50694.0,50685.0,50693.0,50689.0,50692.0,50694.0,50684.0
7830,50690.3,50693.0,50685.0,50694.0,50694.0,50685.0,50693.0,50689.0,50692.0,50694.0,50684.0
7831,50690.3,50693.0,50685.0,50694.0,50694.0,50685.0,50693.0,50689.0,50692.0,50694.0,50684.0
7832,50690.3,50693.0,50685.0,50694.0,50694.0,50685.0,50693.0,50689.0,50692.0,50694.0,50684.0
7833,50690.3,50693.0,50685.0,50694.0,50694.0,50685.0,50693.0,50689.0,50692.0,50694.0,50684.0
7834,50690.3,50693.0,50685.0,50694.0,50694.0,50685.0,50693.0,50689.0,50692.0,50694.0,50684.0
7835,50690.3,50693.0,50685.0,50694.0,50694.0,50685.0,50693.0,50689.0,50692.0,50694.0,50684.0
7836,50690.3,50693.0,50685.0,50694.0,50694.0,50685.0,50693.0,50689.0,50692.0,50694.0,50684.0
7837,50690.3,50693.0,50685.0,50694.0,50694.0,50685.0,50693.0,50689.0,50692.0,50694.0,50684.0
7838,50690.3,50693.0,50685.0,50694.0,50694.0,50685.0,50693.0,50689.0,50692.0,50694.0,50684.0
7839,50690.3,50693.0,50685.0,50694.0,50694.0,50685.0,50693.0,50689.0,50692.0,50694.0,50684.0
7840,50690.3,50693.0,50685.0,50694.0,50694.0,50685.0,50693.0,50689.0,50692.0,50694.0,50684.0
7841,50690.3,50693.0,50685.0,50694.0,50694.0,50685.0,50693.0,50689.0,50692.0,50694.0,50684.0
7842,50690.3,50693.0,50685.0,50694.0,50694.0,50685.0,50693.0,50689.0,50692.0,50694.0,50684.0
7843,50690.3,50693.0,50685.0,50694.0,50694.0,50685.0,50693.0,50689.0,50692.0,50694.0,50684.0
7844,50690.3,50693.0,50685.0,50694.0,50694.0,50685.0,50693.0,50689.0,50692.0,50694.0,50684.0
7845,50690.3,50693.0,50685.0,50694.0,50694.0,50685.0,50693.0,50689.0,50692.0,50694.0,50684.0
7846,50690.3,50693.0,50685.0,50694.0,50694.0,50685.0,50693.0,50689.0,50692.0,50694.0,50684.0
7847,50690.3,50693.0,50685.0,50694.0,50694.0,50685.0,50693.0,50689.0,50692.0,50694.0,50684.0
7848,50690.3,50693.0,50685.0,50694.0,50694.0,50685.0,50693.0,50689.0,50692.0,50694.0,50684.0
7849,50690.3,50693.0,50685.0,50694.0,50694.0,50685.0,50693.0,50689.0,50692.0,50694.0,50684.0
7850,50690.3,50693.0,50685.0,50694.0,50694.0,50685.0,50693.0,50689.0,50692.0,50694.0,50684.0
7851,50690.3,50693.0,50685.0,50694.0,50694.0,50685.0,50693.0,50689.0,50692.0,50694.0,50684.0
7852,50690.3,50693.0,50685.0,50694.0,50694.0,50685.0,50693.0,50689.0,50692.0,50694.0,50684.0
7853,50690.3,50693.0,50685.0,50694.0,50694.0,50685.0,50693.0,50689.0,50692.0,50694.0,50684.0
7854,50690.3,50693.0,50685.0,50694.0,50694.0,50685.0,50693.0,50689.0,50692.0,50694.0,50684.0
7855,50690.3,50693.0,50685.0,50694.0,50694.0,50685.0,50693.0,50689.0,50692.0,50694.0,50684.0
7856,50690.3,50693.0,50685.0,50694.0,50694.0,50685.0,50693.0,50689.0,50692.0,50694.0,50684.0
7857,50690.3,50693.0,50685.0,50694.0,50694.0,50685.0,50693.0,50689.0,50692.0,50694.0,50684.0
7858,50690.3,50693.0,50685.0,50694.0,50694.0,50685.0,50693.0,50689.0,50692.0,50694.0,50684.0
7859,50690.3,50693.0,50685.0,50694.0,50694.0,50685.0,50693.0,50689.0,50692.0,50694.0,50684.0
7860,50690.3,50693.0,50685.0,50694.0,50694.0,50685.0,50693.0,50689.0,50692.0,50694.0,50684.0
7861,50690.3,50693.0,50685.0,50694.0,50694.0,50685.0,50693.0,50689.0,50692.0,50694.0,50684.0
7862,50690.3,50693.0,50685.0,50694.0,50694.0,50685.0,50693.0,50689.0,50692.0,50694.0,50684.0
7863,50690.3,50693.0,50685.0,50694.0,50694.0,50685.0,50693.0,50689.0,50692.0,50694.0,50684.0
7864,50690.3,50693.0,50685.0,50694.0,50694.0,50685.0,50693.0,50689.0,50692.0,50694.0,50684.0
7865,50690.3,50693.0,50685.0,50694.0,50694.0,50685.0,50693.0,50689.0,50692.0,50694.0,50684.0
7866,50690.3,50693.0,50685.0,50694.0,50694.0,50685.0,50693.0,50689.0,50692.0,50694.0,50684.0
7867,50690.3,50693.0,50685.0,50694.0,50694.0,50685.0,50693.0,50689.0,50692.0,50694.0,50684.0
7868,50690.3,50693.0,50685.0,50694.0,50694.0,50685.0,50693.0,50689.0,50692.0,50694.0,50684.0
7869,50690.3,50693.0,50685.0,50694.0,50694.0,50685.0,50693.0,50689.0,50692.0,50694.0,50684.0
7870,50690.3,50693.0,50685.0,50694.0,50694.0,50685.0,50693.0,50689.0,50692.0,50694.0,50684.0
7871,50690.3,50693.0,50685.0,50694.0,50694.0,50685.0,50693.0,50689.0,50692.0,50694.0,50684.0
7872,50690.3,50693.0,50685.0,50694.0,50694.0,50685.0,50693.0,50689.0,50692.0,50694.0,50684.0
7873,50690.3,50693.0,50685.0,50694.0,50694.0,50685.0,50693.0,50689.0,50692.0,50694.0,50684.0
7874,50690.3,50693.0,50685.0,50694.0,50694.0,50685.0,50693.0,50689.0,50692.0,50694.0,50684.0
7875,50690.3,50693.0,50685.0,50694.0,50694.0,50685.0,50693.0,50689.0,50692.0,50694.0,50684.0
7876,50690.3,50693.0,50685.0,50694.0,50694.0,50685.0,50693.0,50689.0,50692.0,50694.0,50684.0
7877,50690.3,50693.0,50685.0,50694.0,50694.0,50685.0,50693.0,50689.0,50692.0,50694.0,50684.0
7878,50690.3,50693.0,50685.0,50694.0,50694.0,50685.0,50693.0,50689.0,50692.0,50694.0,50684.0
7879,50690.3,50693.0,50685.0,50694.0,50694.0,50685.0,50693.0,50689.0,50692.0,50694.0,50684.0
7880,50690.3,50693.0,50685.0,50694.0,50694.0,50685.0,50693.0,50689.0,50692.0,50694.0,50684.0
7881,50690.3,50693.0,50685.0,50694.0,50694.0,50685.0,50693.0,50689.0,50692.0,50694.0,50684.0
7882,50690.3,50693.0,50685.0,50694.0,50694.0,50685.0,50693.0,50689.0,50692.0,50694.0,50684.0
7883,50690.3,50693.0,50685.0,50694.0,50694.0,50685.0,50693.0,50689.0,50692.0,50694.0,50684.0
7884,50690.3,50693.0,50685.0,50694.0,50694.0,50685.0,50693.0,50689.0,50692.0,50694.0,50684.0
7885,50690.3,50693.0,50685.0,50694.0,50694.0,50685.0,50693.0,50689.0,50692.0,50694.0,50684.0
7886,50690.3,50693.0,50685.0,50694.0,50694.0,50685.0,50693.0,50689.0,50692.0,50694.0,50684.0
7887,50690.3,50693.0,50685.0,50694.0,50694.0,50685.0,50693.0,50689.0,50692.0,50694.0,50684.0
7888,50690.3,50693.0,50685.0,50694.0,50694.0,50685.0,50693.0,50689.0,50692.0,50694.0,50684.0
7889,50690.3,50693.0,50685.0,50694.0,50694.0,50685.0,50693.0,50689.0,50692.0,50694.0,50684.0
7890,50690.3,50693.0,50685.0,50694.0,50694.0,50685.0,50693.0,50689.0,50692.0,50694.0,50684.0
7891,50690.3,50693.0,50685.0,50694.0,50694.0,50685.0,50693.0,50689.0,50692.0,50694.0,50684.0
7892,50690.3,50693.0,50685.0,50694.0,50694.0,50685.0,50693.0,50689.0,50692.0,50694.0,50684.0
7893,50690.3,50693.0,50685.0,50694.0,50694.0,50685.0,50693.0,50689.0,50692.0,50694.0,50684.0
7894,50690.3,50693.0,50685.0,50694.0,50694.0,50685.0,50693.0,50689.0,50692.0,50694.0,50684.0
7895,50690.3,50693.0,50685.0,50694.0,50694.0,50685.0,50693.0,50689.0,50692.0,50694.0,50684.0
7896,50690.3,50693.0,50685.0,50694.0,50694.0,50685.0,50693.0,50689.0,50692.0,50694.0,50684.0
7897,50690.3,50693.0,50685.0,50694.0,50694.0,50685.0,50693.0,50689.0,50692.0,50694.0,50684.0
7898,50690.3,50693.0,50685.0,50694.0,50694.0,50685.0,50693.0,50689.0,50692.0,50694.0,50684.0
7899,50690.3,50693.0,50685.0,50694.0,50694.0,50685.0,50693.0,50689.0,50692.0,50694.0,50684.0
7900,50690.3,50693.0,50685.0,50694.0,50694.0,50685.0,50693.0,50689.0,50692.0,50694.0,50684.0
7901,50690.3,50693.0,50685.0,50694.0,50694.0,50685.0,50693.0,50689.0,50692.0,50694.0,50684.0
7902,50690.3,50693.0,50685.0,50694.0,50694.0,50685.0,50693.0,50689.0,50692.0,50694.0,50684.0
7903,50690.3,50693.0,50685.0,50694.0,50694.0,50685.0,50693.0,50689.0,50692.0,50694.0,50684.0
7904,50690.3,50693.0,50685.0,50694.0,50694.0,50685.0,50693.0,50689.0,50692.0,50694.0,50684.0
7905,50690.3,50693.0,50685.0,50694.0,50694.0,50685.0,50693.0,50689.0,50692.0,50694.0,50684.0
7906,50690.3,50693.0,50685.0,50694.0,50694.0,50685.0,50693.0,50689.0,50692.0,50694.0,50684.0
7907,50690.3,50693.0,50685.0,50694.0,50694.0,50685.0,50693.0,50689.0,50692.0,50694.0,50684.0
7908,50690.3,50693.0,50685.0,50694.0,50694.0,50685.0,50693.0,50689.0,50692.0,50694.0,50684.0
7909,50690.3,50693.0,50685.0,50694.0,50694.0,50685.0,50693.0,50689.0,50692.0,50694.0,50684.0
7910,50690.3,50693.0,50685.0,50694.0,50694.0,50685.0,50693.0,50689.0,50692.0,50694.0,50684.0
7911,50690.3,50693.0,50685.0,50694.0,50694.0,50685.0,50693.0,50689.0,50692.0,50694.0,50684.0
7912,50690.3,50693.0,50685.0,50694.0,50694.0,50685.0,50693.0,50689.0,50692.0,50694.0,50684.0
7913,50690.3,50693.0,50685.0,50694.0,50694.0,50685.0,50693.0,50689.0,50692.0,50694.0,50684.0
7914,50690.3,50693.0,50685.0,50694.0,50694.0,50685.0,50693.0,50689.0,50692.0,50694.0,50684.0
7915,50690.3,50693.0,50685.0,50694.0,50694.0,50685.0,50693.0,50689.0,50692.0,50694.0,50684.0
7916,50690.3,50693.0,50685.0,50694.0,50694.0,50685.0,50693.0,50689.0,50692.0,50694.0,50684.0
7917,50690.3,50693.0,50685.0,50694.0,50694.0,50685.0,50693.0,50689.0,50692.0,50694.0,50684.0
7918,50690.3,50693.0,50685.0,50694.0,50694.0,50685.0,50693.0,50689.0,50692.0,50694.0,50684.0
7919,50690.3,50693.0,50685.0,50694.0,50694.0,50685.0,50693.0,50689.0,50692.0,50694.0,50684.0
7920,50690.3,50693.0,50685.0,50694.0,50694.0,50685.0,50693.0,50689.0,50692.0,50694.0,50684.0
7921,50690.3,50693.0,50685.0,50694.0,50694.0,50685.0,50693.0,50689.0,50692.0,50694.0,50684.0
7922,50690.3,50693.0,50685.0,50694.0,50694.0,50685.0,50693.0,50689.0,50692.0,50694.0,50684.0
7923,50690.3,50693.0,50685.0,50694.0,50694.0,50685.0,50693.0,50689.0,50692.0,50694.0,50684.0
7924,50690.3,50693.0,50685.0,50694.0,50694.0,50685.0,50693.0,50689.0,50692.0,50694.0,50684.0
7925,50690.3,50693.0,50685.0,50694.0,50694.0,50685.0,50693.0,50689.0,50692.0,50694.0,50684.0
7926,50690.3,50693.0,50685.0,50694.0,50694.0,50685.0,50693.0,50689.0,50692.0,50694.0,50684.0
7927,50690.3,50693.0,50685.0,50694.0,50694.0,50685.0,50693.0,50689.0,50692.0,50694.0,50684.0
7928,50690.3,50693.0,50685.0,50694.0,50694.0,50685.0,50693.0,50689.0,50692.0,50694.0,50684.0
7929,50690.3,50693.0,50685.0,50694.0,50694.0,50685.0,50693.0,50689.0,50692.0,50694.0,50684.0
7930,50690.3,50693.0,50685.0,50694.0,50694.0,50685.0,50693.0,50689.0,50692.0,50694.0,50684.0
7931,50690.3,50693.0,50685.0,50694.0,50694.0,50685.0,50693.0,50689.0,50692.0,50694.0,50684.0
7932,50690.3,50693.0,50685.0,50694.0,50694.0,50685.0,50693.0,50689.0,50692.0,50694.0,50684.0
7933,50690.3,50693.0,50685.0,50694.0,50694.0,50685.0,50693.0,50689.0,50692.0,50694.0,50684.0
7934,50690.3,50693.0,50685.0,50694.0,50694.0,50685.0,50693.0,50689.0,50692.0,50694.0,50684.0
7935,50690.3,50693.0,50685.0,50694.0,50694.0,50685.0,50693.0,50689.0,50692.0,50694.0,50684.0
7936,50690.3,50693.0,50685.0,50694.0,50694.0,50685.0,50693.0,50689.0,50692.0,50694.0,50684.0
7937,50690.3,50693.0,50685.0,50694.0,50694.0,50685.0,50693.0,50689.0,50692.0,50694.0,50684.0
7938,50690.3,50693.0,50685.0,50694.0,50694.0,50685.0,50693.0,50689.0,50692.0,50694.0,50684.0
7939,50690.3,50693.0,50685.0,50694.0,50694.0,50685.0,50693.0,50689.0,50692.0,50694.0,50684.0
7940,50690.3,50693.0,50685.0,50694.0,50694.0,50685.0,50693.0,50689.0,50692.0,50694.0,50684.0
7941,50690.3,50693.0,50685.0,50694.0,50694.0,50685.0,50693.0,50689.0,50692.0,50694.0,50684.0
7942,50690.3,50693.0,50685.0,50694.0,50694.0,50685.0,50693.0,50689.0,50692.0,50694.0,50684.0
7943,50690.3,50693.0,50685.0,50694.0,50694.0,50685.0,50693.0,50689.0,50692.0,50694.0,50684.0
7944,50690.3,50693.0,50685.0,50694.0,50694.0,50685.0,50693.0,50689.0,50692.0,50694.0,50684.0
7945,50690.3,50693.0,50685.0,50694.0,50694.0,50685.0,50693.0,50689.0,50692.0,50694.0,50684.0
7946,50690.3,50693.0,50685.0,50694.0,50694.0,50685.0,50693.0,50689.0,50692.0,50694.0,50684.0
7947,50690.3,50693.0,50685.0,50694.0,50694.0,50685.0,50693.0,50689.0,50692.0,50694.0,50684.0
7948,50690.3,50693.0,50685.0,50694.0,50694.0,50685.0,50693.0,50689.0,50692.0,50694.0,50684.0
7949,50690.3,50693.0,50685.0,50694.0,50694.0,50685.0,50693.0,50689.0,50692.0,50694.0,50684.0
7950,50690.3,50693.0,50685.0,50694.0,50694.0,50685.0,50693.0,50689.0,50692.0,50694.0,50684.0
7951,50690.3,50693.0,50685.0,50694.0,50694.0,50685.0,50693.0,50689.0,50692.0,50694.0,50684.0
7952,50690.3,50693.0,50685.0,50694.0,50694.0,50685.0,50693.0,50689.0,50692.0,50694.0,50684.0
7953,50690.3,50693.0,50685.0,50694.0,50694.0,50685.0,50693.0,50689.0,50692.0,50694.0,50684.0
7954,50690.3,50693.0,50685.0,50694.0,50694.0,50685.0,50693.0,50689.0,50692.0,50694.0,50684.0
7955,50690.3,50693.0,50685.0,50694.0,50694.0,50685.0,50693.0,50689.0,50692.0,50694.0,50684.0
7956,50690.3,50693.0,50685.0,50694.0,50694.0,50685.0,50693.0,50689.0,50692.0,50694.0,50684.0
7957,50690.3,50693.0,50685.0,50694.0,50694.0,50685.0,50693.0,50689.0,50692.0,50694.0,50684.0
7958,50690.3,50693.0,50685.0,50694.0,50694.0,50685.0,50693.0,50689.0,50692.0,50694.0,50684.0
7959,50690.3,50693.0,50685.0,50694.0,50694.0,50685.0,50693.0,50689.0,50692.0,50694.0,50684.0
7960,50690.3,50693.0,50685.0,50694.0,50694.0,50685.0,50693.0,50689.0,50692.0,50694.0,50684.0
7961,50690.3,50693.0,50685.0,50694.0,50694.0,50685.0,50693.0,50689.0,50692.0,50694.0,50684.0
7962,50690.3,50693.0,50685.0,50694.0,50694.0,50685.0,50693.0,50689.0,50692.0,50694.0,50684.0
7963,50690.3,50693.0,50685.0,50694.0,50694.0,50685.0,50693.0,50689.0,50692.0,50694.0,50684.0
7964,50690.3,50693.0,50685.0,50694.0,50694.0,50685.0,50693.0,50689.0,50692.0,50694.0,50684.0
7965,50690.3,50693.0,50685.0,50694.0,50694.0,50685.0,50693.0,50689.0,50692.0,50694.0,50684.0
7966,50690.3,50693.0,50685.0,50694.0,50694.0,50685.0,50693.0,50689.0,50692.0,50694.0,50684.0
7967,50690.3,50693.0,50685.0,50694.0,50694.0,50685.0,50693.0,50689.0,50692.0,50694.0,50684.0
7968,50690.3,50693.0,50685.0,50694.0,50694.0,50685.0,50693.0,50689.0,50692.0,50694.0,50684.0
7969,50690.3,50693.0,50685.0,50694.0,50694.0,50685.0,50693.0,50689.0,50692.0,50694.0,50684.0
7970,50690.3,50693.0,50685.0,50694.0,50694.0,50685.0,50693.0,50689.0,50692.0,50694.0,50684.0
7971,50690.3,50693.0,50685.0,50694.0,50694.0,50685.0,50693.0,50689.0,50692.0,50694.0,50684.0
7972,50690.3,50693.0,50685.0,50694.0,50694.0,50685.0,50693.0,50689.0,50692.0,50694.0,50684.0
7973,50690.3,50693.0,50685.0,50694.0,50694.0,50685.0,50693.0,50689.0,50692.0,50694.0,50684.0
7974,50690.3,50693.0,50685.0,50694.0,50694.0,50685.0,50693.0,50689.0,50692.0,50694.0,50684.0
7975,50690.3,50693.0,50685.0,50694.0,50694.0,50685.0,50693.0,50689.0,50692.0,50694.0,50684.0
7976,50690.3,50693.0,50685.0,50694.0,50694.0,50685.0,50693.0,50689.0,50692.0,50694.0,50684.0
7977,50690.3,50693.0,50685.0,50694.0,50694.0,50685.0,50693.0,50689.0,50692.0,50694.0,50684.0
7978,50690.3,50693.0,50685.0,50694.0,50694.0,50685.0,50693.0,50689.0,50692.0,50694.0,50684.0
7979,50690.3,50693.0,50685.0,50694.0,50694.0,50685.0,50693.0,50689.0,50692.0,50694.0,50684.0
7980,50690.3,50693.0,50685.0,50694.0,50694.0,50685.0,50693.0,50689.0,50692.0,50694.0,50684.0
7981,50690.3,50693.0,50685.0,50694.0,50694.0,50685.0,50693.0,50689.0,50692.0,50694.0,50684.0
7982,50690.3,50693.0,50685.0,50694.0,50694.0,50685.0,50693.0,50689.0,50692.0,50694.0,50684.0
7983,50690.3,50693.0,50685.0,50694.0,50694.0,50685.0,50693.0,50689.0,50692.0,50694.0,50684.0
7984,50690.3,50693.0,50685.0,50694.0,50694.0,50685.0,50693.0,50689.0,50692.0,50694.0,50684.0
7985,50690.3,50693.0,50685.0,50694.0,50694.0,50685.0,50693.0,50689.0,50692.0,50694.0,50684.0
7986,50690.3,50693.0,50685.0,50694.0,50694.0,50685.0,50693.0,50689.0,50692.0,50694.0,50684.0
7987,50690.3,50693.0,50685.0,50694.0,50694.0,50685.0,50693.0,50689.0,50692.0,50694.0,50684.0
7988,50690.3,50693.0,50685.0,50694.0,50694.0,50685.0,50693.0,50689.0,50692.0,50694.0,50684.0
7989,50690.3,50693.0,50685.0,50694.0,50694.0,50685.0,50693.0,50689.0,50692.0,50694.0,50684.0
7990,50690.3,50693.0,50685.0,50694.0,50694.0,50685.0,50693.0,50689.0,50692.0,50694.0,50684.0
7991,50690.3,50693.0,50685.0,50694.0,50694.0,50685.0,50693.0,50689.0,50692.0,50694.0,50684.0
7992,50690.3,50693.0,50685.0,50694.0,50694.0,50685.0,50693.0,50689.0,50692.0,50694.0,50684.0
7993,50690.3,50693.0,50685.0,50694.0,50694.0,50685.0,50693.0,50689.0,50692.0,50694.0,50684.0
7994,50690.3,50693.0,50685.0,50694.0,50694.0,50685.0,50693.0,50689.0,50692.0,50694.0,50684.0
7995,50690.3,50693.0,50685.0,50694.0,50694.0,50685.0,50693.0,50689.0,50692.0,50694.0,50684.0
7996,50690.3,50693.0,50685.0,50694.0,50694.0,50685.0,50693.0,50689.0,50692.0,50694.0,50684.0
7997,50690.3,50693.0,50685.0,50694.0,50694.0,50685.0,50693.0,50689.0,50692.0,50694.0,50684.0
7998,50690.3,50693.0,50685.0,50694.0,50694.0,50685.0,50693.0,50689.0,50692.0,50694.0,50684.0
7999,50690.3,50693.0,50685.0,50694.0,50694.0,50685.0,50693.0,50689.0,50692.0,50694.0,50684.0
8000,50690.3,50693.0,50685.0,50694.0,50694.0,50685.0,50693.0,50689.0,50692.0,50694.0,50684.0
8001,50690.3,50693.0,50685.0,50694.0,50694.0,50685.0,50693.0,50689.0,50692.0,50694.0,50684.0
8002,50690.3,50693.0,50685.0,50694.0,50694.0,50685.0,50693.0,50689.0,50692.0,50694.0,50684.0
8003,50690.3,50693.0,50685.0,50694.0,50694.0,50685.0,50693.0,50689.0,50692.0,50694.0,50684.0
8004,50690.3,50693.0,50685.0,50694.0,50694.0,50685.0,50693.0,50689.0,50692.0,50694.0,50684.0
8005,50690.3,50693.0,50685.0,50694.0,50694.0,50685.0,50693.0,50689.0,50692.0,50694.0,50684.0
8006,50690.3,50693.0,50685.0,50694.0,50694.0,50685.0,50693.0,50689.0,50692.0,50694.0,50684.0
8007,50690.3,50693.0,50685.0,50694.0,50694.0,50685.0,50693.0,50689.0,50692.0,50694.0,50684.0
8008,50690.3,50693.0,50685.0,50694.0,50694.0,50685.0,50693.0,50689.0,50692.0,50694.0,50684.0
8009,50690.3,50693.0,50685.0,50694.0,50694.0,50685.0,50693.0,50689.0,50692.0,50694.0,50684.0
8010,50690.3,50693.0,50685.0,50694.0,50694.0,50685.0,50693.0,50689.0,50692.0,50694.0,50684.0
8011,50690.3,50693.0,50685.0,50694.0,50694.0,50685.0,50693.0,50689.0,50692.0,50694.0,50684.0
8012,50690.3,50693.0,50685.0,50694.0,50694.0,50685.0,50693.0,50689.0,50692.0,50694.0,50684.0
8013,50690.3,50693.0,50685.0,50694.0,50694.0,50685.0,50693.0,50689.0,50692.0,50694.0,50684.0
8014,50690.3,50693.0,50685.0,50694.0,50694.0,50685.0,50693.0,50689.0,50692.0,50694.0,50684.0
8015,50690.3,50693.0,50685.0,50694.0,50694.0,50685.0,50693.0,50689.0,50692.0,50694.0,50684.0
8016,50690.3,50693.0,50685.0,50694.0,50694.0,50685.0,50693.0,50689.0,50692.0,50694.0,50684.0
8017,50690.3,50693.0,50685.0,50694.0,50694.0,50685.0,50693.0,50689.0,50692.0,50694.0,50684.0
8018,50690.3,50693.0,50685.0,50694.0,50694.0,50685.0,50693.0,50689.0,50692.0,50694.0,50684.0
8019,50690.3,50693.0,50685.0,50694.0,50694.0,50685.0,50693.0,50689.0,50692.0,50694.0,50684.0
8020,50690.3,50693.0,50685.0,50694.0,50694.0,50685.0,50693.0,50689.0,50692.0,50694.0,50684.0
8021,50690.3,50693.0,50685.0,50694.0,50694.0,50685.0,50693.0,50689.0,50692.0,50694.0,50684.0
8022,50690.3,50693.0,50685.0,50694.0,50694.0,50685.0,50693.0,50689.0,50692.0,50694.0,50684.0
8023,50690.3,50693.0,50685.0,50694.0,50694.0,50685.0,50693.0,50689.0,50692.0,50694.0,50684.0
8024,50690.3,50693.0,50685.0,50694.0,50694.0,50685.0,50693.0,50689.0,50692.0,50694.0,50684.0
8025,50690.3,50693.0,50685.0,50694.0,50694.0,50685.0,50693.0,50689.0,50692.0,50694.0,50684.0
8026,50690.3,50693.0,50685.0,50694.0,50694.0,50685.0,50693.0,50689.0,50692.0,50694.0,50684.0
8027,50690.3,50693.0,50685.0,50694.0,50694.0,50685.0,50693.0,50689.0,50692.0,50694.0,50684.0
8028,50690.3,50693.0,50685.0,50694.0,50694.0,50685.0,50693.0,50689.0,50692.0,50694.0,50684.0
8029,50690.3,50693.0,50685.0,50694.0,50694.0,50685.0,50693.0,50689.0,50692.0,50694.0,50684.0
8030,50690.3,50693.0,50685.0,50694.0,50694.0,50685.0,50693.0,50689.0,50692.0,50694.0,50684.0
8031,50690.3,50693.0,50685.0,50694.0,50694.0,50685.0,50693.0,50689.0,50692.0,50694.0,50684.0
8032,50690.3,50693.0,50685.0,50694.0,50694.0,50685.0,50693.0,50689.0,50692.0,50694.0,50684.0
8033,50690.3,50693.0,50685.0,50694.0,50694.0,50685.0,50693.0,50689.0,50692.0,50694.0,50684.0
8034,50690.3,50693.0,50685.0,50694.0,50694.0,50685.0,50693.0,50689.0,50692.0,50694.0,50684.0
8035,50690.3,50693.0,50685.0,50694.0,50694.0,50685.0,50693.0,50689.0,50692.0,50694.0,50684.0
8036,50690.3,50693.0,50685.0,50694.0,50694.0,50685.0,50693.0,50689.0,50692.0,50694.0,50684.0
8037,50690.3,50693.0,50685.0,50694.0,50694.0,50685.0,50693.0,50689.0,50692.0,50694.0,50684.0
8038,50690.3,50693.0,50685.0,50694.0,50694.0,50685.0,50693.0,50689.0,50692.0,50694.0,50684.0
8039,50690.3,50693.0,50685.0,50694.0,50694.0,50685.0,50693.0,50689.0,50692.0,50694.0,50684.0
8040,50690.3,50693.0,50685.0,50694.0,50694.0,50685.0,50693.0,50689.0,50692.0,50694.0,50684.0
8041,50690.3,50693.0,50685.0,50694.0,50694.0,50685.0,50693.0,50689.0,50692.0,50694.0,50684.0
8042,50690.3,50693.0,50685.0,50694.0,50694.0,50685.0,50693.0,50689.0,50692.0,50694.0,50684.0
8043,50690.3,50693.0,50685.0,50694.0,50694.0,50685.0,50693.0,50689.0,50692.0,50694.0,50684.0
8044,50690.3,50693.0,50685.0,50694.0,50694.0,50685.0,50693.0,50689.0,50692.0,50694.0,50684.0
8045,50690.3,50693.0,50685.0,50694.0,50694.0,50685.0,50693.0,50689.0,50692.0,50694.0,50684.0
8046,50690.3,50693.0,50685.0,50694.0,50694.0,50685.0,50693.0,50689.0,50692.0,50694.0,50684.0
8047,50690.3,50693.0,50685.0,50694.0,50694.0,50685.0,50693.0,50689.0,50692.0,50694.0,50684.0
8048,50690.3,50693.0,50685.0,50694.0,50694.0,50685.0,50693.0,50689.0,50692.0,50694.0,50684.0
8049,50690.3,50693.0,50685.0,50694.0,50694.0,50685.0,50693.0,50689.0,50692.0,50694.0,50684.0
8050,50690.3,50693.0,50685.0,50694.0,50694.0,50685.0,50693.0,50689.0,50692.0,50694.0,50684.0
8051,50690.3,50693.0,50685.0,50694.0,50694.0,50685.0,50693.0,50689.0,50692.0,50694.0,50684.0
8052,50690.3,50693.0,50685.0,50694.0,50694.0,50685.0,50693.0,50689.0,50692.0,50694.0,50684.0
8053,50690.3,50693.0,50685.0,50694.0,50694.0,50685.0,50693.0,50689.0,50692.0,50694.0,50684.0
8054,50690.3,50693.0,50685.0,50694.0,50694.0,50685.0,50693.0,50689.0,50692.0,50694.0,50684.0
8055,50690.3,50693.0,50685.0,50694.0,50694.0,50685.0,50693.0,50689.0,50692.0,50694.0,50684.0
8056,50690.3,50693.0,50685.0,50694.0,50694.0,50685.0,50693.0,50689.0,50692.0,50694.0,50684.0
8057,50690.3,50693.0,50685.0,50694.0,50694.0,50685.0,50693.0,50689.0,50692.0,50694.0,50684.0
8058,50690.3,50693.0,50685.0,50694.0,50694.0,50685.0,50693.0,50689.0,50692.0,50694.0,50684.0
8059,50690.3,50693.0,50685.0,50694.0,50694.0,50685.0,50693.0,50689.0,50692.0,50694.0,50684.0
8060,50690.3,50693.0,50685.0,50694.0,50694.0,50685.0,50693.0,50689.0,50692.0,50694.0,50684.0
8061,50690.3,50693.0,50685.0,50694.0,50694.0,50685.0,50693.0,50689.0,50692.0,50694.0,50684.0
8062,50690.3,50693.0,50685.0,50694.0,50694.0,50685.0,50693.0,50689.0,50692.0,50694.0,50684.0
8063,50690.3,50693.0,50685.0,50694.0,50694.0,50685.0,50693.0,50689.0,50692.0,50694.0,50684.0
8064,50690.3,50693.0,50685.0,50694.0,50694.0,50685.0,50693.0,50689.0,50692.0,50694.0,50684.0
8065,50690.3,50693.0,50685.0,50694.0,50694.0,50685.0,50693.0,50689.0,50692.0,50694.0,50684.0
8066,50690.3,50693.0,50685.0,50694.0,50694.0,50685.0,50693.0,50689.0,50692.0,50694.0,50684.0
8067,50690.3,50693.0,50685.0,50694.0,50694.0,50685.0,50693.0,50689.0,50692.0,50694.0,50684.0
8068,50690.3,50693.0,50685.0,50694.0,50694.0,50685.0,50693.0,50689.0,50692.0,50694.0,50684.0
8069,50690.3,50693.0,50685.0,50694.0,50694.0,50685.0,50693.0,50689.0,50692.0,50694.0,50684.0
8070,50690.3,50693.0,50685.0,50694.0,50694.0,50685.0,50693.0,50689.0,50692.0,50694.0,50684.0
8071,50690.3,50693.0,50685.0,50694.0,50694.0,50685.0,50693.0,50689.0,50692.0,50694.0,50684.0
8072,50690.3,50693.0,50685.0,50694.0,50694.0,50685.0,50693.0,50689.0,50692.0,50694.0,50684.0
8073,50690.3,50693.0,50685.0,50694.0,50694.0,50685.0,50693.0,50689.0,50692.0,50694.0,50684.0
8074,50690.3,50693.0,50685.0,50694.0,50694.0,50685.0,50693.0,50689.0,50692.0,50694.0,50684.0
8075,50690.3,50693.0,50685.0,50694.0,50694.0,50685.0,50693.0,50689.0,50692.0,50694.0,50684.0
8076,50690.3,50693.0,50685.0,50694.0,50694.0,50685.0,50693.0,50689.0,50692.0,50694.0,50684.0
8077,50690.3,50693.0,50685.0,50694.0,50694.0,50685.0,50693.0,50689.0,50692.0,50694.0,50684.0
8078,50690.3,50693.0,50685.0,50694.0,50694.0,50685.0,50693.0,50689.0,50692.0,50694.0,50684.0
8079,50690.3,50693.0,50685.0,50694.0,50694.0,50685.0,50693.0,50689.0,50692.0,50694.0,50684.0
8080,50690.3,50693.0,50685.0,50694.0,50694.0,50685.0,50693.0,50689.0,50692.0,50694.0,50684.0
8081,50690.3,50693.0,50685.0,50694.0,50694.0,50685.0,50693.0,50689.0,50692.0,50694.0,50684.0
8082,50690.3,50693.0,50685.0,50694.0,50694.0,50685.0,50693.0,50689.0,50692.0,50694.0,50684.0
8083,50690.3,50693.0,50685.0,50694.0,50694.0,50685.0,50693.0,50689.0,50692.0,50694.0,50684.0
8084,50690.3,50693.0,50685.0,50694.0,50694.0,50685.0,50693.0,50689.0,50692.0,50694.0,50684.0
8085,50690.3,50693.0,50685.0,50694.0,50694.0,50685.0,50693.0,50689.0,50692.0,50694.0,50684.0
8086,50690.3,50693.0,50685.0,50694.0,50694.0,50685.0,50693.0,50689.0,50692.0,50694.0,50684.0
8087,50690.3,50693.0,50685.0,50694.0,50694.0,50685.0,50693.0,50689.0,50692.0,50694.0,50684.0
8088,50690.3,50693.0,50685.0,50694.0,50694.0,50685.0,50693.0,50689.0,50692.0,50694.0,50684.0
8089,50690.3,50693.0,50685.0,50694.0,50694.0,50685.0,50693.0,50689.0,50692.0,50694.0,50684.0
8090,50690.3,50693.0,50685.0,50694.0,50694.0,50685.0,50693.0,50689.0,50692.0,50694.0,50684.0
8091,50690.3,50693.0,50685.0,50694.0,50694.0,50685.0,50693.0,50689.0,50692.0,50694.0,50684.0
8092,50690.3,50693.0,50685.0,50694.0,50694.0,50685.0,50693.0,50689.0,50692.0,50694.0,50684.0
8093,50690.3,50693.0,50685.0,50694.0,50694.0,50685.0,50693.0,50689.0,50692.0,50694.0,50684.0
8094,50690.3,50693.0,50685.0,50694.0,50694.0,50685.0,50693.0,50689.0,50692.0,50694.0,50684.0
8095,50690.3,50693.0,50685.0,50694.0,50694.0,50685.0,50693.0,50689.0,50692.0,50694.0,50684.0
8096,50690.3,50693.0,50685.0,50694.0,50694.0,50685.0,50693.0,50689.0,50692.0,50694.0,50684.0
8097,50690.3,50693.0,50685.0,50694.0,50694.0,50685.0,50693.0,50689.0,50692.0,50694.0,50684.0
8098,50690.3,50693.0,50685.0,50694.0,50694.0,50685.0,50693.0,50689.0,50692.0,50694.0,50684.0
8099,50690.3,50693.0,50685.0,50694.0,50694.0,50685.0,50693.0,50689.0,50692.0,50694.0,50684.0
8100,50690.3,50693.0,50685.0,50694.0,50694.0,50685.0,50693.0,50689.0,50692.0,50694.0,50684.0
8101,50690.3,50693.0,50685.0,50694.0,50694.0,50685.0,50693.0,50689.0,50692.0,50694.0,50684.0
8102,50690.3,50693.0,50685.0,50694.0,50694.0,50685.0,50693.0,50689.0,50692.0,50694.0,50684.0
8103,50690.3,50693.0,50685.0,50694.0,50694.0,50685.0,50693.0,50689.0,50692.0,50694.0,50684.0
8104,50690.3,50693.0,50685.0,50694.0,50694.0,50685.0,50693.0,50689.0,50692.0,50694.0,50684.0
8105,50690.3,50693.0,50685.0,50694.0,50694.0,50685.0,50693.0,50689.0,50692.0,50694.0,50684.0
8106,50690.3,50693.0,50685.0,50694.0,50694.0,50685.0,50693.0,50689.0,50692.0,50694.0,50684.0
8107,50690.3,50693.0,50685.0,50694.0,50694.0,50685.0,50693.0,50689.0,50692.0,50694.0,50684.0
8108,50690.3,50693.0,50685.0,50694.0,50694.0,50685.0,50693.0,50689.0,50692.0,50694.0,50684.0
8109,50690.3,50693.0,50685.0,50694.0,50694.0,50685.0,50693.0,50689.0,50692.0,50694.0,50684.0
8110,50690.3,50693.0,50685.0,50694.0,50694.0,50685.0,50693.0,50689.0,50692.0,50694.0,50684.0
8111,50690.3,50693.0,50685.0,50694.0,50694.0,50685.0,50693.0,50689.0,50692.0,50694.0,50684.0
8112,50690.3,50693.0,50685.0,50694.0,50694.0,50685.0,50693.0,50689.0,50692.0,50694.0,50684.0
8113,50690.3,50693.0,50685.0,50694.0,50694.0,50685.0,50693.0,50689.0,50692.0,50694.0,50684.0
8114,50690.3,50693.0,50685.0,50694.0,50694.0,50685.0,50693.0,50689.0,50692.0,50694.0,50684.0
8115,50690.3,50693.0,50685.0,50694.0,50694.0,50685.0,50693.0,50689.0,50692.0,50694.0,50684.0
8116,50690.3,50693.0,50685.0,50694.0,50694.0,50685.0,50693.0,50689.0,50692.0,50694.0,50684.0
8117,50690.3,50693.0,50685.0,50694.0,50694.0,50685.0,50693.0,50689.0,50692.0,50694.0,50684.0
8118,50690.3,50693.0,50685.0,50694.0,50694.0,50685.0,50693.0,50689.0,50692.0,50694.0,50684.0
8119,50690.3,50693.0,50685.0,50694.0,50694.0,50685.0,50693.0,50689.0,50692.0,50694.0,50684.0
8120,50690.3,50693.0,50685.0,50694.0,50694.0,50685.0,50693.0,50689.0,50692.0,50694.0,50684.0
8121,50690.3,50693.0,50685.0,50694.0,50694.0,50685.0,50693.0,50689.0,50692.0,50694.0,50684.0
8122,50690.3,50693.0,50685.0,50694.0,50694.0,50685.0,50693.0,50689.0,50692.0,50694.0,50684.0
8123,50690.3,50693.0,50685.0,50694.0,50694.0,50685.0,50693.0,50689.0,50692.0,50694.0,50684.0
8124,50690.3,50693.0,50685.0,50694.0,50694.0,50685.0,50693.0,50689.0,50692.0,50694.0,50684.0
8125,50690.3,50693.0,50685.0,50694.0,50694.0,50685.0,50693.0,50689.0,50692.0,50694.0,50684.0
8126,50690.3,50693.0,50685.0,50694.0,50694.0,50685.0,50693.0,50689.0,50692.0,50694.0,50684.0
8127,50690.3,50693.0,50685.0,50694.0,50694.0,50685.0,50693.0,50689.0,50692.0,50694.0,50684.0
8128,50690.3,50693.0,50685.0,50694.0,50694.0,50685.0,50693.0,50689.0,50692.0,50694.0,50684.0
8129,50690.3,50693.0,50685.0,50694.0,50694.0,50685.0,50693.0,50689.0,50692.0,50694.0,50684.0
8130,50690.3,50693.0,50685.0,50694.0,50694.0,50685.0,50693.0,50689.0,50692.0,50694.0,50684.0
8131,50690.3,50693.0,50685.0,50694.0,50694.0,50685.0,50693.0,50689.0,50692.0,50694.0,50684.0
8132,50690.3,50693.0,50685.0,50694.0,50694.0,50685.0,50693.0,50689.0,50692.0,50694.0,50684.0
8133,50690.3,50693.0,50685.0,50694.0,50694.0,50685.0,50693.0,50689.0,50692.0,50694.0,50684.0
8134,50690.3,50693.0,50685.0,50694.0,50694.0,50685.0,50693.0,50689.0,50692.0,50694.0,50684.0
8135,50690.3,50693.0,50685.0,50694.0,50694.0,50685.0,50693.0,50689.0,50692.0,50694.0,50684.0
8136,50690.3,50693.0,50685.0,50694.0,50694.0,50685.0,50693.0,50689.0,50692.0,50694.0,50684.0
8137,50690.3,50693.0,50685.0,50694.0,50694.0,50685.0,50693.0,50689.0,50692.0,50694.0,50684.0
8138,50690.3,50693.0,50685.0,50694.0,50694.0,50685.0,50693.0,50689.0,50692.0,50694.0,50684.0
8139,50690.3,50693.0,50685.0,50694.0,50694.0,50685.0,50693.0,50689.0,50692.0,50694.0,50684.0
8140,50690.3,50693.0,50685.0,50694.0,50694.0,50685.0,50693.0,50689.0,50692.0,50694.0,50684.0
8141,50690.3,50693.0,50685.0,50694.0,50694.0,50685.0,50693.0,50689.0,50692.0,50694.0,50684.0
8142,50690.3,50693.0,50685.0,50694.0,50694.0,50685.0,50693.0,50689.0,50692.0,50694.0,50684.0
8143,50690.3,50693.0,50685.0,50694.0,50694.0,50685.0,50693.0,50689.0,50692.0,50694.0,50684.0
8144,50690.3,50693.0,50685.0,50694.0,50694.0,50685.0,50693.0,50689.0,50692.0,50694.0,50684.0
8145,50690.3,50693.0,50685.0,50694.0,50694.0,50685.0,50693.0,50689.0,50692.0,50694.0,50684.0
8146,50690.3,50693.0,50685.0,50694.0,50694.0,50685.0,50693.0,50689.0,50692.0,50694.0,50684.0
8147,50690.3,50693.0,50685.0,50694.0,50694.0,50685.0,50693.0,50689.0,50692.0,50694.0,50684.0
8148,50690.3,50693.0,50685.0,50694.0,50694.0,50685.0,50693.0,50689.0,50692.0,50694.0,50684.0
8149,50690.3,50693.0,50685.0,50694.0,50694.0,50685.0,50693.0,50689.0,50692.0,50694.0,50684.0
8150,50690.3,50693.0,50685.0,50694.0,50694.0,50685.0,50693.0,50689.0,50692.0,50694.0,50684.0
8151,50690.3,50693.0,50685.0,50694.0,50694.0,50685.0,50693.0,50689.0,50692.0,50694.0,50684.0
8152,50690.3,50693.0,50685.0,50694.0,50694.0,50685.0,50693.0,50689.0,50692.0,50694.0,50684.0
8153,50690.3,50693.0,50685.0,50694.0,50694.0,50685.0,50693.0,50689.0,50692.0,50694.0,50684.0
8154,50690.3,50693.0,50685.0,50694.0,50694.0,50685.0,50693.0,50689.0,50692.0,50694.0,50684.0
8155,50690.3,50693.0,50685.0,50694.0,50694.0,50685.0,50693.0,50689.0,50692.0,50694.0,50684.0
8156,50690.3,50693.0,50685.0,50694.0,50694.0,50685.0,50693.0,50689.0,50692.0,50694.0,50684.0
8157,50690.3,50693.0,50685.0,50694.0,50694.0,50685.0,50693.0,50689.0,50692.0,50694.0,50684.0
8158,50690.3,50693.0,50685.0,50694.0,50694.0,50685.0,50693.0,50689.0,50692.0,50694.0,50684.0
8159,50690.3,50693.0,50685.0,50694.0,50694.0,50685.0,50693.0,50689.0,50692.0,50694.0,50684.0
8160,50690.3,50693.0,50685.0,50694.0,50694.0,50685.0,50693.0,50689.0,50692.0,50694.0,50684.0
8161,50690.3,50693.0,50685.0,50694.0,50694.0,50685.0,50693.0,50689.0,50692.0,50694.0,50684.0
8162,50690.3,50693.0,50685.0,50694.0,50694.0,50685.0,50693.0,50689.0,50692.0,50694.0,50684.0
8163,50690.3,50693.0,50685.0,50694.0,50694.0,50685.0,50693.0,50689.0,50692.0,50694.0,50684.0
8164,50690.3,50693.0,50685.0,50694.0,50694.0,50685.0,50693.0,50689.0,50692.0,50694.0,50684.0
8165,50690.3,50693.0,50685.0,50694.0,50694.0,50685.0,50693.0,50689.0,50692.0,50694.0,50684.0
8166,50690.3,50693.0,50685.0,50694.0,50694.0,50685.0,50693.0,50689.0,50692.0,50694.0,50684.0
8167,50690.3,50693.0,50685.0,50694.0,50694.0,50685.0,50693.0,50689.0,50692.0,50694.0,50684.0
8168,50690.3,50693.0,50685.0,50694.0,50694.0,50685.0,50693.0,50689.0,50692.0,50694.0,50684.0
8169,50690.3,50693.0,50685.0,50694.0,50694.0,50685.0,50693.0,50689.0,50692.0,50694.0,50684.0
8170,50690.3,50693.0,50685.0,50694.0,50694.0,50685.0,50693.0,50689.0,50692.0,50694.0,50684.0
8171,50690.3,50693.0,50685.0,50694.0,50694.0,50685.0,50693.0,50689.0,50692.0,50694.0,50684.0
8172,50690.3,50693.0,50685.0,50694.0,50694.0,50685.0,50693.0,50689.0,50692.0,50694.0,50684.0
8173,50690.3,50693.0,50685.0,50694.0,50694.0,50685.0,50693.0,50689.0,50692.0,50694.0,50684.0
8174,50690.3,50693.0,50685.0,50694.0,50694.0,50685.0,50693.0,50689.0,50692.0,50694.0,50684.0
8175,50690.3,50693.0,50685.0,50694.0,50694.0,50685.0,50693.0,50689.0,50692.0,50694.0,50684.0
8176,50690.3,50693.0,50685.0,50694.0,50694.0,50685.0,50693.0,50689.0,50692.0,50694.0,50684.0
8177,50690.3,50693.0,50685.0,50694.0,50694.0,50685.0,50693.0,50689.0,50692.0,50694.0,50684.0
8178,50690.3,50693.0,50685.0,50694.0,50694.0,50685.0,50693.0,50689.0,50692.0,50694.0,50684.0
8179,50690.3,50693.0,50685.0,50694.0,50694.0,50685.0,50693.0,50689.0,50692.0,50694.0,50684.0
8180,50690.3,50693.0,50685.0,50694.0,50694.0,50685.0,50693.0,50689.0,50692.0,50694.0,50684.0
8181,50690.3,50693.0,50685.0,50694.0,50694.0,50685.0,50693.0,50689.0,50692.0,50694.0,50684.0
8182,50690.3,50693.0,50685.0,50694.0,50694.0,50685.0,50693.0,50689.0,50692.0,50694.0,50684.0
8183,50690.3,50693.0,50685.0,50694.0,50694.0,50685.0,50693.0,50689.0,50692.0,50694.0,50684.0
8184,50690.3,50693.0,50685.0,50694.0,50694.0,50685.0,50693.0,50689.0,50692.0,50694.0,50684.0
8185,50690.3,50693.0,50685.0,50694.0,50694.0,50685.0,50693.0,50689.0,50692.0,50694.0,50684.0
8186,50690.3,50693.0,50685.0,50694.0,50694.0,50685.0,50693.0,50689.0,50692.0,50694.0,50684.0
8187,50690.3,50693.0,50685.0,50694.0,50694.0,50685.0,50693.0,50689.0,50692.0,50694.0,50684.0
8188,50690.3,50693.0,50685.0,50694.0,50694.0,50685.0,50693.0,50689.0,50692.0,50694.0,50684.0
8189,50690.3,50693.0,50685.0,50694.0,50694.0,50685.0,50693.0,50689.0,50692.0,50694.0,50684.0
8190,50690.3,50693.0,50685.0,50694.0,50694.0,50685.0,50693.0,50689.0,50692.0,50694.0,50684.0
8191,50690.3,50693.0,50685.0,50694.0,50694.0,50685.0,50693.0,50689.0,50692.0,50694.0,50684.0
8192,50690.3,50693.0,50685.0,50694.0,50694.0,50685.0,50693.0,50689.0,50692.0,50694.0,50684.0
8193,50690.3,50693.0,50685.0,50694.0,50694.0,50685.0,50693.0,50689.0,50692.0,50694.0,50684.0
8194,50690.3,50693.0,50685.0,50694.0,50694.0,50685.0,50693.0,50689.0,50692.0,50694.0,50684.0
8195,50690.3,50693.0,50685.0,50694.0,50694.0,50685.0,50693.0,50689.0,50692.0,50694.0,50684.0
8196,50690.3,50693.0,50685.0,50694.0,50694.0,50685.0,50693.0,50689.0,50692.0,50694.0,50684.0
8197,50690.3,50693.0,50685.0,50694.0,50694.0,50685.0,50693.0,50689.0,50692.0,50694.0,50684.0
8198,50690.3,50693.0,50685.0,50694.0,50694.0,50685.0,50693.0,50689.0,50692.0,50694.0,50684.0
8199,50690.3,50693.0,50685.0,50694.0,50694.0,50685.0,50693.0,50689.0,50692.0,50694.0,50684.0
8200,50690.3,50693.0,50685.0,50694.0,50694.0,50685.0,50693.0,50689.0,50692.0,50694.0,50684.0
8201,50690.3,50693.0,50685.0,50694.0,50694.0,50685.0,50693.0,50689.0,50692.0,50694.0,50684.0
8202,50690.3,50693.0,50685.0,50694.0,50694.0,50685.0,50693.0,50689.0,50692.0,50694.0,50684.0
8203,50690.3,50693.0,50685.0,50694.0,50694.0,50685.0,50693.0,50689.0,50692.0,50694.0,50684.0
8204,50690.3,50693.0,50685.0,50694.0,50694.0,50685.0,50693.0,50689.0,50692.0,50694.0,50684.0
8205,50690.3,50693.0,50685.0,50694.0,50694.0,50685.0,50693.0,50689.0,50692.0,50694.0,50684.0
8206,50690.3,50693.0,50685.0,50694.0,50694.0,50685.0,50693.0,50689.0,50692.0,50694.0,50684.0
8207,50690.3,50693.0,50685.0,50694.0,50694.0,50685.0,50693.0,50689.0,50692.0,50694.0,50684.0
8208,50690.3,50693.0,50685.0,50694.0,50694.0,50685.0,50693.0,50689.0,50692.0,50694.0,50684.0
8209,50690.3,50693.0,50685.0,50694.0,50694.0,50685.0,50693.0,50689.0,50692.0,50694.0,50684.0
8210,50690.3,50693.0,50685.0,50694.0,50694.0,50685.0,50693.0,50689.0,50692.0,50694.0,50684.0
8211,50690.3,50693.0,50685.0,50694.0,50694.0,50685.0,50693.0,50689.0,50692.0,50694.0,50684.0
8212,50690.3,50693.0,50685.0,50694.0,50694.0,50685.0,50693.0,50689.0,50692.0,50694.0,50684.0
8213,50690.3,50693.0,50685.0,50694.0,50694.0,50685.0,50693.0,50689.0,50692.0,50694.0,50684.0
8214,50690.3,50693.0,50685.0,50694.0,50694.0,50685.0,50693.0,50689.0,50692.0,50694.0,50684.0
8215,50690.3,50693.0,50685.0,50694.0,50694.0,50685.0,50693.0,50689.0,50692.0,50694.0,50684.0
8216,50690.3,50693.0,50685.0,50694.0,50694.0,50685.0,50693.0,50689.0,50692.0,50694.0,50684.0
8217,50690.3,50693.0,50685.0,50694.0,50694.0,50685.0,50693.0,50689.0,50692.0,50694.0,50684.0
8218,50690.3,50693.0,50685.0,50694.0,50694.0,50685.0,50693.0,50689.0,50692.0,50694.0,50684.0
8219,50690.3,50693.0,50685.0,50694.0,50694.0,50685.0,50693.0,50689.0,50692.0,50694.0,50684.0
8220,50690.3,50693.0,50685.0,50694.0,50694.0,50685.0,50693.0,50689.0,50692.0,50694.0,50684.0
8221,50690.3,50693.0,50685.0,50694.0,50694.0,50685.0,50693.0,50689.0,50692.0,50694.0,50684.0
8222,50690.3,50693.0,50685.0,50694.0,50694.0,50685.0,50693.0,50689.0,50692.0,50694.0,50684.0
8223,50690.3,50693.0,50685.0,50694.0,50694.0,50685.0,50693.0,50689.0,50692.0,50694.0,50684.0
8224,50690.3,50693.0,50685.0,50694.0,50694.0,50685.0,50693.0,50689.0,50692.0,50694.0,50684.0
8225,50690.3,50693.0,50685.0,50694.0,50694.0,50685.0,50693.0,50689.0,50692.0,50694.0,50684.0
8226,50690.3,50693.0,50685.0,50694.0,50694.0,50685.0,50693.0,50689.0,50692.0,50694.0,50684.0
8227,50690.3,50693.0,50685.0,50694.0,50694.0,50685.0,50693.0,50689.0,50692.0,50694.0,50684.0
8228,50690.3,50693.0,50685.0,50694.0,50694.0,50685.0,50693.0,50689.0,50692.0,50694.0,50684.0
8229,50690.3,50693.0,50685.0,50694.0,50694.0,50685.0,50693.0,50689.0,50692.0,50694.0,50684.0
8230,50690.3,50693.0,50685.0,50694.0,50694.0,50685.0,50693.0,50689.0,50692.0,50694.0,50684.0
8231,50690.3,50693.0,50685.0,50694.0,50694.0,50685.0,50693.0,50689.0,50692.0,50694.0,50684.0
8232,50690.3,50693.0,50685.0,50694.0,50694.0,50685.0,50693.0,50689.0,50692.0,50694.0,50684.0
8233,50690.3,50693.0,50685.0,50694.0,50694.0,50685.0,50693.0,50689.0,50692.0,50694.0,50684.0
8234,50690.3,50693.0,50685.0,50694.0,50694.0,50685.0,50693.0,50689.0,50692.0,50694.0,50684.0
8235,50690.3,50693.0,50685.0,50694.0,50694.0,50685.0,50693.0,50689.0,50692.0,50694.0,50684.0
8236,50690.3,50693.0,50685.0,50694.0,50694.0,50685.0,50693.0,50689.0,50692.0,50694.0,50684.0
8237,50690.3,50693.0,50685.0,50694.0,50694.0,50685.0,50693.0,50689.0,50692.0,50694.0,50684.0
8238,50690.3,50693.0,50685.0,50694.0,50694.0,50685.0,50693.0,50689.0,50692.0,50694.0,50684.0
8239,50690.3,50693.0,50685.0,50694.0,50694.0,50685.0,50693.0,50689.0,50692.0,50694.0,50684.0
8240,50690.3,50693.0,50685.0,50694.0,50694.0,50685.0,50693.0,50689.0,50692.0,50694.0,50684.0
8241,50690.3,50693.0,50685.0,50694.0,50694.0,50685.0,50693.0,50689.0,50692.0,50694.0,50684.0
8242,50690.3,50693.0,50685.0,50694.0,50694.0,50685.0,50693.0,50689.0,50692.0,50694.0,50684.0
8243,50690.3,50693.0,50685.0,50694.0,50694.0,50685.0,50693.0,50689.0,50692.0,50694.0,50684.0
8244,50690.3,50693.0,50685.0,50694.0,50694.0,50685.0,50693.0,50689.0,50692.0,50694.0,50684.0
8245,50690.3,50693.0,50685.0,50694.0,50694.0,50685.0,50693.0,50689.0,50692.0,50694.0,50684.0
8246,50690.3,50693.0,50685.0,50694.0,50694.0,50685.0,50693.0,50689.0,50692.0,50694.0,50684.0
8247,50690.3,50693.0,50685.0,50694.0,50694.0,50685.0,50693.0,50689.0,50692.0,50694.0,50684.0
8248,50690.3,50693.0,50685.0,50694.0,50694.0,50685.0,50693.0,50689.0,50692.0,50694.0,50684.0
8249,50690.3,50693.0,50685.0,50694.0,50694.0,50685.0,50693.0,50689.0,50692.0,50694.0,50684.0
8250,50690.3,50693.0,50685.0,50694.0,50694.0,50685.0,50693.0,50689.0,50692.0,50694.0,50684.0
8251,50690.3,50693.0,50685.0,50694.0,50694.0,50685.0,50693.0,50689.0,50692.0,50694.0,50684.0
8252,50690.3,50693.0,50685.0,50694.0,50694.0,50685.0,50693.0,50689.0,50692.0,50694.0,50684.0
8253,50690.3,50693.0,50685.0,50694.0,50694.0,50685.0,50693.0,50689.0,50692.0,50694.0,50684.0
8254,50690.3,50693.0,50685.0,50694.0,50694.0,50685.0,50693.0,50689.0,50692.0,50694.0,50684.0
8255,50690.3,50693.0,50685.0,50694.0,50694.0,50685.0,50693.0,50689.0,50692.0,50694.0,50684.0
8256,50690.3,50693.0,50685.0,50694.0,50694.0,50685.0,50693.0,50689.0,50692.0,50694.0,50684.0
8257,50690.3,50693.0,50685.0,50694.0,50694.0,50685.0,50693.0,50689.0,50692.0,50694.0,50684.0
8258,50690.3,50693.0,50685.0,50694.0,50694.0,50685.0,50693.0,50689.0,50692.0,50694.0,50684.0
8259,50690.3,50693.0,50685.0,50694.0,50694.0,50685.0,50693.0,50689.0,50692.0,50694.0,50684.0
8260,50690.3,50693.0,50685.0,50694.0,50694.0,50685.0,50693.0,50689.0,50692.0,50694.0,50684.0
8261,50690.3,50693.0,50685.0,50694.0,50694.0,50685.0,50693.0,50689.0,50692.0,50694.0,50684.0
8262,50690.3,50693.0,50685.0,50694.0,50694.0,50685.0,50693.0,50689.0,50692.0,50694.0,50684.0
8263,50690.3,50693.0,50685.0,50694.0,50694.0,50685.0,50693.0,50689.0,50692.0,50694.0,50684.0
8264,50690.3,50693.0,50685.0,50694.0,50694.0,50685.0,50693.0,50689.0,50692.0,50694.0,50684.0
8265,50690.3,50693.0,50685.0,50694.0,50694.0,50685.0,50693.0,50689.0,50692.0,50694.0,50684.0
8266,50690.3,50693.0,50685.0,50694.0,50694.0,50685.0,50693.0,50689.0,50692.0,50694.0,50684.0
8267,50690.3,50693.0,50685.0,50694.0,50694.0,50685.0,50693.0,50689.0,50692.0,50694.0,50684.0
8268,50690.3,50693.0,50685.0,50694.0,50694.0,50685.0,50693.0,50689.0,50692.0,50694.0,50684.0
8269,50690.3,50693.0,50685.0,50694.0,50694.0,50685.0,50693.0,50689.0,50692.0,50694.0,50684.0
8270,50690.3,50693.0,50685.0,50694.0,50694.0,50685.0,50693.0,50689.0,50692.0,50694.0,50684.0
8271,50690.3,50693.0,50685.0,50694.0,50694.0,50685.0,50693.0,50689.0,50692.0,50694.0,50684.0
8272,50690.3,50693.0,50685.0,50694.0,50694.0,50685.0,50693.0,50689.0,50692.0,50694.0,50684.0
8273,50690.3,50693.0,50685.0,50694.0,50694.0,50685.0,50693.0,50689.0,50692.0,50694.0,50684.0
8274,50690.3,50693.0,50685.0,50694.0,50694.0,50685.0,50693.0,50689.0,50692.0,50694.0,50684.0
8275,50690.3,50693.0,50685.0,50694.0,50694.0,50685.0,50693.0,50689.0,50692.0,50694.0,50684.0
8276,50690.3,50693.0,50685.0,50694.0,50694.0,50685.0,50693.0,50689.0,50692.0,50694.0,50684.0
8277,50690.3,50693.0,50685.0,50694.0,50694.0,50685.0,50693.0,50689.0,50692.0,50694.0,50684.0
8278,50690.3,50693.0,50685.0,50694.0,50694.0,50685.0,50693.0,50689.0,50692.0,50694.0,50684.0
8279,50690.3,50693.0,50685.0,50694.0,50694.0,50685.0,50693.0,50689.0,50692.0,50694.0,50684.0
8280,50690.3,50693.0,50685.0,50694.0,50694.0,50685.0,50693.0,50689.0,50692.0,50694.0,50684.0
8281,50690.3,50693.0,50685.0,50694.0,50694.0,50685.0,50693.0,50689.0,50692.0,50694.0,50684.0
8282,50690.3,50693.0,50685.0,50694.0,50694.0,50685.0,50693.0,50689.0,50692.0,50694.0,50684.0
8283,50690.3,50693.0,50685.0,50694.0,50694.0,50685.0,50693.0,50689.0,50692.0,50694.0,50684.0
8284,50690.3,50693.0,50685.0,50694.0,50694.0,50685.0,50693.0,50689.0,50692.0,50694.0,50684.0
8285,50690.3,50693.0,50685.0,50694.0,50694.0,50685.0,50693.0,50689.0,50692.0,50694.0,50684.0
8286,50690.3,50693.0,50685.0,50694.0,50694.0,50685.0,50693.0,50689.0,50692.0,50694.0,50684.0
8287,50690.3,50693.0,50685.0,50694.0,50694.0,50685.0,50693.0,50689.0,50692.0,50694.0,50684.0
8288,50690.3,50693.0,50685.0,50694.0,50694.0,50685.0,50693.0,50689.0,50692.0,50694.0,50684.0
8289,50690.3,50693.0,50685.0,50694.0,50694.0,50685.0,50693.0,50689.0,50692.0,50694.0,50684.0
8290,50690.3,50693.0,50685.0,50694.0,50694.0,50685.0,50693.0,50689.0,50692.0,50694.0,50684.0
8291,50690.3,50693.0,50685.0,50694.0,50694.0,50685.0,50693.0,50689.0,50692.0,50694.0,50684.0
8292,50690.3,50693.0,50685.0,50694.0,50694.0,50685.0,50693.0,50689.0,50692.0,50694.0,50684.0
8293,50690.3,50693.0,50685.0,50694.0,50694.0,50685.0,50693.0,50689.0,50692.0,50694.0,50684.0
8294,50690.3,50693.0,50685.0,50694.0,50694.0,50685.0,50693.0,50689.0,50692.0,50694.0,50684.0
8295,50690.3,50693.0,50685.0,50694.0,50694.0,50685.0,50693.0,50689.0,50692.0,50694.0,50684.0
8296,50690.3,50693.0,50685.0,50694.0,50694.0,50685.0,50693.0,50689.0,50692.0,50694.0,50684.0
8297,50690.3,50693.0,50685.0,50694.0,50694.0,50685.0,50693.0,50689.0,50692.0,50694.0,50684.0
8298,50690.3,50693.0,50685.0,50694.0,50694.0,50685.0,50693.0,50689.0,50692.0,50694.0,50684.0
8299,50690.3,50693.0,50685.0,50694.0,50694.0,50685.0,50693.0,50689.0,50692.0,50694.0,50684.0
8300,50690.3,50693.0,50685.0,50694.0,50694.0,50685.0,50693.0,50689.0,50692.0,50694.0,50684.0
8301,50690.3,50693.0,50685.0,50694.0,50694.0,50685.0,50693.0,50689.0,50692.0,50694.0,50684.0
8302,50690.3,50693.0,50685.0,50694.0,50694.0,50685.0,50693.0,50689.0,50692.0,50694.0,50684.0
8303,50690.3,50693.0,50685.0,50694.0,50694.0,50685.0,50693.0,50689.0,50692.0,50694.0,50684.0
8304,50690.3,50693.0,50685.0,50694.0,50694.0,50685.0,50693.0,50689.0,50692.0,50694.0,50684.0
8305,50690.3,50693.0,50685.0,50694.0,50694.0,50685.0,50693.0,50689.0,50692.0,50694.0,50684.0
8306,50690.3,50693.0,50685.0,50694.0,50694.0,50685.0,50693.0,50689.0,50692.0,50694.0,50684.0
8307,50690.3,50693.0,50685.0,50694.0,50694.0,50685.0,50693.0,50689.0,50692.0,50694.0,50684.0
8308,50690.3,50693.0,50685.0,50694.0,50694.0,50685.0,50693.0,50689.0,50692.0,50694.0,50684.0
8309,50690.3,50693.0,50685.0,50694.0,50694.0,50685.0,50693.0,50689.0,50692.0,50694.0,50684.0
8310,50690.3,50693.0,50685.0,50694.0,50694.0,50685.0,50693.0,50689.0,50692.0,50694.0,50684.0
8311,50690.3,50693.0,50685.0,50694.0,50694.0,50685.0,50693.0,50689.0,50692.0,50694.0,50684.0
8312,50690.3,50693.0,50685.0,50694.0,50694.0,50685.0,50693.0,50689.0,50692.0,50694.0,50684.0
8313,50690.3,50693.0,50685.0,50694.0,50694.0,50685.0,50693.0,50689.0,50692.0,50694.0,50684.0
8314,50690.3,50693.0,50685.0,50694.0,50694.0,50685.0,50693.0,50689.0,50692.0,50694.0,50684.0
8315,50690.3,50693.0,50685.0,50694.0,50694.0,50685.0,50693.0,50689.0,50692.0,50694.0,50684.0
8316,50690.3,50693.0,50685.0,50694.0,50694.0,50685.0,50693.0,50689.0,50692.0,50694.0,50684.0
8317,50690.3,50693.0,50685.0,50694.0,50694.0,50685.0,50693.0,50689.0,50692.0,50694.0,50684.0
8318,50690.3,50693.0,50685.0,50694.0,50694.0,50685.0,50693.0,50689.0,50692.0,50694.0,50684.0
8319,50690.3,50693.0,50685.0,50694.0,50694.0,50685.0,50693.0,50689.0,50692.0,50694.0,50684.0
8320,50690.3,50693.0,50685.0,50694.0,50694.0,50685.0,50693.0,50689.0,50692.0,50694.0,50684.0
8321,50690.3,50693.0,50685.0,50694.0,50694.0,50685.0,50693.0,50689.0,50692.0,50694.0,50684.0
8322,50690.3,50693.0,50685.0,50694.0,50694.0,50685.0,50693.0,50689.0,50692.0,50694.0,50684.0
8323,50690.3,50693.0,50685.0,50694.0,50694.0,50685.0,50693.0,50689.0,50692.0,50694.0,50684.0
8324,50690.3,50693.0,50685.0,50694.0,50694.0,50685.0,50693.0,50689.0,50692.0,50694.0,50684.0
8325,50690.3,50693.0,50685.0,50694.0,50694.0,50685.0,50693.0,50689.0,50692.0,50694.0,50684.0
8326,50690.3,50693.0,50685.0,50694.0,50694.0,50685.0,50693.0,50689.0,50692.0,50694.0,50684.0
8327,50690.3,50693.0,50685.0,50694.0,50694.0,50685.0,50693.0,50689.0,50692.0,50694.0,50684.0
8328,50690.3,50693.0,50685.0,50694.0,50694.0,50685.0,50693.0,50689.0,50692.0,50694.0,50684.0
8329,50690.3,50693.0,50685.0,50694.0,50694.0,50685.0,50693.0,50689.0,50692.0,50694.0,50684.0
8330,50690.3,50693.0,50685.0,50694.0,50694.0,50685.0,50693.0,50689.0,50692.0,50694.0,50684.0
8331,50690.3,50693.0,50685.0,50694.0,50694.0,50685.0,50693.0,50689.0,50692.0,50694.0,50684.0
8332,50690.3,50693.0,50685.0,50694.0,50694.0,50685.0,50693.0,50689.0,50692.0,50694.0,50684.0
8333,50690.3,50693.0,50685.0,50694.0,50694.0,50685.0,50693.0,50689.0,50692.0,50694.0,50684.0
8334,50690.3,50693.0,50685.0,50694.0,50694.0,50685.0,50693.0,50689.0,50692.0,50694.0,50684.0
8335,50690.3,50693.0,50685.0,50694.0,50694.0,50685.0,50693.0,50689.0,50692.0,50694.0,50684.0
8336,50690.3,50693.0,50685.0,50694.0,50694.0,50685.0,50693.0,50689.0,50692.0,50694.0,50684.0
8337,50690.3,50693.0,50685.0,50694.0,50694.0,50685.0,50693.0,50689.0,50692.0,50694.0,50684.0
8338,50690.3,50693.0,50685.0,50694.0,50694.0,50685.0,50693.0,50689.0,50692.0,50694.0,50684.0
8339,50690.3,50693.0,50685.0,50694.0,50694.0,50685.0,50693.0,50689.0,50692.0,50694.0,50684.0
8340,50690.3,50693.0,50685.0,50694.0,50694.0,50685.0,50693.0,50689.0,50692.0,50694.0,50684.0
8341,50690.3,50693.0,50685.0,50694.0,50694.0,50685.0,50693.0,50689.0,50692.0,50694.0,50684.0
8342,50690.3,50693.0,50685.0,50694.0,50694.0,50685.0,50693.0,50689.0,50692.0,50694.0,50684.0
8343,50690.3,50693.0,50685.0,50694.0,50694.0,50685.0,50693.0,50689.0,50692.0,50694.0,50684.0
8344,50690.3,50693.0,50685.0,50694.0,50694.0,50685.0,50693.0,50689.0,50692.0,50694.0,50684.0
8345,50690.3,50693.0,50685.0,50694.0,50694.0,50685.0,50693.0,50689.0,50692.0,50694.0,50684.0
8346,50690.3,50693.0,50685.0,50694.0,50694.0,50685.0,50693.0,50689.0,50692.0,50694.0,50684.0
8347,50690.3,50693.0,50685.0,50694.0,50694.0,50685.0,50693.0,50689.0,50692.0,50694.0,50684.0
8348,50690.3,50693.0,50685.0,50694.0,50694.0,50685.0,50693.0,50689.0,50692.0,50694.0,50684.0
8349,50690.3,50693.0,50685.0,50694.0,50694.0,50685.0,50693.0,50689.0,50692.0,50694.0,50684.0
8350,50690.3,50693.0,50685.0,50694.0,50694.0,50685.0,50693.0,50689.0,50692.0,50694.0,50684.0
8351,50690.3,50693.0,50685.0,50694.0,50694.0,50685.0,50693.0,50689.0,50692.0,50694.0,50684.0
8352,50690.3,50693.0,50685.0,50694.0,50694.0,50685.0,50693.0,50689.0,50692.0,50694.0,50684.0
8353,50690.3,50693.0,50685.0,50694.0,50694.0,50685.0,50693.0,50689.0,50692.0,50694.0,50684.0
8354,50690.3,50693.0,50685.0,50694.0,50694.0,50685.0,50693.0,50689.0,50692.0,50694.0,50684.0
8355,50690.3,50693.0,50685.0,50694.0,50694.0,50685.0,50693.0,50689.0,50692.0,50694.0,50684.0
8356,50690.3,50693.0,50685.0,50694.0,50694.0,50685.0,50693.0,50689.0,50692.0,50694.0,50684.0
8357,50690.3,50693.0,50685.0,50694.0,50694.0,50685.0,50693.0,50689.0,50692.0,50694.0,50684.0
8358,50690.3,50693.0,50685.0,50694.0,50694.0,50685.0,50693.0,50689.0,50692.0,50694.0,50684.0
8359,50690.3,50693.0,50685.0,50694.0,50694.0,50685.0,50693.0,50689.0,50692.0,50694.0,50684.0
8360,50690.3,50693.0,50685.0,50694.0,50694.0,50685.0,50693.0,50689.0,50692.0,50694.0,50684.0
8361,50690.3,50693.0,50685.0,50694.0,50694.0,50685.0,50693.0,50689.0,50692.0,50694.0,50684.0
8362,50690.3,50693.0,50685.0,50694.0,50694.0,50685.0,50693.0,50689.0,50692.0,50694.0,50684.0
8363,50690.3,50693.0,50685.0,50694.0,50694.0,50685.0,50693.0,50689.0,50692.0,50694.0,50684.0
8364,50690.3,50693.0,50685.0,50694.0,50694.0,50685.0,50693.0,50689.0,50692.0,50694.0,50684.0
8365,50690.3,50693.0,50685.0,50694.0,50694.0,50685.0,50693.0,50689.0,50692.0,50694.0,50684.0
8366,50690.3,50693.0,50685.0,50694.0,50694.0,50685.0,50693.0,50689.0,50692.0,50694.0,50684.0
8367,50690.3,50693.0,50685.0,50694.0,50694.0,50685.0,50693.0,50689.0,50692.0,50694.0,50684.0
8368,50690.3,50693.0,50685.0,50694.0,50694.0,50685.0,50693.0,50689.0,50692.0,50694.0,50684.0
8369,50690.3,50693.0,50685.0,50694.0,50694.0,50685.0,50693.0,50689.0,50692.0,50694.0,50684.0
8370,50690.3,50693.0,50685.0,50694.0,50694.0,50685.0,50693.0,50689.0,50692.0,50694.0,50684.0
8371,50690.3,50693.0,50685.0,50694.0,50694.0,50685.0,50693.0,50689.0,50692.0,50694.0,50684.0
8372,50690.3,50693.0,50685.0,50694.0,50694.0,50685.0,50693.0,50689.0,50692.0,50694.0,50684.0
8373,50690.3,50693.0,50685.0,50694.0,50694.0,50685.0,50693.0,50689.0,50692.0,50694.0,50684.0
8374,50690.3,50693.0,50685.0,50694.0,50694.0,50685.0,50693.0,50689.0,50692.0,50694.0,50684.0
8375,50690.3,50693.0,50685.0,50694.0,50694.0,50685.0,50693.0,50689.0,50692.0,50694.0,50684.0
8376,50690.3,50693.0,50685.0,50694.0,50694.0,50685.0,50693.0,50689.0,50692.0,50694.0,50684.0
8377,50690.3,50693.0,50685.0,50694.0,50694.0,50685.0,50693.0,50689.0,50692.0,50694.0,50684.0
8378,50690.3,50693.0,50685.0,50694.0,50694.0,50685.0,50693.0,50689.0,50692.0,50694.0,50684.0
8379,50690.3,50693.0,50685.0,50694.0,50694.0,50685.0,50693.0,50689.0,50692.0,50694.0,50684.0
8380,50690.3,50693.0,50685.0,50694.0,50694.0,50685.0,50693.0,50689.0,50692.0,50694.0,50684.0
8381,50690.3,50693.0,50685.0,50694.0,50694.0,50685.0,50693.0,50689.0,50692.0,50694.0,50684.0
8382,50690.3,50693.0,50685.0,50694.0,50694.0,50685.0,50693.0,50689.0,50692.0,50694.0,50684.0
8383,50690.3,50693.0,50685.0,50694.0,50694.0,50685.0,50693.0,50689.0,50692.0,50694.0,50684.0
8384,50690.3,50693.0,50685.0,50694.0,50694.0,50685.0,50693.0,50689.0,50692.0,50694.0,50684.0
8385,50690.3,50693.0,50685.0,50694.0,50694.0,50685.0,50693.0,50689.0,50692.0,50694.0,50684.0
8386,50690.3,50693.0,50685.0,50694.0,50694.0,50685.0,50693.0,50689.0,50692.0,50694.0,50684.0
8387,50690.3,50693.0,50685.0,50694.0,50694.0,50685.0,50693.0,50689.0,50692.0,50694.0,50684.0
8388,50690.3,50693.0,50685.0,50694.0,50694.0,50685.0,50693.0,50689.0,50692.0,50694.0,50684.0
8389,50690.3,50693.0,50685.0,50694.0,50694.0,50685.0,50693.0,50689.0,50692.0,50694.0,50684.0
8390,50690.3,50693.0,50685.0,50694.0,50694.0,50685.0,50693.0,50689.0,50692.0,50694.0,50684.0
8391,50690.3,50693.0,50685.0,50694.0,50694.0,50685.0,50693.0,50689.0,50692.0,50694.0,50684.0
8392,50690.3,50693.0,50685.0,50694.0,50694.0,50685.0,50693.0,50689.0,50692.0,50694.0,50684.0
8393,50690.3,50693.0,50685.0,50694.0,50694.0,50685.0,50693.0,50689.0,50692.0,50694.0,50684.0
8394,50690.3,50693.0,50685.0,50694.0,50694.0,50685.0,50693.0,50689.0,50692.0,50694.0,50684.0
8395,50690.3,50693.0,50685.0,50694.0,50694.0,50685.0,50693.0,50689.0,50692.0,50694.0,50684.0
8396,50690.3,50693.0,50685.0,50694.0,50694.0,50685.0,50693.0,50689.0,50692.0,50694.0,50684.0
8397,50690.3,50693.0,50685.0,50694.0,50694.0,50685.0,50693.0,50689.0,50692.0,50694.0,50684.0
8398,50690.3,50693.0,50685.0,50694.0,50694.0,50685.0,50693.0,50689.0,50692.0,50694.0,50684.0
8399,50690.3,50693.0,50685.0,50694.0,50694.0,50685.0,50693.0,50689.0,50692.0,50694.0,50684.0
8400,50690.3,50693.0,50685.0,50694.0,50694.0,50685.0,50693.0,50689.0,50692.0,50694.0,50684.0
8401,50690.3,50693.0,50685.0,50694.0,50694.0,50685.0,50693.0,50689.0,50692.0,50694.0,50684.0
8402,50690.3,50693.0,50685.0,50694.0,50694.0,50685.0,50693.0,50689.0,50692.0,50694.0,50684.0
8403,50690.3,50693.0,50685.0,50694.0,50694.0,50685.0,50693.0,50689.0,50692.0,50694.0,50684.0
8404,50690.3,50693.0,50685.0,50694.0,50694.0,50685.0,50693.0,50689.0,50692.0,50694.0,50684.0
8405,50690.3,50693.0,50685.0,50694.0,50694.0,50685.0,50693.0,50689.0,50692.0,50694.0,50684.0
8406,50690.3,50693.0,50685.0,50694.0,50694.0,50685.0,50693.0,50689.0,50692.0,50694.0,50684.0
8407,50690.3,50693.0,50685.0,50694.0,50694.0,50685.0,50693.0,50689.0,50692.0,50694.0,50684.0
8408,50690.3,50693.0,50685.0,50694.0,50694.0,50685.0,50693.0,50689.0,50692.0,50694.0,50684.0
8409,50690.3,50693.0,50685.0,50694.0,50694.0,50685.0,50693.0,50689.0,50692.0,50694.0,50684.0
8410,50690.3,50693.0,50685.0,50694.0,50694.0,50685.0,50693.0,50689.0,50692.0,50694.0,50684.0
8411,50690.3,50693.0,50685.0,50694.0,50694.0,50685.0,50693.0,50689.0,50692.0,50694.0,50684.0
8412,50690.3,50693.0,50685.0,50694.0,50694.0,50685.0,50693.0,50689.0,50692.0,50694.0,50684.0
8413,50690.3,50693.0,50685.0,50694.0,50694.0,50685.0,50693.0,50689.0,50692.0,50694.0,50684.0
8414,50690.3,50693.0,50685.0,50694.0,50694.0,50685.0,50693.0,50689.0,50692.0,50694.0,50684.0
8415,50690.3,50693.0,50685.0,50694.0,50694.0,50685.0,50693.0,50689.0,50692.0,50694.0,50684.0
8416,50690.3,50693.0,50685.0,50694.0,50694.0,50685.0,50693.0,50689.0,50692.0,50694.0,50684.0
8417,50690.3,50693.0,50685.0,50694.0,50694.0,50685.0,50693.0,50689.0,50692.0,50694.0,50684.0
8418,50690.3,50693.0,50685.0,50694.0,50694.0,50685.0,50693.0,50689.0,50692.0,50694.0,50684.0
8419,50690.3,50693.0,50685.0,50694.0,50694.0,50685.0,50693.0,50689.0,50692.0,50694.0,50684.0
8420,50690.3,50693.0,50685.0,50694.0,50694.0,50685.0,50693.0,50689.0,50692.0,50694.0,50684.0
8421,50690.3,50693.0,50685.0,50694.0,50694.0,50685.0,50693.0,50689.0,50692.0,50694.0,50684.0
8422,50690.3,50693.0,50685.0,50694.0,50694.0,50685.0,50693.0,50689.0,50692.0,50694.0,50684.0
8423,50690.3,50693.0,50685.0,50694.0,50694.0,50685.0,50693.0,50689.0,50692.0,50694.0,50684.0
8424,50690.3,50693.0,50685.0,50694.0,50694.0,50685.0,50693.0,50689.0,50692.0,50694.0,50684.0
8425,50690.3,50693.0,50685.0,50694.0,50694.0,50685.0,50693.0,50689.0,50692.0,50694.0,50684.0
8426,50690.3,50693.0,50685.0,50694.0,50694.0,50685.0,50693.0,50689.0,50692.0,50694.0,50684.0
8427,50690.3,50693.0,50685.0,50694.0,50694.0,50685.0,50693.0,50689.0,50692.0,50694.0,50684.0
8428,50690.3,50693.0,50685.0,50694.0,50694.0,50685.0,50693.0,50689.0,50692.0,50694.0,50684.0
8429,50690.3,50693.0,50685.0,50694.0,50694.0,50685.0,50693.0,50689.0,50692.0,50694.0,50684.0
8430,50690.3,50693.0,50685.0,50694.0,50694.0,50685.0,50693.0,50689.0,50692.0,50694.0,50684.0
8431,50690.3,50693.0,50685.0,50694.0,50694.0,50685.0,50693.0,50689.0,50692.0,50694.0,50684.0
8432,50690.3,50693.0,50685.0,50694.0,50694.0,50685.0,50693.0,50689.0,50692.0,50694.0,50684.0
8433,50690.3,50693.0,50685.0,50694.0,50694.0,50685.0,50693.0,50689.0,50692.0,50694.0,50684.0
8434,50690.3,50693.0,50685.0,50694.0,50694.0,50685.0,50693.0,50689.0,50692.0,50694.0,50684.0
8435,50690.3,50693.0,50685.0,50694.0,50694.0,50685.0,50693.0,50689.0,50692.0,50694.0,50684.0
8436,50690.3,50693.0,50685.0,50694.0,50694.0,50685.0,50693.0,50689.0,50692.0,50694.0,50684.0
8437,50690.3,50693.0,50685.0,50694.0,50694.0,50685.0,50693.0,50689.0,50692.0,50694.0,50684.0
8438,50690.3,50693.0,50685.0,50694.0,50694.0,50685.0,50693.0,50689.0,50692.0,50694.0,50684.0
8439,50690.3,50693.0,50685.0,50694.0,50694.0,50685.0,50693.0,50689.0,50692.0,50694.0,50684.0
8440,50690.3,50693.0,50685.0,50694.0,50694.0,50685.0,50693.0,50689.0,50692.0,50694.0,50684.0
8441,50690.3,50693.0,50685.0,50694.0,50694.0,50685.0,50693.0,50689.0,50692.0,50694.0,50684.0
8442,50690.3,50693.0,50685.0,50694.0,50694.0,50685.0,50693.0,50689.0,50692.0,50694.0,50684.0
8443,50690.3,50693.0,50685.0,50694.0,50694.0,50685.0,50693.0,50689.0,50692.0,50694.0,50684.0
8444,50690.3,50693.0,50685.0,50694.0,50694.0,50685.0,50693.0,50689.0,50692.0,50694.0,50684.0
8445,50690.3,50693.0,50685.0,50694.0,50694.0,50685.0,50693.0,50689.0,50692.0,50694.0,50684.0
8446,50690.3,50693.0,50685.0,50694.0,50694.0,50685.0,50693.0,50689.0,50692.0,50694.0,50684.0
8447,50690.3,50693.0,50685.0,50694.0,50694.0,50685.0,50693.0,50689.0,50692.0,50694.0,50684.0
8448,50690.3,50693.0,50685.0,50694.0,50694.0,50685.0,50693.0,50689.0,50692.0,50694.0,50684.0
8449,50690.3,50693.0,50685.0,50694.0,50694.0,50685.0,50693.0,50689.0,50692.0,50694.0,50684.0
8450,50690.3,50693.0,50685.0,50694.0,50694.0,50685.0,50693.0,50689.0,50692.0,50694.0,50684.0
8451,50690.3,50693.0,50685.0,50694.0,50694.0,50685.0,50693.0,50689.0,50692.0,50694.0,50684.0
8452,50690.3,50693.0,50685.0,50694.0,50694.0,50685.0,50693.0,50689.0,50692.0,50694.0,50684.0
8453,50690.3,50693.0,50685.0,50694.0,50694.0,50685.0,50693.0,50689.0,50692.0,50694.0,50684.0
8454,50690.3,50693.0,50685.0,50694.0,50694.0,50685.0,50693.0,50689.0,50692.0,50694.0,50684.0
8455,50690.3,50693.0,50685.0,50694.0,50694.0,50685.0,50693.0,50689.0,50692.0,50694.0,50684.0
8456,50690.3,50693.0,50685.0,50694.0,50694.0,50685.0,50693.0,50689.0,50692.0,50694.0,50684.0
8457,50690.3,50693.0,50685.0,50694.0,50694.0,50685.0,50693.0,50689.0,50692.0,50694.0,50684.0
8458,50690.3,50693.0,50685.0,50694.0,50694.0,50685.0,50693.0,50689.0,50692.0,50694.0,50684.0
8459,50690.3,50693.0,50685.0,50694.0,50694.0,50685.0,50693.0,50689.0,50692.0,50694.0,50684.0
8460,50690.3,50693.0,50685.0,50694.0,50694.0,50685.0,50693.0,50689.0,50692.0,50694.0,50684.0
8461,50690.3,50693.0,50685.0,50694.0,50694.0,50685.0,50693.0,50689.0,50692.0,50694.0,50684.0
8462,50690.3,50693.0,50685.0,50694.0,50694.0,50685.0,50693.0,50689.0,50692.0,50694.0,50684.0
8463,50690.3,50693.0,50685.0,50694.0,50694.0,50685.0,50693.0,50689.0,50692.0,50694.0,50684.0
8464,50690.3,50693.0,50685.0,50694.0,50694.0,50685.0,50693.0,50689.0,50692.0,50694.0,50684.0
8465,50690.3,50693.0,50685.0,50694.0,50694.0,50685.0,50693.0,50689.0,50692.0,50694.0,50684.0
8466,50690.3,50693.0,50685.0,50694.0,50694.0,50685.0,50693.0,50689.0,50692.0,50694.0,50684.0
8467,50690.3,50693.0,50685.0,50694.0,50694.0,50685.0,50693.0,50689.0,50692.0,50694.0,50684.0
8468,50690.3,50693.0,50685.0,50694.0,50694.0,50685.0,50693.0,50689.0,50692.0,50694.0,50684.0
8469,50690.3,50693.0,50685.0,50694.0,50694.0,50685.0,50693.0,50689.0,50692.0,50694.0,50684.0
8470,50690.3,50693.0,50685.0,50694.0,50694.0,50685.0,50693.0,50689.0,50692.0,50694.0,50684.0
8471,50690.3,50693.0,50685.0,50694.0,50694.0,50685.0,50693.0,50689.0,50692.0,50694.0,50684.0
8472,50690.3,50693.0,50685.0,50694.0,50694.0,50685.0,50693.0,50689.0,50692.0,50694.0,50684.0
8473,50690.3,50693.0,50685.0,50694.0,50694.0,50685.0,50693.0,50689.0,50692.0,50694.0,50684.0
8474,50690.3,50693.0,50685.0,50694.0,50694.0,50685.0,50693.0,50689.0,50692.0,50694.0,50684.0
8475,50690.3,50693.0,50685.0,50694.0,50694.0,50685.0,50693.0,50689.0,50692.0,50694.0,50684.0
8476,50690.3,50693.0,50685.0,50694.0,50694.0,50685.0,50693.0,50689.0,50692.0,50694.0,50684.0
8477,50690.3,50693.0,50685.0,50694.0,50694.0,50685.0,50693.0,50689.0,50692.0,50694.0,50684.0
8478,50690.3,50693.0,50685.0,50694.0,50694.0,50685.0,50693.0,50689.0,50692.0,50694.0,50684.0
8479,50690.3,50693.0,50685.0,50694.0,50694.0,50685.0,50693.0,50689.0,50692.0,50694.0,50684.0
8480,50690.3,50693.0,50685.0,50694.0,50694.0,50685.0,50693.0,50689.0,50692.0,50694.0,50684.0
8481,50690.3,50693.0,50685.0,50694.0,50694.0,50685.0,50693.0,50689.0,50692.0,50694.0,50684.0
8482,50690.3,50693.0,50685.0,50694.0,50694.0,50685.0,50693.0,50689.0,50692.0,50694.0,50684.0
8483,50690.3,50693.0,50685.0,50694.0,50694.0,50685.0,50693.0,50689.0,50692.0,50694.0,50684.0
8484,50690.3,50693.0,50685.0,50694.0,50694.0,50685.0,50693.0,50689.0,50692.0,50694.0,50684.0
8485,50690.3,50693.0,50685.0,50694.0,50694.0,50685.0,50693.0,50689.0,50692.0,50694.0,50684.0
8486,50690.3,50693.0,50685.0,50694.0,50694.0,50685.0,50693.0,50689.0,50692.0,50694.0,50684.0
8487,50690.3,50693.0,50685.0,50694.0,50694.0,50685.0,50693.0,50689.0,50692.0,50694.0,50684.0
8488,50690.3,50693.0,50685.0,50694.0,50694.0,50685.0,50693.0,50689.0,50692.0,50694.0,50684.0
8489,50690.3,50693.0,50685.0,50694.0,50694.0,50685.0,50693.0,50689.0,50692.0,50694.0,50684.0
8490,50690.3,50693.0,50685.0,50694.0,50694.0,50685.0,50693.0,50689.0,50692.0,50694.0,50684.0
8491,50690.3,50693.0,50685.0,50694.0,50694.0,50685.0,50693.0,50689.0,50692.0,50694.0,50684.0
8492,50690.3,50693.0,50685.0,50694.0,50694.0,50685.0,50693.0,50689.0,50692.0,50694.0,50684.0
8493,50690.3,50693.0,50685.0,50694.0,50694.0,50685.0,50693.0,50689.0,50692.0,50694.0,50684.0
8494,50690.3,50693.0,50685.0,50694.0,50694.0,50685.0,50693.0,50689.0,50692.0,50694.0,50684.0
8495,50690.3,50693.0,50685.0,50694.0,50694.0,50685.0,50693.0,50689.0,50692.0,50694.0,50684.0
8496,50690.3,50693.0,50685.0,50694.0,50694.0,50685.0,50693.0,50689.0,50692.0,50694.0,50684.0
8497,50690.3,50693.0,50685.0,50694.0,50694.0,50685.0,50693.0,50689.0,50692.0,50694.0,50684.0
8498,50690.3,50693.0,50685.0,50694.0,50694.0,50685.0,50693.0,50689.0,50692.0,50694.0,50684.0
8499,50690.3,50693.0,50685.0,50694.0,50694.0,50685.0,50693.0,50689.0,50692.0,50694.0,50684.0
8500,50690.3,50693.0,50685.0,50694.0,50694.0,50685.0,50693.0,50689.0,50692.0,50694.0,50684.0
8501,50690.3,50693.0,50685.0,50694.0,50694.0,50685.0,50693.0,50689.0,50692.0,50694.0,50684.0
8502,50690.3,50693.0,50685.0,50694.0,50694.0,50685.0,50693.0,50689.0,50692.0,50694.0,50684.0
8503,50690.3,50693.0,50685.0,50694.0,50694.0,50685.0,50693.0,50689.0,50692.0,50694.0,50684.0
8504,50690.3,50693.0,50685.0,50694.0,50694.0,50685.0,50693.0,50689.0,50692.0,50694.0,50684.0
8505,50690.3,50693.0,50685.0,50694.0,50694.0,50685.0,50693.0,50689.0,50692.0,50694.0,50684.0
8506,50690.3,50693.0,50685.0,50694.0,50694.0,50685.0,50693.0,50689.0,50692.0,50694.0,50684.0
8507,50690.3,50693.0,50685.0,50694.0,50694.0,50685.0,50693.0,50689.0,50692.0,50694.0,50684.0
8508,50690.3,50693.0,50685.0,50694.0,50694.0,50685.0,50693.0,50689.0,50692.0,50694.0,50684.0
8509,50690.3,50693.0,50685.0,50694.0,50694.0,50685.0,50693.0,50689.0,50692.0,50694.0,50684.0
8510,50690.3,50693.0,50685.0,50694.0,50694.0,50685.0,50693.0,50689.0,50692.0,50694.0,50684.0
8511,50690.3,50693.0,50685.0,50694.0,50694.0,50685.0,50693.0,50689.0,50692.0,50694.0,50684.0
8512,50690.3,50693.0,50685.0,50694.0,50694.0,50685.0,50693.0,50689.0,50692.0,50694.0,50684.0
8513,50690.3,50693.0,50685.0,50694.0,50694.0,50685.0,50693.0,50689.0,50692.0,50694.0,50684.0
8514,50690.3,50693.0,50685.0,50694.0,50694.0,50685.0,50693.0,50689.0,50692.0,50694.0,50684.0
8515,50690.3,50693.0,50685.0,50694.0,50694.0,50685.0,50693.0,50689.0,50692.0,50694.0,50684.0
8516,50690.3,50693.0,50685.0,50694.0,50694.0,50685.0,50693.0,50689.0,50692.0,50694.0,50684.0
8517,50690.3,50693.0,50685.0,50694.0,50694.0,50685.0,50693.0,50689.0,50692.0,50694.0,50684.0
8518,50690.3,50693.0,50685.0,50694.0,50694.0,50685.0,50693.0,50689.0,50692.0,50694.0,50684.0
8519,50690.3,50693.0,50685.0,50694.0,50694.0,50685.0,50693.0,50689.0,50692.0,50694.0,50684.0
8520,50690.3,50693.0,50685.0,50694.0,50694.0,50685.0,50693.0,50689.0,50692.0,50694.0,50684.0
8521,50690.3,50693.0,50685.0,50694.0,50694.0,50685.0,50693.0,50689.0,50692.0,50694.0,50684.0
8522,50690.3,50693.0,50685.0,50694.0,50694.0,50685.0,50693.0,50689.0,50692.0,50694.0,50684.0
8523,50690.3,50693.0,50685.0,50694.0,50694.0,50685.0,50693.0,50689.0,50692.0,50694.0,50684.0
8524,50690.3,50693.0,50685.0,50694.0,50694.0,50685.0,50693.0,50689.0,50692.0,50694.0,50684.0
8525,50690.3,50693.0,50685.0,50694.0,50694.0,50685.0,50693.0,50689.0,50692.0,50694.0,50684.0
8526,50690.3,50693.0,50685.0,50694.0,50694.0,50685.0,50693.0,50689.0,50692.0,50694.0,50684.0
8527,50690.3,50693.0,50685.0,50694.0,50694.0,50685.0,50693.0,50689.0,50692.0,50694.0,50684.0
8528,50690.3,50693.0,50685.0,50694.0,50694.0,50685.0,50693.0,50689.0,50692.0,50694.0,50684.0
8529,50690.3,50693.0,50685.0,50694.0,50694.0,50685.0,50693.0,50689.0,50692.0,50694.0,50684.0
8530,50690.3,50693.0,50685.0,50694.0,50694.0,50685.0,50693.0,50689.0,50692.0,50694.0,50684.0
8531,50690.3,50693.0,50685.0,50694.0,50694.0,50685.0,50693.0,50689.0,50692.0,50694.0,50684.0
8532,50690.3,50693.0,50685.0,50694.0,50694.0,50685.0,50693.0,50689.0,50692.0,50694.0,50684.0
8533,50690.3,50693.0,50685.0,50694.0,50694.0,50685.0,50693.0,50689.0,50692.0,50694.0,50684.0
8534,50690.3,50693.0,50685.0,50694.0,50694.0,50685.0,50693.0,50689.0,50692.0,50694.0,50684.0
8535,50690.3,50693.0,50685.0,50694.0,50694.0,50685.0,50693.0,50689.0,50692.0,50694.0,50684.0
8536,50690.3,50693.0,50685.0,50694.0,50694.0,50685.0,50693.0,50689.0,50692.0,50694.0,50684.0
8537,50690.3,50693.0,50685.0,50694.0,50694.0,50685.0,50693.0,50689.0,50692.0,50694.0,50684.0
8538,50690.3,50693.0,50685.0,50694.0,50694.0,50685.0,50693.0,50689.0,50692.0,50694.0,50684.0
8539,50690.3,50693.0,50685.0,50694.0,50694.0,50685.0,50693.0,50689.0,50692.0,50694.0,50684.0
8540,50690.3,50693.0,50685.0,50694.0,50694.0,50685.0,50693.0,50689.0,50692.0,50694.0,50684.0
8541,50690.3,50693.0,50685.0,50694.0,50694.0,50685.0,50693.0,50689.0,50692.0,50694.0,50684.0
8542,50690.3,50693.0,50685.0,50694.0,50694.0,50685.0,50693.0,50689.0,50692.0,50694.0,50684.0
8543,50690.3,50693.0,50685.0,50694.0,50694.0,50685.0,50693.0,50689.0,50692.0,50694.0,50684.0
8544,50690.3,50693.0,50685.0,50694.0,50694.0,50685.0,50693.0,50689.0,50692.0,50694.0,50684.0
8545,50690.3,50693.0,50685.0,50694.0,50694.0,50685.0,50693.0,50689.0,50692.0,50694.0,50684.0
8546,50690.3,50693.0,50685.0,50694.0,50694.0,50685.0,50693.0,50689.0,50692.0,50694.0,50684.0
8547,50690.3,50693.0,50685.0,50694.0,50694.0,50685.0,50693.0,50689.0,50692.0,50694.0,50684.0
8548,50690.3,50693.0,50685.0,50694.0,50694.0,50685.0,50693.0,50689.0,50692.0,50694.0,50684.0
8549,50690.3,50693.0,50685.0,50694.0,50694.0,50685.0,50693.0,50689.0,50692.0,50694.0,50684.0
8550,50690.3,50693.0,50685.0,50694.0,50694.0,50685.0,50693.0,50689.0,50692.0,50694.0,50684.0
8551,50690.3,50693.0,50685.0,50694.0,50694.0,50685.0,50693.0,50689.0,50692.0,50694.0,50684.0
8552,50690.3,50693.0,50685.0,50694.0,50694.0,50685.0,50693.0,50689.0,50692.0,50694.0,50684.0
8553,50690.3,50693.0,50685.0,50694.0,50694.0,50685.0,50693.0,50689.0,50692.0,50694.0,50684.0
8554,50690.3,50693.0,50685.0,50694.0,50694.0,50685.0,50693.0,50689.0,50692.0,50694.0,50684.0
8555,50690.3,50693.0,50685.0,50694.0,50694.0,50685.0,50693.0,50689.0,50692.0,50694.0,50684.0
8556,50690.3,50693.0,50685.0,50694.0,50694.0,50685.0,50693.0,50689.0,50692.0,50694.0,50684.0
8557,50690.3,50693.0,50685.0,50694.0,50694.0,50685.0,50693.0,50689.0,50692.0,50694.0,50684.0
8558,50690.3,50693.0,50685.0,50694.0,50694.0,50685.0,50693.0,50689.0,50692.0,50694.0,50684.0
8559,50690.3,50693.0,50685.0,50694.0,50694.0,50685.0,50693.0,50689.0,50692.0,50694.0,50684.0
8560,50690.3,50693.0,50685.0,50694.0,50694.0,50685.0,50693.0,50689.0,50692.0,50694.0,50684.0
8561,50690.3,50693.0,50685.0,50694.0,50694.0,50685.0,50693.0,50689.0,50692.0,50694.0,50684.0
8562,50690.3,50693.0,50685.0,50694.0,50694.0,50685.0,50693.0,50689.0,50692.0,50694.0,50684.0
8563,50690.3,50693.0,50685.0,50694.0,50694.0,50685.0,50693.0,50689.0,50692.0,50694.0,50684.0
8564,50690.3,50693.0,50685.0,50694.0,50694.0,50685.0,50693.0,50689.0,50692.0,50694.0,50684.0
8565,50690.3,50693.0,50685.0,50694.0,50694.0,50685.0,50693.0,50689.0,50692.0,50694.0,50684.0
8566,50690.3,50693.0,50685.0,50694.0,50694.0,50685.0,50693.0,50689.0,50692.0,50694.0,50684.0
8567,50690.3,50693.0,50685.0,50694.0,50694.0,50685.0,50693.0,50689.0,50692.0,50694.0,50684.0
8568,50690.3,50693.0,50685.0,50694.0,50694.0,50685.0,50693.0,50689.0,50692.0,50694.0,50684.0
8569,50690.3,50693.0,50685.0,50694.0,50694.0,50685.0,50693.0,50689.0,50692.0,50694.0,50684.0
8570,50690.3,50693.0,50685.0,50694.0,50694.0,50685.0,50693.0,50689.0,50692.0,50694.0,50684.0
8571,50690.3,50693.0,50685.0,50694.0,50694.0,50685.0,50693.0,50689.0,50692.0,50694.0,50684.0
8572,50690.3,50693.0,50685.0,50694.0,50694.0,50685.0,50693.0,50689.0,50692.0,50694.0,50684.0
8573,50690.3,50693.0,50685.0,50694.0,50694.0,50685.0,50693.0,50689.0,50692.0,50694.0,50684.0
8574,50690.3,50693.0,50685.0,50694.0,50694.0,50685.0,50693.0,50689.0,50692.0,50694.0,50684.0
8575,50690.3,50693.0,50685.0,50694.0,50694.0,50685.0,50693.0,50689.0,50692.0,50694.0,50684.0
8576,50690.3,50693.0,50685.0,50694.0,50694.0,50685.0,50693.0,50689.0,50692.0,50694.0,50684.0
8577,50690.3,50693.0,50685.0,50694.0,50694.0,50685.0,50693.0,50689.0,50692.0,50694.0,50684.0
8578,50690.3,50693.0,50685.0,50694.0,50694.0,50685.0,50693.0,50689.0,50692.0,50694.0,50684.0
8579,50690.3,50693.0,50685.0,50694.0,50694.0,50685.0,50693.0,50689.0,50692.0,50694.0,50684.0
8580,50690.3,50693.0,50685.0,50694.0,50694.0,50685.0,50693.0,50689.0,50692.0,50694.0,50684.0
8581,50690.3,50693.0,50685.0,50694.0,50694.0,50685.0,50693.0,50689.0,50692.0,50694.0,50684.0
8582,50690.3,50693.0,50685.0,50694.0,50694.0,50685.0,50693.0,50689.0,50692.0,50694.0,50684.0
8583,50690.3,50693.0,50685.0,50694.0,50694.0,50685.0,50693.0,50689.0,50692.0,50694.0,50684.0
8584,50690.3,50693.0,50685.0,50694.0,50694.0,50685.0,50693.0,50689.0,50692.0,50694.0,50684.0
8585,50690.3,50693.0,50685.0,50694.0,50694.0,50685.0,50693.0,50689.0,50692.0,50694.0,50684.0
8586,50690.3,50693.0,50685.0,50694.0,50694.0,50685.0,50693.0,50689.0,50692.0,50694.0,50684.0
8587,50690.3,50693.0,50685.0,50694.0,50694.0,50685.0,50693.0,50689.0,50692.0,50694.0,50684.0
8588,50690.3,50693.0,50685.0,50694.0,50694.0,50685.0,50693.0,50689.0,50692.0,50694.0,50684.0
8589,50690.3,50693.0,50685.0,50694.0,50694.0,50685.0,50693.0,50689.0,50692.0,50694.0,50684.0
8590,50690.3,50693.0,50685.0,50694.0,50694.0,50685.0,50693.0,50689.0,50692.0,50694.0,50684.0
8591,50690.3,50693.0,50685.0,50694.0,50694.0,50685.0,50693.0,50689.0,50692.0,50694.0,50684.0
8592,50690.3,50693.0,50685.0,50694.0,50694.0,50685.0,50693.0,50689.0,50692.0,50694.0,50684.0
8593,50690.3,50693.0,50685.0,50694.0,50694.0,50685.0,50693.0,50689.0,50692.0,50694.0,50684.0
8594,50690.3,50693.0,50685.0,50694.0,50694.0,50685.0,50693.0,50689.0,50692.0,50694.0,50684.0
8595,50690.3,50693.0,50685.0,50694.0,50694.0,50685.0,50693.0,50689.0,50692.0,50694.0,50684.0
8596,50690.3,50693.0,50685.0,50694.0,50694.0,50685.0,50693.0,50689.0,50692.0,50694.0,50684.0
8597,50690.3,50693.0,50685.0,50694.0,50694.0,50685.0,50693.0,50689.0,50692.0,50694.0,50684.0
8598,50690.3,50693.0,50685.0,50694.0,50694.0,50685.0,50693.0,50689.0,50692.0,50694.0,50684.0
8599,50690.3,50693.0,50685.0,50694.0,50694.0,50685.0,50693.0,50689.0,50692.0,50694.0,50684.0
8600,50690.3,50693.0,50685.0,50694.0,50694.0,50685.0,50693.0,50689.0,50692.0,50694.0,50684.0
8601,50690.3,50693.0,50685.0,50694.0,50694.0,50685.0,50693.0,50689.0,50692.0,50694.0,50684.0
8602,50690.3,50693.0,50685.0,50694.0,50694.0,50685.0,50693.0,50689.0,50692.0,50694.0,50684.0
8603,50690.3,50693.0,50685.0,50694.0,50694.0,50685.0,50693.0,50689.0,50692.0,50694.0,50684.0
8604,50690.3,50693.0,50685.0,50694.0,50694.0,50685.0,50693.0,50689.0,50692.0,50694.0,50684.0
8605,50690.3,50693.0,50685.0,50694.0,50694.0,50685.0,50693.0,50689.0,50692.0,50694.0,50684.0
8606,50690.3,50693.0,50685.0,50694.0,50694.0,50685.0,50693.0,50689.0,50692.0,50694.0,50684.0
8607,50690.3,50693.0,50685.0,50694.0,50694.0,50685.0,50693.0,50689.0,50692.0,50694.0,50684.0
8608,50690.3,50693.0,50685.0,50694.0,50694.0,50685.0,50693.0,50689.0,50692.0,50694.0,50684.0
8609,50690.3,50693.0,50685.0,50694.0,50694.0,50685.0,50693.0,50689.0,50692.0,50694.0,50684.0
8610,50690.3,50693.0,50685.0,50694.0,50694.0,50685.0,50693.0,50689.0,50692.0,50694.0,50684.0
8611,50690.3,50693.0,50685.0,50694.0,50694.0,50685.0,50693.0,50689.0,50692.0,50694.0,50684.0
8612,50690.3,50693.0,50685.0,50694.0,50694.0,50685.0,50693.0,50689.0,50692.0,50694.0,50684.0
8613,50690.3,50693.0,50685.0,50694.0,50694.0,50685.0,50693.0,50689.0,50692.0,50694.0,50684.0
8614,50690.3,50693.0,50685.0,50694.0,50694.0,50685.0,50693.0,50689.0,50692.0,50694.0,50684.0
8615,50690.3,50693.0,50685.0,50694.0,50694.0,50685.0,50693.0,50689.0,50692.0,50694.0,50684.0
8616,50690.3,50693.0,50685.0,50694.0,50694.0,50685.0,50693.0,50689.0,50692.0,50694.0,50684.0
8617,50690.3,50693.0,50685.0,50694.0,50694.0,50685.0,50693.0,50689.0,50692.0,50694.0,50684.0
8618,50690.3,50693.0,50685.0,50694.0,50694.0,50685.0,50693.0,50689.0,50692.0,50694.0,50684.0
8619,50690.3,50693.0,50685.0,50694.0,50694.0,50685.0,50693.0,50689.0,50692.0,50694.0,50684.0
8620,50690.3,50693.0,50685.0,50694.0,50694.0,50685.0,50693.0,50689.0,50692.0,50694.0,50684.0
8621,50690.3,50693.0,50685.0,50694.0,50694.0,50685.0,50693.0,50689.0,50692.0,50694.0,50684.0
8622,50690.3,50693.0,50685.0,50694.0,50694.0,50685.0,50693.0,50689.0,50692.0,50694.0,50684.0
8623,50690.3,50693.0,50685.0,50694.0,50694.0,50685.0,50693.0,50689.0,50692.0,50694.0,50684.0
8624,50690.3,50693.0,50685.0,50694.0,50694.0,50685.0,50693.0,50689.0,50692.0,50694.0,50684.0
8625,50690.3,50693.0,50685.0,50694.0,50694.0,50685.0,50693.0,50689.0,50692.0,50694.0,50684.0
8626,50690.3,50693.0,50685.0,50694.0,50694.0,50685.0,50693.0,50689.0,50692.0,50694.0,50684.0
8627,50690.3,50693.0,50685.0,50694.0,50694.0,50685.0,50693.0,50689.0,50692.0,50694.0,50684.0
8628,50690.3,50693.0,50685.0,50694.0,50694.0,50685.0,50693.0,50689.0,50692.0,50694.0,50684.0
8629,50690.3,50693.0,50685.0,50694.0,50694.0,50685.0,50693.0,50689.0,50692.0,50694.0,50684.0
8630,50690.3,50693.0,50685.0,50694.0,50694.0,50685.0,50693.0,50689.0,50692.0,50694.0,50684.0
8631,50690.3,50693.0,50685.0,50694.0,50694.0,50685.0,50693.0,50689.0,50692.0,50694.0,50684.0
8632,50690.3,50693.0,50685.0,50694.0,50694.0,50685.0,50693.0,50689.0,50692.0,50694.0,50684.0
8633,50690.3,50693.0,50685.0,50694.0,50694.0,50685.0,50693.0,50689.0,50692.0,50694.0,50684.0
8634,50690.3,50693.0,50685.0,50694.0,50694.0,50685.0,50693.0,50689.0,50692.0,50694.0,50684.0
8635,50690.3,50693.0,50685.0,50694.0,50694.0,50685.0,50693.0,50689.0,50692.0,50694.0,50684.0
8636,50690.3,50693.0,50685.0,50694.0,50694.0,50685.0,50693.0,50689.0,50692.0,50694.0,50684.0
8637,50690.3,50693.0,50685.0,50694.0,50694.0,50685.0,50693.0,50689.0,50692.0,50694.0,50684.0
8638,50690.3,50693.0,50685.0,50694.0,50694.0,50685.0,50693.0,50689.0,50692.0,50694.0,50684.0
8639,50690.3,50693.0,50685.0,50694.0,50694.0,50685.0,50693.0,50689.0,50692.0,50694.0,50684.0
8640,50690.3,50693.0,50685.0,50694.0,50694.0,50685.0,50693.0,50689.0,50692.0,50694.0,50684.0
8641,50690.3,50693.0,50685.0,50694.0,50694.0,50685.0,50693.0,50689.0,50692.0,50694.0,50684.0
8642,50690.3,50693.0,50685.0,50694.0,50694.0,50685.0,50693.0,50689.0,50692.0,50694.0,50684.0
8643,50690.3,50693.0,50685.0,50694.0,50694.0,50685.0,50693.0,50689.0,50692.0,50694.0,50684.0
8644,50690.3,50693.0,50685.0,50694.0,50694.0,50685.0,50693.0,50689.0,50692.0,50694.0,50684.0
8645,50690.3,50693.0,50685.0,50694.0,50694.0,50685.0,50693.0,50689.0,50692.0,50694.0,50684.0
8646,50690.3,50693.0,50685.0,50694.0,50694.0,50685.0,50693.0,50689.0,50692.0,50694.0,50684.0
8647,50690.3,50693.0,50685.0,50694.0,50694.0,50685.0,50693.0,50689.0,50692.0,50694.0,50684.0
8648,50690.3,50693.0,50685.0,50694.0,50694.0,50685.0,50693.0,50689.0,50692.0,50694.0,50684.0
8649,50690.3,50693.0,50685.0,50694.0,50694.0,50685.0,50693.0,50689.0,50692.0,50694.0,50684.0
8650,50690.3,50693.0,50685.0,50694.0,50694.0,50685.0,50693.0,50689.0,50692.0,50694.0,50684.0
8651,50690.3,50693.0,50685.0,50694.0,50694.0,50685.0,50693.0,50689.0,50692.0,50694.0,50684.0
8652,50690.3,50693.0,50685.0,50694.0,50694.0,50685.0,50693.0,50689.0,50692.0,50694.0,50684.0
8653,50690.3,50693.0,50685.0,50694.0,50694.0,50685.0,50693.0,50689.0,50692.0,50694.0,50684.0
8654,50690.3,50693.0,50685.0,50694.0,50694.0,50685.0,50693.0,50689.0,50692.0,50694.0,50684.0
8655,50690.3,50693.0,50685.0,50694.0,50694.0,50685.0,50693.0,50689.0,50692.0,50694.0,50684.0
8656,50690.3,50693.0,50685.0,50694.0,50694.0,50685.0,50693.0,50689.0,50692.0,50694.0,50684.0
8657,50690.3,50693.0,50685.0,50694.0,50694.0,50685.0,50693.0,50689.0,50692.0,50694.0,50684.0
8658,50690.3,50693.0,50685.0,50694.0,50694.0,50685.0,50693.0,50689.0,50692.0,50694.0,50684.0
8659,50690.3,50693.0,50685.0,50694.0,50694.0,50685.0,50693.0,50689.0,50692.0,50694.0,50684.0
8660,50690.3,50693.0,50685.0,50694.0,50694.0,50685.0,50693.0,50689.0,50692.0,50694.0,50684.0
8661,50690.3,50693.0,50685.0,50694.0,50694.0,50685.0,50693.0,50689.0,50692.0,50694.0,50684.0
8662,50690.3,50693.0,50685.0,50694.0,50694.0,50685.0,50693.0,50689.0,50692.0,50694.0,50684.0
8663,50690.3,50693.0,50685.0,50694.0,50694.0,50685.0,50693.0,50689.0,50692.0,50694.0,50684.0
8664,50690.3,50693.0,50685.0,50694.0,50694.0,50685.0,50693.0,50689.0,50692.0,50694.0,50684.0
8665,50690.3,50693.0,50685.0,50694.0,50694.0,50685.0,50693.0,50689.0,50692.0,50694.0,50684.0
8666,50690.3,50693.0,50685.0,50694.0,50694.0,50685.0,50693.0,50689.0,50692.0,50694.0,50684.0
8667,50690.3,50693.0,50685.0,50694.0,50694.0,50685.0,50693.0,50689.0,50692.0,50694.0,50684.0
8668,50690.3,50693.0,50685.0,50694.0,50694.0,50685.0,50693.0,50689.0,50692.0,50694.0,50684.0
8669,50690.3,50693.0,50685.0,50694.0,50694.0,50685.0,50693.0,50689.0,50692.0,50694.0,50684.0
8670,50690.3,50693.0,50685.0,50694.0,50694.0,50685.0,50693.0,50689.0,50692.0,50694.0,50684.0
8671,50690.3,50693.0,50685.0,50694.0,50694.0,50685.0,50693.0,50689.0,50692.0,50694.0,50684.0
8672,50690.3,50693.0,50685.0,50694.0,50694.0,50685.0,50693.0,50689.0,50692.0,50694.0,50684.0
8673,50690.3,50693.0,50685.0,50694.0,50694.0,50685.0,50693.0,50689.0,50692.0,50694.0,50684.0
8674,50690.3,50693.0,50685.0,50694.0,50694.0,50685.0,50693.0,50689.0,50692.0,50694.0,50684.0
8675,50690.3,50693.0,50685.0,50694.0,50694.0,50685.0,50693.0,50689.0,50692.0,50694.0,50684.0
8676,50690.3,50693.0,50685.0,50694.0,50694.0,50685.0,50693.0,50689.0,50692.0,50694.0,50684.0
8677,50690.3,50693.0,50685.0,50694.0,50694.0,50685.0,50693.0,50689.0,50692.0,50694.0,50684.0
8678,50690.3,50693.0,50685.0,50694.0,50694.0,50685.0,50693.0,50689.0,50692.0,50694.0,50684.0
8679,50690.3,50693.0,50685.0,50694.0,50694.0,50685.0,50693.0,50689.0,50692.0,50694.0,50684.0
8680,50690.3,50693.0,50685.0,50694.0,50694.0,50685.0,50693.0,50689.0,50692.0,50694.0,50684.0
8681,50690.3,50693.0,50685.0,50694.0,50694.0,50685.0,50693.0,50689.0,50692.0,50694.0,50684.0
8682,50690.3,50693.0,50685.0,50694.0,50694.0,50685.0,50693.0,50689.0,50692.0,50694.0,50684.0
8683,50690.3,50693.0,50685.0,50694.0,50694.0,50685.0,50693.0,50689.0,50692.0,50694.0,50684.0
8684,50690.3,50693.0,50685.0,50694.0,50694.0,50685.0,50693.0,50689.0,50692.0,50694.0,50684.0
8685,50690.3,50693.0,50685.0,50694.0,50694.0,50685.0,50693.0,50689.0,50692.0,50694.0,50684.0
8686,50690.3,50693.0,50685.0,50694.0,50694.0,50685.0,50693.0,50689.0,50692.0,50694.0,50684.0
8687,50690.3,50693.0,50685.0,50694.0,50694.0,50685.0,50693.0,50689.0,50692.0,50694.0,50684.0
8688,50690.3,50693.0,50685.0,50694.0,50694.0,50685.0,50693.0,50689.0,50692.0,50694.0,50684.0
8689,50690.3,50693.0,50685.0,50694.0,50694.0,50685.0,50693.0,50689.0,50692.0,50694.0,50684.0
8690,50690.3,50693.0,50685.0,50694.0,50694.0,50685.0,50693.0,50689.0,50692.0,50694.0,50684.0
8691,50690.3,50693.0,50685.0,50694.0,50694.0,50685.0,50693.0,50689.0,50692.0,50694.0,50684.0
8692,50690.3,50693.0,50685.0,50694.0,50694.0,50685.0,50693.0,50689.0,50692.0,50694.0,50684.0
8693,50690.3,50693.0,50685.0,50694.0,50694.0,50685.0,50693.0,50689.0,50692.0,50694.0,50684.0
8694,50690.3,50693.0,50685.0,50694.0,50694.0,50685.0,50693.0,50689.0,50692.0,50694.0,50684.0
8695,50690.3,50693.0,50685.0,50694.0,50694.0,50685.0,50693.0,50689.0,50692.0,50694.0,50684.0
8696,50690.3,50693.0,50685.0,50694.0,50694.0,50685.0,50693.0,50689.0,50692.0,50694.0,50684.0
8697,50690.3,50693.0,50685.0,50694.0,50694.0,50685.0,50693.0,50689.0,50692.0,50694.0,50684.0
8698,50690.3,50693.0,50685.0,50694.0,50694.0,50685.0,50693.0,50689.0,50692.0,50694.0,50684.0
8699,50690.3,50693.0,50685.0,50694.0,50694.0,50685.0,50693.0,50689.0,50692.0,50694.0,50684.0
8700,50690.3,50693.0,50685.0,50694.0,50694.0,50685.0,50693.0,50689.0,50692.0,50694.0,50684.0
8701,50690.3,50693.0,50685.0,50694.0,50694.0,50685.0,50693.0,50689.0,50692.0,50694.0,50684.0
8702,50690.3,50693.0,50685.0,50694.0,50694.0,50685.0,50693.0,50689.0,50692.0,50694.0,50684.0
8703,50690.3,50693.0,50685.0,50694.0,50694.0,50685.0,50693.0,50689.0,50692.0,50694.0,50684.0
8704,50690.3,50693.0,50685.0,50694.0,50694.0,50685.0,50693.0,50689.0,50692.0,50694.0,50684.0
8705,50690.3,50693.0,50685.0,50694.0,50694.0,50685.0,50693.0,50689.0,50692.0,50694.0,50684.0
8706,50690.3,50693.0,50685.0,50694.0,50694.0,50685.0,50693.0,50689.0,50692.0,50694.0,50684.0
8707,50690.3,50693.0,50685.0,50694.0,50694.0,50685.0,50693.0,50689.0,50692.0,50694.0,50684.0
8708,50690.3,50693.0,50685.0,50694.0,50694.0,50685.0,50693.0,50689.0,50692.0,50694.0,50684.0
8709,50690.3,50693.0,50685.0,50694.0,50694.0,50685.0,50693.0,50689.0,50692.0,50694.0,50684.0
8710,50690.3,50693.0,50685.0,50694.0,50694.0,50685.0,50693.0,50689.0,50692.0,50694.0,50684.0
8711,50690.3,50693.0,50685.0,50694.0,50694.0,50685.0,50693.0,50689.0,50692.0,50694.0,50684.0
8712,50690.3,50693.0,50685.0,50694.0,50694.0,50685.0,50693.0,50689.0,50692.0,50694.0,50684.0
8713,50690.3,50693.0,50685.0,50694.0,50694.0,50685.0,50693.0,50689.0,50692.0,50694.0,50684.0
8714,50690.3,50693.0,50685.0,50694.0,50694.0,50685.0,50693.0,50689.0,50692.0,50694.0,50684.0
8715,50690.3,50693.0,50685.0,50694.0,50694.0,50685.0,50693.0,50689.0,50692.0,50694.0,50684.0
8716,50690.3,50693.0,50685.0,50694.0,50694.0,50685.0,50693.0,50689.0,50692.0,50694.0,50684.0
8717,50690.3,50693.0,50685.0,50694.0,50694.0,50685.0,50693.0,50689.0,50692.0,50694.0,50684.0
8718,50690.3,50693.0,50685.0,50694.0,50694.0,50685.0,50693.0,50689.0,50692.0,50694.0,50684.0
8719,50690.3,50693.0,50685.0,50694.0,50694.0,50685.0,50693.0,50689.0,50692.0,50694.0,50684.0
8720,50690.3,50693.0,50685.0,50694.0,50694.0,50685.0,50693.0,50689.0,50692.0,50694.0,50684.0
8721,50690.3,50693.0,50685.0,50694.0,50694.0,50685.0,50693.0,50689.0,50692.0,50694.0,50684.0
8722,50690.3,50693.0,50685.0,50694.0,50694.0,50685.0,50693.0,50689.0,50692.0,50694.0,50684.0
8723,50690.3,50693.0,50685.0,50694.0,50694.0,50685.0,50693.0,50689.0,50692.0,50694.0,50684.0
8724,50690.3,50693.0,50685.0,50694.0,50694.0,50685.0,50693.0,50689.0,50692.0,50694.0,50684.0
8725,50690.3,50693.0,50685.0,50694.0,50694.0,50685.0,50693.0,50689.0,50692.0,50694.0,50684.0
8726,50690.3,50693.0,50685.0,50694.0,50694.0,50685.0,50693.0,50689.0,50692.0,50694.0,50684.0
8727,50690.3,50693.0,50685.0,50694.0,50694.0,50685.0,50693.0,50689.0,50692.0,50694.0,50684.0
8728,50690.3,50693.0,50685.0,50694.0,50694.0,50685.0,50693.0,50689.0,50692.0,50694.0,50684.0
8729,50690.3,50693.0,50685.0,50694.0,50694.0,50685.0,50693.0,50689.0,50692.0,50694.0,50684.0
8730,50690.3,50693.0,50685.0,50694.0,50694.0,50685.0,50693.0,50689.0,50692.0,50694.0,50684.0
8731,50690.3,50693.0,50685.0,50694.0,50694.0,50685.0,50693.0,50689.0,50692.0,50694.0,50684.0
8732,50690.3,50693.0,50685.0,50694.0,50694.0,50685.0,50693.0,50689.0,50692.0,50694.0,50684.0
8733,50690.3,50693.0,50685.0,50694.0,50694.0,50685.0,50693.0,50689.0,50692.0,50694.0,50684.0
8734,50690.3,50693.0,50685.0,50694.0,50694.0,50685.0,50693.0,50689.0,50692.0,50694.0,50684.0
8735,50690.3,50693.0,50685.0,50694.0,50694.0,50685.0,50693.0,50689.0,50692.0,50694.0,50684.0
8736,50690.3,50693.0,50685.0,50694.0,50694.0,50685.0,50693.0,50689.0,50692.0,50694.0,50684.0
8737,50690.3,50693.0,50685.0,50694.0,50694.0,50685.0,50693.0,50689.0,50692.0,50694.0,50684.0
8738,50690.3,50693.0,50685.0,50694.0,50694.0,50685.0,50693.0,50689.0,50692.0,50694.0,50684.0
8739,50690.3,50693.0,50685.0,50694.0,50694.0,50685.0,50693.0,50689.0,50692.0,50694.0,50684.0
8740,50690.3,50693.0,50685.0,50694.0,50694.0,50685.0,50693.0,50689.0,50692.0,50694.0,50684.0
8741,50690.3,50693.0,50685.0,50694.0,50694.0,50685.0,50693.0,50689.0,50692.0,50694.0,50684.0
8742,50690.3,50693.0,50685.0,50694.0,50694.0,50685.0,50693.0,50689.0,50692.0,50694.0,50684.0
8743,50690.3,50693.0,50685.0,50694.0,50694.0,50685.0,50693.0,50689.0,50692.0,50694.0,50684.0
8744,50690.3,50693.0,50685.0,50694.0,50694.0,50685.0,50693.0,50689.0,50692.0,50694.0,50684.0
8745,50690.3,50693.0,50685.0,50694.0,50694.0,50685.0,50693.0,50689.0,50692.0,50694.0,50684.0
8746,50690.3,50693.0,50685.0,50694.0,50694.0,50685.0,50693.0,50689.0,50692.0,50694.0,50684.0
8747,50690.3,50693.0,50685.0,50694.0,50694.0,50685.0,50693.0,50689.0,50692.0,50694.0,50684.0
8748,50690.3,50693.0,50685.0,50694.0,50694.0,50685.0,50693.0,50689.0,50692.0,50694.0,50684.0
8749,50690.3,50693.0,50685.0,50694.0,50694.0,50685.0,50693.0,50689.0,50692.0,50694.0,50684.0
8750,50690.3,50693.0,50685.0,50694.0,50694.0,50685.0,50693.0,50689.0,50692.0,50694.0,50684.0
8751,50690.3,50693.0,50685.0,50694.0,50694.0,50685.0,50693.0,50689.0,50692.0,50694.0,50684.0
8752,50690.3,50693.0,50685.0,50694.0,50694.0,50685.0,50693.0,50689.0,50692.0,50694.0,50684.0
8753,50690.3,50693.0,50685.0,50694.0,50694.0,50685.0,50693.0,50689.0,50692.0,50694.0,50684.0
8754,50690.3,50693.0,50685.0,50694.0,50694.0,50685.0,50693.0,50689.0,50692.0,50694.0,50684.0
8755,50690.3,50693.0,50685.0,50694.0,50694.0,50685.0,50693.0,50689.0,50692.0,50694.0,50684.0
8756,50690.3,50693.0,50685.0,50694.0,50694.0,50685.0,50693.0,50689.0,50692.0,50694.0,50684.0
8757,50690.3,50693.0,50685.0,50694.0,50694.0,50685.0,50693.0,50689.0,50692.0,50694.0,50684.0
8758,50690.3,50693.0,50685.0,50694.0,50694.0,50685.0,50693.0,50689.0,50692.0,50694.0,50684.0
8759,50690.3,50693.0,50685.0,50694.0,50694.0,50685.0,50693.0,50689.0,50692.0,50694.0,50684.0
8760,50690.3,50693.0,50685.0,50694.0,50694.0,50685.0,50693.0,50689.0,50692.0,50694.0,50684.0
8761,50690.3,50693.0,50685.0,50694.0,50694.0,50685.0,50693.0,50689.0,50692.0,50694.0,50684.0
8762,50690.3,50693.0,50685.0,50694.0,50694.0,50685.0,50693.0,50689.0,50692.0,50694.0,50684.0
8763,50690.3,50693.0,50685.0,50694.0,50694.0,50685.0,50693.0,50689.0,50692.0,50694.0,50684.0
8764,50690.3,50693.0,50685.0,50694.0,50694.0,50685.0,50693.0,50689.0,50692.0,50694.0,50684.0
8765,50690.3,50693.0,50685.0,50694.0,50694.0,50685.0,50693.0,50689.0,50692.0,50694.0,50684.0
8766,50690.3,50693.0,50685.0,50694.0,50694.0,50685.0,50693.0,50689.0,50692.0,50694.0,50684.0
8767,50690.3,50693.0,50685.0,50694.0,50694.0,50685.0,50693.0,50689.0,50692.0,50694.0,50684.0
8768,50690.3,50693.0,50685.0,50694.0,50694.0,50685.0,50693.0,50689.0,50692.0,50694.0,50684.0
8769,50690.3,50693.0,50685.0,50694.0,50694.0,50685.0,50693.0,50689.0,50692.0,50694.0,50684.0
8770,50690.3,50693.0,50685.0,50694.0,50694.0,50685.0,50693.0,50689.0,50692.0,50694.0,50684.0
8771,50690.3,50693.0,50685.0,50694.0,50694.0,50685.0,50693.0,50689.0,50692.0,50694.0,50684.0
8772,50690.3,50693.0,50685.0,50694.0,50694.0,50685.0,50693.0,50689.0,50692.0,50694.0,50684.0
8773,50690.3,50693.0,50685.0,50694.0,50694.0,50685.0,50693.0,50689.0,50692.0,50694.0,50684.0
8774,50690.3,50693.0,50685.0,50694.0,50694.0,50685.0,50693.0,50689.0,50692.0,50694.0,50684.0
8775,50690.3,50693.0,50685.0,50694.0,50694.0,50685.0,50693.0,50689.0,50692.0,50694.0,50684.0
8776,50690.3,50693.0,50685.0,50694.0,50694.0,50685.0,50693.0,50689.0,50692.0,50694.0,50684.0
8777,50690.3,50693.0,50685.0,50694.0,50694.0,50685.0,50693.0,50689.0,50692.0,50694.0,50684.0
8778,50690.3,50693.0,50685.0,50694.0,50694.0,50685.0,50693.0,50689.0,50692.0,50694.0,50684.0
8779,50690.3,50693.0,50685.0,50694.0,50694.0,50685.0,50693.0,50689.0,50692.0,50694.0,50684.0
8780,50690.3,50693.0,50685.0,50694.0,50694.0,50685.0,50693.0,50689.0,50692.0,50694.0,50684.0
8781,50690.3,50693.0,50685.0,50694.0,50694.0,50685.0,50693.0,50689.0,50692.0,50694.0,50684.0
8782,50690.3,50693.0,50685.0,50694.0,50694.0,50685.0,50693.0,50689.0,50692.0,50694.0,50684.0
8783,50690.3,50693.0,50685.0,50694.0,50694.0,50685.0,50693.0,50689.0,50692.0,50694.0,50684.0
8784,50690.3,50693.0,50685.0,50694.0,50694.0,50685.0,50693.0,50689.0,50692.0,50694.0,50684.0
8785,50690.3,50693.0,50685.0,50694.0,50694.0,50685.0,50693.0,50689.0,50692.0,50694.0,50684.0
8786,50690.3,50693.0,50685.0,50694.0,50694.0,50685.0,50693.0,50689.0,50692.0,50694.0,50684.0
8787,50690.3,50693.0,50685.0,50694.0,50694.0,50685.0,50693.0,50689.0,50692.0,50694.0,50684.0
8788,50690.3,50693.0,50685.0,50694.0,50694.0,50685.0,50693.0,50689.0,50692.0,50694.0,50684.0
8789,50690.3,50693.0,50685.0,50694.0,50694.0,50685.0,50693.0,50689.0,50692.0,50694.0,50684.0
8790,50690.3,50693.0,50685.0,50694.0,50694.0,50685.0,50693.0,50689.0,50692.0,50694.0,50684.0
8791,50690.3,50693.0,50685.0,50694.0,50694.0,50685.0,50693.0,50689.0,50692.0,50694.0,50684.0
8792,50690.3,50693.0,50685.0,50694.0,50694.0,50685.0,50693.0,50689.0,50692.0,50694.0,50684.0
8793,50690.3,50693.0,50685.0,50694.0,50694.0,50685.0,50693.0,50689.0,50692.0,50694.0,50684.0
8794,50690.3,50693.0,50685.0,50694.0,50694.0,50685.0,50693.0,50689.0,50692.0,50694.0,50684.0
8795,50690.3,50693.0,50685.0,50694.0,50694.0,50685.0,50693.0,50689.0,50692.0,50694.0,50684.0
8796,50690.3,50693.0,50685.0,50694.0,50694.0,50685.0,50693.0,50689.0,50692.0,50694.0,50684.0
8797,50690.3,50693.0,50685.0,50694.0,50694.0,50685.0,50693.0,50689.0,50692.0,50694.0,50684.0
8798,50690.3,50693.0,50685.0,50694.0,50694.0,50685.0,50693.0,50689.0,50692.0,50694.0,50684.0
8799,50690.3,50693.0,50685.0,50694.0,50694.0,50685.0,50693.0,50689.0,50692.0,50694.0,50684.0
8800,50690.3,50693.0,50685.0,50694.0,50694.0,50685.0,50693.0,50689.0,50692.0,50694.0,50684.0
8801,50690.3,50693.0,50685.0,50694.0,50694.0,50685.0,50693.0,50689.0,50692.0,50694.0,50684.0
8802,50690.3,50693.0,50685.0,50694.0,50694.0,50685.0,50693.0,50689.0,50692.0,50694.0,50684.0
8803,50690.3,50693.0,50685.0,50694.0,50694.0,50685.0,50693.0,50689.0,50692.0,50694.0,50684.0
8804,50690.3,50693.0,50685.0,50694.0,50694.0,50685.0,50693.0,50689.0,50692.0,50694.0,50684.0
8805,50690.3,50693.0,50685.0,50694.0,50694.0,50685.0,50693.0,50689.0,50692.0,50694.0,50684.0
8806,50690.3,50693.0,50685.0,50694.0,50694.0,50685.0,50693.0,50689.0,50692.0,50694.0,50684.0
8807,50690.3,50693.0,50685.0,50694.0,50694.0,50685.0,50693.0,50689.0,50692.0,50694.0,50684.0
8808,50690.3,50693.0,50685.0,50694.0,50694.0,50685.0,50693.0,50689.0,50692.0,50694.0,50684.0
8809,50690.3,50693.0,50685.0,50694.0,50694.0,50685.0,50693.0,50689.0,50692.0,50694.0,50684.0
8810,50690.3,50693.0,50685.0,50694.0,50694.0,50685.0,50693.0,50689.0,50692.0,50694.0,50684.0
8811,50690.3,50693.0,50685.0,50694.0,50694.0,50685.0,50693.0,50689.0,50692.0,50694.0,50684.0
8812,50690.3,50693.0,50685.0,50694.0,50694.0,50685.0,50693.0,50689.0,50692.0,50694.0,50684.0
8813,50690.3,50693.0,50685.0,50694.0,50694.0,50685.0,50693.0,50689.0,50692.0,50694.0,50684.0
8814,50690.3,50693.0,50685.0,50694.0,50694.0,50685.0,50693.0,50689.0,50692.0,50694.0,50684.0
8815,50690.3,50693.0,50685.0,50694.0,50694.0,50685.0,50693.0,50689.0,50692.0,50694.0,50684.0
8816,50690.3,50693.0,50685.0,50694.0,50694.0,50685.0,50693.0,50689.0,50692.0,50694.0,50684.0
8817,50690.3,50693.0,50685.0,50694.0,50694.0,50685.0,50693.0,50689.0,50692.0,50694.0,50684.0
8818,50690.3,50693.0,50685.0,50694.0,50694.0,50685.0,50693.0,50689.0,50692.0,50694.0,50684.0
8819,50690.3,50693.0,50685.0,50694.0,50694.0,50685.0,50693.0,50689.0,50692.0,50694.0,50684.0
8820,50690.3,50693.0,50685.0,50694.0,50694.0,50685.0,50693.0,50689.0,50692.0,50694.0,50684.0
8821,50690.3,50693.0,50685.0,50694.0,50694.0,50685.0,50693.0,50689.0,50692.0,50694.0,50684.0
8822,50690.3,50693.0,50685.0,50694.0,50694.0,50685.0,50693.0,50689.0,50692.0,50694.0,50684.0
8823,50690.3,50693.0,50685.0,50694.0,50694.0,50685.0,50693.0,50689.0,50692.0,50694.0,50684.0
8824,50690.3,50693.0,50685.0,50694.0,50694.0,50685.0,50693.0,50689.0,50692.0,50694.0,50684.0
8825,50690.3,50693.0,50685.0,50694.0,50694.0,50685.0,50693.0,50689.0,50692.0,50694.0,50684.0
8826,50690.3,50693.0,50685.0,50694.0,50694.0,50685.0,50693.0,50689.0,50692.0,50694.0,50684.0
8827,50690.3,50693.0,50685.0,50694.0,50694.0,50685.0,50693.0,50689.0,50692.0,50694.0,50684.0
8828,50690.3,50693.0,50685.0,50694.0,50694.0,50685.0,50693.0,50689.0,50692.0,50694.0,50684.0
8829,50690.3,50693.0,50685.0,50694.0,50694.0,50685.0,50693.0,50689.0,50692.0,50694.0,50684.0
8830,50690.3,50693.0,50685.0,50694.0,50694.0,50685.0,50693.0,50689.0,50692.0,50694.0,50684.0
8831,50690.3,50693.0,50685.0,50694.0,50694.0,50685.0,50693.0,50689.0,50692.0,50694.0,50684.0
8832,50690.3,50693.0,50685.0,50694.0,50694.0,50685.0,50693.0,50689.0,50692.0,50694.0,50684.0
8833,50690.3,50693.0,50685.0,50694.0,50694.0,50685.0,50693.0,50689.0,50692.0,50694.0,50684.0
8834,50690.3,50693.0,50685.0,50694.0,50694.0,50685.0,50693.0,50689.0,50692.0,50694.0,50684.0
8835,50690.3,50693.0,50685.0,50694.0,50694.0,50685.0,50693.0,50689.0,50692.0,50694.0,50684.0
8836,50690.3,50693.0,50685.0,50694.0,50694.0,50685.0,50693.0,50689.0,50692.0,50694.0,50684.0
8837,50690.3,50693.0,50685.0,50694.0,50694.0,50685.0,50693.0,50689.0,50692.0,50694.0,50684.0
8838,50690.3,50693.0,50685.0,50694.0,50694.0,50685.0,50693.0,50689.0,50692.0,50694.0,50684.0
8839,50690.3,50693.0,50685.0,50694.0,50694.0,50685.0,50693.0,50689.0,50692.0,50694.0,50684.0
8840,50690.3,50693.0,50685.0,50694.0,50694.0,50685.0,50693.0,50689.0,50692.0,50694.0,50684.0
8841,50690.3,50693.0,50685.0,50694.0,50694.0,50685.0,50693.0,50689.0,50692.0,50694.0,50684.0
8842,50690.3,50693.0,50685.0,50694.0,50694.0,50685.0,50693.0,50689.0,50692.0,50694.0,50684.0
8843,50690.3,50693.0,50685.0,50694.0,50694.0,50685.0,50693.0,50689.0,50692.0,50694.0,50684.0
8844,50690.3,50693.0,50685.0,50694.0,50694.0,50685.0,50693.0,50689.0,50692.0,50694.0,50684.0
8845,50690.3,50693.0,50685.0,50694.0,50694.0,50685.0,50693.0,50689.0,50692.0,50694.0,50684.0
8846,50690.3,50693.0,50685.0,50694.0,50694.0,50685.0,50693.0,50689.0,50692.0,50694.0,50684.0
8847,50690.3,50693.0,50685.0,50694.0,50694.0,50685.0,50693.0,50689.0,50692.0,50694.0,50684.0
8848,50690.3,50693.0,50685.0,50694.0,50694.0,50685.0,50693.0,50689.0,50692.0,50694.0,50684.0
8849,50690.3,50693.0,50685.0,50694.0,50694.0,50685.0,50693.0,50689.0,50692.0,50694.0,50684.0
8850,50690.3,50693.0,50685.0,50694.0,50694.0,50685.0,50693.0,50689.0,50692.0,50694.0,50684.0
8851,50690.3,50693.0,50685.0,50694.0,50694.0,50685.0,50693.0,50689.0,50692.0,50694.0,50684.0
8852,50690.3,50693.0,50685.0,50694.0,50694.0,50685.0,50693.0,50689.0,50692.0,50694.0,50684.0
8853,50690.3,50693.0,50685.0,50694.0,50694.0,50685.0,50693.0,50689.0,50692.0,50694.0,50684.0
8854,50690.3,50693.0,50685.0,50694.0,50694.0,50685.0,50693.0,50689.0,50692.0,50694.0,50684.0
8855,50690.3,50693.0,50685.0,50694.0,50694.0,50685.0,50693.0,50689.0,50692.0,50694.0,50684.0
8856,50690.3,50693.0,50685.0,50694.0,50694.0,50685.0,50693.0,50689.0,50692.0,50694.0,50684.0
8857,50690.3,50693.0,50685.0,50694.0,50694.0,50685.0,50693.0,50689.0,50692.0,50694.0,50684.0
8858,50690.3,50693.0,50685.0,50694.0,50694.0,50685.0,50693.0,50689.0,50692.0,50694.0,50684.0
8859,50690.3,50693.0,50685.0,50694.0,50694.0,50685.0,50693.0,50689.0,50692.0,50694.0,50684.0
8860,50690.3,50693.0,50685.0,50694.0,50694.0,50685.0,50693.0,50689.0,50692.0,50694.0,50684.0
8861,50690.3,50693.0,50685.0,50694.0,50694.0,50685.0,50693.0,50689.0,50692.0,50694.0,50684.0
8862,50690.3,50693.0,50685.0,50694.0,50694.0,50685.0,50693.0,50689.0,50692.0,50694.0,50684.0
8863,50690.3,50693.0,50685.0,50694.0,50694.0,50685.0,50693.0,50689.0,50692.0,50694.0,50684.0
8864,50690.3,50693.0,50685.0,50694.0,50694.0,50685.0,50693.0,50689.0,50692.0,50694.0,50684.0
8865,50690.3,50693.0,50685.0,50694.0,50694.0,50685.0,50693.0,50689.0,50692.0,50694.0,50684.0
8866,50690.3,50693.0,50685.0,50694.0,50694.0,50685.0,50693.0,50689.0,50692.0,50694.0,50684.0
8867,50690.3,50693.0,50685.0,50694.0,50694.0,50685.0,50693.0,50689.0,50692.0,50694.0,50684.0
8868,50690.3,50693.0,50685.0,50694.0,50694.0,50685.0,50693.0,50689.0,50692.0,50694.0,50684.0
8869,50690.3,50693.0,50685.0,50694.0,50694.0,50685.0,50693.0,50689.0,50692.0,50694.0,50684.0
8870,50690.3,50693.0,50685.0,50694.0,50694.0,50685.0,50693.0,50689.0,50692.0,50694.0,50684.0
8871,50690.3,50693.0,50685.0,50694.0,50694.0,50685.0,50693.0,50689.0,50692.0,50694.0,50684.0
8872,50690.3,50693.0,50685.0,50694.0,50694.0,50685.0,50693.0,50689.0,50692.0,50694.0,50684.0
8873,50690.3,50693.0,50685.0,50694.0,50694.0,50685.0,50693.0,50689.0,50692.0,50694.0,50684.0
8874,50690.3,50693.0,50685.0,50694.0,50694.0,50685.0,50693.0,50689.0,50692.0,50694.0,50684.0
8875,50690.3,50693.0,50685.0,50694.0,50694.0,50685.0,50693.0,50689.0,50692.0,50694.0,50684.0
8876,50690.3,50693.0,50685.0,50694.0,50694.0,50685.0,50693.0,50689.0,50692.0,50694.0,50684.0
8877,50690.3,50693.0,50685.0,50694.0,50694.0,50685.0,50693.0,50689.0,50692.0,50694.0,50684.0
8878,50690.3,50693.0,50685.0,50694.0,50694.0,50685.0,50693.0,50689.0,50692.0,50694.0,50684.0
8879,50690.3,50693.0,50685.0,50694.0,50694.0,50685.0,50693.0,50689.0,50692.0,50694.0,50684.0
8880,50690.3,50693.0,50685.0,50694.0,50694.0,50685.0,50693.0,50689.0,50692.0,50694.0,50684.0
8881,50690.3,50693.0,50685.0,50694.0,50694.0,50685.0,50693.0,50689.0,50692.0,50694.0,50684.0
8882,50690.3,50693.0,50685.0,50694.0,50694.0,50685.0,50693.0,50689.0,50692.0,50694.0,50684.0
8883,50690.3,50693.0,50685.0,50694.0,50694.0,50685.0,50693.0,50689.0,50692.0,50694.0,50684.0
8884,50690.3,50693.0,50685.0,50694.0,50694.0,50685.0,50693.0,50689.0,50692.0,50694.0,50684.0
8885,50690.3,50693.0,50685.0,50694.0,50694.0,50685.0,50693.0,50689.0,50692.0,50694.0,50684.0
8886,50690.3,50693.0,50685.0,50694.0,50694.0,50685.0,50693.0,50689.0,50692.0,50694.0,50684.0
8887,50690.3,50693.0,50685.0,50694.0,50694.0,50685.0,50693.0,50689.0,50692.0,50694.0,50684.0
8888,50690.3,50693.0,50685.0,50694.0,50694.0,50685.0,50693.0,50689.0,50692.0,50694.0,50684.0
8889,50690.3,50693.0,50685.0,50694.0,50694.0,50685.0,50693.0,50689.0,50692.0,50694.0,50684.0
8890,50690.3,50693.0,50685.0,50694.0,50694.0,50685.0,50693.0,50689.0,50692.0,50694.0,50684.0
8891,50690.3,50693.0,50685.0,50694.0,50694.0,50685.0,50693.0,50689.0,50692.0,50694.0,50684.0
8892,50690.3,50693.0,50685.0,50694.0,50694.0,50685.0,50693.0,50689.0,50692.0,50694.0,50684.0
8893,50690.3,50693.0,50685.0,50694.0,50694.0,50685.0,50693.0,50689.0,50692.0,50694.0,50684.0
8894,50690.3,50693.0,50685.0,50694.0,50694.0,50685.0,50693.0,50689.0,50692.0,50694.0,50684.0
8895,50690.3,50693.0,50685.0,50694.0,50694.0,50685.0,50693.0,50689.0,50692.0,50694.0,50684.0
8896,50690.3,50693.0,50685.0,50694.0,50694.0,50685.0,50693.0,50689.0,50692.0,50694.0,50684.0
8897,50690.3,50693.0,50685.0,50694.0,50694.0,50685.0,50693.0,50689.0,50692.0,50694.0,50684.0
8898,50690.3,50693.0,50685.0,50694.0,50694.0,50685.0,50693.0,50689.0,50692.0,50694.0,50684.0
8899,50690.3,50693.0,50685.0,50694.0,50694.0,50685.0,50693.0,50689.0,50692.0,50694.0,50684.0
8900,50690.3,50693.0,50685.0,50694.0,50694.0,50685.0,50693.0,50689.0,50692.0,50694.0,50684.0
8901,50690.3,50693.0,50685.0,50694.0,50694.0,50685.0,50693.0,50689.0,50692.0,50694.0,50684.0
8902,50690.3,50693.0,50685.0,50694.0,50694.0,50685.0,50693.0,50689.0,50692.0,50694.0,50684.0
8903,50690.3,50693.0,50685.0,50694.0,50694.0,50685.0,50693.0,50689.0,50692.0,50694.0,50684.0
8904,50690.3,50693.0,50685.0,50694.0,50694.0,50685.0,50693.0,50689.0,50692.0,50694.0,50684.0
8905,50690.3,50693.0,50685.0,50694.0,50694.0,50685.0,50693.0,50689.0,50692.0,50694.0,50684.0
8906,50690.3,50693.0,50685.0,50694.0,50694.0,50685.0,50693.0,50689.0,50692.0,50694.0,50684.0
8907,50690.3,50693.0,50685.0,50694.0,50694.0,50685.0,50693.0,50689.0,50692.0,50694.0,50684.0
8908,50690.3,50693.0,50685.0,50694.0,50694.0,50685.0,50693.0,50689.0,50692.0,50694.0,50684.0
8909,50690.3,50693.0,50685.0,50694.0,50694.0,50685.0,50693.0,50689.0,50692.0,50694.0,50684.0
8910,50690.3,50693.0,50685.0,50694.0,50694.0,50685.0,50693.0,50689.0,50692.0,50694.0,50684.0
8911,50690.3,50693.0,50685.0,50694.0,50694.0,50685.0,50693.0,50689.0,50692.0,50694.0,50684.0
8912,50690.3,50693.0,50685.0,50694.0,50694.0,50685.0,50693.0,50689.0,50692.0,50694.0,50684.0
8913,50690.3,50693.0,50685.0,50694.0,50694.0,50685.0,50693.0,50689.0,50692.0,50694.0,50684.0
8914,50690.3,50693.0,50685.0,50694.0,50694.0,50685.0,50693.0,50689.0,50692.0,50694.0,50684.0
8915,50690.3,50693.0,50685.0,50694.0,50694.0,50685.0,50693.0,50689.0,50692.0,50694.0,50684.0
8916,50690.3,50693.0,50685.0,50694.0,50694.0,50685.0,50693.0,50689.0,50692.0,50694.0,50684.0
8917,50690.3,50693.0,50685.0,50694.0,50694.0,50685.0,50693.0,50689.0,50692.0,50694.0,50684.0
8918,50690.3,50693.0,50685.0,50694.0,50694.0,50685.0,50693.0,50689.0,50692.0,50694.0,50684.0
8919,50690.3,50693.0,50685.0,50694.0,50694.0,50685.0,50693.0,50689.0,50692.0,50694.0,50684.0
8920,50690.3,50693.0,50685.0,50694.0,50694.0,50685.0,50693.0,50689.0,50692.0,50694.0,50684.0
8921,50690.3,50693.0,50685.0,50694.0,50694.0,50685.0,50693.0,50689.0,50692.0,50694.0,50684.0
8922,50690.3,50693.0,50685.0,50694.0,50694.0,50685.0,50693.0,50689.0,50692.0,50694.0,50684.0
8923,50690.3,50693.0,50685.0,50694.0,50694.0,50685.0,50693.0,50689.0,50692.0,50694.0,50684.0
8924,50690.3,50693.0,50685.0,50694.0,50694.0,50685.0,50693.0,50689.0,50692.0,50694.0,50684.0
8925,50690.3,50693.0,50685.0,50694.0,50694.0,50685.0,50693.0,50689.0,50692.0,50694.0,50684.0
8926,50690.3,50693.0,50685.0,50694.0,50694.0,50685.0,50693.0,50689.0,50692.0,50694.0,50684.0
8927,50690.3,50693.0,50685.0,50694.0,50694.0,50685.0,50693.0,50689.0,50692.0,50694.0,50684.0
8928,50690.3,50693.0,50685.0,50694.0,50694.0,50685.0,50693.0,50689.0,50692.0,50694.0,50684.0
8929,50690.3,50693.0,50685.0,50694.0,50694.0,50685.0,50693.0,50689.0,50692.0,50694.0,50684.0
8930,50690.3,50693.0,50685.0,50694.0,50694.0,50685.0,50693.0,50689.0,50692.0,50694.0,50684.0
8931,50690.3,50693.0,50685.0,50694.0,50694.0,50685.0,50693.0,50689.0,50692.0,50694.0,50684.0
8932,50690.3,50693.0,50685.0,50694.0,50694.0,50685.0,50693.0,50689.0,50692.0,50694.0,50684.0
8933,50690.3,50693.0,50685.0,50694.0,50694.0,50685.0,50693.0,50689.0,50692.0,50694.0,50684.0
8934,50690.3,50693.0,50685.0,50694.0,50694.0,50685.0,50693.0,50689.0,50692.0,50694.0,50684.0
8935,50690.3,50693.0,50685.0,50694.0,50694.0,50685.0,50693.0,50689.0,50692.0,50694.0,50684.0
8936,50690.3,50693.0,50685.0,50694.0,50694.0,50685.0,50693.0,50689.0,50692.0,50694.0,50684.0
8937,50690.3,50693.0,50685.0,50694.0,50694.0,50685.0,50693.0,50689.0,50692.0,50694.0,50684.0
8938,50690.3,50693.0,50685.0,50694.0,50694.0,50685.0,50693.0,50689.0,50692.0,50694.0,50684.0
8939,50690.3,50693.0,50685.0,50694.0,50694.0,50685.0,50693.0,50689.0,50692.0,50694.0,50684.0
8940,50690.3,50693.0,50685.0,50694.0,50694.0,50685.0,50693.0,50689.0,50692.0,50694.0,50684.0
8941,50690.3,50693.0,50685.0,50694.0,50694.0,50685.0,50693.0,50689.0,50692.0,50694.0,50684.0
8942,50690.3,50693.0,50685.0,50694.0,50694.0,50685.0,50693.0,50689.0,50692.0,50694.0,50684.0
8943,50690.3,50693.0,50685.0,50694.0,50694.0,50685.0,50693.0,50689.0,50692.0,50694.0,50684.0
8944,50690.3,50693.0,50685.0,50694.0,50694.0,50685.0,50693.0,50689.0,50692.0,50694.0,50684.0
8945,50690.3,50693.0,50685.0,50694.0,50694.0,50685.0,50693.0,50689.0,50692.0,50694.0,50684.0
8946,50690.3,50693.0,50685.0,50694.0,50694.0,50685.0,50693.0,50689.0,50692.0,50694.0,50684.0
8947,50690.3,50693.0,50685.0,50694.0,50694.0,50685.0,50693.0,50689.0,50692.0,50694.0,50684.0
8948,50690.3,50693.0,50685.0,50694.0,50694.0,50685.0,50693.0,50689.0,50692.0,50694.0,50684.0
8949,50690.3,50693.0,50685.0,50694.0,50694.0,50685.0,50693.0,50689.0,50692.0,50694.0,50684.0
8950,50690.3,50693.0,50685.0,50694.0,50694.0,50685.0,50693.0,50689.0,50692.0,50694.0,50684.0
8951,50690.3,50693.0,50685.0,50694.0,50694.0,50685.0,50693.0,50689.0,50692.0,50694.0,50684.0
8952,50690.3,50693.0,50685.0,50694.0,50694.0,50685.0,50693.0,50689.0,50692.0,50694.0,50684.0
8953,50690.3,50693.0,50685.0,50694.0,50694.0,50685.0,50693.0,50689.0,50692.0,50694.0,50684.0
8954,50690.3,50693.0,50685.0,50694.0,50694.0,50685.0,50693.0,50689.0,50692.0,50694.0,50684.0
8955,50690.3,50693.0,50685.0,50694.0,50694.0,50685.0,50693.0,50689.0,50692.0,50694.0,50684.0
8956,50690.3,50693.0,50685.0,50694.0,50694.0,50685.0,50693.0,50689.0,50692.0,50694.0,50684.0
8957,50690.3,50693.0,50685.0,50694.0,50694.0,50685.0,50693.0,50689.0,50692.0,50694.0,50684.0
8958,50690.3,50693.0,50685.0,50694.0,50694.0,50685.0,50693.0,50689.0,50692.0,50694.0,50684.0
8959,50690.3,50693.0,50685.0,50694.0,50694.0,50685.0,50693.0,50689.0,50692.0,50694.0,50684.0
8960,50690.3,50693.0,50685.0,50694.0,50694.0,50685.0,50693.0,50689.0,50692.0,50694.0,50684.0
8961,50690.3,50693.0,50685.0,50694.0,50694.0,50685.0,50693.0,50689.0,50692.0,50694.0,50684.0
8962,50690.3,50693.0,50685.0,50694.0,50694.0,50685.0,50693.0,50689.0,50692.0,50694.0,50684.0
8963,50690.3,50693.0,50685.0,50694.0,50694.0,50685.0,50693.0,50689.0,50692.0,50694.0,50684.0
8964,50690.3,50693.0,50685.0,50694.0,50694.0,50685.0,50693.0,50689.0,50692.0,50694.0,50684.0
8965,50690.3,50693.0,50685.0,50694.0,50694.0,50685.0,50693.0,50689.0,50692.0,50694.0,50684.0
8966,50690.3,50693.0,50685.0,50694.0,50694.0,50685.0,50693.0,50689.0,50692.0,50694.0,50684.0
8967,50690.3,50693.0,50685.0,50694.0,50694.0,50685.0,50693.0,50689.0,50692.0,50694.0,50684.0
8968,50690.3,50693.0,50685.0,50694.0,50694.0,50685.0,50693.0,50689.0,50692.0,50694.0,50684.0
8969,50690.3,50693.0,50685.0,50694.0,50694.0,50685.0,50693.0,50689.0,50692.0,50694.0,50684.0
8970,50690.3,50693.0,50685.0,50694.0,50694.0,50685.0,50693.0,50689.0,50692.0,50694.0,50684.0
8971,50690.3,50693.0,50685.0,50694.0,50694.0,50685.0,50693.0,50689.0,50692.0,50694.0,50684.0
8972,50690.3,50693.0,50685.0,50694.0,50694.0,50685.0,50693.0,50689.0,50692.0,50694.0,50684.0
8973,50690.3,50693.0,50685.0,50694.0,50694.0,50685.0,50693.0,50689.0,50692.0,50694.0,50684.0
8974,50690.3,50693.0,50685.0,50694.0,50694.0,50685.0,50693.0,50689.0,50692.0,50694.0,50684.0
8975,50690.3,50693.0,50685.0,50694.0,50694.0,50685.0,50693.0,50689.0,50692.0,50694.0,50684.0
8976,50690.3,50693.0,50685.0,50694.0,50694.0,50685.0,50693.0,50689.0,50692.0,50694.0,50684.0
8977,50690.3,50693.0,50685.0,50694.0,50694.0,50685.0,50693.0,50689.0,50692.0,50694.0,50684.0
8978,50690.3,50693.0,50685.0,50694.0,50694.0,50685.0,50693.0,50689.0,50692.0,50694.0,50684.0
8979,50690.3,50693.0,50685.0,50694.0,50694.0,50685.0,50693.0,50689.0,50692.0,50694.0,50684.0
8980,50690.3,50693.0,50685.0,50694.0,50694.0,50685.0,50693.0,50689.0,50692.0,50694.0,50684.0
8981,50690.3,50693.0,50685.0,50694.0,50694.0,50685.0,50693.0,50689.0,50692.0,50694.0,50684.0
8982,50690.3,50693.0,50685.0,50694.0,50694.0,50685.0,50693.0,50689.0,50692.0,50694.0,50684.0
8983,50690.3,50693.0,50685.0,50694.0,50694.0,50685.0,50693.0,50689.0,50692.0,50694.0,50684.0
8984,50690.3,50693.0,50685.0,50694.0,50694.0,50685.0,50693.0,50689.0,50692.0,50694.0,50684.0
8985,50690.3,50693.0,50685.0,50694.0,50694.0,50685.0,50693.0,50689.0,50692.0,50694.0,50684.0
8986,50690.3,50693.0,50685.0,50694.0,50694.0,50685.0,50693.0,50689.0,50692.0,50694.0,50684.0
8987,50690.3,50693.0,50685.0,50694.0,50694.0,50685.0,50693.0,50689.0,50692.0,50694.0,50684.0
8988,50690.3,50693.0,50685.0,50694.0,50694.0,50685.0,50693.0,50689.0,50692.0,50694.0,50684.0
8989,50690.3,50693.0,50685.0,50694.0,50694.0,50685.0,50693.0,50689.0,50692.0,50694.0,50684.0
8990,50690.3,50693.0,50685.0,50694.0,50694.0,50685.0,50693.0,50689.0,50692.0,50694.0,50684.0
8991,50690.3,50693.0,50685.0,50694.0,50694.0,50685.0,50693.0,50689.0,50692.0,50694.0,50684.0
8992,50690.3,50693.0,50685.0,50694.0,50694.0,50685.0,50693.0,50689.0,50692.0,50694.0,50684.0
8993,50690.3,50693.0,50685.0,50694.0,50694.0,50685.0,50693.0,50689.0,50692.0,50694.0,50684.0
8994,50690.3,50693.0,50685.0,50694.0,50694.0,50685.0,50693.0,50689.0,50692.0,50694.0,50684.0
8995,50690.3,50693.0,50685.0,50694.0,50694.0,50685.0,50693.0,50689.0,50692.0,50694.0,50684.0
8996,50690.3,50693.0,50685.0,50694.0,50694.0,50685.0,50693.0,50689.0,50692.0,50694.0,50684.0
8997,50690.3,50693.0,50685.0,50694.0,50694.0,50685.0,50693.0,50689.0,50692.0,50694.0,50684.0
8998,50690.3,50693.0,50685.0,50694.0,50694.0,50685.0,50693.0,50689.0,50692.0,50694.0,50684.0
8999,50690.3,50693.0,50685.0,50694.0,50694.0,50685.0,50693.0,50689.0,50692.0,50694.0,50684.0
9000,50690.3,50693.0,50685.0,50694.0,50694.0,50685.0,50693.0,50689.0,50692.0,50694.0,50684.0
9001,50690.3,50693.0,50685.0,50694.0,50694.0,50685.0,50693.0,50689.0,50692.0,50694.0,50684.0
9002,50690.3,50693.0,50685.0,50694.0,50694.0,50685.0,50693.0,50689.0,50692.0,50694.0,50684.0
9003,50690.3,50693.0,50685.0,50694.0,50694.0,50685.0,50693.0,50689.0,50692.0,50694.0,50684.0
9004,50690.3,50693.0,50685.0,50694.0,50694.0,50685.0,50693.0,50689.0,50692.0,50694.0,50684.0
9005,50690.3,50693.0,50685.0,50694.0,50694.0,50685.0,50693.0,50689.0,50692.0,50694.0,50684.0
9006,50690.3,50693.0,50685.0,50694.0,50694.0,50685.0,50693.0,50689.0,50692.0,50694.0,50684.0
9007,50690.3,50693.0,50685.0,50694.0,50694.0,50685.0,50693.0,50689.0,50692.0,50694.0,50684.0
9008,50690.3,50693.0,50685.0,50694.0,50694.0,50685.0,50693.0,50689.0,50692.0,50694.0,50684.0
9009,50690.3,50693.0,50685.0,50694.0,50694.0,50685.0,50693.0,50689.0,50692.0,50694.0,50684.0
9010,50690.3,50693.0,50685.0,50694.0,50694.0,50685.0,50693.0,50689.0,50692.0,50694.0,50684.0
9011,50690.3,50693.0,50685.0,50694.0,50694.0,50685.0,50693.0,50689.0,50692.0,50694.0,50684.0
9012,50690.3,50693.0,50685.0,50694.0,50694.0,50685.0,50693.0,50689.0,50692.0,50694.0,50684.0
9013,50690.3,50693.0,50685.0,50694.0,50694.0,50685.0,50693.0,50689.0,50692.0,50694.0,50684.0
9014,50690.3,50693.0,50685.0,50694.0,50694.0,50685.0,50693.0,50689.0,50692.0,50694.0,50684.0
9015,50690.3,50693.0,50685.0,50694.0,50694.0,50685.0,50693.0,50689.0,50692.0,50694.0,50684.0
9016,50690.3,50693.0,50685.0,50694.0,50694.0,50685.0,50693.0,50689.0,50692.0,50694.0,50684.0
9017,50690.3,50693.0,50685.0,50694.0,50694.0,50685.0,50693.0,50689.0,50692.0,50694.0,50684.0
9018,50690.3,50693.0,50685.0,50694.0,50694.0,50685.0,50693.0,50689.0,50692.0,50694.0,50684.0
9019,50690.3,50693.0,50685.0,50694.0,50694.0,50685.0,50693.0,50689.0,50692.0,50694.0,50684.0
9020,50690.3,50693.0,50685.0,50694.0,50694.0,50685.0,50693.0,50689.0,50692.0,50694.0,50684.0
9021,50690.3,50693.0,50685.0,50694.0,50694.0,50685.0,50693.0,50689.0,50692.0,50694.0,50684.0
9022,50690.3,50693.0,50685.0,50694.0,50694.0,50685.0,50693.0,50689.0,50692.0,50694.0,50684.0
9023,50690.3,50693.0,50685.0,50694.0,50694.0,50685.0,50693.0,50689.0,50692.0,50694.0,50684.0
9024,50690.3,50693.0,50685.0,50694.0,50694.0,50685.0,50693.0,50689.0,50692.0,50694.0,50684.0
9025,50690.3,50693.0,50685.0,50694.0,50694.0,50685.0,50693.0,50689.0,50692.0,50694.0,50684.0
9026,50690.3,50693.0,50685.0,50694.0,50694.0,50685.0,50693.0,50689.0,50692.0,50694.0,50684.0
9027,50690.3,50693.0,50685.0,50694.0,50694.0,50685.0,50693.0,50689.0,50692.0,50694.0,50684.0
9028,50690.3,50693.0,50685.0,50694.0,50694.0,50685.0,50693.0,50689.0,50692.0,50694.0,50684.0
9029,50690.3,50693.0,50685.0,50694.0,50694.0,50685.0,50693.0,50689.0,50692.0,50694.0,50684.0
9030,50690.3,50693.0,50685.0,50694.0,50694.0,50685.0,50693.0,50689.0,50692.0,50694.0,50684.0
9031,50690.3,50693.0,50685.0,50694.0,50694.0,50685.0,50693.0,50689.0,50692.0,50694.0,50684.0
9032,50690.3,50693.0,50685.0,50694.0,50694.0,50685.0,50693.0,50689.0,50692.0,50694.0,50684.0
9033,50690.3,50693.0,50685.0,50694.0,50694.0,50685.0,50693.0,50689.0,50692.0,50694.0,50684.0
9034,50690.3,50693.0,50685.0,50694.0,50694.0,50685.0,50693.0,50689.0,50692.0,50694.0,50684.0
9035,50690.3,50693.0,50685.0,50694.0,50694.0,50685.0,50693.0,50689.0,50692.0,50694.0,50684.0
9036,50690.3,50693.0,50685.0,50694.0,50694.0,50685.0,50693.0,50689.0,50692.0,50694.0,50684.0
9037,50690.3,50693.0,50685.0,50694.0,50694.0,50685.0,50693.0,50689.0,50692.0,50694.0,50684.0
9038,50690.3,50693.0,50685.0,50694.0,50694.0,50685.0,50693.0,50689.0,50692.0,50694.0,50684.0
9039,50690.3,50693.0,50685.0,50694.0,50694.0,50685.0,50693.0,50689.0,50692.0,50694.0,50684.0
9040,50690.3,50693.0,50685.0,50694.0,50694.0,50685.0,50693.0,50689.0,50692.0,50694.0,50684.0
9041,50690.3,50693.0,50685.0,50694.0,50694.0,50685.0,50693.0,50689.0,50692.0,50694.0,50684.0
9042,50690.3,50693.0,50685.0,50694.0,50694.0,50685.0,50693.0,50689.0,50692.0,50694.0,50684.0
9043,50690.3,50693.0,50685.0,50694.0,50694.0,50685.0,50693.0,50689.0,50692.0,50694.0,50684.0
9044,50690.3,50693.0,50685.0,50694.0,50694.0,50685.0,50693.0,50689.0,50692.0,50694.0,50684.0
9045,50690.3,50693.0,50685.0,50694.0,50694.0,50685.0,50693.0,50689.0,50692.0,50694.0,50684.0
9046,50690.3,50693.0,50685.0,50694.0,50694.0,50685.0,50693.0,50689.0,50692.0,50694.0,50684.0
9047,50690.3,50693.0,50685.0,50694.0,50694.0,50685.0,50693.0,50689.0,50692.0,50694.0,50684.0
9048,50690.3,50693.0,50685.0,50694.0,50694.0,50685.0,50693.0,50689.0,50692.0,50694.0,50684.0
9049,50690.3,50693.0,50685.0,50694.0,50694.0,50685.0,50693.0,50689.0,50692.0,50694.0,50684.0
9050,50690.3,50693.0,50685.0,50694.0,50694.0,50685.0,50693.0,50689.0,50692.0,50694.0,50684.0
9051,50690.3,50693.0,50685.0,50694.0,50694.0,50685.0,50693.0,50689.0,50692.0,50694.0,50684.0
9052,50690.3,50693.0,50685.0,50694.0,50694.0,50685.0,50693.0,50689.0,50692.0,50694.0,50684.0
9053,50690.3,50693.0,50685.0,50694.0,50694.0,50685.0,50693.0,50689.0,50692.0,50694.0,50684.0
9054,50690.3,50693.0,50685.0,50694.0,50694.0,50685.0,50693.0,50689.0,50692.0,50694.0,50684.0
9055,50690.3,50693.0,50685.0,50694.0,50694.0,50685.0,50693.0,50689.0,50692.0,50694.0,50684.0
9056,50690.3,50693.0,50685.0,50694.0,50694.0,50685.0,50693.0,50689.0,50692.0,50694.0,50684.0
9057,50690.3,50693.0,50685.0,50694.0,50694.0,50685.0,50693.0,50689.0,50692.0,50694.0,50684.0
9058,50690.3,50693.0,50685.0,50694.0,50694.0,50685.0,50693.0,50689.0,50692.0,50694.0,50684.0
9059,50690.3,50693.0,50685.0,50694.0,50694.0,50685.0,50693.0,50689.0,50692.0,50694.0,50684.0
9060,50690.3,50693.0,50685.0,50694.0,50694.0,50685.0,50693.0,50689.0,50692.0,50694.0,50684.0
9061,50690.3,50693.0,50685.0,50694.0,50694.0,50685.0,50693.0,50689.0,50692.0,50694.0,50684.0
9062,50690.3,50693.0,50685.0,50694.0,50694.0,50685.0,50693.0,50689.0,50692.0,50694.0,50684.0
9063,50690.3,50693.0,50685.0,50694.0,50694.0,50685.0,50693.0,50689.0,50692.0,50694.0,50684.0
9064,50690.3,50693.0,50685.0,50694.0,50694.0,50685.0,50693.0,50689.0,50692.0,50694.0,50684.0
9065,50690.3,50693.0,50685.0,50694.0,50694.0,50685.0,50693.0,50689.0,50692.0,50694.0,50684.0
9066,50690.3,50693.0,50685.0,50694.0,50694.0,50685.0,50693.0,50689.0,50692.0,50694.0,50684.0
9067,50690.3,50693.0,50685.0,50694.0,50694.0,50685.0,50693.0,50689.0,50692.0,50694.0,50684.0
9068,50690.3,50693.0,50685.0,50694.0,50694.0,50685.0,50693.0,50689.0,50692.0,50694.0,50684.0
9069,50690.3,50693.0,50685.0,50694.0,50694.0,50685.0,50693.0,50689.0,50692.0,50694.0,50684.0
9070,50690.3,50693.0,50685.0,50694.0,50694.0,50685.0,50693.0,50689.0,50692.0,50694.0,50684.0
9071,50690.3,50693.0,50685.0,50694.0,50694.0,50685.0,50693.0,50689.0,50692.0,50694.0,50684.0
9072,50690.3,50693.0,50685.0,50694.0,50694.0,50685.0,50693.0,50689.0,50692.0,50694.0,50684.0
9073,50690.3,50693.0,50685.0,50694.0,50694.0,50685.0,50693.0,50689.0,50692.0,50694.0,50684.0
9074,50690.3,50693.0,50685.0,50694.0,50694.0,50685.0,50693.0,50689.0,50692.0,50694.0,50684.0
9075,50690.3,50693.0,50685.0,50694.0,50694.0,50685.0,50693.0,50689.0,50692.0,50694.0,50684.0
9076,50690.3,50693.0,50685.0,50694.0,50694.0,50685.0,50693.0,50689.0,50692.0,50694.0,50684.0
9077,50690.3,50693.0,50685.0,50694.0,50694.0,50685.0,50693.0,50689.0,50692.0,50694.0,50684.0
9078,50690.3,50693.0,50685.0,50694.0,50694.0,50685.0,50693.0,50689.0,50692.0,50694.0,50684.0
9079,50690.3,50693.0,50685.0,50694.0,50694.0,50685.0,50693.0,50689.0,50692.0,50694.0,50684.0
9080,50690.3,50693.0,50685.0,50694.0,50694.0,50685.0,50693.0,50689.0,50692.0,50694.0,50684.0
9081,50690.3,50693.0,50685.0,50694.0,50694.0,50685.0,50693.0,50689.0,50692.0,50694.0,50684.0
9082,50690.3,50693.0,50685.0,50694.0,50694.0,50685.0,50693.0,50689.0,50692.0,50694.0,50684.0
9083,50690.3,50693.0,50685.0,50694.0,50694.0,50685.0,50693.0,50689.0,50692.0,50694.0,50684.0
9084,50690.3,50693.0,50685.0,50694.0,50694.0,50685.0,50693.0,50689.0,50692.0,50694.0,50684.0
9085,50690.3,50693.0,50685.0,50694.0,50694.0,50685.0,50693.0,50689.0,50692.0,50694.0,50684.0
9086,50690.3,50693.0,50685.0,50694.0,50694.0,50685.0,50693.0,50689.0,50692.0,50694.0,50684.0
9087,50690.3,50693.0,50685.0,50694.0,50694.0,50685.0,50693.0,50689.0,50692.0,50694.0,50684.0
9088,50690.3,50693.0,50685.0,50694.0,50694.0,50685.0,50693.0,50689.0,50692.0,50694.0,50684.0
9089,50690.3,50693.0,50685.0,50694.0,50694.0,50685.0,50693.0,50689.0,50692.0,50694.0,50684.0
9090,50690.3,50693.0,50685.0,50694.0,50694.0,50685.0,50693.0,50689.0,50692.0,50694.0,50684.0
9091,50690.3,50693.0,50685.0,50694.0,50694.0,50685.0,50693.0,50689.0,50692.0,50694.0,50684.0
9092,50690.3,50693.0,50685.0,50694.0,50694.0,50685.0,50693.0,50689.0,50692.0,50694.0,50684.0
9093,50690.3,50693.0,50685.0,50694.0,50694.0,50685.0,50693.0,50689.0,50692.0,50694.0,50684.0
9094,50690.3,50693.0,50685.0,50694.0,50694.0,50685.0,50693.0,50689.0,50692.0,50694.0,50684.0
9095,50690.3,50693.0,50685.0,50694.0,50694.0,50685.0,50693.0,50689.0,50692.0,50694.0,50684.0
9096,50690.3,50693.0,50685.0,50694.0,50694.0,50685.0,50693.0,50689.0,50692.0,50694.0,50684.0
9097,50690.3,50693.0,50685.0,50694.0,50694.0,50685.0,50693.0,50689.0,50692.0,50694.0,50684.0
9098,50690.3,50693.0,50685.0,50694.0,50694.0,50685.0,50693.0,50689.0,50692.0,50694.0,50684.0
9099,50690.3,50693.0,50685.0,50694.0,50694.0,50685.0,50693.0,50689.0,50692.0,50694.0,50684.0
9100,50690.3,50693.0,50685.0,50694.0,50694.0,50685.0,50693.0,50689.0,50692.0,50694.0,50684.0
9101,50690.3,50693.0,50685.0,50694.0,50694.0,50685.0,50693.0,50689.0,50692.0,50694.0,50684.0
9102,50690.3,50693.0,50685.0,50694.0,50694.0,50685.0,50693.0,50689.0,50692.0,50694.0,50684.0
9103,50690.3,50693.0,50685.0,50694.0,50694.0,50685.0,50693.0,50689.0,50692.0,50694.0,50684.0
9104,50690.3,50693.0,50685.0,50694.0,50694.0,50685.0,50693.0,50689.0,50692.0,50694.0,50684.0
9105,50690.3,50693.0,50685.0,50694.0,50694.0,50685.0,50693.0,50689.0,50692.0,50694.0,50684.0
9106,50690.3,50693.0,50685.0,50694.0,50694.0,50685.0,50693.0,50689.0,50692.0,50694.0,50684.0
9107,50690.3,50693.0,50685.0,50694.0,50694.0,50685.0,50693.0,50689.0,50692.0,50694.0,50684.0
9108,50690.3,50693.0,50685.0,50694.0,50694.0,50685.0,50693.0,50689.0,50692.0,50694.0,50684.0
9109,50690.3,50693.0,50685.0,50694.0,50694.0,50685.0,50693.0,50689.0,50692.0,50694.0,50684.0
9110,50690.3,50693.0,50685.0,50694.0,50694.0,50685.0,50693.0,50689.0,50692.0,50694.0,50684.0
9111,50690.3,50693.0,50685.0,50694.0,50694.0,50685.0,50693.0,50689.0,50692.0,50694.0,50684.0
9112,50690.3,50693.0,50685.0,50694.0,50694.0,50685.0,50693.0,50689.0,50692.0,50694.0,50684.0
9113,50690.3,50693.0,50685.0,50694.0,50694.0,50685.0,50693.0,50689.0,50692.0,50694.0,50684.0
9114,50690.3,50693.0,50685.0,50694.0,50694.0,50685.0,50693.0,50689.0,50692.0,50694.0,50684.0
9115,50690.3,50693.0,50685.0,50694.0,50694.0,50685.0,50693.0,50689.0,50692.0,50694.0,50684.0
9116,50690.3,50693.0,50685.0,50694.0,50694.0,50685.0,50693.0,50689.0,50692.0,50694.0,50684.0
9117,50690.3,50693.0,50685.0,50694.0,50694.0,50685.0,50693.0,50689.0,50692.0,50694.0,50684.0
9118,50690.3,50693.0,50685.0,50694.0,50694.0,50685.0,50693.0,50689.0,50692.0,50694.0,50684.0
9119,50690.3,50693.0,50685.0,50694.0,50694.0,50685.0,50693.0,50689.0,50692.0,50694.0,50684.0
9120,50690.3,50693.0,50685.0,50694.0,50694.0,50685.0,50693.0,50689.0,50692.0,50694.0,50684.0
9121,50690.3,50693.0,50685.0,50694.0,50694.0,50685.0,50693.0,50689.0,50692.0,50694.0,50684.0
9122,50690.3,50693.0,50685.0,50694.0,50694.0,50685.0,50693.0,50689.0,50692.0,50694.0,50684.0
9123,50690.3,50693.0,50685.0,50694.0,50694.0,50685.0,50693.0,50689.0,50692.0,50694.0,50684.0
9124,50690.3,50693.0,50685.0,50694.0,50694.0,50685.0,50693.0,50689.0,50692.0,50694.0,50684.0
9125,50690.3,50693.0,50685.0,50694.0,50694.0,50685.0,50693.0,50689.0,50692.0,50694.0,50684.0
9126,50690.3,50693.0,50685.0,50694.0,50694.0,50685.0,50693.0,50689.0,50692.0,50694.0,50684.0
9127,50690.3,50693.0,50685.0,50694.0,50694.0,50685.0,50693.0,50689.0,50692.0,50694.0,50684.0
9128,50690.3,50693.0,50685.0,50694.0,50694.0,50685.0,50693.0,50689.0,50692.0,50694.0,50684.0
9129,50690.3,50693.0,50685.0,50694.0,50694.0,50685.0,50693.0,50689.0,50692.0,50694.0,50684.0
9130,50690.3,50693.0,50685.0,50694.0,50694.0,50685.0,50693.0,50689.0,50692.0,50694.0,50684.0
9131,50690.3,50693.0,50685.0,50694.0,50694.0,50685.0,50693.0,50689.0,50692.0,50694.0,50684.0
9132,50690.3,50693.0,50685.0,50694.0,50694.0,50685.0,50693.0,50689.0,50692.0,50694.0,50684.0
9133,50690.3,50693.0,50685.0,50694.0,50694.0,50685.0,50693.0,50689.0,50692.0,50694.0,50684.0
9134,50690.3,50693.0,50685.0,50694.0,50694.0,50685.0,50693.0,50689.0,50692.0,50694.0,50684.0
9135,50690.3,50693.0,50685.0,50694.0,50694.0,50685.0,50693.0,50689.0,50692.0,50694.0,50684.0
9136,50690.3,50693.0,50685.0,50694.0,50694.0,50685.0,50693.0,50689.0,50692.0,50694.0,50684.0
9137,50690.3,50693.0,50685.0,50694.0,50694.0,50685.0,50693.0,50689.0,50692.0,50694.0,50684.0
9138,50690.3,50693.0,50685.0,50694.0,50694.0,50685.0,50693.0,50689.0,50692.0,50694.0,50684.0
9139,50690.3,50693.0,50685.0,50694.0,50694.0,50685.0,50693.0,50689.0,50692.0,50694.0,50684.0
9140,50690.3,50693.0,50685.0,50694.0,50694.0,50685.0,50693.0,50689.0,50692.0,50694.0,50684.0
9141,50690.3,50693.0,50685.0,50694.0,50694.0,50685.0,50693.0,50689.0,50692.0,50694.0,50684.0
9142,50690.3,50693.0,50685.0,50694.0,50694.0,50685.0,50693.0,50689.0,50692.0,50694.0,50684.0
9143,50690.3,50693.0,50685.0,50694.0,50694.0,50685.0,50693.0,50689.0,50692.0,50694.0,50684.0
9144,50690.3,50693.0,50685.0,50694.0,50694.0,50685.0,50693.0,50689.0,50692.0,50694.0,50684.0
9145,50690.3,50693.0,50685.0,50694.0,50694.0,50685.0,50693.0,50689.0,50692.0,50694.0,50684.0
9146,50690.3,50693.0,50685.0,50694.0,50694.0,50685.0,50693.0,50689.0,50692.0,50694.0,50684.0
9147,50690.3,50693.0,50685.0,50694.0,50694.0,50685.0,50693.0,50689.0,50692.0,50694.0,50684.0
9148,50690.3,50693.0,50685.0,50694.0,50694.0,50685.0,50693.0,50689.0,50692.0,50694.0,50684.0
9149,50690.3,50693.0,50685.0,50694.0,50694.0,50685.0,50693.0,50689.0,50692.0,50694.0,50684.0
9150,50690.3,50693.0,50685.0,50694.0,50694.0,50685.0,50693.0,50689.0,50692.0,50694.0,50684.0
9151,50690.3,50693.0,50685.0,50694.0,50694.0,50685.0,50693.0,50689.0,50692.0,50694.0,50684.0
9152,50690.3,50693.0,50685.0,50694.0,50694.0,50685.0,50693.0,50689.0,50692.0,50694.0,50684.0
9153,50690.3,50693.0,50685.0,50694.0,50694.0,50685.0,50693.0,50689.0,50692.0,50694.0,50684.0
9154,50690.3,50693.0,50685.0,50694.0,50694.0,50685.0,50693.0,50689.0,50692.0,50694.0,50684.0
9155,50690.3,50693.0,50685.0,50694.0,50694.0,50685.0,50693.0,50689.0,50692.0,50694.0,50684.0
9156,50690.3,50693.0,50685.0,50694.0,50694.0,50685.0,50693.0,50689.0,50692.0,50694.0,50684.0
9157,50690.3,50693.0,50685.0,50694.0,50694.0,50685.0,50693.0,50689.0,50692.0,50694.0,50684.0
9158,50690.3,50693.0,50685.0,50694.0,50694.0,50685.0,50693.0,50689.0,50692.0,50694.0,50684.0
9159,50690.3,50693.0,50685.0,50694.0,50694.0,50685.0,50693.0,50689.0,50692.0,50694.0,50684.0
9160,50690.3,50693.0,50685.0,50694.0,50694.0,50685.0,50693.0,50689.0,50692.0,50694.0,50684.0
9161,50690.3,50693.0,50685.0,50694.0,50694.0,50685.0,50693.0,50689.0,50692.0,50694.0,50684.0
9162,50690.3,50693.0,50685.0,50694.0,50694.0,50685.0,50693.0,50689.0,50692.0,50694.0,50684.0
9163,50690.3,50693.0,50685.0,50694.0,50694.0,50685.0,50693.0,50689.0,50692.0,50694.0,50684.0
9164,50690.3,50693.0,50685.0,50694.0,50694.0,50685.0,50693.0,50689.0,50692.0,50694.0,50684.0
9165,50690.3,50693.0,50685.0,50694.0,50694.0,50685.0,50693.0,50689.0,50692.0,50694.0,50684.0
9166,50690.3,50693.0,50685.0,50694.0,50694.0,50685.0,50693.0,50689.0,50692.0,50694.0,50684.0
9167,50690.3,50693.0,50685.0,50694.0,50694.0,50685.0,50693.0,50689.0,50692.0,50694.0,50684.0
9168,50690.3,50693.0,50685.0,50694.0,50694.0,50685.0,50693.0,50689.0,50692.0,50694.0,50684.0
9169,50690.3,50693.0,50685.0,50694.0,50694.0,50685.0,50693.0,50689.0,50692.0,50694.0,50684.0
9170,50690.3,50693.0,50685.0,50694.0,50694.0,50685.0,50693.0,50689.0,50692.0,50694.0,50684.0
9171,50690.3,50693.0,50685.0,50694.0,50694.0,50685.0,50693.0,50689.0,50692.0,50694.0,50684.0
9172,50690.3,50693.0,50685.0,50694.0,50694.0,50685.0,50693.0,50689.0,50692.0,50694.0,50684.0
9173,50690.3,50693.0,50685.0,50694.0,50694.0,50685.0,50693.0,50689.0,50692.0,50694.0,50684.0
9174,50690.3,50693.0,50685.0,50694.0,50694.0,50685.0,50693.0,50689.0,50692.0,50694.0,50684.0
9175,50690.3,50693.0,50685.0,50694.0,50694.0,50685.0,50693.0,50689.0,50692.0,50694.0,50684.0
9176,50690.3,50693.0,50685.0,50694.0,50694.0,50685.0,50693.0,50689.0,50692.0,50694.0,50684.0
9177,50690.3,50693.0,50685.0,50694.0,50694.0,50685.0,50693.0,50689.0,50692.0,50694.0,50684.0
9178,50690.3,50693.0,50685.0,50694.0,50694.0,50685.0,50693.0,50689.0,50692.0,50694.0,50684.0
9179,50690.3,50693.0,50685.0,50694.0,50694.0,50685.0,50693.0,50689.0,50692.0,50694.0,50684.0
9180,50690.3,50693.0,50685.0,50694.0,50694.0,50685.0,50693.0,50689.0,50692.0,50694.0,50684.0
9181,50690.3,50693.0,50685.0,50694.0,50694.0,50685.0,50693.0,50689.0,50692.0,50694.0,50684.0
9182,50690.3,50693.0,50685.0,50694.0,50694.0,50685.0,50693.0,50689.0,50692.0,50694.0,50684.0
9183,50690.3,50693.0,50685.0,50694.0,50694.0,50685.0,50693.0,50689.0,50692.0,50694.0,50684.0
9184,50690.3,50693.0,50685.0,50694.0,50694.0,50685.0,50693.0,50689.0,50692.0,50694.0,50684.0
9185,50690.3,50693.0,50685.0,50694.0,50694.0,50685.0,50693.0,50689.0,50692.0,50694.0,50684.0
9186,50690.3,50693.0,50685.0,50694.0,50694.0,50685.0,50693.0,50689.0,50692.0,50694.0,50684.0
9187,50690.3,50693.0,50685.0,50694.0,50694.0,50685.0,50693.0,50689.0,50692.0,50694.0,50684.0
9188,50690.3,50693.0,50685.0,50694.0,50694.0,50685.0,50693.0,50689.0,50692.0,50694.0,50684.0
9189,50690.3,50693.0,50685.0,50694.0,50694.0,50685.0,50693.0,50689.0,50692.0,50694.0,50684.0
9190,50690.3,50693.0,50685.0,50694.0,50694.0,50685.0,50693.0,50689.0,50692.0,50694.0,50684.0
9191,50690.3,50693.0,50685.0,50694.0,50694.0,50685.0,50693.0,50689.0,50692.0,50694.0,50684.0
9192,50690.3,50693.0,50685.0,50694.0,50694.0,50685.0,50693.0,50689.0,50692.0,50694.0,50684.0
9193,50690.3,50693.0,50685.0,50694.0,50694.0,50685.0,50693.0,50689.0,50692.0,50694.0,50684.0
9194,50690.3,50693.0,50685.0,50694.0,50694.0,50685.0,50693.0,50689.0,50692.0,50694.0,50684.0
9195,50690.3,50693.0,50685.0,50694.0,50694.0,50685.0,50693.0,50689.0,50692.0,50694.0,50684.0
9196,50690.3,50693.0,50685.0,50694.0,50694.0,50685.0,50693.0,50689.0,50692.0,50694.0,50684.0
9197,50690.3,50693.0,50685.0,50694.0,50694.0,50685.0,50693.0,50689.0,50692.0,50694.0,50684.0
9198,50690.3,50693.0,50685.0,50694.0,50694.0,50685.0,50693.0,50689.0,50692.0,50694.0,50684.0
9199,50690.3,50693.0,50685.0,50694.0,50694.0,50685.0,50693.0,50689.0,50692.0,50694.0,50684.0
9200,50690.3,50693.0,50685.0,50694.0,50694.0,50685.0,50693.0,50689.0,50692.0,50694.0,50684.0
9201,50690.3,50693.0,50685.0,50694.0,50694.0,50685.0,50693.0,50689.0,50692.0,50694.0,50684.0
9202,50690.3,50693.0,50685.0,50694.0,50694.0,50685.0,50693.0,50689.0,50692.0,50694.0,50684.0
9203,50690.3,50693.0,50685.0,50694.0,50694.0,50685.0,50693.0,50689.0,50692.0,50694.0,50684.0
9204,50690.3,50693.0,50685.0,50694.0,50694.0,50685.0,50693.0,50689.0,50692.0,50694.0,50684.0
9205,50690.3,50693.0,50685.0,50694.0,50694.0,50685.0,50693.0,50689.0,50692.0,50694.0,50684.0
9206,50690.3,50693.0,50685.0,50694.0,50694.0,50685.0,50693.0,50689.0,50692.0,50694.0,50684.0
9207,50690.3,50693.0,50685.0,50694.0,50694.0,50685.0,50693.0,50689.0,50692.0,50694.0,50684.0
9208,50690.3,50693.0,50685.0,50694.0,50694.0,50685.0,50693.0,50689.0,50692.0,50694.0,50684.0
9209,50690.3,50693.0,50685.0,50694.0,50694.0,50685.0,50693.0,50689.0,50692.0,50694.0,50684.0
9210,50690.3,50693.0,50685.0,50694.0,50694.0,50685.0,50693.0,50689.0,50692.0,50694.0,50684.0
9211,50690.3,50693.0,50685.0,50694.0,50694.0,50685.0,50693.0,50689.0,50692.0,50694.0,50684.0
9212,50690.3,50693.0,50685.0,50694.0,50694.0,50685.0,50693.0,50689.0,50692.0,50694.0,50684.0
9213,50690.3,50693.0,50685.0,50694.0,50694.0,50685.0,50693.0,50689.0,50692.0,50694.0,50684.0
9214,50690.3,50693.0,50685.0,50694.0,50694.0,50685.0,50693.0,50689.0,50692.0,50694.0,50684.0
9215,50690.3,50693.0,50685.0,50694.0,50694.0,50685.0,50693.0,50689.0,50692.0,50694.0,50684.0
9216,50690.3,50693.0,50685.0,50694.0,50694.0,50685.0,50693.0,50689.0,50692.0,50694.0,50684.0
9217,50690.3,50693.0,50685.0,50694.0,50694.0,50685.0,50693.0,50689.0,50692.0,50694.0,50684.0
9218,50690.3,50693.0,50685.0,50694.0,50694.0,50685.0,50693.0,50689.0,50692.0,50694.0,50684.0
9219,50690.3,50693.0,50685.0,50694.0,50694.0,50685.0,50693.0,50689.0,50692.0,50694.0,50684.0
9220,50690.3,50693.0,50685.0,50694.0,50694.0,50685.0,50693.0,50689.0,50692.0,50694.0,50684.0
9221,50690.3,50693.0,50685.0,50694.0,50694.0,50685.0,50693.0,50689.0,50692.0,50694.0,50684.0
9222,50690.3,50693.0,50685.0,50694.0,50694.0,50685.0,50693.0,50689.0,50692.0,50694.0,50684.0
9223,50690.3,50693.0,50685.0,50694.0,50694.0,50685.0,50693.0,50689.0,50692.0,50694.0,50684.0
9224,50690.3,50693.0,50685.0,50694.0,50694.0,50685.0,50693.0,50689.0,50692.0,50694.0,50684.0
9225,50690.3,50693.0,50685.0,50694.0,50694.0,50685.0,50693.0,50689.0,50692.0,50694.0,50684.0
9226,50690.3,50693.0,50685.0,50694.0,50694.0,50685.0,50693.0,50689.0,50692.0,50694.0,50684.0
9227,50690.3,50693.0,50685.0,50694.0,50694.0,50685.0,50693.0,50689.0,50692.0,50694.0,50684.0
9228,50690.3,50693.0,50685.0,50694.0,50694.0,50685.0,50693.0,50689.0,50692.0,50694.0,50684.0
9229,50690.3,50693.0,50685.0,50694.0,50694.0,50685.0,50693.0,50689.0,50692.0,50694.0,50684.0
9230,50690.3,50693.0,50685.0,50694.0,50694.0,50685.0,50693.0,50689.0,50692.0,50694.0,50684.0
9231,50690.3,50693.0,50685.0,50694.0,50694.0,50685.0,50693.0,50689.0,50692.0,50694.0,50684.0
9232,50690.3,50693.0,50685.0,50694.0,50694.0,50685.0,50693.0,50689.0,50692.0,50694.0,50684.0
9233,50690.3,50693.0,50685.0,50694.0,50694.0,50685.0,50693.0,50689.0,50692.0,50694.0,50684.0
9234,50690.3,50693.0,50685.0,50694.0,50694.0,50685.0,50693.0,50689.0,50692.0,50694.0,50684.0
9235,50690.3,50693.0,50685.0,50694.0,50694.0,50685.0,50693.0,50689.0,50692.0,50694.0,50684.0
9236,50690.3,50693.0,50685.0,50694.0,50694.0,50685.0,50693.0,50689.0,50692.0,50694.0,50684.0
9237,50690.3,50693.0,50685.0,50694.0,50694.0,50685.0,50693.0,50689.0,50692.0,50694.0,50684.0
9238,50690.3,50693.0,50685.0,50694.0,50694.0,50685.0,50693.0,50689.0,50692.0,50694.0,50684.0
9239,50690.3,50693.0,50685.0,50694.0,50694.0,50685.0,50693.0,50689.0,50692.0,50694.0,50684.0
9240,50690.3,50693.0,50685.0,50694.0,50694.0,50685.0,50693.0,50689.0,50692.0,50694.0,50684.0
9241,50690.3,50693.0,50685.0,50694.0,50694.0,50685.0,50693.0,50689.0,50692.0,50694.0,50684.0
9242,50690.3,50693.0,50685.0,50694.0,50694.0,50685.0,50693.0,50689.0,50692.0,50694.0,50684.0
9243,50690.3,50693.0,50685.0,50694.0,50694.0,50685.0,50693.0,50689.0,50692.0,50694.0,50684.0
9244,50690.3,50693.0,50685.0,50694.0,50694.0,50685.0,50693.0,50689.0,50692.0,50694.0,50684.0
9245,50690.3,50693.0,50685.0,50694.0,50694.0,50685.0,50693.0,50689.0,50692.0,50694.0,50684.0
9246,50690.3,50693.0,50685.0,50694.0,50694.0,50685.0,50693.0,50689.0,50692.0,50694.0,50684.0
9247,50690.3,50693.0,50685.0,50694.0,50694.0,50685.0,50693.0,50689.0,50692.0,50694.0,50684.0
9248,50690.3,50693.0,50685.0,50694.0,50694.0,50685.0,50693.0,50689.0,50692.0,50694.0,50684.0
9249,50690.3,50693.0,50685.0,50694.0,50694.0,50685.0,50693.0,50689.0,50692.0,50694.0,50684.0
9250,50690.3,50693.0,50685.0,50694.0,50694.0,50685.0,50693.0,50689.0,50692.0,50694.0,50684.0
9251,50690.3,50693.0,50685.0,50694.0,50694.0,50685.0,50693.0,50689.0,50692.0,50694.0,50684.0
9252,50690.3,50693.0,50685.0,50694.0,50694.0,50685.0,50693.0,50689.0,50692.0,50694.0,50684.0
9253,50690.3,50693.0,50685.0,50694.0,50694.0,50685.0,50693.0,50689.0,50692.0,50694.0,50684.0
9254,50690.3,50693.0,50685.0,50694.0,50694.0,50685.0,50693.0,50689.0,50692.0,50694.0,50684.0
9255,50690.3,50693.0,50685.0,50694.0,50694.0,50685.0,50693.0,50689.0,50692.0,50694.0,50684.0
9256,50690.3,50693.0,50685.0,50694.0,50694.0,50685.0,50693.0,50689.0,50692.0,50694.0,50684.0
9257,50690.3,50693.0,50685.0,50694.0,50694.0,50685.0,50693.0,50689.0,50692.0,50694.0,50684.0
9258,50690.3,50693.0,50685.0,50694.0,50694.0,50685.0,50693.0,50689.0,50692.0,50694.0,50684.0
9259,50690.3,50693.0,50685.0,50694.0,50694.0,50685.0,50693.0,50689.0,50692.0,50694.0,50684.0
9260,50690.3,50693.0,50685.0,50694.0,50694.0,50685.0,50693.0,50689.0,50692.0,50694.0,50684.0
9261,50690.3,50693.0,50685.0,50694.0,50694.0,50685.0,50693.0,50689.0,50692.0,50694.0,50684.0
9262,50690.3,50693.0,50685.0,50694.0,50694.0,50685.0,50693.0,50689.0,50692.0,50694.0,50684.0
9263,50690.3,50693.0,50685.0,50694.0,50694.0,50685.0,50693.0,50689.0,50692.0,50694.0,50684.0
9264,50690.3,50693.0,50685.0,50694.0,50694.0,50685.0,50693.0,50689.0,50692.0,50694.0,50684.0
9265,50690.3,50693.0,50685.0,50694.0,50694.0,50685.0,50693.0,50689.0,50692.0,50694.0,50684.0
9266,50690.3,50693.0,50685.0,50694.0,50694.0,50685.0,50693.0,50689.0,50692.0,50694.0,50684.0
9267,50690.3,50693.0,50685.0,50694.0,50694.0,50685.0,50693.0,50689.0,50692.0,50694.0,50684.0
9268,50690.3,50693.0,50685.0,50694.0,50694.0,50685.0,50693.0,50689.0,50692.0,50694.0,50684.0
9269,50690.3,50693.0,50685.0,50694.0,50694.0,50685.0,50693.0,50689.0,50692.0,50694.0,50684.0
9270,50690.3,50693.0,50685.0,50694.0,50694.0,50685.0,50693.0,50689.0,50692.0,50694.0,50684.0
9271,50690.3,50693.0,50685.0,50694.0,50694.0,50685.0,50693.0,50689.0,50692.0,50694.0,50684.0
9272,50690.3,50693.0,50685.0,50694.0,50694.0,50685.0,50693.0,50689.0,50692.0,50694.0,50684.0
9273,50690.3,50693.0,50685.0,50694.0,50694.0,50685.0,50693.0,50689.0,50692.0,50694.0,50684.0
9274,50690.3,50693.0,50685.0,50694.0,50694.0,50685.0,50693.0,50689.0,50692.0,50694.0,50684.0
9275,50690.3,50693.0,50685.0,50694.0,50694.0,50685.0,50693.0,50689.0,50692.0,50694.0,50684.0
9276,50690.3,50693.0,50685.0,50694.0,50694.0,50685.0,50693.0,50689.0,50692.0,50694.0,50684.0
9277,50690.3,50693.0,50685.0,50694.0,50694.0,50685.0,50693.0,50689.0,50692.0,50694.0,50684.0
9278,50690.3,50693.0,50685.0,50694.0,50694.0,50685.0,50693.0,50689.0,50692.0,50694.0,50684.0
9279,50690.3,50693.0,50685.0,50694.0,50694.0,50685.0,50693.0,50689.0,50692.0,50694.0,50684.0
9280,50690.3,50693.0,50685.0,50694.0,50694.0,50685.0,50693.0,50689.0,50692.0,50694.0,50684.0
9281,50690.3,50693.0,50685.0,50694.0,50694.0,50685.0,50693.0,50689.0,50692.0,50694.0,50684.0
9282,50690.3,50693.0,50685.0,50694.0,50694.0,50685.0,50693.0,50689.0,50692.0,50694.0,50684.0
9283,50690.3,50693.0,50685.0,50694.0,50694.0,50685.0,50693.0,50689.0,50692.0,50694.0,50684.0
9284,50690.3,50693.0,50685.0,50694.0,50694.0,50685.0,50693.0,50689.0,50692.0,50694.0,50684.0
9285,50690.3,50693.0,50685.0,50694.0,50694.0,50685.0,50693.0,50689.0,50692.0,50694.0,50684.0
9286,50690.3,50693.0,50685.0,50694.0,50694.0,50685.0,50693.0,50689.0,50692.0,50694.0,50684.0
9287,50690.3,50693.0,50685.0,50694.0,50694.0,50685.0,50693.0,50689.0,50692.0,50694.0,50684.0
9288,50690.3,50693.0,50685.0,50694.0,50694.0,50685.0,50693.0,50689.0,50692.0,50694.0,50684.0
9289,50690.3,50693.0,50685.0,50694.0,50694.0,50685.0,50693.0,50689.0,50692.0,50694.0,50684.0
9290,50690.3,50693.0,50685.0,50694.0,50694.0,50685.0,50693.0,50689.0,50692.0,50694.0,50684.0
9291,50690.3,50693.0,50685.0,50694.0,50694.0,50685.0,50693.0,50689.0,50692.0,50694.0,50684.0
9292,50690.3,50693.0,50685.0,50694.0,50694.0,50685.0,50693.0,50689.0,50692.0,50694.0,50684.0
9293,50690.3,50693.0,50685.0,50694.0,50694.0,50685.0,50693.0,50689.0,50692.0,50694.0,50684.0
9294,50690.3,50693.0,50685.0,50694.0,50694.0,50685.0,50693.0,50689.0,50692.0,50694.0,50684.0
9295,50690.3,50693.0,50685.0,50694.0,50694.0,50685.0,50693.0,50689.0,50692.0,50694.0,50684.0
9296,50690.3,50693.0,50685.0,50694.0,50694.0,50685.0,50693.0,50689.0,50692.0,50694.0,50684.0
9297,50690.3,50693.0,50685.0,50694.0,50694.0,50685.0,50693.0,50689.0,50692.0,50694.0,50684.0
9298,50690.3,50693.0,50685.0,50694.0,50694.0,50685.0,50693.0,50689.0,50692.0,50694.0,50684.0
9299,50690.3,50693.0,50685.0,50694.0,50694.0,50685.0,50693.0,50689.0,50692.0,50694.0,50684.0
9300,50690.3,50693.0,50685.0,50694.0,50694.0,50685.0,50693.0,50689.0,50692.0,50694.0,50684.0
9301,50690.3,50693.0,50685.0,50694.0,50694.0,50685.0,50693.0,50689.0,50692.0,50694.0,50684.0
9302,50690.3,50693.0,50685.0,50694.0,50694.0,50685.0,50693.0,50689.0,50692.0,50694.0,50684.0
9303,50690.3,50693.0,50685.0,50694.0,50694.0,50685.0,50693.0,50689.0,50692.0,50694.0,50684.0
9304,50690.3,50693.0,50685.0,50694.0,50694.0,50685.0,50693.0,50689.0,50692.0,50694.0,50684.0
9305,50690.3,50693.0,50685.0,50694.0,50694.0,50685.0,50693.0,50689.0,50692.0,50694.0,50684.0
9306,50690.3,50693.0,50685.0,50694.0,50694.0,50685.0,50693.0,50689.0,50692.0,50694.0,50684.0
9307,50690.3,50693.0,50685.0,50694.0,50694.0,50685.0,50693.0,50689.0,50692.0,50694.0,50684.0
9308,50690.3,50693.0,50685.0,50694.0,50694.0,50685.0,50693.0,50689.0,50692.0,50694.0,50684.0
9309,50690.3,50693.0,50685.0,50694.0,50694.0,50685.0,50693.0,50689.0,50692.0,50694.0,50684.0
9310,50690.3,50693.0,50685.0,50694.0,50694.0,50685.0,50693.0,50689.0,50692.0,50694.0,50684.0
9311,50690.3,50693.0,50685.0,50694.0,50694.0,50685.0,50693.0,50689.0,50692.0,50694.0,50684.0
9312,50690.3,50693.0,50685.0,50694.0,50694.0,50685.0,50693.0,50689.0,50692.0,50694.0,50684.0
9313,50690.3,50693.0,50685.0,50694.0,50694.0,50685.0,50693.0,50689.0,50692.0,50694.0,50684.0
9314,50690.3,50693.0,50685.0,50694.0,50694.0,50685.0,50693.0,50689.0,50692.0,50694.0,50684.0
9315,50690.3,50693.0,50685.0,50694.0,50694.0,50685.0,50693.0,50689.0,50692.0,50694.0,50684.0
9316,50690.3,50693.0,50685.0,50694.0,50694.0,50685.0,50693.0,50689.0,50692.0,50694.0,50684.0
9317,50690.3,50693.0,50685.0,50694.0,50694.0,50685.0,50693.0,50689.0,50692.0,50694.0,50684.0
9318,50690.3,50693.0,50685.0,50694.0,50694.0,50685.0,50693.0,50689.0,50692.0,50694.0,50684.0
9319,50690.3,50693.0,50685.0,50694.0,50694.0,50685.0,50693.0,50689.0,50692.0,50694.0,50684.0
9320,50690.3,50693.0,50685.0,50694.0,50694.0,50685.0,50693.0,50689.0,50692.0,50694.0,50684.0
9321,50690.3,50693.0,50685.0,50694.0,50694.0,50685.0,50693.0,50689.0,50692.0,50694.0,50684.0
9322,50690.3,50693.0,50685.0,50694.0,50694.0,50685.0,50693.0,50689.0,50692.0,50694.0,50684.0
9323,50690.3,50693.0,50685.0,50694.0,50694.0,50685.0,50693.0,50689.0,50692.0,50694.0,50684.0
9324,50690.3,50693.0,50685.0,50694.0,50694.0,50685.0,50693.0,50689.0,50692.0,50694.0,50684.0
9325,50690.3,50693.0,50685.0,50694.0,50694.0,50685.0,50693.0,50689.0,50692.0,50694.0,50684.0
9326,50690.3,50693.0,50685.0,50694.0,50694.0,50685.0,50693.0,50689.0,50692.0,50694.0,50684.0
9327,50690.3,50693.0,50685.0,50694.0,50694.0,50685.0,50693.0,50689.0,50692.0,50694.0,50684.0
9328,50690.3,50693.0,50685.0,50694.0,50694.0,50685.0,50693.0,50689.0,50692.0,50694.0,50684.0
9329,50690.3,50693.0,50685.0,50694.0,50694.0,50685.0,50693.0,50689.0,50692.0,50694.0,50684.0
9330,50690.3,50693.0,50685.0,50694.0,50694.0,50685.0,50693.0,50689.0,50692.0,50694.0,50684.0
9331,50690.3,50693.0,50685.0,50694.0,50694.0,50685.0,50693.0,50689.0,50692.0,50694.0,50684.0
9332,50690.3,50693.0,50685.0,50694.0,50694.0,50685.0,50693.0,50689.0,50692.0,50694.0,50684.0
9333,50690.3,50693.0,50685.0,50694.0,50694.0,50685.0,50693.0,50689.0,50692.0,50694.0,50684.0
9334,50690.3,50693.0,50685.0,50694.0,50694.0,50685.0,50693.0,50689.0,50692.0,50694.0,50684.0
9335,50690.3,50693.0,50685.0,50694.0,50694.0,50685.0,50693.0,50689.0,50692.0,50694.0,50684.0
9336,50690.3,50693.0,50685.0,50694.0,50694.0,50685.0,50693.0,50689.0,50692.0,50694.0,50684.0
9337,50690.3,50693.0,50685.0,50694.0,50694.0,50685.0,50693.0,50689.0,50692.0,50694.0,50684.0
9338,50690.3,50693.0,50685.0,50694.0,50694.0,50685.0,50693.0,50689.0,50692.0,50694.0,50684.0
9339,50690.3,50693.0,50685.0,50694.0,50694.0,50685.0,50693.0,50689.0,50692.0,50694.0,50684.0
9340,50690.3,50693.0,50685.0,50694.0,50694.0,50685.0,50693.0,50689.0,50692.0,50694.0,50684.0
9341,50690.3,50693.0,50685.0,50694.0,50694.0,50685.0,50693.0,50689.0,50692.0,50694.0,50684.0
9342,50690.3,50693.0,50685.0,50694.0,50694.0,50685.0,50693.0,50689.0,50692.0,50694.0,50684.0
9343,50690.3,50693.0,50685.0,50694.0,50694.0,50685.0,50693.0,50689.0,50692.0,50694.0,50684.0
9344,50690.3,50693.0,50685.0,50694.0,50694.0,50685.0,50693.0,50689.0,50692.0,50694.0,50684.0
9345,50690.3,50693.0,50685.0,50694.0,50694.0,50685.0,50693.0,50689.0,50692.0,50694.0,50684.0
9346,50690.3,50693.0,50685.0,50694.0,50694.0,50685.0,50693.0,50689.0,50692.0,50694.0,50684.0
9347,50690.3,50693.0,50685.0,50694.0,50694.0,50685.0,50693.0,50689.0,50692.0,50694.0,50684.0
9348,50690.3,50693.0,50685.0,50694.0,50694.0,50685.0,50693.0,50689.0,50692.0,50694.0,50684.0
9349,50690.3,50693.0,50685.0,50694.0,50694.0,50685.0,50693.0,50689.0,50692.0,50694.0,50684.0
9350,50690.3,50693.0,50685.0,50694.0,50694.0,50685.0,50693.0,50689.0,50692.0,50694.0,50684.0
9351,50690.3,50693.0,50685.0,50694.0,50694.0,50685.0,50693.0,50689.0,50692.0,50694.0,50684.0
9352,50690.3,50693.0,50685.0,50694.0,50694.0,50685.0,50693.0,50689.0,50692.0,50694.0,50684.0
9353,50690.3,50693.0,50685.0,50694.0,50694.0,50685.0,50693.0,50689.0,50692.0,50694.0,50684.0
9354,50690.3,50693.0,50685.0,50694.0,50694.0,50685.0,50693.0,50689.0,50692.0,50694.0,50684.0
9355,50690.3,50693.0,50685.0,50694.0,50694.0,50685.0,50693.0,50689.0,50692.0,50694.0,50684.0
9356,50690.3,50693.0,50685.0,50694.0,50694.0,50685.0,50693.0,50689.0,50692.0,50694.0,50684.0
9357,50690.3,50693.0,50685.0,50694.0,50694.0,50685.0,50693.0,50689.0,50692.0,50694.0,50684.0
9358,50690.3,50693.0,50685.0,50694.0,50694.0,50685.0,50693.0,50689.0,50692.0,50694.0,50684.0
9359,50690.3,50693.0,50685.0,50694.0,50694.0,50685.0,50693.0,50689.0,50692.0,50694.0,50684.0
9360,50690.3,50693.0,50685.0,50694.0,50694.0,50685.0,50693.0,50689.0,50692.0,50694.0,50684.0
9361,50690.3,50693.0,50685.0,50694.0,50694.0,50685.0,50693.0,50689.0,50692.0,50694.0,50684.0
9362,50690.3,50693.0,50685.0,50694.0,50694.0,50685.0,50693.0,50689.0,50692.0,50694.0,50684.0
9363,50690.3,50693.0,50685.0,50694.0,50694.0,50685.0,50693.0,50689.0,50692.0,50694.0,50684.0
9364,50690.3,50693.0,50685.0,50694.0,50694.0,50685.0,50693.0,50689.0,50692.0,50694.0,50684.0
9365,50690.3,50693.0,50685.0,50694.0,50694.0,50685.0,50693.0,50689.0,50692.0,50694.0,50684.0
9366,50690.3,50693.0,50685.0,50694.0,50694.0,50685.0,50693.0,50689.0,50692.0,50694.0,50684.0
9367,50690.3,50693.0,50685.0,50694.0,50694.0,50685.0,50693.0,50689.0,50692.0,50694.0,50684.0
9368,50690.3,50693.0,50685.0,50694.0,50694.0,50685.0,50693.0,50689.0,50692.0,50694.0,50684.0
9369,50690.3,50693.0,50685.0,50694.0,50694.0,50685.0,50693.0,50689.0,50692.0,50694.0,50684.0
9370,50690.3,50693.0,50685.0,50694.0,50694.0,50685.0,50693.0,50689.0,50692.0,50694.0,50684.0
9371,50690.3,50693.0,50685.0,50694.0,50694.0,50685.0,50693.0,50689.0,50692.0,50694.0,50684.0
9372,50690.3,50693.0,50685.0,50694.0,50694.0,50685.0,50693.0,50689.0,50692.0,50694.0,50684.0
9373,50690.3,50693.0,50685.0,50694.0,50694.0,50685.0,50693.0,50689.0,50692.0,50694.0,50684.0
9374,50690.3,50693.0,50685.0,50694.0,50694.0,50685.0,50693.0,50689.0,50692.0,50694.0,50684.0
9375,50690.3,50693.0,50685.0,50694.0,50694.0,50685.0,50693.0,50689.0,50692.0,50694.0,50684.0
9376,50690.3,50693.0,50685.0,50694.0,50694.0,50685.0,50693.0,50689.0,50692.0,50694.0,50684.0
9377,50690.3,50693.0,50685.0,50694.0,50694.0,50685.0,50693.0,50689.0,50692.0,50694.0,50684.0
9378,50690.3,50693.0,50685.0,50694.0,50694.0,50685.0,50693.0,50689.0,50692.0,50694.0,50684.0
9379,50690.3,50693.0,50685.0,50694.0,50694.0,50685.0,50693.0,50689.0,50692.0,50694.0,50684.0
9380,50690.3,50693.0,50685.0,50694.0,50694.0,50685.0,50693.0,50689.0,50692.0,50694.0,50684.0
9381,50690.3,50693.0,50685.0,50694.0,50694.0,50685.0,50693.0,50689.0,50692.0,50694.0,50684.0
9382,50690.3,50693.0,50685.0,50694.0,50694.0,50685.0,50693.0,50689.0,50692.0,50694.0,50684.0
9383,50690.3,50693.0,50685.0,50694.0,50694.0,50685.0,50693.0,50689.0,50692.0,50694.0,50684.0
9384,50690.3,50693.0,50685.0,50694.0,50694.0,50685.0,50693.0,50689.0,50692.0,50694.0,50684.0
9385,50690.3,50693.0,50685.0,50694.0,50694.0,50685.0,50693.0,50689.0,50692.0,50694.0,50684.0
9386,50690.3,50693.0,50685.0,50694.0,50694.0,50685.0,50693.0,50689.0,50692.0,50694.0,50684.0
9387,50690.3,50693.0,50685.0,50694.0,50694.0,50685.0,50693.0,50689.0,50692.0,50694.0,50684.0
9388,50690.3,50693.0,50685.0,50694.0,50694.0,50685.0,50693.0,50689.0,50692.0,50694.0,50684.0
9389,50690.3,50693.0,50685.0,50694.0,50694.0,50685.0,50693.0,50689.0,50692.0,50694.0,50684.0
9390,50690.3,50693.0,50685.0,50694.0,50694.0,50685.0,50693.0,50689.0,50692.0,50694.0,50684.0
9391,50690.3,50693.0,50685.0,50694.0,50694.0,50685.0,50693.0,50689.0,50692.0,50694.0,50684.0
9392,50690.3,50693.0,50685.0,50694.0,50694.0,50685.0,50693.0,50689.0,50692.0,50694.0,50684.0
9393,50690.3,50693.0,50685.0,50694.0,50694.0,50685.0,50693.0,50689.0,50692.0,50694.0,50684.0
9394,50690.3,50693.0,50685.0,50694.0,50694.0,50685.0,50693.0,50689.0,50692.0,50694.0,50684.0
9395,50690.3,50693.0,50685.0,50694.0,50694.0,50685.0,50693.0,50689.0,50692.0,50694.0,50684.0
9396,50690.3,50693.0,50685.0,50694.0,50694.0,50685.0,50693.0,50689.0,50692.0,50694.0,50684.0
9397,50690.3,50693.0,50685.0,50694.0,50694.0,50685.0,50693.0,50689.0,50692.0,50694.0,50684.0
9398,50690.3,50693.0,50685.0,50694.0,50694.0,50685.0,50693.0,50689.0,50692.0,50694.0,50684.0
9399,50690.3,50693.0,50685.0,50694.0,50694.0,50685.0,50693.0,50689.0,50692.0,50694.0,50684.0
9400,50690.3,50693.0,50685.0,50694.0,50694.0,50685.0,50693.0,50689.0,50692.0,50694.0,50684.0
9401,50690.3,50693.0,50685.0,50694.0,50694.0,50685.0,50693.0,50689.0,50692.0,50694.0,50684.0
9402,50690.3,50693.0,50685.0,50694.0,50694.0,50685.0,50693.0,50689.0,50692.0,50694.0,50684.0
9403,50690.3,50693.0,50685.0,50694.0,50694.0,50685.0,50693.0,50689.0,50692.0,50694.0,50684.0
9404,50690.3,50693.0,50685.0,50694.0,50694.0,50685.0,50693.0,50689.0,50692.0,50694.0,50684.0
9405,50690.3,50693.0,50685.0,50694.0,50694.0,50685.0,50693.0,50689.0,50692.0,50694.0,50684.0
9406,50690.3,50693.0,50685.0,50694.0,50694.0,50685.0,50693.0,50689.0,50692.0,50694.0,50684.0
9407,50690.3,50693.0,50685.0,50694.0,50694.0,50685.0,50693.0,50689.0,50692.0,50694.0,50684.0
9408,50690.3,50693.0,50685.0,50694.0,50694.0,50685.0,50693.0,50689.0,50692.0,50694.0,50684.0
9409,50690.3,50693.0,50685.0,50694.0,50694.0,50685.0,50693.0,50689.0,50692.0,50694.0,50684.0
9410,50690.3,50693.0,50685.0,50694.0,50694.0,50685.0,50693.0,50689.0,50692.0,50694.0,50684.0
9411,50690.3,50693.0,50685.0,50694.0,50694.0,50685.0,50693.0,50689.0,50692.0,50694.0,50684.0
9412,50690.3,50693.0,50685.0,50694.0,50694.0,50685.0,50693.0,50689.0,50692.0,50694.0,50684.0
9413,50690.3,50693.0,50685.0,50694.0,50694.0,50685.0,50693.0,50689.0,50692.0,50694.0,50684.0
9414,50690.3,50693.0,50685.0,50694.0,50694.0,50685.0,50693.0,50689.0,50692.0,50694.0,50684.0
9415,50690.3,50693.0,50685.0,50694.0,50694.0,50685.0,50693.0,50689.0,50692.0,50694.0,50684.0
9416,50690.3,50693.0,50685.0,50694.0,50694.0,50685.0,50693.0,50689.0,50692.0,50694.0,50684.0
9417,50690.3,50693.0,50685.0,50694.0,50694.0,50685.0,50693.0,50689.0,50692.0,50694.0,50684.0
9418,50690.3,50693.0,50685.0,50694.0,50694.0,50685.0,50693.0,50689.0,50692.0,50694.0,50684.0
9419,50690.3,50693.0,50685.0,50694.0,50694.0,50685.0,50693.0,50689.0,50692.0,50694.0,50684.0
9420,50690.3,50693.0,50685.0,50694.0,50694.0,50685.0,50693.0,50689.0,50692.0,50694.0,50684.0
9421,50690.3,50693.0,50685.0,50694.0,50694.0,50685.0,50693.0,50689.0,50692.0,50694.0,50684.0
9422,50690.3,50693.0,50685.0,50694.0,50694.0,50685.0,50693.0,50689.0,50692.0,50694.0,50684.0
9423,50690.3,50693.0,50685.0,50694.0,50694.0,50685.0,50693.0,50689.0,50692.0,50694.0,50684.0
9424,50690.3,50693.0,50685.0,50694.0,50694.0,50685.0,50693.0,50689.0,50692.0,50694.0,50684.0
9425,50690.3,50693.0,50685.0,50694.0,50694.0,50685.0,50693.0,50689.0,50692.0,50694.0,50684.0
9426,50690.3,50693.0,50685.0,50694.0,50694.0,50685.0,50693.0,50689.0,50692.0,50694.0,50684.0
9427,50690.3,50693.0,50685.0,50694.0,50694.0,50685.0,50693.0,50689.0,50692.0,50694.0,50684.0
9428,50690.3,50693.0,50685.0,50694.0,50694.0,50685.0,50693.0,50689.0,50692.0,50694.0,50684.0
9429,50690.3,50693.0,50685.0,50694.0,50694.0,50685.0,50693.0,50689.0,50692.0,50694.0,50684.0
9430,50690.3,50693.0,50685.0,50694.0,50694.0,50685.0,50693.0,50689.0,50692.0,50694.0,50684.0
9431,50690.3,50693.0,50685.0,50694.0,50694.0,50685.0,50693.0,50689.0,50692.0,50694.0,50684.0
9432,50690.3,50693.0,50685.0,50694.0,50694.0,50685.0,50693.0,50689.0,50692.0,50694.0,50684.0
9433,50690.3,50693.0,50685.0,50694.0,50694.0,50685.0,50693.0,50689.0,50692.0,50694.0,50684.0
9434,50690.3,50693.0,50685.0,50694.0,50694.0,50685.0,50693.0,50689.0,50692.0,50694.0,50684.0
9435,50690.3,50693.0,50685.0,50694.0,50694.0,50685.0,50693.0,50689.0,50692.0,50694.0,50684.0
9436,50690.3,50693.0,50685.0,50694.0,50694.0,50685.0,50693.0,50689.0,50692.0,50694.0,50684.0
9437,50690.3,50693.0,50685.0,50694.0,50694.0,50685.0,50693.0,50689.0,50692.0,50694.0,50684.0
9438,50690.3,50693.0,50685.0,50694.0,50694.0,50685.0,50693.0,50689.0,50692.0,50694.0,50684.0
9439,50690.3,50693.0,50685.0,50694.0,50694.0,50685.0,50693.0,50689.0,50692.0,50694.0,50684.0
9440,50690.3,50693.0,50685.0,50694.0,50694.0,50685.0,50693.0,50689.0,50692.0,50694.0,50684.0
9441,50690.3,50693.0,50685.0,50694.0,50694.0,50685.0,50693.0,50689.0,50692.0,50694.0,50684.0
9442,50690.3,50693.0,50685.0,50694.0,50694.0,50685.0,50693.0,50689.0,50692.0,50694.0,50684.0
9443,50690.3,50693.0,50685.0,50694.0,50694.0,50685.0,50693.0,50689.0,50692.0,50694.0,50684.0
9444,50690.3,50693.0,50685.0,50694.0,50694.0,50685.0,50693.0,50689.0,50692.0,50694.0,50684.0
9445,50690.3,50693.0,50685.0,50694.0,50694.0,50685.0,50693.0,50689.0,50692.0,50694.0,50684.0
9446,50690.3,50693.0,50685.0,50694.0,50694.0,50685.0,50693.0,50689.0,50692.0,50694.0,50684.0
9447,50690.3,50693.0,50685.0,50694.0,50694.0,50685.0,50693.0,50689.0,50692.0,50694.0,50684.0
9448,50690.3,50693.0,50685.0,50694.0,50694.0,50685.0,50693.0,50689.0,50692.0,50694.0,50684.0
9449,50690.3,50693.0,50685.0,50694.0,50694.0,50685.0,50693.0,50689.0,50692.0,50694.0,50684.0
9450,50690.3,50693.0,50685.0,50694.0,50694.0,50685.0,50693.0,50689.0,50692.0,50694.0,50684.0
9451,50690.3,50693.0,50685.0,50694.0,50694.0,50685.0,50693.0,50689.0,50692.0,50694.0,50684.0
9452,50690.3,50693.0,50685.0,50694.0,50694.0,50685.0,50693.0,50689.0,50692.0,50694.0,50684.0
9453,50690.3,50693.0,50685.0,50694.0,50694.0,50685.0,50693.0,50689.0,50692.0,50694.0,50684.0
9454,50690.3,50693.0,50685.0,50694.0,50694.0,50685.0,50693.0,50689.0,50692.0,50694.0,50684.0
9455,50690.3,50693.0,50685.0,50694.0,50694.0,50685.0,50693.0,50689.0,50692.0,50694.0,50684.0
9456,50690.3,50693.0,50685.0,50694.0,50694.0,50685.0,50693.0,50689.0,50692.0,50694.0,50684.0
9457,50690.3,50693.0,50685.0,50694.0,50694.0,50685.0,50693.0,50689.0,50692.0,50694.0,50684.0
9458,50690.3,50693.0,50685.0,50694.0,50694.0,50685.0,50693.0,50689.0,50692.0,50694.0,50684.0
9459,50690.3,50693.0,50685.0,50694.0,50694.0,50685.0,50693.0,50689.0,50692.0,50694.0,50684.0
9460,50690.3,50693.0,50685.0,50694.0,50694.0,50685.0,50693.0,50689.0,50692.0,50694.0,50684.0
9461,50690.3,50693.0,50685.0,50694.0,50694.0,50685.0,50693.0,50689.0,50692.0,50694.0,50684.0
9462,50690.3,50693.0,50685.0,50694.0,50694.0,50685.0,50693.0,50689.0,50692.0,50694.0,50684.0
9463,50690.3,50693.0,50685.0,50694.0,50694.0,50685.0,50693.0,50689.0,50692.0,50694.0,50684.0
9464,50690.3,50693.0,50685.0,50694.0,50694.0,50685.0,50693.0,50689.0,50692.0,50694.0,50684.0
9465,50690.3,50693.0,50685.0,50694.0,50694.0,50685.0,50693.0,50689.0,50692.0,50694.0,50684.0
9466,50690.3,50693.0,50685.0,50694.0,50694.0,50685.0,50693.0,50689.0,50692.0,50694.0,50684.0
9467,50690.3,50693.0,50685.0,50694.0,50694.0,50685.0,50693.0,50689.0,50692.0,50694.0,50684.0
9468,50690.3,50693.0,50685.0,50694.0,50694.0,50685.0,50693.0,50689.0,50692.0,50694.0,50684.0
9469,50690.3,50693.0,50685.0,50694.0,50694.0,50685.0,50693.0,50689.0,50692.0,50694.0,50684.0
9470,50690.3,50693.0,50685.0,50694.0,50694.0,50685.0,50693.0,50689.0,50692.0,50694.0,50684.0
9471,50690.3,50693.0,50685.0,50694.0,50694.0,50685.0,50693.0,50689.0,50692.0,50694.0,50684.0
9472,50690.3,50693.0,50685.0,50694.0,50694.0,50685.0,50693.0,50689.0,50692.0,50694.0,50684.0
9473,50690.3,50693.0,50685.0,50694.0,50694.0,50685.0,50693.0,50689.0,50692.0,50694.0,50684.0
9474,50690.3,50693.0,50685.0,50694.0,50694.0,50685.0,50693.0,50689.0,50692.0,50694.0,50684.0
9475,50690.3,50693.0,50685.0,50694.0,50694.0,50685.0,50693.0,50689.0,50692.0,50694.0,50684.0
9476,50690.3,50693.0,50685.0,50694.0,50694.0,50685.0,50693.0,50689.0,50692.0,50694.0,50684.0
9477,50690.3,50693.0,50685.0,50694.0,50694.0,50685.0,50693.0,50689.0,50692.0,50694.0,50684.0
9478,50690.3,50693.0,50685.0,50694.0,50694.0,50685.0,50693.0,50689.0,50692.0,50694.0,50684.0
9479,50690.3,50693.0,50685.0,50694.0,50694.0,50685.0,50693.0,50689.0,50692.0,50694.0,50684.0
9480,50690.3,50693.0,50685.0,50694.0,50694.0,50685.0,50693.0,50689.0,50692.0,50694.0,50684.0
9481,50690.3,50693.0,50685.0,50694.0,50694.0,50685.0,50693.0,50689.0,50692.0,50694.0,50684.0
9482,50690.3,50693.0,50685.0,50694.0,50694.0,50685.0,50693.0,50689.0,50692.0,50694.0,50684.0
9483,50690.3,50693.0,50685.0,50694.0,50694.0,50685.0,50693.0,50689.0,50692.0,50694.0,50684.0
9484,50690.3,50693.0,50685.0,50694.0,50694.0,50685.0,50693.0,50689.0,50692.0,50694.0,50684.0
9485,50690.3,50693.0,50685.0,50694.0,50694.0,50685.0,50693.0,50689.0,50692.0,50694.0,50684.0
9486,50690.3,50693.0,50685.0,50694.0,50694.0,50685.0,50693.0,50689.0,50692.0,50694.0,50684.0
9487,50690.3,50693.0,50685.0,50694.0,50694.0,50685.0,50693.0,50689.0,50692.0,50694.0,50684.0
9488,50690.3,50693.0,50685.0,50694.0,50694.0,50685.0,50693.0,50689.0,50692.0,50694.0,50684.0
9489,50690.3,50693.0,50685.0,50694.0,50694.0,50685.0,50693.0,50689.0,50692.0,50694.0,50684.0
9490,50690.3,50693.0,50685.0,50694.0,50694.0,50685.0,50693.0,50689.0,50692.0,50694.0,50684.0
9491,50690.3,50693.0,50685.0,50694.0,50694.0,50685.0,50693.0,50689.0,50692.0,50694.0,50684.0
9492,50690.3,50693.0,50685.0,50694.0,50694.0,50685.0,50693.0,50689.0,50692.0,50694.0,50684.0
9493,50690.3,50693.0,50685.0,50694.0,50694.0,50685.0,50693.0,50689.0,50692.0,50694.0,50684.0
9494,50690.3,50693.0,50685.0,50694.0,50694.0,50685.0,50693.0,50689.0,50692.0,50694.0,50684.0
9495,50690.3,50693.0,50685.0,50694.0,50694.0,50685.0,50693.0,50689.0,50692.0,50694.0,50684.0
9496,50690.3,50693.0,50685.0,50694.0,50694.0,50685.0,50693.0,50689.0,50692.0,50694.0,50684.0
9497,50690.3,50693.0,50685.0,50694.0,50694.0,50685.0,50693.0,50689.0,50692.0,50694.0,50684.0
9498,50690.3,50693.0,50685.0,50694.0,50694.0,50685.0,50693.0,50689.0,50692.0,50694.0,50684.0
9499,50690.3,50693.0,50685.0,50694.0,50694.0,50685.0,50693.0,50689.0,50692.0,50694.0,50684.0
9500,50690.3,50693.0,50685.0,50694.0,50694.0,50685.0,50693.0,50689.0,50692.0,50694.0,50684.0
9501,50690.3,50693.0,50685.0,50694.0,50694.0,50685.0,50693.0,50689.0,50692.0,50694.0,50684.0
9502,50690.3,50693.0,50685.0,50694.0,50694.0,50685.0,50693.0,50689.0,50692.0,50694.0,50684.0
9503,50690.3,50693.0,50685.0,50694.0,50694.0,50685.0,50693.0,50689.0,50692.0,50694.0,50684.0
9504,50690.3,50693.0,50685.0,50694.0,50694.0,50685.0,50693.0,50689.0,50692.0,50694.0,50684.0
9505,50690.3,50693.0,50685.0,50694.0,50694.0,50685.0,50693.0,50689.0,50692.0,50694.0,50684.0
9506,50690.3,50693.0,50685.0,50694.0,50694.0,50685.0,50693.0,50689.0,50692.0,50694.0,50684.0
9507,50690.3,50693.0,50685.0,50694.0,50694.0,50685.0,50693.0,50689.0,50692.0,50694.0,50684.0
9508,50690.3,50693.0,50685.0,50694.0,50694.0,50685.0,50693.0,50689.0,50692.0,50694.0,50684.0
9509,50690.3,50693.0,50685.0,50694.0,50694.0,50685.0,50693.0,50689.0,50692.0,50694.0,50684.0
9510,50690.3,50693.0,50685.0,50694.0,50694.0,50685.0,50693.0,50689.0,50692.0,50694.0,50684.0
9511,50690.3,50693.0,50685.0,50694.0,50694.0,50685.0,50693.0,50689.0,50692.0,50694.0,50684.0
9512,50690.3,50693.0,50685.0,50694.0,50694.0,50685.0,50693.0,50689.0,50692.0,50694.0,50684.0
9513,50690.3,50693.0,50685.0,50694.0,50694.0,50685.0,50693.0,50689.0,50692.0,50694.0,50684.0
9514,50690.3,50693.0,50685.0,50694.0,50694.0,50685.0,50693.0,50689.0,50692.0,50694.0,50684.0
9515,50690.3,50693.0,50685.0,50694.0,50694.0,50685.0,50693.0,50689.0,50692.0,50694.0,50684.0
9516,50690.3,50693.0,50685.0,50694.0,50694.0,50685.0,50693.0,50689.0,50692.0,50694.0,50684.0
9517,50690.3,50693.0,50685.0,50694.0,50694.0,50685.0,50693.0,50689.0,50692.0,50694.0,50684.0
9518,50690.3,50693.0,50685.0,50694.0,50694.0,50685.0,50693.0,50689.0,50692.0,50694.0,50684.0
9519,50690.3,50693.0,50685.0,50694.0,50694.0,50685.0,50693.0,50689.0,50692.0,50694.0,50684.0
9520,50690.3,50693.0,50685.0,50694.0,50694.0,50685.0,50693.0,50689.0,50692.0,50694.0,50684.0
9521,50690.3,50693.0,50685.0,50694.0,50694.0,50685.0,50693.0,50689.0,50692.0,50694.0,50684.0
9522,50690.3,50693.0,50685.0,50694.0,50694.0,50685.0,50693.0,50689.0,50692.0,50694.0,50684.0
9523,50690.3,50693.0,50685.0,50694.0,50694.0,50685.0,50693.0,50689.0,50692.0,50694.0,50684.0
9524,50690.3,50693.0,50685.0,50694.0,50694.0,50685.0,50693.0,50689.0,50692.0,50694.0,50684.0
9525,50690.3,50693.0,50685.0,50694.0,50694.0,50685.0,50693.0,50689.0,50692.0,50694.0,50684.0
9526,50690.3,50693.0,50685.0,50694.0,50694.0,50685.0,50693.0,50689.0,50692.0,50694.0,50684.0
9527,50690.3,50693.0,50685.0,50694.0,50694.0,50685.0,50693.0,50689.0,50692.0,50694.0,50684.0
9528,50690.3,50693.0,50685.0,50694.0,50694.0,50685.0,50693.0,50689.0,50692.0,50694.0,50684.0
9529,50690.3,50693.0,50685.0,50694.0,50694.0,50685.0,50693.0,50689.0,50692.0,50694.0,50684.0
9530,50690.3,50693.0,50685.0,50694.0,50694.0,50685.0,50693.0,50689.0,50692.0,50694.0,50684.0
9531,50690.3,50693.0,50685.0,50694.0,50694.0,50685.0,50693.0,50689.0,50692.0,50694.0,50684.0
9532,50690.3,50693.0,50685.0,50694.0,50694.0,50685.0,50693.0,50689.0,50692.0,50694.0,50684.0
9533,50690.3,50693.0,50685.0,50694.0,50694.0,50685.0,50693.0,50689.0,50692.0,50694.0,50684.0
9534,50690.3,50693.0,50685.0,50694.0,50694.0,50685.0,50693.0,50689.0,50692.0,50694.0,50684.0
9535,50690.3,50693.0,50685.0,50694.0,50694.0,50685.0,50693.0,50689.0,50692.0,50694.0,50684.0
9536,50690.3,50693.0,50685.0,50694.0,50694.0,50685.0,50693.0,50689.0,50692.0,50694.0,50684.0
9537,50690.3,50693.0,50685.0,50694.0,50694.0,50685.0,50693.0,50689.0,50692.0,50694.0,50684.0
9538,50690.3,50693.0,50685.0,50694.0,50694.0,50685.0,50693.0,50689.0,50692.0,50694.0,50684.0
9539,50690.3,50693.0,50685.0,50694.0,50694.0,50685.0,50693.0,50689.0,50692.0,50694.0,50684.0
9540,50690.3,50693.0,50685.0,50694.0,50694.0,50685.0,50693.0,50689.0,50692.0,50694.0,50684.0
9541,50690.3,50693.0,50685.0,50694.0,50694.0,50685.0,50693.0,50689.0,50692.0,50694.0,50684.0
9542,50690.3,50693.0,50685.0,50694.0,50694.0,50685.0,50693.0,50689.0,50692.0,50694.0,50684.0
9543,50690.3,50693.0,50685.0,50694.0,50694.0,50685.0,50693.0,50689.0,50692.0,50694.0,50684.0
9544,50690.3,50693.0,50685.0,50694.0,50694.0,50685.0,50693.0,50689.0,50692.0,50694.0,50684.0
9545,50690.3,50693.0,50685.0,50694.0,50694.0,50685.0,50693.0,50689.0,50692.0,50694.0,50684.0
9546,50690.3,50693.0,50685.0,50694.0,50694.0,50685.0,50693.0,50689.0,50692.0,50694.0,50684.0
9547,50690.3,50693.0,50685.0,50694.0,50694.0,50685.0,50693.0,50689.0,50692.0,50694.0,50684.0
9548,50690.3,50693.0,50685.0,50694.0,50694.0,50685.0,50693.0,50689.0,50692.0,50694.0,50684.0
9549,50690.3,50693.0,50685.0,50694.0,50694.0,50685.0,50693.0,50689.0,50692.0,50694.0,50684.0
9550,50690.3,50693.0,50685.0,50694.0,50694.0,50685.0,50693.0,50689.0,50692.0,50694.0,50684.0
9551,50690.3,50693.0,50685.0,50694.0,50694.0,50685.0,50693.0,50689.0,50692.0,50694.0,50684.0
9552,50690.3,50693.0,50685.0,50694.0,50694.0,50685.0,50693.0,50689.0,50692.0,50694.0,50684.0
9553,50690.3,50693.0,50685.0,50694.0,50694.0,50685.0,50693.0,50689.0,50692.0,50694.0,50684.0
9554,50690.3,50693.0,50685.0,50694.0,50694.0,50685.0,50693.0,50689.0,50692.0,50694.0,50684.0
9555,50690.3,50693.0,50685.0,50694.0,50694.0,50685.0,50693.0,50689.0,50692.0,50694.0,50684.0
9556,50690.3,50693.0,50685.0,50694.0,50694.0,50685.0,50693.0,50689.0,50692.0,50694.0,50684.0
9557,50690.3,50693.0,50685.0,50694.0,50694.0,50685.0,50693.0,50689.0,50692.0,50694.0,50684.0
9558,50690.3,50693.0,50685.0,50694.0,50694.0,50685.0,50693.0,50689.0,50692.0,50694.0,50684.0
9559,50690.3,50693.0,50685.0,50694.0,50694.0,50685.0,50693.0,50689.0,50692.0,50694.0,50684.0
9560,50690.3,50693.0,50685.0,50694.0,50694.0,50685.0,50693.0,50689.0,50692.0,50694.0,50684.0
9561,50690.3,50693.0,50685.0,50694.0,50694.0,50685.0,50693.0,50689.0,50692.0,50694.0,50684.0
9562,50690.3,50693.0,50685.0,50694.0,50694.0,50685.0,50693.0,50689.0,50692.0,50694.0,50684.0
9563,50690.3,50693.0,50685.0,50694.0,50694.0,50685.0,50693.0,50689.0,50692.0,50694.0,50684.0
9564,50690.3,50693.0,50685.0,50694.0,50694.0,50685.0,50693.0,50689.0,50692.0,50694.0,50684.0
9565,50690.3,50693.0,50685.0,50694.0,50694.0,50685.0,50693.0,50689.0,50692.0,50694.0,50684.0
9566,50690.3,50693.0,50685.0,50694.0,50694.0,50685.0,50693.0,50689.0,50692.0,50694.0,50684.0
9567,50690.3,50693.0,50685.0,50694.0,50694.0,50685.0,50693.0,50689.0,50692.0,50694.0,50684.0
9568,50690.3,50693.0,50685.0,50694.0,50694.0,50685.0,50693.0,50689.0,50692.0,50694.0,50684.0
9569,50690.3,50693.0,50685.0,50694.0,50694.0,50685.0,50693.0,50689.0,50692.0,50694.0,50684.0
9570,50690.3,50693.0,50685.0,50694.0,50694.0,50685.0,50693.0,50689.0,50692.0,50694.0,50684.0
9571,50690.3,50693.0,50685.0,50694.0,50694.0,50685.0,50693.0,50689.0,50692.0,50694.0,50684.0
9572,50690.3,50693.0,50685.0,50694.0,50694.0,50685.0,50693.0,50689.0,50692.0,50694.0,50684.0
9573,50690.3,50693.0,50685.0,50694.0,50694.0,50685.0,50693.0,50689.0,50692.0,50694.0,50684.0
9574,50690.3,50693.0,50685.0,50694.0,50694.0,50685.0,50693.0,50689.0,50692.0,50694.0,50684.0
9575,50690.3,50693.0,50685.0,50694.0,50694.0,50685.0,50693.0,50689.0,50692.0,50694.0,50684.0
9576,50690.3,50693.0,50685.0,50694.0,50694.0,50685.0,50693.0,50689.0,50692.0,50694.0,50684.0
9577,50690.3,50693.0,50685.0,50694.0,50694.0,50685.0,50693.0,50689.0,50692.0,50694.0,50684.0
9578,50690.3,50693.0,50685.0,50694.0,50694.0,50685.0,50693.0,50689.0,50692.0,50694.0,50684.0
9579,50690.3,50693.0,50685.0,50694.0,50694.0,50685.0,50693.0,50689.0,50692.0,50694.0,50684.0
9580,50690.3,50693.0,50685.0,50694.0,50694.0,50685.0,50693.0,50689.0,50692.0,50694.0,50684.0
9581,50690.3,50693.0,50685.0,50694.0,50694.0,50685.0,50693.0,50689.0,50692.0,50694.0,50684.0
9582,50690.3,50693.0,50685.0,50694.0,50694.0,50685.0,50693.0,50689.0,50692.0,50694.0,50684.0
9583,50690.3,50693.0,50685.0,50694.0,50694.0,50685.0,50693.0,50689.0,50692.0,50694.0,50684.0
9584,50690.3,50693.0,50685.0,50694.0,50694.0,50685.0,50693.0,50689.0,50692.0,50694.0,50684.0
9585,50690.3,50693.0,50685.0,50694.0,50694.0,50685.0,50693.0,50689.0,50692.0,50694.0,50684.0
9586,50690.3,50693.0,50685.0,50694.0,50694.0,50685.0,50693.0,50689.0,50692.0,50694.0,50684.0
9587,50690.3,50693.0,50685.0,50694.0,50694.0,50685.0,50693.0,50689.0,50692.0,50694.0,50684.0
9588,50690.3,50693.0,50685.0,50694.0,50694.0,50685.0,50693.0,50689.0,50692.0,50694.0,50684.0
9589,50690.3,50693.0,50685.0,50694.0,50694.0,50685.0,50693.0,50689.0,50692.0,50694.0,50684.0
9590,50690.3,50693.0,50685.0,50694.0,50694.0,50685.0,50693.0,50689.0,50692.0,50694.0,50684.0
9591,50690.3,50693.0,50685.0,50694.0,50694.0,50685.0,50693.0,50689.0,50692.0,50694.0,50684.0
9592,50690.3,50693.0,50685.0,50694.0,50694.0,50685.0,50693.0,50689.0,50692.0,50694.0,50684.0
9593,50690.3,50693.0,50685.0,50694.0,50694.0,50685.0,50693.0,50689.0,50692.0,50694.0,50684.0
9594,50690.3,50693.0,50685.0,50694.0,50694.0,50685.0,50693.0,50689.0,50692.0,50694.0,50684.0
9595,50690.3,50693.0,50685.0,50694.0,50694.0,50685.0,50693.0,50689.0,50692.0,50694.0,50684.0
9596,50690.3,50693.0,50685.0,50694.0,50694.0,50685.0,50693.0,50689.0,50692.0,50694.0,50684.0
9597,50690.3,50693.0,50685.0,50694.0,50694.0,50685.0,50693.0,50689.0,50692.0,50694.0,50684.0
9598,50690.3,50693.0,50685.0,50694.0,50694.0,50685.0,50693.0,50689.0,50692.0,50694.0,50684.0
9599,50690.3,50693.0,50685.0,50694.0,50694.0,50685.0,50693.0,50689.0,50692.0,50694.0,50684.0
9600,50690.3,50693.0,50685.0,50694.0,50694.0,50685.0,50693.0,50689.0,50692.0,50694.0,50684.0
9601,50690.3,50693.0,50685.0,50694.0,50694.0,50685.0,50693.0,50689.0,50692.0,50694.0,50684.0
9602,50690.3,50693.0,50685.0,50694.0,50694.0,50685.0,50693.0,50689.0,50692.0,50694.0,50684.0
9603,50690.3,50693.0,50685.0,50694.0,50694.0,50685.0,50693.0,50689.0,50692.0,50694.0,50684.0
9604,50690.3,50693.0,50685.0,50694.0,50694.0,50685.0,50693.0,50689.0,50692.0,50694.0,50684.0
9605,50690.3,50693.0,50685.0,50694.0,50694.0,50685.0,50693.0,50689.0,50692.0,50694.0,50684.0
9606,50690.3,50693.0,50685.0,50694.0,50694.0,50685.0,50693.0,50689.0,50692.0,50694.0,50684.0
9607,50690.3,50693.0,50685.0,50694.0,50694.0,50685.0,50693.0,50689.0,50692.0,50694.0,50684.0
9608,50690.3,50693.0,50685.0,50694.0,50694.0,50685.0,50693.0,50689.0,50692.0,50694.0,50684.0
9609,50690.3,50693.0,50685.0,50694.0,50694.0,50685.0,50693.0,50689.0,50692.0,50694.0,50684.0
9610,50690.3,50693.0,50685.0,50694.0,50694.0,50685.0,50693.0,50689.0,50692.0,50694.0,50684.0
9611,50690.3,50693.0,50685.0,50694.0,50694.0,50685.0,50693.0,50689.0,50692.0,50694.0,50684.0
9612,50690.3,50693.0,50685.0,50694.0,50694.0,50685.0,50693.0,50689.0,50692.0,50694.0,50684.0
9613,50690.3,50693.0,50685.0,50694.0,50694.0,50685.0,50693.0,50689.0,50692.0,50694.0,50684.0
9614,50690.3,50693.0,50685.0,50694.0,50694.0,50685.0,50693.0,50689.0,50692.0,50694.0,50684.0
9615,50690.3,50693.0,50685.0,50694.0,50694.0,50685.0,50693.0,50689.0,50692.0,50694.0,50684.0
9616,50690.3,50693.0,50685.0,50694.0,50694.0,50685.0,50693.0,50689.0,50692.0,50694.0,50684.0
9617,50690.3,50693.0,50685.0,50694.0,50694.0,50685.0,50693.0,50689.0,50692.0,50694.0,50684.0
9618,50690.3,50693.0,50685.0,50694.0,50694.0,50685.0,50693.0,50689.0,50692.0,50694.0,50684.0
9619,50690.3,50693.0,50685.0,50694.0,50694.0,50685.0,50693.0,50689.0,50692.0,50694.0,50684.0
9620,50690.3,50693.0,50685.0,50694.0,50694.0,50685.0,50693.0,50689.0,50692.0,50694.0,50684.0
9621,50690.3,50693.0,50685.0,50694.0,50694.0,50685.0,50693.0,50689.0,50692.0,50694.0,50684.0
9622,50690.3,50693.0,50685.0,50694.0,50694.0,50685.0,50693.0,50689.0,50692.0,50694.0,50684.0
9623,50690.3,50693.0,50685.0,50694.0,50694.0,50685.0,50693.0,50689.0,50692.0,50694.0,50684.0
9624,50690.3,50693.0,50685.0,50694.0,50694.0,50685.0,50693.0,50689.0,50692.0,50694.0,50684.0
9625,50690.3,50693.0,50685.0,50694.0,50694.0,50685.0,50693.0,50689.0,50692.0,50694.0,50684.0
9626,50690.3,50693.0,50685.0,50694.0,50694.0,50685.0,50693.0,50689.0,50692.0,50694.0,50684.0
9627,50690.3,50693.0,50685.0,50694.0,50694.0,50685.0,50693.0,50689.0,50692.0,50694.0,50684.0
9628,50690.3,50693.0,50685.0,50694.0,50694.0,50685.0,50693.0,50689.0,50692.0,50694.0,50684.0
9629,50690.3,50693.0,50685.0,50694.0,50694.0,50685.0,50693.0,50689.0,50692.0,50694.0,50684.0
9630,50690.3,50693.0,50685.0,50694.0,50694.0,50685.0,50693.0,50689.0,50692.0,50694.0,50684.0
9631,50690.3,50693.0,50685.0,50694.0,50694.0,50685.0,50693.0,50689.0,50692.0,50694.0,50684.0
9632,50690.3,50693.0,50685.0,50694.0,50694.0,50685.0,50693.0,50689.0,50692.0,50694.0,50684.0
9633,50690.3,50693.0,50685.0,50694.0,50694.0,50685.0,50693.0,50689.0,50692.0,50694.0,50684.0
9634,50690.3,50693.0,50685.0,50694.0,50694.0,50685.0,50693.0,50689.0,50692.0,50694.0,50684.0
9635,50690.3,50693.0,50685.0,50694.0,50694.0,50685.0,50693.0,50689.0,50692.0,50694.0,50684.0
9636,50690.3,50693.0,50685.0,50694.0,50694.0,50685.0,50693.0,50689.0,50692.0,50694.0,50684.0
9637,50690.3,50693.0,50685.0,50694.0,50694.0,50685.0,50693.0,50689.0,50692.0,50694.0,50684.0
9638,50690.3,50693.0,50685.0,50694.0,50694.0,50685.0,50693.0,50689.0,50692.0,50694.0,50684.0
9639,50690.3,50693.0,50685.0,50694.0,50694.0,50685.0,50693.0,50689.0,50692.0,50694.0,50684.0
9640,50690.3,50693.0,50685.0,50694.0,50694.0,50685.0,50693.0,50689.0,50692.0,50694.0,50684.0
9641,50690.3,50693.0,50685.0,50694.0,50694.0,50685.0,50693.0,50689.0,50692.0,50694.0,50684.0
9642,50690.3,50693.0,50685.0,50694.0,50694.0,50685.0,50693.0,50689.0,50692.0,50694.0,50684.0
9643,50690.3,50693.0,50685.0,50694.0,50694.0,50685.0,50693.0,50689.0,50692.0,50694.0,50684.0
9644,50690.3,50693.0,50685.0,50694.0,50694.0,50685.0,50693.0,50689.0,50692.0,50694.0,50684.0
9645,50690.3,50693.0,50685.0,50694.0,50694.0,50685.0,50693.0,50689.0,50692.0,50694.0,50684.0
9646,50690.3,50693.0,50685.0,50694.0,50694.0,50685.0,50693.0,50689.0,50692.0,50694.0,50684.0
9647,50690.3,50693.0,50685.0,50694.0,50694.0,50685.0,50693.0,50689.0,50692.0,50694.0,50684.0
9648,50690.3,50693.0,50685.0,50694.0,50694.0,50685.0,50693.0,50689.0,50692.0,50694.0,50684.0
9649,50690.3,50693.0,50685.0,50694.0,50694.0,50685.0,50693.0,50689.0,50692.0,50694.0,50684.0
9650,50690.3,50693.0,50685.0,50694.0,50694.0,50685.0,50693.0,50689.0,50692.0,50694.0,50684.0
9651,50690.3,50693.0,50685.0,50694.0,50694.0,50685.0,50693.0,50689.0,50692.0,50694.0,50684.0
9652,50690.3,50693.0,50685.0,50694.0,50694.0,50685.0,50693.0,50689.0,50692.0,50694.0,50684.0
9653,50690.3,50693.0,50685.0,50694.0,50694.0,50685.0,50693.0,50689.0,50692.0,50694.0,50684.0
9654,50690.3,50693.0,50685.0,50694.0,50694.0,50685.0,50693.0,50689.0,50692.0,50694.0,50684.0
9655,50690.3,50693.0,50685.0,50694.0,50694.0,50685.0,50693.0,50689.0,50692.0,50694.0,50684.0
9656,50690.3,50693.0,50685.0,50694.0,50694.0,50685.0,50693.0,50689.0,50692.0,50694.0,50684.0
9657,50690.3,50693.0,50685.0,50694.0,50694.0,50685.0,50693.0,50689.0,50692.0,50694.0,50684.0
9658,50690.3,50693.0,50685.0,50694.0,50694.0,50685.0,50693.0,50689.0,50692.0,50694.0,50684.0
9659,50690.3,50693.0,50685.0,50694.0,50694.0,50685.0,50693.0,50689.0,50692.0,50694.0,50684.0
9660,50690.3,50693.0,50685.0,50694.0,50694.0,50685.0,50693.0,50689.0,50692.0,50694.0,50684.0
9661,50690.3,50693.0,50685.0,50694.0,50694.0,50685.0,50693.0,50689.0,50692.0,50694.0,50684.0
9662,50690.3,50693.0,50685.0,50694.0,50694.0,50685.0,50693.0,50689.0,50692.0,50694.0,50684.0
9663,50690.3,50693.0,50685.0,50694.0,50694.0,50685.0,50693.0,50689.0,50692.0,50694.0,50684.0
9664,50690.3,50693.0,50685.0,50694.0,50694.0,50685.0,50693.0,50689.0,50692.0,50694.0,50684.0
9665,50690.3,50693.0,50685.0,50694.0,50694.0,50685.0,50693.0,50689.0,50692.0,50694.0,50684.0
9666,50690.3,50693.0,50685.0,50694.0,50694.0,50685.0,50693.0,50689.0,50692.0,50694.0,50684.0
9667,50690.3,50693.0,50685.0,50694.0,50694.0,50685.0,50693.0,50689.0,50692.0,50694.0,50684.0
9668,50690.3,50693.0,50685.0,50694.0,50694.0,50685.0,50693.0,50689.0,50692.0,50694.0,50684.0
9669,50690.3,50693.0,50685.0,50694.0,50694.0,50685.0,50693.0,50689.0,50692.0,50694.0,50684.0
9670,50690.3,50693.0,50685.0,50694.0,50694.0,50685.0,50693.0,50689.0,50692.0,50694.0,50684.0
9671,50690.3,50693.0,50685.0,50694.0,50694.0,50685.0,50693.0,50689.0,50692.0,50694.0,50684.0
9672,50690.3,50693.0,50685.0,50694.0,50694.0,50685.0,50693.0,50689.0,50692.0,50694.0,50684.0
9673,50690.3,50693.0,50685.0,50694.0,50694.0,50685.0,50693.0,50689.0,50692.0,50694.0,50684.0
9674,50690.3,50693.0,50685.0,50694.0,50694.0,50685.0,50693.0,50689.0,50692.0,50694.0,50684.0
9675,50690.3,50693.0,50685.0,50694.0,50694.0,50685.0,50693.0,50689.0,50692.0,50694.0,50684.0
9676,50690.3,50693.0,50685.0,50694.0,50694.0,50685.0,50693.0,50689.0,50692.0,50694.0,50684.0
9677,50690.3,50693.0,50685.0,50694.0,50694.0,50685.0,50693.0,50689.0,50692.0,50694.0,50684.0
9678,50690.3,50693.0,50685.0,50694.0,50694.0,50685.0,50693.0,50689.0,50692.0,50694.0,50684.0
9679,50690.3,50693.0,50685.0,50694.0,50694.0,50685.0,50693.0,50689.0,50692.0,50694.0,50684.0
9680,50690.3,50693.0,50685.0,50694.0,50694.0,50685.0,50693.0,50689.0,50692.0,50694.0,50684.0
9681,50690.3,50693.0,50685.0,50694.0,50694.0,50685.0,50693.0,50689.0,50692.0,50694.0,50684.0
9682,50690.3,50693.0,50685.0,50694.0,50694.0,50685.0,50693.0,50689.0,50692.0,50694.0,50684.0
9683,50690.3,50693.0,50685.0,50694.0,50694.0,50685.0,50693.0,50689.0,50692.0,50694.0,50684.0
9684,50690.3,50693.0,50685.0,50694.0,50694.0,50685.0,50693.0,50689.0,50692.0,50694.0,50684.0
9685,50690.3,50693.0,50685.0,50694.0,50694.0,50685.0,50693.0,50689.0,50692.0,50694.0,50684.0
9686,50690.3,50693.0,50685.0,50694.0,50694.0,50685.0,50693.0,50689.0,50692.0,50694.0,50684.0
9687,50690.3,50693.0,50685.0,50694.0,50694.0,50685.0,50693.0,50689.0,50692.0,50694.0,50684.0
9688,50690.3,50693.0,50685.0,50694.0,50694.0,50685.0,50693.0,50689.0,50692.0,50694.0,50684.0
9689,50690.3,50693.0,50685.0,50694.0,50694.0,50685.0,50693.0,50689.0,50692.0,50694.0,50684.0
9690,50690.3,50693.0,50685.0,50694.0,50694.0,50685.0,50693.0,50689.0,50692.0,50694.0,50684.0
9691,50690.3,50693.0,50685.0,50694.0,50694.0,50685.0,50693.0,50689.0,50692.0,50694.0,50684.0
9692,50690.3,50693.0,50685.0,50694.0,50694.0,50685.0,50693.0,50689.0,50692.0,50694.0,50684.0
9693,50690.3,50693.0,50685.0,50694.0,50694.0,50685.0,50693.0,50689.0,50692.0,50694.0,50684.0
9694,50690.3,50693.0,50685.0,50694.0,50694.0,50685.0,50693.0,50689.0,50692.0,50694.0,50684.0
9695,50690.3,50693.0,50685.0,50694.0,50694.0,50685.0,50693.0,50689.0,50692.0,50694.0,50684.0
9696,50690.3,50693.0,50685.0,50694.0,50694.0,50685.0,50693.0,50689.0,50692.0,50694.0,50684.0
9697,50690.3,50693.0,50685.0,50694.0,50694.0,50685.0,50693.0,50689.0,50692.0,50694.0,50684.0
9698,50690.3,50693.0,50685.0,50694.0,50694.0,50685.0,50693.0,50689.0,50692.0,50694.0,50684.0
9699,50690.3,50693.0,50685.0,50694.0,50694.0,50685.0,50693.0,50689.0,50692.0,50694.0,50684.0
9700,50690.3,50693.0,50685.0,50694.0,50694.0,50685.0,50693.0,50689.0,50692.0,50694.0,50684.0
9701,50690.3,50693.0,50685.0,50694.0,50694.0,50685.0,50693.0,50689.0,50692.0,50694.0,50684.0
9702,50690.3,50693.0,50685.0,50694.0,50694.0,50685.0,50693.0,50689.0,50692.0,50694.0,50684.0
9703,50690.3,50693.0,50685.0,50694.0,50694.0,50685.0,50693.0,50689.0,50692.0,50694.0,50684.0
9704,50690.3,50693.0,50685.0,50694.0,50694.0,50685.0,50693.0,50689.0,50692.0,50694.0,50684.0
9705,50690.3,50693.0,50685.0,50694.0,50694.0,50685.0,50693.0,50689.0,50692.0,50694.0,50684.0
9706,50690.3,50693.0,50685.0,50694.0,50694.0,50685.0,50693.0,50689.0,50692.0,50694.0,50684.0
9707,50690.3,50693.0,50685.0,50694.0,50694.0,50685.0,50693.0,50689.0,50692.0,50694.0,50684.0
9708,50690.3,50693.0,50685.0,50694.0,50694.0,50685.0,50693.0,50689.0,50692.0,50694.0,50684.0
9709,50690.3,50693.0,50685.0,50694.0,50694.0,50685.0,50693.0,50689.0,50692.0,50694.0,50684.0
9710,50690.3,50693.0,50685.0,50694.0,50694.0,50685.0,50693.0,50689.0,50692.0,50694.0,50684.0
9711,50690.3,50693.0,50685.0,50694.0,50694.0,50685.0,50693.0,50689.0,50692.0,50694.0,50684.0
9712,50690.3,50693.0,50685.0,50694.0,50694.0,50685.0,50693.0,50689.0,50692.0,50694.0,50684.0
9713,50690.3,50693.0,50685.0,50694.0,50694.0,50685.0,50693.0,50689.0,50692.0,50694.0,50684.0
9714,50690.3,50693.0,50685.0,50694.0,50694.0,50685.0,50693.0,50689.0,50692.0,50694.0,50684.0
9715,50690.3,50693.0,50685.0,50694.0,50694.0,50685.0,50693.0,50689.0,50692.0,50694.0,50684.0
9716,50690.3,50693.0,50685.0,50694.0,50694.0,50685.0,50693.0,50689.0,50692.0,50694.0,50684.0
9717,50690.3,50693.0,50685.0,50694.0,50694.0,50685.0,50693.0,50689.0,50692.0,50694.0,50684.0
9718,50690.3,50693.0,50685.0,50694.0,50694.0,50685.0,50693.0,50689.0,50692.0,50694.0,50684.0
9719,50690.3,50693.0,50685.0,50694.0,50694.0,50685.0,50693.0,50689.0,50692.0,50694.0,50684.0
9720,50690.3,50693.0,50685.0,50694.0,50694.0,50685.0,50693.0,50689.0,50692.0,50694.0,50684.0
9721,50690.3,50693.0,50685.0,50694.0,50694.0,50685.0,50693.0,50689.0,50692.0,50694.0,50684.0
9722,50690.3,50693.0,50685.0,50694.0,50694.0,50685.0,50693.0,50689.0,50692.0,50694.0,50684.0
9723,50690.3,50693.0,50685.0,50694.0,50694.0,50685.0,50693.0,50689.0,50692.0,50694.0,50684.0
9724,50690.3,50693.0,50685.0,50694.0,50694.0,50685.0,50693.0,50689.0,50692.0,50694.0,50684.0
9725,50690.3,50693.0,50685.0,50694.0,50694.0,50685.0,50693.0,50689.0,50692.0,50694.0,50684.0
9726,50690.3,50693.0,50685.0,50694.0,50694.0,50685.0,50693.0,50689.0,50692.0,50694.0,50684.0
9727,50690.3,50693.0,50685.0,50694.0,50694.0,50685.0,50693.0,50689.0,50692.0,50694.0,50684.0
9728,50690.3,50693.0,50685.0,50694.0,50694.0,50685.0,50693.0,50689.0,50692.0,50694.0,50684.0
9729,50690.3,50693.0,50685.0,50694.0,50694.0,50685.0,50693.0,50689.0,50692.0,50694.0,50684.0
9730,50690.3,50693.0,50685.0,50694.0,50694.0,50685.0,50693.0,50689.0,50692.0,50694.0,50684.0
9731,50690.3,50693.0,50685.0,50694.0,50694.0,50685.0,50693.0,50689.0,50692.0,50694.0,50684.0
9732,50690.3,50693.0,50685.0,50694.0,50694.0,50685.0,50693.0,50689.0,50692.0,50694.0,50684.0
9733,50690.3,50693.0,50685.0,50694.0,50694.0,50685.0,50693.0,50689.0,50692.0,50694.0,50684.0
9734,50690.3,50693.0,50685.0,50694.0,50694.0,50685.0,50693.0,50689.0,50692.0,50694.0,50684.0
9735,50690.3,50693.0,50685.0,50694.0,50694.0,50685.0,50693.0,50689.0,50692.0,50694.0,50684.0
9736,50690.3,50693.0,50685.0,50694.0,50694.0,50685.0,50693.0,50689.0,50692.0,50694.0,50684.0
9737,50690.3,50693.0,50685.0,50694.0,50694.0,50685.0,50693.0,50689.0,50692.0,50694.0,50684.0
9738,50690.3,50693.0,50685.0,50694.0,50694.0,50685.0,50693.0,50689.0,50692.0,50694.0,50684.0
9739,50690.3,50693.0,50685.0,50694.0,50694.0,50685.0,50693.0,50689.0,50692.0,50694.0,50684.0
9740,50690.3,50693.0,50685.0,50694.0,50694.0,50685.0,50693.0,50689.0,50692.0,50694.0,50684.0
9741,50690.3,50693.0,50685.0,50694.0,50694.0,50685.0,50693.0,50689.0,50692.0,50694.0,50684.0
9742,50690.3,50693.0,50685.0,50694.0,50694.0,50685.0,50693.0,50689.0,50692.0,50694.0,50684.0
9743,50690.3,50693.0,50685.0,50694.0,50694.0,50685.0,50693.0,50689.0,50692.0,50694.0,50684.0
9744,50690.3,50693.0,50685.0,50694.0,50694.0,50685.0,50693.0,50689.0,50692.0,50694.0,50684.0
9745,50690.3,50693.0,50685.0,50694.0,50694.0,50685.0,50693.0,50689.0,50692.0,50694.0,50684.0
9746,50690.3,50693.0,50685.0,50694.0,50694.0,50685.0,50693.0,50689.0,50692.0,50694.0,50684.0
9747,50690.3,50693.0,50685.0,50694.0,50694.0,50685.0,50693.0,50689.0,50692.0,50694.0,50684.0
9748,50690.3,50693.0,50685.0,50694.0,50694.0,50685.0,50693.0,50689.0,50692.0,50694.0,50684.0
9749,50690.3,50693.0,50685.0,50694.0,50694.0,50685.0,50693.0,50689.0,50692.0,50694.0,50684.0
9750,50690.3,50693.0,50685.0,50694.0,50694.0,50685.0,50693.0,50689.0,50692.0,50694.0,50684.0
9751,50690.3,50693.0,50685.0,50694.0,50694.0,50685.0,50693.0,50689.0,50692.0,50694.0,50684.0
9752,50690.3,50693.0,50685.0,50694.0,50694.0,50685.0,50693.0,50689.0,50692.0,50694.0,50684.0
9753,50690.3,50693.0,50685.0,50694.0,50694.0,50685.0,50693.0,50689.0,50692.0,50694.0,50684.0
9754,50690.3,50693.0,50685.0,50694.0,50694.0,50685.0,50693.0,50689.0,50692.0,50694.0,50684.0
9755,50690.3,50693.0,50685.0,50694.0,50694.0,50685.0,50693.0,50689.0,50692.0,50694.0,50684.0
9756,50690.3,50693.0,50685.0,50694.0,50694.0,50685.0,50693.0,50689.0,50692.0,50694.0,50684.0
9757,50690.3,50693.0,50685.0,50694.0,50694.0,50685.0,50693.0,50689.0,50692.0,50694.0,50684.0
9758,50690.3,50693.0,50685.0,50694.0,50694.0,50685.0,50693.0,50689.0,50692.0,50694.0,50684.0
9759,50690.3,50693.0,50685.0,50694.0,50694.0,50685.0,50693.0,50689.0,50692.0,50694.0,50684.0
9760,50690.3,50693.0,50685.0,50694.0,50694.0,50685.0,50693.0,50689.0,50692.0,50694.0,50684.0
9761,50690.3,50693.0,50685.0,50694.0,50694.0,50685.0,50693.0,50689.0,50692.0,50694.0,50684.0
9762,50690.3,50693.0,50685.0,50694.0,50694.0,50685.0,50693.0,50689.0,50692.0,50694.0,50684.0
9763,50690.3,50693.0,50685.0,50694.0,50694.0,50685.0,50693.0,50689.0,50692.0,50694.0,50684.0
9764,50690.3,50693.0,50685.0,50694.0,50694.0,50685.0,50693.0,50689.0,50692.0,50694.0,50684.0
9765,50690.3,50693.0,50685.0,50694.0,50694.0,50685.0,50693.0,50689.0,50692.0,50694.0,50684.0
9766,50690.3,50693.0,50685.0,50694.0,50694.0,50685.0,50693.0,50689.0,50692.0,50694.0,50684.0
9767,50690.3,50693.0,50685.0,50694.0,50694.0,50685.0,50693.0,50689.0,50692.0,50694.0,50684.0
9768,50690.3,50693.0,50685.0,50694.0,50694.0,50685.0,50693.0,50689.0,50692.0,50694.0,50684.0
9769,50690.3,50693.0,50685.0,50694.0,50694.0,50685.0,50693.0,50689.0,50692.0,50694.0,50684.0
9770,50690.3,50693.0,50685.0,50694.0,50694.0,50685.0,50693.0,50689.0,50692.0,50694.0,50684.0
9771,50690.3,50693.0,50685.0,50694.0,50694.0,50685.0,50693.0,50689.0,50692.0,50694.0,50684.0
9772,50690.3,50693.0,50685.0,50694.0,50694.0,50685.0,50693.0,50689.0,50692.0,50694.0,50684.0
9773,50690.3,50693.0,50685.0,50694.0,50694.0,50685.0,50693.0,50689.0,50692.0,50694.0,50684.0
9774,50690.3,50693.0,50685.0,50694.0,50694.0,50685.0,50693.0,50689.0,50692.0,50694.0,50684.0
9775,50690.3,50693.0,50685.0,50694.0,50694.0,50685.0,50693.0,50689.0,50692.0,50694.0,50684.0
9776,50690.3,50693.0,50685.0,50694.0,50694.0,50685.0,50693.0,50689.0,50692.0,50694.0,50684.0
9777,50690.3,50693.0,50685.0,50694.0,50694.0,50685.0,50693.0,50689.0,50692.0,50694.0,50684.0
9778,50690.3,50693.0,50685.0,50694.0,50694.0,50685.0,50693.0,50689.0,50692.0,50694.0,50684.0
9779,50690.3,50693.0,50685.0,50694.0,50694.0,50685.0,50693.0,50689.0,50692.0,50694.0,50684.0
9780,50690.3,50693.0,50685.0,50694.0,50694.0,50685.0,50693.0,50689.0,50692.0,50694.0,50684.0
9781,50690.3,50693.0,50685.0,50694.0,50694.0,50685.0,50693.0,50689.0,50692.0,50694.0,50684.0
9782,50690.3,50693.0,50685.0,50694.0,50694.0,50685.0,50693.0,50689.0,50692.0,50694.0,50684.0
9783,50690.3,50693.0,50685.0,50694.0,50694.0,50685.0,50693.0,50689.0,50692.0,50694.0,50684.0
9784,50690.3,50693.0,50685.0,50694.0,50694.0,50685.0,50693.0,50689.0,50692.0,50694.0,50684.0
9785,50690.3,50693.0,50685.0,50694.0,50694.0,50685.0,50693.0,50689.0,50692.0,50694.0,50684.0
9786,50690.3,50693.0,50685.0,50694.0,50694.0,50685.0,50693.0,50689.0,50692.0,50694.0,50684.0
9787,50690.3,50693.0,50685.0,50694.0,50694.0,50685.0,50693.0,50689.0,50692.0,50694.0,50684.0
9788,50690.3,50693.0,50685.0,50694.0,50694.0,50685.0,50693.0,50689.0,50692.0,50694.0,50684.0
9789,50690.3,50693.0,50685.0,50694.0,50694.0,50685.0,50693.0,50689.0,50692.0,50694.0,50684.0
9790,50690.3,50693.0,50685.0,50694.0,50694.0,50685.0,50693.0,50689.0,50692.0,50694.0,50684.0
9791,50690.3,50693.0,50685.0,50694.0,50694.0,50685.0,50693.0,50689.0,50692.0,50694.0,50684.0
9792,50690.3,50693.0,50685.0,50694.0,50694.0,50685.0,50693.0,50689.0,50692.0,50694.0,50684.0
9793,50690.3,50693.0,50685.0,50694.0,50694.0,50685.0,50693.0,50689.0,50692.0,50694.0,50684.0
9794,50690.3,50693.0,50685.0,50694.0,50694.0,50685.0,50693.0,50689.0,50692.0,50694.0,50684.0
9795,50690.3,50693.0,50685.0,50694.0,50694.0,50685.0,50693.0,50689.0,50692.0,50694.0,50684.0
9796,50690.3,50693.0,50685.0,50694.0,50694.0,50685.0,50693.0,50689.0,50692.0,50694.0,50684.0
9797,50690.3,50693.0,50685.0,50694.0,50694.0,50685.0,50693.0,50689.0,50692.0,50694.0,50684.0
9798,50690.3,50693.0,50685.0,50694.0,50694.0,50685.0,50693.0,50689.0,50692.0,50694.0,50684.0
9799,50690.3,50693.0,50685.0,50694.0,50694.0,50685.0,50693.0,50689.0,50692.0,50694.0,50684.0
9800,50690.3,50693.0,50685.0,50694.0,50694.0,50685.0,50693.0,50689.0,50692.0,50694.0,50684.0
9801,50690.3,50693.0,50685.0,50694.0,50694.0,50685.0,50693.0,50689.0,50692.0,50694.0,50684.0
9802,50690.3,50693.0,50685.0,50694.0,50694.0,50685.0,50693.0,50689.0,50692.0,50694.0,50684.0
9803,50690.3,50693.0,50685.0,50694.0,50694.0,50685.0,50693.0,50689.0,50692.0,50694.0,50684.0
9804,50690.3,50693.0,50685.0,50694.0,50694.0,50685.0,50693.0,50689.0,50692.0,50694.0,50684.0
9805,50690.3,50693.0,50685.0,50694.0,50694.0,50685.0,50693.0,50689.0,50692.0,50694.0,50684.0
9806,50690.3,50693.0,50685.0,50694.0,50694.0,50685.0,50693.0,50689.0,50692.0,50694.0,50684.0
9807,50690.3,50693.0,50685.0,50694.0,50694.0,50685.0,50693.0,50689.0,50692.0,50694.0,50684.0
9808,50690.3,50693.0,50685.0,50694.0,50694.0,50685.0,50693.0,50689.0,50692.0,50694.0,50684.0
9809,50690.3,50693.0,50685.0,50694.0,50694.0,50685.0,50693.0,50689.0,50692.0,50694.0,50684.0
9810,50690.3,50693.0,50685.0,50694.0,50694.0,50685.0,50693.0,50689.0,50692.0,50694.0,50684.0
9811,50690.3,50693.0,50685.0,50694.0,50694.0,50685.0,50693.0,50689.0,50692.0,50694.0,50684.0
9812,50690.3,50693.0,50685.0,50694.0,50694.0,50685.0,50693.0,50689.0,50692.0,50694.0,50684.0
9813,50690.3,50693.0,50685.0,50694.0,50694.0,50685.0,50693.0,50689.0,50692.0,50694.0,50684.0
9814,50690.3,50693.0,50685.0,50694.0,50694.0,50685.0,50693.0,50689.0,50692.0,50694.0,50684.0
9815,50690.3,50693.0,50685.0,50694.0,50694.0,50685.0,50693.0,50689.0,50692.0,50694.0,50684.0
9816,50690.3,50693.0,50685.0,50694.0,50694.0,50685.0,50693.0,50689.0,50692.0,50694.0,50684.0
9817,50690.3,50693.0,50685.0,50694.0,50694.0,50685.0,50693.0,50689.0,50692.0,50694.0,50684.0
9818,50690.3,50693.0,50685.0,50694.0,50694.0,50685.0,50693.0,50689.0,50692.0,50694.0,50684.0
9819,50690.3,50693.0,50685.0,50694.0,50694.0,50685.0,50693.0,50689.0,50692.0,50694.0,50684.0
9820,50690.3,50693.0,50685.0,50694.0,50694.0,50685.0,50693.0,50689.0,50692.0,50694.0,50684.0
9821,50690.3,50693.0,50685.0,50694.0,50694.0,50685.0,50693.0,50689.0,50692.0,50694.0,50684.0
9822,50690.3,50693.0,50685.0,50694.0,50694.0,50685.0,50693.0,50689.0,50692.0,50694.0,50684.0
9823,50690.3,50693.0,50685.0,50694.0,50694.0,50685.0,50693.0,50689.0,50692.0,50694.0,50684.0
9824,50690.3,50693.0,50685.0,50694.0,50694.0,50685.0,50693.0,50689.0,50692.0,50694.0,50684.0
9825,50690.3,50693.0,50685.0,50694.0,50694.0,50685.0,50693.0,50689.0,50692.0,50694.0,50684.0
9826,50690.3,50693.0,50685.0,50694.0,50694.0,50685.0,50693.0,50689.0,50692.0,50694.0,50684.0
9827,50690.3,50693.0,50685.0,50694.0,50694.0,50685.0,50693.0,50689.0,50692.0,50694.0,50684.0
9828,50690.3,50693.0,50685.0,50694.0,50694.0,50685.0,50693.0,50689.0,50692.0,50694.0,50684.0
9829,50690.3,50693.0,50685.0,50694.0,50694.0,50685.0,50693.0,50689.0,50692.0,50694.0,50684.0
9830,50690.3,50693.0,50685.0,50694.0,50694.0,50685.0,50693.0,50689.0,50692.0,50694.0,50684.0
9831,50690.3,50693.0,50685.0,50694.0,50694.0,50685.0,50693.0,50689.0,50692.0,50694.0,50684.0
9832,50690.3,50693.0,50685.0,50694.0,50694.0,50685.0,50693.0,50689.0,50692.0,50694.0,50684.0
9833,50690.3,50693.0,50685.0,50694.0,50694.0,50685.0,50693.0,50689.0,50692.0,50694.0,50684.0
9834,50690.3,50693.0,50685.0,50694.0,50694.0,50685.0,50693.0,50689.0,50692.0,50694.0,50684.0
9835,50690.3,50693.0,50685.0,50694.0,50694.0,50685.0,50693.0,50689.0,50692.0,50694.0,50684.0
9836,50690.3,50693.0,50685.0,50694.0,50694.0,50685.0,50693.0,50689.0,50692.0,50694.0,50684.0
9837,50690.3,50693.0,50685.0,50694.0,50694.0,50685.0,50693.0,50689.0,50692.0,50694.0,50684.0
9838,50690.3,50693.0,50685.0,50694.0,50694.0,50685.0,50693.0,50689.0,50692.0,50694.0,50684.0
9839,50690.3,50693.0,50685.0,50694.0,50694.0,50685.0,50693.0,50689.0,50692.0,50694.0,50684.0
9840,50690.3,50693.0,50685.0,50694.0,50694.0,50685.0,50693.0,50689.0,50692.0,50694.0,50684.0
9841,50690.3,50693.0,50685.0,50694.0,50694.0,50685.0,50693.0,50689.0,50692.0,50694.0,50684.0
9842,50690.3,50693.0,50685.0,50694.0,50694.0,50685.0,50693.0,50689.0,50692.0,50694.0,50684.0
9843,50690.3,50693.0,50685.0,50694.0,50694.0,50685.0,50693.0,50689.0,50692.0,50694.0,50684.0
9844,50690.3,50693.0,50685.0,50694.0,50694.0,50685.0,50693.0,50689.0,50692.0,50694.0,50684.0
9845,50690.3,50693.0,50685.0,50694.0,50694.0,50685.0,50693.0,50689.0,50692.0,50694.0,50684.0
9846,50690.3,50693.0,50685.0,50694.0,50694.0,50685.0,50693.0,50689.0,50692.0,50694.0,50684.0
9847,50690.3,50693.0,50685.0,50694.0,50694.0,50685.0,50693.0,50689.0,50692.0,50694.0,50684.0
9848,50690.3,50693.0,50685.0,50694.0,50694.0,50685.0,50693.0,50689.0,50692.0,50694.0,50684.0
9849,50690.3,50693.0,50685.0,50694.0,50694.0,50685.0,50693.0,50689.0,50692.0,50694.0,50684.0
9850,50690.3,50693.0,50685.0,50694.0,50694.0,50685.0,50693.0,50689.0,50692.0,50694.0,50684.0
9851,50690.3,50693.0,50685.0,50694.0,50694.0,50685.0,50693.0,50689.0,50692.0,50694.0,50684.0
9852,50690.3,50693.0,50685.0,50694.0,50694.0,50685.0,50693.0,50689.0,50692.0,50694.0,50684.0
9853,50690.3,50693.0,50685.0,50694.0,50694.0,50685.0,50693.0,50689.0,50692.0,50694.0,50684.0
9854,50690.3,50693.0,50685.0,50694.0,50694.0,50685.0,50693.0,50689.0,50692.0,50694.0,50684.0
9855,50690.3,50693.0,50685.0,50694.0,50694.0,50685.0,50693.0,50689.0,50692.0,50694.0,50684.0
9856,50690.3,50693.0,50685.0,50694.0,50694.0,50685.0,50693.0,50689.0,50692.0,50694.0,50684.0
9857,50690.3,50693.0,50685.0,50694.0,50694.0,50685.0,50693.0,50689.0,50692.0,50694.0,50684.0
9858,50690.3,50693.0,50685.0,50694.0,50694.0,50685.0,50693.0,50689.0,50692.0,50694.0,50684.0
9859,50690.3,50693.0,50685.0,50694.0,50694.0,50685.0,50693.0,50689.0,50692.0,50694.0,50684.0
9860,50690.3,50693.0,50685.0,50694.0,50694.0,50685.0,50693.0,50689.0,50692.0,50694.0,50684.0
9861,50690.3,50693.0,50685.0,50694.0,50694.0,50685.0,50693.0,50689.0,50692.0,50694.0,50684.0
9862,50690.3,50693.0,50685.0,50694.0,50694.0,50685.0,50693.0,50689.0,50692.0,50694.0,50684.0
9863,50690.3,50693.0,50685.0,50694.0,50694.0,50685.0,50693.0,50689.0,50692.0,50694.0,50684.0
9864,50690.3,50693.0,50685.0,50694.0,50694.0,50685.0,50693.0,50689.0,50692.0,50694.0,50684.0
9865,50690.3,50693.0,50685.0,50694.0,50694.0,50685.0,50693.0,50689.0,50692.0,50694.0,50684.0
9866,50690.3,50693.0,50685.0,50694.0,50694.0,50685.0,50693.0,50689.0,50692.0,50694.0,50684.0
9867,50690.3,50693.0,50685.0,50694.0,50694.0,50685.0,50693.0,50689.0,50692.0,50694.0,50684.0
9868,50690.3,50693.0,50685.0,50694.0,50694.0,50685.0,50693.0,50689.0,50692.0,50694.0,50684.0
9869,50690.3,50693.0,50685.0,50694.0,50694.0,50685.0,50693.0,50689.0,50692.0,50694.0,50684.0
9870,50690.3,50693.0,50685.0,50694.0,50694.0,50685.0,50693.0,50689.0,50692.0,50694.0,50684.0
9871,50690.3,50693.0,50685.0,50694.0,50694.0,50685.0,50693.0,50689.0,50692.0,50694.0,50684.0
9872,50690.3,50693.0,50685.0,50694.0,50694.0,50685.0,50693.0,50689.0,50692.0,50694.0,50684.0
9873,50690.3,50693.0,50685.0,50694.0,50694.0,50685.0,50693.0,50689.0,50692.0,50694.0,50684.0
9874,50690.3,50693.0,50685.0,50694.0,50694.0,50685.0,50693.0,50689.0,50692.0,50694.0,50684.0
9875,50690.3,50693.0,50685.0,50694.0,50694.0,50685.0,50693.0,50689.0,50692.0,50694.0,50684.0
9876,50690.3,50693.0,50685.0,50694.0,50694.0,50685.0,50693.0,50689.0,50692.0,50694.0,50684.0
9877,50690.3,50693.0,50685.0,50694.0,50694.0,50685.0,50693.0,50689.0,50692.0,50694.0,50684.0
9878,50690.3,50693.0,50685.0,50694.0,50694.0,50685.0,50693.0,50689.0,50692.0,50694.0,50684.0
9879,50690.3,50693.0,50685.0,50694.0,50694.0,50685.0,50693.0,50689.0,50692.0,50694.0,50684.0
9880,50690.3,50693.0,50685.0,50694.0,50694.0,50685.0,50693.0,50689.0,50692.0,50694.0,50684.0
9881,50690.3,50693.0,50685.0,50694.0,50694.0,50685.0,50693.0,50689.0,50692.0,50694.0,50684.0
9882,50690.3,50693.0,50685.0,50694.0,50694.0,50685.0,50693.0,50689.0,50692.0,50694.0,50684.0
9883,50690.3,50693.0,50685.0,50694.0,50694.0,50685.0,50693.0,50689.0,50692.0,50694.0,50684.0
9884,50690.3,50693.0,50685.0,50694.0,50694.0,50685.0,50693.0,50689.0,50692.0,50694.0,50684.0
9885,50690.3,50693.0,50685.0,50694.0,50694.0,50685.0,50693.0,50689.0,50692.0,50694.0,50684.0
9886,50690.3,50693.0,50685.0,50694.0,50694.0,50685.0,50693.0,50689.0,50692.0,50694.0,50684.0
9887,50690.3,50693.0,50685.0,50694.0,50694.0,50685.0,50693.0,50689.0,50692.0,50694.0,50684.0
9888,50690.3,50693.0,50685.0,50694.0,50694.0,50685.0,50693.0,50689.0,50692.0,50694.0,50684.0
9889,50690.3,50693.0,50685.0,50694.0,50694.0,50685.0,50693.0,50689.0,50692.0,50694.0,50684.0
9890,50690.3,50693.0,50685.0,50694.0,50694.0,50685.0,50693.0,50689.0,50692.0,50694.0,50684.0
9891,50690.3,50693.0,50685.0,50694.0,50694.0,50685.0,50693.0,50689.0,50692.0,50694.0,50684.0
9892,50690.3,50693.0,50685.0,50694.0,50694.0,50685.0,50693.0,50689.0,50692.0,50694.0,50684.0
9893,50690.3,50693.0,50685.0,50694.0,50694.0,50685.0,50693.0,50689.0,50692.0,50694.0,50684.0
9894,50690.3,50693.0,50685.0,50694.0,50694.0,50685.0,50693.0,50689.0,50692.0,50694.0,50684.0
9895,50690.3,50693.0,50685.0,50694.0,50694.0,50685.0,50693.0,50689.0,50692.0,50694.0,50684.0
9896,50690.3,50693.0,50685.0,50694.0,50694.0,50685.0,50693.0,50689.0,50692.0,50694.0,50684.0
9897,50690.3,50693.0,50685.0,50694.0,50694.0,50685.0,50693.0,50689.0,50692.0,50694.0,50684.0
9898,50690.3,50693.0,50685.0,50694.0,50694.0,50685.0,50693.0,50689.0,50692.0,50694.0,50684.0
9899,50690.3,50693.0,50685.0,50694.0,50694.0,50685.0,50693.0,50689.0,50692.0,50694.0,50684.0
9900,50690.3,50693.0,50685.0,50694.0,50694.0,50685.0,50693.0,50689.0,50692.0,50694.0,50684.0
9901,50690.3,50693.0,50685.0,50694.0,50694.0,50685.0,50693.0,50689.0,50692.0,50694.0,50684.0
9902,50690.3,50693.0,50685.0,50694.0,50694.0,50685.0,50693.0,50689.0,50692.0,50694.0,50684.0
9903,50690.3,50693.0,50685.0,50694.0,50694.0,50685.0,50693.0,50689.0,50692.0,50694.0,50684.0
9904,50690.3,50693.0,50685.0,50694.0,50694.0,50685.0,50693.0,50689.0,50692.0,50694.0,50684.0
9905,50690.3,50693.0,50685.0,50694.0,50694.0,50685.0,50693.0,50689.0,50692.0,50694.0,50684.0
9906,50690.3,50693.0,50685.0,50694.0,50694.0,50685.0,50693.0,50689.0,50692.0,50694.0,50684.0
9907,50690.3,50693.0,50685.0,50694.0,50694.0,50685.0,50693.0,50689.0,50692.0,50694.0,50684.0
9908,50690.3,50693.0,50685.0,50694.0,50694.0,50685.0,50693.0,50689.0,50692.0,50694.0,50684.0
9909,50690.3,50693.0,50685.0,50694.0,50694.0,50685.0,50693.0,50689.0,50692.0,50694.0,50684.0
9910,50690.3,50693.0,50685.0,50694.0,50694.0,50685.0,50693.0,50689.0,50692.0,50694.0,50684.0
9911,50690.3,50693.0,50685.0,50694.0,50694.0,50685.0,50693.0,50689.0,50692.0,50694.0,50684.0
9912,50690.3,50693.0,50685.0,50694.0,50694.0,50685.0,50693.0,50689.0,50692.0,50694.0,50684.0
9913,50690.3,50693.0,50685.0,50694.0,50694.0,50685.0,50693.0,50689.0,50692.0,50694.0,50684.0
9914,50690.3,50693.0,50685.0,50694.0,50694.0,50685.0,50693.0,50689.0,50692.0,50694.0,50684.0
9915,50690.3,50693.0,50685.0,50694.0,50694.0,50685.0,50693.0,50689.0,50692.0,50694.0,50684.0
9916,50690.3,50693.0,50685.0,50694.0,50694.0,50685.0,50693.0,50689.0,50692.0,50694.0,50684.0
9917,50690.3,50693.0,50685.0,50694.0,50694.0,50685.0,50693.0,50689.0,50692.0,50694.0,50684.0
9918,50690.3,50693.0,50685.0,50694.0,50694.0,50685.0,50693.0,50689.0,50692.0,50694.0,50684.0
9919,50690.3,50693.0,50685.0,50694.0,50694.0,50685.0,50693.0,50689.0,50692.0,50694.0,50684.0
9920,50690.3,50693.0,50685.0,50694.0,50694.0,50685.0,50693.0,50689.0,50692.0,50694.0,50684.0
9921,50690.3,50693.0,50685.0,50694.0,50694.0,50685.0,50693.0,50689.0,50692.0,50694.0,50684.0
9922,50690.3,50693.0,50685.0,50694.0,50694.0,50685.0,50693.0,50689.0,50692.0,50694.0,50684.0
9923,50690.3,50693.0,50685.0,50694.0,50694.0,50685.0,50693.0,50689.0,50692.0,50694.0,50684.0
9924,50690.3,50693.0,50685.0,50694.0,50694.0,50685.0,50693.0,50689.0,50692.0,50694.0,50684.0
9925,50690.3,50693.0,50685.0,50694.0,50694.0,50685.0,50693.0,50689.0,50692.0,50694.0,50684.0
9926,50690.3,50693.0,50685.0,50694.0,50694.0,50685.0,50693.0,50689.0,50692.0,50694.0,50684.0
9927,50690.3,50693.0,50685.0,50694.0,50694.0,50685.0,50693.0,50689.0,50692.0,50694.0,50684.0
9928,50690.3,50693.0,50685.0,50694.0,50694.0,50685.0,50693.0,50689.0,50692.0,50694.0,50684.0
9929,50690.3,50693.0,50685.0,50694.0,50694.0,50685.0,50693.0,50689.0,50692.0,50694.0,50684.0
9930,50690.3,50693.0,50685.0,50694.0,50694.0,50685.0,50693.0,50689.0,50692.0,50694.0,50684.0
9931,50690.3,50693.0,50685.0,50694.0,50694.0,50685.0,50693.0,50689.0,50692.0,50694.0,50684.0
9932,50690.3,50693.0,50685.0,50694.0,50694.0,50685.0,50693.0,50689.0,50692.0,50694.0,50684.0
9933,50690.3,50693.0,50685.0,50694.0,50694.0,50685.0,50693.0,50689.0,50692.0,50694.0,50684.0
9934,50690.3,50693.0,50685.0,50694.0,50694.0,50685.0,50693.0,50689.0,50692.0,50694.0,50684.0
9935,50690.3,50693.0,50685.0,50694.0,50694.0,50685.0,50693.0,50689.0,50692.0,50694.0,50684.0
9936,50690.3,50693.0,50685.0,50694.0,50694.0,50685.0,50693.0,50689.0,50692.0,50694.0,50684.0
9937,50690.3,50693.0,50685.0,50694.0,50694.0,50685.0,50693.0,50689.0,50692.0,50694.0,50684.0
9938,50690.3,50693.0,50685.0,50694.0,50694.0,50685.0,50693.0,50689.0,50692.0,50694.0,50684.0
9939,50690.3,50693.0,50685.0,50694.0,50694.0,50685.0,50693.0,50689.0,50692.0,50694.0,50684.0
9940,50690.3,50693.0,50685.0,50694.0,50694.0,50685.0,50693.0,50689.0,50692.0,50694.0,50684.0
9941,50690.3,50693.0,50685.0,50694.0,50694.0,50685.0,50693.0,50689.0,50692.0,50694.0,50684.0
9942,50690.3,50693.0,50685.0,50694.0,50694.0,50685.0,50693.0,50689.0,50692.0,50694.0,50684.0
9943,50690.3,50693.0,50685.0,50694.0,50694.0,50685.0,50693.0,50689.0,50692.0,50694.0,50684.0
9944,50690.3,50693.0,50685.0,50694.0,50694.0,50685.0,50693.0,50689.0,50692.0,50694.0,50684.0
9945,50690.3,50693.0,50685.0,50694.0,50694.0,50685.0,50693.0,50689.0,50692.0,50694.0,50684.0
9946,50690.3,50693.0,50685.0,50694.0,50694.0,50685.0,50693.0,50689.0,50692.0,50694.0,50684.0
9947,50690.3,50693.0,50685.0,50694.0,50694.0,50685.0,50693.0,50689.0,50692.0,50694.0,50684.0
9948,50690.3,50693.0,50685.0,50694.0,50694.0,50685.0,50693.0,50689.0,50692.0,50694.0,50684.0
9949,50690.3,50693.0,50685.0,50694.0,50694.0,50685.0,50693.0,50689.0,50692.0,50694.0,50684.0
9950,50690.3,50693.0,50685.0,50694.0,50694.0,50685.0,50693.0,50689.0,50692.0,50694.0,50684.0
9951,50690.3,50693.0,50685.0,50694.0,50694.0,50685.0,50693.0,50689.0,50692.0,50694.0,50684.0
9952,50690.3,50693.0,50685.0,50694.0,50694.0,50685.0,50693.0,50689.0,50692.0,50694.0,50684.0
9953,50690.3,50693.0,50685.0,50694.0,50694.0,50685.0,50693.0,50689.0,50692.0,50694.0,50684.0
9954,50690.3,50693.0,50685.0,50694.0,50694.0,50685.0,50693.0,50689.0,50692.0,50694.0,50684.0
9955,50690.3,50693.0,50685.0,50694.0,50694.0,50685.0,50693.0,50689.0,50692.0,50694.0,50684.0
9956,50690.3,50693.0,50685.0,50694.0,50694.0,50685.0,50693.0,50689.0,50692.0,50694.0,50684.0
9957,50690.3,50693.0,50685.0,50694.0,50694.0,50685.0,50693.0,50689.0,50692.0,50694.0,50684.0
9958,50690.3,50693.0,50685.0,50694.0,50694.0,50685.0,50693.0,50689.0,50692.0,50694.0,50684.0
9959,50690.3,50693.0,50685.0,50694.0,50694.0,50685.0,50693.0,50689.0,50692.0,50694.0,50684.0
9960,50690.3,50693.0,50685.0,50694.0,50694.0,50685.0,50693.0,50689.0,50692.0,50694.0,50684.0
9961,50690.3,50693.0,50685.0,50694.0,50694.0,50685.0,50693.0,50689.0,50692.0,50694.0,50684.0
9962,50690.3,50693.0,50685.0,50694.0,50694.0,50685.0,50693.0,50689.0,50692.0,50694.0,50684.0
9963,50690.3,50693.0,50685.0,50694.0,50694.0,50685.0,50693.0,50689.0,50692.0,50694.0,50684.0
9964,50690.3,50693.0,50685.0,50694.0,50694.0,50685.0,50693.0,50689.0,50692.0,50694.0,50684.0
9965,50690.3,50693.0,50685.0,50694.0,50694.0,50685.0,50693.0,50689.0,50692.0,50694.0,50684.0
9966,50690.3,50693.0,50685.0,50694.0,50694.0,50685.0,50693.0,50689.0,50692.0,50694.0,50684.0
9967,50690.3,50693.0,50685.0,50694.0,50694.0,50685.0,50693.0,50689.0,50692.0,50694.0,50684.0
9968,50690.3,50693.0,50685.0,50694.0,50694.0,50685.0,50693.0,50689.0,50692.0,50694.0,50684.0
9969,50690.3,50693.0,50685.0,50694.0,50694.0,50685.0,50693.0,50689.0,50692.0,50694.0,50684.0
9970,50690.3,50693.0,50685.0,50694.0,50694.0,50685.0,50693.0,50689.0,50692.0,50694.0,50684.0
9971,50690.3,50693.0,50685.0,50694.0,50694.0,50685.0,50693.0,50689.0,50692.0,50694.0,50684.0
9972,50690.3,50693.0,50685.0,50694.0,50694.0,50685.0,50693.0,50689.0,50692.0,50694.0,50684.0
9973,50690.3,50693.0,50685.0,50694.0,50694.0,50685.0,50693.0,50689.0,50692.0,50694.0,50684.0
9974,50690.3,50693.0,50685.0,50694.0,50694.0,50685.0,50693.0,50689.0,50692.0,50694.0,50684.0
9975,50690.3,50693.0,50685.0,50694.0,50694.0,50685.0,50693.0,50689.0,50692.0,50694.0,50684.0
9976,50690.3,50693.0,50685.0,50694.0,50694.0,50685.0,50693.0,50689.0,50692.0,50694.0,50684.0
9977,50690.3,50693.0,50685.0,50694.0,50694.0,50685.0,50693.0,50689.0,50692.0,50694.0,50684.0
9978,50690.3,50693.0,50685.0,50694.0,50694.0,50685.0,50693.0,50689.0,50692.0,50694.0,50684.0
9979,50690.3,50693.0,50685.0,50694.0,50694.0,50685.0,50693.0,50689.0,50692.0,50694.0,50684.0
9980,50690.3,50693.0,50685.0,50694.0,50694.0,50685.0,50693.0,50689.0,50692.0,50694.0,50684.0
9981,50690.3,50693.0,50685.0,50694.0,50694.0,50685.0,50693.0,50689.0,50692.0,50694.0,50684.0
9982,50690.3,50693.0,50685.0,50694.0,50694.0,50685.0,50693.0,50689.0,50692.0,50694.0,50684.0
9983,50690.3,50693.0,50685.0,50694.0,50694.0,50685.0,50693.0,50689.0,50692.0,50694.0,50684.0
9984,50690.3,50693.0,50685.0,50694.0,50694.0,50685.0,50693.0,50689.0,50692.0,50694.0,50684.0
9985,50690.3,50693.0,50685.0,50694.0,50694.0,50685.0,50693.0,50689.0,50692.0,50694.0,50684.0
9986,50690.3,50693.0,50685.0,50694.0,50694.0,50685.0,50693.0,50689.0,50692.0,50694.0,50684.0
9987,50690.3,50693.0,50685.0,50694.0,50694.0,50685.0,50693.0,50689.0,50692.0,50694.0,50684.0
9988,50690.3,50693.0,50685.0,50694.0,50694.0,50685.0,50693.0,50689.0,50692.0,50694.0,50684.0
9989,50690.3,50693.0,50685.0,50694.0,50694.0,50685.0,50693.0,50689.0,50692.0,50694.0,50684.0
9990,50690.3,50693.0,50685.0,50694.0,50694.0,50685.0,50693.0,50689.0,50692.0,50694.0,50684.0
9991,50690.3,50693.0,50685.0,50694.0,50694.0,50685.0,50693.0,50689.0,50692.0,50694.0,50684.0
9992,50690.3,50693.0,50685.0,50694.0,50694.0,50685.0,50693.0,50689.0,50692.0,50694.0,50684.0
9993,50690.3,50693.0,50685.0,50694.0,50694.0,50685.0,50693.0,50689.0,50692.0,50694.0,50684.0
9994,50690.3,50693.0,50685.0,50694.0,50694.0,50685.0,50693.0,50689.0,50692.0,50694.0,50684.0
9995,50690.3,50693.0,50685.0,50694.0,50694.0,50685.0,50693.0,50689.0,50692.0,50694.0,50684.0
9996,50690.3,50693.0,50685.0,50694.0,50694.0,50685.0,50693.0,50689.0,50692.0,50694.0,50684.0
9997,50690.3,50693.0,50685.0,50694.0,50694.0,50685.0,50693.0,50689.0,50692.0,50694.0,50684.0
9998,50690.3,50693.0,50685.0,50694.0,50694.0,50685.0,50693.0,50689.0,50692.0,50694.0,50684.0
9999,50690.3,50693.0,50685.0,50694.0,50694.0,50685.0,50693.0,50689.0,50692.0,50694.0,50684.0
10000,50690.3,50693.0,50685.0,50694.0,50694.0,50685.0,50693.0,50689.0,50692.0,50694.0,50684.0
10001,50690.3,50693.0,50685.0,50694.0,50694.0,50685.0,50693.0,50689.0,50692.0,50694.0,50684.0
10002,50690.3,50693.0,50685.0,50694.0,50694.0,50685.0,50693.0,50689.0,50692.0,50694.0,50684.0
10003,50690.3,50693.0,50685.0,50694.0,50694.0,50685.0,50693.0,50689.0,50692.0,50694.0,50684.0
10004,50690.3,50693.0,50685.0,50694.0,50694.0,50685.0,50693.0,50689.0,50692.0,50694.0,50684.0
10005,50690.3,50693.0,50685.0,50694.0,50694.0,50685.0,50693.0,50689.0,50692.0,50694.0,50684.0
10006,50690.3,50693.0,50685.0,50694.0,50694.0,50685.0,50693.0,50689.0,50692.0,50694.0,50684.0
10007,50690.3,50693.0,50685.0,50694.0,50694.0,50685.0,50693.0,50689.0,50692.0,50694.0,50684.0
10008,50690.3,50693.0,50685.0,50694.0,50694.0,50685.0,50693.0,50689.0,50692.0,50694.0,50684.0
10009,50690.3,50693.0,50685.0,50694.0,50694.0,50685.0,50693.0,50689.0,50692.0,50694.0,50684.0
10010,50690.3,50693.0,50685.0,50694.0,50694.0,50685.0,50693.0,50689.0,50692.0,50694.0,50684.0
10011,50690.3,50693.0,50685.0,50694.0,50694.0,50685.0,50693.0,50689.0,50692.0,50694.0,50684.0
10012,50690.3,50693.0,50685.0,50694.0,50694.0,50685.0,50693.0,50689.0,50692.0,50694.0,50684.0
10013,50690.3,50693.0,50685.0,50694.0,50694.0,50685.0,50693.0,50689.0,50692.0,50694.0,50684.0
10014,50690.3,50693.0,50685.0,50694.0,50694.0,50685.0,50693.0,50689.0,50692.0,50694.0,50684.0
10015,50690.3,50693.0,50685.0,50694.0,50694.0,50685.0,50693.0,50689.0,50692.0,50694.0,50684.0
10016,50690.3,50693.0,50685.0,50694.0,50694.0,50685.0,50693.0,50689.0,50692.0,50694.0,50684.0
10017,50690.3,50693.0,50685.0,50694.0,50694.0,50685.0,50693.0,50689.0,50692.0,50694.0,50684.0
10018,50690.3,50693.0,50685.0,50694.0,50694.0,50685.0,50693.0,50689.0,50692.0,50694.0,50684.0
10019,50690.3,50693.0,50685.0,50694.0,50694.0,50685.0,50693.0,50689.0,50692.0,50694.0,50684.0
10020,50690.3,50693.0,50685.0,50694.0,50694.0,50685.0,50693.0,50689.0,50692.0,50694.0,50684.0
10021,50690.3,50693.0,50685.0,50694.0,50694.0,50685.0,50693.0,50689.0,50692.0,50694.0,50684.0
10022,50690.3,50693.0,50685.0,50694.0,50694.0,50685.0,50693.0,50689.0,50692.0,50694.0,50684.0
10023,50690.3,50693.0,50685.0,50694.0,50694.0,50685.0,50693.0,50689.0,50692.0,50694.0,50684.0
10024,50690.3,50693.0,50685.0,50694.0,50694.0,50685.0,50693.0,50689.0,50692.0,50694.0,50684.0
10025,50690.3,50693.0,50685.0,50694.0,50694.0,50685.0,50693.0,50689.0,50692.0,50694.0,50684.0
10026,50690.3,50693.0,50685.0,50694.0,50694.0,50685.0,50693.0,50689.0,50692.0,50694.0,50684.0
10027,50690.3,50693.0,50685.0,50694.0,50694.0,50685.0,50693.0,50689.0,50692.0,50694.0,50684.0
10028,50690.3,50693.0,50685.0,50694.0,50694.0,50685.0,50693.0,50689.0,50692.0,50694.0,50684.0
10029,50690.3,50693.0,50685.0,50694.0,50694.0,50685.0,50693.0,50689.0,50692.0,50694.0,50684.0
10030,50690.3,50693.0,50685.0,50694.0,50694.0,50685.0,50693.0,50689.0,50692.0,50694.0,50684.0
10031,50690.3,50693.0,50685.0,50694.0,50694.0,50685.0,50693.0,50689.0,50692.0,50694.0,50684.0
10032,50690.3,50693.0,50685.0,50694.0,50694.0,50685.0,50693.0,50689.0,50692.0,50694.0,50684.0
