step,best_fitness_media,best_fitness_execucao_1,best_fitness_execucao_2,best_fitness_execucao_3,best_fitness_execucao_4,best_fitness_execucao_5,best_fitness_execucao_6,best_fitness_execucao_7,best_fitness_execucao_8,best_fitness_execucao_9,best_fitness_execucao_10
1,50633.2,50617.0,50629.0,50641.0,50617.0,50648.0,50635.0,50618.0,50667.0,50629.0,50631.0
2,50640.6,50663.0,50629.0,50641.0,50617.0,50648.0,50635.0,50646.0,50667.0,50629.0,50631.0
3,50649.9,50663.0,50639.0,50658.0,50617.0,50648.0,50635.0,50677.0,50667.0,50650.0,50645.0
4,50661.0,50669.0,50675.0,50679.0,50636.0,50656.0,50635.0,50677.0,50669.0,50669.0,50645.0
5,50661.1,50669.0,50676.0,50679.0,50636.0,50656.0,50635.0,50677.0,50669.0,50669.0,50645.0
6,50667.7,50669.0,50692.0,50679.0,50649.0,50677.0,50635.0,50677.0,50669.0,50685.0,50645.0
7,50670.6,50669.0,50692.0,50679.0,50669.0,50677.0,50635.0,50677.0,50669.0,50685.0,50654.0
8,50677.1,50669.0,50692.0,50679.0,50690.0,50677.0,50660.0,50677.0,50688.0,50685.0,50654.0
9,50682.0,50685.0,50692.0,50679.0,50690.0,50677.0,50693.0,50677.0,50688.0,50685.0,50654.0
10,50685.1,50685.0,50692.0,50679.0,50690.0,50677.0,50693.0,50677.0,50688.0,50685.0,50685.0
11,50686.6,50685.0,50692.0,50679.0,50690.0,50692.0,50693.0,50677.0,50688.0,50685.0,50685.0
12,50687.4,50685.0,50693.0,50679.0,50690.0,50694.0,50693.0,50677.0,50688.0,50690.0,50685.0
13,50687.4,50685.0,50693.0,50679.0,50690.0,50694.0,50693.0,50677.0,50688.0,50690.0,50685.0
14,50687.5,50685.0,50693.0,50679.0,50690.0,50694.0,50694.0,50677.0,50688.0,50690.0,50685.0
15,50687.5,50685.0,50693.0,50679.0,50690.0,50694.0,50694.0,50677.0,50688.0,50690.0,50685.0
16,50687.5,50685.0,50693.0,50679.0,50690.0,50694.0,50694.0,50677.0,50688.0,50690.0,50685.0
17,50689.0,50685.0,50693.0,50679.0,50690.0,50694.0,50694.0,50692.0,50688.0,50690.0,50685.0
18,50689.0,50685.0,50693.0,50679.0,50690.0,50694.0,50694.0,50692.0,50688.0,50690.0,50685.0
19,50689.0,50685.0,50693.0,50679.0,50690.0,50694.0,50694.0,50692.0,50688.0,50690.0,50685.0
20,50689.0,50685.0,50693.0,50679.0,50690.0,50694.0,50694.0,50692.0,50688.0,50690.0,50685.0
21,50689.0,50685.0,50693.0,50679.0,50690.0,50694.0,50694.0,50692.0,50688.0,50690.0,50685.0
22,50689.0,50685.0,50693.0,50679.0,50690.0,50694.0,50694.0,50692.0,50688.0,50690.0,50685.0
23,50689.0,50685.0,50693.0,50679.0,50690.0,50694.0,50694.0,50692.0,50688.0,50690.0,50685.0
24,50689.0,50685.0,50693.0,50679.0,50690.0,50694.0,50694.0,50692.0,50688.0,50690.0,50685.0
25,50689.9,50685.0,50693.0,50679.0,50690.0,50694.0,50694.0,50692.0,50688.0,50690.0,50694.0
26,50689.9,50685.0,50693.0,50679.0,50690.0,50694.0,50694.0,50692.0,50688.0,50690.0,50694.0
27,50690.4,50690.0,50693.0,50679.0,50690.0,50694.0,50694.0,50692.0,50688.0,50690.0,50694.0
28,50690.4,50690.0,50693.0,50679.0,50690.0,50694.0,50694.0,50692.0,50688.0,50690.0,50694.0
29,50690.4,50690.0,50693.0,50679.0,50690.0,50694.0,50694.0,50692.0,50688.0,50690.0,50694.0
30,50690.4,50690.0,50693.0,50679.0,50690.0,50694.0,50694.0,50692.0,50688.0,50690.0,50694.0
31,50690.4,50690.0,50693.0,50679.0,50690.0,50694.0,50694.0,50692.0,50688.0,50690.0,50694.0
32,50690.4,50690.0,50693.0,50679.0,50690.0,50694.0,50694.0,50692.0,50688.0,50690.0,50694.0
33,50690.9,50690.0,50693.0,50684.0,50690.0,50694.0,50694.0,50692.0,50688.0,50690.0,50694.0
34,50690.9,50690.0,50693.0,50684.0,50690.0,50694.0,50694.0,50692.0,50688.0,50690.0,50694.0
35,50690.9,50690.0,50693.0,50684.0,50690.0,50694.0,50694.0,50692.0,50688.0,50690.0,50694.0
36,50690.9,50690.0,50693.0,50684.0,50690.0,50694.0,50694.0,50692.0,50688.0,50690.0,50694.0
37,50690.9,50690.0,50693.0,50684.0,50690.0,50694.0,50694.0,50692.0,50688.0,50690.0,50694.0
38,50690.9,50690.0,50693.0,50684.0,50690.0,50694.0,50694.0,50692.0,50688.0,50690.0,50694.0
39,50690.9,50690.0,50693.0,50684.0,50690.0,50694.0,50694.0,50692.0,50688.0,50690.0,50694.0
40,50690.9,50690.0,50693.0,50684.0,50690.0,50694.0,50694.0,50692.0,50688.0,50690.0,50694.0
41,50690.9,50690.0,50693.0,50684.0,50690.0,50694.0,50694.0,50692.0,50688.0,50690.0,50694.0
42,50690.9,50690.0,50693.0,50684.0,50690.0,50694.0,50694.0,50692.0,50688.0,50690.0,50694.0
43,50690.9,50690.0,50693.0,50684.0,50690.0,50694.0,50694.0,50692.0,50688.0,50690.0,50694.0
44,50690.9,50690.0,50693.0,50684.0,50690.0,50694.0,50694.0,50692.0,50688.0,50690.0,50694.0
45,50690.9,50690.0,50693.0,50684.0,50690.0,50694.0,50694.0,50692.0,50688.0,50690.0,50694.0
46,50690.9,50690.0,50693.0,50684.0,50690.0,50694.0,50694.0,50692.0,50688.0,50690.0,50694.0
47,50690.9,50690.0,50693.0,50684.0,50690.0,50694.0,50694.0,50692.0,50688.0,50690.0,50694.0
48,50690.9,50690.0,50693.0,50684.0,50690.0,50694.0,50694.0,50692.0,50688.0,50690.0,50694.0
49,50690.9,50690.0,50693.0,50684.0,50690.0,50694.0,50694.0,50692.0,50688.0,50690.0,50694.0
50,50690.9,50690.0,50693.0,50684.0,50690.0,50694.0,50694.0,50692.0,50688.0,50690.0,50694.0
51,50690.9,50690.0,50693.0,50684.0,50690.0,50694.0,50694.0,50692.0,50688.0,50690.0,50694.0
52,50690.9,50690.0,50693.0,50684.0,50690.0,50694.0,50694.0,50692.0,50688.0,50690.0,50694.0
53,50690.9,50690.0,50693.0,50684.0,50690.0,50694.0,50694.0,50692.0,50688.0,50690.0,50694.0
54,50690.9,50690.0,50693.0,50684.0,50690.0,50694.0,50694.0,50692.0,50688.0,50690.0,50694.0
55,50690.9,50690.0,50693.0,50684.0,50690.0,50694.0,50694.0,50692.0,50688.0,50690.0,50694.0
56,50690.9,50690.0,50693.0,50684.0,50690.0,50694.0,50694.0,50692.0,50688.0,50690.0,50694.0
57,50690.9,50690.0,50693.0,50684.0,50690.0,50694.0,50694.0,50692.0,50688.0,50690.0,50694.0
58,50690.9,50690.0,50693.0,50684.0,50690.0,50694.0,50694.0,50692.0,50688.0,50690.0,50694.0
59,50690.9,50690.0,50693.0,50684.0,50690.0,50694.0,50694.0,50692.0,50688.0,50690.0,50694.0
60,50690.9,50690.0,50693.0,50684.0,50690.0,50694.0,50694.0,50692.0,50688.0,50690.0,50694.0
61,50690.9,50690.0,50693.0,50684.0,50690.0,50694.0,50694.0,50692.0,50688.0,50690.0,50694.0
62,50690.9,50690.0,50693.0,50684.0,50690.0,50694.0,50694.0,50692.0,50688.0,50690.0,50694.0
63,50690.9,50690.0,50693.0,50684.0,50690.0,50694.0,50694.0,50692.0,50688.0,50690.0,50694.0
64,50690.9,50690.0,50693.0,50684.0,50690.0,50694.0,50694.0,50692.0,50688.0,50690.0,50694.0
65,50690.9,50690.0,50693.0,50684.0,50690.0,50694.0,50694.0,50692.0,50688.0,50690.0,50694.0
66,50690.9,50690.0,50693.0,50684.0,50690.0,50694.0,50694.0,50692.0,50688.0,50690.0,50694.0
67,50690.9,50690.0,50693.0,50684.0,50690.0,50694.0,50694.0,50692.0,50688.0,50690.0,50694.0
68,50690.9,50690.0,50693.0,50684.0,50690.0,50694.0,50694.0,50692.0,50688.0,50690.0,50694.0
69,50690.9,50690.0,50693.0,50684.0,50690.0,50694.0,50694.0,50692.0,50688.0,50690.0,50694.0
70,50690.9,50690.0,50693.0,50684.0,50690.0,50694.0,50694.0,50692.0,50688.0,50690.0,50694.0
71,50690.9,50690.0,50693.0,50684.0,50690.0,50694.0,50694.0,50692.0,50688.0,50690.0,50694.0
72,50690.9,50690.0,50693.0,50684.0,50690.0,50694.0,50694.0,50692.0,50688.0,50690.0,50694.0
73,50690.9,50690.0,50693.0,50684.0,50690.0,50694.0,50694.0,50692.0,50688.0,50690.0,50694.0
74,50690.9,50690.0,50693.0,50684.0,50690.0,50694.0,50694.0,50692.0,50688.0,50690.0,50694.0
75,50690.9,50690.0,50693.0,50684.0,50690.0,50694.0,50694.0,50692.0,50688.0,50690.0,50694.0
76,50690.9,50690.0,50693.0,50684.0,50690.0,50694.0,50694.0,50692.0,50688.0,50690.0,50694.0
77,50690.9,50690.0,50693.0,50684.0,50690.0,50694.0,50694.0,50692.0,50688.0,50690.0,50694.0
78,50690.9,50690.0,50693.0,50684.0,50690.0,50694.0,50694.0,50692.0,50688.0,50690.0,50694.0
79,50690.9,50690.0,50693.0,50684.0,50690.0,50694.0,50694.0,50692.0,50688.0,50690.0,50694.0
80,50690.9,50690.0,50693.0,50684.0,50690.0,50694.0,50694.0,50692.0,50688.0,50690.0,50694.0
81,50690.9,50690.0,50693.0,50684.0,50690.0,50694.0,50694.0,50692.0,50688.0,50690.0,50694.0
82,50690.9,50690.0,50693.0,50684.0,50690.0,50694.0,50694.0,50692.0,50688.0,50690.0,50694.0
83,50690.9,50690.0,50693.0,50684.0,50690.0,50694.0,50694.0,50692.0,50688.0,50690.0,50694.0
84,50690.9,50690.0,50693.0,50684.0,50690.0,50694.0,50694.0,50692.0,50688.0,50690.0,50694.0
85,50690.9,50690.0,50693.0,50684.0,50690.0,50694.0,50694.0,50692.0,50688.0,50690.0,50694.0
86,50690.9,50690.0,50693.0,50684.0,50690.0,50694.0,50694.0,50692.0,50688.0,50690.0,50694.0
87,50690.9,50690.0,50693.0,50684.0,50690.0,50694.0,50694.0,50692.0,50688.0,50690.0,50694.0
88,50690.9,50690.0,50693.0,50684.0,50690.0,50694.0,50694.0,50692.0,50688.0,50690.0,50694.0
89,50690.9,50690.0,50693.0,50684.0,50690.0,50694.0,50694.0,50692.0,50688.0,50690.0,50694.0
90,50690.9,50690.0,50693.0,50684.0,50690.0,50694.0,50694.0,50692.0,50688.0,50690.0,50694.0
91,50690.9,50690.0,50693.0,50684.0,50690.0,50694.0,50694.0,50692.0,50688.0,50690.0,50694.0
92,50690.9,50690.0,50693.0,50684.0,50690.0,50694.0,50694.0,50692.0,50688.0,50690.0,50694.0
93,50690.9,50690.0,50693.0,50684.0,50690.0,50694.0,50694.0,50692.0,50688.0,50690.0,50694.0
94,50690.9,50690.0,50693.0,50684.0,50690.0,50694.0,50694.0,50692.0,50688.0,50690.0,50694.0
95,50690.9,50690.0,50693.0,50684.0,50690.0,50694.0,50694.0,50692.0,50688.0,50690.0,50694.0
96,50690.9,50690.0,50693.0,50684.0,50690.0,50694.0,50694.0,50692.0,50688.0,50690.0,50694.0
97,50690.9,50690.0,50693.0,50684.0,50690.0,50694.0,50694.0,50692.0,50688.0,50690.0,50694.0
98,50690.9,50690.0,50693.0,50684.0,50690.0,50694.0,50694.0,50692.0,50688.0,50690.0,50694.0
99,50690.9,50690.0,50693.0,50684.0,50690.0,50694.0,50694.0,50692.0,50688.0,50690.0,50694.0
100,50690.9,50690.0,50693.0,50684.0,50690.0,50694.0,50694.0,50692.0,50688.0,50690.0,50694.0
101,50690.9,50690.0,50693.0,50684.0,50690.0,50694.0,50694.0,50692.0,50688.0,50690.0,50694.0
102,50690.9,50690.0,50693.0,50684.0,50690.0,50694.0,50694.0,50692.0,50688.0,50690.0,50694.0
103,50690.9,50690.0,50693.0,50684.0,50690.0,50694.0,50694.0,50692.0,50688.0,50690.0,50694.0
104,50690.9,50690.0,50693.0,50684.0,50690.0,50694.0,50694.0,50692.0,50688.0,50690.0,50694.0
105,50690.9,50690.0,50693.0,50684.0,50690.0,50694.0,50694.0,50692.0,50688.0,50690.0,50694.0
106,50690.9,50690.0,50693.0,50684.0,50690.0,50694.0,50694.0,50692.0,50688.0,50690.0,50694.0
107,50690.9,50690.0,50693.0,50684.0,50690.0,50694.0,50694.0,50692.0,50688.0,50690.0,50694.0
108,50690.9,50690.0,50693.0,50684.0,50690.0,50694.0,50694.0,50692.0,50688.0,50690.0,50694.0
109,50690.9,50690.0,50693.0,50684.0,50690.0,50694.0,50694.0,50692.0,50688.0,50690.0,50694.0
110,50690.9,50690.0,50693.0,50684.0,50690.0,50694.0,50694.0,50692.0,50688.0,50690.0,50694.0
111,50690.9,50690.0,50693.0,50684.0,50690.0,50694.0,50694.0,50692.0,50688.0,50690.0,50694.0
112,50690.9,50690.0,50693.0,50684.0,50690.0,50694.0,50694.0,50692.0,50688.0,50690.0,50694.0
113,50690.9,50690.0,50693.0,50684.0,50690.0,50694.0,50694.0,50692.0,50688.0,50690.0,50694.0
114,50690.9,50690.0,50693.0,50684.0,50690.0,50694.0,50694.0,50692.0,50688.0,50690.0,50694.0
115,50690.9,50690.0,50693.0,50684.0,50690.0,50694.0,50694.0,50692.0,50688.0,50690.0,50694.0
116,50690.9,50690.0,50693.0,50684.0,50690.0,50694.0,50694.0,50692.0,50688.0,50690.0,50694.0
117,50690.9,50690.0,50693.0,50684.0,50690.0,50694.0,50694.0,50692.0,50688.0,50690.0,50694.0
118,50690.9,50690.0,50693.0,50684.0,50690.0,50694.0,50694.0,50692.0,50688.0,50690.0,50694.0
119,50690.9,50690.0,50693.0,50684.0,50690.0,50694.0,50694.0,50692.0,50688.0,50690.0,50694.0
120,50690.9,50690.0,50693.0,50684.0,50690.0,50694.0,50694.0,50692.0,50688.0,50690.0,50694.0
121,50690.9,50690.0,50693.0,50684.0,50690.0,50694.0,50694.0,50692.0,50688.0,50690.0,50694.0
122,50690.9,50690.0,50693.0,50684.0,50690.0,50694.0,50694.0,50692.0,50688.0,50690.0,50694.0
123,50690.9,50690.0,50693.0,50684.0,50690.0,50694.0,50694.0,50692.0,50688.0,50690.0,50694.0
124,50690.9,50690.0,50693.0,50684.0,50690.0,50694.0,50694.0,50692.0,50688.0,50690.0,50694.0
125,50690.9,50690.0,50693.0,50684.0,50690.0,50694.0,50694.0,50692.0,50688.0,50690.0,50694.0
126,50690.9,50690.0,50693.0,50684.0,50690.0,50694.0,50694.0,50692.0,50688.0,50690.0,50694.0
127,50690.9,50690.0,50693.0,50684.0,50690.0,50694.0,50694.0,50692.0,50688.0,50690.0,50694.0
128,50690.9,50690.0,50693.0,50684.0,50690.0,50694.0,50694.0,50692.0,50688.0,50690.0,50694.0
129,50690.9,50690.0,50693.0,50684.0,50690.0,50694.0,50694.0,50692.0,50688.0,50690.0,50694.0
130,50690.9,50690.0,50693.0,50684.0,50690.0,50694.0,50694.0,50692.0,50688.0,50690.0,50694.0
131,50690.9,50690.0,50693.0,50684.0,50690.0,50694.0,50694.0,50692.0,50688.0,50690.0,50694.0
132,50690.9,50690.0,50693.0,50684.0,50690.0,50694.0,50694.0,50692.0,50688.0,50690.0,50694.0
133,50690.9,50690.0,50693.0,50684.0,50690.0,50694.0,50694.0,50692.0,50688.0,50690.0,50694.0
134,50690.9,50690.0,50693.0,50684.0,50690.0,50694.0,50694.0,50692.0,50688.0,50690.0,50694.0
135,50690.9,50690.0,50693.0,50684.0,50690.0,50694.0,50694.0,50692.0,50688.0,50690.0,50694.0
136,50690.9,50690.0,50693.0,50684.0,50690.0,50694.0,50694.0,50692.0,50688.0,50690.0,50694.0
137,50690.9,50690.0,50693.0,50684.0,50690.0,50694.0,50694.0,50692.0,50688.0,50690.0,50694.0
138,50690.9,50690.0,50693.0,50684.0,50690.0,50694.0,50694.0,50692.0,50688.0,50690.0,50694.0
139,50690.9,50690.0,50693.0,50684.0,50690.0,50694.0,50694.0,50692.0,50688.0,50690.0,50694.0
140,50690.9,50690.0,50693.0,50684.0,50690.0,50694.0,50694.0,50692.0,50688.0,50690.0,50694.0
141,50690.9,50690.0,50693.0,50684.0,50690.0,50694.0,50694.0,50692.0,50688.0,50690.0,50694.0
142,50690.9,50690.0,50693.0,50684.0,50690.0,50694.0,50694.0,50692.0,50688.0,50690.0,50694.0
143,50690.9,50690.0,50693.0,50684.0,50690.0,50694.0,50694.0,50692.0,50688.0,50690.0,50694.0
144,50690.9,50690.0,50693.0,50684.0,50690.0,50694.0,50694.0,50692.0,50688.0,50690.0,50694.0
145,50690.9,50690.0,50693.0,50684.0,50690.0,50694.0,50694.0,50692.0,50688.0,50690.0,50694.0
146,50690.9,50690.0,50693.0,50684.0,50690.0,50694.0,50694.0,50692.0,50688.0,50690.0,50694.0
147,50690.9,50690.0,50693.0,50684.0,50690.0,50694.0,50694.0,50692.0,50688.0,50690.0,50694.0
148,50690.9,50690.0,50693.0,50684.0,50690.0,50694.0,50694.0,50692.0,50688.0,50690.0,50694.0
149,50690.9,50690.0,50693.0,50684.0,50690.0,50694.0,50694.0,50692.0,50688.0,50690.0,50694.0
150,50690.9,50690.0,50693.0,50684.0,50690.0,50694.0,50694.0,50692.0,50688.0,50690.0,50694.0
151,50690.9,50690.0,50693.0,50684.0,50690.0,50694.0,50694.0,50692.0,50688.0,50690.0,50694.0
152,50690.9,50690.0,50693.0,50684.0,50690.0,50694.0,50694.0,50692.0,50688.0,50690.0,50694.0
153,50690.9,50690.0,50693.0,50684.0,50690.0,50694.0,50694.0,50692.0,50688.0,50690.0,50694.0
154,50690.9,50690.0,50693.0,50684.0,50690.0,50694.0,50694.0,50692.0,50688.0,50690.0,50694.0
155,50690.9,50690.0,50693.0,50684.0,50690.0,50694.0,50694.0,50692.0,50688.0,50690.0,50694.0
156,50690.9,50690.0,50693.0,50684.0,50690.0,50694.0,50694.0,50692.0,50688.0,50690.0,50694.0
157,50690.9,50690.0,50693.0,50684.0,50690.0,50694.0,50694.0,50692.0,50688.0,50690.0,50694.0
158,50690.9,50690.0,50693.0,50684.0,50690.0,50694.0,50694.0,50692.0,50688.0,50690.0,50694.0
159,50690.9,50690.0,50693.0,50684.0,50690.0,50694.0,50694.0,50692.0,50688.0,50690.0,50694.0
160,50690.9,50690.0,50693.0,50684.0,50690.0,50694.0,50694.0,50692.0,50688.0,50690.0,50694.0
161,50690.9,50690.0,50693.0,50684.0,50690.0,50694.0,50694.0,50692.0,50688.0,50690.0,50694.0
162,50690.9,50690.0,50693.0,50684.0,50690.0,50694.0,50694.0,50692.0,50688.0,50690.0,50694.0
163,50690.9,50690.0,50693.0,50684.0,50690.0,50694.0,50694.0,50692.0,50688.0,50690.0,50694.0
164,50690.9,50690.0,50693.0,50684.0,50690.0,50694.0,50694.0,50692.0,50688.0,50690.0,50694.0
165,50690.9,50690.0,50693.0,50684.0,50690.0,50694.0,50694.0,50692.0,50688.0,50690.0,50694.0
166,50690.9,50690.0,50693.0,50684.0,50690.0,50694.0,50694.0,50692.0,50688.0,50690.0,50694.0
167,50690.9,50690.0,50693.0,50684.0,50690.0,50694.0,50694.0,50692.0,50688.0,50690.0,50694.0
168,50690.9,50690.0,50693.0,50684.0,50690.0,50694.0,50694.0,50692.0,50688.0,50690.0,50694.0
169,50690.9,50690.0,50693.0,50684.0,50690.0,50694.0,50694.0,50692.0,50688.0,50690.0,50694.0
170,50690.9,50690.0,50693.0,50684.0,50690.0,50694.0,50694.0,50692.0,50688.0,50690.0,50694.0
171,50690.9,50690.0,50693.0,50684.0,50690.0,50694.0,50694.0,50692.0,50688.0,50690.0,50694.0
172,50690.9,50690.0,50693.0,50684.0,50690.0,50694.0,50694.0,50692.0,50688.0,50690.0,50694.0
173,50690.9,50690.0,50693.0,50684.0,50690.0,50694.0,50694.0,50692.0,50688.0,50690.0,50694.0
174,50690.9,50690.0,50693.0,50684.0,50690.0,50694.0,50694.0,50692.0,50688.0,50690.0,50694.0
175,50690.9,50690.0,50693.0,50684.0,50690.0,50694.0,50694.0,50692.0,50688.0,50690.0,50694.0
176,50690.9,50690.0,50693.0,50684.0,50690.0,50694.0,50694.0,50692.0,50688.0,50690.0,50694.0
177,50690.9,50690.0,50693.0,50684.0,50690.0,50694.0,50694.0,50692.0,50688.0,50690.0,50694.0
178,50690.9,50690.0,50693.0,50684.0,50690.0,50694.0,50694.0,50692.0,50688.0,50690.0,50694.0
179,50690.9,50690.0,50693.0,50684.0,50690.0,50694.0,50694.0,50692.0,50688.0,50690.0,50694.0
180,50690.9,50690.0,50693.0,50684.0,50690.0,50694.0,50694.0,50692.0,50688.0,50690.0,50694.0
181,50690.9,50690.0,50693.0,50684.0,50690.0,50694.0,50694.0,50692.0,50688.0,50690.0,50694.0
182,50690.9,50690.0,50693.0,50684.0,50690.0,50694.0,50694.0,50692.0,50688.0,50690.0,50694.0
183,50690.9,50690.0,50693.0,50684.0,50690.0,50694.0,50694.0,50692.0,50688.0,50690.0,50694.0
184,50690.9,50690.0,50693.0,50684.0,50690.0,50694.0,50694.0,50692.0,50688.0,50690.0,50694.0
185,50690.9,50690.0,50693.0,50684.0,50690.0,50694.0,50694.0,50692.0,50688.0,50690.0,50694.0
186,50690.9,50690.0,50693.0,50684.0,50690.0,50694.0,50694.0,50692.0,50688.0,50690.0,50694.0
187,50690.9,50690.0,50693.0,50684.0,50690.0,50694.0,50694.0,50692.0,50688.0,50690.0,50694.0
188,50690.9,50690.0,50693.0,50684.0,50690.0,50694.0,50694.0,50692.0,50688.0,50690.0,50694.0
189,50690.9,50690.0,50693.0,50684.0,50690.0,50694.0,50694.0,50692.0,50688.0,50690.0,50694.0
190,50690.9,50690.0,50693.0,50684.0,50690.0,50694.0,50694.0,50692.0,50688.0,50690.0,50694.0
191,50690.9,50690.0,50693.0,50684.0,50690.0,50694.0,50694.0,50692.0,50688.0,50690.0,50694.0
192,50690.9,50690.0,50693.0,50684.0,50690.0,50694.0,50694.0,50692.0,50688.0,50690.0,50694.0
193,50690.9,50690.0,50693.0,50684.0,50690.0,50694.0,50694.0,50692.0,50688.0,50690.0,50694.0
194,50690.9,50690.0,50693.0,50684.0,50690.0,50694.0,50694.0,50692.0,50688.0,50690.0,50694.0
195,50690.9,50690.0,50693.0,50684.0,50690.0,50694.0,50694.0,50692.0,50688.0,50690.0,50694.0
196,50690.9,50690.0,50693.0,50684.0,50690.0,50694.0,50694.0,50692.0,50688.0,50690.0,50694.0
197,50690.9,50690.0,50693.0,50684.0,50690.0,50694.0,50694.0,50692.0,50688.0,50690.0,50694.0
198,50690.9,50690.0,50693.0,50684.0,50690.0,50694.0,50694.0,50692.0,50688.0,50690.0,50694.0
199,50690.9,50690.0,50693.0,50684.0,50690.0,50694.0,50694.0,50692.0,50688.0,50690.0,50694.0
200,50690.9,50690.0,50693.0,50684.0,50690.0,50694.0,50694.0,50692.0,50688.0,50690.0,50694.0
201,50690.9,50690.0,50693.0,50684.0,50690.0,50694.0,50694.0,50692.0,50688.0,50690.0,50694.0
202,50690.9,50690.0,50693.0,50684.0,50690.0,50694.0,50694.0,50692.0,50688.0,50690.0,50694.0
203,50690.9,50690.0,50693.0,50684.0,50690.0,50694.0,50694.0,50692.0,50688.0,50690.0,50694.0
204,50690.9,50690.0,50693.0,50684.0,50690.0,50694.0,50694.0,50692.0,50688.0,50690.0,50694.0
205,50690.9,50690.0,50693.0,50684.0,50690.0,50694.0,50694.0,50692.0,50688.0,50690.0,50694.0
206,50690.9,50690.0,50693.0,50684.0,50690.0,50694.0,50694.0,50692.0,50688.0,50690.0,50694.0
207,50690.9,50690.0,50693.0,50684.0,50690.0,50694.0,50694.0,50692.0,50688.0,50690.0,50694.0
208,50690.9,50690.0,50693.0,50684.0,50690.0,50694.0,50694.0,50692.0,50688.0,50690.0,50694.0
209,50690.9,50690.0,50693.0,50684.0,50690.0,50694.0,50694.0,50692.0,50688.0,50690.0,50694.0
210,50690.9,50690.0,50693.0,50684.0,50690.0,50694.0,50694.0,50692.0,50688.0,50690.0,50694.0
211,50690.9,50690.0,50693.0,50684.0,50690.0,50694.0,50694.0,50692.0,50688.0,50690.0,50694.0
212,50690.9,50690.0,50693.0,50684.0,50690.0,50694.0,50694.0,50692.0,50688.0,50690.0,50694.0
213,50690.9,50690.0,50693.0,50684.0,50690.0,50694.0,50694.0,50692.0,50688.0,50690.0,50694.0
214,50690.9,50690.0,50693.0,50684.0,50690.0,50694.0,50694.0,50692.0,50688.0,50690.0,50694.0
215,50690.9,50690.0,50693.0,50684.0,50690.0,50694.0,50694.0,50692.0,50688.0,50690.0,50694.0
216,50690.9,50690.0,50693.0,50684.0,50690.0,50694.0,50694.0,50692.0,50688.0,50690.0,50694.0
217,50690.9,50690.0,50693.0,50684.0,50690.0,50694.0,50694.0,50692.0,50688.0,50690.0,50694.0
218,50690.9,50690.0,50693.0,50684.0,50690.0,50694.0,50694.0,50692.0,50688.0,50690.0,50694.0
219,50690.9,50690.0,50693.0,50684.0,50690.0,50694.0,50694.0,50692.0,50688.0,50690.0,50694.0
220,50690.9,50690.0,50693.0,50684.0,50690.0,50694.0,50694.0,50692.0,50688.0,50690.0,50694.0
221,50690.9,50690.0,50693.0,50684.0,50690.0,50694.0,50694.0,50692.0,50688.0,50690.0,50694.0
222,50690.9,50690.0,50693.0,50684.0,50690.0,50694.0,50694.0,50692.0,50688.0,50690.0,50694.0
223,50690.9,50690.0,50693.0,50684.0,50690.0,50694.0,50694.0,50692.0,50688.0,50690.0,50694.0
224,50690.9,50690.0,50693.0,50684.0,50690.0,50694.0,50694.0,50692.0,50688.0,50690.0,50694.0
225,50690.9,50690.0,50693.0,50684.0,50690.0,50694.0,50694.0,50692.0,50688.0,50690.0,50694.0
226,50690.9,50690.0,50693.0,50684.0,50690.0,50694.0,50694.0,50692.0,50688.0,50690.0,50694.0
227,50690.9,50690.0,50693.0,50684.0,50690.0,50694.0,50694.0,50692.0,50688.0,50690.0,50694.0
228,50690.9,50690.0,50693.0,50684.0,50690.0,50694.0,50694.0,50692.0,50688.0,50690.0,50694.0
229,50690.9,50690.0,50693.0,50684.0,50690.0,50694.0,50694.0,50692.0,50688.0,50690.0,50694.0
230,50690.9,50690.0,50693.0,50684.0,50690.0,50694.0,50694.0,50692.0,50688.0,50690.0,50694.0
231,50690.9,50690.0,50693.0,50684.0,50690.0,50694.0,50694.0,50692.0,50688.0,50690.0,50694.0
232,50690.9,50690.0,50693.0,50684.0,50690.0,50694.0,50694.0,50692.0,50688.0,50690.0,50694.0
233,50690.9,50690.0,50693.0,50684.0,50690.0,50694.0,50694.0,50692.0,50688.0,50690.0,50694.0
234,50690.9,50690.0,50693.0,50684.0,50690.0,50694.0,50694.0,50692.0,50688.0,50690.0,50694.0
235,50690.9,50690.0,50693.0,50684.0,50690.0,50694.0,50694.0,50692.0,50688.0,50690.0,50694.0
236,50690.9,50690.0,50693.0,50684.0,50690.0,50694.0,50694.0,50692.0,50688.0,50690.0,50694.0
237,50690.9,50690.0,50693.0,50684.0,50690.0,50694.0,50694.0,50692.0,50688.0,50690.0,50694.0
238,50690.9,50690.0,50693.0,50684.0,50690.0,50694.0,50694.0,50692.0,50688.0,50690.0,50694.0
239,50690.9,50690.0,50693.0,50684.0,50690.0,50694.0,50694.0,50692.0,50688.0,50690.0,50694.0
240,50690.9,50690.0,50693.0,50684.0,50690.0,50694.0,50694.0,50692.0,50688.0,50690.0,50694.0
241,50690.9,50690.0,50693.0,50684.0,50690.0,50694.0,50694.0,50692.0,50688.0,50690.0,50694.0
242,50690.9,50690.0,50693.0,50684.0,50690.0,50694.0,50694.0,50692.0,50688.0,50690.0,50694.0
243,50690.9,50690.0,50693.0,50684.0,50690.0,50694.0,50694.0,50692.0,50688.0,50690.0,50694.0
244,50690.9,50690.0,50693.0,50684.0,50690.0,50694.0,50694.0,50692.0,50688.0,50690.0,50694.0
245,50690.9,50690.0,50693.0,50684.0,50690.0,50694.0,50694.0,50692.0,50688.0,50690.0,50694.0
246,50690.9,50690.0,50693.0,50684.0,50690.0,50694.0,50694.0,50692.0,50688.0,50690.0,50694.0
247,50690.9,50690.0,50693.0,50684.0,50690.0,50694.0,50694.0,50692.0,50688.0,50690.0,50694.0
248,50690.9,50690.0,50693.0,50684.0,50690.0,50694.0,50694.0,50692.0,50688.0,50690.0,50694.0
249,50690.9,50690.0,50693.0,50684.0,50690.0,50694.0,50694.0,50692.0,50688.0,50690.0,50694.0
250,50690.9,50690.0,50693.0,50684.0,50690.0,50694.0,50694.0,50692.0,50688.0,50690.0,50694.0
251,50690.9,50690.0,50693.0,50684.0,50690.0,50694.0,50694.0,50692.0,50688.0,50690.0,50694.0
252,50690.9,50690.0,50693.0,50684.0,50690.0,50694.0,50694.0,50692.0,50688.0,50690.0,50694.0
253,50690.9,50690.0,50693.0,50684.0,50690.0,50694.0,50694.0,50692.0,50688.0,50690.0,50694.0
254,50690.9,50690.0,50693.0,50684.0,50690.0,50694.0,50694.0,50692.0,50688.0,50690.0,50694.0
255,50690.9,50690.0,50693.0,50684.0,50690.0,50694.0,50694.0,50692.0,50688.0,50690.0,50694.0
256,50690.9,50690.0,50693.0,50684.0,50690.0,50694.0,50694.0,50692.0,50688.0,50690.0,50694.0
257,50690.9,50690.0,50693.0,50684.0,50690.0,50694.0,50694.0,50692.0,50688.0,50690.0,50694.0
258,50690.9,50690.0,50693.0,50684.0,50690.0,50694.0,50694.0,50692.0,50688.0,50690.0,50694.0
259,50690.9,50690.0,50693.0,50684.0,50690.0,50694.0,50694.0,50692.0,50688.0,50690.0,50694.0
260,50690.9,50690.0,50693.0,50684.0,50690.0,50694.0,50694.0,50692.0,50688.0,50690.0,50694.0
261,50690.9,50690.0,50693.0,50684.0,50690.0,50694.0,50694.0,50692.0,50688.0,50690.0,50694.0
262,50690.9,50690.0,50693.0,50684.0,50690.0,50694.0,50694.0,50692.0,50688.0,50690.0,50694.0
263,50690.9,50690.0,50693.0,50684.0,50690.0,50694.0,50694.0,50692.0,50688.0,50690.0,50694.0
264,50690.9,50690.0,50693.0,50684.0,50690.0,50694.0,50694.0,50692.0,50688.0,50690.0,50694.0
265,50690.9,50690.0,50693.0,50684.0,50690.0,50694.0,50694.0,50692.0,50688.0,50690.0,50694.0
266,50690.9,50690.0,50693.0,50684.0,50690.0,50694.0,50694.0,50692.0,50688.0,50690.0,50694.0
267,50690.9,50690.0,50693.0,50684.0,50690.0,50694.0,50694.0,50692.0,50688.0,50690.0,50694.0
268,50690.9,50690.0,50693.0,50684.0,50690.0,50694.0,50694.0,50692.0,50688.0,50690.0,50694.0
269,50690.9,50690.0,50693.0,50684.0,50690.0,50694.0,50694.0,50692.0,50688.0,50690.0,50694.0
270,50690.9,50690.0,50693.0,50684.0,50690.0,50694.0,50694.0,50692.0,50688.0,50690.0,50694.0
271,50690.9,50690.0,50693.0,50684.0,50690.0,50694.0,50694.0,50692.0,50688.0,50690.0,50694.0
272,50690.9,50690.0,50693.0,50684.0,50690.0,50694.0,50694.0,50692.0,50688.0,50690.0,50694.0
273,50690.9,50690.0,50693.0,50684.0,50690.0,50694.0,50694.0,50692.0,50688.0,50690.0,50694.0
274,50690.9,50690.0,50693.0,50684.0,50690.0,50694.0,50694.0,50692.0,50688.0,50690.0,50694.0
275,50690.9,50690.0,50693.0,50684.0,50690.0,50694.0,50694.0,50692.0,50688.0,50690.0,50694.0
276,50690.9,50690.0,50693.0,50684.0,50690.0,50694.0,50694.0,50692.0,50688.0,50690.0,50694.0
277,50690.9,50690.0,50693.0,50684.0,50690.0,50694.0,50694.0,50692.0,50688.0,50690.0,50694.0
278,50690.9,50690.0,50693.0,50684.0,50690.0,50694.0,50694.0,50692.0,50688.0,50690.0,50694.0
279,50690.9,50690.0,50693.0,50684.0,50690.0,50694.0,50694.0,50692.0,50688.0,50690.0,50694.0
280,50690.9,50690.0,50693.0,50684.0,50690.0,50694.0,50694.0,50692.0,50688.0,50690.0,50694.0
281,50690.9,50690.0,50693.0,50684.0,50690.0,50694.0,50694.0,50692.0,50688.0,50690.0,50694.0
282,50690.9,50690.0,50693.0,50684.0,50690.0,50694.0,50694.0,50692.0,50688.0,50690.0,50694.0
283,50690.9,50690.0,50693.0,50684.0,50690.0,50694.0,50694.0,50692.0,50688.0,50690.0,50694.0
284,50690.9,50690.0,50693.0,50684.0,50690.0,50694.0,50694.0,50692.0,50688.0,50690.0,50694.0
285,50690.9,50690.0,50693.0,50684.0,50690.0,50694.0,50694.0,50692.0,50688.0,50690.0,50694.0
286,50690.9,50690.0,50693.0,50684.0,50690.0,50694.0,50694.0,50692.0,50688.0,50690.0,50694.0
287,50690.9,50690.0,50693.0,50684.0,50690.0,50694.0,50694.0,50692.0,50688.0,50690.0,50694.0
288,50690.9,50690.0,50693.0,50684.0,50690.0,50694.0,50694.0,50692.0,50688.0,50690.0,50694.0
289,50690.9,50690.0,50693.0,50684.0,50690.0,50694.0,50694.0,50692.0,50688.0,50690.0,50694.0
290,50690.9,50690.0,50693.0,50684.0,50690.0,50694.0,50694.0,50692.0,50688.0,50690.0,50694.0
291,50690.9,50690.0,50693.0,50684.0,50690.0,50694.0,50694.0,50692.0,50688.0,50690.0,50694.0
292,50690.9,50690.0,50693.0,50684.0,50690.0,50694.0,50694.0,50692.0,50688.0,50690.0,50694.0
293,50690.9,50690.0,50693.0,50684.0,50690.0,50694.0,50694.0,50692.0,50688.0,50690.0,50694.0
294,50690.9,50690.0,50693.0,50684.0,50690.0,50694.0,50694.0,50692.0,50688.0,50690.0,50694.0
295,50690.9,50690.0,50693.0,50684.0,50690.0,50694.0,50694.0,50692.0,50688.0,50690.0,50694.0
296,50690.9,50690.0,50693.0,50684.0,50690.0,50694.0,50694.0,50692.0,50688.0,50690.0,50694.0
297,50690.9,50690.0,50693.0,50684.0,50690.0,50694.0,50694.0,50692.0,50688.0,50690.0,50694.0
298,50690.9,50690.0,50693.0,50684.0,50690.0,50694.0,50694.0,50692.0,50688.0,50690.0,50694.0
299,50690.9,50690.0,50693.0,50684.0,50690.0,50694.0,50694.0,50692.0,50688.0,50690.0,50694.0
300,50690.9,50690.0,50693.0,50684.0,50690.0,50694.0,50694.0,50692.0,50688.0,50690.0,50694.0
301,50690.9,50690.0,50693.0,50684.0,50690.0,50694.0,50694.0,50692.0,50688.0,50690.0,50694.0
302,50690.9,50690.0,50693.0,50684.0,50690.0,50694.0,50694.0,50692.0,50688.0,50690.0,50694.0
303,50690.9,50690.0,50693.0,50684.0,50690.0,50694.0,50694.0,50692.0,50688.0,50690.0,50694.0
304,50690.9,50690.0,50693.0,50684.0,50690.0,50694.0,50694.0,50692.0,50688.0,50690.0,50694.0
305,50690.9,50690.0,50693.0,50684.0,50690.0,50694.0,50694.0,50692.0,50688.0,50690.0,50694.0
306,50690.9,50690.0,50693.0,50684.0,50690.0,50694.0,50694.0,50692.0,50688.0,50690.0,50694.0
307,50690.9,50690.0,50693.0,50684.0,50690.0,50694.0,50694.0,50692.0,50688.0,50690.0,50694.0
308,50690.9,50690.0,50693.0,50684.0,50690.0,50694.0,50694.0,50692.0,50688.0,50690.0,50694.0
309,50690.9,50690.0,50693.0,50684.0,50690.0,50694.0,50694.0,50692.0,50688.0,50690.0,50694.0
310,50690.9,50690.0,50693.0,50684.0,50690.0,50694.0,50694.0,50692.0,50688.0,50690.0,50694.0
311,50690.9,50690.0,50693.0,50684.0,50690.0,50694.0,50694.0,50692.0,50688.0,50690.0,50694.0
312,50690.9,50690.0,50693.0,50684.0,50690.0,50694.0,50694.0,50692.0,50688.0,50690.0,50694.0
313,50690.9,50690.0,50693.0,50684.0,50690.0,50694.0,50694.0,50692.0,50688.0,50690.0,50694.0
314,50690.9,50690.0,50693.0,50684.0,50690.0,50694.0,50694.0,50692.0,50688.0,50690.0,50694.0
315,50690.9,50690.0,50693.0,50684.0,50690.0,50694.0,50694.0,50692.0,50688.0,50690.0,50694.0
316,50690.9,50690.0,50693.0,50684.0,50690.0,50694.0,50694.0,50692.0,50688.0,50690.0,50694.0
317,50690.9,50690.0,50693.0,50684.0,50690.0,50694.0,50694.0,50692.0,50688.0,50690.0,50694.0
318,50690.9,50690.0,50693.0,50684.0,50690.0,50694.0,50694.0,50692.0,50688.0,50690.0,50694.0
319,50690.9,50690.0,50693.0,50684.0,50690.0,50694.0,50694.0,50692.0,50688.0,50690.0,50694.0
320,50690.9,50690.0,50693.0,50684.0,50690.0,50694.0,50694.0,50692.0,50688.0,50690.0,50694.0
321,50690.9,50690.0,50693.0,50684.0,50690.0,50694.0,50694.0,50692.0,50688.0,50690.0,50694.0
322,50690.9,50690.0,50693.0,50684.0,50690.0,50694.0,50694.0,50692.0,50688.0,50690.0,50694.0
323,50690.9,50690.0,50693.0,50684.0,50690.0,50694.0,50694.0,50692.0,50688.0,50690.0,50694.0
324,50690.9,50690.0,50693.0,50684.0,50690.0,50694.0,50694.0,50692.0,50688.0,50690.0,50694.0
325,50690.9,50690.0,50693.0,50684.0,50690.0,50694.0,50694.0,50692.0,50688.0,50690.0,50694.0
326,50690.9,50690.0,50693.0,50684.0,50690.0,50694.0,50694.0,50692.0,50688.0,50690.0,50694.0
327,50690.9,50690.0,50693.0,50684.0,50690.0,50694.0,50694.0,50692.0,50688.0,50690.0,50694.0
328,50690.9,50690.0,50693.0,50684.0,50690.0,50694.0,50694.0,50692.0,50688.0,50690.0,50694.0
329,50690.9,50690.0,50693.0,50684.0,50690.0,50694.0,50694.0,50692.0,50688.0,50690.0,50694.0
330,50690.9,50690.0,50693.0,50684.0,50690.0,50694.0,50694.0,50692.0,50688.0,50690.0,50694.0
331,50690.9,50690.0,50693.0,50684.0,50690.0,50694.0,50694.0,50692.0,50688.0,50690.0,50694.0
332,50690.9,50690.0,50693.0,50684.0,50690.0,50694.0,50694.0,50692.0,50688.0,50690.0,50694.0
333,50690.9,50690.0,50693.0,50684.0,50690.0,50694.0,50694.0,50692.0,50688.0,50690.0,50694.0
334,50690.9,50690.0,50693.0,50684.0,50690.0,50694.0,50694.0,50692.0,50688.0,50690.0,50694.0
335,50690.9,50690.0,50693.0,50684.0,50690.0,50694.0,50694.0,50692.0,50688.0,50690.0,50694.0
336,50690.9,50690.0,50693.0,50684.0,50690.0,50694.0,50694.0,50692.0,50688.0,50690.0,50694.0
337,50690.9,50690.0,50693.0,50684.0,50690.0,50694.0,50694.0,50692.0,50688.0,50690.0,50694.0
338,50690.9,50690.0,50693.0,50684.0,50690.0,50694.0,50694.0,50692.0,50688.0,50690.0,50694.0
339,50690.9,50690.0,50693.0,50684.0,50690.0,50694.0,50694.0,50692.0,50688.0,50690.0,50694.0
340,50690.9,50690.0,50693.0,50684.0,50690.0,50694.0,50694.0,50692.0,50688.0,50690.0,50694.0
341,50690.9,50690.0,50693.0,50684.0,50690.0,50694.0,50694.0,50692.0,50688.0,50690.0,50694.0
342,50690.9,50690.0,50693.0,50684.0,50690.0,50694.0,50694.0,50692.0,50688.0,50690.0,50694.0
343,50690.9,50690.0,50693.0,50684.0,50690.0,50694.0,50694.0,50692.0,50688.0,50690.0,50694.0
344,50690.9,50690.0,50693.0,50684.0,50690.0,50694.0,50694.0,50692.0,50688.0,50690.0,50694.0
345,50690.9,50690.0,50693.0,50684.0,50690.0,50694.0,50694.0,50692.0,50688.0,50690.0,50694.0
346,50690.9,50690.0,50693.0,50684.0,50690.0,50694.0,50694.0,50692.0,50688.0,50690.0,50694.0
347,50690.9,50690.0,50693.0,50684.0,50690.0,50694.0,50694.0,50692.0,50688.0,50690.0,50694.0
348,50690.9,50690.0,50693.0,50684.0,50690.0,50694.0,50694.0,50692.0,50688.0,50690.0,50694.0
349,50690.9,50690.0,50693.0,50684.0,50690.0,50694.0,50694.0,50692.0,50688.0,50690.0,50694.0
350,50690.9,50690.0,50693.0,50684.0,50690.0,50694.0,50694.0,50692.0,50688.0,50690.0,50694.0
351,50690.9,50690.0,50693.0,50684.0,50690.0,50694.0,50694.0,50692.0,50688.0,50690.0,50694.0
352,50690.9,50690.0,50693.0,50684.0,50690.0,50694.0,50694.0,50692.0,50688.0,50690.0,50694.0
353,50690.9,50690.0,50693.0,50684.0,50690.0,50694.0,50694.0,50692.0,50688.0,50690.0,50694.0
354,50690.9,50690.0,50693.0,50684.0,50690.0,50694.0,50694.0,50692.0,50688.0,50690.0,50694.0
355,50690.9,50690.0,50693.0,50684.0,50690.0,50694.0,50694.0,50692.0,50688.0,50690.0,50694.0
356,50690.9,50690.0,50693.0,50684.0,50690.0,50694.0,50694.0,50692.0,50688.0,50690.0,50694.0
357,50690.9,50690.0,50693.0,50684.0,50690.0,50694.0,50694.0,50692.0,50688.0,50690.0,50694.0
358,50690.9,50690.0,50693.0,50684.0,50690.0,50694.0,50694.0,50692.0,50688.0,50690.0,50694.0
359,50690.9,50690.0,50693.0,50684.0,50690.0,50694.0,50694.0,50692.0,50688.0,50690.0,50694.0
360,50690.9,50690.0,50693.0,50684.0,50690.0,50694.0,50694.0,50692.0,50688.0,50690.0,50694.0
361,50690.9,50690.0,50693.0,50684.0,50690.0,50694.0,50694.0,50692.0,50688.0,50690.0,50694.0
362,50690.9,50690.0,50693.0,50684.0,50690.0,50694.0,50694.0,50692.0,50688.0,50690.0,50694.0
363,50690.9,50690.0,50693.0,50684.0,50690.0,50694.0,50694.0,50692.0,50688.0,50690.0,50694.0
364,50690.9,50690.0,50693.0,50684.0,50690.0,50694.0,50694.0,50692.0,50688.0,50690.0,50694.0
365,50690.9,50690.0,50693.0,50684.0,50690.0,50694.0,50694.0,50692.0,50688.0,50690.0,50694.0
366,50690.9,50690.0,50693.0,50684.0,50690.0,50694.0,50694.0,50692.0,50688.0,50690.0,50694.0
367,50690.9,50690.0,50693.0,50684.0,50690.0,50694.0,50694.0,50692.0,50688.0,50690.0,50694.0
368,50690.9,50690.0,50693.0,50684.0,50690.0,50694.0,50694.0,50692.0,50688.0,50690.0,50694.0
369,50690.9,50690.0,50693.0,50684.0,50690.0,50694.0,50694.0,50692.0,50688.0,50690.0,50694.0
370,50690.9,50690.0,50693.0,50684.0,50690.0,50694.0,50694.0,50692.0,50688.0,50690.0,50694.0
371,50690.9,50690.0,50693.0,50684.0,50690.0,50694.0,50694.0,50692.0,50688.0,50690.0,50694.0
372,50690.9,50690.0,50693.0,50684.0,50690.0,50694.0,50694.0,50692.0,50688.0,50690.0,50694.0
373,50690.9,50690.0,50693.0,50684.0,50690.0,50694.0,50694.0,50692.0,50688.0,50690.0,50694.0
374,50690.9,50690.0,50693.0,50684.0,50690.0,50694.0,50694.0,50692.0,50688.0,50690.0,50694.0
375,50690.9,50690.0,50693.0,50684.0,50690.0,50694.0,50694.0,50692.0,50688.0,50690.0,50694.0
376,50690.9,50690.0,50693.0,50684.0,50690.0,50694.0,50694.0,50692.0,50688.0,50690.0,50694.0
377,50690.9,50690.0,50693.0,50684.0,50690.0,50694.0,50694.0,50692.0,50688.0,50690.0,50694.0
378,50690.9,50690.0,50693.0,50684.0,50690.0,50694.0,50694.0,50692.0,50688.0,50690.0,50694.0
379,50690.9,50690.0,50693.0,50684.0,50690.0,50694.0,50694.0,50692.0,50688.0,50690.0,50694.0
380,50690.9,50690.0,50693.0,50684.0,50690.0,50694.0,50694.0,50692.0,50688.0,50690.0,50694.0
381,50690.9,50690.0,50693.0,50684.0,50690.0,50694.0,50694.0,50692.0,50688.0,50690.0,50694.0
382,50690.9,50690.0,50693.0,50684.0,50690.0,50694.0,50694.0,50692.0,50688.0,50690.0,50694.0
383,50690.9,50690.0,50693.0,50684.0,50690.0,50694.0,50694.0,50692.0,50688.0,50690.0,50694.0
384,50690.9,50690.0,50693.0,50684.0,50690.0,50694.0,50694.0,50692.0,50688.0,50690.0,50694.0
385,50690.9,50690.0,50693.0,50684.0,50690.0,50694.0,50694.0,50692.0,50688.0,50690.0,50694.0
386,50690.9,50690.0,50693.0,50684.0,50690.0,50694.0,50694.0,50692.0,50688.0,50690.0,50694.0
387,50690.9,50690.0,50693.0,50684.0,50690.0,50694.0,50694.0,50692.0,50688.0,50690.0,50694.0
388,50690.9,50690.0,50693.0,50684.0,50690.0,50694.0,50694.0,50692.0,50688.0,50690.0,50694.0
389,50690.9,50690.0,50693.0,50684.0,50690.0,50694.0,50694.0,50692.0,50688.0,50690.0,50694.0
390,50690.9,50690.0,50693.0,50684.0,50690.0,50694.0,50694.0,50692.0,50688.0,50690.0,50694.0
391,50690.9,50690.0,50693.0,50684.0,50690.0,50694.0,50694.0,50692.0,50688.0,50690.0,50694.0
392,50690.9,50690.0,50693.0,50684.0,50690.0,50694.0,50694.0,50692.0,50688.0,50690.0,50694.0
393,50690.9,50690.0,50693.0,50684.0,50690.0,50694.0,50694.0,50692.0,50688.0,50690.0,50694.0
394,50690.9,50690.0,50693.0,50684.0,50690.0,50694.0,50694.0,50692.0,50688.0,50690.0,50694.0
395,50690.9,50690.0,50693.0,50684.0,50690.0,50694.0,50694.0,50692.0,50688.0,50690.0,50694.0
396,50690.9,50690.0,50693.0,50684.0,50690.0,50694.0,50694.0,50692.0,50688.0,50690.0,50694.0
397,50690.9,50690.0,50693.0,50684.0,50690.0,50694.0,50694.0,50692.0,50688.0,50690.0,50694.0
398,50690.9,50690.0,50693.0,50684.0,50690.0,50694.0,50694.0,50692.0,50688.0,50690.0,50694.0
399,50690.9,50690.0,50693.0,50684.0,50690.0,50694.0,50694.0,50692.0,50688.0,50690.0,50694.0
400,50690.9,50690.0,50693.0,50684.0,50690.0,50694.0,50694.0,50692.0,50688.0,50690.0,50694.0
401,50690.9,50690.0,50693.0,50684.0,50690.0,50694.0,50694.0,50692.0,50688.0,50690.0,50694.0
402,50690.9,50690.0,50693.0,50684.0,50690.0,50694.0,50694.0,50692.0,50688.0,50690.0,50694.0
403,50690.9,50690.0,50693.0,50684.0,50690.0,50694.0,50694.0,50692.0,50688.0,50690.0,50694.0
404,50690.9,50690.0,50693.0,50684.0,50690.0,50694.0,50694.0,50692.0,50688.0,50690.0,50694.0
405,50690.9,50690.0,50693.0,50684.0,50690.0,50694.0,50694.0,50692.0,50688.0,50690.0,50694.0
406,50690.9,50690.0,50693.0,50684.0,50690.0,50694.0,50694.0,50692.0,50688.0,50690.0,50694.0
407,50690.9,50690.0,50693.0,50684.0,50690.0,50694.0,50694.0,50692.0,50688.0,50690.0,50694.0
408,50690.9,50690.0,50693.0,50684.0,50690.0,50694.0,50694.0,50692.0,50688.0,50690.0,50694.0
409,50690.9,50690.0,50693.0,50684.0,50690.0,50694.0,50694.0,50692.0,50688.0,50690.0,50694.0
410,50690.9,50690.0,50693.0,50684.0,50690.0,50694.0,50694.0,50692.0,50688.0,50690.0,50694.0
411,50690.9,50690.0,50693.0,50684.0,50690.0,50694.0,50694.0,50692.0,50688.0,50690.0,50694.0
412,50690.9,50690.0,50693.0,50684.0,50690.0,50694.0,50694.0,50692.0,50688.0,50690.0,50694.0
413,50690.9,50690.0,50693.0,50684.0,50690.0,50694.0,50694.0,50692.0,50688.0,50690.0,50694.0
414,50690.9,50690.0,50693.0,50684.0,50690.0,50694.0,50694.0,50692.0,50688.0,50690.0,50694.0
415,50690.9,50690.0,50693.0,50684.0,50690.0,50694.0,50694.0,50692.0,50688.0,50690.0,50694.0
416,50690.9,50690.0,50693.0,50684.0,50690.0,50694.0,50694.0,50692.0,50688.0,50690.0,50694.0
417,50690.9,50690.0,50693.0,50684.0,50690.0,50694.0,50694.0,50692.0,50688.0,50690.0,50694.0
418,50690.9,50690.0,50693.0,50684.0,50690.0,50694.0,50694.0,50692.0,50688.0,50690.0,50694.0
419,50690.9,50690.0,50693.0,50684.0,50690.0,50694.0,50694.0,50692.0,50688.0,50690.0,50694.0
420,50690.9,50690.0,50693.0,50684.0,50690.0,50694.0,50694.0,50692.0,50688.0,50690.0,50694.0
421,50690.9,50690.0,50693.0,50684.0,50690.0,50694.0,50694.0,50692.0,50688.0,50690.0,50694.0
422,50690.9,50690.0,50693.0,50684.0,50690.0,50694.0,50694.0,50692.0,50688.0,50690.0,50694.0
423,50690.9,50690.0,50693.0,50684.0,50690.0,50694.0,50694.0,50692.0,50688.0,50690.0,50694.0
424,50690.9,50690.0,50693.0,50684.0,50690.0,50694.0,50694.0,50692.0,50688.0,50690.0,50694.0
425,50690.9,50690.0,50693.0,50684.0,50690.0,50694.0,50694.0,50692.0,50688.0,50690.0,50694.0
426,50690.9,50690.0,50693.0,50684.0,50690.0,50694.0,50694.0,50692.0,50688.0,50690.0,50694.0
427,50690.9,50690.0,50693.0,50684.0,50690.0,50694.0,50694.0,50692.0,50688.0,50690.0,50694.0
428,50690.9,50690.0,50693.0,50684.0,50690.0,50694.0,50694.0,50692.0,50688.0,50690.0,50694.0
429,50690.9,50690.0,50693.0,50684.0,50690.0,50694.0,50694.0,50692.0,50688.0,50690.0,50694.0
430,50690.9,50690.0,50693.0,50684.0,50690.0,50694.0,50694.0,50692.0,50688.0,50690.0,50694.0
431,50690.9,50690.0,50693.0,50684.0,50690.0,50694.0,50694.0,50692.0,50688.0,50690.0,50694.0
432,50690.9,50690.0,50693.0,50684.0,50690.0,50694.0,50694.0,50692.0,50688.0,50690.0,50694.0
433,50690.9,50690.0,50693.0,50684.0,50690.0,50694.0,50694.0,50692.0,50688.0,50690.0,50694.0
434,50690.9,50690.0,50693.0,50684.0,50690.0,50694.0,50694.0,50692.0,50688.0,50690.0,50694.0
435,50690.9,50690.0,50693.0,50684.0,50690.0,50694.0,50694.0,50692.0,50688.0,50690.0,50694.0
436,50690.9,50690.0,50693.0,50684.0,50690.0,50694.0,50694.0,50692.0,50688.0,50690.0,50694.0
437,50690.9,50690.0,50693.0,50684.0,50690.0,50694.0,50694.0,50692.0,50688.0,50690.0,50694.0
438,50690.9,50690.0,50693.0,50684.0,50690.0,50694.0,50694.0,50692.0,50688.0,50690.0,50694.0
439,50690.9,50690.0,50693.0,50684.0,50690.0,50694.0,50694.0,50692.0,50688.0,50690.0,50694.0
440,50690.9,50690.0,50693.0,50684.0,50690.0,50694.0,50694.0,50692.0,50688.0,50690.0,50694.0
441,50690.9,50690.0,50693.0,50684.0,50690.0,50694.0,50694.0,50692.0,50688.0,50690.0,50694.0
442,50690.9,50690.0,50693.0,50684.0,50690.0,50694.0,50694.0,50692.0,50688.0,50690.0,50694.0
443,50690.9,50690.0,50693.0,50684.0,50690.0,50694.0,50694.0,50692.0,50688.0,50690.0,50694.0
444,50690.9,50690.0,50693.0,50684.0,50690.0,50694.0,50694.0,50692.0,50688.0,50690.0,50694.0
445,50690.9,50690.0,50693.0,50684.0,50690.0,50694.0,50694.0,50692.0,50688.0,50690.0,50694.0
446,50690.9,50690.0,50693.0,50684.0,50690.0,50694.0,50694.0,50692.0,50688.0,50690.0,50694.0
447,50690.9,50690.0,50693.0,50684.0,50690.0,50694.0,50694.0,50692.0,50688.0,50690.0,50694.0
448,50690.9,50690.0,50693.0,50684.0,50690.0,50694.0,50694.0,50692.0,50688.0,50690.0,50694.0
449,50690.9,50690.0,50693.0,50684.0,50690.0,50694.0,50694.0,50692.0,50688.0,50690.0,50694.0
450,50690.9,50690.0,50693.0,50684.0,50690.0,50694.0,50694.0,50692.0,50688.0,50690.0,50694.0
451,50690.9,50690.0,50693.0,50684.0,50690.0,50694.0,50694.0,50692.0,50688.0,50690.0,50694.0
452,50690.9,50690.0,50693.0,50684.0,50690.0,50694.0,50694.0,50692.0,50688.0,50690.0,50694.0
453,50690.9,50690.0,50693.0,50684.0,50690.0,50694.0,50694.0,50692.0,50688.0,50690.0,50694.0
454,50690.9,50690.0,50693.0,50684.0,50690.0,50694.0,50694.0,50692.0,50688.0,50690.0,50694.0
455,50690.9,50690.0,50693.0,50684.0,50690.0,50694.0,50694.0,50692.0,50688.0,50690.0,50694.0
456,50690.9,50690.0,50693.0,50684.0,50690.0,50694.0,50694.0,50692.0,50688.0,50690.0,50694.0
457,50690.9,50690.0,50693.0,50684.0,50690.0,50694.0,50694.0,50692.0,50688.0,50690.0,50694.0
458,50690.9,50690.0,50693.0,50684.0,50690.0,50694.0,50694.0,50692.0,50688.0,50690.0,50694.0
459,50690.9,50690.0,50693.0,50684.0,50690.0,50694.0,50694.0,50692.0,50688.0,50690.0,50694.0
460,50690.9,50690.0,50693.0,50684.0,50690.0,50694.0,50694.0,50692.0,50688.0,50690.0,50694.0
461,50690.9,50690.0,50693.0,50684.0,50690.0,50694.0,50694.0,50692.0,50688.0,50690.0,50694.0
462,50690.9,50690.0,50693.0,50684.0,50690.0,50694.0,50694.0,50692.0,50688.0,50690.0,50694.0
463,50690.9,50690.0,50693.0,50684.0,50690.0,50694.0,50694.0,50692.0,50688.0,50690.0,50694.0
464,50690.9,50690.0,50693.0,50684.0,50690.0,50694.0,50694.0,50692.0,50688.0,50690.0,50694.0
465,50690.9,50690.0,50693.0,50684.0,50690.0,50694.0,50694.0,50692.0,50688.0,50690.0,50694.0
466,50690.9,50690.0,50693.0,50684.0,50690.0,50694.0,50694.0,50692.0,50688.0,50690.0,50694.0
467,50690.9,50690.0,50693.0,50684.0,50690.0,50694.0,50694.0,50692.0,50688.0,50690.0,50694.0
468,50690.9,50690.0,50693.0,50684.0,50690.0,50694.0,50694.0,50692.0,50688.0,50690.0,50694.0
469,50690.9,50690.0,50693.0,50684.0,50690.0,50694.0,50694.0,50692.0,50688.0,50690.0,50694.0
470,50690.9,50690.0,50693.0,50684.0,50690.0,50694.0,50694.0,50692.0,50688.0,50690.0,50694.0
471,50690.9,50690.0,50693.0,50684.0,50690.0,50694.0,50694.0,50692.0,50688.0,50690.0,50694.0
472,50690.9,50690.0,50693.0,50684.0,50690.0,50694.0,50694.0,50692.0,50688.0,50690.0,50694.0
473,50690.9,50690.0,50693.0,50684.0,50690.0,50694.0,50694.0,50692.0,50688.0,50690.0,50694.0
474,50690.9,50690.0,50693.0,50684.0,50690.0,50694.0,50694.0,50692.0,50688.0,50690.0,50694.0
475,50690.9,50690.0,50693.0,50684.0,50690.0,50694.0,50694.0,50692.0,50688.0,50690.0,50694.0
476,50690.9,50690.0,50693.0,50684.0,50690.0,50694.0,50694.0,50692.0,50688.0,50690.0,50694.0
477,50690.9,50690.0,50693.0,50684.0,50690.0,50694.0,50694.0,50692.0,50688.0,50690.0,50694.0
478,50690.9,50690.0,50693.0,50684.0,50690.0,50694.0,50694.0,50692.0,50688.0,50690.0,50694.0
479,50690.9,50690.0,50693.0,50684.0,50690.0,50694.0,50694.0,50692.0,50688.0,50690.0,50694.0
480,50690.9,50690.0,50693.0,50684.0,50690.0,50694.0,50694.0,50692.0,50688.0,50690.0,50694.0
481,50690.9,50690.0,50693.0,50684.0,50690.0,50694.0,50694.0,50692.0,50688.0,50690.0,50694.0
482,50690.9,50690.0,50693.0,50684.0,50690.0,50694.0,50694.0,50692.0,50688.0,50690.0,50694.0
483,50690.9,50690.0,50693.0,50684.0,50690.0,50694.0,50694.0,50692.0,50688.0,50690.0,50694.0
484,50690.9,50690.0,50693.0,50684.0,50690.0,50694.0,50694.0,50692.0,50688.0,50690.0,50694.0
485,50690.9,50690.0,50693.0,50684.0,50690.0,50694.0,50694.0,50692.0,50688.0,50690.0,50694.0
486,50690.9,50690.0,50693.0,50684.0,50690.0,50694.0,50694.0,50692.0,50688.0,50690.0,50694.0
487,50690.9,50690.0,50693.0,50684.0,50690.0,50694.0,50694.0,50692.0,50688.0,50690.0,50694.0
488,50690.9,50690.0,50693.0,50684.0,50690.0,50694.0,50694.0,50692.0,50688.0,50690.0,50694.0
489,50690.9,50690.0,50693.0,50684.0,50690.0,50694.0,50694.0,50692.0,50688.0,50690.0,50694.0
490,50690.9,50690.0,50693.0,50684.0,50690.0,50694.0,50694.0,50692.0,50688.0,50690.0,50694.0
491,50690.9,50690.0,50693.0,50684.0,50690.0,50694.0,50694.0,50692.0,50688.0,50690.0,50694.0
492,50690.9,50690.0,50693.0,50684.0,50690.0,50694.0,50694.0,50692.0,50688.0,50690.0,50694.0
493,50690.9,50690.0,50693.0,50684.0,50690.0,50694.0,50694.0,50692.0,50688.0,50690.0,50694.0
494,50690.9,50690.0,50693.0,50684.0,50690.0,50694.0,50694.0,50692.0,50688.0,50690.0,50694.0
495,50690.9,50690.0,50693.0,50684.0,50690.0,50694.0,50694.0,50692.0,50688.0,50690.0,50694.0
496,50690.9,50690.0,50693.0,50684.0,50690.0,50694.0,50694.0,50692.0,50688.0,50690.0,50694.0
497,50690.9,50690.0,50693.0,50684.0,50690.0,50694.0,50694.0,50692.0,50688.0,50690.0,50694.0
498,50690.9,50690.0,50693.0,50684.0,50690.0,50694.0,50694.0,50692.0,50688.0,50690.0,50694.0
499,50690.9,50690.0,50693.0,50684.0,50690.0,50694.0,50694.0,50692.0,50688.0,50690.0,50694.0
500,50690.9,50690.0,50693.0,50684.0,50690.0,50694.0,50694.0,50692.0,50688.0,50690.0,50694.0
501,50690.9,50690.0,50693.0,50684.0,50690.0,50694.0,50694.0,50692.0,50688.0,50690.0,50694.0
502,50690.9,50690.0,50693.0,50684.0,50690.0,50694.0,50694.0,50692.0,50688.0,50690.0,50694.0
503,50690.9,50690.0,50693.0,50684.0,50690.0,50694.0,50694.0,50692.0,50688.0,50690.0,50694.0
504,50690.9,50690.0,50693.0,50684.0,50690.0,50694.0,50694.0,50692.0,50688.0,50690.0,50694.0
505,50690.9,50690.0,50693.0,50684.0,50690.0,50694.0,50694.0,50692.0,50688.0,50690.0,50694.0
506,50690.9,50690.0,50693.0,50684.0,50690.0,50694.0,50694.0,50692.0,50688.0,50690.0,50694.0
507,50690.9,50690.0,50693.0,50684.0,50690.0,50694.0,50694.0,50692.0,50688.0,50690.0,50694.0
508,50690.9,50690.0,50693.0,50684.0,50690.0,50694.0,50694.0,50692.0,50688.0,50690.0,50694.0
509,50690.9,50690.0,50693.0,50684.0,50690.0,50694.0,50694.0,50692.0,50688.0,50690.0,50694.0
510,50690.9,50690.0,50693.0,50684.0,50690.0,50694.0,50694.0,50692.0,50688.0,50690.0,50694.0
511,50690.9,50690.0,50693.0,50684.0,50690.0,50694.0,50694.0,50692.0,50688.0,50690.0,50694.0
512,50690.9,50690.0,50693.0,50684.0,50690.0,50694.0,50694.0,50692.0,50688.0,50690.0,50694.0
513,50690.9,50690.0,50693.0,50684.0,50690.0,50694.0,50694.0,50692.0,50688.0,50690.0,50694.0
514,50690.9,50690.0,50693.0,50684.0,50690.0,50694.0,50694.0,50692.0,50688.0,50690.0,50694.0
515,50690.9,50690.0,50693.0,50684.0,50690.0,50694.0,50694.0,50692.0,50688.0,50690.0,50694.0
516,50690.9,50690.0,50693.0,50684.0,50690.0,50694.0,50694.0,50692.0,50688.0,50690.0,50694.0
517,50690.9,50690.0,50693.0,50684.0,50690.0,50694.0,50694.0,50692.0,50688.0,50690.0,50694.0
518,50690.9,50690.0,50693.0,50684.0,50690.0,50694.0,50694.0,50692.0,50688.0,50690.0,50694.0
519,50690.9,50690.0,50693.0,50684.0,50690.0,50694.0,50694.0,50692.0,50688.0,50690.0,50694.0
520,50690.9,50690.0,50693.0,50684.0,50690.0,50694.0,50694.0,50692.0,50688.0,50690.0,50694.0
521,50690.9,50690.0,50693.0,50684.0,50690.0,50694.0,50694.0,50692.0,50688.0,50690.0,50694.0
522,50690.9,50690.0,50693.0,50684.0,50690.0,50694.0,50694.0,50692.0,50688.0,50690.0,50694.0
523,50690.9,50690.0,50693.0,50684.0,50690.0,50694.0,50694.0,50692.0,50688.0,50690.0,50694.0
524,50690.9,50690.0,50693.0,50684.0,50690.0,50694.0,50694.0,50692.0,50688.0,50690.0,50694.0
525,50690.9,50690.0,50693.0,50684.0,50690.0,50694.0,50694.0,50692.0,50688.0,50690.0,50694.0
526,50690.9,50690.0,50693.0,50684.0,50690.0,50694.0,50694.0,50692.0,50688.0,50690.0,50694.0
527,50690.9,50690.0,50693.0,50684.0,50690.0,50694.0,50694.0,50692.0,50688.0,50690.0,50694.0
528,50690.9,50690.0,50693.0,50684.0,50690.0,50694.0,50694.0,50692.0,50688.0,50690.0,50694.0
529,50690.9,50690.0,50693.0,50684.0,50690.0,50694.0,50694.0,50692.0,50688.0,50690.0,50694.0
530,50690.9,50690.0,50693.0,50684.0,50690.0,50694.0,50694.0,50692.0,50688.0,50690.0,50694.0
531,50690.9,50690.0,50693.0,50684.0,50690.0,50694.0,50694.0,50692.0,50688.0,50690.0,50694.0
532,50690.9,50690.0,50693.0,50684.0,50690.0,50694.0,50694.0,50692.0,50688.0,50690.0,50694.0
533,50690.9,50690.0,50693.0,50684.0,50690.0,50694.0,50694.0,50692.0,50688.0,50690.0,50694.0
534,50690.9,50690.0,50693.0,50684.0,50690.0,50694.0,50694.0,50692.0,50688.0,50690.0,50694.0
535,50690.9,50690.0,50693.0,50684.0,50690.0,50694.0,50694.0,50692.0,50688.0,50690.0,50694.0
536,50690.9,50690.0,50693.0,50684.0,50690.0,50694.0,50694.0,50692.0,50688.0,50690.0,50694.0
537,50690.9,50690.0,50693.0,50684.0,50690.0,50694.0,50694.0,50692.0,50688.0,50690.0,50694.0
538,50690.9,50690.0,50693.0,50684.0,50690.0,50694.0,50694.0,50692.0,50688.0,50690.0,50694.0
539,50690.9,50690.0,50693.0,50684.0,50690.0,50694.0,50694.0,50692.0,50688.0,50690.0,50694.0
540,50690.9,50690.0,50693.0,50684.0,50690.0,50694.0,50694.0,50692.0,50688.0,50690.0,50694.0
541,50690.9,50690.0,50693.0,50684.0,50690.0,50694.0,50694.0,50692.0,50688.0,50690.0,50694.0
542,50690.9,50690.0,50693.0,50684.0,50690.0,50694.0,50694.0,50692.0,50688.0,50690.0,50694.0
543,50690.9,50690.0,50693.0,50684.0,50690.0,50694.0,50694.0,50692.0,50688.0,50690.0,50694.0
544,50690.9,50690.0,50693.0,50684.0,50690.0,50694.0,50694.0,50692.0,50688.0,50690.0,50694.0
545,50690.9,50690.0,50693.0,50684.0,50690.0,50694.0,50694.0,50692.0,50688.0,50690.0,50694.0
546,50690.9,50690.0,50693.0,50684.0,50690.0,50694.0,50694.0,50692.0,50688.0,50690.0,50694.0
547,50690.9,50690.0,50693.0,50684.0,50690.0,50694.0,50694.0,50692.0,50688.0,50690.0,50694.0
548,50690.9,50690.0,50693.0,50684.0,50690.0,50694.0,50694.0,50692.0,50688.0,50690.0,50694.0
549,50690.9,50690.0,50693.0,50684.0,50690.0,50694.0,50694.0,50692.0,50688.0,50690.0,50694.0
550,50690.9,50690.0,50693.0,50684.0,50690.0,50694.0,50694.0,50692.0,50688.0,50690.0,50694.0
551,50690.9,50690.0,50693.0,50684.0,50690.0,50694.0,50694.0,50692.0,50688.0,50690.0,50694.0
552,50690.9,50690.0,50693.0,50684.0,50690.0,50694.0,50694.0,50692.0,50688.0,50690.0,50694.0
553,50690.9,50690.0,50693.0,50684.0,50690.0,50694.0,50694.0,50692.0,50688.0,50690.0,50694.0
554,50690.9,50690.0,50693.0,50684.0,50690.0,50694.0,50694.0,50692.0,50688.0,50690.0,50694.0
555,50690.9,50690.0,50693.0,50684.0,50690.0,50694.0,50694.0,50692.0,50688.0,50690.0,50694.0
556,50690.9,50690.0,50693.0,50684.0,50690.0,50694.0,50694.0,50692.0,50688.0,50690.0,50694.0
557,50690.9,50690.0,50693.0,50684.0,50690.0,50694.0,50694.0,50692.0,50688.0,50690.0,50694.0
558,50690.9,50690.0,50693.0,50684.0,50690.0,50694.0,50694.0,50692.0,50688.0,50690.0,50694.0
559,50690.9,50690.0,50693.0,50684.0,50690.0,50694.0,50694.0,50692.0,50688.0,50690.0,50694.0
560,50690.9,50690.0,50693.0,50684.0,50690.0,50694.0,50694.0,50692.0,50688.0,50690.0,50694.0
561,50690.9,50690.0,50693.0,50684.0,50690.0,50694.0,50694.0,50692.0,50688.0,50690.0,50694.0
562,50690.9,50690.0,50693.0,50684.0,50690.0,50694.0,50694.0,50692.0,50688.0,50690.0,50694.0
563,50690.9,50690.0,50693.0,50684.0,50690.0,50694.0,50694.0,50692.0,50688.0,50690.0,50694.0
564,50690.9,50690.0,50693.0,50684.0,50690.0,50694.0,50694.0,50692.0,50688.0,50690.0,50694.0
565,50690.9,50690.0,50693.0,50684.0,50690.0,50694.0,50694.0,50692.0,50688.0,50690.0,50694.0
566,50690.9,50690.0,50693.0,50684.0,50690.0,50694.0,50694.0,50692.0,50688.0,50690.0,50694.0
567,50690.9,50690.0,50693.0,50684.0,50690.0,50694.0,50694.0,50692.0,50688.0,50690.0,50694.0
568,50690.9,50690.0,50693.0,50684.0,50690.0,50694.0,50694.0,50692.0,50688.0,50690.0,50694.0
569,50690.9,50690.0,50693.0,50684.0,50690.0,50694.0,50694.0,50692.0,50688.0,50690.0,50694.0
570,50690.9,50690.0,50693.0,50684.0,50690.0,50694.0,50694.0,50692.0,50688.0,50690.0,50694.0
571,50690.9,50690.0,50693.0,50684.0,50690.0,50694.0,50694.0,50692.0,50688.0,50690.0,50694.0
572,50690.9,50690.0,50693.0,50684.0,50690.0,50694.0,50694.0,50692.0,50688.0,50690.0,50694.0
573,50690.9,50690.0,50693.0,50684.0,50690.0,50694.0,50694.0,50692.0,50688.0,50690.0,50694.0
574,50690.9,50690.0,50693.0,50684.0,50690.0,50694.0,50694.0,50692.0,50688.0,50690.0,50694.0
575,50690.9,50690.0,50693.0,50684.0,50690.0,50694.0,50694.0,50692.0,50688.0,50690.0,50694.0
576,50690.9,50690.0,50693.0,50684.0,50690.0,50694.0,50694.0,50692.0,50688.0,50690.0,50694.0
577,50690.9,50690.0,50693.0,50684.0,50690.0,50694.0,50694.0,50692.0,50688.0,50690.0,50694.0
578,50690.9,50690.0,50693.0,50684.0,50690.0,50694.0,50694.0,50692.0,50688.0,50690.0,50694.0
579,50690.9,50690.0,50693.0,50684.0,50690.0,50694.0,50694.0,50692.0,50688.0,50690.0,50694.0
580,50690.9,50690.0,50693.0,50684.0,50690.0,50694.0,50694.0,50692.0,50688.0,50690.0,50694.0
581,50690.9,50690.0,50693.0,50684.0,50690.0,50694.0,50694.0,50692.0,50688.0,50690.0,50694.0
582,50690.9,50690.0,50693.0,50684.0,50690.0,50694.0,50694.0,50692.0,50688.0,50690.0,50694.0
583,50690.9,50690.0,50693.0,50684.0,50690.0,50694.0,50694.0,50692.0,50688.0,50690.0,50694.0
584,50690.9,50690.0,50693.0,50684.0,50690.0,50694.0,50694.0,50692.0,50688.0,50690.0,50694.0
585,50690.9,50690.0,50693.0,50684.0,50690.0,50694.0,50694.0,50692.0,50688.0,50690.0,50694.0
586,50690.9,50690.0,50693.0,50684.0,50690.0,50694.0,50694.0,50692.0,50688.0,50690.0,50694.0
587,50690.9,50690.0,50693.0,50684.0,50690.0,50694.0,50694.0,50692.0,50688.0,50690.0,50694.0
588,50690.9,50690.0,50693.0,50684.0,50690.0,50694.0,50694.0,50692.0,50688.0,50690.0,50694.0
589,50690.9,50690.0,50693.0,50684.0,50690.0,50694.0,50694.0,50692.0,50688.0,50690.0,50694.0
590,50690.9,50690.0,50693.0,50684.0,50690.0,50694.0,50694.0,50692.0,50688.0,50690.0,50694.0
591,50690.9,50690.0,50693.0,50684.0,50690.0,50694.0,50694.0,50692.0,50688.0,50690.0,50694.0
592,50690.9,50690.0,50693.0,50684.0,50690.0,50694.0,50694.0,50692.0,50688.0,50690.0,50694.0
593,50690.9,50690.0,50693.0,50684.0,50690.0,50694.0,50694.0,50692.0,50688.0,50690.0,50694.0
594,50690.9,50690.0,50693.0,50684.0,50690.0,50694.0,50694.0,50692.0,50688.0,50690.0,50694.0
595,50690.9,50690.0,50693.0,50684.0,50690.0,50694.0,50694.0,50692.0,50688.0,50690.0,50694.0
596,50690.9,50690.0,50693.0,50684.0,50690.0,50694.0,50694.0,50692.0,50688.0,50690.0,50694.0
597,50690.9,50690.0,50693.0,50684.0,50690.0,50694.0,50694.0,50692.0,50688.0,50690.0,50694.0
598,50690.9,50690.0,50693.0,50684.0,50690.0,50694.0,50694.0,50692.0,50688.0,50690.0,50694.0
599,50690.9,50690.0,50693.0,50684.0,50690.0,50694.0,50694.0,50692.0,50688.0,50690.0,50694.0
600,50690.9,50690.0,50693.0,50684.0,50690.0,50694.0,50694.0,50692.0,50688.0,50690.0,50694.0
601,50690.9,50690.0,50693.0,50684.0,50690.0,50694.0,50694.0,50692.0,50688.0,50690.0,50694.0
602,50690.9,50690.0,50693.0,50684.0,50690.0,50694.0,50694.0,50692.0,50688.0,50690.0,50694.0
603,50690.9,50690.0,50693.0,50684.0,50690.0,50694.0,50694.0,50692.0,50688.0,50690.0,50694.0
604,50690.9,50690.0,50693.0,50684.0,50690.0,50694.0,50694.0,50692.0,50688.0,50690.0,50694.0
605,50690.9,50690.0,50693.0,50684.0,50690.0,50694.0,50694.0,50692.0,50688.0,50690.0,50694.0
606,50690.9,50690.0,50693.0,50684.0,50690.0,50694.0,50694.0,50692.0,50688.0,50690.0,50694.0
607,50690.9,50690.0,50693.0,50684.0,50690.0,50694.0,50694.0,50692.0,50688.0,50690.0,50694.0
608,50690.9,50690.0,50693.0,50684.0,50690.0,50694.0,50694.0,50692.0,50688.0,50690.0,50694.0
609,50690.9,50690.0,50693.0,50684.0,50690.0,50694.0,50694.0,50692.0,50688.0,50690.0,50694.0
610,50690.9,50690.0,50693.0,50684.0,50690.0,50694.0,50694.0,50692.0,50688.0,50690.0,50694.0
611,50690.9,50690.0,50693.0,50684.0,50690.0,50694.0,50694.0,50692.0,50688.0,50690.0,50694.0
612,50690.9,50690.0,50693.0,50684.0,50690.0,50694.0,50694.0,50692.0,50688.0,50690.0,50694.0
613,50690.9,50690.0,50693.0,50684.0,50690.0,50694.0,50694.0,50692.0,50688.0,50690.0,50694.0
614,50690.9,50690.0,50693.0,50684.0,50690.0,50694.0,50694.0,50692.0,50688.0,50690.0,50694.0
615,50690.9,50690.0,50693.0,50684.0,50690.0,50694.0,50694.0,50692.0,50688.0,50690.0,50694.0
616,50690.9,50690.0,50693.0,50684.0,50690.0,50694.0,50694.0,50692.0,50688.0,50690.0,50694.0
617,50690.9,50690.0,50693.0,50684.0,50690.0,50694.0,50694.0,50692.0,50688.0,50690.0,50694.0
618,50690.9,50690.0,50693.0,50684.0,50690.0,50694.0,50694.0,50692.0,50688.0,50690.0,50694.0
619,50690.9,50690.0,50693.0,50684.0,50690.0,50694.0,50694.0,50692.0,50688.0,50690.0,50694.0
620,50690.9,50690.0,50693.0,50684.0,50690.0,50694.0,50694.0,50692.0,50688.0,50690.0,50694.0
621,50690.9,50690.0,50693.0,50684.0,50690.0,50694.0,50694.0,50692.0,50688.0,50690.0,50694.0
622,50690.9,50690.0,50693.0,50684.0,50690.0,50694.0,50694.0,50692.0,50688.0,50690.0,50694.0
623,50690.9,50690.0,50693.0,50684.0,50690.0,50694.0,50694.0,50692.0,50688.0,50690.0,50694.0
624,50690.9,50690.0,50693.0,50684.0,50690.0,50694.0,50694.0,50692.0,50688.0,50690.0,50694.0
625,50690.9,50690.0,50693.0,50684.0,50690.0,50694.0,50694.0,50692.0,50688.0,50690.0,50694.0
626,50690.9,50690.0,50693.0,50684.0,50690.0,50694.0,50694.0,50692.0,50688.0,50690.0,50694.0
627,50690.9,50690.0,50693.0,50684.0,50690.0,50694.0,50694.0,50692.0,50688.0,50690.0,50694.0
628,50690.9,50690.0,50693.0,50684.0,50690.0,50694.0,50694.0,50692.0,50688.0,50690.0,50694.0
629,50690.9,50690.0,50693.0,50684.0,50690.0,50694.0,50694.0,50692.0,50688.0,50690.0,50694.0
630,50690.9,50690.0,50693.0,50684.0,50690.0,50694.0,50694.0,50692.0,50688.0,50690.0,50694.0
631,50690.9,50690.0,50693.0,50684.0,50690.0,50694.0,50694.0,50692.0,50688.0,50690.0,50694.0
632,50690.9,50690.0,50693.0,50684.0,50690.0,50694.0,50694.0,50692.0,50688.0,50690.0,50694.0
633,50690.9,50690.0,50693.0,50684.0,50690.0,50694.0,50694.0,50692.0,50688.0,50690.0,50694.0
634,50690.9,50690.0,50693.0,50684.0,50690.0,50694.0,50694.0,50692.0,50688.0,50690.0,50694.0
635,50690.9,50690.0,50693.0,50684.0,50690.0,50694.0,50694.0,50692.0,50688.0,50690.0,50694.0
636,50690.9,50690.0,50693.0,50684.0,50690.0,50694.0,50694.0,50692.0,50688.0,50690.0,50694.0
637,50690.9,50690.0,50693.0,50684.0,50690.0,50694.0,50694.0,50692.0,50688.0,50690.0,50694.0
638,50690.9,50690.0,50693.0,50684.0,50690.0,50694.0,50694.0,50692.0,50688.0,50690.0,50694.0
639,50690.9,50690.0,50693.0,50684.0,50690.0,50694.0,50694.0,50692.0,50688.0,50690.0,50694.0
640,50690.9,50690.0,50693.0,50684.0,50690.0,50694.0,50694.0,50692.0,50688.0,50690.0,50694.0
641,50690.9,50690.0,50693.0,50684.0,50690.0,50694.0,50694.0,50692.0,50688.0,50690.0,50694.0
642,50690.9,50690.0,50693.0,50684.0,50690.0,50694.0,50694.0,50692.0,50688.0,50690.0,50694.0
643,50690.9,50690.0,50693.0,50684.0,50690.0,50694.0,50694.0,50692.0,50688.0,50690.0,50694.0
644,50690.9,50690.0,50693.0,50684.0,50690.0,50694.0,50694.0,50692.0,50688.0,50690.0,50694.0
645,50690.9,50690.0,50693.0,50684.0,50690.0,50694.0,50694.0,50692.0,50688.0,50690.0,50694.0
646,50690.9,50690.0,50693.0,50684.0,50690.0,50694.0,50694.0,50692.0,50688.0,50690.0,50694.0
647,50690.9,50690.0,50693.0,50684.0,50690.0,50694.0,50694.0,50692.0,50688.0,50690.0,50694.0
648,50690.9,50690.0,50693.0,50684.0,50690.0,50694.0,50694.0,50692.0,50688.0,50690.0,50694.0
649,50690.9,50690.0,50693.0,50684.0,50690.0,50694.0,50694.0,50692.0,50688.0,50690.0,50694.0
650,50690.9,50690.0,50693.0,50684.0,50690.0,50694.0,50694.0,50692.0,50688.0,50690.0,50694.0
651,50690.9,50690.0,50693.0,50684.0,50690.0,50694.0,50694.0,50692.0,50688.0,50690.0,50694.0
652,50690.9,50690.0,50693.0,50684.0,50690.0,50694.0,50694.0,50692.0,50688.0,50690.0,50694.0
653,50690.9,50690.0,50693.0,50684.0,50690.0,50694.0,50694.0,50692.0,50688.0,50690.0,50694.0
654,50690.9,50690.0,50693.0,50684.0,50690.0,50694.0,50694.0,50692.0,50688.0,50690.0,50694.0
655,50690.9,50690.0,50693.0,50684.0,50690.0,50694.0,50694.0,50692.0,50688.0,50690.0,50694.0
656,50690.9,50690.0,50693.0,50684.0,50690.0,50694.0,50694.0,50692.0,50688.0,50690.0,50694.0
657,50690.9,50690.0,50693.0,50684.0,50690.0,50694.0,50694.0,50692.0,50688.0,50690.0,50694.0
658,50690.9,50690.0,50693.0,50684.0,50690.0,50694.0,50694.0,50692.0,50688.0,50690.0,50694.0
659,50690.9,50690.0,50693.0,50684.0,50690.0,50694.0,50694.0,50692.0,50688.0,50690.0,50694.0
660,50690.9,50690.0,50693.0,50684.0,50690.0,50694.0,50694.0,50692.0,50688.0,50690.0,50694.0
661,50690.9,50690.0,50693.0,50684.0,50690.0,50694.0,50694.0,50692.0,50688.0,50690.0,50694.0
662,50690.9,50690.0,50693.0,50684.0,50690.0,50694.0,50694.0,50692.0,50688.0,50690.0,50694.0
663,50690.9,50690.0,50693.0,50684.0,50690.0,50694.0,50694.0,50692.0,50688.0,50690.0,50694.0
664,50690.9,50690.0,50693.0,50684.0,50690.0,50694.0,50694.0,50692.0,50688.0,50690.0,50694.0
665,50690.9,50690.0,50693.0,50684.0,50690.0,50694.0,50694.0,50692.0,50688.0,50690.0,50694.0
666,50690.9,50690.0,50693.0,50684.0,50690.0,50694.0,50694.0,50692.0,50688.0,50690.0,50694.0
667,50690.9,50690.0,50693.0,50684.0,50690.0,50694.0,50694.0,50692.0,50688.0,50690.0,50694.0
668,50690.9,50690.0,50693.0,50684.0,50690.0,50694.0,50694.0,50692.0,50688.0,50690.0,50694.0
669,50690.9,50690.0,50693.0,50684.0,50690.0,50694.0,50694.0,50692.0,50688.0,50690.0,50694.0
670,50690.9,50690.0,50693.0,50684.0,50690.0,50694.0,50694.0,50692.0,50688.0,50690.0,50694.0
671,50690.9,50690.0,50693.0,50684.0,50690.0,50694.0,50694.0,50692.0,50688.0,50690.0,50694.0
672,50690.9,50690.0,50693.0,50684.0,50690.0,50694.0,50694.0,50692.0,50688.0,50690.0,50694.0
673,50690.9,50690.0,50693.0,50684.0,50690.0,50694.0,50694.0,50692.0,50688.0,50690.0,50694.0
674,50690.9,50690.0,50693.0,50684.0,50690.0,50694.0,50694.0,50692.0,50688.0,50690.0,50694.0
675,50690.9,50690.0,50693.0,50684.0,50690.0,50694.0,50694.0,50692.0,50688.0,50690.0,50694.0
676,50690.9,50690.0,50693.0,50684.0,50690.0,50694.0,50694.0,50692.0,50688.0,50690.0,50694.0
677,50690.9,50690.0,50693.0,50684.0,50690.0,50694.0,50694.0,50692.0,50688.0,50690.0,50694.0
678,50690.9,50690.0,50693.0,50684.0,50690.0,50694.0,50694.0,50692.0,50688.0,50690.0,50694.0
679,50690.9,50690.0,50693.0,50684.0,50690.0,50694.0,50694.0,50692.0,50688.0,50690.0,50694.0
680,50690.9,50690.0,50693.0,50684.0,50690.0,50694.0,50694.0,50692.0,50688.0,50690.0,50694.0
681,50690.9,50690.0,50693.0,50684.0,50690.0,50694.0,50694.0,50692.0,50688.0,50690.0,50694.0
682,50690.9,50690.0,50693.0,50684.0,50690.0,50694.0,50694.0,50692.0,50688.0,50690.0,50694.0
683,50690.9,50690.0,50693.0,50684.0,50690.0,50694.0,50694.0,50692.0,50688.0,50690.0,50694.0
684,50690.9,50690.0,50693.0,50684.0,50690.0,50694.0,50694.0,50692.0,50688.0,50690.0,50694.0
685,50690.9,50690.0,50693.0,50684.0,50690.0,50694.0,50694.0,50692.0,50688.0,50690.0,50694.0
686,50690.9,50690.0,50693.0,50684.0,50690.0,50694.0,50694.0,50692.0,50688.0,50690.0,50694.0
687,50690.9,50690.0,50693.0,50684.0,50690.0,50694.0,50694.0,50692.0,50688.0,50690.0,50694.0
688,50690.9,50690.0,50693.0,50684.0,50690.0,50694.0,50694.0,50692.0,50688.0,50690.0,50694.0
689,50690.9,50690.0,50693.0,50684.0,50690.0,50694.0,50694.0,50692.0,50688.0,50690.0,50694.0
690,50690.9,50690.0,50693.0,50684.0,50690.0,50694.0,50694.0,50692.0,50688.0,50690.0,50694.0
691,50690.9,50690.0,50693.0,50684.0,50690.0,50694.0,50694.0,50692.0,50688.0,50690.0,50694.0
692,50690.9,50690.0,50693.0,50684.0,50690.0,50694.0,50694.0,50692.0,50688.0,50690.0,50694.0
693,50690.9,50690.0,50693.0,50684.0,50690.0,50694.0,50694.0,50692.0,50688.0,50690.0,50694.0
694,50690.9,50690.0,50693.0,50684.0,50690.0,50694.0,50694.0,50692.0,50688.0,50690.0,50694.0
695,50690.9,50690.0,50693.0,50684.0,50690.0,50694.0,50694.0,50692.0,50688.0,50690.0,50694.0
696,50690.9,50690.0,50693.0,50684.0,50690.0,50694.0,50694.0,50692.0,50688.0,50690.0,50694.0
697,50690.9,50690.0,50693.0,50684.0,50690.0,50694.0,50694.0,50692.0,50688.0,50690.0,50694.0
698,50690.9,50690.0,50693.0,50684.0,50690.0,50694.0,50694.0,50692.0,50688.0,50690.0,50694.0
699,50690.9,50690.0,50693.0,50684.0,50690.0,50694.0,50694.0,50692.0,50688.0,50690.0,50694.0
700,50690.9,50690.0,50693.0,50684.0,50690.0,50694.0,50694.0,50692.0,50688.0,50690.0,50694.0
701,50690.9,50690.0,50693.0,50684.0,50690.0,50694.0,50694.0,50692.0,50688.0,50690.0,50694.0
702,50690.9,50690.0,50693.0,50684.0,50690.0,50694.0,50694.0,50692.0,50688.0,50690.0,50694.0
703,50690.9,50690.0,50693.0,50684.0,50690.0,50694.0,50694.0,50692.0,50688.0,50690.0,50694.0
704,50690.9,50690.0,50693.0,50684.0,50690.0,50694.0,50694.0,50692.0,50688.0,50690.0,50694.0
705,50690.9,50690.0,50693.0,50684.0,50690.0,50694.0,50694.0,50692.0,50688.0,50690.0,50694.0
706,50690.9,50690.0,50693.0,50684.0,50690.0,50694.0,50694.0,50692.0,50688.0,50690.0,50694.0
707,50690.9,50690.0,50693.0,50684.0,50690.0,50694.0,50694.0,50692.0,50688.0,50690.0,50694.0
708,50690.9,50690.0,50693.0,50684.0,50690.0,50694.0,50694.0,50692.0,50688.0,50690.0,50694.0
709,50690.9,50690.0,50693.0,50684.0,50690.0,50694.0,50694.0,50692.0,50688.0,50690.0,50694.0
710,50690.9,50690.0,50693.0,50684.0,50690.0,50694.0,50694.0,50692.0,50688.0,50690.0,50694.0
711,50690.9,50690.0,50693.0,50684.0,50690.0,50694.0,50694.0,50692.0,50688.0,50690.0,50694.0
712,50690.9,50690.0,50693.0,50684.0,50690.0,50694.0,50694.0,50692.0,50688.0,50690.0,50694.0
713,50690.9,50690.0,50693.0,50684.0,50690.0,50694.0,50694.0,50692.0,50688.0,50690.0,50694.0
714,50690.9,50690.0,50693.0,50684.0,50690.0,50694.0,50694.0,50692.0,50688.0,50690.0,50694.0
715,50690.9,50690.0,50693.0,50684.0,50690.0,50694.0,50694.0,50692.0,50688.0,50690.0,50694.0
716,50690.9,50690.0,50693.0,50684.0,50690.0,50694.0,50694.0,50692.0,50688.0,50690.0,50694.0
717,50690.9,50690.0,50693.0,50684.0,50690.0,50694.0,50694.0,50692.0,50688.0,50690.0,50694.0
718,50690.9,50690.0,50693.0,50684.0,50690.0,50694.0,50694.0,50692.0,50688.0,50690.0,50694.0
719,50690.9,50690.0,50693.0,50684.0,50690.0,50694.0,50694.0,50692.0,50688.0,50690.0,50694.0
720,50690.9,50690.0,50693.0,50684.0,50690.0,50694.0,50694.0,50692.0,50688.0,50690.0,50694.0
721,50690.9,50690.0,50693.0,50684.0,50690.0,50694.0,50694.0,50692.0,50688.0,50690.0,50694.0
722,50690.9,50690.0,50693.0,50684.0,50690.0,50694.0,50694.0,50692.0,50688.0,50690.0,50694.0
723,50690.9,50690.0,50693.0,50684.0,50690.0,50694.0,50694.0,50692.0,50688.0,50690.0,50694.0
724,50690.9,50690.0,50693.0,50684.0,50690.0,50694.0,50694.0,50692.0,50688.0,50690.0,50694.0
725,50690.9,50690.0,50693.0,50684.0,50690.0,50694.0,50694.0,50692.0,50688.0,50690.0,50694.0
726,50690.9,50690.0,50693.0,50684.0,50690.0,50694.0,50694.0,50692.0,50688.0,50690.0,50694.0
727,50690.9,50690.0,50693.0,50684.0,50690.0,50694.0,50694.0,50692.0,50688.0,50690.0,50694.0
728,50690.9,50690.0,50693.0,50684.0,50690.0,50694.0,50694.0,50692.0,50688.0,50690.0,50694.0
729,50690.9,50690.0,50693.0,50684.0,50690.0,50694.0,50694.0,50692.0,50688.0,50690.0,50694.0
730,50690.9,50690.0,50693.0,50684.0,50690.0,50694.0,50694.0,50692.0,50688.0,50690.0,50694.0
731,50690.9,50690.0,50693.0,50684.0,50690.0,50694.0,50694.0,50692.0,50688.0,50690.0,50694.0
732,50690.9,50690.0,50693.0,50684.0,50690.0,50694.0,50694.0,50692.0,50688.0,50690.0,50694.0
733,50690.9,50690.0,50693.0,50684.0,50690.0,50694.0,50694.0,50692.0,50688.0,50690.0,50694.0
734,50690.9,50690.0,50693.0,50684.0,50690.0,50694.0,50694.0,50692.0,50688.0,50690.0,50694.0
735,50690.9,50690.0,50693.0,50684.0,50690.0,50694.0,50694.0,50692.0,50688.0,50690.0,50694.0
736,50690.9,50690.0,50693.0,50684.0,50690.0,50694.0,50694.0,50692.0,50688.0,50690.0,50694.0
737,50690.9,50690.0,50693.0,50684.0,50690.0,50694.0,50694.0,50692.0,50688.0,50690.0,50694.0
738,50690.9,50690.0,50693.0,50684.0,50690.0,50694.0,50694.0,50692.0,50688.0,50690.0,50694.0
739,50690.9,50690.0,50693.0,50684.0,50690.0,50694.0,50694.0,50692.0,50688.0,50690.0,50694.0
740,50690.9,50690.0,50693.0,50684.0,50690.0,50694.0,50694.0,50692.0,50688.0,50690.0,50694.0
741,50690.9,50690.0,50693.0,50684.0,50690.0,50694.0,50694.0,50692.0,50688.0,50690.0,50694.0
742,50690.9,50690.0,50693.0,50684.0,50690.0,50694.0,50694.0,50692.0,50688.0,50690.0,50694.0
743,50690.9,50690.0,50693.0,50684.0,50690.0,50694.0,50694.0,50692.0,50688.0,50690.0,50694.0
744,50690.9,50690.0,50693.0,50684.0,50690.0,50694.0,50694.0,50692.0,50688.0,50690.0,50694.0
745,50690.9,50690.0,50693.0,50684.0,50690.0,50694.0,50694.0,50692.0,50688.0,50690.0,50694.0
746,50690.9,50690.0,50693.0,50684.0,50690.0,50694.0,50694.0,50692.0,50688.0,50690.0,50694.0
747,50690.9,50690.0,50693.0,50684.0,50690.0,50694.0,50694.0,50692.0,50688.0,50690.0,50694.0
748,50690.9,50690.0,50693.0,50684.0,50690.0,50694.0,50694.0,50692.0,50688.0,50690.0,50694.0
749,50690.9,50690.0,50693.0,50684.0,50690.0,50694.0,50694.0,50692.0,50688.0,50690.0,50694.0
750,50690.9,50690.0,50693.0,50684.0,50690.0,50694.0,50694.0,50692.0,50688.0,50690.0,50694.0
751,50690.9,50690.0,50693.0,50684.0,50690.0,50694.0,50694.0,50692.0,50688.0,50690.0,50694.0
752,50690.9,50690.0,50693.0,50684.0,50690.0,50694.0,50694.0,50692.0,50688.0,50690.0,50694.0
753,50690.9,50690.0,50693.0,50684.0,50690.0,50694.0,50694.0,50692.0,50688.0,50690.0,50694.0
754,50690.9,50690.0,50693.0,50684.0,50690.0,50694.0,50694.0,50692.0,50688.0,50690.0,50694.0
755,50690.9,50690.0,50693.0,50684.0,50690.0,50694.0,50694.0,50692.0,50688.0,50690.0,50694.0
756,50690.9,50690.0,50693.0,50684.0,50690.0,50694.0,50694.0,50692.0,50688.0,50690.0,50694.0
757,50690.9,50690.0,50693.0,50684.0,50690.0,50694.0,50694.0,50692.0,50688.0,50690.0,50694.0
758,50690.9,50690.0,50693.0,50684.0,50690.0,50694.0,50694.0,50692.0,50688.0,50690.0,50694.0
759,50690.9,50690.0,50693.0,50684.0,50690.0,50694.0,50694.0,50692.0,50688.0,50690.0,50694.0
760,50690.9,50690.0,50693.0,50684.0,50690.0,50694.0,50694.0,50692.0,50688.0,50690.0,50694.0
761,50690.9,50690.0,50693.0,50684.0,50690.0,50694.0,50694.0,50692.0,50688.0,50690.0,50694.0
762,50690.9,50690.0,50693.0,50684.0,50690.0,50694.0,50694.0,50692.0,50688.0,50690.0,50694.0
763,50690.9,50690.0,50693.0,50684.0,50690.0,50694.0,50694.0,50692.0,50688.0,50690.0,50694.0
764,50690.9,50690.0,50693.0,50684.0,50690.0,50694.0,50694.0,50692.0,50688.0,50690.0,50694.0
765,50690.9,50690.0,50693.0,50684.0,50690.0,50694.0,50694.0,50692.0,50688.0,50690.0,50694.0
766,50690.9,50690.0,50693.0,50684.0,50690.0,50694.0,50694.0,50692.0,50688.0,50690.0,50694.0
767,50690.9,50690.0,50693.0,50684.0,50690.0,50694.0,50694.0,50692.0,50688.0,50690.0,50694.0
768,50690.9,50690.0,50693.0,50684.0,50690.0,50694.0,50694.0,50692.0,50688.0,50690.0,50694.0
769,50690.9,50690.0,50693.0,50684.0,50690.0,50694.0,50694.0,50692.0,50688.0,50690.0,50694.0
770,50690.9,50690.0,50693.0,50684.0,50690.0,50694.0,50694.0,50692.0,50688.0,50690.0,50694.0
771,50690.9,50690.0,50693.0,50684.0,50690.0,50694.0,50694.0,50692.0,50688.0,50690.0,50694.0
772,50690.9,50690.0,50693.0,50684.0,50690.0,50694.0,50694.0,50692.0,50688.0,50690.0,50694.0
773,50690.9,50690.0,50693.0,50684.0,50690.0,50694.0,50694.0,50692.0,50688.0,50690.0,50694.0
774,50690.9,50690.0,50693.0,50684.0,50690.0,50694.0,50694.0,50692.0,50688.0,50690.0,50694.0
775,50690.9,50690.0,50693.0,50684.0,50690.0,50694.0,50694.0,50692.0,50688.0,50690.0,50694.0
776,50690.9,50690.0,50693.0,50684.0,50690.0,50694.0,50694.0,50692.0,50688.0,50690.0,50694.0
777,50690.9,50690.0,50693.0,50684.0,50690.0,50694.0,50694.0,50692.0,50688.0,50690.0,50694.0
778,50690.9,50690.0,50693.0,50684.0,50690.0,50694.0,50694.0,50692.0,50688.0,50690.0,50694.0
779,50690.9,50690.0,50693.0,50684.0,50690.0,50694.0,50694.0,50692.0,50688.0,50690.0,50694.0
780,50690.9,50690.0,50693.0,50684.0,50690.0,50694.0,50694.0,50692.0,50688.0,50690.0,50694.0
781,50690.9,50690.0,50693.0,50684.0,50690.0,50694.0,50694.0,50692.0,50688.0,50690.0,50694.0
782,50690.9,50690.0,50693.0,50684.0,50690.0,50694.0,50694.0,50692.0,50688.0,50690.0,50694.0
783,50690.9,50690.0,50693.0,50684.0,50690.0,50694.0,50694.0,50692.0,50688.0,50690.0,50694.0
784,50690.9,50690.0,50693.0,50684.0,50690.0,50694.0,50694.0,50692.0,50688.0,50690.0,50694.0
785,50690.9,50690.0,50693.0,50684.0,50690.0,50694.0,50694.0,50692.0,50688.0,50690.0,50694.0
786,50690.9,50690.0,50693.0,50684.0,50690.0,50694.0,50694.0,50692.0,50688.0,50690.0,50694.0
787,50690.9,50690.0,50693.0,50684.0,50690.0,50694.0,50694.0,50692.0,50688.0,50690.0,50694.0
788,50690.9,50690.0,50693.0,50684.0,50690.0,50694.0,50694.0,50692.0,50688.0,50690.0,50694.0
789,50690.9,50690.0,50693.0,50684.0,50690.0,50694.0,50694.0,50692.0,50688.0,50690.0,50694.0
790,50690.9,50690.0,50693.0,50684.0,50690.0,50694.0,50694.0,50692.0,50688.0,50690.0,50694.0
791,50690.9,50690.0,50693.0,50684.0,50690.0,50694.0,50694.0,50692.0,50688.0,50690.0,50694.0
792,50690.9,50690.0,50693.0,50684.0,50690.0,50694.0,50694.0,50692.0,50688.0,50690.0,50694.0
793,50690.9,50690.0,50693.0,50684.0,50690.0,50694.0,50694.0,50692.0,50688.0,50690.0,50694.0
794,50690.9,50690.0,50693.0,50684.0,50690.0,50694.0,50694.0,50692.0,50688.0,50690.0,50694.0
795,50690.9,50690.0,50693.0,50684.0,50690.0,50694.0,50694.0,50692.0,50688.0,50690.0,50694.0
796,50690.9,50690.0,50693.0,50684.0,50690.0,50694.0,50694.0,50692.0,50688.0,50690.0,50694.0
797,50690.9,50690.0,50693.0,50684.0,50690.0,50694.0,50694.0,50692.0,50688.0,50690.0,50694.0
798,50690.9,50690.0,50693.0,50684.0,50690.0,50694.0,50694.0,50692.0,50688.0,50690.0,50694.0
799,50690.9,50690.0,50693.0,50684.0,50690.0,50694.0,50694.0,50692.0,50688.0,50690.0,50694.0
800,50690.9,50690.0,50693.0,50684.0,50690.0,50694.0,50694.0,50692.0,50688.0,50690.0,50694.0
801,50690.9,50690.0,50693.0,50684.0,50690.0,50694.0,50694.0,50692.0,50688.0,50690.0,50694.0
802,50690.9,50690.0,50693.0,50684.0,50690.0,50694.0,50694.0,50692.0,50688.0,50690.0,50694.0
803,50690.9,50690.0,50693.0,50684.0,50690.0,50694.0,50694.0,50692.0,50688.0,50690.0,50694.0
804,50690.9,50690.0,50693.0,50684.0,50690.0,50694.0,50694.0,50692.0,50688.0,50690.0,50694.0
805,50690.9,50690.0,50693.0,50684.0,50690.0,50694.0,50694.0,50692.0,50688.0,50690.0,50694.0
806,50690.9,50690.0,50693.0,50684.0,50690.0,50694.0,50694.0,50692.0,50688.0,50690.0,50694.0
807,50690.9,50690.0,50693.0,50684.0,50690.0,50694.0,50694.0,50692.0,50688.0,50690.0,50694.0
808,50690.9,50690.0,50693.0,50684.0,50690.0,50694.0,50694.0,50692.0,50688.0,50690.0,50694.0
809,50690.9,50690.0,50693.0,50684.0,50690.0,50694.0,50694.0,50692.0,50688.0,50690.0,50694.0
810,50690.9,50690.0,50693.0,50684.0,50690.0,50694.0,50694.0,50692.0,50688.0,50690.0,50694.0
811,50690.9,50690.0,50693.0,50684.0,50690.0,50694.0,50694.0,50692.0,50688.0,50690.0,50694.0
812,50690.9,50690.0,50693.0,50684.0,50690.0,50694.0,50694.0,50692.0,50688.0,50690.0,50694.0
813,50690.9,50690.0,50693.0,50684.0,50690.0,50694.0,50694.0,50692.0,50688.0,50690.0,50694.0
814,50690.9,50690.0,50693.0,50684.0,50690.0,50694.0,50694.0,50692.0,50688.0,50690.0,50694.0
815,50690.9,50690.0,50693.0,50684.0,50690.0,50694.0,50694.0,50692.0,50688.0,50690.0,50694.0
816,50690.9,50690.0,50693.0,50684.0,50690.0,50694.0,50694.0,50692.0,50688.0,50690.0,50694.0
817,50690.9,50690.0,50693.0,50684.0,50690.0,50694.0,50694.0,50692.0,50688.0,50690.0,50694.0
818,50690.9,50690.0,50693.0,50684.0,50690.0,50694.0,50694.0,50692.0,50688.0,50690.0,50694.0
819,50690.9,50690.0,50693.0,50684.0,50690.0,50694.0,50694.0,50692.0,50688.0,50690.0,50694.0
820,50690.9,50690.0,50693.0,50684.0,50690.0,50694.0,50694.0,50692.0,50688.0,50690.0,50694.0
821,50690.9,50690.0,50693.0,50684.0,50690.0,50694.0,50694.0,50692.0,50688.0,50690.0,50694.0
822,50690.9,50690.0,50693.0,50684.0,50690.0,50694.0,50694.0,50692.0,50688.0,50690.0,50694.0
823,50690.9,50690.0,50693.0,50684.0,50690.0,50694.0,50694.0,50692.0,50688.0,50690.0,50694.0
824,50690.9,50690.0,50693.0,50684.0,50690.0,50694.0,50694.0,50692.0,50688.0,50690.0,50694.0
825,50690.9,50690.0,50693.0,50684.0,50690.0,50694.0,50694.0,50692.0,50688.0,50690.0,50694.0
826,50690.9,50690.0,50693.0,50684.0,50690.0,50694.0,50694.0,50692.0,50688.0,50690.0,50694.0
827,50690.9,50690.0,50693.0,50684.0,50690.0,50694.0,50694.0,50692.0,50688.0,50690.0,50694.0
828,50690.9,50690.0,50693.0,50684.0,50690.0,50694.0,50694.0,50692.0,50688.0,50690.0,50694.0
829,50690.9,50690.0,50693.0,50684.0,50690.0,50694.0,50694.0,50692.0,50688.0,50690.0,50694.0
830,50690.9,50690.0,50693.0,50684.0,50690.0,50694.0,50694.0,50692.0,50688.0,50690.0,50694.0
831,50690.9,50690.0,50693.0,50684.0,50690.0,50694.0,50694.0,50692.0,50688.0,50690.0,50694.0
832,50690.9,50690.0,50693.0,50684.0,50690.0,50694.0,50694.0,50692.0,50688.0,50690.0,50694.0
833,50690.9,50690.0,50693.0,50684.0,50690.0,50694.0,50694.0,50692.0,50688.0,50690.0,50694.0
834,50690.9,50690.0,50693.0,50684.0,50690.0,50694.0,50694.0,50692.0,50688.0,50690.0,50694.0
835,50690.9,50690.0,50693.0,50684.0,50690.0,50694.0,50694.0,50692.0,50688.0,50690.0,50694.0
836,50690.9,50690.0,50693.0,50684.0,50690.0,50694.0,50694.0,50692.0,50688.0,50690.0,50694.0
837,50690.9,50690.0,50693.0,50684.0,50690.0,50694.0,50694.0,50692.0,50688.0,50690.0,50694.0
838,50690.9,50690.0,50693.0,50684.0,50690.0,50694.0,50694.0,50692.0,50688.0,50690.0,50694.0
839,50690.9,50690.0,50693.0,50684.0,50690.0,50694.0,50694.0,50692.0,50688.0,50690.0,50694.0
840,50690.9,50690.0,50693.0,50684.0,50690.0,50694.0,50694.0,50692.0,50688.0,50690.0,50694.0
841,50690.9,50690.0,50693.0,50684.0,50690.0,50694.0,50694.0,50692.0,50688.0,50690.0,50694.0
842,50690.9,50690.0,50693.0,50684.0,50690.0,50694.0,50694.0,50692.0,50688.0,50690.0,50694.0
843,50690.9,50690.0,50693.0,50684.0,50690.0,50694.0,50694.0,50692.0,50688.0,50690.0,50694.0
844,50690.9,50690.0,50693.0,50684.0,50690.0,50694.0,50694.0,50692.0,50688.0,50690.0,50694.0
845,50690.9,50690.0,50693.0,50684.0,50690.0,50694.0,50694.0,50692.0,50688.0,50690.0,50694.0
846,50690.9,50690.0,50693.0,50684.0,50690.0,50694.0,50694.0,50692.0,50688.0,50690.0,50694.0
847,50690.9,50690.0,50693.0,50684.0,50690.0,50694.0,50694.0,50692.0,50688.0,50690.0,50694.0
848,50690.9,50690.0,50693.0,50684.0,50690.0,50694.0,50694.0,50692.0,50688.0,50690.0,50694.0
849,50690.9,50690.0,50693.0,50684.0,50690.0,50694.0,50694.0,50692.0,50688.0,50690.0,50694.0
850,50690.9,50690.0,50693.0,50684.0,50690.0,50694.0,50694.0,50692.0,50688.0,50690.0,50694.0
851,50690.9,50690.0,50693.0,50684.0,50690.0,50694.0,50694.0,50692.0,50688.0,50690.0,50694.0
852,50690.9,50690.0,50693.0,50684.0,50690.0,50694.0,50694.0,50692.0,50688.0,50690.0,50694.0
853,50690.9,50690.0,50693.0,50684.0,50690.0,50694.0,50694.0,50692.0,50688.0,50690.0,50694.0
854,50690.9,50690.0,50693.0,50684.0,50690.0,50694.0,50694.0,50692.0,50688.0,50690.0,50694.0
855,50690.9,50690.0,50693.0,50684.0,50690.0,50694.0,50694.0,50692.0,50688.0,50690.0,50694.0
856,50690.9,50690.0,50693.0,50684.0,50690.0,50694.0,50694.0,50692.0,50688.0,50690.0,50694.0
857,50690.9,50690.0,50693.0,50684.0,50690.0,50694.0,50694.0,50692.0,50688.0,50690.0,50694.0
858,50690.9,50690.0,50693.0,50684.0,50690.0,50694.0,50694.0,50692.0,50688.0,50690.0,50694.0
859,50690.9,50690.0,50693.0,50684.0,50690.0,50694.0,50694.0,50692.0,50688.0,50690.0,50694.0
860,50690.9,50690.0,50693.0,50684.0,50690.0,50694.0,50694.0,50692.0,50688.0,50690.0,50694.0
861,50690.9,50690.0,50693.0,50684.0,50690.0,50694.0,50694.0,50692.0,50688.0,50690.0,50694.0
862,50690.9,50690.0,50693.0,50684.0,50690.0,50694.0,50694.0,50692.0,50688.0,50690.0,50694.0
863,50690.9,50690.0,50693.0,50684.0,50690.0,50694.0,50694.0,50692.0,50688.0,50690.0,50694.0
864,50690.9,50690.0,50693.0,50684.0,50690.0,50694.0,50694.0,50692.0,50688.0,50690.0,50694.0
865,50690.9,50690.0,50693.0,50684.0,50690.0,50694.0,50694.0,50692.0,50688.0,50690.0,50694.0
866,50690.9,50690.0,50693.0,50684.0,50690.0,50694.0,50694.0,50692.0,50688.0,50690.0,50694.0
867,50690.9,50690.0,50693.0,50684.0,50690.0,50694.0,50694.0,50692.0,50688.0,50690.0,50694.0
868,50690.9,50690.0,50693.0,50684.0,50690.0,50694.0,50694.0,50692.0,50688.0,50690.0,50694.0
869,50690.9,50690.0,50693.0,50684.0,50690.0,50694.0,50694.0,50692.0,50688.0,50690.0,50694.0
870,50690.9,50690.0,50693.0,50684.0,50690.0,50694.0,50694.0,50692.0,50688.0,50690.0,50694.0
871,50690.9,50690.0,50693.0,50684.0,50690.0,50694.0,50694.0,50692.0,50688.0,50690.0,50694.0
872,50690.9,50690.0,50693.0,50684.0,50690.0,50694.0,50694.0,50692.0,50688.0,50690.0,50694.0
873,50690.9,50690.0,50693.0,50684.0,50690.0,50694.0,50694.0,50692.0,50688.0,50690.0,50694.0
874,50690.9,50690.0,50693.0,50684.0,50690.0,50694.0,50694.0,50692.0,50688.0,50690.0,50694.0
875,50690.9,50690.0,50693.0,50684.0,50690.0,50694.0,50694.0,50692.0,50688.0,50690.0,50694.0
876,50690.9,50690.0,50693.0,50684.0,50690.0,50694.0,50694.0,50692.0,50688.0,50690.0,50694.0
877,50690.9,50690.0,50693.0,50684.0,50690.0,50694.0,50694.0,50692.0,50688.0,50690.0,50694.0
878,50690.9,50690.0,50693.0,50684.0,50690.0,50694.0,50694.0,50692.0,50688.0,50690.0,50694.0
879,50690.9,50690.0,50693.0,50684.0,50690.0,50694.0,50694.0,50692.0,50688.0,50690.0,50694.0
880,50690.9,50690.0,50693.0,50684.0,50690.0,50694.0,50694.0,50692.0,50688.0,50690.0,50694.0
881,50690.9,50690.0,50693.0,50684.0,50690.0,50694.0,50694.0,50692.0,50688.0,50690.0,50694.0
882,50690.9,50690.0,50693.0,50684.0,50690.0,50694.0,50694.0,50692.0,50688.0,50690.0,50694.0
883,50690.9,50690.0,50693.0,50684.0,50690.0,50694.0,50694.0,50692.0,50688.0,50690.0,50694.0
884,50690.9,50690.0,50693.0,50684.0,50690.0,50694.0,50694.0,50692.0,50688.0,50690.0,50694.0
885,50690.9,50690.0,50693.0,50684.0,50690.0,50694.0,50694.0,50692.0,50688.0,50690.0,50694.0
886,50690.9,50690.0,50693.0,50684.0,50690.0,50694.0,50694.0,50692.0,50688.0,50690.0,50694.0
887,50690.9,50690.0,50693.0,50684.0,50690.0,50694.0,50694.0,50692.0,50688.0,50690.0,50694.0
888,50690.9,50690.0,50693.0,50684.0,50690.0,50694.0,50694.0,50692.0,50688.0,50690.0,50694.0
889,50690.9,50690.0,50693.0,50684.0,50690.0,50694.0,50694.0,50692.0,50688.0,50690.0,50694.0
890,50690.9,50690.0,50693.0,50684.0,50690.0,50694.0,50694.0,50692.0,50688.0,50690.0,50694.0
891,50690.9,50690.0,50693.0,50684.0,50690.0,50694.0,50694.0,50692.0,50688.0,50690.0,50694.0
892,50690.9,50690.0,50693.0,50684.0,50690.0,50694.0,50694.0,50692.0,50688.0,50690.0,50694.0
893,50690.9,50690.0,50693.0,50684.0,50690.0,50694.0,50694.0,50692.0,50688.0,50690.0,50694.0
894,50690.9,50690.0,50693.0,50684.0,50690.0,50694.0,50694.0,50692.0,50688.0,50690.0,50694.0
895,50690.9,50690.0,50693.0,50684.0,50690.0,50694.0,50694.0,50692.0,50688.0,50690.0,50694.0
896,50690.9,50690.0,50693.0,50684.0,50690.0,50694.0,50694.0,50692.0,50688.0,50690.0,50694.0
897,50690.9,50690.0,50693.0,50684.0,50690.0,50694.0,50694.0,50692.0,50688.0,50690.0,50694.0
898,50690.9,50690.0,50693.0,50684.0,50690.0,50694.0,50694.0,50692.0,50688.0,50690.0,50694.0
899,50690.9,50690.0,50693.0,50684.0,50690.0,50694.0,50694.0,50692.0,50688.0,50690.0,50694.0
900,50690.9,50690.0,50693.0,50684.0,50690.0,50694.0,50694.0,50692.0,50688.0,50690.0,50694.0
901,50690.9,50690.0,50693.0,50684.0,50690.0,50694.0,50694.0,50692.0,50688.0,50690.0,50694.0
902,50690.9,50690.0,50693.0,50684.0,50690.0,50694.0,50694.0,50692.0,50688.0,50690.0,50694.0
903,50690.9,50690.0,50693.0,50684.0,50690.0,50694.0,50694.0,50692.0,50688.0,50690.0,50694.0
904,50690.9,50690.0,50693.0,50684.0,50690.0,50694.0,50694.0,50692.0,50688.0,50690.0,50694.0
905,50690.9,50690.0,50693.0,50684.0,50690.0,50694.0,50694.0,50692.0,50688.0,50690.0,50694.0
906,50690.9,50690.0,50693.0,50684.0,50690.0,50694.0,50694.0,50692.0,50688.0,50690.0,50694.0
907,50690.9,50690.0,50693.0,50684.0,50690.0,50694.0,50694.0,50692.0,50688.0,50690.0,50694.0
908,50690.9,50690.0,50693.0,50684.0,50690.0,50694.0,50694.0,50692.0,50688.0,50690.0,50694.0
909,50690.9,50690.0,50693.0,50684.0,50690.0,50694.0,50694.0,50692.0,50688.0,50690.0,50694.0
910,50690.9,50690.0,50693.0,50684.0,50690.0,50694.0,50694.0,50692.0,50688.0,50690.0,50694.0
911,50690.9,50690.0,50693.0,50684.0,50690.0,50694.0,50694.0,50692.0,50688.0,50690.0,50694.0
912,50690.9,50690.0,50693.0,50684.0,50690.0,50694.0,50694.0,50692.0,50688.0,50690.0,50694.0
913,50690.9,50690.0,50693.0,50684.0,50690.0,50694.0,50694.0,50692.0,50688.0,50690.0,50694.0
914,50690.9,50690.0,50693.0,50684.0,50690.0,50694.0,50694.0,50692.0,50688.0,50690.0,50694.0
915,50690.9,50690.0,50693.0,50684.0,50690.0,50694.0,50694.0,50692.0,50688.0,50690.0,50694.0
916,50690.9,50690.0,50693.0,50684.0,50690.0,50694.0,50694.0,50692.0,50688.0,50690.0,50694.0
917,50690.9,50690.0,50693.0,50684.0,50690.0,50694.0,50694.0,50692.0,50688.0,50690.0,50694.0
918,50690.9,50690.0,50693.0,50684.0,50690.0,50694.0,50694.0,50692.0,50688.0,50690.0,50694.0
919,50690.9,50690.0,50693.0,50684.0,50690.0,50694.0,50694.0,50692.0,50688.0,50690.0,50694.0
920,50690.9,50690.0,50693.0,50684.0,50690.0,50694.0,50694.0,50692.0,50688.0,50690.0,50694.0
921,50690.9,50690.0,50693.0,50684.0,50690.0,50694.0,50694.0,50692.0,50688.0,50690.0,50694.0
922,50690.9,50690.0,50693.0,50684.0,50690.0,50694.0,50694.0,50692.0,50688.0,50690.0,50694.0
923,50690.9,50690.0,50693.0,50684.0,50690.0,50694.0,50694.0,50692.0,50688.0,50690.0,50694.0
924,50690.9,50690.0,50693.0,50684.0,50690.0,50694.0,50694.0,50692.0,50688.0,50690.0,50694.0
925,50690.9,50690.0,50693.0,50684.0,50690.0,50694.0,50694.0,50692.0,50688.0,50690.0,50694.0
926,50690.9,50690.0,50693.0,50684.0,50690.0,50694.0,50694.0,50692.0,50688.0,50690.0,50694.0
927,50690.9,50690.0,50693.0,50684.0,50690.0,50694.0,50694.0,50692.0,50688.0,50690.0,50694.0
928,50690.9,50690.0,50693.0,50684.0,50690.0,50694.0,50694.0,50692.0,50688.0,50690.0,50694.0
929,50690.9,50690.0,50693.0,50684.0,50690.0,50694.0,50694.0,50692.0,50688.0,50690.0,50694.0
930,50690.9,50690.0,50693.0,50684.0,50690.0,50694.0,50694.0,50692.0,50688.0,50690.0,50694.0
931,50690.9,50690.0,50693.0,50684.0,50690.0,50694.0,50694.0,50692.0,50688.0,50690.0,50694.0
932,50690.9,50690.0,50693.0,50684.0,50690.0,50694.0,50694.0,50692.0,50688.0,50690.0,50694.0
933,50690.9,50690.0,50693.0,50684.0,50690.0,50694.0,50694.0,50692.0,50688.0,50690.0,50694.0
934,50690.9,50690.0,50693.0,50684.0,50690.0,50694.0,50694.0,50692.0,50688.0,50690.0,50694.0
935,50690.9,50690.0,50693.0,50684.0,50690.0,50694.0,50694.0,50692.0,50688.0,50690.0,50694.0
936,50690.9,50690.0,50693.0,50684.0,50690.0,50694.0,50694.0,50692.0,50688.0,50690.0,50694.0
937,50690.9,50690.0,50693.0,50684.0,50690.0,50694.0,50694.0,50692.0,50688.0,50690.0,50694.0
938,50690.9,50690.0,50693.0,50684.0,50690.0,50694.0,50694.0,50692.0,50688.0,50690.0,50694.0
939,50690.9,50690.0,50693.0,50684.0,50690.0,50694.0,50694.0,50692.0,50688.0,50690.0,50694.0
940,50690.9,50690.0,50693.0,50684.0,50690.0,50694.0,50694.0,50692.0,50688.0,50690.0,50694.0
941,50690.9,50690.0,50693.0,50684.0,50690.0,50694.0,50694.0,50692.0,50688.0,50690.0,50694.0
942,50690.9,50690.0,50693.0,50684.0,50690.0,50694.0,50694.0,50692.0,50688.0,50690.0,50694.0
943,50690.9,50690.0,50693.0,50684.0,50690.0,50694.0,50694.0,50692.0,50688.0,50690.0,50694.0
944,50690.9,50690.0,50693.0,50684.0,50690.0,50694.0,50694.0,50692.0,50688.0,50690.0,50694.0
945,50690.9,50690.0,50693.0,50684.0,50690.0,50694.0,50694.0,50692.0,50688.0,50690.0,50694.0
946,50690.9,50690.0,50693.0,50684.0,50690.0,50694.0,50694.0,50692.0,50688.0,50690.0,50694.0
947,50690.9,50690.0,50693.0,50684.0,50690.0,50694.0,50694.0,50692.0,50688.0,50690.0,50694.0
948,50690.9,50690.0,50693.0,50684.0,50690.0,50694.0,50694.0,50692.0,50688.0,50690.0,50694.0
949,50690.9,50690.0,50693.0,50684.0,50690.0,50694.0,50694.0,50692.0,50688.0,50690.0,50694.0
950,50690.9,50690.0,50693.0,50684.0,50690.0,50694.0,50694.0,50692.0,50688.0,50690.0,50694.0
951,50690.9,50690.0,50693.0,50684.0,50690.0,50694.0,50694.0,50692.0,50688.0,50690.0,50694.0
952,50690.9,50690.0,50693.0,50684.0,50690.0,50694.0,50694.0,50692.0,50688.0,50690.0,50694.0
953,50690.9,50690.0,50693.0,50684.0,50690.0,50694.0,50694.0,50692.0,50688.0,50690.0,50694.0
954,50690.9,50690.0,50693.0,50684.0,50690.0,50694.0,50694.0,50692.0,50688.0,50690.0,50694.0
955,50690.9,50690.0,50693.0,50684.0,50690.0,50694.0,50694.0,50692.0,50688.0,50690.0,50694.0
956,50690.9,50690.0,50693.0,50684.0,50690.0,50694.0,50694.0,50692.0,50688.0,50690.0,50694.0
957,50690.9,50690.0,50693.0,50684.0,50690.0,50694.0,50694.0,50692.0,50688.0,50690.0,50694.0
958,50690.9,50690.0,50693.0,50684.0,50690.0,50694.0,50694.0,50692.0,50688.0,50690.0,50694.0
959,50690.9,50690.0,50693.0,50684.0,50690.0,50694.0,50694.0,50692.0,50688.0,50690.0,50694.0
960,50690.9,50690.0,50693.0,50684.0,50690.0,50694.0,50694.0,50692.0,50688.0,50690.0,50694.0
961,50690.9,50690.0,50693.0,50684.0,50690.0,50694.0,50694.0,50692.0,50688.0,50690.0,50694.0
962,50690.9,50690.0,50693.0,50684.0,50690.0,50694.0,50694.0,50692.0,50688.0,50690.0,50694.0
963,50690.9,50690.0,50693.0,50684.0,50690.0,50694.0,50694.0,50692.0,50688.0,50690.0,50694.0
964,50690.9,50690.0,50693.0,50684.0,50690.0,50694.0,50694.0,50692.0,50688.0,50690.0,50694.0
965,50690.9,50690.0,50693.0,50684.0,50690.0,50694.0,50694.0,50692.0,50688.0,50690.0,50694.0
966,50690.9,50690.0,50693.0,50684.0,50690.0,50694.0,50694.0,50692.0,50688.0,50690.0,50694.0
967,50690.9,50690.0,50693.0,50684.0,50690.0,50694.0,50694.0,50692.0,50688.0,50690.0,50694.0
968,50690.9,50690.0,50693.0,50684.0,50690.0,50694.0,50694.0,50692.0,50688.0,50690.0,50694.0
969,50690.9,50690.0,50693.0,50684.0,50690.0,50694.0,50694.0,50692.0,50688.0,50690.0,50694.0
970,50690.9,50690.0,50693.0,50684.0,50690.0,50694.0,50694.0,50692.0,50688.0,50690.0,50694.0
971,50690.9,50690.0,50693.0,50684.0,50690.0,50694.0,50694.0,50692.0,50688.0,50690.0,50694.0
972,50690.9,50690.0,50693.0,50684.0,50690.0,50694.0,50694.0,50692.0,50688.0,50690.0,50694.0
973,50690.9,50690.0,50693.0,50684.0,50690.0,50694.0,50694.0,50692.0,50688.0,50690.0,50694.0
974,50690.9,50690.0,50693.0,50684.0,50690.0,50694.0,50694.0,50692.0,50688.0,50690.0,50694.0
975,50690.9,50690.0,50693.0,50684.0,50690.0,50694.0,50694.0,50692.0,50688.0,50690.0,50694.0
976,50690.9,50690.0,50693.0,50684.0,50690.0,50694.0,50694.0,50692.0,50688.0,50690.0,50694.0
977,50690.9,50690.0,50693.0,50684.0,50690.0,50694.0,50694.0,50692.0,50688.0,50690.0,50694.0
978,50690.9,50690.0,50693.0,50684.0,50690.0,50694.0,50694.0,50692.0,50688.0,50690.0,50694.0
979,50690.9,50690.0,50693.0,50684.0,50690.0,50694.0,50694.0,50692.0,50688.0,50690.0,50694.0
980,50690.9,50690.0,50693.0,50684.0,50690.0,50694.0,50694.0,50692.0,50688.0,50690.0,50694.0
981,50690.9,50690.0,50693.0,50684.0,50690.0,50694.0,50694.0,50692.0,50688.0,50690.0,50694.0
982,50690.9,50690.0,50693.0,50684.0,50690.0,50694.0,50694.0,50692.0,50688.0,50690.0,50694.0
983,50690.9,50690.0,50693.0,50684.0,50690.0,50694.0,50694.0,50692.0,50688.0,50690.0,50694.0
984,50690.9,50690.0,50693.0,50684.0,50690.0,50694.0,50694.0,50692.0,50688.0,50690.0,50694.0
985,50690.9,50690.0,50693.0,50684.0,50690.0,50694.0,50694.0,50692.0,50688.0,50690.0,50694.0
986,50690.9,50690.0,50693.0,50684.0,50690.0,50694.0,50694.0,50692.0,50688.0,50690.0,50694.0
987,50690.9,50690.0,50693.0,50684.0,50690.0,50694.0,50694.0,50692.0,50688.0,50690.0,50694.0
988,50690.9,50690.0,50693.0,50684.0,50690.0,50694.0,50694.0,50692.0,50688.0,50690.0,50694.0
989,50690.9,50690.0,50693.0,50684.0,50690.0,50694.0,50694.0,50692.0,50688.0,50690.0,50694.0
990,50690.9,50690.0,50693.0,50684.0,50690.0,50694.0,50694.0,50692.0,50688.0,50690.0,50694.0
991,50690.9,50690.0,50693.0,50684.0,50690.0,50694.0,50694.0,50692.0,50688.0,50690.0,50694.0
992,50690.9,50690.0,50693.0,50684.0,50690.0,50694.0,50694.0,50692.0,50688.0,50690.0,50694.0
993,50690.9,50690.0,50693.0,50684.0,50690.0,50694.0,50694.0,50692.0,50688.0,50690.0,50694.0
994,50690.9,50690.0,50693.0,50684.0,50690.0,50694.0,50694.0,50692.0,50688.0,50690.0,50694.0
995,50690.9,50690.0,50693.0,50684.0,50690.0,50694.0,50694.0,50692.0,50688.0,50690.0,50694.0
996,50690.9,50690.0,50693.0,50684.0,50690.0,50694.0,50694.0,50692.0,50688.0,50690.0,50694.0
997,50690.9,50690.0,50693.0,50684.0,50690.0,50694.0,50694.0,50692.0,50688.0,50690.0,50694.0
998,50690.9,50690.0,50693.0,50684.0,50690.0,50694.0,50694.0,50692.0,50688.0,50690.0,50694.0
999,50690.9,50690.0,50693.0,50684.0,50690.0,50694.0,50694.0,50692.0,50688.0,50690.0,50694.0
1000,50690.9,50690.0,50693.0,50684.0,50690.0,50694.0,50694.0,50692.0,50688.0,50690.0,50694.0
1001,50690.9,50690.0,50693.0,50684.0,50690.0,50694.0,50694.0,50692.0,50688.0,50690.0,50694.0
1002,50690.9,50690.0,50693.0,50684.0,50690.0,50694.0,50694.0,50692.0,50688.0,50690.0,50694.0
1003,50690.9,50690.0,50693.0,50684.0,50690.0,50694.0,50694.0,50692.0,50688.0,50690.0,50694.0
1004,50690.9,50690.0,50693.0,50684.0,50690.0,50694.0,50694.0,50692.0,50688.0,50690.0,50694.0
1005,50690.9,50690.0,50693.0,50684.0,50690.0,50694.0,50694.0,50692.0,50688.0,50690.0,50694.0
1006,50690.9,50690.0,50693.0,50684.0,50690.0,50694.0,50694.0,50692.0,50688.0,50690.0,50694.0
1007,50690.9,50690.0,50693.0,50684.0,50690.0,50694.0,50694.0,50692.0,50688.0,50690.0,50694.0
1008,50690.9,50690.0,50693.0,50684.0,50690.0,50694.0,50694.0,50692.0,50688.0,50690.0,50694.0
1009,50690.9,50690.0,50693.0,50684.0,50690.0,50694.0,50694.0,50692.0,50688.0,50690.0,50694.0
1010,50690.9,50690.0,50693.0,50684.0,50690.0,50694.0,50694.0,50692.0,50688.0,50690.0,50694.0
1011,50690.9,50690.0,50693.0,50684.0,50690.0,50694.0,50694.0,50692.0,50688.0,50690.0,50694.0
1012,50690.9,50690.0,50693.0,50684.0,50690.0,50694.0,50694.0,50692.0,50688.0,50690.0,50694.0
1013,50690.9,50690.0,50693.0,50684.0,50690.0,50694.0,50694.0,50692.0,50688.0,50690.0,50694.0
1014,50690.9,50690.0,50693.0,50684.0,50690.0,50694.0,50694.0,50692.0,50688.0,50690.0,50694.0
1015,50690.9,50690.0,50693.0,50684.0,50690.0,50694.0,50694.0,50692.0,50688.0,50690.0,50694.0
1016,50690.9,50690.0,50693.0,50684.0,50690.0,50694.0,50694.0,50692.0,50688.0,50690.0,50694.0
1017,50690.9,50690.0,50693.0,50684.0,50690.0,50694.0,50694.0,50692.0,50688.0,50690.0,50694.0
1018,50690.9,50690.0,50693.0,50684.0,50690.0,50694.0,50694.0,50692.0,50688.0,50690.0,50694.0
1019,50690.9,50690.0,50693.0,50684.0,50690.0,50694.0,50694.0,50692.0,50688.0,50690.0,50694.0
1020,50690.9,50690.0,50693.0,50684.0,50690.0,50694.0,50694.0,50692.0,50688.0,50690.0,50694.0
1021,50690.9,50690.0,50693.0,50684.0,50690.0,50694.0,50694.0,50692.0,50688.0,50690.0,50694.0
1022,50690.9,50690.0,50693.0,50684.0,50690.0,50694.0,50694.0,50692.0,50688.0,50690.0,50694.0
1023,50690.9,50690.0,50693.0,50684.0,50690.0,50694.0,50694.0,50692.0,50688.0,50690.0,50694.0
1024,50690.9,50690.0,50693.0,50684.0,50690.0,50694.0,50694.0,50692.0,50688.0,50690.0,50694.0
1025,50690.9,50690.0,50693.0,50684.0,50690.0,50694.0,50694.0,50692.0,50688.0,50690.0,50694.0
1026,50690.9,50690.0,50693.0,50684.0,50690.0,50694.0,50694.0,50692.0,50688.0,50690.0,50694.0
1027,50690.9,50690.0,50693.0,50684.0,50690.0,50694.0,50694.0,50692.0,50688.0,50690.0,50694.0
1028,50690.9,50690.0,50693.0,50684.0,50690.0,50694.0,50694.0,50692.0,50688.0,50690.0,50694.0
1029,50690.9,50690.0,50693.0,50684.0,50690.0,50694.0,50694.0,50692.0,50688.0,50690.0,50694.0
1030,50690.9,50690.0,50693.0,50684.0,50690.0,50694.0,50694.0,50692.0,50688.0,50690.0,50694.0
1031,50690.9,50690.0,50693.0,50684.0,50690.0,50694.0,50694.0,50692.0,50688.0,50690.0,50694.0
1032,50690.9,50690.0,50693.0,50684.0,50690.0,50694.0,50694.0,50692.0,50688.0,50690.0,50694.0
1033,50690.9,50690.0,50693.0,50684.0,50690.0,50694.0,50694.0,50692.0,50688.0,50690.0,50694.0
1034,50690.9,50690.0,50693.0,50684.0,50690.0,50694.0,50694.0,50692.0,50688.0,50690.0,50694.0
1035,50690.9,50690.0,50693.0,50684.0,50690.0,50694.0,50694.0,50692.0,50688.0,50690.0,50694.0
1036,50690.9,50690.0,50693.0,50684.0,50690.0,50694.0,50694.0,50692.0,50688.0,50690.0,50694.0
1037,50690.9,50690.0,50693.0,50684.0,50690.0,50694.0,50694.0,50692.0,50688.0,50690.0,50694.0
1038,50690.9,50690.0,50693.0,50684.0,50690.0,50694.0,50694.0,50692.0,50688.0,50690.0,50694.0
1039,50690.9,50690.0,50693.0,50684.0,50690.0,50694.0,50694.0,50692.0,50688.0,50690.0,50694.0
1040,50690.9,50690.0,50693.0,50684.0,50690.0,50694.0,50694.0,50692.0,50688.0,50690.0,50694.0
1041,50690.9,50690.0,50693.0,50684.0,50690.0,50694.0,50694.0,50692.0,50688.0,50690.0,50694.0
1042,50690.9,50690.0,50693.0,50684.0,50690.0,50694.0,50694.0,50692.0,50688.0,50690.0,50694.0
1043,50690.9,50690.0,50693.0,50684.0,50690.0,50694.0,50694.0,50692.0,50688.0,50690.0,50694.0
1044,50690.9,50690.0,50693.0,50684.0,50690.0,50694.0,50694.0,50692.0,50688.0,50690.0,50694.0
1045,50690.9,50690.0,50693.0,50684.0,50690.0,50694.0,50694.0,50692.0,50688.0,50690.0,50694.0
1046,50690.9,50690.0,50693.0,50684.0,50690.0,50694.0,50694.0,50692.0,50688.0,50690.0,50694.0
1047,50690.9,50690.0,50693.0,50684.0,50690.0,50694.0,50694.0,50692.0,50688.0,50690.0,50694.0
1048,50690.9,50690.0,50693.0,50684.0,50690.0,50694.0,50694.0,50692.0,50688.0,50690.0,50694.0
1049,50690.9,50690.0,50693.0,50684.0,50690.0,50694.0,50694.0,50692.0,50688.0,50690.0,50694.0
1050,50690.9,50690.0,50693.0,50684.0,50690.0,50694.0,50694.0,50692.0,50688.0,50690.0,50694.0
1051,50690.9,50690.0,50693.0,50684.0,50690.0,50694.0,50694.0,50692.0,50688.0,50690.0,50694.0
1052,50690.9,50690.0,50693.0,50684.0,50690.0,50694.0,50694.0,50692.0,50688.0,50690.0,50694.0
1053,50690.9,50690.0,50693.0,50684.0,50690.0,50694.0,50694.0,50692.0,50688.0,50690.0,50694.0
1054,50690.9,50690.0,50693.0,50684.0,50690.0,50694.0,50694.0,50692.0,50688.0,50690.0,50694.0
1055,50690.9,50690.0,50693.0,50684.0,50690.0,50694.0,50694.0,50692.0,50688.0,50690.0,50694.0
1056,50690.9,50690.0,50693.0,50684.0,50690.0,50694.0,50694.0,50692.0,50688.0,50690.0,50694.0
1057,50690.9,50690.0,50693.0,50684.0,50690.0,50694.0,50694.0,50692.0,50688.0,50690.0,50694.0
1058,50690.9,50690.0,50693.0,50684.0,50690.0,50694.0,50694.0,50692.0,50688.0,50690.0,50694.0
1059,50690.9,50690.0,50693.0,50684.0,50690.0,50694.0,50694.0,50692.0,50688.0,50690.0,50694.0
1060,50690.9,50690.0,50693.0,50684.0,50690.0,50694.0,50694.0,50692.0,50688.0,50690.0,50694.0
1061,50690.9,50690.0,50693.0,50684.0,50690.0,50694.0,50694.0,50692.0,50688.0,50690.0,50694.0
1062,50690.9,50690.0,50693.0,50684.0,50690.0,50694.0,50694.0,50692.0,50688.0,50690.0,50694.0
1063,50690.9,50690.0,50693.0,50684.0,50690.0,50694.0,50694.0,50692.0,50688.0,50690.0,50694.0
1064,50690.9,50690.0,50693.0,50684.0,50690.0,50694.0,50694.0,50692.0,50688.0,50690.0,50694.0
1065,50690.9,50690.0,50693.0,50684.0,50690.0,50694.0,50694.0,50692.0,50688.0,50690.0,50694.0
1066,50690.9,50690.0,50693.0,50684.0,50690.0,50694.0,50694.0,50692.0,50688.0,50690.0,50694.0
1067,50690.9,50690.0,50693.0,50684.0,50690.0,50694.0,50694.0,50692.0,50688.0,50690.0,50694.0
1068,50690.9,50690.0,50693.0,50684.0,50690.0,50694.0,50694.0,50692.0,50688.0,50690.0,50694.0
1069,50690.9,50690.0,50693.0,50684.0,50690.0,50694.0,50694.0,50692.0,50688.0,50690.0,50694.0
1070,50690.9,50690.0,50693.0,50684.0,50690.0,50694.0,50694.0,50692.0,50688.0,50690.0,50694.0
1071,50690.9,50690.0,50693.0,50684.0,50690.0,50694.0,50694.0,50692.0,50688.0,50690.0,50694.0
1072,50690.9,50690.0,50693.0,50684.0,50690.0,50694.0,50694.0,50692.0,50688.0,50690.0,50694.0
1073,50690.9,50690.0,50693.0,50684.0,50690.0,50694.0,50694.0,50692.0,50688.0,50690.0,50694.0
1074,50690.9,50690.0,50693.0,50684.0,50690.0,50694.0,50694.0,50692.0,50688.0,50690.0,50694.0
1075,50690.9,50690.0,50693.0,50684.0,50690.0,50694.0,50694.0,50692.0,50688.0,50690.0,50694.0
1076,50690.9,50690.0,50693.0,50684.0,50690.0,50694.0,50694.0,50692.0,50688.0,50690.0,50694.0
1077,50690.9,50690.0,50693.0,50684.0,50690.0,50694.0,50694.0,50692.0,50688.0,50690.0,50694.0
1078,50690.9,50690.0,50693.0,50684.0,50690.0,50694.0,50694.0,50692.0,50688.0,50690.0,50694.0
1079,50690.9,50690.0,50693.0,50684.0,50690.0,50694.0,50694.0,50692.0,50688.0,50690.0,50694.0
1080,50690.9,50690.0,50693.0,50684.0,50690.0,50694.0,50694.0,50692.0,50688.0,50690.0,50694.0
1081,50690.9,50690.0,50693.0,50684.0,50690.0,50694.0,50694.0,50692.0,50688.0,50690.0,50694.0
1082,50690.9,50690.0,50693.0,50684.0,50690.0,50694.0,50694.0,50692.0,50688.0,50690.0,50694.0
1083,50690.9,50690.0,50693.0,50684.0,50690.0,50694.0,50694.0,50692.0,50688.0,50690.0,50694.0
1084,50690.9,50690.0,50693.0,50684.0,50690.0,50694.0,50694.0,50692.0,50688.0,50690.0,50694.0
1085,50690.9,50690.0,50693.0,50684.0,50690.0,50694.0,50694.0,50692.0,50688.0,50690.0,50694.0
1086,50690.9,50690.0,50693.0,50684.0,50690.0,50694.0,50694.0,50692.0,50688.0,50690.0,50694.0
1087,50690.9,50690.0,50693.0,50684.0,50690.0,50694.0,50694.0,50692.0,50688.0,50690.0,50694.0
1088,50690.9,50690.0,50693.0,50684.0,50690.0,50694.0,50694.0,50692.0,50688.0,50690.0,50694.0
1089,50690.9,50690.0,50693.0,50684.0,50690.0,50694.0,50694.0,50692.0,50688.0,50690.0,50694.0
1090,50690.9,50690.0,50693.0,50684.0,50690.0,50694.0,50694.0,50692.0,50688.0,50690.0,50694.0
1091,50690.9,50690.0,50693.0,50684.0,50690.0,50694.0,50694.0,50692.0,50688.0,50690.0,50694.0
1092,50690.9,50690.0,50693.0,50684.0,50690.0,50694.0,50694.0,50692.0,50688.0,50690.0,50694.0
1093,50690.9,50690.0,50693.0,50684.0,50690.0,50694.0,50694.0,50692.0,50688.0,50690.0,50694.0
1094,50690.9,50690.0,50693.0,50684.0,50690.0,50694.0,50694.0,50692.0,50688.0,50690.0,50694.0
1095,50690.9,50690.0,50693.0,50684.0,50690.0,50694.0,50694.0,50692.0,50688.0,50690.0,50694.0
1096,50690.9,50690.0,50693.0,50684.0,50690.0,50694.0,50694.0,50692.0,50688.0,50690.0,50694.0
1097,50690.9,50690.0,50693.0,50684.0,50690.0,50694.0,50694.0,50692.0,50688.0,50690.0,50694.0
1098,50690.9,50690.0,50693.0,50684.0,50690.0,50694.0,50694.0,50692.0,50688.0,50690.0,50694.0
1099,50690.9,50690.0,50693.0,50684.0,50690.0,50694.0,50694.0,50692.0,50688.0,50690.0,50694.0
1100,50690.9,50690.0,50693.0,50684.0,50690.0,50694.0,50694.0,50692.0,50688.0,50690.0,50694.0
1101,50690.9,50690.0,50693.0,50684.0,50690.0,50694.0,50694.0,50692.0,50688.0,50690.0,50694.0
1102,50690.9,50690.0,50693.0,50684.0,50690.0,50694.0,50694.0,50692.0,50688.0,50690.0,50694.0
1103,50690.9,50690.0,50693.0,50684.0,50690.0,50694.0,50694.0,50692.0,50688.0,50690.0,50694.0
1104,50690.9,50690.0,50693.0,50684.0,50690.0,50694.0,50694.0,50692.0,50688.0,50690.0,50694.0
1105,50690.9,50690.0,50693.0,50684.0,50690.0,50694.0,50694.0,50692.0,50688.0,50690.0,50694.0
1106,50690.9,50690.0,50693.0,50684.0,50690.0,50694.0,50694.0,50692.0,50688.0,50690.0,50694.0
1107,50690.9,50690.0,50693.0,50684.0,50690.0,50694.0,50694.0,50692.0,50688.0,50690.0,50694.0
1108,50690.9,50690.0,50693.0,50684.0,50690.0,50694.0,50694.0,50692.0,50688.0,50690.0,50694.0
1109,50690.9,50690.0,50693.0,50684.0,50690.0,50694.0,50694.0,50692.0,50688.0,50690.0,50694.0
1110,50690.9,50690.0,50693.0,50684.0,50690.0,50694.0,50694.0,50692.0,50688.0,50690.0,50694.0
1111,50690.9,50690.0,50693.0,50684.0,50690.0,50694.0,50694.0,50692.0,50688.0,50690.0,50694.0
1112,50690.9,50690.0,50693.0,50684.0,50690.0,50694.0,50694.0,50692.0,50688.0,50690.0,50694.0
1113,50690.9,50690.0,50693.0,50684.0,50690.0,50694.0,50694.0,50692.0,50688.0,50690.0,50694.0
1114,50690.9,50690.0,50693.0,50684.0,50690.0,50694.0,50694.0,50692.0,50688.0,50690.0,50694.0
1115,50690.9,50690.0,50693.0,50684.0,50690.0,50694.0,50694.0,50692.0,50688.0,50690.0,50694.0
1116,50690.9,50690.0,50693.0,50684.0,50690.0,50694.0,50694.0,50692.0,50688.0,50690.0,50694.0
1117,50690.9,50690.0,50693.0,50684.0,50690.0,50694.0,50694.0,50692.0,50688.0,50690.0,50694.0
1118,50690.9,50690.0,50693.0,50684.0,50690.0,50694.0,50694.0,50692.0,50688.0,50690.0,50694.0
1119,50690.9,50690.0,50693.0,50684.0,50690.0,50694.0,50694.0,50692.0,50688.0,50690.0,50694.0
1120,50690.9,50690.0,50693.0,50684.0,50690.0,50694.0,50694.0,50692.0,50688.0,50690.0,50694.0
1121,50690.9,50690.0,50693.0,50684.0,50690.0,50694.0,50694.0,50692.0,50688.0,50690.0,50694.0
1122,50690.9,50690.0,50693.0,50684.0,50690.0,50694.0,50694.0,50692.0,50688.0,50690.0,50694.0
1123,50690.9,50690.0,50693.0,50684.0,50690.0,50694.0,50694.0,50692.0,50688.0,50690.0,50694.0
1124,50690.9,50690.0,50693.0,50684.0,50690.0,50694.0,50694.0,50692.0,50688.0,50690.0,50694.0
1125,50690.9,50690.0,50693.0,50684.0,50690.0,50694.0,50694.0,50692.0,50688.0,50690.0,50694.0
1126,50690.9,50690.0,50693.0,50684.0,50690.0,50694.0,50694.0,50692.0,50688.0,50690.0,50694.0
1127,50690.9,50690.0,50693.0,50684.0,50690.0,50694.0,50694.0,50692.0,50688.0,50690.0,50694.0
1128,50690.9,50690.0,50693.0,50684.0,50690.0,50694.0,50694.0,50692.0,50688.0,50690.0,50694.0
1129,50690.9,50690.0,50693.0,50684.0,50690.0,50694.0,50694.0,50692.0,50688.0,50690.0,50694.0
1130,50690.9,50690.0,50693.0,50684.0,50690.0,50694.0,50694.0,50692.0,50688.0,50690.0,50694.0
1131,50690.9,50690.0,50693.0,50684.0,50690.0,50694.0,50694.0,50692.0,50688.0,50690.0,50694.0
1132,50690.9,50690.0,50693.0,50684.0,50690.0,50694.0,50694.0,50692.0,50688.0,50690.0,50694.0
1133,50690.9,50690.0,50693.0,50684.0,50690.0,50694.0,50694.0,50692.0,50688.0,50690.0,50694.0
1134,50690.9,50690.0,50693.0,50684.0,50690.0,50694.0,50694.0,50692.0,50688.0,50690.0,50694.0
1135,50690.9,50690.0,50693.0,50684.0,50690.0,50694.0,50694.0,50692.0,50688.0,50690.0,50694.0
1136,50690.9,50690.0,50693.0,50684.0,50690.0,50694.0,50694.0,50692.0,50688.0,50690.0,50694.0
1137,50690.9,50690.0,50693.0,50684.0,50690.0,50694.0,50694.0,50692.0,50688.0,50690.0,50694.0
1138,50690.9,50690.0,50693.0,50684.0,50690.0,50694.0,50694.0,50692.0,50688.0,50690.0,50694.0
1139,50690.9,50690.0,50693.0,50684.0,50690.0,50694.0,50694.0,50692.0,50688.0,50690.0,50694.0
1140,50690.9,50690.0,50693.0,50684.0,50690.0,50694.0,50694.0,50692.0,50688.0,50690.0,50694.0
1141,50690.9,50690.0,50693.0,50684.0,50690.0,50694.0,50694.0,50692.0,50688.0,50690.0,50694.0
1142,50690.9,50690.0,50693.0,50684.0,50690.0,50694.0,50694.0,50692.0,50688.0,50690.0,50694.0
1143,50690.9,50690.0,50693.0,50684.0,50690.0,50694.0,50694.0,50692.0,50688.0,50690.0,50694.0
1144,50690.9,50690.0,50693.0,50684.0,50690.0,50694.0,50694.0,50692.0,50688.0,50690.0,50694.0
1145,50690.9,50690.0,50693.0,50684.0,50690.0,50694.0,50694.0,50692.0,50688.0,50690.0,50694.0
1146,50690.9,50690.0,50693.0,50684.0,50690.0,50694.0,50694.0,50692.0,50688.0,50690.0,50694.0
1147,50690.9,50690.0,50693.0,50684.0,50690.0,50694.0,50694.0,50692.0,50688.0,50690.0,50694.0
1148,50690.9,50690.0,50693.0,50684.0,50690.0,50694.0,50694.0,50692.0,50688.0,50690.0,50694.0
1149,50690.9,50690.0,50693.0,50684.0,50690.0,50694.0,50694.0,50692.0,50688.0,50690.0,50694.0
1150,50690.9,50690.0,50693.0,50684.0,50690.0,50694.0,50694.0,50692.0,50688.0,50690.0,50694.0
1151,50690.9,50690.0,50693.0,50684.0,50690.0,50694.0,50694.0,50692.0,50688.0,50690.0,50694.0
1152,50690.9,50690.0,50693.0,50684.0,50690.0,50694.0,50694.0,50692.0,50688.0,50690.0,50694.0
1153,50690.9,50690.0,50693.0,50684.0,50690.0,50694.0,50694.0,50692.0,50688.0,50690.0,50694.0
1154,50690.9,50690.0,50693.0,50684.0,50690.0,50694.0,50694.0,50692.0,50688.0,50690.0,50694.0
1155,50690.9,50690.0,50693.0,50684.0,50690.0,50694.0,50694.0,50692.0,50688.0,50690.0,50694.0
1156,50690.9,50690.0,50693.0,50684.0,50690.0,50694.0,50694.0,50692.0,50688.0,50690.0,50694.0
1157,50690.9,50690.0,50693.0,50684.0,50690.0,50694.0,50694.0,50692.0,50688.0,50690.0,50694.0
1158,50690.9,50690.0,50693.0,50684.0,50690.0,50694.0,50694.0,50692.0,50688.0,50690.0,50694.0
1159,50690.9,50690.0,50693.0,50684.0,50690.0,50694.0,50694.0,50692.0,50688.0,50690.0,50694.0
1160,50690.9,50690.0,50693.0,50684.0,50690.0,50694.0,50694.0,50692.0,50688.0,50690.0,50694.0
1161,50690.9,50690.0,50693.0,50684.0,50690.0,50694.0,50694.0,50692.0,50688.0,50690.0,50694.0
1162,50690.9,50690.0,50693.0,50684.0,50690.0,50694.0,50694.0,50692.0,50688.0,50690.0,50694.0
1163,50690.9,50690.0,50693.0,50684.0,50690.0,50694.0,50694.0,50692.0,50688.0,50690.0,50694.0
1164,50690.9,50690.0,50693.0,50684.0,50690.0,50694.0,50694.0,50692.0,50688.0,50690.0,50694.0
1165,50690.9,50690.0,50693.0,50684.0,50690.0,50694.0,50694.0,50692.0,50688.0,50690.0,50694.0
1166,50690.9,50690.0,50693.0,50684.0,50690.0,50694.0,50694.0,50692.0,50688.0,50690.0,50694.0
1167,50690.9,50690.0,50693.0,50684.0,50690.0,50694.0,50694.0,50692.0,50688.0,50690.0,50694.0
1168,50690.9,50690.0,50693.0,50684.0,50690.0,50694.0,50694.0,50692.0,50688.0,50690.0,50694.0
1169,50690.9,50690.0,50693.0,50684.0,50690.0,50694.0,50694.0,50692.0,50688.0,50690.0,50694.0
1170,50690.9,50690.0,50693.0,50684.0,50690.0,50694.0,50694.0,50692.0,50688.0,50690.0,50694.0
1171,50690.9,50690.0,50693.0,50684.0,50690.0,50694.0,50694.0,50692.0,50688.0,50690.0,50694.0
1172,50690.9,50690.0,50693.0,50684.0,50690.0,50694.0,50694.0,50692.0,50688.0,50690.0,50694.0
1173,50690.9,50690.0,50693.0,50684.0,50690.0,50694.0,50694.0,50692.0,50688.0,50690.0,50694.0
1174,50690.9,50690.0,50693.0,50684.0,50690.0,50694.0,50694.0,50692.0,50688.0,50690.0,50694.0
1175,50690.9,50690.0,50693.0,50684.0,50690.0,50694.0,50694.0,50692.0,50688.0,50690.0,50694.0
1176,50690.9,50690.0,50693.0,50684.0,50690.0,50694.0,50694.0,50692.0,50688.0,50690.0,50694.0
1177,50690.9,50690.0,50693.0,50684.0,50690.0,50694.0,50694.0,50692.0,50688.0,50690.0,50694.0
1178,50690.9,50690.0,50693.0,50684.0,50690.0,50694.0,50694.0,50692.0,50688.0,50690.0,50694.0
1179,50690.9,50690.0,50693.0,50684.0,50690.0,50694.0,50694.0,50692.0,50688.0,50690.0,50694.0
1180,50690.9,50690.0,50693.0,50684.0,50690.0,50694.0,50694.0,50692.0,50688.0,50690.0,50694.0
1181,50690.9,50690.0,50693.0,50684.0,50690.0,50694.0,50694.0,50692.0,50688.0,50690.0,50694.0
1182,50690.9,50690.0,50693.0,50684.0,50690.0,50694.0,50694.0,50692.0,50688.0,50690.0,50694.0
1183,50690.9,50690.0,50693.0,50684.0,50690.0,50694.0,50694.0,50692.0,50688.0,50690.0,50694.0
1184,50690.9,50690.0,50693.0,50684.0,50690.0,50694.0,50694.0,50692.0,50688.0,50690.0,50694.0
1185,50690.9,50690.0,50693.0,50684.0,50690.0,50694.0,50694.0,50692.0,50688.0,50690.0,50694.0
1186,50690.9,50690.0,50693.0,50684.0,50690.0,50694.0,50694.0,50692.0,50688.0,50690.0,50694.0
1187,50690.9,50690.0,50693.0,50684.0,50690.0,50694.0,50694.0,50692.0,50688.0,50690.0,50694.0
1188,50690.9,50690.0,50693.0,50684.0,50690.0,50694.0,50694.0,50692.0,50688.0,50690.0,50694.0
1189,50690.9,50690.0,50693.0,50684.0,50690.0,50694.0,50694.0,50692.0,50688.0,50690.0,50694.0
1190,50690.9,50690.0,50693.0,50684.0,50690.0,50694.0,50694.0,50692.0,50688.0,50690.0,50694.0
1191,50690.9,50690.0,50693.0,50684.0,50690.0,50694.0,50694.0,50692.0,50688.0,50690.0,50694.0
1192,50690.9,50690.0,50693.0,50684.0,50690.0,50694.0,50694.0,50692.0,50688.0,50690.0,50694.0
1193,50690.9,50690.0,50693.0,50684.0,50690.0,50694.0,50694.0,50692.0,50688.0,50690.0,50694.0
1194,50690.9,50690.0,50693.0,50684.0,50690.0,50694.0,50694.0,50692.0,50688.0,50690.0,50694.0
1195,50690.9,50690.0,50693.0,50684.0,50690.0,50694.0,50694.0,50692.0,50688.0,50690.0,50694.0
1196,50690.9,50690.0,50693.0,50684.0,50690.0,50694.0,50694.0,50692.0,50688.0,50690.0,50694.0
1197,50690.9,50690.0,50693.0,50684.0,50690.0,50694.0,50694.0,50692.0,50688.0,50690.0,50694.0
1198,50690.9,50690.0,50693.0,50684.0,50690.0,50694.0,50694.0,50692.0,50688.0,50690.0,50694.0
1199,50690.9,50690.0,50693.0,50684.0,50690.0,50694.0,50694.0,50692.0,50688.0,50690.0,50694.0
1200,50690.9,50690.0,50693.0,50684.0,50690.0,50694.0,50694.0,50692.0,50688.0,50690.0,50694.0
1201,50690.9,50690.0,50693.0,50684.0,50690.0,50694.0,50694.0,50692.0,50688.0,50690.0,50694.0
1202,50690.9,50690.0,50693.0,50684.0,50690.0,50694.0,50694.0,50692.0,50688.0,50690.0,50694.0
1203,50690.9,50690.0,50693.0,50684.0,50690.0,50694.0,50694.0,50692.0,50688.0,50690.0,50694.0
1204,50690.9,50690.0,50693.0,50684.0,50690.0,50694.0,50694.0,50692.0,50688.0,50690.0,50694.0
1205,50690.9,50690.0,50693.0,50684.0,50690.0,50694.0,50694.0,50692.0,50688.0,50690.0,50694.0
1206,50690.9,50690.0,50693.0,50684.0,50690.0,50694.0,50694.0,50692.0,50688.0,50690.0,50694.0
1207,50690.9,50690.0,50693.0,50684.0,50690.0,50694.0,50694.0,50692.0,50688.0,50690.0,50694.0
1208,50690.9,50690.0,50693.0,50684.0,50690.0,50694.0,50694.0,50692.0,50688.0,50690.0,50694.0
1209,50690.9,50690.0,50693.0,50684.0,50690.0,50694.0,50694.0,50692.0,50688.0,50690.0,50694.0
1210,50690.9,50690.0,50693.0,50684.0,50690.0,50694.0,50694.0,50692.0,50688.0,50690.0,50694.0
1211,50690.9,50690.0,50693.0,50684.0,50690.0,50694.0,50694.0,50692.0,50688.0,50690.0,50694.0
1212,50690.9,50690.0,50693.0,50684.0,50690.0,50694.0,50694.0,50692.0,50688.0,50690.0,50694.0
1213,50690.9,50690.0,50693.0,50684.0,50690.0,50694.0,50694.0,50692.0,50688.0,50690.0,50694.0
1214,50690.9,50690.0,50693.0,50684.0,50690.0,50694.0,50694.0,50692.0,50688.0,50690.0,50694.0
1215,50690.9,50690.0,50693.0,50684.0,50690.0,50694.0,50694.0,50692.0,50688.0,50690.0,50694.0
1216,50690.9,50690.0,50693.0,50684.0,50690.0,50694.0,50694.0,50692.0,50688.0,50690.0,50694.0
1217,50690.9,50690.0,50693.0,50684.0,50690.0,50694.0,50694.0,50692.0,50688.0,50690.0,50694.0
1218,50690.9,50690.0,50693.0,50684.0,50690.0,50694.0,50694.0,50692.0,50688.0,50690.0,50694.0
1219,50690.9,50690.0,50693.0,50684.0,50690.0,50694.0,50694.0,50692.0,50688.0,50690.0,50694.0
1220,50690.9,50690.0,50693.0,50684.0,50690.0,50694.0,50694.0,50692.0,50688.0,50690.0,50694.0
1221,50690.9,50690.0,50693.0,50684.0,50690.0,50694.0,50694.0,50692.0,50688.0,50690.0,50694.0
1222,50690.9,50690.0,50693.0,50684.0,50690.0,50694.0,50694.0,50692.0,50688.0,50690.0,50694.0
1223,50690.9,50690.0,50693.0,50684.0,50690.0,50694.0,50694.0,50692.0,50688.0,50690.0,50694.0
1224,50690.9,50690.0,50693.0,50684.0,50690.0,50694.0,50694.0,50692.0,50688.0,50690.0,50694.0
1225,50690.9,50690.0,50693.0,50684.0,50690.0,50694.0,50694.0,50692.0,50688.0,50690.0,50694.0
1226,50690.9,50690.0,50693.0,50684.0,50690.0,50694.0,50694.0,50692.0,50688.0,50690.0,50694.0
1227,50690.9,50690.0,50693.0,50684.0,50690.0,50694.0,50694.0,50692.0,50688.0,50690.0,50694.0
1228,50690.9,50690.0,50693.0,50684.0,50690.0,50694.0,50694.0,50692.0,50688.0,50690.0,50694.0
1229,50690.9,50690.0,50693.0,50684.0,50690.0,50694.0,50694.0,50692.0,50688.0,50690.0,50694.0
1230,50690.9,50690.0,50693.0,50684.0,50690.0,50694.0,50694.0,50692.0,50688.0,50690.0,50694.0
1231,50690.9,50690.0,50693.0,50684.0,50690.0,50694.0,50694.0,50692.0,50688.0,50690.0,50694.0
1232,50690.9,50690.0,50693.0,50684.0,50690.0,50694.0,50694.0,50692.0,50688.0,50690.0,50694.0
1233,50690.9,50690.0,50693.0,50684.0,50690.0,50694.0,50694.0,50692.0,50688.0,50690.0,50694.0
1234,50690.9,50690.0,50693.0,50684.0,50690.0,50694.0,50694.0,50692.0,50688.0,50690.0,50694.0
1235,50690.9,50690.0,50693.0,50684.0,50690.0,50694.0,50694.0,50692.0,50688.0,50690.0,50694.0
1236,50690.9,50690.0,50693.0,50684.0,50690.0,50694.0,50694.0,50692.0,50688.0,50690.0,50694.0
1237,50690.9,50690.0,50693.0,50684.0,50690.0,50694.0,50694.0,50692.0,50688.0,50690.0,50694.0
1238,50690.9,50690.0,50693.0,50684.0,50690.0,50694.0,50694.0,50692.0,50688.0,50690.0,50694.0
1239,50690.9,50690.0,50693.0,50684.0,50690.0,50694.0,50694.0,50692.0,50688.0,50690.0,50694.0
1240,50690.9,50690.0,50693.0,50684.0,50690.0,50694.0,50694.0,50692.0,50688.0,50690.0,50694.0
1241,50690.9,50690.0,50693.0,50684.0,50690.0,50694.0,50694.0,50692.0,50688.0,50690.0,50694.0
1242,50690.9,50690.0,50693.0,50684.0,50690.0,50694.0,50694.0,50692.0,50688.0,50690.0,50694.0
1243,50690.9,50690.0,50693.0,50684.0,50690.0,50694.0,50694.0,50692.0,50688.0,50690.0,50694.0
1244,50690.9,50690.0,50693.0,50684.0,50690.0,50694.0,50694.0,50692.0,50688.0,50690.0,50694.0
1245,50690.9,50690.0,50693.0,50684.0,50690.0,50694.0,50694.0,50692.0,50688.0,50690.0,50694.0
1246,50690.9,50690.0,50693.0,50684.0,50690.0,50694.0,50694.0,50692.0,50688.0,50690.0,50694.0
1247,50690.9,50690.0,50693.0,50684.0,50690.0,50694.0,50694.0,50692.0,50688.0,50690.0,50694.0
1248,50690.9,50690.0,50693.0,50684.0,50690.0,50694.0,50694.0,50692.0,50688.0,50690.0,50694.0
1249,50690.9,50690.0,50693.0,50684.0,50690.0,50694.0,50694.0,50692.0,50688.0,50690.0,50694.0
1250,50690.9,50690.0,50693.0,50684.0,50690.0,50694.0,50694.0,50692.0,50688.0,50690.0,50694.0
1251,50690.9,50690.0,50693.0,50684.0,50690.0,50694.0,50694.0,50692.0,50688.0,50690.0,50694.0
1252,50690.9,50690.0,50693.0,50684.0,50690.0,50694.0,50694.0,50692.0,50688.0,50690.0,50694.0
1253,50690.9,50690.0,50693.0,50684.0,50690.0,50694.0,50694.0,50692.0,50688.0,50690.0,50694.0
1254,50690.9,50690.0,50693.0,50684.0,50690.0,50694.0,50694.0,50692.0,50688.0,50690.0,50694.0
1255,50690.9,50690.0,50693.0,50684.0,50690.0,50694.0,50694.0,50692.0,50688.0,50690.0,50694.0
1256,50690.9,50690.0,50693.0,50684.0,50690.0,50694.0,50694.0,50692.0,50688.0,50690.0,50694.0
1257,50690.9,50690.0,50693.0,50684.0,50690.0,50694.0,50694.0,50692.0,50688.0,50690.0,50694.0
1258,50690.9,50690.0,50693.0,50684.0,50690.0,50694.0,50694.0,50692.0,50688.0,50690.0,50694.0
1259,50690.9,50690.0,50693.0,50684.0,50690.0,50694.0,50694.0,50692.0,50688.0,50690.0,50694.0
1260,50690.9,50690.0,50693.0,50684.0,50690.0,50694.0,50694.0,50692.0,50688.0,50690.0,50694.0
1261,50690.9,50690.0,50693.0,50684.0,50690.0,50694.0,50694.0,50692.0,50688.0,50690.0,50694.0
1262,50690.9,50690.0,50693.0,50684.0,50690.0,50694.0,50694.0,50692.0,50688.0,50690.0,50694.0
1263,50690.9,50690.0,50693.0,50684.0,50690.0,50694.0,50694.0,50692.0,50688.0,50690.0,50694.0
1264,50690.9,50690.0,50693.0,50684.0,50690.0,50694.0,50694.0,50692.0,50688.0,50690.0,50694.0
1265,50690.9,50690.0,50693.0,50684.0,50690.0,50694.0,50694.0,50692.0,50688.0,50690.0,50694.0
1266,50690.9,50690.0,50693.0,50684.0,50690.0,50694.0,50694.0,50692.0,50688.0,50690.0,50694.0
1267,50690.9,50690.0,50693.0,50684.0,50690.0,50694.0,50694.0,50692.0,50688.0,50690.0,50694.0
1268,50690.9,50690.0,50693.0,50684.0,50690.0,50694.0,50694.0,50692.0,50688.0,50690.0,50694.0
1269,50690.9,50690.0,50693.0,50684.0,50690.0,50694.0,50694.0,50692.0,50688.0,50690.0,50694.0
1270,50690.9,50690.0,50693.0,50684.0,50690.0,50694.0,50694.0,50692.0,50688.0,50690.0,50694.0
1271,50690.9,50690.0,50693.0,50684.0,50690.0,50694.0,50694.0,50692.0,50688.0,50690.0,50694.0
1272,50690.9,50690.0,50693.0,50684.0,50690.0,50694.0,50694.0,50692.0,50688.0,50690.0,50694.0
1273,50690.9,50690.0,50693.0,50684.0,50690.0,50694.0,50694.0,50692.0,50688.0,50690.0,50694.0
1274,50690.9,50690.0,50693.0,50684.0,50690.0,50694.0,50694.0,50692.0,50688.0,50690.0,50694.0
1275,50690.9,50690.0,50693.0,50684.0,50690.0,50694.0,50694.0,50692.0,50688.0,50690.0,50694.0
1276,50690.9,50690.0,50693.0,50684.0,50690.0,50694.0,50694.0,50692.0,50688.0,50690.0,50694.0
1277,50690.9,50690.0,50693.0,50684.0,50690.0,50694.0,50694.0,50692.0,50688.0,50690.0,50694.0
1278,50690.9,50690.0,50693.0,50684.0,50690.0,50694.0,50694.0,50692.0,50688.0,50690.0,50694.0
1279,50690.9,50690.0,50693.0,50684.0,50690.0,50694.0,50694.0,50692.0,50688.0,50690.0,50694.0
1280,50690.9,50690.0,50693.0,50684.0,50690.0,50694.0,50694.0,50692.0,50688.0,50690.0,50694.0
1281,50690.9,50690.0,50693.0,50684.0,50690.0,50694.0,50694.0,50692.0,50688.0,50690.0,50694.0
1282,50690.9,50690.0,50693.0,50684.0,50690.0,50694.0,50694.0,50692.0,50688.0,50690.0,50694.0
1283,50690.9,50690.0,50693.0,50684.0,50690.0,50694.0,50694.0,50692.0,50688.0,50690.0,50694.0
1284,50690.9,50690.0,50693.0,50684.0,50690.0,50694.0,50694.0,50692.0,50688.0,50690.0,50694.0
1285,50690.9,50690.0,50693.0,50684.0,50690.0,50694.0,50694.0,50692.0,50688.0,50690.0,50694.0
1286,50690.9,50690.0,50693.0,50684.0,50690.0,50694.0,50694.0,50692.0,50688.0,50690.0,50694.0
1287,50690.9,50690.0,50693.0,50684.0,50690.0,50694.0,50694.0,50692.0,50688.0,50690.0,50694.0
1288,50690.9,50690.0,50693.0,50684.0,50690.0,50694.0,50694.0,50692.0,50688.0,50690.0,50694.0
1289,50690.9,50690.0,50693.0,50684.0,50690.0,50694.0,50694.0,50692.0,50688.0,50690.0,50694.0
1290,50690.9,50690.0,50693.0,50684.0,50690.0,50694.0,50694.0,50692.0,50688.0,50690.0,50694.0
1291,50690.9,50690.0,50693.0,50684.0,50690.0,50694.0,50694.0,50692.0,50688.0,50690.0,50694.0
1292,50690.9,50690.0,50693.0,50684.0,50690.0,50694.0,50694.0,50692.0,50688.0,50690.0,50694.0
1293,50690.9,50690.0,50693.0,50684.0,50690.0,50694.0,50694.0,50692.0,50688.0,50690.0,50694.0
1294,50690.9,50690.0,50693.0,50684.0,50690.0,50694.0,50694.0,50692.0,50688.0,50690.0,50694.0
1295,50690.9,50690.0,50693.0,50684.0,50690.0,50694.0,50694.0,50692.0,50688.0,50690.0,50694.0
1296,50690.9,50690.0,50693.0,50684.0,50690.0,50694.0,50694.0,50692.0,50688.0,50690.0,50694.0
1297,50690.9,50690.0,50693.0,50684.0,50690.0,50694.0,50694.0,50692.0,50688.0,50690.0,50694.0
1298,50690.9,50690.0,50693.0,50684.0,50690.0,50694.0,50694.0,50692.0,50688.0,50690.0,50694.0
1299,50690.9,50690.0,50693.0,50684.0,50690.0,50694.0,50694.0,50692.0,50688.0,50690.0,50694.0
1300,50690.9,50690.0,50693.0,50684.0,50690.0,50694.0,50694.0,50692.0,50688.0,50690.0,50694.0
1301,50690.9,50690.0,50693.0,50684.0,50690.0,50694.0,50694.0,50692.0,50688.0,50690.0,50694.0
1302,50690.9,50690.0,50693.0,50684.0,50690.0,50694.0,50694.0,50692.0,50688.0,50690.0,50694.0
1303,50690.9,50690.0,50693.0,50684.0,50690.0,50694.0,50694.0,50692.0,50688.0,50690.0,50694.0
1304,50690.9,50690.0,50693.0,50684.0,50690.0,50694.0,50694.0,50692.0,50688.0,50690.0,50694.0
1305,50690.9,50690.0,50693.0,50684.0,50690.0,50694.0,50694.0,50692.0,50688.0,50690.0,50694.0
1306,50690.9,50690.0,50693.0,50684.0,50690.0,50694.0,50694.0,50692.0,50688.0,50690.0,50694.0
1307,50690.9,50690.0,50693.0,50684.0,50690.0,50694.0,50694.0,50692.0,50688.0,50690.0,50694.0
1308,50690.9,50690.0,50693.0,50684.0,50690.0,50694.0,50694.0,50692.0,50688.0,50690.0,50694.0
1309,50690.9,50690.0,50693.0,50684.0,50690.0,50694.0,50694.0,50692.0,50688.0,50690.0,50694.0
1310,50690.9,50690.0,50693.0,50684.0,50690.0,50694.0,50694.0,50692.0,50688.0,50690.0,50694.0
1311,50690.9,50690.0,50693.0,50684.0,50690.0,50694.0,50694.0,50692.0,50688.0,50690.0,50694.0
1312,50690.9,50690.0,50693.0,50684.0,50690.0,50694.0,50694.0,50692.0,50688.0,50690.0,50694.0
1313,50690.9,50690.0,50693.0,50684.0,50690.0,50694.0,50694.0,50692.0,50688.0,50690.0,50694.0
1314,50690.9,50690.0,50693.0,50684.0,50690.0,50694.0,50694.0,50692.0,50688.0,50690.0,50694.0
1315,50690.9,50690.0,50693.0,50684.0,50690.0,50694.0,50694.0,50692.0,50688.0,50690.0,50694.0
1316,50690.9,50690.0,50693.0,50684.0,50690.0,50694.0,50694.0,50692.0,50688.0,50690.0,50694.0
1317,50690.9,50690.0,50693.0,50684.0,50690.0,50694.0,50694.0,50692.0,50688.0,50690.0,50694.0
1318,50690.9,50690.0,50693.0,50684.0,50690.0,50694.0,50694.0,50692.0,50688.0,50690.0,50694.0
1319,50690.9,50690.0,50693.0,50684.0,50690.0,50694.0,50694.0,50692.0,50688.0,50690.0,50694.0
1320,50690.9,50690.0,50693.0,50684.0,50690.0,50694.0,50694.0,50692.0,50688.0,50690.0,50694.0
1321,50690.9,50690.0,50693.0,50684.0,50690.0,50694.0,50694.0,50692.0,50688.0,50690.0,50694.0
1322,50690.9,50690.0,50693.0,50684.0,50690.0,50694.0,50694.0,50692.0,50688.0,50690.0,50694.0
1323,50690.9,50690.0,50693.0,50684.0,50690.0,50694.0,50694.0,50692.0,50688.0,50690.0,50694.0
1324,50690.9,50690.0,50693.0,50684.0,50690.0,50694.0,50694.0,50692.0,50688.0,50690.0,50694.0
1325,50690.9,50690.0,50693.0,50684.0,50690.0,50694.0,50694.0,50692.0,50688.0,50690.0,50694.0
1326,50690.9,50690.0,50693.0,50684.0,50690.0,50694.0,50694.0,50692.0,50688.0,50690.0,50694.0
1327,50690.9,50690.0,50693.0,50684.0,50690.0,50694.0,50694.0,50692.0,50688.0,50690.0,50694.0
1328,50690.9,50690.0,50693.0,50684.0,50690.0,50694.0,50694.0,50692.0,50688.0,50690.0,50694.0
1329,50690.9,50690.0,50693.0,50684.0,50690.0,50694.0,50694.0,50692.0,50688.0,50690.0,50694.0
1330,50690.9,50690.0,50693.0,50684.0,50690.0,50694.0,50694.0,50692.0,50688.0,50690.0,50694.0
1331,50690.9,50690.0,50693.0,50684.0,50690.0,50694.0,50694.0,50692.0,50688.0,50690.0,50694.0
1332,50690.9,50690.0,50693.0,50684.0,50690.0,50694.0,50694.0,50692.0,50688.0,50690.0,50694.0
1333,50690.9,50690.0,50693.0,50684.0,50690.0,50694.0,50694.0,50692.0,50688.0,50690.0,50694.0
1334,50690.9,50690.0,50693.0,50684.0,50690.0,50694.0,50694.0,50692.0,50688.0,50690.0,50694.0
1335,50690.9,50690.0,50693.0,50684.0,50690.0,50694.0,50694.0,50692.0,50688.0,50690.0,50694.0
1336,50690.9,50690.0,50693.0,50684.0,50690.0,50694.0,50694.0,50692.0,50688.0,50690.0,50694.0
1337,50690.9,50690.0,50693.0,50684.0,50690.0,50694.0,50694.0,50692.0,50688.0,50690.0,50694.0
1338,50690.9,50690.0,50693.0,50684.0,50690.0,50694.0,50694.0,50692.0,50688.0,50690.0,50694.0
1339,50690.9,50690.0,50693.0,50684.0,50690.0,50694.0,50694.0,50692.0,50688.0,50690.0,50694.0
1340,50690.9,50690.0,50693.0,50684.0,50690.0,50694.0,50694.0,50692.0,50688.0,50690.0,50694.0
1341,50690.9,50690.0,50693.0,50684.0,50690.0,50694.0,50694.0,50692.0,50688.0,50690.0,50694.0
1342,50690.9,50690.0,50693.0,50684.0,50690.0,50694.0,50694.0,50692.0,50688.0,50690.0,50694.0
1343,50690.9,50690.0,50693.0,50684.0,50690.0,50694.0,50694.0,50692.0,50688.0,50690.0,50694.0
1344,50690.9,50690.0,50693.0,50684.0,50690.0,50694.0,50694.0,50692.0,50688.0,50690.0,50694.0
1345,50690.9,50690.0,50693.0,50684.0,50690.0,50694.0,50694.0,50692.0,50688.0,50690.0,50694.0
1346,50690.9,50690.0,50693.0,50684.0,50690.0,50694.0,50694.0,50692.0,50688.0,50690.0,50694.0
1347,50690.9,50690.0,50693.0,50684.0,50690.0,50694.0,50694.0,50692.0,50688.0,50690.0,50694.0
1348,50690.9,50690.0,50693.0,50684.0,50690.0,50694.0,50694.0,50692.0,50688.0,50690.0,50694.0
1349,50690.9,50690.0,50693.0,50684.0,50690.0,50694.0,50694.0,50692.0,50688.0,50690.0,50694.0
1350,50690.9,50690.0,50693.0,50684.0,50690.0,50694.0,50694.0,50692.0,50688.0,50690.0,50694.0
1351,50690.9,50690.0,50693.0,50684.0,50690.0,50694.0,50694.0,50692.0,50688.0,50690.0,50694.0
1352,50690.9,50690.0,50693.0,50684.0,50690.0,50694.0,50694.0,50692.0,50688.0,50690.0,50694.0
1353,50690.9,50690.0,50693.0,50684.0,50690.0,50694.0,50694.0,50692.0,50688.0,50690.0,50694.0
1354,50690.9,50690.0,50693.0,50684.0,50690.0,50694.0,50694.0,50692.0,50688.0,50690.0,50694.0
1355,50690.9,50690.0,50693.0,50684.0,50690.0,50694.0,50694.0,50692.0,50688.0,50690.0,50694.0
1356,50690.9,50690.0,50693.0,50684.0,50690.0,50694.0,50694.0,50692.0,50688.0,50690.0,50694.0
1357,50690.9,50690.0,50693.0,50684.0,50690.0,50694.0,50694.0,50692.0,50688.0,50690.0,50694.0
1358,50690.9,50690.0,50693.0,50684.0,50690.0,50694.0,50694.0,50692.0,50688.0,50690.0,50694.0
1359,50690.9,50690.0,50693.0,50684.0,50690.0,50694.0,50694.0,50692.0,50688.0,50690.0,50694.0
1360,50690.9,50690.0,50693.0,50684.0,50690.0,50694.0,50694.0,50692.0,50688.0,50690.0,50694.0
1361,50690.9,50690.0,50693.0,50684.0,50690.0,50694.0,50694.0,50692.0,50688.0,50690.0,50694.0
1362,50690.9,50690.0,50693.0,50684.0,50690.0,50694.0,50694.0,50692.0,50688.0,50690.0,50694.0
1363,50690.9,50690.0,50693.0,50684.0,50690.0,50694.0,50694.0,50692.0,50688.0,50690.0,50694.0
1364,50690.9,50690.0,50693.0,50684.0,50690.0,50694.0,50694.0,50692.0,50688.0,50690.0,50694.0
1365,50690.9,50690.0,50693.0,50684.0,50690.0,50694.0,50694.0,50692.0,50688.0,50690.0,50694.0
1366,50690.9,50690.0,50693.0,50684.0,50690.0,50694.0,50694.0,50692.0,50688.0,50690.0,50694.0
1367,50690.9,50690.0,50693.0,50684.0,50690.0,50694.0,50694.0,50692.0,50688.0,50690.0,50694.0
1368,50690.9,50690.0,50693.0,50684.0,50690.0,50694.0,50694.0,50692.0,50688.0,50690.0,50694.0
1369,50690.9,50690.0,50693.0,50684.0,50690.0,50694.0,50694.0,50692.0,50688.0,50690.0,50694.0
1370,50690.9,50690.0,50693.0,50684.0,50690.0,50694.0,50694.0,50692.0,50688.0,50690.0,50694.0
1371,50690.9,50690.0,50693.0,50684.0,50690.0,50694.0,50694.0,50692.0,50688.0,50690.0,50694.0
1372,50690.9,50690.0,50693.0,50684.0,50690.0,50694.0,50694.0,50692.0,50688.0,50690.0,50694.0
1373,50690.9,50690.0,50693.0,50684.0,50690.0,50694.0,50694.0,50692.0,50688.0,50690.0,50694.0
1374,50690.9,50690.0,50693.0,50684.0,50690.0,50694.0,50694.0,50692.0,50688.0,50690.0,50694.0
1375,50690.9,50690.0,50693.0,50684.0,50690.0,50694.0,50694.0,50692.0,50688.0,50690.0,50694.0
1376,50690.9,50690.0,50693.0,50684.0,50690.0,50694.0,50694.0,50692.0,50688.0,50690.0,50694.0
1377,50690.9,50690.0,50693.0,50684.0,50690.0,50694.0,50694.0,50692.0,50688.0,50690.0,50694.0
1378,50690.9,50690.0,50693.0,50684.0,50690.0,50694.0,50694.0,50692.0,50688.0,50690.0,50694.0
1379,50690.9,50690.0,50693.0,50684.0,50690.0,50694.0,50694.0,50692.0,50688.0,50690.0,50694.0
1380,50690.9,50690.0,50693.0,50684.0,50690.0,50694.0,50694.0,50692.0,50688.0,50690.0,50694.0
1381,50690.9,50690.0,50693.0,50684.0,50690.0,50694.0,50694.0,50692.0,50688.0,50690.0,50694.0
1382,50690.9,50690.0,50693.0,50684.0,50690.0,50694.0,50694.0,50692.0,50688.0,50690.0,50694.0
1383,50690.9,50690.0,50693.0,50684.0,50690.0,50694.0,50694.0,50692.0,50688.0,50690.0,50694.0
1384,50690.9,50690.0,50693.0,50684.0,50690.0,50694.0,50694.0,50692.0,50688.0,50690.0,50694.0
1385,50690.9,50690.0,50693.0,50684.0,50690.0,50694.0,50694.0,50692.0,50688.0,50690.0,50694.0
1386,50690.9,50690.0,50693.0,50684.0,50690.0,50694.0,50694.0,50692.0,50688.0,50690.0,50694.0
1387,50690.9,50690.0,50693.0,50684.0,50690.0,50694.0,50694.0,50692.0,50688.0,50690.0,50694.0
1388,50690.9,50690.0,50693.0,50684.0,50690.0,50694.0,50694.0,50692.0,50688.0,50690.0,50694.0
1389,50690.9,50690.0,50693.0,50684.0,50690.0,50694.0,50694.0,50692.0,50688.0,50690.0,50694.0
1390,50690.9,50690.0,50693.0,50684.0,50690.0,50694.0,50694.0,50692.0,50688.0,50690.0,50694.0
1391,50690.9,50690.0,50693.0,50684.0,50690.0,50694.0,50694.0,50692.0,50688.0,50690.0,50694.0
1392,50690.9,50690.0,50693.0,50684.0,50690.0,50694.0,50694.0,50692.0,50688.0,50690.0,50694.0
1393,50690.9,50690.0,50693.0,50684.0,50690.0,50694.0,50694.0,50692.0,50688.0,50690.0,50694.0
1394,50690.9,50690.0,50693.0,50684.0,50690.0,50694.0,50694.0,50692.0,50688.0,50690.0,50694.0
1395,50690.9,50690.0,50693.0,50684.0,50690.0,50694.0,50694.0,50692.0,50688.0,50690.0,50694.0
1396,50690.9,50690.0,50693.0,50684.0,50690.0,50694.0,50694.0,50692.0,50688.0,50690.0,50694.0
1397,50690.9,50690.0,50693.0,50684.0,50690.0,50694.0,50694.0,50692.0,50688.0,50690.0,50694.0
1398,50690.9,50690.0,50693.0,50684.0,50690.0,50694.0,50694.0,50692.0,50688.0,50690.0,50694.0
1399,50690.9,50690.0,50693.0,50684.0,50690.0,50694.0,50694.0,50692.0,50688.0,50690.0,50694.0
1400,50690.9,50690.0,50693.0,50684.0,50690.0,50694.0,50694.0,50692.0,50688.0,50690.0,50694.0
1401,50690.9,50690.0,50693.0,50684.0,50690.0,50694.0,50694.0,50692.0,50688.0,50690.0,50694.0
1402,50690.9,50690.0,50693.0,50684.0,50690.0,50694.0,50694.0,50692.0,50688.0,50690.0,50694.0
1403,50690.9,50690.0,50693.0,50684.0,50690.0,50694.0,50694.0,50692.0,50688.0,50690.0,50694.0
1404,50690.9,50690.0,50693.0,50684.0,50690.0,50694.0,50694.0,50692.0,50688.0,50690.0,50694.0
1405,50690.9,50690.0,50693.0,50684.0,50690.0,50694.0,50694.0,50692.0,50688.0,50690.0,50694.0
1406,50690.9,50690.0,50693.0,50684.0,50690.0,50694.0,50694.0,50692.0,50688.0,50690.0,50694.0
1407,50690.9,50690.0,50693.0,50684.0,50690.0,50694.0,50694.0,50692.0,50688.0,50690.0,50694.0
1408,50690.9,50690.0,50693.0,50684.0,50690.0,50694.0,50694.0,50692.0,50688.0,50690.0,50694.0
1409,50690.9,50690.0,50693.0,50684.0,50690.0,50694.0,50694.0,50692.0,50688.0,50690.0,50694.0
1410,50690.9,50690.0,50693.0,50684.0,50690.0,50694.0,50694.0,50692.0,50688.0,50690.0,50694.0
1411,50690.9,50690.0,50693.0,50684.0,50690.0,50694.0,50694.0,50692.0,50688.0,50690.0,50694.0
1412,50690.9,50690.0,50693.0,50684.0,50690.0,50694.0,50694.0,50692.0,50688.0,50690.0,50694.0
1413,50690.9,50690.0,50693.0,50684.0,50690.0,50694.0,50694.0,50692.0,50688.0,50690.0,50694.0
1414,50690.9,50690.0,50693.0,50684.0,50690.0,50694.0,50694.0,50692.0,50688.0,50690.0,50694.0
1415,50690.9,50690.0,50693.0,50684.0,50690.0,50694.0,50694.0,50692.0,50688.0,50690.0,50694.0
1416,50690.9,50690.0,50693.0,50684.0,50690.0,50694.0,50694.0,50692.0,50688.0,50690.0,50694.0
1417,50690.9,50690.0,50693.0,50684.0,50690.0,50694.0,50694.0,50692.0,50688.0,50690.0,50694.0
1418,50690.9,50690.0,50693.0,50684.0,50690.0,50694.0,50694.0,50692.0,50688.0,50690.0,50694.0
1419,50690.9,50690.0,50693.0,50684.0,50690.0,50694.0,50694.0,50692.0,50688.0,50690.0,50694.0
1420,50690.9,50690.0,50693.0,50684.0,50690.0,50694.0,50694.0,50692.0,50688.0,50690.0,50694.0
1421,50690.9,50690.0,50693.0,50684.0,50690.0,50694.0,50694.0,50692.0,50688.0,50690.0,50694.0
1422,50690.9,50690.0,50693.0,50684.0,50690.0,50694.0,50694.0,50692.0,50688.0,50690.0,50694.0
1423,50690.9,50690.0,50693.0,50684.0,50690.0,50694.0,50694.0,50692.0,50688.0,50690.0,50694.0
1424,50690.9,50690.0,50693.0,50684.0,50690.0,50694.0,50694.0,50692.0,50688.0,50690.0,50694.0
1425,50690.9,50690.0,50693.0,50684.0,50690.0,50694.0,50694.0,50692.0,50688.0,50690.0,50694.0
1426,50690.9,50690.0,50693.0,50684.0,50690.0,50694.0,50694.0,50692.0,50688.0,50690.0,50694.0
1427,50690.9,50690.0,50693.0,50684.0,50690.0,50694.0,50694.0,50692.0,50688.0,50690.0,50694.0
1428,50690.9,50690.0,50693.0,50684.0,50690.0,50694.0,50694.0,50692.0,50688.0,50690.0,50694.0
1429,50690.9,50690.0,50693.0,50684.0,50690.0,50694.0,50694.0,50692.0,50688.0,50690.0,50694.0
1430,50690.9,50690.0,50693.0,50684.0,50690.0,50694.0,50694.0,50692.0,50688.0,50690.0,50694.0
1431,50690.9,50690.0,50693.0,50684.0,50690.0,50694.0,50694.0,50692.0,50688.0,50690.0,50694.0
1432,50690.9,50690.0,50693.0,50684.0,50690.0,50694.0,50694.0,50692.0,50688.0,50690.0,50694.0
1433,50690.9,50690.0,50693.0,50684.0,50690.0,50694.0,50694.0,50692.0,50688.0,50690.0,50694.0
1434,50690.9,50690.0,50693.0,50684.0,50690.0,50694.0,50694.0,50692.0,50688.0,50690.0,50694.0
1435,50690.9,50690.0,50693.0,50684.0,50690.0,50694.0,50694.0,50692.0,50688.0,50690.0,50694.0
1436,50690.9,50690.0,50693.0,50684.0,50690.0,50694.0,50694.0,50692.0,50688.0,50690.0,50694.0
1437,50690.9,50690.0,50693.0,50684.0,50690.0,50694.0,50694.0,50692.0,50688.0,50690.0,50694.0
1438,50690.9,50690.0,50693.0,50684.0,50690.0,50694.0,50694.0,50692.0,50688.0,50690.0,50694.0
1439,50690.9,50690.0,50693.0,50684.0,50690.0,50694.0,50694.0,50692.0,50688.0,50690.0,50694.0
1440,50690.9,50690.0,50693.0,50684.0,50690.0,50694.0,50694.0,50692.0,50688.0,50690.0,50694.0
1441,50690.9,50690.0,50693.0,50684.0,50690.0,50694.0,50694.0,50692.0,50688.0,50690.0,50694.0
1442,50690.9,50690.0,50693.0,50684.0,50690.0,50694.0,50694.0,50692.0,50688.0,50690.0,50694.0
1443,50690.9,50690.0,50693.0,50684.0,50690.0,50694.0,50694.0,50692.0,50688.0,50690.0,50694.0
1444,50690.9,50690.0,50693.0,50684.0,50690.0,50694.0,50694.0,50692.0,50688.0,50690.0,50694.0
1445,50690.9,50690.0,50693.0,50684.0,50690.0,50694.0,50694.0,50692.0,50688.0,50690.0,50694.0
1446,50690.9,50690.0,50693.0,50684.0,50690.0,50694.0,50694.0,50692.0,50688.0,50690.0,50694.0
1447,50690.9,50690.0,50693.0,50684.0,50690.0,50694.0,50694.0,50692.0,50688.0,50690.0,50694.0
1448,50690.9,50690.0,50693.0,50684.0,50690.0,50694.0,50694.0,50692.0,50688.0,50690.0,50694.0
1449,50690.9,50690.0,50693.0,50684.0,50690.0,50694.0,50694.0,50692.0,50688.0,50690.0,50694.0
1450,50690.9,50690.0,50693.0,50684.0,50690.0,50694.0,50694.0,50692.0,50688.0,50690.0,50694.0
1451,50690.9,50690.0,50693.0,50684.0,50690.0,50694.0,50694.0,50692.0,50688.0,50690.0,50694.0
1452,50690.9,50690.0,50693.0,50684.0,50690.0,50694.0,50694.0,50692.0,50688.0,50690.0,50694.0
1453,50690.9,50690.0,50693.0,50684.0,50690.0,50694.0,50694.0,50692.0,50688.0,50690.0,50694.0
1454,50690.9,50690.0,50693.0,50684.0,50690.0,50694.0,50694.0,50692.0,50688.0,50690.0,50694.0
1455,50690.9,50690.0,50693.0,50684.0,50690.0,50694.0,50694.0,50692.0,50688.0,50690.0,50694.0
1456,50690.9,50690.0,50693.0,50684.0,50690.0,50694.0,50694.0,50692.0,50688.0,50690.0,50694.0
1457,50690.9,50690.0,50693.0,50684.0,50690.0,50694.0,50694.0,50692.0,50688.0,50690.0,50694.0
1458,50690.9,50690.0,50693.0,50684.0,50690.0,50694.0,50694.0,50692.0,50688.0,50690.0,50694.0
1459,50690.9,50690.0,50693.0,50684.0,50690.0,50694.0,50694.0,50692.0,50688.0,50690.0,50694.0
1460,50690.9,50690.0,50693.0,50684.0,50690.0,50694.0,50694.0,50692.0,50688.0,50690.0,50694.0
1461,50690.9,50690.0,50693.0,50684.0,50690.0,50694.0,50694.0,50692.0,50688.0,50690.0,50694.0
1462,50690.9,50690.0,50693.0,50684.0,50690.0,50694.0,50694.0,50692.0,50688.0,50690.0,50694.0
1463,50690.9,50690.0,50693.0,50684.0,50690.0,50694.0,50694.0,50692.0,50688.0,50690.0,50694.0
1464,50690.9,50690.0,50693.0,50684.0,50690.0,50694.0,50694.0,50692.0,50688.0,50690.0,50694.0
1465,50690.9,50690.0,50693.0,50684.0,50690.0,50694.0,50694.0,50692.0,50688.0,50690.0,50694.0
1466,50690.9,50690.0,50693.0,50684.0,50690.0,50694.0,50694.0,50692.0,50688.0,50690.0,50694.0
1467,50690.9,50690.0,50693.0,50684.0,50690.0,50694.0,50694.0,50692.0,50688.0,50690.0,50694.0
1468,50690.9,50690.0,50693.0,50684.0,50690.0,50694.0,50694.0,50692.0,50688.0,50690.0,50694.0
1469,50690.9,50690.0,50693.0,50684.0,50690.0,50694.0,50694.0,50692.0,50688.0,50690.0,50694.0
1470,50690.9,50690.0,50693.0,50684.0,50690.0,50694.0,50694.0,50692.0,50688.0,50690.0,50694.0
1471,50690.9,50690.0,50693.0,50684.0,50690.0,50694.0,50694.0,50692.0,50688.0,50690.0,50694.0
1472,50690.9,50690.0,50693.0,50684.0,50690.0,50694.0,50694.0,50692.0,50688.0,50690.0,50694.0
1473,50690.9,50690.0,50693.0,50684.0,50690.0,50694.0,50694.0,50692.0,50688.0,50690.0,50694.0
1474,50690.9,50690.0,50693.0,50684.0,50690.0,50694.0,50694.0,50692.0,50688.0,50690.0,50694.0
1475,50690.9,50690.0,50693.0,50684.0,50690.0,50694.0,50694.0,50692.0,50688.0,50690.0,50694.0
1476,50690.9,50690.0,50693.0,50684.0,50690.0,50694.0,50694.0,50692.0,50688.0,50690.0,50694.0
1477,50690.9,50690.0,50693.0,50684.0,50690.0,50694.0,50694.0,50692.0,50688.0,50690.0,50694.0
1478,50690.9,50690.0,50693.0,50684.0,50690.0,50694.0,50694.0,50692.0,50688.0,50690.0,50694.0
1479,50690.9,50690.0,50693.0,50684.0,50690.0,50694.0,50694.0,50692.0,50688.0,50690.0,50694.0
1480,50690.9,50690.0,50693.0,50684.0,50690.0,50694.0,50694.0,50692.0,50688.0,50690.0,50694.0
1481,50690.9,50690.0,50693.0,50684.0,50690.0,50694.0,50694.0,50692.0,50688.0,50690.0,50694.0
1482,50690.9,50690.0,50693.0,50684.0,50690.0,50694.0,50694.0,50692.0,50688.0,50690.0,50694.0
1483,50690.9,50690.0,50693.0,50684.0,50690.0,50694.0,50694.0,50692.0,50688.0,50690.0,50694.0
1484,50690.9,50690.0,50693.0,50684.0,50690.0,50694.0,50694.0,50692.0,50688.0,50690.0,50694.0
1485,50690.9,50690.0,50693.0,50684.0,50690.0,50694.0,50694.0,50692.0,50688.0,50690.0,50694.0
1486,50690.9,50690.0,50693.0,50684.0,50690.0,50694.0,50694.0,50692.0,50688.0,50690.0,50694.0
1487,50690.9,50690.0,50693.0,50684.0,50690.0,50694.0,50694.0,50692.0,50688.0,50690.0,50694.0
1488,50690.9,50690.0,50693.0,50684.0,50690.0,50694.0,50694.0,50692.0,50688.0,50690.0,50694.0
1489,50690.9,50690.0,50693.0,50684.0,50690.0,50694.0,50694.0,50692.0,50688.0,50690.0,50694.0
1490,50690.9,50690.0,50693.0,50684.0,50690.0,50694.0,50694.0,50692.0,50688.0,50690.0,50694.0
1491,50690.9,50690.0,50693.0,50684.0,50690.0,50694.0,50694.0,50692.0,50688.0,50690.0,50694.0
1492,50690.9,50690.0,50693.0,50684.0,50690.0,50694.0,50694.0,50692.0,50688.0,50690.0,50694.0
1493,50690.9,50690.0,50693.0,50684.0,50690.0,50694.0,50694.0,50692.0,50688.0,50690.0,50694.0
1494,50690.9,50690.0,50693.0,50684.0,50690.0,50694.0,50694.0,50692.0,50688.0,50690.0,50694.0
1495,50690.9,50690.0,50693.0,50684.0,50690.0,50694.0,50694.0,50692.0,50688.0,50690.0,50694.0
1496,50690.9,50690.0,50693.0,50684.0,50690.0,50694.0,50694.0,50692.0,50688.0,50690.0,50694.0
1497,50690.9,50690.0,50693.0,50684.0,50690.0,50694.0,50694.0,50692.0,50688.0,50690.0,50694.0
1498,50690.9,50690.0,50693.0,50684.0,50690.0,50694.0,50694.0,50692.0,50688.0,50690.0,50694.0
1499,50690.9,50690.0,50693.0,50684.0,50690.0,50694.0,50694.0,50692.0,50688.0,50690.0,50694.0
1500,50690.9,50690.0,50693.0,50684.0,50690.0,50694.0,50694.0,50692.0,50688.0,50690.0,50694.0
1501,50690.9,50690.0,50693.0,50684.0,50690.0,50694.0,50694.0,50692.0,50688.0,50690.0,50694.0
1502,50690.9,50690.0,50693.0,50684.0,50690.0,50694.0,50694.0,50692.0,50688.0,50690.0,50694.0
1503,50690.9,50690.0,50693.0,50684.0,50690.0,50694.0,50694.0,50692.0,50688.0,50690.0,50694.0
1504,50690.9,50690.0,50693.0,50684.0,50690.0,50694.0,50694.0,50692.0,50688.0,50690.0,50694.0
1505,50690.9,50690.0,50693.0,50684.0,50690.0,50694.0,50694.0,50692.0,50688.0,50690.0,50694.0
1506,50690.9,50690.0,50693.0,50684.0,50690.0,50694.0,50694.0,50692.0,50688.0,50690.0,50694.0
1507,50690.9,50690.0,50693.0,50684.0,50690.0,50694.0,50694.0,50692.0,50688.0,50690.0,50694.0
1508,50690.9,50690.0,50693.0,50684.0,50690.0,50694.0,50694.0,50692.0,50688.0,50690.0,50694.0
1509,50690.9,50690.0,50693.0,50684.0,50690.0,50694.0,50694.0,50692.0,50688.0,50690.0,50694.0
1510,50690.9,50690.0,50693.0,50684.0,50690.0,50694.0,50694.0,50692.0,50688.0,50690.0,50694.0
1511,50690.9,50690.0,50693.0,50684.0,50690.0,50694.0,50694.0,50692.0,50688.0,50690.0,50694.0
1512,50690.9,50690.0,50693.0,50684.0,50690.0,50694.0,50694.0,50692.0,50688.0,50690.0,50694.0
1513,50690.9,50690.0,50693.0,50684.0,50690.0,50694.0,50694.0,50692.0,50688.0,50690.0,50694.0
1514,50690.9,50690.0,50693.0,50684.0,50690.0,50694.0,50694.0,50692.0,50688.0,50690.0,50694.0
1515,50690.9,50690.0,50693.0,50684.0,50690.0,50694.0,50694.0,50692.0,50688.0,50690.0,50694.0
1516,50690.9,50690.0,50693.0,50684.0,50690.0,50694.0,50694.0,50692.0,50688.0,50690.0,50694.0
1517,50690.9,50690.0,50693.0,50684.0,50690.0,50694.0,50694.0,50692.0,50688.0,50690.0,50694.0
1518,50690.9,50690.0,50693.0,50684.0,50690.0,50694.0,50694.0,50692.0,50688.0,50690.0,50694.0
1519,50690.9,50690.0,50693.0,50684.0,50690.0,50694.0,50694.0,50692.0,50688.0,50690.0,50694.0
1520,50690.9,50690.0,50693.0,50684.0,50690.0,50694.0,50694.0,50692.0,50688.0,50690.0,50694.0
1521,50690.9,50690.0,50693.0,50684.0,50690.0,50694.0,50694.0,50692.0,50688.0,50690.0,50694.0
1522,50690.9,50690.0,50693.0,50684.0,50690.0,50694.0,50694.0,50692.0,50688.0,50690.0,50694.0
1523,50690.9,50690.0,50693.0,50684.0,50690.0,50694.0,50694.0,50692.0,50688.0,50690.0,50694.0
1524,50690.9,50690.0,50693.0,50684.0,50690.0,50694.0,50694.0,50692.0,50688.0,50690.0,50694.0
1525,50690.9,50690.0,50693.0,50684.0,50690.0,50694.0,50694.0,50692.0,50688.0,50690.0,50694.0
1526,50690.9,50690.0,50693.0,50684.0,50690.0,50694.0,50694.0,50692.0,50688.0,50690.0,50694.0
1527,50690.9,50690.0,50693.0,50684.0,50690.0,50694.0,50694.0,50692.0,50688.0,50690.0,50694.0
1528,50690.9,50690.0,50693.0,50684.0,50690.0,50694.0,50694.0,50692.0,50688.0,50690.0,50694.0
1529,50690.9,50690.0,50693.0,50684.0,50690.0,50694.0,50694.0,50692.0,50688.0,50690.0,50694.0
1530,50690.9,50690.0,50693.0,50684.0,50690.0,50694.0,50694.0,50692.0,50688.0,50690.0,50694.0
1531,50690.9,50690.0,50693.0,50684.0,50690.0,50694.0,50694.0,50692.0,50688.0,50690.0,50694.0
1532,50690.9,50690.0,50693.0,50684.0,50690.0,50694.0,50694.0,50692.0,50688.0,50690.0,50694.0
1533,50690.9,50690.0,50693.0,50684.0,50690.0,50694.0,50694.0,50692.0,50688.0,50690.0,50694.0
1534,50690.9,50690.0,50693.0,50684.0,50690.0,50694.0,50694.0,50692.0,50688.0,50690.0,50694.0
1535,50690.9,50690.0,50693.0,50684.0,50690.0,50694.0,50694.0,50692.0,50688.0,50690.0,50694.0
1536,50690.9,50690.0,50693.0,50684.0,50690.0,50694.0,50694.0,50692.0,50688.0,50690.0,50694.0
1537,50690.9,50690.0,50693.0,50684.0,50690.0,50694.0,50694.0,50692.0,50688.0,50690.0,50694.0
1538,50690.9,50690.0,50693.0,50684.0,50690.0,50694.0,50694.0,50692.0,50688.0,50690.0,50694.0
1539,50690.9,50690.0,50693.0,50684.0,50690.0,50694.0,50694.0,50692.0,50688.0,50690.0,50694.0
1540,50690.9,50690.0,50693.0,50684.0,50690.0,50694.0,50694.0,50692.0,50688.0,50690.0,50694.0
1541,50690.9,50690.0,50693.0,50684.0,50690.0,50694.0,50694.0,50692.0,50688.0,50690.0,50694.0
1542,50690.9,50690.0,50693.0,50684.0,50690.0,50694.0,50694.0,50692.0,50688.0,50690.0,50694.0
1543,50690.9,50690.0,50693.0,50684.0,50690.0,50694.0,50694.0,50692.0,50688.0,50690.0,50694.0
1544,50690.9,50690.0,50693.0,50684.0,50690.0,50694.0,50694.0,50692.0,50688.0,50690.0,50694.0
1545,50690.9,50690.0,50693.0,50684.0,50690.0,50694.0,50694.0,50692.0,50688.0,50690.0,50694.0
1546,50690.9,50690.0,50693.0,50684.0,50690.0,50694.0,50694.0,50692.0,50688.0,50690.0,50694.0
1547,50690.9,50690.0,50693.0,50684.0,50690.0,50694.0,50694.0,50692.0,50688.0,50690.0,50694.0
1548,50690.9,50690.0,50693.0,50684.0,50690.0,50694.0,50694.0,50692.0,50688.0,50690.0,50694.0
1549,50690.9,50690.0,50693.0,50684.0,50690.0,50694.0,50694.0,50692.0,50688.0,50690.0,50694.0
1550,50690.9,50690.0,50693.0,50684.0,50690.0,50694.0,50694.0,50692.0,50688.0,50690.0,50694.0
1551,50690.9,50690.0,50693.0,50684.0,50690.0,50694.0,50694.0,50692.0,50688.0,50690.0,50694.0
1552,50690.9,50690.0,50693.0,50684.0,50690.0,50694.0,50694.0,50692.0,50688.0,50690.0,50694.0
1553,50690.9,50690.0,50693.0,50684.0,50690.0,50694.0,50694.0,50692.0,50688.0,50690.0,50694.0
1554,50690.9,50690.0,50693.0,50684.0,50690.0,50694.0,50694.0,50692.0,50688.0,50690.0,50694.0
1555,50690.9,50690.0,50693.0,50684.0,50690.0,50694.0,50694.0,50692.0,50688.0,50690.0,50694.0
1556,50690.9,50690.0,50693.0,50684.0,50690.0,50694.0,50694.0,50692.0,50688.0,50690.0,50694.0
1557,50690.9,50690.0,50693.0,50684.0,50690.0,50694.0,50694.0,50692.0,50688.0,50690.0,50694.0
1558,50690.9,50690.0,50693.0,50684.0,50690.0,50694.0,50694.0,50692.0,50688.0,50690.0,50694.0
1559,50690.9,50690.0,50693.0,50684.0,50690.0,50694.0,50694.0,50692.0,50688.0,50690.0,50694.0
1560,50690.9,50690.0,50693.0,50684.0,50690.0,50694.0,50694.0,50692.0,50688.0,50690.0,50694.0
1561,50690.9,50690.0,50693.0,50684.0,50690.0,50694.0,50694.0,50692.0,50688.0,50690.0,50694.0
1562,50690.9,50690.0,50693.0,50684.0,50690.0,50694.0,50694.0,50692.0,50688.0,50690.0,50694.0
1563,50690.9,50690.0,50693.0,50684.0,50690.0,50694.0,50694.0,50692.0,50688.0,50690.0,50694.0
1564,50690.9,50690.0,50693.0,50684.0,50690.0,50694.0,50694.0,50692.0,50688.0,50690.0,50694.0
1565,50690.9,50690.0,50693.0,50684.0,50690.0,50694.0,50694.0,50692.0,50688.0,50690.0,50694.0
1566,50690.9,50690.0,50693.0,50684.0,50690.0,50694.0,50694.0,50692.0,50688.0,50690.0,50694.0
1567,50690.9,50690.0,50693.0,50684.0,50690.0,50694.0,50694.0,50692.0,50688.0,50690.0,50694.0
1568,50690.9,50690.0,50693.0,50684.0,50690.0,50694.0,50694.0,50692.0,50688.0,50690.0,50694.0
1569,50690.9,50690.0,50693.0,50684.0,50690.0,50694.0,50694.0,50692.0,50688.0,50690.0,50694.0
1570,50690.9,50690.0,50693.0,50684.0,50690.0,50694.0,50694.0,50692.0,50688.0,50690.0,50694.0
1571,50690.9,50690.0,50693.0,50684.0,50690.0,50694.0,50694.0,50692.0,50688.0,50690.0,50694.0
1572,50690.9,50690.0,50693.0,50684.0,50690.0,50694.0,50694.0,50692.0,50688.0,50690.0,50694.0
1573,50690.9,50690.0,50693.0,50684.0,50690.0,50694.0,50694.0,50692.0,50688.0,50690.0,50694.0
1574,50690.9,50690.0,50693.0,50684.0,50690.0,50694.0,50694.0,50692.0,50688.0,50690.0,50694.0
1575,50690.9,50690.0,50693.0,50684.0,50690.0,50694.0,50694.0,50692.0,50688.0,50690.0,50694.0
1576,50690.9,50690.0,50693.0,50684.0,50690.0,50694.0,50694.0,50692.0,50688.0,50690.0,50694.0
1577,50690.9,50690.0,50693.0,50684.0,50690.0,50694.0,50694.0,50692.0,50688.0,50690.0,50694.0
1578,50690.9,50690.0,50693.0,50684.0,50690.0,50694.0,50694.0,50692.0,50688.0,50690.0,50694.0
1579,50690.9,50690.0,50693.0,50684.0,50690.0,50694.0,50694.0,50692.0,50688.0,50690.0,50694.0
1580,50690.9,50690.0,50693.0,50684.0,50690.0,50694.0,50694.0,50692.0,50688.0,50690.0,50694.0
1581,50690.9,50690.0,50693.0,50684.0,50690.0,50694.0,50694.0,50692.0,50688.0,50690.0,50694.0
1582,50690.9,50690.0,50693.0,50684.0,50690.0,50694.0,50694.0,50692.0,50688.0,50690.0,50694.0
1583,50690.9,50690.0,50693.0,50684.0,50690.0,50694.0,50694.0,50692.0,50688.0,50690.0,50694.0
1584,50690.9,50690.0,50693.0,50684.0,50690.0,50694.0,50694.0,50692.0,50688.0,50690.0,50694.0
1585,50690.9,50690.0,50693.0,50684.0,50690.0,50694.0,50694.0,50692.0,50688.0,50690.0,50694.0
1586,50690.9,50690.0,50693.0,50684.0,50690.0,50694.0,50694.0,50692.0,50688.0,50690.0,50694.0
1587,50690.9,50690.0,50693.0,50684.0,50690.0,50694.0,50694.0,50692.0,50688.0,50690.0,50694.0
1588,50690.9,50690.0,50693.0,50684.0,50690.0,50694.0,50694.0,50692.0,50688.0,50690.0,50694.0
1589,50690.9,50690.0,50693.0,50684.0,50690.0,50694.0,50694.0,50692.0,50688.0,50690.0,50694.0
1590,50690.9,50690.0,50693.0,50684.0,50690.0,50694.0,50694.0,50692.0,50688.0,50690.0,50694.0
1591,50690.9,50690.0,50693.0,50684.0,50690.0,50694.0,50694.0,50692.0,50688.0,50690.0,50694.0
1592,50690.9,50690.0,50693.0,50684.0,50690.0,50694.0,50694.0,50692.0,50688.0,50690.0,50694.0
1593,50690.9,50690.0,50693.0,50684.0,50690.0,50694.0,50694.0,50692.0,50688.0,50690.0,50694.0
1594,50690.9,50690.0,50693.0,50684.0,50690.0,50694.0,50694.0,50692.0,50688.0,50690.0,50694.0
1595,50690.9,50690.0,50693.0,50684.0,50690.0,50694.0,50694.0,50692.0,50688.0,50690.0,50694.0
1596,50690.9,50690.0,50693.0,50684.0,50690.0,50694.0,50694.0,50692.0,50688.0,50690.0,50694.0
1597,50690.9,50690.0,50693.0,50684.0,50690.0,50694.0,50694.0,50692.0,50688.0,50690.0,50694.0
1598,50690.9,50690.0,50693.0,50684.0,50690.0,50694.0,50694.0,50692.0,50688.0,50690.0,50694.0
1599,50690.9,50690.0,50693.0,50684.0,50690.0,50694.0,50694.0,50692.0,50688.0,50690.0,50694.0
1600,50690.9,50690.0,50693.0,50684.0,50690.0,50694.0,50694.0,50692.0,50688.0,50690.0,50694.0
1601,50690.9,50690.0,50693.0,50684.0,50690.0,50694.0,50694.0,50692.0,50688.0,50690.0,50694.0
1602,50690.9,50690.0,50693.0,50684.0,50690.0,50694.0,50694.0,50692.0,50688.0,50690.0,50694.0
1603,50690.9,50690.0,50693.0,50684.0,50690.0,50694.0,50694.0,50692.0,50688.0,50690.0,50694.0
1604,50690.9,50690.0,50693.0,50684.0,50690.0,50694.0,50694.0,50692.0,50688.0,50690.0,50694.0
1605,50690.9,50690.0,50693.0,50684.0,50690.0,50694.0,50694.0,50692.0,50688.0,50690.0,50694.0
1606,50690.9,50690.0,50693.0,50684.0,50690.0,50694.0,50694.0,50692.0,50688.0,50690.0,50694.0
1607,50690.9,50690.0,50693.0,50684.0,50690.0,50694.0,50694.0,50692.0,50688.0,50690.0,50694.0
1608,50690.9,50690.0,50693.0,50684.0,50690.0,50694.0,50694.0,50692.0,50688.0,50690.0,50694.0
1609,50690.9,50690.0,50693.0,50684.0,50690.0,50694.0,50694.0,50692.0,50688.0,50690.0,50694.0
1610,50690.9,50690.0,50693.0,50684.0,50690.0,50694.0,50694.0,50692.0,50688.0,50690.0,50694.0
1611,50690.9,50690.0,50693.0,50684.0,50690.0,50694.0,50694.0,50692.0,50688.0,50690.0,50694.0
1612,50690.9,50690.0,50693.0,50684.0,50690.0,50694.0,50694.0,50692.0,50688.0,50690.0,50694.0
1613,50690.9,50690.0,50693.0,50684.0,50690.0,50694.0,50694.0,50692.0,50688.0,50690.0,50694.0
1614,50690.9,50690.0,50693.0,50684.0,50690.0,50694.0,50694.0,50692.0,50688.0,50690.0,50694.0
1615,50690.9,50690.0,50693.0,50684.0,50690.0,50694.0,50694.0,50692.0,50688.0,50690.0,50694.0
1616,50690.9,50690.0,50693.0,50684.0,50690.0,50694.0,50694.0,50692.0,50688.0,50690.0,50694.0
1617,50690.9,50690.0,50693.0,50684.0,50690.0,50694.0,50694.0,50692.0,50688.0,50690.0,50694.0
1618,50690.9,50690.0,50693.0,50684.0,50690.0,50694.0,50694.0,50692.0,50688.0,50690.0,50694.0
1619,50690.9,50690.0,50693.0,50684.0,50690.0,50694.0,50694.0,50692.0,50688.0,50690.0,50694.0
1620,50690.9,50690.0,50693.0,50684.0,50690.0,50694.0,50694.0,50692.0,50688.0,50690.0,50694.0
1621,50690.9,50690.0,50693.0,50684.0,50690.0,50694.0,50694.0,50692.0,50688.0,50690.0,50694.0
1622,50690.9,50690.0,50693.0,50684.0,50690.0,50694.0,50694.0,50692.0,50688.0,50690.0,50694.0
1623,50690.9,50690.0,50693.0,50684.0,50690.0,50694.0,50694.0,50692.0,50688.0,50690.0,50694.0
1624,50690.9,50690.0,50693.0,50684.0,50690.0,50694.0,50694.0,50692.0,50688.0,50690.0,50694.0
1625,50690.9,50690.0,50693.0,50684.0,50690.0,50694.0,50694.0,50692.0,50688.0,50690.0,50694.0
1626,50690.9,50690.0,50693.0,50684.0,50690.0,50694.0,50694.0,50692.0,50688.0,50690.0,50694.0
1627,50690.9,50690.0,50693.0,50684.0,50690.0,50694.0,50694.0,50692.0,50688.0,50690.0,50694.0
1628,50690.9,50690.0,50693.0,50684.0,50690.0,50694.0,50694.0,50692.0,50688.0,50690.0,50694.0
1629,50690.9,50690.0,50693.0,50684.0,50690.0,50694.0,50694.0,50692.0,50688.0,50690.0,50694.0
1630,50690.9,50690.0,50693.0,50684.0,50690.0,50694.0,50694.0,50692.0,50688.0,50690.0,50694.0
1631,50690.9,50690.0,50693.0,50684.0,50690.0,50694.0,50694.0,50692.0,50688.0,50690.0,50694.0
1632,50690.9,50690.0,50693.0,50684.0,50690.0,50694.0,50694.0,50692.0,50688.0,50690.0,50694.0
1633,50690.9,50690.0,50693.0,50684.0,50690.0,50694.0,50694.0,50692.0,50688.0,50690.0,50694.0
1634,50690.9,50690.0,50693.0,50684.0,50690.0,50694.0,50694.0,50692.0,50688.0,50690.0,50694.0
1635,50690.9,50690.0,50693.0,50684.0,50690.0,50694.0,50694.0,50692.0,50688.0,50690.0,50694.0
1636,50690.9,50690.0,50693.0,50684.0,50690.0,50694.0,50694.0,50692.0,50688.0,50690.0,50694.0
1637,50690.9,50690.0,50693.0,50684.0,50690.0,50694.0,50694.0,50692.0,50688.0,50690.0,50694.0
1638,50690.9,50690.0,50693.0,50684.0,50690.0,50694.0,50694.0,50692.0,50688.0,50690.0,50694.0
1639,50690.9,50690.0,50693.0,50684.0,50690.0,50694.0,50694.0,50692.0,50688.0,50690.0,50694.0
1640,50690.9,50690.0,50693.0,50684.0,50690.0,50694.0,50694.0,50692.0,50688.0,50690.0,50694.0
1641,50690.9,50690.0,50693.0,50684.0,50690.0,50694.0,50694.0,50692.0,50688.0,50690.0,50694.0
1642,50690.9,50690.0,50693.0,50684.0,50690.0,50694.0,50694.0,50692.0,50688.0,50690.0,50694.0
1643,50690.9,50690.0,50693.0,50684.0,50690.0,50694.0,50694.0,50692.0,50688.0,50690.0,50694.0
1644,50690.9,50690.0,50693.0,50684.0,50690.0,50694.0,50694.0,50692.0,50688.0,50690.0,50694.0
1645,50690.9,50690.0,50693.0,50684.0,50690.0,50694.0,50694.0,50692.0,50688.0,50690.0,50694.0
1646,50690.9,50690.0,50693.0,50684.0,50690.0,50694.0,50694.0,50692.0,50688.0,50690.0,50694.0
1647,50690.9,50690.0,50693.0,50684.0,50690.0,50694.0,50694.0,50692.0,50688.0,50690.0,50694.0
1648,50690.9,50690.0,50693.0,50684.0,50690.0,50694.0,50694.0,50692.0,50688.0,50690.0,50694.0
1649,50690.9,50690.0,50693.0,50684.0,50690.0,50694.0,50694.0,50692.0,50688.0,50690.0,50694.0
1650,50690.9,50690.0,50693.0,50684.0,50690.0,50694.0,50694.0,50692.0,50688.0,50690.0,50694.0
1651,50690.9,50690.0,50693.0,50684.0,50690.0,50694.0,50694.0,50692.0,50688.0,50690.0,50694.0
1652,50690.9,50690.0,50693.0,50684.0,50690.0,50694.0,50694.0,50692.0,50688.0,50690.0,50694.0
1653,50690.9,50690.0,50693.0,50684.0,50690.0,50694.0,50694.0,50692.0,50688.0,50690.0,50694.0
1654,50690.9,50690.0,50693.0,50684.0,50690.0,50694.0,50694.0,50692.0,50688.0,50690.0,50694.0
1655,50690.9,50690.0,50693.0,50684.0,50690.0,50694.0,50694.0,50692.0,50688.0,50690.0,50694.0
1656,50690.9,50690.0,50693.0,50684.0,50690.0,50694.0,50694.0,50692.0,50688.0,50690.0,50694.0
1657,50690.9,50690.0,50693.0,50684.0,50690.0,50694.0,50694.0,50692.0,50688.0,50690.0,50694.0
1658,50690.9,50690.0,50693.0,50684.0,50690.0,50694.0,50694.0,50692.0,50688.0,50690.0,50694.0
1659,50690.9,50690.0,50693.0,50684.0,50690.0,50694.0,50694.0,50692.0,50688.0,50690.0,50694.0
1660,50690.9,50690.0,50693.0,50684.0,50690.0,50694.0,50694.0,50692.0,50688.0,50690.0,50694.0
1661,50690.9,50690.0,50693.0,50684.0,50690.0,50694.0,50694.0,50692.0,50688.0,50690.0,50694.0
1662,50690.9,50690.0,50693.0,50684.0,50690.0,50694.0,50694.0,50692.0,50688.0,50690.0,50694.0
1663,50690.9,50690.0,50693.0,50684.0,50690.0,50694.0,50694.0,50692.0,50688.0,50690.0,50694.0
1664,50690.9,50690.0,50693.0,50684.0,50690.0,50694.0,50694.0,50692.0,50688.0,50690.0,50694.0
1665,50690.9,50690.0,50693.0,50684.0,50690.0,50694.0,50694.0,50692.0,50688.0,50690.0,50694.0
1666,50690.9,50690.0,50693.0,50684.0,50690.0,50694.0,50694.0,50692.0,50688.0,50690.0,50694.0
1667,50690.9,50690.0,50693.0,50684.0,50690.0,50694.0,50694.0,50692.0,50688.0,50690.0,50694.0
1668,50690.9,50690.0,50693.0,50684.0,50690.0,50694.0,50694.0,50692.0,50688.0,50690.0,50694.0
1669,50690.9,50690.0,50693.0,50684.0,50690.0,50694.0,50694.0,50692.0,50688.0,50690.0,50694.0
1670,50690.9,50690.0,50693.0,50684.0,50690.0,50694.0,50694.0,50692.0,50688.0,50690.0,50694.0
1671,50690.9,50690.0,50693.0,50684.0,50690.0,50694.0,50694.0,50692.0,50688.0,50690.0,50694.0
1672,50690.9,50690.0,50693.0,50684.0,50690.0,50694.0,50694.0,50692.0,50688.0,50690.0,50694.0
1673,50690.9,50690.0,50693.0,50684.0,50690.0,50694.0,50694.0,50692.0,50688.0,50690.0,50694.0
1674,50690.9,50690.0,50693.0,50684.0,50690.0,50694.0,50694.0,50692.0,50688.0,50690.0,50694.0
1675,50690.9,50690.0,50693.0,50684.0,50690.0,50694.0,50694.0,50692.0,50688.0,50690.0,50694.0
1676,50690.9,50690.0,50693.0,50684.0,50690.0,50694.0,50694.0,50692.0,50688.0,50690.0,50694.0
1677,50690.9,50690.0,50693.0,50684.0,50690.0,50694.0,50694.0,50692.0,50688.0,50690.0,50694.0
1678,50690.9,50690.0,50693.0,50684.0,50690.0,50694.0,50694.0,50692.0,50688.0,50690.0,50694.0
1679,50690.9,50690.0,50693.0,50684.0,50690.0,50694.0,50694.0,50692.0,50688.0,50690.0,50694.0
1680,50690.9,50690.0,50693.0,50684.0,50690.0,50694.0,50694.0,50692.0,50688.0,50690.0,50694.0
1681,50690.9,50690.0,50693.0,50684.0,50690.0,50694.0,50694.0,50692.0,50688.0,50690.0,50694.0
1682,50690.9,50690.0,50693.0,50684.0,50690.0,50694.0,50694.0,50692.0,50688.0,50690.0,50694.0
1683,50690.9,50690.0,50693.0,50684.0,50690.0,50694.0,50694.0,50692.0,50688.0,50690.0,50694.0
1684,50690.9,50690.0,50693.0,50684.0,50690.0,50694.0,50694.0,50692.0,50688.0,50690.0,50694.0
1685,50690.9,50690.0,50693.0,50684.0,50690.0,50694.0,50694.0,50692.0,50688.0,50690.0,50694.0
1686,50690.9,50690.0,50693.0,50684.0,50690.0,50694.0,50694.0,50692.0,50688.0,50690.0,50694.0
1687,50690.9,50690.0,50693.0,50684.0,50690.0,50694.0,50694.0,50692.0,50688.0,50690.0,50694.0
1688,50690.9,50690.0,50693.0,50684.0,50690.0,50694.0,50694.0,50692.0,50688.0,50690.0,50694.0
1689,50690.9,50690.0,50693.0,50684.0,50690.0,50694.0,50694.0,50692.0,50688.0,50690.0,50694.0
1690,50690.9,50690.0,50693.0,50684.0,50690.0,50694.0,50694.0,50692.0,50688.0,50690.0,50694.0
1691,50690.9,50690.0,50693.0,50684.0,50690.0,50694.0,50694.0,50692.0,50688.0,50690.0,50694.0
1692,50690.9,50690.0,50693.0,50684.0,50690.0,50694.0,50694.0,50692.0,50688.0,50690.0,50694.0
1693,50690.9,50690.0,50693.0,50684.0,50690.0,50694.0,50694.0,50692.0,50688.0,50690.0,50694.0
1694,50690.9,50690.0,50693.0,50684.0,50690.0,50694.0,50694.0,50692.0,50688.0,50690.0,50694.0
1695,50690.9,50690.0,50693.0,50684.0,50690.0,50694.0,50694.0,50692.0,50688.0,50690.0,50694.0
1696,50690.9,50690.0,50693.0,50684.0,50690.0,50694.0,50694.0,50692.0,50688.0,50690.0,50694.0
1697,50690.9,50690.0,50693.0,50684.0,50690.0,50694.0,50694.0,50692.0,50688.0,50690.0,50694.0
1698,50690.9,50690.0,50693.0,50684.0,50690.0,50694.0,50694.0,50692.0,50688.0,50690.0,50694.0
1699,50690.9,50690.0,50693.0,50684.0,50690.0,50694.0,50694.0,50692.0,50688.0,50690.0,50694.0
1700,50690.9,50690.0,50693.0,50684.0,50690.0,50694.0,50694.0,50692.0,50688.0,50690.0,50694.0
1701,50690.9,50690.0,50693.0,50684.0,50690.0,50694.0,50694.0,50692.0,50688.0,50690.0,50694.0
1702,50690.9,50690.0,50693.0,50684.0,50690.0,50694.0,50694.0,50692.0,50688.0,50690.0,50694.0
1703,50690.9,50690.0,50693.0,50684.0,50690.0,50694.0,50694.0,50692.0,50688.0,50690.0,50694.0
1704,50690.9,50690.0,50693.0,50684.0,50690.0,50694.0,50694.0,50692.0,50688.0,50690.0,50694.0
1705,50690.9,50690.0,50693.0,50684.0,50690.0,50694.0,50694.0,50692.0,50688.0,50690.0,50694.0
1706,50690.9,50690.0,50693.0,50684.0,50690.0,50694.0,50694.0,50692.0,50688.0,50690.0,50694.0
1707,50690.9,50690.0,50693.0,50684.0,50690.0,50694.0,50694.0,50692.0,50688.0,50690.0,50694.0
1708,50690.9,50690.0,50693.0,50684.0,50690.0,50694.0,50694.0,50692.0,50688.0,50690.0,50694.0
1709,50690.9,50690.0,50693.0,50684.0,50690.0,50694.0,50694.0,50692.0,50688.0,50690.0,50694.0
1710,50690.9,50690.0,50693.0,50684.0,50690.0,50694.0,50694.0,50692.0,50688.0,50690.0,50694.0
1711,50690.9,50690.0,50693.0,50684.0,50690.0,50694.0,50694.0,50692.0,50688.0,50690.0,50694.0
1712,50690.9,50690.0,50693.0,50684.0,50690.0,50694.0,50694.0,50692.0,50688.0,50690.0,50694.0
1713,50690.9,50690.0,50693.0,50684.0,50690.0,50694.0,50694.0,50692.0,50688.0,50690.0,50694.0
1714,50690.9,50690.0,50693.0,50684.0,50690.0,50694.0,50694.0,50692.0,50688.0,50690.0,50694.0
1715,50690.9,50690.0,50693.0,50684.0,50690.0,50694.0,50694.0,50692.0,50688.0,50690.0,50694.0
1716,50690.9,50690.0,50693.0,50684.0,50690.0,50694.0,50694.0,50692.0,50688.0,50690.0,50694.0
1717,50690.9,50690.0,50693.0,50684.0,50690.0,50694.0,50694.0,50692.0,50688.0,50690.0,50694.0
1718,50690.9,50690.0,50693.0,50684.0,50690.0,50694.0,50694.0,50692.0,50688.0,50690.0,50694.0
1719,50690.9,50690.0,50693.0,50684.0,50690.0,50694.0,50694.0,50692.0,50688.0,50690.0,50694.0
1720,50690.9,50690.0,50693.0,50684.0,50690.0,50694.0,50694.0,50692.0,50688.0,50690.0,50694.0
1721,50690.9,50690.0,50693.0,50684.0,50690.0,50694.0,50694.0,50692.0,50688.0,50690.0,50694.0
1722,50690.9,50690.0,50693.0,50684.0,50690.0,50694.0,50694.0,50692.0,50688.0,50690.0,50694.0
1723,50690.9,50690.0,50693.0,50684.0,50690.0,50694.0,50694.0,50692.0,50688.0,50690.0,50694.0
1724,50690.9,50690.0,50693.0,50684.0,50690.0,50694.0,50694.0,50692.0,50688.0,50690.0,50694.0
1725,50690.9,50690.0,50693.0,50684.0,50690.0,50694.0,50694.0,50692.0,50688.0,50690.0,50694.0
1726,50690.9,50690.0,50693.0,50684.0,50690.0,50694.0,50694.0,50692.0,50688.0,50690.0,50694.0
1727,50690.9,50690.0,50693.0,50684.0,50690.0,50694.0,50694.0,50692.0,50688.0,50690.0,50694.0
1728,50690.9,50690.0,50693.0,50684.0,50690.0,50694.0,50694.0,50692.0,50688.0,50690.0,50694.0
1729,50690.9,50690.0,50693.0,50684.0,50690.0,50694.0,50694.0,50692.0,50688.0,50690.0,50694.0
1730,50690.9,50690.0,50693.0,50684.0,50690.0,50694.0,50694.0,50692.0,50688.0,50690.0,50694.0
1731,50690.9,50690.0,50693.0,50684.0,50690.0,50694.0,50694.0,50692.0,50688.0,50690.0,50694.0
1732,50690.9,50690.0,50693.0,50684.0,50690.0,50694.0,50694.0,50692.0,50688.0,50690.0,50694.0
1733,50690.9,50690.0,50693.0,50684.0,50690.0,50694.0,50694.0,50692.0,50688.0,50690.0,50694.0
1734,50690.9,50690.0,50693.0,50684.0,50690.0,50694.0,50694.0,50692.0,50688.0,50690.0,50694.0
1735,50690.9,50690.0,50693.0,50684.0,50690.0,50694.0,50694.0,50692.0,50688.0,50690.0,50694.0
1736,50690.9,50690.0,50693.0,50684.0,50690.0,50694.0,50694.0,50692.0,50688.0,50690.0,50694.0
1737,50690.9,50690.0,50693.0,50684.0,50690.0,50694.0,50694.0,50692.0,50688.0,50690.0,50694.0
1738,50690.9,50690.0,50693.0,50684.0,50690.0,50694.0,50694.0,50692.0,50688.0,50690.0,50694.0
1739,50690.9,50690.0,50693.0,50684.0,50690.0,50694.0,50694.0,50692.0,50688.0,50690.0,50694.0
1740,50690.9,50690.0,50693.0,50684.0,50690.0,50694.0,50694.0,50692.0,50688.0,50690.0,50694.0
1741,50690.9,50690.0,50693.0,50684.0,50690.0,50694.0,50694.0,50692.0,50688.0,50690.0,50694.0
1742,50690.9,50690.0,50693.0,50684.0,50690.0,50694.0,50694.0,50692.0,50688.0,50690.0,50694.0
1743,50690.9,50690.0,50693.0,50684.0,50690.0,50694.0,50694.0,50692.0,50688.0,50690.0,50694.0
1744,50690.9,50690.0,50693.0,50684.0,50690.0,50694.0,50694.0,50692.0,50688.0,50690.0,50694.0
1745,50690.9,50690.0,50693.0,50684.0,50690.0,50694.0,50694.0,50692.0,50688.0,50690.0,50694.0
1746,50690.9,50690.0,50693.0,50684.0,50690.0,50694.0,50694.0,50692.0,50688.0,50690.0,50694.0
1747,50690.9,50690.0,50693.0,50684.0,50690.0,50694.0,50694.0,50692.0,50688.0,50690.0,50694.0
1748,50690.9,50690.0,50693.0,50684.0,50690.0,50694.0,50694.0,50692.0,50688.0,50690.0,50694.0
1749,50690.9,50690.0,50693.0,50684.0,50690.0,50694.0,50694.0,50692.0,50688.0,50690.0,50694.0
1750,50690.9,50690.0,50693.0,50684.0,50690.0,50694.0,50694.0,50692.0,50688.0,50690.0,50694.0
1751,50690.9,50690.0,50693.0,50684.0,50690.0,50694.0,50694.0,50692.0,50688.0,50690.0,50694.0
1752,50690.9,50690.0,50693.0,50684.0,50690.0,50694.0,50694.0,50692.0,50688.0,50690.0,50694.0
1753,50690.9,50690.0,50693.0,50684.0,50690.0,50694.0,50694.0,50692.0,50688.0,50690.0,50694.0
1754,50690.9,50690.0,50693.0,50684.0,50690.0,50694.0,50694.0,50692.0,50688.0,50690.0,50694.0
1755,50690.9,50690.0,50693.0,50684.0,50690.0,50694.0,50694.0,50692.0,50688.0,50690.0,50694.0
1756,50690.9,50690.0,50693.0,50684.0,50690.0,50694.0,50694.0,50692.0,50688.0,50690.0,50694.0
1757,50690.9,50690.0,50693.0,50684.0,50690.0,50694.0,50694.0,50692.0,50688.0,50690.0,50694.0
1758,50690.9,50690.0,50693.0,50684.0,50690.0,50694.0,50694.0,50692.0,50688.0,50690.0,50694.0
1759,50690.9,50690.0,50693.0,50684.0,50690.0,50694.0,50694.0,50692.0,50688.0,50690.0,50694.0
1760,50690.9,50690.0,50693.0,50684.0,50690.0,50694.0,50694.0,50692.0,50688.0,50690.0,50694.0
1761,50690.9,50690.0,50693.0,50684.0,50690.0,50694.0,50694.0,50692.0,50688.0,50690.0,50694.0
1762,50690.9,50690.0,50693.0,50684.0,50690.0,50694.0,50694.0,50692.0,50688.0,50690.0,50694.0
1763,50690.9,50690.0,50693.0,50684.0,50690.0,50694.0,50694.0,50692.0,50688.0,50690.0,50694.0
1764,50690.9,50690.0,50693.0,50684.0,50690.0,50694.0,50694.0,50692.0,50688.0,50690.0,50694.0
1765,50690.9,50690.0,50693.0,50684.0,50690.0,50694.0,50694.0,50692.0,50688.0,50690.0,50694.0
1766,50690.9,50690.0,50693.0,50684.0,50690.0,50694.0,50694.0,50692.0,50688.0,50690.0,50694.0
1767,50690.9,50690.0,50693.0,50684.0,50690.0,50694.0,50694.0,50692.0,50688.0,50690.0,50694.0
1768,50690.9,50690.0,50693.0,50684.0,50690.0,50694.0,50694.0,50692.0,50688.0,50690.0,50694.0
1769,50690.9,50690.0,50693.0,50684.0,50690.0,50694.0,50694.0,50692.0,50688.0,50690.0,50694.0
1770,50690.9,50690.0,50693.0,50684.0,50690.0,50694.0,50694.0,50692.0,50688.0,50690.0,50694.0
1771,50690.9,50690.0,50693.0,50684.0,50690.0,50694.0,50694.0,50692.0,50688.0,50690.0,50694.0
1772,50690.9,50690.0,50693.0,50684.0,50690.0,50694.0,50694.0,50692.0,50688.0,50690.0,50694.0
1773,50690.9,50690.0,50693.0,50684.0,50690.0,50694.0,50694.0,50692.0,50688.0,50690.0,50694.0
1774,50690.9,50690.0,50693.0,50684.0,50690.0,50694.0,50694.0,50692.0,50688.0,50690.0,50694.0
1775,50690.9,50690.0,50693.0,50684.0,50690.0,50694.0,50694.0,50692.0,50688.0,50690.0,50694.0
1776,50690.9,50690.0,50693.0,50684.0,50690.0,50694.0,50694.0,50692.0,50688.0,50690.0,50694.0
1777,50690.9,50690.0,50693.0,50684.0,50690.0,50694.0,50694.0,50692.0,50688.0,50690.0,50694.0
1778,50690.9,50690.0,50693.0,50684.0,50690.0,50694.0,50694.0,50692.0,50688.0,50690.0,50694.0
1779,50690.9,50690.0,50693.0,50684.0,50690.0,50694.0,50694.0,50692.0,50688.0,50690.0,50694.0
1780,50690.9,50690.0,50693.0,50684.0,50690.0,50694.0,50694.0,50692.0,50688.0,50690.0,50694.0
1781,50690.9,50690.0,50693.0,50684.0,50690.0,50694.0,50694.0,50692.0,50688.0,50690.0,50694.0
1782,50690.9,50690.0,50693.0,50684.0,50690.0,50694.0,50694.0,50692.0,50688.0,50690.0,50694.0
1783,50690.9,50690.0,50693.0,50684.0,50690.0,50694.0,50694.0,50692.0,50688.0,50690.0,50694.0
1784,50690.9,50690.0,50693.0,50684.0,50690.0,50694.0,50694.0,50692.0,50688.0,50690.0,50694.0
1785,50690.9,50690.0,50693.0,50684.0,50690.0,50694.0,50694.0,50692.0,50688.0,50690.0,50694.0
1786,50690.9,50690.0,50693.0,50684.0,50690.0,50694.0,50694.0,50692.0,50688.0,50690.0,50694.0
1787,50690.9,50690.0,50693.0,50684.0,50690.0,50694.0,50694.0,50692.0,50688.0,50690.0,50694.0
1788,50690.9,50690.0,50693.0,50684.0,50690.0,50694.0,50694.0,50692.0,50688.0,50690.0,50694.0
1789,50690.9,50690.0,50693.0,50684.0,50690.0,50694.0,50694.0,50692.0,50688.0,50690.0,50694.0
1790,50690.9,50690.0,50693.0,50684.0,50690.0,50694.0,50694.0,50692.0,50688.0,50690.0,50694.0
1791,50690.9,50690.0,50693.0,50684.0,50690.0,50694.0,50694.0,50692.0,50688.0,50690.0,50694.0
1792,50690.9,50690.0,50693.0,50684.0,50690.0,50694.0,50694.0,50692.0,50688.0,50690.0,50694.0
1793,50690.9,50690.0,50693.0,50684.0,50690.0,50694.0,50694.0,50692.0,50688.0,50690.0,50694.0
1794,50690.9,50690.0,50693.0,50684.0,50690.0,50694.0,50694.0,50692.0,50688.0,50690.0,50694.0
1795,50690.9,50690.0,50693.0,50684.0,50690.0,50694.0,50694.0,50692.0,50688.0,50690.0,50694.0
1796,50690.9,50690.0,50693.0,50684.0,50690.0,50694.0,50694.0,50692.0,50688.0,50690.0,50694.0
1797,50690.9,50690.0,50693.0,50684.0,50690.0,50694.0,50694.0,50692.0,50688.0,50690.0,50694.0
1798,50690.9,50690.0,50693.0,50684.0,50690.0,50694.0,50694.0,50692.0,50688.0,50690.0,50694.0
1799,50690.9,50690.0,50693.0,50684.0,50690.0,50694.0,50694.0,50692.0,50688.0,50690.0,50694.0
1800,50690.9,50690.0,50693.0,50684.0,50690.0,50694.0,50694.0,50692.0,50688.0,50690.0,50694.0
1801,50690.9,50690.0,50693.0,50684.0,50690.0,50694.0,50694.0,50692.0,50688.0,50690.0,50694.0
1802,50690.9,50690.0,50693.0,50684.0,50690.0,50694.0,50694.0,50692.0,50688.0,50690.0,50694.0
1803,50690.9,50690.0,50693.0,50684.0,50690.0,50694.0,50694.0,50692.0,50688.0,50690.0,50694.0
1804,50690.9,50690.0,50693.0,50684.0,50690.0,50694.0,50694.0,50692.0,50688.0,50690.0,50694.0
1805,50690.9,50690.0,50693.0,50684.0,50690.0,50694.0,50694.0,50692.0,50688.0,50690.0,50694.0
1806,50690.9,50690.0,50693.0,50684.0,50690.0,50694.0,50694.0,50692.0,50688.0,50690.0,50694.0
1807,50690.9,50690.0,50693.0,50684.0,50690.0,50694.0,50694.0,50692.0,50688.0,50690.0,50694.0
1808,50690.9,50690.0,50693.0,50684.0,50690.0,50694.0,50694.0,50692.0,50688.0,50690.0,50694.0
1809,50690.9,50690.0,50693.0,50684.0,50690.0,50694.0,50694.0,50692.0,50688.0,50690.0,50694.0
1810,50690.9,50690.0,50693.0,50684.0,50690.0,50694.0,50694.0,50692.0,50688.0,50690.0,50694.0
1811,50690.9,50690.0,50693.0,50684.0,50690.0,50694.0,50694.0,50692.0,50688.0,50690.0,50694.0
1812,50690.9,50690.0,50693.0,50684.0,50690.0,50694.0,50694.0,50692.0,50688.0,50690.0,50694.0
1813,50690.9,50690.0,50693.0,50684.0,50690.0,50694.0,50694.0,50692.0,50688.0,50690.0,50694.0
1814,50690.9,50690.0,50693.0,50684.0,50690.0,50694.0,50694.0,50692.0,50688.0,50690.0,50694.0
1815,50690.9,50690.0,50693.0,50684.0,50690.0,50694.0,50694.0,50692.0,50688.0,50690.0,50694.0
1816,50690.9,50690.0,50693.0,50684.0,50690.0,50694.0,50694.0,50692.0,50688.0,50690.0,50694.0
1817,50690.9,50690.0,50693.0,50684.0,50690.0,50694.0,50694.0,50692.0,50688.0,50690.0,50694.0
1818,50690.9,50690.0,50693.0,50684.0,50690.0,50694.0,50694.0,50692.0,50688.0,50690.0,50694.0
1819,50690.9,50690.0,50693.0,50684.0,50690.0,50694.0,50694.0,50692.0,50688.0,50690.0,50694.0
1820,50690.9,50690.0,50693.0,50684.0,50690.0,50694.0,50694.0,50692.0,50688.0,50690.0,50694.0
1821,50690.9,50690.0,50693.0,50684.0,50690.0,50694.0,50694.0,50692.0,50688.0,50690.0,50694.0
1822,50690.9,50690.0,50693.0,50684.0,50690.0,50694.0,50694.0,50692.0,50688.0,50690.0,50694.0
1823,50690.9,50690.0,50693.0,50684.0,50690.0,50694.0,50694.0,50692.0,50688.0,50690.0,50694.0
1824,50690.9,50690.0,50693.0,50684.0,50690.0,50694.0,50694.0,50692.0,50688.0,50690.0,50694.0
1825,50690.9,50690.0,50693.0,50684.0,50690.0,50694.0,50694.0,50692.0,50688.0,50690.0,50694.0
1826,50690.9,50690.0,50693.0,50684.0,50690.0,50694.0,50694.0,50692.0,50688.0,50690.0,50694.0
1827,50690.9,50690.0,50693.0,50684.0,50690.0,50694.0,50694.0,50692.0,50688.0,50690.0,50694.0
1828,50690.9,50690.0,50693.0,50684.0,50690.0,50694.0,50694.0,50692.0,50688.0,50690.0,50694.0
1829,50690.9,50690.0,50693.0,50684.0,50690.0,50694.0,50694.0,50692.0,50688.0,50690.0,50694.0
1830,50690.9,50690.0,50693.0,50684.0,50690.0,50694.0,50694.0,50692.0,50688.0,50690.0,50694.0
1831,50690.9,50690.0,50693.0,50684.0,50690.0,50694.0,50694.0,50692.0,50688.0,50690.0,50694.0
1832,50690.9,50690.0,50693.0,50684.0,50690.0,50694.0,50694.0,50692.0,50688.0,50690.0,50694.0
1833,50690.9,50690.0,50693.0,50684.0,50690.0,50694.0,50694.0,50692.0,50688.0,50690.0,50694.0
1834,50690.9,50690.0,50693.0,50684.0,50690.0,50694.0,50694.0,50692.0,50688.0,50690.0,50694.0
1835,50690.9,50690.0,50693.0,50684.0,50690.0,50694.0,50694.0,50692.0,50688.0,50690.0,50694.0
1836,50690.9,50690.0,50693.0,50684.0,50690.0,50694.0,50694.0,50692.0,50688.0,50690.0,50694.0
1837,50690.9,50690.0,50693.0,50684.0,50690.0,50694.0,50694.0,50692.0,50688.0,50690.0,50694.0
1838,50690.9,50690.0,50693.0,50684.0,50690.0,50694.0,50694.0,50692.0,50688.0,50690.0,50694.0
1839,50690.9,50690.0,50693.0,50684.0,50690.0,50694.0,50694.0,50692.0,50688.0,50690.0,50694.0
1840,50690.9,50690.0,50693.0,50684.0,50690.0,50694.0,50694.0,50692.0,50688.0,50690.0,50694.0
1841,50690.9,50690.0,50693.0,50684.0,50690.0,50694.0,50694.0,50692.0,50688.0,50690.0,50694.0
1842,50690.9,50690.0,50693.0,50684.0,50690.0,50694.0,50694.0,50692.0,50688.0,50690.0,50694.0
1843,50690.9,50690.0,50693.0,50684.0,50690.0,50694.0,50694.0,50692.0,50688.0,50690.0,50694.0
1844,50690.9,50690.0,50693.0,50684.0,50690.0,50694.0,50694.0,50692.0,50688.0,50690.0,50694.0
1845,50690.9,50690.0,50693.0,50684.0,50690.0,50694.0,50694.0,50692.0,50688.0,50690.0,50694.0
1846,50690.9,50690.0,50693.0,50684.0,50690.0,50694.0,50694.0,50692.0,50688.0,50690.0,50694.0
1847,50690.9,50690.0,50693.0,50684.0,50690.0,50694.0,50694.0,50692.0,50688.0,50690.0,50694.0
1848,50690.9,50690.0,50693.0,50684.0,50690.0,50694.0,50694.0,50692.0,50688.0,50690.0,50694.0
1849,50690.9,50690.0,50693.0,50684.0,50690.0,50694.0,50694.0,50692.0,50688.0,50690.0,50694.0
1850,50690.9,50690.0,50693.0,50684.0,50690.0,50694.0,50694.0,50692.0,50688.0,50690.0,50694.0
1851,50690.9,50690.0,50693.0,50684.0,50690.0,50694.0,50694.0,50692.0,50688.0,50690.0,50694.0
1852,50690.9,50690.0,50693.0,50684.0,50690.0,50694.0,50694.0,50692.0,50688.0,50690.0,50694.0
1853,50690.9,50690.0,50693.0,50684.0,50690.0,50694.0,50694.0,50692.0,50688.0,50690.0,50694.0
1854,50690.9,50690.0,50693.0,50684.0,50690.0,50694.0,50694.0,50692.0,50688.0,50690.0,50694.0
1855,50690.9,50690.0,50693.0,50684.0,50690.0,50694.0,50694.0,50692.0,50688.0,50690.0,50694.0
1856,50690.9,50690.0,50693.0,50684.0,50690.0,50694.0,50694.0,50692.0,50688.0,50690.0,50694.0
1857,50690.9,50690.0,50693.0,50684.0,50690.0,50694.0,50694.0,50692.0,50688.0,50690.0,50694.0
1858,50690.9,50690.0,50693.0,50684.0,50690.0,50694.0,50694.0,50692.0,50688.0,50690.0,50694.0
1859,50690.9,50690.0,50693.0,50684.0,50690.0,50694.0,50694.0,50692.0,50688.0,50690.0,50694.0
1860,50690.9,50690.0,50693.0,50684.0,50690.0,50694.0,50694.0,50692.0,50688.0,50690.0,50694.0
1861,50690.9,50690.0,50693.0,50684.0,50690.0,50694.0,50694.0,50692.0,50688.0,50690.0,50694.0
1862,50690.9,50690.0,50693.0,50684.0,50690.0,50694.0,50694.0,50692.0,50688.0,50690.0,50694.0
1863,50690.9,50690.0,50693.0,50684.0,50690.0,50694.0,50694.0,50692.0,50688.0,50690.0,50694.0
1864,50690.9,50690.0,50693.0,50684.0,50690.0,50694.0,50694.0,50692.0,50688.0,50690.0,50694.0
1865,50690.9,50690.0,50693.0,50684.0,50690.0,50694.0,50694.0,50692.0,50688.0,50690.0,50694.0
1866,50690.9,50690.0,50693.0,50684.0,50690.0,50694.0,50694.0,50692.0,50688.0,50690.0,50694.0
1867,50690.9,50690.0,50693.0,50684.0,50690.0,50694.0,50694.0,50692.0,50688.0,50690.0,50694.0
1868,50690.9,50690.0,50693.0,50684.0,50690.0,50694.0,50694.0,50692.0,50688.0,50690.0,50694.0
1869,50690.9,50690.0,50693.0,50684.0,50690.0,50694.0,50694.0,50692.0,50688.0,50690.0,50694.0
1870,50690.9,50690.0,50693.0,50684.0,50690.0,50694.0,50694.0,50692.0,50688.0,50690.0,50694.0
1871,50690.9,50690.0,50693.0,50684.0,50690.0,50694.0,50694.0,50692.0,50688.0,50690.0,50694.0
1872,50690.9,50690.0,50693.0,50684.0,50690.0,50694.0,50694.0,50692.0,50688.0,50690.0,50694.0
1873,50690.9,50690.0,50693.0,50684.0,50690.0,50694.0,50694.0,50692.0,50688.0,50690.0,50694.0
1874,50690.9,50690.0,50693.0,50684.0,50690.0,50694.0,50694.0,50692.0,50688.0,50690.0,50694.0
1875,50690.9,50690.0,50693.0,50684.0,50690.0,50694.0,50694.0,50692.0,50688.0,50690.0,50694.0
1876,50690.9,50690.0,50693.0,50684.0,50690.0,50694.0,50694.0,50692.0,50688.0,50690.0,50694.0
1877,50690.9,50690.0,50693.0,50684.0,50690.0,50694.0,50694.0,50692.0,50688.0,50690.0,50694.0
1878,50690.9,50690.0,50693.0,50684.0,50690.0,50694.0,50694.0,50692.0,50688.0,50690.0,50694.0
1879,50690.9,50690.0,50693.0,50684.0,50690.0,50694.0,50694.0,50692.0,50688.0,50690.0,50694.0
1880,50690.9,50690.0,50693.0,50684.0,50690.0,50694.0,50694.0,50692.0,50688.0,50690.0,50694.0
1881,50690.9,50690.0,50693.0,50684.0,50690.0,50694.0,50694.0,50692.0,50688.0,50690.0,50694.0
1882,50690.9,50690.0,50693.0,50684.0,50690.0,50694.0,50694.0,50692.0,50688.0,50690.0,50694.0
1883,50690.9,50690.0,50693.0,50684.0,50690.0,50694.0,50694.0,50692.0,50688.0,50690.0,50694.0
1884,50690.9,50690.0,50693.0,50684.0,50690.0,50694.0,50694.0,50692.0,50688.0,50690.0,50694.0
1885,50690.9,50690.0,50693.0,50684.0,50690.0,50694.0,50694.0,50692.0,50688.0,50690.0,50694.0
1886,50690.9,50690.0,50693.0,50684.0,50690.0,50694.0,50694.0,50692.0,50688.0,50690.0,50694.0
1887,50690.9,50690.0,50693.0,50684.0,50690.0,50694.0,50694.0,50692.0,50688.0,50690.0,50694.0
1888,50690.9,50690.0,50693.0,50684.0,50690.0,50694.0,50694.0,50692.0,50688.0,50690.0,50694.0
1889,50690.9,50690.0,50693.0,50684.0,50690.0,50694.0,50694.0,50692.0,50688.0,50690.0,50694.0
1890,50690.9,50690.0,50693.0,50684.0,50690.0,50694.0,50694.0,50692.0,50688.0,50690.0,50694.0
1891,50690.9,50690.0,50693.0,50684.0,50690.0,50694.0,50694.0,50692.0,50688.0,50690.0,50694.0
1892,50690.9,50690.0,50693.0,50684.0,50690.0,50694.0,50694.0,50692.0,50688.0,50690.0,50694.0
1893,50690.9,50690.0,50693.0,50684.0,50690.0,50694.0,50694.0,50692.0,50688.0,50690.0,50694.0
1894,50690.9,50690.0,50693.0,50684.0,50690.0,50694.0,50694.0,50692.0,50688.0,50690.0,50694.0
1895,50690.9,50690.0,50693.0,50684.0,50690.0,50694.0,50694.0,50692.0,50688.0,50690.0,50694.0
1896,50690.9,50690.0,50693.0,50684.0,50690.0,50694.0,50694.0,50692.0,50688.0,50690.0,50694.0
1897,50690.9,50690.0,50693.0,50684.0,50690.0,50694.0,50694.0,50692.0,50688.0,50690.0,50694.0
1898,50690.9,50690.0,50693.0,50684.0,50690.0,50694.0,50694.0,50692.0,50688.0,50690.0,50694.0
1899,50690.9,50690.0,50693.0,50684.0,50690.0,50694.0,50694.0,50692.0,50688.0,50690.0,50694.0
1900,50690.9,50690.0,50693.0,50684.0,50690.0,50694.0,50694.0,50692.0,50688.0,50690.0,50694.0
1901,50690.9,50690.0,50693.0,50684.0,50690.0,50694.0,50694.0,50692.0,50688.0,50690.0,50694.0
1902,50690.9,50690.0,50693.0,50684.0,50690.0,50694.0,50694.0,50692.0,50688.0,50690.0,50694.0
1903,50690.9,50690.0,50693.0,50684.0,50690.0,50694.0,50694.0,50692.0,50688.0,50690.0,50694.0
1904,50690.9,50690.0,50693.0,50684.0,50690.0,50694.0,50694.0,50692.0,50688.0,50690.0,50694.0
1905,50690.9,50690.0,50693.0,50684.0,50690.0,50694.0,50694.0,50692.0,50688.0,50690.0,50694.0
1906,50690.9,50690.0,50693.0,50684.0,50690.0,50694.0,50694.0,50692.0,50688.0,50690.0,50694.0
1907,50690.9,50690.0,50693.0,50684.0,50690.0,50694.0,50694.0,50692.0,50688.0,50690.0,50694.0
1908,50690.9,50690.0,50693.0,50684.0,50690.0,50694.0,50694.0,50692.0,50688.0,50690.0,50694.0
1909,50690.9,50690.0,50693.0,50684.0,50690.0,50694.0,50694.0,50692.0,50688.0,50690.0,50694.0
1910,50690.9,50690.0,50693.0,50684.0,50690.0,50694.0,50694.0,50692.0,50688.0,50690.0,50694.0
1911,50690.9,50690.0,50693.0,50684.0,50690.0,50694.0,50694.0,50692.0,50688.0,50690.0,50694.0
1912,50690.9,50690.0,50693.0,50684.0,50690.0,50694.0,50694.0,50692.0,50688.0,50690.0,50694.0
1913,50690.9,50690.0,50693.0,50684.0,50690.0,50694.0,50694.0,50692.0,50688.0,50690.0,50694.0
1914,50690.9,50690.0,50693.0,50684.0,50690.0,50694.0,50694.0,50692.0,50688.0,50690.0,50694.0
1915,50690.9,50690.0,50693.0,50684.0,50690.0,50694.0,50694.0,50692.0,50688.0,50690.0,50694.0
1916,50690.9,50690.0,50693.0,50684.0,50690.0,50694.0,50694.0,50692.0,50688.0,50690.0,50694.0
1917,50690.9,50690.0,50693.0,50684.0,50690.0,50694.0,50694.0,50692.0,50688.0,50690.0,50694.0
1918,50690.9,50690.0,50693.0,50684.0,50690.0,50694.0,50694.0,50692.0,50688.0,50690.0,50694.0
1919,50690.9,50690.0,50693.0,50684.0,50690.0,50694.0,50694.0,50692.0,50688.0,50690.0,50694.0
1920,50690.9,50690.0,50693.0,50684.0,50690.0,50694.0,50694.0,50692.0,50688.0,50690.0,50694.0
1921,50690.9,50690.0,50693.0,50684.0,50690.0,50694.0,50694.0,50692.0,50688.0,50690.0,50694.0
1922,50690.9,50690.0,50693.0,50684.0,50690.0,50694.0,50694.0,50692.0,50688.0,50690.0,50694.0
1923,50690.9,50690.0,50693.0,50684.0,50690.0,50694.0,50694.0,50692.0,50688.0,50690.0,50694.0
1924,50690.9,50690.0,50693.0,50684.0,50690.0,50694.0,50694.0,50692.0,50688.0,50690.0,50694.0
1925,50690.9,50690.0,50693.0,50684.0,50690.0,50694.0,50694.0,50692.0,50688.0,50690.0,50694.0
1926,50690.9,50690.0,50693.0,50684.0,50690.0,50694.0,50694.0,50692.0,50688.0,50690.0,50694.0
1927,50690.9,50690.0,50693.0,50684.0,50690.0,50694.0,50694.0,50692.0,50688.0,50690.0,50694.0
1928,50690.9,50690.0,50693.0,50684.0,50690.0,50694.0,50694.0,50692.0,50688.0,50690.0,50694.0
1929,50690.9,50690.0,50693.0,50684.0,50690.0,50694.0,50694.0,50692.0,50688.0,50690.0,50694.0
1930,50690.9,50690.0,50693.0,50684.0,50690.0,50694.0,50694.0,50692.0,50688.0,50690.0,50694.0
1931,50690.9,50690.0,50693.0,50684.0,50690.0,50694.0,50694.0,50692.0,50688.0,50690.0,50694.0
1932,50690.9,50690.0,50693.0,50684.0,50690.0,50694.0,50694.0,50692.0,50688.0,50690.0,50694.0
1933,50690.9,50690.0,50693.0,50684.0,50690.0,50694.0,50694.0,50692.0,50688.0,50690.0,50694.0
1934,50690.9,50690.0,50693.0,50684.0,50690.0,50694.0,50694.0,50692.0,50688.0,50690.0,50694.0
1935,50690.9,50690.0,50693.0,50684.0,50690.0,50694.0,50694.0,50692.0,50688.0,50690.0,50694.0
1936,50690.9,50690.0,50693.0,50684.0,50690.0,50694.0,50694.0,50692.0,50688.0,50690.0,50694.0
1937,50690.9,50690.0,50693.0,50684.0,50690.0,50694.0,50694.0,50692.0,50688.0,50690.0,50694.0
1938,50690.9,50690.0,50693.0,50684.0,50690.0,50694.0,50694.0,50692.0,50688.0,50690.0,50694.0
1939,50690.9,50690.0,50693.0,50684.0,50690.0,50694.0,50694.0,50692.0,50688.0,50690.0,50694.0
1940,50690.9,50690.0,50693.0,50684.0,50690.0,50694.0,50694.0,50692.0,50688.0,50690.0,50694.0
1941,50690.9,50690.0,50693.0,50684.0,50690.0,50694.0,50694.0,50692.0,50688.0,50690.0,50694.0
1942,50690.9,50690.0,50693.0,50684.0,50690.0,50694.0,50694.0,50692.0,50688.0,50690.0,50694.0
1943,50690.9,50690.0,50693.0,50684.0,50690.0,50694.0,50694.0,50692.0,50688.0,50690.0,50694.0
1944,50690.9,50690.0,50693.0,50684.0,50690.0,50694.0,50694.0,50692.0,50688.0,50690.0,50694.0
1945,50690.9,50690.0,50693.0,50684.0,50690.0,50694.0,50694.0,50692.0,50688.0,50690.0,50694.0
1946,50690.9,50690.0,50693.0,50684.0,50690.0,50694.0,50694.0,50692.0,50688.0,50690.0,50694.0
1947,50690.9,50690.0,50693.0,50684.0,50690.0,50694.0,50694.0,50692.0,50688.0,50690.0,50694.0
1948,50690.9,50690.0,50693.0,50684.0,50690.0,50694.0,50694.0,50692.0,50688.0,50690.0,50694.0
1949,50690.9,50690.0,50693.0,50684.0,50690.0,50694.0,50694.0,50692.0,50688.0,50690.0,50694.0
1950,50690.9,50690.0,50693.0,50684.0,50690.0,50694.0,50694.0,50692.0,50688.0,50690.0,50694.0
1951,50690.9,50690.0,50693.0,50684.0,50690.0,50694.0,50694.0,50692.0,50688.0,50690.0,50694.0
1952,50690.9,50690.0,50693.0,50684.0,50690.0,50694.0,50694.0,50692.0,50688.0,50690.0,50694.0
1953,50690.9,50690.0,50693.0,50684.0,50690.0,50694.0,50694.0,50692.0,50688.0,50690.0,50694.0
1954,50690.9,50690.0,50693.0,50684.0,50690.0,50694.0,50694.0,50692.0,50688.0,50690.0,50694.0
1955,50690.9,50690.0,50693.0,50684.0,50690.0,50694.0,50694.0,50692.0,50688.0,50690.0,50694.0
1956,50690.9,50690.0,50693.0,50684.0,50690.0,50694.0,50694.0,50692.0,50688.0,50690.0,50694.0
1957,50690.9,50690.0,50693.0,50684.0,50690.0,50694.0,50694.0,50692.0,50688.0,50690.0,50694.0
1958,50690.9,50690.0,50693.0,50684.0,50690.0,50694.0,50694.0,50692.0,50688.0,50690.0,50694.0
1959,50690.9,50690.0,50693.0,50684.0,50690.0,50694.0,50694.0,50692.0,50688.0,50690.0,50694.0
1960,50690.9,50690.0,50693.0,50684.0,50690.0,50694.0,50694.0,50692.0,50688.0,50690.0,50694.0
1961,50690.9,50690.0,50693.0,50684.0,50690.0,50694.0,50694.0,50692.0,50688.0,50690.0,50694.0
1962,50690.9,50690.0,50693.0,50684.0,50690.0,50694.0,50694.0,50692.0,50688.0,50690.0,50694.0
1963,50690.9,50690.0,50693.0,50684.0,50690.0,50694.0,50694.0,50692.0,50688.0,50690.0,50694.0
1964,50690.9,50690.0,50693.0,50684.0,50690.0,50694.0,50694.0,50692.0,50688.0,50690.0,50694.0
1965,50690.9,50690.0,50693.0,50684.0,50690.0,50694.0,50694.0,50692.0,50688.0,50690.0,50694.0
1966,50690.9,50690.0,50693.0,50684.0,50690.0,50694.0,50694.0,50692.0,50688.0,50690.0,50694.0
1967,50690.9,50690.0,50693.0,50684.0,50690.0,50694.0,50694.0,50692.0,50688.0,50690.0,50694.0
1968,50690.9,50690.0,50693.0,50684.0,50690.0,50694.0,50694.0,50692.0,50688.0,50690.0,50694.0
1969,50690.9,50690.0,50693.0,50684.0,50690.0,50694.0,50694.0,50692.0,50688.0,50690.0,50694.0
1970,50690.9,50690.0,50693.0,50684.0,50690.0,50694.0,50694.0,50692.0,50688.0,50690.0,50694.0
1971,50690.9,50690.0,50693.0,50684.0,50690.0,50694.0,50694.0,50692.0,50688.0,50690.0,50694.0
1972,50690.9,50690.0,50693.0,50684.0,50690.0,50694.0,50694.0,50692.0,50688.0,50690.0,50694.0
1973,50690.9,50690.0,50693.0,50684.0,50690.0,50694.0,50694.0,50692.0,50688.0,50690.0,50694.0
1974,50690.9,50690.0,50693.0,50684.0,50690.0,50694.0,50694.0,50692.0,50688.0,50690.0,50694.0
1975,50690.9,50690.0,50693.0,50684.0,50690.0,50694.0,50694.0,50692.0,50688.0,50690.0,50694.0
1976,50690.9,50690.0,50693.0,50684.0,50690.0,50694.0,50694.0,50692.0,50688.0,50690.0,50694.0
1977,50690.9,50690.0,50693.0,50684.0,50690.0,50694.0,50694.0,50692.0,50688.0,50690.0,50694.0
1978,50690.9,50690.0,50693.0,50684.0,50690.0,50694.0,50694.0,50692.0,50688.0,50690.0,50694.0
1979,50690.9,50690.0,50693.0,50684.0,50690.0,50694.0,50694.0,50692.0,50688.0,50690.0,50694.0
1980,50690.9,50690.0,50693.0,50684.0,50690.0,50694.0,50694.0,50692.0,50688.0,50690.0,50694.0
1981,50690.9,50690.0,50693.0,50684.0,50690.0,50694.0,50694.0,50692.0,50688.0,50690.0,50694.0
1982,50690.9,50690.0,50693.0,50684.0,50690.0,50694.0,50694.0,50692.0,50688.0,50690.0,50694.0
1983,50690.9,50690.0,50693.0,50684.0,50690.0,50694.0,50694.0,50692.0,50688.0,50690.0,50694.0
1984,50690.9,50690.0,50693.0,50684.0,50690.0,50694.0,50694.0,50692.0,50688.0,50690.0,50694.0
1985,50690.9,50690.0,50693.0,50684.0,50690.0,50694.0,50694.0,50692.0,50688.0,50690.0,50694.0
1986,50690.9,50690.0,50693.0,50684.0,50690.0,50694.0,50694.0,50692.0,50688.0,50690.0,50694.0
1987,50690.9,50690.0,50693.0,50684.0,50690.0,50694.0,50694.0,50692.0,50688.0,50690.0,50694.0
1988,50690.9,50690.0,50693.0,50684.0,50690.0,50694.0,50694.0,50692.0,50688.0,50690.0,50694.0
1989,50690.9,50690.0,50693.0,50684.0,50690.0,50694.0,50694.0,50692.0,50688.0,50690.0,50694.0
1990,50690.9,50690.0,50693.0,50684.0,50690.0,50694.0,50694.0,50692.0,50688.0,50690.0,50694.0
1991,50690.9,50690.0,50693.0,50684.0,50690.0,50694.0,50694.0,50692.0,50688.0,50690.0,50694.0
1992,50690.9,50690.0,50693.0,50684.0,50690.0,50694.0,50694.0,50692.0,50688.0,50690.0,50694.0
1993,50690.9,50690.0,50693.0,50684.0,50690.0,50694.0,50694.0,50692.0,50688.0,50690.0,50694.0
1994,50690.9,50690.0,50693.0,50684.0,50690.0,50694.0,50694.0,50692.0,50688.0,50690.0,50694.0
1995,50690.9,50690.0,50693.0,50684.0,50690.0,50694.0,50694.0,50692.0,50688.0,50690.0,50694.0
1996,50690.9,50690.0,50693.0,50684.0,50690.0,50694.0,50694.0,50692.0,50688.0,50690.0,50694.0
1997,50690.9,50690.0,50693.0,50684.0,50690.0,50694.0,50694.0,50692.0,50688.0,50690.0,50694.0
1998,50690.9,50690.0,50693.0,50684.0,50690.0,50694.0,50694.0,50692.0,50688.0,50690.0,50694.0
1999,50690.9,50690.0,50693.0,50684.0,50690.0,50694.0,50694.0,50692.0,50688.0,50690.0,50694.0
2000,50690.9,50690.0,50693.0,50684.0,50690.0,50694.0,50694.0,50692.0,50688.0,50690.0,50694.0
2001,50690.9,50690.0,50693.0,50684.0,50690.0,50694.0,50694.0,50692.0,50688.0,50690.0,50694.0
2002,50690.9,50690.0,50693.0,50684.0,50690.0,50694.0,50694.0,50692.0,50688.0,50690.0,50694.0
2003,50690.9,50690.0,50693.0,50684.0,50690.0,50694.0,50694.0,50692.0,50688.0,50690.0,50694.0
2004,50690.9,50690.0,50693.0,50684.0,50690.0,50694.0,50694.0,50692.0,50688.0,50690.0,50694.0
2005,50690.9,50690.0,50693.0,50684.0,50690.0,50694.0,50694.0,50692.0,50688.0,50690.0,50694.0
2006,50690.9,50690.0,50693.0,50684.0,50690.0,50694.0,50694.0,50692.0,50688.0,50690.0,50694.0
2007,50690.9,50690.0,50693.0,50684.0,50690.0,50694.0,50694.0,50692.0,50688.0,50690.0,50694.0
2008,50690.9,50690.0,50693.0,50684.0,50690.0,50694.0,50694.0,50692.0,50688.0,50690.0,50694.0
2009,50690.9,50690.0,50693.0,50684.0,50690.0,50694.0,50694.0,50692.0,50688.0,50690.0,50694.0
2010,50690.9,50690.0,50693.0,50684.0,50690.0,50694.0,50694.0,50692.0,50688.0,50690.0,50694.0
2011,50690.9,50690.0,50693.0,50684.0,50690.0,50694.0,50694.0,50692.0,50688.0,50690.0,50694.0
2012,50690.9,50690.0,50693.0,50684.0,50690.0,50694.0,50694.0,50692.0,50688.0,50690.0,50694.0
2013,50690.9,50690.0,50693.0,50684.0,50690.0,50694.0,50694.0,50692.0,50688.0,50690.0,50694.0
2014,50690.9,50690.0,50693.0,50684.0,50690.0,50694.0,50694.0,50692.0,50688.0,50690.0,50694.0
2015,50690.9,50690.0,50693.0,50684.0,50690.0,50694.0,50694.0,50692.0,50688.0,50690.0,50694.0
2016,50690.9,50690.0,50693.0,50684.0,50690.0,50694.0,50694.0,50692.0,50688.0,50690.0,50694.0
2017,50690.9,50690.0,50693.0,50684.0,50690.0,50694.0,50694.0,50692.0,50688.0,50690.0,50694.0
2018,50690.9,50690.0,50693.0,50684.0,50690.0,50694.0,50694.0,50692.0,50688.0,50690.0,50694.0
2019,50690.9,50690.0,50693.0,50684.0,50690.0,50694.0,50694.0,50692.0,50688.0,50690.0,50694.0
2020,50690.9,50690.0,50693.0,50684.0,50690.0,50694.0,50694.0,50692.0,50688.0,50690.0,50694.0
2021,50690.9,50690.0,50693.0,50684.0,50690.0,50694.0,50694.0,50692.0,50688.0,50690.0,50694.0
2022,50690.9,50690.0,50693.0,50684.0,50690.0,50694.0,50694.0,50692.0,50688.0,50690.0,50694.0
2023,50690.9,50690.0,50693.0,50684.0,50690.0,50694.0,50694.0,50692.0,50688.0,50690.0,50694.0
2024,50690.9,50690.0,50693.0,50684.0,50690.0,50694.0,50694.0,50692.0,50688.0,50690.0,50694.0
2025,50690.9,50690.0,50693.0,50684.0,50690.0,50694.0,50694.0,50692.0,50688.0,50690.0,50694.0
2026,50690.9,50690.0,50693.0,50684.0,50690.0,50694.0,50694.0,50692.0,50688.0,50690.0,50694.0
2027,50690.9,50690.0,50693.0,50684.0,50690.0,50694.0,50694.0,50692.0,50688.0,50690.0,50694.0
2028,50690.9,50690.0,50693.0,50684.0,50690.0,50694.0,50694.0,50692.0,50688.0,50690.0,50694.0
2029,50690.9,50690.0,50693.0,50684.0,50690.0,50694.0,50694.0,50692.0,50688.0,50690.0,50694.0
2030,50690.9,50690.0,50693.0,50684.0,50690.0,50694.0,50694.0,50692.0,50688.0,50690.0,50694.0
2031,50690.9,50690.0,50693.0,50684.0,50690.0,50694.0,50694.0,50692.0,50688.0,50690.0,50694.0
2032,50690.9,50690.0,50693.0,50684.0,50690.0,50694.0,50694.0,50692.0,50688.0,50690.0,50694.0
2033,50690.9,50690.0,50693.0,50684.0,50690.0,50694.0,50694.0,50692.0,50688.0,50690.0,50694.0
2034,50690.9,50690.0,50693.0,50684.0,50690.0,50694.0,50694.0,50692.0,50688.0,50690.0,50694.0
2035,50690.9,50690.0,50693.0,50684.0,50690.0,50694.0,50694.0,50692.0,50688.0,50690.0,50694.0
2036,50690.9,50690.0,50693.0,50684.0,50690.0,50694.0,50694.0,50692.0,50688.0,50690.0,50694.0
2037,50690.9,50690.0,50693.0,50684.0,50690.0,50694.0,50694.0,50692.0,50688.0,50690.0,50694.0
2038,50690.9,50690.0,50693.0,50684.0,50690.0,50694.0,50694.0,50692.0,50688.0,50690.0,50694.0
2039,50690.9,50690.0,50693.0,50684.0,50690.0,50694.0,50694.0,50692.0,50688.0,50690.0,50694.0
2040,50690.9,50690.0,50693.0,50684.0,50690.0,50694.0,50694.0,50692.0,50688.0,50690.0,50694.0
2041,50690.9,50690.0,50693.0,50684.0,50690.0,50694.0,50694.0,50692.0,50688.0,50690.0,50694.0
2042,50690.9,50690.0,50693.0,50684.0,50690.0,50694.0,50694.0,50692.0,50688.0,50690.0,50694.0
2043,50690.9,50690.0,50693.0,50684.0,50690.0,50694.0,50694.0,50692.0,50688.0,50690.0,50694.0
2044,50690.9,50690.0,50693.0,50684.0,50690.0,50694.0,50694.0,50692.0,50688.0,50690.0,50694.0
2045,50690.9,50690.0,50693.0,50684.0,50690.0,50694.0,50694.0,50692.0,50688.0,50690.0,50694.0
2046,50690.9,50690.0,50693.0,50684.0,50690.0,50694.0,50694.0,50692.0,50688.0,50690.0,50694.0
2047,50690.9,50690.0,50693.0,50684.0,50690.0,50694.0,50694.0,50692.0,50688.0,50690.0,50694.0
2048,50690.9,50690.0,50693.0,50684.0,50690.0,50694.0,50694.0,50692.0,50688.0,50690.0,50694.0
2049,50690.9,50690.0,50693.0,50684.0,50690.0,50694.0,50694.0,50692.0,50688.0,50690.0,50694.0
2050,50690.9,50690.0,50693.0,50684.0,50690.0,50694.0,50694.0,50692.0,50688.0,50690.0,50694.0
2051,50690.9,50690.0,50693.0,50684.0,50690.0,50694.0,50694.0,50692.0,50688.0,50690.0,50694.0
2052,50690.9,50690.0,50693.0,50684.0,50690.0,50694.0,50694.0,50692.0,50688.0,50690.0,50694.0
2053,50690.9,50690.0,50693.0,50684.0,50690.0,50694.0,50694.0,50692.0,50688.0,50690.0,50694.0
2054,50690.9,50690.0,50693.0,50684.0,50690.0,50694.0,50694.0,50692.0,50688.0,50690.0,50694.0
2055,50690.9,50690.0,50693.0,50684.0,50690.0,50694.0,50694.0,50692.0,50688.0,50690.0,50694.0
2056,50690.9,50690.0,50693.0,50684.0,50690.0,50694.0,50694.0,50692.0,50688.0,50690.0,50694.0
2057,50690.9,50690.0,50693.0,50684.0,50690.0,50694.0,50694.0,50692.0,50688.0,50690.0,50694.0
2058,50690.9,50690.0,50693.0,50684.0,50690.0,50694.0,50694.0,50692.0,50688.0,50690.0,50694.0
2059,50690.9,50690.0,50693.0,50684.0,50690.0,50694.0,50694.0,50692.0,50688.0,50690.0,50694.0
2060,50690.9,50690.0,50693.0,50684.0,50690.0,50694.0,50694.0,50692.0,50688.0,50690.0,50694.0
2061,50690.9,50690.0,50693.0,50684.0,50690.0,50694.0,50694.0,50692.0,50688.0,50690.0,50694.0
2062,50690.9,50690.0,50693.0,50684.0,50690.0,50694.0,50694.0,50692.0,50688.0,50690.0,50694.0
2063,50690.9,50690.0,50693.0,50684.0,50690.0,50694.0,50694.0,50692.0,50688.0,50690.0,50694.0
2064,50690.9,50690.0,50693.0,50684.0,50690.0,50694.0,50694.0,50692.0,50688.0,50690.0,50694.0
2065,50690.9,50690.0,50693.0,50684.0,50690.0,50694.0,50694.0,50692.0,50688.0,50690.0,50694.0
2066,50690.9,50690.0,50693.0,50684.0,50690.0,50694.0,50694.0,50692.0,50688.0,50690.0,50694.0
2067,50690.9,50690.0,50693.0,50684.0,50690.0,50694.0,50694.0,50692.0,50688.0,50690.0,50694.0
2068,50690.9,50690.0,50693.0,50684.0,50690.0,50694.0,50694.0,50692.0,50688.0,50690.0,50694.0
2069,50690.9,50690.0,50693.0,50684.0,50690.0,50694.0,50694.0,50692.0,50688.0,50690.0,50694.0
2070,50690.9,50690.0,50693.0,50684.0,50690.0,50694.0,50694.0,50692.0,50688.0,50690.0,50694.0
2071,50690.9,50690.0,50693.0,50684.0,50690.0,50694.0,50694.0,50692.0,50688.0,50690.0,50694.0
2072,50690.9,50690.0,50693.0,50684.0,50690.0,50694.0,50694.0,50692.0,50688.0,50690.0,50694.0
2073,50690.9,50690.0,50693.0,50684.0,50690.0,50694.0,50694.0,50692.0,50688.0,50690.0,50694.0
2074,50690.9,50690.0,50693.0,50684.0,50690.0,50694.0,50694.0,50692.0,50688.0,50690.0,50694.0
2075,50690.9,50690.0,50693.0,50684.0,50690.0,50694.0,50694.0,50692.0,50688.0,50690.0,50694.0
2076,50690.9,50690.0,50693.0,50684.0,50690.0,50694.0,50694.0,50692.0,50688.0,50690.0,50694.0
2077,50690.9,50690.0,50693.0,50684.0,50690.0,50694.0,50694.0,50692.0,50688.0,50690.0,50694.0
2078,50690.9,50690.0,50693.0,50684.0,50690.0,50694.0,50694.0,50692.0,50688.0,50690.0,50694.0
2079,50690.9,50690.0,50693.0,50684.0,50690.0,50694.0,50694.0,50692.0,50688.0,50690.0,50694.0
2080,50690.9,50690.0,50693.0,50684.0,50690.0,50694.0,50694.0,50692.0,50688.0,50690.0,50694.0
2081,50690.9,50690.0,50693.0,50684.0,50690.0,50694.0,50694.0,50692.0,50688.0,50690.0,50694.0
2082,50690.9,50690.0,50693.0,50684.0,50690.0,50694.0,50694.0,50692.0,50688.0,50690.0,50694.0
2083,50690.9,50690.0,50693.0,50684.0,50690.0,50694.0,50694.0,50692.0,50688.0,50690.0,50694.0
2084,50690.9,50690.0,50693.0,50684.0,50690.0,50694.0,50694.0,50692.0,50688.0,50690.0,50694.0
2085,50690.9,50690.0,50693.0,50684.0,50690.0,50694.0,50694.0,50692.0,50688.0,50690.0,50694.0
2086,50690.9,50690.0,50693.0,50684.0,50690.0,50694.0,50694.0,50692.0,50688.0,50690.0,50694.0
2087,50690.9,50690.0,50693.0,50684.0,50690.0,50694.0,50694.0,50692.0,50688.0,50690.0,50694.0
2088,50690.9,50690.0,50693.0,50684.0,50690.0,50694.0,50694.0,50692.0,50688.0,50690.0,50694.0
2089,50690.9,50690.0,50693.0,50684.0,50690.0,50694.0,50694.0,50692.0,50688.0,50690.0,50694.0
2090,50690.9,50690.0,50693.0,50684.0,50690.0,50694.0,50694.0,50692.0,50688.0,50690.0,50694.0
2091,50690.9,50690.0,50693.0,50684.0,50690.0,50694.0,50694.0,50692.0,50688.0,50690.0,50694.0
2092,50690.9,50690.0,50693.0,50684.0,50690.0,50694.0,50694.0,50692.0,50688.0,50690.0,50694.0
2093,50690.9,50690.0,50693.0,50684.0,50690.0,50694.0,50694.0,50692.0,50688.0,50690.0,50694.0
2094,50690.9,50690.0,50693.0,50684.0,50690.0,50694.0,50694.0,50692.0,50688.0,50690.0,50694.0
2095,50690.9,50690.0,50693.0,50684.0,50690.0,50694.0,50694.0,50692.0,50688.0,50690.0,50694.0
2096,50690.9,50690.0,50693.0,50684.0,50690.0,50694.0,50694.0,50692.0,50688.0,50690.0,50694.0
2097,50690.9,50690.0,50693.0,50684.0,50690.0,50694.0,50694.0,50692.0,50688.0,50690.0,50694.0
2098,50690.9,50690.0,50693.0,50684.0,50690.0,50694.0,50694.0,50692.0,50688.0,50690.0,50694.0
2099,50690.9,50690.0,50693.0,50684.0,50690.0,50694.0,50694.0,50692.0,50688.0,50690.0,50694.0
2100,50690.9,50690.0,50693.0,50684.0,50690.0,50694.0,50694.0,50692.0,50688.0,50690.0,50694.0
2101,50690.9,50690.0,50693.0,50684.0,50690.0,50694.0,50694.0,50692.0,50688.0,50690.0,50694.0
2102,50690.9,50690.0,50693.0,50684.0,50690.0,50694.0,50694.0,50692.0,50688.0,50690.0,50694.0
2103,50690.9,50690.0,50693.0,50684.0,50690.0,50694.0,50694.0,50692.0,50688.0,50690.0,50694.0
2104,50690.9,50690.0,50693.0,50684.0,50690.0,50694.0,50694.0,50692.0,50688.0,50690.0,50694.0
2105,50690.9,50690.0,50693.0,50684.0,50690.0,50694.0,50694.0,50692.0,50688.0,50690.0,50694.0
2106,50690.9,50690.0,50693.0,50684.0,50690.0,50694.0,50694.0,50692.0,50688.0,50690.0,50694.0
2107,50690.9,50690.0,50693.0,50684.0,50690.0,50694.0,50694.0,50692.0,50688.0,50690.0,50694.0
2108,50690.9,50690.0,50693.0,50684.0,50690.0,50694.0,50694.0,50692.0,50688.0,50690.0,50694.0
2109,50690.9,50690.0,50693.0,50684.0,50690.0,50694.0,50694.0,50692.0,50688.0,50690.0,50694.0
2110,50690.9,50690.0,50693.0,50684.0,50690.0,50694.0,50694.0,50692.0,50688.0,50690.0,50694.0
2111,50690.9,50690.0,50693.0,50684.0,50690.0,50694.0,50694.0,50692.0,50688.0,50690.0,50694.0
2112,50690.9,50690.0,50693.0,50684.0,50690.0,50694.0,50694.0,50692.0,50688.0,50690.0,50694.0
2113,50690.9,50690.0,50693.0,50684.0,50690.0,50694.0,50694.0,50692.0,50688.0,50690.0,50694.0
2114,50690.9,50690.0,50693.0,50684.0,50690.0,50694.0,50694.0,50692.0,50688.0,50690.0,50694.0
2115,50690.9,50690.0,50693.0,50684.0,50690.0,50694.0,50694.0,50692.0,50688.0,50690.0,50694.0
2116,50690.9,50690.0,50693.0,50684.0,50690.0,50694.0,50694.0,50692.0,50688.0,50690.0,50694.0
2117,50690.9,50690.0,50693.0,50684.0,50690.0,50694.0,50694.0,50692.0,50688.0,50690.0,50694.0
2118,50690.9,50690.0,50693.0,50684.0,50690.0,50694.0,50694.0,50692.0,50688.0,50690.0,50694.0
2119,50690.9,50690.0,50693.0,50684.0,50690.0,50694.0,50694.0,50692.0,50688.0,50690.0,50694.0
2120,50690.9,50690.0,50693.0,50684.0,50690.0,50694.0,50694.0,50692.0,50688.0,50690.0,50694.0
2121,50690.9,50690.0,50693.0,50684.0,50690.0,50694.0,50694.0,50692.0,50688.0,50690.0,50694.0
2122,50690.9,50690.0,50693.0,50684.0,50690.0,50694.0,50694.0,50692.0,50688.0,50690.0,50694.0
2123,50690.9,50690.0,50693.0,50684.0,50690.0,50694.0,50694.0,50692.0,50688.0,50690.0,50694.0
2124,50690.9,50690.0,50693.0,50684.0,50690.0,50694.0,50694.0,50692.0,50688.0,50690.0,50694.0
2125,50690.9,50690.0,50693.0,50684.0,50690.0,50694.0,50694.0,50692.0,50688.0,50690.0,50694.0
2126,50690.9,50690.0,50693.0,50684.0,50690.0,50694.0,50694.0,50692.0,50688.0,50690.0,50694.0
2127,50690.9,50690.0,50693.0,50684.0,50690.0,50694.0,50694.0,50692.0,50688.0,50690.0,50694.0
2128,50690.9,50690.0,50693.0,50684.0,50690.0,50694.0,50694.0,50692.0,50688.0,50690.0,50694.0
2129,50690.9,50690.0,50693.0,50684.0,50690.0,50694.0,50694.0,50692.0,50688.0,50690.0,50694.0
2130,50690.9,50690.0,50693.0,50684.0,50690.0,50694.0,50694.0,50692.0,50688.0,50690.0,50694.0
2131,50690.9,50690.0,50693.0,50684.0,50690.0,50694.0,50694.0,50692.0,50688.0,50690.0,50694.0
2132,50690.9,50690.0,50693.0,50684.0,50690.0,50694.0,50694.0,50692.0,50688.0,50690.0,50694.0
2133,50690.9,50690.0,50693.0,50684.0,50690.0,50694.0,50694.0,50692.0,50688.0,50690.0,50694.0
2134,50690.9,50690.0,50693.0,50684.0,50690.0,50694.0,50694.0,50692.0,50688.0,50690.0,50694.0
2135,50690.9,50690.0,50693.0,50684.0,50690.0,50694.0,50694.0,50692.0,50688.0,50690.0,50694.0
2136,50690.9,50690.0,50693.0,50684.0,50690.0,50694.0,50694.0,50692.0,50688.0,50690.0,50694.0
2137,50690.9,50690.0,50693.0,50684.0,50690.0,50694.0,50694.0,50692.0,50688.0,50690.0,50694.0
2138,50690.9,50690.0,50693.0,50684.0,50690.0,50694.0,50694.0,50692.0,50688.0,50690.0,50694.0
2139,50690.9,50690.0,50693.0,50684.0,50690.0,50694.0,50694.0,50692.0,50688.0,50690.0,50694.0
2140,50690.9,50690.0,50693.0,50684.0,50690.0,50694.0,50694.0,50692.0,50688.0,50690.0,50694.0
2141,50690.9,50690.0,50693.0,50684.0,50690.0,50694.0,50694.0,50692.0,50688.0,50690.0,50694.0
2142,50690.9,50690.0,50693.0,50684.0,50690.0,50694.0,50694.0,50692.0,50688.0,50690.0,50694.0
2143,50690.9,50690.0,50693.0,50684.0,50690.0,50694.0,50694.0,50692.0,50688.0,50690.0,50694.0
2144,50690.9,50690.0,50693.0,50684.0,50690.0,50694.0,50694.0,50692.0,50688.0,50690.0,50694.0
2145,50690.9,50690.0,50693.0,50684.0,50690.0,50694.0,50694.0,50692.0,50688.0,50690.0,50694.0
2146,50690.9,50690.0,50693.0,50684.0,50690.0,50694.0,50694.0,50692.0,50688.0,50690.0,50694.0
2147,50690.9,50690.0,50693.0,50684.0,50690.0,50694.0,50694.0,50692.0,50688.0,50690.0,50694.0
2148,50690.9,50690.0,50693.0,50684.0,50690.0,50694.0,50694.0,50692.0,50688.0,50690.0,50694.0
2149,50690.9,50690.0,50693.0,50684.0,50690.0,50694.0,50694.0,50692.0,50688.0,50690.0,50694.0
2150,50690.9,50690.0,50693.0,50684.0,50690.0,50694.0,50694.0,50692.0,50688.0,50690.0,50694.0
2151,50690.9,50690.0,50693.0,50684.0,50690.0,50694.0,50694.0,50692.0,50688.0,50690.0,50694.0
2152,50690.9,50690.0,50693.0,50684.0,50690.0,50694.0,50694.0,50692.0,50688.0,50690.0,50694.0
2153,50690.9,50690.0,50693.0,50684.0,50690.0,50694.0,50694.0,50692.0,50688.0,50690.0,50694.0
2154,50690.9,50690.0,50693.0,50684.0,50690.0,50694.0,50694.0,50692.0,50688.0,50690.0,50694.0
2155,50690.9,50690.0,50693.0,50684.0,50690.0,50694.0,50694.0,50692.0,50688.0,50690.0,50694.0
2156,50690.9,50690.0,50693.0,50684.0,50690.0,50694.0,50694.0,50692.0,50688.0,50690.0,50694.0
2157,50690.9,50690.0,50693.0,50684.0,50690.0,50694.0,50694.0,50692.0,50688.0,50690.0,50694.0
2158,50690.9,50690.0,50693.0,50684.0,50690.0,50694.0,50694.0,50692.0,50688.0,50690.0,50694.0
2159,50690.9,50690.0,50693.0,50684.0,50690.0,50694.0,50694.0,50692.0,50688.0,50690.0,50694.0
2160,50690.9,50690.0,50693.0,50684.0,50690.0,50694.0,50694.0,50692.0,50688.0,50690.0,50694.0
2161,50690.9,50690.0,50693.0,50684.0,50690.0,50694.0,50694.0,50692.0,50688.0,50690.0,50694.0
2162,50690.9,50690.0,50693.0,50684.0,50690.0,50694.0,50694.0,50692.0,50688.0,50690.0,50694.0
2163,50690.9,50690.0,50693.0,50684.0,50690.0,50694.0,50694.0,50692.0,50688.0,50690.0,50694.0
2164,50690.9,50690.0,50693.0,50684.0,50690.0,50694.0,50694.0,50692.0,50688.0,50690.0,50694.0
2165,50690.9,50690.0,50693.0,50684.0,50690.0,50694.0,50694.0,50692.0,50688.0,50690.0,50694.0
2166,50690.9,50690.0,50693.0,50684.0,50690.0,50694.0,50694.0,50692.0,50688.0,50690.0,50694.0
2167,50690.9,50690.0,50693.0,50684.0,50690.0,50694.0,50694.0,50692.0,50688.0,50690.0,50694.0
2168,50690.9,50690.0,50693.0,50684.0,50690.0,50694.0,50694.0,50692.0,50688.0,50690.0,50694.0
2169,50690.9,50690.0,50693.0,50684.0,50690.0,50694.0,50694.0,50692.0,50688.0,50690.0,50694.0
2170,50690.9,50690.0,50693.0,50684.0,50690.0,50694.0,50694.0,50692.0,50688.0,50690.0,50694.0
2171,50690.9,50690.0,50693.0,50684.0,50690.0,50694.0,50694.0,50692.0,50688.0,50690.0,50694.0
2172,50690.9,50690.0,50693.0,50684.0,50690.0,50694.0,50694.0,50692.0,50688.0,50690.0,50694.0
2173,50690.9,50690.0,50693.0,50684.0,50690.0,50694.0,50694.0,50692.0,50688.0,50690.0,50694.0
2174,50690.9,50690.0,50693.0,50684.0,50690.0,50694.0,50694.0,50692.0,50688.0,50690.0,50694.0
2175,50690.9,50690.0,50693.0,50684.0,50690.0,50694.0,50694.0,50692.0,50688.0,50690.0,50694.0
2176,50690.9,50690.0,50693.0,50684.0,50690.0,50694.0,50694.0,50692.0,50688.0,50690.0,50694.0
2177,50690.9,50690.0,50693.0,50684.0,50690.0,50694.0,50694.0,50692.0,50688.0,50690.0,50694.0
2178,50690.9,50690.0,50693.0,50684.0,50690.0,50694.0,50694.0,50692.0,50688.0,50690.0,50694.0
2179,50690.9,50690.0,50693.0,50684.0,50690.0,50694.0,50694.0,50692.0,50688.0,50690.0,50694.0
2180,50690.9,50690.0,50693.0,50684.0,50690.0,50694.0,50694.0,50692.0,50688.0,50690.0,50694.0
2181,50690.9,50690.0,50693.0,50684.0,50690.0,50694.0,50694.0,50692.0,50688.0,50690.0,50694.0
2182,50690.9,50690.0,50693.0,50684.0,50690.0,50694.0,50694.0,50692.0,50688.0,50690.0,50694.0
2183,50690.9,50690.0,50693.0,50684.0,50690.0,50694.0,50694.0,50692.0,50688.0,50690.0,50694.0
2184,50690.9,50690.0,50693.0,50684.0,50690.0,50694.0,50694.0,50692.0,50688.0,50690.0,50694.0
2185,50690.9,50690.0,50693.0,50684.0,50690.0,50694.0,50694.0,50692.0,50688.0,50690.0,50694.0
2186,50690.9,50690.0,50693.0,50684.0,50690.0,50694.0,50694.0,50692.0,50688.0,50690.0,50694.0
2187,50690.9,50690.0,50693.0,50684.0,50690.0,50694.0,50694.0,50692.0,50688.0,50690.0,50694.0
2188,50690.9,50690.0,50693.0,50684.0,50690.0,50694.0,50694.0,50692.0,50688.0,50690.0,50694.0
2189,50690.9,50690.0,50693.0,50684.0,50690.0,50694.0,50694.0,50692.0,50688.0,50690.0,50694.0
2190,50690.9,50690.0,50693.0,50684.0,50690.0,50694.0,50694.0,50692.0,50688.0,50690.0,50694.0
2191,50690.9,50690.0,50693.0,50684.0,50690.0,50694.0,50694.0,50692.0,50688.0,50690.0,50694.0
2192,50690.9,50690.0,50693.0,50684.0,50690.0,50694.0,50694.0,50692.0,50688.0,50690.0,50694.0
2193,50690.9,50690.0,50693.0,50684.0,50690.0,50694.0,50694.0,50692.0,50688.0,50690.0,50694.0
2194,50690.9,50690.0,50693.0,50684.0,50690.0,50694.0,50694.0,50692.0,50688.0,50690.0,50694.0
2195,50690.9,50690.0,50693.0,50684.0,50690.0,50694.0,50694.0,50692.0,50688.0,50690.0,50694.0
2196,50690.9,50690.0,50693.0,50684.0,50690.0,50694.0,50694.0,50692.0,50688.0,50690.0,50694.0
2197,50690.9,50690.0,50693.0,50684.0,50690.0,50694.0,50694.0,50692.0,50688.0,50690.0,50694.0
2198,50690.9,50690.0,50693.0,50684.0,50690.0,50694.0,50694.0,50692.0,50688.0,50690.0,50694.0
2199,50690.9,50690.0,50693.0,50684.0,50690.0,50694.0,50694.0,50692.0,50688.0,50690.0,50694.0
2200,50690.9,50690.0,50693.0,50684.0,50690.0,50694.0,50694.0,50692.0,50688.0,50690.0,50694.0
2201,50690.9,50690.0,50693.0,50684.0,50690.0,50694.0,50694.0,50692.0,50688.0,50690.0,50694.0
2202,50690.9,50690.0,50693.0,50684.0,50690.0,50694.0,50694.0,50692.0,50688.0,50690.0,50694.0
2203,50690.9,50690.0,50693.0,50684.0,50690.0,50694.0,50694.0,50692.0,50688.0,50690.0,50694.0
2204,50690.9,50690.0,50693.0,50684.0,50690.0,50694.0,50694.0,50692.0,50688.0,50690.0,50694.0
2205,50690.9,50690.0,50693.0,50684.0,50690.0,50694.0,50694.0,50692.0,50688.0,50690.0,50694.0
2206,50690.9,50690.0,50693.0,50684.0,50690.0,50694.0,50694.0,50692.0,50688.0,50690.0,50694.0
2207,50690.9,50690.0,50693.0,50684.0,50690.0,50694.0,50694.0,50692.0,50688.0,50690.0,50694.0
2208,50690.9,50690.0,50693.0,50684.0,50690.0,50694.0,50694.0,50692.0,50688.0,50690.0,50694.0
2209,50690.9,50690.0,50693.0,50684.0,50690.0,50694.0,50694.0,50692.0,50688.0,50690.0,50694.0
2210,50690.9,50690.0,50693.0,50684.0,50690.0,50694.0,50694.0,50692.0,50688.0,50690.0,50694.0
2211,50690.9,50690.0,50693.0,50684.0,50690.0,50694.0,50694.0,50692.0,50688.0,50690.0,50694.0
2212,50690.9,50690.0,50693.0,50684.0,50690.0,50694.0,50694.0,50692.0,50688.0,50690.0,50694.0
2213,50690.9,50690.0,50693.0,50684.0,50690.0,50694.0,50694.0,50692.0,50688.0,50690.0,50694.0
2214,50690.9,50690.0,50693.0,50684.0,50690.0,50694.0,50694.0,50692.0,50688.0,50690.0,50694.0
2215,50690.9,50690.0,50693.0,50684.0,50690.0,50694.0,50694.0,50692.0,50688.0,50690.0,50694.0
2216,50690.9,50690.0,50693.0,50684.0,50690.0,50694.0,50694.0,50692.0,50688.0,50690.0,50694.0
2217,50690.9,50690.0,50693.0,50684.0,50690.0,50694.0,50694.0,50692.0,50688.0,50690.0,50694.0
2218,50690.9,50690.0,50693.0,50684.0,50690.0,50694.0,50694.0,50692.0,50688.0,50690.0,50694.0
2219,50690.9,50690.0,50693.0,50684.0,50690.0,50694.0,50694.0,50692.0,50688.0,50690.0,50694.0
2220,50690.9,50690.0,50693.0,50684.0,50690.0,50694.0,50694.0,50692.0,50688.0,50690.0,50694.0
2221,50690.9,50690.0,50693.0,50684.0,50690.0,50694.0,50694.0,50692.0,50688.0,50690.0,50694.0
2222,50690.9,50690.0,50693.0,50684.0,50690.0,50694.0,50694.0,50692.0,50688.0,50690.0,50694.0
2223,50690.9,50690.0,50693.0,50684.0,50690.0,50694.0,50694.0,50692.0,50688.0,50690.0,50694.0
2224,50690.9,50690.0,50693.0,50684.0,50690.0,50694.0,50694.0,50692.0,50688.0,50690.0,50694.0
2225,50690.9,50690.0,50693.0,50684.0,50690.0,50694.0,50694.0,50692.0,50688.0,50690.0,50694.0
2226,50690.9,50690.0,50693.0,50684.0,50690.0,50694.0,50694.0,50692.0,50688.0,50690.0,50694.0
2227,50690.9,50690.0,50693.0,50684.0,50690.0,50694.0,50694.0,50692.0,50688.0,50690.0,50694.0
2228,50690.9,50690.0,50693.0,50684.0,50690.0,50694.0,50694.0,50692.0,50688.0,50690.0,50694.0
2229,50690.9,50690.0,50693.0,50684.0,50690.0,50694.0,50694.0,50692.0,50688.0,50690.0,50694.0
2230,50690.9,50690.0,50693.0,50684.0,50690.0,50694.0,50694.0,50692.0,50688.0,50690.0,50694.0
2231,50690.9,50690.0,50693.0,50684.0,50690.0,50694.0,50694.0,50692.0,50688.0,50690.0,50694.0
2232,50690.9,50690.0,50693.0,50684.0,50690.0,50694.0,50694.0,50692.0,50688.0,50690.0,50694.0
2233,50690.9,50690.0,50693.0,50684.0,50690.0,50694.0,50694.0,50692.0,50688.0,50690.0,50694.0
2234,50690.9,50690.0,50693.0,50684.0,50690.0,50694.0,50694.0,50692.0,50688.0,50690.0,50694.0
2235,50690.9,50690.0,50693.0,50684.0,50690.0,50694.0,50694.0,50692.0,50688.0,50690.0,50694.0
2236,50690.9,50690.0,50693.0,50684.0,50690.0,50694.0,50694.0,50692.0,50688.0,50690.0,50694.0
2237,50690.9,50690.0,50693.0,50684.0,50690.0,50694.0,50694.0,50692.0,50688.0,50690.0,50694.0
2238,50690.9,50690.0,50693.0,50684.0,50690.0,50694.0,50694.0,50692.0,50688.0,50690.0,50694.0
2239,50690.9,50690.0,50693.0,50684.0,50690.0,50694.0,50694.0,50692.0,50688.0,50690.0,50694.0
2240,50690.9,50690.0,50693.0,50684.0,50690.0,50694.0,50694.0,50692.0,50688.0,50690.0,50694.0
2241,50690.9,50690.0,50693.0,50684.0,50690.0,50694.0,50694.0,50692.0,50688.0,50690.0,50694.0
2242,50690.9,50690.0,50693.0,50684.0,50690.0,50694.0,50694.0,50692.0,50688.0,50690.0,50694.0
2243,50690.9,50690.0,50693.0,50684.0,50690.0,50694.0,50694.0,50692.0,50688.0,50690.0,50694.0
2244,50690.9,50690.0,50693.0,50684.0,50690.0,50694.0,50694.0,50692.0,50688.0,50690.0,50694.0
2245,50690.9,50690.0,50693.0,50684.0,50690.0,50694.0,50694.0,50692.0,50688.0,50690.0,50694.0
2246,50690.9,50690.0,50693.0,50684.0,50690.0,50694.0,50694.0,50692.0,50688.0,50690.0,50694.0
2247,50690.9,50690.0,50693.0,50684.0,50690.0,50694.0,50694.0,50692.0,50688.0,50690.0,50694.0
2248,50690.9,50690.0,50693.0,50684.0,50690.0,50694.0,50694.0,50692.0,50688.0,50690.0,50694.0
2249,50690.9,50690.0,50693.0,50684.0,50690.0,50694.0,50694.0,50692.0,50688.0,50690.0,50694.0
2250,50690.9,50690.0,50693.0,50684.0,50690.0,50694.0,50694.0,50692.0,50688.0,50690.0,50694.0
2251,50690.9,50690.0,50693.0,50684.0,50690.0,50694.0,50694.0,50692.0,50688.0,50690.0,50694.0
2252,50690.9,50690.0,50693.0,50684.0,50690.0,50694.0,50694.0,50692.0,50688.0,50690.0,50694.0
2253,50690.9,50690.0,50693.0,50684.0,50690.0,50694.0,50694.0,50692.0,50688.0,50690.0,50694.0
2254,50690.9,50690.0,50693.0,50684.0,50690.0,50694.0,50694.0,50692.0,50688.0,50690.0,50694.0
2255,50690.9,50690.0,50693.0,50684.0,50690.0,50694.0,50694.0,50692.0,50688.0,50690.0,50694.0
2256,50690.9,50690.0,50693.0,50684.0,50690.0,50694.0,50694.0,50692.0,50688.0,50690.0,50694.0
2257,50690.9,50690.0,50693.0,50684.0,50690.0,50694.0,50694.0,50692.0,50688.0,50690.0,50694.0
2258,50690.9,50690.0,50693.0,50684.0,50690.0,50694.0,50694.0,50692.0,50688.0,50690.0,50694.0
2259,50690.9,50690.0,50693.0,50684.0,50690.0,50694.0,50694.0,50692.0,50688.0,50690.0,50694.0
2260,50690.9,50690.0,50693.0,50684.0,50690.0,50694.0,50694.0,50692.0,50688.0,50690.0,50694.0
2261,50690.9,50690.0,50693.0,50684.0,50690.0,50694.0,50694.0,50692.0,50688.0,50690.0,50694.0
2262,50690.9,50690.0,50693.0,50684.0,50690.0,50694.0,50694.0,50692.0,50688.0,50690.0,50694.0
2263,50690.9,50690.0,50693.0,50684.0,50690.0,50694.0,50694.0,50692.0,50688.0,50690.0,50694.0
2264,50690.9,50690.0,50693.0,50684.0,50690.0,50694.0,50694.0,50692.0,50688.0,50690.0,50694.0
2265,50690.9,50690.0,50693.0,50684.0,50690.0,50694.0,50694.0,50692.0,50688.0,50690.0,50694.0
2266,50690.9,50690.0,50693.0,50684.0,50690.0,50694.0,50694.0,50692.0,50688.0,50690.0,50694.0
2267,50690.9,50690.0,50693.0,50684.0,50690.0,50694.0,50694.0,50692.0,50688.0,50690.0,50694.0
2268,50690.9,50690.0,50693.0,50684.0,50690.0,50694.0,50694.0,50692.0,50688.0,50690.0,50694.0
2269,50690.9,50690.0,50693.0,50684.0,50690.0,50694.0,50694.0,50692.0,50688.0,50690.0,50694.0
2270,50690.9,50690.0,50693.0,50684.0,50690.0,50694.0,50694.0,50692.0,50688.0,50690.0,50694.0
2271,50690.9,50690.0,50693.0,50684.0,50690.0,50694.0,50694.0,50692.0,50688.0,50690.0,50694.0
2272,50690.9,50690.0,50693.0,50684.0,50690.0,50694.0,50694.0,50692.0,50688.0,50690.0,50694.0
2273,50690.9,50690.0,50693.0,50684.0,50690.0,50694.0,50694.0,50692.0,50688.0,50690.0,50694.0
2274,50690.9,50690.0,50693.0,50684.0,50690.0,50694.0,50694.0,50692.0,50688.0,50690.0,50694.0
2275,50690.9,50690.0,50693.0,50684.0,50690.0,50694.0,50694.0,50692.0,50688.0,50690.0,50694.0
2276,50690.9,50690.0,50693.0,50684.0,50690.0,50694.0,50694.0,50692.0,50688.0,50690.0,50694.0
2277,50690.9,50690.0,50693.0,50684.0,50690.0,50694.0,50694.0,50692.0,50688.0,50690.0,50694.0
2278,50690.9,50690.0,50693.0,50684.0,50690.0,50694.0,50694.0,50692.0,50688.0,50690.0,50694.0
2279,50690.9,50690.0,50693.0,50684.0,50690.0,50694.0,50694.0,50692.0,50688.0,50690.0,50694.0
2280,50690.9,50690.0,50693.0,50684.0,50690.0,50694.0,50694.0,50692.0,50688.0,50690.0,50694.0
2281,50690.9,50690.0,50693.0,50684.0,50690.0,50694.0,50694.0,50692.0,50688.0,50690.0,50694.0
2282,50690.9,50690.0,50693.0,50684.0,50690.0,50694.0,50694.0,50692.0,50688.0,50690.0,50694.0
2283,50690.9,50690.0,50693.0,50684.0,50690.0,50694.0,50694.0,50692.0,50688.0,50690.0,50694.0
2284,50690.9,50690.0,50693.0,50684.0,50690.0,50694.0,50694.0,50692.0,50688.0,50690.0,50694.0
2285,50690.9,50690.0,50693.0,50684.0,50690.0,50694.0,50694.0,50692.0,50688.0,50690.0,50694.0
2286,50690.9,50690.0,50693.0,50684.0,50690.0,50694.0,50694.0,50692.0,50688.0,50690.0,50694.0
2287,50690.9,50690.0,50693.0,50684.0,50690.0,50694.0,50694.0,50692.0,50688.0,50690.0,50694.0
2288,50690.9,50690.0,50693.0,50684.0,50690.0,50694.0,50694.0,50692.0,50688.0,50690.0,50694.0
2289,50690.9,50690.0,50693.0,50684.0,50690.0,50694.0,50694.0,50692.0,50688.0,50690.0,50694.0
2290,50690.9,50690.0,50693.0,50684.0,50690.0,50694.0,50694.0,50692.0,50688.0,50690.0,50694.0
2291,50690.9,50690.0,50693.0,50684.0,50690.0,50694.0,50694.0,50692.0,50688.0,50690.0,50694.0
2292,50690.9,50690.0,50693.0,50684.0,50690.0,50694.0,50694.0,50692.0,50688.0,50690.0,50694.0
2293,50690.9,50690.0,50693.0,50684.0,50690.0,50694.0,50694.0,50692.0,50688.0,50690.0,50694.0
2294,50690.9,50690.0,50693.0,50684.0,50690.0,50694.0,50694.0,50692.0,50688.0,50690.0,50694.0
2295,50690.9,50690.0,50693.0,50684.0,50690.0,50694.0,50694.0,50692.0,50688.0,50690.0,50694.0
2296,50690.9,50690.0,50693.0,50684.0,50690.0,50694.0,50694.0,50692.0,50688.0,50690.0,50694.0
2297,50690.9,50690.0,50693.0,50684.0,50690.0,50694.0,50694.0,50692.0,50688.0,50690.0,50694.0
2298,50690.9,50690.0,50693.0,50684.0,50690.0,50694.0,50694.0,50692.0,50688.0,50690.0,50694.0
2299,50690.9,50690.0,50693.0,50684.0,50690.0,50694.0,50694.0,50692.0,50688.0,50690.0,50694.0
2300,50690.9,50690.0,50693.0,50684.0,50690.0,50694.0,50694.0,50692.0,50688.0,50690.0,50694.0
2301,50690.9,50690.0,50693.0,50684.0,50690.0,50694.0,50694.0,50692.0,50688.0,50690.0,50694.0
2302,50690.9,50690.0,50693.0,50684.0,50690.0,50694.0,50694.0,50692.0,50688.0,50690.0,50694.0
2303,50690.9,50690.0,50693.0,50684.0,50690.0,50694.0,50694.0,50692.0,50688.0,50690.0,50694.0
2304,50690.9,50690.0,50693.0,50684.0,50690.0,50694.0,50694.0,50692.0,50688.0,50690.0,50694.0
2305,50690.9,50690.0,50693.0,50684.0,50690.0,50694.0,50694.0,50692.0,50688.0,50690.0,50694.0
2306,50690.9,50690.0,50693.0,50684.0,50690.0,50694.0,50694.0,50692.0,50688.0,50690.0,50694.0
2307,50690.9,50690.0,50693.0,50684.0,50690.0,50694.0,50694.0,50692.0,50688.0,50690.0,50694.0
2308,50690.9,50690.0,50693.0,50684.0,50690.0,50694.0,50694.0,50692.0,50688.0,50690.0,50694.0
2309,50690.9,50690.0,50693.0,50684.0,50690.0,50694.0,50694.0,50692.0,50688.0,50690.0,50694.0
2310,50690.9,50690.0,50693.0,50684.0,50690.0,50694.0,50694.0,50692.0,50688.0,50690.0,50694.0
2311,50690.9,50690.0,50693.0,50684.0,50690.0,50694.0,50694.0,50692.0,50688.0,50690.0,50694.0
2312,50690.9,50690.0,50693.0,50684.0,50690.0,50694.0,50694.0,50692.0,50688.0,50690.0,50694.0
2313,50690.9,50690.0,50693.0,50684.0,50690.0,50694.0,50694.0,50692.0,50688.0,50690.0,50694.0
2314,50690.9,50690.0,50693.0,50684.0,50690.0,50694.0,50694.0,50692.0,50688.0,50690.0,50694.0
2315,50690.9,50690.0,50693.0,50684.0,50690.0,50694.0,50694.0,50692.0,50688.0,50690.0,50694.0
2316,50690.9,50690.0,50693.0,50684.0,50690.0,50694.0,50694.0,50692.0,50688.0,50690.0,50694.0
2317,50690.9,50690.0,50693.0,50684.0,50690.0,50694.0,50694.0,50692.0,50688.0,50690.0,50694.0
2318,50690.9,50690.0,50693.0,50684.0,50690.0,50694.0,50694.0,50692.0,50688.0,50690.0,50694.0
2319,50690.9,50690.0,50693.0,50684.0,50690.0,50694.0,50694.0,50692.0,50688.0,50690.0,50694.0
2320,50690.9,50690.0,50693.0,50684.0,50690.0,50694.0,50694.0,50692.0,50688.0,50690.0,50694.0
2321,50690.9,50690.0,50693.0,50684.0,50690.0,50694.0,50694.0,50692.0,50688.0,50690.0,50694.0
2322,50690.9,50690.0,50693.0,50684.0,50690.0,50694.0,50694.0,50692.0,50688.0,50690.0,50694.0
2323,50690.9,50690.0,50693.0,50684.0,50690.0,50694.0,50694.0,50692.0,50688.0,50690.0,50694.0
2324,50690.9,50690.0,50693.0,50684.0,50690.0,50694.0,50694.0,50692.0,50688.0,50690.0,50694.0
2325,50690.9,50690.0,50693.0,50684.0,50690.0,50694.0,50694.0,50692.0,50688.0,50690.0,50694.0
2326,50690.9,50690.0,50693.0,50684.0,50690.0,50694.0,50694.0,50692.0,50688.0,50690.0,50694.0
2327,50690.9,50690.0,50693.0,50684.0,50690.0,50694.0,50694.0,50692.0,50688.0,50690.0,50694.0
2328,50690.9,50690.0,50693.0,50684.0,50690.0,50694.0,50694.0,50692.0,50688.0,50690.0,50694.0
2329,50690.9,50690.0,50693.0,50684.0,50690.0,50694.0,50694.0,50692.0,50688.0,50690.0,50694.0
2330,50690.9,50690.0,50693.0,50684.0,50690.0,50694.0,50694.0,50692.0,50688.0,50690.0,50694.0
2331,50690.9,50690.0,50693.0,50684.0,50690.0,50694.0,50694.0,50692.0,50688.0,50690.0,50694.0
2332,50690.9,50690.0,50693.0,50684.0,50690.0,50694.0,50694.0,50692.0,50688.0,50690.0,50694.0
2333,50690.9,50690.0,50693.0,50684.0,50690.0,50694.0,50694.0,50692.0,50688.0,50690.0,50694.0
2334,50690.9,50690.0,50693.0,50684.0,50690.0,50694.0,50694.0,50692.0,50688.0,50690.0,50694.0
2335,50690.9,50690.0,50693.0,50684.0,50690.0,50694.0,50694.0,50692.0,50688.0,50690.0,50694.0
2336,50690.9,50690.0,50693.0,50684.0,50690.0,50694.0,50694.0,50692.0,50688.0,50690.0,50694.0
2337,50690.9,50690.0,50693.0,50684.0,50690.0,50694.0,50694.0,50692.0,50688.0,50690.0,50694.0
2338,50690.9,50690.0,50693.0,50684.0,50690.0,50694.0,50694.0,50692.0,50688.0,50690.0,50694.0
2339,50690.9,50690.0,50693.0,50684.0,50690.0,50694.0,50694.0,50692.0,50688.0,50690.0,50694.0
2340,50690.9,50690.0,50693.0,50684.0,50690.0,50694.0,50694.0,50692.0,50688.0,50690.0,50694.0
2341,50690.9,50690.0,50693.0,50684.0,50690.0,50694.0,50694.0,50692.0,50688.0,50690.0,50694.0
2342,50690.9,50690.0,50693.0,50684.0,50690.0,50694.0,50694.0,50692.0,50688.0,50690.0,50694.0
2343,50690.9,50690.0,50693.0,50684.0,50690.0,50694.0,50694.0,50692.0,50688.0,50690.0,50694.0
2344,50690.9,50690.0,50693.0,50684.0,50690.0,50694.0,50694.0,50692.0,50688.0,50690.0,50694.0
2345,50690.9,50690.0,50693.0,50684.0,50690.0,50694.0,50694.0,50692.0,50688.0,50690.0,50694.0
2346,50690.9,50690.0,50693.0,50684.0,50690.0,50694.0,50694.0,50692.0,50688.0,50690.0,50694.0
2347,50690.9,50690.0,50693.0,50684.0,50690.0,50694.0,50694.0,50692.0,50688.0,50690.0,50694.0
2348,50690.9,50690.0,50693.0,50684.0,50690.0,50694.0,50694.0,50692.0,50688.0,50690.0,50694.0
2349,50690.9,50690.0,50693.0,50684.0,50690.0,50694.0,50694.0,50692.0,50688.0,50690.0,50694.0
2350,50690.9,50690.0,50693.0,50684.0,50690.0,50694.0,50694.0,50692.0,50688.0,50690.0,50694.0
2351,50690.9,50690.0,50693.0,50684.0,50690.0,50694.0,50694.0,50692.0,50688.0,50690.0,50694.0
2352,50690.9,50690.0,50693.0,50684.0,50690.0,50694.0,50694.0,50692.0,50688.0,50690.0,50694.0
2353,50690.9,50690.0,50693.0,50684.0,50690.0,50694.0,50694.0,50692.0,50688.0,50690.0,50694.0
2354,50690.9,50690.0,50693.0,50684.0,50690.0,50694.0,50694.0,50692.0,50688.0,50690.0,50694.0
2355,50690.9,50690.0,50693.0,50684.0,50690.0,50694.0,50694.0,50692.0,50688.0,50690.0,50694.0
2356,50690.9,50690.0,50693.0,50684.0,50690.0,50694.0,50694.0,50692.0,50688.0,50690.0,50694.0
2357,50690.9,50690.0,50693.0,50684.0,50690.0,50694.0,50694.0,50692.0,50688.0,50690.0,50694.0
2358,50690.9,50690.0,50693.0,50684.0,50690.0,50694.0,50694.0,50692.0,50688.0,50690.0,50694.0
2359,50690.9,50690.0,50693.0,50684.0,50690.0,50694.0,50694.0,50692.0,50688.0,50690.0,50694.0
2360,50690.9,50690.0,50693.0,50684.0,50690.0,50694.0,50694.0,50692.0,50688.0,50690.0,50694.0
2361,50690.9,50690.0,50693.0,50684.0,50690.0,50694.0,50694.0,50692.0,50688.0,50690.0,50694.0
2362,50690.9,50690.0,50693.0,50684.0,50690.0,50694.0,50694.0,50692.0,50688.0,50690.0,50694.0
2363,50690.9,50690.0,50693.0,50684.0,50690.0,50694.0,50694.0,50692.0,50688.0,50690.0,50694.0
2364,50690.9,50690.0,50693.0,50684.0,50690.0,50694.0,50694.0,50692.0,50688.0,50690.0,50694.0
2365,50690.9,50690.0,50693.0,50684.0,50690.0,50694.0,50694.0,50692.0,50688.0,50690.0,50694.0
2366,50690.9,50690.0,50693.0,50684.0,50690.0,50694.0,50694.0,50692.0,50688.0,50690.0,50694.0
2367,50690.9,50690.0,50693.0,50684.0,50690.0,50694.0,50694.0,50692.0,50688.0,50690.0,50694.0
2368,50690.9,50690.0,50693.0,50684.0,50690.0,50694.0,50694.0,50692.0,50688.0,50690.0,50694.0
2369,50690.9,50690.0,50693.0,50684.0,50690.0,50694.0,50694.0,50692.0,50688.0,50690.0,50694.0
2370,50690.9,50690.0,50693.0,50684.0,50690.0,50694.0,50694.0,50692.0,50688.0,50690.0,50694.0
2371,50690.9,50690.0,50693.0,50684.0,50690.0,50694.0,50694.0,50692.0,50688.0,50690.0,50694.0
2372,50690.9,50690.0,50693.0,50684.0,50690.0,50694.0,50694.0,50692.0,50688.0,50690.0,50694.0
2373,50690.9,50690.0,50693.0,50684.0,50690.0,50694.0,50694.0,50692.0,50688.0,50690.0,50694.0
2374,50690.9,50690.0,50693.0,50684.0,50690.0,50694.0,50694.0,50692.0,50688.0,50690.0,50694.0
2375,50690.9,50690.0,50693.0,50684.0,50690.0,50694.0,50694.0,50692.0,50688.0,50690.0,50694.0
2376,50690.9,50690.0,50693.0,50684.0,50690.0,50694.0,50694.0,50692.0,50688.0,50690.0,50694.0
2377,50690.9,50690.0,50693.0,50684.0,50690.0,50694.0,50694.0,50692.0,50688.0,50690.0,50694.0
2378,50690.9,50690.0,50693.0,50684.0,50690.0,50694.0,50694.0,50692.0,50688.0,50690.0,50694.0
2379,50690.9,50690.0,50693.0,50684.0,50690.0,50694.0,50694.0,50692.0,50688.0,50690.0,50694.0
2380,50690.9,50690.0,50693.0,50684.0,50690.0,50694.0,50694.0,50692.0,50688.0,50690.0,50694.0
2381,50690.9,50690.0,50693.0,50684.0,50690.0,50694.0,50694.0,50692.0,50688.0,50690.0,50694.0
2382,50690.9,50690.0,50693.0,50684.0,50690.0,50694.0,50694.0,50692.0,50688.0,50690.0,50694.0
2383,50690.9,50690.0,50693.0,50684.0,50690.0,50694.0,50694.0,50692.0,50688.0,50690.0,50694.0
2384,50690.9,50690.0,50693.0,50684.0,50690.0,50694.0,50694.0,50692.0,50688.0,50690.0,50694.0
2385,50690.9,50690.0,50693.0,50684.0,50690.0,50694.0,50694.0,50692.0,50688.0,50690.0,50694.0
2386,50690.9,50690.0,50693.0,50684.0,50690.0,50694.0,50694.0,50692.0,50688.0,50690.0,50694.0
2387,50690.9,50690.0,50693.0,50684.0,50690.0,50694.0,50694.0,50692.0,50688.0,50690.0,50694.0
2388,50690.9,50690.0,50693.0,50684.0,50690.0,50694.0,50694.0,50692.0,50688.0,50690.0,50694.0
2389,50690.9,50690.0,50693.0,50684.0,50690.0,50694.0,50694.0,50692.0,50688.0,50690.0,50694.0
2390,50690.9,50690.0,50693.0,50684.0,50690.0,50694.0,50694.0,50692.0,50688.0,50690.0,50694.0
2391,50690.9,50690.0,50693.0,50684.0,50690.0,50694.0,50694.0,50692.0,50688.0,50690.0,50694.0
2392,50690.9,50690.0,50693.0,50684.0,50690.0,50694.0,50694.0,50692.0,50688.0,50690.0,50694.0
2393,50690.9,50690.0,50693.0,50684.0,50690.0,50694.0,50694.0,50692.0,50688.0,50690.0,50694.0
2394,50690.9,50690.0,50693.0,50684.0,50690.0,50694.0,50694.0,50692.0,50688.0,50690.0,50694.0
2395,50690.9,50690.0,50693.0,50684.0,50690.0,50694.0,50694.0,50692.0,50688.0,50690.0,50694.0
2396,50690.9,50690.0,50693.0,50684.0,50690.0,50694.0,50694.0,50692.0,50688.0,50690.0,50694.0
2397,50690.9,50690.0,50693.0,50684.0,50690.0,50694.0,50694.0,50692.0,50688.0,50690.0,50694.0
2398,50690.9,50690.0,50693.0,50684.0,50690.0,50694.0,50694.0,50692.0,50688.0,50690.0,50694.0
2399,50690.9,50690.0,50693.0,50684.0,50690.0,50694.0,50694.0,50692.0,50688.0,50690.0,50694.0
2400,50690.9,50690.0,50693.0,50684.0,50690.0,50694.0,50694.0,50692.0,50688.0,50690.0,50694.0
2401,50690.9,50690.0,50693.0,50684.0,50690.0,50694.0,50694.0,50692.0,50688.0,50690.0,50694.0
2402,50690.9,50690.0,50693.0,50684.0,50690.0,50694.0,50694.0,50692.0,50688.0,50690.0,50694.0
2403,50690.9,50690.0,50693.0,50684.0,50690.0,50694.0,50694.0,50692.0,50688.0,50690.0,50694.0
2404,50690.9,50690.0,50693.0,50684.0,50690.0,50694.0,50694.0,50692.0,50688.0,50690.0,50694.0
2405,50690.9,50690.0,50693.0,50684.0,50690.0,50694.0,50694.0,50692.0,50688.0,50690.0,50694.0
2406,50690.9,50690.0,50693.0,50684.0,50690.0,50694.0,50694.0,50692.0,50688.0,50690.0,50694.0
2407,50690.9,50690.0,50693.0,50684.0,50690.0,50694.0,50694.0,50692.0,50688.0,50690.0,50694.0
2408,50690.9,50690.0,50693.0,50684.0,50690.0,50694.0,50694.0,50692.0,50688.0,50690.0,50694.0
2409,50690.9,50690.0,50693.0,50684.0,50690.0,50694.0,50694.0,50692.0,50688.0,50690.0,50694.0
2410,50690.9,50690.0,50693.0,50684.0,50690.0,50694.0,50694.0,50692.0,50688.0,50690.0,50694.0
2411,50690.9,50690.0,50693.0,50684.0,50690.0,50694.0,50694.0,50692.0,50688.0,50690.0,50694.0
2412,50690.9,50690.0,50693.0,50684.0,50690.0,50694.0,50694.0,50692.0,50688.0,50690.0,50694.0
2413,50690.9,50690.0,50693.0,50684.0,50690.0,50694.0,50694.0,50692.0,50688.0,50690.0,50694.0
2414,50690.9,50690.0,50693.0,50684.0,50690.0,50694.0,50694.0,50692.0,50688.0,50690.0,50694.0
2415,50690.9,50690.0,50693.0,50684.0,50690.0,50694.0,50694.0,50692.0,50688.0,50690.0,50694.0
2416,50690.9,50690.0,50693.0,50684.0,50690.0,50694.0,50694.0,50692.0,50688.0,50690.0,50694.0
2417,50690.9,50690.0,50693.0,50684.0,50690.0,50694.0,50694.0,50692.0,50688.0,50690.0,50694.0
2418,50690.9,50690.0,50693.0,50684.0,50690.0,50694.0,50694.0,50692.0,50688.0,50690.0,50694.0
2419,50690.9,50690.0,50693.0,50684.0,50690.0,50694.0,50694.0,50692.0,50688.0,50690.0,50694.0
2420,50690.9,50690.0,50693.0,50684.0,50690.0,50694.0,50694.0,50692.0,50688.0,50690.0,50694.0
2421,50690.9,50690.0,50693.0,50684.0,50690.0,50694.0,50694.0,50692.0,50688.0,50690.0,50694.0
2422,50690.9,50690.0,50693.0,50684.0,50690.0,50694.0,50694.0,50692.0,50688.0,50690.0,50694.0
2423,50690.9,50690.0,50693.0,50684.0,50690.0,50694.0,50694.0,50692.0,50688.0,50690.0,50694.0
2424,50690.9,50690.0,50693.0,50684.0,50690.0,50694.0,50694.0,50692.0,50688.0,50690.0,50694.0
2425,50690.9,50690.0,50693.0,50684.0,50690.0,50694.0,50694.0,50692.0,50688.0,50690.0,50694.0
2426,50690.9,50690.0,50693.0,50684.0,50690.0,50694.0,50694.0,50692.0,50688.0,50690.0,50694.0
2427,50690.9,50690.0,50693.0,50684.0,50690.0,50694.0,50694.0,50692.0,50688.0,50690.0,50694.0
2428,50690.9,50690.0,50693.0,50684.0,50690.0,50694.0,50694.0,50692.0,50688.0,50690.0,50694.0
2429,50690.9,50690.0,50693.0,50684.0,50690.0,50694.0,50694.0,50692.0,50688.0,50690.0,50694.0
2430,50690.9,50690.0,50693.0,50684.0,50690.0,50694.0,50694.0,50692.0,50688.0,50690.0,50694.0
2431,50690.9,50690.0,50693.0,50684.0,50690.0,50694.0,50694.0,50692.0,50688.0,50690.0,50694.0
2432,50690.9,50690.0,50693.0,50684.0,50690.0,50694.0,50694.0,50692.0,50688.0,50690.0,50694.0
2433,50690.9,50690.0,50693.0,50684.0,50690.0,50694.0,50694.0,50692.0,50688.0,50690.0,50694.0
2434,50690.9,50690.0,50693.0,50684.0,50690.0,50694.0,50694.0,50692.0,50688.0,50690.0,50694.0
2435,50690.9,50690.0,50693.0,50684.0,50690.0,50694.0,50694.0,50692.0,50688.0,50690.0,50694.0
2436,50690.9,50690.0,50693.0,50684.0,50690.0,50694.0,50694.0,50692.0,50688.0,50690.0,50694.0
2437,50690.9,50690.0,50693.0,50684.0,50690.0,50694.0,50694.0,50692.0,50688.0,50690.0,50694.0
2438,50690.9,50690.0,50693.0,50684.0,50690.0,50694.0,50694.0,50692.0,50688.0,50690.0,50694.0
2439,50690.9,50690.0,50693.0,50684.0,50690.0,50694.0,50694.0,50692.0,50688.0,50690.0,50694.0
2440,50690.9,50690.0,50693.0,50684.0,50690.0,50694.0,50694.0,50692.0,50688.0,50690.0,50694.0
2441,50690.9,50690.0,50693.0,50684.0,50690.0,50694.0,50694.0,50692.0,50688.0,50690.0,50694.0
2442,50690.9,50690.0,50693.0,50684.0,50690.0,50694.0,50694.0,50692.0,50688.0,50690.0,50694.0
2443,50690.9,50690.0,50693.0,50684.0,50690.0,50694.0,50694.0,50692.0,50688.0,50690.0,50694.0
2444,50690.9,50690.0,50693.0,50684.0,50690.0,50694.0,50694.0,50692.0,50688.0,50690.0,50694.0
2445,50690.9,50690.0,50693.0,50684.0,50690.0,50694.0,50694.0,50692.0,50688.0,50690.0,50694.0
2446,50690.9,50690.0,50693.0,50684.0,50690.0,50694.0,50694.0,50692.0,50688.0,50690.0,50694.0
2447,50690.9,50690.0,50693.0,50684.0,50690.0,50694.0,50694.0,50692.0,50688.0,50690.0,50694.0
2448,50690.9,50690.0,50693.0,50684.0,50690.0,50694.0,50694.0,50692.0,50688.0,50690.0,50694.0
2449,50690.9,50690.0,50693.0,50684.0,50690.0,50694.0,50694.0,50692.0,50688.0,50690.0,50694.0
2450,50690.9,50690.0,50693.0,50684.0,50690.0,50694.0,50694.0,50692.0,50688.0,50690.0,50694.0
2451,50690.9,50690.0,50693.0,50684.0,50690.0,50694.0,50694.0,50692.0,50688.0,50690.0,50694.0
2452,50690.9,50690.0,50693.0,50684.0,50690.0,50694.0,50694.0,50692.0,50688.0,50690.0,50694.0
2453,50690.9,50690.0,50693.0,50684.0,50690.0,50694.0,50694.0,50692.0,50688.0,50690.0,50694.0
2454,50690.9,50690.0,50693.0,50684.0,50690.0,50694.0,50694.0,50692.0,50688.0,50690.0,50694.0
2455,50690.9,50690.0,50693.0,50684.0,50690.0,50694.0,50694.0,50692.0,50688.0,50690.0,50694.0
2456,50690.9,50690.0,50693.0,50684.0,50690.0,50694.0,50694.0,50692.0,50688.0,50690.0,50694.0
2457,50690.9,50690.0,50693.0,50684.0,50690.0,50694.0,50694.0,50692.0,50688.0,50690.0,50694.0
2458,50690.9,50690.0,50693.0,50684.0,50690.0,50694.0,50694.0,50692.0,50688.0,50690.0,50694.0
2459,50690.9,50690.0,50693.0,50684.0,50690.0,50694.0,50694.0,50692.0,50688.0,50690.0,50694.0
2460,50690.9,50690.0,50693.0,50684.0,50690.0,50694.0,50694.0,50692.0,50688.0,50690.0,50694.0
2461,50690.9,50690.0,50693.0,50684.0,50690.0,50694.0,50694.0,50692.0,50688.0,50690.0,50694.0
2462,50690.9,50690.0,50693.0,50684.0,50690.0,50694.0,50694.0,50692.0,50688.0,50690.0,50694.0
2463,50690.9,50690.0,50693.0,50684.0,50690.0,50694.0,50694.0,50692.0,50688.0,50690.0,50694.0
2464,50690.9,50690.0,50693.0,50684.0,50690.0,50694.0,50694.0,50692.0,50688.0,50690.0,50694.0
2465,50690.9,50690.0,50693.0,50684.0,50690.0,50694.0,50694.0,50692.0,50688.0,50690.0,50694.0
2466,50690.9,50690.0,50693.0,50684.0,50690.0,50694.0,50694.0,50692.0,50688.0,50690.0,50694.0
2467,50690.9,50690.0,50693.0,50684.0,50690.0,50694.0,50694.0,50692.0,50688.0,50690.0,50694.0
2468,50690.9,50690.0,50693.0,50684.0,50690.0,50694.0,50694.0,50692.0,50688.0,50690.0,50694.0
2469,50690.9,50690.0,50693.0,50684.0,50690.0,50694.0,50694.0,50692.0,50688.0,50690.0,50694.0
2470,50690.9,50690.0,50693.0,50684.0,50690.0,50694.0,50694.0,50692.0,50688.0,50690.0,50694.0
2471,50690.9,50690.0,50693.0,50684.0,50690.0,50694.0,50694.0,50692.0,50688.0,50690.0,50694.0
2472,50690.9,50690.0,50693.0,50684.0,50690.0,50694.0,50694.0,50692.0,50688.0,50690.0,50694.0
2473,50690.9,50690.0,50693.0,50684.0,50690.0,50694.0,50694.0,50692.0,50688.0,50690.0,50694.0
2474,50690.9,50690.0,50693.0,50684.0,50690.0,50694.0,50694.0,50692.0,50688.0,50690.0,50694.0
2475,50690.9,50690.0,50693.0,50684.0,50690.0,50694.0,50694.0,50692.0,50688.0,50690.0,50694.0
2476,50690.9,50690.0,50693.0,50684.0,50690.0,50694.0,50694.0,50692.0,50688.0,50690.0,50694.0
2477,50690.9,50690.0,50693.0,50684.0,50690.0,50694.0,50694.0,50692.0,50688.0,50690.0,50694.0
2478,50690.9,50690.0,50693.0,50684.0,50690.0,50694.0,50694.0,50692.0,50688.0,50690.0,50694.0
2479,50690.9,50690.0,50693.0,50684.0,50690.0,50694.0,50694.0,50692.0,50688.0,50690.0,50694.0
2480,50690.9,50690.0,50693.0,50684.0,50690.0,50694.0,50694.0,50692.0,50688.0,50690.0,50694.0
2481,50690.9,50690.0,50693.0,50684.0,50690.0,50694.0,50694.0,50692.0,50688.0,50690.0,50694.0
2482,50690.9,50690.0,50693.0,50684.0,50690.0,50694.0,50694.0,50692.0,50688.0,50690.0,50694.0
2483,50690.9,50690.0,50693.0,50684.0,50690.0,50694.0,50694.0,50692.0,50688.0,50690.0,50694.0
2484,50690.9,50690.0,50693.0,50684.0,50690.0,50694.0,50694.0,50692.0,50688.0,50690.0,50694.0
2485,50690.9,50690.0,50693.0,50684.0,50690.0,50694.0,50694.0,50692.0,50688.0,50690.0,50694.0
2486,50690.9,50690.0,50693.0,50684.0,50690.0,50694.0,50694.0,50692.0,50688.0,50690.0,50694.0
2487,50690.9,50690.0,50693.0,50684.0,50690.0,50694.0,50694.0,50692.0,50688.0,50690.0,50694.0
2488,50690.9,50690.0,50693.0,50684.0,50690.0,50694.0,50694.0,50692.0,50688.0,50690.0,50694.0
2489,50690.9,50690.0,50693.0,50684.0,50690.0,50694.0,50694.0,50692.0,50688.0,50690.0,50694.0
2490,50690.9,50690.0,50693.0,50684.0,50690.0,50694.0,50694.0,50692.0,50688.0,50690.0,50694.0
2491,50690.9,50690.0,50693.0,50684.0,50690.0,50694.0,50694.0,50692.0,50688.0,50690.0,50694.0
2492,50690.9,50690.0,50693.0,50684.0,50690.0,50694.0,50694.0,50692.0,50688.0,50690.0,50694.0
2493,50690.9,50690.0,50693.0,50684.0,50690.0,50694.0,50694.0,50692.0,50688.0,50690.0,50694.0
2494,50690.9,50690.0,50693.0,50684.0,50690.0,50694.0,50694.0,50692.0,50688.0,50690.0,50694.0
2495,50690.9,50690.0,50693.0,50684.0,50690.0,50694.0,50694.0,50692.0,50688.0,50690.0,50694.0
2496,50690.9,50690.0,50693.0,50684.0,50690.0,50694.0,50694.0,50692.0,50688.0,50690.0,50694.0
2497,50690.9,50690.0,50693.0,50684.0,50690.0,50694.0,50694.0,50692.0,50688.0,50690.0,50694.0
2498,50690.9,50690.0,50693.0,50684.0,50690.0,50694.0,50694.0,50692.0,50688.0,50690.0,50694.0
2499,50690.9,50690.0,50693.0,50684.0,50690.0,50694.0,50694.0,50692.0,50688.0,50690.0,50694.0
2500,50690.9,50690.0,50693.0,50684.0,50690.0,50694.0,50694.0,50692.0,50688.0,50690.0,50694.0
2501,50690.9,50690.0,50693.0,50684.0,50690.0,50694.0,50694.0,50692.0,50688.0,50690.0,50694.0
2502,50690.9,50690.0,50693.0,50684.0,50690.0,50694.0,50694.0,50692.0,50688.0,50690.0,50694.0
2503,50690.9,50690.0,50693.0,50684.0,50690.0,50694.0,50694.0,50692.0,50688.0,50690.0,50694.0
2504,50690.9,50690.0,50693.0,50684.0,50690.0,50694.0,50694.0,50692.0,50688.0,50690.0,50694.0
2505,50690.9,50690.0,50693.0,50684.0,50690.0,50694.0,50694.0,50692.0,50688.0,50690.0,50694.0
2506,50690.9,50690.0,50693.0,50684.0,50690.0,50694.0,50694.0,50692.0,50688.0,50690.0,50694.0
2507,50690.9,50690.0,50693.0,50684.0,50690.0,50694.0,50694.0,50692.0,50688.0,50690.0,50694.0
2508,50690.9,50690.0,50693.0,50684.0,50690.0,50694.0,50694.0,50692.0,50688.0,50690.0,50694.0
2509,50690.9,50690.0,50693.0,50684.0,50690.0,50694.0,50694.0,50692.0,50688.0,50690.0,50694.0
2510,50690.9,50690.0,50693.0,50684.0,50690.0,50694.0,50694.0,50692.0,50688.0,50690.0,50694.0
2511,50690.9,50690.0,50693.0,50684.0,50690.0,50694.0,50694.0,50692.0,50688.0,50690.0,50694.0
2512,50690.9,50690.0,50693.0,50684.0,50690.0,50694.0,50694.0,50692.0,50688.0,50690.0,50694.0
2513,50690.9,50690.0,50693.0,50684.0,50690.0,50694.0,50694.0,50692.0,50688.0,50690.0,50694.0
2514,50690.9,50690.0,50693.0,50684.0,50690.0,50694.0,50694.0,50692.0,50688.0,50690.0,50694.0
2515,50690.9,50690.0,50693.0,50684.0,50690.0,50694.0,50694.0,50692.0,50688.0,50690.0,50694.0
2516,50690.9,50690.0,50693.0,50684.0,50690.0,50694.0,50694.0,50692.0,50688.0,50690.0,50694.0
2517,50690.9,50690.0,50693.0,50684.0,50690.0,50694.0,50694.0,50692.0,50688.0,50690.0,50694.0
2518,50690.9,50690.0,50693.0,50684.0,50690.0,50694.0,50694.0,50692.0,50688.0,50690.0,50694.0
2519,50690.9,50690.0,50693.0,50684.0,50690.0,50694.0,50694.0,50692.0,50688.0,50690.0,50694.0
2520,50690.9,50690.0,50693.0,50684.0,50690.0,50694.0,50694.0,50692.0,50688.0,50690.0,50694.0
2521,50690.9,50690.0,50693.0,50684.0,50690.0,50694.0,50694.0,50692.0,50688.0,50690.0,50694.0
2522,50690.9,50690.0,50693.0,50684.0,50690.0,50694.0,50694.0,50692.0,50688.0,50690.0,50694.0
2523,50690.9,50690.0,50693.0,50684.0,50690.0,50694.0,50694.0,50692.0,50688.0,50690.0,50694.0
2524,50690.9,50690.0,50693.0,50684.0,50690.0,50694.0,50694.0,50692.0,50688.0,50690.0,50694.0
2525,50690.9,50690.0,50693.0,50684.0,50690.0,50694.0,50694.0,50692.0,50688.0,50690.0,50694.0
2526,50690.9,50690.0,50693.0,50684.0,50690.0,50694.0,50694.0,50692.0,50688.0,50690.0,50694.0
2527,50690.9,50690.0,50693.0,50684.0,50690.0,50694.0,50694.0,50692.0,50688.0,50690.0,50694.0
2528,50690.9,50690.0,50693.0,50684.0,50690.0,50694.0,50694.0,50692.0,50688.0,50690.0,50694.0
2529,50690.9,50690.0,50693.0,50684.0,50690.0,50694.0,50694.0,50692.0,50688.0,50690.0,50694.0
2530,50690.9,50690.0,50693.0,50684.0,50690.0,50694.0,50694.0,50692.0,50688.0,50690.0,50694.0
2531,50690.9,50690.0,50693.0,50684.0,50690.0,50694.0,50694.0,50692.0,50688.0,50690.0,50694.0
2532,50690.9,50690.0,50693.0,50684.0,50690.0,50694.0,50694.0,50692.0,50688.0,50690.0,50694.0
2533,50690.9,50690.0,50693.0,50684.0,50690.0,50694.0,50694.0,50692.0,50688.0,50690.0,50694.0
2534,50690.9,50690.0,50693.0,50684.0,50690.0,50694.0,50694.0,50692.0,50688.0,50690.0,50694.0
2535,50690.9,50690.0,50693.0,50684.0,50690.0,50694.0,50694.0,50692.0,50688.0,50690.0,50694.0
2536,50690.9,50690.0,50693.0,50684.0,50690.0,50694.0,50694.0,50692.0,50688.0,50690.0,50694.0
2537,50690.9,50690.0,50693.0,50684.0,50690.0,50694.0,50694.0,50692.0,50688.0,50690.0,50694.0
2538,50690.9,50690.0,50693.0,50684.0,50690.0,50694.0,50694.0,50692.0,50688.0,50690.0,50694.0
2539,50690.9,50690.0,50693.0,50684.0,50690.0,50694.0,50694.0,50692.0,50688.0,50690.0,50694.0
2540,50690.9,50690.0,50693.0,50684.0,50690.0,50694.0,50694.0,50692.0,50688.0,50690.0,50694.0
2541,50690.9,50690.0,50693.0,50684.0,50690.0,50694.0,50694.0,50692.0,50688.0,50690.0,50694.0
2542,50690.9,50690.0,50693.0,50684.0,50690.0,50694.0,50694.0,50692.0,50688.0,50690.0,50694.0
2543,50690.9,50690.0,50693.0,50684.0,50690.0,50694.0,50694.0,50692.0,50688.0,50690.0,50694.0
2544,50690.9,50690.0,50693.0,50684.0,50690.0,50694.0,50694.0,50692.0,50688.0,50690.0,50694.0
2545,50690.9,50690.0,50693.0,50684.0,50690.0,50694.0,50694.0,50692.0,50688.0,50690.0,50694.0
2546,50690.9,50690.0,50693.0,50684.0,50690.0,50694.0,50694.0,50692.0,50688.0,50690.0,50694.0
2547,50690.9,50690.0,50693.0,50684.0,50690.0,50694.0,50694.0,50692.0,50688.0,50690.0,50694.0
2548,50690.9,50690.0,50693.0,50684.0,50690.0,50694.0,50694.0,50692.0,50688.0,50690.0,50694.0
2549,50690.9,50690.0,50693.0,50684.0,50690.0,50694.0,50694.0,50692.0,50688.0,50690.0,50694.0
2550,50690.9,50690.0,50693.0,50684.0,50690.0,50694.0,50694.0,50692.0,50688.0,50690.0,50694.0
2551,50690.9,50690.0,50693.0,50684.0,50690.0,50694.0,50694.0,50692.0,50688.0,50690.0,50694.0
2552,50690.9,50690.0,50693.0,50684.0,50690.0,50694.0,50694.0,50692.0,50688.0,50690.0,50694.0
2553,50690.9,50690.0,50693.0,50684.0,50690.0,50694.0,50694.0,50692.0,50688.0,50690.0,50694.0
2554,50690.9,50690.0,50693.0,50684.0,50690.0,50694.0,50694.0,50692.0,50688.0,50690.0,50694.0
2555,50690.9,50690.0,50693.0,50684.0,50690.0,50694.0,50694.0,50692.0,50688.0,50690.0,50694.0
2556,50690.9,50690.0,50693.0,50684.0,50690.0,50694.0,50694.0,50692.0,50688.0,50690.0,50694.0
2557,50690.9,50690.0,50693.0,50684.0,50690.0,50694.0,50694.0,50692.0,50688.0,50690.0,50694.0
2558,50690.9,50690.0,50693.0,50684.0,50690.0,50694.0,50694.0,50692.0,50688.0,50690.0,50694.0
2559,50690.9,50690.0,50693.0,50684.0,50690.0,50694.0,50694.0,50692.0,50688.0,50690.0,50694.0
2560,50690.9,50690.0,50693.0,50684.0,50690.0,50694.0,50694.0,50692.0,50688.0,50690.0,50694.0
2561,50690.9,50690.0,50693.0,50684.0,50690.0,50694.0,50694.0,50692.0,50688.0,50690.0,50694.0
2562,50690.9,50690.0,50693.0,50684.0,50690.0,50694.0,50694.0,50692.0,50688.0,50690.0,50694.0
2563,50690.9,50690.0,50693.0,50684.0,50690.0,50694.0,50694.0,50692.0,50688.0,50690.0,50694.0
2564,50690.9,50690.0,50693.0,50684.0,50690.0,50694.0,50694.0,50692.0,50688.0,50690.0,50694.0
2565,50690.9,50690.0,50693.0,50684.0,50690.0,50694.0,50694.0,50692.0,50688.0,50690.0,50694.0
2566,50690.9,50690.0,50693.0,50684.0,50690.0,50694.0,50694.0,50692.0,50688.0,50690.0,50694.0
2567,50690.9,50690.0,50693.0,50684.0,50690.0,50694.0,50694.0,50692.0,50688.0,50690.0,50694.0
2568,50690.9,50690.0,50693.0,50684.0,50690.0,50694.0,50694.0,50692.0,50688.0,50690.0,50694.0
2569,50690.9,50690.0,50693.0,50684.0,50690.0,50694.0,50694.0,50692.0,50688.0,50690.0,50694.0
2570,50690.9,50690.0,50693.0,50684.0,50690.0,50694.0,50694.0,50692.0,50688.0,50690.0,50694.0
2571,50690.9,50690.0,50693.0,50684.0,50690.0,50694.0,50694.0,50692.0,50688.0,50690.0,50694.0
2572,50690.9,50690.0,50693.0,50684.0,50690.0,50694.0,50694.0,50692.0,50688.0,50690.0,50694.0
2573,50690.9,50690.0,50693.0,50684.0,50690.0,50694.0,50694.0,50692.0,50688.0,50690.0,50694.0
2574,50690.9,50690.0,50693.0,50684.0,50690.0,50694.0,50694.0,50692.0,50688.0,50690.0,50694.0
2575,50690.9,50690.0,50693.0,50684.0,50690.0,50694.0,50694.0,50692.0,50688.0,50690.0,50694.0
2576,50690.9,50690.0,50693.0,50684.0,50690.0,50694.0,50694.0,50692.0,50688.0,50690.0,50694.0
2577,50690.9,50690.0,50693.0,50684.0,50690.0,50694.0,50694.0,50692.0,50688.0,50690.0,50694.0
2578,50690.9,50690.0,50693.0,50684.0,50690.0,50694.0,50694.0,50692.0,50688.0,50690.0,50694.0
2579,50690.9,50690.0,50693.0,50684.0,50690.0,50694.0,50694.0,50692.0,50688.0,50690.0,50694.0
2580,50690.9,50690.0,50693.0,50684.0,50690.0,50694.0,50694.0,50692.0,50688.0,50690.0,50694.0
2581,50690.9,50690.0,50693.0,50684.0,50690.0,50694.0,50694.0,50692.0,50688.0,50690.0,50694.0
2582,50690.9,50690.0,50693.0,50684.0,50690.0,50694.0,50694.0,50692.0,50688.0,50690.0,50694.0
2583,50690.9,50690.0,50693.0,50684.0,50690.0,50694.0,50694.0,50692.0,50688.0,50690.0,50694.0
2584,50690.9,50690.0,50693.0,50684.0,50690.0,50694.0,50694.0,50692.0,50688.0,50690.0,50694.0
2585,50690.9,50690.0,50693.0,50684.0,50690.0,50694.0,50694.0,50692.0,50688.0,50690.0,50694.0
2586,50690.9,50690.0,50693.0,50684.0,50690.0,50694.0,50694.0,50692.0,50688.0,50690.0,50694.0
2587,50690.9,50690.0,50693.0,50684.0,50690.0,50694.0,50694.0,50692.0,50688.0,50690.0,50694.0
2588,50690.9,50690.0,50693.0,50684.0,50690.0,50694.0,50694.0,50692.0,50688.0,50690.0,50694.0
2589,50690.9,50690.0,50693.0,50684.0,50690.0,50694.0,50694.0,50692.0,50688.0,50690.0,50694.0
2590,50690.9,50690.0,50693.0,50684.0,50690.0,50694.0,50694.0,50692.0,50688.0,50690.0,50694.0
2591,50690.9,50690.0,50693.0,50684.0,50690.0,50694.0,50694.0,50692.0,50688.0,50690.0,50694.0
2592,50690.9,50690.0,50693.0,50684.0,50690.0,50694.0,50694.0,50692.0,50688.0,50690.0,50694.0
2593,50690.9,50690.0,50693.0,50684.0,50690.0,50694.0,50694.0,50692.0,50688.0,50690.0,50694.0
2594,50690.9,50690.0,50693.0,50684.0,50690.0,50694.0,50694.0,50692.0,50688.0,50690.0,50694.0
2595,50690.9,50690.0,50693.0,50684.0,50690.0,50694.0,50694.0,50692.0,50688.0,50690.0,50694.0
2596,50690.9,50690.0,50693.0,50684.0,50690.0,50694.0,50694.0,50692.0,50688.0,50690.0,50694.0
2597,50690.9,50690.0,50693.0,50684.0,50690.0,50694.0,50694.0,50692.0,50688.0,50690.0,50694.0
2598,50690.9,50690.0,50693.0,50684.0,50690.0,50694.0,50694.0,50692.0,50688.0,50690.0,50694.0
2599,50690.9,50690.0,50693.0,50684.0,50690.0,50694.0,50694.0,50692.0,50688.0,50690.0,50694.0
2600,50690.9,50690.0,50693.0,50684.0,50690.0,50694.0,50694.0,50692.0,50688.0,50690.0,50694.0
2601,50690.9,50690.0,50693.0,50684.0,50690.0,50694.0,50694.0,50692.0,50688.0,50690.0,50694.0
2602,50690.9,50690.0,50693.0,50684.0,50690.0,50694.0,50694.0,50692.0,50688.0,50690.0,50694.0
2603,50690.9,50690.0,50693.0,50684.0,50690.0,50694.0,50694.0,50692.0,50688.0,50690.0,50694.0
2604,50690.9,50690.0,50693.0,50684.0,50690.0,50694.0,50694.0,50692.0,50688.0,50690.0,50694.0
2605,50690.9,50690.0,50693.0,50684.0,50690.0,50694.0,50694.0,50692.0,50688.0,50690.0,50694.0
2606,50690.9,50690.0,50693.0,50684.0,50690.0,50694.0,50694.0,50692.0,50688.0,50690.0,50694.0
2607,50690.9,50690.0,50693.0,50684.0,50690.0,50694.0,50694.0,50692.0,50688.0,50690.0,50694.0
2608,50690.9,50690.0,50693.0,50684.0,50690.0,50694.0,50694.0,50692.0,50688.0,50690.0,50694.0
2609,50690.9,50690.0,50693.0,50684.0,50690.0,50694.0,50694.0,50692.0,50688.0,50690.0,50694.0
2610,50690.9,50690.0,50693.0,50684.0,50690.0,50694.0,50694.0,50692.0,50688.0,50690.0,50694.0
2611,50690.9,50690.0,50693.0,50684.0,50690.0,50694.0,50694.0,50692.0,50688.0,50690.0,50694.0
2612,50690.9,50690.0,50693.0,50684.0,50690.0,50694.0,50694.0,50692.0,50688.0,50690.0,50694.0
2613,50690.9,50690.0,50693.0,50684.0,50690.0,50694.0,50694.0,50692.0,50688.0,50690.0,50694.0
2614,50690.9,50690.0,50693.0,50684.0,50690.0,50694.0,50694.0,50692.0,50688.0,50690.0,50694.0
2615,50690.9,50690.0,50693.0,50684.0,50690.0,50694.0,50694.0,50692.0,50688.0,50690.0,50694.0
2616,50690.9,50690.0,50693.0,50684.0,50690.0,50694.0,50694.0,50692.0,50688.0,50690.0,50694.0
2617,50690.9,50690.0,50693.0,50684.0,50690.0,50694.0,50694.0,50692.0,50688.0,50690.0,50694.0
2618,50690.9,50690.0,50693.0,50684.0,50690.0,50694.0,50694.0,50692.0,50688.0,50690.0,50694.0
2619,50690.9,50690.0,50693.0,50684.0,50690.0,50694.0,50694.0,50692.0,50688.0,50690.0,50694.0
2620,50690.9,50690.0,50693.0,50684.0,50690.0,50694.0,50694.0,50692.0,50688.0,50690.0,50694.0
2621,50690.9,50690.0,50693.0,50684.0,50690.0,50694.0,50694.0,50692.0,50688.0,50690.0,50694.0
2622,50690.9,50690.0,50693.0,50684.0,50690.0,50694.0,50694.0,50692.0,50688.0,50690.0,50694.0
2623,50690.9,50690.0,50693.0,50684.0,50690.0,50694.0,50694.0,50692.0,50688.0,50690.0,50694.0
2624,50690.9,50690.0,50693.0,50684.0,50690.0,50694.0,50694.0,50692.0,50688.0,50690.0,50694.0
2625,50690.9,50690.0,50693.0,50684.0,50690.0,50694.0,50694.0,50692.0,50688.0,50690.0,50694.0
2626,50690.9,50690.0,50693.0,50684.0,50690.0,50694.0,50694.0,50692.0,50688.0,50690.0,50694.0
2627,50690.9,50690.0,50693.0,50684.0,50690.0,50694.0,50694.0,50692.0,50688.0,50690.0,50694.0
2628,50690.9,50690.0,50693.0,50684.0,50690.0,50694.0,50694.0,50692.0,50688.0,50690.0,50694.0
2629,50690.9,50690.0,50693.0,50684.0,50690.0,50694.0,50694.0,50692.0,50688.0,50690.0,50694.0
2630,50690.9,50690.0,50693.0,50684.0,50690.0,50694.0,50694.0,50692.0,50688.0,50690.0,50694.0
2631,50690.9,50690.0,50693.0,50684.0,50690.0,50694.0,50694.0,50692.0,50688.0,50690.0,50694.0
2632,50690.9,50690.0,50693.0,50684.0,50690.0,50694.0,50694.0,50692.0,50688.0,50690.0,50694.0
2633,50690.9,50690.0,50693.0,50684.0,50690.0,50694.0,50694.0,50692.0,50688.0,50690.0,50694.0
2634,50690.9,50690.0,50693.0,50684.0,50690.0,50694.0,50694.0,50692.0,50688.0,50690.0,50694.0
2635,50690.9,50690.0,50693.0,50684.0,50690.0,50694.0,50694.0,50692.0,50688.0,50690.0,50694.0
2636,50690.9,50690.0,50693.0,50684.0,50690.0,50694.0,50694.0,50692.0,50688.0,50690.0,50694.0
2637,50690.9,50690.0,50693.0,50684.0,50690.0,50694.0,50694.0,50692.0,50688.0,50690.0,50694.0
2638,50690.9,50690.0,50693.0,50684.0,50690.0,50694.0,50694.0,50692.0,50688.0,50690.0,50694.0
2639,50690.9,50690.0,50693.0,50684.0,50690.0,50694.0,50694.0,50692.0,50688.0,50690.0,50694.0
2640,50690.9,50690.0,50693.0,50684.0,50690.0,50694.0,50694.0,50692.0,50688.0,50690.0,50694.0
2641,50690.9,50690.0,50693.0,50684.0,50690.0,50694.0,50694.0,50692.0,50688.0,50690.0,50694.0
2642,50690.9,50690.0,50693.0,50684.0,50690.0,50694.0,50694.0,50692.0,50688.0,50690.0,50694.0
2643,50690.9,50690.0,50693.0,50684.0,50690.0,50694.0,50694.0,50692.0,50688.0,50690.0,50694.0
2644,50690.9,50690.0,50693.0,50684.0,50690.0,50694.0,50694.0,50692.0,50688.0,50690.0,50694.0
2645,50690.9,50690.0,50693.0,50684.0,50690.0,50694.0,50694.0,50692.0,50688.0,50690.0,50694.0
2646,50690.9,50690.0,50693.0,50684.0,50690.0,50694.0,50694.0,50692.0,50688.0,50690.0,50694.0
2647,50690.9,50690.0,50693.0,50684.0,50690.0,50694.0,50694.0,50692.0,50688.0,50690.0,50694.0
2648,50690.9,50690.0,50693.0,50684.0,50690.0,50694.0,50694.0,50692.0,50688.0,50690.0,50694.0
2649,50690.9,50690.0,50693.0,50684.0,50690.0,50694.0,50694.0,50692.0,50688.0,50690.0,50694.0
2650,50690.9,50690.0,50693.0,50684.0,50690.0,50694.0,50694.0,50692.0,50688.0,50690.0,50694.0
2651,50690.9,50690.0,50693.0,50684.0,50690.0,50694.0,50694.0,50692.0,50688.0,50690.0,50694.0
2652,50690.9,50690.0,50693.0,50684.0,50690.0,50694.0,50694.0,50692.0,50688.0,50690.0,50694.0
2653,50690.9,50690.0,50693.0,50684.0,50690.0,50694.0,50694.0,50692.0,50688.0,50690.0,50694.0
2654,50690.9,50690.0,50693.0,50684.0,50690.0,50694.0,50694.0,50692.0,50688.0,50690.0,50694.0
2655,50690.9,50690.0,50693.0,50684.0,50690.0,50694.0,50694.0,50692.0,50688.0,50690.0,50694.0
2656,50690.9,50690.0,50693.0,50684.0,50690.0,50694.0,50694.0,50692.0,50688.0,50690.0,50694.0
2657,50690.9,50690.0,50693.0,50684.0,50690.0,50694.0,50694.0,50692.0,50688.0,50690.0,50694.0
2658,50690.9,50690.0,50693.0,50684.0,50690.0,50694.0,50694.0,50692.0,50688.0,50690.0,50694.0
2659,50690.9,50690.0,50693.0,50684.0,50690.0,50694.0,50694.0,50692.0,50688.0,50690.0,50694.0
2660,50690.9,50690.0,50693.0,50684.0,50690.0,50694.0,50694.0,50692.0,50688.0,50690.0,50694.0
2661,50690.9,50690.0,50693.0,50684.0,50690.0,50694.0,50694.0,50692.0,50688.0,50690.0,50694.0
2662,50690.9,50690.0,50693.0,50684.0,50690.0,50694.0,50694.0,50692.0,50688.0,50690.0,50694.0
2663,50690.9,50690.0,50693.0,50684.0,50690.0,50694.0,50694.0,50692.0,50688.0,50690.0,50694.0
2664,50690.9,50690.0,50693.0,50684.0,50690.0,50694.0,50694.0,50692.0,50688.0,50690.0,50694.0
2665,50690.9,50690.0,50693.0,50684.0,50690.0,50694.0,50694.0,50692.0,50688.0,50690.0,50694.0
2666,50690.9,50690.0,50693.0,50684.0,50690.0,50694.0,50694.0,50692.0,50688.0,50690.0,50694.0
2667,50690.9,50690.0,50693.0,50684.0,50690.0,50694.0,50694.0,50692.0,50688.0,50690.0,50694.0
2668,50690.9,50690.0,50693.0,50684.0,50690.0,50694.0,50694.0,50692.0,50688.0,50690.0,50694.0
2669,50690.9,50690.0,50693.0,50684.0,50690.0,50694.0,50694.0,50692.0,50688.0,50690.0,50694.0
2670,50690.9,50690.0,50693.0,50684.0,50690.0,50694.0,50694.0,50692.0,50688.0,50690.0,50694.0
2671,50690.9,50690.0,50693.0,50684.0,50690.0,50694.0,50694.0,50692.0,50688.0,50690.0,50694.0
2672,50690.9,50690.0,50693.0,50684.0,50690.0,50694.0,50694.0,50692.0,50688.0,50690.0,50694.0
2673,50690.9,50690.0,50693.0,50684.0,50690.0,50694.0,50694.0,50692.0,50688.0,50690.0,50694.0
2674,50690.9,50690.0,50693.0,50684.0,50690.0,50694.0,50694.0,50692.0,50688.0,50690.0,50694.0
2675,50690.9,50690.0,50693.0,50684.0,50690.0,50694.0,50694.0,50692.0,50688.0,50690.0,50694.0
2676,50690.9,50690.0,50693.0,50684.0,50690.0,50694.0,50694.0,50692.0,50688.0,50690.0,50694.0
2677,50690.9,50690.0,50693.0,50684.0,50690.0,50694.0,50694.0,50692.0,50688.0,50690.0,50694.0
2678,50690.9,50690.0,50693.0,50684.0,50690.0,50694.0,50694.0,50692.0,50688.0,50690.0,50694.0
2679,50690.9,50690.0,50693.0,50684.0,50690.0,50694.0,50694.0,50692.0,50688.0,50690.0,50694.0
2680,50690.9,50690.0,50693.0,50684.0,50690.0,50694.0,50694.0,50692.0,50688.0,50690.0,50694.0
2681,50690.9,50690.0,50693.0,50684.0,50690.0,50694.0,50694.0,50692.0,50688.0,50690.0,50694.0
2682,50690.9,50690.0,50693.0,50684.0,50690.0,50694.0,50694.0,50692.0,50688.0,50690.0,50694.0
2683,50690.9,50690.0,50693.0,50684.0,50690.0,50694.0,50694.0,50692.0,50688.0,50690.0,50694.0
2684,50690.9,50690.0,50693.0,50684.0,50690.0,50694.0,50694.0,50692.0,50688.0,50690.0,50694.0
2685,50690.9,50690.0,50693.0,50684.0,50690.0,50694.0,50694.0,50692.0,50688.0,50690.0,50694.0
2686,50690.9,50690.0,50693.0,50684.0,50690.0,50694.0,50694.0,50692.0,50688.0,50690.0,50694.0
2687,50690.9,50690.0,50693.0,50684.0,50690.0,50694.0,50694.0,50692.0,50688.0,50690.0,50694.0
2688,50690.9,50690.0,50693.0,50684.0,50690.0,50694.0,50694.0,50692.0,50688.0,50690.0,50694.0
2689,50690.9,50690.0,50693.0,50684.0,50690.0,50694.0,50694.0,50692.0,50688.0,50690.0,50694.0
2690,50690.9,50690.0,50693.0,50684.0,50690.0,50694.0,50694.0,50692.0,50688.0,50690.0,50694.0
2691,50690.9,50690.0,50693.0,50684.0,50690.0,50694.0,50694.0,50692.0,50688.0,50690.0,50694.0
2692,50690.9,50690.0,50693.0,50684.0,50690.0,50694.0,50694.0,50692.0,50688.0,50690.0,50694.0
2693,50690.9,50690.0,50693.0,50684.0,50690.0,50694.0,50694.0,50692.0,50688.0,50690.0,50694.0
2694,50690.9,50690.0,50693.0,50684.0,50690.0,50694.0,50694.0,50692.0,50688.0,50690.0,50694.0
2695,50690.9,50690.0,50693.0,50684.0,50690.0,50694.0,50694.0,50692.0,50688.0,50690.0,50694.0
2696,50690.9,50690.0,50693.0,50684.0,50690.0,50694.0,50694.0,50692.0,50688.0,50690.0,50694.0
2697,50690.9,50690.0,50693.0,50684.0,50690.0,50694.0,50694.0,50692.0,50688.0,50690.0,50694.0
2698,50690.9,50690.0,50693.0,50684.0,50690.0,50694.0,50694.0,50692.0,50688.0,50690.0,50694.0
2699,50690.9,50690.0,50693.0,50684.0,50690.0,50694.0,50694.0,50692.0,50688.0,50690.0,50694.0
2700,50690.9,50690.0,50693.0,50684.0,50690.0,50694.0,50694.0,50692.0,50688.0,50690.0,50694.0
2701,50690.9,50690.0,50693.0,50684.0,50690.0,50694.0,50694.0,50692.0,50688.0,50690.0,50694.0
2702,50690.9,50690.0,50693.0,50684.0,50690.0,50694.0,50694.0,50692.0,50688.0,50690.0,50694.0
2703,50690.9,50690.0,50693.0,50684.0,50690.0,50694.0,50694.0,50692.0,50688.0,50690.0,50694.0
2704,50690.9,50690.0,50693.0,50684.0,50690.0,50694.0,50694.0,50692.0,50688.0,50690.0,50694.0
2705,50690.9,50690.0,50693.0,50684.0,50690.0,50694.0,50694.0,50692.0,50688.0,50690.0,50694.0
2706,50690.9,50690.0,50693.0,50684.0,50690.0,50694.0,50694.0,50692.0,50688.0,50690.0,50694.0
2707,50690.9,50690.0,50693.0,50684.0,50690.0,50694.0,50694.0,50692.0,50688.0,50690.0,50694.0
2708,50690.9,50690.0,50693.0,50684.0,50690.0,50694.0,50694.0,50692.0,50688.0,50690.0,50694.0
2709,50690.9,50690.0,50693.0,50684.0,50690.0,50694.0,50694.0,50692.0,50688.0,50690.0,50694.0
2710,50690.9,50690.0,50693.0,50684.0,50690.0,50694.0,50694.0,50692.0,50688.0,50690.0,50694.0
2711,50690.9,50690.0,50693.0,50684.0,50690.0,50694.0,50694.0,50692.0,50688.0,50690.0,50694.0
2712,50690.9,50690.0,50693.0,50684.0,50690.0,50694.0,50694.0,50692.0,50688.0,50690.0,50694.0
2713,50690.9,50690.0,50693.0,50684.0,50690.0,50694.0,50694.0,50692.0,50688.0,50690.0,50694.0
2714,50690.9,50690.0,50693.0,50684.0,50690.0,50694.0,50694.0,50692.0,50688.0,50690.0,50694.0
2715,50690.9,50690.0,50693.0,50684.0,50690.0,50694.0,50694.0,50692.0,50688.0,50690.0,50694.0
2716,50690.9,50690.0,50693.0,50684.0,50690.0,50694.0,50694.0,50692.0,50688.0,50690.0,50694.0
2717,50690.9,50690.0,50693.0,50684.0,50690.0,50694.0,50694.0,50692.0,50688.0,50690.0,50694.0
2718,50690.9,50690.0,50693.0,50684.0,50690.0,50694.0,50694.0,50692.0,50688.0,50690.0,50694.0
2719,50690.9,50690.0,50693.0,50684.0,50690.0,50694.0,50694.0,50692.0,50688.0,50690.0,50694.0
2720,50690.9,50690.0,50693.0,50684.0,50690.0,50694.0,50694.0,50692.0,50688.0,50690.0,50694.0
2721,50690.9,50690.0,50693.0,50684.0,50690.0,50694.0,50694.0,50692.0,50688.0,50690.0,50694.0
2722,50690.9,50690.0,50693.0,50684.0,50690.0,50694.0,50694.0,50692.0,50688.0,50690.0,50694.0
2723,50690.9,50690.0,50693.0,50684.0,50690.0,50694.0,50694.0,50692.0,50688.0,50690.0,50694.0
2724,50690.9,50690.0,50693.0,50684.0,50690.0,50694.0,50694.0,50692.0,50688.0,50690.0,50694.0
2725,50690.9,50690.0,50693.0,50684.0,50690.0,50694.0,50694.0,50692.0,50688.0,50690.0,50694.0
2726,50690.9,50690.0,50693.0,50684.0,50690.0,50694.0,50694.0,50692.0,50688.0,50690.0,50694.0
2727,50690.9,50690.0,50693.0,50684.0,50690.0,50694.0,50694.0,50692.0,50688.0,50690.0,50694.0
2728,50690.9,50690.0,50693.0,50684.0,50690.0,50694.0,50694.0,50692.0,50688.0,50690.0,50694.0
2729,50690.9,50690.0,50693.0,50684.0,50690.0,50694.0,50694.0,50692.0,50688.0,50690.0,50694.0
2730,50690.9,50690.0,50693.0,50684.0,50690.0,50694.0,50694.0,50692.0,50688.0,50690.0,50694.0
2731,50690.9,50690.0,50693.0,50684.0,50690.0,50694.0,50694.0,50692.0,50688.0,50690.0,50694.0
2732,50690.9,50690.0,50693.0,50684.0,50690.0,50694.0,50694.0,50692.0,50688.0,50690.0,50694.0
2733,50690.9,50690.0,50693.0,50684.0,50690.0,50694.0,50694.0,50692.0,50688.0,50690.0,50694.0
2734,50690.9,50690.0,50693.0,50684.0,50690.0,50694.0,50694.0,50692.0,50688.0,50690.0,50694.0
2735,50690.9,50690.0,50693.0,50684.0,50690.0,50694.0,50694.0,50692.0,50688.0,50690.0,50694.0
2736,50690.9,50690.0,50693.0,50684.0,50690.0,50694.0,50694.0,50692.0,50688.0,50690.0,50694.0
2737,50690.9,50690.0,50693.0,50684.0,50690.0,50694.0,50694.0,50692.0,50688.0,50690.0,50694.0
2738,50690.9,50690.0,50693.0,50684.0,50690.0,50694.0,50694.0,50692.0,50688.0,50690.0,50694.0
2739,50690.9,50690.0,50693.0,50684.0,50690.0,50694.0,50694.0,50692.0,50688.0,50690.0,50694.0
2740,50690.9,50690.0,50693.0,50684.0,50690.0,50694.0,50694.0,50692.0,50688.0,50690.0,50694.0
2741,50690.9,50690.0,50693.0,50684.0,50690.0,50694.0,50694.0,50692.0,50688.0,50690.0,50694.0
2742,50690.9,50690.0,50693.0,50684.0,50690.0,50694.0,50694.0,50692.0,50688.0,50690.0,50694.0
2743,50690.9,50690.0,50693.0,50684.0,50690.0,50694.0,50694.0,50692.0,50688.0,50690.0,50694.0
2744,50690.9,50690.0,50693.0,50684.0,50690.0,50694.0,50694.0,50692.0,50688.0,50690.0,50694.0
2745,50690.9,50690.0,50693.0,50684.0,50690.0,50694.0,50694.0,50692.0,50688.0,50690.0,50694.0
2746,50690.9,50690.0,50693.0,50684.0,50690.0,50694.0,50694.0,50692.0,50688.0,50690.0,50694.0
2747,50690.9,50690.0,50693.0,50684.0,50690.0,50694.0,50694.0,50692.0,50688.0,50690.0,50694.0
2748,50690.9,50690.0,50693.0,50684.0,50690.0,50694.0,50694.0,50692.0,50688.0,50690.0,50694.0
2749,50690.9,50690.0,50693.0,50684.0,50690.0,50694.0,50694.0,50692.0,50688.0,50690.0,50694.0
2750,50690.9,50690.0,50693.0,50684.0,50690.0,50694.0,50694.0,50692.0,50688.0,50690.0,50694.0
2751,50690.9,50690.0,50693.0,50684.0,50690.0,50694.0,50694.0,50692.0,50688.0,50690.0,50694.0
2752,50690.9,50690.0,50693.0,50684.0,50690.0,50694.0,50694.0,50692.0,50688.0,50690.0,50694.0
2753,50690.9,50690.0,50693.0,50684.0,50690.0,50694.0,50694.0,50692.0,50688.0,50690.0,50694.0
2754,50690.9,50690.0,50693.0,50684.0,50690.0,50694.0,50694.0,50692.0,50688.0,50690.0,50694.0
2755,50690.9,50690.0,50693.0,50684.0,50690.0,50694.0,50694.0,50692.0,50688.0,50690.0,50694.0
2756,50690.9,50690.0,50693.0,50684.0,50690.0,50694.0,50694.0,50692.0,50688.0,50690.0,50694.0
2757,50690.9,50690.0,50693.0,50684.0,50690.0,50694.0,50694.0,50692.0,50688.0,50690.0,50694.0
2758,50690.9,50690.0,50693.0,50684.0,50690.0,50694.0,50694.0,50692.0,50688.0,50690.0,50694.0
2759,50690.9,50690.0,50693.0,50684.0,50690.0,50694.0,50694.0,50692.0,50688.0,50690.0,50694.0
2760,50690.9,50690.0,50693.0,50684.0,50690.0,50694.0,50694.0,50692.0,50688.0,50690.0,50694.0
2761,50690.9,50690.0,50693.0,50684.0,50690.0,50694.0,50694.0,50692.0,50688.0,50690.0,50694.0
2762,50690.9,50690.0,50693.0,50684.0,50690.0,50694.0,50694.0,50692.0,50688.0,50690.0,50694.0
2763,50690.9,50690.0,50693.0,50684.0,50690.0,50694.0,50694.0,50692.0,50688.0,50690.0,50694.0
2764,50690.9,50690.0,50693.0,50684.0,50690.0,50694.0,50694.0,50692.0,50688.0,50690.0,50694.0
2765,50690.9,50690.0,50693.0,50684.0,50690.0,50694.0,50694.0,50692.0,50688.0,50690.0,50694.0
2766,50690.9,50690.0,50693.0,50684.0,50690.0,50694.0,50694.0,50692.0,50688.0,50690.0,50694.0
2767,50690.9,50690.0,50693.0,50684.0,50690.0,50694.0,50694.0,50692.0,50688.0,50690.0,50694.0
2768,50690.9,50690.0,50693.0,50684.0,50690.0,50694.0,50694.0,50692.0,50688.0,50690.0,50694.0
2769,50690.9,50690.0,50693.0,50684.0,50690.0,50694.0,50694.0,50692.0,50688.0,50690.0,50694.0
2770,50690.9,50690.0,50693.0,50684.0,50690.0,50694.0,50694.0,50692.0,50688.0,50690.0,50694.0
2771,50690.9,50690.0,50693.0,50684.0,50690.0,50694.0,50694.0,50692.0,50688.0,50690.0,50694.0
2772,50690.9,50690.0,50693.0,50684.0,50690.0,50694.0,50694.0,50692.0,50688.0,50690.0,50694.0
2773,50690.9,50690.0,50693.0,50684.0,50690.0,50694.0,50694.0,50692.0,50688.0,50690.0,50694.0
2774,50690.9,50690.0,50693.0,50684.0,50690.0,50694.0,50694.0,50692.0,50688.0,50690.0,50694.0
2775,50690.9,50690.0,50693.0,50684.0,50690.0,50694.0,50694.0,50692.0,50688.0,50690.0,50694.0
2776,50690.9,50690.0,50693.0,50684.0,50690.0,50694.0,50694.0,50692.0,50688.0,50690.0,50694.0
2777,50690.9,50690.0,50693.0,50684.0,50690.0,50694.0,50694.0,50692.0,50688.0,50690.0,50694.0
2778,50690.9,50690.0,50693.0,50684.0,50690.0,50694.0,50694.0,50692.0,50688.0,50690.0,50694.0
2779,50690.9,50690.0,50693.0,50684.0,50690.0,50694.0,50694.0,50692.0,50688.0,50690.0,50694.0
2780,50690.9,50690.0,50693.0,50684.0,50690.0,50694.0,50694.0,50692.0,50688.0,50690.0,50694.0
2781,50690.9,50690.0,50693.0,50684.0,50690.0,50694.0,50694.0,50692.0,50688.0,50690.0,50694.0
2782,50690.9,50690.0,50693.0,50684.0,50690.0,50694.0,50694.0,50692.0,50688.0,50690.0,50694.0
2783,50690.9,50690.0,50693.0,50684.0,50690.0,50694.0,50694.0,50692.0,50688.0,50690.0,50694.0
2784,50690.9,50690.0,50693.0,50684.0,50690.0,50694.0,50694.0,50692.0,50688.0,50690.0,50694.0
2785,50690.9,50690.0,50693.0,50684.0,50690.0,50694.0,50694.0,50692.0,50688.0,50690.0,50694.0
2786,50690.9,50690.0,50693.0,50684.0,50690.0,50694.0,50694.0,50692.0,50688.0,50690.0,50694.0
2787,50690.9,50690.0,50693.0,50684.0,50690.0,50694.0,50694.0,50692.0,50688.0,50690.0,50694.0
2788,50690.9,50690.0,50693.0,50684.0,50690.0,50694.0,50694.0,50692.0,50688.0,50690.0,50694.0
2789,50690.9,50690.0,50693.0,50684.0,50690.0,50694.0,50694.0,50692.0,50688.0,50690.0,50694.0
2790,50690.9,50690.0,50693.0,50684.0,50690.0,50694.0,50694.0,50692.0,50688.0,50690.0,50694.0
2791,50690.9,50690.0,50693.0,50684.0,50690.0,50694.0,50694.0,50692.0,50688.0,50690.0,50694.0
2792,50690.9,50690.0,50693.0,50684.0,50690.0,50694.0,50694.0,50692.0,50688.0,50690.0,50694.0
2793,50690.9,50690.0,50693.0,50684.0,50690.0,50694.0,50694.0,50692.0,50688.0,50690.0,50694.0
2794,50690.9,50690.0,50693.0,50684.0,50690.0,50694.0,50694.0,50692.0,50688.0,50690.0,50694.0
2795,50690.9,50690.0,50693.0,50684.0,50690.0,50694.0,50694.0,50692.0,50688.0,50690.0,50694.0
2796,50690.9,50690.0,50693.0,50684.0,50690.0,50694.0,50694.0,50692.0,50688.0,50690.0,50694.0
2797,50690.9,50690.0,50693.0,50684.0,50690.0,50694.0,50694.0,50692.0,50688.0,50690.0,50694.0
2798,50690.9,50690.0,50693.0,50684.0,50690.0,50694.0,50694.0,50692.0,50688.0,50690.0,50694.0
2799,50690.9,50690.0,50693.0,50684.0,50690.0,50694.0,50694.0,50692.0,50688.0,50690.0,50694.0
2800,50690.9,50690.0,50693.0,50684.0,50690.0,50694.0,50694.0,50692.0,50688.0,50690.0,50694.0
2801,50690.9,50690.0,50693.0,50684.0,50690.0,50694.0,50694.0,50692.0,50688.0,50690.0,50694.0
2802,50690.9,50690.0,50693.0,50684.0,50690.0,50694.0,50694.0,50692.0,50688.0,50690.0,50694.0
2803,50690.9,50690.0,50693.0,50684.0,50690.0,50694.0,50694.0,50692.0,50688.0,50690.0,50694.0
2804,50690.9,50690.0,50693.0,50684.0,50690.0,50694.0,50694.0,50692.0,50688.0,50690.0,50694.0
2805,50690.9,50690.0,50693.0,50684.0,50690.0,50694.0,50694.0,50692.0,50688.0,50690.0,50694.0
2806,50690.9,50690.0,50693.0,50684.0,50690.0,50694.0,50694.0,50692.0,50688.0,50690.0,50694.0
2807,50690.9,50690.0,50693.0,50684.0,50690.0,50694.0,50694.0,50692.0,50688.0,50690.0,50694.0
2808,50690.9,50690.0,50693.0,50684.0,50690.0,50694.0,50694.0,50692.0,50688.0,50690.0,50694.0
2809,50690.9,50690.0,50693.0,50684.0,50690.0,50694.0,50694.0,50692.0,50688.0,50690.0,50694.0
2810,50690.9,50690.0,50693.0,50684.0,50690.0,50694.0,50694.0,50692.0,50688.0,50690.0,50694.0
2811,50690.9,50690.0,50693.0,50684.0,50690.0,50694.0,50694.0,50692.0,50688.0,50690.0,50694.0
2812,50690.9,50690.0,50693.0,50684.0,50690.0,50694.0,50694.0,50692.0,50688.0,50690.0,50694.0
2813,50690.9,50690.0,50693.0,50684.0,50690.0,50694.0,50694.0,50692.0,50688.0,50690.0,50694.0
2814,50690.9,50690.0,50693.0,50684.0,50690.0,50694.0,50694.0,50692.0,50688.0,50690.0,50694.0
2815,50690.9,50690.0,50693.0,50684.0,50690.0,50694.0,50694.0,50692.0,50688.0,50690.0,50694.0
2816,50690.9,50690.0,50693.0,50684.0,50690.0,50694.0,50694.0,50692.0,50688.0,50690.0,50694.0
2817,50690.9,50690.0,50693.0,50684.0,50690.0,50694.0,50694.0,50692.0,50688.0,50690.0,50694.0
2818,50690.9,50690.0,50693.0,50684.0,50690.0,50694.0,50694.0,50692.0,50688.0,50690.0,50694.0
2819,50690.9,50690.0,50693.0,50684.0,50690.0,50694.0,50694.0,50692.0,50688.0,50690.0,50694.0
2820,50690.9,50690.0,50693.0,50684.0,50690.0,50694.0,50694.0,50692.0,50688.0,50690.0,50694.0
2821,50690.9,50690.0,50693.0,50684.0,50690.0,50694.0,50694.0,50692.0,50688.0,50690.0,50694.0
2822,50690.9,50690.0,50693.0,50684.0,50690.0,50694.0,50694.0,50692.0,50688.0,50690.0,50694.0
2823,50690.9,50690.0,50693.0,50684.0,50690.0,50694.0,50694.0,50692.0,50688.0,50690.0,50694.0
2824,50690.9,50690.0,50693.0,50684.0,50690.0,50694.0,50694.0,50692.0,50688.0,50690.0,50694.0
2825,50690.9,50690.0,50693.0,50684.0,50690.0,50694.0,50694.0,50692.0,50688.0,50690.0,50694.0
2826,50690.9,50690.0,50693.0,50684.0,50690.0,50694.0,50694.0,50692.0,50688.0,50690.0,50694.0
2827,50690.9,50690.0,50693.0,50684.0,50690.0,50694.0,50694.0,50692.0,50688.0,50690.0,50694.0
2828,50690.9,50690.0,50693.0,50684.0,50690.0,50694.0,50694.0,50692.0,50688.0,50690.0,50694.0
2829,50690.9,50690.0,50693.0,50684.0,50690.0,50694.0,50694.0,50692.0,50688.0,50690.0,50694.0
2830,50690.9,50690.0,50693.0,50684.0,50690.0,50694.0,50694.0,50692.0,50688.0,50690.0,50694.0
2831,50690.9,50690.0,50693.0,50684.0,50690.0,50694.0,50694.0,50692.0,50688.0,50690.0,50694.0
2832,50690.9,50690.0,50693.0,50684.0,50690.0,50694.0,50694.0,50692.0,50688.0,50690.0,50694.0
2833,50690.9,50690.0,50693.0,50684.0,50690.0,50694.0,50694.0,50692.0,50688.0,50690.0,50694.0
2834,50690.9,50690.0,50693.0,50684.0,50690.0,50694.0,50694.0,50692.0,50688.0,50690.0,50694.0
2835,50690.9,50690.0,50693.0,50684.0,50690.0,50694.0,50694.0,50692.0,50688.0,50690.0,50694.0
2836,50690.9,50690.0,50693.0,50684.0,50690.0,50694.0,50694.0,50692.0,50688.0,50690.0,50694.0
2837,50690.9,50690.0,50693.0,50684.0,50690.0,50694.0,50694.0,50692.0,50688.0,50690.0,50694.0
2838,50690.9,50690.0,50693.0,50684.0,50690.0,50694.0,50694.0,50692.0,50688.0,50690.0,50694.0
2839,50690.9,50690.0,50693.0,50684.0,50690.0,50694.0,50694.0,50692.0,50688.0,50690.0,50694.0
2840,50690.9,50690.0,50693.0,50684.0,50690.0,50694.0,50694.0,50692.0,50688.0,50690.0,50694.0
2841,50690.9,50690.0,50693.0,50684.0,50690.0,50694.0,50694.0,50692.0,50688.0,50690.0,50694.0
2842,50690.9,50690.0,50693.0,50684.0,50690.0,50694.0,50694.0,50692.0,50688.0,50690.0,50694.0
2843,50690.9,50690.0,50693.0,50684.0,50690.0,50694.0,50694.0,50692.0,50688.0,50690.0,50694.0
2844,50690.9,50690.0,50693.0,50684.0,50690.0,50694.0,50694.0,50692.0,50688.0,50690.0,50694.0
2845,50690.9,50690.0,50693.0,50684.0,50690.0,50694.0,50694.0,50692.0,50688.0,50690.0,50694.0
2846,50690.9,50690.0,50693.0,50684.0,50690.0,50694.0,50694.0,50692.0,50688.0,50690.0,50694.0
2847,50690.9,50690.0,50693.0,50684.0,50690.0,50694.0,50694.0,50692.0,50688.0,50690.0,50694.0
2848,50690.9,50690.0,50693.0,50684.0,50690.0,50694.0,50694.0,50692.0,50688.0,50690.0,50694.0
2849,50690.9,50690.0,50693.0,50684.0,50690.0,50694.0,50694.0,50692.0,50688.0,50690.0,50694.0
2850,50690.9,50690.0,50693.0,50684.0,50690.0,50694.0,50694.0,50692.0,50688.0,50690.0,50694.0
2851,50690.9,50690.0,50693.0,50684.0,50690.0,50694.0,50694.0,50692.0,50688.0,50690.0,50694.0
2852,50690.9,50690.0,50693.0,50684.0,50690.0,50694.0,50694.0,50692.0,50688.0,50690.0,50694.0
2853,50690.9,50690.0,50693.0,50684.0,50690.0,50694.0,50694.0,50692.0,50688.0,50690.0,50694.0
2854,50690.9,50690.0,50693.0,50684.0,50690.0,50694.0,50694.0,50692.0,50688.0,50690.0,50694.0
2855,50690.9,50690.0,50693.0,50684.0,50690.0,50694.0,50694.0,50692.0,50688.0,50690.0,50694.0
2856,50690.9,50690.0,50693.0,50684.0,50690.0,50694.0,50694.0,50692.0,50688.0,50690.0,50694.0
2857,50690.9,50690.0,50693.0,50684.0,50690.0,50694.0,50694.0,50692.0,50688.0,50690.0,50694.0
2858,50690.9,50690.0,50693.0,50684.0,50690.0,50694.0,50694.0,50692.0,50688.0,50690.0,50694.0
2859,50690.9,50690.0,50693.0,50684.0,50690.0,50694.0,50694.0,50692.0,50688.0,50690.0,50694.0
2860,50690.9,50690.0,50693.0,50684.0,50690.0,50694.0,50694.0,50692.0,50688.0,50690.0,50694.0
2861,50690.9,50690.0,50693.0,50684.0,50690.0,50694.0,50694.0,50692.0,50688.0,50690.0,50694.0
2862,50690.9,50690.0,50693.0,50684.0,50690.0,50694.0,50694.0,50692.0,50688.0,50690.0,50694.0
2863,50690.9,50690.0,50693.0,50684.0,50690.0,50694.0,50694.0,50692.0,50688.0,50690.0,50694.0
2864,50690.9,50690.0,50693.0,50684.0,50690.0,50694.0,50694.0,50692.0,50688.0,50690.0,50694.0
2865,50690.9,50690.0,50693.0,50684.0,50690.0,50694.0,50694.0,50692.0,50688.0,50690.0,50694.0
2866,50690.9,50690.0,50693.0,50684.0,50690.0,50694.0,50694.0,50692.0,50688.0,50690.0,50694.0
2867,50690.9,50690.0,50693.0,50684.0,50690.0,50694.0,50694.0,50692.0,50688.0,50690.0,50694.0
2868,50690.9,50690.0,50693.0,50684.0,50690.0,50694.0,50694.0,50692.0,50688.0,50690.0,50694.0
2869,50690.9,50690.0,50693.0,50684.0,50690.0,50694.0,50694.0,50692.0,50688.0,50690.0,50694.0
2870,50690.9,50690.0,50693.0,50684.0,50690.0,50694.0,50694.0,50692.0,50688.0,50690.0,50694.0
2871,50690.9,50690.0,50693.0,50684.0,50690.0,50694.0,50694.0,50692.0,50688.0,50690.0,50694.0
2872,50690.9,50690.0,50693.0,50684.0,50690.0,50694.0,50694.0,50692.0,50688.0,50690.0,50694.0
2873,50690.9,50690.0,50693.0,50684.0,50690.0,50694.0,50694.0,50692.0,50688.0,50690.0,50694.0
2874,50690.9,50690.0,50693.0,50684.0,50690.0,50694.0,50694.0,50692.0,50688.0,50690.0,50694.0
2875,50690.9,50690.0,50693.0,50684.0,50690.0,50694.0,50694.0,50692.0,50688.0,50690.0,50694.0
2876,50690.9,50690.0,50693.0,50684.0,50690.0,50694.0,50694.0,50692.0,50688.0,50690.0,50694.0
2877,50690.9,50690.0,50693.0,50684.0,50690.0,50694.0,50694.0,50692.0,50688.0,50690.0,50694.0
2878,50690.9,50690.0,50693.0,50684.0,50690.0,50694.0,50694.0,50692.0,50688.0,50690.0,50694.0
2879,50690.9,50690.0,50693.0,50684.0,50690.0,50694.0,50694.0,50692.0,50688.0,50690.0,50694.0
2880,50690.9,50690.0,50693.0,50684.0,50690.0,50694.0,50694.0,50692.0,50688.0,50690.0,50694.0
2881,50690.9,50690.0,50693.0,50684.0,50690.0,50694.0,50694.0,50692.0,50688.0,50690.0,50694.0
2882,50690.9,50690.0,50693.0,50684.0,50690.0,50694.0,50694.0,50692.0,50688.0,50690.0,50694.0
2883,50690.9,50690.0,50693.0,50684.0,50690.0,50694.0,50694.0,50692.0,50688.0,50690.0,50694.0
2884,50690.9,50690.0,50693.0,50684.0,50690.0,50694.0,50694.0,50692.0,50688.0,50690.0,50694.0
2885,50690.9,50690.0,50693.0,50684.0,50690.0,50694.0,50694.0,50692.0,50688.0,50690.0,50694.0
2886,50690.9,50690.0,50693.0,50684.0,50690.0,50694.0,50694.0,50692.0,50688.0,50690.0,50694.0
2887,50690.9,50690.0,50693.0,50684.0,50690.0,50694.0,50694.0,50692.0,50688.0,50690.0,50694.0
2888,50690.9,50690.0,50693.0,50684.0,50690.0,50694.0,50694.0,50692.0,50688.0,50690.0,50694.0
2889,50690.9,50690.0,50693.0,50684.0,50690.0,50694.0,50694.0,50692.0,50688.0,50690.0,50694.0
2890,50690.9,50690.0,50693.0,50684.0,50690.0,50694.0,50694.0,50692.0,50688.0,50690.0,50694.0
2891,50690.9,50690.0,50693.0,50684.0,50690.0,50694.0,50694.0,50692.0,50688.0,50690.0,50694.0
2892,50690.9,50690.0,50693.0,50684.0,50690.0,50694.0,50694.0,50692.0,50688.0,50690.0,50694.0
2893,50690.9,50690.0,50693.0,50684.0,50690.0,50694.0,50694.0,50692.0,50688.0,50690.0,50694.0
2894,50690.9,50690.0,50693.0,50684.0,50690.0,50694.0,50694.0,50692.0,50688.0,50690.0,50694.0
2895,50690.9,50690.0,50693.0,50684.0,50690.0,50694.0,50694.0,50692.0,50688.0,50690.0,50694.0
2896,50690.9,50690.0,50693.0,50684.0,50690.0,50694.0,50694.0,50692.0,50688.0,50690.0,50694.0
2897,50690.9,50690.0,50693.0,50684.0,50690.0,50694.0,50694.0,50692.0,50688.0,50690.0,50694.0
2898,50690.9,50690.0,50693.0,50684.0,50690.0,50694.0,50694.0,50692.0,50688.0,50690.0,50694.0
2899,50690.9,50690.0,50693.0,50684.0,50690.0,50694.0,50694.0,50692.0,50688.0,50690.0,50694.0
2900,50690.9,50690.0,50693.0,50684.0,50690.0,50694.0,50694.0,50692.0,50688.0,50690.0,50694.0
2901,50690.9,50690.0,50693.0,50684.0,50690.0,50694.0,50694.0,50692.0,50688.0,50690.0,50694.0
2902,50690.9,50690.0,50693.0,50684.0,50690.0,50694.0,50694.0,50692.0,50688.0,50690.0,50694.0
2903,50690.9,50690.0,50693.0,50684.0,50690.0,50694.0,50694.0,50692.0,50688.0,50690.0,50694.0
2904,50690.9,50690.0,50693.0,50684.0,50690.0,50694.0,50694.0,50692.0,50688.0,50690.0,50694.0
2905,50690.9,50690.0,50693.0,50684.0,50690.0,50694.0,50694.0,50692.0,50688.0,50690.0,50694.0
2906,50690.9,50690.0,50693.0,50684.0,50690.0,50694.0,50694.0,50692.0,50688.0,50690.0,50694.0
2907,50690.9,50690.0,50693.0,50684.0,50690.0,50694.0,50694.0,50692.0,50688.0,50690.0,50694.0
2908,50690.9,50690.0,50693.0,50684.0,50690.0,50694.0,50694.0,50692.0,50688.0,50690.0,50694.0
2909,50690.9,50690.0,50693.0,50684.0,50690.0,50694.0,50694.0,50692.0,50688.0,50690.0,50694.0
2910,50690.9,50690.0,50693.0,50684.0,50690.0,50694.0,50694.0,50692.0,50688.0,50690.0,50694.0
2911,50690.9,50690.0,50693.0,50684.0,50690.0,50694.0,50694.0,50692.0,50688.0,50690.0,50694.0
2912,50690.9,50690.0,50693.0,50684.0,50690.0,50694.0,50694.0,50692.0,50688.0,50690.0,50694.0
2913,50690.9,50690.0,50693.0,50684.0,50690.0,50694.0,50694.0,50692.0,50688.0,50690.0,50694.0
2914,50690.9,50690.0,50693.0,50684.0,50690.0,50694.0,50694.0,50692.0,50688.0,50690.0,50694.0
2915,50690.9,50690.0,50693.0,50684.0,50690.0,50694.0,50694.0,50692.0,50688.0,50690.0,50694.0
2916,50690.9,50690.0,50693.0,50684.0,50690.0,50694.0,50694.0,50692.0,50688.0,50690.0,50694.0
2917,50690.9,50690.0,50693.0,50684.0,50690.0,50694.0,50694.0,50692.0,50688.0,50690.0,50694.0
2918,50690.9,50690.0,50693.0,50684.0,50690.0,50694.0,50694.0,50692.0,50688.0,50690.0,50694.0
2919,50690.9,50690.0,50693.0,50684.0,50690.0,50694.0,50694.0,50692.0,50688.0,50690.0,50694.0
2920,50690.9,50690.0,50693.0,50684.0,50690.0,50694.0,50694.0,50692.0,50688.0,50690.0,50694.0
2921,50690.9,50690.0,50693.0,50684.0,50690.0,50694.0,50694.0,50692.0,50688.0,50690.0,50694.0
2922,50690.9,50690.0,50693.0,50684.0,50690.0,50694.0,50694.0,50692.0,50688.0,50690.0,50694.0
2923,50690.9,50690.0,50693.0,50684.0,50690.0,50694.0,50694.0,50692.0,50688.0,50690.0,50694.0
2924,50690.9,50690.0,50693.0,50684.0,50690.0,50694.0,50694.0,50692.0,50688.0,50690.0,50694.0
2925,50690.9,50690.0,50693.0,50684.0,50690.0,50694.0,50694.0,50692.0,50688.0,50690.0,50694.0
2926,50690.9,50690.0,50693.0,50684.0,50690.0,50694.0,50694.0,50692.0,50688.0,50690.0,50694.0
2927,50690.9,50690.0,50693.0,50684.0,50690.0,50694.0,50694.0,50692.0,50688.0,50690.0,50694.0
2928,50690.9,50690.0,50693.0,50684.0,50690.0,50694.0,50694.0,50692.0,50688.0,50690.0,50694.0
2929,50690.9,50690.0,50693.0,50684.0,50690.0,50694.0,50694.0,50692.0,50688.0,50690.0,50694.0
2930,50690.9,50690.0,50693.0,50684.0,50690.0,50694.0,50694.0,50692.0,50688.0,50690.0,50694.0
2931,50690.9,50690.0,50693.0,50684.0,50690.0,50694.0,50694.0,50692.0,50688.0,50690.0,50694.0
2932,50690.9,50690.0,50693.0,50684.0,50690.0,50694.0,50694.0,50692.0,50688.0,50690.0,50694.0
2933,50690.9,50690.0,50693.0,50684.0,50690.0,50694.0,50694.0,50692.0,50688.0,50690.0,50694.0
2934,50690.9,50690.0,50693.0,50684.0,50690.0,50694.0,50694.0,50692.0,50688.0,50690.0,50694.0
2935,50690.9,50690.0,50693.0,50684.0,50690.0,50694.0,50694.0,50692.0,50688.0,50690.0,50694.0
2936,50690.9,50690.0,50693.0,50684.0,50690.0,50694.0,50694.0,50692.0,50688.0,50690.0,50694.0
2937,50690.9,50690.0,50693.0,50684.0,50690.0,50694.0,50694.0,50692.0,50688.0,50690.0,50694.0
2938,50690.9,50690.0,50693.0,50684.0,50690.0,50694.0,50694.0,50692.0,50688.0,50690.0,50694.0
2939,50690.9,50690.0,50693.0,50684.0,50690.0,50694.0,50694.0,50692.0,50688.0,50690.0,50694.0
2940,50690.9,50690.0,50693.0,50684.0,50690.0,50694.0,50694.0,50692.0,50688.0,50690.0,50694.0
2941,50690.9,50690.0,50693.0,50684.0,50690.0,50694.0,50694.0,50692.0,50688.0,50690.0,50694.0
2942,50690.9,50690.0,50693.0,50684.0,50690.0,50694.0,50694.0,50692.0,50688.0,50690.0,50694.0
2943,50690.9,50690.0,50693.0,50684.0,50690.0,50694.0,50694.0,50692.0,50688.0,50690.0,50694.0
2944,50690.9,50690.0,50693.0,50684.0,50690.0,50694.0,50694.0,50692.0,50688.0,50690.0,50694.0
2945,50690.9,50690.0,50693.0,50684.0,50690.0,50694.0,50694.0,50692.0,50688.0,50690.0,50694.0
2946,50690.9,50690.0,50693.0,50684.0,50690.0,50694.0,50694.0,50692.0,50688.0,50690.0,50694.0
2947,50690.9,50690.0,50693.0,50684.0,50690.0,50694.0,50694.0,50692.0,50688.0,50690.0,50694.0
2948,50690.9,50690.0,50693.0,50684.0,50690.0,50694.0,50694.0,50692.0,50688.0,50690.0,50694.0
2949,50690.9,50690.0,50693.0,50684.0,50690.0,50694.0,50694.0,50692.0,50688.0,50690.0,50694.0
2950,50690.9,50690.0,50693.0,50684.0,50690.0,50694.0,50694.0,50692.0,50688.0,50690.0,50694.0
2951,50690.9,50690.0,50693.0,50684.0,50690.0,50694.0,50694.0,50692.0,50688.0,50690.0,50694.0
2952,50690.9,50690.0,50693.0,50684.0,50690.0,50694.0,50694.0,50692.0,50688.0,50690.0,50694.0
2953,50690.9,50690.0,50693.0,50684.0,50690.0,50694.0,50694.0,50692.0,50688.0,50690.0,50694.0
2954,50690.9,50690.0,50693.0,50684.0,50690.0,50694.0,50694.0,50692.0,50688.0,50690.0,50694.0
2955,50690.9,50690.0,50693.0,50684.0,50690.0,50694.0,50694.0,50692.0,50688.0,50690.0,50694.0
2956,50690.9,50690.0,50693.0,50684.0,50690.0,50694.0,50694.0,50692.0,50688.0,50690.0,50694.0
2957,50690.9,50690.0,50693.0,50684.0,50690.0,50694.0,50694.0,50692.0,50688.0,50690.0,50694.0
2958,50690.9,50690.0,50693.0,50684.0,50690.0,50694.0,50694.0,50692.0,50688.0,50690.0,50694.0
2959,50690.9,50690.0,50693.0,50684.0,50690.0,50694.0,50694.0,50692.0,50688.0,50690.0,50694.0
2960,50690.9,50690.0,50693.0,50684.0,50690.0,50694.0,50694.0,50692.0,50688.0,50690.0,50694.0
2961,50690.9,50690.0,50693.0,50684.0,50690.0,50694.0,50694.0,50692.0,50688.0,50690.0,50694.0
2962,50690.9,50690.0,50693.0,50684.0,50690.0,50694.0,50694.0,50692.0,50688.0,50690.0,50694.0
2963,50690.9,50690.0,50693.0,50684.0,50690.0,50694.0,50694.0,50692.0,50688.0,50690.0,50694.0
2964,50690.9,50690.0,50693.0,50684.0,50690.0,50694.0,50694.0,50692.0,50688.0,50690.0,50694.0
2965,50690.9,50690.0,50693.0,50684.0,50690.0,50694.0,50694.0,50692.0,50688.0,50690.0,50694.0
2966,50690.9,50690.0,50693.0,50684.0,50690.0,50694.0,50694.0,50692.0,50688.0,50690.0,50694.0
2967,50690.9,50690.0,50693.0,50684.0,50690.0,50694.0,50694.0,50692.0,50688.0,50690.0,50694.0
2968,50690.9,50690.0,50693.0,50684.0,50690.0,50694.0,50694.0,50692.0,50688.0,50690.0,50694.0
2969,50690.9,50690.0,50693.0,50684.0,50690.0,50694.0,50694.0,50692.0,50688.0,50690.0,50694.0
2970,50690.9,50690.0,50693.0,50684.0,50690.0,50694.0,50694.0,50692.0,50688.0,50690.0,50694.0
2971,50690.9,50690.0,50693.0,50684.0,50690.0,50694.0,50694.0,50692.0,50688.0,50690.0,50694.0
2972,50690.9,50690.0,50693.0,50684.0,50690.0,50694.0,50694.0,50692.0,50688.0,50690.0,50694.0
2973,50690.9,50690.0,50693.0,50684.0,50690.0,50694.0,50694.0,50692.0,50688.0,50690.0,50694.0
2974,50690.9,50690.0,50693.0,50684.0,50690.0,50694.0,50694.0,50692.0,50688.0,50690.0,50694.0
2975,50690.9,50690.0,50693.0,50684.0,50690.0,50694.0,50694.0,50692.0,50688.0,50690.0,50694.0
2976,50690.9,50690.0,50693.0,50684.0,50690.0,50694.0,50694.0,50692.0,50688.0,50690.0,50694.0
2977,50690.9,50690.0,50693.0,50684.0,50690.0,50694.0,50694.0,50692.0,50688.0,50690.0,50694.0
2978,50690.9,50690.0,50693.0,50684.0,50690.0,50694.0,50694.0,50692.0,50688.0,50690.0,50694.0
2979,50690.9,50690.0,50693.0,50684.0,50690.0,50694.0,50694.0,50692.0,50688.0,50690.0,50694.0
2980,50690.9,50690.0,50693.0,50684.0,50690.0,50694.0,50694.0,50692.0,50688.0,50690.0,50694.0
2981,50690.9,50690.0,50693.0,50684.0,50690.0,50694.0,50694.0,50692.0,50688.0,50690.0,50694.0
2982,50690.9,50690.0,50693.0,50684.0,50690.0,50694.0,50694.0,50692.0,50688.0,50690.0,50694.0
2983,50690.9,50690.0,50693.0,50684.0,50690.0,50694.0,50694.0,50692.0,50688.0,50690.0,50694.0
2984,50690.9,50690.0,50693.0,50684.0,50690.0,50694.0,50694.0,50692.0,50688.0,50690.0,50694.0
2985,50690.9,50690.0,50693.0,50684.0,50690.0,50694.0,50694.0,50692.0,50688.0,50690.0,50694.0
2986,50690.9,50690.0,50693.0,50684.0,50690.0,50694.0,50694.0,50692.0,50688.0,50690.0,50694.0
2987,50690.9,50690.0,50693.0,50684.0,50690.0,50694.0,50694.0,50692.0,50688.0,50690.0,50694.0
2988,50690.9,50690.0,50693.0,50684.0,50690.0,50694.0,50694.0,50692.0,50688.0,50690.0,50694.0
2989,50690.9,50690.0,50693.0,50684.0,50690.0,50694.0,50694.0,50692.0,50688.0,50690.0,50694.0
2990,50690.9,50690.0,50693.0,50684.0,50690.0,50694.0,50694.0,50692.0,50688.0,50690.0,50694.0
2991,50690.9,50690.0,50693.0,50684.0,50690.0,50694.0,50694.0,50692.0,50688.0,50690.0,50694.0
2992,50690.9,50690.0,50693.0,50684.0,50690.0,50694.0,50694.0,50692.0,50688.0,50690.0,50694.0
2993,50690.9,50690.0,50693.0,50684.0,50690.0,50694.0,50694.0,50692.0,50688.0,50690.0,50694.0
2994,50690.9,50690.0,50693.0,50684.0,50690.0,50694.0,50694.0,50692.0,50688.0,50690.0,50694.0
2995,50690.9,50690.0,50693.0,50684.0,50690.0,50694.0,50694.0,50692.0,50688.0,50690.0,50694.0
2996,50690.9,50690.0,50693.0,50684.0,50690.0,50694.0,50694.0,50692.0,50688.0,50690.0,50694.0
2997,50690.9,50690.0,50693.0,50684.0,50690.0,50694.0,50694.0,50692.0,50688.0,50690.0,50694.0
2998,50690.9,50690.0,50693.0,50684.0,50690.0,50694.0,50694.0,50692.0,50688.0,50690.0,50694.0
2999,50690.9,50690.0,50693.0,50684.0,50690.0,50694.0,50694.0,50692.0,50688.0,50690.0,50694.0
3000,50690.9,50690.0,50693.0,50684.0,50690.0,50694.0,50694.0,50692.0,50688.0,50690.0,50694.0
3001,50690.9,50690.0,50693.0,50684.0,50690.0,50694.0,50694.0,50692.0,50688.0,50690.0,50694.0
3002,50690.9,50690.0,50693.0,50684.0,50690.0,50694.0,50694.0,50692.0,50688.0,50690.0,50694.0
3003,50690.9,50690.0,50693.0,50684.0,50690.0,50694.0,50694.0,50692.0,50688.0,50690.0,50694.0
3004,50690.9,50690.0,50693.0,50684.0,50690.0,50694.0,50694.0,50692.0,50688.0,50690.0,50694.0
3005,50690.9,50690.0,50693.0,50684.0,50690.0,50694.0,50694.0,50692.0,50688.0,50690.0,50694.0
3006,50690.9,50690.0,50693.0,50684.0,50690.0,50694.0,50694.0,50692.0,50688.0,50690.0,50694.0
3007,50690.9,50690.0,50693.0,50684.0,50690.0,50694.0,50694.0,50692.0,50688.0,50690.0,50694.0
3008,50690.9,50690.0,50693.0,50684.0,50690.0,50694.0,50694.0,50692.0,50688.0,50690.0,50694.0
3009,50690.9,50690.0,50693.0,50684.0,50690.0,50694.0,50694.0,50692.0,50688.0,50690.0,50694.0
3010,50690.9,50690.0,50693.0,50684.0,50690.0,50694.0,50694.0,50692.0,50688.0,50690.0,50694.0
3011,50690.9,50690.0,50693.0,50684.0,50690.0,50694.0,50694.0,50692.0,50688.0,50690.0,50694.0
3012,50690.9,50690.0,50693.0,50684.0,50690.0,50694.0,50694.0,50692.0,50688.0,50690.0,50694.0
3013,50690.9,50690.0,50693.0,50684.0,50690.0,50694.0,50694.0,50692.0,50688.0,50690.0,50694.0
3014,50690.9,50690.0,50693.0,50684.0,50690.0,50694.0,50694.0,50692.0,50688.0,50690.0,50694.0
3015,50690.9,50690.0,50693.0,50684.0,50690.0,50694.0,50694.0,50692.0,50688.0,50690.0,50694.0
3016,50690.9,50690.0,50693.0,50684.0,50690.0,50694.0,50694.0,50692.0,50688.0,50690.0,50694.0
3017,50690.9,50690.0,50693.0,50684.0,50690.0,50694.0,50694.0,50692.0,50688.0,50690.0,50694.0
3018,50690.9,50690.0,50693.0,50684.0,50690.0,50694.0,50694.0,50692.0,50688.0,50690.0,50694.0
3019,50690.9,50690.0,50693.0,50684.0,50690.0,50694.0,50694.0,50692.0,50688.0,50690.0,50694.0
3020,50690.9,50690.0,50693.0,50684.0,50690.0,50694.0,50694.0,50692.0,50688.0,50690.0,50694.0
3021,50690.9,50690.0,50693.0,50684.0,50690.0,50694.0,50694.0,50692.0,50688.0,50690.0,50694.0
3022,50690.9,50690.0,50693.0,50684.0,50690.0,50694.0,50694.0,50692.0,50688.0,50690.0,50694.0
3023,50690.9,50690.0,50693.0,50684.0,50690.0,50694.0,50694.0,50692.0,50688.0,50690.0,50694.0
3024,50690.9,50690.0,50693.0,50684.0,50690.0,50694.0,50694.0,50692.0,50688.0,50690.0,50694.0
3025,50690.9,50690.0,50693.0,50684.0,50690.0,50694.0,50694.0,50692.0,50688.0,50690.0,50694.0
3026,50690.9,50690.0,50693.0,50684.0,50690.0,50694.0,50694.0,50692.0,50688.0,50690.0,50694.0
3027,50690.9,50690.0,50693.0,50684.0,50690.0,50694.0,50694.0,50692.0,50688.0,50690.0,50694.0
3028,50690.9,50690.0,50693.0,50684.0,50690.0,50694.0,50694.0,50692.0,50688.0,50690.0,50694.0
3029,50690.9,50690.0,50693.0,50684.0,50690.0,50694.0,50694.0,50692.0,50688.0,50690.0,50694.0
3030,50690.9,50690.0,50693.0,50684.0,50690.0,50694.0,50694.0,50692.0,50688.0,50690.0,50694.0
3031,50690.9,50690.0,50693.0,50684.0,50690.0,50694.0,50694.0,50692.0,50688.0,50690.0,50694.0
3032,50690.9,50690.0,50693.0,50684.0,50690.0,50694.0,50694.0,50692.0,50688.0,50690.0,50694.0
3033,50690.9,50690.0,50693.0,50684.0,50690.0,50694.0,50694.0,50692.0,50688.0,50690.0,50694.0
3034,50690.9,50690.0,50693.0,50684.0,50690.0,50694.0,50694.0,50692.0,50688.0,50690.0,50694.0
3035,50690.9,50690.0,50693.0,50684.0,50690.0,50694.0,50694.0,50692.0,50688.0,50690.0,50694.0
3036,50690.9,50690.0,50693.0,50684.0,50690.0,50694.0,50694.0,50692.0,50688.0,50690.0,50694.0
3037,50690.9,50690.0,50693.0,50684.0,50690.0,50694.0,50694.0,50692.0,50688.0,50690.0,50694.0
3038,50690.9,50690.0,50693.0,50684.0,50690.0,50694.0,50694.0,50692.0,50688.0,50690.0,50694.0
3039,50690.9,50690.0,50693.0,50684.0,50690.0,50694.0,50694.0,50692.0,50688.0,50690.0,50694.0
3040,50690.9,50690.0,50693.0,50684.0,50690.0,50694.0,50694.0,50692.0,50688.0,50690.0,50694.0
3041,50690.9,50690.0,50693.0,50684.0,50690.0,50694.0,50694.0,50692.0,50688.0,50690.0,50694.0
3042,50690.9,50690.0,50693.0,50684.0,50690.0,50694.0,50694.0,50692.0,50688.0,50690.0,50694.0
3043,50690.9,50690.0,50693.0,50684.0,50690.0,50694.0,50694.0,50692.0,50688.0,50690.0,50694.0
3044,50690.9,50690.0,50693.0,50684.0,50690.0,50694.0,50694.0,50692.0,50688.0,50690.0,50694.0
3045,50690.9,50690.0,50693.0,50684.0,50690.0,50694.0,50694.0,50692.0,50688.0,50690.0,50694.0
3046,50690.9,50690.0,50693.0,50684.0,50690.0,50694.0,50694.0,50692.0,50688.0,50690.0,50694.0
3047,50690.9,50690.0,50693.0,50684.0,50690.0,50694.0,50694.0,50692.0,50688.0,50690.0,50694.0
3048,50690.9,50690.0,50693.0,50684.0,50690.0,50694.0,50694.0,50692.0,50688.0,50690.0,50694.0
3049,50690.9,50690.0,50693.0,50684.0,50690.0,50694.0,50694.0,50692.0,50688.0,50690.0,50694.0
3050,50690.9,50690.0,50693.0,50684.0,50690.0,50694.0,50694.0,50692.0,50688.0,50690.0,50694.0
3051,50690.9,50690.0,50693.0,50684.0,50690.0,50694.0,50694.0,50692.0,50688.0,50690.0,50694.0
3052,50690.9,50690.0,50693.0,50684.0,50690.0,50694.0,50694.0,50692.0,50688.0,50690.0,50694.0
3053,50690.9,50690.0,50693.0,50684.0,50690.0,50694.0,50694.0,50692.0,50688.0,50690.0,50694.0
3054,50690.9,50690.0,50693.0,50684.0,50690.0,50694.0,50694.0,50692.0,50688.0,50690.0,50694.0
3055,50690.9,50690.0,50693.0,50684.0,50690.0,50694.0,50694.0,50692.0,50688.0,50690.0,50694.0
3056,50690.9,50690.0,50693.0,50684.0,50690.0,50694.0,50694.0,50692.0,50688.0,50690.0,50694.0
3057,50690.9,50690.0,50693.0,50684.0,50690.0,50694.0,50694.0,50692.0,50688.0,50690.0,50694.0
3058,50690.9,50690.0,50693.0,50684.0,50690.0,50694.0,50694.0,50692.0,50688.0,50690.0,50694.0
3059,50690.9,50690.0,50693.0,50684.0,50690.0,50694.0,50694.0,50692.0,50688.0,50690.0,50694.0
3060,50690.9,50690.0,50693.0,50684.0,50690.0,50694.0,50694.0,50692.0,50688.0,50690.0,50694.0
3061,50690.9,50690.0,50693.0,50684.0,50690.0,50694.0,50694.0,50692.0,50688.0,50690.0,50694.0
3062,50690.9,50690.0,50693.0,50684.0,50690.0,50694.0,50694.0,50692.0,50688.0,50690.0,50694.0
3063,50690.9,50690.0,50693.0,50684.0,50690.0,50694.0,50694.0,50692.0,50688.0,50690.0,50694.0
3064,50690.9,50690.0,50693.0,50684.0,50690.0,50694.0,50694.0,50692.0,50688.0,50690.0,50694.0
3065,50690.9,50690.0,50693.0,50684.0,50690.0,50694.0,50694.0,50692.0,50688.0,50690.0,50694.0
3066,50690.9,50690.0,50693.0,50684.0,50690.0,50694.0,50694.0,50692.0,50688.0,50690.0,50694.0
3067,50690.9,50690.0,50693.0,50684.0,50690.0,50694.0,50694.0,50692.0,50688.0,50690.0,50694.0
3068,50690.9,50690.0,50693.0,50684.0,50690.0,50694.0,50694.0,50692.0,50688.0,50690.0,50694.0
3069,50690.9,50690.0,50693.0,50684.0,50690.0,50694.0,50694.0,50692.0,50688.0,50690.0,50694.0
3070,50690.9,50690.0,50693.0,50684.0,50690.0,50694.0,50694.0,50692.0,50688.0,50690.0,50694.0
3071,50690.9,50690.0,50693.0,50684.0,50690.0,50694.0,50694.0,50692.0,50688.0,50690.0,50694.0
3072,50690.9,50690.0,50693.0,50684.0,50690.0,50694.0,50694.0,50692.0,50688.0,50690.0,50694.0
3073,50690.9,50690.0,50693.0,50684.0,50690.0,50694.0,50694.0,50692.0,50688.0,50690.0,50694.0
3074,50690.9,50690.0,50693.0,50684.0,50690.0,50694.0,50694.0,50692.0,50688.0,50690.0,50694.0
3075,50690.9,50690.0,50693.0,50684.0,50690.0,50694.0,50694.0,50692.0,50688.0,50690.0,50694.0
3076,50690.9,50690.0,50693.0,50684.0,50690.0,50694.0,50694.0,50692.0,50688.0,50690.0,50694.0
3077,50690.9,50690.0,50693.0,50684.0,50690.0,50694.0,50694.0,50692.0,50688.0,50690.0,50694.0
3078,50690.9,50690.0,50693.0,50684.0,50690.0,50694.0,50694.0,50692.0,50688.0,50690.0,50694.0
3079,50690.9,50690.0,50693.0,50684.0,50690.0,50694.0,50694.0,50692.0,50688.0,50690.0,50694.0
3080,50690.9,50690.0,50693.0,50684.0,50690.0,50694.0,50694.0,50692.0,50688.0,50690.0,50694.0
3081,50690.9,50690.0,50693.0,50684.0,50690.0,50694.0,50694.0,50692.0,50688.0,50690.0,50694.0
3082,50690.9,50690.0,50693.0,50684.0,50690.0,50694.0,50694.0,50692.0,50688.0,50690.0,50694.0
3083,50690.9,50690.0,50693.0,50684.0,50690.0,50694.0,50694.0,50692.0,50688.0,50690.0,50694.0
3084,50690.9,50690.0,50693.0,50684.0,50690.0,50694.0,50694.0,50692.0,50688.0,50690.0,50694.0
3085,50690.9,50690.0,50693.0,50684.0,50690.0,50694.0,50694.0,50692.0,50688.0,50690.0,50694.0
3086,50690.9,50690.0,50693.0,50684.0,50690.0,50694.0,50694.0,50692.0,50688.0,50690.0,50694.0
3087,50690.9,50690.0,50693.0,50684.0,50690.0,50694.0,50694.0,50692.0,50688.0,50690.0,50694.0
3088,50690.9,50690.0,50693.0,50684.0,50690.0,50694.0,50694.0,50692.0,50688.0,50690.0,50694.0
3089,50690.9,50690.0,50693.0,50684.0,50690.0,50694.0,50694.0,50692.0,50688.0,50690.0,50694.0
3090,50690.9,50690.0,50693.0,50684.0,50690.0,50694.0,50694.0,50692.0,50688.0,50690.0,50694.0
3091,50690.9,50690.0,50693.0,50684.0,50690.0,50694.0,50694.0,50692.0,50688.0,50690.0,50694.0
3092,50690.9,50690.0,50693.0,50684.0,50690.0,50694.0,50694.0,50692.0,50688.0,50690.0,50694.0
3093,50690.9,50690.0,50693.0,50684.0,50690.0,50694.0,50694.0,50692.0,50688.0,50690.0,50694.0
3094,50690.9,50690.0,50693.0,50684.0,50690.0,50694.0,50694.0,50692.0,50688.0,50690.0,50694.0
3095,50690.9,50690.0,50693.0,50684.0,50690.0,50694.0,50694.0,50692.0,50688.0,50690.0,50694.0
3096,50690.9,50690.0,50693.0,50684.0,50690.0,50694.0,50694.0,50692.0,50688.0,50690.0,50694.0
3097,50690.9,50690.0,50693.0,50684.0,50690.0,50694.0,50694.0,50692.0,50688.0,50690.0,50694.0
3098,50690.9,50690.0,50693.0,50684.0,50690.0,50694.0,50694.0,50692.0,50688.0,50690.0,50694.0
3099,50690.9,50690.0,50693.0,50684.0,50690.0,50694.0,50694.0,50692.0,50688.0,50690.0,50694.0
3100,50690.9,50690.0,50693.0,50684.0,50690.0,50694.0,50694.0,50692.0,50688.0,50690.0,50694.0
3101,50690.9,50690.0,50693.0,50684.0,50690.0,50694.0,50694.0,50692.0,50688.0,50690.0,50694.0
3102,50690.9,50690.0,50693.0,50684.0,50690.0,50694.0,50694.0,50692.0,50688.0,50690.0,50694.0
3103,50690.9,50690.0,50693.0,50684.0,50690.0,50694.0,50694.0,50692.0,50688.0,50690.0,50694.0
3104,50690.9,50690.0,50693.0,50684.0,50690.0,50694.0,50694.0,50692.0,50688.0,50690.0,50694.0
3105,50690.9,50690.0,50693.0,50684.0,50690.0,50694.0,50694.0,50692.0,50688.0,50690.0,50694.0
3106,50690.9,50690.0,50693.0,50684.0,50690.0,50694.0,50694.0,50692.0,50688.0,50690.0,50694.0
3107,50690.9,50690.0,50693.0,50684.0,50690.0,50694.0,50694.0,50692.0,50688.0,50690.0,50694.0
3108,50690.9,50690.0,50693.0,50684.0,50690.0,50694.0,50694.0,50692.0,50688.0,50690.0,50694.0
3109,50690.9,50690.0,50693.0,50684.0,50690.0,50694.0,50694.0,50692.0,50688.0,50690.0,50694.0
3110,50690.9,50690.0,50693.0,50684.0,50690.0,50694.0,50694.0,50692.0,50688.0,50690.0,50694.0
3111,50690.9,50690.0,50693.0,50684.0,50690.0,50694.0,50694.0,50692.0,50688.0,50690.0,50694.0
3112,50690.9,50690.0,50693.0,50684.0,50690.0,50694.0,50694.0,50692.0,50688.0,50690.0,50694.0
3113,50690.9,50690.0,50693.0,50684.0,50690.0,50694.0,50694.0,50692.0,50688.0,50690.0,50694.0
3114,50690.9,50690.0,50693.0,50684.0,50690.0,50694.0,50694.0,50692.0,50688.0,50690.0,50694.0
3115,50690.9,50690.0,50693.0,50684.0,50690.0,50694.0,50694.0,50692.0,50688.0,50690.0,50694.0
3116,50690.9,50690.0,50693.0,50684.0,50690.0,50694.0,50694.0,50692.0,50688.0,50690.0,50694.0
3117,50690.9,50690.0,50693.0,50684.0,50690.0,50694.0,50694.0,50692.0,50688.0,50690.0,50694.0
3118,50690.9,50690.0,50693.0,50684.0,50690.0,50694.0,50694.0,50692.0,50688.0,50690.0,50694.0
3119,50690.9,50690.0,50693.0,50684.0,50690.0,50694.0,50694.0,50692.0,50688.0,50690.0,50694.0
3120,50690.9,50690.0,50693.0,50684.0,50690.0,50694.0,50694.0,50692.0,50688.0,50690.0,50694.0
3121,50690.9,50690.0,50693.0,50684.0,50690.0,50694.0,50694.0,50692.0,50688.0,50690.0,50694.0
3122,50690.9,50690.0,50693.0,50684.0,50690.0,50694.0,50694.0,50692.0,50688.0,50690.0,50694.0
3123,50690.9,50690.0,50693.0,50684.0,50690.0,50694.0,50694.0,50692.0,50688.0,50690.0,50694.0
3124,50690.9,50690.0,50693.0,50684.0,50690.0,50694.0,50694.0,50692.0,50688.0,50690.0,50694.0
3125,50690.9,50690.0,50693.0,50684.0,50690.0,50694.0,50694.0,50692.0,50688.0,50690.0,50694.0
3126,50690.9,50690.0,50693.0,50684.0,50690.0,50694.0,50694.0,50692.0,50688.0,50690.0,50694.0
3127,50690.9,50690.0,50693.0,50684.0,50690.0,50694.0,50694.0,50692.0,50688.0,50690.0,50694.0
3128,50690.9,50690.0,50693.0,50684.0,50690.0,50694.0,50694.0,50692.0,50688.0,50690.0,50694.0
3129,50690.9,50690.0,50693.0,50684.0,50690.0,50694.0,50694.0,50692.0,50688.0,50690.0,50694.0
3130,50690.9,50690.0,50693.0,50684.0,50690.0,50694.0,50694.0,50692.0,50688.0,50690.0,50694.0
3131,50690.9,50690.0,50693.0,50684.0,50690.0,50694.0,50694.0,50692.0,50688.0,50690.0,50694.0
3132,50690.9,50690.0,50693.0,50684.0,50690.0,50694.0,50694.0,50692.0,50688.0,50690.0,50694.0
3133,50690.9,50690.0,50693.0,50684.0,50690.0,50694.0,50694.0,50692.0,50688.0,50690.0,50694.0
3134,50690.9,50690.0,50693.0,50684.0,50690.0,50694.0,50694.0,50692.0,50688.0,50690.0,50694.0
3135,50690.9,50690.0,50693.0,50684.0,50690.0,50694.0,50694.0,50692.0,50688.0,50690.0,50694.0
3136,50690.9,50690.0,50693.0,50684.0,50690.0,50694.0,50694.0,50692.0,50688.0,50690.0,50694.0
3137,50690.9,50690.0,50693.0,50684.0,50690.0,50694.0,50694.0,50692.0,50688.0,50690.0,50694.0
3138,50690.9,50690.0,50693.0,50684.0,50690.0,50694.0,50694.0,50692.0,50688.0,50690.0,50694.0
3139,50690.9,50690.0,50693.0,50684.0,50690.0,50694.0,50694.0,50692.0,50688.0,50690.0,50694.0
3140,50690.9,50690.0,50693.0,50684.0,50690.0,50694.0,50694.0,50692.0,50688.0,50690.0,50694.0
3141,50690.9,50690.0,50693.0,50684.0,50690.0,50694.0,50694.0,50692.0,50688.0,50690.0,50694.0
3142,50690.9,50690.0,50693.0,50684.0,50690.0,50694.0,50694.0,50692.0,50688.0,50690.0,50694.0
3143,50690.9,50690.0,50693.0,50684.0,50690.0,50694.0,50694.0,50692.0,50688.0,50690.0,50694.0
3144,50690.9,50690.0,50693.0,50684.0,50690.0,50694.0,50694.0,50692.0,50688.0,50690.0,50694.0
3145,50690.9,50690.0,50693.0,50684.0,50690.0,50694.0,50694.0,50692.0,50688.0,50690.0,50694.0
3146,50690.9,50690.0,50693.0,50684.0,50690.0,50694.0,50694.0,50692.0,50688.0,50690.0,50694.0
3147,50690.9,50690.0,50693.0,50684.0,50690.0,50694.0,50694.0,50692.0,50688.0,50690.0,50694.0
3148,50690.9,50690.0,50693.0,50684.0,50690.0,50694.0,50694.0,50692.0,50688.0,50690.0,50694.0
3149,50690.9,50690.0,50693.0,50684.0,50690.0,50694.0,50694.0,50692.0,50688.0,50690.0,50694.0
3150,50690.9,50690.0,50693.0,50684.0,50690.0,50694.0,50694.0,50692.0,50688.0,50690.0,50694.0
3151,50690.9,50690.0,50693.0,50684.0,50690.0,50694.0,50694.0,50692.0,50688.0,50690.0,50694.0
3152,50690.9,50690.0,50693.0,50684.0,50690.0,50694.0,50694.0,50692.0,50688.0,50690.0,50694.0
3153,50690.9,50690.0,50693.0,50684.0,50690.0,50694.0,50694.0,50692.0,50688.0,50690.0,50694.0
3154,50690.9,50690.0,50693.0,50684.0,50690.0,50694.0,50694.0,50692.0,50688.0,50690.0,50694.0
3155,50690.9,50690.0,50693.0,50684.0,50690.0,50694.0,50694.0,50692.0,50688.0,50690.0,50694.0
3156,50690.9,50690.0,50693.0,50684.0,50690.0,50694.0,50694.0,50692.0,50688.0,50690.0,50694.0
3157,50690.9,50690.0,50693.0,50684.0,50690.0,50694.0,50694.0,50692.0,50688.0,50690.0,50694.0
3158,50690.9,50690.0,50693.0,50684.0,50690.0,50694.0,50694.0,50692.0,50688.0,50690.0,50694.0
3159,50690.9,50690.0,50693.0,50684.0,50690.0,50694.0,50694.0,50692.0,50688.0,50690.0,50694.0
3160,50690.9,50690.0,50693.0,50684.0,50690.0,50694.0,50694.0,50692.0,50688.0,50690.0,50694.0
3161,50690.9,50690.0,50693.0,50684.0,50690.0,50694.0,50694.0,50692.0,50688.0,50690.0,50694.0
3162,50690.9,50690.0,50693.0,50684.0,50690.0,50694.0,50694.0,50692.0,50688.0,50690.0,50694.0
3163,50690.9,50690.0,50693.0,50684.0,50690.0,50694.0,50694.0,50692.0,50688.0,50690.0,50694.0
3164,50690.9,50690.0,50693.0,50684.0,50690.0,50694.0,50694.0,50692.0,50688.0,50690.0,50694.0
3165,50690.9,50690.0,50693.0,50684.0,50690.0,50694.0,50694.0,50692.0,50688.0,50690.0,50694.0
3166,50690.9,50690.0,50693.0,50684.0,50690.0,50694.0,50694.0,50692.0,50688.0,50690.0,50694.0
3167,50690.9,50690.0,50693.0,50684.0,50690.0,50694.0,50694.0,50692.0,50688.0,50690.0,50694.0
3168,50690.9,50690.0,50693.0,50684.0,50690.0,50694.0,50694.0,50692.0,50688.0,50690.0,50694.0
3169,50690.9,50690.0,50693.0,50684.0,50690.0,50694.0,50694.0,50692.0,50688.0,50690.0,50694.0
3170,50690.9,50690.0,50693.0,50684.0,50690.0,50694.0,50694.0,50692.0,50688.0,50690.0,50694.0
3171,50690.9,50690.0,50693.0,50684.0,50690.0,50694.0,50694.0,50692.0,50688.0,50690.0,50694.0
3172,50690.9,50690.0,50693.0,50684.0,50690.0,50694.0,50694.0,50692.0,50688.0,50690.0,50694.0
3173,50690.9,50690.0,50693.0,50684.0,50690.0,50694.0,50694.0,50692.0,50688.0,50690.0,50694.0
3174,50690.9,50690.0,50693.0,50684.0,50690.0,50694.0,50694.0,50692.0,50688.0,50690.0,50694.0
3175,50690.9,50690.0,50693.0,50684.0,50690.0,50694.0,50694.0,50692.0,50688.0,50690.0,50694.0
3176,50690.9,50690.0,50693.0,50684.0,50690.0,50694.0,50694.0,50692.0,50688.0,50690.0,50694.0
3177,50690.9,50690.0,50693.0,50684.0,50690.0,50694.0,50694.0,50692.0,50688.0,50690.0,50694.0
3178,50690.9,50690.0,50693.0,50684.0,50690.0,50694.0,50694.0,50692.0,50688.0,50690.0,50694.0
3179,50690.9,50690.0,50693.0,50684.0,50690.0,50694.0,50694.0,50692.0,50688.0,50690.0,50694.0
3180,50690.9,50690.0,50693.0,50684.0,50690.0,50694.0,50694.0,50692.0,50688.0,50690.0,50694.0
3181,50690.9,50690.0,50693.0,50684.0,50690.0,50694.0,50694.0,50692.0,50688.0,50690.0,50694.0
3182,50690.9,50690.0,50693.0,50684.0,50690.0,50694.0,50694.0,50692.0,50688.0,50690.0,50694.0
3183,50690.9,50690.0,50693.0,50684.0,50690.0,50694.0,50694.0,50692.0,50688.0,50690.0,50694.0
3184,50690.9,50690.0,50693.0,50684.0,50690.0,50694.0,50694.0,50692.0,50688.0,50690.0,50694.0
3185,50690.9,50690.0,50693.0,50684.0,50690.0,50694.0,50694.0,50692.0,50688.0,50690.0,50694.0
3186,50690.9,50690.0,50693.0,50684.0,50690.0,50694.0,50694.0,50692.0,50688.0,50690.0,50694.0
3187,50690.9,50690.0,50693.0,50684.0,50690.0,50694.0,50694.0,50692.0,50688.0,50690.0,50694.0
3188,50690.9,50690.0,50693.0,50684.0,50690.0,50694.0,50694.0,50692.0,50688.0,50690.0,50694.0
3189,50690.9,50690.0,50693.0,50684.0,50690.0,50694.0,50694.0,50692.0,50688.0,50690.0,50694.0
3190,50690.9,50690.0,50693.0,50684.0,50690.0,50694.0,50694.0,50692.0,50688.0,50690.0,50694.0
3191,50690.9,50690.0,50693.0,50684.0,50690.0,50694.0,50694.0,50692.0,50688.0,50690.0,50694.0
3192,50690.9,50690.0,50693.0,50684.0,50690.0,50694.0,50694.0,50692.0,50688.0,50690.0,50694.0
3193,50690.9,50690.0,50693.0,50684.0,50690.0,50694.0,50694.0,50692.0,50688.0,50690.0,50694.0
3194,50690.9,50690.0,50693.0,50684.0,50690.0,50694.0,50694.0,50692.0,50688.0,50690.0,50694.0
3195,50690.9,50690.0,50693.0,50684.0,50690.0,50694.0,50694.0,50692.0,50688.0,50690.0,50694.0
3196,50690.9,50690.0,50693.0,50684.0,50690.0,50694.0,50694.0,50692.0,50688.0,50690.0,50694.0
3197,50690.9,50690.0,50693.0,50684.0,50690.0,50694.0,50694.0,50692.0,50688.0,50690.0,50694.0
3198,50690.9,50690.0,50693.0,50684.0,50690.0,50694.0,50694.0,50692.0,50688.0,50690.0,50694.0
3199,50690.9,50690.0,50693.0,50684.0,50690.0,50694.0,50694.0,50692.0,50688.0,50690.0,50694.0
3200,50690.9,50690.0,50693.0,50684.0,50690.0,50694.0,50694.0,50692.0,50688.0,50690.0,50694.0
3201,50690.9,50690.0,50693.0,50684.0,50690.0,50694.0,50694.0,50692.0,50688.0,50690.0,50694.0
3202,50690.9,50690.0,50693.0,50684.0,50690.0,50694.0,50694.0,50692.0,50688.0,50690.0,50694.0
3203,50690.9,50690.0,50693.0,50684.0,50690.0,50694.0,50694.0,50692.0,50688.0,50690.0,50694.0
3204,50690.9,50690.0,50693.0,50684.0,50690.0,50694.0,50694.0,50692.0,50688.0,50690.0,50694.0
3205,50690.9,50690.0,50693.0,50684.0,50690.0,50694.0,50694.0,50692.0,50688.0,50690.0,50694.0
3206,50690.9,50690.0,50693.0,50684.0,50690.0,50694.0,50694.0,50692.0,50688.0,50690.0,50694.0
3207,50690.9,50690.0,50693.0,50684.0,50690.0,50694.0,50694.0,50692.0,50688.0,50690.0,50694.0
3208,50690.9,50690.0,50693.0,50684.0,50690.0,50694.0,50694.0,50692.0,50688.0,50690.0,50694.0
3209,50690.9,50690.0,50693.0,50684.0,50690.0,50694.0,50694.0,50692.0,50688.0,50690.0,50694.0
3210,50690.9,50690.0,50693.0,50684.0,50690.0,50694.0,50694.0,50692.0,50688.0,50690.0,50694.0
3211,50690.9,50690.0,50693.0,50684.0,50690.0,50694.0,50694.0,50692.0,50688.0,50690.0,50694.0
3212,50690.9,50690.0,50693.0,50684.0,50690.0,50694.0,50694.0,50692.0,50688.0,50690.0,50694.0
3213,50690.9,50690.0,50693.0,50684.0,50690.0,50694.0,50694.0,50692.0,50688.0,50690.0,50694.0
3214,50690.9,50690.0,50693.0,50684.0,50690.0,50694.0,50694.0,50692.0,50688.0,50690.0,50694.0
3215,50690.9,50690.0,50693.0,50684.0,50690.0,50694.0,50694.0,50692.0,50688.0,50690.0,50694.0
3216,50690.9,50690.0,50693.0,50684.0,50690.0,50694.0,50694.0,50692.0,50688.0,50690.0,50694.0
3217,50690.9,50690.0,50693.0,50684.0,50690.0,50694.0,50694.0,50692.0,50688.0,50690.0,50694.0
3218,50690.9,50690.0,50693.0,50684.0,50690.0,50694.0,50694.0,50692.0,50688.0,50690.0,50694.0
3219,50690.9,50690.0,50693.0,50684.0,50690.0,50694.0,50694.0,50692.0,50688.0,50690.0,50694.0
3220,50690.9,50690.0,50693.0,50684.0,50690.0,50694.0,50694.0,50692.0,50688.0,50690.0,50694.0
3221,50690.9,50690.0,50693.0,50684.0,50690.0,50694.0,50694.0,50692.0,50688.0,50690.0,50694.0
3222,50690.9,50690.0,50693.0,50684.0,50690.0,50694.0,50694.0,50692.0,50688.0,50690.0,50694.0
3223,50690.9,50690.0,50693.0,50684.0,50690.0,50694.0,50694.0,50692.0,50688.0,50690.0,50694.0
3224,50690.9,50690.0,50693.0,50684.0,50690.0,50694.0,50694.0,50692.0,50688.0,50690.0,50694.0
3225,50690.9,50690.0,50693.0,50684.0,50690.0,50694.0,50694.0,50692.0,50688.0,50690.0,50694.0
3226,50690.9,50690.0,50693.0,50684.0,50690.0,50694.0,50694.0,50692.0,50688.0,50690.0,50694.0
3227,50690.9,50690.0,50693.0,50684.0,50690.0,50694.0,50694.0,50692.0,50688.0,50690.0,50694.0
3228,50690.9,50690.0,50693.0,50684.0,50690.0,50694.0,50694.0,50692.0,50688.0,50690.0,50694.0
3229,50690.9,50690.0,50693.0,50684.0,50690.0,50694.0,50694.0,50692.0,50688.0,50690.0,50694.0
3230,50690.9,50690.0,50693.0,50684.0,50690.0,50694.0,50694.0,50692.0,50688.0,50690.0,50694.0
3231,50690.9,50690.0,50693.0,50684.0,50690.0,50694.0,50694.0,50692.0,50688.0,50690.0,50694.0
3232,50690.9,50690.0,50693.0,50684.0,50690.0,50694.0,50694.0,50692.0,50688.0,50690.0,50694.0
3233,50690.9,50690.0,50693.0,50684.0,50690.0,50694.0,50694.0,50692.0,50688.0,50690.0,50694.0
3234,50690.9,50690.0,50693.0,50684.0,50690.0,50694.0,50694.0,50692.0,50688.0,50690.0,50694.0
3235,50690.9,50690.0,50693.0,50684.0,50690.0,50694.0,50694.0,50692.0,50688.0,50690.0,50694.0
3236,50690.9,50690.0,50693.0,50684.0,50690.0,50694.0,50694.0,50692.0,50688.0,50690.0,50694.0
3237,50690.9,50690.0,50693.0,50684.0,50690.0,50694.0,50694.0,50692.0,50688.0,50690.0,50694.0
3238,50690.9,50690.0,50693.0,50684.0,50690.0,50694.0,50694.0,50692.0,50688.0,50690.0,50694.0
3239,50690.9,50690.0,50693.0,50684.0,50690.0,50694.0,50694.0,50692.0,50688.0,50690.0,50694.0
3240,50690.9,50690.0,50693.0,50684.0,50690.0,50694.0,50694.0,50692.0,50688.0,50690.0,50694.0
3241,50690.9,50690.0,50693.0,50684.0,50690.0,50694.0,50694.0,50692.0,50688.0,50690.0,50694.0
3242,50690.9,50690.0,50693.0,50684.0,50690.0,50694.0,50694.0,50692.0,50688.0,50690.0,50694.0
3243,50690.9,50690.0,50693.0,50684.0,50690.0,50694.0,50694.0,50692.0,50688.0,50690.0,50694.0
3244,50690.9,50690.0,50693.0,50684.0,50690.0,50694.0,50694.0,50692.0,50688.0,50690.0,50694.0
3245,50690.9,50690.0,50693.0,50684.0,50690.0,50694.0,50694.0,50692.0,50688.0,50690.0,50694.0
3246,50690.9,50690.0,50693.0,50684.0,50690.0,50694.0,50694.0,50692.0,50688.0,50690.0,50694.0
3247,50690.9,50690.0,50693.0,50684.0,50690.0,50694.0,50694.0,50692.0,50688.0,50690.0,50694.0
3248,50690.9,50690.0,50693.0,50684.0,50690.0,50694.0,50694.0,50692.0,50688.0,50690.0,50694.0
3249,50690.9,50690.0,50693.0,50684.0,50690.0,50694.0,50694.0,50692.0,50688.0,50690.0,50694.0
3250,50690.9,50690.0,50693.0,50684.0,50690.0,50694.0,50694.0,50692.0,50688.0,50690.0,50694.0
3251,50690.9,50690.0,50693.0,50684.0,50690.0,50694.0,50694.0,50692.0,50688.0,50690.0,50694.0
3252,50690.9,50690.0,50693.0,50684.0,50690.0,50694.0,50694.0,50692.0,50688.0,50690.0,50694.0
3253,50690.9,50690.0,50693.0,50684.0,50690.0,50694.0,50694.0,50692.0,50688.0,50690.0,50694.0
3254,50690.9,50690.0,50693.0,50684.0,50690.0,50694.0,50694.0,50692.0,50688.0,50690.0,50694.0
3255,50690.9,50690.0,50693.0,50684.0,50690.0,50694.0,50694.0,50692.0,50688.0,50690.0,50694.0
3256,50690.9,50690.0,50693.0,50684.0,50690.0,50694.0,50694.0,50692.0,50688.0,50690.0,50694.0
3257,50690.9,50690.0,50693.0,50684.0,50690.0,50694.0,50694.0,50692.0,50688.0,50690.0,50694.0
3258,50690.9,50690.0,50693.0,50684.0,50690.0,50694.0,50694.0,50692.0,50688.0,50690.0,50694.0
3259,50690.9,50690.0,50693.0,50684.0,50690.0,50694.0,50694.0,50692.0,50688.0,50690.0,50694.0
3260,50690.9,50690.0,50693.0,50684.0,50690.0,50694.0,50694.0,50692.0,50688.0,50690.0,50694.0
3261,50690.9,50690.0,50693.0,50684.0,50690.0,50694.0,50694.0,50692.0,50688.0,50690.0,50694.0
3262,50690.9,50690.0,50693.0,50684.0,50690.0,50694.0,50694.0,50692.0,50688.0,50690.0,50694.0
3263,50690.9,50690.0,50693.0,50684.0,50690.0,50694.0,50694.0,50692.0,50688.0,50690.0,50694.0
3264,50690.9,50690.0,50693.0,50684.0,50690.0,50694.0,50694.0,50692.0,50688.0,50690.0,50694.0
3265,50690.9,50690.0,50693.0,50684.0,50690.0,50694.0,50694.0,50692.0,50688.0,50690.0,50694.0
3266,50690.9,50690.0,50693.0,50684.0,50690.0,50694.0,50694.0,50692.0,50688.0,50690.0,50694.0
3267,50690.9,50690.0,50693.0,50684.0,50690.0,50694.0,50694.0,50692.0,50688.0,50690.0,50694.0
3268,50690.9,50690.0,50693.0,50684.0,50690.0,50694.0,50694.0,50692.0,50688.0,50690.0,50694.0
3269,50690.9,50690.0,50693.0,50684.0,50690.0,50694.0,50694.0,50692.0,50688.0,50690.0,50694.0
3270,50690.9,50690.0,50693.0,50684.0,50690.0,50694.0,50694.0,50692.0,50688.0,50690.0,50694.0
3271,50690.9,50690.0,50693.0,50684.0,50690.0,50694.0,50694.0,50692.0,50688.0,50690.0,50694.0
3272,50690.9,50690.0,50693.0,50684.0,50690.0,50694.0,50694.0,50692.0,50688.0,50690.0,50694.0
3273,50690.9,50690.0,50693.0,50684.0,50690.0,50694.0,50694.0,50692.0,50688.0,50690.0,50694.0
3274,50690.9,50690.0,50693.0,50684.0,50690.0,50694.0,50694.0,50692.0,50688.0,50690.0,50694.0
3275,50690.9,50690.0,50693.0,50684.0,50690.0,50694.0,50694.0,50692.0,50688.0,50690.0,50694.0
3276,50690.9,50690.0,50693.0,50684.0,50690.0,50694.0,50694.0,50692.0,50688.0,50690.0,50694.0
3277,50690.9,50690.0,50693.0,50684.0,50690.0,50694.0,50694.0,50692.0,50688.0,50690.0,50694.0
3278,50690.9,50690.0,50693.0,50684.0,50690.0,50694.0,50694.0,50692.0,50688.0,50690.0,50694.0
3279,50690.9,50690.0,50693.0,50684.0,50690.0,50694.0,50694.0,50692.0,50688.0,50690.0,50694.0
3280,50690.9,50690.0,50693.0,50684.0,50690.0,50694.0,50694.0,50692.0,50688.0,50690.0,50694.0
3281,50690.9,50690.0,50693.0,50684.0,50690.0,50694.0,50694.0,50692.0,50688.0,50690.0,50694.0
3282,50690.9,50690.0,50693.0,50684.0,50690.0,50694.0,50694.0,50692.0,50688.0,50690.0,50694.0
3283,50690.9,50690.0,50693.0,50684.0,50690.0,50694.0,50694.0,50692.0,50688.0,50690.0,50694.0
3284,50690.9,50690.0,50693.0,50684.0,50690.0,50694.0,50694.0,50692.0,50688.0,50690.0,50694.0
3285,50690.9,50690.0,50693.0,50684.0,50690.0,50694.0,50694.0,50692.0,50688.0,50690.0,50694.0
3286,50690.9,50690.0,50693.0,50684.0,50690.0,50694.0,50694.0,50692.0,50688.0,50690.0,50694.0
3287,50690.9,50690.0,50693.0,50684.0,50690.0,50694.0,50694.0,50692.0,50688.0,50690.0,50694.0
3288,50690.9,50690.0,50693.0,50684.0,50690.0,50694.0,50694.0,50692.0,50688.0,50690.0,50694.0
3289,50690.9,50690.0,50693.0,50684.0,50690.0,50694.0,50694.0,50692.0,50688.0,50690.0,50694.0
3290,50690.9,50690.0,50693.0,50684.0,50690.0,50694.0,50694.0,50692.0,50688.0,50690.0,50694.0
3291,50690.9,50690.0,50693.0,50684.0,50690.0,50694.0,50694.0,50692.0,50688.0,50690.0,50694.0
3292,50690.9,50690.0,50693.0,50684.0,50690.0,50694.0,50694.0,50692.0,50688.0,50690.0,50694.0
3293,50690.9,50690.0,50693.0,50684.0,50690.0,50694.0,50694.0,50692.0,50688.0,50690.0,50694.0
3294,50690.9,50690.0,50693.0,50684.0,50690.0,50694.0,50694.0,50692.0,50688.0,50690.0,50694.0
3295,50690.9,50690.0,50693.0,50684.0,50690.0,50694.0,50694.0,50692.0,50688.0,50690.0,50694.0
3296,50690.9,50690.0,50693.0,50684.0,50690.0,50694.0,50694.0,50692.0,50688.0,50690.0,50694.0
3297,50690.9,50690.0,50693.0,50684.0,50690.0,50694.0,50694.0,50692.0,50688.0,50690.0,50694.0
3298,50690.9,50690.0,50693.0,50684.0,50690.0,50694.0,50694.0,50692.0,50688.0,50690.0,50694.0
3299,50690.9,50690.0,50693.0,50684.0,50690.0,50694.0,50694.0,50692.0,50688.0,50690.0,50694.0
3300,50690.9,50690.0,50693.0,50684.0,50690.0,50694.0,50694.0,50692.0,50688.0,50690.0,50694.0
3301,50690.9,50690.0,50693.0,50684.0,50690.0,50694.0,50694.0,50692.0,50688.0,50690.0,50694.0
3302,50690.9,50690.0,50693.0,50684.0,50690.0,50694.0,50694.0,50692.0,50688.0,50690.0,50694.0
3303,50690.9,50690.0,50693.0,50684.0,50690.0,50694.0,50694.0,50692.0,50688.0,50690.0,50694.0
3304,50690.9,50690.0,50693.0,50684.0,50690.0,50694.0,50694.0,50692.0,50688.0,50690.0,50694.0
3305,50690.9,50690.0,50693.0,50684.0,50690.0,50694.0,50694.0,50692.0,50688.0,50690.0,50694.0
3306,50690.9,50690.0,50693.0,50684.0,50690.0,50694.0,50694.0,50692.0,50688.0,50690.0,50694.0
3307,50690.9,50690.0,50693.0,50684.0,50690.0,50694.0,50694.0,50692.0,50688.0,50690.0,50694.0
3308,50690.9,50690.0,50693.0,50684.0,50690.0,50694.0,50694.0,50692.0,50688.0,50690.0,50694.0
3309,50690.9,50690.0,50693.0,50684.0,50690.0,50694.0,50694.0,50692.0,50688.0,50690.0,50694.0
3310,50690.9,50690.0,50693.0,50684.0,50690.0,50694.0,50694.0,50692.0,50688.0,50690.0,50694.0
3311,50690.9,50690.0,50693.0,50684.0,50690.0,50694.0,50694.0,50692.0,50688.0,50690.0,50694.0
3312,50690.9,50690.0,50693.0,50684.0,50690.0,50694.0,50694.0,50692.0,50688.0,50690.0,50694.0
3313,50690.9,50690.0,50693.0,50684.0,50690.0,50694.0,50694.0,50692.0,50688.0,50690.0,50694.0
3314,50690.9,50690.0,50693.0,50684.0,50690.0,50694.0,50694.0,50692.0,50688.0,50690.0,50694.0
3315,50690.9,50690.0,50693.0,50684.0,50690.0,50694.0,50694.0,50692.0,50688.0,50690.0,50694.0
3316,50690.9,50690.0,50693.0,50684.0,50690.0,50694.0,50694.0,50692.0,50688.0,50690.0,50694.0
3317,50690.9,50690.0,50693.0,50684.0,50690.0,50694.0,50694.0,50692.0,50688.0,50690.0,50694.0
3318,50690.9,50690.0,50693.0,50684.0,50690.0,50694.0,50694.0,50692.0,50688.0,50690.0,50694.0
3319,50690.9,50690.0,50693.0,50684.0,50690.0,50694.0,50694.0,50692.0,50688.0,50690.0,50694.0
3320,50690.9,50690.0,50693.0,50684.0,50690.0,50694.0,50694.0,50692.0,50688.0,50690.0,50694.0
3321,50690.9,50690.0,50693.0,50684.0,50690.0,50694.0,50694.0,50692.0,50688.0,50690.0,50694.0
3322,50690.9,50690.0,50693.0,50684.0,50690.0,50694.0,50694.0,50692.0,50688.0,50690.0,50694.0
3323,50690.9,50690.0,50693.0,50684.0,50690.0,50694.0,50694.0,50692.0,50688.0,50690.0,50694.0
3324,50690.9,50690.0,50693.0,50684.0,50690.0,50694.0,50694.0,50692.0,50688.0,50690.0,50694.0
3325,50690.9,50690.0,50693.0,50684.0,50690.0,50694.0,50694.0,50692.0,50688.0,50690.0,50694.0
3326,50690.9,50690.0,50693.0,50684.0,50690.0,50694.0,50694.0,50692.0,50688.0,50690.0,50694.0
3327,50690.9,50690.0,50693.0,50684.0,50690.0,50694.0,50694.0,50692.0,50688.0,50690.0,50694.0
3328,50690.9,50690.0,50693.0,50684.0,50690.0,50694.0,50694.0,50692.0,50688.0,50690.0,50694.0
3329,50690.9,50690.0,50693.0,50684.0,50690.0,50694.0,50694.0,50692.0,50688.0,50690.0,50694.0
3330,50690.9,50690.0,50693.0,50684.0,50690.0,50694.0,50694.0,50692.0,50688.0,50690.0,50694.0
3331,50690.9,50690.0,50693.0,50684.0,50690.0,50694.0,50694.0,50692.0,50688.0,50690.0,50694.0
3332,50690.9,50690.0,50693.0,50684.0,50690.0,50694.0,50694.0,50692.0,50688.0,50690.0,50694.0
3333,50690.9,50690.0,50693.0,50684.0,50690.0,50694.0,50694.0,50692.0,50688.0,50690.0,50694.0
3334,50690.9,50690.0,50693.0,50684.0,50690.0,50694.0,50694.0,50692.0,50688.0,50690.0,50694.0
3335,50690.9,50690.0,50693.0,50684.0,50690.0,50694.0,50694.0,50692.0,50688.0,50690.0,50694.0
3336,50690.9,50690.0,50693.0,50684.0,50690.0,50694.0,50694.0,50692.0,50688.0,50690.0,50694.0
3337,50690.9,50690.0,50693.0,50684.0,50690.0,50694.0,50694.0,50692.0,50688.0,50690.0,50694.0
3338,50690.9,50690.0,50693.0,50684.0,50690.0,50694.0,50694.0,50692.0,50688.0,50690.0,50694.0
3339,50690.9,50690.0,50693.0,50684.0,50690.0,50694.0,50694.0,50692.0,50688.0,50690.0,50694.0
3340,50690.9,50690.0,50693.0,50684.0,50690.0,50694.0,50694.0,50692.0,50688.0,50690.0,50694.0
3341,50690.9,50690.0,50693.0,50684.0,50690.0,50694.0,50694.0,50692.0,50688.0,50690.0,50694.0
3342,50690.9,50690.0,50693.0,50684.0,50690.0,50694.0,50694.0,50692.0,50688.0,50690.0,50694.0
3343,50690.9,50690.0,50693.0,50684.0,50690.0,50694.0,50694.0,50692.0,50688.0,50690.0,50694.0
3344,50690.9,50690.0,50693.0,50684.0,50690.0,50694.0,50694.0,50692.0,50688.0,50690.0,50694.0
3345,50690.9,50690.0,50693.0,50684.0,50690.0,50694.0,50694.0,50692.0,50688.0,50690.0,50694.0
3346,50690.9,50690.0,50693.0,50684.0,50690.0,50694.0,50694.0,50692.0,50688.0,50690.0,50694.0
3347,50690.9,50690.0,50693.0,50684.0,50690.0,50694.0,50694.0,50692.0,50688.0,50690.0,50694.0
3348,50690.9,50690.0,50693.0,50684.0,50690.0,50694.0,50694.0,50692.0,50688.0,50690.0,50694.0
3349,50690.9,50690.0,50693.0,50684.0,50690.0,50694.0,50694.0,50692.0,50688.0,50690.0,50694.0
3350,50690.9,50690.0,50693.0,50684.0,50690.0,50694.0,50694.0,50692.0,50688.0,50690.0,50694.0
3351,50690.9,50690.0,50693.0,50684.0,50690.0,50694.0,50694.0,50692.0,50688.0,50690.0,50694.0
3352,50690.9,50690.0,50693.0,50684.0,50690.0,50694.0,50694.0,50692.0,50688.0,50690.0,50694.0
3353,50690.9,50690.0,50693.0,50684.0,50690.0,50694.0,50694.0,50692.0,50688.0,50690.0,50694.0
3354,50690.9,50690.0,50693.0,50684.0,50690.0,50694.0,50694.0,50692.0,50688.0,50690.0,50694.0
3355,50690.9,50690.0,50693.0,50684.0,50690.0,50694.0,50694.0,50692.0,50688.0,50690.0,50694.0
3356,50690.9,50690.0,50693.0,50684.0,50690.0,50694.0,50694.0,50692.0,50688.0,50690.0,50694.0
3357,50690.9,50690.0,50693.0,50684.0,50690.0,50694.0,50694.0,50692.0,50688.0,50690.0,50694.0
3358,50690.9,50690.0,50693.0,50684.0,50690.0,50694.0,50694.0,50692.0,50688.0,50690.0,50694.0
3359,50690.9,50690.0,50693.0,50684.0,50690.0,50694.0,50694.0,50692.0,50688.0,50690.0,50694.0
3360,50690.9,50690.0,50693.0,50684.0,50690.0,50694.0,50694.0,50692.0,50688.0,50690.0,50694.0
3361,50690.9,50690.0,50693.0,50684.0,50690.0,50694.0,50694.0,50692.0,50688.0,50690.0,50694.0
3362,50690.9,50690.0,50693.0,50684.0,50690.0,50694.0,50694.0,50692.0,50688.0,50690.0,50694.0
3363,50690.9,50690.0,50693.0,50684.0,50690.0,50694.0,50694.0,50692.0,50688.0,50690.0,50694.0
3364,50690.9,50690.0,50693.0,50684.0,50690.0,50694.0,50694.0,50692.0,50688.0,50690.0,50694.0
3365,50690.9,50690.0,50693.0,50684.0,50690.0,50694.0,50694.0,50692.0,50688.0,50690.0,50694.0
3366,50690.9,50690.0,50693.0,50684.0,50690.0,50694.0,50694.0,50692.0,50688.0,50690.0,50694.0
3367,50690.9,50690.0,50693.0,50684.0,50690.0,50694.0,50694.0,50692.0,50688.0,50690.0,50694.0
3368,50690.9,50690.0,50693.0,50684.0,50690.0,50694.0,50694.0,50692.0,50688.0,50690.0,50694.0
3369,50690.9,50690.0,50693.0,50684.0,50690.0,50694.0,50694.0,50692.0,50688.0,50690.0,50694.0
3370,50690.9,50690.0,50693.0,50684.0,50690.0,50694.0,50694.0,50692.0,50688.0,50690.0,50694.0
3371,50690.9,50690.0,50693.0,50684.0,50690.0,50694.0,50694.0,50692.0,50688.0,50690.0,50694.0
3372,50690.9,50690.0,50693.0,50684.0,50690.0,50694.0,50694.0,50692.0,50688.0,50690.0,50694.0
3373,50690.9,50690.0,50693.0,50684.0,50690.0,50694.0,50694.0,50692.0,50688.0,50690.0,50694.0
3374,50690.9,50690.0,50693.0,50684.0,50690.0,50694.0,50694.0,50692.0,50688.0,50690.0,50694.0
3375,50690.9,50690.0,50693.0,50684.0,50690.0,50694.0,50694.0,50692.0,50688.0,50690.0,50694.0
3376,50690.9,50690.0,50693.0,50684.0,50690.0,50694.0,50694.0,50692.0,50688.0,50690.0,50694.0
3377,50690.9,50690.0,50693.0,50684.0,50690.0,50694.0,50694.0,50692.0,50688.0,50690.0,50694.0
3378,50690.9,50690.0,50693.0,50684.0,50690.0,50694.0,50694.0,50692.0,50688.0,50690.0,50694.0
3379,50690.9,50690.0,50693.0,50684.0,50690.0,50694.0,50694.0,50692.0,50688.0,50690.0,50694.0
3380,50690.9,50690.0,50693.0,50684.0,50690.0,50694.0,50694.0,50692.0,50688.0,50690.0,50694.0
3381,50690.9,50690.0,50693.0,50684.0,50690.0,50694.0,50694.0,50692.0,50688.0,50690.0,50694.0
3382,50690.9,50690.0,50693.0,50684.0,50690.0,50694.0,50694.0,50692.0,50688.0,50690.0,50694.0
3383,50690.9,50690.0,50693.0,50684.0,50690.0,50694.0,50694.0,50692.0,50688.0,50690.0,50694.0
3384,50690.9,50690.0,50693.0,50684.0,50690.0,50694.0,50694.0,50692.0,50688.0,50690.0,50694.0
3385,50690.9,50690.0,50693.0,50684.0,50690.0,50694.0,50694.0,50692.0,50688.0,50690.0,50694.0
3386,50690.9,50690.0,50693.0,50684.0,50690.0,50694.0,50694.0,50692.0,50688.0,50690.0,50694.0
3387,50690.9,50690.0,50693.0,50684.0,50690.0,50694.0,50694.0,50692.0,50688.0,50690.0,50694.0
3388,50690.9,50690.0,50693.0,50684.0,50690.0,50694.0,50694.0,50692.0,50688.0,50690.0,50694.0
3389,50690.9,50690.0,50693.0,50684.0,50690.0,50694.0,50694.0,50692.0,50688.0,50690.0,50694.0
3390,50690.9,50690.0,50693.0,50684.0,50690.0,50694.0,50694.0,50692.0,50688.0,50690.0,50694.0
3391,50690.9,50690.0,50693.0,50684.0,50690.0,50694.0,50694.0,50692.0,50688.0,50690.0,50694.0
3392,50690.9,50690.0,50693.0,50684.0,50690.0,50694.0,50694.0,50692.0,50688.0,50690.0,50694.0
3393,50690.9,50690.0,50693.0,50684.0,50690.0,50694.0,50694.0,50692.0,50688.0,50690.0,50694.0
3394,50690.9,50690.0,50693.0,50684.0,50690.0,50694.0,50694.0,50692.0,50688.0,50690.0,50694.0
3395,50690.9,50690.0,50693.0,50684.0,50690.0,50694.0,50694.0,50692.0,50688.0,50690.0,50694.0
3396,50690.9,50690.0,50693.0,50684.0,50690.0,50694.0,50694.0,50692.0,50688.0,50690.0,50694.0
3397,50690.9,50690.0,50693.0,50684.0,50690.0,50694.0,50694.0,50692.0,50688.0,50690.0,50694.0
3398,50690.9,50690.0,50693.0,50684.0,50690.0,50694.0,50694.0,50692.0,50688.0,50690.0,50694.0
3399,50690.9,50690.0,50693.0,50684.0,50690.0,50694.0,50694.0,50692.0,50688.0,50690.0,50694.0
3400,50690.9,50690.0,50693.0,50684.0,50690.0,50694.0,50694.0,50692.0,50688.0,50690.0,50694.0
3401,50690.9,50690.0,50693.0,50684.0,50690.0,50694.0,50694.0,50692.0,50688.0,50690.0,50694.0
3402,50690.9,50690.0,50693.0,50684.0,50690.0,50694.0,50694.0,50692.0,50688.0,50690.0,50694.0
3403,50690.9,50690.0,50693.0,50684.0,50690.0,50694.0,50694.0,50692.0,50688.0,50690.0,50694.0
3404,50690.9,50690.0,50693.0,50684.0,50690.0,50694.0,50694.0,50692.0,50688.0,50690.0,50694.0
3405,50690.9,50690.0,50693.0,50684.0,50690.0,50694.0,50694.0,50692.0,50688.0,50690.0,50694.0
3406,50690.9,50690.0,50693.0,50684.0,50690.0,50694.0,50694.0,50692.0,50688.0,50690.0,50694.0
3407,50690.9,50690.0,50693.0,50684.0,50690.0,50694.0,50694.0,50692.0,50688.0,50690.0,50694.0
3408,50690.9,50690.0,50693.0,50684.0,50690.0,50694.0,50694.0,50692.0,50688.0,50690.0,50694.0
3409,50690.9,50690.0,50693.0,50684.0,50690.0,50694.0,50694.0,50692.0,50688.0,50690.0,50694.0
3410,50690.9,50690.0,50693.0,50684.0,50690.0,50694.0,50694.0,50692.0,50688.0,50690.0,50694.0
3411,50690.9,50690.0,50693.0,50684.0,50690.0,50694.0,50694.0,50692.0,50688.0,50690.0,50694.0
3412,50690.9,50690.0,50693.0,50684.0,50690.0,50694.0,50694.0,50692.0,50688.0,50690.0,50694.0
3413,50690.9,50690.0,50693.0,50684.0,50690.0,50694.0,50694.0,50692.0,50688.0,50690.0,50694.0
3414,50690.9,50690.0,50693.0,50684.0,50690.0,50694.0,50694.0,50692.0,50688.0,50690.0,50694.0
3415,50690.9,50690.0,50693.0,50684.0,50690.0,50694.0,50694.0,50692.0,50688.0,50690.0,50694.0
3416,50690.9,50690.0,50693.0,50684.0,50690.0,50694.0,50694.0,50692.0,50688.0,50690.0,50694.0
3417,50690.9,50690.0,50693.0,50684.0,50690.0,50694.0,50694.0,50692.0,50688.0,50690.0,50694.0
3418,50690.9,50690.0,50693.0,50684.0,50690.0,50694.0,50694.0,50692.0,50688.0,50690.0,50694.0
3419,50690.9,50690.0,50693.0,50684.0,50690.0,50694.0,50694.0,50692.0,50688.0,50690.0,50694.0
3420,50690.9,50690.0,50693.0,50684.0,50690.0,50694.0,50694.0,50692.0,50688.0,50690.0,50694.0
3421,50690.9,50690.0,50693.0,50684.0,50690.0,50694.0,50694.0,50692.0,50688.0,50690.0,50694.0
3422,50690.9,50690.0,50693.0,50684.0,50690.0,50694.0,50694.0,50692.0,50688.0,50690.0,50694.0
3423,50690.9,50690.0,50693.0,50684.0,50690.0,50694.0,50694.0,50692.0,50688.0,50690.0,50694.0
3424,50690.9,50690.0,50693.0,50684.0,50690.0,50694.0,50694.0,50692.0,50688.0,50690.0,50694.0
3425,50690.9,50690.0,50693.0,50684.0,50690.0,50694.0,50694.0,50692.0,50688.0,50690.0,50694.0
3426,50690.9,50690.0,50693.0,50684.0,50690.0,50694.0,50694.0,50692.0,50688.0,50690.0,50694.0
3427,50690.9,50690.0,50693.0,50684.0,50690.0,50694.0,50694.0,50692.0,50688.0,50690.0,50694.0
3428,50690.9,50690.0,50693.0,50684.0,50690.0,50694.0,50694.0,50692.0,50688.0,50690.0,50694.0
3429,50690.9,50690.0,50693.0,50684.0,50690.0,50694.0,50694.0,50692.0,50688.0,50690.0,50694.0
3430,50690.9,50690.0,50693.0,50684.0,50690.0,50694.0,50694.0,50692.0,50688.0,50690.0,50694.0
3431,50690.9,50690.0,50693.0,50684.0,50690.0,50694.0,50694.0,50692.0,50688.0,50690.0,50694.0
3432,50690.9,50690.0,50693.0,50684.0,50690.0,50694.0,50694.0,50692.0,50688.0,50690.0,50694.0
3433,50690.9,50690.0,50693.0,50684.0,50690.0,50694.0,50694.0,50692.0,50688.0,50690.0,50694.0
3434,50690.9,50690.0,50693.0,50684.0,50690.0,50694.0,50694.0,50692.0,50688.0,50690.0,50694.0
3435,50690.9,50690.0,50693.0,50684.0,50690.0,50694.0,50694.0,50692.0,50688.0,50690.0,50694.0
3436,50690.9,50690.0,50693.0,50684.0,50690.0,50694.0,50694.0,50692.0,50688.0,50690.0,50694.0
3437,50690.9,50690.0,50693.0,50684.0,50690.0,50694.0,50694.0,50692.0,50688.0,50690.0,50694.0
3438,50690.9,50690.0,50693.0,50684.0,50690.0,50694.0,50694.0,50692.0,50688.0,50690.0,50694.0
3439,50690.9,50690.0,50693.0,50684.0,50690.0,50694.0,50694.0,50692.0,50688.0,50690.0,50694.0
3440,50690.9,50690.0,50693.0,50684.0,50690.0,50694.0,50694.0,50692.0,50688.0,50690.0,50694.0
3441,50690.9,50690.0,50693.0,50684.0,50690.0,50694.0,50694.0,50692.0,50688.0,50690.0,50694.0
3442,50690.9,50690.0,50693.0,50684.0,50690.0,50694.0,50694.0,50692.0,50688.0,50690.0,50694.0
3443,50690.9,50690.0,50693.0,50684.0,50690.0,50694.0,50694.0,50692.0,50688.0,50690.0,50694.0
3444,50690.9,50690.0,50693.0,50684.0,50690.0,50694.0,50694.0,50692.0,50688.0,50690.0,50694.0
3445,50690.9,50690.0,50693.0,50684.0,50690.0,50694.0,50694.0,50692.0,50688.0,50690.0,50694.0
3446,50690.9,50690.0,50693.0,50684.0,50690.0,50694.0,50694.0,50692.0,50688.0,50690.0,50694.0
3447,50690.9,50690.0,50693.0,50684.0,50690.0,50694.0,50694.0,50692.0,50688.0,50690.0,50694.0
3448,50690.9,50690.0,50693.0,50684.0,50690.0,50694.0,50694.0,50692.0,50688.0,50690.0,50694.0
3449,50690.9,50690.0,50693.0,50684.0,50690.0,50694.0,50694.0,50692.0,50688.0,50690.0,50694.0
3450,50690.9,50690.0,50693.0,50684.0,50690.0,50694.0,50694.0,50692.0,50688.0,50690.0,50694.0
3451,50690.9,50690.0,50693.0,50684.0,50690.0,50694.0,50694.0,50692.0,50688.0,50690.0,50694.0
3452,50690.9,50690.0,50693.0,50684.0,50690.0,50694.0,50694.0,50692.0,50688.0,50690.0,50694.0
3453,50690.9,50690.0,50693.0,50684.0,50690.0,50694.0,50694.0,50692.0,50688.0,50690.0,50694.0
3454,50690.9,50690.0,50693.0,50684.0,50690.0,50694.0,50694.0,50692.0,50688.0,50690.0,50694.0
3455,50690.9,50690.0,50693.0,50684.0,50690.0,50694.0,50694.0,50692.0,50688.0,50690.0,50694.0
3456,50690.9,50690.0,50693.0,50684.0,50690.0,50694.0,50694.0,50692.0,50688.0,50690.0,50694.0
3457,50690.9,50690.0,50693.0,50684.0,50690.0,50694.0,50694.0,50692.0,50688.0,50690.0,50694.0
3458,50690.9,50690.0,50693.0,50684.0,50690.0,50694.0,50694.0,50692.0,50688.0,50690.0,50694.0
3459,50690.9,50690.0,50693.0,50684.0,50690.0,50694.0,50694.0,50692.0,50688.0,50690.0,50694.0
3460,50690.9,50690.0,50693.0,50684.0,50690.0,50694.0,50694.0,50692.0,50688.0,50690.0,50694.0
3461,50690.9,50690.0,50693.0,50684.0,50690.0,50694.0,50694.0,50692.0,50688.0,50690.0,50694.0
3462,50690.9,50690.0,50693.0,50684.0,50690.0,50694.0,50694.0,50692.0,50688.0,50690.0,50694.0
3463,50690.9,50690.0,50693.0,50684.0,50690.0,50694.0,50694.0,50692.0,50688.0,50690.0,50694.0
3464,50690.9,50690.0,50693.0,50684.0,50690.0,50694.0,50694.0,50692.0,50688.0,50690.0,50694.0
3465,50690.9,50690.0,50693.0,50684.0,50690.0,50694.0,50694.0,50692.0,50688.0,50690.0,50694.0
3466,50690.9,50690.0,50693.0,50684.0,50690.0,50694.0,50694.0,50692.0,50688.0,50690.0,50694.0
3467,50690.9,50690.0,50693.0,50684.0,50690.0,50694.0,50694.0,50692.0,50688.0,50690.0,50694.0
3468,50690.9,50690.0,50693.0,50684.0,50690.0,50694.0,50694.0,50692.0,50688.0,50690.0,50694.0
3469,50690.9,50690.0,50693.0,50684.0,50690.0,50694.0,50694.0,50692.0,50688.0,50690.0,50694.0
3470,50690.9,50690.0,50693.0,50684.0,50690.0,50694.0,50694.0,50692.0,50688.0,50690.0,50694.0
3471,50690.9,50690.0,50693.0,50684.0,50690.0,50694.0,50694.0,50692.0,50688.0,50690.0,50694.0
3472,50690.9,50690.0,50693.0,50684.0,50690.0,50694.0,50694.0,50692.0,50688.0,50690.0,50694.0
3473,50690.9,50690.0,50693.0,50684.0,50690.0,50694.0,50694.0,50692.0,50688.0,50690.0,50694.0
3474,50690.9,50690.0,50693.0,50684.0,50690.0,50694.0,50694.0,50692.0,50688.0,50690.0,50694.0
3475,50690.9,50690.0,50693.0,50684.0,50690.0,50694.0,50694.0,50692.0,50688.0,50690.0,50694.0
3476,50690.9,50690.0,50693.0,50684.0,50690.0,50694.0,50694.0,50692.0,50688.0,50690.0,50694.0
3477,50690.9,50690.0,50693.0,50684.0,50690.0,50694.0,50694.0,50692.0,50688.0,50690.0,50694.0
3478,50690.9,50690.0,50693.0,50684.0,50690.0,50694.0,50694.0,50692.0,50688.0,50690.0,50694.0
3479,50690.9,50690.0,50693.0,50684.0,50690.0,50694.0,50694.0,50692.0,50688.0,50690.0,50694.0
3480,50690.9,50690.0,50693.0,50684.0,50690.0,50694.0,50694.0,50692.0,50688.0,50690.0,50694.0
3481,50690.9,50690.0,50693.0,50684.0,50690.0,50694.0,50694.0,50692.0,50688.0,50690.0,50694.0
3482,50690.9,50690.0,50693.0,50684.0,50690.0,50694.0,50694.0,50692.0,50688.0,50690.0,50694.0
3483,50690.9,50690.0,50693.0,50684.0,50690.0,50694.0,50694.0,50692.0,50688.0,50690.0,50694.0
3484,50690.9,50690.0,50693.0,50684.0,50690.0,50694.0,50694.0,50692.0,50688.0,50690.0,50694.0
3485,50690.9,50690.0,50693.0,50684.0,50690.0,50694.0,50694.0,50692.0,50688.0,50690.0,50694.0
3486,50690.9,50690.0,50693.0,50684.0,50690.0,50694.0,50694.0,50692.0,50688.0,50690.0,50694.0
3487,50690.9,50690.0,50693.0,50684.0,50690.0,50694.0,50694.0,50692.0,50688.0,50690.0,50694.0
3488,50690.9,50690.0,50693.0,50684.0,50690.0,50694.0,50694.0,50692.0,50688.0,50690.0,50694.0
3489,50690.9,50690.0,50693.0,50684.0,50690.0,50694.0,50694.0,50692.0,50688.0,50690.0,50694.0
3490,50690.9,50690.0,50693.0,50684.0,50690.0,50694.0,50694.0,50692.0,50688.0,50690.0,50694.0
3491,50690.9,50690.0,50693.0,50684.0,50690.0,50694.0,50694.0,50692.0,50688.0,50690.0,50694.0
3492,50690.9,50690.0,50693.0,50684.0,50690.0,50694.0,50694.0,50692.0,50688.0,50690.0,50694.0
3493,50690.9,50690.0,50693.0,50684.0,50690.0,50694.0,50694.0,50692.0,50688.0,50690.0,50694.0
3494,50690.9,50690.0,50693.0,50684.0,50690.0,50694.0,50694.0,50692.0,50688.0,50690.0,50694.0
3495,50690.9,50690.0,50693.0,50684.0,50690.0,50694.0,50694.0,50692.0,50688.0,50690.0,50694.0
3496,50690.9,50690.0,50693.0,50684.0,50690.0,50694.0,50694.0,50692.0,50688.0,50690.0,50694.0
3497,50690.9,50690.0,50693.0,50684.0,50690.0,50694.0,50694.0,50692.0,50688.0,50690.0,50694.0
3498,50690.9,50690.0,50693.0,50684.0,50690.0,50694.0,50694.0,50692.0,50688.0,50690.0,50694.0
3499,50690.9,50690.0,50693.0,50684.0,50690.0,50694.0,50694.0,50692.0,50688.0,50690.0,50694.0
3500,50690.9,50690.0,50693.0,50684.0,50690.0,50694.0,50694.0,50692.0,50688.0,50690.0,50694.0
3501,50690.9,50690.0,50693.0,50684.0,50690.0,50694.0,50694.0,50692.0,50688.0,50690.0,50694.0
3502,50690.9,50690.0,50693.0,50684.0,50690.0,50694.0,50694.0,50692.0,50688.0,50690.0,50694.0
3503,50690.9,50690.0,50693.0,50684.0,50690.0,50694.0,50694.0,50692.0,50688.0,50690.0,50694.0
3504,50690.9,50690.0,50693.0,50684.0,50690.0,50694.0,50694.0,50692.0,50688.0,50690.0,50694.0
3505,50690.9,50690.0,50693.0,50684.0,50690.0,50694.0,50694.0,50692.0,50688.0,50690.0,50694.0
3506,50690.9,50690.0,50693.0,50684.0,50690.0,50694.0,50694.0,50692.0,50688.0,50690.0,50694.0
3507,50690.9,50690.0,50693.0,50684.0,50690.0,50694.0,50694.0,50692.0,50688.0,50690.0,50694.0
3508,50690.9,50690.0,50693.0,50684.0,50690.0,50694.0,50694.0,50692.0,50688.0,50690.0,50694.0
3509,50690.9,50690.0,50693.0,50684.0,50690.0,50694.0,50694.0,50692.0,50688.0,50690.0,50694.0
3510,50690.9,50690.0,50693.0,50684.0,50690.0,50694.0,50694.0,50692.0,50688.0,50690.0,50694.0
3511,50690.9,50690.0,50693.0,50684.0,50690.0,50694.0,50694.0,50692.0,50688.0,50690.0,50694.0
3512,50690.9,50690.0,50693.0,50684.0,50690.0,50694.0,50694.0,50692.0,50688.0,50690.0,50694.0
3513,50690.9,50690.0,50693.0,50684.0,50690.0,50694.0,50694.0,50692.0,50688.0,50690.0,50694.0
3514,50690.9,50690.0,50693.0,50684.0,50690.0,50694.0,50694.0,50692.0,50688.0,50690.0,50694.0
3515,50690.9,50690.0,50693.0,50684.0,50690.0,50694.0,50694.0,50692.0,50688.0,50690.0,50694.0
3516,50690.9,50690.0,50693.0,50684.0,50690.0,50694.0,50694.0,50692.0,50688.0,50690.0,50694.0
3517,50690.9,50690.0,50693.0,50684.0,50690.0,50694.0,50694.0,50692.0,50688.0,50690.0,50694.0
3518,50690.9,50690.0,50693.0,50684.0,50690.0,50694.0,50694.0,50692.0,50688.0,50690.0,50694.0
3519,50690.9,50690.0,50693.0,50684.0,50690.0,50694.0,50694.0,50692.0,50688.0,50690.0,50694.0
3520,50690.9,50690.0,50693.0,50684.0,50690.0,50694.0,50694.0,50692.0,50688.0,50690.0,50694.0
3521,50690.9,50690.0,50693.0,50684.0,50690.0,50694.0,50694.0,50692.0,50688.0,50690.0,50694.0
3522,50690.9,50690.0,50693.0,50684.0,50690.0,50694.0,50694.0,50692.0,50688.0,50690.0,50694.0
3523,50690.9,50690.0,50693.0,50684.0,50690.0,50694.0,50694.0,50692.0,50688.0,50690.0,50694.0
3524,50690.9,50690.0,50693.0,50684.0,50690.0,50694.0,50694.0,50692.0,50688.0,50690.0,50694.0
3525,50690.9,50690.0,50693.0,50684.0,50690.0,50694.0,50694.0,50692.0,50688.0,50690.0,50694.0
3526,50690.9,50690.0,50693.0,50684.0,50690.0,50694.0,50694.0,50692.0,50688.0,50690.0,50694.0
3527,50690.9,50690.0,50693.0,50684.0,50690.0,50694.0,50694.0,50692.0,50688.0,50690.0,50694.0
3528,50690.9,50690.0,50693.0,50684.0,50690.0,50694.0,50694.0,50692.0,50688.0,50690.0,50694.0
3529,50690.9,50690.0,50693.0,50684.0,50690.0,50694.0,50694.0,50692.0,50688.0,50690.0,50694.0
3530,50690.9,50690.0,50693.0,50684.0,50690.0,50694.0,50694.0,50692.0,50688.0,50690.0,50694.0
3531,50690.9,50690.0,50693.0,50684.0,50690.0,50694.0,50694.0,50692.0,50688.0,50690.0,50694.0
3532,50690.9,50690.0,50693.0,50684.0,50690.0,50694.0,50694.0,50692.0,50688.0,50690.0,50694.0
3533,50690.9,50690.0,50693.0,50684.0,50690.0,50694.0,50694.0,50692.0,50688.0,50690.0,50694.0
3534,50690.9,50690.0,50693.0,50684.0,50690.0,50694.0,50694.0,50692.0,50688.0,50690.0,50694.0
3535,50690.9,50690.0,50693.0,50684.0,50690.0,50694.0,50694.0,50692.0,50688.0,50690.0,50694.0
3536,50690.9,50690.0,50693.0,50684.0,50690.0,50694.0,50694.0,50692.0,50688.0,50690.0,50694.0
3537,50690.9,50690.0,50693.0,50684.0,50690.0,50694.0,50694.0,50692.0,50688.0,50690.0,50694.0
3538,50690.9,50690.0,50693.0,50684.0,50690.0,50694.0,50694.0,50692.0,50688.0,50690.0,50694.0
3539,50690.9,50690.0,50693.0,50684.0,50690.0,50694.0,50694.0,50692.0,50688.0,50690.0,50694.0
3540,50690.9,50690.0,50693.0,50684.0,50690.0,50694.0,50694.0,50692.0,50688.0,50690.0,50694.0
3541,50690.9,50690.0,50693.0,50684.0,50690.0,50694.0,50694.0,50692.0,50688.0,50690.0,50694.0
3542,50690.9,50690.0,50693.0,50684.0,50690.0,50694.0,50694.0,50692.0,50688.0,50690.0,50694.0
3543,50690.9,50690.0,50693.0,50684.0,50690.0,50694.0,50694.0,50692.0,50688.0,50690.0,50694.0
3544,50690.9,50690.0,50693.0,50684.0,50690.0,50694.0,50694.0,50692.0,50688.0,50690.0,50694.0
3545,50690.9,50690.0,50693.0,50684.0,50690.0,50694.0,50694.0,50692.0,50688.0,50690.0,50694.0
3546,50690.9,50690.0,50693.0,50684.0,50690.0,50694.0,50694.0,50692.0,50688.0,50690.0,50694.0
3547,50690.9,50690.0,50693.0,50684.0,50690.0,50694.0,50694.0,50692.0,50688.0,50690.0,50694.0
3548,50690.9,50690.0,50693.0,50684.0,50690.0,50694.0,50694.0,50692.0,50688.0,50690.0,50694.0
3549,50690.9,50690.0,50693.0,50684.0,50690.0,50694.0,50694.0,50692.0,50688.0,50690.0,50694.0
3550,50690.9,50690.0,50693.0,50684.0,50690.0,50694.0,50694.0,50692.0,50688.0,50690.0,50694.0
3551,50690.9,50690.0,50693.0,50684.0,50690.0,50694.0,50694.0,50692.0,50688.0,50690.0,50694.0
3552,50690.9,50690.0,50693.0,50684.0,50690.0,50694.0,50694.0,50692.0,50688.0,50690.0,50694.0
3553,50690.9,50690.0,50693.0,50684.0,50690.0,50694.0,50694.0,50692.0,50688.0,50690.0,50694.0
3554,50690.9,50690.0,50693.0,50684.0,50690.0,50694.0,50694.0,50692.0,50688.0,50690.0,50694.0
3555,50690.9,50690.0,50693.0,50684.0,50690.0,50694.0,50694.0,50692.0,50688.0,50690.0,50694.0
3556,50690.9,50690.0,50693.0,50684.0,50690.0,50694.0,50694.0,50692.0,50688.0,50690.0,50694.0
3557,50690.9,50690.0,50693.0,50684.0,50690.0,50694.0,50694.0,50692.0,50688.0,50690.0,50694.0
3558,50690.9,50690.0,50693.0,50684.0,50690.0,50694.0,50694.0,50692.0,50688.0,50690.0,50694.0
3559,50690.9,50690.0,50693.0,50684.0,50690.0,50694.0,50694.0,50692.0,50688.0,50690.0,50694.0
3560,50690.9,50690.0,50693.0,50684.0,50690.0,50694.0,50694.0,50692.0,50688.0,50690.0,50694.0
3561,50690.9,50690.0,50693.0,50684.0,50690.0,50694.0,50694.0,50692.0,50688.0,50690.0,50694.0
3562,50690.9,50690.0,50693.0,50684.0,50690.0,50694.0,50694.0,50692.0,50688.0,50690.0,50694.0
3563,50690.9,50690.0,50693.0,50684.0,50690.0,50694.0,50694.0,50692.0,50688.0,50690.0,50694.0
3564,50690.9,50690.0,50693.0,50684.0,50690.0,50694.0,50694.0,50692.0,50688.0,50690.0,50694.0
3565,50690.9,50690.0,50693.0,50684.0,50690.0,50694.0,50694.0,50692.0,50688.0,50690.0,50694.0
3566,50690.9,50690.0,50693.0,50684.0,50690.0,50694.0,50694.0,50692.0,50688.0,50690.0,50694.0
3567,50690.9,50690.0,50693.0,50684.0,50690.0,50694.0,50694.0,50692.0,50688.0,50690.0,50694.0
3568,50690.9,50690.0,50693.0,50684.0,50690.0,50694.0,50694.0,50692.0,50688.0,50690.0,50694.0
3569,50690.9,50690.0,50693.0,50684.0,50690.0,50694.0,50694.0,50692.0,50688.0,50690.0,50694.0
3570,50690.9,50690.0,50693.0,50684.0,50690.0,50694.0,50694.0,50692.0,50688.0,50690.0,50694.0
3571,50690.9,50690.0,50693.0,50684.0,50690.0,50694.0,50694.0,50692.0,50688.0,50690.0,50694.0
3572,50690.9,50690.0,50693.0,50684.0,50690.0,50694.0,50694.0,50692.0,50688.0,50690.0,50694.0
3573,50690.9,50690.0,50693.0,50684.0,50690.0,50694.0,50694.0,50692.0,50688.0,50690.0,50694.0
3574,50690.9,50690.0,50693.0,50684.0,50690.0,50694.0,50694.0,50692.0,50688.0,50690.0,50694.0
3575,50690.9,50690.0,50693.0,50684.0,50690.0,50694.0,50694.0,50692.0,50688.0,50690.0,50694.0
3576,50690.9,50690.0,50693.0,50684.0,50690.0,50694.0,50694.0,50692.0,50688.0,50690.0,50694.0
3577,50690.9,50690.0,50693.0,50684.0,50690.0,50694.0,50694.0,50692.0,50688.0,50690.0,50694.0
3578,50690.9,50690.0,50693.0,50684.0,50690.0,50694.0,50694.0,50692.0,50688.0,50690.0,50694.0
3579,50690.9,50690.0,50693.0,50684.0,50690.0,50694.0,50694.0,50692.0,50688.0,50690.0,50694.0
3580,50690.9,50690.0,50693.0,50684.0,50690.0,50694.0,50694.0,50692.0,50688.0,50690.0,50694.0
3581,50690.9,50690.0,50693.0,50684.0,50690.0,50694.0,50694.0,50692.0,50688.0,50690.0,50694.0
3582,50690.9,50690.0,50693.0,50684.0,50690.0,50694.0,50694.0,50692.0,50688.0,50690.0,50694.0
3583,50690.9,50690.0,50693.0,50684.0,50690.0,50694.0,50694.0,50692.0,50688.0,50690.0,50694.0
3584,50690.9,50690.0,50693.0,50684.0,50690.0,50694.0,50694.0,50692.0,50688.0,50690.0,50694.0
3585,50690.9,50690.0,50693.0,50684.0,50690.0,50694.0,50694.0,50692.0,50688.0,50690.0,50694.0
3586,50690.9,50690.0,50693.0,50684.0,50690.0,50694.0,50694.0,50692.0,50688.0,50690.0,50694.0
3587,50690.9,50690.0,50693.0,50684.0,50690.0,50694.0,50694.0,50692.0,50688.0,50690.0,50694.0
3588,50690.9,50690.0,50693.0,50684.0,50690.0,50694.0,50694.0,50692.0,50688.0,50690.0,50694.0
3589,50690.9,50690.0,50693.0,50684.0,50690.0,50694.0,50694.0,50692.0,50688.0,50690.0,50694.0
3590,50690.9,50690.0,50693.0,50684.0,50690.0,50694.0,50694.0,50692.0,50688.0,50690.0,50694.0
3591,50690.9,50690.0,50693.0,50684.0,50690.0,50694.0,50694.0,50692.0,50688.0,50690.0,50694.0
3592,50690.9,50690.0,50693.0,50684.0,50690.0,50694.0,50694.0,50692.0,50688.0,50690.0,50694.0
3593,50690.9,50690.0,50693.0,50684.0,50690.0,50694.0,50694.0,50692.0,50688.0,50690.0,50694.0
3594,50690.9,50690.0,50693.0,50684.0,50690.0,50694.0,50694.0,50692.0,50688.0,50690.0,50694.0
3595,50690.9,50690.0,50693.0,50684.0,50690.0,50694.0,50694.0,50692.0,50688.0,50690.0,50694.0
3596,50690.9,50690.0,50693.0,50684.0,50690.0,50694.0,50694.0,50692.0,50688.0,50690.0,50694.0
3597,50690.9,50690.0,50693.0,50684.0,50690.0,50694.0,50694.0,50692.0,50688.0,50690.0,50694.0
3598,50690.9,50690.0,50693.0,50684.0,50690.0,50694.0,50694.0,50692.0,50688.0,50690.0,50694.0
3599,50690.9,50690.0,50693.0,50684.0,50690.0,50694.0,50694.0,50692.0,50688.0,50690.0,50694.0
3600,50690.9,50690.0,50693.0,50684.0,50690.0,50694.0,50694.0,50692.0,50688.0,50690.0,50694.0
3601,50690.9,50690.0,50693.0,50684.0,50690.0,50694.0,50694.0,50692.0,50688.0,50690.0,50694.0
3602,50690.9,50690.0,50693.0,50684.0,50690.0,50694.0,50694.0,50692.0,50688.0,50690.0,50694.0
3603,50690.9,50690.0,50693.0,50684.0,50690.0,50694.0,50694.0,50692.0,50688.0,50690.0,50694.0
3604,50690.9,50690.0,50693.0,50684.0,50690.0,50694.0,50694.0,50692.0,50688.0,50690.0,50694.0
3605,50690.9,50690.0,50693.0,50684.0,50690.0,50694.0,50694.0,50692.0,50688.0,50690.0,50694.0
3606,50690.9,50690.0,50693.0,50684.0,50690.0,50694.0,50694.0,50692.0,50688.0,50690.0,50694.0
3607,50690.9,50690.0,50693.0,50684.0,50690.0,50694.0,50694.0,50692.0,50688.0,50690.0,50694.0
3608,50690.9,50690.0,50693.0,50684.0,50690.0,50694.0,50694.0,50692.0,50688.0,50690.0,50694.0
3609,50690.9,50690.0,50693.0,50684.0,50690.0,50694.0,50694.0,50692.0,50688.0,50690.0,50694.0
3610,50690.9,50690.0,50693.0,50684.0,50690.0,50694.0,50694.0,50692.0,50688.0,50690.0,50694.0
3611,50690.9,50690.0,50693.0,50684.0,50690.0,50694.0,50694.0,50692.0,50688.0,50690.0,50694.0
3612,50690.9,50690.0,50693.0,50684.0,50690.0,50694.0,50694.0,50692.0,50688.0,50690.0,50694.0
3613,50690.9,50690.0,50693.0,50684.0,50690.0,50694.0,50694.0,50692.0,50688.0,50690.0,50694.0
3614,50690.9,50690.0,50693.0,50684.0,50690.0,50694.0,50694.0,50692.0,50688.0,50690.0,50694.0
3615,50690.9,50690.0,50693.0,50684.0,50690.0,50694.0,50694.0,50692.0,50688.0,50690.0,50694.0
3616,50690.9,50690.0,50693.0,50684.0,50690.0,50694.0,50694.0,50692.0,50688.0,50690.0,50694.0
3617,50690.9,50690.0,50693.0,50684.0,50690.0,50694.0,50694.0,50692.0,50688.0,50690.0,50694.0
3618,50690.9,50690.0,50693.0,50684.0,50690.0,50694.0,50694.0,50692.0,50688.0,50690.0,50694.0
3619,50690.9,50690.0,50693.0,50684.0,50690.0,50694.0,50694.0,50692.0,50688.0,50690.0,50694.0
3620,50690.9,50690.0,50693.0,50684.0,50690.0,50694.0,50694.0,50692.0,50688.0,50690.0,50694.0
3621,50690.9,50690.0,50693.0,50684.0,50690.0,50694.0,50694.0,50692.0,50688.0,50690.0,50694.0
3622,50690.9,50690.0,50693.0,50684.0,50690.0,50694.0,50694.0,50692.0,50688.0,50690.0,50694.0
3623,50690.9,50690.0,50693.0,50684.0,50690.0,50694.0,50694.0,50692.0,50688.0,50690.0,50694.0
3624,50690.9,50690.0,50693.0,50684.0,50690.0,50694.0,50694.0,50692.0,50688.0,50690.0,50694.0
3625,50690.9,50690.0,50693.0,50684.0,50690.0,50694.0,50694.0,50692.0,50688.0,50690.0,50694.0
3626,50690.9,50690.0,50693.0,50684.0,50690.0,50694.0,50694.0,50692.0,50688.0,50690.0,50694.0
3627,50690.9,50690.0,50693.0,50684.0,50690.0,50694.0,50694.0,50692.0,50688.0,50690.0,50694.0
3628,50690.9,50690.0,50693.0,50684.0,50690.0,50694.0,50694.0,50692.0,50688.0,50690.0,50694.0
3629,50690.9,50690.0,50693.0,50684.0,50690.0,50694.0,50694.0,50692.0,50688.0,50690.0,50694.0
3630,50690.9,50690.0,50693.0,50684.0,50690.0,50694.0,50694.0,50692.0,50688.0,50690.0,50694.0
3631,50690.9,50690.0,50693.0,50684.0,50690.0,50694.0,50694.0,50692.0,50688.0,50690.0,50694.0
3632,50690.9,50690.0,50693.0,50684.0,50690.0,50694.0,50694.0,50692.0,50688.0,50690.0,50694.0
3633,50690.9,50690.0,50693.0,50684.0,50690.0,50694.0,50694.0,50692.0,50688.0,50690.0,50694.0
3634,50690.9,50690.0,50693.0,50684.0,50690.0,50694.0,50694.0,50692.0,50688.0,50690.0,50694.0
3635,50690.9,50690.0,50693.0,50684.0,50690.0,50694.0,50694.0,50692.0,50688.0,50690.0,50694.0
3636,50690.9,50690.0,50693.0,50684.0,50690.0,50694.0,50694.0,50692.0,50688.0,50690.0,50694.0
3637,50690.9,50690.0,50693.0,50684.0,50690.0,50694.0,50694.0,50692.0,50688.0,50690.0,50694.0
3638,50690.9,50690.0,50693.0,50684.0,50690.0,50694.0,50694.0,50692.0,50688.0,50690.0,50694.0
3639,50690.9,50690.0,50693.0,50684.0,50690.0,50694.0,50694.0,50692.0,50688.0,50690.0,50694.0
3640,50690.9,50690.0,50693.0,50684.0,50690.0,50694.0,50694.0,50692.0,50688.0,50690.0,50694.0
3641,50690.9,50690.0,50693.0,50684.0,50690.0,50694.0,50694.0,50692.0,50688.0,50690.0,50694.0
3642,50690.9,50690.0,50693.0,50684.0,50690.0,50694.0,50694.0,50692.0,50688.0,50690.0,50694.0
3643,50690.9,50690.0,50693.0,50684.0,50690.0,50694.0,50694.0,50692.0,50688.0,50690.0,50694.0
3644,50690.9,50690.0,50693.0,50684.0,50690.0,50694.0,50694.0,50692.0,50688.0,50690.0,50694.0
3645,50690.9,50690.0,50693.0,50684.0,50690.0,50694.0,50694.0,50692.0,50688.0,50690.0,50694.0
3646,50690.9,50690.0,50693.0,50684.0,50690.0,50694.0,50694.0,50692.0,50688.0,50690.0,50694.0
3647,50690.9,50690.0,50693.0,50684.0,50690.0,50694.0,50694.0,50692.0,50688.0,50690.0,50694.0
3648,50690.9,50690.0,50693.0,50684.0,50690.0,50694.0,50694.0,50692.0,50688.0,50690.0,50694.0
3649,50690.9,50690.0,50693.0,50684.0,50690.0,50694.0,50694.0,50692.0,50688.0,50690.0,50694.0
3650,50690.9,50690.0,50693.0,50684.0,50690.0,50694.0,50694.0,50692.0,50688.0,50690.0,50694.0
3651,50690.9,50690.0,50693.0,50684.0,50690.0,50694.0,50694.0,50692.0,50688.0,50690.0,50694.0
3652,50690.9,50690.0,50693.0,50684.0,50690.0,50694.0,50694.0,50692.0,50688.0,50690.0,50694.0
3653,50690.9,50690.0,50693.0,50684.0,50690.0,50694.0,50694.0,50692.0,50688.0,50690.0,50694.0
3654,50690.9,50690.0,50693.0,50684.0,50690.0,50694.0,50694.0,50692.0,50688.0,50690.0,50694.0
3655,50690.9,50690.0,50693.0,50684.0,50690.0,50694.0,50694.0,50692.0,50688.0,50690.0,50694.0
3656,50690.9,50690.0,50693.0,50684.0,50690.0,50694.0,50694.0,50692.0,50688.0,50690.0,50694.0
3657,50690.9,50690.0,50693.0,50684.0,50690.0,50694.0,50694.0,50692.0,50688.0,50690.0,50694.0
3658,50690.9,50690.0,50693.0,50684.0,50690.0,50694.0,50694.0,50692.0,50688.0,50690.0,50694.0
3659,50690.9,50690.0,50693.0,50684.0,50690.0,50694.0,50694.0,50692.0,50688.0,50690.0,50694.0
3660,50690.9,50690.0,50693.0,50684.0,50690.0,50694.0,50694.0,50692.0,50688.0,50690.0,50694.0
3661,50690.9,50690.0,50693.0,50684.0,50690.0,50694.0,50694.0,50692.0,50688.0,50690.0,50694.0
3662,50690.9,50690.0,50693.0,50684.0,50690.0,50694.0,50694.0,50692.0,50688.0,50690.0,50694.0
3663,50690.9,50690.0,50693.0,50684.0,50690.0,50694.0,50694.0,50692.0,50688.0,50690.0,50694.0
3664,50690.9,50690.0,50693.0,50684.0,50690.0,50694.0,50694.0,50692.0,50688.0,50690.0,50694.0
3665,50690.9,50690.0,50693.0,50684.0,50690.0,50694.0,50694.0,50692.0,50688.0,50690.0,50694.0
3666,50690.9,50690.0,50693.0,50684.0,50690.0,50694.0,50694.0,50692.0,50688.0,50690.0,50694.0
3667,50690.9,50690.0,50693.0,50684.0,50690.0,50694.0,50694.0,50692.0,50688.0,50690.0,50694.0
3668,50690.9,50690.0,50693.0,50684.0,50690.0,50694.0,50694.0,50692.0,50688.0,50690.0,50694.0
3669,50690.9,50690.0,50693.0,50684.0,50690.0,50694.0,50694.0,50692.0,50688.0,50690.0,50694.0
3670,50690.9,50690.0,50693.0,50684.0,50690.0,50694.0,50694.0,50692.0,50688.0,50690.0,50694.0
3671,50690.9,50690.0,50693.0,50684.0,50690.0,50694.0,50694.0,50692.0,50688.0,50690.0,50694.0
3672,50690.9,50690.0,50693.0,50684.0,50690.0,50694.0,50694.0,50692.0,50688.0,50690.0,50694.0
3673,50690.9,50690.0,50693.0,50684.0,50690.0,50694.0,50694.0,50692.0,50688.0,50690.0,50694.0
3674,50690.9,50690.0,50693.0,50684.0,50690.0,50694.0,50694.0,50692.0,50688.0,50690.0,50694.0
3675,50690.9,50690.0,50693.0,50684.0,50690.0,50694.0,50694.0,50692.0,50688.0,50690.0,50694.0
3676,50690.9,50690.0,50693.0,50684.0,50690.0,50694.0,50694.0,50692.0,50688.0,50690.0,50694.0
3677,50690.9,50690.0,50693.0,50684.0,50690.0,50694.0,50694.0,50692.0,50688.0,50690.0,50694.0
3678,50690.9,50690.0,50693.0,50684.0,50690.0,50694.0,50694.0,50692.0,50688.0,50690.0,50694.0
3679,50690.9,50690.0,50693.0,50684.0,50690.0,50694.0,50694.0,50692.0,50688.0,50690.0,50694.0
3680,50690.9,50690.0,50693.0,50684.0,50690.0,50694.0,50694.0,50692.0,50688.0,50690.0,50694.0
3681,50690.9,50690.0,50693.0,50684.0,50690.0,50694.0,50694.0,50692.0,50688.0,50690.0,50694.0
3682,50690.9,50690.0,50693.0,50684.0,50690.0,50694.0,50694.0,50692.0,50688.0,50690.0,50694.0
3683,50690.9,50690.0,50693.0,50684.0,50690.0,50694.0,50694.0,50692.0,50688.0,50690.0,50694.0
3684,50690.9,50690.0,50693.0,50684.0,50690.0,50694.0,50694.0,50692.0,50688.0,50690.0,50694.0
3685,50690.9,50690.0,50693.0,50684.0,50690.0,50694.0,50694.0,50692.0,50688.0,50690.0,50694.0
3686,50690.9,50690.0,50693.0,50684.0,50690.0,50694.0,50694.0,50692.0,50688.0,50690.0,50694.0
3687,50690.9,50690.0,50693.0,50684.0,50690.0,50694.0,50694.0,50692.0,50688.0,50690.0,50694.0
3688,50690.9,50690.0,50693.0,50684.0,50690.0,50694.0,50694.0,50692.0,50688.0,50690.0,50694.0
3689,50690.9,50690.0,50693.0,50684.0,50690.0,50694.0,50694.0,50692.0,50688.0,50690.0,50694.0
3690,50690.9,50690.0,50693.0,50684.0,50690.0,50694.0,50694.0,50692.0,50688.0,50690.0,50694.0
3691,50690.9,50690.0,50693.0,50684.0,50690.0,50694.0,50694.0,50692.0,50688.0,50690.0,50694.0
3692,50690.9,50690.0,50693.0,50684.0,50690.0,50694.0,50694.0,50692.0,50688.0,50690.0,50694.0
3693,50690.9,50690.0,50693.0,50684.0,50690.0,50694.0,50694.0,50692.0,50688.0,50690.0,50694.0
3694,50690.9,50690.0,50693.0,50684.0,50690.0,50694.0,50694.0,50692.0,50688.0,50690.0,50694.0
3695,50690.9,50690.0,50693.0,50684.0,50690.0,50694.0,50694.0,50692.0,50688.0,50690.0,50694.0
3696,50690.9,50690.0,50693.0,50684.0,50690.0,50694.0,50694.0,50692.0,50688.0,50690.0,50694.0
3697,50690.9,50690.0,50693.0,50684.0,50690.0,50694.0,50694.0,50692.0,50688.0,50690.0,50694.0
3698,50690.9,50690.0,50693.0,50684.0,50690.0,50694.0,50694.0,50692.0,50688.0,50690.0,50694.0
3699,50690.9,50690.0,50693.0,50684.0,50690.0,50694.0,50694.0,50692.0,50688.0,50690.0,50694.0
3700,50690.9,50690.0,50693.0,50684.0,50690.0,50694.0,50694.0,50692.0,50688.0,50690.0,50694.0
3701,50690.9,50690.0,50693.0,50684.0,50690.0,50694.0,50694.0,50692.0,50688.0,50690.0,50694.0
3702,50690.9,50690.0,50693.0,50684.0,50690.0,50694.0,50694.0,50692.0,50688.0,50690.0,50694.0
3703,50690.9,50690.0,50693.0,50684.0,50690.0,50694.0,50694.0,50692.0,50688.0,50690.0,50694.0
3704,50690.9,50690.0,50693.0,50684.0,50690.0,50694.0,50694.0,50692.0,50688.0,50690.0,50694.0
3705,50690.9,50690.0,50693.0,50684.0,50690.0,50694.0,50694.0,50692.0,50688.0,50690.0,50694.0
3706,50690.9,50690.0,50693.0,50684.0,50690.0,50694.0,50694.0,50692.0,50688.0,50690.0,50694.0
3707,50690.9,50690.0,50693.0,50684.0,50690.0,50694.0,50694.0,50692.0,50688.0,50690.0,50694.0
3708,50690.9,50690.0,50693.0,50684.0,50690.0,50694.0,50694.0,50692.0,50688.0,50690.0,50694.0
3709,50690.9,50690.0,50693.0,50684.0,50690.0,50694.0,50694.0,50692.0,50688.0,50690.0,50694.0
3710,50690.9,50690.0,50693.0,50684.0,50690.0,50694.0,50694.0,50692.0,50688.0,50690.0,50694.0
3711,50690.9,50690.0,50693.0,50684.0,50690.0,50694.0,50694.0,50692.0,50688.0,50690.0,50694.0
3712,50690.9,50690.0,50693.0,50684.0,50690.0,50694.0,50694.0,50692.0,50688.0,50690.0,50694.0
3713,50690.9,50690.0,50693.0,50684.0,50690.0,50694.0,50694.0,50692.0,50688.0,50690.0,50694.0
3714,50690.9,50690.0,50693.0,50684.0,50690.0,50694.0,50694.0,50692.0,50688.0,50690.0,50694.0
3715,50690.9,50690.0,50693.0,50684.0,50690.0,50694.0,50694.0,50692.0,50688.0,50690.0,50694.0
3716,50690.9,50690.0,50693.0,50684.0,50690.0,50694.0,50694.0,50692.0,50688.0,50690.0,50694.0
3717,50690.9,50690.0,50693.0,50684.0,50690.0,50694.0,50694.0,50692.0,50688.0,50690.0,50694.0
3718,50690.9,50690.0,50693.0,50684.0,50690.0,50694.0,50694.0,50692.0,50688.0,50690.0,50694.0
3719,50690.9,50690.0,50693.0,50684.0,50690.0,50694.0,50694.0,50692.0,50688.0,50690.0,50694.0
3720,50690.9,50690.0,50693.0,50684.0,50690.0,50694.0,50694.0,50692.0,50688.0,50690.0,50694.0
3721,50690.9,50690.0,50693.0,50684.0,50690.0,50694.0,50694.0,50692.0,50688.0,50690.0,50694.0
3722,50690.9,50690.0,50693.0,50684.0,50690.0,50694.0,50694.0,50692.0,50688.0,50690.0,50694.0
3723,50690.9,50690.0,50693.0,50684.0,50690.0,50694.0,50694.0,50692.0,50688.0,50690.0,50694.0
3724,50690.9,50690.0,50693.0,50684.0,50690.0,50694.0,50694.0,50692.0,50688.0,50690.0,50694.0
3725,50690.9,50690.0,50693.0,50684.0,50690.0,50694.0,50694.0,50692.0,50688.0,50690.0,50694.0
3726,50690.9,50690.0,50693.0,50684.0,50690.0,50694.0,50694.0,50692.0,50688.0,50690.0,50694.0
3727,50690.9,50690.0,50693.0,50684.0,50690.0,50694.0,50694.0,50692.0,50688.0,50690.0,50694.0
3728,50690.9,50690.0,50693.0,50684.0,50690.0,50694.0,50694.0,50692.0,50688.0,50690.0,50694.0
3729,50690.9,50690.0,50693.0,50684.0,50690.0,50694.0,50694.0,50692.0,50688.0,50690.0,50694.0
3730,50690.9,50690.0,50693.0,50684.0,50690.0,50694.0,50694.0,50692.0,50688.0,50690.0,50694.0
3731,50690.9,50690.0,50693.0,50684.0,50690.0,50694.0,50694.0,50692.0,50688.0,50690.0,50694.0
3732,50690.9,50690.0,50693.0,50684.0,50690.0,50694.0,50694.0,50692.0,50688.0,50690.0,50694.0
3733,50690.9,50690.0,50693.0,50684.0,50690.0,50694.0,50694.0,50692.0,50688.0,50690.0,50694.0
3734,50690.9,50690.0,50693.0,50684.0,50690.0,50694.0,50694.0,50692.0,50688.0,50690.0,50694.0
3735,50690.9,50690.0,50693.0,50684.0,50690.0,50694.0,50694.0,50692.0,50688.0,50690.0,50694.0
3736,50690.9,50690.0,50693.0,50684.0,50690.0,50694.0,50694.0,50692.0,50688.0,50690.0,50694.0
3737,50690.9,50690.0,50693.0,50684.0,50690.0,50694.0,50694.0,50692.0,50688.0,50690.0,50694.0
3738,50690.9,50690.0,50693.0,50684.0,50690.0,50694.0,50694.0,50692.0,50688.0,50690.0,50694.0
3739,50690.9,50690.0,50693.0,50684.0,50690.0,50694.0,50694.0,50692.0,50688.0,50690.0,50694.0
3740,50690.9,50690.0,50693.0,50684.0,50690.0,50694.0,50694.0,50692.0,50688.0,50690.0,50694.0
3741,50690.9,50690.0,50693.0,50684.0,50690.0,50694.0,50694.0,50692.0,50688.0,50690.0,50694.0
3742,50690.9,50690.0,50693.0,50684.0,50690.0,50694.0,50694.0,50692.0,50688.0,50690.0,50694.0
3743,50690.9,50690.0,50693.0,50684.0,50690.0,50694.0,50694.0,50692.0,50688.0,50690.0,50694.0
3744,50690.9,50690.0,50693.0,50684.0,50690.0,50694.0,50694.0,50692.0,50688.0,50690.0,50694.0
3745,50690.9,50690.0,50693.0,50684.0,50690.0,50694.0,50694.0,50692.0,50688.0,50690.0,50694.0
3746,50690.9,50690.0,50693.0,50684.0,50690.0,50694.0,50694.0,50692.0,50688.0,50690.0,50694.0
3747,50690.9,50690.0,50693.0,50684.0,50690.0,50694.0,50694.0,50692.0,50688.0,50690.0,50694.0
3748,50690.9,50690.0,50693.0,50684.0,50690.0,50694.0,50694.0,50692.0,50688.0,50690.0,50694.0
3749,50690.9,50690.0,50693.0,50684.0,50690.0,50694.0,50694.0,50692.0,50688.0,50690.0,50694.0
3750,50690.9,50690.0,50693.0,50684.0,50690.0,50694.0,50694.0,50692.0,50688.0,50690.0,50694.0
3751,50690.9,50690.0,50693.0,50684.0,50690.0,50694.0,50694.0,50692.0,50688.0,50690.0,50694.0
3752,50690.9,50690.0,50693.0,50684.0,50690.0,50694.0,50694.0,50692.0,50688.0,50690.0,50694.0
3753,50690.9,50690.0,50693.0,50684.0,50690.0,50694.0,50694.0,50692.0,50688.0,50690.0,50694.0
3754,50690.9,50690.0,50693.0,50684.0,50690.0,50694.0,50694.0,50692.0,50688.0,50690.0,50694.0
3755,50690.9,50690.0,50693.0,50684.0,50690.0,50694.0,50694.0,50692.0,50688.0,50690.0,50694.0
3756,50690.9,50690.0,50693.0,50684.0,50690.0,50694.0,50694.0,50692.0,50688.0,50690.0,50694.0
3757,50690.9,50690.0,50693.0,50684.0,50690.0,50694.0,50694.0,50692.0,50688.0,50690.0,50694.0
3758,50690.9,50690.0,50693.0,50684.0,50690.0,50694.0,50694.0,50692.0,50688.0,50690.0,50694.0
3759,50690.9,50690.0,50693.0,50684.0,50690.0,50694.0,50694.0,50692.0,50688.0,50690.0,50694.0
3760,50690.9,50690.0,50693.0,50684.0,50690.0,50694.0,50694.0,50692.0,50688.0,50690.0,50694.0
3761,50690.9,50690.0,50693.0,50684.0,50690.0,50694.0,50694.0,50692.0,50688.0,50690.0,50694.0
3762,50690.9,50690.0,50693.0,50684.0,50690.0,50694.0,50694.0,50692.0,50688.0,50690.0,50694.0
3763,50690.9,50690.0,50693.0,50684.0,50690.0,50694.0,50694.0,50692.0,50688.0,50690.0,50694.0
3764,50690.9,50690.0,50693.0,50684.0,50690.0,50694.0,50694.0,50692.0,50688.0,50690.0,50694.0
3765,50690.9,50690.0,50693.0,50684.0,50690.0,50694.0,50694.0,50692.0,50688.0,50690.0,50694.0
3766,50690.9,50690.0,50693.0,50684.0,50690.0,50694.0,50694.0,50692.0,50688.0,50690.0,50694.0
3767,50690.9,50690.0,50693.0,50684.0,50690.0,50694.0,50694.0,50692.0,50688.0,50690.0,50694.0
3768,50690.9,50690.0,50693.0,50684.0,50690.0,50694.0,50694.0,50692.0,50688.0,50690.0,50694.0
3769,50690.9,50690.0,50693.0,50684.0,50690.0,50694.0,50694.0,50692.0,50688.0,50690.0,50694.0
3770,50690.9,50690.0,50693.0,50684.0,50690.0,50694.0,50694.0,50692.0,50688.0,50690.0,50694.0
3771,50690.9,50690.0,50693.0,50684.0,50690.0,50694.0,50694.0,50692.0,50688.0,50690.0,50694.0
3772,50690.9,50690.0,50693.0,50684.0,50690.0,50694.0,50694.0,50692.0,50688.0,50690.0,50694.0
3773,50690.9,50690.0,50693.0,50684.0,50690.0,50694.0,50694.0,50692.0,50688.0,50690.0,50694.0
3774,50690.9,50690.0,50693.0,50684.0,50690.0,50694.0,50694.0,50692.0,50688.0,50690.0,50694.0
3775,50690.9,50690.0,50693.0,50684.0,50690.0,50694.0,50694.0,50692.0,50688.0,50690.0,50694.0
3776,50690.9,50690.0,50693.0,50684.0,50690.0,50694.0,50694.0,50692.0,50688.0,50690.0,50694.0
3777,50690.9,50690.0,50693.0,50684.0,50690.0,50694.0,50694.0,50692.0,50688.0,50690.0,50694.0
3778,50690.9,50690.0,50693.0,50684.0,50690.0,50694.0,50694.0,50692.0,50688.0,50690.0,50694.0
3779,50690.9,50690.0,50693.0,50684.0,50690.0,50694.0,50694.0,50692.0,50688.0,50690.0,50694.0
3780,50690.9,50690.0,50693.0,50684.0,50690.0,50694.0,50694.0,50692.0,50688.0,50690.0,50694.0
3781,50690.9,50690.0,50693.0,50684.0,50690.0,50694.0,50694.0,50692.0,50688.0,50690.0,50694.0
3782,50690.9,50690.0,50693.0,50684.0,50690.0,50694.0,50694.0,50692.0,50688.0,50690.0,50694.0
3783,50690.9,50690.0,50693.0,50684.0,50690.0,50694.0,50694.0,50692.0,50688.0,50690.0,50694.0
3784,50690.9,50690.0,50693.0,50684.0,50690.0,50694.0,50694.0,50692.0,50688.0,50690.0,50694.0
3785,50690.9,50690.0,50693.0,50684.0,50690.0,50694.0,50694.0,50692.0,50688.0,50690.0,50694.0
3786,50690.9,50690.0,50693.0,50684.0,50690.0,50694.0,50694.0,50692.0,50688.0,50690.0,50694.0
3787,50690.9,50690.0,50693.0,50684.0,50690.0,50694.0,50694.0,50692.0,50688.0,50690.0,50694.0
3788,50690.9,50690.0,50693.0,50684.0,50690.0,50694.0,50694.0,50692.0,50688.0,50690.0,50694.0
3789,50690.9,50690.0,50693.0,50684.0,50690.0,50694.0,50694.0,50692.0,50688.0,50690.0,50694.0
3790,50690.9,50690.0,50693.0,50684.0,50690.0,50694.0,50694.0,50692.0,50688.0,50690.0,50694.0
3791,50690.9,50690.0,50693.0,50684.0,50690.0,50694.0,50694.0,50692.0,50688.0,50690.0,50694.0
3792,50690.9,50690.0,50693.0,50684.0,50690.0,50694.0,50694.0,50692.0,50688.0,50690.0,50694.0
3793,50690.9,50690.0,50693.0,50684.0,50690.0,50694.0,50694.0,50692.0,50688.0,50690.0,50694.0
3794,50690.9,50690.0,50693.0,50684.0,50690.0,50694.0,50694.0,50692.0,50688.0,50690.0,50694.0
3795,50690.9,50690.0,50693.0,50684.0,50690.0,50694.0,50694.0,50692.0,50688.0,50690.0,50694.0
3796,50690.9,50690.0,50693.0,50684.0,50690.0,50694.0,50694.0,50692.0,50688.0,50690.0,50694.0
3797,50690.9,50690.0,50693.0,50684.0,50690.0,50694.0,50694.0,50692.0,50688.0,50690.0,50694.0
3798,50690.9,50690.0,50693.0,50684.0,50690.0,50694.0,50694.0,50692.0,50688.0,50690.0,50694.0
3799,50690.9,50690.0,50693.0,50684.0,50690.0,50694.0,50694.0,50692.0,50688.0,50690.0,50694.0
3800,50690.9,50690.0,50693.0,50684.0,50690.0,50694.0,50694.0,50692.0,50688.0,50690.0,50694.0
3801,50690.9,50690.0,50693.0,50684.0,50690.0,50694.0,50694.0,50692.0,50688.0,50690.0,50694.0
3802,50690.9,50690.0,50693.0,50684.0,50690.0,50694.0,50694.0,50692.0,50688.0,50690.0,50694.0
3803,50690.9,50690.0,50693.0,50684.0,50690.0,50694.0,50694.0,50692.0,50688.0,50690.0,50694.0
3804,50690.9,50690.0,50693.0,50684.0,50690.0,50694.0,50694.0,50692.0,50688.0,50690.0,50694.0
3805,50690.9,50690.0,50693.0,50684.0,50690.0,50694.0,50694.0,50692.0,50688.0,50690.0,50694.0
3806,50690.9,50690.0,50693.0,50684.0,50690.0,50694.0,50694.0,50692.0,50688.0,50690.0,50694.0
3807,50690.9,50690.0,50693.0,50684.0,50690.0,50694.0,50694.0,50692.0,50688.0,50690.0,50694.0
3808,50690.9,50690.0,50693.0,50684.0,50690.0,50694.0,50694.0,50692.0,50688.0,50690.0,50694.0
3809,50690.9,50690.0,50693.0,50684.0,50690.0,50694.0,50694.0,50692.0,50688.0,50690.0,50694.0
3810,50690.9,50690.0,50693.0,50684.0,50690.0,50694.0,50694.0,50692.0,50688.0,50690.0,50694.0
3811,50690.9,50690.0,50693.0,50684.0,50690.0,50694.0,50694.0,50692.0,50688.0,50690.0,50694.0
3812,50690.9,50690.0,50693.0,50684.0,50690.0,50694.0,50694.0,50692.0,50688.0,50690.0,50694.0
3813,50690.9,50690.0,50693.0,50684.0,50690.0,50694.0,50694.0,50692.0,50688.0,50690.0,50694.0
3814,50690.9,50690.0,50693.0,50684.0,50690.0,50694.0,50694.0,50692.0,50688.0,50690.0,50694.0
3815,50690.9,50690.0,50693.0,50684.0,50690.0,50694.0,50694.0,50692.0,50688.0,50690.0,50694.0
3816,50690.9,50690.0,50693.0,50684.0,50690.0,50694.0,50694.0,50692.0,50688.0,50690.0,50694.0
3817,50690.9,50690.0,50693.0,50684.0,50690.0,50694.0,50694.0,50692.0,50688.0,50690.0,50694.0
3818,50690.9,50690.0,50693.0,50684.0,50690.0,50694.0,50694.0,50692.0,50688.0,50690.0,50694.0
3819,50690.9,50690.0,50693.0,50684.0,50690.0,50694.0,50694.0,50692.0,50688.0,50690.0,50694.0
3820,50690.9,50690.0,50693.0,50684.0,50690.0,50694.0,50694.0,50692.0,50688.0,50690.0,50694.0
3821,50690.9,50690.0,50693.0,50684.0,50690.0,50694.0,50694.0,50692.0,50688.0,50690.0,50694.0
3822,50690.9,50690.0,50693.0,50684.0,50690.0,50694.0,50694.0,50692.0,50688.0,50690.0,50694.0
3823,50690.9,50690.0,50693.0,50684.0,50690.0,50694.0,50694.0,50692.0,50688.0,50690.0,50694.0
3824,50690.9,50690.0,50693.0,50684.0,50690.0,50694.0,50694.0,50692.0,50688.0,50690.0,50694.0
3825,50690.9,50690.0,50693.0,50684.0,50690.0,50694.0,50694.0,50692.0,50688.0,50690.0,50694.0
3826,50690.9,50690.0,50693.0,50684.0,50690.0,50694.0,50694.0,50692.0,50688.0,50690.0,50694.0
3827,50690.9,50690.0,50693.0,50684.0,50690.0,50694.0,50694.0,50692.0,50688.0,50690.0,50694.0
3828,50690.9,50690.0,50693.0,50684.0,50690.0,50694.0,50694.0,50692.0,50688.0,50690.0,50694.0
3829,50690.9,50690.0,50693.0,50684.0,50690.0,50694.0,50694.0,50692.0,50688.0,50690.0,50694.0
3830,50690.9,50690.0,50693.0,50684.0,50690.0,50694.0,50694.0,50692.0,50688.0,50690.0,50694.0
3831,50690.9,50690.0,50693.0,50684.0,50690.0,50694.0,50694.0,50692.0,50688.0,50690.0,50694.0
3832,50690.9,50690.0,50693.0,50684.0,50690.0,50694.0,50694.0,50692.0,50688.0,50690.0,50694.0
3833,50690.9,50690.0,50693.0,50684.0,50690.0,50694.0,50694.0,50692.0,50688.0,50690.0,50694.0
3834,50690.9,50690.0,50693.0,50684.0,50690.0,50694.0,50694.0,50692.0,50688.0,50690.0,50694.0
3835,50690.9,50690.0,50693.0,50684.0,50690.0,50694.0,50694.0,50692.0,50688.0,50690.0,50694.0
3836,50690.9,50690.0,50693.0,50684.0,50690.0,50694.0,50694.0,50692.0,50688.0,50690.0,50694.0
3837,50690.9,50690.0,50693.0,50684.0,50690.0,50694.0,50694.0,50692.0,50688.0,50690.0,50694.0
3838,50690.9,50690.0,50693.0,50684.0,50690.0,50694.0,50694.0,50692.0,50688.0,50690.0,50694.0
3839,50690.9,50690.0,50693.0,50684.0,50690.0,50694.0,50694.0,50692.0,50688.0,50690.0,50694.0
3840,50690.9,50690.0,50693.0,50684.0,50690.0,50694.0,50694.0,50692.0,50688.0,50690.0,50694.0
3841,50690.9,50690.0,50693.0,50684.0,50690.0,50694.0,50694.0,50692.0,50688.0,50690.0,50694.0
3842,50690.9,50690.0,50693.0,50684.0,50690.0,50694.0,50694.0,50692.0,50688.0,50690.0,50694.0
3843,50690.9,50690.0,50693.0,50684.0,50690.0,50694.0,50694.0,50692.0,50688.0,50690.0,50694.0
3844,50690.9,50690.0,50693.0,50684.0,50690.0,50694.0,50694.0,50692.0,50688.0,50690.0,50694.0
3845,50690.9,50690.0,50693.0,50684.0,50690.0,50694.0,50694.0,50692.0,50688.0,50690.0,50694.0
3846,50690.9,50690.0,50693.0,50684.0,50690.0,50694.0,50694.0,50692.0,50688.0,50690.0,50694.0
3847,50690.9,50690.0,50693.0,50684.0,50690.0,50694.0,50694.0,50692.0,50688.0,50690.0,50694.0
3848,50690.9,50690.0,50693.0,50684.0,50690.0,50694.0,50694.0,50692.0,50688.0,50690.0,50694.0
3849,50690.9,50690.0,50693.0,50684.0,50690.0,50694.0,50694.0,50692.0,50688.0,50690.0,50694.0
3850,50690.9,50690.0,50693.0,50684.0,50690.0,50694.0,50694.0,50692.0,50688.0,50690.0,50694.0
3851,50690.9,50690.0,50693.0,50684.0,50690.0,50694.0,50694.0,50692.0,50688.0,50690.0,50694.0
3852,50690.9,50690.0,50693.0,50684.0,50690.0,50694.0,50694.0,50692.0,50688.0,50690.0,50694.0
3853,50690.9,50690.0,50693.0,50684.0,50690.0,50694.0,50694.0,50692.0,50688.0,50690.0,50694.0
3854,50690.9,50690.0,50693.0,50684.0,50690.0,50694.0,50694.0,50692.0,50688.0,50690.0,50694.0
3855,50690.9,50690.0,50693.0,50684.0,50690.0,50694.0,50694.0,50692.0,50688.0,50690.0,50694.0
3856,50690.9,50690.0,50693.0,50684.0,50690.0,50694.0,50694.0,50692.0,50688.0,50690.0,50694.0
3857,50690.9,50690.0,50693.0,50684.0,50690.0,50694.0,50694.0,50692.0,50688.0,50690.0,50694.0
3858,50690.9,50690.0,50693.0,50684.0,50690.0,50694.0,50694.0,50692.0,50688.0,50690.0,50694.0
3859,50690.9,50690.0,50693.0,50684.0,50690.0,50694.0,50694.0,50692.0,50688.0,50690.0,50694.0
3860,50690.9,50690.0,50693.0,50684.0,50690.0,50694.0,50694.0,50692.0,50688.0,50690.0,50694.0
3861,50690.9,50690.0,50693.0,50684.0,50690.0,50694.0,50694.0,50692.0,50688.0,50690.0,50694.0
3862,50690.9,50690.0,50693.0,50684.0,50690.0,50694.0,50694.0,50692.0,50688.0,50690.0,50694.0
3863,50690.9,50690.0,50693.0,50684.0,50690.0,50694.0,50694.0,50692.0,50688.0,50690.0,50694.0
3864,50690.9,50690.0,50693.0,50684.0,50690.0,50694.0,50694.0,50692.0,50688.0,50690.0,50694.0
3865,50690.9,50690.0,50693.0,50684.0,50690.0,50694.0,50694.0,50692.0,50688.0,50690.0,50694.0
3866,50690.9,50690.0,50693.0,50684.0,50690.0,50694.0,50694.0,50692.0,50688.0,50690.0,50694.0
3867,50690.9,50690.0,50693.0,50684.0,50690.0,50694.0,50694.0,50692.0,50688.0,50690.0,50694.0
3868,50690.9,50690.0,50693.0,50684.0,50690.0,50694.0,50694.0,50692.0,50688.0,50690.0,50694.0
3869,50690.9,50690.0,50693.0,50684.0,50690.0,50694.0,50694.0,50692.0,50688.0,50690.0,50694.0
3870,50690.9,50690.0,50693.0,50684.0,50690.0,50694.0,50694.0,50692.0,50688.0,50690.0,50694.0
3871,50690.9,50690.0,50693.0,50684.0,50690.0,50694.0,50694.0,50692.0,50688.0,50690.0,50694.0
3872,50690.9,50690.0,50693.0,50684.0,50690.0,50694.0,50694.0,50692.0,50688.0,50690.0,50694.0
3873,50690.9,50690.0,50693.0,50684.0,50690.0,50694.0,50694.0,50692.0,50688.0,50690.0,50694.0
3874,50690.9,50690.0,50693.0,50684.0,50690.0,50694.0,50694.0,50692.0,50688.0,50690.0,50694.0
3875,50690.9,50690.0,50693.0,50684.0,50690.0,50694.0,50694.0,50692.0,50688.0,50690.0,50694.0
3876,50690.9,50690.0,50693.0,50684.0,50690.0,50694.0,50694.0,50692.0,50688.0,50690.0,50694.0
3877,50690.9,50690.0,50693.0,50684.0,50690.0,50694.0,50694.0,50692.0,50688.0,50690.0,50694.0
3878,50690.9,50690.0,50693.0,50684.0,50690.0,50694.0,50694.0,50692.0,50688.0,50690.0,50694.0
3879,50690.9,50690.0,50693.0,50684.0,50690.0,50694.0,50694.0,50692.0,50688.0,50690.0,50694.0
3880,50690.9,50690.0,50693.0,50684.0,50690.0,50694.0,50694.0,50692.0,50688.0,50690.0,50694.0
3881,50690.9,50690.0,50693.0,50684.0,50690.0,50694.0,50694.0,50692.0,50688.0,50690.0,50694.0
3882,50690.9,50690.0,50693.0,50684.0,50690.0,50694.0,50694.0,50692.0,50688.0,50690.0,50694.0
3883,50690.9,50690.0,50693.0,50684.0,50690.0,50694.0,50694.0,50692.0,50688.0,50690.0,50694.0
3884,50690.9,50690.0,50693.0,50684.0,50690.0,50694.0,50694.0,50692.0,50688.0,50690.0,50694.0
3885,50690.9,50690.0,50693.0,50684.0,50690.0,50694.0,50694.0,50692.0,50688.0,50690.0,50694.0
3886,50690.9,50690.0,50693.0,50684.0,50690.0,50694.0,50694.0,50692.0,50688.0,50690.0,50694.0
3887,50690.9,50690.0,50693.0,50684.0,50690.0,50694.0,50694.0,50692.0,50688.0,50690.0,50694.0
3888,50690.9,50690.0,50693.0,50684.0,50690.0,50694.0,50694.0,50692.0,50688.0,50690.0,50694.0
3889,50690.9,50690.0,50693.0,50684.0,50690.0,50694.0,50694.0,50692.0,50688.0,50690.0,50694.0
3890,50690.9,50690.0,50693.0,50684.0,50690.0,50694.0,50694.0,50692.0,50688.0,50690.0,50694.0
3891,50690.9,50690.0,50693.0,50684.0,50690.0,50694.0,50694.0,50692.0,50688.0,50690.0,50694.0
3892,50690.9,50690.0,50693.0,50684.0,50690.0,50694.0,50694.0,50692.0,50688.0,50690.0,50694.0
3893,50690.9,50690.0,50693.0,50684.0,50690.0,50694.0,50694.0,50692.0,50688.0,50690.0,50694.0
3894,50690.9,50690.0,50693.0,50684.0,50690.0,50694.0,50694.0,50692.0,50688.0,50690.0,50694.0
3895,50690.9,50690.0,50693.0,50684.0,50690.0,50694.0,50694.0,50692.0,50688.0,50690.0,50694.0
3896,50690.9,50690.0,50693.0,50684.0,50690.0,50694.0,50694.0,50692.0,50688.0,50690.0,50694.0
3897,50690.9,50690.0,50693.0,50684.0,50690.0,50694.0,50694.0,50692.0,50688.0,50690.0,50694.0
3898,50690.9,50690.0,50693.0,50684.0,50690.0,50694.0,50694.0,50692.0,50688.0,50690.0,50694.0
3899,50690.9,50690.0,50693.0,50684.0,50690.0,50694.0,50694.0,50692.0,50688.0,50690.0,50694.0
3900,50690.9,50690.0,50693.0,50684.0,50690.0,50694.0,50694.0,50692.0,50688.0,50690.0,50694.0
3901,50690.9,50690.0,50693.0,50684.0,50690.0,50694.0,50694.0,50692.0,50688.0,50690.0,50694.0
3902,50690.9,50690.0,50693.0,50684.0,50690.0,50694.0,50694.0,50692.0,50688.0,50690.0,50694.0
3903,50690.9,50690.0,50693.0,50684.0,50690.0,50694.0,50694.0,50692.0,50688.0,50690.0,50694.0
3904,50690.9,50690.0,50693.0,50684.0,50690.0,50694.0,50694.0,50692.0,50688.0,50690.0,50694.0
3905,50690.9,50690.0,50693.0,50684.0,50690.0,50694.0,50694.0,50692.0,50688.0,50690.0,50694.0
3906,50690.9,50690.0,50693.0,50684.0,50690.0,50694.0,50694.0,50692.0,50688.0,50690.0,50694.0
3907,50690.9,50690.0,50693.0,50684.0,50690.0,50694.0,50694.0,50692.0,50688.0,50690.0,50694.0
3908,50690.9,50690.0,50693.0,50684.0,50690.0,50694.0,50694.0,50692.0,50688.0,50690.0,50694.0
3909,50690.9,50690.0,50693.0,50684.0,50690.0,50694.0,50694.0,50692.0,50688.0,50690.0,50694.0
3910,50690.9,50690.0,50693.0,50684.0,50690.0,50694.0,50694.0,50692.0,50688.0,50690.0,50694.0
3911,50690.9,50690.0,50693.0,50684.0,50690.0,50694.0,50694.0,50692.0,50688.0,50690.0,50694.0
3912,50690.9,50690.0,50693.0,50684.0,50690.0,50694.0,50694.0,50692.0,50688.0,50690.0,50694.0
3913,50690.9,50690.0,50693.0,50684.0,50690.0,50694.0,50694.0,50692.0,50688.0,50690.0,50694.0
3914,50690.9,50690.0,50693.0,50684.0,50690.0,50694.0,50694.0,50692.0,50688.0,50690.0,50694.0
3915,50690.9,50690.0,50693.0,50684.0,50690.0,50694.0,50694.0,50692.0,50688.0,50690.0,50694.0
3916,50690.9,50690.0,50693.0,50684.0,50690.0,50694.0,50694.0,50692.0,50688.0,50690.0,50694.0
3917,50690.9,50690.0,50693.0,50684.0,50690.0,50694.0,50694.0,50692.0,50688.0,50690.0,50694.0
3918,50690.9,50690.0,50693.0,50684.0,50690.0,50694.0,50694.0,50692.0,50688.0,50690.0,50694.0
3919,50690.9,50690.0,50693.0,50684.0,50690.0,50694.0,50694.0,50692.0,50688.0,50690.0,50694.0
3920,50690.9,50690.0,50693.0,50684.0,50690.0,50694.0,50694.0,50692.0,50688.0,50690.0,50694.0
3921,50690.9,50690.0,50693.0,50684.0,50690.0,50694.0,50694.0,50692.0,50688.0,50690.0,50694.0
3922,50690.9,50690.0,50693.0,50684.0,50690.0,50694.0,50694.0,50692.0,50688.0,50690.0,50694.0
3923,50690.9,50690.0,50693.0,50684.0,50690.0,50694.0,50694.0,50692.0,50688.0,50690.0,50694.0
3924,50690.9,50690.0,50693.0,50684.0,50690.0,50694.0,50694.0,50692.0,50688.0,50690.0,50694.0
3925,50690.9,50690.0,50693.0,50684.0,50690.0,50694.0,50694.0,50692.0,50688.0,50690.0,50694.0
3926,50690.9,50690.0,50693.0,50684.0,50690.0,50694.0,50694.0,50692.0,50688.0,50690.0,50694.0
3927,50690.9,50690.0,50693.0,50684.0,50690.0,50694.0,50694.0,50692.0,50688.0,50690.0,50694.0
3928,50690.9,50690.0,50693.0,50684.0,50690.0,50694.0,50694.0,50692.0,50688.0,50690.0,50694.0
3929,50690.9,50690.0,50693.0,50684.0,50690.0,50694.0,50694.0,50692.0,50688.0,50690.0,50694.0
3930,50690.9,50690.0,50693.0,50684.0,50690.0,50694.0,50694.0,50692.0,50688.0,50690.0,50694.0
3931,50690.9,50690.0,50693.0,50684.0,50690.0,50694.0,50694.0,50692.0,50688.0,50690.0,50694.0
3932,50690.9,50690.0,50693.0,50684.0,50690.0,50694.0,50694.0,50692.0,50688.0,50690.0,50694.0
3933,50690.9,50690.0,50693.0,50684.0,50690.0,50694.0,50694.0,50692.0,50688.0,50690.0,50694.0
3934,50690.9,50690.0,50693.0,50684.0,50690.0,50694.0,50694.0,50692.0,50688.0,50690.0,50694.0
3935,50690.9,50690.0,50693.0,50684.0,50690.0,50694.0,50694.0,50692.0,50688.0,50690.0,50694.0
3936,50690.9,50690.0,50693.0,50684.0,50690.0,50694.0,50694.0,50692.0,50688.0,50690.0,50694.0
3937,50690.9,50690.0,50693.0,50684.0,50690.0,50694.0,50694.0,50692.0,50688.0,50690.0,50694.0
3938,50690.9,50690.0,50693.0,50684.0,50690.0,50694.0,50694.0,50692.0,50688.0,50690.0,50694.0
3939,50690.9,50690.0,50693.0,50684.0,50690.0,50694.0,50694.0,50692.0,50688.0,50690.0,50694.0
3940,50690.9,50690.0,50693.0,50684.0,50690.0,50694.0,50694.0,50692.0,50688.0,50690.0,50694.0
3941,50690.9,50690.0,50693.0,50684.0,50690.0,50694.0,50694.0,50692.0,50688.0,50690.0,50694.0
3942,50690.9,50690.0,50693.0,50684.0,50690.0,50694.0,50694.0,50692.0,50688.0,50690.0,50694.0
3943,50690.9,50690.0,50693.0,50684.0,50690.0,50694.0,50694.0,50692.0,50688.0,50690.0,50694.0
3944,50690.9,50690.0,50693.0,50684.0,50690.0,50694.0,50694.0,50692.0,50688.0,50690.0,50694.0
3945,50690.9,50690.0,50693.0,50684.0,50690.0,50694.0,50694.0,50692.0,50688.0,50690.0,50694.0
3946,50690.9,50690.0,50693.0,50684.0,50690.0,50694.0,50694.0,50692.0,50688.0,50690.0,50694.0
3947,50690.9,50690.0,50693.0,50684.0,50690.0,50694.0,50694.0,50692.0,50688.0,50690.0,50694.0
3948,50690.9,50690.0,50693.0,50684.0,50690.0,50694.0,50694.0,50692.0,50688.0,50690.0,50694.0
3949,50690.9,50690.0,50693.0,50684.0,50690.0,50694.0,50694.0,50692.0,50688.0,50690.0,50694.0
3950,50690.9,50690.0,50693.0,50684.0,50690.0,50694.0,50694.0,50692.0,50688.0,50690.0,50694.0
3951,50690.9,50690.0,50693.0,50684.0,50690.0,50694.0,50694.0,50692.0,50688.0,50690.0,50694.0
3952,50690.9,50690.0,50693.0,50684.0,50690.0,50694.0,50694.0,50692.0,50688.0,50690.0,50694.0
3953,50690.9,50690.0,50693.0,50684.0,50690.0,50694.0,50694.0,50692.0,50688.0,50690.0,50694.0
3954,50690.9,50690.0,50693.0,50684.0,50690.0,50694.0,50694.0,50692.0,50688.0,50690.0,50694.0
3955,50690.9,50690.0,50693.0,50684.0,50690.0,50694.0,50694.0,50692.0,50688.0,50690.0,50694.0
3956,50690.9,50690.0,50693.0,50684.0,50690.0,50694.0,50694.0,50692.0,50688.0,50690.0,50694.0
3957,50690.9,50690.0,50693.0,50684.0,50690.0,50694.0,50694.0,50692.0,50688.0,50690.0,50694.0
3958,50690.9,50690.0,50693.0,50684.0,50690.0,50694.0,50694.0,50692.0,50688.0,50690.0,50694.0
3959,50690.9,50690.0,50693.0,50684.0,50690.0,50694.0,50694.0,50692.0,50688.0,50690.0,50694.0
3960,50690.9,50690.0,50693.0,50684.0,50690.0,50694.0,50694.0,50692.0,50688.0,50690.0,50694.0
3961,50690.9,50690.0,50693.0,50684.0,50690.0,50694.0,50694.0,50692.0,50688.0,50690.0,50694.0
3962,50690.9,50690.0,50693.0,50684.0,50690.0,50694.0,50694.0,50692.0,50688.0,50690.0,50694.0
3963,50690.9,50690.0,50693.0,50684.0,50690.0,50694.0,50694.0,50692.0,50688.0,50690.0,50694.0
3964,50690.9,50690.0,50693.0,50684.0,50690.0,50694.0,50694.0,50692.0,50688.0,50690.0,50694.0
3965,50690.9,50690.0,50693.0,50684.0,50690.0,50694.0,50694.0,50692.0,50688.0,50690.0,50694.0
3966,50690.9,50690.0,50693.0,50684.0,50690.0,50694.0,50694.0,50692.0,50688.0,50690.0,50694.0
3967,50690.9,50690.0,50693.0,50684.0,50690.0,50694.0,50694.0,50692.0,50688.0,50690.0,50694.0
3968,50690.9,50690.0,50693.0,50684.0,50690.0,50694.0,50694.0,50692.0,50688.0,50690.0,50694.0
3969,50690.9,50690.0,50693.0,50684.0,50690.0,50694.0,50694.0,50692.0,50688.0,50690.0,50694.0
3970,50690.9,50690.0,50693.0,50684.0,50690.0,50694.0,50694.0,50692.0,50688.0,50690.0,50694.0
3971,50690.9,50690.0,50693.0,50684.0,50690.0,50694.0,50694.0,50692.0,50688.0,50690.0,50694.0
3972,50690.9,50690.0,50693.0,50684.0,50690.0,50694.0,50694.0,50692.0,50688.0,50690.0,50694.0
3973,50690.9,50690.0,50693.0,50684.0,50690.0,50694.0,50694.0,50692.0,50688.0,50690.0,50694.0
3974,50690.9,50690.0,50693.0,50684.0,50690.0,50694.0,50694.0,50692.0,50688.0,50690.0,50694.0
3975,50690.9,50690.0,50693.0,50684.0,50690.0,50694.0,50694.0,50692.0,50688.0,50690.0,50694.0
3976,50690.9,50690.0,50693.0,50684.0,50690.0,50694.0,50694.0,50692.0,50688.0,50690.0,50694.0
3977,50690.9,50690.0,50693.0,50684.0,50690.0,50694.0,50694.0,50692.0,50688.0,50690.0,50694.0
3978,50690.9,50690.0,50693.0,50684.0,50690.0,50694.0,50694.0,50692.0,50688.0,50690.0,50694.0
3979,50690.9,50690.0,50693.0,50684.0,50690.0,50694.0,50694.0,50692.0,50688.0,50690.0,50694.0
3980,50690.9,50690.0,50693.0,50684.0,50690.0,50694.0,50694.0,50692.0,50688.0,50690.0,50694.0
3981,50690.9,50690.0,50693.0,50684.0,50690.0,50694.0,50694.0,50692.0,50688.0,50690.0,50694.0
3982,50690.9,50690.0,50693.0,50684.0,50690.0,50694.0,50694.0,50692.0,50688.0,50690.0,50694.0
3983,50690.9,50690.0,50693.0,50684.0,50690.0,50694.0,50694.0,50692.0,50688.0,50690.0,50694.0
3984,50690.9,50690.0,50693.0,50684.0,50690.0,50694.0,50694.0,50692.0,50688.0,50690.0,50694.0
3985,50690.9,50690.0,50693.0,50684.0,50690.0,50694.0,50694.0,50692.0,50688.0,50690.0,50694.0
3986,50690.9,50690.0,50693.0,50684.0,50690.0,50694.0,50694.0,50692.0,50688.0,50690.0,50694.0
3987,50690.9,50690.0,50693.0,50684.0,50690.0,50694.0,50694.0,50692.0,50688.0,50690.0,50694.0
3988,50690.9,50690.0,50693.0,50684.0,50690.0,50694.0,50694.0,50692.0,50688.0,50690.0,50694.0
3989,50690.9,50690.0,50693.0,50684.0,50690.0,50694.0,50694.0,50692.0,50688.0,50690.0,50694.0
3990,50690.9,50690.0,50693.0,50684.0,50690.0,50694.0,50694.0,50692.0,50688.0,50690.0,50694.0
3991,50690.9,50690.0,50693.0,50684.0,50690.0,50694.0,50694.0,50692.0,50688.0,50690.0,50694.0
3992,50690.9,50690.0,50693.0,50684.0,50690.0,50694.0,50694.0,50692.0,50688.0,50690.0,50694.0
3993,50690.9,50690.0,50693.0,50684.0,50690.0,50694.0,50694.0,50692.0,50688.0,50690.0,50694.0
3994,50690.9,50690.0,50693.0,50684.0,50690.0,50694.0,50694.0,50692.0,50688.0,50690.0,50694.0
3995,50690.9,50690.0,50693.0,50684.0,50690.0,50694.0,50694.0,50692.0,50688.0,50690.0,50694.0
3996,50690.9,50690.0,50693.0,50684.0,50690.0,50694.0,50694.0,50692.0,50688.0,50690.0,50694.0
3997,50690.9,50690.0,50693.0,50684.0,50690.0,50694.0,50694.0,50692.0,50688.0,50690.0,50694.0
3998,50690.9,50690.0,50693.0,50684.0,50690.0,50694.0,50694.0,50692.0,50688.0,50690.0,50694.0
3999,50690.9,50690.0,50693.0,50684.0,50690.0,50694.0,50694.0,50692.0,50688.0,50690.0,50694.0
4000,50690.9,50690.0,50693.0,50684.0,50690.0,50694.0,50694.0,50692.0,50688.0,50690.0,50694.0
4001,50690.9,50690.0,50693.0,50684.0,50690.0,50694.0,50694.0,50692.0,50688.0,50690.0,50694.0
4002,50690.9,50690.0,50693.0,50684.0,50690.0,50694.0,50694.0,50692.0,50688.0,50690.0,50694.0
4003,50690.9,50690.0,50693.0,50684.0,50690.0,50694.0,50694.0,50692.0,50688.0,50690.0,50694.0
4004,50690.9,50690.0,50693.0,50684.0,50690.0,50694.0,50694.0,50692.0,50688.0,50690.0,50694.0
4005,50690.9,50690.0,50693.0,50684.0,50690.0,50694.0,50694.0,50692.0,50688.0,50690.0,50694.0
4006,50690.9,50690.0,50693.0,50684.0,50690.0,50694.0,50694.0,50692.0,50688.0,50690.0,50694.0
4007,50690.9,50690.0,50693.0,50684.0,50690.0,50694.0,50694.0,50692.0,50688.0,50690.0,50694.0
4008,50690.9,50690.0,50693.0,50684.0,50690.0,50694.0,50694.0,50692.0,50688.0,50690.0,50694.0
4009,50690.9,50690.0,50693.0,50684.0,50690.0,50694.0,50694.0,50692.0,50688.0,50690.0,50694.0
4010,50690.9,50690.0,50693.0,50684.0,50690.0,50694.0,50694.0,50692.0,50688.0,50690.0,50694.0
4011,50690.9,50690.0,50693.0,50684.0,50690.0,50694.0,50694.0,50692.0,50688.0,50690.0,50694.0
4012,50690.9,50690.0,50693.0,50684.0,50690.0,50694.0,50694.0,50692.0,50688.0,50690.0,50694.0
4013,50690.9,50690.0,50693.0,50684.0,50690.0,50694.0,50694.0,50692.0,50688.0,50690.0,50694.0
4014,50690.9,50690.0,50693.0,50684.0,50690.0,50694.0,50694.0,50692.0,50688.0,50690.0,50694.0
4015,50690.9,50690.0,50693.0,50684.0,50690.0,50694.0,50694.0,50692.0,50688.0,50690.0,50694.0
4016,50690.9,50690.0,50693.0,50684.0,50690.0,50694.0,50694.0,50692.0,50688.0,50690.0,50694.0
4017,50690.9,50690.0,50693.0,50684.0,50690.0,50694.0,50694.0,50692.0,50688.0,50690.0,50694.0
4018,50690.9,50690.0,50693.0,50684.0,50690.0,50694.0,50694.0,50692.0,50688.0,50690.0,50694.0
4019,50690.9,50690.0,50693.0,50684.0,50690.0,50694.0,50694.0,50692.0,50688.0,50690.0,50694.0
4020,50690.9,50690.0,50693.0,50684.0,50690.0,50694.0,50694.0,50692.0,50688.0,50690.0,50694.0
4021,50690.9,50690.0,50693.0,50684.0,50690.0,50694.0,50694.0,50692.0,50688.0,50690.0,50694.0
4022,50690.9,50690.0,50693.0,50684.0,50690.0,50694.0,50694.0,50692.0,50688.0,50690.0,50694.0
4023,50690.9,50690.0,50693.0,50684.0,50690.0,50694.0,50694.0,50692.0,50688.0,50690.0,50694.0
4024,50690.9,50690.0,50693.0,50684.0,50690.0,50694.0,50694.0,50692.0,50688.0,50690.0,50694.0
4025,50690.9,50690.0,50693.0,50684.0,50690.0,50694.0,50694.0,50692.0,50688.0,50690.0,50694.0
4026,50690.9,50690.0,50693.0,50684.0,50690.0,50694.0,50694.0,50692.0,50688.0,50690.0,50694.0
4027,50690.9,50690.0,50693.0,50684.0,50690.0,50694.0,50694.0,50692.0,50688.0,50690.0,50694.0
4028,50690.9,50690.0,50693.0,50684.0,50690.0,50694.0,50694.0,50692.0,50688.0,50690.0,50694.0
4029,50690.9,50690.0,50693.0,50684.0,50690.0,50694.0,50694.0,50692.0,50688.0,50690.0,50694.0
4030,50690.9,50690.0,50693.0,50684.0,50690.0,50694.0,50694.0,50692.0,50688.0,50690.0,50694.0
4031,50690.9,50690.0,50693.0,50684.0,50690.0,50694.0,50694.0,50692.0,50688.0,50690.0,50694.0
4032,50690.9,50690.0,50693.0,50684.0,50690.0,50694.0,50694.0,50692.0,50688.0,50690.0,50694.0
4033,50690.9,50690.0,50693.0,50684.0,50690.0,50694.0,50694.0,50692.0,50688.0,50690.0,50694.0
4034,50690.9,50690.0,50693.0,50684.0,50690.0,50694.0,50694.0,50692.0,50688.0,50690.0,50694.0
4035,50690.9,50690.0,50693.0,50684.0,50690.0,50694.0,50694.0,50692.0,50688.0,50690.0,50694.0
4036,50690.9,50690.0,50693.0,50684.0,50690.0,50694.0,50694.0,50692.0,50688.0,50690.0,50694.0
4037,50690.9,50690.0,50693.0,50684.0,50690.0,50694.0,50694.0,50692.0,50688.0,50690.0,50694.0
4038,50690.9,50690.0,50693.0,50684.0,50690.0,50694.0,50694.0,50692.0,50688.0,50690.0,50694.0
4039,50690.9,50690.0,50693.0,50684.0,50690.0,50694.0,50694.0,50692.0,50688.0,50690.0,50694.0
4040,50690.9,50690.0,50693.0,50684.0,50690.0,50694.0,50694.0,50692.0,50688.0,50690.0,50694.0
4041,50690.9,50690.0,50693.0,50684.0,50690.0,50694.0,50694.0,50692.0,50688.0,50690.0,50694.0
4042,50690.9,50690.0,50693.0,50684.0,50690.0,50694.0,50694.0,50692.0,50688.0,50690.0,50694.0
4043,50690.9,50690.0,50693.0,50684.0,50690.0,50694.0,50694.0,50692.0,50688.0,50690.0,50694.0
4044,50690.9,50690.0,50693.0,50684.0,50690.0,50694.0,50694.0,50692.0,50688.0,50690.0,50694.0
4045,50690.9,50690.0,50693.0,50684.0,50690.0,50694.0,50694.0,50692.0,50688.0,50690.0,50694.0
4046,50690.9,50690.0,50693.0,50684.0,50690.0,50694.0,50694.0,50692.0,50688.0,50690.0,50694.0
4047,50690.9,50690.0,50693.0,50684.0,50690.0,50694.0,50694.0,50692.0,50688.0,50690.0,50694.0
4048,50690.9,50690.0,50693.0,50684.0,50690.0,50694.0,50694.0,50692.0,50688.0,50690.0,50694.0
4049,50690.9,50690.0,50693.0,50684.0,50690.0,50694.0,50694.0,50692.0,50688.0,50690.0,50694.0
4050,50690.9,50690.0,50693.0,50684.0,50690.0,50694.0,50694.0,50692.0,50688.0,50690.0,50694.0
4051,50690.9,50690.0,50693.0,50684.0,50690.0,50694.0,50694.0,50692.0,50688.0,50690.0,50694.0
4052,50690.9,50690.0,50693.0,50684.0,50690.0,50694.0,50694.0,50692.0,50688.0,50690.0,50694.0
4053,50690.9,50690.0,50693.0,50684.0,50690.0,50694.0,50694.0,50692.0,50688.0,50690.0,50694.0
4054,50690.9,50690.0,50693.0,50684.0,50690.0,50694.0,50694.0,50692.0,50688.0,50690.0,50694.0
4055,50690.9,50690.0,50693.0,50684.0,50690.0,50694.0,50694.0,50692.0,50688.0,50690.0,50694.0
4056,50690.9,50690.0,50693.0,50684.0,50690.0,50694.0,50694.0,50692.0,50688.0,50690.0,50694.0
4057,50690.9,50690.0,50693.0,50684.0,50690.0,50694.0,50694.0,50692.0,50688.0,50690.0,50694.0
4058,50690.9,50690.0,50693.0,50684.0,50690.0,50694.0,50694.0,50692.0,50688.0,50690.0,50694.0
4059,50690.9,50690.0,50693.0,50684.0,50690.0,50694.0,50694.0,50692.0,50688.0,50690.0,50694.0
4060,50690.9,50690.0,50693.0,50684.0,50690.0,50694.0,50694.0,50692.0,50688.0,50690.0,50694.0
4061,50690.9,50690.0,50693.0,50684.0,50690.0,50694.0,50694.0,50692.0,50688.0,50690.0,50694.0
4062,50690.9,50690.0,50693.0,50684.0,50690.0,50694.0,50694.0,50692.0,50688.0,50690.0,50694.0
4063,50690.9,50690.0,50693.0,50684.0,50690.0,50694.0,50694.0,50692.0,50688.0,50690.0,50694.0
4064,50690.9,50690.0,50693.0,50684.0,50690.0,50694.0,50694.0,50692.0,50688.0,50690.0,50694.0
4065,50690.9,50690.0,50693.0,50684.0,50690.0,50694.0,50694.0,50692.0,50688.0,50690.0,50694.0
4066,50690.9,50690.0,50693.0,50684.0,50690.0,50694.0,50694.0,50692.0,50688.0,50690.0,50694.0
4067,50690.9,50690.0,50693.0,50684.0,50690.0,50694.0,50694.0,50692.0,50688.0,50690.0,50694.0
4068,50690.9,50690.0,50693.0,50684.0,50690.0,50694.0,50694.0,50692.0,50688.0,50690.0,50694.0
4069,50690.9,50690.0,50693.0,50684.0,50690.0,50694.0,50694.0,50692.0,50688.0,50690.0,50694.0
4070,50690.9,50690.0,50693.0,50684.0,50690.0,50694.0,50694.0,50692.0,50688.0,50690.0,50694.0
4071,50690.9,50690.0,50693.0,50684.0,50690.0,50694.0,50694.0,50692.0,50688.0,50690.0,50694.0
4072,50690.9,50690.0,50693.0,50684.0,50690.0,50694.0,50694.0,50692.0,50688.0,50690.0,50694.0
4073,50690.9,50690.0,50693.0,50684.0,50690.0,50694.0,50694.0,50692.0,50688.0,50690.0,50694.0
4074,50690.9,50690.0,50693.0,50684.0,50690.0,50694.0,50694.0,50692.0,50688.0,50690.0,50694.0
4075,50690.9,50690.0,50693.0,50684.0,50690.0,50694.0,50694.0,50692.0,50688.0,50690.0,50694.0
4076,50690.9,50690.0,50693.0,50684.0,50690.0,50694.0,50694.0,50692.0,50688.0,50690.0,50694.0
4077,50690.9,50690.0,50693.0,50684.0,50690.0,50694.0,50694.0,50692.0,50688.0,50690.0,50694.0
4078,50690.9,50690.0,50693.0,50684.0,50690.0,50694.0,50694.0,50692.0,50688.0,50690.0,50694.0
4079,50690.9,50690.0,50693.0,50684.0,50690.0,50694.0,50694.0,50692.0,50688.0,50690.0,50694.0
4080,50690.9,50690.0,50693.0,50684.0,50690.0,50694.0,50694.0,50692.0,50688.0,50690.0,50694.0
4081,50690.9,50690.0,50693.0,50684.0,50690.0,50694.0,50694.0,50692.0,50688.0,50690.0,50694.0
4082,50690.9,50690.0,50693.0,50684.0,50690.0,50694.0,50694.0,50692.0,50688.0,50690.0,50694.0
4083,50690.9,50690.0,50693.0,50684.0,50690.0,50694.0,50694.0,50692.0,50688.0,50690.0,50694.0
4084,50690.9,50690.0,50693.0,50684.0,50690.0,50694.0,50694.0,50692.0,50688.0,50690.0,50694.0
4085,50690.9,50690.0,50693.0,50684.0,50690.0,50694.0,50694.0,50692.0,50688.0,50690.0,50694.0
4086,50690.9,50690.0,50693.0,50684.0,50690.0,50694.0,50694.0,50692.0,50688.0,50690.0,50694.0
4087,50690.9,50690.0,50693.0,50684.0,50690.0,50694.0,50694.0,50692.0,50688.0,50690.0,50694.0
4088,50690.9,50690.0,50693.0,50684.0,50690.0,50694.0,50694.0,50692.0,50688.0,50690.0,50694.0
4089,50690.9,50690.0,50693.0,50684.0,50690.0,50694.0,50694.0,50692.0,50688.0,50690.0,50694.0
4090,50690.9,50690.0,50693.0,50684.0,50690.0,50694.0,50694.0,50692.0,50688.0,50690.0,50694.0
4091,50690.9,50690.0,50693.0,50684.0,50690.0,50694.0,50694.0,50692.0,50688.0,50690.0,50694.0
4092,50690.9,50690.0,50693.0,50684.0,50690.0,50694.0,50694.0,50692.0,50688.0,50690.0,50694.0
4093,50690.9,50690.0,50693.0,50684.0,50690.0,50694.0,50694.0,50692.0,50688.0,50690.0,50694.0
4094,50690.9,50690.0,50693.0,50684.0,50690.0,50694.0,50694.0,50692.0,50688.0,50690.0,50694.0
4095,50690.9,50690.0,50693.0,50684.0,50690.0,50694.0,50694.0,50692.0,50688.0,50690.0,50694.0
4096,50690.9,50690.0,50693.0,50684.0,50690.0,50694.0,50694.0,50692.0,50688.0,50690.0,50694.0
4097,50690.9,50690.0,50693.0,50684.0,50690.0,50694.0,50694.0,50692.0,50688.0,50690.0,50694.0
4098,50690.9,50690.0,50693.0,50684.0,50690.0,50694.0,50694.0,50692.0,50688.0,50690.0,50694.0
4099,50690.9,50690.0,50693.0,50684.0,50690.0,50694.0,50694.0,50692.0,50688.0,50690.0,50694.0
4100,50690.9,50690.0,50693.0,50684.0,50690.0,50694.0,50694.0,50692.0,50688.0,50690.0,50694.0
4101,50690.9,50690.0,50693.0,50684.0,50690.0,50694.0,50694.0,50692.0,50688.0,50690.0,50694.0
4102,50690.9,50690.0,50693.0,50684.0,50690.0,50694.0,50694.0,50692.0,50688.0,50690.0,50694.0
4103,50690.9,50690.0,50693.0,50684.0,50690.0,50694.0,50694.0,50692.0,50688.0,50690.0,50694.0
4104,50690.9,50690.0,50693.0,50684.0,50690.0,50694.0,50694.0,50692.0,50688.0,50690.0,50694.0
4105,50690.9,50690.0,50693.0,50684.0,50690.0,50694.0,50694.0,50692.0,50688.0,50690.0,50694.0
4106,50690.9,50690.0,50693.0,50684.0,50690.0,50694.0,50694.0,50692.0,50688.0,50690.0,50694.0
4107,50690.9,50690.0,50693.0,50684.0,50690.0,50694.0,50694.0,50692.0,50688.0,50690.0,50694.0
4108,50690.9,50690.0,50693.0,50684.0,50690.0,50694.0,50694.0,50692.0,50688.0,50690.0,50694.0
4109,50690.9,50690.0,50693.0,50684.0,50690.0,50694.0,50694.0,50692.0,50688.0,50690.0,50694.0
4110,50690.9,50690.0,50693.0,50684.0,50690.0,50694.0,50694.0,50692.0,50688.0,50690.0,50694.0
4111,50690.9,50690.0,50693.0,50684.0,50690.0,50694.0,50694.0,50692.0,50688.0,50690.0,50694.0
4112,50690.9,50690.0,50693.0,50684.0,50690.0,50694.0,50694.0,50692.0,50688.0,50690.0,50694.0
4113,50690.9,50690.0,50693.0,50684.0,50690.0,50694.0,50694.0,50692.0,50688.0,50690.0,50694.0
4114,50690.9,50690.0,50693.0,50684.0,50690.0,50694.0,50694.0,50692.0,50688.0,50690.0,50694.0
4115,50690.9,50690.0,50693.0,50684.0,50690.0,50694.0,50694.0,50692.0,50688.0,50690.0,50694.0
4116,50690.9,50690.0,50693.0,50684.0,50690.0,50694.0,50694.0,50692.0,50688.0,50690.0,50694.0
4117,50690.9,50690.0,50693.0,50684.0,50690.0,50694.0,50694.0,50692.0,50688.0,50690.0,50694.0
4118,50690.9,50690.0,50693.0,50684.0,50690.0,50694.0,50694.0,50692.0,50688.0,50690.0,50694.0
4119,50690.9,50690.0,50693.0,50684.0,50690.0,50694.0,50694.0,50692.0,50688.0,50690.0,50694.0
4120,50690.9,50690.0,50693.0,50684.0,50690.0,50694.0,50694.0,50692.0,50688.0,50690.0,50694.0
4121,50690.9,50690.0,50693.0,50684.0,50690.0,50694.0,50694.0,50692.0,50688.0,50690.0,50694.0
4122,50690.9,50690.0,50693.0,50684.0,50690.0,50694.0,50694.0,50692.0,50688.0,50690.0,50694.0
4123,50690.9,50690.0,50693.0,50684.0,50690.0,50694.0,50694.0,50692.0,50688.0,50690.0,50694.0
4124,50690.9,50690.0,50693.0,50684.0,50690.0,50694.0,50694.0,50692.0,50688.0,50690.0,50694.0
4125,50690.9,50690.0,50693.0,50684.0,50690.0,50694.0,50694.0,50692.0,50688.0,50690.0,50694.0
4126,50690.9,50690.0,50693.0,50684.0,50690.0,50694.0,50694.0,50692.0,50688.0,50690.0,50694.0
4127,50690.9,50690.0,50693.0,50684.0,50690.0,50694.0,50694.0,50692.0,50688.0,50690.0,50694.0
4128,50690.9,50690.0,50693.0,50684.0,50690.0,50694.0,50694.0,50692.0,50688.0,50690.0,50694.0
4129,50690.9,50690.0,50693.0,50684.0,50690.0,50694.0,50694.0,50692.0,50688.0,50690.0,50694.0
4130,50690.9,50690.0,50693.0,50684.0,50690.0,50694.0,50694.0,50692.0,50688.0,50690.0,50694.0
4131,50690.9,50690.0,50693.0,50684.0,50690.0,50694.0,50694.0,50692.0,50688.0,50690.0,50694.0
4132,50690.9,50690.0,50693.0,50684.0,50690.0,50694.0,50694.0,50692.0,50688.0,50690.0,50694.0
4133,50690.9,50690.0,50693.0,50684.0,50690.0,50694.0,50694.0,50692.0,50688.0,50690.0,50694.0
4134,50690.9,50690.0,50693.0,50684.0,50690.0,50694.0,50694.0,50692.0,50688.0,50690.0,50694.0
4135,50690.9,50690.0,50693.0,50684.0,50690.0,50694.0,50694.0,50692.0,50688.0,50690.0,50694.0
4136,50690.9,50690.0,50693.0,50684.0,50690.0,50694.0,50694.0,50692.0,50688.0,50690.0,50694.0
4137,50690.9,50690.0,50693.0,50684.0,50690.0,50694.0,50694.0,50692.0,50688.0,50690.0,50694.0
4138,50690.9,50690.0,50693.0,50684.0,50690.0,50694.0,50694.0,50692.0,50688.0,50690.0,50694.0
4139,50690.9,50690.0,50693.0,50684.0,50690.0,50694.0,50694.0,50692.0,50688.0,50690.0,50694.0
4140,50690.9,50690.0,50693.0,50684.0,50690.0,50694.0,50694.0,50692.0,50688.0,50690.0,50694.0
4141,50690.9,50690.0,50693.0,50684.0,50690.0,50694.0,50694.0,50692.0,50688.0,50690.0,50694.0
4142,50690.9,50690.0,50693.0,50684.0,50690.0,50694.0,50694.0,50692.0,50688.0,50690.0,50694.0
4143,50690.9,50690.0,50693.0,50684.0,50690.0,50694.0,50694.0,50692.0,50688.0,50690.0,50694.0
4144,50690.9,50690.0,50693.0,50684.0,50690.0,50694.0,50694.0,50692.0,50688.0,50690.0,50694.0
4145,50690.9,50690.0,50693.0,50684.0,50690.0,50694.0,50694.0,50692.0,50688.0,50690.0,50694.0
4146,50690.9,50690.0,50693.0,50684.0,50690.0,50694.0,50694.0,50692.0,50688.0,50690.0,50694.0
4147,50690.9,50690.0,50693.0,50684.0,50690.0,50694.0,50694.0,50692.0,50688.0,50690.0,50694.0
4148,50690.9,50690.0,50693.0,50684.0,50690.0,50694.0,50694.0,50692.0,50688.0,50690.0,50694.0
4149,50690.9,50690.0,50693.0,50684.0,50690.0,50694.0,50694.0,50692.0,50688.0,50690.0,50694.0
4150,50690.9,50690.0,50693.0,50684.0,50690.0,50694.0,50694.0,50692.0,50688.0,50690.0,50694.0
4151,50690.9,50690.0,50693.0,50684.0,50690.0,50694.0,50694.0,50692.0,50688.0,50690.0,50694.0
4152,50690.9,50690.0,50693.0,50684.0,50690.0,50694.0,50694.0,50692.0,50688.0,50690.0,50694.0
4153,50690.9,50690.0,50693.0,50684.0,50690.0,50694.0,50694.0,50692.0,50688.0,50690.0,50694.0
4154,50690.9,50690.0,50693.0,50684.0,50690.0,50694.0,50694.0,50692.0,50688.0,50690.0,50694.0
4155,50690.9,50690.0,50693.0,50684.0,50690.0,50694.0,50694.0,50692.0,50688.0,50690.0,50694.0
4156,50690.9,50690.0,50693.0,50684.0,50690.0,50694.0,50694.0,50692.0,50688.0,50690.0,50694.0
4157,50690.9,50690.0,50693.0,50684.0,50690.0,50694.0,50694.0,50692.0,50688.0,50690.0,50694.0
4158,50690.9,50690.0,50693.0,50684.0,50690.0,50694.0,50694.0,50692.0,50688.0,50690.0,50694.0
4159,50690.9,50690.0,50693.0,50684.0,50690.0,50694.0,50694.0,50692.0,50688.0,50690.0,50694.0
4160,50690.9,50690.0,50693.0,50684.0,50690.0,50694.0,50694.0,50692.0,50688.0,50690.0,50694.0
4161,50690.9,50690.0,50693.0,50684.0,50690.0,50694.0,50694.0,50692.0,50688.0,50690.0,50694.0
4162,50690.9,50690.0,50693.0,50684.0,50690.0,50694.0,50694.0,50692.0,50688.0,50690.0,50694.0
4163,50690.9,50690.0,50693.0,50684.0,50690.0,50694.0,50694.0,50692.0,50688.0,50690.0,50694.0
4164,50690.9,50690.0,50693.0,50684.0,50690.0,50694.0,50694.0,50692.0,50688.0,50690.0,50694.0
4165,50690.9,50690.0,50693.0,50684.0,50690.0,50694.0,50694.0,50692.0,50688.0,50690.0,50694.0
4166,50690.9,50690.0,50693.0,50684.0,50690.0,50694.0,50694.0,50692.0,50688.0,50690.0,50694.0
4167,50690.9,50690.0,50693.0,50684.0,50690.0,50694.0,50694.0,50692.0,50688.0,50690.0,50694.0
4168,50690.9,50690.0,50693.0,50684.0,50690.0,50694.0,50694.0,50692.0,50688.0,50690.0,50694.0
4169,50690.9,50690.0,50693.0,50684.0,50690.0,50694.0,50694.0,50692.0,50688.0,50690.0,50694.0
4170,50690.9,50690.0,50693.0,50684.0,50690.0,50694.0,50694.0,50692.0,50688.0,50690.0,50694.0
4171,50690.9,50690.0,50693.0,50684.0,50690.0,50694.0,50694.0,50692.0,50688.0,50690.0,50694.0
4172,50690.9,50690.0,50693.0,50684.0,50690.0,50694.0,50694.0,50692.0,50688.0,50690.0,50694.0
4173,50690.9,50690.0,50693.0,50684.0,50690.0,50694.0,50694.0,50692.0,50688.0,50690.0,50694.0
4174,50690.9,50690.0,50693.0,50684.0,50690.0,50694.0,50694.0,50692.0,50688.0,50690.0,50694.0
4175,50690.9,50690.0,50693.0,50684.0,50690.0,50694.0,50694.0,50692.0,50688.0,50690.0,50694.0
4176,50690.9,50690.0,50693.0,50684.0,50690.0,50694.0,50694.0,50692.0,50688.0,50690.0,50694.0
4177,50690.9,50690.0,50693.0,50684.0,50690.0,50694.0,50694.0,50692.0,50688.0,50690.0,50694.0
4178,50690.9,50690.0,50693.0,50684.0,50690.0,50694.0,50694.0,50692.0,50688.0,50690.0,50694.0
4179,50690.9,50690.0,50693.0,50684.0,50690.0,50694.0,50694.0,50692.0,50688.0,50690.0,50694.0
4180,50690.9,50690.0,50693.0,50684.0,50690.0,50694.0,50694.0,50692.0,50688.0,50690.0,50694.0
4181,50690.9,50690.0,50693.0,50684.0,50690.0,50694.0,50694.0,50692.0,50688.0,50690.0,50694.0
4182,50690.9,50690.0,50693.0,50684.0,50690.0,50694.0,50694.0,50692.0,50688.0,50690.0,50694.0
4183,50690.9,50690.0,50693.0,50684.0,50690.0,50694.0,50694.0,50692.0,50688.0,50690.0,50694.0
4184,50690.9,50690.0,50693.0,50684.0,50690.0,50694.0,50694.0,50692.0,50688.0,50690.0,50694.0
4185,50690.9,50690.0,50693.0,50684.0,50690.0,50694.0,50694.0,50692.0,50688.0,50690.0,50694.0
4186,50690.9,50690.0,50693.0,50684.0,50690.0,50694.0,50694.0,50692.0,50688.0,50690.0,50694.0
4187,50690.9,50690.0,50693.0,50684.0,50690.0,50694.0,50694.0,50692.0,50688.0,50690.0,50694.0
4188,50690.9,50690.0,50693.0,50684.0,50690.0,50694.0,50694.0,50692.0,50688.0,50690.0,50694.0
4189,50690.9,50690.0,50693.0,50684.0,50690.0,50694.0,50694.0,50692.0,50688.0,50690.0,50694.0
4190,50690.9,50690.0,50693.0,50684.0,50690.0,50694.0,50694.0,50692.0,50688.0,50690.0,50694.0
4191,50690.9,50690.0,50693.0,50684.0,50690.0,50694.0,50694.0,50692.0,50688.0,50690.0,50694.0
4192,50690.9,50690.0,50693.0,50684.0,50690.0,50694.0,50694.0,50692.0,50688.0,50690.0,50694.0
4193,50690.9,50690.0,50693.0,50684.0,50690.0,50694.0,50694.0,50692.0,50688.0,50690.0,50694.0
4194,50690.9,50690.0,50693.0,50684.0,50690.0,50694.0,50694.0,50692.0,50688.0,50690.0,50694.0
4195,50690.9,50690.0,50693.0,50684.0,50690.0,50694.0,50694.0,50692.0,50688.0,50690.0,50694.0
4196,50690.9,50690.0,50693.0,50684.0,50690.0,50694.0,50694.0,50692.0,50688.0,50690.0,50694.0
4197,50690.9,50690.0,50693.0,50684.0,50690.0,50694.0,50694.0,50692.0,50688.0,50690.0,50694.0
4198,50690.9,50690.0,50693.0,50684.0,50690.0,50694.0,50694.0,50692.0,50688.0,50690.0,50694.0
4199,50690.9,50690.0,50693.0,50684.0,50690.0,50694.0,50694.0,50692.0,50688.0,50690.0,50694.0
4200,50690.9,50690.0,50693.0,50684.0,50690.0,50694.0,50694.0,50692.0,50688.0,50690.0,50694.0
4201,50690.9,50690.0,50693.0,50684.0,50690.0,50694.0,50694.0,50692.0,50688.0,50690.0,50694.0
4202,50690.9,50690.0,50693.0,50684.0,50690.0,50694.0,50694.0,50692.0,50688.0,50690.0,50694.0
4203,50690.9,50690.0,50693.0,50684.0,50690.0,50694.0,50694.0,50692.0,50688.0,50690.0,50694.0
4204,50690.9,50690.0,50693.0,50684.0,50690.0,50694.0,50694.0,50692.0,50688.0,50690.0,50694.0
4205,50690.9,50690.0,50693.0,50684.0,50690.0,50694.0,50694.0,50692.0,50688.0,50690.0,50694.0
4206,50690.9,50690.0,50693.0,50684.0,50690.0,50694.0,50694.0,50692.0,50688.0,50690.0,50694.0
4207,50690.9,50690.0,50693.0,50684.0,50690.0,50694.0,50694.0,50692.0,50688.0,50690.0,50694.0
4208,50690.9,50690.0,50693.0,50684.0,50690.0,50694.0,50694.0,50692.0,50688.0,50690.0,50694.0
4209,50690.9,50690.0,50693.0,50684.0,50690.0,50694.0,50694.0,50692.0,50688.0,50690.0,50694.0
4210,50690.9,50690.0,50693.0,50684.0,50690.0,50694.0,50694.0,50692.0,50688.0,50690.0,50694.0
4211,50690.9,50690.0,50693.0,50684.0,50690.0,50694.0,50694.0,50692.0,50688.0,50690.0,50694.0
4212,50690.9,50690.0,50693.0,50684.0,50690.0,50694.0,50694.0,50692.0,50688.0,50690.0,50694.0
4213,50690.9,50690.0,50693.0,50684.0,50690.0,50694.0,50694.0,50692.0,50688.0,50690.0,50694.0
4214,50690.9,50690.0,50693.0,50684.0,50690.0,50694.0,50694.0,50692.0,50688.0,50690.0,50694.0
4215,50690.9,50690.0,50693.0,50684.0,50690.0,50694.0,50694.0,50692.0,50688.0,50690.0,50694.0
4216,50690.9,50690.0,50693.0,50684.0,50690.0,50694.0,50694.0,50692.0,50688.0,50690.0,50694.0
4217,50690.9,50690.0,50693.0,50684.0,50690.0,50694.0,50694.0,50692.0,50688.0,50690.0,50694.0
4218,50690.9,50690.0,50693.0,50684.0,50690.0,50694.0,50694.0,50692.0,50688.0,50690.0,50694.0
4219,50690.9,50690.0,50693.0,50684.0,50690.0,50694.0,50694.0,50692.0,50688.0,50690.0,50694.0
4220,50690.9,50690.0,50693.0,50684.0,50690.0,50694.0,50694.0,50692.0,50688.0,50690.0,50694.0
4221,50690.9,50690.0,50693.0,50684.0,50690.0,50694.0,50694.0,50692.0,50688.0,50690.0,50694.0
4222,50690.9,50690.0,50693.0,50684.0,50690.0,50694.0,50694.0,50692.0,50688.0,50690.0,50694.0
4223,50690.9,50690.0,50693.0,50684.0,50690.0,50694.0,50694.0,50692.0,50688.0,50690.0,50694.0
4224,50690.9,50690.0,50693.0,50684.0,50690.0,50694.0,50694.0,50692.0,50688.0,50690.0,50694.0
4225,50690.9,50690.0,50693.0,50684.0,50690.0,50694.0,50694.0,50692.0,50688.0,50690.0,50694.0
4226,50690.9,50690.0,50693.0,50684.0,50690.0,50694.0,50694.0,50692.0,50688.0,50690.0,50694.0
4227,50690.9,50690.0,50693.0,50684.0,50690.0,50694.0,50694.0,50692.0,50688.0,50690.0,50694.0
4228,50690.9,50690.0,50693.0,50684.0,50690.0,50694.0,50694.0,50692.0,50688.0,50690.0,50694.0
4229,50690.9,50690.0,50693.0,50684.0,50690.0,50694.0,50694.0,50692.0,50688.0,50690.0,50694.0
4230,50690.9,50690.0,50693.0,50684.0,50690.0,50694.0,50694.0,50692.0,50688.0,50690.0,50694.0
4231,50690.9,50690.0,50693.0,50684.0,50690.0,50694.0,50694.0,50692.0,50688.0,50690.0,50694.0
4232,50690.9,50690.0,50693.0,50684.0,50690.0,50694.0,50694.0,50692.0,50688.0,50690.0,50694.0
4233,50690.9,50690.0,50693.0,50684.0,50690.0,50694.0,50694.0,50692.0,50688.0,50690.0,50694.0
4234,50690.9,50690.0,50693.0,50684.0,50690.0,50694.0,50694.0,50692.0,50688.0,50690.0,50694.0
4235,50690.9,50690.0,50693.0,50684.0,50690.0,50694.0,50694.0,50692.0,50688.0,50690.0,50694.0
4236,50690.9,50690.0,50693.0,50684.0,50690.0,50694.0,50694.0,50692.0,50688.0,50690.0,50694.0
4237,50690.9,50690.0,50693.0,50684.0,50690.0,50694.0,50694.0,50692.0,50688.0,50690.0,50694.0
4238,50690.9,50690.0,50693.0,50684.0,50690.0,50694.0,50694.0,50692.0,50688.0,50690.0,50694.0
4239,50690.9,50690.0,50693.0,50684.0,50690.0,50694.0,50694.0,50692.0,50688.0,50690.0,50694.0
4240,50690.9,50690.0,50693.0,50684.0,50690.0,50694.0,50694.0,50692.0,50688.0,50690.0,50694.0
4241,50690.9,50690.0,50693.0,50684.0,50690.0,50694.0,50694.0,50692.0,50688.0,50690.0,50694.0
4242,50690.9,50690.0,50693.0,50684.0,50690.0,50694.0,50694.0,50692.0,50688.0,50690.0,50694.0
4243,50690.9,50690.0,50693.0,50684.0,50690.0,50694.0,50694.0,50692.0,50688.0,50690.0,50694.0
4244,50690.9,50690.0,50693.0,50684.0,50690.0,50694.0,50694.0,50692.0,50688.0,50690.0,50694.0
4245,50690.9,50690.0,50693.0,50684.0,50690.0,50694.0,50694.0,50692.0,50688.0,50690.0,50694.0
4246,50690.9,50690.0,50693.0,50684.0,50690.0,50694.0,50694.0,50692.0,50688.0,50690.0,50694.0
4247,50690.9,50690.0,50693.0,50684.0,50690.0,50694.0,50694.0,50692.0,50688.0,50690.0,50694.0
4248,50690.9,50690.0,50693.0,50684.0,50690.0,50694.0,50694.0,50692.0,50688.0,50690.0,50694.0
4249,50690.9,50690.0,50693.0,50684.0,50690.0,50694.0,50694.0,50692.0,50688.0,50690.0,50694.0
4250,50690.9,50690.0,50693.0,50684.0,50690.0,50694.0,50694.0,50692.0,50688.0,50690.0,50694.0
4251,50690.9,50690.0,50693.0,50684.0,50690.0,50694.0,50694.0,50692.0,50688.0,50690.0,50694.0
4252,50690.9,50690.0,50693.0,50684.0,50690.0,50694.0,50694.0,50692.0,50688.0,50690.0,50694.0
4253,50690.9,50690.0,50693.0,50684.0,50690.0,50694.0,50694.0,50692.0,50688.0,50690.0,50694.0
4254,50690.9,50690.0,50693.0,50684.0,50690.0,50694.0,50694.0,50692.0,50688.0,50690.0,50694.0
4255,50690.9,50690.0,50693.0,50684.0,50690.0,50694.0,50694.0,50692.0,50688.0,50690.0,50694.0
4256,50690.9,50690.0,50693.0,50684.0,50690.0,50694.0,50694.0,50692.0,50688.0,50690.0,50694.0
4257,50690.9,50690.0,50693.0,50684.0,50690.0,50694.0,50694.0,50692.0,50688.0,50690.0,50694.0
4258,50690.9,50690.0,50693.0,50684.0,50690.0,50694.0,50694.0,50692.0,50688.0,50690.0,50694.0
4259,50690.9,50690.0,50693.0,50684.0,50690.0,50694.0,50694.0,50692.0,50688.0,50690.0,50694.0
4260,50690.9,50690.0,50693.0,50684.0,50690.0,50694.0,50694.0,50692.0,50688.0,50690.0,50694.0
4261,50690.9,50690.0,50693.0,50684.0,50690.0,50694.0,50694.0,50692.0,50688.0,50690.0,50694.0
4262,50690.9,50690.0,50693.0,50684.0,50690.0,50694.0,50694.0,50692.0,50688.0,50690.0,50694.0
4263,50690.9,50690.0,50693.0,50684.0,50690.0,50694.0,50694.0,50692.0,50688.0,50690.0,50694.0
4264,50690.9,50690.0,50693.0,50684.0,50690.0,50694.0,50694.0,50692.0,50688.0,50690.0,50694.0
4265,50690.9,50690.0,50693.0,50684.0,50690.0,50694.0,50694.0,50692.0,50688.0,50690.0,50694.0
4266,50690.9,50690.0,50693.0,50684.0,50690.0,50694.0,50694.0,50692.0,50688.0,50690.0,50694.0
4267,50690.9,50690.0,50693.0,50684.0,50690.0,50694.0,50694.0,50692.0,50688.0,50690.0,50694.0
4268,50690.9,50690.0,50693.0,50684.0,50690.0,50694.0,50694.0,50692.0,50688.0,50690.0,50694.0
4269,50690.9,50690.0,50693.0,50684.0,50690.0,50694.0,50694.0,50692.0,50688.0,50690.0,50694.0
4270,50690.9,50690.0,50693.0,50684.0,50690.0,50694.0,50694.0,50692.0,50688.0,50690.0,50694.0
4271,50690.9,50690.0,50693.0,50684.0,50690.0,50694.0,50694.0,50692.0,50688.0,50690.0,50694.0
4272,50690.9,50690.0,50693.0,50684.0,50690.0,50694.0,50694.0,50692.0,50688.0,50690.0,50694.0
4273,50690.9,50690.0,50693.0,50684.0,50690.0,50694.0,50694.0,50692.0,50688.0,50690.0,50694.0
4274,50690.9,50690.0,50693.0,50684.0,50690.0,50694.0,50694.0,50692.0,50688.0,50690.0,50694.0
4275,50690.9,50690.0,50693.0,50684.0,50690.0,50694.0,50694.0,50692.0,50688.0,50690.0,50694.0
4276,50690.9,50690.0,50693.0,50684.0,50690.0,50694.0,50694.0,50692.0,50688.0,50690.0,50694.0
4277,50690.9,50690.0,50693.0,50684.0,50690.0,50694.0,50694.0,50692.0,50688.0,50690.0,50694.0
4278,50690.9,50690.0,50693.0,50684.0,50690.0,50694.0,50694.0,50692.0,50688.0,50690.0,50694.0
4279,50690.9,50690.0,50693.0,50684.0,50690.0,50694.0,50694.0,50692.0,50688.0,50690.0,50694.0
4280,50690.9,50690.0,50693.0,50684.0,50690.0,50694.0,50694.0,50692.0,50688.0,50690.0,50694.0
4281,50690.9,50690.0,50693.0,50684.0,50690.0,50694.0,50694.0,50692.0,50688.0,50690.0,50694.0
4282,50690.9,50690.0,50693.0,50684.0,50690.0,50694.0,50694.0,50692.0,50688.0,50690.0,50694.0
4283,50690.9,50690.0,50693.0,50684.0,50690.0,50694.0,50694.0,50692.0,50688.0,50690.0,50694.0
4284,50690.9,50690.0,50693.0,50684.0,50690.0,50694.0,50694.0,50692.0,50688.0,50690.0,50694.0
4285,50690.9,50690.0,50693.0,50684.0,50690.0,50694.0,50694.0,50692.0,50688.0,50690.0,50694.0
4286,50690.9,50690.0,50693.0,50684.0,50690.0,50694.0,50694.0,50692.0,50688.0,50690.0,50694.0
4287,50690.9,50690.0,50693.0,50684.0,50690.0,50694.0,50694.0,50692.0,50688.0,50690.0,50694.0
4288,50690.9,50690.0,50693.0,50684.0,50690.0,50694.0,50694.0,50692.0,50688.0,50690.0,50694.0
4289,50690.9,50690.0,50693.0,50684.0,50690.0,50694.0,50694.0,50692.0,50688.0,50690.0,50694.0
4290,50690.9,50690.0,50693.0,50684.0,50690.0,50694.0,50694.0,50692.0,50688.0,50690.0,50694.0
4291,50690.9,50690.0,50693.0,50684.0,50690.0,50694.0,50694.0,50692.0,50688.0,50690.0,50694.0
4292,50690.9,50690.0,50693.0,50684.0,50690.0,50694.0,50694.0,50692.0,50688.0,50690.0,50694.0
4293,50690.9,50690.0,50693.0,50684.0,50690.0,50694.0,50694.0,50692.0,50688.0,50690.0,50694.0
4294,50690.9,50690.0,50693.0,50684.0,50690.0,50694.0,50694.0,50692.0,50688.0,50690.0,50694.0
4295,50690.9,50690.0,50693.0,50684.0,50690.0,50694.0,50694.0,50692.0,50688.0,50690.0,50694.0
4296,50690.9,50690.0,50693.0,50684.0,50690.0,50694.0,50694.0,50692.0,50688.0,50690.0,50694.0
4297,50690.9,50690.0,50693.0,50684.0,50690.0,50694.0,50694.0,50692.0,50688.0,50690.0,50694.0
4298,50690.9,50690.0,50693.0,50684.0,50690.0,50694.0,50694.0,50692.0,50688.0,50690.0,50694.0
4299,50690.9,50690.0,50693.0,50684.0,50690.0,50694.0,50694.0,50692.0,50688.0,50690.0,50694.0
4300,50690.9,50690.0,50693.0,50684.0,50690.0,50694.0,50694.0,50692.0,50688.0,50690.0,50694.0
4301,50690.9,50690.0,50693.0,50684.0,50690.0,50694.0,50694.0,50692.0,50688.0,50690.0,50694.0
4302,50690.9,50690.0,50693.0,50684.0,50690.0,50694.0,50694.0,50692.0,50688.0,50690.0,50694.0
4303,50690.9,50690.0,50693.0,50684.0,50690.0,50694.0,50694.0,50692.0,50688.0,50690.0,50694.0
4304,50690.9,50690.0,50693.0,50684.0,50690.0,50694.0,50694.0,50692.0,50688.0,50690.0,50694.0
4305,50690.9,50690.0,50693.0,50684.0,50690.0,50694.0,50694.0,50692.0,50688.0,50690.0,50694.0
4306,50690.9,50690.0,50693.0,50684.0,50690.0,50694.0,50694.0,50692.0,50688.0,50690.0,50694.0
4307,50690.9,50690.0,50693.0,50684.0,50690.0,50694.0,50694.0,50692.0,50688.0,50690.0,50694.0
4308,50690.9,50690.0,50693.0,50684.0,50690.0,50694.0,50694.0,50692.0,50688.0,50690.0,50694.0
4309,50690.9,50690.0,50693.0,50684.0,50690.0,50694.0,50694.0,50692.0,50688.0,50690.0,50694.0
4310,50690.9,50690.0,50693.0,50684.0,50690.0,50694.0,50694.0,50692.0,50688.0,50690.0,50694.0
4311,50690.9,50690.0,50693.0,50684.0,50690.0,50694.0,50694.0,50692.0,50688.0,50690.0,50694.0
4312,50690.9,50690.0,50693.0,50684.0,50690.0,50694.0,50694.0,50692.0,50688.0,50690.0,50694.0
4313,50690.9,50690.0,50693.0,50684.0,50690.0,50694.0,50694.0,50692.0,50688.0,50690.0,50694.0
4314,50690.9,50690.0,50693.0,50684.0,50690.0,50694.0,50694.0,50692.0,50688.0,50690.0,50694.0
4315,50690.9,50690.0,50693.0,50684.0,50690.0,50694.0,50694.0,50692.0,50688.0,50690.0,50694.0
4316,50690.9,50690.0,50693.0,50684.0,50690.0,50694.0,50694.0,50692.0,50688.0,50690.0,50694.0
4317,50690.9,50690.0,50693.0,50684.0,50690.0,50694.0,50694.0,50692.0,50688.0,50690.0,50694.0
4318,50690.9,50690.0,50693.0,50684.0,50690.0,50694.0,50694.0,50692.0,50688.0,50690.0,50694.0
4319,50690.9,50690.0,50693.0,50684.0,50690.0,50694.0,50694.0,50692.0,50688.0,50690.0,50694.0
4320,50690.9,50690.0,50693.0,50684.0,50690.0,50694.0,50694.0,50692.0,50688.0,50690.0,50694.0
4321,50690.9,50690.0,50693.0,50684.0,50690.0,50694.0,50694.0,50692.0,50688.0,50690.0,50694.0
4322,50690.9,50690.0,50693.0,50684.0,50690.0,50694.0,50694.0,50692.0,50688.0,50690.0,50694.0
4323,50690.9,50690.0,50693.0,50684.0,50690.0,50694.0,50694.0,50692.0,50688.0,50690.0,50694.0
4324,50690.9,50690.0,50693.0,50684.0,50690.0,50694.0,50694.0,50692.0,50688.0,50690.0,50694.0
4325,50690.9,50690.0,50693.0,50684.0,50690.0,50694.0,50694.0,50692.0,50688.0,50690.0,50694.0
4326,50690.9,50690.0,50693.0,50684.0,50690.0,50694.0,50694.0,50692.0,50688.0,50690.0,50694.0
4327,50690.9,50690.0,50693.0,50684.0,50690.0,50694.0,50694.0,50692.0,50688.0,50690.0,50694.0
4328,50690.9,50690.0,50693.0,50684.0,50690.0,50694.0,50694.0,50692.0,50688.0,50690.0,50694.0
4329,50690.9,50690.0,50693.0,50684.0,50690.0,50694.0,50694.0,50692.0,50688.0,50690.0,50694.0
4330,50690.9,50690.0,50693.0,50684.0,50690.0,50694.0,50694.0,50692.0,50688.0,50690.0,50694.0
4331,50690.9,50690.0,50693.0,50684.0,50690.0,50694.0,50694.0,50692.0,50688.0,50690.0,50694.0
4332,50690.9,50690.0,50693.0,50684.0,50690.0,50694.0,50694.0,50692.0,50688.0,50690.0,50694.0
4333,50690.9,50690.0,50693.0,50684.0,50690.0,50694.0,50694.0,50692.0,50688.0,50690.0,50694.0
4334,50690.9,50690.0,50693.0,50684.0,50690.0,50694.0,50694.0,50692.0,50688.0,50690.0,50694.0
4335,50690.9,50690.0,50693.0,50684.0,50690.0,50694.0,50694.0,50692.0,50688.0,50690.0,50694.0
4336,50690.9,50690.0,50693.0,50684.0,50690.0,50694.0,50694.0,50692.0,50688.0,50690.0,50694.0
4337,50690.9,50690.0,50693.0,50684.0,50690.0,50694.0,50694.0,50692.0,50688.0,50690.0,50694.0
4338,50690.9,50690.0,50693.0,50684.0,50690.0,50694.0,50694.0,50692.0,50688.0,50690.0,50694.0
4339,50690.9,50690.0,50693.0,50684.0,50690.0,50694.0,50694.0,50692.0,50688.0,50690.0,50694.0
4340,50690.9,50690.0,50693.0,50684.0,50690.0,50694.0,50694.0,50692.0,50688.0,50690.0,50694.0
4341,50690.9,50690.0,50693.0,50684.0,50690.0,50694.0,50694.0,50692.0,50688.0,50690.0,50694.0
4342,50690.9,50690.0,50693.0,50684.0,50690.0,50694.0,50694.0,50692.0,50688.0,50690.0,50694.0
4343,50690.9,50690.0,50693.0,50684.0,50690.0,50694.0,50694.0,50692.0,50688.0,50690.0,50694.0
4344,50690.9,50690.0,50693.0,50684.0,50690.0,50694.0,50694.0,50692.0,50688.0,50690.0,50694.0
4345,50690.9,50690.0,50693.0,50684.0,50690.0,50694.0,50694.0,50692.0,50688.0,50690.0,50694.0
4346,50690.9,50690.0,50693.0,50684.0,50690.0,50694.0,50694.0,50692.0,50688.0,50690.0,50694.0
4347,50690.9,50690.0,50693.0,50684.0,50690.0,50694.0,50694.0,50692.0,50688.0,50690.0,50694.0
4348,50690.9,50690.0,50693.0,50684.0,50690.0,50694.0,50694.0,50692.0,50688.0,50690.0,50694.0
4349,50690.9,50690.0,50693.0,50684.0,50690.0,50694.0,50694.0,50692.0,50688.0,50690.0,50694.0
4350,50690.9,50690.0,50693.0,50684.0,50690.0,50694.0,50694.0,50692.0,50688.0,50690.0,50694.0
4351,50690.9,50690.0,50693.0,50684.0,50690.0,50694.0,50694.0,50692.0,50688.0,50690.0,50694.0
4352,50690.9,50690.0,50693.0,50684.0,50690.0,50694.0,50694.0,50692.0,50688.0,50690.0,50694.0
4353,50690.9,50690.0,50693.0,50684.0,50690.0,50694.0,50694.0,50692.0,50688.0,50690.0,50694.0
4354,50690.9,50690.0,50693.0,50684.0,50690.0,50694.0,50694.0,50692.0,50688.0,50690.0,50694.0
4355,50690.9,50690.0,50693.0,50684.0,50690.0,50694.0,50694.0,50692.0,50688.0,50690.0,50694.0
4356,50690.9,50690.0,50693.0,50684.0,50690.0,50694.0,50694.0,50692.0,50688.0,50690.0,50694.0
4357,50690.9,50690.0,50693.0,50684.0,50690.0,50694.0,50694.0,50692.0,50688.0,50690.0,50694.0
4358,50690.9,50690.0,50693.0,50684.0,50690.0,50694.0,50694.0,50692.0,50688.0,50690.0,50694.0
4359,50690.9,50690.0,50693.0,50684.0,50690.0,50694.0,50694.0,50692.0,50688.0,50690.0,50694.0
4360,50690.9,50690.0,50693.0,50684.0,50690.0,50694.0,50694.0,50692.0,50688.0,50690.0,50694.0
4361,50690.9,50690.0,50693.0,50684.0,50690.0,50694.0,50694.0,50692.0,50688.0,50690.0,50694.0
4362,50690.9,50690.0,50693.0,50684.0,50690.0,50694.0,50694.0,50692.0,50688.0,50690.0,50694.0
4363,50690.9,50690.0,50693.0,50684.0,50690.0,50694.0,50694.0,50692.0,50688.0,50690.0,50694.0
4364,50690.9,50690.0,50693.0,50684.0,50690.0,50694.0,50694.0,50692.0,50688.0,50690.0,50694.0
4365,50690.9,50690.0,50693.0,50684.0,50690.0,50694.0,50694.0,50692.0,50688.0,50690.0,50694.0
4366,50690.9,50690.0,50693.0,50684.0,50690.0,50694.0,50694.0,50692.0,50688.0,50690.0,50694.0
4367,50690.9,50690.0,50693.0,50684.0,50690.0,50694.0,50694.0,50692.0,50688.0,50690.0,50694.0
4368,50690.9,50690.0,50693.0,50684.0,50690.0,50694.0,50694.0,50692.0,50688.0,50690.0,50694.0
4369,50690.9,50690.0,50693.0,50684.0,50690.0,50694.0,50694.0,50692.0,50688.0,50690.0,50694.0
4370,50690.9,50690.0,50693.0,50684.0,50690.0,50694.0,50694.0,50692.0,50688.0,50690.0,50694.0
4371,50690.9,50690.0,50693.0,50684.0,50690.0,50694.0,50694.0,50692.0,50688.0,50690.0,50694.0
4372,50690.9,50690.0,50693.0,50684.0,50690.0,50694.0,50694.0,50692.0,50688.0,50690.0,50694.0
4373,50690.9,50690.0,50693.0,50684.0,50690.0,50694.0,50694.0,50692.0,50688.0,50690.0,50694.0
4374,50690.9,50690.0,50693.0,50684.0,50690.0,50694.0,50694.0,50692.0,50688.0,50690.0,50694.0
4375,50690.9,50690.0,50693.0,50684.0,50690.0,50694.0,50694.0,50692.0,50688.0,50690.0,50694.0
4376,50690.9,50690.0,50693.0,50684.0,50690.0,50694.0,50694.0,50692.0,50688.0,50690.0,50694.0
4377,50690.9,50690.0,50693.0,50684.0,50690.0,50694.0,50694.0,50692.0,50688.0,50690.0,50694.0
4378,50690.9,50690.0,50693.0,50684.0,50690.0,50694.0,50694.0,50692.0,50688.0,50690.0,50694.0
4379,50690.9,50690.0,50693.0,50684.0,50690.0,50694.0,50694.0,50692.0,50688.0,50690.0,50694.0
4380,50690.9,50690.0,50693.0,50684.0,50690.0,50694.0,50694.0,50692.0,50688.0,50690.0,50694.0
4381,50690.9,50690.0,50693.0,50684.0,50690.0,50694.0,50694.0,50692.0,50688.0,50690.0,50694.0
4382,50690.9,50690.0,50693.0,50684.0,50690.0,50694.0,50694.0,50692.0,50688.0,50690.0,50694.0
4383,50690.9,50690.0,50693.0,50684.0,50690.0,50694.0,50694.0,50692.0,50688.0,50690.0,50694.0
4384,50690.9,50690.0,50693.0,50684.0,50690.0,50694.0,50694.0,50692.0,50688.0,50690.0,50694.0
4385,50690.9,50690.0,50693.0,50684.0,50690.0,50694.0,50694.0,50692.0,50688.0,50690.0,50694.0
4386,50690.9,50690.0,50693.0,50684.0,50690.0,50694.0,50694.0,50692.0,50688.0,50690.0,50694.0
4387,50690.9,50690.0,50693.0,50684.0,50690.0,50694.0,50694.0,50692.0,50688.0,50690.0,50694.0
4388,50690.9,50690.0,50693.0,50684.0,50690.0,50694.0,50694.0,50692.0,50688.0,50690.0,50694.0
4389,50690.9,50690.0,50693.0,50684.0,50690.0,50694.0,50694.0,50692.0,50688.0,50690.0,50694.0
4390,50690.9,50690.0,50693.0,50684.0,50690.0,50694.0,50694.0,50692.0,50688.0,50690.0,50694.0
4391,50690.9,50690.0,50693.0,50684.0,50690.0,50694.0,50694.0,50692.0,50688.0,50690.0,50694.0
4392,50690.9,50690.0,50693.0,50684.0,50690.0,50694.0,50694.0,50692.0,50688.0,50690.0,50694.0
4393,50690.9,50690.0,50693.0,50684.0,50690.0,50694.0,50694.0,50692.0,50688.0,50690.0,50694.0
4394,50690.9,50690.0,50693.0,50684.0,50690.0,50694.0,50694.0,50692.0,50688.0,50690.0,50694.0
4395,50690.9,50690.0,50693.0,50684.0,50690.0,50694.0,50694.0,50692.0,50688.0,50690.0,50694.0
4396,50690.9,50690.0,50693.0,50684.0,50690.0,50694.0,50694.0,50692.0,50688.0,50690.0,50694.0
4397,50690.9,50690.0,50693.0,50684.0,50690.0,50694.0,50694.0,50692.0,50688.0,50690.0,50694.0
4398,50690.9,50690.0,50693.0,50684.0,50690.0,50694.0,50694.0,50692.0,50688.0,50690.0,50694.0
4399,50690.9,50690.0,50693.0,50684.0,50690.0,50694.0,50694.0,50692.0,50688.0,50690.0,50694.0
4400,50690.9,50690.0,50693.0,50684.0,50690.0,50694.0,50694.0,50692.0,50688.0,50690.0,50694.0
4401,50690.9,50690.0,50693.0,50684.0,50690.0,50694.0,50694.0,50692.0,50688.0,50690.0,50694.0
4402,50690.9,50690.0,50693.0,50684.0,50690.0,50694.0,50694.0,50692.0,50688.0,50690.0,50694.0
4403,50690.9,50690.0,50693.0,50684.0,50690.0,50694.0,50694.0,50692.0,50688.0,50690.0,50694.0
4404,50690.9,50690.0,50693.0,50684.0,50690.0,50694.0,50694.0,50692.0,50688.0,50690.0,50694.0
4405,50690.9,50690.0,50693.0,50684.0,50690.0,50694.0,50694.0,50692.0,50688.0,50690.0,50694.0
4406,50690.9,50690.0,50693.0,50684.0,50690.0,50694.0,50694.0,50692.0,50688.0,50690.0,50694.0
4407,50690.9,50690.0,50693.0,50684.0,50690.0,50694.0,50694.0,50692.0,50688.0,50690.0,50694.0
4408,50690.9,50690.0,50693.0,50684.0,50690.0,50694.0,50694.0,50692.0,50688.0,50690.0,50694.0
4409,50690.9,50690.0,50693.0,50684.0,50690.0,50694.0,50694.0,50692.0,50688.0,50690.0,50694.0
4410,50690.9,50690.0,50693.0,50684.0,50690.0,50694.0,50694.0,50692.0,50688.0,50690.0,50694.0
4411,50690.9,50690.0,50693.0,50684.0,50690.0,50694.0,50694.0,50692.0,50688.0,50690.0,50694.0
4412,50690.9,50690.0,50693.0,50684.0,50690.0,50694.0,50694.0,50692.0,50688.0,50690.0,50694.0
4413,50690.9,50690.0,50693.0,50684.0,50690.0,50694.0,50694.0,50692.0,50688.0,50690.0,50694.0
4414,50690.9,50690.0,50693.0,50684.0,50690.0,50694.0,50694.0,50692.0,50688.0,50690.0,50694.0
4415,50690.9,50690.0,50693.0,50684.0,50690.0,50694.0,50694.0,50692.0,50688.0,50690.0,50694.0
4416,50690.9,50690.0,50693.0,50684.0,50690.0,50694.0,50694.0,50692.0,50688.0,50690.0,50694.0
4417,50690.9,50690.0,50693.0,50684.0,50690.0,50694.0,50694.0,50692.0,50688.0,50690.0,50694.0
4418,50690.9,50690.0,50693.0,50684.0,50690.0,50694.0,50694.0,50692.0,50688.0,50690.0,50694.0
4419,50690.9,50690.0,50693.0,50684.0,50690.0,50694.0,50694.0,50692.0,50688.0,50690.0,50694.0
4420,50690.9,50690.0,50693.0,50684.0,50690.0,50694.0,50694.0,50692.0,50688.0,50690.0,50694.0
4421,50690.9,50690.0,50693.0,50684.0,50690.0,50694.0,50694.0,50692.0,50688.0,50690.0,50694.0
4422,50690.9,50690.0,50693.0,50684.0,50690.0,50694.0,50694.0,50692.0,50688.0,50690.0,50694.0
4423,50690.9,50690.0,50693.0,50684.0,50690.0,50694.0,50694.0,50692.0,50688.0,50690.0,50694.0
4424,50690.9,50690.0,50693.0,50684.0,50690.0,50694.0,50694.0,50692.0,50688.0,50690.0,50694.0
4425,50690.9,50690.0,50693.0,50684.0,50690.0,50694.0,50694.0,50692.0,50688.0,50690.0,50694.0
4426,50690.9,50690.0,50693.0,50684.0,50690.0,50694.0,50694.0,50692.0,50688.0,50690.0,50694.0
4427,50690.9,50690.0,50693.0,50684.0,50690.0,50694.0,50694.0,50692.0,50688.0,50690.0,50694.0
4428,50690.9,50690.0,50693.0,50684.0,50690.0,50694.0,50694.0,50692.0,50688.0,50690.0,50694.0
4429,50690.9,50690.0,50693.0,50684.0,50690.0,50694.0,50694.0,50692.0,50688.0,50690.0,50694.0
4430,50690.9,50690.0,50693.0,50684.0,50690.0,50694.0,50694.0,50692.0,50688.0,50690.0,50694.0
4431,50690.9,50690.0,50693.0,50684.0,50690.0,50694.0,50694.0,50692.0,50688.0,50690.0,50694.0
4432,50690.9,50690.0,50693.0,50684.0,50690.0,50694.0,50694.0,50692.0,50688.0,50690.0,50694.0
4433,50690.9,50690.0,50693.0,50684.0,50690.0,50694.0,50694.0,50692.0,50688.0,50690.0,50694.0
4434,50690.9,50690.0,50693.0,50684.0,50690.0,50694.0,50694.0,50692.0,50688.0,50690.0,50694.0
4435,50690.9,50690.0,50693.0,50684.0,50690.0,50694.0,50694.0,50692.0,50688.0,50690.0,50694.0
4436,50690.9,50690.0,50693.0,50684.0,50690.0,50694.0,50694.0,50692.0,50688.0,50690.0,50694.0
4437,50690.9,50690.0,50693.0,50684.0,50690.0,50694.0,50694.0,50692.0,50688.0,50690.0,50694.0
4438,50690.9,50690.0,50693.0,50684.0,50690.0,50694.0,50694.0,50692.0,50688.0,50690.0,50694.0
4439,50690.9,50690.0,50693.0,50684.0,50690.0,50694.0,50694.0,50692.0,50688.0,50690.0,50694.0
4440,50690.9,50690.0,50693.0,50684.0,50690.0,50694.0,50694.0,50692.0,50688.0,50690.0,50694.0
4441,50690.9,50690.0,50693.0,50684.0,50690.0,50694.0,50694.0,50692.0,50688.0,50690.0,50694.0
4442,50690.9,50690.0,50693.0,50684.0,50690.0,50694.0,50694.0,50692.0,50688.0,50690.0,50694.0
4443,50690.9,50690.0,50693.0,50684.0,50690.0,50694.0,50694.0,50692.0,50688.0,50690.0,50694.0
4444,50690.9,50690.0,50693.0,50684.0,50690.0,50694.0,50694.0,50692.0,50688.0,50690.0,50694.0
4445,50690.9,50690.0,50693.0,50684.0,50690.0,50694.0,50694.0,50692.0,50688.0,50690.0,50694.0
4446,50690.9,50690.0,50693.0,50684.0,50690.0,50694.0,50694.0,50692.0,50688.0,50690.0,50694.0
4447,50690.9,50690.0,50693.0,50684.0,50690.0,50694.0,50694.0,50692.0,50688.0,50690.0,50694.0
4448,50690.9,50690.0,50693.0,50684.0,50690.0,50694.0,50694.0,50692.0,50688.0,50690.0,50694.0
4449,50690.9,50690.0,50693.0,50684.0,50690.0,50694.0,50694.0,50692.0,50688.0,50690.0,50694.0
4450,50690.9,50690.0,50693.0,50684.0,50690.0,50694.0,50694.0,50692.0,50688.0,50690.0,50694.0
4451,50690.9,50690.0,50693.0,50684.0,50690.0,50694.0,50694.0,50692.0,50688.0,50690.0,50694.0
4452,50690.9,50690.0,50693.0,50684.0,50690.0,50694.0,50694.0,50692.0,50688.0,50690.0,50694.0
4453,50690.9,50690.0,50693.0,50684.0,50690.0,50694.0,50694.0,50692.0,50688.0,50690.0,50694.0
4454,50690.9,50690.0,50693.0,50684.0,50690.0,50694.0,50694.0,50692.0,50688.0,50690.0,50694.0
4455,50690.9,50690.0,50693.0,50684.0,50690.0,50694.0,50694.0,50692.0,50688.0,50690.0,50694.0
4456,50690.9,50690.0,50693.0,50684.0,50690.0,50694.0,50694.0,50692.0,50688.0,50690.0,50694.0
4457,50690.9,50690.0,50693.0,50684.0,50690.0,50694.0,50694.0,50692.0,50688.0,50690.0,50694.0
4458,50690.9,50690.0,50693.0,50684.0,50690.0,50694.0,50694.0,50692.0,50688.0,50690.0,50694.0
4459,50690.9,50690.0,50693.0,50684.0,50690.0,50694.0,50694.0,50692.0,50688.0,50690.0,50694.0
4460,50690.9,50690.0,50693.0,50684.0,50690.0,50694.0,50694.0,50692.0,50688.0,50690.0,50694.0
4461,50690.9,50690.0,50693.0,50684.0,50690.0,50694.0,50694.0,50692.0,50688.0,50690.0,50694.0
4462,50690.9,50690.0,50693.0,50684.0,50690.0,50694.0,50694.0,50692.0,50688.0,50690.0,50694.0
4463,50690.9,50690.0,50693.0,50684.0,50690.0,50694.0,50694.0,50692.0,50688.0,50690.0,50694.0
4464,50690.9,50690.0,50693.0,50684.0,50690.0,50694.0,50694.0,50692.0,50688.0,50690.0,50694.0
4465,50690.9,50690.0,50693.0,50684.0,50690.0,50694.0,50694.0,50692.0,50688.0,50690.0,50694.0
4466,50690.9,50690.0,50693.0,50684.0,50690.0,50694.0,50694.0,50692.0,50688.0,50690.0,50694.0
4467,50690.9,50690.0,50693.0,50684.0,50690.0,50694.0,50694.0,50692.0,50688.0,50690.0,50694.0
4468,50690.9,50690.0,50693.0,50684.0,50690.0,50694.0,50694.0,50692.0,50688.0,50690.0,50694.0
4469,50690.9,50690.0,50693.0,50684.0,50690.0,50694.0,50694.0,50692.0,50688.0,50690.0,50694.0
4470,50690.9,50690.0,50693.0,50684.0,50690.0,50694.0,50694.0,50692.0,50688.0,50690.0,50694.0
4471,50690.9,50690.0,50693.0,50684.0,50690.0,50694.0,50694.0,50692.0,50688.0,50690.0,50694.0
4472,50690.9,50690.0,50693.0,50684.0,50690.0,50694.0,50694.0,50692.0,50688.0,50690.0,50694.0
4473,50690.9,50690.0,50693.0,50684.0,50690.0,50694.0,50694.0,50692.0,50688.0,50690.0,50694.0
4474,50690.9,50690.0,50693.0,50684.0,50690.0,50694.0,50694.0,50692.0,50688.0,50690.0,50694.0
4475,50690.9,50690.0,50693.0,50684.0,50690.0,50694.0,50694.0,50692.0,50688.0,50690.0,50694.0
4476,50690.9,50690.0,50693.0,50684.0,50690.0,50694.0,50694.0,50692.0,50688.0,50690.0,50694.0
4477,50690.9,50690.0,50693.0,50684.0,50690.0,50694.0,50694.0,50692.0,50688.0,50690.0,50694.0
4478,50690.9,50690.0,50693.0,50684.0,50690.0,50694.0,50694.0,50692.0,50688.0,50690.0,50694.0
4479,50690.9,50690.0,50693.0,50684.0,50690.0,50694.0,50694.0,50692.0,50688.0,50690.0,50694.0
4480,50690.9,50690.0,50693.0,50684.0,50690.0,50694.0,50694.0,50692.0,50688.0,50690.0,50694.0
4481,50690.9,50690.0,50693.0,50684.0,50690.0,50694.0,50694.0,50692.0,50688.0,50690.0,50694.0
4482,50690.9,50690.0,50693.0,50684.0,50690.0,50694.0,50694.0,50692.0,50688.0,50690.0,50694.0
4483,50690.9,50690.0,50693.0,50684.0,50690.0,50694.0,50694.0,50692.0,50688.0,50690.0,50694.0
4484,50690.9,50690.0,50693.0,50684.0,50690.0,50694.0,50694.0,50692.0,50688.0,50690.0,50694.0
4485,50690.9,50690.0,50693.0,50684.0,50690.0,50694.0,50694.0,50692.0,50688.0,50690.0,50694.0
4486,50690.9,50690.0,50693.0,50684.0,50690.0,50694.0,50694.0,50692.0,50688.0,50690.0,50694.0
4487,50690.9,50690.0,50693.0,50684.0,50690.0,50694.0,50694.0,50692.0,50688.0,50690.0,50694.0
4488,50690.9,50690.0,50693.0,50684.0,50690.0,50694.0,50694.0,50692.0,50688.0,50690.0,50694.0
4489,50690.9,50690.0,50693.0,50684.0,50690.0,50694.0,50694.0,50692.0,50688.0,50690.0,50694.0
4490,50690.9,50690.0,50693.0,50684.0,50690.0,50694.0,50694.0,50692.0,50688.0,50690.0,50694.0
4491,50690.9,50690.0,50693.0,50684.0,50690.0,50694.0,50694.0,50692.0,50688.0,50690.0,50694.0
4492,50690.9,50690.0,50693.0,50684.0,50690.0,50694.0,50694.0,50692.0,50688.0,50690.0,50694.0
4493,50690.9,50690.0,50693.0,50684.0,50690.0,50694.0,50694.0,50692.0,50688.0,50690.0,50694.0
4494,50690.9,50690.0,50693.0,50684.0,50690.0,50694.0,50694.0,50692.0,50688.0,50690.0,50694.0
4495,50690.9,50690.0,50693.0,50684.0,50690.0,50694.0,50694.0,50692.0,50688.0,50690.0,50694.0
4496,50690.9,50690.0,50693.0,50684.0,50690.0,50694.0,50694.0,50692.0,50688.0,50690.0,50694.0
4497,50690.9,50690.0,50693.0,50684.0,50690.0,50694.0,50694.0,50692.0,50688.0,50690.0,50694.0
4498,50690.9,50690.0,50693.0,50684.0,50690.0,50694.0,50694.0,50692.0,50688.0,50690.0,50694.0
4499,50690.9,50690.0,50693.0,50684.0,50690.0,50694.0,50694.0,50692.0,50688.0,50690.0,50694.0
4500,50690.9,50690.0,50693.0,50684.0,50690.0,50694.0,50694.0,50692.0,50688.0,50690.0,50694.0
4501,50690.9,50690.0,50693.0,50684.0,50690.0,50694.0,50694.0,50692.0,50688.0,50690.0,50694.0
4502,50690.9,50690.0,50693.0,50684.0,50690.0,50694.0,50694.0,50692.0,50688.0,50690.0,50694.0
4503,50690.9,50690.0,50693.0,50684.0,50690.0,50694.0,50694.0,50692.0,50688.0,50690.0,50694.0
4504,50690.9,50690.0,50693.0,50684.0,50690.0,50694.0,50694.0,50692.0,50688.0,50690.0,50694.0
4505,50690.9,50690.0,50693.0,50684.0,50690.0,50694.0,50694.0,50692.0,50688.0,50690.0,50694.0
4506,50690.9,50690.0,50693.0,50684.0,50690.0,50694.0,50694.0,50692.0,50688.0,50690.0,50694.0
4507,50690.9,50690.0,50693.0,50684.0,50690.0,50694.0,50694.0,50692.0,50688.0,50690.0,50694.0
4508,50690.9,50690.0,50693.0,50684.0,50690.0,50694.0,50694.0,50692.0,50688.0,50690.0,50694.0
4509,50690.9,50690.0,50693.0,50684.0,50690.0,50694.0,50694.0,50692.0,50688.0,50690.0,50694.0
4510,50690.9,50690.0,50693.0,50684.0,50690.0,50694.0,50694.0,50692.0,50688.0,50690.0,50694.0
4511,50690.9,50690.0,50693.0,50684.0,50690.0,50694.0,50694.0,50692.0,50688.0,50690.0,50694.0
4512,50690.9,50690.0,50693.0,50684.0,50690.0,50694.0,50694.0,50692.0,50688.0,50690.0,50694.0
4513,50690.9,50690.0,50693.0,50684.0,50690.0,50694.0,50694.0,50692.0,50688.0,50690.0,50694.0
4514,50690.9,50690.0,50693.0,50684.0,50690.0,50694.0,50694.0,50692.0,50688.0,50690.0,50694.0
4515,50690.9,50690.0,50693.0,50684.0,50690.0,50694.0,50694.0,50692.0,50688.0,50690.0,50694.0
4516,50690.9,50690.0,50693.0,50684.0,50690.0,50694.0,50694.0,50692.0,50688.0,50690.0,50694.0
4517,50690.9,50690.0,50693.0,50684.0,50690.0,50694.0,50694.0,50692.0,50688.0,50690.0,50694.0
4518,50690.9,50690.0,50693.0,50684.0,50690.0,50694.0,50694.0,50692.0,50688.0,50690.0,50694.0
4519,50690.9,50690.0,50693.0,50684.0,50690.0,50694.0,50694.0,50692.0,50688.0,50690.0,50694.0
4520,50690.9,50690.0,50693.0,50684.0,50690.0,50694.0,50694.0,50692.0,50688.0,50690.0,50694.0
4521,50690.9,50690.0,50693.0,50684.0,50690.0,50694.0,50694.0,50692.0,50688.0,50690.0,50694.0
4522,50690.9,50690.0,50693.0,50684.0,50690.0,50694.0,50694.0,50692.0,50688.0,50690.0,50694.0
4523,50690.9,50690.0,50693.0,50684.0,50690.0,50694.0,50694.0,50692.0,50688.0,50690.0,50694.0
4524,50690.9,50690.0,50693.0,50684.0,50690.0,50694.0,50694.0,50692.0,50688.0,50690.0,50694.0
4525,50690.9,50690.0,50693.0,50684.0,50690.0,50694.0,50694.0,50692.0,50688.0,50690.0,50694.0
4526,50690.9,50690.0,50693.0,50684.0,50690.0,50694.0,50694.0,50692.0,50688.0,50690.0,50694.0
4527,50690.9,50690.0,50693.0,50684.0,50690.0,50694.0,50694.0,50692.0,50688.0,50690.0,50694.0
4528,50690.9,50690.0,50693.0,50684.0,50690.0,50694.0,50694.0,50692.0,50688.0,50690.0,50694.0
4529,50690.9,50690.0,50693.0,50684.0,50690.0,50694.0,50694.0,50692.0,50688.0,50690.0,50694.0
4530,50690.9,50690.0,50693.0,50684.0,50690.0,50694.0,50694.0,50692.0,50688.0,50690.0,50694.0
4531,50690.9,50690.0,50693.0,50684.0,50690.0,50694.0,50694.0,50692.0,50688.0,50690.0,50694.0
4532,50690.9,50690.0,50693.0,50684.0,50690.0,50694.0,50694.0,50692.0,50688.0,50690.0,50694.0
4533,50690.9,50690.0,50693.0,50684.0,50690.0,50694.0,50694.0,50692.0,50688.0,50690.0,50694.0
4534,50690.9,50690.0,50693.0,50684.0,50690.0,50694.0,50694.0,50692.0,50688.0,50690.0,50694.0
4535,50690.9,50690.0,50693.0,50684.0,50690.0,50694.0,50694.0,50692.0,50688.0,50690.0,50694.0
4536,50690.9,50690.0,50693.0,50684.0,50690.0,50694.0,50694.0,50692.0,50688.0,50690.0,50694.0
4537,50690.9,50690.0,50693.0,50684.0,50690.0,50694.0,50694.0,50692.0,50688.0,50690.0,50694.0
4538,50690.9,50690.0,50693.0,50684.0,50690.0,50694.0,50694.0,50692.0,50688.0,50690.0,50694.0
4539,50690.9,50690.0,50693.0,50684.0,50690.0,50694.0,50694.0,50692.0,50688.0,50690.0,50694.0
4540,50690.9,50690.0,50693.0,50684.0,50690.0,50694.0,50694.0,50692.0,50688.0,50690.0,50694.0
4541,50690.9,50690.0,50693.0,50684.0,50690.0,50694.0,50694.0,50692.0,50688.0,50690.0,50694.0
4542,50690.9,50690.0,50693.0,50684.0,50690.0,50694.0,50694.0,50692.0,50688.0,50690.0,50694.0
4543,50690.9,50690.0,50693.0,50684.0,50690.0,50694.0,50694.0,50692.0,50688.0,50690.0,50694.0
4544,50690.9,50690.0,50693.0,50684.0,50690.0,50694.0,50694.0,50692.0,50688.0,50690.0,50694.0
4545,50690.9,50690.0,50693.0,50684.0,50690.0,50694.0,50694.0,50692.0,50688.0,50690.0,50694.0
4546,50690.9,50690.0,50693.0,50684.0,50690.0,50694.0,50694.0,50692.0,50688.0,50690.0,50694.0
4547,50690.9,50690.0,50693.0,50684.0,50690.0,50694.0,50694.0,50692.0,50688.0,50690.0,50694.0
4548,50690.9,50690.0,50693.0,50684.0,50690.0,50694.0,50694.0,50692.0,50688.0,50690.0,50694.0
4549,50690.9,50690.0,50693.0,50684.0,50690.0,50694.0,50694.0,50692.0,50688.0,50690.0,50694.0
4550,50690.9,50690.0,50693.0,50684.0,50690.0,50694.0,50694.0,50692.0,50688.0,50690.0,50694.0
4551,50690.9,50690.0,50693.0,50684.0,50690.0,50694.0,50694.0,50692.0,50688.0,50690.0,50694.0
4552,50690.9,50690.0,50693.0,50684.0,50690.0,50694.0,50694.0,50692.0,50688.0,50690.0,50694.0
4553,50690.9,50690.0,50693.0,50684.0,50690.0,50694.0,50694.0,50692.0,50688.0,50690.0,50694.0
4554,50690.9,50690.0,50693.0,50684.0,50690.0,50694.0,50694.0,50692.0,50688.0,50690.0,50694.0
4555,50690.9,50690.0,50693.0,50684.0,50690.0,50694.0,50694.0,50692.0,50688.0,50690.0,50694.0
4556,50690.9,50690.0,50693.0,50684.0,50690.0,50694.0,50694.0,50692.0,50688.0,50690.0,50694.0
4557,50690.9,50690.0,50693.0,50684.0,50690.0,50694.0,50694.0,50692.0,50688.0,50690.0,50694.0
4558,50690.9,50690.0,50693.0,50684.0,50690.0,50694.0,50694.0,50692.0,50688.0,50690.0,50694.0
4559,50690.9,50690.0,50693.0,50684.0,50690.0,50694.0,50694.0,50692.0,50688.0,50690.0,50694.0
4560,50690.9,50690.0,50693.0,50684.0,50690.0,50694.0,50694.0,50692.0,50688.0,50690.0,50694.0
4561,50690.9,50690.0,50693.0,50684.0,50690.0,50694.0,50694.0,50692.0,50688.0,50690.0,50694.0
4562,50690.9,50690.0,50693.0,50684.0,50690.0,50694.0,50694.0,50692.0,50688.0,50690.0,50694.0
4563,50690.9,50690.0,50693.0,50684.0,50690.0,50694.0,50694.0,50692.0,50688.0,50690.0,50694.0
4564,50690.9,50690.0,50693.0,50684.0,50690.0,50694.0,50694.0,50692.0,50688.0,50690.0,50694.0
4565,50690.9,50690.0,50693.0,50684.0,50690.0,50694.0,50694.0,50692.0,50688.0,50690.0,50694.0
4566,50690.9,50690.0,50693.0,50684.0,50690.0,50694.0,50694.0,50692.0,50688.0,50690.0,50694.0
4567,50690.9,50690.0,50693.0,50684.0,50690.0,50694.0,50694.0,50692.0,50688.0,50690.0,50694.0
4568,50690.9,50690.0,50693.0,50684.0,50690.0,50694.0,50694.0,50692.0,50688.0,50690.0,50694.0
4569,50690.9,50690.0,50693.0,50684.0,50690.0,50694.0,50694.0,50692.0,50688.0,50690.0,50694.0
4570,50690.9,50690.0,50693.0,50684.0,50690.0,50694.0,50694.0,50692.0,50688.0,50690.0,50694.0
4571,50690.9,50690.0,50693.0,50684.0,50690.0,50694.0,50694.0,50692.0,50688.0,50690.0,50694.0
4572,50690.9,50690.0,50693.0,50684.0,50690.0,50694.0,50694.0,50692.0,50688.0,50690.0,50694.0
4573,50690.9,50690.0,50693.0,50684.0,50690.0,50694.0,50694.0,50692.0,50688.0,50690.0,50694.0
4574,50690.9,50690.0,50693.0,50684.0,50690.0,50694.0,50694.0,50692.0,50688.0,50690.0,50694.0
4575,50690.9,50690.0,50693.0,50684.0,50690.0,50694.0,50694.0,50692.0,50688.0,50690.0,50694.0
4576,50690.9,50690.0,50693.0,50684.0,50690.0,50694.0,50694.0,50692.0,50688.0,50690.0,50694.0
4577,50690.9,50690.0,50693.0,50684.0,50690.0,50694.0,50694.0,50692.0,50688.0,50690.0,50694.0
4578,50690.9,50690.0,50693.0,50684.0,50690.0,50694.0,50694.0,50692.0,50688.0,50690.0,50694.0
4579,50690.9,50690.0,50693.0,50684.0,50690.0,50694.0,50694.0,50692.0,50688.0,50690.0,50694.0
4580,50690.9,50690.0,50693.0,50684.0,50690.0,50694.0,50694.0,50692.0,50688.0,50690.0,50694.0
4581,50690.9,50690.0,50693.0,50684.0,50690.0,50694.0,50694.0,50692.0,50688.0,50690.0,50694.0
4582,50690.9,50690.0,50693.0,50684.0,50690.0,50694.0,50694.0,50692.0,50688.0,50690.0,50694.0
4583,50690.9,50690.0,50693.0,50684.0,50690.0,50694.0,50694.0,50692.0,50688.0,50690.0,50694.0
4584,50690.9,50690.0,50693.0,50684.0,50690.0,50694.0,50694.0,50692.0,50688.0,50690.0,50694.0
4585,50690.9,50690.0,50693.0,50684.0,50690.0,50694.0,50694.0,50692.0,50688.0,50690.0,50694.0
4586,50690.9,50690.0,50693.0,50684.0,50690.0,50694.0,50694.0,50692.0,50688.0,50690.0,50694.0
4587,50690.9,50690.0,50693.0,50684.0,50690.0,50694.0,50694.0,50692.0,50688.0,50690.0,50694.0
4588,50690.9,50690.0,50693.0,50684.0,50690.0,50694.0,50694.0,50692.0,50688.0,50690.0,50694.0
4589,50690.9,50690.0,50693.0,50684.0,50690.0,50694.0,50694.0,50692.0,50688.0,50690.0,50694.0
4590,50690.9,50690.0,50693.0,50684.0,50690.0,50694.0,50694.0,50692.0,50688.0,50690.0,50694.0
4591,50690.9,50690.0,50693.0,50684.0,50690.0,50694.0,50694.0,50692.0,50688.0,50690.0,50694.0
4592,50690.9,50690.0,50693.0,50684.0,50690.0,50694.0,50694.0,50692.0,50688.0,50690.0,50694.0
4593,50690.9,50690.0,50693.0,50684.0,50690.0,50694.0,50694.0,50692.0,50688.0,50690.0,50694.0
4594,50690.9,50690.0,50693.0,50684.0,50690.0,50694.0,50694.0,50692.0,50688.0,50690.0,50694.0
4595,50690.9,50690.0,50693.0,50684.0,50690.0,50694.0,50694.0,50692.0,50688.0,50690.0,50694.0
4596,50690.9,50690.0,50693.0,50684.0,50690.0,50694.0,50694.0,50692.0,50688.0,50690.0,50694.0
4597,50690.9,50690.0,50693.0,50684.0,50690.0,50694.0,50694.0,50692.0,50688.0,50690.0,50694.0
4598,50690.9,50690.0,50693.0,50684.0,50690.0,50694.0,50694.0,50692.0,50688.0,50690.0,50694.0
4599,50690.9,50690.0,50693.0,50684.0,50690.0,50694.0,50694.0,50692.0,50688.0,50690.0,50694.0
4600,50690.9,50690.0,50693.0,50684.0,50690.0,50694.0,50694.0,50692.0,50688.0,50690.0,50694.0
4601,50690.9,50690.0,50693.0,50684.0,50690.0,50694.0,50694.0,50692.0,50688.0,50690.0,50694.0
4602,50690.9,50690.0,50693.0,50684.0,50690.0,50694.0,50694.0,50692.0,50688.0,50690.0,50694.0
4603,50690.9,50690.0,50693.0,50684.0,50690.0,50694.0,50694.0,50692.0,50688.0,50690.0,50694.0
4604,50690.9,50690.0,50693.0,50684.0,50690.0,50694.0,50694.0,50692.0,50688.0,50690.0,50694.0
4605,50690.9,50690.0,50693.0,50684.0,50690.0,50694.0,50694.0,50692.0,50688.0,50690.0,50694.0
4606,50690.9,50690.0,50693.0,50684.0,50690.0,50694.0,50694.0,50692.0,50688.0,50690.0,50694.0
4607,50690.9,50690.0,50693.0,50684.0,50690.0,50694.0,50694.0,50692.0,50688.0,50690.0,50694.0
4608,50690.9,50690.0,50693.0,50684.0,50690.0,50694.0,50694.0,50692.0,50688.0,50690.0,50694.0
4609,50690.9,50690.0,50693.0,50684.0,50690.0,50694.0,50694.0,50692.0,50688.0,50690.0,50694.0
4610,50690.9,50690.0,50693.0,50684.0,50690.0,50694.0,50694.0,50692.0,50688.0,50690.0,50694.0
4611,50690.9,50690.0,50693.0,50684.0,50690.0,50694.0,50694.0,50692.0,50688.0,50690.0,50694.0
4612,50690.9,50690.0,50693.0,50684.0,50690.0,50694.0,50694.0,50692.0,50688.0,50690.0,50694.0
4613,50690.9,50690.0,50693.0,50684.0,50690.0,50694.0,50694.0,50692.0,50688.0,50690.0,50694.0
4614,50690.9,50690.0,50693.0,50684.0,50690.0,50694.0,50694.0,50692.0,50688.0,50690.0,50694.0
4615,50690.9,50690.0,50693.0,50684.0,50690.0,50694.0,50694.0,50692.0,50688.0,50690.0,50694.0
4616,50690.9,50690.0,50693.0,50684.0,50690.0,50694.0,50694.0,50692.0,50688.0,50690.0,50694.0
4617,50690.9,50690.0,50693.0,50684.0,50690.0,50694.0,50694.0,50692.0,50688.0,50690.0,50694.0
4618,50690.9,50690.0,50693.0,50684.0,50690.0,50694.0,50694.0,50692.0,50688.0,50690.0,50694.0
4619,50690.9,50690.0,50693.0,50684.0,50690.0,50694.0,50694.0,50692.0,50688.0,50690.0,50694.0
4620,50690.9,50690.0,50693.0,50684.0,50690.0,50694.0,50694.0,50692.0,50688.0,50690.0,50694.0
4621,50690.9,50690.0,50693.0,50684.0,50690.0,50694.0,50694.0,50692.0,50688.0,50690.0,50694.0
4622,50690.9,50690.0,50693.0,50684.0,50690.0,50694.0,50694.0,50692.0,50688.0,50690.0,50694.0
4623,50690.9,50690.0,50693.0,50684.0,50690.0,50694.0,50694.0,50692.0,50688.0,50690.0,50694.0
4624,50690.9,50690.0,50693.0,50684.0,50690.0,50694.0,50694.0,50692.0,50688.0,50690.0,50694.0
4625,50690.9,50690.0,50693.0,50684.0,50690.0,50694.0,50694.0,50692.0,50688.0,50690.0,50694.0
4626,50690.9,50690.0,50693.0,50684.0,50690.0,50694.0,50694.0,50692.0,50688.0,50690.0,50694.0
4627,50690.9,50690.0,50693.0,50684.0,50690.0,50694.0,50694.0,50692.0,50688.0,50690.0,50694.0
4628,50690.9,50690.0,50693.0,50684.0,50690.0,50694.0,50694.0,50692.0,50688.0,50690.0,50694.0
4629,50690.9,50690.0,50693.0,50684.0,50690.0,50694.0,50694.0,50692.0,50688.0,50690.0,50694.0
4630,50690.9,50690.0,50693.0,50684.0,50690.0,50694.0,50694.0,50692.0,50688.0,50690.0,50694.0
4631,50690.9,50690.0,50693.0,50684.0,50690.0,50694.0,50694.0,50692.0,50688.0,50690.0,50694.0
4632,50690.9,50690.0,50693.0,50684.0,50690.0,50694.0,50694.0,50692.0,50688.0,50690.0,50694.0
4633,50690.9,50690.0,50693.0,50684.0,50690.0,50694.0,50694.0,50692.0,50688.0,50690.0,50694.0
4634,50690.9,50690.0,50693.0,50684.0,50690.0,50694.0,50694.0,50692.0,50688.0,50690.0,50694.0
4635,50690.9,50690.0,50693.0,50684.0,50690.0,50694.0,50694.0,50692.0,50688.0,50690.0,50694.0
4636,50690.9,50690.0,50693.0,50684.0,50690.0,50694.0,50694.0,50692.0,50688.0,50690.0,50694.0
4637,50690.9,50690.0,50693.0,50684.0,50690.0,50694.0,50694.0,50692.0,50688.0,50690.0,50694.0
4638,50690.9,50690.0,50693.0,50684.0,50690.0,50694.0,50694.0,50692.0,50688.0,50690.0,50694.0
4639,50690.9,50690.0,50693.0,50684.0,50690.0,50694.0,50694.0,50692.0,50688.0,50690.0,50694.0
4640,50690.9,50690.0,50693.0,50684.0,50690.0,50694.0,50694.0,50692.0,50688.0,50690.0,50694.0
4641,50690.9,50690.0,50693.0,50684.0,50690.0,50694.0,50694.0,50692.0,50688.0,50690.0,50694.0
4642,50690.9,50690.0,50693.0,50684.0,50690.0,50694.0,50694.0,50692.0,50688.0,50690.0,50694.0
4643,50690.9,50690.0,50693.0,50684.0,50690.0,50694.0,50694.0,50692.0,50688.0,50690.0,50694.0
4644,50690.9,50690.0,50693.0,50684.0,50690.0,50694.0,50694.0,50692.0,50688.0,50690.0,50694.0
4645,50690.9,50690.0,50693.0,50684.0,50690.0,50694.0,50694.0,50692.0,50688.0,50690.0,50694.0
4646,50690.9,50690.0,50693.0,50684.0,50690.0,50694.0,50694.0,50692.0,50688.0,50690.0,50694.0
4647,50690.9,50690.0,50693.0,50684.0,50690.0,50694.0,50694.0,50692.0,50688.0,50690.0,50694.0
4648,50690.9,50690.0,50693.0,50684.0,50690.0,50694.0,50694.0,50692.0,50688.0,50690.0,50694.0
4649,50690.9,50690.0,50693.0,50684.0,50690.0,50694.0,50694.0,50692.0,50688.0,50690.0,50694.0
4650,50690.9,50690.0,50693.0,50684.0,50690.0,50694.0,50694.0,50692.0,50688.0,50690.0,50694.0
4651,50690.9,50690.0,50693.0,50684.0,50690.0,50694.0,50694.0,50692.0,50688.0,50690.0,50694.0
4652,50690.9,50690.0,50693.0,50684.0,50690.0,50694.0,50694.0,50692.0,50688.0,50690.0,50694.0
4653,50690.9,50690.0,50693.0,50684.0,50690.0,50694.0,50694.0,50692.0,50688.0,50690.0,50694.0
4654,50690.9,50690.0,50693.0,50684.0,50690.0,50694.0,50694.0,50692.0,50688.0,50690.0,50694.0
4655,50690.9,50690.0,50693.0,50684.0,50690.0,50694.0,50694.0,50692.0,50688.0,50690.0,50694.0
4656,50690.9,50690.0,50693.0,50684.0,50690.0,50694.0,50694.0,50692.0,50688.0,50690.0,50694.0
4657,50690.9,50690.0,50693.0,50684.0,50690.0,50694.0,50694.0,50692.0,50688.0,50690.0,50694.0
4658,50690.9,50690.0,50693.0,50684.0,50690.0,50694.0,50694.0,50692.0,50688.0,50690.0,50694.0
4659,50690.9,50690.0,50693.0,50684.0,50690.0,50694.0,50694.0,50692.0,50688.0,50690.0,50694.0
4660,50690.9,50690.0,50693.0,50684.0,50690.0,50694.0,50694.0,50692.0,50688.0,50690.0,50694.0
4661,50690.9,50690.0,50693.0,50684.0,50690.0,50694.0,50694.0,50692.0,50688.0,50690.0,50694.0
4662,50690.9,50690.0,50693.0,50684.0,50690.0,50694.0,50694.0,50692.0,50688.0,50690.0,50694.0
4663,50690.9,50690.0,50693.0,50684.0,50690.0,50694.0,50694.0,50692.0,50688.0,50690.0,50694.0
4664,50690.9,50690.0,50693.0,50684.0,50690.0,50694.0,50694.0,50692.0,50688.0,50690.0,50694.0
4665,50690.9,50690.0,50693.0,50684.0,50690.0,50694.0,50694.0,50692.0,50688.0,50690.0,50694.0
4666,50690.9,50690.0,50693.0,50684.0,50690.0,50694.0,50694.0,50692.0,50688.0,50690.0,50694.0
4667,50690.9,50690.0,50693.0,50684.0,50690.0,50694.0,50694.0,50692.0,50688.0,50690.0,50694.0
4668,50690.9,50690.0,50693.0,50684.0,50690.0,50694.0,50694.0,50692.0,50688.0,50690.0,50694.0
4669,50690.9,50690.0,50693.0,50684.0,50690.0,50694.0,50694.0,50692.0,50688.0,50690.0,50694.0
4670,50690.9,50690.0,50693.0,50684.0,50690.0,50694.0,50694.0,50692.0,50688.0,50690.0,50694.0
4671,50690.9,50690.0,50693.0,50684.0,50690.0,50694.0,50694.0,50692.0,50688.0,50690.0,50694.0
4672,50690.9,50690.0,50693.0,50684.0,50690.0,50694.0,50694.0,50692.0,50688.0,50690.0,50694.0
4673,50690.9,50690.0,50693.0,50684.0,50690.0,50694.0,50694.0,50692.0,50688.0,50690.0,50694.0
4674,50690.9,50690.0,50693.0,50684.0,50690.0,50694.0,50694.0,50692.0,50688.0,50690.0,50694.0
4675,50690.9,50690.0,50693.0,50684.0,50690.0,50694.0,50694.0,50692.0,50688.0,50690.0,50694.0
4676,50690.9,50690.0,50693.0,50684.0,50690.0,50694.0,50694.0,50692.0,50688.0,50690.0,50694.0
4677,50690.9,50690.0,50693.0,50684.0,50690.0,50694.0,50694.0,50692.0,50688.0,50690.0,50694.0
4678,50690.9,50690.0,50693.0,50684.0,50690.0,50694.0,50694.0,50692.0,50688.0,50690.0,50694.0
4679,50690.9,50690.0,50693.0,50684.0,50690.0,50694.0,50694.0,50692.0,50688.0,50690.0,50694.0
4680,50690.9,50690.0,50693.0,50684.0,50690.0,50694.0,50694.0,50692.0,50688.0,50690.0,50694.0
4681,50690.9,50690.0,50693.0,50684.0,50690.0,50694.0,50694.0,50692.0,50688.0,50690.0,50694.0
4682,50690.9,50690.0,50693.0,50684.0,50690.0,50694.0,50694.0,50692.0,50688.0,50690.0,50694.0
4683,50690.9,50690.0,50693.0,50684.0,50690.0,50694.0,50694.0,50692.0,50688.0,50690.0,50694.0
4684,50690.9,50690.0,50693.0,50684.0,50690.0,50694.0,50694.0,50692.0,50688.0,50690.0,50694.0
4685,50690.9,50690.0,50693.0,50684.0,50690.0,50694.0,50694.0,50692.0,50688.0,50690.0,50694.0
4686,50690.9,50690.0,50693.0,50684.0,50690.0,50694.0,50694.0,50692.0,50688.0,50690.0,50694.0
4687,50690.9,50690.0,50693.0,50684.0,50690.0,50694.0,50694.0,50692.0,50688.0,50690.0,50694.0
4688,50690.9,50690.0,50693.0,50684.0,50690.0,50694.0,50694.0,50692.0,50688.0,50690.0,50694.0
4689,50690.9,50690.0,50693.0,50684.0,50690.0,50694.0,50694.0,50692.0,50688.0,50690.0,50694.0
4690,50690.9,50690.0,50693.0,50684.0,50690.0,50694.0,50694.0,50692.0,50688.0,50690.0,50694.0
4691,50690.9,50690.0,50693.0,50684.0,50690.0,50694.0,50694.0,50692.0,50688.0,50690.0,50694.0
4692,50690.9,50690.0,50693.0,50684.0,50690.0,50694.0,50694.0,50692.0,50688.0,50690.0,50694.0
4693,50690.9,50690.0,50693.0,50684.0,50690.0,50694.0,50694.0,50692.0,50688.0,50690.0,50694.0
4694,50690.9,50690.0,50693.0,50684.0,50690.0,50694.0,50694.0,50692.0,50688.0,50690.0,50694.0
4695,50690.9,50690.0,50693.0,50684.0,50690.0,50694.0,50694.0,50692.0,50688.0,50690.0,50694.0
4696,50690.9,50690.0,50693.0,50684.0,50690.0,50694.0,50694.0,50692.0,50688.0,50690.0,50694.0
4697,50690.9,50690.0,50693.0,50684.0,50690.0,50694.0,50694.0,50692.0,50688.0,50690.0,50694.0
4698,50690.9,50690.0,50693.0,50684.0,50690.0,50694.0,50694.0,50692.0,50688.0,50690.0,50694.0
4699,50690.9,50690.0,50693.0,50684.0,50690.0,50694.0,50694.0,50692.0,50688.0,50690.0,50694.0
4700,50690.9,50690.0,50693.0,50684.0,50690.0,50694.0,50694.0,50692.0,50688.0,50690.0,50694.0
4701,50690.9,50690.0,50693.0,50684.0,50690.0,50694.0,50694.0,50692.0,50688.0,50690.0,50694.0
4702,50690.9,50690.0,50693.0,50684.0,50690.0,50694.0,50694.0,50692.0,50688.0,50690.0,50694.0
4703,50690.9,50690.0,50693.0,50684.0,50690.0,50694.0,50694.0,50692.0,50688.0,50690.0,50694.0
4704,50690.9,50690.0,50693.0,50684.0,50690.0,50694.0,50694.0,50692.0,50688.0,50690.0,50694.0
4705,50690.9,50690.0,50693.0,50684.0,50690.0,50694.0,50694.0,50692.0,50688.0,50690.0,50694.0
4706,50690.9,50690.0,50693.0,50684.0,50690.0,50694.0,50694.0,50692.0,50688.0,50690.0,50694.0
4707,50690.9,50690.0,50693.0,50684.0,50690.0,50694.0,50694.0,50692.0,50688.0,50690.0,50694.0
4708,50690.9,50690.0,50693.0,50684.0,50690.0,50694.0,50694.0,50692.0,50688.0,50690.0,50694.0
4709,50690.9,50690.0,50693.0,50684.0,50690.0,50694.0,50694.0,50692.0,50688.0,50690.0,50694.0
4710,50690.9,50690.0,50693.0,50684.0,50690.0,50694.0,50694.0,50692.0,50688.0,50690.0,50694.0
4711,50690.9,50690.0,50693.0,50684.0,50690.0,50694.0,50694.0,50692.0,50688.0,50690.0,50694.0
4712,50690.9,50690.0,50693.0,50684.0,50690.0,50694.0,50694.0,50692.0,50688.0,50690.0,50694.0
4713,50690.9,50690.0,50693.0,50684.0,50690.0,50694.0,50694.0,50692.0,50688.0,50690.0,50694.0
4714,50690.9,50690.0,50693.0,50684.0,50690.0,50694.0,50694.0,50692.0,50688.0,50690.0,50694.0
4715,50690.9,50690.0,50693.0,50684.0,50690.0,50694.0,50694.0,50692.0,50688.0,50690.0,50694.0
4716,50690.9,50690.0,50693.0,50684.0,50690.0,50694.0,50694.0,50692.0,50688.0,50690.0,50694.0
4717,50690.9,50690.0,50693.0,50684.0,50690.0,50694.0,50694.0,50692.0,50688.0,50690.0,50694.0
4718,50690.9,50690.0,50693.0,50684.0,50690.0,50694.0,50694.0,50692.0,50688.0,50690.0,50694.0
4719,50690.9,50690.0,50693.0,50684.0,50690.0,50694.0,50694.0,50692.0,50688.0,50690.0,50694.0
4720,50690.9,50690.0,50693.0,50684.0,50690.0,50694.0,50694.0,50692.0,50688.0,50690.0,50694.0
4721,50690.9,50690.0,50693.0,50684.0,50690.0,50694.0,50694.0,50692.0,50688.0,50690.0,50694.0
4722,50690.9,50690.0,50693.0,50684.0,50690.0,50694.0,50694.0,50692.0,50688.0,50690.0,50694.0
4723,50690.9,50690.0,50693.0,50684.0,50690.0,50694.0,50694.0,50692.0,50688.0,50690.0,50694.0
4724,50690.9,50690.0,50693.0,50684.0,50690.0,50694.0,50694.0,50692.0,50688.0,50690.0,50694.0
4725,50690.9,50690.0,50693.0,50684.0,50690.0,50694.0,50694.0,50692.0,50688.0,50690.0,50694.0
4726,50690.9,50690.0,50693.0,50684.0,50690.0,50694.0,50694.0,50692.0,50688.0,50690.0,50694.0
4727,50690.9,50690.0,50693.0,50684.0,50690.0,50694.0,50694.0,50692.0,50688.0,50690.0,50694.0
4728,50690.9,50690.0,50693.0,50684.0,50690.0,50694.0,50694.0,50692.0,50688.0,50690.0,50694.0
4729,50690.9,50690.0,50693.0,50684.0,50690.0,50694.0,50694.0,50692.0,50688.0,50690.0,50694.0
4730,50690.9,50690.0,50693.0,50684.0,50690.0,50694.0,50694.0,50692.0,50688.0,50690.0,50694.0
4731,50690.9,50690.0,50693.0,50684.0,50690.0,50694.0,50694.0,50692.0,50688.0,50690.0,50694.0
4732,50690.9,50690.0,50693.0,50684.0,50690.0,50694.0,50694.0,50692.0,50688.0,50690.0,50694.0
4733,50690.9,50690.0,50693.0,50684.0,50690.0,50694.0,50694.0,50692.0,50688.0,50690.0,50694.0
4734,50690.9,50690.0,50693.0,50684.0,50690.0,50694.0,50694.0,50692.0,50688.0,50690.0,50694.0
4735,50690.9,50690.0,50693.0,50684.0,50690.0,50694.0,50694.0,50692.0,50688.0,50690.0,50694.0
4736,50690.9,50690.0,50693.0,50684.0,50690.0,50694.0,50694.0,50692.0,50688.0,50690.0,50694.0
4737,50690.9,50690.0,50693.0,50684.0,50690.0,50694.0,50694.0,50692.0,50688.0,50690.0,50694.0
4738,50690.9,50690.0,50693.0,50684.0,50690.0,50694.0,50694.0,50692.0,50688.0,50690.0,50694.0
4739,50690.9,50690.0,50693.0,50684.0,50690.0,50694.0,50694.0,50692.0,50688.0,50690.0,50694.0
4740,50690.9,50690.0,50693.0,50684.0,50690.0,50694.0,50694.0,50692.0,50688.0,50690.0,50694.0
4741,50690.9,50690.0,50693.0,50684.0,50690.0,50694.0,50694.0,50692.0,50688.0,50690.0,50694.0
4742,50690.9,50690.0,50693.0,50684.0,50690.0,50694.0,50694.0,50692.0,50688.0,50690.0,50694.0
4743,50690.9,50690.0,50693.0,50684.0,50690.0,50694.0,50694.0,50692.0,50688.0,50690.0,50694.0
4744,50690.9,50690.0,50693.0,50684.0,50690.0,50694.0,50694.0,50692.0,50688.0,50690.0,50694.0
4745,50690.9,50690.0,50693.0,50684.0,50690.0,50694.0,50694.0,50692.0,50688.0,50690.0,50694.0
4746,50690.9,50690.0,50693.0,50684.0,50690.0,50694.0,50694.0,50692.0,50688.0,50690.0,50694.0
4747,50690.9,50690.0,50693.0,50684.0,50690.0,50694.0,50694.0,50692.0,50688.0,50690.0,50694.0
4748,50690.9,50690.0,50693.0,50684.0,50690.0,50694.0,50694.0,50692.0,50688.0,50690.0,50694.0
4749,50690.9,50690.0,50693.0,50684.0,50690.0,50694.0,50694.0,50692.0,50688.0,50690.0,50694.0
4750,50690.9,50690.0,50693.0,50684.0,50690.0,50694.0,50694.0,50692.0,50688.0,50690.0,50694.0
4751,50690.9,50690.0,50693.0,50684.0,50690.0,50694.0,50694.0,50692.0,50688.0,50690.0,50694.0
4752,50690.9,50690.0,50693.0,50684.0,50690.0,50694.0,50694.0,50692.0,50688.0,50690.0,50694.0
4753,50690.9,50690.0,50693.0,50684.0,50690.0,50694.0,50694.0,50692.0,50688.0,50690.0,50694.0
4754,50690.9,50690.0,50693.0,50684.0,50690.0,50694.0,50694.0,50692.0,50688.0,50690.0,50694.0
4755,50690.9,50690.0,50693.0,50684.0,50690.0,50694.0,50694.0,50692.0,50688.0,50690.0,50694.0
4756,50690.9,50690.0,50693.0,50684.0,50690.0,50694.0,50694.0,50692.0,50688.0,50690.0,50694.0
4757,50690.9,50690.0,50693.0,50684.0,50690.0,50694.0,50694.0,50692.0,50688.0,50690.0,50694.0
4758,50690.9,50690.0,50693.0,50684.0,50690.0,50694.0,50694.0,50692.0,50688.0,50690.0,50694.0
4759,50690.9,50690.0,50693.0,50684.0,50690.0,50694.0,50694.0,50692.0,50688.0,50690.0,50694.0
4760,50690.9,50690.0,50693.0,50684.0,50690.0,50694.0,50694.0,50692.0,50688.0,50690.0,50694.0
4761,50690.9,50690.0,50693.0,50684.0,50690.0,50694.0,50694.0,50692.0,50688.0,50690.0,50694.0
4762,50690.9,50690.0,50693.0,50684.0,50690.0,50694.0,50694.0,50692.0,50688.0,50690.0,50694.0
4763,50690.9,50690.0,50693.0,50684.0,50690.0,50694.0,50694.0,50692.0,50688.0,50690.0,50694.0
4764,50690.9,50690.0,50693.0,50684.0,50690.0,50694.0,50694.0,50692.0,50688.0,50690.0,50694.0
4765,50690.9,50690.0,50693.0,50684.0,50690.0,50694.0,50694.0,50692.0,50688.0,50690.0,50694.0
4766,50690.9,50690.0,50693.0,50684.0,50690.0,50694.0,50694.0,50692.0,50688.0,50690.0,50694.0
4767,50690.9,50690.0,50693.0,50684.0,50690.0,50694.0,50694.0,50692.0,50688.0,50690.0,50694.0
4768,50690.9,50690.0,50693.0,50684.0,50690.0,50694.0,50694.0,50692.0,50688.0,50690.0,50694.0
4769,50690.9,50690.0,50693.0,50684.0,50690.0,50694.0,50694.0,50692.0,50688.0,50690.0,50694.0
4770,50690.9,50690.0,50693.0,50684.0,50690.0,50694.0,50694.0,50692.0,50688.0,50690.0,50694.0
4771,50690.9,50690.0,50693.0,50684.0,50690.0,50694.0,50694.0,50692.0,50688.0,50690.0,50694.0
4772,50690.9,50690.0,50693.0,50684.0,50690.0,50694.0,50694.0,50692.0,50688.0,50690.0,50694.0
4773,50690.9,50690.0,50693.0,50684.0,50690.0,50694.0,50694.0,50692.0,50688.0,50690.0,50694.0
4774,50690.9,50690.0,50693.0,50684.0,50690.0,50694.0,50694.0,50692.0,50688.0,50690.0,50694.0
4775,50690.9,50690.0,50693.0,50684.0,50690.0,50694.0,50694.0,50692.0,50688.0,50690.0,50694.0
4776,50690.9,50690.0,50693.0,50684.0,50690.0,50694.0,50694.0,50692.0,50688.0,50690.0,50694.0
4777,50690.9,50690.0,50693.0,50684.0,50690.0,50694.0,50694.0,50692.0,50688.0,50690.0,50694.0
4778,50690.9,50690.0,50693.0,50684.0,50690.0,50694.0,50694.0,50692.0,50688.0,50690.0,50694.0
4779,50690.9,50690.0,50693.0,50684.0,50690.0,50694.0,50694.0,50692.0,50688.0,50690.0,50694.0
4780,50690.9,50690.0,50693.0,50684.0,50690.0,50694.0,50694.0,50692.0,50688.0,50690.0,50694.0
4781,50690.9,50690.0,50693.0,50684.0,50690.0,50694.0,50694.0,50692.0,50688.0,50690.0,50694.0
4782,50690.9,50690.0,50693.0,50684.0,50690.0,50694.0,50694.0,50692.0,50688.0,50690.0,50694.0
4783,50690.9,50690.0,50693.0,50684.0,50690.0,50694.0,50694.0,50692.0,50688.0,50690.0,50694.0
4784,50690.9,50690.0,50693.0,50684.0,50690.0,50694.0,50694.0,50692.0,50688.0,50690.0,50694.0
4785,50690.9,50690.0,50693.0,50684.0,50690.0,50694.0,50694.0,50692.0,50688.0,50690.0,50694.0
4786,50690.9,50690.0,50693.0,50684.0,50690.0,50694.0,50694.0,50692.0,50688.0,50690.0,50694.0
4787,50690.9,50690.0,50693.0,50684.0,50690.0,50694.0,50694.0,50692.0,50688.0,50690.0,50694.0
4788,50690.9,50690.0,50693.0,50684.0,50690.0,50694.0,50694.0,50692.0,50688.0,50690.0,50694.0
4789,50690.9,50690.0,50693.0,50684.0,50690.0,50694.0,50694.0,50692.0,50688.0,50690.0,50694.0
4790,50690.9,50690.0,50693.0,50684.0,50690.0,50694.0,50694.0,50692.0,50688.0,50690.0,50694.0
4791,50690.9,50690.0,50693.0,50684.0,50690.0,50694.0,50694.0,50692.0,50688.0,50690.0,50694.0
4792,50690.9,50690.0,50693.0,50684.0,50690.0,50694.0,50694.0,50692.0,50688.0,50690.0,50694.0
4793,50690.9,50690.0,50693.0,50684.0,50690.0,50694.0,50694.0,50692.0,50688.0,50690.0,50694.0
4794,50690.9,50690.0,50693.0,50684.0,50690.0,50694.0,50694.0,50692.0,50688.0,50690.0,50694.0
4795,50690.9,50690.0,50693.0,50684.0,50690.0,50694.0,50694.0,50692.0,50688.0,50690.0,50694.0
4796,50690.9,50690.0,50693.0,50684.0,50690.0,50694.0,50694.0,50692.0,50688.0,50690.0,50694.0
4797,50690.9,50690.0,50693.0,50684.0,50690.0,50694.0,50694.0,50692.0,50688.0,50690.0,50694.0
4798,50690.9,50690.0,50693.0,50684.0,50690.0,50694.0,50694.0,50692.0,50688.0,50690.0,50694.0
4799,50690.9,50690.0,50693.0,50684.0,50690.0,50694.0,50694.0,50692.0,50688.0,50690.0,50694.0
4800,50690.9,50690.0,50693.0,50684.0,50690.0,50694.0,50694.0,50692.0,50688.0,50690.0,50694.0
4801,50690.9,50690.0,50693.0,50684.0,50690.0,50694.0,50694.0,50692.0,50688.0,50690.0,50694.0
4802,50690.9,50690.0,50693.0,50684.0,50690.0,50694.0,50694.0,50692.0,50688.0,50690.0,50694.0
4803,50690.9,50690.0,50693.0,50684.0,50690.0,50694.0,50694.0,50692.0,50688.0,50690.0,50694.0
4804,50690.9,50690.0,50693.0,50684.0,50690.0,50694.0,50694.0,50692.0,50688.0,50690.0,50694.0
4805,50690.9,50690.0,50693.0,50684.0,50690.0,50694.0,50694.0,50692.0,50688.0,50690.0,50694.0
4806,50690.9,50690.0,50693.0,50684.0,50690.0,50694.0,50694.0,50692.0,50688.0,50690.0,50694.0
4807,50690.9,50690.0,50693.0,50684.0,50690.0,50694.0,50694.0,50692.0,50688.0,50690.0,50694.0
4808,50690.9,50690.0,50693.0,50684.0,50690.0,50694.0,50694.0,50692.0,50688.0,50690.0,50694.0
4809,50690.9,50690.0,50693.0,50684.0,50690.0,50694.0,50694.0,50692.0,50688.0,50690.0,50694.0
4810,50690.9,50690.0,50693.0,50684.0,50690.0,50694.0,50694.0,50692.0,50688.0,50690.0,50694.0
4811,50690.9,50690.0,50693.0,50684.0,50690.0,50694.0,50694.0,50692.0,50688.0,50690.0,50694.0
4812,50690.9,50690.0,50693.0,50684.0,50690.0,50694.0,50694.0,50692.0,50688.0,50690.0,50694.0
4813,50690.9,50690.0,50693.0,50684.0,50690.0,50694.0,50694.0,50692.0,50688.0,50690.0,50694.0
4814,50690.9,50690.0,50693.0,50684.0,50690.0,50694.0,50694.0,50692.0,50688.0,50690.0,50694.0
4815,50690.9,50690.0,50693.0,50684.0,50690.0,50694.0,50694.0,50692.0,50688.0,50690.0,50694.0
4816,50690.9,50690.0,50693.0,50684.0,50690.0,50694.0,50694.0,50692.0,50688.0,50690.0,50694.0
4817,50690.9,50690.0,50693.0,50684.0,50690.0,50694.0,50694.0,50692.0,50688.0,50690.0,50694.0
4818,50690.9,50690.0,50693.0,50684.0,50690.0,50694.0,50694.0,50692.0,50688.0,50690.0,50694.0
4819,50690.9,50690.0,50693.0,50684.0,50690.0,50694.0,50694.0,50692.0,50688.0,50690.0,50694.0
4820,50690.9,50690.0,50693.0,50684.0,50690.0,50694.0,50694.0,50692.0,50688.0,50690.0,50694.0
4821,50690.9,50690.0,50693.0,50684.0,50690.0,50694.0,50694.0,50692.0,50688.0,50690.0,50694.0
4822,50690.9,50690.0,50693.0,50684.0,50690.0,50694.0,50694.0,50692.0,50688.0,50690.0,50694.0
4823,50690.9,50690.0,50693.0,50684.0,50690.0,50694.0,50694.0,50692.0,50688.0,50690.0,50694.0
4824,50690.9,50690.0,50693.0,50684.0,50690.0,50694.0,50694.0,50692.0,50688.0,50690.0,50694.0
4825,50690.9,50690.0,50693.0,50684.0,50690.0,50694.0,50694.0,50692.0,50688.0,50690.0,50694.0
4826,50690.9,50690.0,50693.0,50684.0,50690.0,50694.0,50694.0,50692.0,50688.0,50690.0,50694.0
4827,50690.9,50690.0,50693.0,50684.0,50690.0,50694.0,50694.0,50692.0,50688.0,50690.0,50694.0
4828,50690.9,50690.0,50693.0,50684.0,50690.0,50694.0,50694.0,50692.0,50688.0,50690.0,50694.0
4829,50690.9,50690.0,50693.0,50684.0,50690.0,50694.0,50694.0,50692.0,50688.0,50690.0,50694.0
4830,50690.9,50690.0,50693.0,50684.0,50690.0,50694.0,50694.0,50692.0,50688.0,50690.0,50694.0
4831,50690.9,50690.0,50693.0,50684.0,50690.0,50694.0,50694.0,50692.0,50688.0,50690.0,50694.0
4832,50690.9,50690.0,50693.0,50684.0,50690.0,50694.0,50694.0,50692.0,50688.0,50690.0,50694.0
4833,50690.9,50690.0,50693.0,50684.0,50690.0,50694.0,50694.0,50692.0,50688.0,50690.0,50694.0
4834,50690.9,50690.0,50693.0,50684.0,50690.0,50694.0,50694.0,50692.0,50688.0,50690.0,50694.0
4835,50690.9,50690.0,50693.0,50684.0,50690.0,50694.0,50694.0,50692.0,50688.0,50690.0,50694.0
4836,50690.9,50690.0,50693.0,50684.0,50690.0,50694.0,50694.0,50692.0,50688.0,50690.0,50694.0
4837,50690.9,50690.0,50693.0,50684.0,50690.0,50694.0,50694.0,50692.0,50688.0,50690.0,50694.0
4838,50690.9,50690.0,50693.0,50684.0,50690.0,50694.0,50694.0,50692.0,50688.0,50690.0,50694.0
4839,50690.9,50690.0,50693.0,50684.0,50690.0,50694.0,50694.0,50692.0,50688.0,50690.0,50694.0
4840,50690.9,50690.0,50693.0,50684.0,50690.0,50694.0,50694.0,50692.0,50688.0,50690.0,50694.0
4841,50690.9,50690.0,50693.0,50684.0,50690.0,50694.0,50694.0,50692.0,50688.0,50690.0,50694.0
4842,50690.9,50690.0,50693.0,50684.0,50690.0,50694.0,50694.0,50692.0,50688.0,50690.0,50694.0
4843,50690.9,50690.0,50693.0,50684.0,50690.0,50694.0,50694.0,50692.0,50688.0,50690.0,50694.0
4844,50690.9,50690.0,50693.0,50684.0,50690.0,50694.0,50694.0,50692.0,50688.0,50690.0,50694.0
4845,50690.9,50690.0,50693.0,50684.0,50690.0,50694.0,50694.0,50692.0,50688.0,50690.0,50694.0
4846,50690.9,50690.0,50693.0,50684.0,50690.0,50694.0,50694.0,50692.0,50688.0,50690.0,50694.0
4847,50690.9,50690.0,50693.0,50684.0,50690.0,50694.0,50694.0,50692.0,50688.0,50690.0,50694.0
4848,50690.9,50690.0,50693.0,50684.0,50690.0,50694.0,50694.0,50692.0,50688.0,50690.0,50694.0
4849,50690.9,50690.0,50693.0,50684.0,50690.0,50694.0,50694.0,50692.0,50688.0,50690.0,50694.0
4850,50690.9,50690.0,50693.0,50684.0,50690.0,50694.0,50694.0,50692.0,50688.0,50690.0,50694.0
4851,50690.9,50690.0,50693.0,50684.0,50690.0,50694.0,50694.0,50692.0,50688.0,50690.0,50694.0
4852,50690.9,50690.0,50693.0,50684.0,50690.0,50694.0,50694.0,50692.0,50688.0,50690.0,50694.0
4853,50690.9,50690.0,50693.0,50684.0,50690.0,50694.0,50694.0,50692.0,50688.0,50690.0,50694.0
4854,50690.9,50690.0,50693.0,50684.0,50690.0,50694.0,50694.0,50692.0,50688.0,50690.0,50694.0
4855,50690.9,50690.0,50693.0,50684.0,50690.0,50694.0,50694.0,50692.0,50688.0,50690.0,50694.0
4856,50690.9,50690.0,50693.0,50684.0,50690.0,50694.0,50694.0,50692.0,50688.0,50690.0,50694.0
4857,50690.9,50690.0,50693.0,50684.0,50690.0,50694.0,50694.0,50692.0,50688.0,50690.0,50694.0
4858,50690.9,50690.0,50693.0,50684.0,50690.0,50694.0,50694.0,50692.0,50688.0,50690.0,50694.0
4859,50690.9,50690.0,50693.0,50684.0,50690.0,50694.0,50694.0,50692.0,50688.0,50690.0,50694.0
4860,50690.9,50690.0,50693.0,50684.0,50690.0,50694.0,50694.0,50692.0,50688.0,50690.0,50694.0
4861,50690.9,50690.0,50693.0,50684.0,50690.0,50694.0,50694.0,50692.0,50688.0,50690.0,50694.0
4862,50690.9,50690.0,50693.0,50684.0,50690.0,50694.0,50694.0,50692.0,50688.0,50690.0,50694.0
4863,50690.9,50690.0,50693.0,50684.0,50690.0,50694.0,50694.0,50692.0,50688.0,50690.0,50694.0
4864,50690.9,50690.0,50693.0,50684.0,50690.0,50694.0,50694.0,50692.0,50688.0,50690.0,50694.0
4865,50690.9,50690.0,50693.0,50684.0,50690.0,50694.0,50694.0,50692.0,50688.0,50690.0,50694.0
4866,50690.9,50690.0,50693.0,50684.0,50690.0,50694.0,50694.0,50692.0,50688.0,50690.0,50694.0
4867,50690.9,50690.0,50693.0,50684.0,50690.0,50694.0,50694.0,50692.0,50688.0,50690.0,50694.0
4868,50690.9,50690.0,50693.0,50684.0,50690.0,50694.0,50694.0,50692.0,50688.0,50690.0,50694.0
4869,50690.9,50690.0,50693.0,50684.0,50690.0,50694.0,50694.0,50692.0,50688.0,50690.0,50694.0
4870,50690.9,50690.0,50693.0,50684.0,50690.0,50694.0,50694.0,50692.0,50688.0,50690.0,50694.0
4871,50690.9,50690.0,50693.0,50684.0,50690.0,50694.0,50694.0,50692.0,50688.0,50690.0,50694.0
4872,50690.9,50690.0,50693.0,50684.0,50690.0,50694.0,50694.0,50692.0,50688.0,50690.0,50694.0
4873,50690.9,50690.0,50693.0,50684.0,50690.0,50694.0,50694.0,50692.0,50688.0,50690.0,50694.0
4874,50690.9,50690.0,50693.0,50684.0,50690.0,50694.0,50694.0,50692.0,50688.0,50690.0,50694.0
4875,50690.9,50690.0,50693.0,50684.0,50690.0,50694.0,50694.0,50692.0,50688.0,50690.0,50694.0
4876,50690.9,50690.0,50693.0,50684.0,50690.0,50694.0,50694.0,50692.0,50688.0,50690.0,50694.0
4877,50690.9,50690.0,50693.0,50684.0,50690.0,50694.0,50694.0,50692.0,50688.0,50690.0,50694.0
4878,50690.9,50690.0,50693.0,50684.0,50690.0,50694.0,50694.0,50692.0,50688.0,50690.0,50694.0
4879,50690.9,50690.0,50693.0,50684.0,50690.0,50694.0,50694.0,50692.0,50688.0,50690.0,50694.0
4880,50690.9,50690.0,50693.0,50684.0,50690.0,50694.0,50694.0,50692.0,50688.0,50690.0,50694.0
4881,50690.9,50690.0,50693.0,50684.0,50690.0,50694.0,50694.0,50692.0,50688.0,50690.0,50694.0
4882,50690.9,50690.0,50693.0,50684.0,50690.0,50694.0,50694.0,50692.0,50688.0,50690.0,50694.0
4883,50690.9,50690.0,50693.0,50684.0,50690.0,50694.0,50694.0,50692.0,50688.0,50690.0,50694.0
4884,50690.9,50690.0,50693.0,50684.0,50690.0,50694.0,50694.0,50692.0,50688.0,50690.0,50694.0
4885,50690.9,50690.0,50693.0,50684.0,50690.0,50694.0,50694.0,50692.0,50688.0,50690.0,50694.0
4886,50690.9,50690.0,50693.0,50684.0,50690.0,50694.0,50694.0,50692.0,50688.0,50690.0,50694.0
4887,50690.9,50690.0,50693.0,50684.0,50690.0,50694.0,50694.0,50692.0,50688.0,50690.0,50694.0
4888,50690.9,50690.0,50693.0,50684.0,50690.0,50694.0,50694.0,50692.0,50688.0,50690.0,50694.0
4889,50690.9,50690.0,50693.0,50684.0,50690.0,50694.0,50694.0,50692.0,50688.0,50690.0,50694.0
4890,50690.9,50690.0,50693.0,50684.0,50690.0,50694.0,50694.0,50692.0,50688.0,50690.0,50694.0
4891,50690.9,50690.0,50693.0,50684.0,50690.0,50694.0,50694.0,50692.0,50688.0,50690.0,50694.0
4892,50690.9,50690.0,50693.0,50684.0,50690.0,50694.0,50694.0,50692.0,50688.0,50690.0,50694.0
4893,50690.9,50690.0,50693.0,50684.0,50690.0,50694.0,50694.0,50692.0,50688.0,50690.0,50694.0
4894,50690.9,50690.0,50693.0,50684.0,50690.0,50694.0,50694.0,50692.0,50688.0,50690.0,50694.0
4895,50690.9,50690.0,50693.0,50684.0,50690.0,50694.0,50694.0,50692.0,50688.0,50690.0,50694.0
4896,50690.9,50690.0,50693.0,50684.0,50690.0,50694.0,50694.0,50692.0,50688.0,50690.0,50694.0
4897,50690.9,50690.0,50693.0,50684.0,50690.0,50694.0,50694.0,50692.0,50688.0,50690.0,50694.0
4898,50690.9,50690.0,50693.0,50684.0,50690.0,50694.0,50694.0,50692.0,50688.0,50690.0,50694.0
4899,50690.9,50690.0,50693.0,50684.0,50690.0,50694.0,50694.0,50692.0,50688.0,50690.0,50694.0
4900,50690.9,50690.0,50693.0,50684.0,50690.0,50694.0,50694.0,50692.0,50688.0,50690.0,50694.0
4901,50690.9,50690.0,50693.0,50684.0,50690.0,50694.0,50694.0,50692.0,50688.0,50690.0,50694.0
4902,50690.9,50690.0,50693.0,50684.0,50690.0,50694.0,50694.0,50692.0,50688.0,50690.0,50694.0
4903,50690.9,50690.0,50693.0,50684.0,50690.0,50694.0,50694.0,50692.0,50688.0,50690.0,50694.0
4904,50690.9,50690.0,50693.0,50684.0,50690.0,50694.0,50694.0,50692.0,50688.0,50690.0,50694.0
4905,50690.9,50690.0,50693.0,50684.0,50690.0,50694.0,50694.0,50692.0,50688.0,50690.0,50694.0
4906,50690.9,50690.0,50693.0,50684.0,50690.0,50694.0,50694.0,50692.0,50688.0,50690.0,50694.0
4907,50690.9,50690.0,50693.0,50684.0,50690.0,50694.0,50694.0,50692.0,50688.0,50690.0,50694.0
4908,50690.9,50690.0,50693.0,50684.0,50690.0,50694.0,50694.0,50692.0,50688.0,50690.0,50694.0
4909,50690.9,50690.0,50693.0,50684.0,50690.0,50694.0,50694.0,50692.0,50688.0,50690.0,50694.0
4910,50690.9,50690.0,50693.0,50684.0,50690.0,50694.0,50694.0,50692.0,50688.0,50690.0,50694.0
4911,50690.9,50690.0,50693.0,50684.0,50690.0,50694.0,50694.0,50692.0,50688.0,50690.0,50694.0
4912,50690.9,50690.0,50693.0,50684.0,50690.0,50694.0,50694.0,50692.0,50688.0,50690.0,50694.0
4913,50690.9,50690.0,50693.0,50684.0,50690.0,50694.0,50694.0,50692.0,50688.0,50690.0,50694.0
4914,50690.9,50690.0,50693.0,50684.0,50690.0,50694.0,50694.0,50692.0,50688.0,50690.0,50694.0
4915,50690.9,50690.0,50693.0,50684.0,50690.0,50694.0,50694.0,50692.0,50688.0,50690.0,50694.0
4916,50690.9,50690.0,50693.0,50684.0,50690.0,50694.0,50694.0,50692.0,50688.0,50690.0,50694.0
4917,50690.9,50690.0,50693.0,50684.0,50690.0,50694.0,50694.0,50692.0,50688.0,50690.0,50694.0
4918,50690.9,50690.0,50693.0,50684.0,50690.0,50694.0,50694.0,50692.0,50688.0,50690.0,50694.0
4919,50690.9,50690.0,50693.0,50684.0,50690.0,50694.0,50694.0,50692.0,50688.0,50690.0,50694.0
4920,50690.9,50690.0,50693.0,50684.0,50690.0,50694.0,50694.0,50692.0,50688.0,50690.0,50694.0
4921,50690.9,50690.0,50693.0,50684.0,50690.0,50694.0,50694.0,50692.0,50688.0,50690.0,50694.0
4922,50690.9,50690.0,50693.0,50684.0,50690.0,50694.0,50694.0,50692.0,50688.0,50690.0,50694.0
4923,50690.9,50690.0,50693.0,50684.0,50690.0,50694.0,50694.0,50692.0,50688.0,50690.0,50694.0
4924,50690.9,50690.0,50693.0,50684.0,50690.0,50694.0,50694.0,50692.0,50688.0,50690.0,50694.0
4925,50690.9,50690.0,50693.0,50684.0,50690.0,50694.0,50694.0,50692.0,50688.0,50690.0,50694.0
4926,50690.9,50690.0,50693.0,50684.0,50690.0,50694.0,50694.0,50692.0,50688.0,50690.0,50694.0
4927,50690.9,50690.0,50693.0,50684.0,50690.0,50694.0,50694.0,50692.0,50688.0,50690.0,50694.0
4928,50690.9,50690.0,50693.0,50684.0,50690.0,50694.0,50694.0,50692.0,50688.0,50690.0,50694.0
4929,50690.9,50690.0,50693.0,50684.0,50690.0,50694.0,50694.0,50692.0,50688.0,50690.0,50694.0
4930,50690.9,50690.0,50693.0,50684.0,50690.0,50694.0,50694.0,50692.0,50688.0,50690.0,50694.0
4931,50690.9,50690.0,50693.0,50684.0,50690.0,50694.0,50694.0,50692.0,50688.0,50690.0,50694.0
4932,50690.9,50690.0,50693.0,50684.0,50690.0,50694.0,50694.0,50692.0,50688.0,50690.0,50694.0
4933,50690.9,50690.0,50693.0,50684.0,50690.0,50694.0,50694.0,50692.0,50688.0,50690.0,50694.0
4934,50690.9,50690.0,50693.0,50684.0,50690.0,50694.0,50694.0,50692.0,50688.0,50690.0,50694.0
4935,50690.9,50690.0,50693.0,50684.0,50690.0,50694.0,50694.0,50692.0,50688.0,50690.0,50694.0
4936,50690.9,50690.0,50693.0,50684.0,50690.0,50694.0,50694.0,50692.0,50688.0,50690.0,50694.0
4937,50690.9,50690.0,50693.0,50684.0,50690.0,50694.0,50694.0,50692.0,50688.0,50690.0,50694.0
4938,50690.9,50690.0,50693.0,50684.0,50690.0,50694.0,50694.0,50692.0,50688.0,50690.0,50694.0
4939,50690.9,50690.0,50693.0,50684.0,50690.0,50694.0,50694.0,50692.0,50688.0,50690.0,50694.0
4940,50690.9,50690.0,50693.0,50684.0,50690.0,50694.0,50694.0,50692.0,50688.0,50690.0,50694.0
4941,50690.9,50690.0,50693.0,50684.0,50690.0,50694.0,50694.0,50692.0,50688.0,50690.0,50694.0
4942,50690.9,50690.0,50693.0,50684.0,50690.0,50694.0,50694.0,50692.0,50688.0,50690.0,50694.0
4943,50690.9,50690.0,50693.0,50684.0,50690.0,50694.0,50694.0,50692.0,50688.0,50690.0,50694.0
4944,50690.9,50690.0,50693.0,50684.0,50690.0,50694.0,50694.0,50692.0,50688.0,50690.0,50694.0
4945,50690.9,50690.0,50693.0,50684.0,50690.0,50694.0,50694.0,50692.0,50688.0,50690.0,50694.0
4946,50690.9,50690.0,50693.0,50684.0,50690.0,50694.0,50694.0,50692.0,50688.0,50690.0,50694.0
4947,50690.9,50690.0,50693.0,50684.0,50690.0,50694.0,50694.0,50692.0,50688.0,50690.0,50694.0
4948,50690.9,50690.0,50693.0,50684.0,50690.0,50694.0,50694.0,50692.0,50688.0,50690.0,50694.0
4949,50690.9,50690.0,50693.0,50684.0,50690.0,50694.0,50694.0,50692.0,50688.0,50690.0,50694.0
4950,50690.9,50690.0,50693.0,50684.0,50690.0,50694.0,50694.0,50692.0,50688.0,50690.0,50694.0
4951,50690.9,50690.0,50693.0,50684.0,50690.0,50694.0,50694.0,50692.0,50688.0,50690.0,50694.0
4952,50690.9,50690.0,50693.0,50684.0,50690.0,50694.0,50694.0,50692.0,50688.0,50690.0,50694.0
4953,50690.9,50690.0,50693.0,50684.0,50690.0,50694.0,50694.0,50692.0,50688.0,50690.0,50694.0
4954,50690.9,50690.0,50693.0,50684.0,50690.0,50694.0,50694.0,50692.0,50688.0,50690.0,50694.0
4955,50690.9,50690.0,50693.0,50684.0,50690.0,50694.0,50694.0,50692.0,50688.0,50690.0,50694.0
4956,50690.9,50690.0,50693.0,50684.0,50690.0,50694.0,50694.0,50692.0,50688.0,50690.0,50694.0
4957,50690.9,50690.0,50693.0,50684.0,50690.0,50694.0,50694.0,50692.0,50688.0,50690.0,50694.0
4958,50690.9,50690.0,50693.0,50684.0,50690.0,50694.0,50694.0,50692.0,50688.0,50690.0,50694.0
4959,50690.9,50690.0,50693.0,50684.0,50690.0,50694.0,50694.0,50692.0,50688.0,50690.0,50694.0
4960,50690.9,50690.0,50693.0,50684.0,50690.0,50694.0,50694.0,50692.0,50688.0,50690.0,50694.0
4961,50690.9,50690.0,50693.0,50684.0,50690.0,50694.0,50694.0,50692.0,50688.0,50690.0,50694.0
4962,50690.9,50690.0,50693.0,50684.0,50690.0,50694.0,50694.0,50692.0,50688.0,50690.0,50694.0
4963,50690.9,50690.0,50693.0,50684.0,50690.0,50694.0,50694.0,50692.0,50688.0,50690.0,50694.0
4964,50690.9,50690.0,50693.0,50684.0,50690.0,50694.0,50694.0,50692.0,50688.0,50690.0,50694.0
4965,50690.9,50690.0,50693.0,50684.0,50690.0,50694.0,50694.0,50692.0,50688.0,50690.0,50694.0
4966,50690.9,50690.0,50693.0,50684.0,50690.0,50694.0,50694.0,50692.0,50688.0,50690.0,50694.0
4967,50690.9,50690.0,50693.0,50684.0,50690.0,50694.0,50694.0,50692.0,50688.0,50690.0,50694.0
4968,50690.9,50690.0,50693.0,50684.0,50690.0,50694.0,50694.0,50692.0,50688.0,50690.0,50694.0
4969,50690.9,50690.0,50693.0,50684.0,50690.0,50694.0,50694.0,50692.0,50688.0,50690.0,50694.0
4970,50690.9,50690.0,50693.0,50684.0,50690.0,50694.0,50694.0,50692.0,50688.0,50690.0,50694.0
4971,50690.9,50690.0,50693.0,50684.0,50690.0,50694.0,50694.0,50692.0,50688.0,50690.0,50694.0
4972,50690.9,50690.0,50693.0,50684.0,50690.0,50694.0,50694.0,50692.0,50688.0,50690.0,50694.0
4973,50690.9,50690.0,50693.0,50684.0,50690.0,50694.0,50694.0,50692.0,50688.0,50690.0,50694.0
4974,50690.9,50690.0,50693.0,50684.0,50690.0,50694.0,50694.0,50692.0,50688.0,50690.0,50694.0
4975,50690.9,50690.0,50693.0,50684.0,50690.0,50694.0,50694.0,50692.0,50688.0,50690.0,50694.0
4976,50690.9,50690.0,50693.0,50684.0,50690.0,50694.0,50694.0,50692.0,50688.0,50690.0,50694.0
4977,50690.9,50690.0,50693.0,50684.0,50690.0,50694.0,50694.0,50692.0,50688.0,50690.0,50694.0
4978,50690.9,50690.0,50693.0,50684.0,50690.0,50694.0,50694.0,50692.0,50688.0,50690.0,50694.0
4979,50690.9,50690.0,50693.0,50684.0,50690.0,50694.0,50694.0,50692.0,50688.0,50690.0,50694.0
4980,50690.9,50690.0,50693.0,50684.0,50690.0,50694.0,50694.0,50692.0,50688.0,50690.0,50694.0
4981,50690.9,50690.0,50693.0,50684.0,50690.0,50694.0,50694.0,50692.0,50688.0,50690.0,50694.0
4982,50690.9,50690.0,50693.0,50684.0,50690.0,50694.0,50694.0,50692.0,50688.0,50690.0,50694.0
4983,50690.9,50690.0,50693.0,50684.0,50690.0,50694.0,50694.0,50692.0,50688.0,50690.0,50694.0
4984,50690.9,50690.0,50693.0,50684.0,50690.0,50694.0,50694.0,50692.0,50688.0,50690.0,50694.0
4985,50690.9,50690.0,50693.0,50684.0,50690.0,50694.0,50694.0,50692.0,50688.0,50690.0,50694.0
4986,50690.9,50690.0,50693.0,50684.0,50690.0,50694.0,50694.0,50692.0,50688.0,50690.0,50694.0
4987,50690.9,50690.0,50693.0,50684.0,50690.0,50694.0,50694.0,50692.0,50688.0,50690.0,50694.0
4988,50690.9,50690.0,50693.0,50684.0,50690.0,50694.0,50694.0,50692.0,50688.0,50690.0,50694.0
4989,50690.9,50690.0,50693.0,50684.0,50690.0,50694.0,50694.0,50692.0,50688.0,50690.0,50694.0
4990,50690.9,50690.0,50693.0,50684.0,50690.0,50694.0,50694.0,50692.0,50688.0,50690.0,50694.0
4991,50690.9,50690.0,50693.0,50684.0,50690.0,50694.0,50694.0,50692.0,50688.0,50690.0,50694.0
4992,50690.9,50690.0,50693.0,50684.0,50690.0,50694.0,50694.0,50692.0,50688.0,50690.0,50694.0
4993,50690.9,50690.0,50693.0,50684.0,50690.0,50694.0,50694.0,50692.0,50688.0,50690.0,50694.0
4994,50690.9,50690.0,50693.0,50684.0,50690.0,50694.0,50694.0,50692.0,50688.0,50690.0,50694.0
4995,50690.9,50690.0,50693.0,50684.0,50690.0,50694.0,50694.0,50692.0,50688.0,50690.0,50694.0
4996,50690.9,50690.0,50693.0,50684.0,50690.0,50694.0,50694.0,50692.0,50688.0,50690.0,50694.0
4997,50690.9,50690.0,50693.0,50684.0,50690.0,50694.0,50694.0,50692.0,50688.0,50690.0,50694.0
4998,50690.9,50690.0,50693.0,50684.0,50690.0,50694.0,50694.0,50692.0,50688.0,50690.0,50694.0
4999,50690.9,50690.0,50693.0,50684.0,50690.0,50694.0,50694.0,50692.0,50688.0,50690.0,50694.0
5000,50690.9,50690.0,50693.0,50684.0,50690.0,50694.0,50694.0,50692.0,50688.0,50690.0,50694.0
5001,50690.9,50690.0,50693.0,50684.0,50690.0,50694.0,50694.0,50692.0,50688.0,50690.0,50694.0
5002,50690.9,50690.0,50693.0,50684.0,50690.0,50694.0,50694.0,50692.0,50688.0,50690.0,50694.0
5003,50690.9,50690.0,50693.0,50684.0,50690.0,50694.0,50694.0,50692.0,50688.0,50690.0,50694.0
5004,50690.9,50690.0,50693.0,50684.0,50690.0,50694.0,50694.0,50692.0,50688.0,50690.0,50694.0
5005,50690.9,50690.0,50693.0,50684.0,50690.0,50694.0,50694.0,50692.0,50688.0,50690.0,50694.0
5006,50690.9,50690.0,50693.0,50684.0,50690.0,50694.0,50694.0,50692.0,50688.0,50690.0,50694.0
5007,50690.9,50690.0,50693.0,50684.0,50690.0,50694.0,50694.0,50692.0,50688.0,50690.0,50694.0
5008,50690.9,50690.0,50693.0,50684.0,50690.0,50694.0,50694.0,50692.0,50688.0,50690.0,50694.0
5009,50690.9,50690.0,50693.0,50684.0,50690.0,50694.0,50694.0,50692.0,50688.0,50690.0,50694.0
5010,50690.9,50690.0,50693.0,50684.0,50690.0,50694.0,50694.0,50692.0,50688.0,50690.0,50694.0
5011,50690.9,50690.0,50693.0,50684.0,50690.0,50694.0,50694.0,50692.0,50688.0,50690.0,50694.0
5012,50690.9,50690.0,50693.0,50684.0,50690.0,50694.0,50694.0,50692.0,50688.0,50690.0,50694.0
5013,50690.9,50690.0,50693.0,50684.0,50690.0,50694.0,50694.0,50692.0,50688.0,50690.0,50694.0
5014,50690.9,50690.0,50693.0,50684.0,50690.0,50694.0,50694.0,50692.0,50688.0,50690.0,50694.0
5015,50690.9,50690.0,50693.0,50684.0,50690.0,50694.0,50694.0,50692.0,50688.0,50690.0,50694.0
5016,50690.9,50690.0,50693.0,50684.0,50690.0,50694.0,50694.0,50692.0,50688.0,50690.0,50694.0
5017,50690.9,50690.0,50693.0,50684.0,50690.0,50694.0,50694.0,50692.0,50688.0,50690.0,50694.0
5018,50690.9,50690.0,50693.0,50684.0,50690.0,50694.0,50694.0,50692.0,50688.0,50690.0,50694.0
5019,50690.9,50690.0,50693.0,50684.0,50690.0,50694.0,50694.0,50692.0,50688.0,50690.0,50694.0
5020,50690.9,50690.0,50693.0,50684.0,50690.0,50694.0,50694.0,50692.0,50688.0,50690.0,50694.0
5021,50690.9,50690.0,50693.0,50684.0,50690.0,50694.0,50694.0,50692.0,50688.0,50690.0,50694.0
5022,50690.9,50690.0,50693.0,50684.0,50690.0,50694.0,50694.0,50692.0,50688.0,50690.0,50694.0
5023,50690.9,50690.0,50693.0,50684.0,50690.0,50694.0,50694.0,50692.0,50688.0,50690.0,50694.0
5024,50690.9,50690.0,50693.0,50684.0,50690.0,50694.0,50694.0,50692.0,50688.0,50690.0,50694.0
5025,50690.9,50690.0,50693.0,50684.0,50690.0,50694.0,50694.0,50692.0,50688.0,50690.0,50694.0
5026,50690.9,50690.0,50693.0,50684.0,50690.0,50694.0,50694.0,50692.0,50688.0,50690.0,50694.0
5027,50690.9,50690.0,50693.0,50684.0,50690.0,50694.0,50694.0,50692.0,50688.0,50690.0,50694.0
5028,50690.9,50690.0,50693.0,50684.0,50690.0,50694.0,50694.0,50692.0,50688.0,50690.0,50694.0
5029,50690.9,50690.0,50693.0,50684.0,50690.0,50694.0,50694.0,50692.0,50688.0,50690.0,50694.0
5030,50690.9,50690.0,50693.0,50684.0,50690.0,50694.0,50694.0,50692.0,50688.0,50690.0,50694.0
5031,50690.9,50690.0,50693.0,50684.0,50690.0,50694.0,50694.0,50692.0,50688.0,50690.0,50694.0
5032,50690.9,50690.0,50693.0,50684.0,50690.0,50694.0,50694.0,50692.0,50688.0,50690.0,50694.0
5033,50690.9,50690.0,50693.0,50684.0,50690.0,50694.0,50694.0,50692.0,50688.0,50690.0,50694.0
5034,50690.9,50690.0,50693.0,50684.0,50690.0,50694.0,50694.0,50692.0,50688.0,50690.0,50694.0
5035,50690.9,50690.0,50693.0,50684.0,50690.0,50694.0,50694.0,50692.0,50688.0,50690.0,50694.0
5036,50690.9,50690.0,50693.0,50684.0,50690.0,50694.0,50694.0,50692.0,50688.0,50690.0,50694.0
5037,50690.9,50690.0,50693.0,50684.0,50690.0,50694.0,50694.0,50692.0,50688.0,50690.0,50694.0
5038,50690.9,50690.0,50693.0,50684.0,50690.0,50694.0,50694.0,50692.0,50688.0,50690.0,50694.0
5039,50690.9,50690.0,50693.0,50684.0,50690.0,50694.0,50694.0,50692.0,50688.0,50690.0,50694.0
5040,50690.9,50690.0,50693.0,50684.0,50690.0,50694.0,50694.0,50692.0,50688.0,50690.0,50694.0
5041,50690.9,50690.0,50693.0,50684.0,50690.0,50694.0,50694.0,50692.0,50688.0,50690.0,50694.0
5042,50690.9,50690.0,50693.0,50684.0,50690.0,50694.0,50694.0,50692.0,50688.0,50690.0,50694.0
5043,50690.9,50690.0,50693.0,50684.0,50690.0,50694.0,50694.0,50692.0,50688.0,50690.0,50694.0
5044,50690.9,50690.0,50693.0,50684.0,50690.0,50694.0,50694.0,50692.0,50688.0,50690.0,50694.0
5045,50690.9,50690.0,50693.0,50684.0,50690.0,50694.0,50694.0,50692.0,50688.0,50690.0,50694.0
5046,50690.9,50690.0,50693.0,50684.0,50690.0,50694.0,50694.0,50692.0,50688.0,50690.0,50694.0
5047,50690.9,50690.0,50693.0,50684.0,50690.0,50694.0,50694.0,50692.0,50688.0,50690.0,50694.0
5048,50690.9,50690.0,50693.0,50684.0,50690.0,50694.0,50694.0,50692.0,50688.0,50690.0,50694.0
5049,50690.9,50690.0,50693.0,50684.0,50690.0,50694.0,50694.0,50692.0,50688.0,50690.0,50694.0
5050,50690.9,50690.0,50693.0,50684.0,50690.0,50694.0,50694.0,50692.0,50688.0,50690.0,50694.0
5051,50690.9,50690.0,50693.0,50684.0,50690.0,50694.0,50694.0,50692.0,50688.0,50690.0,50694.0
5052,50690.9,50690.0,50693.0,50684.0,50690.0,50694.0,50694.0,50692.0,50688.0,50690.0,50694.0
5053,50690.9,50690.0,50693.0,50684.0,50690.0,50694.0,50694.0,50692.0,50688.0,50690.0,50694.0
5054,50690.9,50690.0,50693.0,50684.0,50690.0,50694.0,50694.0,50692.0,50688.0,50690.0,50694.0
5055,50690.9,50690.0,50693.0,50684.0,50690.0,50694.0,50694.0,50692.0,50688.0,50690.0,50694.0
5056,50690.9,50690.0,50693.0,50684.0,50690.0,50694.0,50694.0,50692.0,50688.0,50690.0,50694.0
5057,50690.9,50690.0,50693.0,50684.0,50690.0,50694.0,50694.0,50692.0,50688.0,50690.0,50694.0
5058,50690.9,50690.0,50693.0,50684.0,50690.0,50694.0,50694.0,50692.0,50688.0,50690.0,50694.0
5059,50690.9,50690.0,50693.0,50684.0,50690.0,50694.0,50694.0,50692.0,50688.0,50690.0,50694.0
5060,50690.9,50690.0,50693.0,50684.0,50690.0,50694.0,50694.0,50692.0,50688.0,50690.0,50694.0
5061,50690.9,50690.0,50693.0,50684.0,50690.0,50694.0,50694.0,50692.0,50688.0,50690.0,50694.0
5062,50690.9,50690.0,50693.0,50684.0,50690.0,50694.0,50694.0,50692.0,50688.0,50690.0,50694.0
5063,50690.9,50690.0,50693.0,50684.0,50690.0,50694.0,50694.0,50692.0,50688.0,50690.0,50694.0
5064,50690.9,50690.0,50693.0,50684.0,50690.0,50694.0,50694.0,50692.0,50688.0,50690.0,50694.0
5065,50690.9,50690.0,50693.0,50684.0,50690.0,50694.0,50694.0,50692.0,50688.0,50690.0,50694.0
5066,50690.9,50690.0,50693.0,50684.0,50690.0,50694.0,50694.0,50692.0,50688.0,50690.0,50694.0
5067,50690.9,50690.0,50693.0,50684.0,50690.0,50694.0,50694.0,50692.0,50688.0,50690.0,50694.0
5068,50690.9,50690.0,50693.0,50684.0,50690.0,50694.0,50694.0,50692.0,50688.0,50690.0,50694.0
5069,50690.9,50690.0,50693.0,50684.0,50690.0,50694.0,50694.0,50692.0,50688.0,50690.0,50694.0
5070,50690.9,50690.0,50693.0,50684.0,50690.0,50694.0,50694.0,50692.0,50688.0,50690.0,50694.0
5071,50690.9,50690.0,50693.0,50684.0,50690.0,50694.0,50694.0,50692.0,50688.0,50690.0,50694.0
5072,50690.9,50690.0,50693.0,50684.0,50690.0,50694.0,50694.0,50692.0,50688.0,50690.0,50694.0
5073,50690.9,50690.0,50693.0,50684.0,50690.0,50694.0,50694.0,50692.0,50688.0,50690.0,50694.0
5074,50690.9,50690.0,50693.0,50684.0,50690.0,50694.0,50694.0,50692.0,50688.0,50690.0,50694.0
5075,50690.9,50690.0,50693.0,50684.0,50690.0,50694.0,50694.0,50692.0,50688.0,50690.0,50694.0
5076,50690.9,50690.0,50693.0,50684.0,50690.0,50694.0,50694.0,50692.0,50688.0,50690.0,50694.0
5077,50690.9,50690.0,50693.0,50684.0,50690.0,50694.0,50694.0,50692.0,50688.0,50690.0,50694.0
5078,50690.9,50690.0,50693.0,50684.0,50690.0,50694.0,50694.0,50692.0,50688.0,50690.0,50694.0
5079,50690.9,50690.0,50693.0,50684.0,50690.0,50694.0,50694.0,50692.0,50688.0,50690.0,50694.0
5080,50690.9,50690.0,50693.0,50684.0,50690.0,50694.0,50694.0,50692.0,50688.0,50690.0,50694.0
5081,50690.9,50690.0,50693.0,50684.0,50690.0,50694.0,50694.0,50692.0,50688.0,50690.0,50694.0
5082,50690.9,50690.0,50693.0,50684.0,50690.0,50694.0,50694.0,50692.0,50688.0,50690.0,50694.0
5083,50690.9,50690.0,50693.0,50684.0,50690.0,50694.0,50694.0,50692.0,50688.0,50690.0,50694.0
5084,50690.9,50690.0,50693.0,50684.0,50690.0,50694.0,50694.0,50692.0,50688.0,50690.0,50694.0
5085,50690.9,50690.0,50693.0,50684.0,50690.0,50694.0,50694.0,50692.0,50688.0,50690.0,50694.0
5086,50690.9,50690.0,50693.0,50684.0,50690.0,50694.0,50694.0,50692.0,50688.0,50690.0,50694.0
5087,50690.9,50690.0,50693.0,50684.0,50690.0,50694.0,50694.0,50692.0,50688.0,50690.0,50694.0
5088,50690.9,50690.0,50693.0,50684.0,50690.0,50694.0,50694.0,50692.0,50688.0,50690.0,50694.0
5089,50690.9,50690.0,50693.0,50684.0,50690.0,50694.0,50694.0,50692.0,50688.0,50690.0,50694.0
5090,50690.9,50690.0,50693.0,50684.0,50690.0,50694.0,50694.0,50692.0,50688.0,50690.0,50694.0
5091,50690.9,50690.0,50693.0,50684.0,50690.0,50694.0,50694.0,50692.0,50688.0,50690.0,50694.0
5092,50690.9,50690.0,50693.0,50684.0,50690.0,50694.0,50694.0,50692.0,50688.0,50690.0,50694.0
5093,50690.9,50690.0,50693.0,50684.0,50690.0,50694.0,50694.0,50692.0,50688.0,50690.0,50694.0
5094,50690.9,50690.0,50693.0,50684.0,50690.0,50694.0,50694.0,50692.0,50688.0,50690.0,50694.0
5095,50690.9,50690.0,50693.0,50684.0,50690.0,50694.0,50694.0,50692.0,50688.0,50690.0,50694.0
5096,50690.9,50690.0,50693.0,50684.0,50690.0,50694.0,50694.0,50692.0,50688.0,50690.0,50694.0
5097,50690.9,50690.0,50693.0,50684.0,50690.0,50694.0,50694.0,50692.0,50688.0,50690.0,50694.0
5098,50690.9,50690.0,50693.0,50684.0,50690.0,50694.0,50694.0,50692.0,50688.0,50690.0,50694.0
5099,50690.9,50690.0,50693.0,50684.0,50690.0,50694.0,50694.0,50692.0,50688.0,50690.0,50694.0
5100,50690.9,50690.0,50693.0,50684.0,50690.0,50694.0,50694.0,50692.0,50688.0,50690.0,50694.0
5101,50690.9,50690.0,50693.0,50684.0,50690.0,50694.0,50694.0,50692.0,50688.0,50690.0,50694.0
5102,50690.9,50690.0,50693.0,50684.0,50690.0,50694.0,50694.0,50692.0,50688.0,50690.0,50694.0
5103,50690.9,50690.0,50693.0,50684.0,50690.0,50694.0,50694.0,50692.0,50688.0,50690.0,50694.0
5104,50690.9,50690.0,50693.0,50684.0,50690.0,50694.0,50694.0,50692.0,50688.0,50690.0,50694.0
5105,50690.9,50690.0,50693.0,50684.0,50690.0,50694.0,50694.0,50692.0,50688.0,50690.0,50694.0
5106,50690.9,50690.0,50693.0,50684.0,50690.0,50694.0,50694.0,50692.0,50688.0,50690.0,50694.0
5107,50690.9,50690.0,50693.0,50684.0,50690.0,50694.0,50694.0,50692.0,50688.0,50690.0,50694.0
5108,50690.9,50690.0,50693.0,50684.0,50690.0,50694.0,50694.0,50692.0,50688.0,50690.0,50694.0
5109,50690.9,50690.0,50693.0,50684.0,50690.0,50694.0,50694.0,50692.0,50688.0,50690.0,50694.0
5110,50690.9,50690.0,50693.0,50684.0,50690.0,50694.0,50694.0,50692.0,50688.0,50690.0,50694.0
5111,50690.9,50690.0,50693.0,50684.0,50690.0,50694.0,50694.0,50692.0,50688.0,50690.0,50694.0
5112,50690.9,50690.0,50693.0,50684.0,50690.0,50694.0,50694.0,50692.0,50688.0,50690.0,50694.0
5113,50690.9,50690.0,50693.0,50684.0,50690.0,50694.0,50694.0,50692.0,50688.0,50690.0,50694.0
5114,50690.9,50690.0,50693.0,50684.0,50690.0,50694.0,50694.0,50692.0,50688.0,50690.0,50694.0
5115,50690.9,50690.0,50693.0,50684.0,50690.0,50694.0,50694.0,50692.0,50688.0,50690.0,50694.0
5116,50690.9,50690.0,50693.0,50684.0,50690.0,50694.0,50694.0,50692.0,50688.0,50690.0,50694.0
5117,50690.9,50690.0,50693.0,50684.0,50690.0,50694.0,50694.0,50692.0,50688.0,50690.0,50694.0
5118,50690.9,50690.0,50693.0,50684.0,50690.0,50694.0,50694.0,50692.0,50688.0,50690.0,50694.0
5119,50690.9,50690.0,50693.0,50684.0,50690.0,50694.0,50694.0,50692.0,50688.0,50690.0,50694.0
5120,50690.9,50690.0,50693.0,50684.0,50690.0,50694.0,50694.0,50692.0,50688.0,50690.0,50694.0
5121,50690.9,50690.0,50693.0,50684.0,50690.0,50694.0,50694.0,50692.0,50688.0,50690.0,50694.0
5122,50690.9,50690.0,50693.0,50684.0,50690.0,50694.0,50694.0,50692.0,50688.0,50690.0,50694.0
5123,50690.9,50690.0,50693.0,50684.0,50690.0,50694.0,50694.0,50692.0,50688.0,50690.0,50694.0
5124,50690.9,50690.0,50693.0,50684.0,50690.0,50694.0,50694.0,50692.0,50688.0,50690.0,50694.0
5125,50690.9,50690.0,50693.0,50684.0,50690.0,50694.0,50694.0,50692.0,50688.0,50690.0,50694.0
5126,50690.9,50690.0,50693.0,50684.0,50690.0,50694.0,50694.0,50692.0,50688.0,50690.0,50694.0
5127,50690.9,50690.0,50693.0,50684.0,50690.0,50694.0,50694.0,50692.0,50688.0,50690.0,50694.0
5128,50690.9,50690.0,50693.0,50684.0,50690.0,50694.0,50694.0,50692.0,50688.0,50690.0,50694.0
5129,50690.9,50690.0,50693.0,50684.0,50690.0,50694.0,50694.0,50692.0,50688.0,50690.0,50694.0
5130,50690.9,50690.0,50693.0,50684.0,50690.0,50694.0,50694.0,50692.0,50688.0,50690.0,50694.0
5131,50690.9,50690.0,50693.0,50684.0,50690.0,50694.0,50694.0,50692.0,50688.0,50690.0,50694.0
5132,50690.9,50690.0,50693.0,50684.0,50690.0,50694.0,50694.0,50692.0,50688.0,50690.0,50694.0
5133,50690.9,50690.0,50693.0,50684.0,50690.0,50694.0,50694.0,50692.0,50688.0,50690.0,50694.0
5134,50690.9,50690.0,50693.0,50684.0,50690.0,50694.0,50694.0,50692.0,50688.0,50690.0,50694.0
5135,50690.9,50690.0,50693.0,50684.0,50690.0,50694.0,50694.0,50692.0,50688.0,50690.0,50694.0
5136,50690.9,50690.0,50693.0,50684.0,50690.0,50694.0,50694.0,50692.0,50688.0,50690.0,50694.0
5137,50690.9,50690.0,50693.0,50684.0,50690.0,50694.0,50694.0,50692.0,50688.0,50690.0,50694.0
5138,50690.9,50690.0,50693.0,50684.0,50690.0,50694.0,50694.0,50692.0,50688.0,50690.0,50694.0
5139,50690.9,50690.0,50693.0,50684.0,50690.0,50694.0,50694.0,50692.0,50688.0,50690.0,50694.0
5140,50690.9,50690.0,50693.0,50684.0,50690.0,50694.0,50694.0,50692.0,50688.0,50690.0,50694.0
5141,50690.9,50690.0,50693.0,50684.0,50690.0,50694.0,50694.0,50692.0,50688.0,50690.0,50694.0
5142,50690.9,50690.0,50693.0,50684.0,50690.0,50694.0,50694.0,50692.0,50688.0,50690.0,50694.0
5143,50690.9,50690.0,50693.0,50684.0,50690.0,50694.0,50694.0,50692.0,50688.0,50690.0,50694.0
5144,50690.9,50690.0,50693.0,50684.0,50690.0,50694.0,50694.0,50692.0,50688.0,50690.0,50694.0
5145,50690.9,50690.0,50693.0,50684.0,50690.0,50694.0,50694.0,50692.0,50688.0,50690.0,50694.0
5146,50690.9,50690.0,50693.0,50684.0,50690.0,50694.0,50694.0,50692.0,50688.0,50690.0,50694.0
5147,50690.9,50690.0,50693.0,50684.0,50690.0,50694.0,50694.0,50692.0,50688.0,50690.0,50694.0
5148,50690.9,50690.0,50693.0,50684.0,50690.0,50694.0,50694.0,50692.0,50688.0,50690.0,50694.0
5149,50690.9,50690.0,50693.0,50684.0,50690.0,50694.0,50694.0,50692.0,50688.0,50690.0,50694.0
5150,50690.9,50690.0,50693.0,50684.0,50690.0,50694.0,50694.0,50692.0,50688.0,50690.0,50694.0
5151,50690.9,50690.0,50693.0,50684.0,50690.0,50694.0,50694.0,50692.0,50688.0,50690.0,50694.0
5152,50690.9,50690.0,50693.0,50684.0,50690.0,50694.0,50694.0,50692.0,50688.0,50690.0,50694.0
5153,50690.9,50690.0,50693.0,50684.0,50690.0,50694.0,50694.0,50692.0,50688.0,50690.0,50694.0
5154,50690.9,50690.0,50693.0,50684.0,50690.0,50694.0,50694.0,50692.0,50688.0,50690.0,50694.0
5155,50690.9,50690.0,50693.0,50684.0,50690.0,50694.0,50694.0,50692.0,50688.0,50690.0,50694.0
5156,50690.9,50690.0,50693.0,50684.0,50690.0,50694.0,50694.0,50692.0,50688.0,50690.0,50694.0
5157,50690.9,50690.0,50693.0,50684.0,50690.0,50694.0,50694.0,50692.0,50688.0,50690.0,50694.0
5158,50690.9,50690.0,50693.0,50684.0,50690.0,50694.0,50694.0,50692.0,50688.0,50690.0,50694.0
5159,50690.9,50690.0,50693.0,50684.0,50690.0,50694.0,50694.0,50692.0,50688.0,50690.0,50694.0
5160,50690.9,50690.0,50693.0,50684.0,50690.0,50694.0,50694.0,50692.0,50688.0,50690.0,50694.0
5161,50690.9,50690.0,50693.0,50684.0,50690.0,50694.0,50694.0,50692.0,50688.0,50690.0,50694.0
5162,50690.9,50690.0,50693.0,50684.0,50690.0,50694.0,50694.0,50692.0,50688.0,50690.0,50694.0
5163,50690.9,50690.0,50693.0,50684.0,50690.0,50694.0,50694.0,50692.0,50688.0,50690.0,50694.0
5164,50690.9,50690.0,50693.0,50684.0,50690.0,50694.0,50694.0,50692.0,50688.0,50690.0,50694.0
5165,50690.9,50690.0,50693.0,50684.0,50690.0,50694.0,50694.0,50692.0,50688.0,50690.0,50694.0
5166,50690.9,50690.0,50693.0,50684.0,50690.0,50694.0,50694.0,50692.0,50688.0,50690.0,50694.0
5167,50690.9,50690.0,50693.0,50684.0,50690.0,50694.0,50694.0,50692.0,50688.0,50690.0,50694.0
5168,50690.9,50690.0,50693.0,50684.0,50690.0,50694.0,50694.0,50692.0,50688.0,50690.0,50694.0
5169,50690.9,50690.0,50693.0,50684.0,50690.0,50694.0,50694.0,50692.0,50688.0,50690.0,50694.0
5170,50690.9,50690.0,50693.0,50684.0,50690.0,50694.0,50694.0,50692.0,50688.0,50690.0,50694.0
5171,50690.9,50690.0,50693.0,50684.0,50690.0,50694.0,50694.0,50692.0,50688.0,50690.0,50694.0
5172,50690.9,50690.0,50693.0,50684.0,50690.0,50694.0,50694.0,50692.0,50688.0,50690.0,50694.0
5173,50690.9,50690.0,50693.0,50684.0,50690.0,50694.0,50694.0,50692.0,50688.0,50690.0,50694.0
5174,50690.9,50690.0,50693.0,50684.0,50690.0,50694.0,50694.0,50692.0,50688.0,50690.0,50694.0
5175,50690.9,50690.0,50693.0,50684.0,50690.0,50694.0,50694.0,50692.0,50688.0,50690.0,50694.0
5176,50690.9,50690.0,50693.0,50684.0,50690.0,50694.0,50694.0,50692.0,50688.0,50690.0,50694.0
5177,50690.9,50690.0,50693.0,50684.0,50690.0,50694.0,50694.0,50692.0,50688.0,50690.0,50694.0
5178,50690.9,50690.0,50693.0,50684.0,50690.0,50694.0,50694.0,50692.0,50688.0,50690.0,50694.0
5179,50690.9,50690.0,50693.0,50684.0,50690.0,50694.0,50694.0,50692.0,50688.0,50690.0,50694.0
5180,50690.9,50690.0,50693.0,50684.0,50690.0,50694.0,50694.0,50692.0,50688.0,50690.0,50694.0
5181,50690.9,50690.0,50693.0,50684.0,50690.0,50694.0,50694.0,50692.0,50688.0,50690.0,50694.0
5182,50690.9,50690.0,50693.0,50684.0,50690.0,50694.0,50694.0,50692.0,50688.0,50690.0,50694.0
5183,50690.9,50690.0,50693.0,50684.0,50690.0,50694.0,50694.0,50692.0,50688.0,50690.0,50694.0
5184,50690.9,50690.0,50693.0,50684.0,50690.0,50694.0,50694.0,50692.0,50688.0,50690.0,50694.0
5185,50690.9,50690.0,50693.0,50684.0,50690.0,50694.0,50694.0,50692.0,50688.0,50690.0,50694.0
5186,50690.9,50690.0,50693.0,50684.0,50690.0,50694.0,50694.0,50692.0,50688.0,50690.0,50694.0
5187,50690.9,50690.0,50693.0,50684.0,50690.0,50694.0,50694.0,50692.0,50688.0,50690.0,50694.0
5188,50690.9,50690.0,50693.0,50684.0,50690.0,50694.0,50694.0,50692.0,50688.0,50690.0,50694.0
5189,50690.9,50690.0,50693.0,50684.0,50690.0,50694.0,50694.0,50692.0,50688.0,50690.0,50694.0
5190,50690.9,50690.0,50693.0,50684.0,50690.0,50694.0,50694.0,50692.0,50688.0,50690.0,50694.0
5191,50690.9,50690.0,50693.0,50684.0,50690.0,50694.0,50694.0,50692.0,50688.0,50690.0,50694.0
5192,50690.9,50690.0,50693.0,50684.0,50690.0,50694.0,50694.0,50692.0,50688.0,50690.0,50694.0
5193,50690.9,50690.0,50693.0,50684.0,50690.0,50694.0,50694.0,50692.0,50688.0,50690.0,50694.0
5194,50690.9,50690.0,50693.0,50684.0,50690.0,50694.0,50694.0,50692.0,50688.0,50690.0,50694.0
5195,50690.9,50690.0,50693.0,50684.0,50690.0,50694.0,50694.0,50692.0,50688.0,50690.0,50694.0
5196,50690.9,50690.0,50693.0,50684.0,50690.0,50694.0,50694.0,50692.0,50688.0,50690.0,50694.0
5197,50690.9,50690.0,50693.0,50684.0,50690.0,50694.0,50694.0,50692.0,50688.0,50690.0,50694.0
5198,50690.9,50690.0,50693.0,50684.0,50690.0,50694.0,50694.0,50692.0,50688.0,50690.0,50694.0
5199,50690.9,50690.0,50693.0,50684.0,50690.0,50694.0,50694.0,50692.0,50688.0,50690.0,50694.0
5200,50690.9,50690.0,50693.0,50684.0,50690.0,50694.0,50694.0,50692.0,50688.0,50690.0,50694.0
5201,50690.9,50690.0,50693.0,50684.0,50690.0,50694.0,50694.0,50692.0,50688.0,50690.0,50694.0
5202,50690.9,50690.0,50693.0,50684.0,50690.0,50694.0,50694.0,50692.0,50688.0,50690.0,50694.0
5203,50690.9,50690.0,50693.0,50684.0,50690.0,50694.0,50694.0,50692.0,50688.0,50690.0,50694.0
5204,50690.9,50690.0,50693.0,50684.0,50690.0,50694.0,50694.0,50692.0,50688.0,50690.0,50694.0
5205,50690.9,50690.0,50693.0,50684.0,50690.0,50694.0,50694.0,50692.0,50688.0,50690.0,50694.0
5206,50690.9,50690.0,50693.0,50684.0,50690.0,50694.0,50694.0,50692.0,50688.0,50690.0,50694.0
5207,50690.9,50690.0,50693.0,50684.0,50690.0,50694.0,50694.0,50692.0,50688.0,50690.0,50694.0
5208,50690.9,50690.0,50693.0,50684.0,50690.0,50694.0,50694.0,50692.0,50688.0,50690.0,50694.0
5209,50690.9,50690.0,50693.0,50684.0,50690.0,50694.0,50694.0,50692.0,50688.0,50690.0,50694.0
5210,50690.9,50690.0,50693.0,50684.0,50690.0,50694.0,50694.0,50692.0,50688.0,50690.0,50694.0
5211,50690.9,50690.0,50693.0,50684.0,50690.0,50694.0,50694.0,50692.0,50688.0,50690.0,50694.0
5212,50690.9,50690.0,50693.0,50684.0,50690.0,50694.0,50694.0,50692.0,50688.0,50690.0,50694.0
5213,50690.9,50690.0,50693.0,50684.0,50690.0,50694.0,50694.0,50692.0,50688.0,50690.0,50694.0
5214,50690.9,50690.0,50693.0,50684.0,50690.0,50694.0,50694.0,50692.0,50688.0,50690.0,50694.0
5215,50690.9,50690.0,50693.0,50684.0,50690.0,50694.0,50694.0,50692.0,50688.0,50690.0,50694.0
5216,50690.9,50690.0,50693.0,50684.0,50690.0,50694.0,50694.0,50692.0,50688.0,50690.0,50694.0
5217,50690.9,50690.0,50693.0,50684.0,50690.0,50694.0,50694.0,50692.0,50688.0,50690.0,50694.0
5218,50690.9,50690.0,50693.0,50684.0,50690.0,50694.0,50694.0,50692.0,50688.0,50690.0,50694.0
5219,50690.9,50690.0,50693.0,50684.0,50690.0,50694.0,50694.0,50692.0,50688.0,50690.0,50694.0
5220,50690.9,50690.0,50693.0,50684.0,50690.0,50694.0,50694.0,50692.0,50688.0,50690.0,50694.0
5221,50690.9,50690.0,50693.0,50684.0,50690.0,50694.0,50694.0,50692.0,50688.0,50690.0,50694.0
5222,50690.9,50690.0,50693.0,50684.0,50690.0,50694.0,50694.0,50692.0,50688.0,50690.0,50694.0
5223,50690.9,50690.0,50693.0,50684.0,50690.0,50694.0,50694.0,50692.0,50688.0,50690.0,50694.0
5224,50690.9,50690.0,50693.0,50684.0,50690.0,50694.0,50694.0,50692.0,50688.0,50690.0,50694.0
5225,50690.9,50690.0,50693.0,50684.0,50690.0,50694.0,50694.0,50692.0,50688.0,50690.0,50694.0
5226,50690.9,50690.0,50693.0,50684.0,50690.0,50694.0,50694.0,50692.0,50688.0,50690.0,50694.0
5227,50690.9,50690.0,50693.0,50684.0,50690.0,50694.0,50694.0,50692.0,50688.0,50690.0,50694.0
5228,50690.9,50690.0,50693.0,50684.0,50690.0,50694.0,50694.0,50692.0,50688.0,50690.0,50694.0
5229,50690.9,50690.0,50693.0,50684.0,50690.0,50694.0,50694.0,50692.0,50688.0,50690.0,50694.0
5230,50690.9,50690.0,50693.0,50684.0,50690.0,50694.0,50694.0,50692.0,50688.0,50690.0,50694.0
5231,50690.9,50690.0,50693.0,50684.0,50690.0,50694.0,50694.0,50692.0,50688.0,50690.0,50694.0
5232,50690.9,50690.0,50693.0,50684.0,50690.0,50694.0,50694.0,50692.0,50688.0,50690.0,50694.0
5233,50690.9,50690.0,50693.0,50684.0,50690.0,50694.0,50694.0,50692.0,50688.0,50690.0,50694.0
5234,50690.9,50690.0,50693.0,50684.0,50690.0,50694.0,50694.0,50692.0,50688.0,50690.0,50694.0
5235,50690.9,50690.0,50693.0,50684.0,50690.0,50694.0,50694.0,50692.0,50688.0,50690.0,50694.0
5236,50690.9,50690.0,50693.0,50684.0,50690.0,50694.0,50694.0,50692.0,50688.0,50690.0,50694.0
5237,50690.9,50690.0,50693.0,50684.0,50690.0,50694.0,50694.0,50692.0,50688.0,50690.0,50694.0
5238,50690.9,50690.0,50693.0,50684.0,50690.0,50694.0,50694.0,50692.0,50688.0,50690.0,50694.0
5239,50690.9,50690.0,50693.0,50684.0,50690.0,50694.0,50694.0,50692.0,50688.0,50690.0,50694.0
5240,50690.9,50690.0,50693.0,50684.0,50690.0,50694.0,50694.0,50692.0,50688.0,50690.0,50694.0
5241,50690.9,50690.0,50693.0,50684.0,50690.0,50694.0,50694.0,50692.0,50688.0,50690.0,50694.0
5242,50690.9,50690.0,50693.0,50684.0,50690.0,50694.0,50694.0,50692.0,50688.0,50690.0,50694.0
5243,50690.9,50690.0,50693.0,50684.0,50690.0,50694.0,50694.0,50692.0,50688.0,50690.0,50694.0
5244,50690.9,50690.0,50693.0,50684.0,50690.0,50694.0,50694.0,50692.0,50688.0,50690.0,50694.0
5245,50690.9,50690.0,50693.0,50684.0,50690.0,50694.0,50694.0,50692.0,50688.0,50690.0,50694.0
5246,50690.9,50690.0,50693.0,50684.0,50690.0,50694.0,50694.0,50692.0,50688.0,50690.0,50694.0
5247,50690.9,50690.0,50693.0,50684.0,50690.0,50694.0,50694.0,50692.0,50688.0,50690.0,50694.0
5248,50690.9,50690.0,50693.0,50684.0,50690.0,50694.0,50694.0,50692.0,50688.0,50690.0,50694.0
5249,50690.9,50690.0,50693.0,50684.0,50690.0,50694.0,50694.0,50692.0,50688.0,50690.0,50694.0
5250,50690.9,50690.0,50693.0,50684.0,50690.0,50694.0,50694.0,50692.0,50688.0,50690.0,50694.0
5251,50690.9,50690.0,50693.0,50684.0,50690.0,50694.0,50694.0,50692.0,50688.0,50690.0,50694.0
5252,50690.9,50690.0,50693.0,50684.0,50690.0,50694.0,50694.0,50692.0,50688.0,50690.0,50694.0
5253,50690.9,50690.0,50693.0,50684.0,50690.0,50694.0,50694.0,50692.0,50688.0,50690.0,50694.0
5254,50690.9,50690.0,50693.0,50684.0,50690.0,50694.0,50694.0,50692.0,50688.0,50690.0,50694.0
5255,50690.9,50690.0,50693.0,50684.0,50690.0,50694.0,50694.0,50692.0,50688.0,50690.0,50694.0
5256,50690.9,50690.0,50693.0,50684.0,50690.0,50694.0,50694.0,50692.0,50688.0,50690.0,50694.0
5257,50690.9,50690.0,50693.0,50684.0,50690.0,50694.0,50694.0,50692.0,50688.0,50690.0,50694.0
5258,50690.9,50690.0,50693.0,50684.0,50690.0,50694.0,50694.0,50692.0,50688.0,50690.0,50694.0
5259,50690.9,50690.0,50693.0,50684.0,50690.0,50694.0,50694.0,50692.0,50688.0,50690.0,50694.0
5260,50690.9,50690.0,50693.0,50684.0,50690.0,50694.0,50694.0,50692.0,50688.0,50690.0,50694.0
5261,50690.9,50690.0,50693.0,50684.0,50690.0,50694.0,50694.0,50692.0,50688.0,50690.0,50694.0
5262,50690.9,50690.0,50693.0,50684.0,50690.0,50694.0,50694.0,50692.0,50688.0,50690.0,50694.0
5263,50690.9,50690.0,50693.0,50684.0,50690.0,50694.0,50694.0,50692.0,50688.0,50690.0,50694.0
5264,50690.9,50690.0,50693.0,50684.0,50690.0,50694.0,50694.0,50692.0,50688.0,50690.0,50694.0
5265,50690.9,50690.0,50693.0,50684.0,50690.0,50694.0,50694.0,50692.0,50688.0,50690.0,50694.0
5266,50690.9,50690.0,50693.0,50684.0,50690.0,50694.0,50694.0,50692.0,50688.0,50690.0,50694.0
5267,50690.9,50690.0,50693.0,50684.0,50690.0,50694.0,50694.0,50692.0,50688.0,50690.0,50694.0
5268,50690.9,50690.0,50693.0,50684.0,50690.0,50694.0,50694.0,50692.0,50688.0,50690.0,50694.0
5269,50690.9,50690.0,50693.0,50684.0,50690.0,50694.0,50694.0,50692.0,50688.0,50690.0,50694.0
5270,50690.9,50690.0,50693.0,50684.0,50690.0,50694.0,50694.0,50692.0,50688.0,50690.0,50694.0
5271,50690.9,50690.0,50693.0,50684.0,50690.0,50694.0,50694.0,50692.0,50688.0,50690.0,50694.0
5272,50690.9,50690.0,50693.0,50684.0,50690.0,50694.0,50694.0,50692.0,50688.0,50690.0,50694.0
5273,50690.9,50690.0,50693.0,50684.0,50690.0,50694.0,50694.0,50692.0,50688.0,50690.0,50694.0
5274,50690.9,50690.0,50693.0,50684.0,50690.0,50694.0,50694.0,50692.0,50688.0,50690.0,50694.0
5275,50690.9,50690.0,50693.0,50684.0,50690.0,50694.0,50694.0,50692.0,50688.0,50690.0,50694.0
5276,50690.9,50690.0,50693.0,50684.0,50690.0,50694.0,50694.0,50692.0,50688.0,50690.0,50694.0
5277,50690.9,50690.0,50693.0,50684.0,50690.0,50694.0,50694.0,50692.0,50688.0,50690.0,50694.0
5278,50690.9,50690.0,50693.0,50684.0,50690.0,50694.0,50694.0,50692.0,50688.0,50690.0,50694.0
5279,50690.9,50690.0,50693.0,50684.0,50690.0,50694.0,50694.0,50692.0,50688.0,50690.0,50694.0
5280,50690.9,50690.0,50693.0,50684.0,50690.0,50694.0,50694.0,50692.0,50688.0,50690.0,50694.0
