avaliacao,SA Original,SA Variação 1,SA Variação 2
0,33833.0,33833.0,33833.0
1,33876.5,33859.0,33894.0
2,33876.5,33859.0,33894.0
3,33907.0,33920.0,33894.0
4,33917.0,33920.0,33914.0
5,33917.0,33920.0,33914.0
6,33917.0,33920.0,33914.0
7,33917.0,33920.0,33914.0
8,34002.0,33920.0,34084.0
9,34002.0,33920.0,34084.0
10,34002.0,33920.0,34084.0
11,34002.0,33920.0,34084.0
12,34044.0,33920.0,34168.0
13,34044.0,33920.0,34168.0
14,34055.0,33920.0,34190.0
15,34055.0,33920.0,34190.0
16,34112.5,33920.0,34305.0
17,34169.0,34033.0,34305.0
18,34169.0,34033.0,34305.0
19,34197.0,34033.0,34361.0
20,34255.5,34033.0,34478.0
21,34255.5,34033.0,34478.0
22,34255.5,34033.0,34478.0
23,34255.5,34033.0,34478.0
24,34261.0,34033.0,34489.0
25,34261.0,34033.0,34489.0
26,34359.0,34033.0,34685.0
27,34359.0,34033.0,34685.0
28,34455.0,34033.0,34877.0
29,34455.0,34033.0,34877.0
30,34455.0,34033.0,34877.0
31,34455.0,34033.0,34877.0
32,34455.0,34033.0,34877.0
33,34455.0,34033.0,34877.0
34,34455.0,34033.0,34877.0
35,34455.0,34033.0,34877.0
36,34496.0,34033.0,34959.0
37,34496.0,34033.0,34959.0
38,34514.0,34069.0,34959.0
39,34514.0,34069.0,34959.0
40,34581.0,34203.0,34959.0
41,34581.0,34203.0,34959.0
42,34581.0,34203.0,34959.0
43,34581.0,34203.0,34959.0
44,34581.0,34203.0,34959.0
45,34581.0,34203.0,34959.0
46,34581.0,34203.0,34959.0
47,34581.0,34203.0,34959.0
48,34600.5,34242.0,34959.0
49,34600.5,34242.0,34959.0
50,34665.5,34372.0,34959.0
51,34677.5,34372.0,34983.0
52,34677.5,34372.0,34983.0
53,34677.5,34372.0,34983.0
54,34769.5,34556.0,34983.0
55,34893.0,34619.0,35167.0
56,34893.0,34619.0,35167.0
57,34893.0,34619.0,35167.0
58,34893.0,34619.0,35167.0
59,34893.0,34619.0,35167.0
60,34915.0,34663.0,35167.0
61,34988.5,34810.0,35167.0
62,34992.0,34810.0,35174.0
63,35016.5,34859.0,35174.0
64,35058.5,34899.0,35218.0
65,35146.5,34899.0,35394.0
66,35183.5,34973.0,35394.0
67,35270.5,35147.0,35394.0
68,35270.5,35147.0,35394.0
69,35270.5,35147.0,35394.0
70,35295.0,35196.0,35394.0
71,35354.0,35314.0,35394.0
72,35377.5,35314.0,35441.0
73,35444.0,35331.0,35557.0
74,35471.0,35385.0,35557.0
75,35477.5,35398.0,35557.0
76,35477.5,35398.0,35557.0
77,35478.0,35399.0,35557.0
78,35478.0,35399.0,35557.0
79,35494.5,35432.0,35557.0
80,35528.5,35432.0,35625.0
81,35600.0,35432.0,35768.0
82,35600.0,35432.0,35768.0
83,35600.0,35432.0,35768.0
84,35600.0,35432.0,35768.0
85,35600.0,35432.0,35768.0
86,35600.0,35432.0,35768.0
87,35643.5,35519.0,35768.0
88,35643.5,35519.0,35768.0
89,35691.0,35532.0,35850.0
90,35873.5,35687.0,36060.0
91,35975.5,35687.0,36264.0
92,35978.5,35693.0,36264.0
93,35978.5,35693.0,36264.0
94,35978.5,35693.0,36264.0
95,36030.5,35693.0,36368.0
96,36030.5,35693.0,36368.0
97,36043.5,35693.0,36394.0
98,36043.5,35693.0,36394.0
99,36046.0,35693.0,36399.0
100,36046.0,35693.0,36399.0
101,36046.0,35693.0,36399.0
102,36046.0,35693.0,36399.0
103,36076.0,35693.0,36459.0
104,36112.5,35698.0,36527.0
105,36193.0,35859.0,36527.0
106,36295.5,36030.0,36561.0
107,36295.5,36030.0,36561.0
108,36315.5,36030.0,36601.0
109,36387.0,36173.0,36601.0
110,36396.0,36191.0,36601.0
111,36396.0,36191.0,36601.0
112,36516.0,36275.0,36757.0
113,36527.5,36298.0,36757.0
114,36662.0,36430.0,36894.0
115,36763.0,36546.0,36980.0
116,36773.5,36567.0,36980.0
117,36882.5,36741.0,37024.0
118,36946.0,36741.0,37151.0
119,36975.5,36741.0,37210.0
120,37078.5,36751.0,37406.0
121,37078.5,36751.0,37406.0
122,37109.0,36794.0,37424.0
123,37123.0,36794.0,37452.0
124,37291.5,36928.0,37655.0
125,37310.0,36928.0,37692.0
126,37318.5,36928.0,37709.0
127,37318.5,36928.0,37709.0
128,37324.0,36928.0,37720.0
129,37324.0,36928.0,37720.0
130,37324.0,36928.0,37720.0
131,37350.0,36980.0,37720.0
132,37437.5,37155.0,37720.0
133,37437.5,37155.0,37720.0
134,37442.5,37165.0,37720.0
135,37514.5,37225.0,37804.0
136,37539.5,37275.0,37804.0
137,37539.5,37275.0,37804.0
138,37550.5,37275.0,37826.0
139,37550.5,37275.0,37826.0
140,37550.5,37275.0,37826.0
141,37550.5,37275.0,37826.0
142,37550.5,37275.0,37826.0
143,37550.5,37275.0,37826.0
144,37552.5,37275.0,37830.0
145,37584.5,37275.0,37894.0
146,37584.5,37275.0,37894.0
147,37584.5,37275.0,37894.0
148,37584.5,37275.0,37894.0
149,37584.5,37275.0,37894.0
150,37617.5,37341.0,37894.0
151,37617.5,37341.0,37894.0
152,37681.5,37469.0,37894.0
153,37716.0,37538.0,37894.0
154,37716.0,37538.0,37894.0
155,37741.5,37538.0,37945.0
156,37741.5,37538.0,37945.0
157,37833.0,37721.0,37945.0
158,37833.0,37721.0,37945.0
159,37837.0,37729.0,37945.0
160,37837.0,37729.0,37945.0
161,37975.0,37850.0,38100.0
162,37975.0,37850.0,38100.0
163,37989.0,37878.0,38100.0
164,38057.0,37976.0,38138.0
165,38092.5,37976.0,38209.0
166,38226.5,38149.0,38304.0
167,38300.0,38149.0,38451.0
168,38352.5,38254.0,38451.0
169,38393.5,38336.0,38451.0
170,38398.5,38346.0,38451.0
171,38398.5,38346.0,38451.0
172,38451.0,38428.0,38474.0
173,38488.0,38453.0,38523.0
174,38488.0,38453.0,38523.0
175,38488.0,38453.0,38523.0
176,38496.0,38469.0,38523.0
177,38496.0,38469.0,38523.0
178,38555.5,38469.0,38642.0
179,38593.0,38469.0,38717.0
180,38598.5,38480.0,38717.0
181,38598.5,38480.0,38717.0
182,38598.5,38480.0,38717.0
183,38598.5,38480.0,38717.0
184,38633.5,38480.0,38787.0
185,38685.0,38497.0,38873.0
186,38685.0,38497.0,38873.0
187,38685.0,38497.0,38873.0
188,38685.0,38497.0,38873.0
189,38685.0,38497.0,38873.0
190,38685.0,38497.0,38873.0
191,38722.5,38497.0,38948.0
192,38722.5,38497.0,38948.0
193,38722.5,38497.0,38948.0
194,38722.5,38497.0,38948.0
195,38807.5,38497.0,39118.0
196,38888.5,38632.0,39118.0
197,38888.5,38632.0,39118.0
198,38977.5,38632.0,39296.0
199,38988.5,38632.0,39318.0
200,38988.5,38632.0,39318.0
201,39008.5,38632.0,39358.0
202,39091.5,38692.0,39464.0
203,39114.5,38692.0,39510.0
204,39233.0,38692.0,39747.0
205,39269.5,38701.0,39811.0
206,39269.5,38701.0,39811.0
207,39269.5,38701.0,39811.0
208,39269.5,38701.0,39811.0
209,39269.5,38701.0,39811.0
210,39282.5,38727.0,39811.0
211,39286.5,38735.0,39811.0
212,39330.5,38735.0,39811.0
213,39352.0,38735.0,39811.0
214,39352.0,38735.0,39811.0
215,39352.0,38752.0,39811.0
216,39360.5,38752.0,39811.0
217,39360.5,38752.0,39811.0
218,39360.5,38827.0,39811.0
219,39398.0,38827.0,39811.0
220,39398.0,38827.0,39811.0
221,39398.0,38827.0,39811.0
222,39398.0,38827.0,39811.0
223,39398.0,38827.0,39811.0
224,39398.0,38827.0,39811.0
225,39398.0,38827.0,39811.0
226,39398.0,38827.0,39811.0
227,39398.0,38827.0,39811.0
228,39398.0,38827.0,39811.0
229,39398.0,38827.0,39811.0
230,39398.0,38827.0,39811.0
231,39415.5,38827.0,39846.0
232,39470.5,38827.0,39956.0
233,39539.0,38827.0,40093.0
234,39539.0,38827.0,40093.0
235,39546.5,38827.0,40108.0
236,39546.5,38827.0,40108.0
237,39546.5,38827.0,40108.0
238,39546.5,38827.0,40108.0
239,39553.5,38827.0,40122.0
240,39553.5,38827.0,40122.0
241,39574.0,38827.0,40163.0
242,39574.0,38827.0,40163.0
243,39598.5,38936.0,40163.0
244,39660.0,38936.0,40163.0
245,39660.0,39036.0,40163.0
246,39727.5,39183.0,40198.0
247,39856.0,39183.0,40308.0
248,39934.0,39183.0,40464.0
249,39934.0,39187.0,40464.0
250,39936.0,39187.0,40464.0
251,39936.0,39187.0,40464.0
252,39936.0,39356.0,40464.0
253,40020.5,39376.0,40464.0
254,40142.5,39395.0,40560.0
255,40152.0,39395.0,40560.0
256,40231.5,39395.0,40719.0
257,40287.0,39395.0,40830.0
258,40287.0,39395.0,40830.0
259,40287.0,39483.0,40830.0
260,40403.5,39483.0,40975.0
261,40403.5,39499.0,40975.0
262,40411.5,39536.0,40975.0
263,40430.0,39536.0,40975.0
264,40430.0,39709.0,40975.0
265,40516.5,39709.0,40975.0
266,40516.5,39709.0,40975.0
267,40516.5,39709.0,40975.0
268,40516.5,39709.0,40975.0
269,40516.5,39709.0,40975.0
270,40516.5,39709.0,40975.0
271,40549.5,39709.0,41041.0
272,40651.0,39709.0,41244.0
273,40654.0,39709.0,41250.0
274,40654.0,39709.0,41250.0
275,40654.0,39709.0,41250.0
276,40654.0,39709.0,41250.0
277,40654.0,39709.0,41250.0
278,40725.0,39709.0,41392.0
279,40725.0,39709.0,41392.0
280,40725.0,39814.0,41392.0
281,40777.5,39814.0,41392.0
282,40777.5,39945.0,41392.0
283,40843.0,39945.0,41392.0
284,40920.5,39945.0,41547.0
285,40924.5,39945.0,41555.0
286,40924.5,40087.0,41555.0
287,41172.0,40087.0,41908.0
288,41172.0,40087.0,41908.0
289,41188.5,40106.0,41941.0
290,41198.0,40288.0,41941.0
291,41289.0,40288.0,41941.0
292,41318.0,40288.0,41999.0
293,41318.0,40288.0,41999.0
294,41318.0,40421.0,41999.0
295,41384.5,40439.0,41999.0
296,41393.5,40439.0,41999.0
297,41393.5,40439.0,41999.0
298,41454.5,40439.0,42121.0
299,41454.5,40439.0,42121.0
300,41454.5,40439.0,42121.0
301,41454.5,40439.0,42121.0
302,41454.5,40439.0,42121.0
303,41454.5,40439.0,42121.0
304,41545.0,40439.0,42302.0
305,41545.0,40441.0,42302.0
306,41546.0,40441.0,42302.0
307,41546.0,40499.0,42302.0
308,41575.0,40499.0,42302.0
309,41590.0,40564.0,42332.0
310,41622.5,40593.0,42332.0
311,41681.0,40636.0,42420.0
312,41773.5,40710.0,42562.0
313,41810.5,40831.0,42562.0
314,41871.0,40854.0,42562.0
315,41939.5,40863.0,42676.0
316,42036.5,40863.0,42861.0
317,42036.5,40989.0,42861.0
318,42104.0,40989.0,42870.0
319,42104.0,41001.0,42870.0
320,42110.0,41001.0,42870.0
321,42128.5,41115.0,42907.0
322,42185.5,41118.0,42907.0
323,42187.0,41118.0,42907.0
324,42187.0,41118.0,42907.0
325,42187.0,41146.0,42907.0
326,42201.0,41146.0,42907.0
327,42201.0,41196.0,42907.0
328,42226.0,41196.0,42907.0
329,42253.5,41196.0,42962.0
330,42253.5,41196.0,42962.0
331,42253.5,41196.0,42962.0
332,42253.5,41196.0,42962.0
333,42300.5,41196.0,43056.0
334,42448.5,41196.0,43352.0
335,42448.5,41196.0,43352.0
336,42448.5,41196.0,43352.0
337,42448.5,41196.0,43352.0
338,42448.5,41196.0,43352.0
339,42448.5,41311.0,43352.0
340,42547.5,41311.0,43435.0
341,42589.0,41333.0,43518.0
342,42600.0,41333.0,43518.0
343,42600.0,41370.0,43518.0
344,42618.5,41370.0,43518.0
345,42618.5,41370.0,43518.0
346,42618.5,41536.0,43518.0
347,42701.5,41720.0,43518.0
348,42793.5,41720.0,43518.0
349,42812.0,41720.0,43555.0
350,42812.0,41720.0,43555.0
351,42812.0,41720.0,43555.0
352,42812.0,41720.0,43555.0
353,42812.0,41720.0,43555.0
354,42812.0,41720.0,43555.0
355,42812.0,41720.0,43555.0
356,42812.0,41806.0,43555.0
357,42865.0,41806.0,43555.0
358,42865.0,41806.0,43555.0
359,42865.0,41806.0,43555.0
360,42865.0,41806.0,43555.0
361,42865.0,41806.0,43555.0
362,42865.0,41806.0,43555.0
363,42865.0,41806.0,43555.0
364,42865.0,41806.0,43555.0
365,42865.0,41806.0,43555.0
366,42865.0,41806.0,43555.0
367,43002.5,41806.0,43830.0
368,43002.5,41806.0,43830.0
369,43002.5,41806.0,43830.0
370,43002.5,41806.0,43830.0
371,43002.5,41806.0,43830.0
372,43002.5,41806.0,43830.0
373,43002.5,41806.0,43830.0
374,43002.5,41806.0,43830.0
375,43002.5,41806.0,43830.0
376,43002.5,41806.0,43830.0
377,43002.5,41806.0,43830.0
378,43002.5,41806.0,43830.0
379,43002.5,41806.0,43830.0
380,43002.5,41806.0,43830.0
381,43002.5,41806.0,43830.0
382,43002.5,41806.0,43830.0
383,43002.5,41806.0,43830.0
384,43002.5,41806.0,43830.0
385,43002.5,41806.0,43830.0
386,43002.5,41806.0,43830.0
387,43002.5,41806.0,43830.0
388,43002.5,41806.0,43830.0
389,43002.5,41809.0,43830.0
390,43004.0,41809.0,43830.0
391,43004.0,41809.0,43830.0
392,43004.0,41809.0,43830.0
393,43004.0,41809.0,43830.0
394,43004.0,41809.0,43830.0
395,43004.0,41809.0,43830.0
396,43004.0,41809.0,43830.0
397,43004.0,41809.0,43830.0
398,43004.0,41881.0,43830.0
399,43040.0,41919.0,43830.0
400,43059.0,41919.0,43830.0
401,43059.0,42031.0,43830.0
402,43115.0,42076.0,43830.0
403,43137.5,42076.0,43830.0
404,43137.5,42076.0,43830.0
405,43137.5,42214.0,43830.0
406,43206.5,42352.0,43830.0
407,43275.5,42422.0,43830.0
408,43310.5,42432.0,43830.0
409,43315.5,42447.0,43830.0
410,43323.0,42447.0,43830.0
411,43323.0,42447.0,43830.0
412,43323.0,42447.0,43830.0
413,43323.0,42447.0,43830.0
414,43323.0,42447.0,43830.0
415,43323.0,42447.0,43830.0
416,43323.0,42447.0,43830.0
417,43323.0,42447.0,43830.0
418,43323.0,42447.0,43830.0
419,43323.0,42447.0,43830.0
420,43323.0,42447.0,43830.0
421,43323.0,42447.0,43830.0
422,43326.0,42447.0,43836.0
423,43326.0,42447.0,43836.0
424,43429.5,42447.0,44043.0
425,43429.5,42447.0,44043.0
426,43429.5,42447.0,44043.0
427,43429.5,42447.0,44043.0
428,43429.5,42447.0,44043.0
429,43429.5,42447.0,44043.0
430,43429.5,42447.0,44043.0
431,43429.5,42447.0,44043.0
432,43429.5,42447.0,44043.0
433,43429.5,42447.0,44043.0
434,43498.5,42447.0,44181.0
435,43498.5,42447.0,44181.0
436,43540.5,42447.0,44265.0
437,43540.5,42447.0,44265.0
438,43545.5,42447.0,44275.0
439,43545.5,42447.0,44275.0
440,43658.0,42447.0,44500.0
441,43658.0,42447.0,44500.0
442,43658.0,42447.0,44500.0
443,43658.0,42447.0,44500.0
444,43658.0,42447.0,44500.0
445,43696.5,42447.0,44577.0
446,43696.5,42447.0,44577.0
447,43699.5,42447.0,44583.0
448,43699.5,42447.0,44583.0
449,43699.5,42447.0,44583.0
450,43699.5,42447.0,44583.0
451,43699.5,42447.0,44583.0
452,43699.5,42447.0,44583.0
453,43699.5,42447.0,44583.0
454,43699.5,42447.0,44583.0
455,43699.5,42447.0,44583.0
456,43699.5,42447.0,44583.0
457,43699.5,42447.0,44583.0
458,43699.5,42447.0,44583.0
459,43723.5,42447.0,44631.0
460,43723.5,42447.0,44631.0
461,43729.5,42447.0,44643.0
462,43729.5,42447.0,44643.0
463,43729.5,42447.0,44643.0
464,43798.0,42447.0,44780.0
465,43829.0,42447.0,44842.0
466,43849.0,42447.0,44882.0
467,43849.0,42447.0,44882.0
468,43849.0,42447.0,44882.0
469,43946.0,42447.0,45076.0
470,43946.0,42447.0,45076.0
471,43946.0,42447.0,45076.0
472,43946.0,42524.0,45076.0
473,43946.0,42534.0,45076.0
474,43946.0,42534.0,45076.0
475,43946.0,42617.0,45076.0
476,43946.0,42617.0,45076.0
477,43946.0,42639.0,45076.0
478,43946.0,42639.0,45076.0
479,43946.0,42639.0,45076.0
480,44007.5,42797.0,45076.0
481,44033.0,42848.0,45076.0
482,44033.0,42848.0,45076.0
483,44033.0,42848.0,45076.0
484,44033.0,42848.0,45076.0
485,44044.0,42870.0,45076.0
486,44118.0,43018.0,45076.0
487,44188.5,43061.0,45076.0
488,44188.5,43061.0,45076.0
489,44188.5,43061.0,45076.0
490,44188.5,43061.0,45076.0
491,44195.5,43061.0,45090.0
492,44206.5,43083.0,45090.0
493,44221.5,43108.0,45095.0
494,44237.0,43108.0,45126.0
495,44237.0,43108.0,45126.0
496,44237.0,43108.0,45126.0
497,44237.0,43108.0,45126.0
498,44358.5,43108.0,45369.0
499,44358.5,43108.0,45369.0
500,44358.5,43108.0,45369.0
501,44358.5,43108.0,45369.0
502,44368.0,43108.0,45388.0
503,44368.0,43108.0,45388.0
504,44406.5,43108.0,45465.0
505,44406.5,43108.0,45465.0
506,44433.0,43108.0,45518.0
507,44433.0,43108.0,45518.0
508,44433.0,43108.0,45518.0
509,44433.0,43108.0,45518.0
510,44479.5,43108.0,45611.0
511,44501.5,43108.0,45655.0
512,44545.5,43108.0,45655.0
513,44545.5,43108.0,45655.0
514,44545.5,43108.0,45655.0
515,44545.5,43108.0,45655.0
516,44550.5,43108.0,45655.0
517,44555.0,43108.0,45655.0
518,44555.0,43108.0,45655.0
519,44555.5,43108.0,45655.0
520,44555.5,43108.0,45655.0
521,44585.5,43161.0,45655.0
522,44585.5,43161.0,45655.0
523,44660.0,43219.0,45746.0
524,44660.0,43219.0,45746.0
525,44660.0,43219.0,45746.0
526,44680.5,43260.0,45746.0
527,44680.5,43260.0,45746.0
528,44724.0,43347.0,45746.0
529,44724.0,43347.0,45746.0
530,44748.0,43395.0,45746.0
531,44777.0,43395.0,45804.0
532,44806.0,43395.0,45804.0
533,44806.0,43395.0,45804.0
534,44851.5,43453.0,45804.0
535,44851.5,43453.0,45804.0
536,44851.5,43453.0,45804.0
537,44851.5,43453.0,45804.0
538,44851.5,43453.0,45804.0
539,44945.0,43453.0,45991.0
540,44945.0,43453.0,45991.0
541,44945.0,43453.0,45991.0
542,44977.0,43453.0,46055.0
543,44977.0,43453.0,46055.0
544,44989.0,43453.0,46079.0
545,44989.0,43453.0,46079.0
546,45042.0,43559.0,46079.0
547,45094.5,43664.0,46079.0
548,45160.0,43795.0,46079.0
549,45235.0,43945.0,46079.0
550,45235.0,43945.0,46079.0
551,45235.0,43945.0,46079.0
552,45235.0,43945.0,46079.0
553,45235.0,43945.0,46079.0
554,45235.0,43945.0,46079.0
555,45235.0,43945.0,46079.0
556,45235.0,43945.0,46079.0
557,45235.0,43945.0,46079.0
558,45235.0,43945.0,46079.0
559,45235.0,43945.0,46079.0
560,45235.0,43945.0,46079.0
561,45255.5,43945.0,46120.0
562,45255.5,43945.0,46120.0
563,45262.0,43945.0,46133.0
564,45262.0,43945.0,46133.0
565,45262.0,43945.0,46133.0
566,45262.0,43945.0,46133.0
567,45262.0,43945.0,46133.0
568,45262.0,43945.0,46133.0
569,45262.0,43945.0,46133.0
570,45262.0,43945.0,46133.0
571,45294.5,43945.0,46198.0
572,45294.5,43945.0,46198.0
573,45294.5,43945.0,46198.0
574,45294.5,43945.0,46198.0
575,45392.0,43945.0,46393.0
576,45392.0,43945.0,46393.0
577,45392.0,43945.0,46393.0
578,45392.0,43945.0,46393.0
579,45414.0,43945.0,46393.0
580,45417.0,43945.0,46399.0
581,45417.0,43945.0,46399.0
582,45530.0,43945.0,46625.0
583,45530.0,43945.0,46625.0
584,45530.0,43945.0,46625.0
585,45530.0,43945.0,46625.0
586,45530.0,43945.0,46625.0
587,45530.0,43945.0,46625.0
588,45530.0,43945.0,46625.0
589,45530.0,43945.0,46625.0
590,45530.0,43945.0,46625.0
591,45551.5,43945.0,46625.0
592,45551.5,43945.0,46625.0
593,45551.5,43945.0,46625.0
594,45551.5,43945.0,46625.0
595,45551.5,43945.0,46625.0
596,45551.5,43945.0,46625.0
597,45551.5,43945.0,46625.0
598,45551.5,43945.0,46625.0
599,45551.5,43945.0,46625.0
600,45551.5,43945.0,46625.0
601,45551.5,43945.0,46625.0
602,45596.0,44000.0,46625.0
603,45596.0,44046.0,46625.0
604,45596.0,44121.0,46625.0
605,45596.0,44121.0,46625.0
606,45681.5,44121.0,46625.0
607,45681.5,44121.0,46625.0
608,45681.5,44121.0,46625.0
609,45681.5,44121.0,46625.0
610,45753.5,44121.0,46625.0
611,45849.5,44121.0,46625.0
612,45849.5,44220.0,46625.0
613,45849.5,44384.0,46625.0
614,45849.5,44450.0,46625.0
615,45849.5,44467.0,46625.0
616,45849.5,44467.0,46625.0
617,45849.5,44467.0,46625.0
618,45849.5,44467.0,46625.0
619,45849.5,44467.0,46625.0
620,45849.5,44467.0,46625.0
621,45918.5,44467.0,46760.0
622,45918.5,44467.0,46760.0
623,45949.0,44467.0,46760.0
624,45949.0,44467.0,46760.0
625,45965.5,44467.0,46760.0
626,45965.5,44467.0,46760.0
627,45965.5,44467.0,46760.0
628,45965.5,44467.0,46760.0
629,45965.5,44467.0,46760.0
630,45965.5,44467.0,46760.0
631,45965.5,44467.0,46760.0
632,45999.5,44467.0,46828.0
633,45999.5,44467.0,46828.0
634,45999.5,44467.0,46828.0
635,45999.5,44467.0,46828.0
636,45999.5,44467.0,46828.0
637,46017.0,44467.0,46863.0
638,46078.5,44467.0,46863.0
639,46078.5,44467.0,46863.0
640,46078.5,44467.0,46863.0
641,46133.0,44467.0,46863.0
642,46153.5,44467.0,46863.0
643,46153.5,44467.0,46863.0
644,46153.5,44467.0,46863.0
645,46153.5,44467.0,46863.0
646,46153.5,44467.0,46863.0
647,46153.5,44467.0,46863.0
648,46157.0,44467.0,46863.0
649,46157.0,44470.0,46863.0
650,46165.0,44470.0,46879.0
651,46165.0,44470.0,46879.0
652,46165.0,44470.0,46879.0
653,46247.0,44555.0,47043.0
654,46271.0,44555.0,47043.0
655,46282.5,44555.0,47043.0
656,46289.5,44667.0,47043.0
657,46289.5,44667.0,47043.0
658,46289.5,44667.0,47043.0
659,46327.0,44667.0,47043.0
660,46327.0,44667.0,47043.0
661,46327.0,44667.0,47043.0
662,46327.0,44667.0,47043.0
663,46327.0,44785.0,47043.0
664,46327.0,44898.0,47043.0
665,46327.0,44898.0,47043.0
666,46327.0,44898.0,47043.0
667,46327.0,44898.0,47043.0
668,46327.0,44899.0,47043.0
669,46327.0,44899.0,47043.0
670,46327.0,44899.0,47043.0
671,46345.5,44899.0,47043.0
672,46364.0,44979.0,47043.0
673,46364.0,44979.0,47043.0
674,46364.0,45038.0,47043.0
675,46420.0,45038.0,47043.0
676,46420.0,45038.0,47043.0
677,46420.0,45057.0,47043.0
678,46420.0,45118.0,47043.0
679,46420.0,45155.0,47043.0
680,46420.0,45155.0,47043.0
681,46420.0,45155.0,47043.0
682,46420.0,45267.0,47043.0
683,46420.0,45267.0,47043.0
684,46438.5,45287.0,47043.0
685,46438.5,45287.0,47043.0
686,46439.0,45287.0,47043.0
687,46439.0,45287.0,47043.0
688,46439.0,45287.0,47043.0
689,46439.5,45287.0,47043.0
690,46463.0,45287.0,47043.0
691,46463.0,45287.0,47043.0
692,46558.0,45287.0,47043.0
693,46558.0,45287.0,47043.0
694,46558.0,45287.0,47043.0
695,46558.0,45294.0,47043.0
696,46558.0,45294.0,47043.0
697,46558.0,45294.0,47043.0
698,46558.0,45294.0,47043.0
699,46566.5,45294.0,47043.0
700,46566.5,45294.0,47043.0
701,46566.5,45294.0,47043.0
702,46566.5,45294.0,47043.0
703,46566.5,45295.0,47043.0
704,46580.5,45295.0,47071.0
705,46580.5,45295.0,47071.0
706,46656.0,45306.0,47222.0
707,46656.0,45306.0,47222.0
708,46670.0,45338.0,47222.0
709,46670.0,45338.0,47222.0
710,46682.0,45478.0,47222.0
711,46682.0,45478.0,47222.0
712,46682.0,45478.0,47222.0
713,46689.0,45478.0,47222.0
714,46692.5,45478.0,47222.0
715,46767.0,45478.0,47222.0
716,46767.0,45478.0,47222.0
717,46768.0,45478.0,47222.0
718,46768.0,45478.0,47222.0
719,46768.0,45478.0,47222.0
720,46797.0,45478.0,47222.0
721,46797.0,45478.0,47222.0
722,46797.0,45478.0,47222.0
723,46797.0,45569.0,47222.0
724,46799.0,45648.0,47222.0
725,46799.0,45797.0,47222.0
726,46815.0,45903.0,47222.0
727,46815.0,45903.0,47222.0
728,46815.0,45903.0,47222.0
729,46815.0,45903.0,47222.0
730,46815.0,46027.0,47222.0
731,46815.0,46027.0,47222.0
732,46815.0,46027.0,47222.0
733,46815.0,46088.0,47222.0
734,46815.0,46155.0,47222.0
735,46815.0,46155.0,47222.0
736,46815.0,46155.0,47222.0
737,46815.0,46299.0,47222.0
738,46851.0,46299.0,47292.0
739,46870.0,46360.0,47330.0
740,46870.0,46360.0,47330.0
741,46870.0,46360.0,47330.0
742,46870.0,46488.0,47330.0
743,46870.0,46488.0,47330.0
744,46870.0,46488.0,47330.0
745,46870.0,46488.0,47330.0
746,46870.0,46488.0,47330.0
747,46941.0,46488.0,47472.0
748,46941.0,46488.0,47472.0
749,46941.0,46488.0,47472.0
750,46941.0,46488.0,47472.0
751,46941.0,46488.0,47472.0
752,46941.0,46488.0,47472.0
753,46941.0,46488.0,47472.0
754,46966.5,46488.0,47472.0
755,46973.5,46488.0,47472.0
756,46973.5,46488.0,47472.0
757,47002.5,46488.0,47526.0
758,47002.5,46488.0,47526.0
759,47002.5,46488.0,47526.0
760,47002.5,46488.0,47526.0
761,47002.5,46488.0,47526.0
762,47002.5,46488.0,47526.0
763,47038.0,46488.0,47526.0
764,47048.5,46488.0,47526.0
765,47057.0,46488.0,47526.0
766,47057.0,46488.0,47526.0
767,47105.5,46488.0,47623.0
768,47105.5,46499.0,47623.0
769,47105.5,46503.0,47623.0
770,47105.5,46617.0,47623.0
771,47105.5,46617.0,47623.0
772,47105.5,46617.0,47623.0
773,47105.5,46667.0,47623.0
774,47105.5,46667.0,47623.0
775,47105.5,46667.0,47623.0
776,47127.0,46667.0,47666.0
777,47127.0,46749.0,47666.0
778,47127.0,46769.0,47666.0
779,47127.0,46769.0,47666.0
780,47127.0,46769.0,47666.0
781,47127.0,46769.0,47666.0
782,47127.0,46769.0,47666.0
783,47127.0,46769.0,47666.0
784,47127.0,46769.0,47666.0
785,47127.0,46769.0,47666.0
786,47179.5,46769.0,47771.0
787,47179.5,46769.0,47771.0
788,47179.5,46769.0,47771.0
789,47179.5,46769.0,47771.0
790,47179.5,46769.0,47771.0
791,47179.5,46769.0,47771.0
792,47179.5,46769.0,47771.0
793,47179.5,46769.0,47771.0
794,47222.0,46769.0,47828.0
795,47222.0,46769.0,47828.0
796,47222.0,46769.0,47828.0
797,47249.0,46769.0,47879.0
798,47249.0,46769.0,47879.0
799,47249.0,46769.0,47879.0
800,47249.0,46769.0,47879.0
801,47286.5,46769.0,47954.0
802,47286.5,46769.0,47954.0
803,47286.5,46769.0,47954.0
804,47286.5,46769.0,47954.0
805,47286.5,46769.0,47954.0
806,47286.5,46878.0,47954.0
807,47286.5,46878.0,47954.0
808,47286.5,46900.0,47954.0
809,47349.0,46900.0,47954.0
810,47380.0,46900.0,47963.0
811,47380.5,46900.0,47963.0
812,47396.5,46900.0,47963.0
813,47396.5,46900.0,47963.0
814,47396.5,46900.0,47963.0
815,47396.5,46900.0,47963.0
816,47474.0,46900.0,48053.0
817,47520.0,46900.0,48053.0
818,47520.0,46900.0,48053.0
819,47527.0,46900.0,48056.0
820,47527.0,46900.0,48056.0
821,47543.0,46900.0,48056.0
822,47634.0,46900.0,48102.0
823,47688.5,46933.0,48102.0
824,47688.5,46933.0,48102.0
825,47688.5,46933.0,48102.0
826,47688.5,46933.0,48102.0
827,47688.5,47037.0,48102.0
828,47688.5,47037.0,48102.0
829,47688.5,47037.0,48102.0
830,47688.5,47037.0,48102.0
831,47688.5,47037.0,48102.0
832,47688.5,47072.0,48102.0
833,47724.5,47208.0,48174.0
834,47724.5,47208.0,48174.0
835,47732.5,47208.0,48188.0
836,47732.5,47208.0,48188.0
837,47795.0,47208.0,48313.0
838,47795.5,47208.0,48313.0
839,47877.5,47208.0,48313.0
840,47877.5,47208.0,48313.0
841,47877.5,47208.0,48313.0
842,47909.0,47208.0,48313.0
843,47909.0,47208.0,48313.0
844,47909.0,47208.0,48313.0
845,47909.0,47208.0,48313.0
846,48000.5,47208.0,48313.0
847,48034.0,47208.0,48380.0
848,48034.0,47208.0,48380.0
849,48034.0,47208.0,48380.0
850,48034.0,47208.0,48380.0
851,48034.0,47208.0,48380.0
852,48056.0,47208.0,48424.0
853,48056.0,47208.0,48424.0
854,48056.0,47208.0,48424.0
855,48056.0,47208.0,48424.0
856,48056.0,47208.0,48424.0
857,48056.0,47208.0,48424.0
858,48056.0,47208.0,48424.0
859,48056.0,47208.0,48424.0
860,48056.0,47208.0,48424.0
861,48056.0,47208.0,48424.0
862,48056.0,47208.0,48424.0
863,48056.0,47208.0,48424.0
864,48056.0,47208.0,48424.0
865,48056.0,47208.0,48424.0
866,48056.0,47208.0,48424.0
867,48056.0,47208.0,48424.0
868,48056.0,47208.0,48424.0
869,48056.0,47208.0,48424.0
870,48056.0,47208.0,48424.0
871,48056.0,47208.0,48424.0
872,48056.0,47208.0,48424.0
873,48107.0,47208.0,48526.0
874,48107.0,47208.0,48526.0
875,48126.5,47208.0,48565.0
876,48126.5,47208.0,48565.0
877,48126.5,47208.0,48565.0
878,48140.0,47208.0,48592.0
879,48140.0,47208.0,48592.0
880,48140.0,47208.0,48592.0
881,48140.0,47208.0,48592.0
882,48140.0,47208.0,48592.0
883,48207.5,47208.0,48727.0
884,48228.0,47208.0,48727.0
885,48228.0,47208.0,48727.0
886,48292.5,47208.0,48803.0
887,48292.5,47208.0,48803.0
888,48292.5,47208.0,48803.0
889,48292.5,47208.0,48803.0
890,48292.5,47208.0,48803.0
891,48292.5,47208.0,48803.0
892,48337.5,47208.0,48803.0
893,48344.0,47208.0,48803.0
894,48344.0,47208.0,48803.0
895,48344.0,47208.0,48803.0
896,48357.5,47208.0,48803.0
897,48408.0,47208.0,48904.0
898,48408.0,47208.0,48904.0
899,48408.0,47208.0,48904.0
900,48414.0,47208.0,48916.0
901,48414.0,47208.0,48916.0
902,48414.0,47208.0,48916.0
903,48418.5,47208.0,48925.0
904,48472.5,47208.0,49033.0
905,48501.0,47208.0,49033.0
906,48547.5,47208.0,49115.0
907,48650.0,47221.0,49202.0
908,48650.0,47221.0,49202.0
909,48650.0,47221.0,49202.0
910,48650.0,47221.0,49202.0
911,48650.0,47335.0,49202.0
912,48650.0,47340.0,49202.0
913,48650.0,47340.0,49202.0
914,48692.0,47340.0,49286.0
915,48692.0,47340.0,49286.0
916,48692.0,47340.0,49286.0
917,48692.0,47340.0,49286.0
918,48692.0,47340.0,49286.0
919,48692.0,47340.0,49286.0
920,48692.0,47340.0,49286.0
921,48692.0,47340.0,49286.0
922,48692.0,47340.0,49286.0
923,48704.0,47340.0,49310.0
924,48712.5,47340.0,49327.0
925,48712.5,47340.0,49327.0
926,48712.5,47340.0,49327.0
927,48712.5,47340.0,49327.0
928,48712.5,47340.0,49327.0
929,48712.5,47408.0,49327.0
930,48712.5,47442.0,49327.0
931,48712.5,47442.0,49327.0
932,48712.5,47442.0,49327.0
933,48712.5,47566.0,49327.0
934,48712.5,47718.0,49327.0
935,48712.5,47718.0,49327.0
936,48712.5,47718.0,49327.0
937,48712.5,47718.0,49327.0
938,48712.5,47718.0,49327.0
939,48712.5,47718.0,49327.0
940,48712.5,47718.0,49327.0
941,48712.5,47718.0,49327.0
942,48712.5,47718.0,49327.0
943,48712.5,47718.0,49327.0
944,48712.5,47773.0,49327.0
945,48712.5,47773.0,49327.0
946,48712.5,47773.0,49327.0
947,48712.5,47773.0,49327.0
948,48712.5,47773.0,49327.0
949,48712.5,47773.0,49327.0
950,48712.5,47773.0,49327.0
951,48712.5,47773.0,49327.0
952,48712.5,47773.0,49327.0
953,48712.5,47773.0,49327.0
954,48712.5,47773.0,49327.0
955,48712.5,47773.0,49327.0
956,48712.5,47773.0,49327.0
957,48712.5,47773.0,49327.0
958,48712.5,47773.0,49327.0
959,48712.5,47773.0,49327.0
960,48712.5,47773.0,49327.0
961,48712.5,47773.0,49327.0
962,48712.5,47773.0,49327.0
963,48712.5,47773.0,49327.0
964,48712.5,47773.0,49327.0
965,48712.5,47773.0,49327.0
966,48746.0,47773.0,49327.0
967,48746.0,47773.0,49327.0
968,48746.0,47773.0,49327.0
969,48746.0,47773.0,49327.0
970,48746.0,47773.0,49327.0
971,48746.0,47773.0,49327.0
972,48746.0,47773.0,49327.0
973,48746.0,47773.0,49327.0
974,48746.0,47773.0,49327.0
975,48746.0,47773.0,49327.0
976,48746.0,47773.0,49327.0
977,48746.0,47773.0,49327.0
978,48767.5,47773.0,49327.0
979,48767.5,47773.0,49327.0
980,48767.5,47773.0,49327.0
981,48767.5,47773.0,49327.0
982,48767.5,47773.0,49327.0
983,48767.5,47773.0,49327.0
984,48767.5,47773.0,49327.0
985,48767.5,47773.0,49327.0
986,48767.5,47773.0,49327.0
987,48767.5,47773.0,49327.0
988,48767.5,47773.0,49327.0
989,48767.5,47773.0,49327.0
990,48767.5,47773.0,49327.0
991,48767.5,47773.0,49327.0
992,48767.5,47773.0,49327.0
993,48767.5,47773.0,49327.0
994,48767.5,47773.0,49327.0
995,48767.5,47773.0,49327.0
996,48767.5,47773.0,49327.0
997,48767.5,47773.0,49327.0
998,48767.5,47773.0,49327.0
999,48767.5,47773.0,49327.0
1000,48767.5,47773.0,49327.0
1001,48767.5,47773.0,49327.0
1002,48767.5,47773.0,49327.0
1003,48767.5,47773.0,49327.0
1004,48767.5,47773.0,49327.0
1005,48767.5,47773.0,49327.0
1006,48767.5,47773.0,49327.0
1007,48767.5,47773.0,49327.0
1008,48767.5,47773.0,49327.0
1009,48767.5,47773.0,49327.0
1010,48767.5,47773.0,49327.0
1011,48767.5,47773.0,49327.0
1012,48767.5,47773.0,49327.0
1013,48767.5,47773.0,49327.0
1014,48767.5,47773.0,49327.0
1015,48820.5,47788.0,49327.0
1016,48820.5,47788.0,49327.0
1017,48827.5,47788.0,49327.0
1018,48866.5,47788.0,49327.0
1019,48873.5,47788.0,49327.0
1020,48947.5,47788.0,49327.0
1021,48947.5,47788.0,49327.0
1022,48947.5,47788.0,49327.0
1023,48947.5,47788.0,49327.0
1024,48947.5,47796.0,49327.0
1025,48947.5,47826.0,49327.0
1026,48947.5,47977.0,49327.0
1027,48962.5,47977.0,49327.0
1028,48962.5,48010.0,49327.0
1029,48962.5,48010.0,49327.0
1030,48962.5,48010.0,49327.0
1031,48962.5,48012.0,49327.0
1032,48962.5,48012.0,49327.0
1033,48962.5,48133.0,49327.0
1034,48962.5,48154.0,49327.0
1035,48962.5,48154.0,49327.0
1036,48962.5,48232.0,49327.0
1037,48962.5,48246.0,49327.0
1038,48962.5,48246.0,49327.0
1039,48962.5,48246.0,49327.0
1040,48962.5,48246.0,49327.0
1041,48965.0,48266.0,49327.0
1042,48965.0,48266.0,49327.0
1043,48972.5,48266.0,49327.0
1044,49007.0,48266.0,49327.0
1045,49007.0,48266.0,49327.0
1046,49024.5,48266.0,49327.0
1047,49078.0,48266.0,49327.0
1048,49078.0,48266.0,49327.0
1049,49078.0,48266.0,49327.0
1050,49078.0,48266.0,49327.0
1051,49078.0,48266.0,49327.0
1052,49093.5,48266.0,49327.0
1053,49093.5,48266.0,49327.0
1054,49093.5,48266.0,49327.0
1055,49154.5,48266.0,49327.0
1056,49154.5,48266.0,49327.0
1057,49154.5,48266.0,49327.0
1058,49184.0,48266.0,49327.0
1059,49234.0,48266.0,49327.0
1060,49234.0,48266.0,49327.0
1061,49234.0,48266.0,49327.0
1062,49234.0,48266.0,49327.0
1063,49234.0,48266.0,49327.0
1064,49234.0,48266.0,49327.0
1065,49234.0,48266.0,49327.0
1066,49234.0,48288.0,49327.0
1067,49276.0,48291.0,49327.0
1068,49276.0,48334.0,49327.0
1069,49276.0,48334.0,49327.0
1070,49276.0,48334.0,49327.0
1071,49276.0,48334.0,49327.0
1072,49276.0,48377.0,49327.0
1073,49279.0,48434.0,49327.0
1074,49279.0,48434.0,49327.0
1075,49279.0,48441.0,49327.0
1076,49279.0,48441.0,49327.0
1077,49279.0,48441.0,49327.0
1078,49279.0,48441.0,49327.0
1079,49279.0,48441.0,49327.0
1080,49279.0,48443.0,49327.0
1081,49279.0,48443.0,49327.0
1082,49279.0,48443.0,49327.0
1083,49279.0,48443.0,49327.0
1084,49279.0,48443.0,49327.0
1085,49279.0,48443.0,49327.0
1086,49279.0,48486.0,49327.0
1087,49279.0,48486.0,49327.0
1088,49279.0,48486.0,49327.0
1089,49279.0,48486.0,49327.0
1090,49279.0,48486.0,49327.0
1091,49279.0,48486.0,49327.0
1092,49279.0,48524.0,49327.0
1093,49279.0,48577.0,49327.0
1094,49279.0,48577.0,49327.0
1095,49279.0,48577.0,49327.0
1096,49279.0,48577.0,49327.0
1097,49283.5,48577.0,49336.0
1098,49283.5,48577.0,49336.0
1099,49283.5,48577.0,49336.0
1100,49283.5,48577.0,49336.0
1101,49283.5,48577.0,49336.0
1102,49283.5,48577.0,49336.0
1103,49283.5,48577.0,49336.0
1104,49283.5,48577.0,49336.0
1105,49283.5,48589.0,49336.0
1106,49283.5,48589.0,49336.0
1107,49283.5,48589.0,49336.0
1108,49283.5,48630.0,49336.0
1109,49283.5,48630.0,49336.0
1110,49283.5,48630.0,49336.0
1111,49283.5,48699.0,49336.0
1112,49283.5,48711.0,49336.0
1113,49283.5,48711.0,49336.0
1114,49283.5,48711.0,49336.0
1115,49283.5,48711.0,49336.0
1116,49283.5,48711.0,49336.0
1117,49283.5,48711.0,49336.0
1118,49283.5,48711.0,49336.0
1119,49283.5,48711.0,49336.0
1120,49283.5,48711.0,49336.0
1121,49283.5,48711.0,49336.0
1122,49283.5,48711.0,49336.0
1123,49283.5,48711.0,49336.0
1124,49283.5,48711.0,49336.0
1125,49283.5,48711.0,49336.0
1126,49283.5,48784.0,49336.0
1127,49292.5,48801.0,49336.0
1128,49292.5,48801.0,49336.0
1129,49292.5,48939.0,49336.0
1130,49292.5,48939.0,49336.0
1131,49292.5,48997.0,49336.0
1132,49292.5,48997.0,49336.0
1133,49292.5,48997.0,49336.0
1134,49292.5,48997.0,49336.0
1135,49292.5,48997.0,49336.0
1136,49292.5,48997.0,49336.0
1137,49292.5,48997.0,49336.0
1138,49292.5,48997.0,49336.0
1139,49315.0,48997.0,49381.0
1140,49315.0,49007.0,49381.0
1141,49315.0,49007.0,49381.0
1142,49315.0,49007.0,49381.0
1143,49315.0,49007.0,49381.0
1144,49315.0,49007.0,49381.0
1145,49320.5,49007.0,49381.0
1146,49320.5,49009.0,49381.0
1147,49320.5,49009.0,49381.0
1148,49320.5,49009.0,49381.0
1149,49320.5,49009.0,49381.0
1150,49320.5,49009.0,49381.0
1151,49320.5,49009.0,49381.0
1152,49320.5,49009.0,49381.0
1153,49320.5,49009.0,49381.0
1154,49320.5,49009.0,49381.0
1155,49320.5,49009.0,49381.0
1156,49320.5,49009.0,49381.0
1157,49320.5,49009.0,49381.0
1158,49320.5,49009.0,49381.0
1159,49320.5,49009.0,49381.0
1160,49320.5,49009.0,49381.0
1161,49320.5,49009.0,49381.0
1162,49320.5,49009.0,49381.0
1163,49320.5,49009.0,49381.0
1164,49320.5,49009.0,49381.0
1165,49320.5,49009.0,49381.0
1166,49324.5,49009.0,49381.0
1167,49324.5,49009.0,49381.0
1168,49324.5,49009.0,49381.0
1169,49324.5,49009.0,49381.0
1170,49324.5,49009.0,49381.0
1171,49324.5,49051.0,49381.0
1172,49324.5,49051.0,49381.0
1173,49324.5,49051.0,49381.0
1174,49324.5,49051.0,49381.0
1175,49324.5,49051.0,49381.0
1176,49324.5,49051.0,49381.0
1177,49324.5,49051.0,49381.0
1178,49324.5,49051.0,49381.0
1179,49324.5,49051.0,49381.0
1180,49324.5,49051.0,49381.0
1181,49324.5,49051.0,49381.0
1182,49324.5,49051.0,49381.0
1183,49324.5,49051.0,49381.0
1184,49324.5,49051.0,49381.0
1185,49324.5,49051.0,49381.0
1186,49324.5,49051.0,49381.0
1187,49324.5,49084.0,49381.0
1188,49324.5,49204.0,49381.0
1189,49324.5,49241.0,49381.0
1190,49324.5,49241.0,49381.0
1191,49324.5,49241.0,49381.0
1192,49324.5,49241.0,49381.0
1193,49324.5,49241.0,49381.0
1194,49324.5,49241.0,49381.0
1195,49324.5,49241.0,49381.0
1196,49324.5,49241.0,49381.0
1197,49324.5,49241.0,49381.0
1198,49324.5,49241.0,49381.0
1199,49324.5,49241.0,49381.0
1200,49324.5,49241.0,49381.0
1201,49324.5,49241.0,49381.0
1202,49324.5,49241.0,49381.0
1203,49324.5,49241.0,49381.0
1204,49324.5,49241.0,49381.0
1205,49324.5,49241.0,49381.0
1206,49324.5,49241.0,49381.0
1207,49324.5,49241.0,49381.0
1208,49324.5,49241.0,49381.0
1209,49324.5,49241.0,49381.0
1210,49324.5,49241.0,49381.0
1211,49324.5,49241.0,49381.0
1212,49324.5,49241.0,49381.0
1213,49324.5,49241.0,49381.0
1214,49324.5,49241.0,49381.0
1215,49324.5,49241.0,49381.0
1216,49324.5,49241.0,49381.0
1217,49324.5,49241.0,49381.0
1218,49324.5,49241.0,49381.0
1219,49324.5,49241.0,49381.0
1220,49324.5,49241.0,49381.0
1221,49324.5,49241.0,49381.0
1222,49324.5,49241.0,49381.0
1223,49324.5,49241.0,49381.0
1224,49324.5,49241.0,49381.0
1225,49324.5,49241.0,49381.0
1226,49324.5,49241.0,49381.0
1227,49324.5,49241.0,49381.0
1228,49324.5,49241.0,49381.0
1229,49324.5,49241.0,49381.0
1230,49324.5,49241.0,49381.0
1231,49324.5,49241.0,49381.0
1232,49324.5,49241.0,49381.0
1233,49324.5,49241.0,49381.0
1234,49334.0,49241.0,49400.0
1235,49334.0,49241.0,49400.0
1236,49334.0,49241.0,49400.0
1237,49334.0,49241.0,49400.0
1238,49334.0,49241.0,49400.0
1239,49334.0,49241.0,49400.0
1240,49334.0,49241.0,49400.0
1241,49334.0,49241.0,49400.0
1242,49334.0,49241.0,49400.0
1243,49334.0,49241.0,49400.0
1244,49334.0,49241.0,49400.0
1245,49334.0,49241.0,49400.0
1246,49334.0,49241.0,49400.0
1247,49334.0,49241.0,49400.0
1248,49334.0,49241.0,49400.0
1249,49334.0,49241.0,49400.0
1250,49334.0,49241.0,49400.0
1251,49334.0,49241.0,49400.0
1252,49334.0,49241.0,49400.0
1253,49334.0,49241.0,49400.0
1254,49334.0,49241.0,49400.0
1255,49334.0,49241.0,49400.0
1256,49334.0,49241.0,49400.0
1257,49334.0,49241.0,49400.0
1258,49334.0,49241.0,49400.0
1259,49334.0,49241.0,49400.0
1260,49334.0,49241.0,49400.0
1261,49334.0,49241.0,49400.0
1262,49334.0,49241.0,49400.0
1263,49334.0,49241.0,49400.0
1264,49334.0,49241.0,49400.0
1265,49334.0,49241.0,49400.0
1266,49334.0,49241.0,49400.0
1267,49334.0,49241.0,49400.0
1268,49334.0,49257.0,49400.0
1269,49334.0,49257.0,49400.0
1270,49334.0,49257.0,49400.0
1271,49334.0,49272.0,49400.0
1272,49334.0,49272.0,49400.0
1273,49334.0,49272.0,49400.0
1274,49334.0,49272.0,49400.0
1275,49334.0,49272.0,49400.0
1276,49334.0,49272.0,49400.0
1277,49334.0,49272.0,49400.0
1278,49334.0,49272.0,49400.0
1279,49334.0,49272.0,49400.0
1280,49334.0,49272.0,49400.0
1281,49334.0,49272.0,49400.0
1282,49334.0,49272.0,49400.0
1283,49334.0,49272.0,49400.0
1284,49334.0,49272.0,49400.0
1285,49334.0,49272.0,49400.0
1286,49334.0,49272.0,49400.0
1287,49334.0,49272.0,49400.0
1288,49334.0,49272.0,49400.0
1289,49334.0,49272.0,49400.0
1290,49334.0,49272.0,49400.0
1291,49334.0,49272.0,49400.0
1292,49334.0,49272.0,49400.0
1293,49334.0,49272.0,49400.0
1294,49334.0,49272.0,49400.0
1295,49334.0,49272.0,49400.0
1296,49334.0,49272.0,49400.0
1297,49334.0,49272.0,49400.0
1298,49334.0,49272.0,49400.0
1299,49334.0,49272.0,49400.0
1300,49334.0,49272.0,49400.0
1301,49334.0,49272.0,49400.0
1302,49334.0,49272.0,49400.0
1303,49334.0,49272.0,49400.0
1304,49334.0,49272.0,49400.0
1305,49334.0,49289.0,49400.0
1306,49334.0,49289.0,49400.0
1307,49334.0,49289.0,49400.0
1308,49334.0,49289.0,49400.0
1309,49334.0,49289.0,49400.0
1310,49334.0,49289.0,49400.0
1311,49334.0,49289.0,49400.0
1312,49334.0,49289.0,49400.0
1313,49334.0,49289.0,49400.0
1314,49334.0,49289.0,49400.0
1315,49334.0,49289.0,49400.0
1316,49334.0,49289.0,49400.0
1317,49334.0,49289.0,49400.0
1318,49334.0,49289.0,49400.0
1319,49334.0,49289.0,49400.0
1320,49334.0,49289.0,49400.0
1321,49334.0,49289.0,49400.0
1322,49334.0,49289.0,49400.0
1323,49334.0,49289.0,49400.0
1324,49334.0,49289.0,49400.0
1325,49334.0,49289.0,49400.0
1326,49334.0,49289.0,49400.0
1327,49334.0,49289.0,49400.0
1328,49334.0,49289.0,49400.0
1329,49334.0,49289.0,49400.0
1330,49334.0,49289.0,49400.0
1331,49334.0,49289.0,49400.0
1332,49334.0,49289.0,49400.0
1333,49334.0,49289.0,49400.0
1334,49334.0,49289.0,49400.0
1335,49334.0,49289.0,49400.0
1336,49334.0,49289.0,49400.0
1337,49334.0,49289.0,49400.0
1338,49334.0,49289.0,49400.0
1339,49334.0,49289.0,49400.0
1340,49334.0,49289.0,49400.0
1341,49334.0,49289.0,49400.0
1342,49334.0,49289.0,49400.0
1343,49334.0,49289.0,49400.0
1344,49334.0,49289.0,49400.0
1345,49334.0,49289.0,49400.0
1346,49334.0,49289.0,49400.0
1347,49334.0,49289.0,49400.0
1348,49334.0,49289.0,49400.0
1349,49334.0,49289.0,49400.0
1350,49334.0,49289.0,49400.0
1351,49334.0,49289.0,49400.0
1352,49334.0,49289.0,49400.0
1353,49334.0,49289.0,49400.0
1354,49334.0,49289.0,49400.0
1355,49334.0,49289.0,49400.0
1356,49334.0,49289.0,49400.0
1357,49334.0,49289.0,49400.0
1358,49334.0,49289.0,49400.0
1359,49334.0,49289.0,49400.0
1360,49334.0,49289.0,49400.0
1361,49334.0,49289.0,49400.0
1362,49334.0,49289.0,49400.0
1363,49334.0,49289.0,49400.0
1364,49334.0,49289.0,49400.0
1365,49334.0,49289.0,49400.0
1366,49334.0,49289.0,49400.0
1367,49334.0,49289.0,49400.0
1368,49334.0,49289.0,49400.0
1369,49334.0,49289.0,49400.0
1370,49334.0,49289.0,49400.0
1371,49334.0,49289.0,49400.0
1372,49334.0,49289.0,49400.0
1373,49334.0,49289.0,49400.0
1374,49334.0,49289.0,49400.0
1375,49334.0,49289.0,49400.0
1376,49334.0,49289.0,49400.0
1377,49334.0,49289.0,49400.0
1378,49334.0,49289.0,49400.0
1379,49334.0,49289.0,49400.0
1380,49334.0,49289.0,49400.0
1381,49334.0,49289.0,49400.0
1382,49334.0,49289.0,49400.0
1383,49334.0,49289.0,49400.0
1384,49334.0,49289.0,49400.0
1385,49334.0,49289.0,49400.0
1386,49334.0,49289.0,49400.0
1387,49334.0,49289.0,49400.0
1388,49334.0,49289.0,49400.0
1389,49334.0,49289.0,49400.0
1390,49334.0,49289.0,49400.0
1391,49334.0,49289.0,49400.0
1392,49334.0,49289.0,49400.0
1393,49334.0,49289.0,49400.0
1394,49334.0,49289.0,49400.0
1395,49334.0,49289.0,49400.0
1396,49334.0,49289.0,49400.0
1397,49334.0,49289.0,49400.0
1398,49334.0,49289.0,49400.0
1399,49334.0,49289.0,49400.0
1400,49334.0,49289.0,49400.0
1401,49334.0,49289.0,49400.0
1402,49334.0,49289.0,49400.0
1403,49334.0,49289.0,49400.0
1404,49334.0,49289.0,49400.0
1405,49334.0,49289.0,49400.0
1406,49334.0,49289.0,49400.0
1407,49334.0,49289.0,49400.0
1408,49334.0,49289.0,49400.0
1409,49334.0,49289.0,49400.0
1410,49334.0,49289.0,49400.0
1411,49334.0,49289.0,49400.0
1412,49334.0,49289.0,49400.0
1413,49334.0,49289.0,49400.0
1414,49334.0,49289.0,49400.0
1415,49334.0,49289.0,49400.0
1416,49334.0,49289.0,49400.0
1417,49334.0,49289.0,49400.0
1418,49334.0,49289.0,49400.0
1419,49334.0,49289.0,49400.0
1420,49334.0,49289.0,49400.0
1421,49334.0,49289.0,49400.0
1422,49334.0,49289.0,49400.0
1423,49334.0,49289.0,49400.0
1424,49334.0,49289.0,49400.0
1425,49334.0,49289.0,49400.0
1426,49334.0,49289.0,49400.0
1427,49334.0,49289.0,49400.0
1428,49334.0,49289.0,49400.0
1429,49334.0,49289.0,49400.0
1430,49334.0,49289.0,49400.0
1431,49334.0,49289.0,49400.0
1432,49334.0,49289.0,49400.0
1433,49334.0,49289.0,49400.0
1434,49334.0,49289.0,49400.0
1435,49334.0,49289.0,49400.0
1436,49334.0,49289.0,49400.0
1437,49334.0,49289.0,49400.0
1438,49334.0,49289.0,49400.0
1439,49334.0,49289.0,49400.0
1440,49334.0,49289.0,49400.0
1441,49334.0,49289.0,49400.0
1442,49334.0,49289.0,49400.0
1443,49334.0,49289.0,49400.0
1444,49334.0,49289.0,49400.0
1445,49334.0,49289.0,49400.0
1446,49334.0,49289.0,49400.0
1447,49334.0,49289.0,49400.0
1448,49334.0,49289.0,49400.0
1449,49334.0,49289.0,49400.0
1450,49334.0,49289.0,49400.0
1451,49334.0,49289.0,49400.0
1452,49334.0,49289.0,49400.0
1453,49334.0,49289.0,49400.0
1454,49334.0,49289.0,49400.0
1455,49334.0,49289.0,49400.0
1456,49334.0,49289.0,49400.0
1457,49334.0,49289.0,49400.0
1458,49334.0,49289.0,49400.0
1459,49334.0,49289.0,49400.0
1460,49334.0,49289.0,49400.0
1461,49334.0,49289.0,49400.0
1462,49334.0,49289.0,49400.0
1463,49334.0,49289.0,49400.0
1464,49334.0,49289.0,49400.0
1465,49334.0,49289.0,49400.0
1466,49334.0,49289.0,49400.0
1467,49334.0,49289.0,49400.0
1468,49334.0,49289.0,49400.0
1469,49334.0,49289.0,49400.0
1470,49334.0,49289.0,49400.0
1471,49334.0,49289.0,49400.0
1472,49334.0,49289.0,49400.0
1473,49334.0,49289.0,49400.0
1474,49334.0,49289.0,49400.0
1475,49334.0,49289.0,49400.0
1476,49334.0,49289.0,49400.0
1477,49334.0,49289.0,49400.0
1478,49334.0,49289.0,49400.0
1479,49334.0,49289.0,49400.0
1480,49334.0,49289.0,49400.0
1481,49334.0,49289.0,49400.0
1482,49334.0,49289.0,49400.0
1483,49334.0,49289.0,49400.0
1484,49334.0,49289.0,49400.0
1485,49334.0,49289.0,49400.0
1486,49334.0,49289.0,49400.0
1487,49334.0,49289.0,49400.0
1488,49334.0,49289.0,49400.0
1489,49334.0,49289.0,49400.0
1490,49334.0,49289.0,49400.0
1491,49334.0,49289.0,49400.0
1492,49334.0,49289.0,49400.0
1493,49334.0,49289.0,49400.0
1494,49334.0,49289.0,49400.0
1495,49334.0,49289.0,49400.0
1496,49334.0,49289.0,49400.0
1497,49334.0,49289.0,49400.0
1498,49334.0,49289.0,49400.0
1499,49334.0,49289.0,49400.0
1500,49334.0,49289.0,49400.0
1501,49334.0,49289.0,49400.0
1502,49334.0,49289.0,49400.0
1503,49334.0,49289.0,49400.0
1504,49334.0,49289.0,49400.0
1505,49334.0,49289.0,49400.0
1506,49334.0,49289.0,49400.0
1507,49334.0,49289.0,49400.0
1508,49334.0,49289.0,49400.0
1509,49334.0,49289.0,49400.0
1510,49334.0,49289.0,49400.0
1511,49334.0,49289.0,49400.0
1512,49334.0,49289.0,49400.0
1513,49334.0,49289.0,49400.0
1514,49334.0,49289.0,49400.0
1515,49334.0,49289.0,49400.0
1516,49334.0,49289.0,49400.0
1517,49334.0,49289.0,49400.0
1518,49334.0,49289.0,49400.0
1519,49334.0,49289.0,49400.0
1520,49334.0,49289.0,49400.0
1521,49334.0,49289.0,49400.0
1522,49334.0,49289.0,49400.0
1523,49334.0,49289.0,49400.0
1524,49334.0,49289.0,49400.0
1525,49334.0,49289.0,49400.0
1526,49334.0,49289.0,49400.0
1527,49334.0,49289.0,49400.0
1528,49334.0,49289.0,49400.0
1529,49334.0,49289.0,49400.0
1530,49334.0,49289.0,49400.0
1531,49334.0,49289.0,49400.0
1532,49334.0,49289.0,49400.0
1533,49334.0,49289.0,49400.0
1534,49334.0,49289.0,49400.0
1535,49334.0,49289.0,49400.0
1536,49334.0,49289.0,49400.0
1537,49334.0,49289.0,49400.0
1538,49334.0,49289.0,49400.0
1539,49334.0,49289.0,49400.0
1540,49334.0,49289.0,49400.0
1541,49334.0,49289.0,49400.0
1542,49334.0,49289.0,49400.0
1543,49334.0,49289.0,49400.0
1544,49334.0,49289.0,49400.0
1545,49334.0,49289.0,49400.0
1546,49334.0,49289.0,49400.0
1547,49334.0,49289.0,49400.0
1548,49334.0,49289.0,49400.0
1549,49334.0,49289.0,49400.0
1550,49334.0,49289.0,49400.0
1551,49334.0,49289.0,49400.0
1552,49334.0,49289.0,49400.0
1553,49334.0,49289.0,49400.0
1554,49334.0,49289.0,49400.0
1555,49334.0,49289.0,49400.0
1556,49334.0,49289.0,49400.0
1557,49334.0,49289.0,49400.0
1558,49334.0,49289.0,49400.0
1559,49334.0,49289.0,49400.0
1560,49334.0,49289.0,49400.0
1561,49334.0,49289.0,49400.0
1562,49334.0,49289.0,49400.0
1563,49334.0,49289.0,49400.0
1564,49334.0,49289.0,49400.0
1565,49334.0,49289.0,49400.0
1566,49334.0,49289.0,49400.0
1567,49334.0,49289.0,49400.0
1568,49334.0,49289.0,49400.0
1569,49334.0,49289.0,49400.0
1570,49334.0,49289.0,49400.0
1571,49334.0,49289.0,49400.0
1572,49334.0,49289.0,49400.0
1573,49334.0,49289.0,49400.0
1574,49334.0,49289.0,49400.0
1575,49334.0,49289.0,49400.0
1576,49334.0,49289.0,49400.0
1577,49334.0,49289.0,49400.0
1578,49334.0,49325.0,49400.0
1579,49334.0,49325.0,49400.0
1580,49334.0,49325.0,49400.0
1581,49334.0,49325.0,49400.0
1582,49334.0,49325.0,49400.0
1583,49334.0,49325.0,49400.0
1584,49334.0,49325.0,49400.0
1585,49334.0,49325.0,49400.0
1586,49334.0,49325.0,49400.0
1587,49334.0,49325.0,49400.0
1588,49334.0,49325.0,49400.0
1589,49334.0,49325.0,49400.0
1590,49334.0,49325.0,49400.0
1591,49334.0,49325.0,49400.0
1592,49334.0,49325.0,49400.0
1593,49334.0,49325.0,49400.0
1594,49334.0,49325.0,49400.0
1595,49334.0,49325.0,49400.0
1596,49334.0,49325.0,49400.0
1597,49334.0,49325.0,49400.0
1598,49334.0,49325.0,49400.0
1599,49334.0,49325.0,49400.0
1600,49334.0,49325.0,49400.0
1601,49334.0,49325.0,49400.0
1602,49334.0,49325.0,49400.0
1603,49334.0,49325.0,49400.0
1604,49334.0,49325.0,49400.0
1605,49334.0,49325.0,49400.0
1606,49334.0,49325.0,49400.0
1607,49334.0,49325.0,49400.0
1608,49334.0,49325.0,49400.0
1609,49334.0,49325.0,49400.0
1610,49334.0,49325.0,49400.0
1611,49334.0,49325.0,49400.0
1612,49334.0,49325.0,49400.0
1613,49334.0,49325.0,49400.0
1614,49334.0,49325.0,49400.0
1615,49334.0,49325.0,49400.0
1616,49334.0,49325.0,49400.0
1617,49334.0,49325.0,49400.0
1618,49334.0,49325.0,49400.0
1619,49334.0,49325.0,49400.0
1620,49334.0,49325.0,49400.0
1621,49334.0,49325.0,49400.0
1622,49334.0,49325.0,49400.0
1623,49334.0,49325.0,49400.0
1624,49334.0,49325.0,49400.0
1625,49334.0,49325.0,49400.0
1626,49334.0,49325.0,49400.0
1627,49334.0,49325.0,49400.0
1628,49334.0,49325.0,49400.0
1629,49334.0,49325.0,49400.0
1630,49334.0,49325.0,49400.0
1631,49334.0,49325.0,49400.0
1632,49334.0,49325.0,49400.0
1633,49334.0,49325.0,49400.0
1634,49334.0,49325.0,49400.0
1635,49334.0,49325.0,49400.0
1636,49334.0,49325.0,49400.0
1637,49334.0,49325.0,49400.0
1638,49334.0,49325.0,49400.0
1639,49334.0,49325.0,49400.0
1640,49334.0,49325.0,49400.0
1641,49334.0,49325.0,49400.0
1642,49334.0,49325.0,49400.0
1643,49334.0,49325.0,49400.0
1644,49334.0,49325.0,49400.0
1645,49334.0,49325.0,49400.0
1646,49334.0,49325.0,49400.0
1647,49334.0,49325.0,49400.0
1648,49334.0,49325.0,49400.0
1649,49334.0,49325.0,49400.0
1650,49334.0,49325.0,49400.0
1651,49334.0,49325.0,49400.0
1652,49334.0,49325.0,49400.0
1653,49334.0,49325.0,49400.0
1654,49334.0,49325.0,49400.0
1655,49334.0,49325.0,49400.0
1656,49334.0,49325.0,49400.0
1657,49334.0,49325.0,49400.0
1658,49334.0,49325.0,49400.0
1659,49334.0,49325.0,49400.0
1660,49334.0,49325.0,49400.0
1661,49334.0,49325.0,49400.0
1662,49334.0,49325.0,49400.0
1663,49334.0,49325.0,49400.0
1664,49334.0,49325.0,49400.0
1665,49334.0,49325.0,49400.0
1666,49334.0,49325.0,49400.0
1667,49334.0,49325.0,49400.0
1668,49334.0,49325.0,49400.0
1669,49334.0,49325.0,49400.0
1670,49334.0,49325.0,49400.0
1671,49334.0,49325.0,49400.0
1672,49334.0,49325.0,49400.0
1673,49334.0,49325.0,49400.0
1674,49334.0,49325.0,49400.0
1675,49334.0,49325.0,49400.0
1676,49334.0,49325.0,49400.0
1677,49334.0,49325.0,49400.0
1678,49334.0,49325.0,49400.0
1679,49334.0,49325.0,49400.0
1680,49334.0,49325.0,49400.0
1681,49334.0,49325.0,49400.0
1682,49334.0,49325.0,49400.0
1683,49334.0,49325.0,49400.0
1684,49334.0,49325.0,49400.0
1685,49334.0,49325.0,49400.0
1686,49334.0,49325.0,49400.0
1687,49334.0,49325.0,49400.0
1688,49334.0,49325.0,49400.0
1689,49334.0,49325.0,49400.0
1690,49334.0,49325.0,49400.0
1691,49334.0,49325.0,49400.0
1692,49334.0,49325.0,49400.0
1693,49334.0,49325.0,49400.0
1694,49334.0,49325.0,49400.0
1695,49334.0,49325.0,49400.0
1696,49334.0,49325.0,49400.0
1697,49334.0,49325.0,49400.0
1698,49334.0,49325.0,49400.0
1699,49334.0,49325.0,49400.0
1700,49334.0,49325.0,49400.0
1701,49334.0,49325.0,49400.0
1702,49334.0,49325.0,49400.0
1703,49334.0,49325.0,49400.0
1704,49334.0,49325.0,49400.0
1705,49334.0,49325.0,49400.0
1706,49334.0,49325.0,49400.0
1707,49334.0,49325.0,49400.0
1708,49334.0,49325.0,49400.0
1709,49334.0,49325.0,49400.0
1710,49334.0,49325.0,49400.0
1711,49334.0,49325.0,49400.0
1712,49334.0,49325.0,49400.0
1713,49334.0,49325.0,49400.0
1714,49334.0,49325.0,49400.0
1715,49334.0,49325.0,49400.0
1716,49334.0,49325.0,49400.0
1717,49334.0,49325.0,49400.0
1718,49334.0,49325.0,49400.0
1719,49334.0,49325.0,49400.0
1720,49334.0,49325.0,49400.0
1721,49334.0,49325.0,49400.0
1722,49334.0,49325.0,49400.0
1723,49334.0,49325.0,49400.0
1724,49334.0,49325.0,49400.0
1725,49334.0,49325.0,49400.0
1726,49334.0,49325.0,49400.0
1727,49334.0,49325.0,49400.0
1728,49334.0,49325.0,49400.0
1729,49334.0,49325.0,49400.0
1730,49334.0,49325.0,49400.0
1731,49334.0,49325.0,49400.0
1732,49334.0,49325.0,49400.0
1733,49334.0,49325.0,49400.0
1734,49334.0,49325.0,49400.0
1735,49334.0,49325.0,49400.0
1736,49334.0,49325.0,49400.0
1737,49334.0,49325.0,49400.0
1738,49334.0,49325.0,49400.0
1739,49334.0,49325.0,49400.0
1740,49334.0,49325.0,49400.0
1741,49334.0,49325.0,49400.0
1742,49334.0,49325.0,49400.0
1743,49334.0,49325.0,49400.0
1744,49334.0,49325.0,49400.0
1745,49334.0,49325.0,49400.0
1746,49334.0,49325.0,49400.0
1747,49334.0,49325.0,49400.0
1748,49334.0,49325.0,49400.0
1749,49334.0,49325.0,49400.0
1750,49334.0,49325.0,49400.0
1751,49334.0,49325.0,49400.0
1752,49334.0,49325.0,49400.0
1753,49334.0,49325.0,49400.0
1754,49334.0,49325.0,49400.0
1755,49334.0,49325.0,49400.0
1756,49334.0,49325.0,49400.0
1757,49334.0,49325.0,49400.0
1758,49334.0,49325.0,49400.0
1759,49334.0,49325.0,49400.0
1760,49334.0,49325.0,49400.0
1761,49334.0,49325.0,49400.0
1762,49334.0,49325.0,49400.0
1763,49334.0,49325.0,49400.0
1764,49334.0,49325.0,49400.0
1765,49334.0,49325.0,49400.0
1766,49334.0,49325.0,49400.0
1767,49334.0,49325.0,49400.0
1768,49334.0,49325.0,49400.0
1769,49334.0,49325.0,49400.0
1770,49334.0,49325.0,49400.0
1771,49334.0,49325.0,49400.0
1772,49334.0,49325.0,49400.0
1773,49334.0,49325.0,49400.0
1774,49334.0,49325.0,49400.0
1775,49334.0,49325.0,49400.0
1776,49334.0,49325.0,49400.0
1777,49334.0,49325.0,49400.0
1778,49334.0,49325.0,49400.0
1779,49334.0,49325.0,49400.0
1780,49334.0,49325.0,49400.0
1781,49334.0,49325.0,49400.0
1782,49334.0,49325.0,49400.0
1783,49334.0,49325.0,49400.0
1784,49334.0,49325.0,49400.0
1785,49334.0,49325.0,49400.0
1786,49334.0,49325.0,49400.0
1787,49334.0,49325.0,49400.0
1788,49334.0,49325.0,49400.0
1789,49334.0,49325.0,49400.0
1790,49334.0,49325.0,49400.0
1791,49334.0,49325.0,49400.0
1792,49334.0,49325.0,49400.0
1793,49334.0,49325.0,49400.0
1794,49334.0,49325.0,49400.0
1795,49334.0,49325.0,49400.0
1796,49334.0,49325.0,49400.0
1797,49334.0,49325.0,49400.0
1798,49334.0,49325.0,49400.0
1799,49334.0,49325.0,49400.0
1800,49334.0,49325.0,49400.0
1801,49334.0,49325.0,49400.0
1802,49334.0,49325.0,49400.0
1803,49334.0,49325.0,49400.0
1804,49334.0,49325.0,49400.0
1805,49334.0,49325.0,49400.0
1806,49334.0,49325.0,49400.0
1807,49334.0,49325.0,49400.0
1808,49334.0,49325.0,49400.0
1809,49334.0,49325.0,49400.0
1810,49334.0,49325.0,49400.0
1811,49334.0,49325.0,49400.0
1812,49334.0,49325.0,49400.0
1813,49334.0,49325.0,49400.0
1814,49334.0,49325.0,49400.0
1815,49334.0,49325.0,49400.0
1816,49334.0,49325.0,49400.0
1817,49334.0,49325.0,49400.0
1818,49334.0,49325.0,49400.0
1819,49334.0,49325.0,49400.0
1820,49334.0,49325.0,49400.0
1821,49334.0,49325.0,49400.0
1822,49334.0,49325.0,49400.0
1823,49334.0,49325.0,49400.0
1824,49334.0,49325.0,49400.0
1825,49334.0,49325.0,49400.0
1826,49334.0,49325.0,49400.0
1827,49334.0,49325.0,49400.0
1828,49334.0,49325.0,49400.0
1829,49334.0,49325.0,49400.0
1830,49334.0,49325.0,49400.0
1831,49334.0,49325.0,49400.0
1832,49334.0,49325.0,49400.0
1833,49334.0,49325.0,49400.0
1834,49334.0,49325.0,49400.0
1835,49334.0,49325.0,49400.0
1836,49334.0,49325.0,49400.0
1837,49334.0,49325.0,49400.0
1838,49334.0,49325.0,49400.0
1839,49334.0,49325.0,49400.0
1840,49334.0,49325.0,49400.0
1841,49334.0,49325.0,49400.0
1842,49334.0,49325.0,49400.0
1843,49334.0,49325.0,49400.0
1844,49334.0,49325.0,49400.0
1845,49334.0,49325.0,49400.0
1846,49334.0,49325.0,49400.0
1847,49334.0,49325.0,49400.0
1848,49334.0,49325.0,49400.0
1849,49334.0,49325.0,49400.0
1850,49334.0,49325.0,49400.0
1851,49334.0,49325.0,49400.0
1852,49334.0,49325.0,49400.0
1853,49334.0,49325.0,49400.0
1854,49334.0,49325.0,49400.0
1855,49334.0,49325.0,49400.0
1856,49334.0,49325.0,49400.0
1857,49334.0,49325.0,49400.0
1858,49334.0,49325.0,49400.0
1859,49334.0,49325.0,49400.0
1860,49334.0,49325.0,49400.0
1861,49334.0,49325.0,49400.0
1862,49334.0,49325.0,49400.0
1863,49334.0,49325.0,49400.0
1864,49334.0,49325.0,49400.0
1865,49334.0,49325.0,49400.0
1866,49334.0,49325.0,49400.0
1867,49334.0,49325.0,49400.0
1868,49334.0,49325.0,49400.0
1869,49334.0,49325.0,49400.0
1870,49334.0,49325.0,49400.0
1871,49334.0,49325.0,49400.0
1872,49334.0,49331.0,49400.0
1873,49334.0,49331.0,49400.0
1874,49334.0,49331.0,49400.0
1875,49334.0,49331.0,49400.0
1876,49334.0,49331.0,49400.0
1877,49334.0,49331.0,49400.0
1878,49334.0,49331.0,49400.0
1879,49334.0,49331.0,49400.0
1880,49334.0,49331.0,49400.0
1881,49334.0,49331.0,49400.0
1882,49334.0,49331.0,49400.0
1883,49334.0,49331.0,49400.0
1884,49334.0,49331.0,49400.0
1885,49334.0,49331.0,49400.0
1886,49334.0,49331.0,49400.0
1887,49334.0,49331.0,49400.0
1888,49334.0,49331.0,49400.0
1889,49334.0,49331.0,49400.0
1890,49334.0,49331.0,49400.0
1891,49334.0,49331.0,49400.0
1892,49334.0,49331.0,49400.0
1893,49334.0,49331.0,49400.0
1894,49334.0,49331.0,49400.0
1895,49334.0,49331.0,49400.0
1896,49334.0,49331.0,49400.0
1897,49334.0,49331.0,49400.0
1898,49334.0,49331.0,49400.0
1899,49334.0,49331.0,49400.0
1900,49334.0,49331.0,49400.0
1901,49334.0,49331.0,49400.0
1902,49334.0,49331.0,49400.0
1903,49334.0,49331.0,49400.0
1904,49334.0,49331.0,49400.0
1905,49334.0,49331.0,49400.0
1906,49334.0,49331.0,49400.0
1907,49334.0,49331.0,49400.0
1908,49334.0,49331.0,49400.0
1909,49334.0,49331.0,49400.0
1910,49334.0,49331.0,49400.0
1911,49334.0,49331.0,49400.0
1912,49334.0,49331.0,49400.0
1913,49334.0,49331.0,49400.0
1914,49334.0,49331.0,49400.0
1915,49334.0,49331.0,49400.0
1916,49334.0,49331.0,49400.0
1917,49334.0,49331.0,49400.0
1918,49334.0,49331.0,49400.0
1919,49334.0,49331.0,49400.0
1920,49334.0,49331.0,49400.0
1921,49334.0,49331.0,49400.0
1922,49334.0,49331.0,49400.0
1923,49334.0,49331.0,49400.0
1924,49334.0,49331.0,49400.0
1925,49334.0,49331.0,49400.0
1926,49334.0,49331.0,49400.0
1927,49334.0,49331.0,49400.0
1928,49334.0,49331.0,49400.0
1929,49334.0,49331.0,49400.0
1930,49334.0,49331.0,49400.0
1931,49334.0,49331.0,49400.0
1932,49334.0,49331.0,49400.0
1933,49334.0,49331.0,49400.0
1934,49334.0,49331.0,49400.0
1935,49334.0,49331.0,49400.0
1936,49334.0,49331.0,49400.0
1937,49334.0,49331.0,49400.0
1938,49334.0,49331.0,49400.0
1939,49334.0,49331.0,49400.0
1940,49334.0,49331.0,49400.0
1941,49334.0,49331.0,49400.0
1942,49334.0,49331.0,49400.0
1943,49334.0,49331.0,49400.0
1944,49334.0,49331.0,49400.0
1945,49334.0,49331.0,49400.0
1946,49334.0,49331.0,49400.0
1947,49334.0,49331.0,49400.0
1948,49334.0,49331.0,49400.0
1949,49334.0,49331.0,49400.0
1950,49334.0,49331.0,49400.0
1951,49334.0,49331.0,49400.0
1952,49334.0,49331.0,49400.0
1953,49334.0,49331.0,49400.0
1954,49334.0,49331.0,49400.0
1955,49334.0,49331.0,49400.0
1956,49334.0,49331.0,49400.0
1957,49334.0,49331.0,49400.0
1958,49334.0,49331.0,49400.0
1959,49334.0,49331.0,49400.0
1960,49334.0,49331.0,49400.0
1961,49334.0,49331.0,49400.0
1962,49334.0,49331.0,49400.0
1963,49334.0,49331.0,49400.0
1964,49334.0,49331.0,49400.0
1965,49334.0,49331.0,49400.0
1966,49334.0,49331.0,49400.0
1967,49334.0,49331.0,49400.0
1968,49334.0,49331.0,49400.0
1969,49334.0,49331.0,49400.0
1970,49334.0,49331.0,49400.0
1971,49334.0,49331.0,49400.0
1972,49334.0,49331.0,49400.0
1973,49334.0,49331.0,49400.0
1974,49334.0,49331.0,49400.0
1975,49334.0,49331.0,49400.0
1976,49334.0,49331.0,49400.0
1977,49334.0,49331.0,49400.0
1978,49334.0,49331.0,49400.0
1979,49334.0,49331.0,49400.0
1980,49334.0,49331.0,49400.0
1981,49334.0,49331.0,49400.0
1982,49334.0,49331.0,49400.0
1983,49334.0,49331.0,49400.0
1984,49334.0,49331.0,49400.0
1985,49334.0,49331.0,49400.0
1986,49334.0,49331.0,49400.0
1987,49334.0,49331.0,49400.0
1988,49334.0,49331.0,49400.0
1989,49334.0,49331.0,49400.0
1990,49334.0,49331.0,49400.0
1991,49334.0,49331.0,49400.0
1992,49334.0,49331.0,49400.0
1993,49334.0,49331.0,49400.0
1994,49334.0,49331.0,49400.0
1995,49334.0,49331.0,49400.0
1996,49334.0,49331.0,49400.0
1997,49334.0,49331.0,49400.0
1998,49334.0,49331.0,49400.0
1999,49334.0,49331.0,49400.0
2000,49334.0,49331.0,49400.0
2001,49334.0,49331.0,49400.0
2002,49334.0,49331.0,49400.0
2003,49334.0,49331.0,49400.0
2004,49334.0,49331.0,49400.0
2005,49334.0,49331.0,49400.0
2006,49334.0,49331.0,49400.0
2007,49334.0,49331.0,49400.0
2008,49334.0,49331.0,49400.0
2009,49334.0,49331.0,49400.0
2010,49334.0,49331.0,49400.0
2011,49334.0,49331.0,49400.0
2012,49334.0,49354.0,49400.0
2013,49334.0,49354.0,49400.0
2014,49334.0,49354.0,49400.0
2015,49334.0,49354.0,49400.0
2016,49334.0,49354.0,49400.0
2017,49334.0,49354.0,49400.0
2018,49334.0,49354.0,49400.0
2019,49334.0,49354.0,49400.0
2020,49334.0,49354.0,49400.0
2021,49334.0,49354.0,49400.0
2022,49334.0,49354.0,49400.0
2023,49334.0,49354.0,49400.0
2024,49334.0,49354.0,49400.0
2025,49334.0,49354.0,49400.0
2026,49334.0,49354.0,49400.0
2027,49334.0,49354.0,49400.0
2028,49334.0,49354.0,49400.0
2029,49334.0,49354.0,49400.0
2030,49334.0,49354.0,49400.0
2031,49334.0,49354.0,49400.0
2032,49334.0,49354.0,49400.0
2033,49334.0,49354.0,49400.0
2034,49334.0,49354.0,49400.0
2035,49334.0,49354.0,49400.0
2036,49334.0,49354.0,49400.0
2037,49334.0,49354.0,49400.0
2038,49334.0,49354.0,49400.0
2039,49334.0,49354.0,49400.0
2040,49334.0,49354.0,49400.0
2041,49334.0,49354.0,49400.0
2042,49334.0,49354.0,49400.0
2043,49334.0,49354.0,49400.0
2044,49334.0,49354.0,49400.0
2045,49334.0,49354.0,49400.0
2046,49334.0,49354.0,49400.0
2047,49334.0,49354.0,49400.0
2048,49334.0,49354.0,49400.0
2049,49334.0,49354.0,49400.0
2050,49334.0,49354.0,49400.0
2051,49334.0,49354.0,49400.0
2052,49334.0,49354.0,49400.0
2053,49334.0,49354.0,49400.0
2054,49334.0,49354.0,49400.0
2055,49334.0,49354.0,49400.0
2056,49334.0,49354.0,49400.0
2057,49334.0,49354.0,49400.0
2058,49334.0,49354.0,49400.0
2059,49334.0,49354.0,49400.0
2060,49334.0,49354.0,49400.0
2061,49334.0,49354.0,49400.0
2062,49334.0,49354.0,49400.0
2063,49334.0,49354.0,49400.0
2064,49334.0,49354.0,49400.0
2065,49334.0,49354.0,49400.0
2066,49334.0,49354.0,49400.0
2067,49334.0,49354.0,49400.0
2068,49334.0,49354.0,49400.0
2069,49334.0,49354.0,49400.0
2070,49334.0,49354.0,49400.0
2071,49334.0,49354.0,49400.0
2072,49334.0,49354.0,49400.0
2073,49334.0,49354.0,49400.0
2074,49334.0,49354.0,49400.0
2075,49334.0,49354.0,49400.0
2076,49334.0,49354.0,49400.0
2077,49334.0,49354.0,49400.0
2078,49334.0,49354.0,49400.0
2079,49334.0,49354.0,49400.0
2080,49334.0,49354.0,49400.0
2081,49334.0,49354.0,49400.0
2082,49334.0,49354.0,49400.0
2083,49334.0,49354.0,49400.0
2084,49334.0,49354.0,49400.0
2085,49334.0,49354.0,49400.0
2086,49334.0,49354.0,49400.0
2087,49334.0,49354.0,49400.0
2088,49334.0,49354.0,49400.0
2089,49334.0,49354.0,49400.0
2090,49334.0,49354.0,49400.0
2091,49334.0,49354.0,49400.0
2092,49334.0,49354.0,49400.0
2093,49334.0,49354.0,49400.0
2094,49334.0,49354.0,49400.0
2095,49334.0,49354.0,49400.0
2096,49334.0,49354.0,49400.0
2097,49334.0,49354.0,49400.0
2098,49334.0,49354.0,49400.0
2099,49334.0,49354.0,49400.0
2100,49334.0,49354.0,49400.0
2101,49334.0,49354.0,49400.0
2102,49334.0,49354.0,49400.0
2103,49334.0,49354.0,49400.0
2104,49334.0,49354.0,49400.0
2105,49334.0,49354.0,49400.0
2106,49334.0,49354.0,49400.0
2107,49334.0,49354.0,49400.0
2108,49334.0,49354.0,49400.0
2109,49334.0,49371.0,49400.0
2110,49334.0,49371.0,49400.0
2111,49334.0,49371.0,49400.0
2112,49334.0,49371.0,49400.0
2113,49334.0,49371.0,49400.0
2114,49334.0,49371.0,49400.0
2115,49334.0,49371.0,49400.0
2116,49334.0,49371.0,49400.0
2117,49334.0,49371.0,49400.0
2118,49334.0,49371.0,49400.0
2119,49334.0,49371.0,49400.0
2120,49334.0,49371.0,49400.0
2121,49334.0,49371.0,49400.0
2122,49334.0,49371.0,49400.0
2123,49334.0,49371.0,49400.0
2124,49334.0,49371.0,49400.0
2125,49334.0,49371.0,49400.0
2126,49334.0,49372.0,49400.0
2127,49334.0,49372.0,49400.0
2128,49334.0,49372.0,49400.0
2129,49334.0,49372.0,49400.0
2130,49334.0,49372.0,49400.0
2131,49334.0,49372.0,49400.0
2132,49334.0,49372.0,49400.0
2133,49334.0,49372.0,49400.0
2134,49334.0,49372.0,49400.0
2135,49334.0,49372.0,49400.0
2136,49334.0,49372.0,49400.0
2137,49334.0,49372.0,49400.0
2138,49334.0,49372.0,49400.0
2139,49334.0,49372.0,49400.0
2140,49334.0,49372.0,49400.0
2141,49334.0,49372.0,49400.0
2142,49334.0,49372.0,49400.0
2143,49334.0,49372.0,49400.0
2144,49334.0,49372.0,49400.0
2145,49334.0,49372.0,49400.0
2146,49334.0,49372.0,49400.0
2147,49334.0,49372.0,49400.0
2148,49334.0,49372.0,49400.0
2149,49334.0,49372.0,49400.0
2150,49334.0,49372.0,49400.0
2151,49334.0,49372.0,49400.0
2152,49334.0,49372.0,49400.0
2153,49334.0,49372.0,49400.0
2154,49334.0,49372.0,49400.0
2155,49334.0,49372.0,49400.0
2156,49334.0,49372.0,49400.0
2157,49334.0,49372.0,49400.0
2158,49334.0,49372.0,49400.0
2159,49334.0,49372.0,49400.0
2160,49334.0,49372.0,49400.0
2161,49334.0,49372.0,49400.0
2162,49334.0,49372.0,49400.0
2163,49334.0,49372.0,49400.0
2164,49334.0,49372.0,49400.0
2165,49334.0,49372.0,49400.0
2166,49334.0,49372.0,49400.0
2167,49334.0,49372.0,49400.0
2168,49334.0,49372.0,49400.0
2169,49334.0,49372.0,49400.0
2170,49334.0,49372.0,49400.0
2171,49334.0,49372.0,49400.0
2172,49334.0,49372.0,49400.0
2173,49334.0,49372.0,49400.0
2174,49334.0,49372.0,49400.0
2175,49334.0,49372.0,49400.0
2176,49334.0,49372.0,49400.0
2177,49334.0,49372.0,49400.0
2178,49334.0,49372.0,49400.0
2179,49334.0,49372.0,49400.0
2180,49334.0,49372.0,49400.0
2181,49334.0,49372.0,49400.0
2182,49334.0,49372.0,49400.0
2183,49334.0,49372.0,49400.0
2184,49334.0,49372.0,49400.0
2185,49334.0,49372.0,49400.0
2186,49334.0,49372.0,49400.0
2187,49334.0,49372.0,49400.0
2188,49334.0,49372.0,49400.0
2189,49334.0,49372.0,49400.0
2190,49334.0,49372.0,49400.0
2191,49334.0,49372.0,49400.0
2192,49334.0,49372.0,49400.0
2193,49334.0,49372.0,49400.0
2194,49334.0,49372.0,49400.0
2195,49334.0,49372.0,49400.0
2196,49334.0,49372.0,49400.0
2197,49334.0,49372.0,49400.0
2198,49334.0,49372.0,49400.0
2199,49334.0,49372.0,49400.0
2200,49334.0,49372.0,49400.0
2201,49334.0,49372.0,49400.0
2202,49334.0,49372.0,49400.0
2203,49334.0,49372.0,49400.0
2204,49334.0,49372.0,49400.0
2205,49334.0,49372.0,49400.0
2206,49334.0,49372.0,49400.0
2207,49334.0,49372.0,49400.0
2208,49334.0,49372.0,49400.0
2209,49334.0,49372.0,49400.0
2210,49334.0,49372.0,49400.0
2211,49334.0,49372.0,49400.0
2212,49334.0,49372.0,49400.0
2213,49334.0,49372.0,49400.0
2214,49334.0,49372.0,49400.0
2215,49334.0,49372.0,49400.0
2216,49334.0,49372.0,49400.0
2217,49334.0,49372.0,49400.0
2218,49334.0,49372.0,49400.0
2219,49334.0,49372.0,49400.0
2220,49334.0,49372.0,49400.0
2221,49334.0,49372.0,49400.0
2222,49334.0,49372.0,49400.0
2223,49334.0,49372.0,49400.0
2224,49334.0,49372.0,49400.0
2225,49334.0,49372.0,49400.0
2226,49334.0,49372.0,49400.0
2227,49334.0,49372.0,49400.0
2228,49334.0,49372.0,49400.0
2229,49334.0,49372.0,49400.0
2230,49334.0,49372.0,49400.0
2231,49334.0,49372.0,49400.0
2232,49334.0,49372.0,49400.0
2233,49334.0,49372.0,49400.0
2234,49334.0,49372.0,49400.0
2235,49334.0,49372.0,49400.0
2236,49334.0,49372.0,49400.0
2237,49334.0,49372.0,49400.0
2238,49334.0,49372.0,49400.0
2239,49334.0,49372.0,49400.0
2240,49334.0,49372.0,49400.0
2241,49334.0,49372.0,49400.0
2242,49334.0,49372.0,49400.0
2243,49334.0,49372.0,49400.0
2244,49334.0,49372.0,49400.0
2245,49334.0,49372.0,49400.0
2246,49334.0,49372.0,49400.0
2247,49334.0,49372.0,49400.0
2248,49334.0,49372.0,49400.0
2249,49334.0,49372.0,49400.0
2250,49334.0,49372.0,49400.0
2251,49334.0,49372.0,49400.0
2252,49334.0,49391.0,49400.0
2253,49334.0,49391.0,49400.0
2254,49334.0,49392.0,49400.0
2255,49334.0,49392.0,49400.0
2256,49334.0,49392.0,49400.0
2257,49334.0,49392.0,49400.0
2258,49334.0,49392.0,49400.0
2259,49334.0,49392.0,49400.0
2260,49334.0,49392.0,49400.0
2261,49334.0,49392.0,49400.0
2262,49334.0,49392.0,49400.0
2263,49334.0,49392.0,49400.0
2264,49334.0,49392.0,49400.0
2265,49334.0,49392.0,49400.0
2266,49334.0,49392.0,49400.0
2267,49334.0,49392.0,49400.0
2268,49334.0,49392.0,49400.0
2269,49334.0,49392.0,49400.0
2270,49334.0,49392.0,49400.0
2271,49334.0,49392.0,49400.0
2272,49334.0,49392.0,49400.0
2273,49334.0,49392.0,49400.0
2274,49334.0,49392.0,49400.0
2275,49334.0,49392.0,49400.0
2276,49334.0,49392.0,49400.0
2277,49334.0,49392.0,49400.0
2278,49334.0,49392.0,49400.0
2279,49334.0,49392.0,49400.0
2280,49334.0,49392.0,49400.0
2281,49334.0,49392.0,49400.0
2282,49334.0,49392.0,49400.0
2283,49334.0,49392.0,49400.0
2284,49334.0,49392.0,49400.0
2285,49334.0,49392.0,49400.0
2286,49334.0,49392.0,49400.0
2287,49334.0,49392.0,49400.0
2288,49334.0,49392.0,49400.0
2289,49334.0,49392.0,49400.0
2290,49334.0,49392.0,49400.0
2291,49334.0,49392.0,49400.0
2292,49334.0,49392.0,49400.0
2293,49334.0,49392.0,49400.0
2294,49334.0,49392.0,49400.0
2295,49334.0,49392.0,49400.0
2296,49334.0,49392.0,49400.0
2297,49334.0,49392.0,49400.0
2298,49334.0,49392.0,49400.0
2299,49334.0,49392.0,49400.0
2300,49334.0,49392.0,49400.0
2301,49334.0,49392.0,49400.0
2302,49334.0,49392.0,49400.0
2303,49334.0,49392.0,49400.0
2304,49334.0,49392.0,49400.0
2305,49334.0,49392.0,49400.0
2306,49334.0,49392.0,49400.0
2307,49334.0,49392.0,49400.0
2308,49334.0,49392.0,49400.0
2309,49334.0,49392.0,49400.0
2310,49334.0,49392.0,49400.0
2311,49334.0,49392.0,49400.0
2312,49334.0,49392.0,49400.0
2313,49334.0,49392.0,49400.0
2314,49334.0,49392.0,49400.0
2315,49334.0,49392.0,49400.0
2316,49334.0,49392.0,49400.0
2317,49334.0,49392.0,49400.0
2318,49334.0,49392.0,49400.0
2319,49334.0,49392.0,49400.0
2320,49334.0,49392.0,49400.0
2321,49334.0,49392.0,49400.0
2322,49334.0,49392.0,49400.0
2323,49334.0,49392.0,49400.0
2324,49334.0,49392.0,49400.0
2325,49334.0,49392.0,49400.0
2326,49334.0,49392.0,49400.0
2327,49334.0,49392.0,49400.0
2328,49334.0,49392.0,49400.0
2329,49334.0,49392.0,49400.0
2330,49334.0,49392.0,49400.0
2331,49334.0,49392.0,49400.0
2332,49334.0,49392.0,49400.0
2333,49334.0,49392.0,49400.0
2334,49334.0,49392.0,49400.0
2335,49334.0,49392.0,49400.0
2336,49334.0,49392.0,49400.0
2337,49334.0,49392.0,49400.0
2338,49334.0,49392.0,49400.0
2339,49334.0,49392.0,49400.0
2340,49334.0,49392.0,49400.0
2341,49334.0,49392.0,49400.0
2342,49334.0,49392.0,49400.0
2343,49334.0,49392.0,49400.0
2344,49334.0,49392.0,49400.0
2345,49334.0,49392.0,49400.0
2346,49334.0,49392.0,49400.0
2347,49334.0,49392.0,49400.0
2348,49334.0,49392.0,49400.0
2349,49334.0,49392.0,49400.0
2350,49334.0,49392.0,49400.0
2351,49334.0,49392.0,49400.0
2352,49334.0,49392.0,49400.0
2353,49334.0,49392.0,49400.0
2354,49334.0,49392.0,49400.0
2355,49334.0,49392.0,49400.0
2356,49334.0,49392.0,49400.0
2357,49334.0,49392.0,49400.0
2358,49334.0,49392.0,49400.0
2359,49334.0,49392.0,49400.0
2360,49334.0,49392.0,49400.0
2361,49334.0,49392.0,49400.0
2362,49334.0,49392.0,49400.0
2363,49334.0,49392.0,49400.0
2364,49334.0,49392.0,49400.0
2365,49334.0,49392.0,49400.0
2366,49334.0,49392.0,49400.0
2367,49334.0,49392.0,49400.0
2368,49334.0,49392.0,49400.0
2369,49334.0,49392.0,49400.0
2370,49334.0,49392.0,49400.0
2371,49334.0,49392.0,49400.0
2372,49334.0,49392.0,49400.0
2373,49334.0,49392.0,49400.0
2374,49334.0,49392.0,49400.0
2375,49334.0,49392.0,49400.0
2376,49334.0,49392.0,49400.0
2377,49334.0,49392.0,49400.0
2378,49334.0,49392.0,49400.0
2379,49334.0,49392.0,49400.0
2380,49334.0,49392.0,49400.0
2381,49334.0,49392.0,49400.0
2382,49334.0,49392.0,49400.0
2383,49334.0,49392.0,49400.0
2384,49334.0,49392.0,49400.0
2385,49334.0,49392.0,49400.0
2386,49334.0,49392.0,49400.0
2387,49334.0,49392.0,49400.0
2388,49334.0,49392.0,49400.0
2389,49334.0,49392.0,49400.0
2390,49334.0,49392.0,49400.0
2391,49334.0,49392.0,49400.0
2392,49334.0,49392.0,49400.0
2393,49334.0,49392.0,49400.0
2394,49334.0,49392.0,49400.0
2395,49334.0,49392.0,49400.0
2396,49334.0,49392.0,49400.0
2397,49334.0,49392.0,49400.0
2398,49334.0,49392.0,49400.0
2399,49334.0,49392.0,49400.0
2400,49334.0,49392.0,49400.0
2401,49334.0,49392.0,49400.0
2402,49334.0,49392.0,49400.0
2403,49334.0,49392.0,49400.0
2404,49334.0,49392.0,49400.0
2405,49334.0,49392.0,49400.0
2406,49334.0,49392.0,49400.0
2407,49334.0,49392.0,49400.0
2408,49334.0,49392.0,49400.0
2409,49334.0,49392.0,49400.0
2410,49334.0,49392.0,49400.0
2411,49334.0,49392.0,49400.0
2412,49334.0,49392.0,49400.0
2413,49334.0,49392.0,49400.0
2414,49334.0,49392.0,49400.0
2415,49334.0,49392.0,49400.0
2416,49334.0,49392.0,49400.0
2417,49334.0,49392.0,49400.0
2418,49334.0,49392.0,49400.0
2419,49334.0,49392.0,49400.0
2420,49334.0,49392.0,49400.0
2421,49334.0,49392.0,49400.0
2422,49334.0,49392.0,49400.0
2423,49334.0,49392.0,49400.0
2424,49334.0,49392.0,49400.0
2425,49334.0,49392.0,49400.0
2426,49334.0,49392.0,49400.0
2427,49334.0,49392.0,49400.0
2428,49334.0,49392.0,49400.0
2429,49334.0,49392.0,49400.0
2430,49334.0,49392.0,49400.0
2431,49334.0,49392.0,49400.0
2432,49334.0,49392.0,49400.0
2433,49334.0,49392.0,49400.0
2434,49334.0,49392.0,49400.0
2435,49334.0,49392.0,49400.0
2436,49334.0,49392.0,49400.0
2437,49334.0,49392.0,49400.0
2438,49334.0,49392.0,49400.0
2439,49334.0,49392.0,49400.0
2440,49334.0,49392.0,49400.0
2441,49334.0,49392.0,49400.0
2442,49334.0,49392.0,49400.0
2443,49334.0,49392.0,49400.0
2444,49334.0,49392.0,49400.0
2445,49334.0,49392.0,49400.0
2446,49334.0,49392.0,49400.0
2447,49334.0,49392.0,49400.0
2448,49334.0,49392.0,49400.0
2449,49334.0,49392.0,49400.0
2450,49334.0,49392.0,49400.0
2451,49334.0,49392.0,49400.0
2452,49334.0,49392.0,49400.0
2453,49334.0,49392.0,49400.0
2454,49334.0,49392.0,49400.0
2455,49334.0,49392.0,49400.0
2456,49334.0,49392.0,49400.0
2457,49334.0,49392.0,49400.0
2458,49334.0,49392.0,49400.0
2459,49334.0,49392.0,49400.0
2460,49334.0,49392.0,49400.0
2461,49334.0,49392.0,49400.0
2462,49334.0,49392.0,49400.0
2463,49334.0,49392.0,49400.0
2464,49334.0,49392.0,49400.0
2465,49334.0,49392.0,49400.0
2466,49334.0,49392.0,49400.0
2467,49334.0,49392.0,49400.0
2468,49334.0,49392.0,49400.0
2469,49334.0,49392.0,49400.0
2470,49334.0,49392.0,49400.0
2471,49334.0,49392.0,49400.0
2472,49334.0,49392.0,49400.0
2473,49341.0,49392.0,49414.0
2474,49341.0,49392.0,49414.0
2475,49341.0,49392.0,49414.0
2476,49341.0,49392.0,49414.0
2477,49341.0,49392.0,49414.0
2478,49341.0,49392.0,49414.0
2479,49341.0,49392.0,49414.0
2480,49341.0,49392.0,49414.0
2481,49341.0,49392.0,49414.0
2482,49341.0,49392.0,49414.0
2483,49341.0,49392.0,49414.0
2484,49341.0,49392.0,49414.0
2485,49341.0,49392.0,49414.0
2486,49341.0,49392.0,49414.0
2487,49341.0,49392.0,49414.0
2488,49341.0,49392.0,49414.0
2489,49341.0,49392.0,49414.0
2490,49341.0,49392.0,49414.0
2491,49341.0,49392.0,49414.0
2492,49341.0,49392.0,49414.0
2493,49341.0,49392.0,49414.0
2494,49341.0,49392.0,49414.0
2495,49341.0,49392.0,49414.0
2496,49341.0,49392.0,49414.0
2497,49341.0,49392.0,49414.0
2498,49341.0,49392.0,49414.0
2499,49341.0,49392.0,49414.0
2500,49341.0,49392.0,49414.0
2501,49341.0,49392.0,49414.0
2502,49341.0,49392.0,49414.0
2503,49341.0,49392.0,49414.0
2504,49341.0,49392.0,49414.0
2505,49341.0,49392.0,49414.0
2506,49341.0,49392.0,49414.0
2507,49341.0,49392.0,49414.0
2508,49341.0,49392.0,49414.0
2509,49341.0,49392.0,49414.0
2510,49341.0,49392.0,49414.0
2511,49341.0,49392.0,49414.0
2512,49341.0,49392.0,49414.0
2513,49341.0,49392.0,49414.0
2514,49341.0,49392.0,49414.0
2515,49341.0,49392.0,49414.0
2516,49341.0,49392.0,49414.0
2517,49341.0,49392.0,49414.0
2518,49341.0,49392.0,49414.0
2519,49341.0,49392.0,49414.0
2520,49341.0,49392.0,49414.0
2521,49341.0,49392.0,49414.0
2522,49341.0,49392.0,49414.0
2523,49341.0,49392.0,49414.0
2524,49341.0,49392.0,49414.0
2525,49341.0,49392.0,49414.0
2526,49341.0,49392.0,49414.0
2527,49341.0,49392.0,49414.0
2528,49341.0,49392.0,49414.0
2529,49341.0,49392.0,49414.0
2530,49341.0,49392.0,49414.0
2531,49341.0,49392.0,49414.0
2532,49341.0,49392.0,49414.0
2533,49341.0,49392.0,49414.0
2534,49341.0,49392.0,49414.0
2535,49341.0,49392.0,49414.0
2536,49341.0,49392.0,49414.0
2537,49341.0,49392.0,49414.0
2538,49341.0,49392.0,49414.0
2539,49341.0,49392.0,49414.0
2540,49341.0,49392.0,49414.0
2541,49341.0,49392.0,49414.0
2542,49341.0,49392.0,49414.0
2543,49341.0,49392.0,49414.0
2544,49341.0,49392.0,49414.0
2545,49341.0,49392.0,49414.0
2546,49341.0,49392.0,49414.0
2547,49341.0,49392.0,49414.0
2548,49341.0,49392.0,49414.0
2549,49341.0,49392.0,49414.0
2550,49341.0,49392.0,49414.0
2551,49341.0,49392.0,49414.0
2552,49341.0,49392.0,49414.0
2553,49341.0,49392.0,49414.0
2554,49341.0,49392.0,49414.0
2555,49341.0,49392.0,49414.0
2556,49341.0,49392.0,49414.0
2557,49341.0,49392.0,49414.0
2558,49341.0,49392.0,49414.0
2559,49341.0,49392.0,49414.0
2560,49341.0,49392.0,49414.0
2561,49341.0,49392.0,49414.0
2562,49341.0,49392.0,49414.0
2563,49341.0,49392.0,49414.0
2564,49341.0,49392.0,49414.0
2565,49341.0,49392.0,49414.0
2566,49341.0,49392.0,49414.0
2567,49341.0,49392.0,49414.0
2568,49341.0,49392.0,49414.0
2569,49341.0,49392.0,49414.0
2570,49341.0,49392.0,49414.0
2571,49341.0,49392.0,49414.0
2572,49341.0,49392.0,49414.0
2573,49341.0,49392.0,49414.0
2574,49341.0,49392.0,49414.0
2575,49341.0,49392.0,49414.0
2576,49341.0,49392.0,49414.0
2577,49341.0,49392.0,49414.0
2578,49341.0,49392.0,49414.0
2579,49341.0,49392.0,49414.0
2580,49341.0,49392.0,49414.0
2581,49341.0,49392.0,49414.0
2582,49341.0,49392.0,49414.0
2583,49341.0,49392.0,49414.0
2584,49341.0,49392.0,49414.0
2585,49341.0,49392.0,49414.0
2586,49341.0,49392.0,49414.0
2587,49341.0,49392.0,49414.0
2588,49341.0,49392.0,49414.0
2589,49341.0,49392.0,49414.0
2590,49341.0,49392.0,49414.0
2591,49341.0,49392.0,49414.0
2592,49341.0,49392.0,49414.0
2593,49341.0,49392.0,49414.0
2594,49341.0,49392.0,49414.0
2595,49341.0,49392.0,49414.0
2596,49341.0,49392.0,49414.0
2597,49341.0,49392.0,49414.0
2598,49341.0,49392.0,49414.0
2599,49341.0,49392.0,49414.0
2600,49341.0,49392.0,49414.0
2601,49341.0,49392.0,49414.0
2602,49341.0,49392.0,49414.0
2603,49341.0,49392.0,49414.0
2604,49341.0,49392.0,49414.0
2605,49341.0,49392.0,49414.0
2606,49341.0,49392.0,49414.0
2607,49341.0,49392.0,49414.0
2608,49341.0,49392.0,49414.0
2609,49341.0,49392.0,49414.0
2610,49341.0,49392.0,49414.0
2611,49341.0,49392.0,49414.0
2612,49341.0,49392.0,49414.0
2613,49341.0,49392.0,49414.0
2614,49341.0,49392.0,49414.0
2615,49341.0,49392.0,49414.0
2616,49341.0,49392.0,49414.0
2617,49341.0,49392.0,49414.0
2618,49341.0,49392.0,49414.0
2619,49341.0,49392.0,49414.0
2620,49341.0,49392.0,49414.0
2621,49341.0,49392.0,49414.0
2622,49341.0,49392.0,49414.0
2623,49341.0,49392.0,49414.0
2624,49341.0,49392.0,49414.0
2625,49341.0,49392.0,49414.0
2626,49341.0,49392.0,49414.0
2627,49341.0,49392.0,49414.0
2628,49341.0,49392.0,49414.0
2629,49341.0,49392.0,49414.0
2630,49341.0,49392.0,49414.0
2631,49341.0,49392.0,49414.0
2632,49341.0,49392.0,49414.0
2633,49341.0,49392.0,49414.0
2634,49341.0,49392.0,49414.0
2635,49341.0,49392.0,49414.0
2636,49341.0,49392.0,49414.0
2637,49341.0,49392.0,49414.0
2638,49341.0,49392.0,49414.0
2639,49341.0,49392.0,49414.0
2640,49341.0,49392.0,49414.0
2641,49341.0,49392.0,49414.0
2642,49341.0,49392.0,49414.0
2643,49341.0,49392.0,49414.0
2644,49341.0,49392.0,49414.0
2645,49341.0,49392.0,49414.0
2646,49341.0,49392.0,49414.0
2647,49341.0,49392.0,49414.0
2648,49341.0,49392.0,49414.0
2649,49341.0,49392.0,49414.0
2650,49341.0,49392.0,49414.0
2651,49341.0,49392.0,49414.0
2652,49341.0,49392.0,49414.0
2653,49341.0,49392.0,49414.0
2654,49341.0,49392.0,49414.0
2655,49341.0,49392.0,49414.0
2656,49341.0,49392.0,49414.0
2657,49341.0,49392.0,49414.0
2658,49341.0,49392.0,49414.0
2659,49341.0,49392.0,49414.0
2660,49341.0,49392.0,49414.0
2661,49341.0,49392.0,49414.0
2662,49341.0,49392.0,49414.0
2663,49341.0,49392.0,49414.0
2664,49341.0,49392.0,49414.0
2665,49341.0,49392.0,49414.0
2666,49341.0,49392.0,49414.0
2667,49341.0,49392.0,49414.0
2668,49341.0,49392.0,49414.0
2669,49341.0,49392.0,49414.0
2670,49341.0,49392.0,49414.0
2671,49341.0,49392.0,49414.0
2672,49341.0,49392.0,49414.0
2673,49341.0,49392.0,49414.0
2674,49341.0,49392.0,49414.0
2675,49341.0,49392.0,49414.0
2676,49341.0,49392.0,49414.0
2677,49341.0,49392.0,49414.0
2678,49341.0,49392.0,49414.0
2679,49341.0,49392.0,49414.0
2680,49341.0,49392.0,49414.0
2681,49341.0,49392.0,49414.0
2682,49341.0,49392.0,49414.0
2683,49341.0,49392.0,49414.0
2684,49341.0,49392.0,49414.0
2685,49341.0,49392.0,49414.0
2686,49341.0,49392.0,49414.0
2687,49341.0,49392.0,49414.0
2688,49341.0,49392.0,49414.0
2689,49341.0,49392.0,49414.0
2690,49341.0,49392.0,49414.0
2691,49341.0,49392.0,49414.0
2692,49341.0,49392.0,49414.0
2693,49341.0,49392.0,49414.0
2694,49341.0,49392.0,49414.0
2695,49341.0,49392.0,49414.0
2696,49341.0,49392.0,49414.0
2697,49341.0,49392.0,49414.0
2698,49341.0,49392.0,49414.0
2699,49341.0,49392.0,49414.0
2700,49341.0,49392.0,49414.0
2701,49341.0,49392.0,49414.0
2702,49341.0,49392.0,49414.0
2703,49341.0,49392.0,49414.0
2704,49341.0,49392.0,49414.0
2705,49341.0,49392.0,49414.0
2706,49341.0,49392.0,49414.0
2707,49341.0,49392.0,49414.0
2708,49341.0,49392.0,49414.0
2709,49341.0,49392.0,49414.0
2710,49341.0,49392.0,49414.0
2711,49341.0,49392.0,49414.0
2712,49341.0,49392.0,49414.0
2713,49341.0,49392.0,49414.0
2714,49341.0,49392.0,49414.0
2715,49341.0,49392.0,49414.0
2716,49341.0,49392.0,49414.0
2717,49341.0,49392.0,49414.0
2718,49341.0,49392.0,49414.0
2719,49341.0,49392.0,49414.0
2720,49341.0,49392.0,49414.0
2721,49341.0,49392.0,49414.0
2722,49341.0,49392.0,49414.0
2723,49341.0,49392.0,49414.0
2724,49341.0,49392.0,49414.0
2725,49341.0,49392.0,49414.0
2726,49345.5,49392.0,49423.0
2727,49345.5,49392.0,49423.0
2728,49345.5,49392.0,49423.0
2729,49345.5,49392.0,49423.0
2730,49345.5,49392.0,49423.0
2731,49345.5,49392.0,49423.0
2732,49345.5,49392.0,49423.0
2733,49345.5,49392.0,49423.0
2734,49345.5,49392.0,49423.0
2735,49345.5,49392.0,49423.0
2736,49345.5,49392.0,49423.0
2737,49345.5,49392.0,49423.0
2738,49345.5,49392.0,49423.0
2739,49345.5,49392.0,49423.0
2740,49345.5,49392.0,49423.0
2741,49345.5,49392.0,49423.0
2742,49345.5,49392.0,49423.0
2743,49345.5,49392.0,49423.0
2744,49345.5,49392.0,49423.0
2745,49345.5,49392.0,49423.0
2746,49345.5,49392.0,49423.0
2747,49345.5,49392.0,49423.0
2748,49345.5,49392.0,49423.0
2749,49345.5,49392.0,49423.0
2750,49345.5,49392.0,49423.0
2751,49345.5,49392.0,49423.0
2752,49345.5,49392.0,49423.0
2753,49345.5,49392.0,49423.0
2754,49345.5,49392.0,49423.0
2755,49345.5,49392.0,49423.0
2756,49345.5,49392.0,49423.0
2757,49345.5,49392.0,49423.0
2758,49345.5,49392.0,49423.0
2759,49345.5,49392.0,49423.0
2760,49345.5,49392.0,49423.0
2761,49345.5,49392.0,49423.0
2762,49345.5,49392.0,49423.0
2763,49345.5,49392.0,49423.0
2764,49345.5,49392.0,49423.0
2765,49345.5,49392.0,49423.0
2766,49345.5,49392.0,49423.0
2767,49345.5,49392.0,49423.0
2768,49345.5,49392.0,49423.0
2769,49345.5,49392.0,49423.0
2770,49345.5,49392.0,49423.0
2771,49345.5,49392.0,49423.0
2772,49345.5,49392.0,49423.0
2773,49345.5,49392.0,49423.0
2774,49345.5,49392.0,49423.0
2775,49345.5,49392.0,49423.0
2776,49345.5,49392.0,49423.0
2777,49345.5,49392.0,49423.0
2778,49345.5,49392.0,49423.0
2779,49345.5,49392.0,49423.0
2780,49345.5,49392.0,49423.0
2781,49345.5,49392.0,49423.0
2782,49345.5,49392.0,49423.0
2783,49345.5,49392.0,49423.0
2784,49345.5,49392.0,49423.0
2785,49345.5,49392.0,49423.0
2786,49345.5,49392.0,49423.0
2787,49345.5,49392.0,49423.0
2788,49345.5,49392.0,49423.0
2789,49345.5,49392.0,49423.0
2790,49345.5,49392.0,49423.0
2791,49345.5,49392.0,49423.0
2792,49345.5,49392.0,49423.0
2793,49345.5,49392.0,49423.0
2794,49349.5,49392.0,49431.0
2795,49349.5,49392.0,49431.0
2796,49349.5,49392.0,49431.0
2797,49349.5,49392.0,49431.0
2798,49349.5,49392.0,49431.0
2799,49349.5,49392.0,49431.0
2800,49349.5,49392.0,49431.0
2801,49349.5,49392.0,49431.0
2802,49353.5,49392.0,49439.0
2803,49353.5,49392.0,49439.0
2804,49353.5,49392.0,49439.0
2805,49353.5,49392.0,49439.0
2806,49353.5,49392.0,49439.0
2807,49353.5,49392.0,49439.0
2808,49353.5,49392.0,49439.0
2809,49353.5,49392.0,49439.0
2810,49353.5,49392.0,49439.0
2811,49353.5,49392.0,49439.0
2812,49353.5,49392.0,49439.0
2813,49353.5,49392.0,49439.0
2814,49353.5,49392.0,49439.0
2815,49353.5,49392.0,49439.0
2816,49353.5,49392.0,49439.0
2817,49353.5,49392.0,49439.0
2818,49353.5,49392.0,49439.0
2819,49353.5,49392.0,49439.0
2820,49353.5,49392.0,49439.0
2821,49353.5,49392.0,49439.0
2822,49353.5,49392.0,49439.0
2823,49353.5,49392.0,49439.0
2824,49353.5,49392.0,49439.0
2825,49353.5,49392.0,49439.0
2826,49353.5,49392.0,49439.0
2827,49353.5,49392.0,49439.0
2828,49353.5,49392.0,49439.0
2829,49353.5,49392.0,49439.0
2830,49353.5,49392.0,49439.0
2831,49353.5,49392.0,49439.0
2832,49353.5,49392.0,49439.0
2833,49353.5,49392.0,49439.0
2834,49353.5,49392.0,49439.0
2835,49353.5,49392.0,49439.0
2836,49353.5,49392.0,49439.0
2837,49353.5,49392.0,49439.0
2838,49353.5,49392.0,49439.0
2839,49353.5,49392.0,49439.0
2840,49353.5,49392.0,49439.0
2841,49353.5,49392.0,49439.0
2842,49353.5,49392.0,49439.0
2843,49353.5,49392.0,49439.0
2844,49353.5,49392.0,49439.0
2845,49353.5,49392.0,49439.0
2846,49353.5,49392.0,49439.0
2847,49353.5,49392.0,49439.0
2848,49353.5,49392.0,49439.0
2849,49353.5,49392.0,49439.0
2850,49353.5,49392.0,49439.0
2851,49353.5,49392.0,49439.0
2852,49353.5,49392.0,49439.0
2853,49353.5,49392.0,49439.0
2854,49353.5,49392.0,49439.0
2855,49353.5,49392.0,49439.0
2856,49353.5,49392.0,49439.0
2857,49353.5,49392.0,49439.0
2858,49353.5,49392.0,49439.0
2859,49353.5,49392.0,49439.0
2860,49353.5,49392.0,49439.0
2861,49353.5,49392.0,49439.0
2862,49353.5,49392.0,49439.0
2863,49353.5,49392.0,49439.0
2864,49353.5,49392.0,49439.0
2865,49353.5,49392.0,49439.0
2866,49353.5,49392.0,49439.0
2867,49353.5,49392.0,49439.0
2868,49353.5,49392.0,49439.0
2869,49353.5,49392.0,49439.0
2870,49353.5,49392.0,49439.0
2871,49353.5,49392.0,49439.0
2872,49353.5,49392.0,49439.0
2873,49353.5,49392.0,49439.0
2874,49353.5,49392.0,49439.0
2875,49353.5,49392.0,49439.0
2876,49353.5,49392.0,49439.0
2877,49353.5,49392.0,49439.0
2878,49353.5,49392.0,49439.0
2879,49353.5,49392.0,49439.0
2880,49353.5,49392.0,49439.0
2881,49353.5,49392.0,49439.0
2882,49353.5,49392.0,49439.0
2883,49353.5,49392.0,49439.0
2884,49353.5,49392.0,49439.0
2885,49353.5,49392.0,49439.0
2886,49353.5,49392.0,49439.0
2887,49353.5,49392.0,49439.0
2888,49353.5,49392.0,49439.0
2889,49353.5,49392.0,49439.0
2890,49353.5,49392.0,49439.0
2891,49353.5,49392.0,49439.0
2892,49353.5,49392.0,49439.0
2893,49353.5,49392.0,49439.0
2894,49353.5,49392.0,49439.0
2895,49353.5,49392.0,49439.0
2896,49353.5,49392.0,49439.0
2897,49353.5,49392.0,49439.0
2898,49353.5,49392.0,49439.0
2899,49353.5,49392.0,49439.0
2900,49353.5,49392.0,49439.0
2901,49353.5,49392.0,49439.0
2902,49353.5,49392.0,49439.0
2903,49353.5,49392.0,49439.0
2904,49353.5,49392.0,49439.0
2905,49353.5,49392.0,49439.0
2906,49353.5,49392.0,49439.0
2907,49353.5,49392.0,49439.0
2908,49353.5,49392.0,49439.0
2909,49353.5,49392.0,49439.0
2910,49353.5,49392.0,49439.0
2911,49353.5,49392.0,49439.0
2912,49353.5,49392.0,49439.0
2913,49353.5,49392.0,49439.0
2914,49353.5,49392.0,49439.0
2915,49353.5,49392.0,49439.0
2916,49353.5,49392.0,49439.0
2917,49353.5,49392.0,49439.0
2918,49353.5,49392.0,49439.0
2919,49353.5,49392.0,49439.0
2920,49353.5,49392.0,49439.0
2921,49353.5,49392.0,49439.0
2922,49353.5,49392.0,49439.0
2923,49353.5,49392.0,49439.0
2924,49353.5,49392.0,49439.0
2925,49353.5,49392.0,49439.0
2926,49353.5,49392.0,49439.0
2927,49353.5,49392.0,49439.0
2928,49353.5,49392.0,49439.0
2929,49353.5,49392.0,49439.0
2930,49353.5,49392.0,49439.0
2931,49353.5,49392.0,49439.0
2932,49353.5,49392.0,49439.0
2933,49353.5,49392.0,49439.0
2934,49353.5,49392.0,49439.0
2935,49353.5,49392.0,49439.0
2936,49353.5,49392.0,49439.0
2937,49353.5,49392.0,49439.0
2938,49353.5,49392.0,49439.0
2939,49353.5,49392.0,49439.0
2940,49353.5,49392.0,49439.0
2941,49353.5,49392.0,49439.0
2942,49353.5,49392.0,49439.0
2943,49353.5,49392.0,49439.0
2944,49353.5,49392.0,49439.0
2945,49353.5,49392.0,49439.0
2946,49353.5,49392.0,49439.0
2947,49353.5,49392.0,49439.0
2948,49353.5,49392.0,49439.0
2949,49353.5,49392.0,49439.0
2950,49353.5,49392.0,49439.0
2951,49353.5,49392.0,49439.0
2952,49353.5,49392.0,49439.0
2953,49353.5,49392.0,49439.0
2954,49353.5,49392.0,49439.0
2955,49353.5,49392.0,49439.0
2956,49353.5,49392.0,49439.0
2957,49353.5,49392.0,49439.0
2958,49353.5,49392.0,49439.0
2959,49353.5,49392.0,49439.0
2960,49353.5,49392.0,49439.0
2961,49353.5,49392.0,49439.0
2962,49353.5,49392.0,49439.0
2963,49353.5,49392.0,49439.0
2964,49353.5,49392.0,49439.0
2965,49353.5,49392.0,49439.0
2966,49353.5,49392.0,49439.0
2967,49353.5,49392.0,49439.0
2968,49353.5,49392.0,49439.0
2969,49353.5,49392.0,49439.0
2970,49353.5,49392.0,49439.0
2971,49353.5,49392.0,49439.0
2972,49353.5,49392.0,49439.0
2973,49353.5,49392.0,49439.0
2974,49353.5,49392.0,49439.0
2975,49353.5,49392.0,49439.0
2976,49353.5,49392.0,49439.0
2977,49353.5,49392.0,49439.0
2978,49353.5,49392.0,49439.0
2979,49353.5,49392.0,49439.0
2980,49353.5,49392.0,49439.0
2981,49353.5,49392.0,49439.0
2982,49353.5,49392.0,49439.0
2983,49353.5,49392.0,49439.0
2984,49353.5,49392.0,49439.0
2985,49353.5,49392.0,49439.0
2986,49353.5,49392.0,49439.0
2987,49353.5,49392.0,49439.0
2988,49353.5,49392.0,49439.0
2989,49353.5,49392.0,49439.0
2990,49353.5,49392.0,49439.0
2991,49353.5,49392.0,49439.0
2992,49353.5,49392.0,49439.0
2993,49353.5,49392.0,49439.0
2994,49353.5,49392.0,49439.0
2995,49353.5,49392.0,49439.0
2996,49353.5,49392.0,49439.0
2997,49353.5,49392.0,49439.0
2998,49353.5,49392.0,49439.0
2999,49353.5,49392.0,49439.0
3000,49353.5,49392.0,49439.0
3001,49353.5,49392.0,49439.0
3002,49353.5,49392.0,49439.0
3003,49353.5,49392.0,49439.0
3004,49353.5,49392.0,49439.0
3005,49353.5,49392.0,49439.0
3006,49353.5,49392.0,49439.0
3007,49353.5,49392.0,49439.0
3008,49353.5,49392.0,49439.0
3009,49353.5,49392.0,49439.0
3010,49353.5,49392.0,49439.0
3011,49353.5,49392.0,49439.0
3012,49353.5,49392.0,49439.0
3013,49353.5,49392.0,49439.0
3014,49353.5,49392.0,49439.0
3015,49353.5,49392.0,49439.0
3016,49353.5,49392.0,49439.0
3017,49353.5,49392.0,49439.0
3018,49353.5,49392.0,49439.0
3019,49353.5,49392.0,49439.0
3020,49353.5,49392.0,49439.0
3021,49353.5,49392.0,49439.0
3022,49353.5,49392.0,49439.0
3023,49353.5,49392.0,49439.0
3024,49353.5,49392.0,49439.0
3025,49353.5,49392.0,49439.0
3026,49353.5,49392.0,49439.0
3027,49353.5,49392.0,49439.0
3028,49353.5,49392.0,49439.0
3029,49353.5,49392.0,49439.0
3030,49353.5,49392.0,49439.0
3031,49353.5,49392.0,49439.0
3032,49353.5,49392.0,49439.0
3033,49353.5,49392.0,49439.0
3034,49353.5,49392.0,49439.0
3035,49353.5,49392.0,49439.0
3036,49353.5,49392.0,49439.0
3037,49353.5,49392.0,49439.0
3038,49353.5,49392.0,49439.0
3039,49353.5,49392.0,49439.0
3040,49353.5,49392.0,49439.0
3041,49353.5,49392.0,49439.0
3042,49353.5,49392.0,49439.0
3043,49353.5,49392.0,49439.0
3044,49353.5,49392.0,49439.0
3045,49353.5,49392.0,49439.0
3046,49353.5,49392.0,49439.0
3047,49353.5,49392.0,49439.0
3048,49353.5,49392.0,49439.0
3049,49353.5,49392.0,49439.0
3050,49353.5,49392.0,49439.0
3051,49355.5,49392.0,49443.0
3052,49355.5,49392.0,49443.0
3053,49355.5,49392.0,49443.0
3054,49355.5,49392.0,49443.0
3055,49355.5,49392.0,49443.0
3056,49355.5,49392.0,49443.0
3057,49355.5,49392.0,49443.0
3058,49355.5,49392.0,49443.0
3059,49355.5,49392.0,49443.0
3060,49355.5,49392.0,49443.0
3061,49355.5,49392.0,49443.0
3062,49355.5,49392.0,49443.0
3063,49366.0,49392.0,49464.0
3064,49366.0,49392.0,49464.0
3065,49366.0,49392.0,49464.0
3066,49366.0,49392.0,49464.0
3067,49366.0,49392.0,49464.0
3068,49366.0,49392.0,49464.0
3069,49366.0,49392.0,49464.0
3070,49366.0,49392.0,49464.0
3071,49366.0,49392.0,49464.0
3072,49366.0,49392.0,49464.0
3073,49366.0,49392.0,49464.0
3074,49366.0,49392.0,49464.0
3075,49366.0,49392.0,49464.0
3076,49366.0,49392.0,49464.0
3077,49366.0,49392.0,49464.0
3078,49366.0,49392.0,49464.0
3079,49366.0,49392.0,49464.0
3080,49366.0,49392.0,49464.0
3081,49366.0,49392.0,49464.0
3082,49366.0,49392.0,49464.0
3083,49366.0,49392.0,49464.0
3084,49366.0,49392.0,49464.0
3085,49366.0,49392.0,49464.0
3086,49366.0,49392.0,49464.0
3087,49366.0,49392.0,49464.0
3088,49366.0,49392.0,49464.0
3089,49366.0,49392.0,49464.0
3090,49366.0,49392.0,49464.0
3091,49366.0,49392.0,49464.0
3092,49366.0,49392.0,49464.0
3093,49366.0,49392.0,49464.0
3094,49366.0,49392.0,49464.0
3095,49366.0,49392.0,49464.0
3096,49366.0,49392.0,49464.0
3097,49366.0,49392.0,49464.0
3098,49366.0,49392.0,49464.0
3099,49366.0,49392.0,49464.0
3100,49366.0,49392.0,49464.0
3101,49366.0,49392.0,49464.0
3102,49366.0,49392.0,49464.0
3103,49366.0,49392.0,49464.0
3104,49366.0,49392.0,49464.0
3105,49366.0,49392.0,49464.0
3106,49366.0,49392.0,49464.0
3107,49366.0,49392.0,49464.0
3108,49366.0,49392.0,49464.0
3109,49366.0,49392.0,49464.0
3110,49366.0,49392.0,49464.0
3111,49366.0,49392.0,49464.0
3112,49366.0,49392.0,49464.0
3113,49366.0,49392.0,49464.0
3114,49366.0,49392.0,49464.0
3115,49366.0,49392.0,49464.0
3116,49366.0,49392.0,49464.0
3117,49366.0,49392.0,49464.0
3118,49366.0,49392.0,49464.0
3119,49366.0,49392.0,49464.0
3120,49366.0,49392.0,49464.0
3121,49366.0,49392.0,49464.0
3122,49366.0,49392.0,49464.0
3123,49366.0,49392.0,49464.0
3124,49366.0,49392.0,49464.0
3125,49366.0,49392.0,49464.0
3126,49366.0,49392.0,49464.0
3127,49366.0,49392.0,49464.0
3128,49366.0,49392.0,49464.0
3129,49366.0,49392.0,49464.0
3130,49366.0,49392.0,49464.0
3131,49366.0,49392.0,49464.0
3132,49366.0,49392.0,49464.0
3133,49366.0,49392.0,49464.0
3134,49366.0,49392.0,49464.0
3135,49366.0,49392.0,49464.0
3136,49366.0,49392.0,49464.0
3137,49366.0,49392.0,49464.0
3138,49366.0,49392.0,49464.0
3139,49366.0,49392.0,49464.0
3140,49366.0,49392.0,49464.0
3141,49366.0,49392.0,49464.0
3142,49366.0,49392.0,49464.0
3143,49366.0,49392.0,49464.0
3144,49366.0,49392.0,49464.0
3145,49366.0,49392.0,49464.0
3146,49366.0,49392.0,49464.0
3147,49366.0,49392.0,49464.0
3148,49366.0,49392.0,49464.0
3149,49366.0,49392.0,49464.0
3150,49366.0,49392.0,49464.0
3151,49366.0,49392.0,49464.0
3152,49366.0,49392.0,49464.0
3153,49366.0,49392.0,49464.0
3154,49366.0,49392.0,49464.0
3155,49366.0,49392.0,49464.0
3156,49366.0,49392.0,49464.0
3157,49366.0,49392.0,49464.0
3158,49366.0,49392.0,49464.0
3159,49366.0,49392.0,49464.0
3160,49366.0,49392.0,49464.0
3161,49366.0,49392.0,49464.0
3162,49366.0,49392.0,49464.0
3163,49366.0,49392.0,49464.0
3164,49366.0,49392.0,49464.0
3165,49366.0,49392.0,49464.0
3166,49366.0,49392.0,49464.0
3167,49366.0,49392.0,49464.0
3168,49366.0,49392.0,49464.0
3169,49366.0,49392.0,49464.0
3170,49366.0,49392.0,49464.0
3171,49366.0,49392.0,49464.0
3172,49366.0,49392.0,49464.0
3173,49366.0,49392.0,49464.0
3174,49366.0,49392.0,49464.0
3175,49366.0,49392.0,49464.0
3176,49366.0,49392.0,49464.0
3177,49366.0,49392.0,49464.0
3178,49366.0,49392.0,49464.0
3179,49366.0,49392.0,49464.0
3180,49366.0,49392.0,49464.0
3181,49366.0,49392.0,49464.0
3182,49366.0,49392.0,49464.0
3183,49366.0,49392.0,49464.0
3184,49366.0,49392.0,49464.0
3185,49366.0,49392.0,49464.0
3186,49366.0,49392.0,49464.0
3187,49366.0,49392.0,49464.0
3188,49366.0,49392.0,49464.0
3189,49366.0,49392.0,49464.0
3190,49366.0,49392.0,49464.0
3191,49366.0,49392.0,49464.0
3192,49366.0,49392.0,49464.0
3193,49366.0,49392.0,49464.0
3194,49366.0,49392.0,49464.0
3195,49366.0,49392.0,49464.0
3196,49366.0,49392.0,49464.0
3197,49366.0,49392.0,49464.0
3198,49366.0,49392.0,49464.0
3199,49366.0,49392.0,49464.0
3200,49366.0,49392.0,49464.0
3201,49366.0,49392.0,49464.0
3202,49366.0,49392.0,49464.0
3203,49366.0,49392.0,49464.0
3204,49366.0,49392.0,49464.0
3205,49366.0,49392.0,49464.0
3206,49366.0,49392.0,49464.0
3207,49366.0,49392.0,49464.0
3208,49366.0,49392.0,49464.0
3209,49366.0,49392.0,49464.0
3210,49366.0,49392.0,49464.0
3211,49366.0,49392.0,49464.0
3212,49366.0,49392.0,49464.0
3213,49366.0,49392.0,49464.0
3214,49366.0,49392.0,49464.0
3215,49366.0,49392.0,49464.0
3216,49366.0,49392.0,49464.0
3217,49366.0,49392.0,49464.0
3218,49366.0,49392.0,49464.0
3219,49366.0,49392.0,49464.0
3220,49366.0,49392.0,49464.0
3221,49366.0,49392.0,49464.0
3222,49366.0,49392.0,49464.0
3223,49366.0,49392.0,49464.0
3224,49366.0,49392.0,49464.0
3225,49366.0,49392.0,49464.0
3226,49366.0,49392.0,49464.0
3227,49366.0,49392.0,49464.0
3228,49366.0,49392.0,49464.0
3229,49370.0,49392.0,49472.0
3230,49370.0,49392.0,49472.0
3231,49370.0,49392.0,49472.0
3232,49370.0,49392.0,49472.0
3233,49370.0,49392.0,49472.0
3234,49370.0,49392.0,49472.0
3235,49370.0,49392.0,49472.0
3236,49370.0,49392.0,49472.0
3237,49370.0,49392.0,49472.0
3238,49370.0,49392.0,49472.0
3239,49370.0,49392.0,49472.0
3240,49370.0,49392.0,49472.0
3241,49370.0,49392.0,49472.0
3242,49370.0,49392.0,49472.0
3243,49370.0,49392.0,49472.0
3244,49370.0,49392.0,49472.0
3245,49370.0,49392.0,49472.0
3246,49370.0,49392.0,49472.0
3247,49370.0,49392.0,49472.0
3248,49370.0,49392.0,49472.0
3249,49370.0,49392.0,49472.0
3250,49370.0,49392.0,49472.0
3251,49370.0,49392.0,49472.0
3252,49370.0,49392.0,49472.0
3253,49370.0,49392.0,49472.0
3254,49370.0,49392.0,49472.0
3255,49370.0,49392.0,49472.0
3256,49370.0,49392.0,49472.0
3257,49370.0,49392.0,49472.0
3258,49370.0,49392.0,49472.0
3259,49370.0,49392.0,49472.0
3260,49370.0,49392.0,49472.0
3261,49370.0,49392.0,49472.0
3262,49370.0,49392.0,49472.0
3263,49370.0,49392.0,49472.0
3264,49370.0,49392.0,49472.0
3265,49370.0,49392.0,49472.0
3266,49370.0,49392.0,49472.0
3267,49370.0,49392.0,49472.0
3268,49370.0,49392.0,49472.0
3269,49370.0,49392.0,49472.0
3270,49370.0,49392.0,49472.0
3271,49370.0,49392.0,49472.0
3272,49370.0,49392.0,49472.0
3273,49370.0,49392.0,49472.0
3274,49370.0,49392.0,49472.0
3275,49370.0,49392.0,49472.0
3276,49370.0,49392.0,49472.0
3277,49370.0,49392.0,49472.0
3278,49370.0,49392.0,49472.0
3279,49370.0,49392.0,49472.0
3280,49370.0,49392.0,49472.0
3281,49371.5,49392.0,49475.0
3282,49371.5,49392.0,49475.0
3283,49371.5,49392.0,49475.0
3284,49371.5,49392.0,49475.0
3285,49371.5,49392.0,49475.0
3286,49371.5,49392.0,49475.0
3287,49371.5,49392.0,49475.0
3288,49371.5,49392.0,49475.0
3289,49371.5,49392.0,49475.0
3290,49371.5,49392.0,49475.0
3291,49371.5,49392.0,49475.0
3292,49371.5,49392.0,49475.0
3293,49371.5,49392.0,49475.0
3294,49371.5,49392.0,49475.0
3295,49371.5,49392.0,49475.0
3296,49371.5,49392.0,49475.0
3297,49371.5,49392.0,49475.0
3298,49371.5,49392.0,49475.0
3299,49371.5,49392.0,49475.0
3300,49371.5,49392.0,49475.0
3301,49371.5,49392.0,49475.0
3302,49371.5,49392.0,49475.0
3303,49371.5,49392.0,49475.0
3304,49371.5,49392.0,49475.0
3305,49371.5,49392.0,49475.0
3306,49371.5,49392.0,49475.0
3307,49371.5,49392.0,49475.0
3308,49371.5,49392.0,49475.0
3309,49371.5,49392.0,49475.0
3310,49371.5,49392.0,49475.0
3311,49371.5,49392.0,49475.0
3312,49371.5,49392.0,49475.0
3313,49371.5,49392.0,49475.0
3314,49371.5,49392.0,49475.0
3315,49371.5,49392.0,49475.0
3316,49371.5,49392.0,49475.0
3317,49371.5,49392.0,49475.0
3318,49371.5,49392.0,49475.0
3319,49371.5,49392.0,49475.0
3320,49371.5,49392.0,49475.0
3321,49371.5,49392.0,49475.0
3322,49371.5,49392.0,49475.0
3323,49371.5,49392.0,49475.0
3324,49371.5,49392.0,49475.0
3325,49371.5,49392.0,49475.0
3326,49371.5,49392.0,49475.0
3327,49371.5,49392.0,49475.0
3328,49371.5,49392.0,49475.0
3329,49371.5,49392.0,49475.0
3330,49371.5,49392.0,49475.0
3331,49371.5,49392.0,49475.0
3332,49371.5,49392.0,49475.0
3333,49371.5,49392.0,49475.0
3334,49371.5,49392.0,49475.0
3335,49372.5,49392.0,49477.0
3336,49372.5,49392.0,49477.0
3337,49372.5,49392.0,49477.0
3338,49372.5,49392.0,49477.0
3339,49372.5,49392.0,49477.0
3340,49372.5,49392.0,49477.0
3341,49372.5,49392.0,49477.0
3342,49372.5,49392.0,49477.0
3343,49372.5,49392.0,49477.0
3344,49372.5,49392.0,49477.0
3345,49372.5,49392.0,49477.0
3346,49372.5,49392.0,49477.0
3347,49372.5,49392.0,49477.0
3348,49372.5,49392.0,49477.0
3349,49372.5,49392.0,49477.0
3350,49372.5,49392.0,49477.0
3351,49372.5,49392.0,49477.0
3352,49372.5,49392.0,49477.0
3353,49372.5,49392.0,49477.0
3354,49372.5,49392.0,49477.0
3355,49372.5,49392.0,49477.0
3356,49372.5,49392.0,49477.0
3357,49372.5,49392.0,49477.0
3358,49372.5,49392.0,49477.0
3359,49372.5,49392.0,49477.0
3360,49372.5,49392.0,49477.0
3361,49372.5,49392.0,49477.0
3362,49372.5,49392.0,49477.0
3363,49372.5,49392.0,49477.0
3364,49372.5,49392.0,49477.0
3365,49372.5,49392.0,49477.0
3366,49372.5,49392.0,49477.0
3367,49372.5,49392.0,49477.0
3368,49372.5,49392.0,49477.0
3369,49372.5,49392.0,49477.0
3370,49372.5,49392.0,49477.0
3371,49372.5,49392.0,49477.0
3372,49372.5,49392.0,49477.0
3373,49372.5,49392.0,49477.0
3374,49372.5,49392.0,49477.0
3375,49381.5,49392.0,49495.0
3376,49381.5,49392.0,49495.0
3377,49381.5,49392.0,49495.0
3378,49381.5,49392.0,49495.0
3379,49381.5,49392.0,49495.0
3380,49381.5,49392.0,49495.0
3381,49381.5,49392.0,49495.0
3382,49381.5,49392.0,49495.0
3383,49381.5,49392.0,49495.0
3384,49381.5,49392.0,49495.0
3385,49381.5,49392.0,49495.0
3386,49381.5,49392.0,49495.0
3387,49381.5,49392.0,49495.0
3388,49381.5,49392.0,49495.0
3389,49381.5,49392.0,49495.0
3390,49381.5,49392.0,49495.0
3391,49381.5,49392.0,49495.0
3392,49381.5,49392.0,49495.0
3393,49381.5,49392.0,49495.0
3394,49381.5,49392.0,49495.0
3395,49381.5,49392.0,49495.0
3396,49381.5,49392.0,49495.0
3397,49381.5,49392.0,49495.0
3398,49381.5,49392.0,49495.0
3399,49381.5,49392.0,49495.0
3400,49381.5,49392.0,49495.0
3401,49381.5,49392.0,49495.0
3402,49381.5,49392.0,49495.0
3403,49381.5,49392.0,49495.0
3404,49381.5,49392.0,49495.0
3405,49381.5,49392.0,49495.0
3406,49381.5,49392.0,49495.0
3407,49381.5,49392.0,49495.0
3408,49381.5,49392.0,49495.0
3409,49381.5,49392.0,49495.0
3410,49381.5,49392.0,49495.0
3411,49381.5,49392.0,49495.0
3412,49381.5,49392.0,49495.0
3413,49381.5,49392.0,49495.0
3414,49381.5,49392.0,49495.0
3415,49381.5,49392.0,49495.0
3416,49381.5,49392.0,49495.0
3417,49381.5,49392.0,49495.0
3418,49381.5,49392.0,49495.0
3419,49381.5,49392.0,49495.0
3420,49381.5,49393.0,49495.0
3421,49381.5,49393.0,49495.0
3422,49381.5,49393.0,49495.0
3423,49381.5,49393.0,49495.0
3424,49381.5,49393.0,49495.0
3425,49381.5,49393.0,49495.0
3426,49383.0,49393.0,49498.0
3427,49383.0,49393.0,49498.0
3428,49383.0,49393.0,49498.0
3429,49383.0,49393.0,49498.0
3430,49400.5,49393.0,49533.0
3431,49400.5,49393.0,49533.0
3432,49400.5,49393.0,49533.0
3433,49400.5,49393.0,49533.0
3434,49400.5,49393.0,49533.0
3435,49400.5,49393.0,49533.0
3436,49400.5,49393.0,49533.0
3437,49400.5,49393.0,49533.0
3438,49400.5,49393.0,49533.0
3439,49400.5,49393.0,49533.0
3440,49400.5,49393.0,49533.0
3441,49400.5,49393.0,49533.0
3442,49400.5,49393.0,49533.0
3443,49400.5,49393.0,49533.0
3444,49400.5,49393.0,49533.0
3445,49400.5,49393.0,49533.0
3446,49400.5,49393.0,49533.0
3447,49400.5,49393.0,49533.0
3448,49400.5,49393.0,49533.0
3449,49400.5,49393.0,49533.0
3450,49400.5,49393.0,49533.0
3451,49400.5,49393.0,49533.0
3452,49400.5,49393.0,49533.0
3453,49400.5,49393.0,49533.0
3454,49400.5,49393.0,49533.0
3455,49400.5,49393.0,49533.0
3456,49400.5,49393.0,49533.0
3457,49400.5,49393.0,49533.0
3458,49400.5,49393.0,49533.0
3459,49400.5,49393.0,49533.0
3460,49400.5,49393.0,49533.0
3461,49400.5,49393.0,49533.0
3462,49400.5,49393.0,49533.0
3463,49400.5,49393.0,49533.0
3464,49400.5,49393.0,49533.0
3465,49400.5,49393.0,49533.0
3466,49400.5,49393.0,49533.0
3467,49400.5,49393.0,49533.0
3468,49400.5,49393.0,49533.0
3469,49400.5,49393.0,49533.0
3470,49400.5,49393.0,49533.0
3471,49400.5,49393.0,49533.0
3472,49400.5,49393.0,49533.0
3473,49400.5,49393.0,49533.0
3474,49400.5,49393.0,49533.0
3475,49400.5,49393.0,49533.0
3476,49400.5,49393.0,49533.0
3477,49400.5,49393.0,49533.0
3478,49400.5,49393.0,49533.0
3479,49400.5,49393.0,49533.0
3480,49400.5,49393.0,49533.0
3481,49400.5,49393.0,49533.0
3482,49400.5,49393.0,49533.0
3483,49400.5,49393.0,49533.0
3484,49400.5,49393.0,49533.0
3485,49400.5,49393.0,49533.0
3486,49400.5,49393.0,49533.0
3487,49400.5,49393.0,49533.0
3488,49400.5,49393.0,49533.0
3489,49400.5,49393.0,49533.0
3490,49400.5,49393.0,49533.0
3491,49400.5,49393.0,49533.0
3492,49400.5,49393.0,49533.0
3493,49400.5,49393.0,49533.0
3494,49400.5,49393.0,49533.0
3495,49400.5,49393.0,49533.0
3496,49400.5,49393.0,49533.0
3497,49400.5,49393.0,49533.0
3498,49400.5,49393.0,49533.0
3499,49400.5,49393.0,49533.0
3500,49400.5,49393.0,49533.0
3501,49400.5,49393.0,49533.0
3502,49400.5,49393.0,49533.0
3503,49400.5,49393.0,49533.0
3504,49400.5,49393.0,49533.0
3505,49400.5,49393.0,49533.0
3506,49400.5,49393.0,49533.0
3507,49400.5,49393.0,49533.0
3508,49400.5,49393.0,49533.0
3509,49400.5,49393.0,49533.0
3510,49400.5,49393.0,49533.0
3511,49400.5,49393.0,49533.0
3512,49400.5,49393.0,49533.0
3513,49400.5,49393.0,49533.0
3514,49400.5,49393.0,49533.0
3515,49400.5,49393.0,49533.0
3516,49400.5,49393.0,49533.0
3517,49400.5,49393.0,49533.0
3518,49400.5,49393.0,49533.0
3519,49400.5,49393.0,49533.0
3520,49400.5,49393.0,49533.0
3521,49400.5,49393.0,49533.0
3522,49400.5,49393.0,49533.0
3523,49400.5,49393.0,49533.0
3524,49400.5,49393.0,49533.0
3525,49400.5,49393.0,49533.0
3526,49400.5,49393.0,49533.0
3527,49400.5,49393.0,49533.0
3528,49400.5,49393.0,49533.0
3529,49400.5,49393.0,49533.0
3530,49400.5,49394.0,49533.0
3531,49400.5,49394.0,49533.0
3532,49400.5,49394.0,49533.0
3533,49400.5,49394.0,49533.0
3534,49400.5,49394.0,49533.0
3535,49400.5,49394.0,49533.0
3536,49400.5,49394.0,49533.0
3537,49400.5,49394.0,49533.0
3538,49400.5,49394.0,49533.0
3539,49400.5,49394.0,49533.0
3540,49400.5,49394.0,49533.0
3541,49400.5,49394.0,49533.0
3542,49400.5,49394.0,49533.0
3543,49400.5,49394.0,49533.0
3544,49400.5,49394.0,49533.0
3545,49400.5,49394.0,49533.0
3546,49400.5,49394.0,49533.0
3547,49400.5,49394.0,49533.0
3548,49400.5,49394.0,49533.0
3549,49400.5,49394.0,49533.0
3550,49400.5,49394.0,49533.0
3551,49400.5,49394.0,49533.0
3552,49400.5,49394.0,49533.0
3553,49400.5,49394.0,49533.0
3554,49400.5,49394.0,49533.0
3555,49400.5,49394.0,49533.0
3556,49400.5,49394.0,49533.0
3557,49400.5,49394.0,49533.0
3558,49400.5,49394.0,49533.0
3559,49400.5,49394.0,49533.0
3560,49400.5,49394.0,49533.0
3561,49400.5,49394.0,49533.0
3562,49400.5,49394.0,49533.0
3563,49400.5,49394.0,49533.0
3564,49400.5,49394.0,49533.0
3565,49400.5,49394.0,49533.0
3566,49400.5,49394.0,49533.0
3567,49400.5,49394.0,49533.0
3568,49400.5,49394.0,49533.0
3569,49400.5,49394.0,49533.0
3570,49400.5,49394.0,49533.0
3571,49400.5,49394.0,49533.0
3572,49400.5,49394.0,49533.0
3573,49400.5,49394.0,49533.0
3574,49400.5,49394.0,49533.0
3575,49400.5,49394.0,49533.0
3576,49400.5,49394.0,49533.0
3577,49400.5,49394.0,49533.0
3578,49400.5,49394.0,49533.0
3579,49400.5,49394.0,49533.0
3580,49400.5,49394.0,49533.0
3581,49400.5,49394.0,49533.0
3582,49400.5,49394.0,49533.0
3583,49400.5,49394.0,49533.0
3584,49400.5,49394.0,49533.0
3585,49400.5,49394.0,49533.0
3586,49400.5,49394.0,49533.0
3587,49400.5,49394.0,49533.0
3588,49400.5,49394.0,49533.0
3589,49400.5,49394.0,49533.0
3590,49400.5,49394.0,49533.0
3591,49400.5,49394.0,49533.0
3592,49400.5,49394.0,49533.0
3593,49400.5,49394.0,49533.0
3594,49400.5,49394.0,49533.0
3595,49400.5,49394.0,49533.0
3596,49400.5,49394.0,49533.0
3597,49400.5,49394.0,49533.0
3598,49400.5,49394.0,49533.0
3599,49400.5,49394.0,49533.0
3600,49400.5,49394.0,49533.0
3601,49400.5,49394.0,49533.0
3602,49400.5,49394.0,49533.0
3603,49400.5,49394.0,49533.0
3604,49400.5,49394.0,49533.0
3605,49400.5,49394.0,49533.0
3606,49400.5,49394.0,49533.0
3607,49400.5,49394.0,49533.0
3608,49400.5,49394.0,49533.0
3609,49400.5,49394.0,49533.0
3610,49400.5,49394.0,49533.0
3611,49400.5,49394.0,49533.0
3612,49400.5,49394.0,49533.0
3613,49400.5,49394.0,49533.0
3614,49400.5,49394.0,49533.0
3615,49400.5,49394.0,49533.0
3616,49400.5,49394.0,49533.0
3617,49400.5,49394.0,49533.0
3618,49400.5,49394.0,49533.0
3619,49400.5,49394.0,49533.0
3620,49400.5,49394.0,49533.0
3621,49400.5,49394.0,49533.0
3622,49400.5,49394.0,49533.0
3623,49400.5,49394.0,49533.0
3624,49400.5,49394.0,49533.0
3625,49400.5,49394.0,49533.0
3626,49400.5,49394.0,49533.0
3627,49400.5,49394.0,49533.0
3628,49400.5,49394.0,49533.0
3629,49400.5,49394.0,49533.0
3630,49400.5,49394.0,49533.0
3631,49400.5,49394.0,49533.0
3632,49400.5,49394.0,49533.0
3633,49400.5,49394.0,49533.0
3634,49400.5,49394.0,49533.0
3635,49400.5,49394.0,49533.0
3636,49400.5,49394.0,49533.0
3637,49400.5,49394.0,49533.0
3638,49400.5,49394.0,49533.0
3639,49400.5,49394.0,49533.0
3640,49400.5,49394.0,49533.0
3641,49400.5,49394.0,49533.0
3642,49400.5,49394.0,49533.0
3643,49400.5,49394.0,49533.0
3644,49400.5,49394.0,49533.0
3645,49400.5,49394.0,49533.0
3646,49400.5,49394.0,49533.0
3647,49400.5,49394.0,49533.0
3648,49400.5,49394.0,49533.0
3649,49400.5,49394.0,49533.0
3650,49400.5,49394.0,49533.0
3651,49400.5,49394.0,49533.0
3652,49400.5,49394.0,49533.0
3653,49400.5,49394.0,49533.0
3654,49400.5,49394.0,49533.0
3655,49400.5,49394.0,49533.0
3656,49400.5,49394.0,49533.0
3657,49400.5,49394.0,49533.0
3658,49400.5,49394.0,49533.0
3659,49400.5,49394.0,49533.0
3660,49400.5,49394.0,49533.0
3661,49400.5,49394.0,49533.0
3662,49400.5,49394.0,49533.0
3663,49400.5,49394.0,49533.0
3664,49400.5,49394.0,49533.0
3665,49400.5,49394.0,49533.0
3666,49400.5,49394.0,49533.0
3667,49400.5,49394.0,49533.0
3668,49400.5,49394.0,49533.0
3669,49400.5,49394.0,49533.0
3670,49409.0,49394.0,49550.0
3671,49409.0,49394.0,49550.0
3672,49409.0,49394.0,49550.0
3673,49409.0,49394.0,49550.0
3674,49409.0,49394.0,49550.0
3675,49409.0,49394.0,49550.0
3676,49409.0,49394.0,49550.0
3677,49409.0,49394.0,49550.0
3678,49409.0,49394.0,49550.0
3679,49409.0,49394.0,49550.0
3680,49409.0,49394.0,49550.0
3681,49409.0,49394.0,49550.0
3682,49409.0,49394.0,49550.0
3683,49409.0,49394.0,49550.0
3684,49409.0,49394.0,49550.0
3685,49409.0,49394.0,49550.0
3686,49409.0,49394.0,49550.0
3687,49409.0,49394.0,49550.0
3688,49409.0,49394.0,49550.0
3689,49409.0,49394.0,49550.0
3690,49409.0,49394.0,49550.0
3691,49409.0,49394.0,49550.0
3692,49409.0,49394.0,49550.0
3693,49409.0,49394.0,49550.0
3694,49409.0,49394.0,49550.0
3695,49409.0,49394.0,49550.0
3696,49409.0,49394.0,49550.0
3697,49409.0,49394.0,49550.0
3698,49409.0,49394.0,49550.0
3699,49409.0,49394.0,49550.0
3700,49409.0,49394.0,49550.0
3701,49409.0,49394.0,49550.0
3702,49409.0,49394.0,49550.0
3703,49409.0,49394.0,49550.0
3704,49409.0,49394.0,49550.0
3705,49409.0,49394.0,49550.0
3706,49409.0,49394.0,49550.0
3707,49409.0,49394.0,49550.0
3708,49409.0,49394.0,49550.0
3709,49409.0,49394.0,49550.0
3710,49409.0,49394.0,49550.0
3711,49409.0,49394.0,49550.0
3712,49409.0,49394.0,49550.0
3713,49409.0,49394.0,49550.0
3714,49409.0,49394.0,49550.0
3715,49409.0,49394.0,49550.0
3716,49409.0,49394.0,49550.0
3717,49409.0,49394.0,49550.0
3718,49409.0,49394.0,49550.0
3719,49409.0,49394.0,49550.0
3720,49409.0,49394.0,49550.0
3721,49409.0,49394.0,49550.0
3722,49409.0,49394.0,49550.0
3723,49409.0,49394.0,49550.0
3724,49409.0,49394.0,49550.0
3725,49409.0,49394.0,49550.0
3726,49409.0,49394.0,49550.0
3727,49409.0,49394.0,49550.0
3728,49409.0,49394.0,49550.0
3729,49409.0,49394.0,49550.0
3730,49409.0,49394.0,49550.0
3731,49409.0,49394.0,49550.0
3732,49409.0,49394.0,49550.0
3733,49409.0,49394.0,49550.0
3734,49409.0,49394.0,49550.0
3735,49409.0,49394.0,49550.0
3736,49409.0,49394.0,49550.0
3737,49409.0,49394.0,49550.0
3738,49409.0,49394.0,49550.0
3739,49409.0,49394.0,49550.0
3740,49409.0,49394.0,49550.0
3741,49409.0,49394.0,49550.0
3742,49409.0,49394.0,49550.0
3743,49409.0,49394.0,49550.0
3744,49409.0,49394.0,49550.0
3745,49409.0,49394.0,49550.0
3746,49409.0,49394.0,49550.0
3747,49409.0,49394.0,49550.0
3748,49409.0,49394.0,49550.0
3749,49409.0,49394.0,49550.0
3750,49409.0,49394.0,49550.0
3751,49409.0,49394.0,49550.0
3752,49409.0,49394.0,49550.0
3753,49409.0,49394.0,49550.0
3754,49409.0,49394.0,49550.0
3755,49409.0,49394.0,49550.0
3756,49409.0,49394.0,49550.0
3757,49409.0,49394.0,49550.0
3758,49409.0,49394.0,49550.0
3759,49409.0,49394.0,49550.0
3760,49409.0,49394.0,49550.0
3761,49409.0,49394.0,49550.0
3762,49409.0,49394.0,49550.0
3763,49409.0,49394.0,49550.0
3764,49409.0,49394.0,49550.0
3765,49409.0,49394.0,49550.0
3766,49409.0,49394.0,49550.0
3767,49409.0,49394.0,49550.0
3768,49409.0,49394.0,49550.0
3769,49409.0,49394.0,49550.0
3770,49409.0,49394.0,49550.0
3771,49409.0,49394.0,49550.0
3772,49409.0,49394.0,49550.0
3773,49409.0,49394.0,49550.0
3774,49409.0,49394.0,49550.0
3775,49409.0,49394.0,49550.0
3776,49409.0,49394.0,49550.0
3777,49409.0,49394.0,49550.0
3778,49409.0,49394.0,49550.0
3779,49409.0,49394.0,49550.0
3780,49409.0,49394.0,49550.0
3781,49409.0,49394.0,49550.0
3782,49409.0,49394.0,49550.0
3783,49409.0,49394.0,49550.0
3784,49409.0,49394.0,49550.0
3785,49409.0,49394.0,49550.0
3786,49409.0,49394.0,49550.0
3787,49409.0,49394.0,49550.0
3788,49409.0,49394.0,49550.0
3789,49409.0,49394.0,49550.0
3790,49409.0,49394.0,49550.0
3791,49409.0,49394.0,49550.0
3792,49409.0,49394.0,49550.0
3793,49409.0,49394.0,49550.0
3794,49409.0,49394.0,49550.0
3795,49409.0,49394.0,49550.0
3796,49409.0,49394.0,49550.0
3797,49409.0,49394.0,49550.0
3798,49409.0,49394.0,49550.0
3799,49409.0,49394.0,49550.0
3800,49409.0,49394.0,49550.0
3801,49409.0,49394.0,49550.0
3802,49409.0,49394.0,49550.0
3803,49409.0,49394.0,49550.0
3804,49409.0,49394.0,49550.0
3805,49409.0,49394.0,49550.0
3806,49409.0,49394.0,49550.0
3807,49409.0,49394.0,49550.0
3808,49409.0,49394.0,49550.0
3809,49409.0,49394.0,49550.0
3810,49409.0,49394.0,49550.0
3811,49409.0,49394.0,49550.0
3812,49409.0,49394.0,49550.0
3813,49409.0,49394.0,49550.0
3814,49409.0,49394.0,49550.0
3815,49409.0,49394.0,49550.0
3816,49409.0,49394.0,49550.0
3817,49409.0,49394.0,49550.0
3818,49409.0,49394.0,49550.0
3819,49409.0,49394.0,49550.0
3820,49409.0,49394.0,49550.0
3821,49409.0,49394.0,49550.0
3822,49409.0,49394.0,49550.0
3823,49409.0,49394.0,49550.0
3824,49409.0,49394.0,49550.0
3825,49409.0,49394.0,49550.0
3826,49409.0,49394.0,49550.0
3827,49409.0,49394.0,49550.0
3828,49409.0,49394.0,49550.0
3829,49409.0,49394.0,49550.0
3830,49409.0,49394.0,49550.0
3831,49409.0,49394.0,49550.0
3832,49409.0,49394.0,49550.0
3833,49409.0,49394.0,49550.0
3834,49409.0,49394.0,49550.0
3835,49409.0,49394.0,49550.0
3836,49409.0,49394.0,49550.0
3837,49409.0,49394.0,49550.0
3838,49409.0,49394.0,49550.0
3839,49409.0,49394.0,49550.0
3840,49409.0,49394.0,49550.0
3841,49409.0,49394.0,49550.0
3842,49409.0,49394.0,49550.0
3843,49409.0,49394.0,49550.0
3844,49409.0,49394.0,49550.0
3845,49409.0,49394.0,49550.0
3846,49409.0,49394.0,49550.0
3847,49409.0,49394.0,49550.0
3848,49409.0,49394.0,49550.0
3849,49409.0,49394.0,49550.0
3850,49409.0,49394.0,49550.0
3851,49409.0,49394.0,49550.0
3852,49409.0,49394.0,49550.0
3853,49409.0,49394.0,49550.0
3854,49409.0,49394.0,49550.0
3855,49409.0,49394.0,49550.0
3856,49409.0,49394.0,49550.0
3857,49409.0,49394.0,49550.0
3858,49409.0,49394.0,49550.0
3859,49409.0,49394.0,49550.0
3860,49409.0,49394.0,49550.0
3861,49409.0,49394.0,49550.0
3862,49409.0,49394.0,49550.0
3863,49409.0,49394.0,49550.0
3864,49409.0,49394.0,49550.0
3865,49409.0,49394.0,49550.0
3866,49409.0,49394.0,49550.0
3867,49409.0,49394.0,49550.0
3868,49409.0,49394.0,49550.0
3869,49409.0,49394.0,49550.0
3870,49409.0,49394.0,49550.0
3871,49409.0,49394.0,49550.0
3872,49409.0,49394.0,49550.0
3873,49409.0,49394.0,49550.0
3874,49409.0,49394.0,49550.0
3875,49409.0,49394.0,49550.0
3876,49409.0,49394.0,49550.0
3877,49409.0,49394.0,49550.0
3878,49409.0,49394.0,49550.0
3879,49409.0,49394.0,49550.0
3880,49409.0,49394.0,49550.0
3881,49409.0,49394.0,49550.0
3882,49409.0,49394.0,49550.0
3883,49409.0,49394.0,49550.0
3884,49409.0,49394.0,49550.0
3885,49409.0,49394.0,49550.0
3886,49409.0,49394.0,49550.0
3887,49409.0,49394.0,49550.0
3888,49409.0,49394.0,49550.0
3889,49409.0,49394.0,49550.0
3890,49409.0,49394.0,49550.0
3891,49409.0,49394.0,49550.0
3892,49409.0,49394.0,49550.0
3893,49409.0,49394.0,49550.0
3894,49409.0,49394.0,49550.0
3895,49409.0,49394.0,49550.0
3896,49409.0,49394.0,49550.0
3897,49409.0,49394.0,49550.0
3898,49409.0,49394.0,49550.0
3899,49409.0,49394.0,49550.0
3900,49409.0,49394.0,49550.0
3901,49409.0,49394.0,49550.0
3902,49409.0,49394.0,49550.0
3903,49409.0,49394.0,49550.0
3904,49409.0,49394.0,49550.0
3905,49409.0,49394.0,49550.0
3906,49409.0,49394.0,49550.0
3907,49409.0,49394.0,49550.0
3908,49409.0,49394.0,49550.0
3909,49409.0,49394.0,49550.0
3910,49409.0,49394.0,49550.0
3911,49409.0,49394.0,49550.0
3912,49409.0,49394.0,49550.0
3913,49409.0,49394.0,49550.0
3914,49409.0,49394.0,49550.0
3915,49409.0,49394.0,49550.0
3916,49409.0,49394.0,49550.0
3917,49409.0,49394.0,49550.0
3918,49409.0,49394.0,49550.0
3919,49409.0,49394.0,49550.0
3920,49409.0,49394.0,49550.0
3921,49409.0,49394.0,49550.0
3922,49409.0,49394.0,49550.0
3923,49409.0,49394.0,49550.0
3924,49409.0,49394.0,49550.0
3925,49409.0,49394.0,49550.0
3926,49409.0,49394.0,49550.0
3927,49409.0,49394.0,49550.0
3928,49409.0,49394.0,49550.0
3929,49409.0,49394.0,49550.0
3930,49409.0,49394.0,49550.0
3931,49409.0,49394.0,49550.0
3932,49409.0,49394.0,49550.0
3933,49409.0,49394.0,49550.0
3934,49409.0,49394.0,49550.0
3935,49409.0,49394.0,49550.0
3936,49409.0,49394.0,49550.0
3937,49409.0,49394.0,49550.0
3938,49409.0,49394.0,49550.0
3939,49409.0,49394.0,49550.0
3940,49409.0,49394.0,49550.0
3941,49409.0,49394.0,49550.0
3942,49409.0,49394.0,49550.0
3943,49409.0,49394.0,49550.0
3944,49409.0,49394.0,49550.0
3945,49409.0,49394.0,49550.0
3946,49409.0,49394.0,49550.0
3947,49409.0,49394.0,49550.0
3948,49409.0,49394.0,49550.0
3949,49409.0,49394.0,49550.0
3950,49409.0,49394.0,49550.0
3951,49409.0,49394.0,49550.0
3952,49409.0,49394.0,49550.0
3953,49409.0,49394.0,49550.0
3954,49409.0,49394.0,49550.0
3955,49409.0,49394.0,49550.0
3956,49409.0,49394.0,49550.0
3957,49409.0,49394.0,49550.0
3958,49409.0,49394.0,49550.0
3959,49409.0,49394.0,49550.0
3960,49409.0,49394.0,49550.0
3961,49409.0,49394.0,49550.0
3962,49409.0,49394.0,49550.0
3963,49409.0,49394.0,49550.0
3964,49409.0,49394.0,49550.0
3965,49409.0,49394.0,49550.0
3966,49409.0,49394.0,49550.0
3967,49409.0,49394.0,49550.0
3968,49409.0,49394.0,49550.0
3969,49409.0,49394.0,49550.0
3970,49409.0,49394.0,49550.0
3971,49409.0,49394.0,49550.0
3972,49409.0,49394.0,49550.0
3973,49409.0,49394.0,49550.0
3974,49409.0,49394.0,49550.0
3975,49409.0,49394.0,49550.0
3976,49409.0,49394.0,49550.0
3977,49409.0,49394.0,49550.0
3978,49409.0,49394.0,49550.0
3979,49409.0,49394.0,49550.0
3980,49409.0,49394.0,49550.0
3981,49409.0,49394.0,49550.0
3982,49409.0,49394.0,49550.0
3983,49409.0,49394.0,49550.0
3984,49409.0,49394.0,49550.0
3985,49409.0,49394.0,49550.0
3986,49409.0,49394.0,49550.0
3987,49409.0,49394.0,49550.0
3988,49409.0,49394.0,49550.0
3989,49409.0,49394.0,49550.0
3990,49409.0,49394.0,49550.0
3991,49409.0,49394.0,49550.0
3992,49409.0,49394.0,49550.0
3993,49409.0,49394.0,49550.0
3994,49409.0,49394.0,49550.0
3995,49409.0,49394.0,49550.0
3996,49409.0,49394.0,49550.0
3997,49409.0,49394.0,49550.0
3998,49409.0,49394.0,49550.0
3999,49409.0,49394.0,49550.0
4000,49409.0,49394.0,49550.0
4001,49409.0,49394.0,49550.0
4002,49409.0,49394.0,49550.0
4003,49409.0,49394.0,49550.0
4004,49409.0,49394.0,49550.0
4005,49409.0,49394.0,49550.0
4006,49409.0,49394.0,49550.0
4007,49409.0,49394.0,49550.0
4008,49409.0,49394.0,49550.0
4009,49409.0,49394.0,49550.0
4010,49409.0,49394.0,49550.0
4011,49409.0,49394.0,49550.0
4012,49409.0,49394.0,49550.0
4013,49409.0,49394.0,49550.0
4014,49409.0,49394.0,49550.0
4015,49409.0,49394.0,49550.0
4016,49409.0,49394.0,49550.0
4017,49409.0,49394.0,49550.0
4018,49409.0,49394.0,49550.0
4019,49409.0,49394.0,49550.0
4020,49409.0,49394.0,49550.0
4021,49409.0,49394.0,49550.0
4022,49409.0,49394.0,49550.0
4023,49409.0,49394.0,49550.0
4024,49409.0,49394.0,49550.0
4025,49409.0,49394.0,49550.0
4026,49409.0,49394.0,49550.0
4027,49409.0,49394.0,49550.0
4028,49409.0,49394.0,49550.0
4029,49409.0,49394.0,49550.0
4030,49409.0,49394.0,49550.0
4031,49409.0,49394.0,49550.0
4032,49409.0,49394.0,49550.0
4033,49409.0,49394.0,49550.0
4034,49409.0,49394.0,49550.0
4035,49409.0,49394.0,49550.0
4036,49409.0,49394.0,49550.0
4037,49409.0,49394.0,49550.0
4038,49409.0,49394.0,49550.0
4039,49409.0,49394.0,49550.0
4040,49409.0,49394.0,49550.0
4041,49409.0,49394.0,49550.0
4042,49409.0,49394.0,49550.0
4043,49409.0,49394.0,49550.0
4044,49409.0,49394.0,49550.0
4045,49409.0,49394.0,49550.0
4046,49409.0,49394.0,49550.0
4047,49409.0,49394.0,49550.0
4048,49409.0,49394.0,49550.0
4049,49409.0,49394.0,49550.0
4050,49409.0,49394.0,49550.0
4051,49409.0,49394.0,49550.0
4052,49409.0,49394.0,49550.0
4053,49409.0,49394.0,49550.0
4054,49409.0,49394.0,49550.0
4055,49409.0,49394.0,49550.0
4056,49409.0,49394.0,49550.0
4057,49409.0,49394.0,49550.0
4058,49409.0,49394.0,49550.0
4059,49409.0,49394.0,49550.0
4060,49409.0,49394.0,49550.0
4061,49409.0,49394.0,49550.0
4062,49409.0,49394.0,49550.0
4063,49409.0,49394.0,49550.0
4064,49409.0,49394.0,49550.0
4065,49409.0,49394.0,49550.0
4066,49409.0,49394.0,49550.0
4067,49409.0,49394.0,49550.0
4068,49409.0,49394.0,49550.0
4069,49409.0,49394.0,49550.0
4070,49409.0,49394.0,49550.0
4071,49409.0,49394.0,49550.0
4072,49409.0,49394.0,49550.0
4073,49409.0,49394.0,49550.0
4074,49409.0,49394.0,49550.0
4075,49409.0,49394.0,49550.0
4076,49409.0,49394.0,49550.0
4077,49409.0,49394.0,49550.0
4078,49409.0,49394.0,49550.0
4079,49409.0,49394.0,49550.0
4080,49409.0,49394.0,49550.0
4081,49409.0,49394.0,49550.0
4082,49409.0,49394.0,49550.0
4083,49409.0,49394.0,49550.0
4084,49409.0,49394.0,49550.0
4085,49409.0,49394.0,49550.0
4086,49409.0,49394.0,49550.0
4087,49409.0,49394.0,49550.0
4088,49409.0,49394.0,49550.0
4089,49409.0,49394.0,49550.0
4090,49409.0,49394.0,49550.0
4091,49409.0,49394.0,49550.0
4092,49409.0,49394.0,49550.0
4093,49409.0,49394.0,49550.0
4094,49409.0,49394.0,49550.0
4095,49409.0,49394.0,49550.0
4096,49409.0,49394.0,49550.0
4097,49409.0,49394.0,49550.0
4098,49409.0,49394.0,49550.0
4099,49409.0,49394.0,49550.0
4100,49409.0,49394.0,49550.0
4101,49409.0,49394.0,49550.0
4102,49409.0,49394.0,49550.0
4103,49409.0,49394.0,49550.0
4104,49409.0,49394.0,49550.0
4105,49409.0,49394.0,49550.0
4106,49409.0,49394.0,49550.0
4107,49409.0,49394.0,49550.0
4108,49409.0,49394.0,49550.0
4109,49409.0,49394.0,49550.0
4110,49409.0,49394.0,49550.0
4111,49409.0,49394.0,49550.0
4112,49409.0,49394.0,49550.0
4113,49409.0,49394.0,49550.0
4114,49409.0,49394.0,49550.0
4115,49409.0,49394.0,49550.0
4116,49409.0,49394.0,49550.0
4117,49409.0,49394.0,49550.0
4118,49409.0,49394.0,49550.0
4119,49409.0,49394.0,49550.0
4120,49409.0,49394.0,49550.0
4121,49409.0,49394.0,49550.0
4122,49409.0,49394.0,49550.0
4123,49409.0,49394.0,49550.0
4124,49409.0,49394.0,49550.0
4125,49409.0,49394.0,49550.0
4126,49409.0,49394.0,49550.0
4127,49409.0,49394.0,49550.0
4128,49409.0,49394.0,49550.0
4129,49409.0,49394.0,49550.0
4130,49409.0,49394.0,49550.0
4131,49409.0,49394.0,49550.0
4132,49409.0,49394.0,49550.0
4133,49409.0,49394.0,49550.0
4134,49409.0,49394.0,49550.0
4135,49409.0,49394.0,49550.0
4136,49409.0,49394.0,49550.0
4137,49409.0,49394.0,49550.0
4138,49409.0,49394.0,49550.0
4139,49409.0,49394.0,49550.0
4140,49409.0,49394.0,49550.0
4141,49409.0,49394.0,49550.0
4142,49409.0,49394.0,49550.0
4143,49409.0,49394.0,49550.0
4144,49409.0,49394.0,49550.0
4145,49409.0,49394.0,49550.0
4146,49409.0,49394.0,49550.0
4147,49409.0,49394.0,49550.0
4148,49409.0,49394.0,49550.0
4149,49409.0,49394.0,49550.0
4150,49409.0,49394.0,49550.0
4151,49409.0,49394.0,49550.0
4152,49409.0,49394.0,49550.0
4153,49409.0,49394.0,49550.0
4154,49409.0,49394.0,49550.0
4155,49409.0,49394.0,49550.0
4156,49409.0,49394.0,49550.0
4157,49409.0,49394.0,49550.0
4158,49409.0,49394.0,49550.0
4159,49409.0,49394.0,49550.0
4160,49409.0,49394.0,49550.0
4161,49409.0,49394.0,49550.0
4162,49409.0,49394.0,49550.0
4163,49409.0,49394.0,49550.0
4164,49409.0,49394.0,49550.0
4165,49409.0,49394.0,49550.0
4166,49409.0,49394.0,49550.0
4167,49409.0,49394.0,49550.0
4168,49409.0,49394.0,49550.0
4169,49409.0,49394.0,49550.0
4170,49409.0,49394.0,49550.0
4171,49409.0,49394.0,49550.0
4172,49409.0,49394.0,49550.0
4173,49409.0,49394.0,49550.0
4174,49409.0,49394.0,49550.0
4175,49409.0,49394.0,49550.0
4176,49409.0,49394.0,49550.0
4177,49409.0,49394.0,49550.0
4178,49409.0,49394.0,49550.0
4179,49409.0,49394.0,49550.0
4180,49409.0,49394.0,49550.0
4181,49409.0,49394.0,49550.0
4182,49409.0,49394.0,49550.0
4183,49409.0,49394.0,49550.0
4184,49409.0,49394.0,49550.0
4185,49409.0,49394.0,49550.0
4186,49409.0,49394.0,49550.0
4187,49409.0,49394.0,49550.0
4188,49409.0,49394.0,49550.0
4189,49409.0,49394.0,49550.0
4190,49409.0,49394.0,49550.0
4191,49409.0,49394.0,49550.0
4192,49409.0,49394.0,49550.0
4193,49409.0,49394.0,49550.0
4194,49409.0,49394.0,49550.0
4195,49409.0,49394.0,49550.0
4196,49409.0,49394.0,49550.0
4197,49409.0,49394.0,49550.0
4198,49409.0,49394.0,49550.0
4199,49409.0,49394.0,49550.0
4200,49409.0,49394.0,49550.0
4201,49409.0,49394.0,49550.0
4202,49409.0,49394.0,49550.0
4203,49409.0,49394.0,49550.0
4204,49409.0,49394.0,49550.0
4205,49409.0,49394.0,49550.0
4206,49409.0,49394.0,49550.0
4207,49409.0,49394.0,49550.0
4208,49409.0,49394.0,49550.0
4209,49409.0,49394.0,49550.0
4210,49409.0,49394.0,49550.0
4211,49409.0,49394.0,49550.0
4212,49409.0,49394.0,49550.0
4213,49409.0,49394.0,49550.0
4214,49409.0,49394.0,49550.0
4215,49409.0,49394.0,49550.0
4216,49409.0,49394.0,49550.0
4217,49409.0,49394.0,49550.0
4218,49409.0,49394.0,49550.0
4219,49409.0,49394.0,49550.0
4220,49409.0,49394.0,49550.0
4221,49409.0,49394.0,49550.0
4222,49409.0,49394.0,49550.0
4223,49409.0,49394.0,49550.0
4224,49409.0,49394.0,49550.0
4225,49409.0,49394.0,49550.0
4226,49409.0,49394.0,49550.0
4227,49409.0,49394.0,49550.0
4228,49409.0,49394.0,49550.0
4229,49409.0,49394.0,49550.0
4230,49409.0,49394.0,49550.0
4231,49409.0,49394.0,49550.0
4232,49409.0,49394.0,49550.0
4233,49409.0,49394.0,49550.0
4234,49409.0,49394.0,49550.0
4235,49409.5,49394.0,49551.0
4236,49409.5,49394.0,49551.0
4237,49409.5,49394.0,49551.0
4238,49409.5,49394.0,49551.0
4239,49409.5,49394.0,49551.0
4240,49409.5,49394.0,49551.0
4241,49409.5,49394.0,49551.0
4242,49409.5,49394.0,49551.0
4243,49409.5,49394.0,49551.0
4244,49409.5,49394.0,49551.0
4245,49409.5,49394.0,49551.0
4246,49409.5,49394.0,49551.0
4247,49409.5,49394.0,49551.0
4248,49409.5,49394.0,49551.0
4249,49409.5,49394.0,49551.0
4250,49409.5,49394.0,49551.0
4251,49409.5,49394.0,49551.0
4252,49409.5,49394.0,49551.0
4253,49409.5,49394.0,49551.0
4254,49409.5,49394.0,49551.0
4255,49409.5,49394.0,49551.0
4256,49409.5,49394.0,49551.0
4257,49409.5,49394.0,49551.0
4258,49409.5,49394.0,49551.0
4259,49409.5,49394.0,49551.0
4260,49409.5,49394.0,49551.0
4261,49409.5,49394.0,49551.0
4262,49409.5,49394.0,49551.0
4263,49409.5,49394.0,49551.0
4264,49409.5,49394.0,49551.0
4265,49409.5,49394.0,49551.0
4266,49409.5,49394.0,49551.0
4267,49409.5,49394.0,49551.0
4268,49409.5,49394.0,49551.0
4269,49409.5,49394.0,49551.0
4270,49409.5,49394.0,49551.0
4271,49409.5,49394.0,49551.0
4272,49409.5,49394.0,49551.0
4273,49409.5,49394.0,49551.0
4274,49409.5,49394.0,49551.0
4275,49409.5,49394.0,49551.0
4276,49409.5,49394.0,49551.0
4277,49409.5,49394.0,49551.0
4278,49409.5,49394.0,49551.0
4279,49409.5,49394.0,49551.0
4280,49409.5,49394.0,49551.0
4281,49409.5,49394.0,49551.0
4282,49409.5,49394.0,49551.0
4283,49409.5,49394.0,49551.0
4284,49409.5,49394.0,49551.0
4285,49409.5,49394.0,49551.0
4286,49409.5,49394.0,49551.0
4287,49409.5,49394.0,49551.0
4288,49409.5,49394.0,49551.0
4289,49409.5,49394.0,49551.0
4290,49409.5,49394.0,49551.0
4291,49409.5,49394.0,49551.0
4292,49409.5,49394.0,49551.0
4293,49409.5,49394.0,49551.0
4294,49409.5,49394.0,49551.0
4295,49409.5,49394.0,49551.0
4296,49409.5,49394.0,49551.0
4297,49409.5,49394.0,49551.0
4298,49409.5,49394.0,49551.0
4299,49409.5,49394.0,49551.0
4300,49409.5,49394.0,49551.0
4301,49409.5,49394.0,49551.0
4302,49409.5,49394.0,49551.0
4303,49409.5,49394.0,49551.0
4304,49409.5,49394.0,49551.0
4305,49409.5,49394.0,49551.0
4306,49409.5,49394.0,49551.0
4307,49409.5,49394.0,49551.0
4308,49409.5,49394.0,49551.0
4309,49409.5,49394.0,49551.0
4310,49409.5,49394.0,49551.0
4311,49409.5,49394.0,49551.0
4312,49409.5,49394.0,49551.0
4313,49409.5,49394.0,49551.0
4314,49409.5,49394.0,49551.0
4315,49409.5,49394.0,49551.0
4316,49409.5,49394.0,49551.0
4317,49409.5,49394.0,49551.0
4318,49409.5,49394.0,49551.0
4319,49409.5,49394.0,49551.0
4320,49409.5,49394.0,49551.0
4321,49409.5,49394.0,49551.0
4322,49409.5,49394.0,49551.0
4323,49409.5,49394.0,49551.0
4324,49409.5,49394.0,49551.0
4325,49409.5,49394.0,49551.0
4326,49409.5,49394.0,49551.0
4327,49409.5,49394.0,49551.0
4328,49409.5,49394.0,49551.0
4329,49409.5,49394.0,49551.0
4330,49409.5,49394.0,49551.0
4331,49409.5,49394.0,49551.0
4332,49409.5,49394.0,49551.0
4333,49409.5,49394.0,49551.0
4334,49409.5,49394.0,49551.0
4335,49409.5,49394.0,49551.0
4336,49413.0,49394.0,49558.0
4337,49413.0,49394.0,49558.0
4338,49413.0,49394.0,49558.0
4339,49413.0,49394.0,49558.0
4340,49413.0,49394.0,49558.0
4341,49413.0,49394.0,49558.0
4342,49413.0,49394.0,49558.0
4343,49413.0,49394.0,49558.0
4344,49413.5,49394.0,49559.0
4345,49413.5,49394.0,49559.0
4346,49413.5,49394.0,49559.0
4347,49413.5,49394.0,49559.0
4348,49413.5,49394.0,49559.0
4349,49413.5,49394.0,49559.0
4350,49413.5,49394.0,49559.0
4351,49413.5,49394.0,49559.0
4352,49413.5,49394.0,49559.0
4353,49413.5,49394.0,49559.0
4354,49413.5,49394.0,49559.0
4355,49413.5,49394.0,49559.0
4356,49413.5,49394.0,49559.0
4357,49413.5,49394.0,49559.0
4358,49413.5,49394.0,49559.0
4359,49413.5,49394.0,49559.0
4360,49413.5,49394.0,49559.0
4361,49413.5,49394.0,49559.0
4362,49413.5,49394.0,49559.0
4363,49413.5,49394.0,49559.0
4364,49413.5,49394.0,49559.0
4365,49413.5,49394.0,49559.0
4366,49413.5,49394.0,49559.0
4367,49413.5,49394.0,49559.0
4368,49413.5,49394.0,49559.0
4369,49413.5,49394.0,49559.0
4370,49413.5,49394.0,49559.0
4371,49414.0,49394.0,49560.0
4372,49414.0,49394.0,49560.0
4373,49414.0,49394.0,49560.0
4374,49414.0,49394.0,49560.0
4375,49414.0,49394.0,49560.0
4376,49414.0,49394.0,49560.0
4377,49414.0,49394.0,49560.0
4378,49414.0,49394.0,49560.0
4379,49414.0,49394.0,49560.0
4380,49414.0,49394.0,49560.0
4381,49414.0,49394.0,49560.0
4382,49414.0,49394.0,49560.0
4383,49414.0,49394.0,49560.0
4384,49414.0,49394.0,49560.0
4385,49414.0,49394.0,49560.0
4386,49414.0,49394.0,49560.0
4387,49414.0,49394.0,49560.0
4388,49414.0,49394.0,49560.0
4389,49414.0,49394.0,49560.0
4390,49414.0,49394.0,49560.0
4391,49414.0,49394.0,49560.0
4392,49414.0,49394.0,49560.0
4393,49414.0,49394.0,49560.0
4394,49414.0,49394.0,49560.0
4395,49414.0,49394.0,49560.0
4396,49414.0,49394.0,49560.0
4397,49414.0,49394.0,49560.0
4398,49414.0,49394.0,49560.0
4399,49414.0,49394.0,49560.0
4400,49414.0,49394.0,49560.0
4401,49414.0,49394.0,49560.0
4402,49414.0,49394.0,49560.0
4403,49414.0,49394.0,49560.0
4404,49414.0,49394.0,49560.0
4405,49414.0,49394.0,49560.0
4406,49414.0,49394.0,49560.0
4407,49414.0,49394.0,49560.0
4408,49414.0,49394.0,49560.0
4409,49414.0,49394.0,49560.0
4410,49414.0,49394.0,49560.0
4411,49414.0,49394.0,49560.0
4412,49414.0,49394.0,49560.0
4413,49414.0,49394.0,49560.0
4414,49414.0,49394.0,49560.0
4415,49414.0,49394.0,49560.0
4416,49414.0,49394.0,49560.0
4417,49414.0,49394.0,49560.0
4418,49414.0,49394.0,49560.0
4419,49414.0,49394.0,49560.0
4420,49414.0,49394.0,49560.0
4421,49414.0,49394.0,49560.0
4422,49414.0,49394.0,49560.0
4423,49414.0,49394.0,49560.0
4424,49414.0,49394.0,49560.0
4425,49414.0,49394.0,49560.0
4426,49414.0,49394.0,49560.0
4427,49414.0,49394.0,49560.0
4428,49414.0,49394.0,49560.0
4429,49414.0,49394.0,49560.0
4430,49414.0,49394.0,49560.0
4431,49414.0,49394.0,49560.0
4432,49414.0,49394.0,49560.0
4433,49414.0,49394.0,49560.0
4434,49414.0,49394.0,49560.0
4435,49414.0,49394.0,49560.0
4436,49414.0,49394.0,49560.0
4437,49414.0,49394.0,49560.0
4438,49414.0,49394.0,49560.0
4439,49414.0,49394.0,49560.0
4440,49414.0,49394.0,49560.0
4441,49414.0,49394.0,49560.0
4442,49414.0,49394.0,49560.0
4443,49414.0,49394.0,49560.0
4444,49414.0,49394.0,49560.0
4445,49414.0,49394.0,49560.0
4446,49414.0,49394.0,49560.0
4447,49414.0,49394.0,49560.0
4448,49414.0,49394.0,49560.0
4449,49414.0,49394.0,49560.0
4450,49414.0,49394.0,49560.0
4451,49414.0,49394.0,49560.0
4452,49414.0,49394.0,49560.0
4453,49414.0,49394.0,49560.0
4454,49414.0,49394.0,49560.0
4455,49414.0,49394.0,49560.0
4456,49414.0,49394.0,49560.0
4457,49414.0,49394.0,49560.0
4458,49414.0,49394.0,49560.0
4459,49414.0,49394.0,49560.0
4460,49414.0,49394.0,49560.0
4461,49414.0,49394.0,49560.0
4462,49414.0,49394.0,49560.0
4463,49414.0,49394.0,49560.0
4464,49414.0,49394.0,49560.0
4465,49414.0,49394.0,49560.0
4466,49414.0,49394.0,49560.0
4467,49414.0,49394.0,49560.0
4468,49414.0,49394.0,49560.0
4469,49414.0,49394.0,49560.0
4470,49414.0,49394.0,49560.0
4471,49414.0,49394.0,49560.0
4472,49414.0,49394.0,49560.0
4473,49414.0,49394.0,49560.0
4474,49414.0,49394.0,49560.0
4475,49414.0,49394.0,49560.0
4476,49414.0,49394.0,49560.0
4477,49414.0,49394.0,49560.0
4478,49414.0,49394.0,49560.0
4479,49414.0,49394.0,49560.0
4480,49414.0,49394.0,49560.0
4481,49414.0,49394.0,49560.0
4482,49414.0,49394.0,49560.0
4483,49414.0,49394.0,49560.0
4484,49414.0,49394.0,49560.0
4485,49414.0,49394.0,49560.0
4486,49414.0,49394.0,49560.0
4487,49414.0,49394.0,49560.0
4488,49414.0,49394.0,49560.0
4489,49414.0,49394.0,49560.0
4490,49414.0,49394.0,49560.0
4491,49414.0,49394.0,49560.0
4492,49414.0,49394.0,49560.0
4493,49414.0,49394.0,49560.0
4494,49414.0,49394.0,49560.0
4495,49414.0,49394.0,49560.0
4496,49414.0,49394.0,49560.0
4497,49414.0,49394.0,49560.0
4498,49414.0,49394.0,49560.0
4499,49414.0,49394.0,49560.0
4500,49414.0,49394.0,49560.0
4501,49414.0,49394.0,49560.0
4502,49414.0,49394.0,49560.0
4503,49414.0,49394.0,49560.0
4504,49414.0,49394.0,49560.0
4505,49414.0,49394.0,49560.0
4506,49414.0,49394.0,49560.0
4507,49414.0,49394.0,49560.0
4508,49414.0,49394.0,49560.0
4509,49414.0,49394.0,49560.0
4510,49414.0,49394.0,49560.0
4511,49414.0,49394.0,49560.0
4512,49414.0,49394.0,49560.0
4513,49414.0,49394.0,49560.0
4514,49414.0,49394.0,49560.0
4515,49414.0,49394.0,49560.0
4516,49414.0,49394.0,49560.0
4517,49414.0,49394.0,49560.0
4518,49414.0,49394.0,49560.0
4519,49414.0,49394.0,49560.0
4520,49414.0,49394.0,49560.0
4521,49414.0,49394.0,49560.0
4522,49414.0,49394.0,49560.0
4523,49414.0,49394.0,49560.0
4524,49414.0,49394.0,49560.0
4525,49414.0,49394.0,49560.0
4526,49414.0,49394.0,49560.0
4527,49414.0,49394.0,49560.0
4528,49414.0,49394.0,49560.0
4529,49414.0,49394.0,49560.0
4530,49414.0,49394.0,49560.0
4531,49414.0,49394.0,49560.0
4532,49414.0,49394.0,49560.0
4533,49414.0,49394.0,49560.0
4534,49414.0,49394.0,49560.0
4535,49414.0,49394.0,49560.0
4536,49414.0,49394.0,49560.0
4537,49414.0,49394.0,49560.0
4538,49414.0,49394.0,49560.0
4539,49414.0,49394.0,49560.0
4540,49414.0,49394.0,49560.0
4541,49414.0,49394.0,49560.0
4542,49414.0,49394.0,49560.0
4543,49414.0,49394.0,49560.0
4544,49414.0,49394.0,49560.0
4545,49414.0,49394.0,49560.0
4546,49414.0,49394.0,49560.0
4547,49414.0,49394.0,49560.0
4548,49414.0,49394.0,49560.0
4549,49414.0,49394.0,49560.0
4550,49414.0,49394.0,49560.0
4551,49414.0,49394.0,49560.0
4552,49414.0,49394.0,49560.0
4553,49414.0,49394.0,49560.0
4554,49414.0,49394.0,49560.0
4555,49414.0,49394.0,49560.0
4556,49414.0,49394.0,49560.0
4557,49414.0,49394.0,49560.0
4558,49414.0,49394.0,49560.0
4559,49414.0,49394.0,49560.0
4560,49414.0,49394.0,49560.0
4561,49414.0,49394.0,49560.0
4562,49414.0,49394.0,49560.0
4563,49414.0,49394.0,49560.0
4564,49414.0,49394.0,49560.0
4565,49414.0,49394.0,49560.0
4566,49414.0,49394.0,49560.0
4567,49414.0,49394.0,49560.0
4568,49414.0,49394.0,49560.0
4569,49414.0,49394.0,49560.0
4570,49414.0,49394.0,49560.0
4571,49414.0,49394.0,49560.0
4572,49414.0,49394.0,49560.0
4573,49414.0,49394.0,49560.0
4574,49414.0,49394.0,49560.0
4575,49414.0,49394.0,49560.0
4576,49414.0,49394.0,49560.0
4577,49414.0,49394.0,49560.0
4578,49414.0,49394.0,49560.0
4579,49414.0,49394.0,49560.0
4580,49414.0,49394.0,49560.0
4581,49414.0,49394.0,49560.0
4582,49414.0,49394.0,49560.0
4583,49414.0,49394.0,49560.0
4584,49414.0,49394.0,49560.0
4585,49414.0,49394.0,49560.0
4586,49414.0,49394.0,49560.0
4587,49414.0,49394.0,49560.0
4588,49414.0,49394.0,49560.0
4589,49414.0,49394.0,49560.0
4590,49414.0,49394.0,49560.0
4591,49414.0,49394.0,49560.0
4592,49414.0,49394.0,49560.0
4593,49414.0,49394.0,49560.0
4594,49414.0,49394.0,49560.0
4595,49414.0,49394.0,49560.0
4596,49414.0,49394.0,49560.0
4597,49414.0,49394.0,49560.0
4598,49414.0,49394.0,49560.0
4599,49414.0,49394.0,49560.0
4600,49414.0,49394.0,49560.0
4601,49414.0,49394.0,49560.0
4602,49414.0,49394.0,49560.0
4603,49414.0,49394.0,49560.0
4604,49414.0,49394.0,49560.0
4605,49414.0,49394.0,49560.0
4606,49414.0,49394.0,49560.0
4607,49414.0,49394.0,49560.0
4608,49414.0,49394.0,49560.0
4609,49414.0,49394.0,49560.0
4610,49414.0,49394.0,49560.0
4611,49414.0,49394.0,49560.0
4612,49414.0,49394.0,49560.0
4613,49414.0,49394.0,49560.0
4614,49414.0,49394.0,49560.0
4615,49414.0,49394.0,49560.0
4616,49414.0,49394.0,49560.0
4617,49414.0,49394.0,49560.0
4618,49414.0,49394.0,49560.0
4619,49414.0,49394.0,49560.0
4620,49414.0,49394.0,49560.0
4621,49414.0,49394.0,49560.0
4622,49414.0,49394.0,49560.0
4623,49414.0,49394.0,49560.0
4624,49414.0,49394.0,49560.0
4625,49414.0,49394.0,49560.0
4626,49414.0,49394.0,49560.0
4627,49414.0,49394.0,49560.0
4628,49414.0,49394.0,49560.0
4629,49414.0,49394.0,49560.0
4630,49414.0,49394.0,49560.0
4631,49414.0,49394.0,49560.0
4632,49414.0,49394.0,49560.0
4633,49414.0,49394.0,49560.0
4634,49414.0,49394.0,49560.0
4635,49414.0,49394.0,49560.0
4636,49414.0,49394.0,49560.0
4637,49414.0,49394.0,49560.0
4638,49414.0,49394.0,49560.0
4639,49414.0,49394.0,49560.0
4640,49414.0,49394.0,49560.0
4641,49414.0,49394.0,49560.0
4642,49414.0,49394.0,49560.0
4643,49414.0,49394.0,49560.0
4644,49414.0,49394.0,49560.0
4645,49414.0,49394.0,49560.0
4646,49414.0,49394.0,49560.0
4647,49414.0,49394.0,49560.0
4648,49414.0,49394.0,49560.0
4649,49414.0,49394.0,49560.0
4650,49414.0,49394.0,49560.0
4651,49414.0,49394.0,49560.0
4652,49414.0,49394.0,49560.0
4653,49414.0,49394.0,49560.0
4654,49414.0,49394.0,49560.0
4655,49414.0,49394.0,49560.0
4656,49414.0,49394.0,49560.0
4657,49421.5,49394.0,49575.0
4658,49421.5,49394.0,49575.0
4659,49421.5,49394.0,49575.0
4660,49421.5,49394.0,49575.0
4661,49421.5,49394.0,49575.0
4662,49421.5,49394.0,49575.0
4663,49421.5,49394.0,49575.0
4664,49421.5,49394.0,49575.0
4665,49421.5,49394.0,49575.0
4666,49421.5,49394.0,49575.0
4667,49421.5,49394.0,49575.0
4668,49421.5,49394.0,49575.0
4669,49421.5,49394.0,49575.0
4670,49421.5,49394.0,49575.0
4671,49421.5,49394.0,49575.0
4672,49421.5,49394.0,49575.0
4673,49421.5,49394.0,49575.0
4674,49421.5,49394.0,49575.0
4675,49421.5,49394.0,49575.0
4676,49421.5,49394.0,49575.0
4677,49421.5,49394.0,49575.0
4678,49421.5,49394.0,49575.0
4679,49421.5,49394.0,49575.0
4680,49421.5,49394.0,49575.0
4681,49421.5,49394.0,49575.0
4682,49421.5,49394.0,49575.0
4683,49421.5,49394.0,49575.0
4684,49421.5,49394.0,49575.0
4685,49421.5,49394.0,49575.0
4686,49421.5,49394.0,49575.0
4687,49421.5,49394.0,49575.0
4688,49421.5,49394.0,49575.0
4689,49421.5,49394.0,49575.0
4690,49421.5,49394.0,49575.0
4691,49421.5,49394.0,49575.0
4692,49421.5,49394.0,49575.0
4693,49421.5,49394.0,49575.0
4694,49421.5,49394.0,49575.0
4695,49421.5,49394.0,49575.0
4696,49421.5,49394.0,49575.0
4697,49421.5,49394.0,49575.0
4698,49421.5,49394.0,49575.0
4699,49421.5,49394.0,49575.0
4700,49421.5,49394.0,49575.0
4701,49430.5,49394.0,49593.0
4702,49430.5,49394.0,49593.0
4703,49430.5,49394.0,49593.0
4704,49430.5,49394.0,49593.0
4705,49430.5,49394.0,49593.0
4706,49430.5,49394.0,49593.0
4707,49430.5,49394.0,49593.0
4708,49430.5,49394.0,49593.0
4709,49430.5,49394.0,49593.0
4710,49430.5,49394.0,49593.0
4711,49430.5,49394.0,49593.0
4712,49430.5,49394.0,49593.0
4713,49430.5,49394.0,49593.0
4714,49430.5,49394.0,49593.0
4715,49430.5,49394.0,49593.0
4716,49430.5,49394.0,49593.0
4717,49430.5,49394.0,49593.0
4718,49430.5,49394.0,49593.0
4719,49430.5,49394.0,49593.0
4720,49430.5,49394.0,49593.0
4721,49430.5,49394.0,49593.0
4722,49430.5,49394.0,49593.0
4723,49430.5,49394.0,49593.0
4724,49430.5,49394.0,49593.0
4725,49430.5,49394.0,49593.0
4726,49430.5,49394.0,49593.0
4727,49430.5,49394.0,49593.0
4728,49430.5,49394.0,49593.0
4729,49430.5,49394.0,49593.0
4730,49430.5,49394.0,49593.0
4731,49430.5,49394.0,49593.0
4732,49430.5,49394.0,49593.0
4733,49430.5,49394.0,49593.0
4734,49430.5,49394.0,49593.0
4735,49430.5,49394.0,49593.0
4736,49430.5,49394.0,49593.0
4737,49430.5,49394.0,49593.0
4738,49430.5,49394.0,49593.0
4739,49430.5,49394.0,49593.0
4740,49430.5,49394.0,49593.0
4741,49430.5,49394.0,49593.0
4742,49430.5,49394.0,49593.0
4743,49430.5,49394.0,49593.0
4744,49430.5,49394.0,49593.0
4745,49430.5,49394.0,49593.0
4746,49430.5,49394.0,49593.0
4747,49430.5,49394.0,49593.0
4748,49430.5,49394.0,49593.0
4749,49430.5,49394.0,49593.0
4750,49430.5,49394.0,49593.0
4751,49430.5,49394.0,49593.0
4752,49430.5,49394.0,49593.0
4753,49430.5,49394.0,49593.0
4754,49430.5,49394.0,49593.0
4755,49430.5,49394.0,49593.0
4756,49430.5,49394.0,49593.0
4757,49430.5,49394.0,49593.0
4758,49430.5,49394.0,49593.0
4759,49430.5,49394.0,49593.0
4760,49430.5,49394.0,49593.0
4761,49430.5,49394.0,49593.0
4762,49430.5,49394.0,49593.0
4763,49430.5,49394.0,49593.0
4764,49430.5,49394.0,49593.0
4765,49430.5,49394.0,49593.0
4766,49430.5,49394.0,49593.0
4767,49430.5,49394.0,49593.0
4768,49430.5,49394.0,49593.0
4769,49430.5,49394.0,49593.0
4770,49430.5,49394.0,49593.0
4771,49430.5,49394.0,49593.0
4772,49430.5,49394.0,49593.0
4773,49430.5,49394.0,49593.0
4774,49430.5,49394.0,49593.0
4775,49430.5,49394.0,49593.0
4776,49430.5,49394.0,49593.0
4777,49430.5,49394.0,49593.0
4778,49430.5,49394.0,49593.0
4779,49430.5,49394.0,49593.0
4780,49430.5,49394.0,49593.0
4781,49430.5,49394.0,49593.0
4782,49430.5,49394.0,49593.0
4783,49430.5,49394.0,49593.0
4784,49430.5,49394.0,49593.0
4785,49430.5,49394.0,49593.0
4786,49430.5,49394.0,49593.0
4787,49430.5,49394.0,49593.0
4788,49430.5,49394.0,49593.0
4789,49430.5,49394.0,49593.0
4790,49430.5,49394.0,49593.0
4791,49430.5,49394.0,49593.0
4792,49430.5,49394.0,49593.0
4793,49430.5,49394.0,49593.0
4794,49430.5,49394.0,49593.0
4795,49430.5,49394.0,49593.0
4796,49430.5,49394.0,49593.0
4797,49430.5,49394.0,49593.0
4798,49430.5,49394.0,49593.0
4799,49430.5,49394.0,49593.0
4800,49430.5,49394.0,49593.0
4801,49430.5,49394.0,49593.0
4802,49430.5,49394.0,49593.0
4803,49430.5,49394.0,49593.0
4804,49430.5,49394.0,49593.0
4805,49430.5,49394.0,49593.0
4806,49430.5,49394.0,49593.0
4807,49430.5,49394.0,49593.0
4808,49430.5,49394.0,49593.0
4809,49430.5,49394.0,49593.0
4810,49430.5,49394.0,49593.0
4811,49430.5,49394.0,49593.0
4812,49430.5,49394.0,49593.0
4813,49430.5,49394.0,49593.0
4814,49430.5,49394.0,49593.0
4815,49430.5,49394.0,49593.0
4816,49430.5,49394.0,49593.0
4817,49430.5,49394.0,49593.0
4818,49430.5,49394.0,49593.0
4819,49430.5,49394.0,49593.0
4820,49430.5,49394.0,49593.0
4821,49430.5,49394.0,49593.0
4822,49430.5,49394.0,49593.0
4823,49430.5,49394.0,49593.0
4824,49430.5,49394.0,49593.0
4825,49430.5,49394.0,49593.0
4826,49430.5,49394.0,49593.0
4827,49430.5,49394.0,49593.0
4828,49430.5,49394.0,49593.0
4829,49430.5,49394.0,49593.0
4830,49430.5,49394.0,49593.0
4831,49430.5,49394.0,49593.0
4832,49430.5,49394.0,49593.0
4833,49430.5,49394.0,49593.0
4834,49430.5,49394.0,49593.0
4835,49430.5,49394.0,49593.0
4836,49430.5,49394.0,49593.0
4837,49430.5,49394.0,49593.0
4838,49430.5,49394.0,49593.0
4839,49430.5,49394.0,49593.0
4840,49430.5,49394.0,49593.0
4841,49430.5,49394.0,49593.0
4842,49430.5,49394.0,49593.0
4843,49430.5,49394.0,49593.0
4844,49430.5,49394.0,49593.0
4845,49430.5,49394.0,49593.0
4846,49430.5,49394.0,49593.0
4847,49430.5,49394.0,49593.0
4848,49430.5,49394.0,49593.0
4849,49430.5,49394.0,49593.0
4850,49430.5,49394.0,49593.0
4851,49430.5,49394.0,49593.0
4852,49430.5,49394.0,49593.0
4853,49430.5,49394.0,49593.0
4854,49430.5,49394.0,49593.0
4855,49430.5,49394.0,49593.0
4856,49430.5,49394.0,49593.0
4857,49430.5,49394.0,49593.0
4858,49430.5,49394.0,49593.0
4859,49430.5,49394.0,49593.0
4860,49430.5,49394.0,49593.0
4861,49430.5,49394.0,49593.0
4862,49430.5,49394.0,49593.0
4863,49430.5,49394.0,49593.0
4864,49430.5,49394.0,49593.0
4865,49430.5,49394.0,49593.0
4866,49430.5,49394.0,49593.0
4867,49430.5,49394.0,49593.0
4868,49430.5,49394.0,49593.0
4869,49430.5,49394.0,49593.0
4870,49430.5,49394.0,49593.0
4871,49430.5,49394.0,49593.0
4872,49430.5,49394.0,49593.0
4873,49430.5,49394.0,49593.0
4874,49430.5,49394.0,49593.0
4875,49430.5,49394.0,49593.0
4876,49430.5,49394.0,49593.0
4877,49430.5,49394.0,49593.0
4878,49430.5,49394.0,49593.0
4879,49430.5,49394.0,49593.0
4880,49430.5,49394.0,49593.0
4881,49430.5,49394.0,49593.0
4882,49430.5,49394.0,49593.0
4883,49430.5,49394.0,49593.0
4884,49430.5,49394.0,49593.0
4885,49430.5,49394.0,49593.0
4886,49430.5,49394.0,49593.0
4887,49430.5,49394.0,49593.0
4888,49430.5,49394.0,49593.0
4889,49430.5,49394.0,49593.0
4890,49430.5,49394.0,49593.0
4891,49430.5,49394.0,49593.0
4892,49430.5,49394.0,49593.0
4893,49430.5,49394.0,49593.0
4894,49430.5,49394.0,49593.0
4895,49430.5,49394.0,49593.0
4896,49430.5,49394.0,49593.0
4897,49430.5,49394.0,49593.0
4898,49430.5,49394.0,49593.0
4899,49430.5,49394.0,49593.0
4900,49430.5,49394.0,49593.0
4901,49430.5,49394.0,49593.0
4902,49430.5,49394.0,49593.0
4903,49430.5,49394.0,49593.0
4904,49430.5,49394.0,49593.0
4905,49430.5,49394.0,49593.0
4906,49430.5,49394.0,49593.0
4907,49430.5,49394.0,49593.0
4908,49430.5,49394.0,49593.0
4909,49430.5,49394.0,49593.0
4910,49430.5,49394.0,49593.0
4911,49430.5,49394.0,49593.0
4912,49430.5,49394.0,49593.0
4913,49430.5,49394.0,49593.0
4914,49430.5,49394.0,49593.0
4915,49430.5,49394.0,49593.0
4916,49430.5,49394.0,49593.0
4917,49430.5,49394.0,49593.0
4918,49430.5,49394.0,49593.0
4919,49430.5,49394.0,49593.0
4920,49430.5,49394.0,49593.0
4921,49430.5,49394.0,49593.0
4922,49430.5,49394.0,49593.0
4923,49430.5,49394.0,49593.0
4924,49430.5,49394.0,49593.0
4925,49430.5,49394.0,49593.0
4926,49430.5,49394.0,49593.0
4927,49430.5,49394.0,49593.0
4928,49430.5,49394.0,49593.0
4929,49430.5,49394.0,49593.0
4930,49430.5,49394.0,49593.0
4931,49430.5,49394.0,49593.0
4932,49430.5,49394.0,49593.0
4933,49430.5,49394.0,49593.0
4934,49430.5,49394.0,49593.0
4935,49430.5,49394.0,49593.0
4936,49430.5,49394.0,49593.0
4937,49430.5,49394.0,49593.0
4938,49430.5,49394.0,49593.0
4939,49430.5,49394.0,49593.0
4940,49430.5,49394.0,49593.0
4941,49430.5,49394.0,49593.0
4942,49430.5,49394.0,49593.0
4943,49430.5,49394.0,49593.0
4944,49430.5,49394.0,49593.0
4945,49430.5,49394.0,49593.0
4946,49430.5,49394.0,49593.0
4947,49430.5,49394.0,49593.0
4948,49430.5,49394.0,49593.0
4949,49430.5,49394.0,49593.0
4950,49430.5,49394.0,49593.0
4951,49430.5,49394.0,49593.0
4952,49430.5,49394.0,49593.0
4953,49430.5,49394.0,49593.0
4954,49430.5,49394.0,49593.0
4955,49430.5,49394.0,49593.0
4956,49430.5,49394.0,49593.0
4957,49430.5,49394.0,49593.0
4958,49430.5,49394.0,49593.0
4959,49430.5,49394.0,49593.0
4960,49430.5,49394.0,49593.0
4961,49430.5,49394.0,49593.0
4962,49430.5,49394.0,49593.0
4963,49430.5,49394.0,49593.0
4964,49430.5,49394.0,49593.0
4965,49430.5,49394.0,49593.0
4966,49430.5,49394.0,49593.0
4967,49430.5,49394.0,49593.0
4968,49430.5,49394.0,49593.0
4969,49430.5,49394.0,49593.0
4970,49430.5,49394.0,49593.0
4971,49430.5,49394.0,49593.0
4972,49430.5,49394.0,49593.0
4973,49430.5,49394.0,49593.0
4974,49430.5,49394.0,49593.0
4975,49430.5,49394.0,49593.0
4976,49430.5,49394.0,49593.0
4977,49430.5,49394.0,49593.0
4978,49430.5,49394.0,49593.0
4979,49430.5,49394.0,49593.0
4980,49430.5,49394.0,49593.0
4981,49430.5,49394.0,49593.0
4982,49430.5,49394.0,49593.0
4983,49430.5,49394.0,49593.0
4984,49430.5,49394.0,49593.0
4985,49430.5,49394.0,49593.0
4986,49430.5,49394.0,49593.0
4987,49430.5,49394.0,49593.0
4988,49430.5,49394.0,49593.0
4989,49430.5,49394.0,49593.0
4990,49430.5,49394.0,49593.0
4991,49430.5,49394.0,49593.0
4992,49430.5,49394.0,49593.0
4993,49430.5,49394.0,49593.0
4994,49430.5,49394.0,49593.0
4995,49430.5,49394.0,49593.0
4996,49430.5,49394.0,49593.0
4997,49430.5,49394.0,49593.0
4998,49430.5,49394.0,49593.0
4999,49430.5,49394.0,49593.0
5000,49430.5,49394.0,49593.0
5001,49430.5,49394.0,49593.0
5002,49430.5,49394.0,49593.0
5003,49430.5,49394.0,49593.0
5004,49430.5,49394.0,49593.0
5005,49430.5,49394.0,49593.0
5006,49430.5,49394.0,49593.0
5007,49430.5,49394.0,49593.0
5008,49430.5,49394.0,49593.0
5009,49430.5,49394.0,49593.0
5010,49430.5,49394.0,49593.0
5011,49430.5,49394.0,49593.0
5012,49430.5,49394.0,49593.0
5013,49430.5,49394.0,49593.0
5014,49430.5,49394.0,49593.0
5015,49430.5,49394.0,49593.0
5016,49430.5,49394.0,49593.0
5017,49430.5,49394.0,49593.0
5018,49430.5,49394.0,49593.0
5019,49430.5,49394.0,49593.0
5020,49430.5,49394.0,49593.0
5021,49430.5,49394.0,49593.0
5022,49430.5,49394.0,49593.0
5023,49430.5,49394.0,49593.0
5024,49430.5,49394.0,49593.0
5025,49430.5,49394.0,49593.0
5026,49430.5,49394.0,49593.0
5027,49430.5,49394.0,49593.0
5028,49430.5,49394.0,49593.0
5029,49430.5,49394.0,49593.0
5030,49430.5,49394.0,49593.0
5031,49430.5,49394.0,49593.0
5032,49430.5,49394.0,49593.0
5033,49430.5,49394.0,49593.0
5034,49430.5,49394.0,49593.0
5035,49430.5,49394.0,49593.0
5036,49430.5,49394.0,49593.0
5037,49430.5,49394.0,49593.0
5038,49430.5,49394.0,49593.0
5039,49430.5,49394.0,49593.0
5040,49430.5,49394.0,49593.0
5041,49430.5,49394.0,49593.0
5042,49430.5,49394.0,49593.0
5043,49430.5,49394.0,49593.0
5044,49430.5,49394.0,49593.0
5045,49430.5,49394.0,49593.0
5046,49430.5,49394.0,49593.0
5047,49432.5,49394.0,49597.0
5048,49432.5,49394.0,49597.0
5049,49432.5,49394.0,49597.0
5050,49432.5,49394.0,49597.0
5051,49432.5,49394.0,49597.0
5052,49432.5,49394.0,49597.0
5053,49432.5,49394.0,49597.0
5054,49441.0,49394.0,49614.0
5055,49441.0,49394.0,49614.0
5056,49441.0,49394.0,49614.0
5057,49441.0,49394.0,49614.0
5058,49441.0,49394.0,49614.0
5059,49441.0,49394.0,49614.0
5060,49441.0,49394.0,49614.0
5061,49441.0,49394.0,49614.0
5062,49441.0,49394.0,49614.0
5063,49441.0,49394.0,49614.0
5064,49441.0,49394.0,49614.0
5065,49441.0,49394.0,49614.0
5066,49441.0,49394.0,49614.0
5067,49441.0,49394.0,49614.0
5068,49441.0,49394.0,49614.0
5069,49441.0,49394.0,49614.0
5070,49441.0,49394.0,49614.0
5071,49441.0,49394.0,49614.0
5072,49441.0,49394.0,49614.0
5073,49441.0,49394.0,49614.0
5074,49441.0,49394.0,49614.0
5075,49441.0,49394.0,49614.0
5076,49441.0,49394.0,49614.0
5077,49441.0,49394.0,49614.0
5078,49441.0,49394.0,49614.0
5079,49441.0,49394.0,49614.0
5080,49441.0,49394.0,49614.0
5081,49441.0,49394.0,49614.0
5082,49441.0,49394.0,49614.0
5083,49441.0,49394.0,49614.0
5084,49441.0,49394.0,49614.0
5085,49441.0,49394.0,49614.0
5086,49441.0,49394.0,49614.0
5087,49441.0,49394.0,49614.0
5088,49441.0,49394.0,49614.0
5089,49441.5,49394.0,49615.0
5090,49441.5,49394.0,49615.0
5091,49441.5,49394.0,49615.0
5092,49441.5,49394.0,49615.0
5093,49441.5,49394.0,49615.0
5094,49441.5,49394.0,49615.0
5095,49441.5,49394.0,49615.0
5096,49441.5,49394.0,49615.0
5097,49441.5,49394.0,49615.0
5098,49441.5,49394.0,49615.0
5099,49441.5,49394.0,49615.0
5100,49441.5,49394.0,49615.0
5101,49441.5,49394.0,49615.0
5102,49441.5,49394.0,49615.0
5103,49441.5,49394.0,49615.0
5104,49441.5,49394.0,49615.0
5105,49441.5,49394.0,49615.0
5106,49441.5,49394.0,49615.0
5107,49441.5,49394.0,49615.0
5108,49441.5,49394.0,49615.0
5109,49441.5,49394.0,49615.0
5110,49441.5,49394.0,49615.0
5111,49441.5,49394.0,49615.0
5112,49441.5,49394.0,49615.0
5113,49441.5,49394.0,49615.0
5114,49441.5,49394.0,49615.0
5115,49441.5,49394.0,49615.0
5116,49441.5,49394.0,49615.0
5117,49441.5,49394.0,49615.0
5118,49441.5,49394.0,49615.0
5119,49441.5,49394.0,49615.0
5120,49441.5,49394.0,49615.0
5121,49441.5,49394.0,49615.0
5122,49441.5,49394.0,49615.0
5123,49441.5,49394.0,49615.0
5124,49441.5,49394.0,49615.0
5125,49441.5,49394.0,49615.0
5126,49441.5,49394.0,49615.0
5127,49441.5,49394.0,49615.0
5128,49441.5,49394.0,49615.0
5129,49441.5,49394.0,49615.0
5130,49441.5,49394.0,49615.0
5131,49441.5,49394.0,49615.0
5132,49441.5,49394.0,49615.0
5133,49441.5,49394.0,49615.0
5134,49441.5,49394.0,49615.0
5135,49441.5,49394.0,49615.0
5136,49441.5,49394.0,49615.0
5137,49441.5,49394.0,49615.0
5138,49441.5,49394.0,49615.0
5139,49441.5,49394.0,49615.0
5140,49441.5,49394.0,49615.0
5141,49441.5,49394.0,49615.0
5142,49441.5,49394.0,49615.0
5143,49441.5,49394.0,49615.0
5144,49441.5,49394.0,49615.0
5145,49441.5,49394.0,49615.0
5146,49441.5,49394.0,49615.0
5147,49441.5,49394.0,49615.0
5148,49441.5,49394.0,49615.0
5149,49441.5,49394.0,49615.0
5150,49441.5,49394.0,49615.0
5151,49451.0,49394.0,49634.0
5152,49451.0,49394.0,49634.0
5153,49451.0,49394.0,49634.0
5154,49460.0,49394.0,49652.0
5155,49460.0,49394.0,49652.0
5156,49460.0,49394.0,49652.0
5157,49460.0,49394.0,49652.0
5158,49460.0,49394.0,49652.0
5159,49460.0,49394.0,49652.0
5160,49460.0,49394.0,49652.0
5161,49460.0,49394.0,49652.0
5162,49460.0,49394.0,49652.0
5163,49460.0,49394.0,49652.0
5164,49460.0,49394.0,49652.0
5165,49460.0,49394.0,49652.0
5166,49460.0,49394.0,49652.0
5167,49460.0,49394.0,49652.0
5168,49460.0,49394.0,49652.0
5169,49460.0,49394.0,49652.0
5170,49460.0,49394.0,49652.0
5171,49460.0,49394.0,49652.0
5172,49460.0,49394.0,49652.0
5173,49460.0,49394.0,49652.0
5174,49460.0,49394.0,49652.0
5175,49460.0,49394.0,49652.0
5176,49460.0,49394.0,49652.0
5177,49460.0,49394.0,49652.0
5178,49460.0,49394.0,49652.0
5179,49460.0,49394.0,49652.0
5180,49460.0,49394.0,49652.0
5181,49460.0,49394.0,49652.0
5182,49460.0,49394.0,49652.0
5183,49460.0,49394.0,49652.0
5184,49460.0,49394.0,49652.0
5185,49460.0,49394.0,49652.0
5186,49460.0,49394.0,49652.0
5187,49460.0,49394.0,49652.0
5188,49460.0,49394.0,49652.0
5189,49460.0,49394.0,49652.0
5190,49460.0,49394.0,49652.0
5191,49460.0,49394.0,49652.0
5192,49460.0,49394.0,49652.0
5193,49460.0,49394.0,49652.0
5194,49460.0,49394.0,49652.0
5195,49460.0,49394.0,49652.0
5196,49460.0,49394.0,49652.0
5197,49460.0,49394.0,49652.0
5198,49460.0,49394.0,49652.0
5199,49460.0,49394.0,49652.0
5200,49460.0,49394.0,49652.0
5201,49460.0,49394.0,49652.0
5202,49460.0,49394.0,49652.0
5203,49460.0,49394.0,49652.0
5204,49460.0,49394.0,49652.0
5205,49460.0,49394.0,49652.0
5206,49460.0,49394.0,49652.0
5207,49460.0,49394.0,49652.0
5208,49460.0,49394.0,49652.0
5209,49460.0,49394.0,49652.0
5210,49460.0,49394.0,49652.0
5211,49460.0,49394.0,49652.0
5212,49460.0,49394.0,49652.0
5213,49460.0,49394.0,49652.0
5214,49460.0,49394.0,49652.0
5215,49460.0,49394.0,49652.0
5216,49460.0,49394.0,49652.0
5217,49460.0,49394.0,49652.0
5218,49460.0,49394.0,49652.0
5219,49460.0,49394.0,49652.0
5220,49460.0,49394.0,49652.0
5221,49460.0,49394.0,49652.0
5222,49460.0,49394.0,49652.0
5223,49460.0,49394.0,49652.0
5224,49460.0,49394.0,49652.0
5225,49460.0,49394.0,49652.0
5226,49460.0,49394.0,49652.0
5227,49460.0,49394.0,49652.0
5228,49460.0,49394.0,49652.0
5229,49460.0,49394.0,49652.0
5230,49460.0,49394.0,49652.0
5231,49460.0,49394.0,49652.0
5232,49460.0,49394.0,49652.0
5233,49460.0,49394.0,49652.0
5234,49460.0,49394.0,49652.0
5235,49460.0,49394.0,49652.0
5236,49460.0,49394.0,49652.0
5237,49460.0,49394.0,49652.0
5238,49460.0,49394.0,49652.0
5239,49460.0,49394.0,49652.0
5240,49460.0,49394.0,49652.0
5241,49460.0,49394.0,49652.0
5242,49460.0,49394.0,49652.0
5243,49460.0,49394.0,49652.0
5244,49460.0,49394.0,49652.0
5245,49460.0,49394.0,49652.0
5246,49460.0,49394.0,49652.0
5247,49460.0,49394.0,49652.0
5248,49460.0,49394.0,49652.0
5249,49460.0,49394.0,49652.0
5250,49460.0,49394.0,49652.0
5251,49460.0,49394.0,49652.0
5252,49460.0,49394.0,49652.0
5253,49460.0,49394.0,49652.0
5254,49460.0,49394.0,49652.0
5255,49460.0,49394.0,49652.0
5256,49460.0,49394.0,49652.0
5257,49460.0,49394.0,49652.0
5258,49460.0,49394.0,49652.0
5259,49460.0,49394.0,49652.0
5260,49460.0,49394.0,49652.0
5261,49460.0,49394.0,49652.0
5262,49461.0,49394.0,49654.0
5263,49461.0,49394.0,49654.0
5264,49461.0,49394.0,49654.0
5265,49461.0,49394.0,49654.0
5266,49461.0,49394.0,49654.0
5267,49461.0,49394.0,49654.0
5268,49461.0,49394.0,49654.0
5269,49461.0,49394.0,49654.0
5270,49461.0,49394.0,49654.0
5271,49461.0,49394.0,49654.0
5272,49461.0,49394.0,49654.0
5273,49461.0,49394.0,49654.0
5274,49461.0,49394.0,49654.0
5275,49461.0,49394.0,49654.0
5276,49461.0,49394.0,49654.0
5277,49461.0,49394.0,49654.0
5278,49461.0,49394.0,49654.0
5279,49461.0,49394.0,49654.0
5280,49461.0,49394.0,49654.0
5281,49461.0,49394.0,49654.0
5282,49461.0,49394.0,49654.0
5283,49461.0,49394.0,49654.0
5284,49461.0,49394.0,49654.0
5285,49461.0,49394.0,49654.0
5286,49461.0,49394.0,49654.0
5287,49461.0,49394.0,49654.0
5288,49461.0,49394.0,49654.0
5289,49461.0,49394.0,49654.0
5290,49461.0,49394.0,49654.0
5291,49461.0,49394.0,49654.0
5292,49461.0,49394.0,49654.0
5293,49461.0,49394.0,49654.0
5294,49461.0,49394.0,49654.0
5295,49461.0,49394.0,49654.0
5296,49461.0,49394.0,49654.0
5297,49461.0,49394.0,49654.0
5298,49461.0,49394.0,49654.0
5299,49461.0,49394.0,49654.0
5300,49461.0,49394.0,49654.0
5301,49461.0,49394.0,49654.0
5302,49461.0,49394.0,49654.0
5303,49461.0,49394.0,49654.0
5304,49461.0,49394.0,49654.0
5305,49461.0,49394.0,49654.0
5306,49461.0,49394.0,49654.0
5307,49461.0,49394.0,49654.0
5308,49461.0,49394.0,49654.0
5309,49461.0,49394.0,49654.0
5310,49461.0,49394.0,49654.0
5311,49461.0,49394.0,49654.0
5312,49461.0,49394.0,49654.0
5313,49461.0,49394.0,49654.0
5314,49461.0,49394.0,49654.0
5315,49461.0,49394.0,49654.0
5316,49461.0,49394.0,49654.0
5317,49461.0,49394.0,49654.0
5318,49461.0,49394.0,49654.0
5319,49461.0,49394.0,49654.0
5320,49461.0,49394.0,49654.0
5321,49461.0,49394.0,49654.0
5322,49461.0,49394.0,49654.0
5323,49461.0,49394.0,49654.0
5324,49461.0,49394.0,49654.0
5325,49461.0,49394.0,49654.0
5326,49461.0,49394.0,49654.0
5327,49461.0,49394.0,49654.0
5328,49461.0,49394.0,49654.0
5329,49461.0,49394.0,49654.0
5330,49461.0,49394.0,49654.0
5331,49461.0,49394.0,49654.0
5332,49461.0,49394.0,49654.0
5333,49461.0,49394.0,49654.0
5334,49461.0,49394.0,49654.0
5335,49461.0,49394.0,49654.0
5336,49461.0,49394.0,49654.0
5337,49461.0,49394.0,49654.0
5338,49461.0,49394.0,49654.0
5339,49461.0,49394.0,49654.0
5340,49461.0,49394.0,49654.0
5341,49461.0,49394.0,49654.0
5342,49461.0,49394.0,49654.0
5343,49461.0,49394.0,49654.0
5344,49461.0,49394.0,49654.0
5345,49461.0,49394.0,49654.0
5346,49461.0,49394.0,49654.0
5347,49461.0,49394.0,49654.0
5348,49461.0,49394.0,49654.0
5349,49461.0,49394.0,49654.0
5350,49461.0,49394.0,49654.0
5351,49461.0,49394.0,49654.0
5352,49461.0,49394.0,49654.0
5353,49461.0,49394.0,49654.0
5354,49461.0,49394.0,49654.0
5355,49461.0,49394.0,49654.0
5356,49461.0,49394.0,49654.0
5357,49461.0,49394.0,49654.0
5358,49461.0,49394.0,49654.0
5359,49461.0,49394.0,49654.0
5360,49461.0,49394.0,49654.0
5361,49461.0,49394.0,49654.0
5362,49461.0,49394.0,49654.0
5363,49461.0,49394.0,49654.0
5364,49461.0,49394.0,49654.0
5365,49461.0,49394.0,49654.0
5366,49461.0,49394.0,49654.0
5367,49461.0,49394.0,49654.0
5368,49461.0,49394.0,49654.0
5369,49461.0,49394.0,49654.0
5370,49461.0,49394.0,49654.0
5371,49461.0,49394.0,49654.0
5372,49461.0,49394.0,49654.0
5373,49461.0,49394.0,49654.0
5374,49461.0,49394.0,49654.0
5375,49461.0,49394.0,49654.0
5376,49461.0,49394.0,49654.0
5377,49461.0,49394.0,49654.0
5378,49461.0,49394.0,49654.0
5379,49461.0,49394.0,49654.0
5380,49461.0,49394.0,49654.0
5381,49461.0,49394.0,49654.0
5382,49461.0,49394.0,49654.0
5383,49461.0,49394.0,49654.0
5384,49461.0,49394.0,49654.0
5385,49461.0,49394.0,49654.0
5386,49461.0,49394.0,49654.0
5387,49461.0,49394.0,49654.0
5388,49461.0,49394.0,49654.0
5389,49461.0,49394.0,49654.0
5390,49461.0,49394.0,49654.0
5391,49461.0,49394.0,49654.0
5392,49461.0,49394.0,49654.0
5393,49461.0,49394.0,49654.0
5394,49461.0,49394.0,49654.0
5395,49461.0,49394.0,49654.0
5396,49461.0,49394.0,49654.0
5397,49461.0,49394.0,49654.0
5398,49461.0,49394.0,49654.0
5399,49461.0,49394.0,49654.0
5400,49461.0,49394.0,49654.0
5401,49461.0,49394.0,49654.0
5402,49461.0,49394.0,49654.0
5403,49462.0,49394.0,49656.0
5404,49462.0,49394.0,49656.0
5405,49462.0,49394.0,49656.0
5406,49462.0,49394.0,49656.0
5407,49462.0,49394.0,49656.0
5408,49462.0,49394.0,49656.0
5409,49462.0,49394.0,49656.0
5410,49462.0,49394.0,49656.0
5411,49462.0,49394.0,49656.0
5412,49462.0,49394.0,49656.0
5413,49462.0,49394.0,49656.0
5414,49462.0,49394.0,49656.0
5415,49462.0,49394.0,49656.0
5416,49462.0,49394.0,49656.0
5417,49462.0,49394.0,49656.0
5418,49462.0,49394.0,49656.0
5419,49462.0,49394.0,49656.0
5420,49462.0,49394.0,49656.0
5421,49462.0,49394.0,49656.0
5422,49462.0,49394.0,49656.0
5423,49462.0,49394.0,49656.0
5424,49462.0,49394.0,49656.0
5425,49462.0,49394.0,49656.0
5426,49462.0,49394.0,49656.0
5427,49462.0,49394.0,49656.0
5428,49462.0,49394.0,49656.0
5429,49462.0,49394.0,49656.0
5430,49462.0,49394.0,49656.0
5431,49462.0,49394.0,49656.0
5432,49462.0,49394.0,49656.0
5433,49462.0,49394.0,49656.0
5434,49462.0,49394.0,49656.0
5435,49462.0,49394.0,49656.0
5436,49462.0,49394.0,49656.0
5437,49462.0,49394.0,49656.0
5438,49462.0,49394.0,49656.0
5439,49462.0,49394.0,49656.0
5440,49462.0,49394.0,49656.0
5441,49462.0,49394.0,49656.0
5442,49462.0,49394.0,49656.0
5443,49468.5,49394.0,49669.0
5444,49468.5,49394.0,49669.0
5445,49468.5,49394.0,49669.0
5446,49468.5,49394.0,49669.0
5447,49468.5,49394.0,49669.0
5448,49468.5,49394.0,49669.0
5449,49468.5,49394.0,49669.0
5450,49468.5,49394.0,49669.0
5451,49468.5,49394.0,49669.0
5452,49468.5,49394.0,49669.0
5453,49468.5,49394.0,49669.0
5454,49468.5,49394.0,49669.0
5455,49468.5,49394.0,49669.0
5456,49468.5,49394.0,49669.0
5457,49468.5,49394.0,49669.0
5458,49468.5,49394.0,49669.0
5459,49468.5,49394.0,49669.0
5460,49468.5,49394.0,49669.0
5461,49468.5,49394.0,49669.0
5462,49468.5,49394.0,49669.0
5463,49468.5,49394.0,49669.0
5464,49468.5,49394.0,49669.0
5465,49468.5,49394.0,49669.0
5466,49468.5,49394.0,49669.0
5467,49468.5,49394.0,49669.0
5468,49468.5,49394.0,49669.0
5469,49468.5,49394.0,49669.0
5470,49468.5,49394.0,49669.0
5471,49468.5,49394.0,49669.0
5472,49468.5,49394.0,49669.0
5473,49468.5,49394.0,49669.0
5474,49468.5,49394.0,49669.0
5475,49468.5,49394.0,49669.0
5476,49468.5,49394.0,49669.0
5477,49468.5,49394.0,49669.0
5478,49468.5,49394.0,49669.0
5479,49468.5,49394.0,49669.0
5480,49468.5,49394.0,49669.0
5481,49468.5,49394.0,49669.0
5482,49468.5,49394.0,49669.0
5483,49468.5,49394.0,49669.0
5484,49468.5,49394.0,49669.0
5485,49468.5,49394.0,49669.0
5486,49468.5,49394.0,49669.0
5487,49468.5,49394.0,49669.0
5488,49468.5,49394.0,49669.0
5489,49468.5,49394.0,49669.0
5490,49468.5,49394.0,49669.0
5491,49468.5,49394.0,49669.0
5492,49468.5,49394.0,49669.0
5493,49468.5,49394.0,49669.0
5494,49468.5,49394.0,49669.0
5495,49468.5,49394.0,49669.0
5496,49468.5,49394.0,49669.0
5497,49468.5,49394.0,49669.0
5498,49468.5,49394.0,49669.0
5499,49468.5,49394.0,49669.0
5500,49468.5,49394.0,49669.0
5501,49468.5,49394.0,49669.0
5502,49468.5,49394.0,49669.0
5503,49468.5,49394.0,49669.0
5504,49468.5,49394.0,49669.0
5505,49468.5,49394.0,49669.0
5506,49468.5,49394.0,49669.0
5507,49468.5,49394.0,49669.0
5508,49468.5,49394.0,49669.0
5509,49468.5,49394.0,49669.0
5510,49468.5,49394.0,49669.0
5511,49468.5,49394.0,49669.0
5512,49468.5,49394.0,49669.0
5513,49468.5,49394.0,49669.0
5514,49468.5,49394.0,49669.0
5515,49468.5,49394.0,49669.0
5516,49468.5,49394.0,49669.0
5517,49468.5,49394.0,49669.0
5518,49468.5,49394.0,49669.0
5519,49468.5,49394.0,49669.0
5520,49468.5,49394.0,49669.0
5521,49468.5,49394.0,49669.0
5522,49468.5,49394.0,49669.0
5523,49468.5,49394.0,49669.0
5524,49468.5,49394.0,49669.0
5525,49468.5,49394.0,49669.0
5526,49468.5,49394.0,49669.0
5527,49468.5,49394.0,49669.0
5528,49468.5,49394.0,49669.0
5529,49468.5,49394.0,49669.0
5530,49468.5,49394.0,49669.0
5531,49468.5,49394.0,49669.0
5532,49468.5,49394.0,49669.0
5533,49468.5,49394.0,49669.0
5534,49468.5,49394.0,49669.0
5535,49468.5,49394.0,49669.0
5536,49468.5,49394.0,49669.0
5537,49468.5,49394.0,49669.0
5538,49468.5,49394.0,49669.0
5539,49468.5,49394.0,49669.0
5540,49468.5,49394.0,49669.0
5541,49468.5,49394.0,49669.0
5542,49468.5,49394.0,49669.0
5543,49472.5,49394.0,49677.0
5544,49472.5,49394.0,49677.0
5545,49472.5,49394.0,49677.0
5546,49472.5,49394.0,49677.0
5547,49472.5,49394.0,49677.0
5548,49472.5,49394.0,49677.0
5549,49472.5,49394.0,49677.0
5550,49472.5,49394.0,49677.0
5551,49472.5,49394.0,49677.0
5552,49472.5,49394.0,49677.0
5553,49472.5,49394.0,49677.0
5554,49472.5,49394.0,49677.0
5555,49472.5,49394.0,49677.0
5556,49472.5,49394.0,49677.0
5557,49472.5,49394.0,49677.0
5558,49472.5,49394.0,49677.0
5559,49472.5,49394.0,49677.0
5560,49472.5,49394.0,49677.0
5561,49472.5,49394.0,49677.0
5562,49472.5,49394.0,49677.0
5563,49472.5,49394.0,49677.0
5564,49472.5,49394.0,49677.0
5565,49472.5,49394.0,49677.0
5566,49472.5,49394.0,49677.0
5567,49472.5,49394.0,49677.0
5568,49472.5,49394.0,49677.0
5569,49472.5,49394.0,49677.0
5570,49472.5,49394.0,49677.0
5571,49472.5,49394.0,49677.0
5572,49472.5,49394.0,49677.0
5573,49472.5,49394.0,49677.0
5574,49472.5,49394.0,49677.0
5575,49472.5,49394.0,49677.0
5576,49472.5,49394.0,49677.0
5577,49472.5,49394.0,49677.0
5578,49472.5,49394.0,49677.0
5579,49472.5,49394.0,49677.0
5580,49472.5,49394.0,49677.0
5581,49472.5,49394.0,49677.0
5582,49472.5,49394.0,49677.0
5583,49472.5,49394.0,49677.0
5584,49472.5,49394.0,49677.0
5585,49472.5,49394.0,49677.0
5586,49472.5,49394.0,49677.0
5587,49472.5,49394.0,49677.0
5588,49472.5,49394.0,49677.0
5589,49472.5,49394.0,49677.0
5590,49472.5,49394.0,49677.0
5591,49472.5,49394.0,49677.0
5592,49472.5,49394.0,49677.0
5593,49472.5,49394.0,49677.0
5594,49472.5,49394.0,49677.0
5595,49472.5,49394.0,49677.0
5596,49472.5,49394.0,49677.0
5597,49472.5,49394.0,49677.0
5598,49472.5,49394.0,49677.0
5599,49472.5,49394.0,49677.0
5600,49472.5,49394.0,49677.0
5601,49472.5,49394.0,49677.0
5602,49472.5,49394.0,49677.0
5603,49472.5,49394.0,49677.0
5604,49472.5,49394.0,49677.0
5605,49472.5,49394.0,49677.0
5606,49472.5,49394.0,49677.0
5607,49472.5,49394.0,49677.0
5608,49472.5,49394.0,49677.0
5609,49472.5,49394.0,49677.0
5610,49472.5,49394.0,49677.0
5611,49472.5,49394.0,49677.0
5612,49472.5,49394.0,49677.0
5613,49472.5,49394.0,49677.0
5614,49472.5,49394.0,49677.0
5615,49472.5,49394.0,49677.0
5616,49472.5,49394.0,49677.0
5617,49472.5,49394.0,49677.0
5618,49472.5,49394.0,49677.0
5619,49472.5,49394.0,49677.0
5620,49472.5,49394.0,49677.0
5621,49472.5,49394.0,49677.0
5622,49472.5,49394.0,49677.0
5623,49472.5,49394.0,49677.0
5624,49472.5,49394.0,49677.0
5625,49472.5,49394.0,49677.0
5626,49472.5,49394.0,49677.0
5627,49472.5,49394.0,49677.0
5628,49472.5,49394.0,49677.0
5629,49472.5,49394.0,49677.0
5630,49472.5,49394.0,49677.0
5631,49472.5,49394.0,49677.0
5632,49472.5,49394.0,49677.0
5633,49472.5,49394.0,49677.0
5634,49472.5,49394.0,49677.0
5635,49472.5,49394.0,49677.0
5636,49472.5,49394.0,49677.0
5637,49472.5,49394.0,49677.0
5638,49472.5,49394.0,49677.0
5639,49472.5,49394.0,49677.0
5640,49472.5,49394.0,49677.0
5641,49472.5,49394.0,49677.0
5642,49472.5,49394.0,49677.0
5643,49472.5,49394.0,49677.0
5644,49472.5,49394.0,49677.0
5645,49472.5,49394.0,49677.0
5646,49472.5,49394.0,49677.0
5647,49472.5,49394.0,49677.0
5648,49472.5,49394.0,49677.0
5649,49472.5,49394.0,49677.0
5650,49472.5,49394.0,49677.0
5651,49472.5,49394.0,49677.0
5652,49472.5,49394.0,49677.0
5653,49472.5,49394.0,49677.0
5654,49472.5,49394.0,49677.0
5655,49472.5,49394.0,49677.0
5656,49472.5,49394.0,49677.0
5657,49472.5,49394.0,49677.0
5658,49472.5,49394.0,49677.0
5659,49472.5,49394.0,49677.0
5660,49472.5,49394.0,49677.0
5661,49472.5,49394.0,49677.0
5662,49472.5,49394.0,49677.0
5663,49472.5,49394.0,49677.0
5664,49472.5,49394.0,49677.0
5665,49472.5,49394.0,49677.0
5666,49472.5,49394.0,49677.0
5667,49472.5,49394.0,49677.0
5668,49472.5,49394.0,49677.0
5669,49472.5,49394.0,49677.0
5670,49472.5,49394.0,49677.0
5671,49472.5,49394.0,49677.0
5672,49472.5,49394.0,49677.0
5673,49472.5,49394.0,49677.0
5674,49472.5,49394.0,49677.0
5675,49472.5,49394.0,49677.0
5676,49472.5,49394.0,49677.0
5677,49472.5,49394.0,49677.0
5678,49472.5,49394.0,49677.0
5679,49472.5,49394.0,49677.0
5680,49472.5,49394.0,49677.0
5681,49472.5,49394.0,49677.0
5682,49472.5,49394.0,49677.0
5683,49472.5,49394.0,49677.0
5684,49472.5,49394.0,49677.0
5685,49472.5,49394.0,49677.0
5686,49472.5,49394.0,49677.0
5687,49472.5,49394.0,49677.0
5688,49472.5,49394.0,49677.0
5689,49472.5,49394.0,49677.0
5690,49472.5,49394.0,49677.0
5691,49472.5,49394.0,49677.0
5692,49472.5,49394.0,49677.0
5693,49472.5,49394.0,49677.0
5694,49472.5,49394.0,49677.0
5695,49472.5,49394.0,49677.0
5696,49472.5,49394.0,49677.0
5697,49472.5,49394.0,49677.0
5698,49472.5,49394.0,49677.0
5699,49472.5,49394.0,49677.0
5700,49472.5,49394.0,49677.0
5701,49472.5,49394.0,49677.0
5702,49472.5,49394.0,49677.0
5703,49472.5,49394.0,49677.0
5704,49472.5,49394.0,49677.0
5705,49472.5,49394.0,49677.0
5706,49472.5,49394.0,49677.0
5707,49472.5,49394.0,49677.0
5708,49472.5,49394.0,49677.0
5709,49472.5,49394.0,49677.0
5710,49472.5,49394.0,49677.0
5711,49472.5,49394.0,49677.0
5712,49472.5,49394.0,49677.0
5713,49472.5,49394.0,49677.0
5714,49472.5,49394.0,49677.0
5715,49472.5,49394.0,49677.0
5716,49472.5,49394.0,49677.0
5717,49472.5,49394.0,49677.0
5718,49472.5,49394.0,49677.0
5719,49472.5,49394.0,49677.0
5720,49472.5,49394.0,49677.0
5721,49472.5,49394.0,49677.0
5722,49472.5,49394.0,49677.0
5723,49472.5,49394.0,49677.0
5724,49472.5,49394.0,49677.0
5725,49472.5,49394.0,49677.0
5726,49472.5,49394.0,49677.0
5727,49472.5,49394.0,49677.0
5728,49472.5,49394.0,49677.0
5729,49472.5,49394.0,49677.0
5730,49472.5,49394.0,49677.0
5731,49472.5,49394.0,49677.0
5732,49472.5,49394.0,49677.0
5733,49472.5,49394.0,49677.0
5734,49472.5,49394.0,49677.0
5735,49472.5,49394.0,49677.0
5736,49472.5,49394.0,49677.0
5737,49472.5,49394.0,49677.0
5738,49472.5,49394.0,49677.0
5739,49472.5,49394.0,49677.0
5740,49472.5,49394.0,49677.0
5741,49472.5,49394.0,49677.0
5742,49472.5,49394.0,49677.0
5743,49472.5,49394.0,49677.0
5744,49472.5,49394.0,49677.0
5745,49472.5,49394.0,49677.0
5746,49472.5,49394.0,49677.0
5747,49472.5,49394.0,49677.0
5748,49472.5,49394.0,49677.0
5749,49472.5,49394.0,49677.0
5750,49472.5,49394.0,49677.0
5751,49472.5,49394.0,49677.0
5752,49472.5,49394.0,49677.0
5753,49472.5,49394.0,49677.0
5754,49472.5,49394.0,49677.0
5755,49472.5,49394.0,49677.0
5756,49472.5,49394.0,49677.0
5757,49472.5,49394.0,49677.0
5758,49472.5,49394.0,49677.0
5759,49472.5,49394.0,49677.0
5760,49472.5,49394.0,49677.0
5761,49472.5,49394.0,49677.0
5762,49472.5,49394.0,49677.0
5763,49472.5,49394.0,49677.0
5764,49472.5,49394.0,49677.0
5765,49472.5,49394.0,49677.0
5766,49472.5,49394.0,49677.0
5767,49472.5,49394.0,49677.0
5768,49472.5,49394.0,49677.0
5769,49472.5,49394.0,49677.0
5770,49472.5,49394.0,49677.0
5771,49472.5,49394.0,49677.0
5772,49480.5,49394.0,49693.0
5773,49480.5,49394.0,49693.0
5774,49480.5,49394.0,49693.0
5775,49480.5,49394.0,49693.0
5776,49480.5,49394.0,49693.0
5777,49480.5,49394.0,49693.0
5778,49480.5,49394.0,49693.0
5779,49480.5,49394.0,49693.0
5780,49480.5,49394.0,49693.0
5781,49480.5,49394.0,49693.0
5782,49480.5,49394.0,49693.0
5783,49480.5,49394.0,49693.0
5784,49480.5,49394.0,49693.0
5785,49480.5,49394.0,49693.0
5786,49480.5,49394.0,49693.0
5787,49480.5,49394.0,49693.0
5788,49480.5,49394.0,49693.0
5789,49480.5,49394.0,49693.0
5790,49480.5,49394.0,49693.0
5791,49480.5,49394.0,49693.0
5792,49480.5,49394.0,49693.0
5793,49480.5,49394.0,49693.0
5794,49480.5,49394.0,49693.0
5795,49480.5,49394.0,49693.0
5796,49480.5,49394.0,49693.0
5797,49480.5,49394.0,49693.0
5798,49480.5,49394.0,49693.0
5799,49480.5,49394.0,49693.0
5800,49480.5,49394.0,49693.0
5801,49480.5,49394.0,49693.0
5802,49480.5,49394.0,49693.0
5803,49480.5,49394.0,49693.0
5804,49480.5,49394.0,49693.0
5805,49480.5,49394.0,49693.0
5806,49480.5,49394.0,49693.0
5807,49480.5,49394.0,49693.0
5808,49480.5,49394.0,49693.0
5809,49480.5,49394.0,49693.0
5810,49480.5,49394.0,49693.0
5811,49480.5,49394.0,49693.0
5812,49480.5,49394.0,49693.0
5813,49480.5,49394.0,49693.0
5814,49480.5,49394.0,49693.0
5815,49480.5,49394.0,49693.0
5816,49480.5,49394.0,49693.0
5817,49480.5,49394.0,49693.0
5818,49480.5,49394.0,49693.0
5819,49480.5,49394.0,49693.0
5820,49480.5,49394.0,49693.0
5821,49480.5,49394.0,49693.0
5822,49480.5,49394.0,49693.0
5823,49480.5,49394.0,49693.0
5824,49480.5,49394.0,49693.0
5825,49480.5,49394.0,49693.0
5826,49480.5,49394.0,49693.0
5827,49480.5,49394.0,49693.0
5828,49480.5,49394.0,49693.0
5829,49480.5,49394.0,49693.0
5830,49480.5,49394.0,49693.0
5831,49480.5,49394.0,49693.0
5832,49480.5,49394.0,49693.0
5833,49480.5,49394.0,49693.0
5834,49480.5,49394.0,49693.0
5835,49480.5,49394.0,49693.0
5836,49480.5,49394.0,49693.0
5837,49480.5,49394.0,49693.0
5838,49480.5,49394.0,49693.0
5839,49480.5,49394.0,49693.0
5840,49480.5,49394.0,49693.0
5841,49480.5,49394.0,49693.0
5842,49480.5,49394.0,49693.0
5843,49480.5,49394.0,49693.0
5844,49480.5,49394.0,49693.0
5845,49480.5,49394.0,49693.0
5846,49480.5,49394.0,49693.0
5847,49480.5,49394.0,49693.0
5848,49480.5,49394.0,49693.0
5849,49480.5,49394.0,49693.0
5850,49480.5,49394.0,49693.0
5851,49480.5,49394.0,49693.0
5852,49480.5,49394.0,49693.0
5853,49480.5,49394.0,49693.0
5854,49480.5,49394.0,49693.0
5855,49483.0,49394.0,49698.0
5856,49483.0,49394.0,49698.0
5857,49483.0,49394.0,49698.0
5858,49483.0,49394.0,49698.0
5859,49483.0,49394.0,49698.0
5860,49483.0,49394.0,49698.0
5861,49483.0,49394.0,49698.0
5862,49483.0,49394.0,49698.0
5863,49483.0,49394.0,49698.0
5864,49483.0,49394.0,49698.0
5865,49483.0,49394.0,49698.0
5866,49483.0,49394.0,49698.0
5867,49483.0,49394.0,49698.0
5868,49483.0,49394.0,49698.0
5869,49483.0,49394.0,49698.0
5870,49483.0,49394.0,49698.0
5871,49483.0,49394.0,49698.0
5872,49483.0,49394.0,49698.0
5873,49483.0,49394.0,49698.0
5874,49483.0,49394.0,49698.0
5875,49483.0,49394.0,49698.0
5876,49483.0,49394.0,49698.0
5877,49483.0,49394.0,49698.0
5878,49483.0,49394.0,49698.0
5879,49483.0,49394.0,49698.0
5880,49483.0,49394.0,49698.0
5881,49483.0,49394.0,49698.0
5882,49483.0,49394.0,49698.0
5883,49483.0,49394.0,49698.0
5884,49483.0,49394.0,49698.0
5885,49483.0,49394.0,49698.0
5886,49483.0,49394.0,49698.0
5887,49483.0,49394.0,49698.0
5888,49483.0,49394.0,49698.0
5889,49483.0,49394.0,49698.0
5890,49483.0,49394.0,49698.0
5891,49483.0,49394.0,49698.0
5892,49483.0,49394.0,49698.0
5893,49483.0,49394.0,49698.0
5894,49483.0,49394.0,49698.0
5895,49483.0,49394.0,49698.0
5896,49483.0,49394.0,49698.0
5897,49483.0,49394.0,49698.0
5898,49483.0,49394.0,49698.0
5899,49483.0,49394.0,49698.0
5900,49483.0,49394.0,49698.0
5901,49483.0,49394.0,49698.0
5902,49483.0,49394.0,49698.0
5903,49483.0,49394.0,49698.0
5904,49483.0,49394.0,49698.0
5905,49483.0,49394.0,49698.0
5906,49483.0,49394.0,49698.0
5907,49483.0,49394.0,49698.0
5908,49483.0,49394.0,49698.0
5909,49483.0,49394.0,49698.0
5910,49483.0,49394.0,49698.0
5911,49483.0,49394.0,49698.0
5912,49483.0,49394.0,49698.0
5913,49483.0,49394.0,49698.0
5914,49483.0,49394.0,49698.0
5915,49483.0,49394.0,49698.0
5916,49483.0,49394.0,49698.0
5917,49483.0,49394.0,49698.0
5918,49483.0,49394.0,49698.0
5919,49483.0,49394.0,49698.0
5920,49483.0,49394.0,49698.0
5921,49483.0,49394.0,49698.0
5922,49483.0,49394.0,49698.0
5923,49483.0,49394.0,49698.0
5924,49483.0,49394.0,49698.0
5925,49483.0,49394.0,49698.0
5926,49483.0,49394.0,49698.0
5927,49483.0,49394.0,49698.0
5928,49483.0,49394.0,49698.0
5929,49483.0,49394.0,49698.0
5930,49483.0,49394.0,49698.0
5931,49483.0,49394.0,49698.0
5932,49483.0,49394.0,49698.0
5933,49483.0,49394.0,49698.0
5934,49483.0,49394.0,49698.0
5935,49483.0,49394.0,49698.0
5936,49483.0,49394.0,49698.0
5937,49483.0,49394.0,49698.0
5938,49483.0,49394.0,49698.0
5939,49483.0,49394.0,49698.0
5940,49483.0,49394.0,49698.0
5941,49483.0,49394.0,49698.0
5942,49483.0,49394.0,49698.0
5943,49483.0,49394.0,49698.0
5944,49483.0,49394.0,49698.0
5945,49483.0,49394.0,49698.0
5946,49485.5,49394.0,49703.0
5947,49485.5,49394.0,49703.0
5948,49485.5,49394.0,49703.0
5949,49485.5,49394.0,49703.0
5950,49485.5,49394.0,49703.0
5951,49485.5,49394.0,49703.0
5952,49485.5,49394.0,49703.0
5953,49485.5,49394.0,49703.0
5954,49485.5,49394.0,49703.0
5955,49485.5,49394.0,49703.0
5956,49485.5,49394.0,49703.0
5957,49485.5,49394.0,49703.0
5958,49485.5,49394.0,49703.0
5959,49485.5,49394.0,49703.0
5960,49485.5,49394.0,49703.0
5961,49485.5,49394.0,49703.0
5962,49485.5,49394.0,49703.0
5963,49485.5,49394.0,49703.0
5964,49485.5,49394.0,49703.0
5965,49485.5,49394.0,49703.0
5966,49485.5,49394.0,49703.0
5967,49485.5,49394.0,49703.0
5968,49485.5,49394.0,49703.0
5969,49485.5,49394.0,49703.0
5970,49485.5,49394.0,49703.0
5971,49485.5,49394.0,49703.0
5972,49485.5,49394.0,49703.0
5973,49485.5,49394.0,49703.0
5974,49485.5,49394.0,49703.0
5975,49485.5,49394.0,49703.0
5976,49485.5,49394.0,49703.0
5977,49485.5,49394.0,49703.0
5978,49485.5,49394.0,49703.0
5979,49485.5,49394.0,49703.0
5980,49485.5,49394.0,49703.0
5981,49485.5,49394.0,49703.0
5982,49485.5,49394.0,49703.0
5983,49485.5,49394.0,49703.0
5984,49485.5,49394.0,49703.0
5985,49485.5,49394.0,49703.0
5986,49488.5,49394.0,49709.0
5987,49488.5,49394.0,49709.0
5988,49488.5,49394.0,49709.0
5989,49488.5,49394.0,49709.0
5990,49488.5,49394.0,49709.0
5991,49488.5,49394.0,49709.0
5992,49488.5,49394.0,49709.0
5993,49488.5,49394.0,49709.0
5994,49488.5,49394.0,49709.0
5995,49488.5,49394.0,49709.0
5996,49488.5,49394.0,49709.0
5997,49488.5,49394.0,49709.0
5998,49488.5,49394.0,49709.0
5999,49488.5,49394.0,49709.0
6000,49488.5,49394.0,49709.0
6001,49488.5,49394.0,49709.0
6002,49488.5,49394.0,49709.0
6003,49488.5,49394.0,49709.0
6004,49488.5,49394.0,49709.0
6005,49488.5,49394.0,49709.0
6006,49488.5,49394.0,49709.0
6007,49488.5,49394.0,49709.0
6008,49488.5,49394.0,49709.0
6009,49488.5,49394.0,49709.0
6010,49488.5,49394.0,49709.0
6011,49488.5,49394.0,49709.0
6012,49489.0,49394.0,49710.0
6013,49489.0,49394.0,49710.0
6014,49489.0,49394.0,49710.0
6015,49489.0,49394.0,49710.0
6016,49489.0,49394.0,49710.0
6017,49489.0,49394.0,49710.0
6018,49489.0,49394.0,49710.0
6019,49489.0,49394.0,49710.0
6020,49489.0,49394.0,49710.0
6021,49489.0,49394.0,49710.0
6022,49489.0,49394.0,49710.0
6023,49489.0,49394.0,49710.0
6024,49502.5,49394.0,49737.0
6025,49502.5,49394.0,49737.0
6026,49502.5,49394.0,49737.0
6027,49502.5,49394.0,49737.0
6028,49502.5,49394.0,49737.0
6029,49502.5,49394.0,49737.0
6030,49502.5,49394.0,49737.0
6031,49502.5,49394.0,49737.0
6032,49502.5,49394.0,49737.0
6033,49502.5,49394.0,49737.0
6034,49502.5,49394.0,49737.0
6035,49502.5,49394.0,49737.0
6036,49502.5,49394.0,49737.0
6037,49502.5,49394.0,49737.0
6038,49502.5,49394.0,49737.0
6039,49502.5,49394.0,49737.0
6040,49502.5,49394.0,49737.0
6041,49502.5,49394.0,49737.0
6042,49502.5,49394.0,49737.0
6043,49502.5,49394.0,49737.0
6044,49502.5,49394.0,49737.0
6045,49502.5,49394.0,49737.0
6046,49502.5,49394.0,49737.0
6047,49502.5,49394.0,49737.0
6048,49502.5,49394.0,49737.0
6049,49502.5,49394.0,49737.0
6050,49502.5,49394.0,49737.0
6051,49502.5,49394.0,49737.0
6052,49502.5,49394.0,49737.0
6053,49502.5,49394.0,49737.0
6054,49502.5,49394.0,49737.0
6055,49502.5,49394.0,49737.0
6056,49502.5,49394.0,49737.0
6057,49502.5,49394.0,49737.0
6058,49502.5,49394.0,49737.0
6059,49502.5,49394.0,49737.0
6060,49502.5,49394.0,49737.0
6061,49502.5,49394.0,49737.0
6062,49502.5,49394.0,49737.0
6063,49502.5,49394.0,49737.0
6064,49502.5,49394.0,49737.0
6065,49502.5,49394.0,49737.0
6066,49502.5,49394.0,49737.0
6067,49502.5,49394.0,49737.0
6068,49502.5,49394.0,49737.0
6069,49502.5,49394.0,49737.0
6070,49502.5,49394.0,49737.0
6071,49502.5,49394.0,49737.0
6072,49502.5,49394.0,49737.0
6073,49502.5,49394.0,49737.0
6074,49502.5,49394.0,49737.0
6075,49502.5,49394.0,49737.0
6076,49502.5,49394.0,49737.0
6077,49502.5,49394.0,49737.0
6078,49502.5,49394.0,49737.0
6079,49502.5,49394.0,49737.0
6080,49502.5,49394.0,49737.0
6081,49502.5,49394.0,49737.0
6082,49502.5,49394.0,49737.0
6083,49502.5,49394.0,49737.0
6084,49502.5,49394.0,49737.0
6085,49502.5,49394.0,49737.0
6086,49505.5,49394.0,49743.0
6087,49505.5,49394.0,49743.0
6088,49505.5,49394.0,49743.0
6089,49505.5,49394.0,49743.0
6090,49505.5,49394.0,49743.0
6091,49505.5,49394.0,49743.0
6092,49505.5,49394.0,49743.0
6093,49505.5,49394.0,49743.0
6094,49505.5,49394.0,49743.0
6095,49505.5,49394.0,49743.0
6096,49505.5,49394.0,49743.0
6097,49505.5,49394.0,49743.0
6098,49505.5,49394.0,49743.0
6099,49505.5,49394.0,49743.0
6100,49505.5,49394.0,49743.0
6101,49505.5,49394.0,49743.0
6102,49505.5,49394.0,49743.0
6103,49505.5,49394.0,49743.0
6104,49505.5,49394.0,49743.0
6105,49505.5,49394.0,49743.0
6106,49505.5,49394.0,49743.0
6107,49506.0,49394.0,49744.0
6108,49506.0,49394.0,49744.0
6109,49506.0,49394.0,49744.0
6110,49506.0,49394.0,49744.0
6111,49506.0,49394.0,49744.0
6112,49506.0,49394.0,49744.0
6113,49506.0,49394.0,49744.0
6114,49506.0,49394.0,49744.0
6115,49506.0,49394.0,49744.0
6116,49506.0,49394.0,49744.0
6117,49506.0,49394.0,49744.0
6118,49506.0,49394.0,49744.0
6119,49506.0,49394.0,49744.0
6120,49506.0,49394.0,49744.0
6121,49506.0,49394.0,49744.0
6122,49506.0,49394.0,49744.0
6123,49506.0,49394.0,49744.0
6124,49506.0,49394.0,49744.0
6125,49506.0,49394.0,49744.0
6126,49506.0,49394.0,49744.0
6127,49506.0,49394.0,49744.0
6128,49506.0,49394.0,49744.0
6129,49506.0,49394.0,49744.0
6130,49506.0,49394.0,49744.0
6131,49506.0,49394.0,49744.0
6132,49506.0,49394.0,49744.0
6133,49506.0,49394.0,49744.0
6134,49506.0,49394.0,49744.0
6135,49506.0,49394.0,49744.0
6136,49506.0,49394.0,49744.0
6137,49506.0,49394.0,49744.0
6138,49506.0,49394.0,49744.0
6139,49506.0,49394.0,49744.0
6140,49506.0,49394.0,49744.0
6141,49506.0,49394.0,49744.0
6142,49506.0,49394.0,49744.0
6143,49506.0,49394.0,49744.0
6144,49506.0,49394.0,49744.0
6145,49506.0,49394.0,49744.0
6146,49506.0,49394.0,49744.0
6147,49506.0,49394.0,49744.0
6148,49506.0,49394.0,49744.0
6149,49506.0,49394.0,49744.0
6150,49506.0,49394.0,49744.0
6151,49506.0,49394.0,49744.0
6152,49506.0,49394.0,49744.0
6153,49506.0,49394.0,49744.0
6154,49506.0,49394.0,49744.0
6155,49506.0,49394.0,49744.0
6156,49506.0,49394.0,49744.0
6157,49506.0,49394.0,49744.0
6158,49506.0,49394.0,49744.0
6159,49506.0,49394.0,49744.0
6160,49506.0,49394.0,49744.0
6161,49506.0,49394.0,49744.0
6162,49506.0,49394.0,49744.0
6163,49506.0,49394.0,49744.0
6164,49506.0,49394.0,49744.0
6165,49506.0,49394.0,49744.0
6166,49506.0,49394.0,49744.0
6167,49506.0,49394.0,49744.0
6168,49506.0,49394.0,49744.0
6169,49506.0,49394.0,49744.0
6170,49506.0,49394.0,49744.0
6171,49506.0,49394.0,49744.0
6172,49506.0,49394.0,49744.0
6173,49506.0,49394.0,49744.0
6174,49506.0,49394.0,49744.0
6175,49506.0,49394.0,49744.0
6176,49506.0,49394.0,49744.0
6177,49506.0,49394.0,49744.0
6178,49506.0,49394.0,49744.0
6179,49506.0,49394.0,49744.0
6180,49506.0,49394.0,49744.0
6181,49506.0,49394.0,49744.0
6182,49506.0,49394.0,49744.0
6183,49506.0,49394.0,49744.0
6184,49506.0,49394.0,49744.0
6185,49506.0,49394.0,49744.0
6186,49506.0,49394.0,49744.0
6187,49506.0,49394.0,49744.0
6188,49506.0,49394.0,49744.0
6189,49506.0,49394.0,49744.0
6190,49506.0,49394.0,49744.0
6191,49506.0,49394.0,49744.0
6192,49506.0,49394.0,49744.0
6193,49506.0,49394.0,49744.0
6194,49506.0,49394.0,49744.0
6195,49506.0,49394.0,49744.0
6196,49506.0,49394.0,49744.0
6197,49506.0,49394.0,49744.0
6198,49506.0,49394.0,49744.0
6199,49506.0,49394.0,49744.0
6200,49506.0,49394.0,49744.0
6201,49506.0,49394.0,49744.0
6202,49506.0,49394.0,49744.0
6203,49506.0,49394.0,49744.0
6204,49506.0,49394.0,49744.0
6205,49506.0,49394.0,49744.0
6206,49506.0,49394.0,49744.0
6207,49506.0,49394.0,49744.0
6208,49506.0,49394.0,49744.0
6209,49506.0,49394.0,49744.0
6210,49506.0,49394.0,49744.0
6211,49506.0,49394.0,49744.0
6212,49506.0,49394.0,49744.0
6213,49506.0,49394.0,49744.0
6214,49506.0,49394.0,49744.0
6215,49506.0,49394.0,49744.0
6216,49506.0,49394.0,49744.0
6217,49506.0,49394.0,49744.0
6218,49506.0,49394.0,49744.0
6219,49506.0,49394.0,49744.0
6220,49506.0,49394.0,49744.0
6221,49506.0,49394.0,49744.0
6222,49506.0,49394.0,49744.0
6223,49506.0,49394.0,49744.0
6224,49506.0,49394.0,49744.0
6225,49506.0,49394.0,49744.0
6226,49506.0,49394.0,49744.0
6227,49506.0,49394.0,49744.0
6228,49506.0,49394.0,49744.0
6229,49506.0,49394.0,49744.0
6230,49506.0,49394.0,49744.0
6231,49506.0,49394.0,49744.0
6232,49506.0,49394.0,49744.0
6233,49506.0,49394.0,49744.0
6234,49506.0,49394.0,49744.0
6235,49506.0,49394.0,49744.0
6236,49506.0,49394.0,49744.0
6237,49506.0,49394.0,49744.0
6238,49506.0,49394.0,49744.0
6239,49506.0,49394.0,49744.0
6240,49506.0,49394.0,49744.0
6241,49506.0,49394.0,49744.0
6242,49506.0,49394.0,49744.0
6243,49506.0,49394.0,49744.0
6244,49506.0,49394.0,49744.0
6245,49506.0,49394.0,49744.0
6246,49506.0,49394.0,49744.0
6247,49506.0,49394.0,49744.0
6248,49506.0,49394.0,49744.0
6249,49506.0,49394.0,49744.0
6250,49506.0,49394.0,49744.0
6251,49506.0,49394.0,49744.0
6252,49506.0,49394.0,49744.0
6253,49506.0,49394.0,49744.0
6254,49506.0,49394.0,49744.0
6255,49506.0,49394.0,49744.0
6256,49506.0,49394.0,49744.0
6257,49506.0,49394.0,49744.0
6258,49506.0,49394.0,49744.0
6259,49506.0,49394.0,49744.0
6260,49506.0,49394.0,49744.0
6261,49506.0,49394.0,49744.0
6262,49506.0,49394.0,49744.0
6263,49506.0,49394.0,49744.0
6264,49506.0,49394.0,49744.0
6265,49506.0,49394.0,49744.0
6266,49506.0,49394.0,49744.0
6267,49506.0,49394.0,49744.0
6268,49506.0,49394.0,49744.0
6269,49506.0,49394.0,49744.0
6270,49506.0,49394.0,49744.0
6271,49506.0,49394.0,49744.0
6272,49506.0,49394.0,49744.0
6273,49506.0,49394.0,49744.0
6274,49506.0,49394.0,49744.0
6275,49506.0,49394.0,49744.0
6276,49506.0,49394.0,49744.0
6277,49506.0,49394.0,49744.0
6278,49506.0,49394.0,49744.0
6279,49506.0,49394.0,49744.0
6280,49506.0,49394.0,49744.0
6281,49506.0,49394.0,49744.0
6282,49506.0,49394.0,49744.0
6283,49506.0,49394.0,49744.0
6284,49506.0,49394.0,49744.0
6285,49506.0,49394.0,49744.0
6286,49506.0,49394.0,49744.0
6287,49506.0,49394.0,49744.0
6288,49506.0,49394.0,49744.0
6289,49506.0,49394.0,49744.0
6290,49506.0,49394.0,49744.0
6291,49506.0,49394.0,49744.0
6292,49506.0,49394.0,49744.0
6293,49506.0,49394.0,49744.0
6294,49506.0,49394.0,49744.0
6295,49506.0,49394.0,49744.0
6296,49506.0,49394.0,49744.0
6297,49506.0,49394.0,49744.0
6298,49506.0,49394.0,49744.0
6299,49506.0,49394.0,49744.0
6300,49506.0,49394.0,49744.0
6301,49506.0,49394.0,49744.0
6302,49506.0,49394.0,49744.0
6303,49506.0,49394.0,49744.0
6304,49506.0,49394.0,49744.0
6305,49506.0,49394.0,49744.0
6306,49506.0,49394.0,49744.0
6307,49506.0,49394.0,49744.0
6308,49506.0,49394.0,49744.0
6309,49506.0,49394.0,49744.0
6310,49506.0,49394.0,49744.0
6311,49506.0,49394.0,49744.0
6312,49506.0,49394.0,49744.0
6313,49506.0,49394.0,49744.0
6314,49506.0,49394.0,49744.0
6315,49506.0,49394.0,49744.0
6316,49506.0,49394.0,49744.0
6317,49506.0,49394.0,49744.0
6318,49506.0,49394.0,49744.0
6319,49506.0,49394.0,49744.0
6320,49506.0,49394.0,49744.0
6321,49506.0,49394.0,49744.0
6322,49506.0,49394.0,49744.0
6323,49506.0,49394.0,49744.0
6324,49506.0,49394.0,49744.0
6325,49506.0,49394.0,49744.0
6326,49506.0,49394.0,49744.0
6327,49506.0,49394.0,49744.0
6328,49506.0,49394.0,49744.0
6329,49506.0,49394.0,49744.0
6330,49506.0,49394.0,49744.0
6331,49506.0,49394.0,49744.0
6332,49506.0,49394.0,49744.0
6333,49506.0,49394.0,49744.0
6334,49506.0,49394.0,49744.0
6335,49506.0,49394.0,49744.0
6336,49506.0,49394.0,49744.0
6337,49506.0,49394.0,49744.0
6338,49506.0,49394.0,49744.0
6339,49506.0,49394.0,49744.0
6340,49506.0,49394.0,49744.0
6341,49506.0,49394.0,49744.0
6342,49506.0,49394.0,49744.0
6343,49506.0,49394.0,49744.0
6344,49506.0,49394.0,49744.0
6345,49506.0,49394.0,49744.0
6346,49506.0,49394.0,49744.0
6347,49506.0,49394.0,49744.0
6348,49506.0,49394.0,49744.0
6349,49506.0,49394.0,49744.0
6350,49506.0,49394.0,49744.0
6351,49506.0,49394.0,49744.0
6352,49506.0,49394.0,49744.0
6353,49506.0,49394.0,49744.0
6354,49506.0,49394.0,49744.0
6355,49506.0,49394.0,49744.0
6356,49506.0,49394.0,49744.0
6357,49506.0,49394.0,49744.0
6358,49506.0,49394.0,49744.0
6359,49506.0,49394.0,49744.0
6360,49506.0,49394.0,49744.0
6361,49506.0,49394.0,49744.0
6362,49506.0,49394.0,49744.0
6363,49506.0,49394.0,49744.0
6364,49506.0,49394.0,49744.0
6365,49506.0,49394.0,49744.0
6366,49506.0,49394.0,49744.0
6367,49506.0,49394.0,49744.0
6368,49506.0,49394.0,49744.0
6369,49506.0,49394.0,49744.0
6370,49506.0,49394.0,49744.0
6371,49506.0,49394.0,49744.0
6372,49506.0,49394.0,49744.0
6373,49506.0,49394.0,49744.0
6374,49506.0,49394.0,49744.0
6375,49506.0,49394.0,49744.0
6376,49506.0,49394.0,49744.0
6377,49506.0,49394.0,49744.0
6378,49506.0,49394.0,49744.0
6379,49506.0,49394.0,49744.0
6380,49506.0,49394.0,49744.0
6381,49506.0,49394.0,49744.0
6382,49506.0,49394.0,49744.0
6383,49506.0,49394.0,49744.0
6384,49506.0,49394.0,49744.0
6385,49506.0,49394.0,49744.0
6386,49506.0,49394.0,49744.0
6387,49506.0,49394.0,49744.0
6388,49506.0,49394.0,49744.0
6389,49506.0,49394.0,49744.0
6390,49506.0,49394.0,49744.0
6391,49506.0,49394.0,49744.0
6392,49506.0,49394.0,49744.0
6393,49506.0,49394.0,49744.0
6394,49506.0,49394.0,49744.0
6395,49506.0,49394.0,49744.0
6396,49506.0,49394.0,49744.0
6397,49506.0,49394.0,49744.0
6398,49506.0,49394.0,49744.0
6399,49506.0,49394.0,49744.0
6400,49506.0,49394.0,49744.0
6401,49506.0,49394.0,49744.0
6402,49506.0,49394.0,49744.0
6403,49506.0,49394.0,49744.0
6404,49506.0,49394.0,49744.0
6405,49506.0,49394.0,49744.0
6406,49506.0,49394.0,49744.0
6407,49506.0,49394.0,49744.0
6408,49506.0,49394.0,49744.0
6409,49506.0,49394.0,49744.0
6410,49506.0,49394.0,49744.0
6411,49506.0,49394.0,49744.0
6412,49506.0,49394.0,49744.0
6413,49506.0,49394.0,49744.0
6414,49506.0,49394.0,49744.0
6415,49506.0,49394.0,49744.0
6416,49506.0,49394.0,49744.0
6417,49506.0,49394.0,49744.0
6418,49506.0,49394.0,49744.0
6419,49506.0,49394.0,49744.0
6420,49506.0,49394.0,49744.0
6421,49506.0,49394.0,49744.0
6422,49506.0,49394.0,49744.0
6423,49506.0,49394.0,49744.0
6424,49506.0,49394.0,49744.0
6425,49506.0,49394.0,49744.0
6426,49506.0,49394.0,49744.0
6427,49506.0,49394.0,49744.0
6428,49506.0,49394.0,49744.0
6429,49506.0,49394.0,49744.0
6430,49506.0,49394.0,49744.0
6431,49506.0,49394.0,49744.0
6432,49506.0,49394.0,49744.0
6433,49506.0,49394.0,49744.0
6434,49506.0,49394.0,49744.0
6435,49506.0,49394.0,49744.0
6436,49506.0,49394.0,49744.0
6437,49506.0,49394.0,49744.0
6438,49506.0,49394.0,49744.0
6439,49506.0,49394.0,49744.0
6440,49506.0,49394.0,49744.0
6441,49506.0,49394.0,49744.0
6442,49506.0,49394.0,49744.0
6443,49506.0,49394.0,49744.0
6444,49506.0,49394.0,49744.0
6445,49506.0,49394.0,49744.0
6446,49506.0,49394.0,49744.0
6447,49506.0,49394.0,49744.0
6448,49506.0,49394.0,49744.0
6449,49506.0,49394.0,49744.0
6450,49506.0,49394.0,49744.0
6451,49506.0,49394.0,49744.0
6452,49506.0,49394.0,49744.0
6453,49506.0,49394.0,49744.0
6454,49506.0,49394.0,49744.0
6455,49506.0,49394.0,49744.0
6456,49506.0,49394.0,49744.0
6457,49506.0,49394.0,49744.0
6458,49506.0,49394.0,49744.0
6459,49506.0,49394.0,49744.0
6460,49506.0,49394.0,49744.0
6461,49506.0,49394.0,49744.0
6462,49506.0,49394.0,49744.0
6463,49506.0,49394.0,49744.0
6464,49506.0,49394.0,49744.0
6465,49506.0,49394.0,49744.0
6466,49506.0,49394.0,49744.0
6467,49506.0,49394.0,49744.0
6468,49506.0,49394.0,49744.0
6469,49506.0,49394.0,49744.0
6470,49506.0,49394.0,49744.0
6471,49506.0,49394.0,49744.0
6472,49506.0,49394.0,49744.0
6473,49506.0,49394.0,49744.0
6474,49506.0,49394.0,49744.0
6475,49506.0,49394.0,49744.0
6476,49506.0,49394.0,49744.0
6477,49506.0,49394.0,49744.0
6478,49506.0,49394.0,49744.0
6479,49506.0,49394.0,49744.0
6480,49506.0,49394.0,49744.0
6481,49506.0,49394.0,49744.0
6482,49506.0,49394.0,49744.0
6483,49506.0,49394.0,49744.0
6484,49506.0,49394.0,49744.0
6485,49506.0,49394.0,49744.0
6486,49506.0,49394.0,49744.0
6487,49506.0,49394.0,49744.0
6488,49506.0,49394.0,49744.0
6489,49506.0,49394.0,49744.0
6490,49506.0,49394.0,49744.0
6491,49506.0,49394.0,49744.0
6492,49506.0,49394.0,49744.0
6493,49506.0,49394.0,49744.0
6494,49506.0,49394.0,49744.0
6495,49506.0,49394.0,49744.0
6496,49506.0,49394.0,49744.0
6497,49506.0,49394.0,49744.0
6498,49506.0,49394.0,49744.0
6499,49506.0,49394.0,49744.0
6500,49506.0,49394.0,49744.0
6501,49506.0,49394.0,49744.0
6502,49506.0,49394.0,49744.0
6503,49506.0,49394.0,49744.0
6504,49506.0,49394.0,49744.0
6505,49506.0,49394.0,49744.0
6506,49506.0,49394.0,49744.0
6507,49506.0,49394.0,49744.0
6508,49506.0,49394.0,49744.0
6509,49506.0,49394.0,49744.0
6510,49506.0,49394.0,49744.0
6511,49506.0,49394.0,49744.0
6512,49506.0,49394.0,49744.0
6513,49506.0,49394.0,49744.0
6514,49506.0,49394.0,49744.0
6515,49506.0,49394.0,49744.0
6516,49506.0,49394.0,49744.0
6517,49506.0,49394.0,49744.0
6518,49506.0,49394.0,49744.0
6519,49506.0,49394.0,49744.0
6520,49506.0,49394.0,49744.0
6521,49506.0,49394.0,49744.0
6522,49506.0,49394.0,49744.0
6523,49506.0,49394.0,49744.0
6524,49506.0,49394.0,49744.0
6525,49506.0,49394.0,49744.0
6526,49506.0,49394.0,49744.0
6527,49506.0,49394.0,49744.0
6528,49506.0,49394.0,49744.0
6529,49506.0,49394.0,49744.0
6530,49506.0,49394.0,49744.0
6531,49506.0,49394.0,49744.0
6532,49506.0,49394.0,49744.0
6533,49506.0,49394.0,49744.0
6534,49506.0,49394.0,49744.0
6535,49506.0,49394.0,49744.0
6536,49506.0,49394.0,49744.0
6537,49506.0,49394.0,49744.0
6538,49506.0,49394.0,49744.0
6539,49506.0,49394.0,49744.0
6540,49506.0,49394.0,49744.0
6541,49506.0,49394.0,49744.0
6542,49506.0,49394.0,49744.0
6543,49506.0,49394.0,49744.0
6544,49506.0,49394.0,49744.0
6545,49506.0,49394.0,49744.0
6546,49506.0,49394.0,49744.0
6547,49506.0,49394.0,49744.0
6548,49506.0,49394.0,49744.0
6549,49506.0,49394.0,49744.0
6550,49506.0,49394.0,49744.0
6551,49506.0,49394.0,49744.0
6552,49506.0,49394.0,49744.0
6553,49506.0,49394.0,49744.0
6554,49506.0,49394.0,49744.0
6555,49506.0,49394.0,49744.0
6556,49506.0,49394.0,49744.0
6557,49506.0,49394.0,49744.0
6558,49506.0,49394.0,49744.0
6559,49506.0,49394.0,49744.0
6560,49506.0,49394.0,49744.0
6561,49506.0,49394.0,49744.0
6562,49506.0,49394.0,49744.0
6563,49506.0,49394.0,49744.0
6564,49506.0,49394.0,49744.0
6565,49506.0,49394.0,49744.0
6566,49506.0,49394.0,49744.0
6567,49506.0,49394.0,49744.0
6568,49506.0,49394.0,49744.0
6569,49506.0,49394.0,49744.0
6570,49506.0,49394.0,49744.0
6571,49506.0,49394.0,49744.0
6572,49506.0,49394.0,49744.0
6573,49506.0,49394.0,49744.0
6574,49506.0,49394.0,49744.0
6575,49506.0,49394.0,49744.0
6576,49506.0,49394.0,49744.0
6577,49506.0,49394.0,49744.0
6578,49506.0,49394.0,49744.0
6579,49506.0,49394.0,49744.0
6580,49506.0,49394.0,49744.0
6581,49506.0,49394.0,49744.0
6582,49506.0,49394.0,49744.0
6583,49506.0,49394.0,49744.0
6584,49506.0,49394.0,49744.0
6585,49506.0,49394.0,49744.0
6586,49506.0,49394.0,49744.0
6587,49506.0,49394.0,49744.0
6588,49506.0,49394.0,49744.0
6589,49506.0,49394.0,49744.0
6590,49506.0,49394.0,49744.0
6591,49506.0,49394.0,49744.0
6592,49506.0,49394.0,49744.0
6593,49506.0,49394.0,49744.0
6594,49506.0,49394.0,49744.0
6595,49506.0,49394.0,49744.0
6596,49506.0,49394.0,49744.0
6597,49506.0,49394.0,49744.0
6598,49506.0,49394.0,49744.0
6599,49506.0,49394.0,49744.0
6600,49506.0,49394.0,49744.0
6601,49506.0,49394.0,49744.0
6602,49506.0,49394.0,49744.0
6603,49506.0,49394.0,49744.0
6604,49506.0,49394.0,49744.0
6605,49506.0,49394.0,49744.0
6606,49506.0,49394.0,49744.0
6607,49506.0,49394.0,49744.0
6608,49506.0,49394.0,49744.0
6609,49506.0,49394.0,49744.0
6610,49506.0,49394.0,49744.0
6611,49506.0,49394.0,49744.0
6612,49506.0,49394.0,49744.0
6613,49506.0,49394.0,49744.0
6614,49506.0,49394.0,49744.0
6615,49506.0,49394.0,49744.0
6616,49506.0,49394.0,49744.0
6617,49506.0,49394.0,49744.0
6618,49506.0,49394.0,49744.0
6619,49506.0,49394.0,49744.0
6620,49506.0,49394.0,49744.0
6621,49506.0,49394.0,49744.0
6622,49506.0,49394.0,49744.0
6623,49506.0,49394.0,49744.0
6624,49506.0,49394.0,49744.0
6625,49506.0,49394.0,49744.0
6626,49506.0,49394.0,49744.0
6627,49506.0,49394.0,49744.0
6628,49506.0,49394.0,49744.0
6629,49506.0,49394.0,49744.0
6630,49506.0,49394.0,49744.0
6631,49506.0,49394.0,49744.0
6632,49506.0,49394.0,49744.0
6633,49506.0,49394.0,49744.0
6634,49506.0,49394.0,49744.0
6635,49506.0,49394.0,49744.0
6636,49506.0,49394.0,49744.0
6637,49506.0,49394.0,49744.0
6638,49506.0,49394.0,49744.0
6639,49506.0,49394.0,49744.0
6640,49506.0,49394.0,49744.0
6641,49506.0,49394.0,49744.0
6642,49506.0,49394.0,49744.0
6643,49506.0,49394.0,49744.0
6644,49506.0,49394.0,49744.0
6645,49506.0,49394.0,49744.0
6646,49506.0,49394.0,49744.0
6647,49506.0,49394.0,49744.0
6648,49506.0,49394.0,49744.0
6649,49506.0,49394.0,49744.0
6650,49506.0,49394.0,49744.0
6651,49506.0,49394.0,49744.0
6652,49506.0,49394.0,49744.0
6653,49506.0,49394.0,49744.0
6654,49506.0,49394.0,49744.0
6655,49506.0,49394.0,49744.0
6656,49506.0,49394.0,49744.0
6657,49506.0,49394.0,49744.0
6658,49506.0,49394.0,49744.0
6659,49506.0,49394.0,49744.0
6660,49506.0,49394.0,49744.0
6661,49506.0,49394.0,49744.0
6662,49506.0,49394.0,49744.0
6663,49506.0,49394.0,49744.0
6664,49506.0,49394.0,49744.0
6665,49506.0,49394.0,49744.0
6666,49506.0,49394.0,49744.0
6667,49506.0,49394.0,49744.0
6668,49506.0,49394.0,49744.0
6669,49506.0,49394.0,49744.0
6670,49506.0,49394.0,49744.0
6671,49506.0,49394.0,49744.0
6672,49506.0,49394.0,49744.0
6673,49506.0,49394.0,49744.0
6674,49506.0,49394.0,49744.0
6675,49506.0,49394.0,49744.0
6676,49506.0,49394.0,49744.0
6677,49506.0,49394.0,49744.0
6678,49506.0,49394.0,49744.0
6679,49506.0,49394.0,49744.0
6680,49506.0,49394.0,49744.0
6681,49506.0,49394.0,49744.0
6682,49506.0,49394.0,49744.0
6683,49506.0,49394.0,49744.0
6684,49506.0,49394.0,49744.0
6685,49506.0,49394.0,49744.0
6686,49506.0,49394.0,49744.0
6687,49506.0,49394.0,49744.0
6688,49506.0,49394.0,49744.0
6689,49506.0,49394.0,49744.0
6690,49506.0,49394.0,49744.0
6691,49506.0,49394.0,49744.0
6692,49506.0,49394.0,49744.0
6693,49506.0,49394.0,49744.0
6694,49506.0,49394.0,49744.0
6695,49506.0,49394.0,49744.0
6696,49506.0,49394.0,49744.0
6697,49506.0,49394.0,49744.0
6698,49506.0,49394.0,49744.0
6699,49506.0,49394.0,49744.0
6700,49506.0,49394.0,49744.0
6701,49506.0,49394.0,49744.0
6702,49506.0,49394.0,49744.0
6703,49506.0,49394.0,49744.0
6704,49506.0,49394.0,49744.0
6705,49506.0,49394.0,49744.0
6706,49506.0,49394.0,49744.0
6707,49506.0,49394.0,49744.0
6708,49506.0,49394.0,49744.0
6709,49506.0,49394.0,49744.0
6710,49506.0,49394.0,49744.0
6711,49506.0,49394.0,49744.0
6712,49506.0,49394.0,49744.0
6713,49506.0,49394.0,49744.0
6714,49506.0,49394.0,49744.0
6715,49506.0,49394.0,49744.0
6716,49506.0,49394.0,49744.0
6717,49506.0,49394.0,49744.0
6718,49506.0,49394.0,49744.0
6719,49506.0,49394.0,49744.0
6720,49506.0,49394.0,49744.0
6721,49506.0,49394.0,49744.0
6722,49506.0,49394.0,49744.0
6723,49506.0,49394.0,49744.0
6724,49506.0,49394.0,49744.0
6725,49506.0,49394.0,49744.0
6726,49506.0,49394.0,49744.0
6727,49506.0,49394.0,49744.0
6728,49506.0,49394.0,49744.0
6729,49506.0,49394.0,49744.0
6730,49506.0,49394.0,49744.0
6731,49506.0,49394.0,49744.0
6732,49506.0,49394.0,49744.0
6733,49506.0,49394.0,49744.0
6734,49506.0,49394.0,49744.0
6735,49506.0,49394.0,49744.0
6736,49506.0,49394.0,49744.0
6737,49506.0,49394.0,49744.0
6738,49506.0,49394.0,49744.0
6739,49506.0,49394.0,49744.0
6740,49506.0,49394.0,49744.0
6741,49506.0,49394.0,49744.0
6742,49506.0,49394.0,49744.0
6743,49506.0,49394.0,49744.0
6744,49506.0,49394.0,49744.0
6745,49506.0,49394.0,49744.0
6746,49506.0,49394.0,49744.0
6747,49506.0,49394.0,49744.0
6748,49506.0,49394.0,49744.0
6749,49506.0,49394.0,49744.0
6750,49506.0,49394.0,49744.0
6751,49506.0,49394.0,49744.0
6752,49506.0,49394.0,49744.0
6753,49506.0,49394.0,49744.0
6754,49506.0,49394.0,49744.0
6755,49506.0,49394.0,49744.0
6756,49506.0,49394.0,49744.0
6757,49506.0,49394.0,49744.0
6758,49506.0,49394.0,49744.0
6759,49506.0,49394.0,49744.0
6760,49506.0,49394.0,49744.0
6761,49506.0,49394.0,49744.0
6762,49506.0,49394.0,49744.0
6763,49506.0,49394.0,49744.0
6764,49506.0,49394.0,49744.0
6765,49506.0,49394.0,49744.0
6766,49506.0,49394.0,49744.0
6767,49506.0,49394.0,49744.0
6768,49506.0,49394.0,49744.0
6769,49506.0,49394.0,49744.0
6770,49506.0,49394.0,49744.0
6771,49506.0,49394.0,49744.0
6772,49506.0,49394.0,49744.0
6773,49506.0,49394.0,49744.0
6774,49506.0,49394.0,49744.0
6775,49506.0,49394.0,49744.0
6776,49506.0,49394.0,49744.0
6777,49506.0,49394.0,49744.0
6778,49506.0,49394.0,49744.0
6779,49506.0,49394.0,49744.0
6780,49506.0,49394.0,49744.0
6781,49506.0,49394.0,49744.0
6782,49506.0,49394.0,49744.0
6783,49506.0,49394.0,49744.0
6784,49506.0,49394.0,49744.0
6785,49506.0,49394.0,49744.0
6786,49506.0,49394.0,49744.0
6787,49506.0,49394.0,49744.0
6788,49506.0,49394.0,49744.0
6789,49506.0,49394.0,49744.0
6790,49506.0,49394.0,49744.0
6791,49506.0,49394.0,49744.0
6792,49506.0,49394.0,49744.0
6793,49506.0,49394.0,49744.0
6794,49506.0,49394.0,49744.0
6795,49506.0,49394.0,49744.0
6796,49506.0,49394.0,49744.0
6797,49506.0,49394.0,49744.0
6798,49506.0,49394.0,49744.0
6799,49506.0,49394.0,49744.0
6800,49506.0,49394.0,49744.0
6801,49506.0,49394.0,49744.0
6802,49506.0,49394.0,49744.0
6803,49506.0,49394.0,49744.0
6804,49506.0,49394.0,49744.0
6805,49506.0,49394.0,49744.0
6806,49506.0,49394.0,49744.0
6807,49506.0,49394.0,49744.0
6808,49506.0,49394.0,49744.0
6809,49506.0,49394.0,49744.0
6810,49506.0,49394.0,49744.0
6811,49506.0,49394.0,49744.0
6812,49506.0,49394.0,49744.0
6813,49506.0,49394.0,49744.0
6814,49506.0,49394.0,49744.0
6815,49506.0,49394.0,49744.0
6816,49506.0,49394.0,49744.0
6817,49506.0,49394.0,49744.0
6818,49506.0,49394.0,49744.0
6819,49506.0,49394.0,49744.0
6820,49506.0,49394.0,49744.0
6821,49506.0,49394.0,49744.0
6822,49506.0,49394.0,49744.0
6823,49506.0,49394.0,49744.0
6824,49506.0,49394.0,49744.0
6825,49506.0,49394.0,49744.0
6826,49506.0,49394.0,49744.0
6827,49506.0,49394.0,49744.0
6828,49506.0,49394.0,49744.0
6829,49506.0,49394.0,49744.0
6830,49506.0,49394.0,49744.0
6831,49506.0,49394.0,49744.0
6832,49506.0,49394.0,49744.0
6833,49506.0,49394.0,49744.0
6834,49506.0,49394.0,49744.0
6835,49506.0,49394.0,49744.0
6836,49506.0,49394.0,49744.0
6837,49506.0,49394.0,49744.0
6838,49506.0,49394.0,49744.0
6839,49506.0,49394.0,49744.0
6840,49506.0,49394.0,49744.0
6841,49506.0,49394.0,49744.0
6842,49506.0,49394.0,49744.0
6843,49506.0,49394.0,49744.0
6844,49506.0,49394.0,49744.0
6845,49506.0,49394.0,49744.0
6846,49506.0,49394.0,49744.0
6847,49506.0,49394.0,49744.0
6848,49506.0,49394.0,49744.0
6849,49506.0,49394.0,49744.0
6850,49506.0,49394.0,49744.0
6851,49506.0,49394.0,49744.0
6852,49506.0,49394.0,49744.0
6853,49506.0,49394.0,49744.0
6854,49506.0,49394.0,49744.0
6855,49506.0,49394.0,49744.0
6856,49506.0,49394.0,49744.0
6857,49506.0,49394.0,49744.0
6858,49506.0,49394.0,49744.0
6859,49506.0,49394.0,49744.0
6860,49506.0,49394.0,49744.0
6861,49506.0,49394.0,49744.0
6862,49506.0,49394.0,49744.0
6863,49506.0,49394.0,49744.0
6864,49506.0,49394.0,49744.0
6865,49506.0,49394.0,49744.0
6866,49506.0,49394.0,49744.0
6867,49506.0,49394.0,49744.0
6868,49506.0,49394.0,49744.0
6869,49506.0,49394.0,49744.0
6870,49506.0,49394.0,49744.0
6871,49506.0,49394.0,49744.0
6872,49506.0,49394.0,49744.0
6873,49506.0,49394.0,49744.0
6874,49506.0,49394.0,49744.0
6875,49506.0,49394.0,49744.0
6876,49506.0,49394.0,49744.0
6877,49506.0,49394.0,49744.0
6878,49506.0,49394.0,49744.0
6879,49506.0,49394.0,49744.0
6880,49506.0,49394.0,49744.0
6881,49506.0,49394.0,49744.0
6882,49506.0,49394.0,49744.0
6883,49506.0,49394.0,49744.0
6884,49506.0,49394.0,49744.0
6885,49506.0,49394.0,49744.0
6886,49506.0,49394.0,49744.0
6887,49506.0,49394.0,49744.0
6888,49506.0,49394.0,49744.0
6889,49506.0,49394.0,49744.0
6890,49506.0,49394.0,49744.0
6891,49506.0,49394.0,49744.0
6892,49506.0,49394.0,49744.0
6893,49506.0,49394.0,49744.0
6894,49506.0,49394.0,49744.0
6895,49506.0,49394.0,49744.0
6896,49506.0,49394.0,49744.0
6897,49506.0,49394.0,49744.0
6898,49506.0,49394.0,49744.0
6899,49506.0,49394.0,49744.0
6900,49506.0,49394.0,49744.0
6901,49506.0,49394.0,49744.0
6902,49506.0,49394.0,49744.0
6903,49506.0,49394.0,49744.0
6904,49506.0,49394.0,49744.0
6905,49506.0,49394.0,49744.0
6906,49506.0,49394.0,49744.0
6907,49506.0,49394.0,49744.0
6908,49506.0,49394.0,49744.0
6909,49506.0,49394.0,49744.0
6910,49506.0,49394.0,49744.0
6911,49506.0,49394.0,49744.0
6912,49506.0,49394.0,49744.0
6913,49506.0,49394.0,49744.0
6914,49506.0,49394.0,49744.0
6915,49506.0,49394.0,49744.0
6916,49506.0,49394.0,49744.0
6917,49506.0,49394.0,49744.0
6918,49506.0,49394.0,49744.0
6919,49506.0,49394.0,49744.0
6920,49506.0,49394.0,49744.0
6921,49506.0,49394.0,49744.0
6922,49506.0,49394.0,49744.0
6923,49506.0,49394.0,49744.0
6924,49506.0,49394.0,49744.0
6925,49506.0,49394.0,49744.0
6926,49506.0,49394.0,49744.0
6927,49506.0,49394.0,49744.0
6928,49506.0,49394.0,49744.0
6929,49506.0,49394.0,49744.0
6930,49506.0,49394.0,49744.0
6931,49506.0,49394.0,49744.0
6932,49506.0,49394.0,49744.0
6933,49506.0,49394.0,49744.0
6934,49506.0,49394.0,49744.0
6935,49506.0,49394.0,49744.0
6936,49506.0,49394.0,49744.0
6937,49506.0,49394.0,49744.0
6938,49506.0,49394.0,49744.0
6939,49506.0,49394.0,49744.0
6940,49506.0,49394.0,49744.0
6941,49506.0,49394.0,49744.0
6942,49506.0,49394.0,49744.0
6943,49506.0,49394.0,49744.0
6944,49506.0,49394.0,49744.0
6945,49506.0,49394.0,49744.0
6946,49506.0,49394.0,49744.0
6947,49506.0,49394.0,49744.0
6948,49506.0,49394.0,49744.0
6949,49506.0,49394.0,49744.0
6950,49506.0,49394.0,49744.0
6951,49506.0,49394.0,49744.0
6952,49506.0,49394.0,49744.0
6953,49506.0,49394.0,49744.0
6954,49506.0,49394.0,49744.0
6955,49506.0,49394.0,49744.0
6956,49506.0,49394.0,49744.0
6957,49506.0,49394.0,49744.0
6958,49506.0,49394.0,49744.0
6959,49506.0,49394.0,49744.0
6960,49506.0,49394.0,49744.0
6961,49506.0,49394.0,49744.0
6962,49506.0,49394.0,49744.0
6963,49506.0,49394.0,49744.0
6964,49506.0,49394.0,49744.0
6965,49506.0,49394.0,49744.0
6966,49506.0,49394.0,49744.0
6967,49506.0,49394.0,49744.0
6968,49506.0,49394.0,49744.0
6969,49506.0,49394.0,49744.0
6970,49506.0,49394.0,49744.0
6971,49506.0,49394.0,49744.0
6972,49506.0,49394.0,49744.0
6973,49506.0,49394.0,49744.0
6974,49506.0,49394.0,49744.0
6975,49506.0,49394.0,49744.0
6976,49506.0,49394.0,49744.0
6977,49506.0,49394.0,49744.0
6978,49506.0,49394.0,49744.0
6979,49506.0,49394.0,49744.0
6980,49506.0,49394.0,49744.0
6981,49506.0,49394.0,49744.0
6982,49506.0,49394.0,49744.0
6983,49506.0,49394.0,49744.0
6984,49506.0,49394.0,49744.0
6985,49506.0,49394.0,49744.0
6986,49506.0,49394.0,49744.0
6987,49506.0,49394.0,49744.0
6988,49506.0,49394.0,49744.0
6989,49506.0,49394.0,49744.0
6990,49506.0,49394.0,49744.0
6991,49506.0,49394.0,49744.0
6992,49506.0,49394.0,49744.0
6993,49506.0,49394.0,49744.0
6994,49506.0,49394.0,49744.0
6995,49506.0,49394.0,49744.0
6996,49506.0,49394.0,49744.0
6997,49506.0,49394.0,49744.0
6998,49506.0,49394.0,49744.0
6999,49506.0,49394.0,49744.0
7000,49506.0,49394.0,49744.0
7001,49506.0,49394.0,49744.0
7002,49506.0,49394.0,49744.0
7003,49506.0,49394.0,49744.0
7004,49506.0,49394.0,49744.0
7005,49506.0,49394.0,49744.0
7006,49506.0,49394.0,49744.0
7007,49506.0,49394.0,49744.0
7008,49506.0,49394.0,49744.0
7009,49506.0,49394.0,49744.0
7010,49506.0,49394.0,49744.0
7011,49506.0,49394.0,49744.0
7012,49506.0,49394.0,49744.0
7013,49506.0,49394.0,49744.0
7014,49506.0,49394.0,49744.0
7015,49506.0,49394.0,49744.0
7016,49506.0,49394.0,49744.0
7017,49506.0,49394.0,49744.0
7018,49506.0,49394.0,49744.0
7019,49506.0,49394.0,49744.0
7020,49506.0,49394.0,49744.0
7021,49506.0,49394.0,49744.0
7022,49506.0,49394.0,49744.0
7023,49506.0,49394.0,49744.0
7024,49506.0,49394.0,49744.0
7025,49506.0,49394.0,49744.0
7026,49506.0,49394.0,49744.0
7027,49506.0,49394.0,49744.0
7028,49506.0,49394.0,49744.0
7029,49506.0,49394.0,49744.0
7030,49506.0,49394.0,49744.0
7031,49506.0,49394.0,49744.0
7032,49506.0,49394.0,49744.0
7033,49506.0,49394.0,49744.0
7034,49506.0,49394.0,49744.0
7035,49506.0,49394.0,49744.0
7036,49506.0,49394.0,49744.0
7037,49506.0,49394.0,49744.0
7038,49506.0,49394.0,49744.0
7039,49506.0,49394.0,49744.0
7040,49506.0,49394.0,49744.0
7041,49506.0,49394.0,49744.0
7042,49506.0,49394.0,49744.0
7043,49506.0,49394.0,49744.0
7044,49506.0,49394.0,49744.0
7045,49506.0,49394.0,49744.0
7046,49506.0,49394.0,49744.0
7047,49506.0,49394.0,49744.0
7048,49506.0,49394.0,49744.0
7049,49506.0,49394.0,49744.0
7050,49506.0,49394.0,49744.0
7051,49506.0,49394.0,49744.0
7052,49506.0,49394.0,49744.0
7053,49506.0,49394.0,49744.0
7054,49506.0,49394.0,49744.0
7055,49506.0,49394.0,49744.0
7056,49506.0,49394.0,49744.0
7057,49506.0,49394.0,49744.0
7058,49506.0,49394.0,49744.0
7059,49506.0,49394.0,49744.0
7060,49506.0,49394.0,49744.0
7061,49506.0,49394.0,49744.0
7062,49506.0,49394.0,49744.0
7063,49506.0,49394.0,49744.0
7064,49506.0,49394.0,49744.0
7065,49506.0,49394.0,49744.0
7066,49506.0,49394.0,49744.0
7067,49506.0,49394.0,49744.0
7068,49506.0,49394.0,49744.0
7069,49506.0,49394.0,49744.0
7070,49506.0,49394.0,49744.0
7071,49506.0,49394.0,49744.0
7072,49506.0,49394.0,49744.0
7073,49506.0,49394.0,49744.0
7074,49506.0,49394.0,49744.0
7075,49506.0,49394.0,49744.0
7076,49506.0,49394.0,49744.0
7077,49506.0,49394.0,49744.0
7078,49506.0,49394.0,49744.0
7079,49506.0,49394.0,49744.0
7080,49506.0,49394.0,49744.0
7081,49506.0,49394.0,49744.0
7082,49506.0,49394.0,49744.0
7083,49506.0,49394.0,49744.0
7084,49506.0,49394.0,49744.0
7085,49506.0,49394.0,49744.0
7086,49506.0,49394.0,49744.0
7087,49506.0,49394.0,49744.0
7088,49506.0,49394.0,49744.0
7089,49506.0,49394.0,49744.0
7090,49506.0,49394.0,49744.0
7091,49506.0,49394.0,49744.0
7092,49506.0,49394.0,49744.0
7093,49506.0,49394.0,49744.0
7094,49506.0,49394.0,49744.0
7095,49506.0,49394.0,49744.0
7096,49506.0,49394.0,49744.0
7097,49506.0,49394.0,49744.0
7098,49506.0,49394.0,49744.0
7099,49506.0,49394.0,49744.0
7100,49506.0,49394.0,49744.0
7101,49506.0,49394.0,49744.0
7102,49506.0,49394.0,49744.0
7103,49506.0,49394.0,49744.0
7104,49506.0,49394.0,49744.0
7105,49506.0,49394.0,49744.0
7106,49506.0,49394.0,49744.0
7107,49506.0,49394.0,49744.0
7108,49506.0,49394.0,49744.0
7109,49506.0,49394.0,49744.0
7110,49506.0,49394.0,49744.0
7111,49506.0,49394.0,49744.0
7112,49506.0,49394.0,49744.0
7113,49506.0,49394.0,49744.0
7114,49506.0,49394.0,49744.0
7115,49506.0,49394.0,49744.0
7116,49506.0,49394.0,49744.0
7117,49506.0,49394.0,49744.0
7118,49506.0,49394.0,49744.0
7119,49506.0,49394.0,49744.0
7120,49506.0,49394.0,49744.0
7121,49506.0,49394.0,49744.0
7122,49506.0,49394.0,49744.0
7123,49506.0,49394.0,49744.0
7124,49506.0,49394.0,49744.0
7125,49506.0,49394.0,49744.0
7126,49506.0,49394.0,49744.0
7127,49506.0,49394.0,49744.0
7128,49506.0,49394.0,49744.0
7129,49506.0,49394.0,49744.0
7130,49506.0,49394.0,49744.0
7131,49506.0,49394.0,49744.0
7132,49506.0,49394.0,49744.0
7133,49506.0,49394.0,49744.0
7134,49506.0,49394.0,49744.0
7135,49506.0,49394.0,49744.0
7136,49506.0,49394.0,49744.0
7137,49506.0,49394.0,49744.0
7138,49506.0,49394.0,49744.0
7139,49506.0,49394.0,49744.0
7140,49506.0,49394.0,49744.0
7141,49506.0,49394.0,49744.0
7142,49506.0,49394.0,49744.0
7143,49506.0,49394.0,49744.0
7144,49506.0,49394.0,49744.0
7145,49506.0,49394.0,49744.0
7146,49506.0,49394.0,49744.0
7147,49506.0,49394.0,49744.0
7148,49506.0,49394.0,49744.0
7149,49506.0,49394.0,49744.0
7150,49506.0,49394.0,49744.0
7151,49506.0,49394.0,49744.0
7152,49506.0,49394.0,49744.0
7153,49506.0,49394.0,49744.0
7154,49506.0,49394.0,49744.0
7155,49506.0,49394.0,49744.0
7156,49506.0,49394.0,49744.0
7157,49506.0,49394.0,49744.0
7158,49506.0,49394.0,49744.0
7159,49506.0,49394.0,49744.0
7160,49506.0,49394.0,49744.0
7161,49506.0,49394.0,49744.0
7162,49506.0,49394.0,49744.0
7163,49506.0,49394.0,49744.0
7164,49506.0,49394.0,49744.0
7165,49506.0,49394.0,49744.0
7166,49506.0,49394.0,49744.0
7167,49506.0,49394.0,49744.0
7168,49506.0,49394.0,49744.0
7169,49506.0,49394.0,49744.0
7170,49506.0,49394.0,49744.0
7171,49506.0,49394.0,49744.0
7172,49506.0,49394.0,49744.0
7173,49506.0,49394.0,49744.0
7174,49506.0,49394.0,49744.0
7175,49506.0,49394.0,49744.0
7176,49506.0,49394.0,49744.0
7177,49506.0,49394.0,49744.0
7178,49506.0,49394.0,49744.0
7179,49506.0,49394.0,49744.0
7180,49506.0,49394.0,49744.0
7181,49506.0,49394.0,49744.0
7182,49506.0,49394.0,49744.0
7183,49506.0,49394.0,49744.0
7184,49506.0,49394.0,49744.0
7185,49506.0,49394.0,49744.0
7186,49506.0,49394.0,49744.0
7187,49506.0,49394.0,49744.0
7188,49506.0,49394.0,49744.0
7189,49506.0,49394.0,49744.0
7190,49506.0,49394.0,49744.0
7191,49506.0,49394.0,49744.0
7192,49506.0,49394.0,49744.0
7193,49506.0,49394.0,49744.0
7194,49506.0,49394.0,49744.0
7195,49506.0,49394.0,49744.0
7196,49506.0,49394.0,49744.0
7197,49506.0,49394.0,49744.0
7198,49506.0,49394.0,49744.0
7199,49506.0,49394.0,49744.0
7200,49506.0,49394.0,49744.0
7201,49506.0,49394.0,49744.0
7202,49506.0,49394.0,49744.0
7203,49506.0,49394.0,49744.0
7204,49506.0,49394.0,49744.0
7205,49506.0,49394.0,49744.0
7206,49506.0,49394.0,49744.0
7207,49506.0,49394.0,49744.0
7208,49506.0,49394.0,49744.0
7209,49506.0,49394.0,49744.0
7210,49506.0,49394.0,49744.0
7211,49506.0,49394.0,49744.0
7212,49506.0,49394.0,49744.0
7213,49506.0,49394.0,49744.0
7214,49506.0,49394.0,49744.0
7215,49506.0,49394.0,49744.0
7216,49506.0,49394.0,49744.0
7217,49506.0,49394.0,49744.0
7218,49506.0,49394.0,49744.0
7219,49506.0,49394.0,49744.0
7220,49506.0,49394.0,49744.0
7221,49506.0,49394.0,49744.0
7222,49506.0,49394.0,49744.0
7223,49506.0,49394.0,49744.0
7224,49506.0,49394.0,49744.0
7225,49506.0,49394.0,49744.0
7226,49506.0,49394.0,49744.0
7227,49506.0,49394.0,49744.0
7228,49506.0,49394.0,49744.0
7229,49506.0,49394.0,49744.0
7230,49506.0,49394.0,49744.0
7231,49506.0,49394.0,49744.0
7232,49506.0,49394.0,49744.0
7233,49506.0,49394.0,49744.0
7234,49506.0,49394.0,49744.0
7235,49506.0,49394.0,49744.0
7236,49506.0,49394.0,49744.0
7237,49506.0,49394.0,49744.0
7238,49506.0,49394.0,49744.0
7239,49506.0,49394.0,49744.0
7240,49506.0,49394.0,49744.0
7241,49506.0,49394.0,49744.0
7242,49506.0,49394.0,49744.0
7243,49506.0,49394.0,49744.0
7244,49506.0,49394.0,49744.0
7245,49506.0,49394.0,49744.0
7246,49506.0,49394.0,49744.0
7247,49506.0,49394.0,49744.0
7248,49506.0,49394.0,49744.0
7249,49506.0,49394.0,49744.0
7250,49506.0,49394.0,49744.0
7251,49506.0,49394.0,49744.0
7252,49506.0,49394.0,49744.0
7253,49506.0,49394.0,49744.0
7254,49506.0,49394.0,49744.0
7255,49506.0,49394.0,49744.0
7256,49506.0,49394.0,49744.0
7257,49506.0,49394.0,49744.0
7258,49506.0,49394.0,49744.0
7259,49506.0,49394.0,49744.0
7260,49506.0,49394.0,49744.0
7261,49506.0,49394.0,49744.0
7262,49506.0,49394.0,49744.0
7263,49506.0,49394.0,49744.0
7264,49506.0,49394.0,49744.0
7265,49506.0,49394.0,49744.0
7266,49506.0,49394.0,49744.0
7267,49506.0,49394.0,49744.0
7268,49506.0,49394.0,49744.0
7269,49506.0,49394.0,49744.0
7270,49506.0,49394.0,49744.0
7271,49506.0,49394.0,49744.0
7272,49506.0,49394.0,49744.0
7273,49506.0,49394.0,49744.0
7274,49506.0,49394.0,49744.0
7275,49506.0,49394.0,49744.0
7276,49506.0,49394.0,49744.0
7277,49506.0,49394.0,49744.0
7278,49506.0,49394.0,49744.0
7279,49506.0,49394.0,49744.0
7280,49506.0,49394.0,49744.0
7281,49506.0,49394.0,49744.0
7282,49506.0,49394.0,49744.0
7283,49506.0,49394.0,49744.0
7284,49506.0,49394.0,49744.0
7285,49506.0,49394.0,49744.0
7286,49506.0,49394.0,49744.0
7287,49506.0,49394.0,49744.0
7288,49506.0,49394.0,49744.0
7289,49506.0,49394.0,49744.0
7290,49506.0,49394.0,49744.0
7291,49506.0,49394.0,49744.0
7292,49506.0,49394.0,49744.0
7293,49506.0,49394.0,49744.0
7294,49506.0,49394.0,49744.0
7295,49506.0,49394.0,49744.0
7296,49506.0,49394.0,49744.0
7297,49506.0,49394.0,49744.0
7298,49506.0,49394.0,49744.0
7299,49506.0,49394.0,49744.0
7300,49506.0,49394.0,49744.0
7301,49506.0,49394.0,49744.0
7302,49506.0,49394.0,49744.0
7303,49506.0,49394.0,49744.0
7304,49506.0,49394.0,49744.0
7305,49506.0,49394.0,49744.0
7306,49506.0,49394.0,49744.0
7307,49506.0,49394.0,49744.0
7308,49506.0,49394.0,49744.0
7309,49506.0,49394.0,49744.0
7310,49506.0,49394.0,49744.0
7311,49506.0,49394.0,49744.0
7312,49506.0,49394.0,49744.0
7313,49506.0,49394.0,49744.0
7314,49506.0,49394.0,49744.0
7315,49506.0,49394.0,49744.0
7316,49506.0,49394.0,49744.0
7317,49506.0,49394.0,49744.0
7318,49506.0,49394.0,49744.0
7319,49506.0,49394.0,49744.0
7320,49506.0,49394.0,49744.0
7321,49506.0,49394.0,49744.0
7322,49506.0,49394.0,49744.0
7323,49506.0,49394.0,49744.0
7324,49506.0,49394.0,49744.0
7325,49506.0,49394.0,49744.0
7326,49506.0,49394.0,49744.0
7327,49506.0,49394.0,49744.0
7328,49506.0,49394.0,49744.0
7329,49506.0,49394.0,49744.0
7330,49506.0,49394.0,49744.0
7331,49506.0,49394.0,49744.0
7332,49506.0,49394.0,49744.0
7333,49506.0,49394.0,49744.0
7334,49506.0,49394.0,49744.0
7335,49506.0,49394.0,49744.0
7336,49506.0,49394.0,49744.0
7337,49506.0,49394.0,49744.0
7338,49506.0,49394.0,49744.0
7339,49506.0,49394.0,49744.0
7340,49506.0,49394.0,49744.0
7341,49506.0,49394.0,49744.0
7342,49506.0,49394.0,49744.0
7343,49506.0,49394.0,49744.0
7344,49506.0,49394.0,49744.0
7345,49506.0,49394.0,49744.0
7346,49506.0,49394.0,49744.0
7347,49506.0,49394.0,49744.0
7348,49506.0,49394.0,49744.0
7349,49506.0,49394.0,49744.0
7350,49506.0,49394.0,49744.0
7351,49506.0,49394.0,49744.0
7352,49506.0,49394.0,49744.0
7353,49506.0,49394.0,49744.0
7354,49506.0,49394.0,49744.0
7355,49506.0,49394.0,49744.0
7356,49506.0,49394.0,49744.0
7357,49506.0,49394.0,49744.0
7358,49506.0,49394.0,49744.0
7359,49506.0,49394.0,49744.0
7360,49506.0,49394.0,49744.0
7361,49506.0,49394.0,49744.0
7362,49506.0,49394.0,49744.0
7363,49506.0,49394.0,49744.0
7364,49506.0,49394.0,49744.0
7365,49506.0,49394.0,49744.0
7366,49506.0,49394.0,49744.0
7367,49506.0,49394.0,49744.0
7368,49506.0,49394.0,49744.0
7369,49506.0,49394.0,49744.0
7370,49506.0,49394.0,49744.0
7371,49506.0,49394.0,49744.0
7372,49506.0,49394.0,49744.0
7373,49506.0,49394.0,49744.0
7374,49506.0,49394.0,49744.0
7375,49506.0,49394.0,49744.0
7376,49506.0,49394.0,49744.0
7377,49506.0,49394.0,49744.0
7378,49506.0,49394.0,49744.0
7379,49506.0,49394.0,49744.0
7380,49506.0,49394.0,49744.0
7381,49506.0,49394.0,49744.0
7382,49506.0,49394.0,49744.0
7383,49506.0,49394.0,49744.0
7384,49506.0,49394.0,49744.0
7385,49506.0,49394.0,49744.0
7386,49506.0,49394.0,49744.0
7387,49506.0,49394.0,49744.0
7388,49506.0,49394.0,49744.0
7389,49506.0,49394.0,49744.0
7390,49506.0,49394.0,49744.0
7391,49506.0,49394.0,49744.0
7392,49506.0,49394.0,49744.0
7393,49506.0,49394.0,49744.0
7394,49506.0,49394.0,49744.0
7395,49506.0,49394.0,49744.0
7396,49506.0,49394.0,49744.0
7397,49506.0,49394.0,49744.0
7398,49506.0,49394.0,49744.0
7399,49506.0,49394.0,49744.0
7400,49506.0,49394.0,49744.0
7401,49506.0,49394.0,49744.0
7402,49506.0,49394.0,49744.0
7403,49506.0,49394.0,49744.0
7404,49506.0,49394.0,49744.0
7405,49506.0,49394.0,49744.0
7406,49506.0,49394.0,49744.0
7407,49506.0,49394.0,49744.0
7408,49506.0,49394.0,49744.0
7409,49506.0,49394.0,49744.0
7410,49506.0,49394.0,49744.0
7411,49506.0,49394.0,49744.0
7412,49506.0,49394.0,49744.0
7413,49506.0,49394.0,49744.0
7414,49506.0,49394.0,49744.0
7415,49506.0,49394.0,49744.0
7416,49506.0,49394.0,49744.0
7417,49506.0,49394.0,49744.0
7418,49506.0,49394.0,49744.0
7419,49506.0,49394.0,49744.0
7420,49506.0,49394.0,49744.0
7421,49506.0,49394.0,49744.0
7422,49506.0,49394.0,49744.0
7423,49506.0,49394.0,49744.0
7424,49506.0,49394.0,49744.0
7425,49506.0,49394.0,49744.0
7426,49506.0,49394.0,49744.0
7427,49506.0,49394.0,49744.0
7428,49506.0,49394.0,49744.0
7429,49506.0,49394.0,49744.0
7430,49506.0,49394.0,49744.0
7431,49506.0,49394.0,49744.0
7432,49506.0,49394.0,49744.0
7433,49506.0,49394.0,49744.0
7434,49506.0,49394.0,49744.0
7435,49506.0,49394.0,49744.0
7436,49506.0,49394.0,49744.0
7437,49506.0,49394.0,49744.0
7438,49506.0,49394.0,49744.0
7439,49506.0,49394.0,49744.0
7440,49506.0,49394.0,49744.0
7441,49506.0,49394.0,49744.0
7442,49506.0,49394.0,49744.0
7443,49506.0,49394.0,49744.0
7444,49506.0,49394.0,49744.0
7445,49506.0,49394.0,49744.0
7446,49506.0,49394.0,49744.0
7447,49506.0,49394.0,49744.0
7448,49506.0,49394.0,49744.0
7449,49506.0,49394.0,49744.0
7450,49506.0,49394.0,49744.0
7451,49506.0,49394.0,49744.0
7452,49506.0,49394.0,49744.0
7453,49506.0,49394.0,49744.0
7454,49506.0,49394.0,49744.0
7455,49506.0,49394.0,49744.0
7456,49506.0,49394.0,49744.0
7457,49506.0,49394.0,49744.0
7458,49506.0,49394.0,49744.0
7459,49506.0,49394.0,49744.0
7460,49506.0,49394.0,49744.0
7461,49506.0,49394.0,49744.0
7462,49506.0,49394.0,49744.0
7463,49506.0,49394.0,49744.0
7464,49506.0,49394.0,49744.0
7465,49506.0,49394.0,49744.0
7466,49506.0,49394.0,49744.0
7467,49506.0,49394.0,49744.0
7468,49506.0,49394.0,49744.0
7469,49506.0,49394.0,49744.0
7470,49506.0,49394.0,49744.0
7471,49506.0,49394.0,49744.0
7472,49506.0,49394.0,49744.0
7473,49506.0,49394.0,49744.0
7474,49506.0,49394.0,49744.0
7475,49506.0,49394.0,49744.0
7476,49506.0,49394.0,49744.0
7477,49506.0,49394.0,49744.0
7478,49506.0,49394.0,49744.0
7479,49506.0,49394.0,49744.0
7480,49506.0,49394.0,49744.0
7481,49506.0,49394.0,49744.0
7482,49506.0,49394.0,49744.0
7483,49506.0,49394.0,49744.0
7484,49506.0,49394.0,49744.0
7485,49506.0,49394.0,49744.0
7486,49506.0,49394.0,49744.0
7487,49506.0,49394.0,49744.0
7488,49506.0,49394.0,49744.0
7489,49506.0,49394.0,49744.0
7490,49506.0,49394.0,49744.0
7491,49506.0,49394.0,49744.0
7492,49506.0,49394.0,49744.0
7493,49506.0,49394.0,49744.0
7494,49506.0,49394.0,49744.0
7495,49506.0,49394.0,49744.0
7496,49506.0,49394.0,49744.0
7497,49506.0,49394.0,49744.0
7498,49506.0,49394.0,49744.0
7499,49506.0,49394.0,49744.0
7500,49506.0,49394.0,49744.0
7501,49506.0,49394.0,49744.0
7502,49506.0,49394.0,49744.0
7503,49506.0,49394.0,49744.0
7504,49506.0,49394.0,49744.0
7505,49506.0,49394.0,49744.0
7506,49506.0,49394.0,49744.0
7507,49506.0,49394.0,49744.0
7508,49510.0,49394.0,49752.0
7509,49510.0,49394.0,49752.0
7510,49514.0,49394.0,49760.0
7511,49514.0,49394.0,49760.0
7512,49514.0,49394.0,49760.0
7513,49514.0,49394.0,49760.0
7514,49514.0,49394.0,49760.0
7515,49514.0,49394.0,49760.0
7516,49514.0,49394.0,49760.0
7517,49514.0,49394.0,49760.0
7518,49514.0,49394.0,49760.0
7519,49514.0,49394.0,49760.0
7520,49514.0,49394.0,49760.0
7521,49514.0,49394.0,49760.0
7522,49514.0,49394.0,49760.0
7523,49514.0,49394.0,49760.0
7524,49514.0,49394.0,49760.0
7525,49514.0,49394.0,49760.0
7526,49514.0,49394.0,49760.0
7527,49514.0,49394.0,49760.0
7528,49514.0,49394.0,49760.0
7529,49514.0,49394.0,49760.0
7530,49514.0,49394.0,49760.0
7531,49514.0,49394.0,49760.0
7532,49514.0,49394.0,49760.0
7533,49514.0,49394.0,49760.0
7534,49514.0,49394.0,49760.0
7535,49514.0,49394.0,49760.0
7536,49514.0,49394.0,49760.0
7537,49514.0,49394.0,49760.0
7538,49514.0,49394.0,49760.0
7539,49514.0,49394.0,49760.0
7540,49514.0,49394.0,49760.0
7541,49514.0,49394.0,49760.0
7542,49514.0,49394.0,49760.0
7543,49514.0,49394.0,49760.0
7544,49514.0,49394.0,49760.0
7545,49514.0,49394.0,49760.0
7546,49514.0,49394.0,49760.0
7547,49514.0,49394.0,49760.0
7548,49514.0,49394.0,49760.0
7549,49514.0,49394.0,49760.0
7550,49514.0,49394.0,49760.0
7551,49514.0,49394.0,49760.0
7552,49514.0,49394.0,49760.0
7553,49514.0,49394.0,49760.0
7554,49514.0,49394.0,49760.0
7555,49514.0,49394.0,49760.0
7556,49514.0,49394.0,49760.0
7557,49514.0,49394.0,49760.0
7558,49514.0,49394.0,49760.0
7559,49514.0,49394.0,49760.0
7560,49514.0,49394.0,49760.0
7561,49514.0,49394.0,49760.0
7562,49514.0,49394.0,49760.0
7563,49514.0,49394.0,49760.0
7564,49514.0,49394.0,49760.0
7565,49514.0,49394.0,49760.0
7566,49514.0,49394.0,49760.0
7567,49514.0,49394.0,49760.0
7568,49514.0,49394.0,49760.0
7569,49514.0,49394.0,49760.0
7570,49514.0,49394.0,49760.0
7571,49514.0,49394.0,49760.0
7572,49514.0,49394.0,49760.0
7573,49514.0,49394.0,49760.0
7574,49514.0,49394.0,49760.0
7575,49514.0,49394.0,49760.0
7576,49514.0,49394.0,49760.0
7577,49514.0,49394.0,49760.0
7578,49514.0,49394.0,49760.0
7579,49514.0,49394.0,49760.0
7580,49514.0,49394.0,49760.0
7581,49514.0,49394.0,49760.0
7582,49514.0,49394.0,49760.0
7583,49514.0,49394.0,49760.0
7584,49514.0,49394.0,49760.0
7585,49514.0,49394.0,49760.0
7586,49514.0,49394.0,49760.0
7587,49514.0,49394.0,49760.0
7588,49514.0,49394.0,49760.0
7589,49514.0,49394.0,49760.0
7590,49514.0,49394.0,49760.0
7591,49514.0,49394.0,49760.0
7592,49514.0,49394.0,49760.0
7593,49514.0,49394.0,49760.0
7594,49514.0,49394.0,49760.0
7595,49514.0,49394.0,49760.0
7596,49514.0,49394.0,49760.0
7597,49514.0,49394.0,49760.0
7598,49514.0,49394.0,49760.0
7599,49514.0,49394.0,49760.0
7600,49514.0,49394.0,49760.0
7601,49514.0,49394.0,49760.0
7602,49514.0,49394.0,49760.0
7603,49514.0,49394.0,49760.0
7604,49514.0,49394.0,49760.0
7605,49514.0,49394.0,49760.0
7606,49514.0,49394.0,49760.0
7607,49514.0,49394.0,49760.0
7608,49514.0,49394.0,49760.0
7609,49514.0,49394.0,49760.0
7610,49514.0,49394.0,49760.0
7611,49514.0,49394.0,49760.0
7612,49514.0,49394.0,49760.0
7613,49514.0,49394.0,49760.0
7614,49514.0,49394.0,49760.0
7615,49514.0,49394.0,49760.0
7616,49514.0,49394.0,49760.0
7617,49514.0,49394.0,49760.0
7618,49514.0,49394.0,49760.0
7619,49514.0,49394.0,49760.0
7620,49514.0,49394.0,49760.0
7621,49514.0,49394.0,49760.0
7622,49514.0,49394.0,49760.0
7623,49514.0,49394.0,49760.0
7624,49514.0,49394.0,49760.0
7625,49514.0,49394.0,49760.0
7626,49514.0,49394.0,49760.0
7627,49514.0,49394.0,49760.0
7628,49514.0,49394.0,49760.0
7629,49514.0,49394.0,49760.0
7630,49514.0,49394.0,49760.0
7631,49514.0,49394.0,49760.0
7632,49514.0,49394.0,49760.0
7633,49514.0,49394.0,49760.0
7634,49514.0,49394.0,49760.0
7635,49514.0,49394.0,49760.0
7636,49514.0,49394.0,49760.0
7637,49514.0,49394.0,49760.0
7638,49514.0,49394.0,49760.0
7639,49514.0,49394.0,49760.0
7640,49514.0,49394.0,49760.0
7641,49514.0,49394.0,49760.0
7642,49514.0,49394.0,49760.0
7643,49514.0,49394.0,49760.0
7644,49514.0,49394.0,49760.0
7645,49514.0,49394.0,49760.0
7646,49514.0,49394.0,49760.0
7647,49514.0,49394.0,49760.0
7648,49514.0,49394.0,49760.0
7649,49514.0,49394.0,49760.0
7650,49514.0,49394.0,49760.0
7651,49514.0,49394.0,49760.0
7652,49514.0,49394.0,49760.0
7653,49514.0,49394.0,49760.0
7654,49514.0,49394.0,49760.0
7655,49514.0,49394.0,49760.0
7656,49514.0,49394.0,49760.0
7657,49514.0,49394.0,49760.0
7658,49514.0,49394.0,49760.0
7659,49514.0,49394.0,49760.0
7660,49514.0,49394.0,49760.0
7661,49514.0,49394.0,49760.0
7662,49514.0,49394.0,49760.0
7663,49514.0,49394.0,49760.0
7664,49514.0,49394.0,49760.0
7665,49514.0,49394.0,49760.0
7666,49514.0,49394.0,49760.0
7667,49514.0,49394.0,49760.0
7668,49514.0,49394.0,49760.0
7669,49514.0,49394.0,49760.0
7670,49514.0,49394.0,49760.0
7671,49514.0,49394.0,49760.0
7672,49514.0,49394.0,49760.0
7673,49514.0,49394.0,49760.0
7674,49514.0,49394.0,49760.0
7675,49514.0,49394.0,49760.0
7676,49514.0,49394.0,49760.0
7677,49514.0,49394.0,49760.0
7678,49514.0,49394.0,49760.0
7679,49514.0,49394.0,49760.0
7680,49514.0,49394.0,49760.0
7681,49514.0,49394.0,49760.0
7682,49514.0,49394.0,49760.0
7683,49514.0,49394.0,49760.0
7684,49514.0,49394.0,49760.0
7685,49514.0,49394.0,49760.0
7686,49514.0,49394.0,49760.0
7687,49514.0,49394.0,49760.0
7688,49514.0,49394.0,49760.0
7689,49514.0,49394.0,49760.0
7690,49514.0,49394.0,49760.0
7691,49514.0,49394.0,49760.0
7692,49514.0,49394.0,49760.0
7693,49514.0,49394.0,49760.0
7694,49514.0,49394.0,49760.0
7695,49514.0,49394.0,49760.0
7696,49514.0,49394.0,49760.0
7697,49514.0,49394.0,49760.0
7698,49514.0,49394.0,49760.0
7699,49514.0,49394.0,49760.0
7700,49514.0,49394.0,49760.0
7701,49514.0,49394.0,49760.0
7702,49514.0,49394.0,49760.0
7703,49514.0,49394.0,49760.0
7704,49514.0,49394.0,49760.0
7705,49514.0,49394.0,49760.0
7706,49514.0,49394.0,49760.0
7707,49514.0,49394.0,49760.0
7708,49514.0,49394.0,49760.0
7709,49514.0,49394.0,49760.0
7710,49514.0,49394.0,49760.0
7711,49514.0,49394.0,49760.0
7712,49514.0,49394.0,49760.0
7713,49514.0,49394.0,49760.0
7714,49514.0,49394.0,49760.0
7715,49514.0,49394.0,49760.0
7716,49514.0,49394.0,49760.0
7717,49514.0,49394.0,49760.0
7718,49514.0,49394.0,49760.0
7719,49514.0,49394.0,49760.0
7720,49514.0,49394.0,49760.0
7721,49514.0,49394.0,49760.0
7722,49514.0,49394.0,49760.0
7723,49520.5,49394.0,49773.0
7724,49520.5,49394.0,49773.0
7725,49520.5,49394.0,49773.0
7726,49520.5,49394.0,49773.0
7727,49520.5,49394.0,49773.0
7728,49520.5,49394.0,49773.0
7729,49520.5,49394.0,49773.0
7730,49520.5,49394.0,49773.0
7731,49520.5,49394.0,49773.0
7732,49520.5,49394.0,49773.0
7733,49520.5,49394.0,49773.0
7734,49520.5,49394.0,49773.0
7735,49520.5,49394.0,49773.0
7736,49520.5,49394.0,49773.0
7737,49520.5,49394.0,49773.0
7738,49520.5,49394.0,49773.0
7739,49520.5,49394.0,49773.0
7740,49520.5,49394.0,49773.0
7741,49520.5,49394.0,49773.0
7742,49520.5,49394.0,49773.0
7743,49520.5,49394.0,49773.0
7744,49520.5,49394.0,49773.0
7745,49520.5,49394.0,49773.0
7746,49520.5,49394.0,49773.0
7747,49520.5,49394.0,49773.0
7748,49520.5,49394.0,49773.0
7749,49520.5,49394.0,49773.0
7750,49520.5,49394.0,49773.0
7751,49520.5,49394.0,49773.0
7752,49520.5,49394.0,49773.0
7753,49520.5,49394.0,49773.0
7754,49520.5,49394.0,49773.0
7755,49520.5,49394.0,49773.0
7756,49520.5,49394.0,49773.0
7757,49520.5,49394.0,49773.0
7758,49520.5,49394.0,49773.0
7759,49520.5,49394.0,49773.0
7760,49520.5,49394.0,49773.0
7761,49520.5,49394.0,49773.0
7762,49520.5,49394.0,49773.0
7763,49520.5,49394.0,49773.0
7764,49520.5,49394.0,49773.0
7765,49520.5,49394.0,49773.0
7766,49520.5,49394.0,49773.0
7767,49520.5,49394.0,49773.0
7768,49520.5,49394.0,49773.0
7769,49520.5,49394.0,49773.0
7770,49520.5,49394.0,49773.0
7771,49520.5,49394.0,49773.0
7772,49520.5,49394.0,49773.0
7773,49520.5,49394.0,49773.0
7774,49520.5,49394.0,49773.0
7775,49520.5,49394.0,49773.0
7776,49520.5,49394.0,49773.0
7777,49520.5,49394.0,49773.0
7778,49520.5,49394.0,49773.0
7779,49520.5,49394.0,49773.0
7780,49520.5,49394.0,49773.0
7781,49520.5,49394.0,49773.0
7782,49520.5,49394.0,49773.0
7783,49520.5,49394.0,49773.0
7784,49520.5,49394.0,49773.0
7785,49520.5,49394.0,49773.0
7786,49520.5,49394.0,49773.0
7787,49520.5,49394.0,49773.0
7788,49520.5,49394.0,49773.0
7789,49520.5,49394.0,49773.0
7790,49520.5,49394.0,49773.0
7791,49520.5,49394.0,49773.0
7792,49520.5,49394.0,49773.0
7793,49520.5,49394.0,49773.0
7794,49520.5,49394.0,49773.0
7795,49520.5,49394.0,49773.0
7796,49520.5,49394.0,49773.0
7797,49520.5,49394.0,49773.0
7798,49520.5,49394.0,49773.0
7799,49520.5,49394.0,49773.0
7800,49520.5,49394.0,49773.0
7801,49520.5,49394.0,49773.0
7802,49520.5,49394.0,49773.0
7803,49520.5,49394.0,49773.0
7804,49520.5,49394.0,49773.0
7805,49520.5,49394.0,49773.0
7806,49520.5,49394.0,49773.0
7807,49520.5,49394.0,49773.0
7808,49520.5,49394.0,49773.0
7809,49520.5,49394.0,49773.0
7810,49520.5,49394.0,49773.0
7811,49520.5,49394.0,49773.0
7812,49520.5,49394.0,49773.0
7813,49520.5,49394.0,49773.0
7814,49520.5,49394.0,49773.0
7815,49520.5,49394.0,49773.0
7816,49520.5,49394.0,49773.0
7817,49520.5,49394.0,49773.0
7818,49520.5,49394.0,49773.0
7819,49520.5,49394.0,49773.0
7820,49520.5,49394.0,49773.0
7821,49520.5,49394.0,49773.0
7822,49520.5,49394.0,49773.0
7823,49520.5,49394.0,49773.0
7824,49520.5,49394.0,49773.0
7825,49520.5,49394.0,49773.0
7826,49520.5,49394.0,49773.0
7827,49520.5,49394.0,49773.0
7828,49520.5,49394.0,49773.0
7829,49520.5,49394.0,49773.0
7830,49520.5,49394.0,49773.0
7831,49520.5,49394.0,49773.0
7832,49520.5,49394.0,49773.0
7833,49520.5,49394.0,49773.0
7834,49520.5,49394.0,49773.0
7835,49520.5,49394.0,49773.0
7836,49520.5,49394.0,49773.0
7837,49520.5,49394.0,49773.0
7838,49520.5,49394.0,49773.0
7839,49520.5,49394.0,49773.0
7840,49520.5,49394.0,49773.0
7841,49520.5,49394.0,49773.0
7842,49520.5,49394.0,49773.0
7843,49520.5,49394.0,49773.0
7844,49520.5,49394.0,49773.0
7845,49520.5,49394.0,49773.0
7846,49520.5,49394.0,49773.0
7847,49520.5,49394.0,49773.0
7848,49520.5,49394.0,49773.0
7849,49520.5,49394.0,49773.0
7850,49520.5,49394.0,49773.0
7851,49520.5,49394.0,49773.0
7852,49520.5,49394.0,49773.0
7853,49520.5,49394.0,49773.0
7854,49520.5,49394.0,49773.0
7855,49520.5,49394.0,49773.0
7856,49520.5,49394.0,49773.0
7857,49520.5,49394.0,49773.0
7858,49520.5,49394.0,49773.0
7859,49520.5,49394.0,49773.0
7860,49520.5,49394.0,49773.0
7861,49520.5,49394.0,49773.0
7862,49520.5,49394.0,49773.0
7863,49520.5,49394.0,49773.0
7864,49520.5,49394.0,49773.0
7865,49520.5,49394.0,49773.0
7866,49520.5,49394.0,49773.0
7867,49520.5,49394.0,49773.0
7868,49520.5,49394.0,49773.0
7869,49520.5,49394.0,49773.0
7870,49520.5,49394.0,49773.0
7871,49520.5,49394.0,49773.0
7872,49520.5,49394.0,49773.0
7873,49520.5,49394.0,49773.0
7874,49520.5,49394.0,49773.0
7875,49520.5,49394.0,49773.0
7876,49520.5,49394.0,49773.0
7877,49520.5,49394.0,49773.0
7878,49520.5,49394.0,49773.0
7879,49520.5,49394.0,49773.0
7880,49520.5,49394.0,49773.0
7881,49520.5,49394.0,49773.0
7882,49520.5,49394.0,49773.0
7883,49520.5,49394.0,49773.0
7884,49520.5,49394.0,49773.0
7885,49520.5,49394.0,49773.0
7886,49520.5,49394.0,49773.0
7887,49520.5,49394.0,49773.0
7888,49520.5,49394.0,49773.0
7889,49520.5,49394.0,49773.0
7890,49520.5,49394.0,49773.0
7891,49520.5,49394.0,49773.0
7892,49520.5,49394.0,49773.0
7893,49520.5,49394.0,49773.0
7894,49520.5,49394.0,49773.0
7895,49520.5,49394.0,49773.0
7896,49520.5,49394.0,49773.0
7897,49520.5,49394.0,49773.0
7898,49520.5,49394.0,49773.0
7899,49520.5,49394.0,49773.0
7900,49520.5,49394.0,49773.0
7901,49520.5,49394.0,49773.0
7902,49520.5,49394.0,49773.0
7903,49520.5,49394.0,49773.0
7904,49520.5,49394.0,49773.0
7905,49520.5,49394.0,49773.0
7906,49520.5,49394.0,49773.0
7907,49520.5,49394.0,49773.0
7908,49520.5,49394.0,49773.0
7909,49520.5,49394.0,49773.0
7910,49520.5,49394.0,49773.0
7911,49520.5,49394.0,49773.0
7912,49520.5,49394.0,49773.0
7913,49520.5,49394.0,49773.0
7914,49520.5,49394.0,49773.0
7915,49520.5,49394.0,49773.0
7916,49520.5,49394.0,49773.0
7917,49520.5,49394.0,49773.0
7918,49520.5,49394.0,49773.0
7919,49520.5,49394.0,49773.0
7920,49520.5,49394.0,49773.0
7921,49520.5,49394.0,49773.0
7922,49520.5,49394.0,49773.0
7923,49520.5,49394.0,49773.0
7924,49520.5,49394.0,49773.0
7925,49520.5,49394.0,49773.0
7926,49520.5,49394.0,49773.0
7927,49520.5,49394.0,49773.0
7928,49520.5,49394.0,49773.0
7929,49520.5,49394.0,49773.0
7930,49520.5,49394.0,49773.0
7931,49520.5,49394.0,49773.0
7932,49520.5,49394.0,49773.0
7933,49520.5,49394.0,49773.0
7934,49520.5,49394.0,49773.0
7935,49520.5,49394.0,49773.0
7936,49520.5,49394.0,49773.0
7937,49520.5,49394.0,49773.0
7938,49520.5,49394.0,49773.0
7939,49520.5,49394.0,49773.0
7940,49520.5,49394.0,49773.0
7941,49520.5,49394.0,49773.0
7942,49520.5,49394.0,49773.0
7943,49520.5,49394.0,49773.0
7944,49520.5,49394.0,49773.0
7945,49520.5,49394.0,49773.0
7946,49520.5,49394.0,49773.0
7947,49520.5,49394.0,49773.0
7948,49520.5,49394.0,49773.0
7949,49520.5,49394.0,49773.0
7950,49520.5,49394.0,49773.0
7951,49520.5,49394.0,49773.0
7952,49520.5,49394.0,49773.0
7953,49520.5,49394.0,49773.0
7954,49520.5,49394.0,49773.0
7955,49520.5,49394.0,49773.0
7956,49520.5,49394.0,49773.0
7957,49520.5,49394.0,49773.0
7958,49520.5,49394.0,49773.0
7959,49520.5,49394.0,49773.0
7960,49520.5,49394.0,49773.0
7961,49520.5,49394.0,49773.0
7962,49520.5,49394.0,49773.0
7963,49520.5,49394.0,49773.0
7964,49520.5,49394.0,49773.0
7965,49520.5,49394.0,49773.0
7966,49520.5,49394.0,49773.0
7967,49520.5,49394.0,49773.0
7968,49520.5,49394.0,49773.0
7969,49520.5,49394.0,49773.0
7970,49520.5,49394.0,49773.0
7971,49520.5,49394.0,49773.0
7972,49520.5,49394.0,49773.0
7973,49520.5,49394.0,49773.0
7974,49520.5,49394.0,49773.0
7975,49520.5,49394.0,49773.0
7976,49520.5,49394.0,49773.0
7977,49520.5,49394.0,49773.0
7978,49520.5,49394.0,49773.0
7979,49520.5,49394.0,49773.0
7980,49520.5,49394.0,49773.0
7981,49520.5,49394.0,49773.0
7982,49520.5,49394.0,49773.0
7983,49520.5,49394.0,49773.0
7984,49520.5,49394.0,49773.0
7985,49520.5,49394.0,49773.0
7986,49520.5,49394.0,49773.0
7987,49520.5,49394.0,49773.0
7988,49520.5,49394.0,49773.0
7989,49520.5,49394.0,49773.0
7990,49520.5,49394.0,49773.0
7991,49520.5,49394.0,49773.0
7992,49520.5,49394.0,49773.0
7993,49520.5,49394.0,49773.0
7994,49520.5,49394.0,49773.0
7995,49520.5,49394.0,49773.0
7996,49520.5,49394.0,49773.0
7997,49520.5,49394.0,49773.0
7998,49520.5,49394.0,49773.0
7999,49520.5,49394.0,49773.0
8000,49520.5,49394.0,49773.0
8001,49520.5,49394.0,49773.0
8002,49520.5,49394.0,49773.0
8003,49520.5,49394.0,49773.0
8004,49520.5,49394.0,49773.0
8005,49520.5,49394.0,49773.0
8006,49520.5,49394.0,49773.0
8007,49520.5,49394.0,49773.0
8008,49520.5,49394.0,49773.0
8009,49520.5,49394.0,49773.0
8010,49520.5,49394.0,49773.0
8011,49520.5,49394.0,49773.0
8012,49520.5,49394.0,49773.0
8013,49520.5,49394.0,49773.0
8014,49520.5,49394.0,49773.0
8015,49520.5,49394.0,49773.0
8016,49520.5,49394.0,49773.0
8017,49520.5,49394.0,49773.0
8018,49520.5,49394.0,49773.0
8019,49520.5,49394.0,49773.0
8020,49520.5,49394.0,49773.0
8021,49520.5,49394.0,49773.0
8022,49520.5,49394.0,49773.0
8023,49520.5,49394.0,49773.0
8024,49520.5,49394.0,49773.0
8025,49520.5,49394.0,49773.0
8026,49520.5,49394.0,49773.0
8027,49520.5,49394.0,49773.0
8028,49520.5,49394.0,49773.0
8029,49520.5,49394.0,49773.0
8030,49520.5,49394.0,49773.0
8031,49520.5,49394.0,49773.0
8032,49520.5,49394.0,49773.0
8033,49520.5,49394.0,49773.0
8034,49520.5,49394.0,49773.0
8035,49520.5,49394.0,49773.0
8036,49522.0,49394.0,49776.0
8037,49522.0,49394.0,49776.0
8038,49522.0,49394.0,49776.0
8039,49522.0,49394.0,49776.0
8040,49522.0,49394.0,49776.0
8041,49522.0,49394.0,49776.0
8042,49522.0,49394.0,49776.0
8043,49522.0,49394.0,49776.0
8044,49522.0,49394.0,49776.0
8045,49522.0,49394.0,49776.0
8046,49522.0,49394.0,49776.0
8047,49522.0,49394.0,49776.0
8048,49522.0,49394.0,49776.0
8049,49522.0,49394.0,49776.0
8050,49522.0,49394.0,49776.0
8051,49527.5,49394.0,49787.0
8052,49527.5,49394.0,49787.0
8053,49527.5,49394.0,49787.0
8054,49527.5,49394.0,49787.0
8055,49527.5,49394.0,49787.0
8056,49527.5,49394.0,49787.0
8057,49527.5,49394.0,49787.0
8058,49527.5,49394.0,49787.0
8059,49527.5,49394.0,49787.0
8060,49527.5,49394.0,49787.0
8061,49527.5,49394.0,49787.0
8062,49527.5,49394.0,49787.0
8063,49527.5,49394.0,49787.0
8064,49527.5,49394.0,49787.0
8065,49527.5,49394.0,49787.0
8066,49527.5,49394.0,49787.0
8067,49527.5,49394.0,49787.0
8068,49527.5,49394.0,49787.0
8069,49527.5,49394.0,49787.0
8070,49527.5,49394.0,49787.0
8071,49527.5,49394.0,49787.0
8072,49527.5,49394.0,49787.0
8073,49527.5,49394.0,49787.0
8074,49527.5,49394.0,49787.0
8075,49527.5,49394.0,49787.0
8076,49527.5,49394.0,49787.0
8077,49527.5,49394.0,49787.0
8078,49527.5,49394.0,49787.0
8079,49527.5,49394.0,49787.0
8080,49527.5,49394.0,49787.0
8081,49527.5,49394.0,49787.0
8082,49527.5,49394.0,49787.0
8083,49527.5,49394.0,49787.0
8084,49527.5,49394.0,49787.0
8085,49527.5,49394.0,49787.0
8086,49527.5,49394.0,49787.0
8087,49527.5,49394.0,49787.0
8088,49527.5,49394.0,49787.0
8089,49527.5,49394.0,49787.0
8090,49527.5,49394.0,49787.0
8091,49527.5,49394.0,49787.0
8092,49527.5,49394.0,49787.0
8093,49527.5,49394.0,49787.0
8094,49527.5,49394.0,49787.0
8095,49527.5,49394.0,49787.0
8096,49527.5,49394.0,49787.0
8097,49527.5,49394.0,49787.0
8098,49527.5,49394.0,49787.0
8099,49527.5,49394.0,49787.0
8100,49527.5,49394.0,49787.0
8101,49527.5,49394.0,49787.0
8102,49527.5,49394.0,49787.0
8103,49527.5,49394.0,49787.0
8104,49527.5,49394.0,49787.0
8105,49527.5,49394.0,49787.0
8106,49527.5,49394.0,49787.0
8107,49527.5,49394.0,49787.0
8108,49527.5,49394.0,49787.0
8109,49527.5,49394.0,49787.0
8110,49527.5,49394.0,49787.0
8111,49527.5,49394.0,49787.0
8112,49527.5,49394.0,49787.0
8113,49527.5,49394.0,49787.0
8114,49527.5,49394.0,49787.0
8115,49527.5,49394.0,49787.0
8116,49527.5,49394.0,49787.0
8117,49527.5,49394.0,49787.0
8118,49527.5,49394.0,49787.0
8119,49527.5,49394.0,49787.0
8120,49527.5,49394.0,49787.0
8121,49527.5,49394.0,49787.0
8122,49527.5,49394.0,49787.0
8123,49527.5,49394.0,49787.0
8124,49527.5,49394.0,49787.0
8125,49527.5,49394.0,49787.0
8126,49527.5,49394.0,49787.0
8127,49527.5,49394.0,49787.0
8128,49527.5,49394.0,49787.0
8129,49527.5,49394.0,49787.0
8130,49527.5,49394.0,49787.0
8131,49527.5,49394.0,49787.0
8132,49527.5,49394.0,49787.0
8133,49527.5,49394.0,49787.0
8134,49527.5,49394.0,49787.0
8135,49527.5,49394.0,49787.0
8136,49527.5,49394.0,49787.0
8137,49527.5,49394.0,49787.0
8138,49527.5,49394.0,49787.0
8139,49527.5,49394.0,49787.0
8140,49527.5,49394.0,49787.0
8141,49527.5,49394.0,49787.0
8142,49527.5,49394.0,49787.0
8143,49527.5,49394.0,49787.0
8144,49527.5,49394.0,49787.0
8145,49527.5,49394.0,49787.0
8146,49527.5,49394.0,49787.0
8147,49527.5,49394.0,49787.0
8148,49527.5,49394.0,49787.0
8149,49527.5,49394.0,49787.0
8150,49527.5,49394.0,49787.0
8151,49527.5,49394.0,49787.0
8152,49527.5,49394.0,49787.0
8153,49527.5,49394.0,49787.0
8154,49527.5,49394.0,49787.0
8155,49527.5,49394.0,49787.0
8156,49527.5,49394.0,49787.0
8157,49527.5,49394.0,49787.0
8158,49527.5,49394.0,49787.0
8159,49527.5,49394.0,49787.0
8160,49527.5,49394.0,49787.0
8161,49527.5,49394.0,49787.0
8162,49527.5,49394.0,49787.0
8163,49527.5,49394.0,49787.0
8164,49527.5,49394.0,49787.0
8165,49527.5,49394.0,49787.0
8166,49527.5,49394.0,49787.0
8167,49527.5,49394.0,49787.0
8168,49527.5,49394.0,49787.0
8169,49527.5,49394.0,49787.0
8170,49527.5,49394.0,49787.0
8171,49527.5,49394.0,49787.0
8172,49527.5,49394.0,49787.0
8173,49527.5,49394.0,49787.0
8174,49527.5,49394.0,49787.0
8175,49527.5,49394.0,49787.0
8176,49527.5,49394.0,49787.0
8177,49527.5,49394.0,49787.0
8178,49527.5,49394.0,49787.0
8179,49527.5,49394.0,49787.0
8180,49527.5,49394.0,49787.0
8181,49527.5,49394.0,49787.0
8182,49527.5,49394.0,49787.0
8183,49527.5,49394.0,49787.0
8184,49527.5,49394.0,49787.0
8185,49527.5,49394.0,49787.0
8186,49527.5,49394.0,49787.0
8187,49527.5,49394.0,49787.0
8188,49527.5,49394.0,49787.0
8189,49527.5,49394.0,49787.0
8190,49527.5,49394.0,49787.0
8191,49527.5,49394.0,49787.0
8192,49527.5,49394.0,49787.0
8193,49527.5,49394.0,49787.0
8194,49527.5,49394.0,49787.0
8195,49527.5,49394.0,49787.0
8196,49527.5,49394.0,49787.0
8197,49527.5,49394.0,49787.0
8198,49527.5,49394.0,49787.0
8199,49527.5,49394.0,49787.0
8200,49527.5,49394.0,49787.0
8201,49527.5,49394.0,49787.0
8202,49527.5,49394.0,49787.0
8203,49527.5,49394.0,49787.0
8204,49527.5,49394.0,49787.0
8205,49527.5,49394.0,49787.0
8206,49527.5,49394.0,49787.0
8207,49527.5,49394.0,49787.0
8208,49535.0,49394.0,49802.0
8209,49535.0,49394.0,49802.0
8210,49535.0,49394.0,49802.0
8211,49535.0,49394.0,49802.0
8212,49535.0,49394.0,49802.0
8213,49535.0,49394.0,49802.0
8214,49535.0,49394.0,49802.0
8215,49535.0,49394.0,49802.0
8216,49535.0,49394.0,49802.0
8217,49535.0,49394.0,49802.0
8218,49535.0,49394.0,49802.0
8219,49535.0,49394.0,49802.0
8220,49535.0,49394.0,49802.0
8221,49535.0,49394.0,49802.0
8222,49535.0,49394.0,49802.0
8223,49535.0,49394.0,49802.0
8224,49535.0,49394.0,49802.0
8225,49535.0,49394.0,49802.0
8226,49535.0,49394.0,49802.0
8227,49535.0,49394.0,49802.0
8228,49535.0,49394.0,49802.0
8229,49535.0,49394.0,49802.0
8230,49535.0,49394.0,49802.0
8231,49535.0,49394.0,49802.0
8232,49535.0,49394.0,49802.0
8233,49535.0,49394.0,49802.0
8234,49535.0,49394.0,49802.0
8235,49535.0,49394.0,49802.0
8236,49535.0,49394.0,49802.0
8237,49535.0,49394.0,49802.0
8238,49535.0,49394.0,49802.0
8239,49535.0,49394.0,49802.0
8240,49535.0,49394.0,49802.0
8241,49535.0,49394.0,49802.0
8242,49535.0,49394.0,49802.0
8243,49535.0,49394.0,49802.0
8244,49535.0,49394.0,49802.0
8245,49535.0,49394.0,49802.0
8246,49535.0,49394.0,49802.0
8247,49535.0,49394.0,49802.0
8248,49535.0,49394.0,49802.0
8249,49535.0,49394.0,49802.0
8250,49535.0,49394.0,49802.0
8251,49535.0,49394.0,49802.0
8252,49535.0,49394.0,49802.0
8253,49535.0,49394.0,49802.0
8254,49535.0,49394.0,49802.0
8255,49535.0,49394.0,49802.0
8256,49535.0,49394.0,49802.0
8257,49535.0,49394.0,49802.0
8258,49535.0,49394.0,49802.0
8259,49535.0,49394.0,49802.0
8260,49535.0,49394.0,49802.0
8261,49535.0,49394.0,49802.0
8262,49535.0,49394.0,49802.0
8263,49535.0,49394.0,49802.0
8264,49535.0,49394.0,49802.0
8265,49535.0,49394.0,49802.0
8266,49535.0,49394.0,49802.0
8267,49535.0,49394.0,49802.0
8268,49535.0,49394.0,49802.0
8269,49535.0,49394.0,49802.0
8270,49535.0,49394.0,49802.0
8271,49535.0,49394.0,49802.0
8272,49535.0,49394.0,49802.0
8273,49535.0,49394.0,49802.0
8274,49535.0,49394.0,49802.0
8275,49535.0,49394.0,49802.0
8276,49535.0,49394.0,49802.0
8277,49535.0,49394.0,49802.0
8278,49535.0,49394.0,49802.0
8279,49535.0,49394.0,49802.0
8280,49535.0,49394.0,49802.0
8281,49535.0,49394.0,49802.0
8282,49535.0,49394.0,49802.0
8283,49535.0,49394.0,49802.0
8284,49535.0,49394.0,49802.0
8285,49535.0,49394.0,49802.0
8286,49535.0,49394.0,49802.0
8287,49535.0,49394.0,49802.0
8288,49535.0,49394.0,49802.0
8289,49535.0,49394.0,49802.0
8290,49535.0,49394.0,49802.0
8291,49535.0,49394.0,49802.0
8292,49535.0,49394.0,49802.0
8293,49535.0,49394.0,49802.0
8294,49535.0,49394.0,49802.0
8295,49535.0,49394.0,49802.0
8296,49535.0,49394.0,49802.0
8297,49535.0,49394.0,49802.0
8298,49535.0,49394.0,49802.0
8299,49535.0,49394.0,49802.0
8300,49535.0,49394.0,49802.0
8301,49535.0,49394.0,49802.0
8302,49535.0,49394.0,49802.0
8303,49535.0,49394.0,49802.0
8304,49535.0,49394.0,49802.0
8305,49535.0,49394.0,49802.0
8306,49535.0,49394.0,49802.0
8307,49535.0,49394.0,49802.0
8308,49535.0,49394.0,49802.0
8309,49535.0,49394.0,49802.0
8310,49535.0,49394.0,49802.0
8311,49535.0,49394.0,49802.0
8312,49535.0,49394.0,49802.0
8313,49535.0,49394.0,49802.0
8314,49535.0,49394.0,49802.0
8315,49535.0,49394.0,49802.0
8316,49535.0,49394.0,49802.0
8317,49535.0,49394.0,49802.0
8318,49535.0,49394.0,49802.0
8319,49535.0,49394.0,49802.0
8320,49535.0,49394.0,49802.0
8321,49535.0,49394.0,49802.0
8322,49535.0,49394.0,49802.0
8323,49535.0,49394.0,49802.0
8324,49535.0,49394.0,49802.0
8325,49535.0,49394.0,49802.0
8326,49535.0,49394.0,49802.0
8327,49535.0,49394.0,49802.0
8328,49535.0,49394.0,49802.0
8329,49535.0,49394.0,49802.0
8330,49535.0,49394.0,49802.0
8331,49535.0,49394.0,49802.0
8332,49535.0,49394.0,49802.0
8333,49535.0,49394.0,49802.0
8334,49535.0,49394.0,49802.0
8335,49535.0,49394.0,49802.0
8336,49535.0,49394.0,49802.0
8337,49535.0,49394.0,49802.0
8338,49535.0,49394.0,49802.0
8339,49535.0,49394.0,49802.0
8340,49535.0,49394.0,49802.0
8341,49535.0,49394.0,49802.0
8342,49535.0,49394.0,49802.0
8343,49535.0,49394.0,49802.0
8344,49535.0,49394.0,49802.0
8345,49535.0,49394.0,49802.0
8346,49535.0,49394.0,49802.0
8347,49535.0,49394.0,49802.0
8348,49535.0,49394.0,49802.0
8349,49535.0,49394.0,49802.0
8350,49535.0,49394.0,49802.0
8351,49535.0,49394.0,49802.0
8352,49535.0,49394.0,49802.0
8353,49535.0,49394.0,49802.0
8354,49535.0,49394.0,49802.0
8355,49535.0,49394.0,49802.0
8356,49535.0,49394.0,49802.0
8357,49535.0,49394.0,49802.0
8358,49535.0,49394.0,49802.0
8359,49535.0,49394.0,49802.0
8360,49535.0,49394.0,49802.0
8361,49535.0,49394.0,49802.0
8362,49535.0,49394.0,49802.0
8363,49535.0,49394.0,49802.0
8364,49535.0,49394.0,49802.0
8365,49535.0,49394.0,49802.0
8366,49535.0,49394.0,49802.0
8367,49535.0,49394.0,49802.0
8368,49535.0,49394.0,49802.0
8369,49535.0,49394.0,49802.0
8370,49535.0,49394.0,49802.0
8371,49535.0,49394.0,49802.0
8372,49535.0,49394.0,49802.0
8373,49535.0,49394.0,49802.0
8374,49535.0,49394.0,49802.0
8375,49535.0,49394.0,49802.0
8376,49535.0,49394.0,49802.0
8377,49535.0,49394.0,49802.0
8378,49535.0,49394.0,49802.0
8379,49535.0,49394.0,49802.0
8380,49535.0,49394.0,49802.0
8381,49535.0,49394.0,49802.0
8382,49535.0,49394.0,49802.0
8383,49535.0,49394.0,49802.0
8384,49535.0,49394.0,49802.0
8385,49535.0,49394.0,49802.0
8386,49535.0,49394.0,49802.0
8387,49535.0,49394.0,49802.0
8388,49535.0,49394.0,49802.0
8389,49535.0,49394.0,49802.0
8390,49535.0,49394.0,49802.0
8391,49535.0,49394.0,49802.0
8392,49535.0,49394.0,49802.0
8393,49535.0,49394.0,49802.0
8394,49535.0,49394.0,49802.0
8395,49535.0,49394.0,49802.0
8396,49535.0,49394.0,49802.0
8397,49535.0,49394.0,49802.0
8398,49535.0,49394.0,49802.0
8399,49535.0,49394.0,49802.0
8400,49535.0,49394.0,49802.0
8401,49535.0,49394.0,49802.0
8402,49535.0,49394.0,49802.0
8403,49535.0,49394.0,49802.0
8404,49535.0,49394.0,49802.0
8405,49535.0,49394.0,49802.0
8406,49535.0,49394.0,49802.0
8407,49535.0,49394.0,49802.0
8408,49535.0,49394.0,49802.0
8409,49535.0,49394.0,49802.0
8410,49535.0,49394.0,49802.0
8411,49535.0,49394.0,49802.0
8412,49535.0,49394.0,49802.0
8413,49535.0,49394.0,49802.0
8414,49535.0,49394.0,49802.0
8415,49535.0,49394.0,49802.0
8416,49535.0,49394.0,49802.0
8417,49535.0,49394.0,49802.0
8418,49535.0,49394.0,49802.0
8419,49535.0,49394.0,49802.0
8420,49535.0,49394.0,49802.0
8421,49535.0,49394.0,49802.0
8422,49535.0,49394.0,49802.0
8423,49535.0,49394.0,49802.0
8424,49535.0,49394.0,49802.0
8425,49535.0,49394.0,49802.0
8426,49535.0,49394.0,49802.0
8427,49535.0,49394.0,49802.0
8428,49535.0,49394.0,49802.0
8429,49535.0,49394.0,49802.0
8430,49535.0,49394.0,49802.0
8431,49535.0,49394.0,49802.0
8432,49535.0,49394.0,49802.0
8433,49535.0,49394.0,49802.0
8434,49535.0,49394.0,49802.0
8435,49535.0,49394.0,49802.0
8436,49535.0,49394.0,49802.0
8437,49535.0,49394.0,49802.0
8438,49535.0,49394.0,49802.0
8439,49535.0,49394.0,49802.0
8440,49535.0,49394.0,49802.0
8441,49535.0,49394.0,49802.0
8442,49535.0,49394.0,49802.0
8443,49535.0,49394.0,49802.0
8444,49535.0,49394.0,49802.0
8445,49535.0,49394.0,49802.0
8446,49535.0,49394.0,49802.0
8447,49535.0,49394.0,49802.0
8448,49535.0,49394.0,49802.0
8449,49535.0,49394.0,49802.0
8450,49535.0,49394.0,49802.0
8451,49535.0,49394.0,49802.0
8452,49535.0,49394.0,49802.0
8453,49535.0,49394.0,49802.0
8454,49535.0,49394.0,49802.0
8455,49535.0,49394.0,49802.0
8456,49535.0,49394.0,49802.0
8457,49535.0,49394.0,49802.0
8458,49535.0,49394.0,49802.0
8459,49535.0,49394.0,49802.0
8460,49535.0,49394.0,49802.0
8461,49535.0,49394.0,49802.0
8462,49535.0,49394.0,49802.0
8463,49535.0,49394.0,49802.0
8464,49535.0,49394.0,49802.0
8465,49535.0,49394.0,49802.0
8466,49535.0,49394.0,49802.0
8467,49535.0,49394.0,49802.0
8468,49535.0,49394.0,49802.0
8469,49535.0,49394.0,49802.0
8470,49535.0,49394.0,49802.0
8471,49535.0,49394.0,49802.0
8472,49535.0,49394.0,49802.0
8473,49535.0,49394.0,49802.0
8474,49535.0,49394.0,49802.0
8475,49535.0,49394.0,49802.0
8476,49535.0,49394.0,49802.0
8477,49535.0,49394.0,49802.0
8478,49535.0,49394.0,49802.0
8479,49535.0,49394.0,49802.0
8480,49535.0,49394.0,49802.0
8481,49535.0,49394.0,49802.0
8482,49535.0,49394.0,49802.0
8483,49535.0,49394.0,49802.0
8484,49535.0,49394.0,49802.0
8485,49535.0,49394.0,49802.0
8486,49535.0,49394.0,49802.0
8487,49535.0,49394.0,49802.0
8488,49535.0,49394.0,49802.0
8489,49535.0,49394.0,49802.0
8490,49535.0,49394.0,49802.0
8491,49535.0,49394.0,49802.0
8492,49535.0,49394.0,49802.0
8493,49535.0,49394.0,49802.0
8494,49535.0,49394.0,49802.0
8495,49535.0,49394.0,49802.0
8496,49535.0,49394.0,49802.0
8497,49535.0,49394.0,49802.0
8498,49535.0,49394.0,49802.0
8499,49535.0,49394.0,49802.0
8500,49535.0,49394.0,49802.0
8501,49535.0,49394.0,49802.0
8502,49535.0,49394.0,49802.0
8503,49535.0,49394.0,49802.0
8504,49535.0,49394.0,49802.0
8505,49535.0,49394.0,49802.0
8506,49535.0,49394.0,49802.0
8507,49535.0,49394.0,49802.0
8508,49535.0,49394.0,49802.0
8509,49535.0,49394.0,49802.0
8510,49535.0,49394.0,49802.0
8511,49535.0,49394.0,49802.0
8512,49535.0,49394.0,49802.0
8513,49535.0,49394.0,49802.0
8514,49535.0,49394.0,49802.0
8515,49535.0,49394.0,49802.0
8516,49535.0,49394.0,49802.0
8517,49535.0,49394.0,49802.0
8518,49535.0,49394.0,49802.0
8519,49535.0,49394.0,49802.0
8520,49535.0,49394.0,49802.0
8521,49535.0,49394.0,49802.0
8522,49535.0,49394.0,49802.0
8523,49535.0,49394.0,49802.0
8524,49535.0,49394.0,49802.0
8525,49535.0,49394.0,49802.0
8526,49535.0,49394.0,49802.0
8527,49535.0,49394.0,49802.0
8528,49535.0,49394.0,49802.0
8529,49535.0,49394.0,49802.0
8530,49535.0,49394.0,49802.0
8531,49535.0,49394.0,49802.0
8532,49535.0,49394.0,49802.0
8533,49535.0,49394.0,49802.0
8534,49535.0,49394.0,49802.0
8535,49535.0,49394.0,49802.0
8536,49535.0,49394.0,49802.0
8537,49535.0,49394.0,49802.0
8538,49535.0,49394.0,49802.0
8539,49535.0,49394.0,49802.0
8540,49535.0,49394.0,49802.0
8541,49535.0,49394.0,49802.0
8542,49535.0,49394.0,49802.0
8543,49535.0,49394.0,49802.0
8544,49535.0,49394.0,49802.0
8545,49535.0,49394.0,49802.0
8546,49535.0,49394.0,49802.0
8547,49535.0,49394.0,49802.0
8548,49535.0,49394.0,49802.0
8549,49535.0,49394.0,49802.0
8550,49535.0,49394.0,49802.0
8551,49535.0,49394.0,49802.0
8552,49535.0,49394.0,49802.0
8553,49535.0,49394.0,49802.0
8554,49535.0,49394.0,49802.0
8555,49535.0,49394.0,49802.0
8556,49535.0,49394.0,49802.0
8557,49535.0,49394.0,49802.0
8558,49535.0,49394.0,49802.0
8559,49535.0,49394.0,49802.0
8560,49535.0,49394.0,49802.0
8561,49535.0,49394.0,49802.0
8562,49535.0,49394.0,49802.0
8563,49535.0,49394.0,49802.0
8564,49535.0,49394.0,49802.0
8565,49535.0,49394.0,49802.0
8566,49535.0,49394.0,49802.0
8567,49535.0,49394.0,49802.0
8568,49535.0,49394.0,49802.0
8569,49535.0,49394.0,49802.0
8570,49535.0,49394.0,49802.0
8571,49535.0,49394.0,49802.0
8572,49535.0,49394.0,49802.0
8573,49535.0,49394.0,49802.0
8574,49535.0,49394.0,49802.0
8575,49535.0,49394.0,49802.0
8576,49535.0,49394.0,49802.0
8577,49535.0,49394.0,49802.0
8578,49535.0,49394.0,49802.0
8579,49535.0,49394.0,49802.0
8580,49535.0,49394.0,49802.0
8581,49535.0,49394.0,49802.0
8582,49535.0,49394.0,49802.0
8583,49535.0,49394.0,49802.0
8584,49535.0,49394.0,49802.0
8585,49535.0,49394.0,49802.0
8586,49535.0,49394.0,49802.0
8587,49535.0,49394.0,49802.0
8588,49535.0,49394.0,49802.0
8589,49535.0,49394.0,49802.0
8590,49535.0,49394.0,49802.0
8591,49535.0,49394.0,49802.0
8592,49535.0,49394.0,49802.0
8593,49535.0,49394.0,49802.0
8594,49535.0,49394.0,49802.0
8595,49535.0,49394.0,49802.0
8596,49535.0,49394.0,49802.0
8597,49535.0,49394.0,49802.0
8598,49535.0,49394.0,49802.0
8599,49535.0,49394.0,49802.0
8600,49535.0,49394.0,49802.0
8601,49535.0,49394.0,49802.0
8602,49535.0,49394.0,49802.0
8603,49535.0,49394.0,49802.0
8604,49535.0,49394.0,49802.0
8605,49535.0,49394.0,49802.0
8606,49535.0,49394.0,49802.0
8607,49535.0,49394.0,49802.0
8608,49535.0,49394.0,49802.0
8609,49535.0,49394.0,49802.0
8610,49535.0,49394.0,49802.0
8611,49535.0,49394.0,49802.0
8612,49535.0,49394.0,49802.0
8613,49535.0,49394.0,49802.0
8614,49535.0,49394.0,49802.0
8615,49535.0,49394.0,49802.0
8616,49535.0,49394.0,49802.0
8617,49535.0,49394.0,49802.0
8618,49535.0,49394.0,49802.0
8619,49535.0,49394.0,49802.0
8620,49535.0,49394.0,49802.0
8621,49535.0,49394.0,49802.0
8622,49535.0,49394.0,49802.0
8623,49535.0,49394.0,49802.0
8624,49535.0,49394.0,49802.0
8625,49535.0,49394.0,49802.0
8626,49535.0,49394.0,49802.0
8627,49535.0,49394.0,49802.0
8628,49535.0,49394.0,49802.0
8629,49535.0,49394.0,49802.0
8630,49535.0,49394.0,49802.0
8631,49535.0,49394.0,49802.0
8632,49535.0,49394.0,49802.0
8633,49535.0,49394.0,49802.0
8634,49535.0,49394.0,49802.0
8635,49535.0,49394.0,49802.0
8636,49535.0,49394.0,49802.0
8637,49535.0,49394.0,49802.0
8638,49535.0,49394.0,49802.0
8639,49535.0,49394.0,49802.0
8640,49535.0,49394.0,49802.0
8641,49535.0,49394.0,49802.0
8642,49535.0,49394.0,49802.0
8643,49535.0,49394.0,49802.0
8644,49535.0,49394.0,49802.0
8645,49541.0,49394.0,49814.0
8646,49541.0,49394.0,49814.0
8647,49541.0,49394.0,49814.0
8648,49541.0,49394.0,49814.0
8649,49541.0,49394.0,49814.0
8650,49541.0,49394.0,49814.0
8651,49541.0,49394.0,49814.0
8652,49541.0,49394.0,49814.0
8653,49541.0,49394.0,49814.0
8654,49541.0,49394.0,49814.0
8655,49541.0,49394.0,49814.0
8656,49541.0,49394.0,49814.0
8657,49541.0,49394.0,49814.0
8658,49541.0,49394.0,49814.0
8659,49541.0,49394.0,49814.0
8660,49541.0,49394.0,49814.0
8661,49541.0,49394.0,49814.0
8662,49541.0,49394.0,49814.0
8663,49541.0,49394.0,49814.0
8664,49541.0,49394.0,49814.0
8665,49541.0,49394.0,49814.0
8666,49541.0,49394.0,49814.0
8667,49541.0,49394.0,49814.0
8668,49541.0,49394.0,49814.0
8669,49541.0,49394.0,49814.0
8670,49541.0,49394.0,49814.0
8671,49541.0,49394.0,49814.0
8672,49541.0,49394.0,49814.0
8673,49541.0,49394.0,49814.0
8674,49541.0,49394.0,49814.0
8675,49541.0,49394.0,49814.0
8676,49541.0,49394.0,49814.0
8677,49541.0,49394.0,49814.0
8678,49541.0,49394.0,49814.0
8679,49541.0,49394.0,49814.0
8680,49541.0,49394.0,49814.0
8681,49541.0,49394.0,49814.0
8682,49541.0,49394.0,49814.0
8683,49541.0,49394.0,49814.0
8684,49541.0,49394.0,49814.0
8685,49541.0,49394.0,49814.0
8686,49541.0,49394.0,49814.0
8687,49541.0,49394.0,49814.0
8688,49541.0,49394.0,49814.0
8689,49541.0,49394.0,49814.0
8690,49541.0,49394.0,49814.0
8691,49541.0,49394.0,49814.0
8692,49541.0,49394.0,49814.0
8693,49541.0,49394.0,49814.0
8694,49541.0,49394.0,49814.0
8695,49541.0,49394.0,49814.0
8696,49541.0,49394.0,49814.0
8697,49541.0,49394.0,49814.0
8698,49541.0,49394.0,49814.0
8699,49541.0,49394.0,49814.0
8700,49541.0,49394.0,49814.0
8701,49541.0,49394.0,49814.0
8702,49541.0,49394.0,49814.0
8703,49541.0,49394.0,49814.0
8704,49541.0,49394.0,49814.0
8705,49541.0,49394.0,49814.0
8706,49541.0,49394.0,49814.0
8707,49541.0,49394.0,49814.0
8708,49541.0,49394.0,49814.0
8709,49541.0,49394.0,49814.0
8710,49541.0,49394.0,49814.0
8711,49541.0,49394.0,49814.0
8712,49541.0,49394.0,49814.0
8713,49541.0,49394.0,49814.0
8714,49541.0,49394.0,49814.0
8715,49541.0,49394.0,49814.0
8716,49541.0,49394.0,49814.0
8717,49541.0,49394.0,49814.0
8718,49541.0,49394.0,49814.0
8719,49541.0,49394.0,49814.0
8720,49541.0,49394.0,49814.0
8721,49541.0,49394.0,49814.0
8722,49541.0,49394.0,49814.0
8723,49541.0,49394.0,49814.0
8724,49541.0,49394.0,49814.0
8725,49541.0,49394.0,49814.0
8726,49541.0,49394.0,49814.0
8727,49541.0,49394.0,49814.0
8728,49541.0,49394.0,49814.0
8729,49541.0,49394.0,49814.0
8730,49541.0,49394.0,49814.0
8731,49541.0,49394.0,49814.0
8732,49541.0,49394.0,49814.0
8733,49541.0,49394.0,49814.0
8734,49541.5,49394.0,49815.0
8735,49541.5,49394.0,49815.0
8736,49546.5,49394.0,49825.0
8737,49546.5,49394.0,49825.0
8738,49546.5,49394.0,49825.0
8739,49546.5,49394.0,49825.0
8740,49546.5,49394.0,49825.0
8741,49546.5,49394.0,49825.0
8742,49546.5,49394.0,49825.0
8743,49546.5,49394.0,49825.0
8744,49546.5,49394.0,49825.0
8745,49546.5,49394.0,49825.0
8746,49546.5,49394.0,49825.0
8747,49546.5,49394.0,49825.0
8748,49546.5,49394.0,49825.0
8749,49546.5,49394.0,49825.0
8750,49546.5,49394.0,49825.0
8751,49546.5,49394.0,49825.0
8752,49546.5,49394.0,49825.0
8753,49546.5,49394.0,49825.0
8754,49546.5,49394.0,49825.0
8755,49546.5,49394.0,49825.0
8756,49546.5,49394.0,49825.0
8757,49546.5,49394.0,49825.0
8758,49546.5,49394.0,49825.0
8759,49546.5,49394.0,49825.0
8760,49546.5,49394.0,49825.0
8761,49546.5,49394.0,49825.0
8762,49546.5,49394.0,49825.0
8763,49546.5,49394.0,49825.0
8764,49546.5,49394.0,49825.0
8765,49546.5,49394.0,49825.0
8766,49546.5,49394.0,49825.0
8767,49546.5,49394.0,49825.0
8768,49546.5,49394.0,49825.0
8769,49546.5,49394.0,49825.0
8770,49546.5,49394.0,49825.0
8771,49546.5,49394.0,49825.0
8772,49546.5,49394.0,49825.0
8773,49546.5,49394.0,49825.0
8774,49546.5,49394.0,49825.0
8775,49546.5,49394.0,49825.0
8776,49546.5,49394.0,49825.0
8777,49546.5,49394.0,49825.0
8778,49546.5,49394.0,49825.0
8779,49546.5,49394.0,49825.0
8780,49546.5,49394.0,49825.0
8781,49546.5,49394.0,49825.0
8782,49546.5,49394.0,49825.0
8783,49546.5,49394.0,49825.0
8784,49546.5,49394.0,49825.0
8785,49546.5,49394.0,49825.0
8786,49546.5,49394.0,49825.0
8787,49546.5,49394.0,49825.0
8788,49546.5,49394.0,49825.0
8789,49546.5,49394.0,49825.0
8790,49546.5,49394.0,49825.0
8791,49546.5,49394.0,49825.0
8792,49546.5,49394.0,49825.0
8793,49546.5,49394.0,49825.0
8794,49546.5,49394.0,49825.0
8795,49546.5,49394.0,49825.0
8796,49546.5,49394.0,49825.0
8797,49546.5,49394.0,49825.0
8798,49546.5,49394.0,49825.0
8799,49546.5,49394.0,49825.0
8800,49546.5,49394.0,49825.0
8801,49546.5,49394.0,49825.0
8802,49546.5,49394.0,49825.0
8803,49546.5,49394.0,49825.0
8804,49546.5,49394.0,49825.0
8805,49546.5,49394.0,49825.0
8806,49546.5,49394.0,49825.0
8807,49546.5,49394.0,49825.0
8808,49546.5,49394.0,49825.0
8809,49546.5,49394.0,49825.0
8810,49546.5,49394.0,49825.0
8811,49546.5,49394.0,49825.0
8812,49546.5,49394.0,49825.0
8813,49546.5,49394.0,49825.0
8814,49546.5,49394.0,49825.0
8815,49546.5,49394.0,49825.0
8816,49546.5,49394.0,49825.0
8817,49546.5,49394.0,49825.0
8818,49546.5,49394.0,49825.0
8819,49546.5,49394.0,49825.0
8820,49546.5,49394.0,49825.0
8821,49546.5,49394.0,49825.0
8822,49546.5,49394.0,49825.0
8823,49546.5,49394.0,49825.0
8824,49546.5,49394.0,49825.0
8825,49546.5,49394.0,49825.0
8826,49546.5,49394.0,49825.0
8827,49546.5,49394.0,49825.0
8828,49546.5,49394.0,49825.0
8829,49546.5,49394.0,49825.0
8830,49546.5,49394.0,49825.0
8831,49546.5,49394.0,49825.0
8832,49546.5,49394.0,49825.0
8833,49546.5,49394.0,49825.0
8834,49546.5,49394.0,49825.0
8835,49546.5,49394.0,49825.0
8836,49546.5,49394.0,49825.0
8837,49546.5,49394.0,49825.0
8838,49546.5,49394.0,49825.0
8839,49546.5,49394.0,49825.0
8840,49546.5,49394.0,49825.0
8841,49546.5,49394.0,49825.0
8842,49546.5,49394.0,49825.0
8843,49546.5,49394.0,49825.0
8844,49546.5,49394.0,49825.0
8845,49546.5,49394.0,49825.0
8846,49546.5,49394.0,49825.0
8847,49546.5,49394.0,49825.0
8848,49546.5,49394.0,49825.0
8849,49546.5,49394.0,49825.0
8850,49546.5,49394.0,49825.0
8851,49546.5,49394.0,49825.0
8852,49546.5,49394.0,49825.0
8853,49546.5,49394.0,49825.0
8854,49546.5,49394.0,49825.0
8855,49546.5,49394.0,49825.0
8856,49546.5,49394.0,49825.0
8857,49546.5,49394.0,49825.0
8858,49546.5,49394.0,49825.0
8859,49546.5,49394.0,49825.0
8860,49546.5,49394.0,49825.0
8861,49546.5,49394.0,49825.0
8862,49546.5,49394.0,49825.0
8863,49546.5,49394.0,49825.0
8864,49546.5,49394.0,49825.0
8865,49546.5,49394.0,49825.0
8866,49546.5,49394.0,49825.0
8867,49546.5,49394.0,49825.0
8868,49546.5,49394.0,49825.0
8869,49546.5,49394.0,49825.0
8870,49546.5,49394.0,49825.0
8871,49546.5,49394.0,49825.0
8872,49546.5,49394.0,49825.0
8873,49546.5,49394.0,49825.0
8874,49546.5,49394.0,49825.0
8875,49546.5,49394.0,49825.0
8876,49546.5,49394.0,49825.0
8877,49546.5,49394.0,49825.0
8878,49546.5,49394.0,49825.0
8879,49546.5,49394.0,49825.0
8880,49546.5,49394.0,49825.0
8881,49546.5,49394.0,49825.0
8882,49546.5,49394.0,49825.0
8883,49546.5,49394.0,49825.0
8884,49546.5,49394.0,49825.0
8885,49546.5,49394.0,49825.0
8886,49546.5,49394.0,49825.0
8887,49546.5,49394.0,49825.0
8888,49546.5,49394.0,49825.0
8889,49546.5,49394.0,49825.0
8890,49546.5,49394.0,49825.0
8891,49546.5,49394.0,49825.0
8892,49546.5,49394.0,49825.0
8893,49546.5,49394.0,49825.0
8894,49546.5,49394.0,49825.0
8895,49546.5,49394.0,49825.0
8896,49546.5,49394.0,49825.0
8897,49546.5,49394.0,49825.0
8898,49546.5,49394.0,49825.0
8899,49546.5,49394.0,49825.0
8900,49546.5,49394.0,49825.0
8901,49546.5,49394.0,49825.0
8902,49546.5,49394.0,49825.0
8903,49546.5,49394.0,49825.0
8904,49546.5,49394.0,49825.0
8905,49546.5,49394.0,49825.0
8906,49546.5,49394.0,49825.0
8907,49546.5,49394.0,49825.0
8908,49546.5,49394.0,49825.0
8909,49546.5,49394.0,49825.0
8910,49546.5,49394.0,49825.0
8911,49546.5,49394.0,49825.0
8912,49546.5,49394.0,49825.0
8913,49546.5,49394.0,49825.0
8914,49546.5,49394.0,49825.0
8915,49546.5,49394.0,49825.0
8916,49546.5,49394.0,49825.0
8917,49546.5,49394.0,49825.0
8918,49546.5,49394.0,49825.0
8919,49546.5,49394.0,49825.0
8920,49546.5,49394.0,49825.0
8921,49546.5,49394.0,49825.0
8922,49546.5,49394.0,49825.0
8923,49546.5,49394.0,49825.0
8924,49546.5,49394.0,49825.0
8925,49546.5,49394.0,49825.0
8926,49546.5,49394.0,49825.0
8927,49546.5,49394.0,49825.0
8928,49546.5,49394.0,49825.0
8929,49546.5,49394.0,49825.0
8930,49546.5,49394.0,49825.0
8931,49546.5,49394.0,49825.0
8932,49546.5,49394.0,49825.0
8933,49546.5,49394.0,49825.0
8934,49546.5,49394.0,49825.0
8935,49546.5,49394.0,49825.0
8936,49546.5,49394.0,49825.0
8937,49546.5,49394.0,49825.0
8938,49546.5,49394.0,49825.0
8939,49546.5,49394.0,49825.0
8940,49546.5,49394.0,49825.0
8941,49546.5,49394.0,49825.0
8942,49546.5,49394.0,49825.0
8943,49546.5,49394.0,49825.0
8944,49546.5,49394.0,49825.0
8945,49546.5,49394.0,49825.0
8946,49546.5,49394.0,49825.0
8947,49546.5,49394.0,49825.0
8948,49546.5,49394.0,49825.0
8949,49546.5,49394.0,49825.0
8950,49546.5,49394.0,49825.0
8951,49546.5,49394.0,49825.0
8952,49546.5,49394.0,49825.0
8953,49546.5,49394.0,49825.0
8954,49546.5,49394.0,49825.0
8955,49546.5,49394.0,49825.0
8956,49546.5,49394.0,49825.0
8957,49546.5,49394.0,49825.0
8958,49546.5,49394.0,49825.0
8959,49546.5,49394.0,49825.0
8960,49546.5,49394.0,49825.0
8961,49546.5,49394.0,49825.0
8962,49546.5,49394.0,49825.0
8963,49546.5,49394.0,49825.0
8964,49546.5,49394.0,49825.0
8965,49546.5,49394.0,49825.0
8966,49546.5,49394.0,49825.0
8967,49546.5,49394.0,49825.0
8968,49546.5,49394.0,49825.0
8969,49546.5,49394.0,49825.0
8970,49546.5,49394.0,49825.0
8971,49546.5,49394.0,49825.0
8972,49546.5,49394.0,49825.0
8973,49546.5,49394.0,49825.0
8974,49546.5,49394.0,49825.0
8975,49546.5,49394.0,49825.0
8976,49546.5,49394.0,49825.0
8977,49546.5,49394.0,49825.0
8978,49546.5,49394.0,49825.0
8979,49546.5,49394.0,49825.0
8980,49546.5,49394.0,49825.0
8981,49546.5,49394.0,49825.0
8982,49546.5,49394.0,49825.0
8983,49546.5,49394.0,49825.0
8984,49546.5,49394.0,49825.0
8985,49546.5,49394.0,49825.0
8986,49546.5,49394.0,49825.0
8987,49546.5,49394.0,49825.0
8988,49546.5,49394.0,49825.0
8989,49546.5,49394.0,49825.0
8990,49546.5,49394.0,49825.0
8991,49546.5,49394.0,49825.0
8992,49546.5,49394.0,49825.0
8993,49546.5,49394.0,49825.0
8994,49546.5,49394.0,49825.0
8995,49546.5,49394.0,49825.0
8996,49546.5,49394.0,49825.0
8997,49546.5,49394.0,49825.0
8998,49546.5,49394.0,49825.0
8999,49546.5,49394.0,49825.0
9000,49546.5,49394.0,49825.0
9001,49546.5,49394.0,49825.0
9002,49546.5,49394.0,49825.0
9003,49546.5,49394.0,49825.0
9004,49546.5,49394.0,49825.0
9005,49546.5,49394.0,49825.0
9006,49546.5,49394.0,49825.0
9007,49546.5,49394.0,49825.0
9008,49546.5,49394.0,49825.0
9009,49546.5,49394.0,49825.0
9010,49546.5,49394.0,49825.0
9011,49546.5,49394.0,49825.0
9012,49546.5,49394.0,49825.0
9013,49546.5,49394.0,49825.0
9014,49546.5,49394.0,49825.0
9015,49546.5,49394.0,49825.0
9016,49546.5,49394.0,49825.0
9017,49546.5,49394.0,49825.0
9018,49546.5,49394.0,49825.0
9019,49546.5,49394.0,49825.0
9020,49546.5,49394.0,49825.0
9021,49546.5,49394.0,49825.0
9022,49546.5,49394.0,49825.0
9023,49546.5,49394.0,49825.0
9024,49546.5,49394.0,49825.0
9025,49546.5,49394.0,49825.0
9026,49546.5,49394.0,49825.0
9027,49546.5,49394.0,49825.0
9028,49546.5,49394.0,49825.0
9029,49546.5,49394.0,49825.0
9030,49546.5,49394.0,49825.0
9031,49546.5,49394.0,49825.0
9032,49546.5,49394.0,49825.0
9033,49546.5,49394.0,49825.0
9034,49546.5,49394.0,49825.0
9035,49546.5,49394.0,49825.0
9036,49546.5,49394.0,49825.0
9037,49546.5,49394.0,49825.0
9038,49546.5,49394.0,49825.0
9039,49546.5,49394.0,49825.0
9040,49546.5,49394.0,49825.0
9041,49546.5,49394.0,49825.0
9042,49546.5,49394.0,49825.0
9043,49546.5,49394.0,49825.0
9044,49546.5,49394.0,49825.0
9045,49546.5,49394.0,49825.0
9046,49546.5,49394.0,49825.0
9047,49546.5,49394.0,49825.0
9048,49546.5,49394.0,49825.0
9049,49546.5,49394.0,49825.0
9050,49546.5,49394.0,49825.0
9051,49546.5,49394.0,49825.0
9052,49546.5,49394.0,49825.0
9053,49546.5,49394.0,49825.0
9054,49546.5,49394.0,49825.0
9055,49546.5,49394.0,49825.0
9056,49546.5,49394.0,49825.0
9057,49546.5,49394.0,49825.0
9058,49546.5,49394.0,49825.0
9059,49546.5,49394.0,49825.0
9060,49546.5,49394.0,49825.0
9061,49546.5,49394.0,49825.0
9062,49546.5,49394.0,49825.0
9063,49546.5,49394.0,49825.0
9064,49546.5,49394.0,49825.0
9065,49546.5,49394.0,49825.0
9066,49546.5,49394.0,49825.0
9067,49546.5,49394.0,49825.0
9068,49546.5,49394.0,49825.0
9069,49546.5,49394.0,49825.0
9070,49546.5,49394.0,49825.0
9071,49546.5,49394.0,49825.0
9072,49546.5,49394.0,49825.0
9073,49546.5,49394.0,49825.0
9074,49546.5,49394.0,49825.0
9075,49546.5,49394.0,49825.0
9076,49546.5,49394.0,49825.0
9077,49546.5,49394.0,49825.0
9078,49546.5,49394.0,49825.0
9079,49546.5,49394.0,49825.0
9080,49546.5,49394.0,49825.0
9081,49546.5,49394.0,49825.0
9082,49546.5,49394.0,49825.0
9083,49546.5,49394.0,49825.0
9084,49546.5,49394.0,49825.0
9085,49546.5,49394.0,49825.0
9086,49546.5,49394.0,49825.0
9087,49546.5,49394.0,49825.0
9088,49546.5,49394.0,49825.0
9089,49546.5,49394.0,49825.0
9090,49546.5,49394.0,49825.0
9091,49546.5,49394.0,49825.0
9092,49546.5,49394.0,49825.0
9093,49546.5,49394.0,49825.0
9094,49546.5,49394.0,49825.0
9095,49546.5,49394.0,49825.0
9096,49546.5,49394.0,49825.0
9097,49546.5,49394.0,49825.0
9098,49546.5,49394.0,49825.0
9099,49546.5,49394.0,49825.0
9100,49546.5,49394.0,49825.0
9101,49546.5,49394.0,49825.0
9102,49546.5,49394.0,49825.0
9103,49546.5,49394.0,49825.0
9104,49546.5,49394.0,49825.0
9105,49546.5,49394.0,49825.0
9106,49546.5,49394.0,49825.0
9107,49546.5,49394.0,49825.0
9108,49546.5,49394.0,49825.0
9109,49546.5,49394.0,49825.0
9110,49546.5,49394.0,49825.0
9111,49546.5,49394.0,49825.0
9112,49546.5,49394.0,49825.0
9113,49546.5,49394.0,49825.0
9114,49546.5,49394.0,49825.0
9115,49546.5,49394.0,49825.0
9116,49546.5,49394.0,49825.0
9117,49546.5,49394.0,49825.0
9118,49546.5,49394.0,49825.0
9119,49546.5,49394.0,49825.0
9120,49546.5,49394.0,49825.0
9121,49546.5,49394.0,49825.0
9122,49546.5,49394.0,49825.0
9123,49546.5,49394.0,49825.0
9124,49546.5,49394.0,49825.0
9125,49546.5,49394.0,49825.0
9126,49546.5,49394.0,49825.0
9127,49546.5,49394.0,49825.0
9128,49546.5,49394.0,49825.0
9129,49546.5,49394.0,49825.0
9130,49546.5,49394.0,49825.0
9131,49546.5,49394.0,49825.0
9132,49546.5,49394.0,49825.0
9133,49546.5,49394.0,49825.0
9134,49546.5,49394.0,49825.0
9135,49546.5,49394.0,49825.0
9136,49546.5,49394.0,49825.0
9137,49546.5,49394.0,49825.0
9138,49546.5,49394.0,49825.0
9139,49546.5,49394.0,49825.0
9140,49546.5,49394.0,49825.0
9141,49546.5,49394.0,49825.0
9142,49546.5,49394.0,49825.0
9143,49546.5,49394.0,49825.0
9144,49546.5,49394.0,49825.0
9145,49546.5,49394.0,49825.0
9146,49546.5,49394.0,49825.0
9147,49546.5,49394.0,49825.0
9148,49546.5,49394.0,49825.0
9149,49546.5,49394.0,49825.0
9150,49546.5,49394.0,49825.0
9151,49546.5,49394.0,49825.0
9152,49546.5,49394.0,49825.0
9153,49546.5,49394.0,49825.0
9154,49546.5,49394.0,49825.0
9155,49546.5,49394.0,49825.0
9156,49546.5,49394.0,49825.0
9157,49546.5,49394.0,49825.0
9158,49546.5,49394.0,49825.0
9159,49546.5,49394.0,49825.0
9160,49546.5,49394.0,49825.0
9161,49546.5,49394.0,49825.0
9162,49546.5,49394.0,49825.0
9163,49546.5,49394.0,49825.0
9164,49546.5,49394.0,49825.0
9165,49546.5,49394.0,49825.0
9166,49546.5,49394.0,49825.0
9167,49546.5,49394.0,49825.0
9168,49546.5,49394.0,49825.0
9169,49546.5,49394.0,49825.0
9170,49546.5,49394.0,49825.0
9171,49546.5,49394.0,49825.0
9172,49546.5,49394.0,49825.0
9173,49546.5,49394.0,49825.0
9174,49546.5,49394.0,49825.0
9175,49546.5,49394.0,49825.0
9176,49546.5,49394.0,49825.0
9177,49546.5,49394.0,49825.0
9178,49546.5,49394.0,49825.0
9179,49546.5,49394.0,49825.0
9180,49546.5,49394.0,49825.0
9181,49546.5,49394.0,49825.0
9182,49546.5,49394.0,49825.0
9183,49546.5,49394.0,49825.0
9184,49546.5,49394.0,49825.0
9185,49546.5,49394.0,49825.0
9186,49546.5,49394.0,49825.0
9187,49546.5,49394.0,49825.0
9188,49546.5,49394.0,49825.0
9189,49546.5,49394.0,49825.0
9190,49546.5,49394.0,49825.0
9191,49546.5,49394.0,49825.0
9192,49546.5,49394.0,49825.0
9193,49546.5,49394.0,49825.0
9194,49546.5,49394.0,49825.0
9195,49546.5,49394.0,49825.0
9196,49546.5,49394.0,49825.0
9197,49546.5,49394.0,49825.0
9198,49546.5,49394.0,49825.0
9199,49546.5,49394.0,49825.0
9200,49546.5,49394.0,49825.0
9201,49546.5,49394.0,49825.0
9202,49546.5,49394.0,49825.0
9203,49546.5,49394.0,49825.0
9204,49546.5,49394.0,49825.0
9205,49546.5,49394.0,49825.0
9206,49546.5,49394.0,49825.0
9207,49546.5,49394.0,49825.0
9208,49546.5,49394.0,49825.0
9209,49546.5,49394.0,49825.0
9210,49546.5,49394.0,49825.0
9211,49546.5,49394.0,49825.0
9212,49546.5,49394.0,49825.0
9213,49546.5,49394.0,49825.0
9214,49546.5,49394.0,49825.0
9215,49546.5,49394.0,49825.0
9216,49546.5,49394.0,49825.0
9217,49546.5,49394.0,49825.0
9218,49546.5,49394.0,49825.0
9219,49546.5,49394.0,49825.0
9220,49546.5,49394.0,49825.0
9221,49546.5,49394.0,49825.0
9222,49546.5,49394.0,49825.0
9223,49546.5,49394.0,49825.0
9224,49546.5,49394.0,49825.0
9225,49546.5,49394.0,49825.0
9226,49546.5,49394.0,49825.0
9227,49546.5,49394.0,49825.0
9228,49546.5,49394.0,49825.0
9229,49546.5,49394.0,49825.0
9230,49546.5,49394.0,49825.0
9231,49546.5,49394.0,49825.0
9232,49546.5,49394.0,49825.0
9233,49546.5,49394.0,49825.0
9234,49546.5,49394.0,49825.0
9235,49546.5,49394.0,49825.0
9236,49546.5,49394.0,49825.0
9237,49546.5,49394.0,49825.0
9238,49546.5,49394.0,49825.0
9239,49546.5,49394.0,49825.0
9240,49546.5,49394.0,49825.0
9241,49546.5,49394.0,49825.0
9242,49546.5,49394.0,49825.0
9243,49546.5,49394.0,49825.0
9244,49546.5,49394.0,49825.0
9245,49546.5,49394.0,49825.0
9246,49546.5,49394.0,49825.0
9247,49546.5,49394.0,49825.0
9248,49546.5,49394.0,49825.0
9249,49546.5,49394.0,49825.0
9250,49546.5,49394.0,49825.0
9251,49546.5,49394.0,49825.0
9252,49546.5,49394.0,49825.0
9253,49546.5,49394.0,49825.0
9254,49546.5,49394.0,49825.0
9255,49546.5,49394.0,49825.0
9256,49546.5,49394.0,49825.0
9257,49546.5,49394.0,49825.0
9258,49546.5,49394.0,49825.0
9259,49546.5,49394.0,49825.0
9260,49546.5,49394.0,49825.0
9261,49546.5,49394.0,49825.0
9262,49546.5,49394.0,49825.0
9263,49546.5,49394.0,49825.0
9264,49546.5,49394.0,49825.0
9265,49546.5,49394.0,49825.0
9266,49546.5,49394.0,49825.0
9267,49546.5,49394.0,49825.0
9268,49546.5,49394.0,49825.0
9269,49546.5,49394.0,49825.0
9270,49546.5,49394.0,49825.0
9271,49546.5,49394.0,49825.0
9272,49546.5,49394.0,49825.0
9273,49546.5,49394.0,49825.0
9274,49546.5,49394.0,49825.0
9275,49546.5,49394.0,49825.0
9276,49546.5,49394.0,49825.0
9277,49546.5,49394.0,49825.0
9278,49546.5,49394.0,49825.0
9279,49546.5,49394.0,49825.0
9280,49546.5,49394.0,49825.0
9281,49546.5,49394.0,49825.0
9282,49546.5,49394.0,49825.0
9283,49546.5,49394.0,49825.0
9284,49546.5,49394.0,49825.0
9285,49546.5,49394.0,49825.0
9286,49546.5,49394.0,49825.0
9287,49546.5,49394.0,49825.0
9288,49546.5,49394.0,49825.0
9289,49546.5,49394.0,49825.0
9290,49546.5,49394.0,49825.0
9291,49546.5,49394.0,49825.0
9292,49546.5,49394.0,49825.0
9293,49546.5,49394.0,49825.0
9294,49546.5,49394.0,49825.0
9295,49546.5,49394.0,49825.0
9296,49546.5,49394.0,49825.0
9297,49546.5,49394.0,49825.0
9298,49546.5,49394.0,49825.0
9299,49546.5,49394.0,49825.0
9300,49546.5,49394.0,49825.0
9301,49546.5,49394.0,49825.0
9302,49546.5,49394.0,49825.0
9303,49546.5,49394.0,49825.0
9304,49546.5,49394.0,49825.0
9305,49546.5,49394.0,49825.0
9306,49546.5,49394.0,49825.0
9307,49546.5,49394.0,49825.0
9308,49546.5,49394.0,49825.0
9309,49546.5,49394.0,49825.0
9310,49546.5,49394.0,49825.0
9311,49546.5,49394.0,49825.0
9312,49546.5,49394.0,49825.0
9313,49546.5,49394.0,49825.0
9314,49546.5,49394.0,49825.0
9315,49546.5,49394.0,49825.0
9316,49546.5,49394.0,49825.0
9317,49546.5,49394.0,49825.0
9318,49546.5,49394.0,49825.0
9319,49546.5,49394.0,49825.0
9320,49546.5,49394.0,49825.0
9321,49546.5,49394.0,49825.0
9322,49546.5,49394.0,49825.0
9323,49546.5,49394.0,49825.0
9324,49546.5,49394.0,49825.0
9325,49546.5,49394.0,49825.0
9326,49546.5,49394.0,49825.0
9327,49546.5,49394.0,49825.0
9328,49546.5,49394.0,49825.0
9329,49546.5,49394.0,49825.0
9330,49546.5,49394.0,49825.0
9331,49546.5,49394.0,49825.0
9332,49546.5,49394.0,49825.0
9333,49546.5,49394.0,49825.0
9334,49546.5,49394.0,49825.0
9335,49546.5,49394.0,49825.0
9336,49546.5,49394.0,49825.0
9337,49546.5,49394.0,49825.0
9338,49546.5,49394.0,49825.0
9339,49546.5,49394.0,49825.0
9340,49546.5,49394.0,49825.0
9341,49546.5,49394.0,49825.0
9342,49546.5,49394.0,49825.0
9343,49546.5,49394.0,49825.0
9344,49546.5,49394.0,49825.0
9345,49546.5,49394.0,49825.0
9346,49546.5,49394.0,49825.0
9347,49546.5,49394.0,49825.0
9348,49546.5,49394.0,49825.0
9349,49546.5,49394.0,49825.0
9350,49546.5,49394.0,49825.0
9351,49546.5,49394.0,49825.0
9352,49546.5,49394.0,49825.0
9353,49546.5,49394.0,49825.0
9354,49546.5,49394.0,49825.0
9355,49546.5,49394.0,49825.0
9356,49546.5,49394.0,49825.0
9357,49546.5,49394.0,49825.0
9358,49546.5,49394.0,49825.0
9359,49546.5,49394.0,49825.0
9360,49546.5,49394.0,49825.0
9361,49546.5,49394.0,49825.0
9362,49546.5,49394.0,49825.0
9363,49546.5,49394.0,49825.0
9364,49546.5,49394.0,49825.0
9365,49546.5,49394.0,49825.0
9366,49546.5,49394.0,49825.0
9367,49546.5,49394.0,49825.0
9368,49546.5,49394.0,49825.0
9369,49546.5,49394.0,49825.0
9370,49546.5,49394.0,49825.0
9371,49546.5,49394.0,49825.0
9372,49546.5,49394.0,49825.0
9373,49546.5,49394.0,49825.0
9374,49546.5,49394.0,49825.0
9375,49546.5,49394.0,49825.0
9376,49546.5,49394.0,49825.0
9377,49546.5,49394.0,49825.0
9378,49546.5,49394.0,49825.0
9379,49546.5,49394.0,49825.0
9380,49546.5,49394.0,49825.0
9381,49546.5,49394.0,49825.0
9382,49546.5,49394.0,49825.0
9383,49546.5,49394.0,49825.0
9384,49546.5,49394.0,49825.0
9385,49546.5,49394.0,49825.0
9386,49546.5,49394.0,49825.0
9387,49546.5,49394.0,49825.0
9388,49546.5,49394.0,49825.0
9389,49546.5,49394.0,49825.0
9390,49546.5,49394.0,49825.0
9391,49546.5,49394.0,49825.0
9392,49546.5,49394.0,49825.0
9393,49546.5,49394.0,49825.0
9394,49546.5,49394.0,49825.0
9395,49546.5,49394.0,49825.0
9396,49546.5,49394.0,49825.0
9397,49546.5,49394.0,49825.0
9398,49546.5,49394.0,49825.0
9399,49546.5,49394.0,49825.0
9400,49546.5,49394.0,49825.0
9401,49546.5,49394.0,49825.0
9402,49546.5,49394.0,49825.0
9403,49546.5,49394.0,49825.0
9404,49546.5,49394.0,49825.0
9405,49546.5,49394.0,49825.0
9406,49546.5,49394.0,49825.0
9407,49546.5,49394.0,49825.0
9408,49546.5,49394.0,49825.0
9409,49546.5,49394.0,49825.0
9410,49546.5,49394.0,49825.0
9411,49546.5,49394.0,49825.0
9412,49546.5,49394.0,49825.0
9413,49546.5,49394.0,49825.0
9414,49546.5,49394.0,49825.0
9415,49546.5,49394.0,49825.0
9416,49546.5,49394.0,49825.0
9417,49546.5,49394.0,49825.0
9418,49546.5,49394.0,49825.0
9419,49546.5,49394.0,49825.0
9420,49546.5,49394.0,49825.0
9421,49546.5,49394.0,49825.0
9422,49546.5,49394.0,49825.0
9423,49546.5,49394.0,49825.0
9424,49546.5,49394.0,49825.0
9425,49546.5,49394.0,49825.0
9426,49546.5,49394.0,49825.0
9427,49546.5,49394.0,49825.0
9428,49546.5,49394.0,49825.0
9429,49546.5,49394.0,49825.0
9430,49546.5,49394.0,49825.0
9431,49546.5,49394.0,49825.0
9432,49546.5,49394.0,49825.0
9433,49546.5,49394.0,49825.0
9434,49546.5,49394.0,49825.0
9435,49546.5,49394.0,49825.0
9436,49546.5,49394.0,49825.0
9437,49546.5,49394.0,49825.0
9438,49546.5,49394.0,49825.0
9439,49546.5,49394.0,49825.0
9440,49546.5,49394.0,49825.0
9441,49546.5,49394.0,49825.0
9442,49546.5,49394.0,49825.0
9443,49546.5,49394.0,49825.0
9444,49546.5,49394.0,49825.0
9445,49546.5,49394.0,49825.0
9446,49546.5,49394.0,49825.0
9447,49546.5,49394.0,49825.0
9448,49546.5,49394.0,49825.0
9449,49546.5,49394.0,49825.0
9450,49546.5,49394.0,49825.0
9451,49546.5,49394.0,49825.0
9452,49546.5,49394.0,49825.0
9453,49546.5,49394.0,49825.0
9454,49546.5,49394.0,49825.0
9455,49546.5,49394.0,49825.0
9456,49546.5,49394.0,49825.0
9457,49546.5,49394.0,49825.0
9458,49546.5,49394.0,49825.0
9459,49546.5,49394.0,49825.0
9460,49546.5,49394.0,49825.0
9461,49546.5,49394.0,49825.0
9462,49546.5,49394.0,49825.0
9463,49546.5,49394.0,49825.0
9464,49546.5,49394.0,49825.0
9465,49546.5,49394.0,49825.0
9466,49546.5,49394.0,49825.0
9467,49546.5,49394.0,49825.0
9468,49546.5,49394.0,49825.0
9469,49546.5,49394.0,49825.0
9470,49546.5,49394.0,49825.0
9471,49546.5,49394.0,49825.0
9472,49546.5,49394.0,49825.0
9473,49546.5,49394.0,49825.0
9474,49546.5,49394.0,49825.0
9475,49546.5,49394.0,49825.0
9476,49546.5,49394.0,49825.0
9477,49546.5,49394.0,49825.0
9478,49546.5,49394.0,49825.0
9479,49546.5,49394.0,49825.0
9480,49546.5,49394.0,49825.0
9481,49546.5,49394.0,49825.0
9482,49546.5,49394.0,49825.0
9483,49546.5,49394.0,49825.0
9484,49546.5,49394.0,49825.0
9485,49546.5,49394.0,49825.0
9486,49546.5,49394.0,49825.0
9487,49546.5,49394.0,49825.0
9488,49546.5,49394.0,49825.0
9489,49546.5,49394.0,49825.0
9490,49546.5,49394.0,49825.0
9491,49546.5,49394.0,49825.0
9492,49546.5,49394.0,49825.0
9493,49546.5,49394.0,49825.0
9494,49546.5,49394.0,49825.0
9495,49546.5,49394.0,49825.0
9496,49546.5,49394.0,49825.0
9497,49546.5,49394.0,49825.0
9498,49546.5,49394.0,49825.0
9499,49546.5,49394.0,49825.0
9500,49546.5,49394.0,49825.0
9501,49546.5,49394.0,49825.0
9502,49546.5,49394.0,49825.0
9503,49546.5,49394.0,49825.0
9504,49546.5,49394.0,49825.0
9505,49546.5,49394.0,49825.0
9506,49546.5,49394.0,49825.0
9507,49546.5,49394.0,49825.0
9508,49546.5,49394.0,49825.0
9509,49546.5,49394.0,49825.0
9510,49546.5,49394.0,49825.0
9511,49546.5,49394.0,49825.0
9512,49546.5,49394.0,49825.0
9513,49546.5,49394.0,49825.0
9514,49546.5,49394.0,49825.0
9515,49546.5,49394.0,49825.0
9516,49546.5,49394.0,49825.0
9517,49546.5,49394.0,49825.0
9518,49546.5,49394.0,49825.0
9519,49546.5,49394.0,49825.0
9520,49546.5,49394.0,49825.0
9521,49546.5,49394.0,49825.0
9522,49546.5,49394.0,49825.0
9523,49546.5,49394.0,49825.0
9524,49546.5,49394.0,49825.0
9525,49546.5,49394.0,49825.0
9526,49546.5,49394.0,49825.0
9527,49546.5,49394.0,49825.0
9528,49546.5,49394.0,49825.0
9529,49546.5,49394.0,49825.0
9530,49546.5,49394.0,49825.0
9531,49546.5,49394.0,49825.0
9532,49546.5,49394.0,49825.0
9533,49546.5,49394.0,49825.0
9534,49546.5,49394.0,49825.0
9535,49546.5,49394.0,49825.0
9536,49546.5,49394.0,49825.0
9537,49546.5,49394.0,49825.0
9538,49546.5,49394.0,49825.0
9539,49546.5,49394.0,49825.0
9540,49546.5,49394.0,49825.0
9541,49546.5,49394.0,49825.0
9542,49546.5,49394.0,49825.0
9543,49546.5,49394.0,49825.0
9544,49546.5,49394.0,49825.0
9545,49546.5,49394.0,49825.0
9546,49546.5,49394.0,49825.0
9547,49546.5,49394.0,49825.0
9548,49546.5,49394.0,49825.0
9549,49546.5,49394.0,49825.0
9550,49546.5,49394.0,49825.0
9551,49546.5,49394.0,49825.0
9552,49546.5,49394.0,49825.0
9553,49546.5,49394.0,49825.0
9554,49546.5,49394.0,49825.0
9555,49546.5,49394.0,49825.0
9556,49546.5,49394.0,49825.0
9557,49546.5,49394.0,49825.0
9558,49546.5,49394.0,49825.0
9559,49546.5,49394.0,49825.0
9560,49546.5,49394.0,49825.0
9561,49546.5,49394.0,49825.0
9562,49546.5,49394.0,49825.0
9563,49546.5,49394.0,49825.0
9564,49546.5,49394.0,49825.0
9565,49546.5,49394.0,49825.0
9566,49546.5,49394.0,49825.0
9567,49546.5,49394.0,49825.0
9568,49546.5,49394.0,49825.0
9569,49546.5,49394.0,49825.0
9570,49546.5,49394.0,49825.0
9571,49546.5,49394.0,49825.0
9572,49546.5,49394.0,49825.0
9573,49546.5,49394.0,49825.0
9574,49546.5,49394.0,49825.0
9575,49546.5,49394.0,49825.0
9576,49546.5,49394.0,49825.0
9577,49546.5,49394.0,49825.0
9578,49546.5,49394.0,49825.0
9579,49546.5,49394.0,49825.0
9580,49546.5,49394.0,49825.0
9581,49546.5,49394.0,49825.0
9582,49546.5,49394.0,49825.0
9583,49546.5,49394.0,49825.0
9584,49546.5,49394.0,49825.0
9585,49546.5,49394.0,49825.0
9586,49546.5,49394.0,49825.0
9587,49546.5,49394.0,49825.0
9588,49546.5,49394.0,49825.0
9589,49546.5,49394.0,49825.0
9590,49546.5,49394.0,49825.0
9591,49546.5,49394.0,49825.0
9592,49546.5,49394.0,49825.0
9593,49546.5,49394.0,49825.0
9594,49546.5,49394.0,49825.0
9595,49546.5,49394.0,49825.0
9596,49546.5,49394.0,49825.0
9597,49546.5,49394.0,49825.0
9598,49546.5,49394.0,49825.0
9599,49546.5,49394.0,49825.0
9600,49546.5,49394.0,49825.0
9601,49546.5,49394.0,49825.0
9602,49546.5,49394.0,49825.0
9603,49546.5,49394.0,49825.0
9604,49546.5,49394.0,49825.0
9605,49546.5,49394.0,49825.0
9606,49546.5,49394.0,49825.0
9607,49546.5,49394.0,49825.0
9608,49546.5,49394.0,49825.0
9609,49546.5,49394.0,49825.0
9610,49546.5,49394.0,49825.0
9611,49546.5,49394.0,49825.0
9612,49546.5,49394.0,49825.0
9613,49546.5,49394.0,49825.0
9614,49546.5,49394.0,49825.0
9615,49546.5,49394.0,49825.0
9616,49546.5,49394.0,49825.0
9617,49546.5,49394.0,49825.0
9618,49546.5,49394.0,49825.0
9619,49546.5,49394.0,49825.0
9620,49546.5,49394.0,49825.0
9621,49546.5,49394.0,49825.0
9622,49546.5,49394.0,49825.0
9623,49546.5,49394.0,49825.0
9624,49546.5,49394.0,49825.0
9625,49546.5,49394.0,49825.0
9626,49546.5,49394.0,49825.0
9627,49546.5,49394.0,49825.0
9628,49546.5,49394.0,49825.0
9629,49546.5,49394.0,49825.0
9630,49546.5,49394.0,49825.0
9631,49546.5,49394.0,49825.0
9632,49546.5,49394.0,49825.0
9633,49546.5,49394.0,49825.0
9634,49546.5,49394.0,49825.0
9635,49546.5,49394.0,49825.0
9636,49546.5,49394.0,49825.0
9637,49546.5,49394.0,49825.0
9638,49546.5,49394.0,49825.0
9639,49546.5,49394.0,49825.0
9640,49546.5,49394.0,49825.0
9641,49546.5,49394.0,49825.0
9642,49546.5,49394.0,49825.0
9643,49546.5,49394.0,49825.0
9644,49546.5,49394.0,49825.0
9645,49546.5,49394.0,49825.0
9646,49546.5,49394.0,49825.0
9647,49546.5,49394.0,49825.0
9648,49546.5,49394.0,49825.0
9649,49546.5,49394.0,49825.0
9650,49546.5,49394.0,49825.0
9651,49546.5,49394.0,49825.0
9652,49546.5,49394.0,49825.0
9653,49546.5,49394.0,49825.0
9654,49546.5,49394.0,49825.0
9655,49546.5,49394.0,49825.0
9656,49546.5,49394.0,49825.0
9657,49546.5,49394.0,49825.0
9658,49546.5,49394.0,49825.0
9659,49546.5,49394.0,49825.0
9660,49546.5,49394.0,49825.0
9661,49546.5,49394.0,49825.0
9662,49546.5,49394.0,49825.0
9663,49546.5,49394.0,49825.0
9664,49546.5,49394.0,49825.0
9665,49546.5,49394.0,49825.0
9666,49546.5,49394.0,49825.0
9667,49546.5,49394.0,49825.0
9668,49546.5,49394.0,49825.0
9669,49546.5,49394.0,49825.0
9670,49546.5,49394.0,49825.0
9671,49546.5,49394.0,49825.0
9672,49546.5,49394.0,49825.0
9673,49546.5,49394.0,49825.0
9674,49546.5,49394.0,49825.0
9675,49546.5,49394.0,49825.0
9676,49546.5,49394.0,49825.0
9677,49546.5,49394.0,49825.0
9678,49546.5,49394.0,49825.0
9679,49546.5,49394.0,49825.0
9680,49546.5,49394.0,49825.0
9681,49546.5,49394.0,49825.0
9682,49546.5,49394.0,49825.0
9683,49546.5,49394.0,49825.0
9684,49546.5,49394.0,49825.0
9685,49546.5,49394.0,49825.0
9686,49546.5,49394.0,49825.0
9687,49546.5,49394.0,49825.0
9688,49546.5,49394.0,49825.0
9689,49546.5,49394.0,49825.0
9690,49546.5,49394.0,49825.0
9691,49546.5,49394.0,49825.0
9692,49546.5,49394.0,49825.0
9693,49546.5,49394.0,49825.0
9694,49546.5,49394.0,49825.0
9695,49546.5,49394.0,49825.0
9696,49546.5,49394.0,49825.0
9697,49546.5,49394.0,49825.0
9698,49546.5,49394.0,49825.0
9699,49546.5,49394.0,49825.0
9700,49546.5,49394.0,49825.0
9701,49546.5,49394.0,49825.0
9702,49546.5,49394.0,49825.0
9703,49546.5,49394.0,49825.0
9704,49546.5,49394.0,49825.0
9705,49546.5,49394.0,49825.0
9706,49546.5,49394.0,49825.0
9707,49546.5,49394.0,49825.0
9708,49546.5,49394.0,49825.0
9709,49546.5,49394.0,49825.0
9710,49546.5,49394.0,49825.0
9711,49546.5,49394.0,49825.0
9712,49546.5,49394.0,49825.0
9713,49546.5,49394.0,49825.0
9714,49546.5,49394.0,49825.0
9715,49546.5,49394.0,49825.0
9716,49546.5,49394.0,49825.0
9717,49546.5,49394.0,49825.0
9718,49546.5,49394.0,49825.0
9719,49546.5,49394.0,49825.0
9720,49546.5,49394.0,49825.0
9721,49546.5,49394.0,49825.0
9722,49546.5,49394.0,49825.0
9723,49546.5,49394.0,49825.0
9724,49546.5,49394.0,49825.0
9725,49546.5,49394.0,49825.0
9726,49546.5,49394.0,49825.0
9727,49546.5,49394.0,49825.0
9728,49546.5,49394.0,49825.0
9729,49546.5,49394.0,49825.0
9730,49546.5,49394.0,49825.0
9731,49546.5,49394.0,49825.0
9732,49546.5,49394.0,49825.0
9733,49546.5,49394.0,49825.0
9734,49546.5,49394.0,49825.0
9735,49546.5,49394.0,49825.0
9736,49546.5,49394.0,49825.0
9737,49546.5,49394.0,49825.0
9738,49546.5,49394.0,49825.0
9739,49546.5,49394.0,49825.0
9740,49546.5,49394.0,49825.0
9741,49546.5,49394.0,49825.0
9742,49546.5,49394.0,49825.0
9743,49546.5,49394.0,49825.0
9744,49546.5,49394.0,49825.0
9745,49546.5,49394.0,49825.0
9746,49546.5,49394.0,49825.0
9747,49546.5,49394.0,49825.0
9748,49546.5,49394.0,49825.0
9749,49546.5,49394.0,49825.0
9750,49546.5,49394.0,49825.0
9751,49546.5,49394.0,49825.0
9752,49546.5,49394.0,49825.0
9753,49546.5,49394.0,49825.0
9754,49546.5,49394.0,49825.0
9755,49546.5,49394.0,49825.0
9756,49546.5,49394.0,49825.0
9757,49546.5,49394.0,49825.0
9758,49546.5,49394.0,49825.0
9759,49546.5,49394.0,49825.0
9760,49546.5,49394.0,49825.0
9761,49546.5,49394.0,49825.0
9762,49546.5,49394.0,49825.0
9763,49546.5,49394.0,49825.0
9764,49546.5,49394.0,49825.0
9765,49546.5,49394.0,49825.0
9766,49546.5,49394.0,49825.0
9767,49546.5,49394.0,49825.0
9768,49546.5,49394.0,49825.0
9769,49546.5,49394.0,49825.0
9770,49546.5,49394.0,49825.0
9771,49546.5,49394.0,49825.0
9772,49546.5,49394.0,49825.0
9773,49546.5,49394.0,49825.0
9774,49546.5,49394.0,49825.0
9775,49546.5,49394.0,49825.0
9776,49546.5,49394.0,49825.0
9777,49546.5,49394.0,49825.0
9778,49546.5,49394.0,49825.0
9779,49546.5,49394.0,49825.0
9780,49546.5,49394.0,49825.0
9781,49546.5,49394.0,49825.0
9782,49546.5,49394.0,49825.0
9783,49546.5,49394.0,49825.0
9784,49546.5,49394.0,49825.0
9785,49546.5,49394.0,49825.0
9786,49546.5,49394.0,49825.0
9787,49546.5,49394.0,49825.0
9788,49546.5,49394.0,49825.0
9789,49546.5,49394.0,49825.0
9790,49546.5,49394.0,49825.0
9791,49546.5,49394.0,49825.0
9792,49546.5,49394.0,49825.0
9793,49546.5,49394.0,49825.0
9794,49546.5,49394.0,49825.0
9795,49546.5,49394.0,49825.0
9796,49546.5,49394.0,49825.0
9797,49546.5,49394.0,49825.0
9798,49546.5,49394.0,49825.0
9799,49546.5,49394.0,49825.0
9800,49546.5,49394.0,49825.0
9801,49546.5,49394.0,49825.0
9802,49546.5,49394.0,49825.0
9803,49546.5,49394.0,49825.0
9804,49546.5,49394.0,49825.0
9805,49546.5,49394.0,49825.0
9806,49546.5,49394.0,49825.0
9807,49546.5,49394.0,49825.0
9808,49546.5,49394.0,49825.0
9809,49546.5,49394.0,49825.0
9810,49546.5,49394.0,49825.0
9811,49546.5,49394.0,49825.0
9812,49546.5,49394.0,49825.0
9813,49546.5,49394.0,49825.0
9814,49546.5,49394.0,49825.0
9815,49546.5,49394.0,49825.0
9816,49546.5,49394.0,49825.0
9817,49546.5,49394.0,49825.0
9818,49546.5,49394.0,49825.0
9819,49546.5,49394.0,49825.0
9820,49546.5,49394.0,49825.0
9821,49546.5,49394.0,49825.0
9822,49546.5,49394.0,49825.0
9823,49546.5,49394.0,49825.0
9824,49546.5,49394.0,49825.0
9825,49546.5,49394.0,49825.0
9826,49546.5,49394.0,49825.0
9827,49546.5,49394.0,49825.0
9828,49546.5,49394.0,49825.0
9829,49546.5,49394.0,49825.0
9830,49546.5,49394.0,49825.0
9831,49546.5,49394.0,49825.0
9832,49546.5,49394.0,49825.0
9833,49546.5,49394.0,49825.0
9834,49546.5,49394.0,49825.0
9835,49546.5,49394.0,49825.0
9836,49546.5,49394.0,49825.0
9837,49546.5,49394.0,49825.0
9838,49546.5,49394.0,49825.0
9839,49546.5,49394.0,49825.0
9840,49546.5,49394.0,49825.0
9841,49546.5,49394.0,49825.0
9842,49546.5,49394.0,49825.0
9843,49546.5,49394.0,49825.0
9844,49546.5,49394.0,49825.0
9845,49546.5,49394.0,49825.0
9846,49546.5,49394.0,49825.0
9847,49546.5,49394.0,49825.0
9848,49546.5,49394.0,49825.0
9849,49546.5,49394.0,49825.0
9850,49546.5,49394.0,49825.0
9851,49546.5,49394.0,49825.0
9852,49546.5,49394.0,49825.0
9853,49546.5,49394.0,49825.0
9854,49546.5,49394.0,49825.0
9855,49546.5,49394.0,49825.0
9856,49546.5,49394.0,49825.0
9857,49546.5,49394.0,49825.0
9858,49546.5,49394.0,49825.0
9859,49546.5,49394.0,49825.0
9860,49546.5,49394.0,49825.0
9861,49546.5,49394.0,49825.0
9862,49546.5,49394.0,49825.0
9863,49546.5,49394.0,49825.0
9864,49546.5,49394.0,49825.0
9865,49546.5,49394.0,49825.0
9866,49546.5,49394.0,49825.0
9867,49546.5,49394.0,49825.0
9868,49546.5,49394.0,49825.0
9869,49546.5,49394.0,49825.0
9870,49546.5,49394.0,49825.0
9871,49546.5,49394.0,49825.0
9872,49546.5,49394.0,49825.0
9873,49546.5,49394.0,49825.0
9874,49546.5,49394.0,49825.0
9875,49546.5,49394.0,49825.0
9876,49546.5,49394.0,49825.0
9877,49546.5,49394.0,49825.0
9878,49546.5,49394.0,49825.0
9879,49546.5,49394.0,49825.0
9880,49546.5,49394.0,49825.0
9881,49546.5,49394.0,49825.0
9882,49546.5,49394.0,49825.0
9883,49546.5,49394.0,49825.0
9884,49546.5,49394.0,49825.0
9885,49546.5,49394.0,49825.0
9886,49546.5,49394.0,49825.0
9887,49546.5,49394.0,49825.0
9888,49546.5,49394.0,49825.0
9889,49546.5,49394.0,49825.0
9890,49546.5,49394.0,49825.0
9891,49546.5,49394.0,49825.0
9892,49546.5,49394.0,49825.0
9893,49546.5,49394.0,49825.0
9894,49546.5,49394.0,49825.0
9895,49546.5,49394.0,49825.0
9896,49546.5,49394.0,49825.0
9897,49546.5,49394.0,49825.0
9898,49546.5,49394.0,49825.0
9899,49546.5,49394.0,49825.0
9900,49546.5,49394.0,49825.0
9901,49546.5,49394.0,49825.0
9902,49546.5,49394.0,49825.0
9903,49546.5,49394.0,49825.0
9904,49546.5,49394.0,49825.0
9905,49546.5,49394.0,49825.0
9906,49546.5,49394.0,49825.0
9907,49546.5,49394.0,49825.0
9908,49546.5,49394.0,49825.0
9909,49546.5,49394.0,49825.0
9910,49546.5,49394.0,49825.0
9911,49546.5,49394.0,49825.0
9912,49546.5,49394.0,49825.0
9913,49546.5,49394.0,49825.0
9914,49546.5,49394.0,49825.0
9915,49546.5,49394.0,49825.0
9916,49546.5,49394.0,49825.0
9917,49546.5,49394.0,49825.0
9918,49546.5,49394.0,49825.0
9919,49546.5,49394.0,49825.0
9920,49546.5,49394.0,49825.0
9921,49546.5,49394.0,49825.0
9922,49546.5,49394.0,49825.0
9923,49546.5,49394.0,49825.0
9924,49546.5,49394.0,49825.0
9925,49546.5,49394.0,49825.0
9926,49546.5,49394.0,49825.0
9927,49546.5,49394.0,49825.0
9928,49546.5,49394.0,49825.0
9929,49546.5,49394.0,49825.0
9930,49546.5,49394.0,49825.0
9931,49546.5,49394.0,49825.0
9932,49546.5,49394.0,49825.0
9933,49546.5,49394.0,49825.0
9934,49546.5,49394.0,49825.0
9935,49546.5,49394.0,49825.0
9936,49546.5,49394.0,49825.0
9937,49546.5,49394.0,49825.0
9938,49546.5,49394.0,49825.0
9939,49546.5,49394.0,49825.0
9940,49546.5,49394.0,49825.0
9941,49546.5,49394.0,49825.0
9942,49546.5,49394.0,49825.0
9943,49546.5,49394.0,49825.0
9944,49546.5,49394.0,49825.0
9945,49546.5,49394.0,49825.0
9946,49546.5,49394.0,49825.0
9947,49546.5,49394.0,49825.0
9948,49546.5,49394.0,49825.0
9949,49546.5,49394.0,49825.0
9950,49546.5,49394.0,49825.0
9951,49546.5,49394.0,49825.0
9952,49546.5,49394.0,49825.0
9953,49546.5,49394.0,49825.0
9954,49546.5,49394.0,49825.0
9955,49546.5,49394.0,49825.0
9956,49546.5,49394.0,49825.0
9957,49546.5,49394.0,49825.0
9958,49546.5,49394.0,49825.0
9959,49546.5,49394.0,49825.0
9960,49546.5,49394.0,49825.0
9961,49546.5,49394.0,49825.0
9962,49546.5,49394.0,49825.0
9963,49546.5,49394.0,49825.0
9964,49546.5,49394.0,49825.0
9965,49546.5,49394.0,49825.0
9966,49546.5,49394.0,49825.0
9967,49546.5,49394.0,49825.0
9968,49546.5,49394.0,49825.0
9969,49546.5,49394.0,49825.0
9970,49546.5,49394.0,49825.0
9971,49546.5,49394.0,49825.0
9972,49546.5,49394.0,49825.0
9973,49546.5,49394.0,49825.0
9974,49546.5,49394.0,49825.0
9975,49546.5,49394.0,49825.0
9976,49546.5,49394.0,49825.0
9977,49546.5,49394.0,49825.0
9978,49546.5,49394.0,49825.0
9979,49546.5,49394.0,49825.0
9980,49546.5,49394.0,49825.0
9981,49546.5,49394.0,49825.0
9982,49546.5,49394.0,49825.0
9983,49546.5,49394.0,49825.0
9984,49546.5,49394.0,49825.0
9985,49546.5,49394.0,49825.0
9986,49546.5,49394.0,49825.0
9987,49546.5,49394.0,49825.0
9988,49546.5,49394.0,49825.0
9989,49546.5,49394.0,49825.0
9990,49546.5,49394.0,49825.0
9991,49546.5,49394.0,49825.0
9992,49546.5,49394.0,49825.0
9993,49546.5,49394.0,49825.0
9994,49546.5,49394.0,49825.0
9995,49546.5,49394.0,49825.0
9996,49546.5,49394.0,49825.0
9997,49546.5,49394.0,49825.0
9998,49546.5,49394.0,49825.0
9999,49546.5,49394.0,49825.0
