avaliacao,SA Original,SA Variação 1,SA Variação 2
0,32690.7,32690.7,32690.7
1,32736.8,32736.8,32753.3
2,32778.2,32778.2,32835.7
3,32827.8,32827.8,32877.7
4,32885.1,32885.1,32942.1
5,32906.4,32906.4,32944.5
6,32918.9,32918.9,32974.1
7,32961.1,32961.1,33004.5
8,32994.1,32994.1,33083.2
9,33001.6,33001.6,33106.7
10,33005.8,33005.8,33139.6
11,33010.7,33010.7,33228.8
12,33049.3,33049.3,33292.2
13,33072.8,33072.8,33328.5
14,33095.1,33095.1,33399.4
15,33114.3,33114.3,33440.4
16,33124.7,33124.7,33503.8
17,33188.6,33188.6,33514.9
18,33215.1,33215.1,33547.9
19,33238.7,33238.7,33607.3
20,33274.7,33274.7,33661.0
21,33292.3,33292.3,33733.0
22,33323.3,33323.3,33812.2
23,33335.2,33335.2,33825.0
24,33379.3,33379.3,33886.8
25,33428.4,33428.4,33913.4
26,33467.2,33467.2,33981.6
27,33488.2,33488.2,34043.0
28,33509.5,33509.5,34088.6
29,33525.9,33525.9,34122.1
30,33543.9,33543.9,34142.3
31,33565.2,33565.2,34194.9
32,33572.8,33572.8,34203.5
33,33575.2,33575.2,34289.3
34,33592.2,33592.2,34355.6
35,33621.2,33621.2,34359.4
36,33630.6,33630.6,34411.9
37,33644.9,33644.9,34471.1
38,33674.6,33674.6,34506.7
39,33715.9,33715.9,34538.6
40,33729.3,33729.3,34555.9
41,33752.2,33752.2,34561.5
42,33818.7,33818.7,34571.5
43,33854.0,33854.0,34622.6
44,33878.6,33878.6,34662.6
45,33883.1,33883.1,34721.7
46,33913.2,33913.2,34763.1
47,33935.7,33935.7,34778.4
48,33955.4,33955.4,34806.0
49,33964.4,33964.4,34825.1
50,34017.2,34017.2,34834.7
51,34047.0,34047.0,34876.9
52,34085.2,34085.2,34960.9
53,34091.5,34091.5,34990.8
54,34128.9,34128.9,35055.0
55,34151.9,34151.9,35140.7
56,34198.2,34198.2,35157.1
57,34218.2,34218.2,35174.8
58,34243.3,34243.3,35203.4
59,34286.6,34286.6,35211.8
60,34298.8,34298.8,35262.0
61,34355.4,34355.4,35289.3
62,34376.8,34376.8,35290.0
63,34418.0,34418.0,35294.5
64,34448.6,34448.6,35318.1
65,34494.4,34494.4,35377.1
66,34501.8,34501.8,35378.8
67,34549.3,34549.3,35386.0
68,34618.5,34618.5,35399.1
69,34619.9,34619.9,35494.3
70,34637.2,34637.2,35587.4
71,34665.8,34665.8,35623.5
72,34693.4,34693.4,35696.5
73,34696.4,34696.4,35733.2
74,34730.6,34730.6,35746.8
75,34754.6,34754.6,35777.1
76,34759.5,34759.5,35797.4
77,34782.9,34782.9,35829.3
78,34791.8,34791.8,35859.2
79,34812.2,34812.2,35906.0
80,34834.6,34834.6,35929.3
81,34874.2,34874.2,35962.4
82,34887.3,34887.3,35987.2
83,34905.7,34905.7,36027.2
84,34949.5,34949.5,36063.4
85,34976.5,34976.5,36128.2
86,34984.5,34984.5,36142.1
87,35009.0,35009.0,36165.2
88,35013.1,35013.1,36180.3
89,35026.8,35026.8,36222.3
90,35058.6,35058.6,36274.3
91,35063.2,35063.2,36302.3
92,35069.0,35069.0,36336.4
93,35073.6,35073.6,36380.7
94,35095.8,35095.8,36393.7
95,35095.8,35095.8,36404.2
96,35126.4,35126.4,36455.1
97,35148.5,35148.5,36484.4
98,35172.5,35172.5,36497.0
99,35188.3,35188.3,36520.5
100,35216.5,35216.5,36542.6
101,35216.5,35216.5,36573.8
102,35255.5,35255.5,36592.9
103,35263.9,35263.9,36605.0
104,35280.1,35280.1,36696.9
105,35308.4,35308.4,36713.9
106,35343.5,35343.5,36744.9
107,35361.6,35361.6,36758.2
108,35409.3,35409.3,36824.2
109,35447.5,35447.5,36886.8
110,35449.3,35449.3,36923.8
111,35469.8,35469.8,36947.4
112,35498.1,35498.1,37000.6
113,35527.5,35527.5,37034.1
114,35547.3,35547.3,37138.4
115,35612.6,35612.6,37197.2
116,35626.9,35626.9,37272.4
117,35662.9,35662.9,37328.6
118,35662.9,35662.9,37386.2
119,35681.9,35681.9,37392.1
120,35697.6,35697.6,37463.8
121,35712.5,35712.5,37519.2
122,35737.1,35737.1,37568.4
123,35753.5,35753.5,37596.6
124,35772.5,35772.5,37652.2
125,35779.1,35779.1,37657.3
126,35791.5,35785.5,37659.0
127,35812.1,35806.0,37679.6
128,35848.9,35842.8,37739.6
129,35885.2,35876.3,37790.3
130,35915.2,35898.5,37812.8
131,35926.6,35909.9,37820.0
132,35989.5,35972.8,37852.3
133,36022.6,36004.7,37898.6
134,36060.8,36042.9,37940.3
135,36109.5,36091.6,37984.4
136,36137.3,36119.4,37994.6
137,36164.4,36146.5,38015.4
138,36174.8,36156.9,38031.6
139,36238.2,36220.3,38050.6
140,36252.0,36234.1,38105.2
141,36272.6,36254.7,38105.2
142,36289.4,36271.5,38123.0
143,36289.4,36271.5,38154.1
144,36292.7,36274.8,38184.5
145,36312.3,36294.4,38217.8
146,36313.2,36295.3,38217.8
147,36354.3,36336.4,38241.6
148,36374.5,36356.6,38279.2
149,36386.3,36368.4,38330.9
150,36414.4,36396.5,38333.5
151,36416.8,36398.9,38393.8
152,36442.0,36424.1,38441.7
153,36472.1,36454.2,38476.7
154,36503.7,36485.8,38476.7
155,36523.3,36505.4,38526.3
156,36542.2,36524.3,38536.6
157,36600.3,36582.4,38591.5
158,36627.1,36609.2,38636.0
159,36638.0,36620.1,38636.0
160,36642.1,36624.2,38644.1
161,36677.1,36659.2,38659.6
162,36712.1,36694.2,38666.2
163,36718.0,36700.1,38704.4
164,36743.9,36726.0,38717.9
165,36747.2,36729.3,38773.5
166,36802.4,36778.5,38800.1
167,36854.0,36829.2,38821.6
168,36867.0,36842.2,38840.4
169,36922.8,36898.0,38908.2
170,36931.7,36906.9,38948.3
171,36955.4,36930.6,39008.8
172,36971.8,36947.0,39048.9
173,36987.1,36962.3,39063.7
174,37003.6,36978.8,39110.3
175,37037.0,36999.8,39122.9
176,37073.3,37035.9,39131.7
177,37076.7,37039.3,39131.7
178,37127.3,37089.9,39156.5
179,37151.6,37114.2,39171.1
180,37159.8,37122.4,39200.8
181,37163.8,37126.4,39245.9
182,37201.4,37159.4,39258.7
183,37219.0,37177.0,39292.3
184,37219.0,37177.0,39324.0
185,37232.6,37190.6,39382.0
186,37234.1,37192.1,39416.6
187,37238.3,37196.3,39422.7
188,37257.5,37215.5,39424.8
189,37259.5,37217.5,39499.7
190,37289.6,37247.6,39511.5
191,37329.7,37287.7,39529.8
192,37344.8,37302.8,39529.8
193,37392.0,37340.8,39536.4
194,37431.2,37380.0,39547.4
195,37453.3,37402.1,39564.4
196,37482.8,37416.6,39602.0
197,37507.8,37430.5,39644.3
198,37551.2,37462.9,39664.0
199,37576.4,37488.1,39721.2
200,37598.6,37510.3,39747.1
201,37616.4,37528.1,39757.4
202,37639.9,37551.6,39795.6
203,37673.2,37584.9,39814.2
204,37709.6,37617.7,39837.9
205,37739.2,37647.3,39847.9
206,37769.1,37677.2,39852.6
207,37801.9,37710.0,39873.4
208,37801.9,37710.0,39937.3
209,37822.2,37730.3,39969.5
210,37824.8,37732.9,40016.4
211,37853.1,37767.0,40059.0
212,37875.3,37780.4,40074.6
213,37896.4,37797.2,40074.6
214,37897.8,37798.6,40104.2
215,37921.0,37823.5,40115.8
216,37960.7,37861.5,40127.5
217,37992.5,37887.4,40136.3
218,38038.7,37941.1,40158.9
219,38103.1,37998.0,40190.4
220,38121.1,38017.6,40197.7
221,38139.5,38036.0,40266.0
222,38139.5,38036.0,40276.1
223,38166.2,38062.7,40284.7
224,38183.5,38080.0,40296.8
225,38199.1,38095.6,40304.8
226,38200.1,38096.6,40361.6
227,38205.4,38101.9,40397.2
228,38217.5,38114.0,40405.7
229,38254.7,38153.0,40424.3
230,38254.8,38158.6,40428.9
231,38266.3,38170.1,40478.6
232,38274.1,38177.9,40559.1
233,38293.7,38197.5,40576.2
234,38314.9,38220.2,40597.9
235,38333.3,38238.6,40601.2
236,38348.7,38254.0,40605.9
237,38348.7,38254.0,40616.8
238,38370.4,38275.7,40616.8
239,38383.5,38300.3,40626.1
240,38393.7,38310.5,40654.8
241,38422.4,38345.6,40660.9
242,38447.2,38364.4,40660.9
243,38462.5,38394.2,40701.0
244,38503.2,38410.6,40712.0
245,38539.9,38454.5,40712.0
246,38549.9,38484.0,40720.8
247,38566.4,38485.8,40773.2
248,38581.5,38496.9,40822.3
249,38582.8,38502.6,40831.0
250,38583.2,38502.6,40838.2
251,38590.4,38507.4,40857.4
252,38590.4,38526.7,40884.0
253,38629.4,38550.8,40887.9
254,38685.9,38584.7,40924.9
255,38711.1,38615.9,40924.9
256,38711.6,38616.4,40953.4
257,38730.0,38634.8,40970.0
258,38753.2,38650.7,40991.2
259,38769.6,38683.2,40998.2
260,38786.5,38689.2,41041.5
261,38822.4,38722.0,41048.8
262,38832.9,38741.4,41052.9
263,38851.8,38756.6,41058.8
264,38856.2,38778.3,41060.2
265,38873.5,38778.3,41069.2
266,38873.5,38778.3,41074.3
267,38875.2,38780.0,41107.4
268,38888.5,38793.3,41115.0
269,38906.6,38811.4,41126.1
270,38922.6,38827.4,41126.1
271,38931.6,38828.0,41148.8
272,38939.7,38834.9,41205.7
273,38939.7,38834.9,41206.3
274,38939.7,38834.9,41206.3
275,38943.1,38834.9,41208.1
276,38943.1,38838.3,41212.2
277,38948.7,38843.9,41212.2
278,38959.4,38854.6,41248.1
279,38984.9,38877.2,41248.1
280,39009.8,38899.3,41248.1
281,39021.5,38916.7,41248.1
282,39050.2,38956.5,41249.8
283,39068.2,38963.3,41250.8
284,39078.6,38964.2,41273.9
285,39078.6,38964.2,41274.7
286,39092.5,38990.7,41279.6
287,39130.9,39014.9,41314.9
288,39140.5,39018.7,41314.9
289,39156.5,39035.2,41318.2
290,39159.6,39055.9,41318.2
291,39177.8,39055.9,41339.9
292,39188.3,39064.4,41345.7
293,39214.5,39090.6,41345.7
294,39225.2,39105.0,41345.7
295,39241.5,39111.7,41345.7
296,39262.6,39116.9,41345.7
297,39292.8,39128.7,41345.7
298,39295.0,39146.0,41367.7
299,39314.9,39158.0,41372.6
300,39314.9,39158.0,41372.6
301,39320.0,39158.0,41372.6
302,39356.5,39172.8,41372.6
303,39361.8,39173.2,41388.7
304,39381.7,39188.7,41413.5
305,39398.7,39205.9,41455.1
306,39403.7,39210.7,41484.5
307,39438.3,39243.4,41486.8
308,39456.7,39256.0,41504.2
309,39462.8,39268.6,41549.5
310,39509.2,39311.4,41549.5
311,39544.8,39348.4,41558.3
312,39563.4,39370.1,41572.5
313,39585.9,39390.8,41580.8
314,39602.1,39397.2,41585.9
315,39624.3,39413.7,41608.9
316,39638.1,39426.6,41670.3
317,39640.6,39441.6,41670.3
318,39654.0,39444.0,41672.3
319,39676.6,39467.8,41680.5
320,39706.9,39494.6,41692.0
321,39726.2,39525.3,41695.7
322,39765.0,39546.0,41697.7
323,39790.4,39571.1,41703.2
324,39790.9,39571.6,41746.2
325,39800.8,39584.3,41760.8
326,39825.4,39606.1,41768.9
327,39828.7,39614.4,41808.3
328,39853.8,39634.5,41824.0
329,39885.3,39654.3,41829.5
330,39885.3,39654.3,41837.4
331,39920.1,39675.3,41842.0
332,39936.7,39691.9,41849.8
333,39961.9,39717.1,41864.0
334,39966.1,39721.3,41924.3
335,39985.9,39741.1,41939.8
336,40000.4,39762.6,41944.1
337,40032.1,39794.3,41955.5
338,40038.3,39794.3,41955.5
339,40054.9,39817.1,41975.9
340,40067.7,39818.2,41989.9
341,40080.6,39833.3,42008.6
342,40101.7,39850.3,42044.8
343,40126.7,39871.7,42088.6
344,40169.0,39903.0,42116.8
345,40170.7,39904.7,42116.8
346,40170.7,39921.3,42121.3
347,40189.9,39939.7,42121.4
348,40231.4,39957.1,42121.4
349,40245.9,39971.6,42139.2
350,40258.4,39982.8,42187.5
351,40258.4,39982.8,42187.5
352,40283.4,39998.4,42210.9
353,40287.9,40002.9,42218.6
354,40293.5,40003.8,42227.2
355,40320.6,40030.4,42237.4
356,40332.3,40050.7,42245.5
357,40358.7,40058.1,42269.9
358,40395.6,40088.9,42283.2
359,40406.9,40100.2,42293.7
360,40412.9,40106.2,42309.4
361,40445.9,40120.6,42336.1
362,40449.6,40122.0,42357.0
363,40454.3,40122.2,42357.0
364,40477.3,40131.8,42363.5
365,40502.3,40161.5,42388.0
366,40544.9,40202.2,42409.6
367,40559.8,40213.1,42437.1
368,40591.9,40245.2,42446.7
369,40622.8,40270.7,42448.6
370,40627.8,40275.7,42448.6
371,40665.8,40305.8,42461.7
372,40689.1,40328.6,42464.3
373,40712.2,40346.0,42464.3
374,40743.5,40369.0,42465.6
375,40779.8,40395.2,42479.6
376,40812.3,40433.8,42483.7
377,40821.0,40447.4,42483.7
378,40840.8,40467.8,42483.7
379,40864.3,40488.1,42490.8
380,40896.1,40525.2,42491.2
381,40918.6,40554.0,42491.2
382,40928.4,40563.8,42510.6
383,40947.6,40572.3,42510.6
384,40956.2,40580.9,42510.6
385,40956.2,40580.9,42547.1
386,40956.2,40585.1,42547.5
387,40963.5,40589.3,42547.5
388,40967.7,40589.3,42549.6
389,40979.2,40600.4,42552.4
390,41007.3,40623.9,42553.0
391,41014.7,40632.3,42553.0
392,41014.7,40632.3,42553.0
393,41033.9,40651.5,42558.4
394,41044.9,40662.5,42597.3
395,41053.4,40671.0,42602.3
396,41071.8,40685.0,42602.3
397,41086.7,40709.5,42608.7
398,41097.4,40734.6,42624.1
399,41104.6,40742.1,42628.4
400,41123.0,40742.6,42639.0
401,41128.2,40759.0,42639.0
402,41139.4,40778.1,42639.0
403,41150.4,40784.6,42653.4
404,41162.9,40797.1,42666.8
405,41163.2,40815.8,42666.8
406,41187.3,40833.0,42666.8
407,41218.6,40859.8,42666.8
408,41227.6,40860.8,42684.2
409,41233.3,40864.8,42684.2
410,41253.9,40864.8,42684.2
411,41253.9,40864.8,42684.2
412,41272.8,40878.1,42685.9
413,41281.3,40878.1,42685.9
414,41303.6,40891.3,42686.1
415,41319.0,40906.7,42694.2
416,41326.4,40917.9,42698.8
417,41339.4,40940.5,42700.1
418,41354.0,40954.5,42705.0
419,41356.8,40957.2,42723.8
420,41360.9,40961.9,42723.8
421,41372.2,40976.0,42723.8
422,41374.1,40981.6,42724.4
423,41388.5,40994.6,42767.7
424,41392.6,40999.5,42796.2
425,41399.2,41002.8,42801.4
426,41399.5,41009.1,42836.7
427,41403.7,41013.3,42864.9
428,41412.0,41024.4,42876.3
429,41412.0,41024.4,42895.6
430,41413.1,41038.2,42905.7
431,41425.4,41053.2,42955.1
432,41426.4,41054.9,42973.4
433,41432.5,41061.0,42985.0
434,41432.5,41061.0,43006.1
435,41434.7,41067.9,43007.8
436,41460.9,41070.3,43017.0
437,41477.4,41086.8,43036.3
438,41501.6,41121.4,43038.1
439,41513.0,41138.2,43038.1
440,41526.9,41152.1,43069.2
441,41543.8,41178.1,43076.4
442,41549.4,41183.7,43097.8
443,41571.4,41197.8,43100.1
444,41606.1,41229.7,43115.9
445,41628.0,41241.6,43136.2
446,41628.0,41244.2,43152.1
447,41634.8,41253.7,43161.7
448,41637.8,41258.4,43174.7
449,41639.7,41260.3,43207.3
450,41661.0,41261.4,43227.6
451,41666.8,41267.2,43229.0
452,41666.8,41267.2,43229.0
453,41666.8,41267.2,43229.0
454,41684.1,41280.9,43232.1
455,41684.1,41280.9,43239.2
456,41700.0,41295.8,43246.1
457,41704.3,41301.3,43272.4
458,41706.6,41301.3,43289.6
459,41718.2,41331.4,43299.8
460,41719.7,41339.5,43336.8
461,41738.0,41354.4,43361.9
462,41739.8,41354.4,43387.2
463,41757.3,41368.8,43387.2
464,41775.7,41371.9,43415.3
465,41792.3,41397.6,43459.3
466,41821.2,41420.6,43484.1
467,41827.8,41430.1,43492.6
468,41830.4,41432.7,43495.6
469,41834.4,41438.0,43518.4
470,41843.5,41441.0,43536.7
471,41845.8,41449.2,43562.4
472,41848.0,41459.1,43613.0
473,41850.2,41462.3,43630.5
474,41877.6,41494.8,43630.5
475,41877.6,41503.1,43694.6
476,41884.6,41510.1,43717.0
477,41901.6,41541.5,43745.2
478,41904.4,41544.3,43745.2
479,41907.0,41546.9,43748.2
480,41960.1,41598.2,43767.7
481,41981.5,41619.6,43768.9
482,41998.9,41627.1,43783.5
483,42001.1,41629.3,43783.5
484,42011.4,41634.7,43816.2
485,42015.9,41639.2,43827.3
486,42044.9,41656.2,43857.4
487,42069.7,41671.2,43873.0
488,42078.2,41677.5,43873.9
489,42090.9,41686.4,43882.7
490,42094.6,41697.4,43893.2
491,42108.7,41708.0,43894.6
492,42118.8,41717.3,43907.7
493,42139.6,41739.5,43920.9
494,42146.8,41744.3,43936.9
495,42167.9,41756.5,43936.9
496,42168.2,41761.1,43972.8
497,42196.7,41775.8,43981.6
498,42223.5,41792.6,44009.2
499,42226.5,41792.6,44020.2
500,42254.9,41807.2,44020.2
501,42261.3,41816.1,44022.2
502,42287.8,41816.5,44024.1
503,42314.0,41838.9,44024.1
504,42341.3,41877.6,44045.6
505,42343.6,41894.7,44069.4
506,42375.8,41913.3,44093.4
507,42377.2,41916.0,44143.0
508,42392.8,41918.8,44173.9
509,42427.2,41941.7,44174.3
510,42433.5,41943.9,44196.0
511,42452.0,41959.6,44210.9
512,42486.7,41980.7,44217.7
513,42506.2,41999.6,44219.1
514,42530.9,42046.8,44219.1
515,42531.8,42063.4,44220.9
516,42561.8,42066.0,44244.7
517,42579.9,42074.1,44248.4
518,42600.1,42105.0,44248.4
519,42624.5,42123.0,44259.7
520,42626.7,42142.4,44295.7
521,42653.9,42168.5,44301.6
522,42666.4,42194.5,44301.6
523,42675.8,42201.3,44310.7
524,42728.3,42245.0,44330.0
525,42755.2,42271.4,44337.0
526,42773.9,42300.9,44339.4
527,42785.4,42307.7,44383.1
528,42805.8,42331.7,44439.9
529,42811.7,42331.7,44439.9
530,42816.8,42342.7,44449.6
531,42822.9,42345.5,44492.7
532,42850.4,42378.8,44518.5
533,42863.5,42378.8,44541.9
534,42893.3,42399.9,44542.6
535,42895.9,42414.8,44542.6
536,42919.2,42432.8,44573.2
537,42941.7,42450.1,44594.8
538,42951.8,42460.2,44640.1
539,42961.9,42460.3,44693.3
540,42972.0,42470.9,44716.4
541,42973.6,42473.9,44716.4
542,42980.4,42475.8,44725.9
543,42980.4,42475.8,44725.9
544,42982.9,42478.8,44750.3
545,42995.0,42479.3,44756.0
546,43026.3,42489.9,44789.2
547,43040.9,42503.9,44795.2
548,43081.4,42549.0,44800.7
549,43113.2,42564.0,44800.7
550,43134.2,42577.9,44801.5
551,43146.6,42590.4,44825.2
552,43155.2,42626.9,44826.6
553,43155.9,42629.5,44829.7
554,43155.9,42629.5,44869.2
555,43155.9,42629.5,44897.9
556,43159.0,42634.1,44897.9
557,43165.5,42638.8,44897.9
558,43167.8,42647.8,44907.2
559,43178.1,42647.8,44961.7
560,43187.0,42660.8,44962.0
561,43204.8,42672.7,44966.1
562,43216.0,42702.1,44973.3
563,43241.7,42712.5,44974.6
564,43243.6,42712.5,44987.7
565,43251.6,42740.7,44990.3
566,43254.8,42740.7,45007.8
567,43254.8,42740.7,45025.5
568,43257.7,42743.9,45028.3
569,43262.3,42748.5,45040.5
570,43286.6,42765.1,45046.3
571,43306.0,42767.3,45059.8
572,43307.1,42768.4,45063.6
573,43320.7,42772.0,45088.6
574,43320.7,42772.0,45108.5
575,43320.7,42781.6,45147.0
576,43325.1,42784.5,45147.0
577,43325.1,42784.5,45155.1
578,43325.1,42784.5,45175.5
579,43344.6,42795.4,45190.4
580,43347.3,42798.1,45191.0
581,43360.7,42798.1,45191.0
582,43363.3,42798.1,45235.4
583,43365.7,42798.1,45244.5
584,43372.1,42798.1,45255.1
585,43385.0,42802.2,45265.7
586,43385.0,42802.8,45265.7
587,43385.0,42802.8,45294.0
588,43409.1,42807.0,45299.4
589,43414.2,42817.3,45299.6
590,43437.2,42841.8,45314.3
591,43441.5,42842.9,45314.3
592,43444.4,42848.2,45329.6
593,43446.9,42848.2,45359.0
594,43471.2,42864.1,45359.0
595,43493.9,42877.9,45382.6
596,43510.8,42899.5,45382.6
597,43510.8,42908.2,45399.5
598,43518.6,42920.2,45399.5
599,43521.1,42926.2,45399.5
600,43527.8,42926.2,45419.0
601,43534.2,42926.2,45443.9
602,43553.0,42931.7,45469.0
603,43553.5,42936.3,45479.1
604,43570.4,42951.0,45481.8
605,43570.4,42953.9,45486.3
606,43608.5,42961.8,45504.5
607,43613.1,42961.8,45527.6
608,43629.2,42987.8,45527.6
609,43644.6,42987.8,45533.1
610,43664.4,42993.1,45537.8
611,43708.7,43014.9,45573.8
612,43736.1,43033.6,45598.1
613,43741.6,43060.1,45598.1
614,43757.4,43066.7,45633.2
615,43772.5,43083.5,45633.7
616,43791.2,43083.5,45652.3
617,43815.5,43084.6,45658.0
618,43833.8,43087.2,45691.4
619,43852.4,43087.2,45720.2
620,43882.1,43087.2,45727.3
621,43882.4,43116.0,45769.4
622,43914.9,43116.0,45769.4
623,43935.8,43137.1,45776.0
624,43943.4,43137.1,45786.8
625,43956.6,43137.1,45814.8
626,43971.3,43147.9,45823.7
627,43989.4,43177.3,45824.9
628,43996.1,43180.6,45844.1
629,44008.8,43206.2,45844.1
630,44034.9,43208.5,45872.9
631,44034.9,43208.5,45878.5
632,44044.4,43209.5,45892.2
633,44067.4,43209.5,45903.4
634,44068.3,43210.3,45939.1
635,44082.9,43217.9,45942.6
636,44107.2,43233.6,45942.6
637,44107.2,43236.5,45966.0
638,44145.7,43240.7,45966.0
639,44152.5,43246.9,45979.7
640,44176.1,43246.9,45979.7
641,44219.5,43296.5,45992.6
642,44258.5,43310.6,46028.3
643,44278.4,43333.8,46028.3
644,44295.3,43342.0,46055.6
645,44316.8,43342.2,46090.3
646,44324.8,43357.7,46106.1
647,44350.9,43365.4,46117.4
648,44380.5,43380.3,46144.4
649,44393.2,43400.5,46149.3
650,44418.4,43415.8,46150.9
651,44424.4,43431.8,46172.5
652,44463.6,43439.9,46201.8
653,44469.6,43454.7,46239.8
654,44494.7,43456.4,46239.8
655,44497.5,43466.0,46243.4
656,44528.9,43486.7,46248.1
657,44551.5,43486.7,46282.1
658,44585.5,43486.7,46282.1
659,44609.9,43504.0,46287.8
660,44614.5,43528.0,46296.1
661,44633.9,43551.1,46307.5
662,44676.8,43559.0,46331.2
663,44737.0,43629.1,46333.0
664,44755.8,43661.7,46333.0
665,44765.7,43661.7,46378.5
666,44799.0,43671.5,46378.5
667,44846.1,43695.1,46389.7
668,44862.1,43723.3,46403.7
669,44864.0,43730.7,46412.2
670,44864.0,43743.3,46416.4
671,44881.0,43744.7,46421.1
672,44898.0,43770.9,46437.0
673,44898.0,43790.9,46437.0
674,44904.9,43809.4,46460.5
675,44937.0,43823.7,46460.5
676,44975.8,43827.6,46460.5
677,44987.2,43870.6,46475.8
678,45004.6,43889.6,46483.4
679,45021.3,43893.3,46483.4
680,45032.1,43895.7,46483.4
681,45040.8,43909.2,46483.4
682,45042.8,43920.5,46483.4
683,45054.2,43920.8,46483.4
684,45060.7,43937.4,46498.6
685,45067.3,43937.4,46498.6
686,45076.7,43959.7,46498.6
687,45076.7,43966.1,46499.2
688,45093.5,43984.3,46499.2
689,45104.4,43995.2,46515.0
690,45113.7,44011.6,46515.0
691,45123.4,44018.7,46521.0
692,45154.9,44033.3,46521.0
693,45181.2,44051.3,46535.4
694,45186.8,44060.5,46535.4
695,45197.2,44067.9,46550.1
696,45200.1,44082.6,46580.3
697,45201.6,44095.7,46580.3
698,45205.9,44095.7,46604.7
699,45215.5,44104.8,46634.6
700,45224.5,44110.7,46634.6
701,45254.5,44119.4,46634.6
702,45269.0,44119.8,46634.6
703,45294.4,44123.6,46667.9
704,45319.6,44128.3,46675.7
705,45319.6,44143.3,46687.9
706,45346.5,44168.5,46712.2
707,45347.5,44184.1,46716.5
708,45352.0,44191.6,46722.9
709,45362.3,44217.5,46723.3
710,45364.7,44247.2,46723.3
711,45369.9,44275.5,46728.4
712,45376.4,44277.6,46736.7
713,45382.0,44283.5,46754.4
714,45399.7,44285.0,46767.3
715,45429.9,44292.1,46781.6
716,45441.2,44293.1,46787.1
717,45454.9,44318.3,46787.4
718,45454.9,44333.7,46806.9
719,45468.9,44356.4,46820.7
720,45475.9,44358.3,46820.7
721,45475.9,44358.3,46820.7
722,45484.0,44371.5,46820.7
723,45487.9,44393.1,46849.4
724,45488.3,44401.0,46855.6
725,45490.8,44415.9,46862.5
726,45497.3,44428.7,46864.5
727,45506.5,44466.6,46881.5
728,45514.0,44468.7,46904.3
729,45514.8,44468.7,46920.8
730,45518.6,44493.9,46937.7
731,45536.6,44495.3,46937.7
732,45547.6,44495.3,46947.2
733,45567.2,44504.3,46953.8
734,45567.9,44518.0,46956.1
735,45590.5,44518.0,46980.7
736,45591.1,44529.0,46993.1
737,45616.0,44543.4,47003.9
738,45623.7,44543.4,47025.5
739,45638.8,44549.5,47029.3
740,45643.8,44549.5,47044.7
741,45651.3,44551.3,47052.7
742,45671.0,44568.6,47062.3
743,45676.2,44572.4,47064.0
744,45678.5,44572.7,47093.8
745,45692.9,44578.7,47096.2
746,45692.9,44578.7,47096.2
747,45692.9,44578.9,47110.4
748,45701.7,44592.2,47110.4
749,45731.5,44602.9,47152.1
750,45731.5,44602.9,47152.1
751,45755.2,44607.8,47152.1
752,45765.9,44619.8,47163.1
753,45767.0,44629.0,47165.1
754,45772.3,44634.4,47165.1
755,45776.1,44651.2,47165.1
756,45782.5,44653.3,47174.9
757,45787.6,44677.4,47180.3
758,45806.6,44677.4,47180.3
759,45827.7,44677.4,47181.6
760,45853.0,44693.6,47181.6
761,45856.3,44705.8,47202.1
762,45870.1,44719.6,47236.8
763,45877.2,44721.1,47236.8
764,45909.7,44722.4,47257.0
765,45917.8,44732.1,47260.1
766,45920.1,44732.1,47275.4
767,45927.1,44734.7,47294.2
768,45927.1,44735.8,47295.1
769,45927.9,44738.3,47299.7
770,45930.0,44751.9,47299.7
771,45946.1,44751.9,47315.6
772,45953.7,44751.9,47325.0
773,45966.0,44756.9,47325.0
774,45988.6,44756.9,47330.0
775,46011.5,44761.1,47331.4
776,46011.5,44761.1,47335.7
777,46036.2,44769.3,47335.7
778,46050.4,44771.3,47335.7
779,46059.5,44776.7,47345.8
780,46059.5,44792.0,47364.1
781,46061.2,44806.5,47366.8
782,46061.2,44806.5,47366.8
783,46061.2,44806.8,47379.2
784,46073.5,44809.7,47386.3
785,46079.5,44811.5,47386.3
786,46091.4,44839.4,47396.8
787,46100.3,44839.4,47425.7
788,46106.4,44839.4,47425.7
789,46113.0,44842.1,47425.7
790,46149.1,44842.1,47425.7
791,46161.3,44844.2,47427.1
792,46191.6,44844.2,47434.3
793,46193.9,44860.8,47434.3
794,46202.3,44860.8,47440.0
795,46202.3,44874.4,47440.0
796,46202.3,44885.9,47452.0
797,46202.6,44892.5,47462.5
798,46214.3,44892.5,47481.5
799,46216.9,44896.5,47484.0
800,46222.7,44896.5,47484.0
801,46240.7,44898.2,47504.9
802,46240.7,44898.2,47504.9
803,46275.3,44898.2,47507.1
804,46282.8,44906.9,47516.1
805,46293.0,44913.8,47521.8
806,46304.6,44929.0,47521.8
807,46322.1,44942.8,47534.6
808,46338.0,44945.0,47534.6
809,46356.1,44946.4,47534.6
810,46366.9,44946.5,47550.8
811,46379.9,44953.7,47555.4
812,46407.1,44961.4,47565.3
813,46407.1,44961.4,47573.9
814,46407.1,44965.3,47573.9
815,46407.1,44970.8,47582.3
816,46413.6,44981.9,47605.9
817,46428.5,44983.8,47605.9
818,46441.5,44992.3,47605.9
819,46474.6,45019.9,47628.9
820,46476.0,45026.2,47629.7
821,46489.1,45028.4,47629.7
822,46520.4,45028.4,47634.3
823,46543.9,45041.7,47635.6
824,46546.0,45051.8,47638.6
825,46583.6,45058.4,47638.6
826,46583.6,45066.7,47670.0
827,46584.6,45123.6,47670.0
828,46590.8,45155.3,47692.1
829,46590.8,45176.4,47694.7
830,46602.3,45176.4,47734.6
831,46604.8,45182.2,47746.7
832,46608.5,45199.7,47746.7
833,46608.5,45224.7,47760.2
834,46636.8,45225.4,47760.2
835,46639.2,45236.3,47766.2
836,46639.2,45238.5,47773.6
837,46639.5,45238.5,47792.1
838,46653.8,45243.9,47792.1
839,46677.4,45244.5,47812.2
840,46685.5,45263.5,47812.2
841,46685.5,45263.5,47812.6
842,46695.8,45263.5,47851.9
843,46705.6,45263.5,47851.9
844,46719.9,45267.4,47870.3
845,46722.2,45285.7,47870.7
846,46740.5,45298.4,47893.4
847,46740.5,45298.4,47900.1
848,46755.5,45301.1,47908.4
849,46767.4,45301.1,47908.4
850,46779.6,45301.1,47910.0
851,46786.6,45301.4,47910.0
852,46786.6,45301.4,47933.8
853,46797.5,45301.4,47964.7
854,46807.1,45301.4,47967.1
855,46807.1,45312.7,47967.1
856,46813.1,45326.3,47967.1
857,46831.5,45330.5,47967.1
858,46831.5,45349.3,47979.5
859,46838.3,45349.4,47993.0
860,46838.3,45362.1,47993.0
861,46851.0,45374.1,47993.0
862,46854.7,45393.2,48010.5
863,46861.0,45407.4,48019.7
864,46881.1,45436.6,48034.5
865,46898.8,45456.0,48042.5
866,46907.0,45476.7,48050.7
867,46916.7,45497.1,48067.0
868,46916.7,45520.8,48087.9
869,46918.3,45520.8,48106.2
870,46937.1,45520.8,48112.0
871,46940.4,45520.8,48118.6
872,46976.3,45529.3,48127.5
873,47002.7,45529.3,48155.3
874,47037.4,45530.7,48175.6
875,47049.8,45531.5,48231.2
876,47067.0,45540.1,48244.5
877,47069.2,45549.5,48251.4
878,47070.7,45550.2,48280.5
879,47072.2,45561.2,48304.2
880,47081.5,45561.2,48304.2
881,47086.8,45561.2,48304.2
882,47088.1,45580.5,48317.6
883,47107.2,45580.5,48349.3
884,47112.4,45581.1,48361.0
885,47127.4,45615.7,48361.0
886,47142.0,45615.7,48395.3
887,47157.1,45643.1,48414.0
888,47157.1,45647.6,48451.0
889,47159.4,45660.3,48451.0
890,47159.4,45660.3,48453.2
891,47159.4,45660.3,48453.9
892,47168.4,45673.6,48453.9
893,47173.0,45679.0,48465.9
894,47190.6,45680.6,48465.9
895,47211.6,45693.1,48484.8
896,47241.2,45699.9,48493.2
897,47241.3,45704.6,48515.0
898,47260.3,45731.0,48533.8
899,47263.4,45745.8,48539.2
900,47283.1,45753.0,48542.4
901,47283.1,45786.9,48553.6
902,47284.8,45791.3,48553.6
903,47302.8,45811.5,48557.8
904,47314.9,45814.1,48577.0
905,47327.3,45818.2,48577.7
906,47345.4,45819.3,48598.9
907,47378.7,45820.6,48607.6
908,47383.6,45824.4,48626.4
909,47407.2,45827.8,48637.8
910,47416.5,45827.8,48637.8
911,47421.2,45846.1,48641.8
912,47432.6,45846.7,48641.8
913,47448.2,45851.6,48641.8
914,47470.3,45851.6,48654.2
915,47474.8,45865.7,48654.2
916,47475.4,45902.3,48654.2
917,47491.9,45904.3,48656.1
918,47491.9,45922.3,48656.1
919,47521.3,45922.3,48656.1
920,47521.8,45923.7,48656.1
921,47532.2,45936.1,48661.1
922,47533.4,45945.9,48661.4
923,47552.5,45952.7,48690.4
924,47563.1,45956.4,48698.2
925,47584.8,45960.9,48698.2
926,47595.6,45971.0,48731.3
927,47596.0,46008.3,48749.7
928,47599.9,46033.3,48750.8
929,47599.9,46055.0,48752.8
930,47614.6,46095.8,48752.8
931,47629.4,46096.8,48754.6
932,47636.8,46105.8,48761.0
933,47678.2,46118.2,48769.4
934,47698.2,46147.5,48769.4
935,47716.8,46148.1,48769.4
936,47743.3,46148.1,48779.0
937,47755.4,46148.1,48798.8
938,47778.9,46153.3,48798.8
939,47787.7,46153.3,48808.0
940,47791.7,46160.9,48809.1
941,47807.8,46160.9,48815.2
942,47828.8,46182.8,48833.3
943,47850.2,46215.1,48833.3
944,47852.9,46223.8,48841.2
945,47861.8,46235.3,48855.6
946,47875.0,46235.3,48869.8
947,47878.0,46236.5,48871.1
948,47897.3,46244.3,48871.1
949,47906.9,46284.9,48871.1
950,47910.2,46294.5,48871.1
951,47911.3,46325.0,48871.1
952,47919.6,46348.7,48874.2
953,47935.1,46353.7,48874.2
954,47945.8,46373.5,48874.2
955,47947.8,46373.5,48896.4
956,47951.9,46383.3,48896.4
957,47954.1,46383.3,48900.1
958,47965.0,46393.1,48900.1
959,47970.0,46397.1,48901.5
960,47981.7,46397.7,48901.5
961,47984.1,46397.7,48912.5
962,47988.9,46421.3,48913.1
963,47988.9,46429.4,48913.1
964,48002.1,46441.9,48913.1
965,48020.4,46461.3,48913.1
966,48027.1,46479.7,48917.9
967,48027.1,46498.2,48917.9
968,48028.9,46499.8,48932.4
969,48038.9,46529.1,48952.3
970,48045.7,46529.1,48952.3
971,48045.7,46541.2,48952.3
972,48058.9,46553.3,48952.3
973,48081.0,46565.8,48980.5
974,48098.6,46568.5,48980.5
975,48112.4,46593.8,48986.8
976,48120.7,46602.1,48990.1
977,48121.2,46615.6,48999.8
978,48156.3,46617.1,49020.4
979,48161.4,46629.4,49022.6
980,48161.4,46642.5,49022.6
981,48166.4,46642.5,49035.5
982,48175.5,46646.0,49035.5
983,48175.5,46646.0,49035.8
984,48177.6,46652.7,49039.8
985,48189.8,46660.2,49039.8
986,48191.4,46676.3,49039.8
987,48196.0,46686.8,49043.8
988,48219.8,46689.4,49044.4
989,48232.0,46699.9,49044.4
990,48239.3,46700.6,49072.7
991,48244.0,46707.3,49072.7
992,48253.7,46707.3,49072.7
993,48253.7,46707.3,49072.7
994,48253.7,46717.2,49077.4
995,48253.7,46719.1,49080.9
996,48259.2,46719.1,49087.8
997,48266.0,46719.1,49087.8
998,48266.9,46719.3,49088.5
999,48266.9,46721.1,49091.1
1000,48266.9,46743.6,49091.1
1001,48266.9,46759.2,49091.1
1002,48281.7,46759.2,49099.0
1003,48301.0,46759.2,49105.1
1004,48306.2,46766.6,49105.1
1005,48306.2,46775.7,49105.1
1006,48306.2,46776.4,49109.8
1007,48306.2,46779.9,49111.1
1008,48309.1,46785.1,49111.1
1009,48326.8,46799.8,49111.1
1010,48338.2,46802.8,49117.8
1011,48338.3,46807.8,49117.8
1012,48347.5,46820.1,49150.6
1013,48350.6,46835.0,49150.6
1014,48351.0,46844.8,49150.6
1015,48373.7,46846.3,49150.6
1016,48375.2,46853.2,49160.8
1017,48376.6,46867.5,49160.8
1018,48390.9,46867.5,49160.8
1019,48411.3,46867.5,49174.8
1020,48447.0,46867.6,49174.8
1021,48447.0,46869.1,49177.6
1022,48460.4,46871.8,49177.6
1023,48473.3,46871.8,49177.6
1024,48491.9,46883.7,49177.6
1025,48500.6,46886.7,49182.2
1026,48503.1,46908.8,49182.2
1027,48511.9,46916.9,49182.2
1028,48521.6,46925.3,49182.2
1029,48547.5,46925.3,49182.2
1030,48548.8,46925.3,49182.2
1031,48550.8,46935.4,49182.2
1032,48557.8,46952.3,49203.4
1033,48558.4,46964.4,49203.4
1034,48575.4,46966.5,49203.4
1035,48576.7,46966.5,49205.8
1036,48576.7,46974.3,49205.8
1037,48579.6,46983.7,49214.3
1038,48587.8,46988.1,49215.1
1039,48587.8,46989.9,49215.1
1040,48609.2,46996.1,49217.2
1041,48609.7,46998.1,49217.2
1042,48609.7,47010.9,49217.2
1043,48633.6,47017.5,49217.2
1044,48656.1,47028.2,49219.7
1045,48668.2,47028.2,49219.7
1046,48683.3,47028.2,49219.7
1047,48696.2,47034.4,49228.3
1048,48704.4,47034.4,49228.3
1049,48704.4,47034.4,49228.3
1050,48706.4,47034.4,49228.3
1051,48721.8,47056.0,49228.3
1052,48725.2,47056.0,49236.0
1053,48741.4,47056.0,49239.6
1054,48752.8,47060.7,49250.0
1055,48767.3,47060.7,49250.0
1056,48767.3,47071.2,49251.3
1057,48782.6,47083.3,49253.1
1058,48797.3,47093.0,49253.1
1059,48813.8,47093.8,49262.5
1060,48831.9,47093.8,49280.6
1061,48831.9,47103.1,49280.6
1062,48831.9,47109.9,49280.6
1063,48836.4,47122.1,49298.7
1064,48854.9,47122.1,49298.7
1065,48854.9,47122.1,49300.1
1066,48854.9,47128.5,49300.1
1067,48885.6,47128.8,49304.9
1068,48885.6,47133.1,49304.9
1069,48885.6,47134.8,49310.5
1070,48886.0,47139.3,49310.5
1071,48886.0,47147.6,49310.5
1072,48886.0,47174.4,49310.5
1073,48904.4,47186.3,49310.5
1074,48905.5,47186.3,49310.5
1075,48905.5,47201.1,49310.5
1076,48914.4,47209.7,49310.5
1077,48914.4,47227.0,49310.5
1078,48915.6,47240.8,49310.5
1079,48915.6,47243.3,49310.5
1080,48915.6,47245.4,49310.5
1081,48915.6,47249.6,49310.5
1082,48927.5,47251.1,49324.5
1083,48927.5,47267.6,49324.5
1084,48927.5,47267.6,49324.5
1085,48934.7,47267.6,49324.5
1086,48935.6,47271.9,49324.5
1087,48946.7,47271.9,49324.5
1088,48958.7,47283.2,49324.5
1089,48962.6,47303.9,49324.5
1090,48970.3,47322.1,49324.5
1091,48970.3,47351.7,49324.5
1092,48970.3,47370.2,49324.5
1093,48974.6,47383.7,49324.5
1094,48974.6,47383.7,49325.9
1095,48978.6,47386.0,49325.9
1096,48978.6,47386.0,49325.9
1097,48982.1,47392.6,49326.8
1098,48994.7,47392.6,49326.8
1099,49001.5,47392.6,49326.8
1100,49001.5,47392.6,49326.8
1101,49001.5,47393.9,49326.8
1102,49002.8,47411.6,49326.8
1103,49002.8,47411.6,49326.8
1104,49009.4,47413.1,49329.5
1105,49010.6,47414.3,49329.5
1106,49010.6,47415.8,49329.5
1107,49035.6,47415.8,49329.5
1108,49035.6,47422.4,49329.5
1109,49035.6,47439.3,49329.5
1110,49035.6,47439.3,49329.5
1111,49053.6,47452.8,49329.5
1112,49053.6,47454.0,49329.5
1113,49068.7,47454.0,49329.5
1114,49068.7,47454.0,49329.5
1115,49068.7,47458.0,49329.5
1116,49070.8,47481.9,49329.5
1117,49079.1,47499.4,49329.5
1118,49079.1,47501.3,49329.5
1119,49079.1,47511.5,49329.5
1120,49079.1,47529.0,49329.5
1121,49079.1,47529.0,49329.5
1122,49079.1,47534.8,49329.5
1123,49080.0,47534.8,49329.5
1124,49082.7,47547.0,49330.3
1125,49084.6,47564.1,49330.3
1126,49084.6,47571.4,49330.3
1127,49088.6,47573.1,49333.3
1128,49100.0,47573.1,49333.3
1129,49101.7,47596.5,49333.3
1130,49102.2,47596.6,49333.3
1131,49102.2,47613.9,49333.3
1132,49102.2,47615.3,49333.3
1133,49115.7,47623.5,49333.3
1134,49115.7,47623.5,49333.3
1135,49118.5,47623.5,49333.3
1136,49118.5,47629.7,49333.3
1137,49118.5,47635.1,49333.3
1138,49123.4,47637.7,49334.6
1139,49138.4,47646.5,49339.1
1140,49138.4,47647.5,49339.1
1141,49155.3,47647.5,49339.1
1142,49159.3,47657.9,49339.1
1143,49159.3,47657.9,49340.5
1144,49169.2,47657.9,49340.5
1145,49171.5,47668.3,49340.5
1146,49173.0,47668.5,49342.1
1147,49173.0,47668.5,49342.1
1148,49173.0,47674.1,49342.1
1149,49173.0,47674.1,49342.1
1150,49182.5,47681.6,49342.1
1151,49196.7,47683.1,49342.1
1152,49199.3,47683.1,49342.1
1153,49199.3,47700.3,49342.1
1154,49215.6,47734.8,49342.4
1155,49221.4,47738.8,49342.4
1156,49221.4,47738.8,49342.4
1157,49222.0,47738.8,49342.4
1158,49222.0,47745.0,49342.4
1159,49222.0,47745.0,49342.4
1160,49222.0,47755.6,49342.4
1161,49222.0,47760.3,49342.4
1162,49230.9,47764.9,49342.4
1163,49247.8,47769.1,49342.4
1164,49255.9,47786.8,49342.4
1165,49255.9,47805.2,49342.4
1166,49256.7,47805.2,49342.4
1167,49256.7,47805.2,49342.4
1168,49265.0,47812.2,49342.4
1169,49265.0,47821.9,49342.4
1170,49281.1,47821.9,49342.4
1171,49285.4,47826.1,49342.4
1172,49299.0,47837.5,49342.4
1173,49299.0,47846.4,49342.4
1174,49299.0,47849.4,49342.4
1175,49299.0,47849.4,49342.4
1176,49299.8,47849.4,49344.0
1177,49299.8,47850.9,49344.0
1178,49301.7,47859.6,49344.0
1179,49301.7,47859.6,49344.0
1180,49304.7,47868.5,49344.0
1181,49304.9,47868.5,49344.0
1182,49304.9,47880.0,49344.0
1183,49315.3,47881.5,49344.0
1184,49318.9,47881.5,49344.0
1185,49318.9,47892.6,49344.0
1186,49318.9,47898.0,49345.7
1187,49318.9,47920.0,49345.7
1188,49318.9,47935.9,49345.7
1189,49318.9,47939.6,49345.7
1190,49319.0,47946.7,49346.3
1191,49319.0,47946.7,49346.3
1192,49326.1,47946.7,49346.3
1193,49326.1,47946.7,49347.0
1194,49327.4,47946.7,49347.0
1195,49327.4,47957.3,49347.0
1196,49327.4,47957.3,49347.0
1197,49327.4,47957.3,49347.0
1198,49327.4,47957.8,49347.0
1199,49327.4,47957.8,49347.0
1200,49330.7,47957.8,49347.0
1201,49330.7,47957.8,49347.0
1202,49330.7,47957.8,49347.0
1203,49331.0,47957.8,49347.0
1204,49332.9,47970.3,49347.0
1205,49332.9,47983.7,49347.0
1206,49332.9,47983.7,49347.0
1207,49332.9,47983.7,49347.0
1208,49335.6,47991.5,49347.0
1209,49336.8,48014.0,49347.0
1210,49336.8,48019.7,49347.0
1211,49336.8,48028.9,49347.7
1212,49336.8,48053.9,49347.7
1213,49338.0,48053.9,49347.7
1214,49338.0,48062.7,49347.7
1215,49338.7,48065.5,49347.7
1216,49338.7,48065.6,49347.7
1217,49338.7,48082.9,49347.7
1218,49338.7,48093.8,49347.7
1219,49338.7,48095.2,49347.7
1220,49338.8,48099.7,49347.7
1221,49338.8,48100.0,49347.7
1222,49338.8,48107.0,49347.7
1223,49340.8,48116.7,49347.7
1224,49340.8,48123.4,49347.7
1225,49340.8,48123.4,49347.7
1226,49340.8,48123.8,49347.7
1227,49340.8,48123.8,49347.7
1228,49340.8,48137.5,49347.7
1229,49340.8,48137.5,49347.7
1230,49340.8,48140.3,49347.7
1231,49340.8,48140.3,49347.7
1232,49340.8,48140.3,49347.7
1233,49340.8,48145.5,49347.7
1234,49340.8,48152.9,49349.6
1235,49340.8,48152.9,49349.6
1236,49340.8,48152.9,49349.6
1237,49340.8,48159.7,49349.6
1238,49340.8,48159.7,49349.6
1239,49340.8,48163.4,49349.6
1240,49340.8,48163.4,49349.6
1241,49340.8,48163.4,49349.6
1242,49340.8,48163.4,49349.6
1243,49340.8,48163.4,49349.6
1244,49340.8,48173.7,49349.6
1245,49340.8,48173.7,49349.6
1246,49340.8,48173.7,49349.6
1247,49340.8,48173.7,49349.6
1248,49340.8,48173.7,49349.6
1249,49340.8,48173.7,49349.6
1250,49340.8,48173.9,49349.6
1251,49340.8,48177.8,49349.6
1252,49340.8,48190.9,49349.6
1253,49340.8,48194.0,49349.6
1254,49340.8,48194.0,49349.6
1255,49340.8,48197.6,49349.6
1256,49340.8,48201.2,49349.6
1257,49340.8,48201.2,49349.6
1258,49342.3,48202.7,49349.6
1259,49342.3,48202.7,49349.6
1260,49342.3,48217.5,49349.6
1261,49342.3,48218.0,49349.6
1262,49342.3,48228.8,49349.6
1263,49342.3,48235.0,49349.6
1264,49342.3,48237.8,49349.6
1265,49344.1,48237.8,49349.6
1266,49344.1,48237.8,49349.6
1267,49344.1,48237.8,49349.6
1268,49344.2,48239.4,49349.6
1269,49344.2,48239.4,49349.6
1270,49344.2,48239.4,49349.6
1271,49346.0,48240.9,49349.6
1272,49346.0,48254.4,49349.6
1273,49346.0,48254.4,49349.6
1274,49346.0,48263.9,49349.6
1275,49346.0,48269.1,49349.6
1276,49346.0,48269.4,49349.6
1277,49346.0,48271.3,49349.6
1278,49346.0,48275.2,49349.6
1279,49346.0,48286.2,49349.6
1280,49346.0,48290.7,49349.6
1281,49346.0,48291.3,49349.6
1282,49346.0,48291.7,49349.6
1283,49346.0,48291.7,49350.7
1284,49346.0,48299.0,49350.7
1285,49346.2,48302.9,49350.7
1286,49346.2,48302.9,49350.7
1287,49346.2,48302.9,49350.7
1288,49346.2,48307.0,49350.7
1289,49346.2,48307.7,49350.7
1290,49346.2,48307.7,49350.7
1291,49346.2,48308.8,49350.7
1292,49346.2,48312.8,49350.7
1293,49346.2,48314.4,49351.1
1294,49348.5,48316.5,49351.1
1295,49348.5,48333.5,49351.1
1296,49348.5,48345.7,49351.1
1297,49348.5,48358.6,49351.1
1298,49348.7,48358.6,49351.1
1299,49348.7,48360.4,49351.1
1300,49348.7,48372.1,49351.1
1301,49348.7,48402.6,49351.1
1302,49350.1,48403.0,49351.1
1303,49350.1,48405.2,49351.1
1304,49350.1,48417.5,49353.7
1305,49350.1,48429.9,49353.7
1306,49350.1,48463.0,49353.7
1307,49350.1,48470.3,49353.7
1308,49350.3,48479.7,49355.7
1309,49350.3,48479.7,49355.7
1310,49350.3,48479.7,49355.7
1311,49350.3,48479.7,49357.8
1312,49350.3,48497.3,49357.8
1313,49350.3,48497.8,49357.8
1314,49350.3,48497.8,49357.8
1315,49350.3,48509.0,49359.7
1316,49350.3,48509.0,49359.7
1317,49350.3,48517.2,49359.7
1318,49350.3,48525.7,49359.7
1319,49350.3,48540.4,49359.7
1320,49350.3,48551.8,49359.7
1321,49350.3,48570.3,49359.7
1322,49350.3,48576.0,49359.7
1323,49350.3,48579.7,49359.7
1324,49350.3,48579.7,49359.7
1325,49350.3,48579.7,49359.7
1326,49350.3,48579.7,49359.7
1327,49350.3,48579.7,49359.7
1328,49350.3,48579.7,49359.7
1329,49350.3,48595.3,49359.7
1330,49350.3,48605.0,49359.7
1331,49350.3,48607.5,49359.7
1332,49350.3,48607.5,49359.7
1333,49350.3,48611.3,49359.7
1334,49350.3,48613.2,49359.7
1335,49350.3,48617.6,49359.7
1336,49350.3,48629.8,49359.7
1337,49350.3,48637.1,49359.7
1338,49350.3,48637.1,49361.1
1339,49350.3,48651.8,49361.1
1340,49350.3,48651.8,49361.1
1341,49350.3,48651.8,49361.1
1342,49350.3,48651.8,49361.1
1343,49350.3,48651.8,49361.1
1344,49350.3,48651.8,49361.1
1345,49350.3,48659.7,49363.6
1346,49350.3,48671.9,49363.6
1347,49350.3,48672.5,49363.6
1348,49350.3,48673.5,49363.6
1349,49350.3,48705.4,49363.6
1350,49350.3,48709.3,49363.6
1351,49350.6,48709.3,49363.6
1352,49350.6,48710.2,49363.6
1353,49350.6,48721.1,49363.6
1354,49350.6,48736.1,49363.6
1355,49350.6,48737.5,49363.6
1356,49350.6,48758.9,49363.6
1357,49350.6,48772.0,49363.6
1358,49352.4,48783.6,49363.6
1359,49352.4,48789.1,49363.6
1360,49352.4,48795.2,49363.6
1361,49352.4,48795.2,49363.6
1362,49352.4,48795.2,49363.7
1363,49352.4,48795.3,49363.7
1364,49352.4,48809.3,49363.7
1365,49352.4,48811.6,49363.7
1366,49352.4,48811.6,49363.7
1367,49352.4,48820.9,49363.7
1368,49352.7,48823.2,49363.7
1369,49352.7,48839.3,49363.7
1370,49352.7,48839.3,49365.8
1371,49352.7,48843.0,49365.8
1372,49352.7,48856.1,49365.8
1373,49352.7,48871.4,49365.8
1374,49352.7,48871.4,49365.8
1375,49352.7,48871.9,49365.8
1376,49352.7,48876.1,49365.8
1377,49352.7,48878.6,49365.8
1378,49352.7,48878.6,49366.0
1379,49352.7,48893.1,49366.0
1380,49352.7,48894.2,49366.0
1381,49352.7,48924.1,49366.0
1382,49352.7,48938.0,49366.0
1383,49352.7,48950.9,49366.0
1384,49352.7,48950.9,49366.0
1385,49352.7,48950.9,49366.0
1386,49352.7,48950.9,49366.0
1387,49352.8,48958.6,49366.0
1388,49352.8,48958.6,49366.0
1389,49352.8,48962.0,49366.0
1390,49352.8,48971.8,49366.0
1391,49352.8,48982.1,49366.0
1392,49352.8,48990.6,49366.0
1393,49353.1,48993.0,49366.0
1394,49353.1,48996.4,49366.0
1395,49353.1,48996.4,49366.0
1396,49353.1,48998.5,49366.0
1397,49353.1,49005.1,49366.0
1398,49353.1,49011.1,49366.0
1399,49353.1,49013.5,49366.0
1400,49353.1,49014.5,49366.0
1401,49353.1,49014.5,49366.8
1402,49353.1,49014.5,49366.8
1403,49353.1,49014.5,49366.8
1404,49353.1,49016.3,49366.8
1405,49353.1,49019.6,49366.8
1406,49353.1,49024.5,49366.8
1407,49353.1,49028.3,49366.8
1408,49353.1,49028.3,49366.8
1409,49353.1,49028.3,49366.8
1410,49353.1,49028.3,49368.4
1411,49353.1,49028.3,49368.4
1412,49353.1,49035.2,49368.4
1413,49353.1,49040.6,49368.4
1414,49353.1,49045.4,49368.8
1415,49353.1,49045.4,49368.8
1416,49353.1,49045.4,49368.8
1417,49353.1,49045.4,49368.8
1418,49353.1,49045.7,49368.8
1419,49353.1,49045.7,49368.8
1420,49353.1,49050.9,49368.8
1421,49353.1,49050.9,49368.8
1422,49353.1,49050.9,49368.8
1423,49354.0,49050.9,49368.8
1424,49354.0,49050.9,49368.8
1425,49354.1,49050.9,49368.8
1426,49354.1,49050.9,49368.8
1427,49354.1,49050.9,49369.4
1428,49354.1,49050.9,49369.4
1429,49354.1,49050.9,49369.4
1430,49354.1,49050.9,49369.4
1431,49354.1,49051.7,49369.4
1432,49354.1,49052.8,49369.4
1433,49354.1,49052.8,49369.4
1434,49354.4,49052.8,49369.4
1435,49354.4,49054.4,49369.4
1436,49354.4,49054.4,49369.6
1437,49354.4,49054.4,49369.6
1438,49354.4,49054.4,49369.6
1439,49354.4,49054.4,49369.6
1440,49354.4,49054.4,49369.6
1441,49354.4,49054.4,49371.8
1442,49354.4,49054.8,49371.8
1443,49354.4,49054.8,49371.8
1444,49354.4,49054.8,49371.8
1445,49354.4,49067.4,49371.8
1446,49354.4,49079.0,49371.8
1447,49354.4,49080.2,49371.8
1448,49354.4,49080.2,49371.8
1449,49354.4,49081.5,49371.8
1450,49354.5,49081.5,49371.8
1451,49354.5,49081.5,49372.0
1452,49354.5,49081.5,49372.0
1453,49354.5,49081.5,49372.0
1454,49354.5,49087.1,49373.7
1455,49354.5,49087.1,49373.7
1456,49354.5,49087.1,49373.7
1457,49354.5,49087.1,49373.7
1458,49354.5,49093.6,49373.7
1459,49354.5,49093.6,49373.7
1460,49354.5,49096.5,49373.7
1461,49354.5,49100.6,49373.7
1462,49354.5,49100.6,49373.7
1463,49354.5,49100.6,49376.3
1464,49354.5,49115.3,49376.3
1465,49354.5,49115.3,49377.5
1466,49354.5,49123.9,49377.5
1467,49354.5,49127.8,49377.5
1468,49354.5,49127.8,49377.5
1469,49354.5,49143.7,49377.5
1470,49354.5,49162.3,49377.5
1471,49354.5,49188.2,49377.5
1472,49354.5,49191.4,49377.5
1473,49354.5,49192.8,49378.8
1474,49354.5,49205.7,49380.6
1475,49354.5,49205.7,49380.6
1476,49354.5,49215.4,49380.6
1477,49354.5,49218.7,49380.6
1478,49354.5,49218.9,49380.6
1479,49354.5,49228.9,49380.6
1480,49354.5,49232.2,49382.3
1481,49354.5,49244.5,49382.3
1482,49354.5,49246.0,49382.3
1483,49354.5,49246.0,49382.3
1484,49354.5,49249.4,49382.3
1485,49354.5,49251.9,49382.3
1486,49354.5,49251.9,49382.3
1487,49354.5,49251.9,49382.3
1488,49354.5,49256.9,49382.3
1489,49354.5,49257.3,49383.5
1490,49354.5,49258.6,49383.5
1491,49354.5,49258.6,49383.5
1492,49354.5,49258.6,49383.5
1493,49354.5,49264.0,49383.5
1494,49354.5,49264.0,49383.5
1495,49354.5,49264.0,49388.9
1496,49354.5,49264.8,49388.9
1497,49354.5,49264.8,49388.9
1498,49354.5,49267.1,49388.9
1499,49354.5,49270.8,49388.9
1500,49354.5,49277.8,49388.9
1501,49354.5,49281.6,49388.9
1502,49354.5,49281.6,49388.9
1503,49354.5,49281.6,49388.9
1504,49354.5,49281.8,49388.9
1505,49354.5,49283.9,49388.9
1506,49354.5,49285.4,49388.9
1507,49354.5,49288.4,49388.9
1508,49354.5,49288.4,49388.9
1509,49354.5,49296.1,49388.9
1510,49354.5,49299.5,49388.9
1511,49354.5,49304.7,49390.4
1512,49354.8,49304.7,49390.4
1513,49354.8,49304.7,49390.4
1514,49354.8,49304.7,49390.4
1515,49354.8,49305.5,49390.4
1516,49354.8,49305.5,49390.4
1517,49354.8,49305.5,49390.4
1518,49354.8,49306.1,49391.1
1519,49354.8,49306.1,49392.3
1520,49354.8,49306.1,49392.3
1521,49354.8,49311.7,49392.3
1522,49354.8,49311.7,49392.3
1523,49354.8,49311.7,49392.3
1524,49354.8,49311.7,49392.3
1525,49354.8,49311.7,49392.3
1526,49354.8,49311.7,49392.3
1527,49354.8,49311.7,49392.3
1528,49354.8,49313.7,49392.3
1529,49354.8,49313.7,49392.3
1530,49354.8,49313.7,49392.3
1531,49354.8,49313.7,49392.3
1532,49354.8,49313.7,49392.3
1533,49354.8,49315.8,49392.3
1534,49354.8,49316.0,49392.3
1535,49354.8,49316.0,49392.3
1536,49354.8,49316.0,49392.3
1537,49354.8,49317.1,49392.3
1538,49354.8,49318.1,49392.3
1539,49354.8,49318.1,49392.3
1540,49354.8,49330.8,49392.3
1541,49354.8,49342.7,49392.3
1542,49354.8,49351.4,49392.3
1543,49354.8,49351.4,49392.3
1544,49355.2,49351.4,49392.3
1545,49355.2,49351.4,49392.3
1546,49355.2,49351.4,49392.3
1547,49355.2,49351.4,49392.3
1548,49355.2,49351.4,49392.3
1549,49355.6,49355.8,49393.3
1550,49355.6,49355.8,49393.3
1551,49355.6,49355.8,49393.3
1552,49355.6,49356.5,49393.3
1553,49355.6,49356.5,49393.3
1554,49355.6,49356.5,49393.3
1555,49355.6,49356.5,49393.3
1556,49355.6,49356.5,49394.5
1557,49355.6,49356.5,49394.5
1558,49355.6,49356.5,49394.5
1559,49355.6,49356.5,49394.5
1560,49355.6,49356.5,49394.5
1561,49355.6,49356.5,49394.5
1562,49355.6,49356.5,49396.0
1563,49355.6,49356.5,49396.0
1564,49355.6,49357.5,49396.0
1565,49355.6,49357.5,49396.0
1566,49355.6,49357.5,49396.0
1567,49355.6,49357.5,49396.0
1568,49355.6,49357.5,49396.0
1569,49355.6,49357.5,49396.0
1570,49355.6,49357.5,49396.0
1571,49355.6,49357.5,49397.8
1572,49355.6,49357.5,49397.8
1573,49355.6,49357.5,49397.8
1574,49356.2,49357.5,49397.8
1575,49356.2,49357.5,49397.8
1576,49356.2,49357.9,49397.8
1577,49356.2,49357.9,49397.8
1578,49356.2,49362.5,49397.8
1579,49356.2,49362.5,49397.8
1580,49356.2,49362.5,49397.8
1581,49356.2,49363.3,49397.8
1582,49356.2,49363.3,49397.8
1583,49356.2,49363.3,49397.8
1584,49356.2,49363.3,49397.8
1585,49356.2,49364.6,49397.8
1586,49356.2,49364.6,49397.8
1587,49356.2,49364.6,49397.8
1588,49356.2,49365.5,49397.8
1589,49356.2,49365.5,49397.8
1590,49356.2,49365.5,49397.8
1591,49356.2,49366.0,49397.8
1592,49356.2,49366.0,49397.8
1593,49356.2,49366.0,49397.8
1594,49356.2,49372.2,49397.8
1595,49356.2,49372.9,49397.8
1596,49356.2,49378.5,49397.8
1597,49356.2,49378.5,49397.8
1598,49357.2,49378.5,49397.9
1599,49357.2,49378.5,49397.9
1600,49357.2,49378.5,49397.9
1601,49357.2,49378.5,49397.9
1602,49357.2,49378.5,49397.9
1603,49357.2,49378.5,49397.9
1604,49357.2,49378.5,49397.9
1605,49357.2,49378.5,49399.0
1606,49357.2,49378.5,49399.0
1607,49357.2,49378.5,49399.0
1608,49357.2,49378.5,49399.0
1609,49357.2,49378.5,49399.0
1610,49357.2,49378.5,49399.0
1611,49357.2,49378.5,49399.0
1612,49357.2,49378.5,49399.0
1613,49357.2,49378.5,49399.0
1614,49358.1,49378.5,49399.0
1615,49358.1,49378.5,49399.0
1616,49359.8,49378.5,49399.0
1617,49359.8,49378.5,49399.0
1618,49359.8,49378.5,49399.1
1619,49359.8,49378.5,49399.1
1620,49359.8,49378.5,49399.1
1621,49359.8,49378.5,49399.1
1622,49359.8,49382.3,49400.4
1623,49359.8,49382.3,49400.4
1624,49359.8,49382.3,49402.7
1625,49359.8,49382.3,49402.7
1626,49359.8,49382.3,49402.7
1627,49359.8,49382.3,49402.7
1628,49359.8,49382.3,49402.7
1629,49359.8,49382.3,49402.7
1630,49359.8,49382.3,49402.7
1631,49359.8,49382.3,49402.7
1632,49359.8,49382.3,49402.7
1633,49359.8,49382.3,49402.7
1634,49359.8,49382.3,49402.7
1635,49359.8,49382.3,49402.7
1636,49359.8,49382.3,49402.7
1637,49359.8,49382.3,49402.7
1638,49359.8,49382.3,49402.7
1639,49359.8,49382.3,49402.7
1640,49359.8,49382.3,49402.7
1641,49359.8,49383.6,49403.3
1642,49359.8,49383.6,49403.3
1643,49359.8,49383.8,49403.3
1644,49359.8,49383.8,49403.3
1645,49359.8,49383.8,49403.3
1646,49359.8,49383.8,49403.4
1647,49359.8,49384.4,49403.4
1648,49359.8,49384.4,49405.1
1649,49359.8,49384.4,49405.1
1650,49359.8,49384.4,49408.0
1651,49359.8,49384.6,49408.0
1652,49360.7,49384.6,49408.0
1653,49360.7,49384.6,49408.0
1654,49360.7,49384.6,49408.0
1655,49360.7,49384.6,49408.0
1656,49360.7,49384.6,49408.0
1657,49360.7,49384.6,49408.0
1658,49360.7,49384.6,49408.0
1659,49360.7,49384.6,49408.0
1660,49360.7,49384.6,49408.0
1661,49360.7,49384.7,49408.0
1662,49360.7,49384.7,49408.0
1663,49360.7,49384.7,49408.0
1664,49360.7,49384.7,49408.0
1665,49360.7,49384.7,49408.0
1666,49360.7,49384.7,49408.0
1667,49360.7,49384.7,49408.0
1668,49360.7,49384.7,49408.0
1669,49360.7,49384.7,49408.0
1670,49360.7,49384.7,49408.0
1671,49360.7,49384.7,49408.0
1672,49360.7,49384.7,49408.0
1673,49360.7,49384.7,49408.0
1674,49360.7,49384.7,49408.0
1675,49360.7,49384.7,49409.3
1676,49360.7,49384.7,49409.3
1677,49360.7,49384.7,49409.3
1678,49360.7,49384.7,49409.3
1679,49360.7,49384.7,49409.3
1680,49360.7,49384.7,49409.3
1681,49360.7,49384.7,49409.3
1682,49360.7,49384.7,49409.3
1683,49360.7,49384.7,49409.3
1684,49360.7,49384.7,49409.3
1685,49360.7,49384.7,49409.3
1686,49360.7,49384.7,49409.3
1687,49360.7,49384.7,49409.3
1688,49360.7,49384.7,49409.3
1689,49360.7,49384.7,49409.3
1690,49362.7,49384.7,49409.3
1691,49362.7,49384.7,49409.3
1692,49362.7,49384.7,49409.3
1693,49362.9,49384.7,49409.3
1694,49362.9,49385.9,49409.3
1695,49362.9,49385.9,49409.3
1696,49362.9,49386.0,49409.3
1697,49362.9,49386.0,49409.3
1698,49362.9,49386.0,49409.3
1699,49362.9,49386.0,49409.3
1700,49362.9,49386.0,49409.3
1701,49362.9,49386.0,49409.3
1702,49362.9,49386.0,49409.3
1703,49362.9,49386.0,49409.3
1704,49362.9,49386.0,49409.3
1705,49362.9,49386.0,49409.3
1706,49362.9,49386.0,49409.3
1707,49362.9,49387.4,49409.3
1708,49362.9,49387.4,49409.3
1709,49362.9,49387.4,49409.3
1710,49362.9,49387.4,49409.3
1711,49362.9,49387.4,49409.3
1712,49362.9,49387.4,49409.3
1713,49362.9,49387.4,49409.3
1714,49362.9,49387.4,49409.3
1715,49362.9,49387.4,49409.3
1716,49362.9,49387.4,49409.3
1717,49362.9,49387.4,49409.3
1718,49362.9,49387.4,49409.3
1719,49362.9,49387.4,49409.3
1720,49362.9,49387.4,49409.3
1721,49362.9,49387.4,49409.3
1722,49362.9,49387.4,49409.3
1723,49362.9,49387.4,49409.3
1724,49362.9,49387.4,49409.3
1725,49362.9,49387.4,49409.3
1726,49362.9,49387.4,49409.4
1727,49362.9,49387.4,49409.4
1728,49362.9,49388.2,49409.4
1729,49362.9,49388.2,49409.4
1730,49362.9,49388.2,49409.4
1731,49362.9,49388.2,49409.4
1732,49362.9,49388.2,49411.0
1733,49362.9,49388.2,49411.0
1734,49362.9,49388.2,49411.0
1735,49362.9,49388.2,49411.0
1736,49362.9,49388.2,49411.0
1737,49362.9,49388.2,49411.0
1738,49363.1,49388.2,49411.0
1739,49363.1,49388.2,49411.0
1740,49363.1,49388.2,49411.0
1741,49363.1,49388.2,49411.0
1742,49363.1,49388.2,49411.0
1743,49363.1,49388.2,49411.0
1744,49363.1,49388.2,49411.0
1745,49363.1,49388.2,49411.0
1746,49363.1,49388.2,49411.0
1747,49363.1,49388.2,49411.0
1748,49363.1,49388.2,49411.0
1749,49363.1,49388.2,49411.0
1750,49363.1,49388.7,49411.0
1751,49363.1,49388.7,49411.0
1752,49363.1,49388.7,49411.0
1753,49363.1,49388.7,49411.0
1754,49363.2,49388.7,49411.0
1755,49363.2,49388.7,49411.0
1756,49363.2,49388.7,49411.0
1757,49363.2,49388.7,49411.0
1758,49363.2,49388.7,49411.0
1759,49363.2,49388.7,49411.0
1760,49363.2,49388.7,49411.0
1761,49363.2,49388.7,49411.0
1762,49363.2,49388.7,49411.0
1763,49363.2,49391.0,49411.0
1764,49363.2,49391.0,49411.0
1765,49363.2,49391.0,49411.0
1766,49363.2,49391.0,49412.4
1767,49363.2,49391.0,49412.4
1768,49363.2,49391.0,49412.4
1769,49363.2,49391.0,49412.4
1770,49363.2,49391.0,49412.4
1771,49363.2,49391.4,49414.0
1772,49363.2,49391.4,49414.0
1773,49363.2,49391.4,49414.0
1774,49363.2,49391.4,49414.0
1775,49363.2,49391.4,49414.0
1776,49363.2,49391.4,49414.0
1777,49363.2,49391.4,49414.0
1778,49363.2,49392.2,49414.0
1779,49363.2,49392.2,49414.0
1780,49363.2,49392.2,49414.0
1781,49363.2,49392.2,49414.0
1782,49363.2,49392.2,49414.0
1783,49363.2,49392.2,49414.0
1784,49363.2,49392.2,49414.0
1785,49363.2,49392.2,49414.0
1786,49363.2,49392.2,49414.0
1787,49363.2,49392.2,49414.0
1788,49363.2,49392.2,49414.0
1789,49363.2,49392.2,49414.0
1790,49363.2,49392.2,49414.0
1791,49363.2,49398.0,49414.0
1792,49363.2,49398.0,49414.0
1793,49363.2,49398.0,49414.0
1794,49363.2,49398.6,49414.0
1795,49363.2,49398.6,49414.0
1796,49363.2,49398.6,49414.0
1797,49363.2,49405.2,49414.0
1798,49363.2,49405.2,49414.8
1799,49363.2,49405.2,49414.8
1800,49363.2,49405.2,49415.5
1801,49363.2,49405.2,49415.5
1802,49363.2,49405.2,49416.0
1803,49363.2,49405.2,49416.0
1804,49363.2,49405.2,49416.0
1805,49363.2,49405.2,49416.0
1806,49363.2,49405.2,49416.0
1807,49363.2,49405.2,49416.0
1808,49363.2,49405.2,49416.0
1809,49363.2,49405.2,49416.0
1810,49363.2,49405.2,49416.0
1811,49363.2,49405.2,49416.0
1812,49363.2,49405.7,49416.0
1813,49363.2,49405.7,49416.0
1814,49363.2,49405.7,49416.0
1815,49363.2,49405.7,49416.0
1816,49363.2,49405.7,49416.0
1817,49363.2,49405.7,49416.0
1818,49363.2,49405.7,49416.0
1819,49363.2,49405.7,49416.0
1820,49363.2,49405.7,49416.0
1821,49363.2,49405.7,49416.0
1822,49363.2,49405.7,49416.0
1823,49363.2,49405.7,49416.0
1824,49363.2,49405.7,49416.0
1825,49363.2,49405.7,49416.0
1826,49363.2,49405.7,49416.0
1827,49363.2,49405.7,49416.0
1828,49363.2,49405.7,49416.0
1829,49363.2,49405.7,49416.0
1830,49363.2,49405.7,49416.0
1831,49363.2,49406.1,49416.0
1832,49363.2,49406.1,49416.0
1833,49363.2,49406.1,49416.4
1834,49363.2,49406.1,49416.4
1835,49363.3,49406.1,49416.4
1836,49363.3,49406.1,49416.4
1837,49363.3,49406.1,49416.4
1838,49363.3,49406.1,49416.4
1839,49363.3,49406.1,49416.4
1840,49363.3,49406.1,49416.4
1841,49363.3,49406.1,49416.4
1842,49363.3,49406.1,49416.4
1843,49363.3,49406.1,49416.4
1844,49363.3,49406.1,49416.4
1845,49363.3,49406.1,49416.4
1846,49363.3,49406.1,49416.4
1847,49363.3,49406.1,49416.4
1848,49363.3,49406.1,49416.4
1849,49363.3,49406.1,49416.4
1850,49363.3,49406.1,49416.4
1851,49363.3,49406.1,49416.4
1852,49363.3,49406.1,49416.4
1853,49363.3,49406.1,49416.4
1854,49363.3,49407.0,49416.4
1855,49363.3,49407.0,49416.4
1856,49363.3,49407.0,49416.4
1857,49363.3,49407.0,49416.4
1858,49363.3,49407.3,49416.4
1859,49363.3,49407.3,49416.4
1860,49363.3,49407.7,49416.4
1861,49363.3,49407.7,49416.4
1862,49363.3,49407.7,49416.4
1863,49363.3,49407.7,49416.4
1864,49363.3,49407.7,49416.4
1865,49363.3,49408.3,49416.4
1866,49363.3,49408.3,49416.4
1867,49363.3,49408.3,49416.4
1868,49363.3,49408.3,49416.4
1869,49363.3,49408.3,49416.4
1870,49363.5,49408.3,49416.4
1871,49363.5,49408.3,49416.4
1872,49363.5,49408.9,49416.4
1873,49363.5,49408.9,49416.4
1874,49363.5,49408.9,49416.4
1875,49363.5,49408.9,49416.4
1876,49363.5,49408.9,49416.4
1877,49363.5,49408.9,49416.4
1878,49363.5,49408.9,49416.4
1879,49363.5,49408.9,49416.4
1880,49363.5,49408.9,49416.4
1881,49363.5,49408.9,49416.4
1882,49363.5,49408.9,49417.3
1883,49363.5,49409.4,49417.3
1884,49363.5,49409.4,49417.3
1885,49363.5,49409.4,49417.3
1886,49363.5,49409.4,49417.3
1887,49363.5,49409.4,49417.3
1888,49363.5,49409.4,49417.3
1889,49363.5,49409.4,49417.3
1890,49363.5,49409.4,49417.4
1891,49363.5,49409.4,49417.4
1892,49363.5,49409.4,49417.4
1893,49363.8,49409.4,49417.4
1894,49363.8,49409.4,49417.4
1895,49363.8,49409.4,49417.4
1896,49363.8,49409.4,49417.4
1897,49363.8,49409.4,49417.4
1898,49363.8,49409.4,49417.4
1899,49363.8,49409.4,49417.4
1900,49363.8,49409.4,49417.4
1901,49363.8,49409.4,49417.4
1902,49363.8,49409.4,49417.4
1903,49363.8,49410.7,49417.4
1904,49363.8,49410.7,49419.0
1905,49363.8,49410.7,49419.0
1906,49363.8,49411.9,49419.0
1907,49363.8,49411.9,49419.0
1908,49363.8,49411.9,49419.0
1909,49363.8,49411.9,49419.0
1910,49363.8,49411.9,49419.0
1911,49363.8,49411.9,49419.0
1912,49363.8,49411.9,49419.0
1913,49363.8,49411.9,49419.0
1914,49363.8,49411.9,49419.0
1915,49363.8,49411.9,49419.0
1916,49363.8,49411.9,49419.0
1917,49363.8,49411.9,49419.0
1918,49363.8,49411.9,49419.0
1919,49363.8,49411.9,49419.0
1920,49363.8,49411.9,49419.0
1921,49363.8,49411.9,49419.0
1922,49363.8,49411.9,49419.0
1923,49363.8,49411.9,49419.0
1924,49363.8,49411.9,49419.0
1925,49363.8,49411.9,49419.0
1926,49363.8,49411.9,49419.0
1927,49363.8,49411.9,49419.0
1928,49363.8,49411.9,49419.0
1929,49363.8,49411.9,49419.0
1930,49363.8,49411.9,49419.0
1931,49363.8,49411.9,49419.0
1932,49363.8,49411.9,49419.0
1933,49363.8,49411.9,49419.0
1934,49363.8,49411.9,49419.0
1935,49363.8,49411.9,49419.0
1936,49363.8,49411.9,49419.0
1937,49363.8,49411.9,49419.0
1938,49363.8,49411.9,49419.9
1939,49363.8,49411.9,49419.9
1940,49363.8,49411.9,49419.9
1941,49363.8,49411.9,49419.9
1942,49363.8,49411.9,49419.9
1943,49363.8,49411.9,49419.9
1944,49363.8,49411.9,49420.8
1945,49363.8,49411.9,49420.8
1946,49363.8,49411.9,49420.8
1947,49363.8,49411.9,49420.8
1948,49363.8,49411.9,49420.8
1949,49363.8,49411.9,49420.8
1950,49363.8,49411.9,49420.8
1951,49363.8,49412.3,49420.8
1952,49363.8,49412.3,49420.8
1953,49363.8,49412.3,49420.8
1954,49363.8,49415.2,49420.8
1955,49363.8,49415.2,49420.8
1956,49363.8,49415.2,49420.8
1957,49363.8,49415.2,49420.8
1958,49363.8,49415.2,49420.8
1959,49363.8,49415.2,49420.8
1960,49363.8,49415.2,49420.8
1961,49363.8,49415.2,49420.8
1962,49363.8,49415.2,49420.8
1963,49363.8,49415.2,49420.8
1964,49363.8,49415.2,49420.8
1965,49363.8,49415.2,49420.9
1966,49363.8,49415.2,49420.9
1967,49363.8,49415.2,49420.9
1968,49363.8,49415.2,49420.9
1969,49363.8,49415.2,49420.9
1970,49363.8,49415.2,49420.9
1971,49363.8,49415.2,49420.9
1972,49363.8,49415.2,49420.9
1973,49363.8,49415.2,49420.9
1974,49363.8,49415.2,49421.1
1975,49363.8,49415.2,49421.1
1976,49363.8,49415.2,49421.1
1977,49363.8,49415.2,49421.1
1978,49363.8,49415.2,49421.1
1979,49363.8,49415.2,49421.1
1980,49363.8,49415.2,49421.1
1981,49363.8,49415.2,49423.9
1982,49363.8,49415.2,49423.9
1983,49363.8,49415.2,49423.9
1984,49363.8,49415.2,49423.9
1985,49363.8,49415.2,49423.9
1986,49363.8,49415.2,49423.9
1987,49363.8,49416.0,49423.9
1988,49363.8,49416.0,49423.9
1989,49363.8,49416.0,49423.9
1990,49363.8,49416.0,49424.9
1991,49363.8,49416.0,49424.9
1992,49363.8,49416.0,49424.9
1993,49363.8,49416.0,49425.8
1994,49363.8,49416.0,49425.8
1995,49363.8,49416.3,49425.8
1996,49363.8,49416.3,49425.8
1997,49363.8,49416.4,49425.8
1998,49363.8,49416.4,49425.8
1999,49363.8,49416.4,49425.8
2000,49363.8,49416.4,49425.8
2001,49363.8,49416.4,49425.8
2002,49363.8,49416.4,49425.8
2003,49363.8,49416.4,49425.8
2004,49363.8,49416.4,49425.8
2005,49363.8,49416.4,49425.8
2006,49363.8,49416.4,49425.8
2007,49363.8,49416.4,49428.9
2008,49363.8,49416.4,49428.9
2009,49363.8,49416.4,49428.9
2010,49363.8,49416.4,49428.9
2011,49363.8,49416.7,49428.9
2012,49363.8,49419.0,49428.9
2013,49363.8,49419.0,49428.9
2014,49363.8,49419.0,49428.9
2015,49363.8,49419.0,49428.9
2016,49363.8,49419.0,49428.9
2017,49363.8,49419.0,49428.9
2018,49363.8,49419.0,49428.9
2019,49363.8,49419.0,49428.9
2020,49363.8,49419.0,49428.9
2021,49363.8,49419.0,49428.9
2022,49363.8,49419.0,49428.9
2023,49363.8,49419.0,49428.9
2024,49363.8,49419.0,49428.9
2025,49363.8,49420.1,49428.9
2026,49363.8,49420.1,49428.9
2027,49363.8,49420.1,49428.9
2028,49363.8,49420.1,49428.9
2029,49363.8,49420.1,49428.9
2030,49363.8,49420.1,49428.9
2031,49363.8,49420.1,49428.9
2032,49363.8,49420.1,49428.9
2033,49363.8,49420.1,49428.9
2034,49363.8,49420.1,49428.9
2035,49363.8,49420.1,49428.9
2036,49363.8,49420.1,49428.9
2037,49363.8,49420.1,49428.9
2038,49363.8,49420.1,49430.0
2039,49363.8,49420.1,49430.0
2040,49363.8,49420.1,49430.0
2041,49363.8,49420.1,49430.0
2042,49363.8,49420.1,49430.0
2043,49363.8,49420.1,49430.0
2044,49363.8,49423.0,49430.0
2045,49363.8,49423.0,49430.0
2046,49363.8,49423.0,49430.0
2047,49363.8,49423.0,49430.0
2048,49363.8,49423.0,49430.0
2049,49363.8,49423.0,49430.0
2050,49363.8,49423.0,49430.0
2051,49363.8,49423.0,49430.0
2052,49363.8,49423.0,49430.0
2053,49363.8,49423.0,49430.0
2054,49363.8,49423.0,49430.0
2055,49363.8,49423.0,49430.0
2056,49363.8,49423.0,49430.0
2057,49363.8,49423.0,49430.0
2058,49363.8,49423.0,49430.0
2059,49363.8,49423.0,49430.3
2060,49363.8,49423.0,49430.6
2061,49363.8,49423.0,49430.6
2062,49363.8,49423.0,49430.6
2063,49363.8,49423.0,49430.6
2064,49363.8,49423.2,49430.6
2065,49363.8,49423.2,49430.6
2066,49363.8,49423.2,49430.6
2067,49363.8,49423.2,49430.6
2068,49363.8,49423.2,49430.6
2069,49363.8,49423.2,49430.6
2070,49363.8,49423.2,49430.6
2071,49363.8,49423.2,49430.6
2072,49363.8,49423.2,49430.6
2073,49363.8,49423.2,49430.6
2074,49363.8,49423.2,49430.6
2075,49363.8,49423.2,49430.6
2076,49363.8,49423.7,49430.6
2077,49363.8,49424.9,49431.1
2078,49363.8,49424.9,49431.1
2079,49363.8,49424.9,49431.1
2080,49363.8,49424.9,49431.1
2081,49363.8,49424.9,49431.1
2082,49363.8,49424.9,49431.1
2083,49363.8,49426.0,49431.1
2084,49363.8,49426.0,49431.1
2085,49363.9,49426.0,49431.1
2086,49363.9,49426.0,49431.1
2087,49363.9,49426.0,49431.1
2088,49363.9,49426.0,49431.1
2089,49363.9,49426.0,49431.1
2090,49363.9,49426.0,49431.1
2091,49363.9,49429.2,49431.1
2092,49363.9,49429.3,49431.1
2093,49363.9,49429.3,49431.1
2094,49364.3,49429.3,49431.1
2095,49364.3,49429.3,49431.1
2096,49364.3,49429.3,49431.1
2097,49364.3,49429.3,49431.1
2098,49364.3,49429.4,49431.1
2099,49364.3,49429.4,49431.1
2100,49364.3,49429.4,49431.1
2101,49364.3,49429.4,49431.1
2102,49364.3,49429.4,49431.1
2103,49364.3,49429.4,49431.1
2104,49364.3,49429.4,49431.1
2105,49364.3,49429.4,49431.1
2106,49364.3,49429.4,49431.1
2107,49364.3,49429.4,49431.1
2108,49364.3,49429.4,49431.1
2109,49364.3,49431.1,49431.1
2110,49364.3,49431.1,49431.1
2111,49364.3,49431.1,49431.1
2112,49364.3,49431.1,49431.1
2113,49364.3,49431.1,49431.1
2114,49364.3,49431.1,49431.1
2115,49364.3,49431.1,49431.1
2116,49364.3,49431.1,49431.1
2117,49364.3,49431.1,49431.1
2118,49364.3,49431.1,49431.1
2119,49364.3,49431.1,49431.1
2120,49364.3,49431.1,49431.1
2121,49364.3,49431.1,49431.6
2122,49364.3,49431.1,49431.6
2123,49364.3,49431.1,49431.6
2124,49364.3,49431.1,49431.6
2125,49364.3,49431.1,49431.6
2126,49364.3,49431.2,49431.6
2127,49364.3,49431.2,49431.6
2128,49364.3,49431.2,49431.6
2129,49364.3,49431.2,49431.6
2130,49364.3,49431.2,49431.6
2131,49364.3,49431.2,49431.6
2132,49364.3,49431.2,49431.6
2133,49364.3,49431.2,49431.6
2134,49364.3,49431.2,49431.6
2135,49364.3,49431.2,49431.6
2136,49364.3,49431.2,49431.6
2137,49364.3,49431.2,49431.6
2138,49364.3,49431.2,49431.6
2139,49364.3,49431.2,49431.6
2140,49364.3,49431.2,49431.6
2141,49364.3,49431.2,49431.6
2142,49364.3,49431.2,49431.6
2143,49364.3,49431.2,49431.6
2144,49364.3,49431.2,49431.6
2145,49364.3,49431.2,49431.6
2146,49364.3,49431.2,49431.6
2147,49364.3,49431.2,49431.6
2148,49364.3,49431.2,49431.6
2149,49364.3,49431.2,49431.6
2150,49364.3,49431.2,49431.9
2151,49364.3,49431.2,49431.9
2152,49364.3,49431.7,49431.9
2153,49364.3,49431.7,49431.9
2154,49364.3,49431.7,49431.9
2155,49364.3,49431.7,49431.9
2156,49364.3,49431.7,49432.2
2157,49364.3,49431.7,49432.2
2158,49364.3,49431.7,49432.2
2159,49364.3,49431.7,49432.2
2160,49364.3,49431.7,49432.2
2161,49364.3,49431.7,49432.2
2162,49364.3,49431.7,49432.2
2163,49364.3,49431.7,49432.2
2164,49364.3,49431.7,49432.4
2165,49364.3,49431.7,49432.4
2166,49364.3,49431.7,49432.4
2167,49364.3,49431.7,49432.4
2168,49364.3,49431.7,49432.4
2169,49364.3,49431.7,49432.4
2170,49364.3,49431.7,49433.2
2171,49364.3,49431.7,49433.2
2172,49364.3,49431.7,49433.2
2173,49364.3,49431.7,49433.2
2174,49364.3,49431.7,49433.2
2175,49364.3,49431.7,49433.2
2176,49364.3,49431.7,49433.2
2177,49364.3,49431.7,49433.2
2178,49364.3,49431.7,49433.2
2179,49364.3,49431.7,49433.2
2180,49364.3,49431.7,49433.2
2181,49364.3,49431.7,49433.2
2182,49364.3,49431.7,49433.2
2183,49364.3,49431.7,49433.2
2184,49364.3,49431.7,49433.2
2185,49364.3,49431.7,49433.2
2186,49364.3,49431.7,49433.2
2187,49364.3,49431.7,49433.2
2188,49364.3,49431.7,49433.2
2189,49364.3,49431.7,49433.2
2190,49364.3,49431.7,49433.2
2191,49364.3,49431.7,49433.2
2192,49364.3,49431.7,49433.2
2193,49364.3,49431.7,49433.2
2194,49364.3,49431.7,49434.7
2195,49364.3,49431.7,49434.7
2196,49364.3,49431.7,49434.7
2197,49364.3,49431.7,49434.7
2198,49364.3,49431.7,49434.7
2199,49364.3,49431.7,49434.7
2200,49364.3,49431.7,49434.7
2201,49364.3,49431.7,49434.7
2202,49364.3,49431.7,49434.7
2203,49364.3,49431.7,49434.7
2204,49364.3,49431.7,49434.7
2205,49364.3,49431.7,49434.7
2206,49364.3,49431.7,49434.7
2207,49364.3,49431.7,49434.7
2208,49364.3,49431.7,49434.7
2209,49364.3,49431.7,49434.7
2210,49364.3,49431.7,49434.7
2211,49364.3,49431.7,49434.7
2212,49364.3,49431.7,49434.7
2213,49364.3,49431.7,49434.7
2214,49364.3,49431.8,49434.7
2215,49364.3,49431.8,49434.7
2216,49364.3,49431.8,49434.7
2217,49364.3,49431.8,49434.9
2218,49364.3,49431.8,49434.9
2219,49364.3,49431.8,49434.9
2220,49364.3,49431.8,49434.9
2221,49364.3,49431.8,49434.9
2222,49364.3,49431.8,49434.9
2223,49364.3,49431.8,49434.9
2224,49364.3,49431.8,49434.9
2225,49364.3,49431.8,49434.9
2226,49364.3,49431.8,49434.9
2227,49364.3,49431.8,49434.9
2228,49364.3,49431.8,49434.9
2229,49364.3,49431.8,49434.9
2230,49364.3,49431.8,49434.9
2231,49364.3,49431.8,49434.9
2232,49364.3,49431.8,49434.9
2233,49364.3,49431.8,49434.9
2234,49364.3,49431.8,49434.9
2235,49364.3,49431.8,49434.9
2236,49364.3,49432.8,49434.9
2237,49364.3,49432.8,49434.9
2238,49364.3,49432.8,49434.9
2239,49364.3,49432.8,49434.9
2240,49364.3,49432.8,49434.9
2241,49364.3,49432.8,49434.9
2242,49364.3,49432.8,49434.9
2243,49364.3,49432.8,49434.9
2244,49364.3,49432.8,49434.9
2245,49364.3,49432.8,49435.8
2246,49364.3,49432.8,49435.8
2247,49364.3,49432.8,49435.8
2248,49364.3,49432.8,49435.8
2249,49364.3,49432.8,49435.8
2250,49364.3,49432.8,49435.8
2251,49364.3,49432.8,49435.8
2252,49364.3,49434.7,49435.8
2253,49364.3,49434.7,49435.8
2254,49364.3,49434.8,49435.8
2255,49364.3,49434.8,49435.8
2256,49364.3,49434.8,49437.4
2257,49364.3,49434.8,49437.4
2258,49364.3,49434.8,49437.4
2259,49364.3,49434.8,49437.4
2260,49364.3,49434.8,49437.4
2261,49364.3,49434.8,49437.4
2262,49364.3,49434.8,49437.4
2263,49364.3,49434.8,49437.4
2264,49364.3,49434.8,49437.4
2265,49364.3,49434.8,49437.4
2266,49364.3,49434.8,49437.4
2267,49364.3,49434.8,49437.4
2268,49364.3,49434.8,49437.4
2269,49364.3,49434.8,49437.4
2270,49364.3,49434.8,49437.4
2271,49364.3,49434.8,49437.4
2272,49364.3,49434.8,49437.4
2273,49364.3,49434.8,49437.4
2274,49364.3,49434.8,49437.4
2275,49364.3,49434.8,49437.4
2276,49364.3,49434.8,49437.4
2277,49364.3,49434.8,49437.4
2278,49364.3,49434.8,49437.4
2279,49364.3,49434.8,49437.4
2280,49364.3,49434.8,49437.4
2281,49364.3,49434.8,49437.4
2282,49364.3,49434.8,49437.4
2283,49364.3,49434.8,49437.4
2284,49364.3,49434.8,49437.9
2285,49364.3,49434.8,49437.9
2286,49364.3,49434.8,49437.9
2287,49364.3,49434.8,49439.8
2288,49364.3,49434.8,49439.8
2289,49364.3,49434.8,49439.8
2290,49364.3,49434.8,49439.8
2291,49364.3,49434.8,49440.6
2292,49364.3,49434.8,49440.6
2293,49364.3,49434.8,49440.6
2294,49364.3,49434.8,49440.6
2295,49364.3,49434.8,49440.6
2296,49364.3,49434.8,49440.6
2297,49364.3,49434.8,49441.7
2298,49364.3,49434.8,49441.7
2299,49364.3,49434.8,49441.7
2300,49364.3,49434.8,49441.7
2301,49364.3,49434.8,49441.7
2302,49364.3,49434.8,49441.7
2303,49364.3,49434.8,49441.7
2304,49364.3,49434.8,49441.7
2305,49364.3,49434.8,49441.7
2306,49364.3,49434.8,49441.7
2307,49364.3,49434.8,49441.7
2308,49364.3,49434.8,49441.7
2309,49364.3,49434.8,49441.7
2310,49364.3,49434.8,49441.7
2311,49364.3,49434.8,49441.7
2312,49364.3,49434.8,49441.7
2313,49364.3,49434.8,49441.7
2314,49364.3,49434.8,49441.7
2315,49364.3,49434.8,49442.0
2316,49364.3,49434.8,49442.0
2317,49364.3,49434.8,49442.0
2318,49364.3,49434.8,49442.0
2319,49364.3,49434.8,49442.0
2320,49364.3,49434.8,49442.0
2321,49364.3,49434.8,49442.0
2322,49364.3,49434.8,49442.0
2323,49364.3,49434.8,49442.0
2324,49364.3,49434.8,49442.0
2325,49364.3,49434.8,49442.0
2326,49364.3,49434.8,49442.0
2327,49364.3,49434.8,49442.0
2328,49364.3,49434.8,49442.0
2329,49364.3,49434.8,49442.0
2330,49364.3,49434.8,49442.0
2331,49364.3,49434.8,49442.0
2332,49364.3,49434.8,49442.2
2333,49364.3,49434.8,49442.2
2334,49364.3,49434.8,49442.2
2335,49364.3,49434.8,49443.4
2336,49364.3,49434.8,49443.4
2337,49364.3,49434.8,49443.4
2338,49364.3,49434.8,49443.4
2339,49364.3,49434.8,49443.4
2340,49364.3,49434.8,49444.1
2341,49364.3,49434.8,49444.1
2342,49364.3,49434.8,49444.1
2343,49364.3,49434.8,49444.1
2344,49364.3,49434.8,49444.1
2345,49364.3,49434.8,49444.1
2346,49364.3,49435.8,49444.1
2347,49364.3,49435.8,49444.1
2348,49364.3,49435.8,49444.1
2349,49364.3,49435.8,49444.1
2350,49364.3,49435.8,49444.1
2351,49364.3,49435.8,49444.1
2352,49364.3,49435.8,49444.1
2353,49364.3,49435.8,49444.1
2354,49364.3,49435.8,49444.1
2355,49364.3,49435.8,49444.1
2356,49364.3,49435.8,49444.1
2357,49364.3,49435.8,49444.1
2358,49364.3,49435.8,49444.1
2359,49364.3,49435.8,49444.1
2360,49364.3,49435.8,49444.1
2361,49364.3,49435.8,49444.1
2362,49364.3,49435.8,49444.1
2363,49364.3,49435.8,49444.1
2364,49364.3,49435.8,49444.1
2365,49364.3,49435.8,49444.1
2366,49364.3,49435.8,49444.1
2367,49364.3,49435.8,49444.1
2368,49364.3,49435.8,49444.1
2369,49364.3,49435.8,49444.1
2370,49364.3,49435.8,49444.1
2371,49364.3,49436.3,49444.1
2372,49364.3,49436.3,49444.1
2373,49364.3,49436.3,49444.1
2374,49364.3,49436.3,49444.1
2375,49364.3,49436.3,49444.1
2376,49364.3,49436.3,49444.1
2377,49364.3,49436.3,49444.1
2378,49364.3,49436.3,49444.1
2379,49364.3,49436.3,49444.1
2380,49364.3,49436.3,49444.1
2381,49364.3,49436.3,49444.1
2382,49364.3,49436.3,49444.1
2383,49364.3,49436.3,49444.1
2384,49364.3,49436.3,49444.1
2385,49364.3,49436.3,49444.1
2386,49364.3,49436.3,49444.1
2387,49364.3,49436.3,49444.1
2388,49364.3,49436.3,49444.1
2389,49364.3,49436.3,49446.7
2390,49364.3,49436.3,49446.7
2391,49364.3,49436.3,49446.7
2392,49364.3,49436.3,49446.7
2393,49364.3,49436.3,49446.7
2394,49364.3,49436.3,49446.7
2395,49364.3,49436.3,49446.7
2396,49364.3,49436.3,49446.7
2397,49364.3,49436.3,49446.7
2398,49364.3,49436.3,49446.7
2399,49364.3,49436.3,49446.7
2400,49364.3,49436.3,49446.7
2401,49364.3,49436.3,49446.7
2402,49364.3,49436.3,49446.7
2403,49364.3,49436.3,49446.7
2404,49364.3,49436.3,49446.7
2405,49364.3,49436.3,49446.7
2406,49364.3,49436.3,49446.7
2407,49364.3,49436.3,49446.7
2408,49364.3,49436.3,49446.7
2409,49364.3,49436.3,49446.7
2410,49364.3,49436.3,49446.7
2411,49364.3,49436.3,49446.7
2412,49364.3,49436.3,49446.7
2413,49364.3,49436.3,49446.7
2414,49364.3,49436.3,49446.7
2415,49364.3,49436.3,49446.7
2416,49364.3,49436.3,49446.7
2417,49364.3,49436.3,49447.4
2418,49364.3,49436.3,49447.4
2419,49364.3,49436.3,49447.4
2420,49364.3,49436.3,49447.4
2421,49364.3,49436.3,49447.4
2422,49364.3,49436.3,49447.4
2423,49364.3,49436.3,49447.4
2424,49364.3,49436.3,49447.4
2425,49364.3,49436.3,49447.4
2426,49364.3,49436.3,49447.4
2427,49364.3,49436.3,49447.4
2428,49364.3,49436.3,49447.4
2429,49364.3,49436.3,49447.4
2430,49364.3,49436.3,49447.4
2431,49364.3,49436.3,49447.4
2432,49364.3,49436.3,49447.4
2433,49364.3,49436.3,49447.4
2434,49364.3,49436.3,49447.4
2435,49364.3,49436.3,49447.4
2436,49364.3,49436.3,49447.4
2437,49364.3,49436.3,49447.4
2438,49364.3,49436.3,49447.4
2439,49364.3,49436.3,49447.4
2440,49364.3,49436.3,49447.4
2441,49364.3,49436.3,49447.4
2442,49364.3,49436.3,49447.4
2443,49364.3,49436.3,49447.4
2444,49364.3,49436.9,49447.4
2445,49364.3,49436.9,49447.4
2446,49364.3,49436.9,49447.4
2447,49364.3,49436.9,49447.4
2448,49364.3,49436.9,49447.4
2449,49364.3,49436.9,49447.4
2450,49364.3,49436.9,49447.4
2451,49364.3,49436.9,49447.4
2452,49364.3,49436.9,49447.4
2453,49364.3,49436.9,49447.4
2454,49364.3,49436.9,49447.4
2455,49364.3,49436.9,49447.4
2456,49364.3,49436.9,49447.4
2457,49364.3,49436.9,49449.1
2458,49364.3,49436.9,49449.1
2459,49364.3,49436.9,49449.1
2460,49364.3,49436.9,49449.1
2461,49364.3,49436.9,49449.1
2462,49364.3,49436.9,49449.6
2463,49364.3,49436.9,49449.6
2464,49364.3,49436.9,49449.6
2465,49364.3,49436.9,49449.6
2466,49364.3,49436.9,49449.6
2467,49364.3,49436.9,49449.6
2468,49364.3,49437.9,49449.6
2469,49364.3,49437.9,49449.7
2470,49364.3,49437.9,49449.7
2471,49364.3,49437.9,49451.0
2472,49364.3,49437.9,49451.0
2473,49364.3,49437.9,49452.4
2474,49364.3,49437.9,49452.4
2475,49364.3,49437.9,49452.4
2476,49364.3,49437.9,49452.4
2477,49364.3,49437.9,49452.4
2478,49364.3,49437.9,49452.4
2479,49364.3,49437.9,49452.4
2480,49364.3,49437.9,49452.4
2481,49364.3,49437.9,49452.4
2482,49364.3,49437.9,49453.8
2483,49364.3,49437.9,49453.8
2484,49364.3,49437.9,49453.8
2485,49364.3,49437.9,49455.2
2486,49364.3,49437.9,49455.2
2487,49364.3,49437.9,49455.2
2488,49364.3,49437.9,49455.2
2489,49364.3,49437.9,49455.2
2490,49364.3,49437.9,49455.2
2491,49364.3,49437.9,49455.2
2492,49364.3,49437.9,49455.2
2493,49364.3,49437.9,49455.2
2494,49364.3,49437.9,49455.2
2495,49364.3,49437.9,49455.2
2496,49364.3,49437.9,49455.2
2497,49364.3,49437.9,49455.2
2498,49364.3,49437.9,49455.2
2499,49364.3,49437.9,49455.2
2500,49364.3,49437.9,49455.2
2501,49364.3,49437.9,49455.2
2502,49364.3,49438.4,49455.2
2503,49364.3,49438.4,49455.2
2504,49364.3,49438.4,49455.2
2505,49364.3,49438.4,49455.2
2506,49364.3,49438.4,49455.2
2507,49364.3,49438.4,49455.2
2508,49364.3,49438.6,49455.2
2509,49364.3,49438.6,49455.2
2510,49364.3,49438.6,49455.2
2511,49364.3,49438.6,49455.2
2512,49364.3,49438.6,49455.2
2513,49364.3,49438.6,49455.7
2514,49364.3,49438.6,49455.7
2515,49364.3,49438.6,49455.7
2516,49364.3,49438.6,49455.7
2517,49364.3,49438.6,49455.7
2518,49364.3,49438.6,49455.7
2519,49364.3,49438.6,49455.7
2520,49364.3,49438.6,49455.7
2521,49364.3,49438.6,49455.7
2522,49364.3,49438.6,49455.7
2523,49364.3,49438.6,49455.7
2524,49364.3,49438.6,49455.7
2525,49364.3,49438.6,49455.7
2526,49364.3,49438.8,49455.7
2527,49364.3,49438.8,49455.7
2528,49364.3,49438.8,49455.7
2529,49364.3,49438.8,49455.7
2530,49364.3,49438.8,49455.7
2531,49364.3,49438.8,49455.7
2532,49364.3,49438.8,49455.7
2533,49364.3,49438.8,49455.7
2534,49364.3,49438.8,49455.7
2535,49364.3,49438.8,49455.7
2536,49364.3,49438.8,49455.7
2537,49364.3,49438.8,49455.7
2538,49364.3,49438.8,49455.7
2539,49364.3,49438.8,49455.7
2540,49364.3,49438.8,49455.7
2541,49364.3,49438.8,49455.7
2542,49364.3,49438.8,49455.7
2543,49364.3,49438.8,49455.7
2544,49364.3,49438.8,49455.7
2545,49364.3,49438.8,49455.7
2546,49364.3,49438.8,49455.7
2547,49364.3,49438.8,49455.7
2548,49364.3,49438.8,49455.7
2549,49364.3,49438.8,49455.7
2550,49364.3,49438.8,49455.7
2551,49364.3,49438.8,49455.7
2552,49364.3,49438.8,49455.7
2553,49364.3,49438.8,49455.7
2554,49364.3,49438.8,49455.7
2555,49364.3,49438.8,49455.7
2556,49364.3,49438.8,49455.7
2557,49364.3,49438.8,49455.7
2558,49364.3,49439.4,49455.7
2559,49364.3,49439.4,49455.7
2560,49364.3,49439.4,49455.7
2561,49364.3,49439.4,49455.7
2562,49364.3,49439.4,49455.7
2563,49364.3,49439.4,49456.1
2564,49364.3,49439.4,49456.1
2565,49364.3,49439.4,49456.1
2566,49364.3,49439.4,49456.1
2567,49364.3,49439.4,49457.0
2568,49364.3,49439.4,49457.0
2569,49364.3,49439.4,49457.0
2570,49364.3,49439.4,49457.0
2571,49364.3,49439.4,49457.0
2572,49364.3,49439.4,49457.0
2573,49364.3,49439.4,49457.0
2574,49364.3,49439.4,49457.0
2575,49364.3,49439.5,49457.0
2576,49364.3,49439.5,49457.0
2577,49364.3,49439.5,49457.0
2578,49364.3,49439.5,49457.0
2579,49364.3,49439.5,49457.0
2580,49364.3,49439.5,49457.0
2581,49364.3,49439.5,49457.0
2582,49364.3,49439.5,49457.0
2583,49364.3,49439.5,49457.0
2584,49364.3,49439.5,49457.0
2585,49364.3,49439.5,49457.0
2586,49364.3,49439.5,49457.0
2587,49364.3,49439.5,49457.8
2588,49364.3,49439.5,49457.8
2589,49364.3,49439.5,49457.8
2590,49364.3,49439.5,49457.8
2591,49364.3,49439.5,49457.8
2592,49364.3,49439.5,49457.8
2593,49364.3,49439.5,49457.8
2594,49364.3,49439.5,49457.8
2595,49364.3,49439.5,49457.8
2596,49364.3,49439.5,49457.8
2597,49364.3,49439.5,49457.8
2598,49364.3,49439.5,49457.8
2599,49364.3,49439.5,49457.8
2600,49364.3,49439.5,49458.3
2601,49364.3,49439.5,49458.3
2602,49364.3,49439.5,49458.3
2603,49364.3,49439.5,49458.3
2604,49364.3,49439.5,49458.3
2605,49364.3,49439.5,49458.3
2606,49364.3,49439.5,49458.3
2607,49364.3,49439.5,49458.3
2608,49364.3,49439.5,49458.3
2609,49364.3,49439.5,49458.3
2610,49364.3,49441.0,49458.3
2611,49364.3,49441.0,49458.3
2612,49364.3,49441.0,49458.3
2613,49364.3,49441.0,49458.3
2614,49364.3,49441.0,49458.3
2615,49364.3,49441.0,49458.3
2616,49364.3,49441.0,49458.3
2617,49364.3,49441.0,49458.3
2618,49364.3,49441.0,49458.3
2619,49364.3,49441.0,49458.3
2620,49364.3,49441.0,49458.3
2621,49364.3,49441.0,49458.3
2622,49364.3,49441.2,49458.3
2623,49364.3,49441.2,49458.3
2624,49364.3,49441.3,49458.3
2625,49364.3,49441.3,49458.3
2626,49364.3,49441.3,49458.3
2627,49364.3,49441.3,49458.9
2628,49364.3,49441.3,49460.6
2629,49364.3,49441.3,49460.6
2630,49364.3,49441.3,49460.6
2631,49364.3,49441.3,49460.8
2632,49364.3,49441.3,49460.8
2633,49364.3,49441.3,49460.8
2634,49364.3,49441.3,49460.8
2635,49364.3,49441.3,49460.8
2636,49364.3,49441.3,49460.8
2637,49364.3,49441.3,49460.8
2638,49364.3,49441.3,49460.8
2639,49364.3,49441.3,49460.8
2640,49364.3,49441.3,49460.8
2641,49364.3,49441.3,49460.8
2642,49364.3,49441.3,49460.8
2643,49364.3,49441.3,49460.8
2644,49364.3,49441.3,49460.8
2645,49364.3,49441.3,49460.8
2646,49364.3,49441.3,49460.8
2647,49364.3,49441.3,49460.8
2648,49364.3,49441.3,49460.8
2649,49364.3,49441.3,49460.8
2650,49364.3,49441.3,49460.8
2651,49364.3,49441.3,49460.8
2652,49364.3,49441.3,49460.8
2653,49364.3,49441.3,49460.8
2654,49364.3,49441.3,49460.8
2655,49364.3,49441.3,49460.8
2656,49364.3,49441.3,49460.8
2657,49364.3,49441.3,49460.8
2658,49364.3,49441.3,49460.8
2659,49364.3,49441.3,49460.8
2660,49364.3,49441.3,49460.8
2661,49364.3,49441.3,49461.1
2662,49364.3,49441.3,49462.8
2663,49364.3,49441.3,49462.8
2664,49364.3,49441.3,49462.8
2665,49364.3,49441.3,49462.8
2666,49364.3,49441.3,49462.8
2667,49364.3,49441.3,49463.3
2668,49364.3,49441.3,49463.3
2669,49364.3,49441.3,49463.3
2670,49364.3,49441.3,49463.3
2671,49364.3,49441.3,49463.3
2672,49364.3,49441.3,49463.3
2673,49364.3,49441.3,49463.3
2674,49364.3,49441.3,49463.3
2675,49364.3,49441.3,49463.3
2676,49364.3,49441.3,49463.3
2677,49364.3,49441.3,49463.3
2678,49364.3,49441.3,49463.3
2679,49364.3,49441.3,49463.3
2680,49364.3,49441.3,49464.8
2681,49364.3,49441.3,49464.8
2682,49364.3,49441.3,49464.8
2683,49364.3,49441.3,49464.8
2684,49364.3,49441.3,49464.8
2685,49364.3,49441.3,49464.8
2686,49364.3,49441.3,49464.8
2687,49364.3,49441.3,49464.8
2688,49364.3,49441.3,49464.8
2689,49364.3,49441.3,49464.8
2690,49364.3,49441.3,49464.8
2691,49364.3,49441.3,49464.8
2692,49364.3,49441.3,49464.8
2693,49364.3,49441.3,49464.8
2694,49364.3,49441.3,49464.8
2695,49364.3,49441.3,49464.8
2696,49364.3,49441.3,49464.8
2697,49364.3,49441.3,49464.8
2698,49364.3,49441.3,49464.8
2699,49364.3,49441.3,49464.8
2700,49364.3,49441.3,49464.8
2701,49364.3,49441.3,49464.8
2702,49364.3,49441.3,49464.8
2703,49364.3,49441.3,49464.8
2704,49364.3,49441.3,49464.8
2705,49364.3,49441.3,49464.8
2706,49364.3,49441.3,49464.8
2707,49364.3,49441.3,49464.8
2708,49364.3,49441.3,49464.8
2709,49364.3,49441.3,49464.8
2710,49364.3,49441.3,49464.8
2711,49364.3,49441.3,49464.8
2712,49364.3,49441.3,49464.8
2713,49364.3,49441.3,49464.8
2714,49364.3,49441.3,49464.8
2715,49364.3,49441.3,49464.9
2716,49364.3,49441.3,49464.9
2717,49364.3,49441.3,49464.9
2718,49364.3,49441.3,49465.0
2719,49364.3,49441.3,49465.0
2720,49364.3,49441.3,49465.0
2721,49364.3,49441.3,49465.0
2722,49364.3,49441.3,49465.0
2723,49364.3,49441.3,49465.0
2724,49364.3,49441.6,49465.0
2725,49364.3,49441.6,49465.0
2726,49364.3,49441.6,49465.9
2727,49364.3,49441.6,49465.9
2728,49364.3,49441.6,49465.9
2729,49364.3,49441.6,49465.9
2730,49364.3,49441.6,49465.9
2731,49364.3,49441.6,49465.9
2732,49364.3,49441.6,49465.9
2733,49364.3,49441.6,49465.9
2734,49364.3,49441.6,49465.9
2735,49364.3,49441.6,49465.9
2736,49364.3,49441.6,49465.9
2737,49364.3,49441.6,49465.9
2738,49364.3,49441.6,49467.0
2739,49364.3,49441.6,49467.4
2740,49364.3,49441.6,49467.4
2741,49364.3,49441.6,49468.2
2742,49364.3,49441.6,49468.2
2743,49364.3,49441.6,49468.2
2744,49364.3,49441.6,49468.2
2745,49364.3,49441.6,49468.2
2746,49364.3,49441.6,49468.2
2747,49364.3,49441.6,49468.2
2748,49364.3,49441.6,49469.8
2749,49364.3,49441.6,49469.8
2750,49364.3,49441.6,49469.8
2751,49364.3,49441.6,49469.8
2752,49364.3,49441.6,49469.8
2753,49364.3,49441.6,49469.8
2754,49364.3,49441.6,49469.8
2755,49364.3,49441.6,49469.8
2756,49364.3,49441.6,49469.8
2757,49364.3,49441.6,49470.0
2758,49364.3,49441.6,49470.0
2759,49364.3,49441.6,49470.0
2760,49364.3,49441.6,49470.0
2761,49364.3,49441.6,49470.0
2762,49364.3,49441.6,49470.0
2763,49364.3,49441.6,49470.0
2764,49364.3,49441.6,49472.8
2765,49364.3,49441.6,49472.8
2766,49364.3,49441.6,49474.1
2767,49364.3,49441.6,49474.1
2768,49364.3,49441.6,49474.1
2769,49364.3,49441.6,49474.1
2770,49364.3,49441.6,49474.1
2771,49364.3,49441.6,49474.1
2772,49364.3,49441.6,49474.1
2773,49364.3,49441.6,49475.3
2774,49364.3,49441.6,49475.3
2775,49364.3,49441.6,49475.3
2776,49364.3,49441.6,49475.3
2777,49364.3,49441.6,49475.3
2778,49364.3,49441.6,49475.3
2779,49364.3,49441.6,49475.3
2780,49364.3,49441.6,49475.3
2781,49364.3,49441.6,49475.3
2782,49364.3,49441.6,49475.3
2783,49364.3,49441.6,49475.3
2784,49364.3,49441.6,49475.3
2785,49364.3,49441.6,49476.7
2786,49364.3,49441.6,49476.7
2787,49364.3,49441.6,49476.7
2788,49364.3,49441.6,49476.9
2789,49364.3,49441.6,49476.9
2790,49364.3,49441.6,49476.9
2791,49364.3,49441.6,49476.9
2792,49364.3,49441.6,49476.9
2793,49364.3,49441.6,49476.9
2794,49364.3,49441.6,49477.7
2795,49364.3,49441.6,49477.7
2796,49364.3,49441.6,49481.1
2797,49364.3,49441.6,49481.1
2798,49364.3,49441.6,49481.1
2799,49364.3,49441.6,49481.1
2800,49364.3,49441.6,49481.1
2801,49364.3,49441.6,49481.1
2802,49364.3,49441.6,49481.9
2803,49364.3,49441.6,49481.9
2804,49364.3,49441.6,49481.9
2805,49364.3,49441.6,49481.9
2806,49364.3,49441.6,49481.9
2807,49364.3,49441.6,49481.9
2808,49364.3,49441.6,49481.9
2809,49364.3,49441.6,49481.9
2810,49364.3,49441.6,49481.9
2811,49364.3,49441.6,49481.9
2812,49364.3,49441.6,49481.9
2813,49364.3,49441.6,49481.9
2814,49364.3,49441.6,49481.9
2815,49364.3,49441.6,49481.9
2816,49364.3,49441.6,49481.9
2817,49364.3,49441.6,49481.9
2818,49364.3,49441.6,49481.9
2819,49364.3,49441.6,49481.9
2820,49364.3,49441.6,49481.9
2821,49364.3,49441.6,49481.9
2822,49364.3,49441.6,49481.9
2823,49364.3,49441.6,49481.9
2824,49364.3,49441.6,49481.9
2825,49364.3,49441.6,49481.9
2826,49364.3,49441.6,49481.9
2827,49364.3,49441.6,49481.9
2828,49364.3,49441.6,49481.9
2829,49364.3,49441.6,49481.9
2830,49364.3,49441.6,49482.6
2831,49364.3,49441.6,49482.6
2832,49364.3,49441.6,49482.6
2833,49364.3,49441.6,49482.6
2834,49364.3,49441.6,49482.6
2835,49364.3,49441.6,49482.6
2836,49364.3,49441.6,49482.6
2837,49364.3,49441.6,49482.6
2838,49364.3,49441.6,49482.6
2839,49364.3,49441.6,49483.0
2840,49364.3,49441.6,49483.0
2841,49364.3,49441.6,49483.0
2842,49364.3,49441.6,49483.0
2843,49364.3,49441.6,49483.8
2844,49364.3,49441.6,49483.8
2845,49364.3,49441.6,49483.8
2846,49364.3,49441.6,49483.8
2847,49364.3,49441.6,49483.8
2848,49364.3,49441.6,49483.8
2849,49364.3,49441.6,49483.8
2850,49364.3,49441.6,49483.8
2851,49364.3,49441.6,49483.8
2852,49364.3,49441.6,49483.8
2853,49364.3,49441.6,49483.8
2854,49364.3,49441.6,49483.8
2855,49364.3,49441.6,49483.8
2856,49364.3,49441.6,49483.8
2857,49364.3,49441.6,49484.6
2858,49364.3,49441.6,49484.6
2859,49364.3,49441.6,49484.6
2860,49364.3,49441.6,49484.6
2861,49364.3,49441.6,49484.6
2862,49364.3,49441.6,49484.6
2863,49364.3,49441.6,49485.0
2864,49364.3,49441.6,49485.0
2865,49364.3,49441.6,49485.0
2866,49364.3,49441.6,49485.0
2867,49364.3,49441.6,49485.0
2868,49364.3,49441.6,49485.0
2869,49364.3,49441.6,49485.0
2870,49364.3,49441.6,49485.0
2871,49364.3,49441.6,49485.0
2872,49364.3,49441.6,49485.0
2873,49364.3,49441.6,49485.0
2874,49364.3,49441.6,49485.0
2875,49364.3,49441.6,49485.0
2876,49364.3,49441.6,49485.0
2877,49364.3,49441.6,49485.0
2878,49364.3,49441.6,49485.0
2879,49364.3,49441.6,49485.0
2880,49364.3,49441.6,49485.0
2881,49364.3,49441.6,49485.0
2882,49364.3,49441.6,49485.0
2883,49364.3,49441.6,49485.4
2884,49364.3,49441.6,49485.4
2885,49364.3,49441.6,49485.4
2886,49364.3,49441.6,49485.4
2887,49364.3,49441.6,49485.4
2888,49364.3,49441.6,49485.4
2889,49364.3,49441.6,49485.4
2890,49364.3,49441.6,49485.4
2891,49364.3,49441.6,49485.4
2892,49364.3,49441.6,49485.4
2893,49364.3,49441.6,49485.4
2894,49364.3,49441.6,49485.4
2895,49364.3,49441.6,49486.6
2896,49364.3,49441.6,49486.6
2897,49364.3,49441.6,49486.6
2898,49364.3,49441.6,49486.6
2899,49364.3,49441.6,49486.6
2900,49364.3,49443.8,49486.6
2901,49364.3,49443.8,49486.6
2902,49364.3,49443.8,49486.6
2903,49364.3,49443.8,49486.6
2904,49364.3,49443.8,49486.6
2905,49364.3,49443.8,49486.6
2906,49364.3,49443.8,49486.6
2907,49364.3,49443.8,49486.6
2908,49364.3,49443.8,49486.6
2909,49364.3,49443.8,49486.6
2910,49364.3,49443.8,49486.6
2911,49364.3,49443.8,49486.6
2912,49364.3,49443.8,49486.6
2913,49364.3,49443.8,49486.6
2914,49364.3,49443.8,49486.6
2915,49364.3,49443.8,49486.6
2916,49364.3,49443.8,49486.6
2917,49364.3,49443.8,49486.6
2918,49364.3,49443.8,49486.6
2919,49364.3,49443.8,49486.6
2920,49364.3,49443.8,49486.6
2921,49364.3,49443.8,49486.6
2922,49364.3,49443.8,49486.6
2923,49364.3,49443.8,49486.6
2924,49364.3,49443.8,49486.6
2925,49364.3,49443.8,49486.6
2926,49364.3,49443.8,49486.6
2927,49364.3,49443.8,49486.6
2928,49364.3,49443.8,49486.6
2929,49364.3,49443.8,49486.6
2930,49364.3,49443.8,49486.6
2931,49364.3,49443.8,49486.6
2932,49364.3,49443.8,49486.6
2933,49364.3,49443.8,49486.6
2934,49364.3,49443.8,49486.6
2935,49364.3,49443.8,49486.6
2936,49364.3,49443.8,49486.6
2937,49364.3,49443.8,49486.6
2938,49364.3,49443.8,49486.6
2939,49364.3,49443.8,49486.6
2940,49364.3,49443.8,49486.6
2941,49364.3,49443.8,49486.6
2942,49364.3,49443.8,49486.6
2943,49364.3,49443.8,49486.6
2944,49364.3,49443.8,49486.6
2945,49364.3,49443.8,49486.6
2946,49364.3,49443.8,49486.6
2947,49364.3,49443.8,49486.6
2948,49364.3,49443.8,49486.6
2949,49364.3,49443.8,49486.6
2950,49364.3,49443.8,49486.6
2951,49364.3,49443.8,49486.6
2952,49364.3,49443.8,49486.6
2953,49364.3,49443.8,49486.6
2954,49364.3,49443.8,49486.6
2955,49364.3,49443.8,49486.6
2956,49364.3,49443.8,49486.6
2957,49364.3,49443.8,49486.6
2958,49364.3,49443.8,49487.8
2959,49364.3,49443.8,49487.8
2960,49364.3,49443.8,49487.8
2961,49364.3,49443.8,49487.8
2962,49364.3,49443.8,49487.8
2963,49364.3,49443.8,49487.8
2964,49364.3,49443.8,49487.8
2965,49364.3,49443.8,49487.8
2966,49364.3,49443.8,49487.8
2967,49364.3,49443.8,49487.8
2968,49364.3,49443.8,49487.8
2969,49364.3,49443.8,49487.8
2970,49364.3,49443.8,49487.8
2971,49364.3,49443.8,49487.8
2972,49364.3,49443.8,49487.8
2973,49364.3,49443.8,49487.8
2974,49364.3,49443.8,49487.8
2975,49364.3,49443.8,49487.8
2976,49364.3,49443.8,49487.8
2977,49364.3,49443.8,49487.8
2978,49364.3,49443.8,49487.8
2979,49364.3,49443.8,49487.8
2980,49364.3,49443.8,49487.8
2981,49364.3,49443.8,49487.8
2982,49364.3,49443.8,49487.8
2983,49364.3,49443.8,49487.8
2984,49364.3,49443.8,49487.8
2985,49364.3,49443.8,49487.8
2986,49364.3,49443.8,49487.8
2987,49364.3,49443.8,49487.8
2988,49364.3,49443.8,49487.8
2989,49364.3,49443.8,49487.8
2990,49364.3,49443.8,49487.8
2991,49364.3,49443.8,49487.8
2992,49364.3,49443.8,49487.8
2993,49364.3,49443.8,49487.8
2994,49364.3,49443.8,49487.8
2995,49364.3,49443.8,49487.8
2996,49364.3,49443.8,49487.8
2997,49364.3,49443.8,49487.8
2998,49364.3,49443.8,49487.8
2999,49364.3,49443.8,49487.8
3000,49364.3,49443.8,49487.8
3001,49364.3,49443.8,49487.8
3002,49364.3,49443.8,49487.8
3003,49364.3,49443.8,49487.8
3004,49364.3,49443.8,49487.8
3005,49364.3,49443.8,49487.8
3006,49364.3,49443.8,49487.8
3007,49364.3,49443.8,49487.8
3008,49364.3,49443.8,49487.8
3009,49364.3,49443.8,49487.8
3010,49364.3,49443.8,49487.8
3011,49364.3,49443.8,49487.8
3012,49364.3,49443.8,49487.8
3013,49364.3,49443.8,49487.8
3014,49364.3,49443.8,49487.8
3015,49364.3,49443.8,49487.8
3016,49364.3,49443.8,49487.8
3017,49364.3,49443.8,49487.8
3018,49364.3,49443.8,49487.8
3019,49364.3,49443.8,49487.8
3020,49364.3,49443.8,49487.8
3021,49364.3,49443.8,49487.8
3022,49364.3,49443.8,49487.8
3023,49364.3,49443.8,49487.8
3024,49364.3,49443.8,49487.8
3025,49364.3,49443.8,49487.8
3026,49364.3,49443.8,49487.8
3027,49364.3,49443.8,49487.8
3028,49364.3,49443.8,49487.8
3029,49364.3,49443.8,49487.8
3030,49364.3,49443.8,49487.8
3031,49364.3,49443.8,49487.8
3032,49364.3,49443.8,49488.3
3033,49364.3,49443.8,49488.3
3034,49364.3,49443.8,49488.3
3035,49364.3,49443.8,49488.3
3036,49364.3,49443.8,49488.3
3037,49364.3,49443.8,49488.3
3038,49364.3,49443.8,49488.3
3039,49364.3,49443.8,49488.3
3040,49364.3,49443.8,49488.3
3041,49364.3,49443.8,49488.3
3042,49364.3,49443.8,49488.3
3043,49364.3,49443.8,49488.3
3044,49364.3,49443.8,49488.3
3045,49364.3,49443.8,49488.3
3046,49364.3,49443.8,49488.3
3047,49364.3,49443.8,49488.3
3048,49364.3,49443.8,49488.4
3049,49364.3,49443.8,49488.4
3050,49364.3,49443.8,49488.4
3051,49364.3,49443.8,49488.8
3052,49364.3,49443.8,49488.8
3053,49364.3,49443.8,49488.8
3054,49364.3,49443.8,49488.8
3055,49364.3,49443.8,49488.8
3056,49364.3,49443.8,49488.8
3057,49364.3,49443.8,49488.8
3058,49364.3,49443.8,49488.8
3059,49364.3,49443.8,49488.8
3060,49364.3,49443.8,49488.8
3061,49364.3,49443.8,49488.8
3062,49364.3,49443.8,49488.8
3063,49364.3,49443.8,49490.9
3064,49364.3,49443.8,49490.9
3065,49364.3,49443.8,49492.4
3066,49364.3,49443.8,49492.4
3067,49364.3,49443.8,49493.2
3068,49364.3,49443.8,49493.2
3069,49364.3,49443.8,49493.2
3070,49364.3,49443.8,49493.2
3071,49364.3,49443.8,49494.4
3072,49364.3,49443.8,49494.4
3073,49364.3,49443.8,49494.4
3074,49364.3,49443.8,49494.4
3075,49364.3,49443.8,49495.4
3076,49364.3,49443.8,49495.4
3077,49364.3,49443.8,49495.4
3078,49364.3,49443.8,49495.4
3079,49364.3,49443.8,49495.4
3080,49364.3,49443.8,49495.4
3081,49364.3,49443.8,49495.4
3082,49364.3,49443.8,49495.4
3083,49364.3,49443.8,49495.4
3084,49364.3,49443.8,49495.4
3085,49364.3,49443.8,49495.4
3086,49364.3,49443.8,49495.4
3087,49364.3,49443.8,49495.4
3088,49364.3,49443.8,49495.4
3089,49364.3,49443.8,49495.4
3090,49364.3,49443.8,49495.4
3091,49364.3,49443.8,49495.4
3092,49364.3,49443.8,49495.4
3093,49364.3,49443.8,49495.4
3094,49364.3,49443.8,49495.4
3095,49364.3,49443.8,49495.4
3096,49364.3,49443.8,49495.4
3097,49364.3,49443.8,49495.4
3098,49364.3,49443.8,49495.4
3099,49364.3,49443.8,49495.4
3100,49364.3,49443.8,49495.4
3101,49364.3,49443.8,49495.4
3102,49364.3,49443.8,49495.4
3103,49364.3,49443.8,49495.4
3104,49364.3,49443.8,49495.4
3105,49364.3,49443.8,49496.6
3106,49364.3,49443.8,49496.6
3107,49364.3,49443.8,49496.6
3108,49364.3,49443.8,49496.6
3109,49364.3,49443.8,49496.6
3110,49364.3,49443.8,49496.6
3111,49364.3,49443.8,49496.6
3112,49364.3,49443.8,49496.6
3113,49364.3,49443.8,49496.6
3114,49364.3,49443.8,49496.6
3115,49364.3,49443.8,49496.6
3116,49364.3,49443.8,49496.6
3117,49364.3,49443.8,49496.6
3118,49364.3,49443.8,49496.6
3119,49364.3,49443.8,49496.6
3120,49364.3,49443.8,49496.6
3121,49364.3,49443.8,49496.6
3122,49364.3,49443.8,49496.6
3123,49364.3,49443.8,49496.6
3124,49364.3,49443.8,49496.6
3125,49364.3,49443.8,49496.6
3126,49364.3,49443.8,49496.6
3127,49364.3,49443.8,49496.6
3128,49364.3,49443.8,49496.6
3129,49364.3,49443.8,49496.6
3130,49364.3,49445.3,49496.6
3131,49364.3,49445.3,49496.6
3132,49364.3,49445.3,49496.6
3133,49364.3,49445.3,49496.6
3134,49364.3,49445.3,49497.1
3135,49364.3,49445.3,49497.1
3136,49364.3,49445.3,49497.1
3137,49364.3,49445.3,49497.1
3138,49364.3,49445.3,49497.1
3139,49364.3,49445.3,49497.1
3140,49364.3,49445.3,49497.1
3141,49364.3,49445.3,49497.1
3142,49364.3,49445.3,49497.1
3143,49364.3,49445.3,49497.1
3144,49364.3,49445.3,49497.1
3145,49364.3,49445.3,49497.1
3146,49364.3,49445.3,49497.1
3147,49364.3,49445.3,49497.1
3148,49364.3,49445.3,49497.1
3149,49364.3,49445.3,49497.1
3150,49364.3,49445.3,49497.1
3151,49364.3,49445.3,49497.1
3152,49364.3,49445.3,49497.1
3153,49364.3,49445.3,49497.1
3154,49364.3,49445.3,49497.1
3155,49364.3,49445.3,49497.1
3156,49364.3,49445.3,49497.1
3157,49364.3,49445.3,49497.1
3158,49364.3,49445.3,49497.1
3159,49364.3,49445.3,49497.1
3160,49364.3,49445.3,49497.1
3161,49364.3,49445.3,49497.1
3162,49364.3,49445.3,49497.1
3163,49364.3,49445.3,49497.1
3164,49364.3,49445.3,49497.1
3165,49364.3,49445.3,49497.1
3166,49364.3,49445.3,49497.1
3167,49364.3,49445.3,49497.1
3168,49364.3,49445.3,49497.1
3169,49364.3,49445.3,49497.1
3170,49364.3,49445.3,49497.1
3171,49364.3,49445.3,49497.1
3172,49364.3,49445.3,49497.1
3173,49364.3,49445.3,49497.1
3174,49364.3,49445.3,49497.1
3175,49364.3,49445.3,49497.1
3176,49364.3,49445.3,49497.1
3177,49364.3,49445.3,49497.1
3178,49364.3,49445.4,49497.1
3179,49364.3,49445.4,49497.1
3180,49364.3,49445.4,49497.1
3181,49364.3,49445.4,49497.1
3182,49364.3,49445.4,49497.1
3183,49364.3,49445.4,49497.3
3184,49364.3,49445.4,49497.3
3185,49364.3,49445.4,49497.3
3186,49364.3,49445.4,49497.3
3187,49364.3,49445.4,49497.3
3188,49364.3,49445.4,49497.3
3189,49364.3,49445.4,49497.3
3190,49364.3,49445.4,49497.3
3191,49364.3,49445.4,49497.3
3192,49364.3,49445.4,49497.3
3193,49364.3,49445.4,49498.9
3194,49364.3,49445.4,49498.9
3195,49364.3,49445.4,49498.9
3196,49364.3,49445.4,49498.9
3197,49364.3,49445.4,49498.9
3198,49364.3,49445.4,49498.9
3199,49364.3,49445.4,49498.9
3200,49364.3,49445.4,49499.4
3201,49364.3,49445.4,49499.4
3202,49364.3,49445.4,49499.4
3203,49364.3,49445.4,49499.4
3204,49364.3,49445.4,49499.4
3205,49364.3,49445.4,49500.8
3206,49364.3,49445.4,49500.8
3207,49364.3,49445.4,49500.8
3208,49364.3,49445.4,49500.8
3209,49364.3,49445.4,49500.8
3210,49364.3,49445.4,49500.8
3211,49364.3,49445.4,49500.8
3212,49364.3,49445.4,49500.8
3213,49364.3,49445.4,49500.8
3214,49364.3,49445.4,49500.8
3215,49364.3,49445.4,49501.7
3216,49364.3,49445.4,49501.9
3217,49364.3,49445.4,49501.9
3218,49364.3,49445.4,49501.9
3219,49364.3,49445.4,49503.5
3220,49364.3,49445.4,49503.5
3221,49364.3,49445.4,49503.5
3222,49364.3,49445.4,49503.5
3223,49364.3,49445.4,49503.5
3224,49364.3,49445.4,49504.0
3225,49364.3,49445.4,49504.0
3226,49364.3,49445.4,49504.0
3227,49364.3,49445.4,49504.0
3228,49364.3,49445.4,49504.0
3229,49364.3,49445.4,49504.8
3230,49364.3,49445.4,49504.8
3231,49364.3,49445.4,49504.8
3232,49364.3,49445.4,49504.8
3233,49364.3,49445.4,49504.8
3234,49364.3,49445.4,49504.8
3235,49364.3,49445.4,49504.8
3236,49364.3,49445.4,49504.8
3237,49364.3,49445.4,49505.9
3238,49364.3,49445.4,49505.9
3239,49364.3,49445.4,49505.9
3240,49364.3,49445.4,49505.9
3241,49364.3,49445.4,49505.9
3242,49364.3,49445.4,49505.9
3243,49364.3,49445.4,49505.9
3244,49364.3,49445.4,49505.9
3245,49364.3,49445.4,49505.9
3246,49364.3,49445.4,49505.9
3247,49364.3,49445.4,49505.9
3248,49364.3,49445.4,49505.9
3249,49364.3,49445.4,49505.9
3250,49364.3,49445.4,49505.9
3251,49364.3,49445.4,49506.0
3252,49364.3,49445.4,49506.0
3253,49364.3,49445.4,49506.0
3254,49364.3,49445.4,49506.0
3255,49364.3,49445.4,49506.0
3256,49364.3,49445.4,49506.0
3257,49364.3,49445.4,49506.0
3258,49364.3,49445.4,49506.0
3259,49364.3,49445.4,49506.0
3260,49364.3,49445.4,49506.0
3261,49364.3,49445.4,49506.0
3262,49364.3,49445.4,49506.0
3263,49364.3,49445.4,49506.0
3264,49364.3,49445.4,49506.0
3265,49364.3,49445.4,49506.0
3266,49364.3,49445.4,49506.0
3267,49364.3,49445.4,49506.0
3268,49364.3,49445.4,49506.0
3269,49364.3,49445.4,49506.0
3270,49364.3,49445.4,49506.0
3271,49364.3,49445.4,49506.0
3272,49364.3,49445.4,49506.0
3273,49364.3,49445.4,49506.0
3274,49364.3,49445.4,49506.0
3275,49364.3,49445.4,49506.0
3276,49364.3,49445.4,49506.0
3277,49364.3,49445.4,49506.0
3278,49364.3,49445.4,49506.0
3279,49364.3,49445.4,49506.0
3280,49364.3,49445.4,49506.0
3281,49364.3,49445.4,49506.3
3282,49364.3,49445.4,49506.3
3283,49364.3,49445.4,49506.3
3284,49364.3,49445.4,49506.3
3285,49364.3,49445.4,49506.3
3286,49364.3,49445.4,49506.3
3287,49364.3,49445.4,49506.3
3288,49364.3,49445.4,49506.3
3289,49364.3,49445.4,49506.3
3290,49364.3,49445.4,49506.3
3291,49364.3,49445.4,49506.3
3292,49364.3,49445.4,49506.3
3293,49364.3,49445.4,49506.3
3294,49364.3,49445.4,49506.3
3295,49364.3,49445.4,49506.3
3296,49364.3,49445.4,49506.3
3297,49364.3,49445.4,49506.3
3298,49364.3,49445.4,49506.3
3299,49364.3,49445.4,49506.3
3300,49364.3,49445.4,49506.3
3301,49364.3,49445.4,49506.3
3302,49364.3,49445.4,49506.3
3303,49364.3,49445.4,49506.3
3304,49364.3,49445.4,49506.3
3305,49364.3,49445.4,49506.3
3306,49364.3,49445.4,49506.3
3307,49364.3,49445.4,49506.3
3308,49364.3,49445.4,49506.3
3309,49364.3,49445.4,49506.3
3310,49364.3,49445.4,49507.8
3311,49364.3,49445.4,49507.8
3312,49364.3,49445.4,49507.8
3313,49364.3,49445.4,49507.8
3314,49364.3,49445.4,49507.8
3315,49364.3,49445.4,49507.8
3316,49364.3,49445.4,49507.8
3317,49364.3,49445.4,49507.8
3318,49364.3,49445.4,49507.8
3319,49364.3,49445.4,49507.8
3320,49364.3,49445.4,49507.8
3321,49364.3,49445.4,49507.8
3322,49364.3,49445.4,49508.2
3323,49364.3,49445.4,49508.2
3324,49364.3,49445.4,49508.2
3325,49364.3,49445.4,49508.2
3326,49364.3,49445.4,49508.2
3327,49364.3,49445.4,49508.2
3328,49364.3,49445.4,49508.2
3329,49364.3,49445.4,49508.2
3330,49364.3,49445.4,49508.2
3331,49364.3,49445.4,49508.9
3332,49364.3,49445.4,49508.9
3333,49364.3,49445.4,49509.3
3334,49364.3,49445.4,49509.3
3335,49364.3,49445.4,49509.5
3336,49364.3,49445.4,49509.5
3337,49364.3,49445.4,49509.5
3338,49364.3,49445.4,49509.5
3339,49364.3,49445.4,49509.5
3340,49364.3,49445.4,49509.5
3341,49364.3,49445.4,49509.5
3342,49364.3,49445.4,49509.5
3343,49364.3,49445.4,49509.5
3344,49364.3,49445.4,49509.5
3345,49364.3,49445.4,49509.5
3346,49364.3,49445.4,49509.5
3347,49364.3,49445.4,49509.5
3348,49364.3,49445.4,49509.5
3349,49364.3,49445.4,49509.5
3350,49364.3,49445.4,49509.5
3351,49364.3,49445.4,49509.5
3352,49364.3,49445.4,49509.5
3353,49364.3,49445.4,49509.5
3354,49364.3,49445.4,49509.5
3355,49364.3,49445.4,49509.5
3356,49364.3,49445.4,49509.5
3357,49364.3,49445.4,49509.5
3358,49364.3,49445.4,49509.5
3359,49364.3,49445.4,49509.5
3360,49364.3,49445.4,49509.5
3361,49364.3,49445.4,49509.5
3362,49364.3,49445.4,49509.5
3363,49364.3,49445.4,49509.5
3364,49364.3,49445.4,49509.5
3365,49364.3,49445.4,49509.5
3366,49364.3,49445.4,49509.5
3367,49364.3,49445.4,49509.5
3368,49364.3,49445.4,49509.5
3369,49364.3,49445.4,49509.5
3370,49364.3,49445.4,49509.5
3371,49364.3,49445.4,49509.5
3372,49364.3,49445.4,49509.5
3373,49364.3,49445.4,49509.5
3374,49364.3,49445.4,49509.5
3375,49364.3,49445.4,49511.5
3376,49364.3,49445.4,49511.5
3377,49364.3,49445.4,49511.5
3378,49364.3,49445.4,49511.5
3379,49364.3,49445.4,49511.7
3380,49364.3,49445.4,49511.7
3381,49364.3,49445.4,49511.7
3382,49364.3,49445.4,49511.7
3383,49364.3,49445.4,49511.7
3384,49364.3,49445.4,49511.7
3385,49364.3,49445.4,49511.7
3386,49364.3,49445.4,49511.7
3387,49364.3,49445.4,49511.7
3388,49364.3,49445.4,49511.7
3389,49364.3,49445.4,49511.7
3390,49364.3,49445.7,49511.7
3391,49364.3,49445.7,49511.7
3392,49364.3,49445.7,49511.7
3393,49364.3,49445.7,49511.7
3394,49364.3,49445.7,49511.7
3395,49364.3,49445.7,49511.7
3396,49364.3,49445.7,49511.7
3397,49364.3,49445.7,49511.7
3398,49364.3,49445.7,49511.7
3399,49364.3,49445.7,49511.7
3400,49364.3,49445.7,49511.7
3401,49364.3,49445.7,49511.7
3402,49364.3,49445.7,49511.7
3403,49364.3,49445.7,49514.7
3404,49364.3,49445.7,49514.7
3405,49364.3,49445.7,49514.7
3406,49364.3,49445.7,49514.7
3407,49364.3,49445.7,49514.7
3408,49364.3,49445.7,49514.7
3409,49364.3,49445.7,49514.7
3410,49364.3,49445.7,49514.7
3411,49364.3,49445.7,49514.7
3412,49364.3,49445.7,49514.7
3413,49364.3,49445.7,49514.7
3414,49364.3,49445.7,49514.7
3415,49364.3,49445.7,49514.7
3416,49364.3,49445.7,49514.7
3417,49364.3,49445.7,49514.7
3418,49364.3,49445.7,49514.7
3419,49364.3,49445.7,49514.7
3420,49364.3,49445.8,49514.7
3421,49364.3,49445.8,49514.7
3422,49364.3,49445.8,49514.9
3423,49364.3,49445.8,49514.9
3424,49364.3,49445.8,49514.9
3425,49364.3,49445.8,49514.9
3426,49364.3,49445.8,49515.2
3427,49364.3,49445.8,49515.2
3428,49364.3,49445.8,49515.2
3429,49364.3,49445.8,49515.2
3430,49364.3,49445.8,49518.7
3431,49364.3,49445.8,49518.7
3432,49364.3,49445.8,49518.7
3433,49364.3,49445.8,49518.7
3434,49364.3,49445.8,49518.7
3435,49364.3,49445.8,49518.7
3436,49364.3,49445.8,49518.7
3437,49364.3,49445.8,49518.7
3438,49364.3,49445.8,49520.2
3439,49364.3,49445.8,49520.2
3440,49364.3,49445.8,49520.2
3441,49364.3,49445.8,49520.2
3442,49364.3,49445.8,49520.2
3443,49364.3,49445.8,49520.2
3444,49364.3,49445.8,49520.2
3445,49364.3,49445.8,49520.2
3446,49364.3,49445.8,49520.2
3447,49364.3,49445.8,49520.2
3448,49364.3,49445.8,49520.2
3449,49364.3,49445.8,49520.2
3450,49364.3,49445.8,49520.2
3451,49364.3,49445.8,49520.2
3452,49364.3,49445.8,49520.4
3453,49364.3,49445.8,49520.4
3454,49364.3,49445.8,49520.4
3455,49364.3,49445.8,49520.4
3456,49364.3,49445.8,49521.4
3457,49364.3,49445.8,49521.4
3458,49364.3,49445.8,49521.4
3459,49364.3,49445.8,49522.3
3460,49364.3,49445.8,49522.3
3461,49364.3,49445.8,49522.3
3462,49364.3,49445.8,49522.3
3463,49364.3,49445.8,49522.3
3464,49364.3,49445.8,49522.7
3465,49364.3,49445.8,49522.7
3466,49364.3,49445.8,49523.3
3467,49364.3,49445.8,49523.3
3468,49364.3,49445.8,49523.3
3469,49364.3,49445.8,49523.3
3470,49364.3,49445.8,49523.3
3471,49364.3,49445.8,49523.3
3472,49364.3,49445.8,49523.3
3473,49364.3,49445.8,49523.3
3474,49364.3,49445.8,49523.3
3475,49364.3,49445.8,49523.3
3476,49364.3,49445.8,49523.3
3477,49364.3,49445.8,49523.3
3478,49364.3,49445.8,49523.3
3479,49364.3,49445.8,49523.3
3480,49364.3,49445.8,49523.3
3481,49364.3,49445.8,49523.3
3482,49364.3,49445.8,49523.3
3483,49364.3,49445.8,49523.3
3484,49364.3,49445.8,49525.8
3485,49364.3,49445.8,49525.8
3486,49364.3,49445.8,49525.8
3487,49364.3,49445.8,49525.8
3488,49364.3,49445.8,49525.8
3489,49364.3,49445.8,49525.8
3490,49364.3,49445.8,49525.8
3491,49364.3,49445.8,49525.8
3492,49364.3,49445.8,49525.8
3493,49364.3,49445.8,49527.4
3494,49364.3,49445.8,49527.4
3495,49364.3,49445.8,49527.4
3496,49364.3,49445.8,49527.4
3497,49364.3,49445.8,49527.4
3498,49364.3,49445.8,49527.4
3499,49364.3,49445.8,49527.4
3500,49364.3,49445.8,49527.4
3501,49364.3,49445.8,49527.4
3502,49364.3,49445.8,49527.4
3503,49364.3,49445.8,49527.4
3504,49364.3,49445.8,49527.4
3505,49364.3,49445.8,49527.4
3506,49364.3,49445.8,49527.4
3507,49364.3,49445.8,49527.4
3508,49364.3,49445.8,49527.4
3509,49364.3,49445.8,49527.4
3510,49364.3,49445.8,49527.4
3511,49364.3,49445.8,49527.4
3512,49364.3,49445.8,49527.4
3513,49364.3,49445.8,49527.4
3514,49364.3,49445.8,49527.4
3515,49364.3,49445.8,49527.4
3516,49364.3,49445.8,49527.4
3517,49364.3,49445.8,49527.4
3518,49364.3,49445.8,49528.6
3519,49364.3,49445.8,49528.6
3520,49364.3,49445.8,49530.7
3521,49364.3,49445.8,49530.7
3522,49364.3,49445.8,49530.7
3523,49364.3,49445.8,49531.0
3524,49364.3,49445.8,49531.0
3525,49364.3,49445.8,49531.0
3526,49364.3,49445.8,49531.0
3527,49364.3,49445.8,49531.0
3528,49364.3,49445.8,49531.0
3529,49364.3,49445.8,49531.0
3530,49364.3,49445.9,49531.0
3531,49364.3,49445.9,49531.0
3532,49364.3,49445.9,49531.0
3533,49364.3,49445.9,49531.0
3534,49364.3,49445.9,49531.0
3535,49364.3,49445.9,49531.0
3536,49364.3,49445.9,49531.0
3537,49364.3,49445.9,49531.0
3538,49364.3,49445.9,49531.0
3539,49364.3,49445.9,49531.0
3540,49364.3,49445.9,49533.6
3541,49364.3,49445.9,49533.6
3542,49364.3,49445.9,49533.6
3543,49364.3,49445.9,49533.6
3544,49364.3,49445.9,49533.6
3545,49364.3,49446.0,49533.6
3546,49364.3,49446.0,49533.6
3547,49364.3,49446.0,49533.6
3548,49364.3,49446.0,49533.6
3549,49364.3,49446.0,49533.6
3550,49364.3,49446.0,49533.6
3551,49364.3,49446.0,49533.6
3552,49364.3,49446.0,49533.6
3553,49364.3,49446.0,49533.6
3554,49364.3,49446.0,49533.6
3555,49364.3,49446.0,49533.6
3556,49364.3,49446.0,49534.8
3557,49364.3,49446.0,49534.8
3558,49364.3,49446.0,49534.8
3559,49364.3,49446.0,49534.8
3560,49364.3,49446.0,49534.8
3561,49364.3,49446.0,49534.8
3562,49364.3,49446.0,49534.8
3563,49364.3,49446.0,49534.8
3564,49364.3,49446.0,49534.8
3565,49364.3,49446.0,49534.8
3566,49364.3,49446.0,49534.8
3567,49364.3,49446.0,49534.8
3568,49364.3,49446.0,49534.8
3569,49364.3,49446.0,49534.8
3570,49364.3,49446.0,49534.8
3571,49364.3,49446.0,49534.8
3572,49364.3,49446.0,49534.8
3573,49364.3,49446.0,49534.8
3574,49364.3,49446.0,49534.8
3575,49364.3,49446.0,49534.8
3576,49364.3,49446.0,49534.8
3577,49364.3,49446.0,49534.8
3578,49364.3,49446.0,49534.8
3579,49364.3,49446.0,49534.8
3580,49364.3,49446.0,49534.8
3581,49364.3,49446.0,49534.8
3582,49364.3,49446.0,49534.8
3583,49364.3,49446.0,49534.8
3584,49364.3,49446.0,49534.8
3585,49364.3,49446.0,49534.8
3586,49364.3,49446.0,49534.8
3587,49364.3,49446.0,49534.8
3588,49364.3,49446.0,49534.8
3589,49364.3,49446.0,49534.8
3590,49364.3,49446.0,49535.3
3591,49364.3,49446.0,49535.3
3592,49364.3,49446.0,49535.3
3593,49364.3,49446.0,49535.3
3594,49364.3,49446.0,49535.3
3595,49364.3,49446.0,49535.3
3596,49364.3,49446.0,49535.3
3597,49364.3,49446.0,49535.3
3598,49364.3,49446.0,49535.3
3599,49364.3,49446.0,49535.3
3600,49364.3,49446.0,49535.3
3601,49364.3,49446.0,49535.3
3602,49364.3,49446.0,49535.3
3603,49364.3,49446.0,49535.3
3604,49364.3,49446.0,49535.3
3605,49364.3,49446.0,49535.3
3606,49364.3,49446.0,49535.3
3607,49364.3,49446.0,49535.3
3608,49364.3,49446.0,49535.3
3609,49364.3,49446.0,49535.3
3610,49364.3,49446.0,49535.3
3611,49364.3,49446.0,49535.3
3612,49364.3,49446.0,49535.3
3613,49364.3,49446.0,49535.3
3614,49364.3,49446.0,49535.3
3615,49364.3,49446.0,49535.3
3616,49364.3,49446.0,49535.3
3617,49364.3,49446.0,49535.3
3618,49364.3,49446.0,49535.3
3619,49364.3,49446.0,49535.3
3620,49364.3,49446.0,49535.3
3621,49364.3,49446.0,49535.3
3622,49364.3,49446.0,49535.3
3623,49364.3,49446.0,49535.3
3624,49364.3,49446.0,49535.3
3625,49364.3,49446.0,49535.3
3626,49364.3,49446.0,49535.3
3627,49364.3,49446.0,49535.3
3628,49364.3,49446.0,49535.3
3629,49364.3,49446.0,49535.3
3630,49364.3,49446.0,49536.0
3631,49364.3,49446.0,49536.0
3632,49364.3,49446.0,49536.0
3633,49364.3,49446.0,49536.0
3634,49364.3,49446.0,49536.0
3635,49364.3,49446.0,49536.0
3636,49364.3,49446.0,49536.0
3637,49364.3,49446.0,49536.0
3638,49364.3,49446.0,49536.0
3639,49364.3,49446.0,49536.0
3640,49364.3,49446.0,49536.0
3641,49364.3,49446.0,49536.0
3642,49364.3,49446.0,49536.0
3643,49364.3,49446.0,49536.0
3644,49364.3,49446.0,49536.0
3645,49364.3,49446.0,49536.0
3646,49364.3,49446.0,49536.0
3647,49364.3,49446.0,49536.0
3648,49364.3,49446.0,49536.0
3649,49364.3,49446.0,49536.0
3650,49364.3,49446.0,49536.0
3651,49364.3,49446.0,49536.0
3652,49364.3,49446.0,49536.0
3653,49364.3,49446.0,49536.0
3654,49364.3,49446.0,49536.0
3655,49364.3,49446.0,49536.0
3656,49364.3,49446.0,49536.0
3657,49364.3,49446.0,49536.0
3658,49364.3,49446.0,49536.0
3659,49364.3,49446.0,49536.0
3660,49364.3,49446.0,49536.0
3661,49364.3,49446.0,49536.0
3662,49364.3,49446.0,49536.0
3663,49364.3,49446.0,49536.0
3664,49364.3,49446.0,49536.0
3665,49364.3,49446.0,49536.0
3666,49364.3,49446.0,49536.0
3667,49364.3,49446.0,49536.0
3668,49364.3,49446.0,49536.0
3669,49364.3,49446.0,49536.0
3670,49364.3,49446.0,49537.7
3671,49364.3,49446.0,49537.7
3672,49364.3,49446.0,49537.7
3673,49364.3,49446.0,49537.7
3674,49364.3,49446.0,49537.7
3675,49364.3,49446.0,49537.7
3676,49364.3,49446.0,49537.7
3677,49364.3,49446.0,49537.7
3678,49364.3,49446.0,49537.7
3679,49364.3,49446.0,49537.7
3680,49364.3,49446.0,49537.7
3681,49364.3,49446.0,49537.7
3682,49364.3,49446.0,49537.7
3683,49364.3,49446.0,49537.7
3684,49364.3,49446.0,49537.7
3685,49364.3,49446.0,49537.7
3686,49364.3,49446.0,49537.7
3687,49364.3,49446.0,49537.7
3688,49364.3,49446.0,49537.7
3689,49364.3,49446.0,49537.7
3690,49364.3,49446.0,49538.6
3691,49364.3,49446.0,49538.6
3692,49364.3,49446.0,49538.6
3693,49364.3,49446.0,49538.6
3694,49364.3,49446.0,49538.6
3695,49364.3,49446.0,49538.6
3696,49364.3,49446.0,49538.6
3697,49364.3,49446.0,49541.4
3698,49364.3,49446.0,49542.7
3699,49364.3,49446.0,49542.7
3700,49364.3,49446.0,49542.7
3701,49364.3,49446.0,49542.7
3702,49364.3,49446.0,49542.7
3703,49364.3,49446.0,49542.7
3704,49364.3,49446.0,49542.7
3705,49364.3,49446.0,49542.7
3706,49364.3,49446.0,49542.7
3707,49364.3,49446.0,49542.7
3708,49364.3,49446.0,49542.7
3709,49364.3,49446.0,49542.7
3710,49364.3,49446.0,49542.7
3711,49364.3,49446.0,49542.7
3712,49364.3,49446.0,49542.7
3713,49364.3,49446.0,49542.7
3714,49364.3,49446.0,49542.7
3715,49364.3,49446.0,49542.7
3716,49364.3,49446.0,49542.7
3717,49364.3,49446.0,49542.7
3718,49364.3,49446.0,49542.7
3719,49364.3,49446.0,49544.8
3720,49364.3,49447.0,49544.8
3721,49364.3,49447.0,49544.8
3722,49364.3,49447.0,49544.8
3723,49364.3,49447.0,49545.0
3724,49364.3,49447.0,49545.0
3725,49364.3,49447.0,49545.0
3726,49364.3,49448.9,49545.0
3727,49364.3,49449.9,49545.0
3728,49364.3,49449.9,49545.0
3729,49364.3,49449.9,49545.0
3730,49364.3,49449.9,49545.0
3731,49364.3,49449.9,49545.0
3732,49364.3,49449.9,49545.0
3733,49364.3,49449.9,49545.0
3734,49364.3,49449.9,49545.0
3735,49364.3,49449.9,49545.0
3736,49364.3,49449.9,49545.0
3737,49364.3,49449.9,49545.0
3738,49364.3,49449.9,49546.1
3739,49364.3,49449.9,49546.4
3740,49364.3,49449.9,49546.4
3741,49364.3,49449.9,49546.4
3742,49364.3,49449.9,49546.4
3743,49364.3,49449.9,49546.4
3744,49364.3,49449.9,49546.4
3745,49364.3,49449.9,49546.4
3746,49364.3,49449.9,49546.4
3747,49364.3,49449.9,49546.4
3748,49364.3,49449.9,49546.4
3749,49364.3,49451.8,49546.4
3750,49364.3,49451.8,49546.4
3751,49364.3,49451.8,49546.4
3752,49364.3,49451.8,49546.4
3753,49364.3,49451.8,49546.4
3754,49364.3,49451.8,49546.4
3755,49364.3,49451.8,49546.4
3756,49364.3,49451.8,49546.4
3757,49364.3,49451.8,49546.4
3758,49364.3,49451.8,49546.4
3759,49364.3,49451.8,49546.4
3760,49364.3,49451.8,49546.4
3761,49364.3,49451.8,49546.4
3762,49364.3,49451.8,49546.4
3763,49364.3,49451.8,49546.4
3764,49364.3,49451.8,49546.4
3765,49364.3,49451.8,49546.4
3766,49364.3,49451.8,49546.4
3767,49364.3,49451.8,49546.4
3768,49364.3,49451.8,49546.4
3769,49364.3,49451.8,49546.4
3770,49364.3,49451.8,49546.4
3771,49364.3,49451.8,49546.4
3772,49364.3,49451.8,49547.2
3773,49364.3,49451.8,49547.2
3774,49364.3,49451.9,49547.2
3775,49364.3,49451.9,49547.2
3776,49364.3,49451.9,49547.2
3777,49364.3,49451.9,49547.2
3778,49364.3,49451.9,49547.2
3779,49364.3,49451.9,49547.2
3780,49364.3,49451.9,49547.2
3781,49364.3,49451.9,49547.2
3782,49364.3,49451.9,49547.2
3783,49364.3,49451.9,49547.2
3784,49364.3,49451.9,49547.2
3785,49364.3,49451.9,49547.2
3786,49364.3,49451.9,49547.2
3787,49364.3,49451.9,49547.2
3788,49364.3,49451.9,49547.2
3789,49364.3,49451.9,49547.2
3790,49364.3,49451.9,49547.2
3791,49364.3,49451.9,49547.2
3792,49364.3,49451.9,49547.2
3793,49364.3,49451.9,49547.2
3794,49364.3,49451.9,49547.2
3795,49364.3,49451.9,49547.2
3796,49364.3,49451.9,49547.2
3797,49364.3,49451.9,49547.2
3798,49364.3,49451.9,49547.2
3799,49364.3,49451.9,49547.2
3800,49364.3,49451.9,49547.2
3801,49364.3,49451.9,49547.3
3802,49364.3,49451.9,49547.3
3803,49364.3,49451.9,49547.3
3804,49364.3,49451.9,49547.3
3805,49364.3,49451.9,49547.3
3806,49364.3,49451.9,49547.3
3807,49364.3,49451.9,49547.3
3808,49364.3,49451.9,49547.3
3809,49364.3,49451.9,49547.3
3810,49364.3,49451.9,49547.3
3811,49364.3,49451.9,49548.1
3812,49364.3,49451.9,49548.1
3813,49364.3,49451.9,49548.1
3814,49364.3,49451.9,49548.1
3815,49364.3,49451.9,49548.1
3816,49364.3,49451.9,49548.1
3817,49364.3,49451.9,49548.1
3818,49364.3,49451.9,49548.1
3819,49364.3,49451.9,49548.1
3820,49364.3,49451.9,49549.2
3821,49364.3,49451.9,49551.0
3822,49364.3,49451.9,49551.0
3823,49364.3,49451.9,49551.0
3824,49364.3,49451.9,49551.0
3825,49364.3,49451.9,49551.0
3826,49364.3,49451.9,49551.0
3827,49364.3,49451.9,49551.0
3828,49364.3,49451.9,49551.0
3829,49364.3,49451.9,49551.0
3830,49364.3,49451.9,49551.0
3831,49364.3,49451.9,49551.0
3832,49364.3,49451.9,49551.0
3833,49364.3,49451.9,49551.0
3834,49364.3,49451.9,49551.0
3835,49364.3,49451.9,49551.0
3836,49364.3,49451.9,49551.0
3837,49364.3,49451.9,49551.0
3838,49364.3,49451.9,49551.0
3839,49364.3,49451.9,49552.2
3840,49364.3,49451.9,49552.2
3841,49364.3,49451.9,49552.2
3842,49364.3,49451.9,49552.2
3843,49364.3,49451.9,49552.2
3844,49364.3,49451.9,49552.2
3845,49364.3,49451.9,49552.2
3846,49364.3,49451.9,49552.2
3847,49364.3,49451.9,49552.2
3848,49364.3,49451.9,49552.2
3849,49364.3,49451.9,49552.2
3850,49364.3,49451.9,49552.2
3851,49364.3,49451.9,49552.2
3852,49364.3,49451.9,49552.2
3853,49364.3,49451.9,49554.4
3854,49364.3,49452.0,49554.4
3855,49364.3,49452.0,49554.4
3856,49364.3,49452.0,49554.4
3857,49364.3,49452.0,49554.4
3858,49364.3,49452.0,49554.4
3859,49364.3,49452.0,49554.4
3860,49364.3,49452.0,49554.4
3861,49364.3,49452.0,49554.4
3862,49364.3,49452.0,49554.4
3863,49364.3,49452.0,49554.4
3864,49364.3,49452.0,49554.4
3865,49364.3,49452.0,49554.4
3866,49364.3,49452.0,49554.4
3867,49364.3,49452.0,49554.4
3868,49364.3,49452.0,49554.4
3869,49364.3,49452.0,49554.4
3870,49364.3,49452.0,49554.4
3871,49364.3,49452.0,49554.4
3872,49364.3,49452.0,49554.4
3873,49364.3,49452.0,49554.4
3874,49364.3,49452.0,49554.4
3875,49364.3,49452.0,49554.4
3876,49364.3,49452.0,49554.4
3877,49364.3,49452.0,49554.4
3878,49364.3,49452.0,49555.3
3879,49364.3,49452.0,49555.3
3880,49364.3,49452.0,49555.3
3881,49364.3,49452.0,49555.3
3882,49364.3,49452.0,49555.3
3883,49364.3,49452.0,49555.3
3884,49364.3,49452.0,49555.3
3885,49364.3,49452.0,49555.3
3886,49364.3,49452.0,49555.3
3887,49364.3,49452.0,49555.3
3888,49364.3,49452.0,49555.3
3889,49364.3,49452.0,49555.3
3890,49364.3,49452.0,49556.4
3891,49364.3,49452.0,49556.4
3892,49364.3,49452.0,49556.4
3893,49364.3,49452.0,49556.4
3894,49364.3,49452.0,49556.4
3895,49364.3,49452.0,49556.4
3896,49364.3,49452.0,49556.4
3897,49364.3,49452.0,49556.4
3898,49364.3,49452.0,49556.4
3899,49364.3,49452.0,49556.4
3900,49364.3,49452.0,49556.4
3901,49364.3,49452.0,49556.4
3902,49364.3,49452.0,49556.4
3903,49364.3,49452.0,49556.4
3904,49364.3,49452.0,49556.4
3905,49364.3,49452.0,49556.4
3906,49364.3,49452.0,49556.4
3907,49364.3,49452.0,49556.4
3908,49364.3,49452.0,49556.4
3909,49364.3,49452.0,49556.4
3910,49364.3,49452.0,49556.4
3911,49364.3,49452.0,49556.4
3912,49364.3,49452.0,49556.4
3913,49364.3,49452.0,49556.4
3914,49364.3,49452.0,49556.4
3915,49364.3,49452.0,49556.4
3916,49364.3,49452.0,49556.4
3917,49364.3,49452.0,49556.4
3918,49364.3,49452.0,49556.4
3919,49364.3,49452.0,49556.4
3920,49364.3,49452.0,49556.4
3921,49364.3,49452.0,49556.4
3922,49364.3,49452.0,49556.4
3923,49364.3,49452.0,49556.4
3924,49364.3,49452.0,49556.4
3925,49364.3,49452.0,49556.4
3926,49364.3,49452.0,49556.4
3927,49364.3,49452.0,49556.4
3928,49364.3,49452.0,49556.4
3929,49364.3,49452.0,49556.4
3930,49364.3,49452.0,49556.4
3931,49364.3,49452.0,49556.4
3932,49364.3,49452.0,49556.4
3933,49364.3,49452.0,49556.4
3934,49364.3,49452.0,49556.4
3935,49364.3,49452.0,49556.4
3936,49364.3,49452.0,49556.4
3937,49364.3,49452.0,49557.3
3938,49364.3,49452.0,49557.3
3939,49364.3,49452.0,49557.3
3940,49364.3,49452.0,49557.3
3941,49364.3,49452.0,49557.3
3942,49364.3,49452.0,49557.3
3943,49364.3,49452.0,49558.6
3944,49364.3,49452.0,49558.6
3945,49364.3,49452.0,49558.6
3946,49364.3,49452.0,49558.6
3947,49364.3,49452.0,49558.6
3948,49364.3,49452.0,49558.6
3949,49364.3,49452.0,49558.6
3950,49364.3,49452.0,49558.6
3951,49364.3,49452.0,49558.6
3952,49364.3,49452.0,49558.6
3953,49364.3,49452.0,49558.6
3954,49364.3,49452.0,49558.6
3955,49364.3,49452.0,49558.6
3956,49364.3,49452.0,49558.6
3957,49364.3,49452.0,49559.9
3958,49364.3,49452.0,49559.9
3959,49364.3,49452.0,49559.9
3960,49364.3,49452.0,49559.9
3961,49364.3,49452.0,49559.9
3962,49364.3,49452.0,49559.9
3963,49364.3,49452.0,49559.9
3964,49364.3,49452.0,49559.9
3965,49364.3,49452.0,49559.9
3966,49364.3,49452.0,49559.9
3967,49364.3,49452.0,49559.9
3968,49364.3,49452.0,49559.9
3969,49364.3,49452.0,49559.9
3970,49364.3,49452.0,49559.9
3971,49364.3,49452.0,49559.9
3972,49364.3,49452.0,49559.9
3973,49364.3,49452.0,49559.9
3974,49364.3,49452.0,49559.9
3975,49364.3,49452.0,49559.9
3976,49364.3,49452.0,49559.9
3977,49364.3,49452.0,49559.9
3978,49364.3,49452.0,49559.9
3979,49364.3,49452.0,49559.9
3980,49364.3,49452.0,49559.9
3981,49364.3,49452.0,49559.9
3982,49364.3,49452.0,49559.9
3983,49364.3,49452.0,49559.9
3984,49364.3,49452.0,49559.9
3985,49364.3,49452.0,49559.9
3986,49364.3,49452.0,49559.9
3987,49364.3,49452.0,49559.9
3988,49364.3,49452.0,49559.9
3989,49364.3,49452.0,49559.9
3990,49364.3,49452.0,49559.9
3991,49364.3,49452.0,49560.2
3992,49364.3,49452.0,49560.2
3993,49364.3,49452.0,49560.2
3994,49364.3,49452.0,49560.2
3995,49364.3,49452.0,49560.2
3996,49364.3,49452.0,49560.2
3997,49364.3,49452.0,49560.2
3998,49364.3,49452.0,49560.2
3999,49364.3,49452.0,49560.2
4000,49364.3,49452.0,49560.2
4001,49364.3,49452.0,49560.2
4002,49364.3,49452.0,49560.2
4003,49364.3,49452.0,49560.2
4004,49364.3,49452.0,49560.2
4005,49364.3,49452.0,49560.2
4006,49364.3,49452.0,49560.2
4007,49364.3,49452.0,49560.2
4008,49364.3,49452.0,49560.2
4009,49364.3,49452.0,49560.2
4010,49364.3,49452.0,49560.2
4011,49364.3,49452.0,49560.6
4012,49364.3,49452.0,49560.6
4013,49364.3,49452.0,49561.7
4014,49364.3,49452.0,49561.7
4015,49364.3,49452.0,49561.7
4016,49364.3,49452.0,49561.7
4017,49364.3,49452.0,49561.7
4018,49364.3,49452.0,49561.7
4019,49364.3,49452.0,49561.7
4020,49364.3,49452.0,49561.7
4021,49364.3,49452.0,49561.7
4022,49364.3,49452.0,49561.7
4023,49364.3,49452.0,49561.7
4024,49364.3,49452.0,49561.7
4025,49364.3,49452.0,49561.7
4026,49364.3,49452.0,49561.7
4027,49364.3,49452.0,49561.7
4028,49364.3,49452.0,49561.7
4029,49364.3,49452.0,49561.7
4030,49364.3,49452.0,49561.7
4031,49364.3,49452.0,49561.7
4032,49364.3,49452.0,49561.7
4033,49364.3,49452.0,49561.7
4034,49364.3,49452.0,49562.5
4035,49364.3,49452.0,49562.5
4036,49364.3,49452.0,49562.9
4037,49364.3,49452.0,49562.9
4038,49364.3,49452.0,49562.9
4039,49364.3,49452.0,49562.9
4040,49364.3,49452.0,49562.9
4041,49364.3,49452.0,49562.9
4042,49364.3,49452.0,49562.9
4043,49364.3,49452.0,49562.9
4044,49364.3,49452.0,49562.9
4045,49364.3,49452.0,49562.9
4046,49364.3,49452.0,49562.9
4047,49364.3,49452.0,49562.9
4048,49364.3,49452.0,49562.9
4049,49364.3,49452.0,49562.9
4050,49364.3,49452.0,49562.9
4051,49364.3,49452.0,49562.9
4052,49364.3,49452.0,49562.9
4053,49364.3,49452.0,49562.9
4054,49364.3,49452.0,49562.9
4055,49364.3,49452.0,49562.9
4056,49364.3,49452.0,49562.9
4057,49364.3,49452.0,49562.9
4058,49364.3,49452.0,49562.9
4059,49364.3,49452.0,49562.9
4060,49364.3,49452.0,49562.9
4061,49364.3,49452.0,49562.9
4062,49364.3,49452.0,49562.9
4063,49364.3,49452.0,49562.9
4064,49364.3,49452.0,49563.7
4065,49364.3,49452.0,49563.7
4066,49364.3,49452.0,49564.4
4067,49364.3,49452.0,49564.4
4068,49364.3,49452.0,49564.4
4069,49364.3,49452.0,49564.4
4070,49364.3,49452.0,49564.4
4071,49364.3,49452.0,49564.4
4072,49364.3,49452.0,49564.4
4073,49364.3,49452.0,49564.4
4074,49364.3,49452.0,49564.4
4075,49364.3,49452.0,49564.4
4076,49364.3,49452.0,49564.4
4077,49364.3,49452.0,49564.4
4078,49364.3,49452.0,49564.4
4079,49364.3,49452.0,49564.4
4080,49364.3,49452.0,49564.4
4081,49364.3,49452.0,49567.2
4082,49364.3,49452.0,49567.2
4083,49364.3,49452.0,49567.2
4084,49364.3,49452.0,49568.0
4085,49364.3,49452.0,49568.0
4086,49364.3,49452.0,49568.0
4087,49364.3,49452.0,49568.0
4088,49364.3,49452.0,49568.0
4089,49364.3,49452.0,49568.0
4090,49364.3,49452.0,49568.0
4091,49364.3,49452.0,49568.0
4092,49364.3,49452.0,49568.0
4093,49364.3,49452.0,49568.0
4094,49364.3,49452.0,49568.0
4095,49364.3,49452.0,49568.0
4096,49364.3,49452.0,49568.1
4097,49364.3,49452.0,49568.1
4098,49364.3,49452.0,49568.1
4099,49364.3,49452.0,49568.1
4100,49364.3,49452.0,49568.1
4101,49364.3,49452.0,49569.0
4102,49364.3,49452.0,49569.0
4103,49364.3,49452.0,49569.0
4104,49364.3,49452.0,49570.0
4105,49364.3,49452.0,49570.0
4106,49364.3,49452.0,49570.0
4107,49364.3,49452.0,49570.0
4108,49364.3,49452.0,49570.1
4109,49364.3,49452.0,49570.1
4110,49364.3,49452.0,49570.1
4111,49364.3,49452.0,49570.1
4112,49364.3,49452.0,49570.1
4113,49364.3,49452.0,49570.1
4114,49364.3,49452.0,49570.1
4115,49364.3,49452.0,49570.1
4116,49364.3,49452.0,49570.1
4117,49364.3,49452.0,49570.1
4118,49364.3,49452.0,49570.1
4119,49364.3,49452.0,49570.1
4120,49364.3,49452.0,49570.1
4121,49364.3,49452.0,49570.1
4122,49364.3,49452.0,49570.1
4123,49364.3,49452.0,49570.1
4124,49364.3,49452.0,49570.1
4125,49364.3,49452.0,49570.1
4126,49364.3,49452.0,49570.1
4127,49364.3,49452.0,49570.1
4128,49364.3,49452.0,49570.1
4129,49364.3,49452.0,49570.1
4130,49364.3,49452.0,49570.1
4131,49364.3,49452.0,49570.1
4132,49364.3,49452.0,49570.1
4133,49364.3,49452.0,49570.1
4134,49364.3,49452.0,49570.1
4135,49364.3,49452.0,49570.1
4136,49364.3,49452.0,49570.1
4137,49364.3,49452.0,49570.1
4138,49364.3,49452.0,49570.1
4139,49364.3,49452.0,49570.1
4140,49364.3,49452.0,49570.1
4141,49364.3,49452.0,49570.1
4142,49364.3,49452.0,49570.1
4143,49364.3,49452.0,49570.7
4144,49364.3,49452.0,49570.7
4145,49364.3,49452.0,49570.7
4146,49364.3,49452.0,49570.7
4147,49364.3,49452.0,49571.2
4148,49364.3,49452.0,49571.2
4149,49364.3,49452.0,49571.2
4150,49364.3,49452.0,49571.2
4151,49364.3,49452.0,49571.5
4152,49364.3,49452.0,49571.5
4153,49364.3,49452.0,49571.5
4154,49364.3,49452.0,49571.5
4155,49364.3,49452.0,49571.5
4156,49364.3,49452.0,49571.5
4157,49364.3,49452.0,49571.5
4158,49364.3,49452.0,49571.5
4159,49364.3,49452.0,49571.5
4160,49364.3,49452.0,49571.5
4161,49364.3,49452.0,49571.5
4162,49364.3,49452.0,49571.5
4163,49364.3,49452.0,49571.5
4164,49364.3,49452.0,49571.5
4165,49364.3,49452.0,49571.5
4166,49364.3,49452.0,49571.5
4167,49364.3,49452.0,49571.5
4168,49364.3,49452.0,49571.9
4169,49364.3,49452.0,49571.9
4170,49364.3,49452.0,49573.9
4171,49364.3,49452.0,49573.9
4172,49364.3,49452.0,49573.9
4173,49364.3,49452.0,49573.9
4174,49364.3,49452.0,49573.9
4175,49364.3,49452.0,49573.9
4176,49364.3,49452.0,49573.9
4177,49364.3,49452.0,49573.9
4178,49364.3,49452.0,49573.9
4179,49364.3,49452.0,49573.9
4180,49364.3,49452.0,49573.9
4181,49364.3,49452.0,49573.9
4182,49364.3,49452.0,49574.4
4183,49364.3,49452.0,49574.4
4184,49364.3,49452.0,49575.8
4185,49364.3,49452.0,49575.8
4186,49364.3,49452.0,49575.8
4187,49364.3,49452.0,49575.8
4188,49364.3,49452.0,49575.8
4189,49364.3,49452.0,49575.8
4190,49364.3,49452.0,49575.8
4191,49364.3,49452.0,49575.8
4192,49364.3,49452.0,49575.8
4193,49364.3,49452.0,49575.8
4194,49364.3,49452.0,49575.8
4195,49364.3,49452.0,49575.8
4196,49364.3,49452.0,49577.0
4197,49364.3,49452.0,49577.0
4198,49364.3,49452.0,49577.0
4199,49364.3,49452.0,49577.0
4200,49364.3,49452.0,49577.0
4201,49364.3,49452.0,49577.0
4202,49364.3,49452.0,49577.0
4203,49364.3,49452.0,49577.0
4204,49364.3,49452.0,49577.0
4205,49364.3,49452.0,49577.0
4206,49364.3,49452.0,49577.0
4207,49364.3,49452.0,49577.0
4208,49364.3,49452.0,49577.0
4209,49364.3,49452.0,49577.0
4210,49364.3,49452.0,49577.0
4211,49364.3,49452.0,49577.0
4212,49364.3,49452.0,49577.0
4213,49364.3,49452.0,49577.0
4214,49364.3,49452.0,49577.0
4215,49364.3,49452.0,49577.0
4216,49364.3,49452.0,49577.0
4217,49364.3,49452.0,49577.0
4218,49364.3,49452.0,49577.0
4219,49364.3,49452.0,49577.0
4220,49364.3,49452.0,49577.0
4221,49364.3,49452.0,49577.9
4222,49364.3,49452.0,49577.9
4223,49364.3,49452.0,49577.9
4224,49364.3,49452.0,49577.9
4225,49364.3,49452.0,49577.9
4226,49364.3,49452.0,49577.9
4227,49364.3,49452.0,49577.9
4228,49364.3,49452.0,49577.9
4229,49364.3,49452.0,49577.9
4230,49364.3,49452.0,49577.9
4231,49364.3,49452.0,49577.9
4232,49364.3,49452.0,49577.9
4233,49364.3,49452.0,49577.9
4234,49364.3,49452.0,49577.9
4235,49364.3,49452.0,49578.0
4236,49364.3,49452.0,49578.0
4237,49364.3,49452.0,49578.0
4238,49364.3,49452.0,49578.0
4239,49364.3,49452.0,49578.0
4240,49364.3,49452.0,49578.0
4241,49364.3,49452.0,49578.0
4242,49364.3,49452.0,49578.0
4243,49364.3,49452.0,49578.0
4244,49364.3,49452.0,49578.0
4245,49364.3,49452.0,49578.0
4246,49364.3,49452.0,49578.0
4247,49364.3,49452.0,49578.0
4248,49364.3,49452.0,49578.0
4249,49364.3,49452.0,49578.0
4250,49364.3,49452.0,49578.0
4251,49364.3,49452.0,49578.0
4252,49364.3,49452.0,49578.0
4253,49364.3,49452.0,49578.0
4254,49364.3,49452.0,49578.0
4255,49364.3,49452.0,49578.0
4256,49364.3,49452.0,49578.0
4257,49364.3,49452.0,49578.0
4258,49364.3,49452.0,49578.0
4259,49364.3,49452.0,49578.0
4260,49364.3,49452.0,49578.0
4261,49364.3,49452.0,49578.0
4262,49364.3,49452.0,49578.0
4263,49364.3,49452.0,49578.0
4264,49364.3,49452.0,49578.0
4265,49364.3,49452.0,49578.0
4266,49364.3,49452.0,49578.0
4267,49364.3,49452.0,49578.0
4268,49364.3,49452.0,49578.0
4269,49364.3,49452.0,49578.0
4270,49364.3,49452.0,49578.0
4271,49364.3,49452.0,49578.0
4272,49364.3,49452.0,49578.0
4273,49364.3,49452.0,49578.0
4274,49364.3,49452.0,49578.0
4275,49364.3,49452.0,49579.6
4276,49364.3,49452.0,49579.6
4277,49364.3,49452.0,49579.6
4278,49364.3,49452.0,49580.4
4279,49364.3,49452.0,49580.4
4280,49364.3,49452.0,49580.4
4281,49364.3,49452.0,49580.4
4282,49364.3,49452.0,49580.4
4283,49364.3,49452.0,49580.4
4284,49364.3,49452.0,49580.4
4285,49364.3,49452.0,49580.4
4286,49364.3,49452.0,49580.4
4287,49364.3,49452.0,49580.4
4288,49364.3,49452.0,49580.7
4289,49364.3,49452.0,49580.7
4290,49364.3,49452.0,49580.7
4291,49364.3,49452.0,49580.7
4292,49364.3,49452.0,49580.7
4293,49364.3,49452.0,49580.7
4294,49364.3,49452.0,49580.7
4295,49364.3,49452.0,49580.7
4296,49364.3,49452.0,49580.7
4297,49364.3,49452.0,49580.7
4298,49364.3,49452.0,49580.7
4299,49364.3,49452.0,49580.7
4300,49364.3,49452.0,49580.7
4301,49364.3,49452.0,49580.7
4302,49364.3,49452.0,49580.7
4303,49364.3,49452.0,49581.0
4304,49364.3,49452.0,49581.0
4305,49364.3,49452.0,49581.0
4306,49364.3,49452.0,49581.0
4307,49364.3,49452.0,49581.0
4308,49364.3,49452.0,49581.0
4309,49364.3,49452.0,49581.0
4310,49364.3,49452.0,49581.0
4311,49364.3,49452.0,49581.0
4312,49364.3,49452.0,49581.0
4313,49364.3,49452.0,49581.0
4314,49364.3,49452.0,49581.0
4315,49364.3,49452.0,49581.0
4316,49364.3,49452.0,49581.0
4317,49364.3,49452.0,49581.0
4318,49364.3,49452.0,49581.0
4319,49364.3,49452.0,49581.0
4320,49364.3,49452.0,49581.0
4321,49364.3,49452.0,49581.0
4322,49364.3,49452.0,49581.0
4323,49364.3,49452.0,49581.0
4324,49364.3,49452.0,49581.0
4325,49364.3,49452.0,49581.0
4326,49364.3,49452.0,49581.0
4327,49364.3,49452.0,49581.0
4328,49364.3,49452.0,49581.0
4329,49364.3,49452.0,49581.0
4330,49364.3,49452.0,49582.0
4331,49364.3,49452.0,49582.0
4332,49364.3,49452.0,49582.0
4333,49364.3,49452.0,49582.0
4334,49364.3,49452.0,49582.0
4335,49364.3,49452.0,49582.0
4336,49364.3,49452.0,49582.7
4337,49364.3,49452.0,49582.7
4338,49364.3,49452.0,49582.7
4339,49364.3,49452.0,49582.7
4340,49364.3,49452.0,49582.7
4341,49364.3,49452.0,49582.7
4342,49364.3,49452.0,49582.7
4343,49364.3,49452.0,49582.7
4344,49364.3,49452.0,49582.8
4345,49364.3,49452.0,49582.8
4346,49364.3,49452.0,49582.8
4347,49364.3,49452.0,49582.8
4348,49364.3,49452.0,49582.8
4349,49364.3,49452.0,49582.8
4350,49364.3,49452.0,49582.8
4351,49364.3,49452.0,49582.8
4352,49364.3,49452.0,49582.8
4353,49364.3,49452.0,49582.8
4354,49364.3,49452.0,49582.8
4355,49364.3,49452.0,49582.8
4356,49364.3,49452.0,49582.8
4357,49364.3,49452.0,49582.8
4358,49364.3,49452.0,49582.8
4359,49364.3,49452.0,49582.8
4360,49364.3,49452.0,49582.8
4361,49364.3,49452.0,49582.8
4362,49364.3,49452.0,49582.8
4363,49364.3,49452.0,49582.8
4364,49364.3,49452.0,49582.8
4365,49364.3,49452.0,49582.8
4366,49364.3,49452.0,49582.8
4367,49364.3,49452.0,49582.8
4368,49364.3,49452.0,49582.8
4369,49364.3,49452.0,49582.8
4370,49364.3,49452.0,49582.8
4371,49364.3,49452.0,49582.9
4372,49364.3,49452.0,49582.9
4373,49364.3,49452.0,49582.9
4374,49364.3,49452.0,49583.5
4375,49364.3,49452.0,49583.5
4376,49364.3,49452.0,49583.5
4377,49364.3,49452.0,49583.5
4378,49364.3,49452.0,49583.5
4379,49364.3,49452.0,49583.5
4380,49364.3,49452.0,49583.5
4381,49364.3,49452.0,49583.5
4382,49364.3,49452.0,49583.5
4383,49364.3,49452.0,49583.5
4384,49364.3,49452.0,49583.5
4385,49364.3,49452.0,49583.5
4386,49364.3,49452.0,49583.5
4387,49364.3,49452.0,49583.5
4388,49364.3,49452.0,49583.5
4389,49364.3,49452.0,49583.5
4390,49364.3,49452.0,49583.5
4391,49364.3,49452.0,49583.5
4392,49364.3,49452.0,49583.5
4393,49364.3,49452.0,49583.5
4394,49364.3,49452.0,49583.5
4395,49364.3,49452.0,49583.5
4396,49364.3,49452.0,49583.5
4397,49364.3,49452.0,49583.5
4398,49364.3,49452.0,49583.5
4399,49364.3,49452.0,49583.5
4400,49364.3,49452.0,49583.5
4401,49364.3,49452.0,49583.5
4402,49364.3,49452.0,49583.5
4403,49364.3,49452.0,49583.5
4404,49364.3,49452.0,49583.5
4405,49364.3,49452.0,49583.5
4406,49364.3,49452.0,49583.5
4407,49364.3,49452.0,49583.5
4408,49364.3,49452.0,49583.5
4409,49364.3,49452.0,49583.5
4410,49364.3,49452.0,49583.5
4411,49364.3,49452.0,49583.5
4412,49364.3,49452.0,49583.5
4413,49364.3,49452.0,49583.5
4414,49364.3,49452.0,49583.5
4415,49364.3,49452.0,49583.5
4416,49364.3,49452.0,49583.5
4417,49364.3,49452.0,49583.5
4418,49364.3,49452.0,49583.5
4419,49364.3,49452.0,49583.5
4420,49364.3,49452.0,49586.1
4421,49364.3,49452.0,49586.1
4422,49364.3,49452.0,49586.1
4423,49364.3,49452.0,49586.1
4424,49364.3,49452.0,49586.1
4425,49364.3,49452.0,49586.1
4426,49364.3,49452.0,49586.1
4427,49364.3,49452.0,49586.1
4428,49364.3,49452.0,49586.1
4429,49364.3,49452.0,49586.1
4430,49364.3,49452.0,49586.1
4431,49364.3,49452.0,49586.1
4432,49364.3,49452.0,49586.1
4433,49364.3,49452.0,49586.1
4434,49364.3,49452.0,49588.5
4435,49364.3,49452.0,49588.5
4436,49364.3,49452.0,49588.5
4437,49364.3,49452.0,49588.5
4438,49364.3,49452.0,49588.5
4439,49364.3,49452.0,49588.5
4440,49364.3,49452.0,49588.5
4441,49364.3,49452.0,49588.5
4442,49364.3,49452.0,49588.5
4443,49364.3,49452.0,49588.5
4444,49364.3,49452.0,49588.5
4445,49364.3,49452.0,49588.5
4446,49364.3,49452.0,49588.5
4447,49364.3,49452.0,49588.5
4448,49364.3,49452.0,49588.5
4449,49364.3,49452.0,49588.5
4450,49364.3,49452.0,49588.5
4451,49364.3,49452.0,49588.5
4452,49364.3,49452.0,49588.5
4453,49364.3,49452.0,49588.5
4454,49364.3,49452.0,49588.5
4455,49364.3,49452.0,49588.5
4456,49364.3,49452.0,49588.6
4457,49364.3,49452.0,49588.6
4458,49364.3,49452.0,49588.6
4459,49364.3,49452.0,49588.6
4460,49364.3,49452.0,49588.6
4461,49364.3,49452.0,49588.6
4462,49364.3,49452.0,49588.6
4463,49364.3,49452.0,49588.6
4464,49364.3,49452.0,49588.6
4465,49364.3,49452.0,49588.6
4466,49364.3,49452.0,49588.6
4467,49364.3,49452.0,49588.6
4468,49364.3,49452.0,49589.3
4469,49364.3,49452.0,49589.3
4470,49364.3,49452.0,49589.3
4471,49364.3,49452.0,49591.1
4472,49364.3,49452.0,49591.1
4473,49364.3,49452.0,49591.1
4474,49364.3,49452.0,49591.1
4475,49364.3,49452.0,49591.1
4476,49364.3,49452.0,49591.1
4477,49364.3,49452.0,49591.1
4478,49364.3,49452.0,49591.1
4479,49364.3,49452.0,49591.1
4480,49364.3,49452.0,49591.1
4481,49364.3,49452.0,49591.1
4482,49364.3,49452.0,49591.1
4483,49364.3,49452.0,49591.1
4484,49364.3,49452.0,49591.2
4485,49364.3,49452.0,49591.2
4486,49364.3,49452.0,49591.2
4487,49364.3,49452.0,49591.2
4488,49364.3,49452.0,49591.2
4489,49364.3,49452.0,49591.2
4490,49364.3,49452.0,49591.2
4491,49364.3,49452.0,49591.2
4492,49364.3,49452.0,49591.2
4493,49364.3,49452.0,49591.2
4494,49364.3,49452.0,49591.9
4495,49364.3,49452.0,49591.9
4496,49364.3,49452.0,49591.9
4497,49364.3,49452.0,49591.9
4498,49364.3,49452.0,49591.9
4499,49364.3,49452.0,49591.9
4500,49364.3,49452.0,49591.9
4501,49364.3,49452.0,49591.9
4502,49364.3,49452.0,49591.9
4503,49364.3,49452.0,49591.9
4504,49364.3,49452.0,49591.9
4505,49364.3,49452.0,49591.9
4506,49364.3,49452.0,49591.9
4507,49364.3,49452.0,49591.9
4508,49364.3,49452.0,49591.9
4509,49364.3,49452.0,49593.3
4510,49364.3,49452.0,49593.3
4511,49364.3,49452.0,49593.3
4512,49364.3,49452.0,49593.3
4513,49364.3,49452.0,49593.3
4514,49364.3,49452.0,49593.3
4515,49364.3,49452.0,49593.3
4516,49364.3,49452.0,49593.3
4517,49364.3,49452.0,49593.3
4518,49364.3,49452.0,49593.3
4519,49364.3,49452.0,49593.3
4520,49364.3,49452.0,49593.3
4521,49364.3,49452.0,49593.3
4522,49364.3,49452.0,49593.3
4523,49364.3,49452.0,49593.3
4524,49364.3,49452.0,49593.3
4525,49364.3,49452.0,49593.3
4526,49364.3,49452.0,49593.3
4527,49364.3,49452.0,49593.3
4528,49364.3,49452.0,49593.3
4529,49364.3,49452.0,49593.3
4530,49364.3,49452.0,49593.3
4531,49364.3,49452.0,49593.3
4532,49364.3,49452.0,49593.3
4533,49364.3,49452.0,49593.3
4534,49364.3,49452.0,49595.0
4535,49364.3,49452.0,49595.0
4536,49364.3,49452.0,49595.0
4537,49364.3,49452.0,49595.0
4538,49364.3,49452.0,49597.0
4539,49364.3,49452.0,49597.0
4540,49364.3,49452.0,49597.0
4541,49364.3,49452.0,49597.0
4542,49364.3,49452.0,49597.0
4543,49364.3,49452.0,49597.0
4544,49364.3,49452.0,49597.0
4545,49364.3,49452.0,49597.0
4546,49364.3,49452.0,49597.0
4547,49364.3,49452.0,49597.0
4548,49364.3,49452.0,49597.0
4549,49364.3,49452.0,49597.0
4550,49364.3,49452.0,49597.0
4551,49364.3,49452.0,49597.0
4552,49364.3,49452.0,49597.0
4553,49364.3,49452.0,49597.0
4554,49364.3,49452.0,49597.0
4555,49364.3,49452.0,49597.0
4556,49364.3,49452.0,49597.0
4557,49364.3,49452.0,49597.0
4558,49364.3,49452.0,49597.0
4559,49364.3,49452.0,49597.0
4560,49364.3,49452.0,49597.0
4561,49364.3,49452.0,49597.0
4562,49364.3,49452.0,49597.3
4563,49364.3,49452.0,49597.3
4564,49364.3,49452.0,49597.3
4565,49364.3,49452.0,49597.3
4566,49364.3,49452.0,49597.3
4567,49364.3,49452.0,49597.3
4568,49364.3,49452.0,49597.3
4569,49364.3,49452.0,49597.3
4570,49364.3,49452.0,49597.3
4571,49364.3,49452.0,49597.3
4572,49364.3,49452.0,49597.3
4573,49364.3,49452.0,49597.7
4574,49364.3,49452.0,49598.5
4575,49364.3,49452.0,49598.5
4576,49364.3,49452.0,49598.5
4577,49364.3,49452.0,49598.5
4578,49364.3,49452.0,49598.5
4579,49364.3,49452.0,49598.5
4580,49364.3,49452.0,49598.5
4581,49364.3,49452.0,49598.5
4582,49364.3,49452.0,49598.5
4583,49364.3,49452.0,49598.5
4584,49364.3,49452.0,49598.5
4585,49364.3,49452.0,49598.5
4586,49364.3,49452.0,49598.5
4587,49364.3,49452.0,49598.5
4588,49364.3,49452.0,49598.5
4589,49364.3,49452.0,49598.5
4590,49364.3,49452.0,49598.5
4591,49364.3,49452.0,49598.5
4592,49364.3,49452.0,49598.5
4593,49364.3,49452.0,49598.5
4594,49364.3,49452.0,49598.5
4595,49364.3,49452.0,49598.5
4596,49364.3,49452.0,49598.5
4597,49364.3,49452.0,49598.5
4598,49364.3,49452.0,49598.5
4599,49364.3,49452.0,49598.5
4600,49364.3,49452.0,49598.5
4601,49364.3,49452.0,49598.5
4602,49364.3,49452.0,49598.5
4603,49364.3,49452.0,49598.5
4604,49364.3,49452.0,49598.5
4605,49364.3,49452.0,49599.3
4606,49364.3,49452.0,49599.3
4607,49364.3,49452.0,49599.3
4608,49364.3,49452.0,49599.3
4609,49364.3,49452.0,49599.3
4610,49364.3,49452.0,49599.3
4611,49364.3,49452.0,49599.3
4612,49364.3,49452.0,49599.3
4613,49364.3,49452.0,49599.3
4614,49364.3,49452.0,49599.3
4615,49364.3,49452.0,49599.3
4616,49364.3,49452.0,49599.3
4617,49364.3,49452.0,49599.3
4618,49364.3,49452.0,49599.3
4619,49364.3,49452.0,49599.3
4620,49364.3,49452.0,49599.3
4621,49364.3,49452.0,49599.3
4622,49364.3,49452.0,49600.1
4623,49364.3,49452.0,49600.1
4624,49364.3,49452.0,49600.1
4625,49364.3,49452.0,49600.1
4626,49364.3,49452.0,49600.1
4627,49364.3,49452.0,49600.1
4628,49364.3,49452.0,49601.0
4629,49364.3,49452.0,49601.0
4630,49364.3,49452.0,49601.0
4631,49364.3,49452.0,49601.0
4632,49364.3,49452.0,49601.0
4633,49364.3,49452.0,49601.0
4634,49364.3,49452.0,49601.0
4635,49364.3,49452.0,49601.0
4636,49364.3,49452.0,49601.0
4637,49364.3,49452.0,49601.0
4638,49364.3,49452.0,49601.0
4639,49364.3,49452.0,49601.0
4640,49364.3,49452.0,49601.0
4641,49364.3,49452.0,49601.0
4642,49364.3,49452.0,49601.0
4643,49364.3,49452.0,49601.0
4644,49364.3,49452.0,49601.0
4645,49364.3,49452.0,49601.0
4646,49364.3,49452.0,49601.0
4647,49364.3,49452.0,49601.0
4648,49364.3,49452.0,49601.0
4649,49364.3,49452.0,49601.0
4650,49364.3,49452.0,49601.0
4651,49364.3,49452.0,49601.0
4652,49364.3,49452.0,49601.0
4653,49364.3,49452.0,49601.0
4654,49364.3,49452.0,49601.0
4655,49364.3,49452.0,49602.0
4656,49364.3,49452.0,49602.0
4657,49364.3,49452.0,49603.5
4658,49364.3,49452.0,49603.5
4659,49364.3,49452.0,49603.5
4660,49364.3,49452.0,49603.5
4661,49364.3,49452.0,49603.5
4662,49364.3,49452.0,49604.1
4663,49364.3,49452.0,49604.1
4664,49364.3,49452.0,49604.1
4665,49364.3,49452.0,49604.1
4666,49364.3,49452.0,49604.1
4667,49364.3,49452.0,49604.1
4668,49364.3,49452.0,49605.8
4669,49364.3,49452.0,49605.8
4670,49364.3,49452.0,49605.8
4671,49364.3,49452.0,49605.8
4672,49364.3,49452.0,49605.8
4673,49364.3,49452.0,49605.8
4674,49364.3,49452.0,49605.8
4675,49364.3,49452.0,49605.8
4676,49364.3,49452.0,49605.8
4677,49364.3,49452.0,49605.8
4678,49364.3,49452.0,49605.8
4679,49364.3,49452.0,49605.8
4680,49364.3,49452.0,49606.2
4681,49364.3,49452.0,49606.2
4682,49364.3,49452.0,49606.2
4683,49364.3,49452.0,49606.2
4684,49364.3,49452.0,49606.2
4685,49364.3,49452.0,49606.2
4686,49364.3,49452.0,49606.2
4687,49364.3,49452.0,49606.2
4688,49364.3,49452.0,49606.2
4689,49364.3,49452.0,49606.2
4690,49364.3,49452.0,49606.2
4691,49364.3,49452.0,49606.2
4692,49364.3,49452.0,49606.2
4693,49364.3,49452.0,49606.2
4694,49364.3,49452.0,49606.2
4695,49364.3,49452.0,49606.2
4696,49364.3,49452.0,49606.2
4697,49364.3,49452.0,49606.2
4698,49364.3,49452.0,49606.2
4699,49364.3,49452.0,49606.2
4700,49364.3,49452.0,49606.2
4701,49364.3,49452.0,49608.0
4702,49364.3,49452.0,49608.0
4703,49364.3,49452.0,49608.0
4704,49364.3,49452.0,49608.0
4705,49364.3,49452.0,49608.0
4706,49364.3,49452.0,49608.0
4707,49364.3,49452.0,49608.0
4708,49364.3,49452.0,49608.0
4709,49364.3,49452.0,49608.0
4710,49364.3,49452.0,49608.0
4711,49364.3,49452.0,49608.0
4712,49364.3,49452.0,49608.0
4713,49364.3,49452.0,49608.0
4714,49364.3,49452.0,49608.0
4715,49364.3,49452.0,49608.0
4716,49364.3,49452.0,49608.0
4717,49364.3,49452.0,49608.0
4718,49364.3,49452.0,49608.0
4719,49364.3,49452.0,49608.0
4720,49364.3,49452.0,49608.0
4721,49364.3,49452.0,49608.0
4722,49364.3,49452.0,49608.0
4723,49364.3,49452.0,49608.4
4724,49364.3,49452.0,49608.4
4725,49364.3,49452.0,49608.4
4726,49364.3,49452.0,49608.4
4727,49364.3,49452.0,49608.4
4728,49364.3,49452.0,49609.4
4729,49364.3,49452.0,49609.4
4730,49364.3,49452.0,49609.4
4731,49364.3,49452.0,49609.4
4732,49364.3,49452.0,49609.4
4733,49364.3,49452.0,49609.4
4734,49364.3,49452.0,49609.4
4735,49364.3,49452.0,49609.4
4736,49364.3,49452.0,49609.4
4737,49364.3,49452.0,49609.4
4738,49364.3,49452.0,49609.4
4739,49364.3,49452.0,49609.4
4740,49364.3,49452.0,49609.4
4741,49364.3,49452.0,49609.4
4742,49364.3,49452.0,49609.4
4743,49364.3,49452.0,49609.4
4744,49364.3,49452.0,49610.8
4745,49364.3,49452.0,49610.8
4746,49364.3,49452.0,49610.8
4747,49364.3,49452.0,49610.8
4748,49364.3,49452.0,49610.8
4749,49364.3,49452.0,49610.8
4750,49364.3,49452.0,49610.8
4751,49364.3,49452.0,49610.8
4752,49364.3,49452.0,49610.8
4753,49364.3,49452.0,49610.8
4754,49364.3,49452.0,49610.8
4755,49364.3,49452.0,49610.8
4756,49364.3,49452.0,49610.8
4757,49364.3,49452.0,49610.8
4758,49364.3,49452.0,49610.8
4759,49364.3,49452.0,49610.8
4760,49364.3,49452.0,49610.8
4761,49364.3,49452.0,49610.8
4762,49364.3,49452.0,49610.8
4763,49364.3,49452.0,49610.8
4764,49364.3,49452.0,49610.8
4765,49364.3,49452.0,49610.8
4766,49364.3,49452.0,49610.8
4767,49364.3,49452.0,49610.8
4768,49364.3,49452.0,49610.8
4769,49364.3,49452.0,49610.8
4770,49364.3,49452.0,49610.8
4771,49364.3,49452.0,49610.8
4772,49364.3,49452.0,49610.8
4773,49364.3,49452.0,49610.8
4774,49364.3,49452.0,49610.8
4775,49364.3,49452.0,49610.8
4776,49364.3,49452.0,49610.8
4777,49364.3,49452.0,49610.8
4778,49364.3,49452.0,49610.8
4779,49364.3,49452.0,49610.8
4780,49364.3,49452.0,49610.8
4781,49364.3,49452.0,49611.8
4782,49364.3,49452.0,49611.8
4783,49364.3,49452.0,49611.8
4784,49364.3,49452.0,49611.8
4785,49364.3,49452.0,49611.8
4786,49364.3,49452.0,49614.4
4787,49364.3,49452.0,49614.4
4788,49364.3,49452.0,49614.4
4789,49364.3,49452.0,49614.4
4790,49364.3,49452.0,49614.4
4791,49364.3,49452.0,49614.4
4792,49364.3,49452.0,49614.4
4793,49364.3,49452.0,49617.8
4794,49364.3,49452.0,49617.8
4795,49364.3,49452.0,49617.8
4796,49364.3,49452.0,49617.8
4797,49364.3,49452.0,49617.8
4798,49364.3,49452.0,49617.8
4799,49364.3,49452.0,49617.8
4800,49364.3,49452.0,49617.8
4801,49364.3,49452.0,49617.8
4802,49364.3,49452.0,49617.8
4803,49364.3,49452.0,49617.8
4804,49364.3,49452.0,49617.8
4805,49364.3,49452.0,49617.8
4806,49364.3,49452.0,49617.8
4807,49364.3,49452.0,49617.8
4808,49364.3,49452.0,49617.8
4809,49364.3,49452.0,49617.8
4810,49364.3,49452.0,49617.8
4811,49364.3,49452.0,49618.4
4812,49364.3,49452.0,49618.4
4813,49364.3,49452.0,49618.4
4814,49364.3,49452.0,49618.4
4815,49364.3,49452.0,49618.4
4816,49364.3,49452.0,49619.7
4817,49364.3,49452.0,49619.7
4818,49364.3,49452.0,49619.7
4819,49364.3,49452.0,49619.7
4820,49364.3,49452.0,49620.4
4821,49364.3,49452.0,49622.2
4822,49364.3,49452.0,49622.2
4823,49364.3,49452.0,49622.2
4824,49364.3,49452.0,49622.2
4825,49364.3,49452.0,49622.2
4826,49364.3,49452.0,49622.8
4827,49364.3,49452.0,49622.8
4828,49364.3,49452.0,49622.8
4829,49364.3,49452.0,49622.8
4830,49364.3,49452.0,49622.8
4831,49364.3,49452.0,49622.8
4832,49364.3,49452.0,49622.8
4833,49364.3,49452.0,49622.8
4834,49364.3,49452.0,49622.8
4835,49364.3,49452.0,49622.8
4836,49364.3,49452.0,49622.8
4837,49364.3,49452.0,49622.8
4838,49364.3,49452.0,49622.8
4839,49364.3,49452.0,49622.8
4840,49364.3,49452.0,49622.8
4841,49364.3,49452.0,49622.8
4842,49364.3,49452.0,49622.8
4843,49364.3,49452.0,49622.8
4844,49364.3,49452.0,49622.8
4845,49364.3,49452.0,49622.8
4846,49364.3,49452.0,49622.8
4847,49364.3,49452.0,49622.8
4848,49364.3,49452.0,49622.8
4849,49364.3,49452.0,49622.8
4850,49364.3,49452.0,49622.8
4851,49364.3,49452.0,49622.8
4852,49364.3,49452.0,49622.8
4853,49364.3,49452.0,49622.8
4854,49364.3,49452.0,49622.8
4855,49364.3,49452.0,49622.8
4856,49364.3,49452.0,49622.8
4857,49364.3,49452.0,49622.8
4858,49364.3,49452.0,49622.8
4859,49364.3,49452.0,49622.8
4860,49364.3,49452.0,49622.8
4861,49364.3,49452.0,49622.8
4862,49364.3,49452.0,49622.8
4863,49364.3,49452.0,49622.8
4864,49364.3,49452.0,49622.8
4865,49364.3,49452.0,49622.8
4866,49364.3,49452.0,49622.8
4867,49364.3,49452.0,49622.8
4868,49364.3,49452.0,49622.8
4869,49364.3,49452.0,49622.8
4870,49364.3,49452.0,49622.8
4871,49364.3,49452.0,49623.0
4872,49364.3,49452.0,49623.0
4873,49364.3,49452.0,49623.0
4874,49364.3,49452.0,49623.0
4875,49364.3,49452.0,49623.0
4876,49364.3,49452.0,49623.0
4877,49364.3,49452.0,49623.0
4878,49364.3,49452.0,49623.0
4879,49364.3,49452.0,49623.0
4880,49364.3,49452.0,49623.0
4881,49364.3,49452.0,49623.0
4882,49364.3,49452.0,49623.0
4883,49364.3,49452.0,49623.0
4884,49364.3,49452.0,49623.0
4885,49364.3,49452.0,49623.0
4886,49364.3,49452.0,49623.9
4887,49364.3,49452.0,49625.0
4888,49364.3,49452.0,49625.0
4889,49364.3,49452.0,49626.0
4890,49364.3,49452.0,49626.0
4891,49364.3,49452.0,49627.6
4892,49364.3,49452.0,49627.8
4893,49364.3,49452.0,49627.8
4894,49364.3,49452.0,49627.8
4895,49364.3,49452.0,49627.8
4896,49364.3,49452.0,49627.8
4897,49364.3,49452.0,49627.8
4898,49364.3,49452.0,49627.8
4899,49364.3,49452.0,49627.8
4900,49364.3,49452.0,49627.8
4901,49364.3,49452.0,49627.8
4902,49364.3,49452.0,49627.8
4903,49364.3,49452.0,49627.8
4904,49364.3,49452.0,49627.8
4905,49364.3,49452.0,49627.8
4906,49364.3,49452.0,49627.8
4907,49364.3,49452.0,49627.8
4908,49364.3,49452.0,49627.8
4909,49364.3,49452.0,49627.8
4910,49364.3,49452.0,49627.8
4911,49364.3,49452.0,49627.8
4912,49364.3,49452.0,49627.8
4913,49364.3,49452.0,49627.8
4914,49364.3,49452.0,49627.8
4915,49364.3,49452.0,49627.8
4916,49364.3,49452.0,49627.8
4917,49364.3,49452.0,49627.8
4918,49364.3,49452.0,49627.9
4919,49364.3,49452.0,49627.9
4920,49364.3,49452.0,49628.0
4921,49364.3,49452.0,49628.0
4922,49364.3,49452.0,49628.0
4923,49364.3,49452.0,49628.0
4924,49364.3,49452.0,49628.0
4925,49364.3,49452.0,49628.0
4926,49364.3,49452.0,49628.0
4927,49364.3,49452.0,49628.0
4928,49364.3,49452.0,49628.0
4929,49364.3,49452.0,49628.0
4930,49364.3,49452.0,49628.0
4931,49364.3,49452.0,49628.0
4932,49364.3,49452.0,49628.0
4933,49364.3,49452.0,49628.0
4934,49364.3,49452.0,49628.0
4935,49364.3,49452.0,49628.0
4936,49364.3,49452.0,49629.1
4937,49364.3,49452.0,49629.1
4938,49364.3,49452.0,49629.1
4939,49364.3,49452.0,49629.1
4940,49364.3,49452.0,49629.1
4941,49364.3,49452.0,49629.1
4942,49364.3,49452.0,49629.1
4943,49364.3,49452.0,49629.1
4944,49364.3,49452.0,49629.1
4945,49364.3,49452.0,49629.1
4946,49364.3,49452.0,49629.1
4947,49364.3,49452.0,49629.1
4948,49364.3,49452.0,49629.1
4949,49364.3,49452.0,49629.1
4950,49364.3,49452.0,49629.1
4951,49364.3,49452.0,49629.1
4952,49364.3,49452.0,49629.1
4953,49364.3,49452.0,49629.1
4954,49364.3,49452.0,49629.1
4955,49364.3,49452.0,49629.1
4956,49364.3,49452.0,49629.2
4957,49364.3,49452.0,49629.2
4958,49364.3,49452.0,49629.2
4959,49364.3,49452.0,49629.2
4960,49364.3,49452.0,49629.2
4961,49364.3,49452.0,49629.2
4962,49364.3,49452.0,49629.2
4963,49364.3,49452.0,49629.2
4964,49364.3,49452.0,49629.2
4965,49364.3,49452.0,49629.2
4966,49364.3,49452.0,49629.2
4967,49364.3,49452.0,49629.2
4968,49364.3,49452.0,49629.2
4969,49364.3,49452.0,49629.2
4970,49364.3,49452.0,49629.2
4971,49364.3,49452.0,49631.0
4972,49364.3,49452.0,49631.0
4973,49364.3,49452.0,49631.0
4974,49364.3,49452.0,49631.0
4975,49364.3,49452.0,49631.7
4976,49364.3,49452.0,49631.7
4977,49364.3,49452.0,49631.7
4978,49364.3,49452.0,49631.7
4979,49364.3,49452.0,49631.7
4980,49364.3,49452.0,49631.7
4981,49364.3,49452.0,49631.7
4982,49364.3,49452.0,49631.7
4983,49364.3,49452.0,49631.7
4984,49364.3,49452.0,49631.7
4985,49364.3,49452.0,49631.7
4986,49364.3,49452.0,49631.7
4987,49364.3,49452.0,49631.7
4988,49364.3,49452.0,49631.7
4989,49364.3,49452.0,49631.7
4990,49364.3,49452.0,49631.7
4991,49364.3,49452.0,49631.7
4992,49364.3,49452.0,49631.7
4993,49364.3,49452.0,49631.7
4994,49364.3,49452.0,49633.2
4995,49364.3,49452.0,49633.2
4996,49364.3,49452.0,49634.0
4997,49364.3,49452.0,49634.0
4998,49364.3,49452.0,49636.1
4999,49364.3,49452.0,49636.1
5000,49364.3,49452.0,49636.1
5001,49364.3,49452.0,49636.1
5002,49364.3,49452.0,49636.1
5003,49364.3,49452.0,49636.1
5004,49364.3,49452.0,49636.1
5005,49364.3,49452.0,49636.1
5006,49364.3,49452.0,49636.1
5007,49364.3,49452.0,49636.1
5008,49364.3,49452.0,49636.1
5009,49364.3,49452.0,49636.1
5010,49364.3,49452.0,49636.1
5011,49364.3,49452.0,49636.1
5012,49364.3,49452.0,49636.1
5013,49364.3,49452.0,49636.1
5014,49364.3,49452.0,49636.1
5015,49364.3,49452.0,49637.1
5016,49364.3,49452.0,49637.1
5017,49364.3,49452.0,49637.1
5018,49364.3,49452.0,49637.1
5019,49364.3,49452.0,49637.1
5020,49364.3,49452.0,49637.1
5021,49364.3,49452.0,49637.1
5022,49364.3,49452.0,49639.3
5023,49364.3,49452.0,49639.3
5024,49364.3,49452.0,49639.3
5025,49364.3,49452.0,49639.3
5026,49364.3,49452.0,49639.3
5027,49364.3,49452.0,49639.6
5028,49364.3,49452.0,49639.6
5029,49364.3,49452.0,49639.6
5030,49364.3,49452.0,49639.6
5031,49364.3,49452.0,49639.6
5032,49364.3,49452.0,49639.6
5033,49364.3,49452.0,49639.8
5034,49364.3,49452.0,49639.8
5035,49364.3,49452.0,49639.8
5036,49364.3,49452.0,49639.8
5037,49364.3,49452.0,49639.8
5038,49364.3,49452.0,49639.8
5039,49364.3,49452.0,49640.0
5040,49364.3,49452.0,49640.0
5041,49364.3,49452.0,49640.0
5042,49364.3,49452.0,49640.0
5043,49364.3,49452.0,49640.0
5044,49364.3,49452.0,49640.0
5045,49364.3,49452.0,49641.0
5046,49364.3,49452.0,49641.0
5047,49364.3,49452.0,49641.4
5048,49364.3,49452.0,49641.4
5049,49364.3,49452.0,49642.4
5050,49364.3,49452.0,49642.4
5051,49364.3,49452.0,49642.4
5052,49364.3,49452.0,49642.4
5053,49364.3,49452.0,49642.4
5054,49364.3,49452.0,49644.1
5055,49364.3,49452.0,49644.1
5056,49364.3,49452.0,49644.1
5057,49364.3,49452.0,49644.1
5058,49364.3,49452.0,49644.1
5059,49364.3,49452.0,49644.1
5060,49364.3,49452.0,49644.6
5061,49364.3,49452.0,49644.6
5062,49364.3,49452.0,49645.7
5063,49364.3,49452.0,49645.7
5064,49364.3,49452.0,49645.7
5065,49364.3,49452.0,49645.7
5066,49364.3,49452.0,49645.7
5067,49364.3,49452.0,49645.7
5068,49364.3,49452.0,49645.7
5069,49364.3,49452.0,49645.7
5070,49364.3,49452.0,49645.7
5071,49364.3,49452.0,49645.7
5072,49364.3,49452.0,49645.7
5073,49364.3,49452.0,49645.7
5074,49364.3,49452.0,49647.0
5075,49364.3,49452.0,49647.0
5076,49364.3,49452.0,49647.0
5077,49364.3,49452.0,49647.0
5078,49364.3,49452.0,49647.5
5079,49364.3,49452.0,49647.5
5080,49364.3,49452.0,49647.5
5081,49364.3,49452.0,49647.5
5082,49364.3,49452.0,49647.5
5083,49364.3,49452.0,49647.5
5084,49364.3,49452.0,49647.5
5085,49364.3,49452.0,49647.5
5086,49364.3,49452.0,49647.5
5087,49364.3,49452.0,49647.5
5088,49364.3,49452.0,49647.5
5089,49364.3,49452.0,49647.6
5090,49364.3,49452.0,49647.6
5091,49364.3,49452.0,49647.6
5092,49364.3,49452.0,49647.6
5093,49364.3,49452.0,49647.6
5094,49364.3,49452.0,49647.6
5095,49364.3,49452.0,49647.6
5096,49364.3,49452.0,49647.6
5097,49364.3,49452.0,49647.6
5098,49364.3,49452.0,49647.6
5099,49364.3,49452.0,49647.6
5100,49364.3,49452.0,49647.6
5101,49364.3,49452.0,49647.6
5102,49364.3,49452.0,49647.6
5103,49364.3,49452.0,49647.6
5104,49364.3,49452.0,49647.6
5105,49364.3,49452.0,49647.6
5106,49364.3,49452.0,49647.6
5107,49364.3,49452.0,49647.6
5108,49364.3,49452.0,49647.6
5109,49364.3,49452.0,49647.6
5110,49364.3,49452.0,49647.6
5111,49364.3,49452.0,49647.6
5112,49364.3,49452.0,49647.6
5113,49364.3,49452.0,49647.6
5114,49364.3,49452.0,49647.6
5115,49364.3,49452.0,49647.6
5116,49364.3,49452.0,49647.6
5117,49364.3,49452.0,49647.6
5118,49364.3,49452.0,49647.6
5119,49364.3,49452.0,49647.6
5120,49364.3,49452.0,49647.6
5121,49364.3,49452.0,49647.6
5122,49364.3,49452.0,49647.6
5123,49364.3,49452.0,49647.6
5124,49364.3,49452.0,49647.6
5125,49364.3,49452.0,49647.6
5126,49364.3,49452.0,49647.6
5127,49364.3,49452.0,49647.6
5128,49364.3,49452.0,49647.6
5129,49364.3,49452.0,49647.6
5130,49364.3,49452.0,49647.6
5131,49364.3,49452.0,49647.6
5132,49364.3,49452.0,49648.6
5133,49364.3,49452.0,49648.6
5134,49364.3,49452.0,49648.6
5135,49364.3,49452.0,49648.6
5136,49364.3,49452.0,49649.3
5137,49364.3,49452.0,49649.3
5138,49364.3,49452.0,49649.3
5139,49364.3,49452.0,49649.3
5140,49364.3,49452.0,49649.3
5141,49364.3,49452.0,49649.3
5142,49364.3,49452.0,49649.3
5143,49364.3,49452.0,49649.3
5144,49364.3,49452.0,49649.3
5145,49364.3,49452.0,49649.3
5146,49364.3,49452.0,49649.3
5147,49364.3,49452.0,49649.3
5148,49364.3,49452.0,49649.3
5149,49364.3,49452.0,49649.3
5150,49364.3,49452.0,49649.3
5151,49364.3,49452.0,49651.2
5152,49364.3,49452.0,49651.2
5153,49364.3,49452.0,49651.2
5154,49364.3,49452.0,49653.0
5155,49364.3,49452.0,49653.0
5156,49364.3,49452.0,49653.0
5157,49364.3,49452.0,49653.0
5158,49364.3,49452.0,49653.0
5159,49364.3,49452.0,49653.0
5160,49364.3,49452.0,49653.9
5161,49364.3,49452.0,49653.9
5162,49364.3,49452.0,49653.9
5163,49364.3,49452.0,49653.9
5164,49364.3,49452.0,49654.5
5165,49364.3,49452.0,49654.5
5166,49364.3,49452.0,49654.5
5167,49364.3,49452.0,49654.5
5168,49364.3,49452.0,49654.5
5169,49364.3,49452.0,49654.5
5170,49364.3,49452.0,49654.5
5171,49364.3,49452.0,49654.5
5172,49364.3,49452.0,49654.5
5173,49364.3,49452.0,49654.5
5174,49364.3,49452.0,49654.5
5175,49364.3,49452.0,49654.5
5176,49364.3,49452.0,49654.5
5177,49364.3,49452.0,49654.5
5178,49364.3,49452.0,49654.5
5179,49364.3,49452.0,49654.5
5180,49364.3,49452.0,49654.5
5181,49364.3,49452.0,49654.5
5182,49364.3,49452.0,49654.5
5183,49364.3,49452.0,49654.5
5184,49364.3,49452.0,49654.5
5185,49364.3,49452.0,49654.5
5186,49364.3,49452.0,49654.5
5187,49364.3,49452.0,49654.5
5188,49364.3,49452.0,49654.5
5189,49364.3,49452.0,49658.4
5190,49364.3,49452.0,49658.4
5191,49364.3,49452.0,49658.4
5192,49364.3,49452.0,49658.4
5193,49364.3,49452.0,49658.4
5194,49364.3,49452.0,49658.4
5195,49364.3,49452.0,49658.4
5196,49364.3,49452.0,49658.4
5197,49364.3,49452.0,49658.4
5198,49364.3,49452.0,49658.4
5199,49364.3,49452.0,49658.4
5200,49364.3,49452.0,49658.4
5201,49364.3,49452.0,49658.4
5202,49364.3,49452.0,49658.4
5203,49364.3,49452.0,49658.4
5204,49364.3,49452.0,49658.4
5205,49364.3,49452.0,49658.4
5206,49364.3,49452.0,49658.4
5207,49364.3,49452.0,49658.4
5208,49364.3,49452.0,49658.4
5209,49364.3,49452.0,49658.4
5210,49364.3,49452.0,49658.4
5211,49364.3,49452.0,49658.4
5212,49364.3,49452.0,49658.4
5213,49364.3,49452.0,49658.4
5214,49364.3,49452.0,49658.4
5215,49364.3,49452.0,49658.4
5216,49364.3,49452.0,49658.4
5217,49364.3,49452.0,49658.4
5218,49364.3,49452.0,49658.4
5219,49364.3,49452.0,49658.4
5220,49364.3,49452.0,49658.4
5221,49364.3,49452.0,49658.4
5222,49364.3,49452.0,49658.4
5223,49364.3,49452.0,49658.4
5224,49364.3,49452.0,49658.4
5225,49364.3,49452.0,49658.4
5226,49364.3,49452.0,49658.4
5227,49364.3,49452.0,49658.4
5228,49364.3,49452.0,49658.4
5229,49364.3,49452.0,49658.4
5230,49364.3,49452.0,49658.4
5231,49364.3,49452.0,49658.4
5232,49364.3,49452.0,49658.4
5233,49364.3,49452.0,49658.4
5234,49364.3,49452.0,49658.4
5235,49364.3,49452.0,49658.4
5236,49364.3,49452.0,49658.4
5237,49364.3,49452.0,49658.4
5238,49364.3,49452.0,49658.4
5239,49364.3,49452.0,49658.4
5240,49364.3,49452.0,49658.4
5241,49364.3,49452.0,49658.4
5242,49364.3,49452.0,49658.4
5243,49364.3,49452.0,49658.4
5244,49364.3,49452.0,49658.4
5245,49364.3,49452.0,49658.4
5246,49364.3,49452.0,49658.4
5247,49364.3,49452.0,49658.4
5248,49364.3,49452.0,49658.4
5249,49364.3,49452.0,49658.4
5250,49364.3,49452.0,49658.4
5251,49364.3,49452.0,49658.4
5252,49364.3,49452.0,49658.4
5253,49364.3,49452.0,49658.4
5254,49364.3,49452.0,49658.4
5255,49364.3,49452.0,49658.4
5256,49364.3,49452.0,49658.4
5257,49364.3,49452.0,49658.4
5258,49364.3,49452.0,49658.4
5259,49364.3,49452.0,49658.4
5260,49364.3,49452.0,49658.4
5261,49364.3,49452.0,49658.4
5262,49364.3,49452.0,49658.6
5263,49364.3,49452.0,49658.6
5264,49364.3,49452.0,49658.9
5265,49364.3,49452.0,49658.9
5266,49364.3,49452.0,49658.9
5267,49364.3,49452.0,49658.9
5268,49364.3,49452.0,49658.9
5269,49364.3,49452.0,49658.9
5270,49364.3,49452.0,49658.9
5271,49364.3,49452.0,49658.9
5272,49364.3,49452.0,49658.9
5273,49364.3,49452.0,49658.9
5274,49364.3,49452.0,49658.9
5275,49364.3,49452.0,49658.9
5276,49364.3,49452.0,49658.9
5277,49364.3,49452.0,49658.9
5278,49364.3,49452.0,49658.9
5279,49364.3,49452.0,49658.9
5280,49364.3,49452.0,49658.9
5281,49364.3,49452.0,49658.9
5282,49364.3,49452.0,49658.9
5283,49364.3,49452.0,49660.0
5284,49364.3,49452.0,49660.0
5285,49364.3,49452.0,49660.0
5286,49364.3,49452.0,49660.0
5287,49364.3,49452.0,49660.0
5288,49364.3,49452.0,49660.0
5289,49364.3,49452.0,49660.0
5290,49364.3,49452.0,49660.0
5291,49364.3,49452.0,49660.0
5292,49364.3,49452.0,49660.0
5293,49364.3,49452.0,49660.0
5294,49364.3,49452.0,49660.0
5295,49364.3,49452.0,49660.0
5296,49364.3,49452.0,49660.0
5297,49364.3,49452.0,49660.0
5298,49364.3,49452.0,49660.0
5299,49364.3,49452.0,49660.0
5300,49364.3,49452.0,49660.0
5301,49364.3,49452.0,49660.0
5302,49364.3,49452.0,49660.0
5303,49364.3,49452.0,49660.0
5304,49364.3,49452.0,49660.0
5305,49364.3,49452.0,49660.0
5306,49364.3,49452.0,49660.0
5307,49364.3,49452.0,49660.0
5308,49364.3,49452.0,49660.0
5309,49364.3,49452.0,49660.0
5310,49364.3,49452.0,49660.0
5311,49364.3,49452.0,49660.0
5312,49364.3,49452.0,49660.0
5313,49364.3,49452.0,49660.0
5314,49364.3,49452.0,49660.0
5315,49364.3,49452.0,49660.0
5316,49364.3,49452.0,49660.0
5317,49364.3,49452.0,49660.0
5318,49364.3,49452.0,49660.0
5319,49364.3,49452.0,49660.0
5320,49364.3,49452.0,49660.0
5321,49364.3,49452.0,49660.0
5322,49364.3,49452.0,49660.0
5323,49364.3,49452.0,49660.0
5324,49364.3,49452.0,49660.0
5325,49364.3,49452.0,49660.0
5326,49364.3,49452.0,49660.0
5327,49364.3,49452.0,49660.0
5328,49364.3,49452.0,49660.0
5329,49364.3,49452.0,49660.0
5330,49364.3,49452.0,49660.0
5331,49364.3,49452.0,49660.0
5332,49364.3,49452.0,49660.0
5333,49364.3,49452.0,49660.0
5334,49364.3,49452.0,49660.0
5335,49364.3,49452.0,49660.0
5336,49364.3,49452.0,49660.0
5337,49364.3,49452.0,49660.8
5338,49364.3,49452.0,49660.8
5339,49364.3,49452.0,49660.8
5340,49364.3,49452.0,49660.8
5341,49364.3,49452.0,49660.8
5342,49364.3,49452.0,49660.8
5343,49364.3,49452.0,49660.8
5344,49364.3,49452.0,49660.8
5345,49364.3,49452.0,49660.8
5346,49364.3,49452.0,49660.8
5347,49364.3,49452.0,49662.1
5348,49364.3,49452.0,49662.1
5349,49364.3,49452.0,49662.1
5350,49364.3,49452.0,49662.1
5351,49364.3,49452.0,49662.1
5352,49364.3,49452.0,49662.7
5353,49364.3,49452.0,49662.7
5354,49364.3,49452.0,49662.7
5355,49364.3,49452.0,49662.7
5356,49364.3,49452.0,49662.7
5357,49364.3,49452.0,49662.7
5358,49364.3,49452.0,49662.7
5359,49364.3,49452.0,49662.7
5360,49364.3,49452.0,49662.7
5361,49364.3,49452.0,49662.7
5362,49364.3,49452.0,49662.7
5363,49364.3,49452.0,49662.7
5364,49364.3,49452.0,49662.7
5365,49364.3,49452.0,49662.7
5366,49364.3,49452.0,49662.7
5367,49364.3,49452.0,49662.7
5368,49364.3,49452.0,49662.7
5369,49364.3,49452.0,49662.7
5370,49364.3,49452.0,49662.7
5371,49364.3,49452.0,49662.7
5372,49364.3,49452.0,49662.7
5373,49364.3,49452.0,49662.7
5374,49364.3,49452.0,49662.7
5375,49364.3,49452.0,49662.7
5376,49364.3,49452.0,49662.7
5377,49364.3,49452.0,49663.4
5378,49364.3,49452.0,49663.6
5379,49364.3,49452.0,49663.6
5380,49364.3,49452.0,49663.6
5381,49364.3,49452.0,49663.6
5382,49364.3,49452.0,49663.6
5383,49364.3,49452.0,49663.6
5384,49364.3,49452.0,49663.6
5385,49364.3,49452.0,49663.6
5386,49364.3,49452.0,49663.6
5387,49364.3,49452.0,49663.6
5388,49364.3,49452.0,49664.0
5389,49364.3,49452.0,49664.0
5390,49364.3,49452.0,49664.4
5391,49364.3,49452.0,49664.4
5392,49364.3,49452.0,49664.4
5393,49364.3,49452.0,49665.5
5394,49364.3,49452.0,49665.5
5395,49364.3,49452.0,49665.5
5396,49364.3,49452.0,49665.5
5397,49364.3,49452.0,49665.5
5398,49364.3,49452.0,49665.5
5399,49364.3,49452.0,49665.5
5400,49364.3,49452.0,49667.0
5401,49364.3,49452.0,49667.0
5402,49364.3,49452.0,49667.4
5403,49364.3,49452.0,49667.6
5404,49364.3,49452.0,49667.6
5405,49364.3,49452.0,49667.6
5406,49364.3,49452.0,49667.6
5407,49364.3,49452.0,49667.6
5408,49364.3,49452.0,49667.6
5409,49364.3,49452.0,49667.6
5410,49364.3,49452.0,49667.6
5411,49364.3,49452.0,49667.6
5412,49364.3,49452.0,49667.6
5413,49364.3,49452.0,49667.6
5414,49364.3,49452.0,49667.6
5415,49364.3,49452.0,49667.6
5416,49364.3,49452.0,49667.6
5417,49364.3,49452.0,49667.6
5418,49364.3,49452.0,49667.6
5419,49364.3,49452.0,49667.6
5420,49364.3,49452.0,49667.6
5421,49364.3,49452.0,49667.6
5422,49364.3,49452.0,49667.6
5423,49364.3,49452.0,49667.6
5424,49364.3,49452.0,49667.6
5425,49364.3,49452.0,49667.6
5426,49364.3,49452.0,49667.6
5427,49364.3,49452.0,49667.6
5428,49364.3,49452.0,49669.6
5429,49364.3,49452.0,49669.6
5430,49364.3,49452.0,49669.6
5431,49364.3,49452.0,49669.6
5432,49364.3,49452.0,49669.6
5433,49364.3,49452.0,49669.6
5434,49364.3,49452.0,49669.6
5435,49364.3,49452.0,49669.6
5436,49364.3,49452.0,49669.6
5437,49364.3,49452.0,49669.6
5438,49364.3,49452.0,49669.6
5439,49364.3,49452.0,49669.6
5440,49364.3,49452.0,49669.6
5441,49364.3,49452.0,49669.6
5442,49364.3,49452.0,49669.6
5443,49364.3,49452.0,49670.9
5444,49364.3,49452.0,49672.4
5445,49364.3,49452.0,49672.4
5446,49364.3,49452.0,49672.4
5447,49364.3,49452.0,49672.4
5448,49364.3,49452.0,49672.4
5449,49364.3,49452.0,49672.4
5450,49364.3,49452.0,49672.4
5451,49364.3,49452.0,49672.4
5452,49364.3,49452.0,49672.4
5453,49364.3,49452.0,49672.4
5454,49364.3,49452.0,49672.4
5455,49364.3,49452.0,49672.4
5456,49364.3,49452.0,49672.4
5457,49364.3,49452.0,49672.4
5458,49364.3,49452.0,49672.4
5459,49364.3,49452.0,49672.4
5460,49364.3,49452.0,49672.4
5461,49364.3,49452.0,49672.4
5462,49364.3,49452.0,49672.4
5463,49364.3,49452.0,49672.4
5464,49364.3,49452.0,49672.4
5465,49364.3,49452.0,49672.6
5466,49364.3,49452.0,49672.6
5467,49364.3,49452.0,49672.6
5468,49364.3,49452.0,49672.6
5469,49364.3,49452.0,49672.6
5470,49364.3,49452.0,49672.6
5471,49364.3,49452.0,49672.6
5472,49364.3,49452.0,49674.6
5473,49364.3,49452.0,49674.6
5474,49364.3,49452.0,49674.6
5475,49364.3,49452.0,49674.6
5476,49364.3,49452.0,49674.6
5477,49364.3,49452.0,49674.6
5478,49364.3,49452.0,49674.6
5479,49364.3,49452.0,49674.6
5480,49364.3,49452.0,49674.6
5481,49364.3,49452.0,49674.6
5482,49364.3,49452.0,49674.6
5483,49364.3,49452.0,49674.6
5484,49364.3,49452.0,49674.6
5485,49364.3,49452.0,49674.6
5486,49364.3,49452.0,49674.6
5487,49364.3,49452.0,49674.6
5488,49364.3,49452.0,49674.6
5489,49364.3,49452.0,49674.6
5490,49364.3,49452.0,49674.6
5491,49364.3,49452.0,49674.6
5492,49364.3,49452.0,49674.6
5493,49364.3,49452.0,49674.6
5494,49364.3,49452.0,49674.6
5495,49364.3,49452.0,49674.6
5496,49364.3,49452.0,49674.6
5497,49364.3,49452.0,49674.6
5498,49364.3,49452.0,49674.6
5499,49364.3,49452.0,49674.6
5500,49364.3,49452.0,49674.6
5501,49364.3,49452.0,49674.6
5502,49364.3,49452.0,49674.6
5503,49364.3,49452.0,49674.6
5504,49364.3,49452.0,49674.6
5505,49364.3,49452.0,49674.6
5506,49364.3,49452.0,49674.6
5507,49364.3,49452.0,49674.6
5508,49364.3,49452.0,49674.6
5509,49364.3,49452.0,49674.6
5510,49364.3,49452.0,49674.6
5511,49364.3,49452.0,49674.6
5512,49364.3,49452.0,49674.6
5513,49364.3,49452.0,49674.6
5514,49364.3,49452.0,49674.6
5515,49364.3,49452.0,49674.6
5516,49364.3,49452.0,49674.6
5517,49364.3,49452.0,49674.6
5518,49364.3,49452.0,49674.6
5519,49364.3,49452.0,49674.6
5520,49364.3,49452.0,49674.6
5521,49364.3,49452.0,49674.6
5522,49364.3,49452.0,49674.6
5523,49364.3,49452.0,49674.6
5524,49364.3,49452.0,49674.6
5525,49364.3,49452.0,49674.6
5526,49364.3,49452.0,49674.6
5527,49364.3,49452.0,49674.6
5528,49364.3,49452.0,49674.6
5529,49364.3,49452.0,49674.6
5530,49364.3,49452.0,49674.6
5531,49364.3,49452.0,49674.6
5532,49364.3,49452.0,49674.6
5533,49364.3,49452.0,49674.6
5534,49364.3,49452.0,49675.1
5535,49364.3,49452.0,49675.1
5536,49364.3,49452.0,49675.1
5537,49364.3,49452.0,49675.1
5538,49364.3,49452.0,49675.1
5539,49364.3,49452.0,49675.1
5540,49364.3,49452.0,49675.1
5541,49364.3,49452.0,49675.1
5542,49364.3,49452.0,49675.1
5543,49364.3,49452.0,49675.9
5544,49364.3,49452.0,49679.1
5545,49364.3,49452.0,49679.1
5546,49364.3,49452.0,49679.1
5547,49364.3,49452.0,49679.1
5548,49364.3,49452.0,49679.1
5549,49364.3,49452.0,49679.1
5550,49364.3,49452.0,49679.1
5551,49364.3,49452.0,49679.1
5552,49364.3,49452.0,49679.1
5553,49364.3,49452.0,49679.1
5554,49364.3,49452.0,49679.1
5555,49364.3,49452.0,49679.1
5556,49364.3,49452.0,49679.1
5557,49364.3,49452.0,49679.1
5558,49364.3,49452.0,49679.1
5559,49364.3,49452.0,49679.1
5560,49364.3,49452.0,49679.1
5561,49364.3,49452.0,49679.1
5562,49364.3,49452.0,49679.1
5563,49364.3,49452.0,49679.1
5564,49364.3,49452.0,49679.1
5565,49364.3,49452.0,49679.1
5566,49364.3,49452.0,49679.1
5567,49364.3,49452.0,49679.1
5568,49364.3,49452.0,49679.1
5569,49364.3,49452.0,49679.1
5570,49364.3,49452.0,49679.1
5571,49364.3,49452.0,49679.1
5572,49364.3,49452.0,49679.1
5573,49364.3,49452.0,49679.1
5574,49364.3,49452.0,49679.1
5575,49364.3,49452.0,49679.1
5576,49364.3,49452.0,49679.1
5577,49364.3,49452.0,49679.1
5578,49364.3,49452.0,49679.1
5579,49364.3,49452.0,49679.1
5580,49364.3,49452.0,49679.1
5581,49364.3,49452.0,49679.1
5582,49364.3,49452.0,49679.1
5583,49364.3,49452.0,49679.1
5584,49364.3,49452.0,49679.1
5585,49364.3,49452.0,49679.1
5586,49364.3,49452.0,49679.1
5587,49364.3,49452.0,49679.1
5588,49364.3,49452.0,49679.1
5589,49364.3,49452.0,49679.1
5590,49364.3,49452.0,49679.1
5591,49364.3,49452.0,49679.1
5592,49364.3,49452.0,49679.1
5593,49364.3,49452.0,49679.1
5594,49364.3,49452.0,49679.1
5595,49364.3,49452.0,49679.1
5596,49364.3,49452.0,49679.1
5597,49364.3,49452.0,49679.1
5598,49364.3,49452.0,49679.1
5599,49364.3,49452.0,49679.1
5600,49364.3,49452.0,49679.1
5601,49364.3,49452.0,49679.1
5602,49364.3,49452.0,49679.1
5603,49364.3,49452.0,49679.1
5604,49364.3,49452.0,49679.1
5605,49364.3,49452.0,49679.1
5606,49364.3,49452.0,49679.1
5607,49364.3,49452.0,49679.1
5608,49364.3,49452.0,49679.1
5609,49364.3,49452.0,49679.1
5610,49364.3,49452.0,49679.1
5611,49364.3,49452.0,49679.1
5612,49364.3,49452.0,49679.1
5613,49364.3,49452.0,49679.1
5614,49364.3,49452.0,49679.1
5615,49364.3,49452.0,49679.1
5616,49364.3,49452.0,49679.1
5617,49364.3,49452.0,49679.1
5618,49364.3,49452.0,49679.1
5619,49364.3,49452.0,49679.1
5620,49364.3,49452.0,49679.1
5621,49364.3,49452.0,49679.1
5622,49364.3,49452.0,49679.1
5623,49364.3,49452.0,49679.1
5624,49364.3,49452.0,49679.1
5625,49364.3,49452.0,49679.1
5626,49364.3,49452.0,49679.1
5627,49364.3,49452.0,49679.2
5628,49364.3,49452.0,49679.2
5629,49364.3,49452.0,49679.2
5630,49364.3,49452.0,49679.2
5631,49364.3,49452.0,49679.2
5632,49364.3,49452.0,49679.2
5633,49364.3,49452.0,49679.2
5634,49364.3,49452.0,49679.2
5635,49364.3,49452.0,49679.2
5636,49364.3,49452.0,49679.2
5637,49364.3,49452.0,49679.2
5638,49364.3,49452.0,49679.2
5639,49364.3,49452.0,49679.2
5640,49364.3,49452.0,49679.2
5641,49364.3,49452.0,49679.2
5642,49364.3,49452.0,49679.2
5643,49364.3,49452.0,49679.2
5644,49364.3,49452.0,49679.2
5645,49364.3,49452.0,49679.2
5646,49364.3,49452.0,49679.2
5647,49364.3,49452.0,49679.2
5648,49364.3,49452.0,49679.2
5649,49364.3,49452.0,49679.2
5650,49364.3,49452.0,49679.2
5651,49364.3,49452.0,49679.2
5652,49364.3,49452.0,49679.7
5653,49364.3,49452.0,49679.7
5654,49364.3,49452.0,49679.7
5655,49364.3,49452.0,49679.7
5656,49364.3,49452.0,49679.7
5657,49364.3,49452.0,49679.7
5658,49364.3,49452.0,49679.7
5659,49364.3,49452.0,49679.7
5660,49364.3,49452.0,49679.7
5661,49364.3,49452.0,49679.7
5662,49364.3,49452.0,49679.7
5663,49364.3,49452.0,49679.7
5664,49364.3,49452.0,49679.7
5665,49364.3,49452.0,49679.7
5666,49364.3,49452.0,49679.7
5667,49364.3,49452.0,49679.7
5668,49364.3,49452.0,49679.7
5669,49364.3,49452.0,49679.7
5670,49364.3,49452.0,49679.7
5671,49364.3,49452.0,49679.7
5672,49364.3,49452.0,49679.7
5673,49364.3,49452.0,49679.7
5674,49364.3,49452.0,49679.7
5675,49364.3,49452.0,49679.7
5676,49364.3,49452.0,49679.7
5677,49364.3,49452.0,49679.7
5678,49364.3,49452.0,49679.7
5679,49364.3,49452.0,49681.7
5680,49364.3,49452.0,49681.7
5681,49364.3,49452.0,49681.7
5682,49364.3,49452.0,49681.7
5683,49364.3,49452.0,49681.7
5684,49364.3,49452.0,49681.7
5685,49364.3,49452.0,49681.7
5686,49364.3,49452.0,49681.7
5687,49364.3,49452.0,49681.7
5688,49364.3,49452.0,49681.7
5689,49364.3,49452.0,49681.7
5690,49364.3,49452.0,49681.7
5691,49364.3,49452.0,49681.7
5692,49364.3,49452.0,49681.7
5693,49364.3,49452.0,49681.7
5694,49364.3,49452.0,49681.7
5695,49364.3,49452.0,49681.7
5696,49364.3,49452.0,49681.7
5697,49364.3,49452.0,49681.7
5698,49364.3,49452.0,49681.7
5699,49364.3,49452.0,49681.7
5700,49364.3,49452.0,49681.7
5701,49364.3,49452.0,49681.7
5702,49364.3,49452.0,49681.7
5703,49364.3,49452.0,49681.7
5704,49364.3,49452.0,49681.7
5705,49364.3,49452.0,49681.7
5706,49364.3,49452.0,49681.7
5707,49364.3,49452.0,49681.7
5708,49364.3,49452.0,49681.7
5709,49364.3,49452.0,49681.7
5710,49364.3,49452.0,49681.7
5711,49364.3,49452.0,49681.7
5712,49364.3,49452.0,49681.7
5713,49364.3,49452.0,49681.7
5714,49364.3,49452.0,49681.7
5715,49364.3,49452.0,49681.7
5716,49364.3,49452.0,49681.7
5717,49364.3,49452.0,49681.7
5718,49364.3,49452.0,49681.7
5719,49364.3,49452.0,49681.7
5720,49364.3,49452.0,49681.7
5721,49364.3,49452.0,49681.7
5722,49364.3,49452.0,49681.7
5723,49364.3,49452.0,49681.7
5724,49364.3,49452.0,49681.7
5725,49364.3,49452.0,49681.7
5726,49364.3,49452.0,49681.7
5727,49364.3,49452.0,49681.7
5728,49364.3,49452.0,49681.7
5729,49364.3,49452.0,49681.7
5730,49364.3,49452.0,49681.7
5731,49364.3,49452.0,49681.7
5732,49364.3,49452.0,49681.7
5733,49364.3,49452.0,49681.7
5734,49364.3,49452.0,49681.7
5735,49364.3,49452.0,49681.7
5736,49364.3,49452.0,49681.7
5737,49364.3,49452.0,49681.7
5738,49364.3,49452.0,49681.7
5739,49364.3,49452.0,49681.7
5740,49364.3,49452.0,49681.7
5741,49364.3,49452.0,49681.7
5742,49364.3,49452.0,49681.7
5743,49364.3,49452.0,49681.7
5744,49364.3,49452.0,49681.8
5745,49364.3,49452.0,49682.1
5746,49364.3,49452.0,49682.1
5747,49364.3,49452.0,49682.1
5748,49364.3,49452.0,49682.1
5749,49364.3,49452.0,49682.2
5750,49364.3,49452.0,49682.2
5751,49364.3,49452.0,49682.2
5752,49364.3,49452.0,49682.2
5753,49364.3,49452.0,49682.8
5754,49364.3,49452.0,49682.8
5755,49364.3,49452.0,49682.8
5756,49364.3,49452.0,49682.8
5757,49364.3,49452.0,49682.8
5758,49364.3,49452.0,49682.8
5759,49364.3,49452.0,49682.8
5760,49364.3,49452.0,49682.8
5761,49364.3,49452.0,49683.5
5762,49364.3,49452.0,49683.5
5763,49364.3,49452.0,49683.5
5764,49364.3,49452.0,49683.5
5765,49364.3,49452.0,49683.5
5766,49364.3,49452.0,49683.5
5767,49364.3,49452.0,49683.5
5768,49364.3,49452.0,49685.0
5769,49364.3,49452.0,49685.0
5770,49364.3,49452.0,49685.0
5771,49364.3,49452.0,49686.8
5772,49364.3,49452.0,49688.4
5773,49364.3,49452.0,49688.4
5774,49364.3,49452.0,49688.4
5775,49364.3,49452.0,49688.4
5776,49364.3,49452.0,49688.4
5777,49364.3,49452.0,49688.4
5778,49364.3,49452.0,49688.4
5779,49364.3,49452.0,49688.4
5780,49364.3,49452.0,49688.4
5781,49364.3,49452.0,49688.4
5782,49364.3,49452.0,49688.4
5783,49364.3,49452.0,49688.4
5784,49364.3,49452.0,49688.4
5785,49364.3,49452.0,49688.4
5786,49364.3,49452.0,49688.4
5787,49364.3,49452.0,49688.4
5788,49364.3,49452.0,49688.4
5789,49364.3,49452.0,49688.4
5790,49364.3,49452.0,49688.4
5791,49364.3,49452.0,49688.4
5792,49364.3,49452.0,49688.4
5793,49364.3,49452.0,49688.4
5794,49364.3,49452.0,49688.4
5795,49364.3,49452.0,49688.4
5796,49364.3,49452.0,49688.4
5797,49364.3,49452.0,49688.4
5798,49364.3,49452.0,49688.4
5799,49364.3,49452.0,49688.4
5800,49364.3,49452.0,49688.4
5801,49364.3,49452.0,49689.6
5802,49364.3,49452.0,49689.6
5803,49364.3,49452.0,49689.6
5804,49364.3,49452.0,49689.6
5805,49364.3,49452.0,49689.6
5806,49364.3,49452.0,49689.6
5807,49364.3,49452.0,49689.6
5808,49364.3,49452.0,49689.6
5809,49364.3,49452.0,49689.6
5810,49364.3,49452.0,49689.6
5811,49364.3,49452.0,49689.6
5812,49364.3,49452.0,49689.6
5813,49364.3,49452.0,49689.6
5814,49364.3,49452.0,49689.6
5815,49364.3,49452.0,49689.6
5816,49364.3,49452.0,49689.6
5817,49364.3,49452.0,49690.6
5818,49364.3,49452.0,49690.6
5819,49364.3,49452.0,49690.6
5820,49364.3,49452.0,49690.6
5821,49364.3,49452.0,49691.0
5822,49364.3,49452.0,49691.0
5823,49364.3,49452.0,49693.1
5824,49364.3,49452.0,49693.1
5825,49364.3,49452.0,49693.1
5826,49364.3,49452.0,49693.1
5827,49364.3,49452.0,49693.1
5828,49364.3,49452.0,49693.1
5829,49364.3,49452.0,49693.1
5830,49364.3,49452.0,49693.1
5831,49364.3,49452.0,49693.1
5832,49364.3,49452.0,49693.1
5833,49364.3,49452.0,49693.5
5834,49364.3,49452.0,49693.5
5835,49364.3,49452.0,49693.5
5836,49364.3,49452.0,49693.5
5837,49364.3,49452.0,49693.5
5838,49364.3,49452.0,49693.5
5839,49364.3,49452.0,49693.5
5840,49364.3,49452.0,49693.5
5841,49364.3,49452.0,49693.5
5842,49364.3,49452.0,49693.5
5843,49364.3,49452.0,49693.5
5844,49364.3,49452.0,49693.5
5845,49364.3,49452.0,49693.5
5846,49364.3,49452.0,49693.5
5847,49364.3,49452.0,49693.5
5848,49364.3,49452.0,49693.5
5849,49364.3,49452.0,49693.5
5850,49364.3,49452.0,49693.5
5851,49364.3,49452.0,49693.5
5852,49364.3,49452.0,49693.5
5853,49364.3,49452.0,49693.5
5854,49364.3,49452.0,49694.8
5855,49364.3,49452.0,49695.3
5856,49364.3,49452.0,49695.3
5857,49364.3,49452.0,49695.3
5858,49364.3,49452.0,49695.3
5859,49364.3,49452.0,49695.3
5860,49364.3,49452.0,49695.3
5861,49364.3,49452.0,49695.3
5862,49364.3,49452.0,49695.3
5863,49364.3,49452.0,49695.3
5864,49364.3,49452.0,49695.3
5865,49364.3,49452.0,49695.3
5866,49364.3,49452.0,49695.3
5867,49364.3,49452.0,49695.3
5868,49364.3,49452.0,49695.3
5869,49364.3,49452.0,49695.3
5870,49364.3,49452.0,49695.3
5871,49364.3,49452.0,49695.3
5872,49364.3,49452.0,49695.3
5873,49364.3,49452.0,49695.3
5874,49364.3,49452.0,49695.3
5875,49364.3,49452.0,49696.3
5876,49364.3,49452.0,49696.3
5877,49364.3,49452.0,49696.3
5878,49364.3,49452.0,49696.3
5879,49364.3,49452.0,49696.3
5880,49364.3,49452.0,49696.3
5881,49364.3,49452.0,49696.3
5882,49364.3,49452.0,49696.3
5883,49364.3,49452.0,49698.1
5884,49364.3,49452.0,49698.1
5885,49364.3,49452.0,49698.1
5886,49364.3,49452.0,49699.1
5887,49364.3,49452.0,49699.1
5888,49364.3,49452.0,49699.1
5889,49364.3,49452.0,49699.1
5890,49364.3,49452.0,49699.1
5891,49364.3,49452.0,49699.1
5892,49364.3,49452.0,49699.1
5893,49364.3,49452.0,49699.1
5894,49364.3,49452.0,49699.1
5895,49364.3,49452.0,49699.1
5896,49364.3,49452.0,49699.1
5897,49364.3,49452.0,49699.1
5898,49364.3,49452.0,49699.1
5899,49364.3,49452.0,49699.1
5900,49364.3,49452.0,49699.1
5901,49364.3,49452.0,49699.1
5902,49364.3,49452.0,49699.1
5903,49364.3,49452.0,49699.1
5904,49364.3,49452.0,49699.1
5905,49364.3,49452.0,49699.5
5906,49364.3,49452.0,49699.5
5907,49364.3,49452.0,49699.5
5908,49364.3,49452.0,49699.5
5909,49364.3,49452.0,49699.5
5910,49364.3,49452.0,49699.5
5911,49364.3,49452.0,49699.5
5912,49364.3,49452.0,49699.5
5913,49364.3,49452.0,49700.6
5914,49364.3,49452.0,49700.6
5915,49364.3,49452.0,49700.6
5916,49364.3,49452.0,49700.6
5917,49364.3,49452.0,49703.3
5918,49364.3,49452.0,49703.3
5919,49364.3,49452.0,49703.3
5920,49364.3,49452.0,49703.3
5921,49364.3,49452.0,49703.3
5922,49364.3,49452.0,49703.3
5923,49364.3,49452.0,49703.3
5924,49364.3,49452.0,49703.3
5925,49364.3,49452.0,49703.3
5926,49364.3,49452.0,49703.3
5927,49364.3,49452.0,49703.3
5928,49364.3,49452.0,49703.3
5929,49364.3,49452.0,49703.3
5930,49364.3,49452.0,49703.3
5931,49364.3,49452.0,49703.3
5932,49364.3,49452.0,49703.3
5933,49364.3,49452.0,49703.3
5934,49364.3,49452.0,49703.3
5935,49364.3,49452.0,49703.3
5936,49364.3,49452.0,49703.3
5937,49364.3,49452.0,49703.3
5938,49364.3,49452.0,49703.3
5939,49364.3,49452.0,49703.3
5940,49364.3,49452.0,49703.3
5941,49364.3,49452.0,49703.3
5942,49364.3,49452.0,49703.3
5943,49364.3,49452.0,49703.3
5944,49364.3,49452.0,49703.3
5945,49364.3,49452.0,49703.3
5946,49364.3,49452.0,49703.8
5947,49364.3,49452.0,49703.8
5948,49364.3,49452.0,49703.8
5949,49364.3,49452.0,49703.8
5950,49364.3,49452.0,49704.8
5951,49364.3,49452.0,49704.8
5952,49364.3,49452.0,49704.8
5953,49364.3,49452.0,49704.8
5954,49364.3,49452.0,49704.8
5955,49364.3,49452.0,49704.8
5956,49364.3,49452.0,49704.8
5957,49364.3,49452.0,49704.8
5958,49364.3,49452.0,49704.8
5959,49364.3,49452.0,49704.8
5960,49364.3,49452.0,49704.8
5961,49364.3,49452.0,49704.8
5962,49364.3,49452.0,49704.8
5963,49364.3,49452.0,49704.8
5964,49364.3,49452.0,49704.8
5965,49364.3,49452.0,49704.8
5966,49364.3,49452.0,49704.8
5967,49364.3,49452.0,49704.8
5968,49364.3,49452.0,49704.8
5969,49364.3,49452.0,49704.8
5970,49364.3,49452.0,49704.8
5971,49364.3,49452.0,49704.8
5972,49364.3,49452.0,49704.8
5973,49364.3,49452.0,49704.8
5974,49364.3,49452.0,49705.0
5975,49364.3,49452.0,49705.0
5976,49364.3,49452.0,49705.0
5977,49364.3,49452.0,49705.0
5978,49364.3,49452.0,49705.0
5979,49364.3,49452.0,49705.0
5980,49364.3,49452.0,49706.0
5981,49364.3,49452.0,49706.0
5982,49364.3,49452.0,49706.0
5983,49364.3,49452.0,49707.4
5984,49364.3,49452.0,49707.4
5985,49364.3,49452.0,49707.4
5986,49364.3,49452.0,49708.0
5987,49364.3,49452.0,49708.0
5988,49364.3,49452.0,49708.0
5989,49364.3,49452.0,49708.2
5990,49364.3,49452.0,49708.2
5991,49364.3,49452.0,49708.2
5992,49364.3,49452.0,49708.2
5993,49364.3,49452.0,49708.2
5994,49364.3,49452.0,49708.2
5995,49364.3,49452.0,49708.2
5996,49364.3,49452.0,49708.2
5997,49364.3,49452.0,49708.2
5998,49364.3,49452.0,49708.2
5999,49364.3,49452.0,49708.2
6000,49364.3,49452.0,49708.2
6001,49364.3,49452.0,49708.2
6002,49364.3,49452.0,49708.2
6003,49364.3,49452.0,49708.2
6004,49364.3,49452.0,49708.2
6005,49364.3,49452.0,49708.2
6006,49364.3,49452.0,49708.2
6007,49364.3,49452.0,49708.2
6008,49364.3,49452.0,49708.2
6009,49364.3,49452.0,49708.2
6010,49364.3,49452.0,49708.2
6011,49364.3,49452.0,49708.2
6012,49364.3,49452.0,49708.3
6013,49364.3,49452.0,49708.3
6014,49364.3,49452.0,49708.3
6015,49364.3,49452.0,49708.4
6016,49364.3,49452.0,49708.4
6017,49364.3,49452.0,49708.4
6018,49364.3,49452.0,49708.4
6019,49364.3,49452.0,49708.4
6020,49364.3,49452.0,49708.4
6021,49364.3,49452.0,49708.4
6022,49364.3,49452.0,49708.4
6023,49364.3,49452.0,49708.4
6024,49364.3,49452.0,49711.1
6025,49364.3,49452.0,49711.1
6026,49364.3,49452.0,49711.1
6027,49364.3,49452.0,49711.1
6028,49364.3,49452.0,49711.1
6029,49364.3,49452.0,49711.1
6030,49364.3,49452.0,49711.1
6031,49364.3,49452.0,49711.1
6032,49364.3,49452.0,49711.4
6033,49364.3,49452.0,49711.4
6034,49364.3,49452.0,49711.4
6035,49364.3,49452.0,49711.4
6036,49364.3,49452.0,49711.4
6037,49364.3,49452.0,49711.4
6038,49364.3,49452.0,49711.4
6039,49364.3,49452.0,49711.4
6040,49364.3,49452.0,49711.4
6041,49364.3,49452.0,49711.4
6042,49364.3,49452.0,49711.4
6043,49364.3,49452.0,49711.4
6044,49364.3,49452.0,49711.4
6045,49364.3,49452.0,49711.4
6046,49364.3,49452.0,49711.4
6047,49364.3,49452.0,49711.4
6048,49364.3,49452.0,49711.4
6049,49364.3,49452.0,49711.4
6050,49364.3,49452.0,49711.4
6051,49364.3,49452.0,49711.4
6052,49364.3,49452.0,49711.4
6053,49364.3,49452.0,49711.4
6054,49364.3,49452.0,49711.4
6055,49364.3,49452.0,49711.4
6056,49364.3,49452.0,49711.4
6057,49364.3,49452.0,49711.4
6058,49364.3,49452.0,49711.4
6059,49364.3,49452.0,49711.4
6060,49364.3,49452.0,49711.4
6061,49364.3,49452.0,49711.4
6062,49364.3,49452.0,49711.4
6063,49364.3,49452.0,49713.2
6064,49364.3,49452.0,49713.2
6065,49364.3,49452.0,49713.2
6066,49364.3,49452.0,49713.2
6067,49364.3,49452.0,49713.2
6068,49364.3,49452.0,49713.2
6069,49364.3,49452.0,49713.2
6070,49364.3,49452.0,49713.2
6071,49364.3,49452.0,49713.2
6072,49364.3,49452.0,49714.1
6073,49364.3,49452.0,49714.1
6074,49364.3,49452.0,49714.1
6075,49364.3,49452.0,49714.1
6076,49364.3,49452.0,49714.1
6077,49364.3,49452.0,49714.1
6078,49364.3,49452.0,49714.1
6079,49364.3,49452.0,49714.1
6080,49364.3,49452.0,49714.1
6081,49364.3,49452.0,49714.1
6082,49364.3,49452.0,49714.5
6083,49364.3,49452.0,49714.5
6084,49364.3,49452.0,49714.5
6085,49364.3,49452.0,49714.5
6086,49364.3,49452.0,49715.1
6087,49364.3,49452.0,49715.1
6088,49364.3,49452.0,49715.1
6089,49364.3,49452.0,49715.1
6090,49364.3,49452.0,49715.1
6091,49364.3,49452.0,49715.1
6092,49364.3,49452.0,49715.1
6093,49364.3,49452.0,49715.1
6094,49364.3,49452.0,49715.1
6095,49364.3,49452.0,49715.1
6096,49364.3,49452.0,49715.1
6097,49364.3,49452.0,49715.1
6098,49364.3,49452.0,49715.1
6099,49364.3,49452.0,49715.1
6100,49364.3,49452.0,49715.1
6101,49364.3,49452.0,49715.1
6102,49364.3,49452.0,49715.1
6103,49364.3,49452.0,49715.1
6104,49364.3,49452.0,49715.1
6105,49364.3,49452.0,49715.1
6106,49364.3,49452.0,49715.1
6107,49364.3,49452.0,49715.2
6108,49364.3,49452.0,49715.7
6109,49364.3,49452.0,49715.7
6110,49364.3,49452.0,49715.7
6111,49364.3,49452.0,49715.7
6112,49364.3,49452.0,49715.7
6113,49364.3,49452.0,49715.7
6114,49364.3,49452.0,49715.7
6115,49364.3,49452.0,49715.7
6116,49364.3,49452.0,49715.7
6117,49364.3,49452.0,49715.7
6118,49364.3,49452.0,49715.7
6119,49364.3,49452.0,49715.7
6120,49364.3,49452.0,49715.7
6121,49364.3,49452.0,49715.7
6122,49364.3,49452.0,49715.7
6123,49364.3,49452.0,49715.7
6124,49364.3,49452.0,49715.7
6125,49364.3,49452.0,49715.7
6126,49364.3,49452.0,49715.7
6127,49364.3,49452.0,49715.7
6128,49364.3,49452.0,49715.7
6129,49364.3,49452.0,49715.7
6130,49364.3,49452.0,49715.7
6131,49364.3,49452.0,49715.7
6132,49364.3,49452.0,49715.7
6133,49364.3,49452.0,49715.7
6134,49364.3,49452.0,49715.7
6135,49364.3,49452.0,49715.7
6136,49364.3,49452.0,49715.7
6137,49364.3,49452.0,49715.7
6138,49364.3,49452.0,49715.7
6139,49364.3,49452.0,49715.7
6140,49364.3,49452.0,49715.7
6141,49364.3,49452.0,49715.7
6142,49364.3,49452.0,49715.7
6143,49364.3,49452.0,49715.7
6144,49364.3,49452.0,49715.7
6145,49364.3,49452.0,49715.7
6146,49364.3,49452.0,49715.7
6147,49364.3,49452.0,49715.7
6148,49364.3,49452.0,49715.7
6149,49364.3,49452.0,49715.7
6150,49364.3,49452.0,49715.7
6151,49364.3,49452.0,49715.7
6152,49364.3,49452.0,49715.7
6153,49364.3,49452.0,49715.7
6154,49364.3,49452.0,49716.1
6155,49364.3,49452.0,49716.1
6156,49364.3,49452.0,49716.1
6157,49364.3,49452.0,49716.1
6158,49364.3,49452.0,49716.1
6159,49364.3,49452.0,49716.1
6160,49364.3,49452.0,49716.1
6161,49364.3,49452.0,49716.1
6162,49364.3,49452.0,49716.6
6163,49364.3,49452.0,49716.6
6164,49364.3,49452.0,49716.6
6165,49364.3,49452.0,49716.6
6166,49364.3,49452.0,49716.6
6167,49364.3,49452.0,49716.6
6168,49364.3,49452.0,49716.6
6169,49364.3,49452.0,49716.6
6170,49364.3,49452.0,49716.6
6171,49364.3,49452.0,49716.6
6172,49364.3,49452.0,49716.6
6173,49364.3,49452.0,49716.6
6174,49364.3,49452.0,49716.6
6175,49364.3,49452.0,49716.6
6176,49364.3,49452.0,49716.6
6177,49364.3,49452.0,49716.6
6178,49364.3,49452.0,49716.6
6179,49364.3,49452.0,49716.6
6180,49364.3,49452.0,49716.6
6181,49364.3,49452.0,49716.6
6182,49364.3,49452.0,49716.6
6183,49364.3,49452.0,49716.6
6184,49364.3,49452.0,49716.6
6185,49364.3,49452.0,49716.6
6186,49364.3,49452.0,49716.6
6187,49364.3,49452.0,49716.6
6188,49364.3,49452.0,49716.6
6189,49364.3,49452.0,49716.6
6190,49364.3,49452.0,49716.6
6191,49364.3,49452.0,49716.6
6192,49364.3,49452.0,49716.6
6193,49364.3,49452.0,49716.6
6194,49364.3,49452.0,49716.6
6195,49364.3,49452.0,49716.6
6196,49364.3,49452.0,49716.6
6197,49364.3,49452.0,49716.6
6198,49364.3,49452.0,49716.6
6199,49364.3,49452.0,49716.6
6200,49364.3,49452.0,49716.6
6201,49364.3,49452.0,49716.6
6202,49364.3,49452.0,49716.6
6203,49364.3,49452.0,49716.6
6204,49364.3,49452.0,49716.6
6205,49364.3,49452.0,49716.6
6206,49364.3,49452.0,49716.6
6207,49364.3,49452.0,49716.6
6208,49364.3,49452.0,49716.6
6209,49364.3,49452.0,49716.6
6210,49364.3,49452.0,49716.6
6211,49364.3,49452.0,49716.6
6212,49364.3,49452.0,49716.6
6213,49364.3,49452.0,49717.1
6214,49364.3,49452.0,49717.1
6215,49364.3,49452.0,49717.1
6216,49364.3,49452.0,49717.1
6217,49364.3,49452.0,49717.1
6218,49364.3,49452.0,49717.1
6219,49364.3,49452.0,49717.1
6220,49364.3,49452.0,49717.1
6221,49364.3,49452.0,49717.1
6222,49364.3,49452.0,49717.1
6223,49364.3,49452.0,49717.1
6224,49364.3,49452.0,49717.1
6225,49364.3,49452.0,49717.1
6226,49364.3,49452.0,49717.1
6227,49364.3,49452.0,49717.1
6228,49364.3,49452.0,49717.1
6229,49364.3,49452.0,49717.1
6230,49364.3,49452.0,49717.1
6231,49364.3,49452.0,49717.1
6232,49364.3,49452.0,49717.1
6233,49364.3,49452.0,49717.1
6234,49364.3,49452.0,49717.1
6235,49364.3,49452.0,49717.1
6236,49364.3,49452.0,49717.1
6237,49364.3,49452.0,49717.1
6238,49364.3,49452.0,49717.1
6239,49364.3,49452.0,49717.1
6240,49364.3,49452.0,49717.1
6241,49364.3,49452.0,49717.1
6242,49364.3,49452.0,49717.1
6243,49364.3,49452.0,49717.1
6244,49364.3,49452.0,49717.1
6245,49364.3,49452.0,49717.1
6246,49364.3,49452.0,49717.1
6247,49364.3,49452.0,49717.1
6248,49364.3,49452.0,49717.1
6249,49364.3,49452.0,49717.1
6250,49364.3,49452.0,49717.1
6251,49364.3,49452.0,49717.1
6252,49364.3,49452.0,49717.1
6253,49364.3,49452.0,49717.1
6254,49364.3,49452.0,49717.1
6255,49364.3,49452.0,49717.9
6256,49364.3,49452.0,49717.9
6257,49364.3,49452.0,49717.9
6258,49364.3,49452.0,49717.9
6259,49364.3,49452.0,49717.9
6260,49364.3,49452.0,49717.9
6261,49364.3,49452.0,49717.9
6262,49364.3,49452.0,49717.9
6263,49364.3,49452.0,49718.4
6264,49364.3,49452.0,49718.4
6265,49364.3,49452.0,49718.4
6266,49364.3,49452.0,49718.4
6267,49364.3,49452.0,49718.4
6268,49364.3,49452.0,49718.4
6269,49364.3,49452.0,49718.4
6270,49364.3,49452.0,49718.4
6271,49364.3,49452.0,49718.4
6272,49364.3,49452.0,49718.4
6273,49364.3,49452.0,49718.4
6274,49364.3,49452.0,49718.4
6275,49364.3,49452.0,49718.4
6276,49364.3,49452.0,49718.7
6277,49364.3,49452.0,49718.7
6278,49364.3,49452.0,49718.7
6279,49364.3,49452.0,49718.7
6280,49364.3,49452.0,49718.7
6281,49364.3,49452.0,49718.7
6282,49364.3,49452.0,49718.7
6283,49364.3,49452.0,49718.7
6284,49364.3,49452.0,49718.7
6285,49364.3,49452.0,49718.7
6286,49364.3,49452.0,49718.7
6287,49364.3,49452.0,49719.9
6288,49364.3,49452.0,49719.9
6289,49364.3,49452.0,49719.9
6290,49364.3,49452.0,49719.9
6291,49364.3,49452.0,49719.9
6292,49364.3,49452.0,49719.9
6293,49364.3,49452.0,49719.9
6294,49364.3,49452.0,49719.9
6295,49364.3,49452.0,49720.7
6296,49364.3,49452.0,49720.7
6297,49364.3,49452.0,49720.7
6298,49364.3,49452.0,49720.7
6299,49364.3,49452.0,49720.7
6300,49364.3,49452.0,49720.7
6301,49364.3,49452.0,49720.7
6302,49364.3,49452.0,49720.7
6303,49364.3,49452.0,49720.7
6304,49364.3,49452.0,49720.7
6305,49364.3,49452.0,49720.7
6306,49364.3,49452.0,49720.7
6307,49364.3,49452.0,49720.7
6308,49364.3,49452.0,49720.7
6309,49364.3,49452.0,49720.7
6310,49364.3,49452.0,49720.7
6311,49364.3,49452.0,49720.7
6312,49364.3,49452.0,49720.7
6313,49364.3,49452.0,49720.7
6314,49364.3,49452.0,49720.7
6315,49364.3,49452.0,49720.7
6316,49364.3,49452.0,49720.7
6317,49364.3,49452.0,49720.7
6318,49364.3,49452.0,49720.7
6319,49364.3,49452.0,49720.7
6320,49364.3,49452.0,49720.7
6321,49364.3,49452.0,49720.7
6322,49364.3,49452.0,49720.7
6323,49364.3,49452.0,49721.6
6324,49364.3,49452.0,49721.6
6325,49364.3,49452.0,49721.6
6326,49364.3,49452.0,49721.6
6327,49364.3,49452.0,49721.6
6328,49364.3,49452.0,49721.6
6329,49364.3,49452.0,49721.6
6330,49364.3,49452.0,49721.6
6331,49364.3,49452.0,49721.6
6332,49364.3,49452.0,49721.6
6333,49364.3,49452.0,49721.6
6334,49364.3,49452.0,49721.6
6335,49364.3,49452.0,49721.6
6336,49364.3,49452.0,49721.6
6337,49364.3,49452.0,49721.6
6338,49364.3,49452.0,49721.6
6339,49364.3,49452.0,49721.6
6340,49364.3,49452.0,49721.6
6341,49364.3,49452.0,49721.6
6342,49364.3,49452.0,49721.6
6343,49364.3,49452.0,49721.6
6344,49364.3,49452.0,49721.6
6345,49364.3,49452.0,49721.6
6346,49364.3,49452.0,49721.6
6347,49364.3,49452.0,49721.6
6348,49364.3,49452.0,49721.6
6349,49364.3,49452.0,49721.6
6350,49364.3,49452.0,49721.6
6351,49364.3,49452.0,49721.6
6352,49364.3,49452.0,49721.6
6353,49364.3,49452.0,49721.6
6354,49364.3,49452.0,49721.6
6355,49364.3,49452.0,49721.6
6356,49364.3,49452.0,49721.6
6357,49364.3,49452.0,49721.6
6358,49364.3,49452.0,49721.6
6359,49364.3,49452.0,49721.6
6360,49364.3,49452.0,49721.6
6361,49364.3,49452.0,49721.6
6362,49364.3,49452.0,49721.6
6363,49364.3,49452.0,49721.6
6364,49364.3,49452.0,49721.6
6365,49364.3,49452.0,49721.6
6366,49364.3,49452.0,49721.6
6367,49364.3,49452.0,49721.6
6368,49364.3,49452.0,49721.6
6369,49364.3,49452.0,49721.6
6370,49364.3,49452.0,49721.6
6371,49364.3,49452.0,49721.6
6372,49364.3,49452.0,49722.4
6373,49364.3,49452.0,49722.4
6374,49364.3,49452.0,49722.4
6375,49364.3,49452.0,49722.4
6376,49364.3,49452.0,49722.4
6377,49364.3,49452.0,49722.4
6378,49364.3,49452.0,49722.4
6379,49364.3,49452.0,49722.4
6380,49364.3,49452.0,49722.4
6381,49364.3,49452.0,49722.4
6382,49364.3,49452.0,49722.4
6383,49364.3,49452.0,49722.4
6384,49364.3,49452.0,49722.4
6385,49364.3,49452.0,49722.4
6386,49364.3,49452.0,49722.4
6387,49364.3,49452.0,49722.4
6388,49364.3,49452.0,49722.4
6389,49364.3,49452.0,49722.4
6390,49364.3,49452.0,49722.4
6391,49364.3,49452.0,49722.4
6392,49364.3,49452.0,49722.4
6393,49364.3,49452.0,49722.6
6394,49364.3,49452.0,49722.6
6395,49364.3,49452.0,49722.6
6396,49364.3,49452.0,49722.6
6397,49364.3,49452.0,49724.0
6398,49364.3,49452.0,49724.0
6399,49364.3,49452.0,49724.0
6400,49364.3,49452.0,49724.0
6401,49364.3,49452.0,49724.0
6402,49364.3,49452.0,49724.0
6403,49364.3,49452.0,49724.6
6404,49364.3,49452.0,49724.6
6405,49364.3,49452.0,49724.6
6406,49364.3,49452.0,49725.7
6407,49364.3,49452.0,49727.9
6408,49364.3,49452.0,49729.0
6409,49364.3,49452.0,49729.0
6410,49364.3,49452.0,49729.0
6411,49364.3,49452.0,49729.0
6412,49364.3,49452.0,49729.2
6413,49364.3,49452.0,49729.2
6414,49364.3,49452.0,49729.2
6415,49364.3,49452.0,49729.2
6416,49364.3,49452.0,49729.2
6417,49364.3,49452.0,49729.2
6418,49364.3,49452.0,49729.2
6419,49364.3,49452.0,49729.2
6420,49364.3,49452.0,49729.2
6421,49364.3,49452.0,49729.2
6422,49364.3,49452.0,49729.2
6423,49364.3,49452.0,49729.2
6424,49364.3,49452.0,49729.2
6425,49364.3,49452.0,49729.2
6426,49364.3,49452.0,49729.2
6427,49364.3,49452.0,49729.2
6428,49364.3,49452.0,49729.2
6429,49364.3,49452.0,49729.2
6430,49364.3,49452.0,49729.2
6431,49364.3,49452.0,49729.2
6432,49364.3,49452.0,49729.2
6433,49364.3,49452.0,49729.2
6434,49364.3,49452.0,49729.2
6435,49364.3,49452.0,49729.2
6436,49364.3,49452.0,49729.2
6437,49364.3,49452.0,49729.2
6438,49364.3,49452.0,49729.2
6439,49364.3,49452.0,49729.2
6440,49364.3,49452.0,49729.2
6441,49364.3,49452.0,49729.2
6442,49364.3,49452.0,49729.2
6443,49364.3,49452.0,49729.2
6444,49364.3,49452.0,49729.2
6445,49364.3,49452.0,49729.2
6446,49364.3,49452.0,49729.2
6447,49364.3,49452.0,49729.2
6448,49364.3,49452.0,49729.2
6449,49364.3,49452.0,49729.2
6450,49364.3,49452.0,49729.2
6451,49364.3,49452.0,49729.2
6452,49364.3,49452.0,49729.3
6453,49364.3,49452.0,49729.3
6454,49364.3,49452.0,49729.3
6455,49364.3,49452.0,49729.3
6456,49364.3,49452.0,49729.3
6457,49364.3,49452.0,49729.3
6458,49364.3,49452.0,49729.3
6459,49364.3,49452.0,49729.3
6460,49364.3,49452.0,49729.3
6461,49364.3,49452.0,49729.3
6462,49364.3,49452.0,49729.3
6463,49364.3,49452.0,49729.3
6464,49364.3,49452.0,49729.3
6465,49364.3,49452.0,49729.3
6466,49364.3,49452.0,49729.3
6467,49364.3,49452.0,49729.3
6468,49364.3,49452.0,49729.3
6469,49364.3,49452.0,49729.3
6470,49364.3,49452.0,49729.3
6471,49364.3,49452.0,49729.3
6472,49364.3,49452.0,49729.3
6473,49364.3,49452.0,49729.3
6474,49364.3,49452.0,49729.3
6475,49364.3,49452.0,49729.3
6476,49364.3,49452.0,49729.3
6477,49364.3,49452.0,49729.3
6478,49364.3,49452.0,49729.3
6479,49364.3,49452.0,49729.3
6480,49364.3,49452.0,49729.3
6481,49364.3,49452.0,49729.3
6482,49364.3,49452.0,49729.3
6483,49364.3,49452.0,49729.3
6484,49364.3,49452.0,49729.3
6485,49364.3,49452.0,49729.3
6486,49364.3,49452.0,49729.3
6487,49364.3,49452.0,49729.3
6488,49364.3,49452.0,49729.3
6489,49364.3,49452.0,49729.3
6490,49364.3,49452.0,49729.3
6491,49364.3,49452.0,49729.3
6492,49364.3,49452.0,49729.3
6493,49364.3,49452.0,49729.3
6494,49364.3,49452.0,49729.3
6495,49364.3,49452.0,49729.3
6496,49364.3,49452.0,49729.3
6497,49364.3,49452.0,49729.3
6498,49364.3,49452.0,49729.3
6499,49364.3,49452.0,49729.3
6500,49364.3,49452.0,49729.3
6501,49364.3,49452.0,49729.3
6502,49364.3,49452.0,49729.3
6503,49364.3,49452.0,49729.3
6504,49364.3,49452.0,49729.3
6505,49364.3,49452.0,49729.3
6506,49364.3,49452.0,49729.3
6507,49364.3,49452.0,49729.3
6508,49364.3,49452.0,49729.3
6509,49364.3,49452.0,49729.3
6510,49364.3,49452.0,49729.3
6511,49364.3,49452.0,49729.3
6512,49364.3,49452.0,49729.3
6513,49364.3,49452.0,49729.3
6514,49364.3,49452.0,49729.3
6515,49364.3,49452.0,49729.3
6516,49364.3,49452.0,49729.3
6517,49364.3,49452.0,49729.3
6518,49364.3,49452.0,49729.3
6519,49364.3,49452.0,49729.3
6520,49364.3,49452.0,49729.3
6521,49364.3,49452.0,49729.3
6522,49364.3,49452.0,49729.3
6523,49364.3,49452.0,49729.3
6524,49364.3,49452.0,49729.3
6525,49364.3,49452.0,49729.3
6526,49364.3,49452.0,49729.3
6527,49364.3,49452.0,49729.3
6528,49364.3,49452.0,49729.8
6529,49364.3,49452.0,49731.2
6530,49364.3,49452.0,49731.2
6531,49364.3,49452.0,49731.2
6532,49364.3,49452.0,49731.2
6533,49364.3,49452.0,49731.2
6534,49364.3,49452.0,49731.2
6535,49364.3,49452.0,49731.2
6536,49364.3,49452.0,49731.2
6537,49364.3,49452.0,49731.2
6538,49364.3,49452.0,49731.2
6539,49364.3,49452.0,49731.2
6540,49364.3,49452.0,49731.2
6541,49364.3,49452.0,49731.2
6542,49364.3,49452.0,49731.2
6543,49364.3,49452.0,49731.2
6544,49364.3,49452.0,49731.2
6545,49364.3,49452.0,49731.4
6546,49364.3,49452.0,49731.4
6547,49364.3,49452.0,49731.4
6548,49364.3,49452.0,49731.6
6549,49364.3,49452.0,49733.8
6550,49364.3,49452.0,49733.8
6551,49364.3,49452.0,49733.8
6552,49364.3,49452.0,49733.8
6553,49364.3,49452.0,49733.8
6554,49364.3,49452.0,49733.8
6555,49364.3,49452.0,49733.8
6556,49364.3,49452.0,49733.8
6557,49364.3,49452.0,49733.8
6558,49364.3,49452.0,49733.8
6559,49364.3,49452.0,49733.8
6560,49364.3,49452.0,49733.8
6561,49364.3,49452.0,49733.8
6562,49364.3,49452.0,49733.8
6563,49364.3,49452.0,49733.8
6564,49364.3,49452.0,49733.8
6565,49364.3,49452.0,49733.8
6566,49364.3,49452.0,49734.3
6567,49364.3,49452.0,49734.3
6568,49364.3,49452.0,49734.3
6569,49364.3,49452.0,49734.3
6570,49364.3,49452.0,49734.3
6571,49364.3,49452.0,49734.3
6572,49364.3,49452.0,49734.3
6573,49364.3,49452.0,49734.3
6574,49364.3,49452.0,49734.3
6575,49364.3,49452.0,49734.3
6576,49364.3,49452.0,49734.3
6577,49364.3,49452.0,49734.3
6578,49364.3,49452.0,49734.3
6579,49364.3,49452.0,49734.3
6580,49364.3,49452.0,49734.3
6581,49364.3,49452.0,49734.3
6582,49364.3,49452.0,49734.3
6583,49364.3,49452.0,49734.3
6584,49364.3,49452.0,49734.3
6585,49364.3,49452.0,49734.3
6586,49364.3,49452.0,49734.3
6587,49364.3,49452.0,49734.3
6588,49364.3,49452.0,49734.3
6589,49364.3,49452.0,49734.3
6590,49364.3,49452.0,49734.3
6591,49364.3,49452.0,49734.3
6592,49364.3,49452.0,49734.3
6593,49364.3,49452.0,49734.3
6594,49364.3,49452.0,49734.3
6595,49364.3,49452.0,49734.3
6596,49364.3,49452.0,49734.3
6597,49364.3,49452.0,49734.3
6598,49364.3,49452.0,49734.3
6599,49364.3,49452.0,49734.3
6600,49364.3,49452.0,49734.3
6601,49364.3,49452.0,49734.3
6602,49364.3,49452.0,49734.3
6603,49364.3,49452.0,49734.3
6604,49364.3,49452.0,49734.3
6605,49364.3,49452.0,49734.3
6606,49364.3,49452.0,49734.3
6607,49364.3,49452.0,49734.3
6608,49364.3,49452.0,49734.3
6609,49364.3,49452.0,49734.3
6610,49364.3,49452.0,49734.3
6611,49364.3,49452.0,49734.3
6612,49364.3,49452.0,49734.3
6613,49364.3,49452.0,49734.3
6614,49364.3,49452.0,49734.3
6615,49364.3,49452.0,49734.3
6616,49364.3,49452.0,49734.3
6617,49364.3,49452.0,49734.3
6618,49364.3,49452.0,49734.3
6619,49364.3,49452.0,49736.0
6620,49364.3,49452.0,49736.0
6621,49364.3,49452.0,49736.0
6622,49364.3,49452.0,49736.0
6623,49364.3,49452.0,49736.0
6624,49364.3,49452.0,49738.1
6625,49364.3,49452.0,49738.7
6626,49364.3,49452.0,49738.7
6627,49364.3,49452.0,49738.7
6628,49364.3,49452.0,49738.7
6629,49364.3,49452.0,49739.3
6630,49364.3,49452.0,49739.3
6631,49364.3,49452.0,49739.3
6632,49364.3,49452.0,49739.3
6633,49364.3,49452.0,49739.3
6634,49364.3,49452.0,49739.3
6635,49364.3,49452.0,49739.3
6636,49364.3,49452.0,49739.3
6637,49364.3,49452.0,49739.3
6638,49364.3,49452.0,49739.3
6639,49364.3,49452.0,49739.3
6640,49364.3,49452.0,49739.3
6641,49364.3,49452.0,49739.3
6642,49364.3,49452.0,49739.3
6643,49364.3,49452.0,49739.3
6644,49364.3,49452.0,49740.0
6645,49364.3,49452.0,49740.0
6646,49364.3,49452.0,49740.0
6647,49364.3,49452.0,49740.0
6648,49364.3,49452.0,49740.0
6649,49364.3,49452.0,49740.0
6650,49364.3,49452.0,49740.0
6651,49364.3,49452.0,49740.0
6652,49364.3,49452.0,49740.0
6653,49364.3,49452.0,49740.0
6654,49364.3,49452.0,49740.0
6655,49364.3,49452.0,49740.0
6656,49364.3,49452.0,49740.0
6657,49364.3,49452.0,49740.0
6658,49364.3,49452.0,49740.0
6659,49364.3,49452.0,49740.0
6660,49364.3,49452.0,49740.0
6661,49364.3,49452.0,49740.0
6662,49364.3,49452.0,49740.0
6663,49364.3,49452.0,49740.0
6664,49364.3,49452.0,49740.0
6665,49364.3,49452.0,49740.0
6666,49364.3,49452.0,49740.0
6667,49364.3,49452.0,49740.0
6668,49364.3,49452.0,49740.0
6669,49364.3,49452.0,49740.0
6670,49364.3,49452.0,49740.0
6671,49364.3,49452.0,49740.0
6672,49364.3,49452.0,49740.0
6673,49364.3,49452.0,49740.9
6674,49364.3,49452.0,49740.9
6675,49364.3,49452.0,49740.9
6676,49364.3,49452.0,49740.9
6677,49364.3,49452.0,49740.9
6678,49364.3,49452.0,49740.9
6679,49364.3,49452.0,49740.9
6680,49364.3,49452.0,49740.9
6681,49364.3,49452.0,49740.9
6682,49364.3,49452.0,49741.4
6683,49364.3,49452.0,49741.4
6684,49364.3,49452.0,49741.4
6685,49364.3,49452.0,49741.4
6686,49364.3,49452.0,49741.4
6687,49364.3,49452.0,49741.4
6688,49364.3,49452.0,49741.4
6689,49364.3,49452.0,49741.4
6690,49364.3,49452.0,49741.4
6691,49364.3,49452.0,49741.4
6692,49364.3,49452.0,49741.4
6693,49364.3,49452.0,49741.4
6694,49364.3,49452.0,49741.4
6695,49364.3,49452.0,49741.4
6696,49364.3,49452.0,49741.4
6697,49364.3,49452.0,49741.4
6698,49364.3,49452.0,49741.4
6699,49364.3,49452.0,49741.4
6700,49364.3,49452.0,49741.4
6701,49364.3,49452.0,49741.4
6702,49364.3,49452.0,49741.4
6703,49364.3,49452.0,49741.4
6704,49364.3,49452.0,49741.4
6705,49364.3,49452.0,49741.4
6706,49364.3,49452.0,49741.4
6707,49364.3,49452.0,49741.4
6708,49364.3,49452.0,49741.4
6709,49364.3,49452.0,49741.4
6710,49364.3,49452.0,49741.4
6711,49364.3,49452.0,49741.4
6712,49364.3,49452.0,49741.4
6713,49364.3,49452.0,49741.4
6714,49364.3,49452.0,49741.4
6715,49364.3,49452.0,49741.4
6716,49364.3,49452.0,49741.4
6717,49364.3,49452.0,49741.4
6718,49364.3,49452.0,49741.4
6719,49364.3,49452.0,49741.4
6720,49364.3,49452.0,49741.4
6721,49364.3,49452.0,49741.4
6722,49364.3,49452.0,49741.4
6723,49364.3,49452.0,49741.4
6724,49364.3,49452.0,49741.4
6725,49364.3,49452.0,49741.4
6726,49364.3,49452.0,49741.4
6727,49364.3,49452.0,49741.4
6728,49364.3,49452.0,49741.4
6729,49364.3,49452.0,49742.3
6730,49364.3,49452.0,49742.3
6731,49364.3,49452.0,49742.3
6732,49364.3,49452.0,49742.3
6733,49364.3,49452.0,49742.3
6734,49364.3,49452.0,49742.3
6735,49364.3,49452.0,49742.3
6736,49364.3,49452.0,49742.3
6737,49364.3,49452.0,49742.3
6738,49364.3,49452.0,49742.3
6739,49364.3,49452.0,49742.3
6740,49364.3,49452.0,49742.3
6741,49364.3,49452.0,49742.3
6742,49364.3,49452.0,49742.3
6743,49364.3,49452.0,49742.3
6744,49364.3,49452.0,49742.3
6745,49364.3,49452.0,49742.3
6746,49364.3,49452.0,49742.3
6747,49364.3,49452.0,49742.3
6748,49364.3,49452.0,49743.3
6749,49364.3,49452.0,49743.3
6750,49364.3,49452.0,49743.3
6751,49364.3,49452.0,49743.3
6752,49364.3,49452.0,49743.3
6753,49364.3,49452.0,49743.3
6754,49364.3,49452.0,49743.3
6755,49364.3,49452.0,49743.3
6756,49364.3,49452.0,49743.3
6757,49364.3,49452.0,49743.3
6758,49364.3,49452.0,49743.3
6759,49364.3,49452.0,49743.3
6760,49364.3,49452.0,49743.9
6761,49364.3,49452.0,49743.9
6762,49364.3,49452.0,49744.1
6763,49364.3,49452.0,49744.1
6764,49364.3,49452.0,49744.1
6765,49364.3,49452.0,49744.1
6766,49364.3,49452.0,49744.1
6767,49364.3,49452.0,49744.1
6768,49364.3,49452.0,49744.1
6769,49364.3,49452.0,49744.1
6770,49364.3,49452.0,49745.6
6771,49364.3,49452.0,49745.6
6772,49364.3,49452.0,49745.6
6773,49364.3,49452.0,49745.6
6774,49364.3,49452.0,49745.6
6775,49364.3,49452.0,49745.6
6776,49364.3,49452.0,49745.6
6777,49364.3,49452.0,49745.6
6778,49364.3,49452.0,49745.6
6779,49364.3,49452.0,49745.6
6780,49364.3,49452.0,49745.6
6781,49364.3,49452.0,49745.6
6782,49364.3,49452.0,49745.6
6783,49364.3,49452.0,49745.6
6784,49364.3,49452.0,49745.6
6785,49364.3,49452.0,49745.6
6786,49364.3,49452.0,49745.6
6787,49364.3,49452.0,49745.6
6788,49364.3,49452.0,49745.6
6789,49364.3,49452.0,49745.6
6790,49364.3,49452.0,49745.6
6791,49364.3,49452.0,49745.6
6792,49364.3,49452.0,49745.6
6793,49364.3,49452.0,49745.6
6794,49364.3,49452.0,49746.2
6795,49364.3,49452.0,49746.2
6796,49364.3,49452.0,49746.4
6797,49364.3,49452.0,49746.4
6798,49364.3,49452.0,49746.4
6799,49364.3,49452.0,49746.4
6800,49364.3,49452.0,49746.4
6801,49364.3,49452.0,49746.4
6802,49364.3,49452.0,49746.4
6803,49364.3,49452.0,49746.4
6804,49364.3,49452.0,49746.4
6805,49364.3,49452.0,49746.4
6806,49364.3,49452.0,49746.4
6807,49364.3,49452.0,49746.4
6808,49364.3,49452.0,49746.4
6809,49364.3,49452.0,49746.5
6810,49364.3,49452.0,49746.5
6811,49364.3,49452.0,49746.5
6812,49364.3,49452.0,49746.5
6813,49364.3,49452.0,49746.5
6814,49364.3,49452.0,49746.5
6815,49364.3,49452.0,49746.5
6816,49364.3,49452.0,49746.5
6817,49364.3,49452.0,49746.5
6818,49364.3,49452.0,49746.5
6819,49364.3,49452.0,49746.5
6820,49364.3,49452.0,49746.5
6821,49364.3,49452.0,49746.5
6822,49364.3,49452.0,49746.5
6823,49364.3,49452.0,49746.5
6824,49364.3,49452.0,49746.5
6825,49364.3,49452.0,49746.5
6826,49364.3,49452.0,49746.5
6827,49364.3,49452.0,49746.5
6828,49364.3,49452.0,49746.5
6829,49364.3,49452.0,49746.5
6830,49364.3,49452.0,49746.5
6831,49364.3,49452.0,49747.6
6832,49364.3,49452.0,49747.6
6833,49364.3,49452.0,49747.6
6834,49364.3,49452.0,49747.6
6835,49364.3,49452.0,49747.6
6836,49364.3,49452.0,49747.6
6837,49364.3,49452.0,49747.6
6838,49364.3,49452.0,49747.6
6839,49364.3,49452.0,49747.6
6840,49364.3,49452.0,49747.6
6841,49364.3,49452.0,49747.6
6842,49364.3,49452.0,49747.6
6843,49364.3,49452.0,49747.6
6844,49364.3,49452.0,49747.6
6845,49364.3,49452.0,49747.6
6846,49364.3,49452.0,49747.6
6847,49364.3,49452.0,49747.6
6848,49364.3,49452.0,49747.6
6849,49364.3,49452.0,49747.6
6850,49364.3,49452.0,49747.6
6851,49364.3,49452.0,49747.6
6852,49364.3,49452.0,49747.6
6853,49364.3,49452.0,49747.6
6854,49364.3,49452.0,49747.6
6855,49364.3,49452.0,49747.6
6856,49364.3,49452.0,49747.6
6857,49364.3,49452.0,49747.6
6858,49364.3,49452.0,49747.6
6859,49364.3,49452.0,49747.6
6860,49364.3,49452.0,49747.6
6861,49364.3,49452.0,49747.6
6862,49364.3,49452.0,49747.6
6863,49364.3,49452.0,49747.6
6864,49364.3,49452.0,49747.6
6865,49364.3,49452.0,49747.6
6866,49364.3,49452.0,49747.6
6867,49364.3,49452.0,49747.6
6868,49364.3,49452.0,49747.6
6869,49364.3,49452.0,49747.6
6870,49364.3,49452.0,49747.6
6871,49364.3,49452.0,49747.6
6872,49364.3,49452.0,49747.6
6873,49364.3,49452.0,49747.6
6874,49364.3,49452.0,49747.6
6875,49364.3,49452.0,49747.6
6876,49364.3,49452.0,49747.6
6877,49364.3,49452.0,49747.6
6878,49364.3,49452.0,49747.6
6879,49364.3,49452.0,49747.6
6880,49364.3,49452.0,49747.6
6881,49364.3,49452.0,49747.8
6882,49364.3,49452.0,49747.8
6883,49364.3,49452.0,49747.8
6884,49364.3,49452.0,49747.8
6885,49364.3,49452.0,49748.2
6886,49364.3,49452.0,49748.2
6887,49364.3,49452.0,49748.2
6888,49364.3,49452.0,49748.2
6889,49364.3,49452.0,49748.2
6890,49364.3,49452.0,49748.2
6891,49364.3,49452.0,49748.8
6892,49364.3,49452.0,49748.8
6893,49364.3,49452.0,49748.8
6894,49364.3,49452.0,49750.7
6895,49364.3,49452.0,49750.7
6896,49364.3,49452.0,49750.7
6897,49364.3,49452.0,49750.7
6898,49364.3,49452.0,49750.7
6899,49364.3,49452.0,49750.7
6900,49364.3,49452.0,49750.7
6901,49364.3,49452.0,49750.7
6902,49364.3,49452.0,49750.7
6903,49364.3,49452.0,49750.7
6904,49364.3,49452.0,49750.7
6905,49364.3,49452.0,49750.7
6906,49364.3,49452.0,49750.7
6907,49364.3,49452.0,49752.6
6908,49364.3,49452.0,49752.6
6909,49364.3,49452.0,49752.6
6910,49364.3,49452.0,49753.9
6911,49364.3,49452.0,49753.9
6912,49364.3,49452.0,49753.9
6913,49364.3,49452.0,49753.9
6914,49364.3,49452.0,49753.9
6915,49364.3,49452.0,49753.9
6916,49364.3,49452.0,49753.9
6917,49364.3,49452.0,49753.9
6918,49364.3,49452.0,49753.9
6919,49364.3,49452.0,49753.9
6920,49364.3,49452.0,49753.9
6921,49364.3,49452.0,49755.3
6922,49364.3,49452.0,49755.3
6923,49364.3,49452.0,49755.3
6924,49364.3,49452.0,49755.3
6925,49364.3,49452.0,49755.3
6926,49364.3,49452.0,49755.3
6927,49364.3,49452.0,49755.3
6928,49364.3,49452.0,49755.3
6929,49364.3,49452.0,49755.3
6930,49364.3,49452.0,49755.3
6931,49364.3,49452.0,49755.3
6932,49364.3,49452.0,49755.3
6933,49364.3,49452.0,49755.3
6934,49364.3,49452.0,49755.3
6935,49364.3,49452.0,49755.3
6936,49364.3,49452.0,49755.3
6937,49364.3,49452.0,49755.3
6938,49364.3,49452.0,49755.3
6939,49364.3,49452.0,49755.3
6940,49364.3,49452.0,49755.3
6941,49364.3,49452.0,49755.3
6942,49364.3,49452.0,49755.3
6943,49364.3,49452.0,49755.3
6944,49364.3,49452.0,49755.3
6945,49364.3,49452.0,49755.3
6946,49364.3,49452.0,49755.3
6947,49364.3,49452.0,49755.3
6948,49364.3,49452.0,49755.3
6949,49364.3,49452.0,49755.3
6950,49364.3,49452.0,49755.3
6951,49364.3,49452.0,49755.3
6952,49364.3,49452.0,49755.3
6953,49364.3,49452.0,49755.3
6954,49364.3,49452.0,49755.3
6955,49364.3,49452.0,49755.3
6956,49364.3,49452.0,49755.3
6957,49364.3,49452.0,49755.3
6958,49364.3,49452.0,49755.3
6959,49364.3,49452.0,49755.7
6960,49364.3,49452.0,49755.7
6961,49364.3,49452.0,49755.7
6962,49364.3,49452.0,49755.7
6963,49364.3,49452.0,49755.7
6964,49364.3,49452.0,49755.7
6965,49364.3,49452.0,49755.7
6966,49364.3,49452.0,49757.4
6967,49364.3,49452.0,49757.4
6968,49364.3,49452.0,49757.4
6969,49364.3,49452.0,49757.4
6970,49364.3,49452.0,49757.4
6971,49364.3,49452.0,49757.4
6972,49364.3,49452.0,49757.4
6973,49364.3,49452.0,49757.4
6974,49364.3,49452.0,49757.4
6975,49364.3,49452.0,49757.4
6976,49364.3,49452.0,49757.4
6977,49364.3,49452.0,49757.4
6978,49364.3,49452.0,49757.4
6979,49364.3,49452.0,49757.4
6980,49364.3,49452.0,49757.4
6981,49364.3,49452.0,49757.4
6982,49364.3,49452.0,49757.4
6983,49364.3,49452.0,49757.4
6984,49364.3,49452.0,49757.4
6985,49364.3,49452.0,49757.4
6986,49364.3,49452.0,49757.4
6987,49364.3,49452.0,49757.4
6988,49364.3,49452.0,49757.4
6989,49364.3,49452.0,49757.4
6990,49364.3,49452.0,49757.4
6991,49364.3,49452.0,49757.4
6992,49364.3,49452.0,49757.4
6993,49364.3,49452.0,49757.4
6994,49364.3,49452.0,49757.4
6995,49364.3,49452.0,49757.4
6996,49364.3,49452.0,49757.4
6997,49364.3,49452.0,49757.4
6998,49364.3,49452.0,49757.4
6999,49364.3,49452.0,49757.4
7000,49364.3,49452.0,49757.4
7001,49364.3,49452.0,49757.4
7002,49364.3,49452.0,49757.4
7003,49364.3,49452.0,49757.7
7004,49364.3,49452.0,49757.7
7005,49364.3,49452.0,49757.7
7006,49364.3,49452.0,49757.7
7007,49364.3,49452.0,49757.7
7008,49364.3,49452.0,49757.7
7009,49364.3,49452.0,49757.7
7010,49364.3,49452.0,49757.7
7011,49364.3,49452.0,49758.4
7012,49364.3,49452.0,49758.4
7013,49364.3,49452.0,49758.4
7014,49364.3,49452.0,49758.4
7015,49364.3,49452.0,49758.4
7016,49364.3,49452.0,49758.4
7017,49364.3,49452.0,49758.4
7018,49364.3,49452.0,49758.4
7019,49364.3,49452.0,49758.4
7020,49364.3,49452.0,49758.4
7021,49364.3,49452.0,49758.4
7022,49364.3,49452.0,49758.4
7023,49364.3,49452.0,49758.4
7024,49364.3,49452.0,49758.4
7025,49364.3,49452.0,49758.4
7026,49364.3,49452.0,49758.4
7027,49364.3,49452.0,49758.4
7028,49364.3,49452.0,49758.4
7029,49364.3,49452.0,49758.5
7030,49364.3,49452.0,49758.5
7031,49364.3,49452.0,49758.5
7032,49364.3,49452.0,49759.6
7033,49364.3,49452.0,49759.6
7034,49364.3,49452.0,49759.6
7035,49364.3,49452.0,49759.6
7036,49364.3,49452.0,49759.6
7037,49364.3,49452.0,49759.6
7038,49364.3,49452.0,49759.6
7039,49364.3,49452.0,49759.6
7040,49364.3,49452.0,49759.6
7041,49364.3,49452.0,49759.6
7042,49364.3,49452.0,49759.6
7043,49364.3,49452.0,49759.6
7044,49364.3,49452.0,49759.6
7045,49364.3,49452.0,49759.6
7046,49364.3,49452.0,49759.6
7047,49364.3,49452.0,49759.6
7048,49364.3,49452.0,49759.6
7049,49364.3,49452.0,49759.6
7050,49364.3,49452.0,49759.6
7051,49364.3,49452.0,49759.6
7052,49364.3,49452.0,49759.6
7053,49364.3,49452.0,49759.6
7054,49364.3,49452.0,49759.6
7055,49364.3,49452.0,49759.6
7056,49364.3,49452.0,49759.6
7057,49364.3,49452.0,49759.6
7058,49364.3,49452.0,49759.6
7059,49364.3,49452.0,49759.6
7060,49364.3,49452.0,49759.6
7061,49364.3,49452.0,49759.6
7062,49364.3,49452.0,49759.6
7063,49364.3,49452.0,49759.6
7064,49364.3,49452.0,49759.6
7065,49364.3,49452.0,49759.6
7066,49364.3,49452.0,49759.6
7067,49364.3,49452.0,49759.6
7068,49364.3,49452.0,49759.6
7069,49364.3,49452.0,49759.6
7070,49364.3,49452.0,49759.6
7071,49364.3,49452.0,49759.6
7072,49364.3,49452.0,49759.6
7073,49364.3,49452.0,49759.6
7074,49364.3,49452.0,49759.6
7075,49364.3,49452.0,49759.6
7076,49364.3,49452.0,49759.6
7077,49364.3,49452.0,49759.6
7078,49364.3,49452.0,49759.6
7079,49364.3,49452.0,49759.6
7080,49364.3,49452.0,49759.6
7081,49364.3,49452.0,49759.6
7082,49364.3,49452.0,49759.6
7083,49364.3,49452.0,49760.7
7084,49364.3,49452.0,49760.7
7085,49364.3,49452.0,49760.7
7086,49364.3,49452.0,49760.7
7087,49364.3,49452.0,49760.7
7088,49364.3,49452.0,49760.7
7089,49364.3,49452.0,49760.8
7090,49364.3,49452.0,49760.8
7091,49364.3,49452.0,49760.8
7092,49364.3,49452.0,49760.8
7093,49364.3,49452.0,49761.5
7094,49364.3,49452.0,49761.5
7095,49364.3,49452.0,49761.5
7096,49364.3,49452.0,49761.5
7097,49364.3,49452.0,49761.5
7098,49364.3,49452.0,49761.5
7099,49364.3,49452.0,49761.5
7100,49364.3,49452.0,49761.5
7101,49364.3,49452.0,49761.5
7102,49364.3,49452.0,49761.5
7103,49364.3,49452.0,49761.5
7104,49364.3,49452.0,49761.5
7105,49364.3,49452.0,49761.5
7106,49364.3,49452.0,49761.5
7107,49364.3,49452.0,49761.5
7108,49364.3,49452.0,49761.5
7109,49364.3,49452.0,49761.5
7110,49364.3,49452.0,49761.5
7111,49364.3,49452.0,49761.5
7112,49364.3,49452.0,49761.5
7113,49364.3,49452.0,49761.5
7114,49364.3,49452.0,49761.5
7115,49364.3,49452.0,49761.5
7116,49364.3,49452.0,49761.5
7117,49364.3,49452.0,49761.5
7118,49364.3,49452.0,49761.5
7119,49364.3,49452.0,49761.5
7120,49364.3,49452.0,49761.5
7121,49364.3,49452.0,49761.5
7122,49364.3,49452.0,49761.5
7123,49364.3,49452.0,49761.5
7124,49364.3,49452.0,49761.5
7125,49364.3,49452.0,49761.5
7126,49364.3,49452.0,49761.5
7127,49364.3,49452.0,49761.5
7128,49364.3,49452.0,49761.5
7129,49364.3,49452.0,49761.5
7130,49364.3,49452.0,49761.5
7131,49364.3,49452.0,49761.5
7132,49364.3,49452.0,49763.0
7133,49364.3,49452.0,49763.0
7134,49364.3,49452.0,49763.0
7135,49364.3,49452.0,49763.0
7136,49364.3,49452.0,49763.0
7137,49364.3,49452.0,49763.0
7138,49364.3,49452.0,49763.0
7139,49364.3,49452.0,49764.6
7140,49364.3,49452.0,49764.6
7141,49364.3,49452.0,49764.6
7142,49364.3,49452.0,49764.6
7143,49364.3,49452.0,49765.5
7144,49364.3,49452.0,49765.5
7145,49364.3,49452.0,49765.5
7146,49364.3,49452.0,49765.5
7147,49364.3,49452.0,49766.4
7148,49364.3,49452.0,49766.4
7149,49364.3,49452.0,49766.4
7150,49364.3,49452.0,49766.4
7151,49364.3,49452.0,49766.4
7152,49364.3,49452.0,49766.4
7153,49364.3,49452.0,49766.4
7154,49364.3,49452.0,49766.4
7155,49364.3,49452.0,49766.4
7156,49364.3,49452.0,49766.4
7157,49364.3,49452.0,49766.4
7158,49364.3,49452.0,49766.4
7159,49364.3,49452.0,49766.4
7160,49364.3,49452.0,49766.4
7161,49364.3,49452.0,49766.4
7162,49364.3,49452.0,49766.4
7163,49364.3,49452.0,49766.4
7164,49364.3,49452.0,49766.4
7165,49364.3,49452.0,49766.4
7166,49364.3,49452.0,49766.4
7167,49364.3,49452.0,49766.4
7168,49364.3,49452.0,49766.4
7169,49364.3,49452.0,49766.4
7170,49364.3,49452.0,49766.4
7171,49364.3,49452.0,49766.4
7172,49364.3,49452.0,49766.4
7173,49364.3,49452.0,49766.4
7174,49364.3,49452.0,49766.4
7175,49364.3,49452.0,49766.4
7176,49364.3,49452.0,49766.4
7177,49364.3,49452.0,49766.4
7178,49364.3,49452.0,49766.4
7179,49364.3,49452.0,49766.4
7180,49364.3,49452.0,49766.4
7181,49364.3,49452.0,49766.4
7182,49364.3,49452.0,49766.4
7183,49364.3,49452.0,49766.4
7184,49364.3,49452.0,49766.4
7185,49364.3,49452.0,49766.4
7186,49364.3,49452.0,49766.4
7187,49364.3,49452.0,49766.4
7188,49364.3,49452.0,49766.4
7189,49364.3,49452.0,49766.4
7190,49364.3,49452.0,49766.4
7191,49364.3,49452.0,49766.4
7192,49364.3,49452.0,49766.4
7193,49364.3,49452.0,49766.4
7194,49364.3,49452.0,49766.4
7195,49364.3,49452.0,49766.4
7196,49364.3,49452.0,49766.4
7197,49364.3,49452.0,49766.4
7198,49364.3,49452.0,49766.4
7199,49364.3,49452.0,49766.7
7200,49364.3,49452.0,49766.7
7201,49364.3,49452.0,49766.7
7202,49364.3,49452.0,49766.7
7203,49364.3,49452.0,49766.7
7204,49364.3,49452.0,49766.7
7205,49364.3,49452.0,49766.7
7206,49364.3,49452.0,49766.7
7207,49364.3,49452.0,49766.7
7208,49364.3,49452.0,49766.7
7209,49364.3,49452.0,49766.7
7210,49364.3,49452.0,49766.7
7211,49364.3,49452.0,49766.7
7212,49364.3,49452.0,49766.7
7213,49364.3,49452.0,49766.7
7214,49364.3,49452.0,49766.7
7215,49364.3,49452.0,49766.7
7216,49364.3,49452.0,49766.7
7217,49364.3,49452.0,49766.7
7218,49364.3,49452.0,49766.7
7219,49364.3,49452.0,49766.7
7220,49364.3,49452.0,49766.7
7221,49364.3,49452.0,49766.7
7222,49364.3,49452.0,49766.7
7223,49364.3,49452.0,49766.7
7224,49364.3,49452.0,49766.7
7225,49364.3,49452.0,49766.7
7226,49364.3,49452.0,49766.7
7227,49364.3,49452.0,49766.7
7228,49364.3,49452.0,49766.7
7229,49364.3,49452.0,49766.7
7230,49364.3,49452.0,49766.7
7231,49364.3,49452.0,49766.7
7232,49364.3,49452.0,49766.7
7233,49364.3,49452.0,49766.7
7234,49364.3,49452.0,49766.7
7235,49364.3,49452.0,49766.7
7236,49364.3,49452.0,49766.8
7237,49364.3,49452.0,49766.8
7238,49364.3,49452.0,49766.8
7239,49364.3,49452.0,49766.8
7240,49364.3,49452.0,49766.8
7241,49364.3,49452.0,49766.8
7242,49364.3,49452.0,49766.8
7243,49364.3,49452.0,49766.8
7244,49364.3,49452.0,49766.8
7245,49364.3,49452.0,49766.8
7246,49364.3,49452.0,49766.8
7247,49364.3,49452.0,49766.8
7248,49364.3,49452.0,49766.8
7249,49364.3,49452.0,49766.8
7250,49364.3,49452.0,49766.8
7251,49364.3,49452.0,49766.8
7252,49364.3,49452.0,49766.8
7253,49364.3,49452.0,49766.8
7254,49364.3,49452.0,49766.8
7255,49364.3,49452.0,49766.8
7256,49364.3,49452.0,49766.8
7257,49364.3,49452.0,49766.8
7258,49364.3,49452.0,49766.8
7259,49364.3,49452.0,49766.8
7260,49364.3,49452.0,49766.8
7261,49364.3,49452.0,49766.8
7262,49364.3,49452.0,49766.8
7263,49364.3,49452.0,49766.8
7264,49364.3,49452.0,49766.8
7265,49364.3,49452.0,49766.8
7266,49364.3,49452.0,49766.8
7267,49364.3,49452.0,49766.8
7268,49364.3,49452.0,49766.8
7269,49364.3,49452.0,49766.8
7270,49364.3,49452.0,49766.8
7271,49364.3,49452.0,49766.8
7272,49364.3,49452.0,49766.8
7273,49364.3,49452.0,49766.8
7274,49364.3,49452.0,49766.8
7275,49364.3,49452.0,49766.8
7276,49364.3,49452.0,49766.8
7277,49364.3,49452.0,49766.8
7278,49364.3,49452.0,49766.8
7279,49364.3,49452.0,49766.8
7280,49364.3,49452.0,49766.8
7281,49364.3,49452.0,49766.8
7282,49364.3,49452.0,49767.5
7283,49364.3,49452.0,49767.5
7284,49364.3,49452.0,49767.5
7285,49364.3,49452.0,49769.3
7286,49364.3,49452.0,49769.3
7287,49364.3,49452.0,49769.3
7288,49364.3,49452.0,49769.3
7289,49364.3,49452.0,49769.3
7290,49364.3,49452.0,49769.3
7291,49364.3,49452.0,49769.3
7292,49364.3,49452.0,49769.3
7293,49364.3,49452.0,49769.3
7294,49364.3,49452.0,49769.3
7295,49364.3,49452.0,49769.3
7296,49364.3,49452.0,49769.3
7297,49364.3,49452.0,49769.3
7298,49364.3,49452.0,49769.3
7299,49364.3,49452.0,49769.3
7300,49364.3,49452.0,49769.3
7301,49364.3,49452.0,49769.3
7302,49364.3,49452.0,49769.3
7303,49364.3,49452.0,49769.3
7304,49364.3,49452.0,49769.3
7305,49364.3,49452.0,49769.3
7306,49364.3,49452.0,49769.3
7307,49364.3,49452.0,49769.3
7308,49364.3,49452.0,49769.3
7309,49364.3,49452.0,49769.3
7310,49364.3,49452.0,49769.3
7311,49364.3,49452.0,49769.3
7312,49364.3,49452.0,49769.3
7313,49364.3,49452.0,49769.3
7314,49364.3,49452.0,49769.3
7315,49364.3,49452.0,49769.3
7316,49364.3,49452.0,49769.3
7317,49364.3,49452.0,49769.3
7318,49364.3,49452.0,49769.3
7319,49364.3,49452.0,49769.3
7320,49364.3,49452.0,49769.3
7321,49364.3,49452.0,49769.3
7322,49364.3,49452.0,49769.3
7323,49364.3,49452.0,49769.3
7324,49364.3,49452.0,49769.3
7325,49364.3,49452.0,49769.3
7326,49364.3,49452.0,49769.3
7327,49364.3,49452.0,49769.3
7328,49364.3,49452.0,49769.3
7329,49364.3,49452.0,49769.3
7330,49364.3,49452.0,49771.5
7331,49364.3,49452.0,49771.5
7332,49364.3,49452.0,49771.5
7333,49364.3,49452.0,49772.7
7334,49364.3,49452.0,49772.7
7335,49364.3,49452.0,49772.7
7336,49364.3,49452.0,49772.7
7337,49364.3,49452.0,49772.7
7338,49364.3,49452.0,49772.7
7339,49364.3,49452.0,49772.7
7340,49364.3,49452.0,49772.7
7341,49364.3,49452.0,49772.7
7342,49364.3,49452.0,49772.7
7343,49364.3,49452.0,49772.7
7344,49364.3,49452.0,49772.7
7345,49364.3,49452.0,49772.7
7346,49364.3,49452.0,49772.7
7347,49364.3,49452.0,49772.7
7348,49364.3,49452.0,49772.7
7349,49364.3,49452.0,49773.8
7350,49364.3,49452.0,49773.8
7351,49364.3,49452.0,49773.8
7352,49364.3,49452.0,49773.8
7353,49364.3,49452.0,49773.8
7354,49364.3,49452.0,49773.8
7355,49364.3,49452.0,49773.8
7356,49364.3,49452.0,49773.8
7357,49364.3,49452.0,49773.8
7358,49364.3,49452.0,49773.8
7359,49364.3,49452.0,49773.8
7360,49364.3,49452.0,49773.8
7361,49364.3,49452.0,49773.8
7362,49364.3,49452.0,49773.8
7363,49364.3,49452.0,49773.8
7364,49364.3,49452.0,49773.8
7365,49364.3,49452.0,49773.8
7366,49364.3,49452.0,49773.8
7367,49364.3,49452.0,49773.8
7368,49364.3,49452.0,49773.8
7369,49364.3,49452.0,49773.8
7370,49364.3,49452.0,49774.3
7371,49364.3,49452.0,49774.3
7372,49364.3,49452.0,49774.3
7373,49364.3,49452.0,49774.3
7374,49364.3,49452.0,49774.3
7375,49364.3,49452.0,49774.3
7376,49364.3,49452.0,49774.3
7377,49364.3,49452.0,49774.3
7378,49364.3,49452.0,49774.3
7379,49364.3,49452.0,49774.3
7380,49364.3,49452.0,49774.3
7381,49364.3,49452.0,49774.3
7382,49364.3,49452.0,49774.3
7383,49364.3,49452.0,49774.3
7384,49364.3,49452.0,49774.6
7385,49364.3,49452.0,49774.6
7386,49364.3,49452.0,49774.6
7387,49364.3,49452.0,49774.6
7388,49364.3,49452.0,49774.6
7389,49364.3,49452.0,49774.6
7390,49364.3,49452.0,49774.6
7391,49364.3,49452.0,49774.6
7392,49364.3,49452.0,49776.9
7393,49364.3,49452.0,49776.9
7394,49364.3,49452.0,49776.9
7395,49364.3,49452.0,49776.9
7396,49364.3,49452.0,49776.9
7397,49364.3,49452.0,49776.9
7398,49364.3,49452.0,49776.9
7399,49364.3,49452.0,49776.9
7400,49364.3,49452.0,49776.9
7401,49364.3,49452.0,49776.9
7402,49364.3,49452.0,49776.9
7403,49364.3,49452.0,49776.9
7404,49364.3,49452.0,49776.9
7405,49364.3,49452.0,49776.9
7406,49364.3,49452.0,49776.9
7407,49364.3,49452.0,49776.9
7408,49364.3,49452.0,49776.9
7409,49364.3,49452.0,49776.9
7410,49364.3,49452.0,49776.9
7411,49364.3,49452.0,49776.9
7412,49364.3,49452.0,49776.9
7413,49364.3,49452.0,49777.9
7414,49364.3,49452.0,49777.9
7415,49364.3,49452.0,49777.9
7416,49364.3,49452.0,49777.9
7417,49364.3,49452.0,49777.9
7418,49364.3,49452.0,49777.9
7419,49364.3,49452.0,49777.9
7420,49364.3,49452.0,49777.9
7421,49364.3,49452.0,49777.9
7422,49364.3,49452.0,49777.9
7423,49364.3,49452.0,49777.9
7424,49364.3,49452.0,49777.9
7425,49364.3,49452.0,49777.9
7426,49364.3,49452.0,49777.9
7427,49364.3,49452.0,49777.9
7428,49364.3,49452.0,49777.9
7429,49364.3,49452.0,49777.9
7430,49364.3,49452.0,49777.9
7431,49364.3,49452.0,49777.9
7432,49364.3,49452.0,49777.9
7433,49364.3,49452.0,49777.9
7434,49364.3,49452.0,49777.9
7435,49364.3,49452.0,49777.9
7436,49364.3,49452.0,49778.7
7437,49364.3,49452.0,49778.7
7438,49364.3,49452.0,49778.7
7439,49364.3,49452.0,49778.7
7440,49364.3,49452.0,49778.7
7441,49364.3,49452.0,49778.7
7442,49364.3,49452.0,49778.7
7443,49364.3,49452.0,49778.7
7444,49364.3,49452.0,49778.7
7445,49364.3,49452.0,49778.7
7446,49364.3,49452.0,49778.7
7447,49364.3,49452.0,49778.7
7448,49364.3,49452.0,49778.7
7449,49364.3,49452.0,49778.7
7450,49364.3,49452.0,49778.7
7451,49364.3,49452.0,49778.7
7452,49364.3,49452.0,49778.7
7453,49364.3,49452.0,49778.7
7454,49364.3,49452.0,49778.7
7455,49364.3,49452.0,49778.7
7456,49364.3,49452.0,49778.7
7457,49364.3,49452.0,49778.7
7458,49364.3,49452.0,49778.7
7459,49364.3,49452.0,49778.7
7460,49364.3,49452.0,49778.7
7461,49364.3,49452.0,49778.7
7462,49364.3,49452.0,49778.7
7463,49364.3,49452.0,49778.7
7464,49364.3,49452.0,49778.7
7465,49364.3,49452.0,49778.7
7466,49364.3,49452.0,49778.7
7467,49364.3,49452.0,49778.7
7468,49364.3,49452.0,49778.7
7469,49364.3,49452.0,49778.7
7470,49364.3,49452.0,49778.7
7471,49364.3,49452.0,49778.7
7472,49364.3,49452.0,49778.7
7473,49364.3,49452.0,49778.7
7474,49364.3,49452.0,49778.7
7475,49364.3,49452.0,49778.7
7476,49364.3,49452.0,49778.7
7477,49364.3,49452.0,49778.7
7478,49364.3,49452.0,49778.7
7479,49364.3,49452.0,49778.7
7480,49364.3,49452.0,49778.7
7481,49364.3,49452.0,49778.7
7482,49364.3,49452.0,49778.7
7483,49364.3,49452.0,49778.7
7484,49364.3,49452.0,49778.7
7485,49364.3,49452.0,49778.7
7486,49364.3,49452.0,49778.7
7487,49364.3,49452.0,49778.7
7488,49364.3,49452.0,49778.7
7489,49364.3,49452.0,49778.7
7490,49364.3,49452.0,49778.7
7491,49364.3,49452.0,49778.7
7492,49364.3,49452.0,49778.7
7493,49364.3,49452.0,49778.7
7494,49364.3,49452.0,49778.7
7495,49364.3,49452.0,49778.7
7496,49364.3,49452.0,49778.7
7497,49364.3,49452.0,49778.7
7498,49364.3,49452.0,49778.7
7499,49364.3,49452.0,49778.7
7500,49364.3,49452.0,49778.7
7501,49364.3,49452.0,49778.7
7502,49364.3,49452.0,49778.7
7503,49364.3,49452.0,49778.7
7504,49364.3,49452.0,49778.7
7505,49364.3,49452.0,49778.7
7506,49364.3,49452.0,49778.7
7507,49364.3,49452.0,49778.7
7508,49364.3,49452.0,49779.5
7509,49364.3,49452.0,49779.5
7510,49364.3,49452.0,49780.3
7511,49364.3,49452.0,49780.3
7512,49364.3,49452.0,49780.3
7513,49364.3,49452.0,49780.3
7514,49364.3,49452.0,49780.3
7515,49364.3,49452.0,49780.3
7516,49364.3,49452.0,49780.3
7517,49364.3,49452.0,49780.3
7518,49364.3,49452.0,49780.3
7519,49364.3,49452.0,49780.3
7520,49364.3,49452.0,49780.3
7521,49364.3,49452.0,49780.3
7522,49364.3,49452.0,49780.3
7523,49364.3,49452.0,49780.3
7524,49364.3,49452.0,49780.3
7525,49364.3,49452.0,49780.3
7526,49364.3,49452.0,49780.3
7527,49364.3,49452.0,49780.3
7528,49364.3,49452.0,49780.3
7529,49364.3,49452.0,49780.3
7530,49364.3,49452.0,49780.3
7531,49364.3,49452.0,49780.3
7532,49364.3,49452.0,49780.3
7533,49364.3,49452.0,49780.3
7534,49364.3,49452.0,49780.3
7535,49364.3,49452.0,49780.3
7536,49364.3,49452.0,49780.3
7537,49364.3,49452.0,49780.3
7538,49364.3,49452.0,49780.3
7539,49364.3,49452.0,49780.3
7540,49364.3,49452.0,49780.3
7541,49364.3,49452.0,49780.3
7542,49364.3,49452.0,49780.3
7543,49364.3,49452.0,49780.3
7544,49364.3,49452.0,49780.3
7545,49364.3,49452.0,49780.3
7546,49364.3,49452.0,49780.3
7547,49364.3,49452.0,49780.3
7548,49364.3,49452.0,49780.3
7549,49364.3,49452.0,49780.3
7550,49364.3,49452.0,49780.3
7551,49364.3,49452.0,49780.3
7552,49364.3,49452.0,49780.3
7553,49364.3,49452.0,49780.3
7554,49364.3,49452.0,49780.3
7555,49364.3,49452.0,49780.3
7556,49364.3,49452.0,49780.3
7557,49364.3,49452.0,49780.3
7558,49364.3,49452.0,49780.3
7559,49364.3,49452.0,49780.3
7560,49364.3,49452.0,49780.3
7561,49364.3,49452.0,49780.3
7562,49364.3,49452.0,49780.3
7563,49364.3,49452.0,49780.3
7564,49364.3,49452.0,49780.3
7565,49364.3,49452.0,49780.3
7566,49364.3,49452.0,49780.3
7567,49364.3,49452.0,49780.3
7568,49364.3,49452.0,49780.3
7569,49364.3,49452.0,49780.3
7570,49364.3,49452.0,49780.3
7571,49364.3,49452.0,49780.3
7572,49364.3,49452.0,49780.3
7573,49364.3,49452.0,49780.3
7574,49364.3,49452.0,49780.3
7575,49364.3,49452.0,49780.3
7576,49364.3,49452.0,49780.3
7577,49364.3,49452.0,49780.3
7578,49364.3,49452.0,49780.3
7579,49364.3,49452.0,49780.3
7580,49364.3,49452.0,49780.3
7581,49364.3,49452.0,49780.3
7582,49364.3,49452.0,49780.3
7583,49364.3,49452.0,49780.3
7584,49364.3,49452.0,49780.3
7585,49364.3,49452.0,49780.3
7586,49364.3,49452.0,49780.3
7587,49364.3,49452.0,49780.3
7588,49364.3,49452.0,49780.3
7589,49364.3,49452.0,49780.3
7590,49364.3,49452.0,49780.3
7591,49364.3,49452.0,49780.3
7592,49364.3,49452.0,49780.3
7593,49364.3,49452.0,49780.3
7594,49364.3,49452.0,49780.3
7595,49364.3,49452.0,49780.3
7596,49364.3,49452.0,49780.3
7597,49364.3,49452.0,49780.3
7598,49364.3,49452.0,49780.3
7599,49364.3,49452.0,49780.3
7600,49364.3,49452.0,49780.3
7601,49364.3,49452.0,49780.3
7602,49364.3,49452.0,49780.3
7603,49364.3,49452.0,49780.3
7604,49364.3,49452.0,49780.3
7605,49364.3,49452.0,49780.3
7606,49364.3,49452.0,49780.3
7607,49364.3,49452.0,49780.3
7608,49364.3,49452.0,49780.3
7609,49364.3,49452.0,49780.3
7610,49364.3,49452.0,49780.3
7611,49364.3,49452.0,49780.3
7612,49364.3,49452.0,49780.3
7613,49364.3,49452.0,49780.3
7614,49364.3,49452.0,49780.3
7615,49364.3,49452.0,49781.3
7616,49364.3,49452.0,49781.3
7617,49364.3,49452.0,49781.3
7618,49364.3,49452.0,49781.3
7619,49364.3,49452.0,49781.3
7620,49364.3,49452.0,49781.3
7621,49364.3,49452.0,49781.3
7622,49364.3,49452.0,49781.3
7623,49364.3,49452.0,49781.3
7624,49364.3,49452.0,49781.3
7625,49364.3,49452.0,49781.3
7626,49364.3,49452.0,49781.3
7627,49364.3,49452.0,49781.3
7628,49364.3,49452.0,49781.5
7629,49364.3,49452.0,49781.5
7630,49364.3,49452.0,49781.5
7631,49364.3,49452.0,49781.5
7632,49364.3,49452.0,49781.5
7633,49364.3,49452.0,49781.5
7634,49364.3,49452.0,49781.5
7635,49364.3,49452.0,49782.4
7636,49364.3,49452.0,49782.4
7637,49364.3,49452.0,49783.4
7638,49364.3,49452.0,49783.4
7639,49364.3,49452.0,49783.4
7640,49364.3,49452.0,49783.4
7641,49364.3,49452.0,49783.4
7642,49364.3,49452.0,49783.4
7643,49364.3,49452.0,49783.4
7644,49364.3,49452.0,49783.4
7645,49364.3,49452.0,49783.4
7646,49364.3,49452.0,49783.4
7647,49364.3,49452.0,49783.4
7648,49364.3,49452.0,49783.4
7649,49364.3,49452.0,49783.4
7650,49364.3,49452.0,49783.4
7651,49364.3,49452.0,49783.4
7652,49364.3,49452.0,49783.4
7653,49364.3,49452.0,49783.4
7654,49364.3,49452.0,49783.4
7655,49364.3,49452.0,49783.4
7656,49364.3,49452.0,49783.4
7657,49364.3,49452.0,49784.7
7658,49364.3,49452.0,49784.7
7659,49364.3,49452.0,49784.7
7660,49364.3,49452.0,49784.7
7661,49364.3,49452.0,49784.7
7662,49364.3,49452.0,49784.7
7663,49364.3,49452.0,49785.7
7664,49364.3,49452.0,49785.7
7665,49364.3,49452.0,49785.7
7666,49364.3,49452.0,49785.7
7667,49364.3,49452.0,49785.7
7668,49364.3,49452.0,49785.7
7669,49364.3,49452.0,49785.7
7670,49364.3,49452.0,49785.7
7671,49364.3,49452.0,49785.7
7672,49364.3,49452.0,49785.7
7673,49364.3,49452.0,49785.7
7674,49364.3,49452.0,49785.7
7675,49364.3,49452.0,49785.7
7676,49364.3,49452.0,49785.7
7677,49364.3,49452.0,49785.7
7678,49364.3,49452.0,49785.7
7679,49364.3,49452.0,49785.7
7680,49364.3,49452.0,49785.7
7681,49364.3,49452.0,49785.7
7682,49364.3,49452.0,49785.7
7683,49364.3,49452.0,49785.7
7684,49364.3,49452.0,49785.7
7685,49364.3,49452.0,49785.7
7686,49364.3,49452.0,49785.7
7687,49364.3,49452.0,49785.7
7688,49364.3,49452.0,49785.7
7689,49364.3,49452.0,49785.7
7690,49364.3,49452.0,49785.7
7691,49364.3,49452.0,49785.7
7692,49364.3,49452.0,49785.7
7693,49364.3,49452.0,49785.7
7694,49364.3,49452.0,49785.7
7695,49364.3,49452.0,49785.7
7696,49364.3,49452.0,49785.7
7697,49364.3,49452.0,49785.7
7698,49364.3,49452.0,49785.7
7699,49364.3,49452.0,49785.7
7700,49364.3,49452.0,49785.7
7701,49364.3,49452.0,49785.7
7702,49364.3,49452.0,49785.7
7703,49364.3,49452.0,49785.7
7704,49364.3,49452.0,49785.7
7705,49364.3,49452.0,49785.7
7706,49364.3,49452.0,49785.7
7707,49364.3,49452.0,49785.7
7708,49364.3,49452.0,49785.7
7709,49364.3,49452.0,49785.7
7710,49364.3,49452.0,49785.7
7711,49364.3,49452.0,49785.7
7712,49364.3,49452.0,49785.7
7713,49364.3,49452.0,49785.7
7714,49364.3,49452.0,49785.7
7715,49364.3,49452.0,49785.7
7716,49364.3,49452.0,49785.7
7717,49364.3,49452.0,49785.7
7718,49364.3,49452.0,49785.7
7719,49364.3,49452.0,49785.7
7720,49364.3,49452.0,49785.7
7721,49364.3,49452.0,49785.7
7722,49364.3,49452.0,49785.7
7723,49364.3,49452.0,49787.0
7724,49364.3,49452.0,49787.0
7725,49364.3,49452.0,49787.0
7726,49364.3,49452.0,49787.0
7727,49364.3,49452.0,49787.0
7728,49364.3,49452.0,49787.0
7729,49364.3,49452.0,49787.0
7730,49364.3,49452.0,49787.0
7731,49364.3,49452.0,49787.0
7732,49364.3,49452.0,49787.0
7733,49364.3,49452.0,49787.0
7734,49364.3,49452.0,49787.0
7735,49364.3,49452.0,49787.0
7736,49364.3,49452.0,49787.0
7737,49364.3,49452.0,49787.0
7738,49364.3,49452.0,49787.0
7739,49364.3,49452.0,49788.0
7740,49364.3,49452.0,49788.0
7741,49364.3,49452.0,49788.0
7742,49364.3,49452.0,49788.0
7743,49364.3,49452.0,49788.0
7744,49364.3,49452.0,49788.0
7745,49364.3,49452.0,49788.6
7746,49364.3,49452.0,49788.6
7747,49364.3,49452.0,49788.6
7748,49364.3,49452.0,49788.6
7749,49364.3,49452.0,49788.6
7750,49364.3,49452.0,49788.6
7751,49364.3,49452.0,49788.6
7752,49364.3,49452.0,49788.6
7753,49364.3,49452.0,49788.6
7754,49364.3,49452.0,49788.6
7755,49364.3,49452.0,49788.6
7756,49364.3,49452.0,49788.6
7757,49364.3,49452.0,49788.6
7758,49364.3,49452.0,49788.6
7759,49364.3,49452.0,49788.6
7760,49364.3,49452.0,49788.6
7761,49364.3,49452.0,49788.6
7762,49364.3,49452.0,49788.6
7763,49364.3,49452.0,49789.6
7764,49364.3,49452.0,49789.6
7765,49364.3,49452.0,49789.6
7766,49364.3,49452.0,49789.6
7767,49364.3,49452.0,49789.6
7768,49364.3,49452.0,49789.6
7769,49364.3,49452.0,49789.6
7770,49364.3,49452.0,49789.6
7771,49364.3,49452.0,49789.6
7772,49364.3,49452.0,49789.6
7773,49364.3,49452.0,49789.6
7774,49364.3,49452.0,49789.6
7775,49364.3,49452.0,49789.6
7776,49364.3,49452.0,49789.6
7777,49364.3,49452.0,49789.6
7778,49364.3,49452.0,49789.6
7779,49364.3,49452.0,49789.6
7780,49364.3,49452.0,49789.6
7781,49364.3,49452.0,49789.6
7782,49364.3,49452.0,49789.6
7783,49364.3,49452.0,49789.6
7784,49364.3,49452.0,49789.6
7785,49364.3,49452.0,49789.6
7786,49364.3,49452.0,49789.6
7787,49364.3,49452.0,49789.6
7788,49364.3,49452.0,49789.6
7789,49364.3,49452.0,49789.6
7790,49364.3,49452.0,49789.6
7791,49364.3,49452.0,49789.6
7792,49364.3,49452.0,49789.6
7793,49364.3,49452.0,49789.6
7794,49364.3,49452.0,49789.6
7795,49364.3,49452.0,49789.6
7796,49364.3,49452.0,49789.6
7797,49364.3,49452.0,49789.6
7798,49364.3,49452.0,49789.6
7799,49364.3,49452.0,49789.6
7800,49364.3,49452.0,49789.6
7801,49364.3,49452.0,49789.6
7802,49364.3,49452.0,49789.6
7803,49364.3,49452.0,49789.6
7804,49364.3,49452.0,49789.6
7805,49364.3,49452.0,49789.6
7806,49364.3,49452.0,49789.6
7807,49364.3,49452.0,49789.6
7808,49364.3,49452.0,49789.6
7809,49364.3,49452.0,49789.6
7810,49364.3,49452.0,49789.6
7811,49364.3,49452.0,49789.6
7812,49364.3,49452.0,49789.6
7813,49364.3,49452.0,49789.6
7814,49364.3,49452.0,49789.6
7815,49364.3,49452.0,49789.6
7816,49364.3,49452.0,49789.6
7817,49364.3,49452.0,49789.6
7818,49364.3,49452.0,49789.6
7819,49364.3,49452.0,49789.6
7820,49364.3,49452.0,49789.6
7821,49364.3,49452.0,49789.6
7822,49364.3,49452.0,49789.6
7823,49364.3,49452.0,49789.6
7824,49364.3,49452.0,49789.6
7825,49364.3,49452.0,49789.6
7826,49364.3,49452.0,49789.6
7827,49364.3,49452.0,49789.6
7828,49364.3,49452.0,49789.6
7829,49364.3,49452.0,49789.6
7830,49364.3,49452.0,49789.6
7831,49364.3,49452.0,49789.6
7832,49364.3,49452.0,49789.6
7833,49364.3,49452.0,49789.6
7834,49364.3,49452.0,49789.6
7835,49364.3,49452.0,49789.6
7836,49364.3,49452.0,49789.6
7837,49364.3,49452.0,49789.6
7838,49364.3,49452.0,49789.6
7839,49364.3,49452.0,49789.6
7840,49364.3,49452.0,49789.6
7841,49364.3,49452.0,49789.6
7842,49364.3,49452.0,49789.6
7843,49364.3,49452.0,49789.6
7844,49364.3,49452.0,49789.6
7845,49364.3,49452.0,49789.6
7846,49364.3,49452.0,49789.6
7847,49364.3,49452.0,49789.6
7848,49364.3,49452.0,49789.6
7849,49364.3,49452.0,49789.6
7850,49364.3,49452.0,49789.6
7851,49364.3,49452.0,49789.6
7852,49364.3,49452.0,49790.8
7853,49364.3,49452.0,49790.8
7854,49364.3,49452.0,49790.8
7855,49364.3,49452.0,49790.8
7856,49364.3,49452.0,49790.8
7857,49364.3,49452.0,49790.8
7858,49364.3,49452.0,49790.8
7859,49364.3,49452.0,49790.8
7860,49364.3,49452.0,49792.0
7861,49364.3,49452.0,49792.0
7862,49364.3,49452.0,49792.0
7863,49364.3,49452.0,49792.0
7864,49364.3,49452.0,49792.3
7865,49364.3,49452.0,49792.3
7866,49364.3,49452.0,49792.3
7867,49364.3,49452.0,49792.3
7868,49364.3,49452.0,49792.3
7869,49364.3,49452.0,49792.3
7870,49364.3,49452.0,49792.3
7871,49364.3,49452.0,49792.3
7872,49364.3,49452.0,49793.2
7873,49364.3,49452.0,49793.2
7874,49364.3,49452.0,49793.2
7875,49364.3,49452.0,49793.2
7876,49364.3,49452.0,49793.2
7877,49364.3,49452.0,49793.2
7878,49364.3,49452.0,49793.2
7879,49364.3,49452.0,49793.2
7880,49364.3,49452.0,49793.2
7881,49364.3,49452.0,49793.2
7882,49364.3,49452.0,49793.2
7883,49364.3,49452.0,49793.2
7884,49364.3,49452.0,49793.2
7885,49364.3,49452.0,49793.2
7886,49364.3,49452.0,49793.2
7887,49364.3,49452.0,49793.2
7888,49364.3,49452.0,49793.2
7889,49364.3,49452.0,49793.2
7890,49364.3,49452.0,49793.2
7891,49364.3,49452.0,49794.7
7892,49364.3,49452.0,49794.7
7893,49364.3,49452.0,49794.7
7894,49364.3,49452.0,49794.7
7895,49364.3,49452.0,49794.7
7896,49364.3,49452.0,49794.7
7897,49364.3,49452.0,49794.7
7898,49364.3,49452.0,49794.7
7899,49364.3,49452.0,49794.7
7900,49364.3,49452.0,49794.7
7901,49364.3,49452.0,49794.7
7902,49364.3,49452.0,49794.7
7903,49364.3,49452.0,49794.7
7904,49364.3,49452.0,49794.7
7905,49364.3,49452.0,49794.7
7906,49364.3,49452.0,49794.7
7907,49364.3,49452.0,49794.7
7908,49364.3,49452.0,49794.7
7909,49364.3,49452.0,49794.7
7910,49364.3,49452.0,49794.7
7911,49364.3,49452.0,49794.7
7912,49364.3,49452.0,49794.7
7913,49364.3,49452.0,49794.7
7914,49364.3,49452.0,49794.7
7915,49364.3,49452.0,49794.7
7916,49364.3,49452.0,49794.7
7917,49364.3,49452.0,49794.7
7918,49364.3,49452.0,49794.7
7919,49364.3,49452.0,49794.7
7920,49364.3,49452.0,49794.7
7921,49364.3,49452.0,49794.7
7922,49364.3,49452.0,49794.7
7923,49364.3,49452.0,49794.7
7924,49364.3,49452.0,49794.7
7925,49364.3,49452.0,49794.7
7926,49364.3,49452.0,49794.7
7927,49364.3,49452.0,49794.7
7928,49364.3,49452.0,49794.7
7929,49364.3,49452.0,49794.7
7930,49364.3,49452.0,49794.7
7931,49364.3,49452.0,49794.7
7932,49364.3,49452.0,49794.7
7933,49364.3,49452.0,49794.7
7934,49364.3,49452.0,49794.7
7935,49364.3,49452.0,49794.7
7936,49364.3,49452.0,49794.7
7937,49364.3,49452.0,49796.4
7938,49364.3,49452.0,49796.4
7939,49364.3,49452.0,49796.5
7940,49364.3,49452.0,49796.5
7941,49364.3,49452.0,49796.5
7942,49364.3,49452.0,49796.5
7943,49364.3,49452.0,49796.5
7944,49364.3,49452.0,49796.5
7945,49364.3,49452.0,49796.5
7946,49364.3,49452.0,49796.5
7947,49364.3,49452.0,49796.9
7948,49364.3,49452.0,49796.9
7949,49364.3,49452.0,49797.1
7950,49364.3,49452.0,49797.1
7951,49364.3,49452.0,49797.1
7952,49364.3,49452.0,49797.1
7953,49364.3,49452.0,49797.1
7954,49364.3,49452.0,49797.4
7955,49364.3,49452.0,49797.4
7956,49364.3,49452.0,49797.4
7957,49364.3,49452.0,49797.4
7958,49364.3,49452.0,49797.4
7959,49364.3,49452.0,49797.4
7960,49364.3,49452.0,49797.4
7961,49364.3,49452.0,49797.4
7962,49364.3,49452.0,49797.4
7963,49364.3,49452.0,49797.4
7964,49364.3,49452.0,49797.4
7965,49364.3,49452.0,49797.4
7966,49364.3,49452.0,49797.4
7967,49364.3,49452.0,49797.4
7968,49364.3,49452.0,49797.4
7969,49364.3,49452.0,49797.4
7970,49364.3,49452.0,49797.4
7971,49364.3,49452.0,49797.4
7972,49364.3,49452.0,49797.4
7973,49364.3,49452.0,49797.4
7974,49364.3,49452.0,49797.4
7975,49364.3,49452.0,49797.4
7976,49364.3,49452.0,49797.4
7977,49364.3,49452.0,49797.4
7978,49364.3,49452.0,49797.4
7979,49364.3,49452.0,49797.4
7980,49364.3,49452.0,49797.4
7981,49364.3,49452.0,49797.4
7982,49364.3,49452.0,49797.4
7983,49364.3,49452.0,49797.4
7984,49364.3,49452.0,49797.4
7985,49364.3,49452.0,49797.4
7986,49364.3,49452.0,49797.4
7987,49364.3,49452.0,49797.4
7988,49364.3,49452.0,49797.4
7989,49364.3,49452.0,49797.4
7990,49364.3,49452.0,49797.4
7991,49364.3,49452.0,49797.4
7992,49364.3,49452.0,49797.4
7993,49364.3,49452.0,49797.4
7994,49364.3,49452.0,49797.4
7995,49364.3,49452.0,49797.4
7996,49364.3,49452.0,49797.6
7997,49364.3,49452.0,49797.6
7998,49364.3,49452.0,49797.6
7999,49364.3,49452.0,49797.6
8000,49364.3,49452.0,49797.6
8001,49364.3,49452.0,49797.6
8002,49364.3,49452.0,49797.6
8003,49364.3,49452.0,49797.6
8004,49364.3,49452.0,49797.6
8005,49364.3,49452.0,49797.6
8006,49364.3,49452.0,49797.6
8007,49364.3,49452.0,49797.6
8008,49364.3,49452.0,49797.6
8009,49364.3,49452.0,49797.6
8010,49364.3,49452.0,49797.6
8011,49364.3,49452.0,49797.6
8012,49364.3,49452.0,49797.6
8013,49364.3,49452.0,49797.6
8014,49364.3,49452.0,49797.6
8015,49364.3,49452.0,49797.6
8016,49364.3,49452.0,49797.6
8017,49364.3,49452.0,49797.6
8018,49364.3,49452.0,49797.6
8019,49364.3,49452.0,49797.6
8020,49364.3,49452.0,49797.6
8021,49364.3,49452.0,49797.6
8022,49364.3,49452.0,49797.6
8023,49364.3,49452.0,49797.6
8024,49364.3,49452.0,49797.6
8025,49364.3,49452.0,49797.6
8026,49364.3,49452.0,49797.6
8027,49364.3,49452.0,49797.6
8028,49364.3,49452.0,49797.6
8029,49364.3,49452.0,49797.6
8030,49364.3,49452.0,49797.6
8031,49364.3,49452.0,49797.6
8032,49364.3,49452.0,49797.6
8033,49364.3,49452.0,49797.6
8034,49364.3,49452.0,49797.6
8035,49364.3,49452.0,49797.6
8036,49364.3,49452.0,49797.9
8037,49364.3,49452.0,49798.3
8038,49364.3,49452.0,49798.3
8039,49364.3,49452.0,49798.3
8040,49364.3,49452.0,49798.3
8041,49364.3,49452.0,49798.3
8042,49364.3,49452.0,49799.3
8043,49364.3,49452.0,49799.3
8044,49364.3,49452.0,49799.3
8045,49364.3,49452.0,49799.3
8046,49364.3,49452.0,49799.3
8047,49364.3,49452.0,49799.3
8048,49364.3,49452.0,49799.3
8049,49364.3,49452.0,49799.9
8050,49364.3,49452.0,49799.9
8051,49364.3,49452.0,49801.0
8052,49364.3,49452.0,49801.0
8053,49364.3,49452.0,49801.0
8054,49364.3,49452.0,49801.0
8055,49364.3,49452.0,49801.0
8056,49364.3,49452.0,49801.0
8057,49364.3,49452.0,49801.0
8058,49364.3,49452.0,49801.0
8059,49364.3,49452.0,49802.0
8060,49364.3,49452.0,49802.0
8061,49364.3,49452.0,49802.0
8062,49364.3,49452.0,49803.5
8063,49364.3,49452.0,49803.5
8064,49364.3,49452.0,49803.5
8065,49364.3,49452.0,49803.5
8066,49364.3,49452.0,49803.5
8067,49364.3,49452.0,49803.5
8068,49364.3,49452.0,49803.5
8069,49364.3,49452.0,49803.5
8070,49364.3,49452.0,49803.5
8071,49364.3,49452.0,49803.5
8072,49364.3,49452.0,49803.5
8073,49364.3,49452.0,49803.5
8074,49364.3,49452.0,49803.5
8075,49364.3,49452.0,49803.5
8076,49364.3,49452.0,49803.5
8077,49364.3,49452.0,49803.5
8078,49364.3,49452.0,49803.5
8079,49364.3,49452.0,49803.5
8080,49364.3,49452.0,49803.5
8081,49364.3,49452.0,49803.5
8082,49364.3,49452.0,49803.5
8083,49364.3,49452.0,49803.5
8084,49364.3,49452.0,49803.5
8085,49364.3,49452.0,49803.5
8086,49364.3,49452.0,49803.5
8087,49364.3,49452.0,49803.5
8088,49364.3,49452.0,49803.5
8089,49364.3,49452.0,49803.5
8090,49364.3,49452.0,49803.5
8091,49364.3,49452.0,49803.5
8092,49364.3,49452.0,49803.5
8093,49364.3,49452.0,49803.5
8094,49364.3,49452.0,49803.5
8095,49364.3,49452.0,49803.5
8096,49364.3,49452.0,49803.5
8097,49364.3,49452.0,49803.5
8098,49364.3,49452.0,49803.5
8099,49364.3,49452.0,49803.5
8100,49364.3,49452.0,49803.5
8101,49364.3,49452.0,49803.5
8102,49364.3,49452.0,49804.3
8103,49364.3,49452.0,49804.3
8104,49364.3,49452.0,49804.3
8105,49364.3,49452.0,49804.3
8106,49364.3,49452.0,49804.3
8107,49364.3,49452.0,49804.3
8108,49364.3,49452.0,49804.3
8109,49364.3,49452.0,49804.3
8110,49364.3,49452.0,49804.3
8111,49364.3,49452.0,49804.3
8112,49364.3,49452.0,49804.3
8113,49364.3,49452.0,49804.3
8114,49364.3,49452.0,49804.3
8115,49364.3,49452.0,49804.3
8116,49364.3,49452.0,49804.3
8117,49364.3,49452.0,49804.3
8118,49364.3,49452.0,49804.3
8119,49364.3,49452.0,49804.3
8120,49364.3,49452.0,49804.3
8121,49364.3,49452.0,49804.3
8122,49364.3,49452.0,49804.3
8123,49364.3,49452.0,49804.3
8124,49364.3,49452.0,49804.3
8125,49364.3,49452.0,49804.3
8126,49364.3,49452.0,49804.3
8127,49364.3,49452.0,49804.3
8128,49364.3,49452.0,49804.3
8129,49364.3,49452.0,49804.3
8130,49364.3,49452.0,49804.3
8131,49364.3,49452.0,49804.3
8132,49364.3,49452.0,49804.3
8133,49364.3,49452.0,49804.3
8134,49364.3,49452.0,49804.3
8135,49364.3,49452.0,49804.3
8136,49364.3,49452.0,49804.3
8137,49364.3,49452.0,49804.3
8138,49364.3,49452.0,49804.3
8139,49364.3,49452.0,49804.3
8140,49364.3,49452.0,49804.3
8141,49364.3,49452.0,49804.3
8142,49364.3,49452.0,49804.3
8143,49364.3,49452.0,49804.3
8144,49364.3,49452.0,49804.3
8145,49364.3,49452.0,49804.3
8146,49364.3,49452.0,49804.3
8147,49364.3,49452.0,49804.3
8148,49364.3,49452.0,49804.3
8149,49364.3,49452.0,49804.3
8150,49364.3,49452.0,49804.3
8151,49364.3,49452.0,49804.3
8152,49364.3,49452.0,49804.3
8153,49364.3,49452.0,49804.3
8154,49364.3,49452.0,49804.3
8155,49364.3,49452.0,49804.3
8156,49364.3,49452.0,49804.3
8157,49364.3,49452.0,49804.3
8158,49364.3,49452.0,49804.3
8159,49364.3,49452.0,49804.3
8160,49364.3,49452.0,49804.6
8161,49364.3,49452.0,49804.6
8162,49364.3,49452.0,49804.6
8163,49364.3,49452.0,49804.6
8164,49364.3,49452.0,49804.6
8165,49364.3,49452.0,49804.6
8166,49364.3,49452.0,49804.6
8167,49364.3,49452.0,49804.6
8168,49364.3,49452.0,49804.9
8169,49364.3,49452.0,49804.9
8170,49364.3,49452.0,49805.8
8171,49364.3,49452.0,49805.8
8172,49364.3,49452.0,49805.8
8173,49364.3,49452.0,49805.8
8174,49364.3,49452.0,49805.8
8175,49364.3,49452.0,49805.8
8176,49364.3,49452.0,49805.8
8177,49364.3,49452.0,49805.8
8178,49364.3,49452.0,49807.3
8179,49364.3,49452.0,49807.3
8180,49364.3,49452.0,49807.3
8181,49364.3,49452.0,49807.3
8182,49364.3,49452.0,49807.3
8183,49364.3,49452.0,49807.9
8184,49364.3,49452.0,49807.9
8185,49364.3,49452.0,49807.9
8186,49364.3,49452.0,49807.9
8187,49364.3,49452.0,49807.9
8188,49364.3,49452.0,49807.9
8189,49364.3,49452.0,49807.9
8190,49364.3,49452.0,49807.9
8191,49364.3,49452.0,49807.9
8192,49364.3,49452.0,49807.9
8193,49364.3,49452.0,49807.9
8194,49364.3,49452.0,49807.9
8195,49364.3,49452.0,49807.9
8196,49364.3,49452.0,49807.9
8197,49364.3,49452.0,49807.9
8198,49364.3,49452.0,49807.9
8199,49364.3,49452.0,49807.9
8200,49364.3,49452.0,49807.9
8201,49364.3,49452.0,49807.9
8202,49364.3,49452.0,49807.9
8203,49364.3,49452.0,49807.9
8204,49364.3,49452.0,49807.9
8205,49364.3,49452.0,49807.9
8206,49364.3,49452.0,49807.9
8207,49364.3,49452.0,49807.9
8208,49364.3,49452.0,49809.4
8209,49364.3,49452.0,49809.4
8210,49364.3,49452.0,49809.4
8211,49364.3,49452.0,49809.4
8212,49364.3,49452.0,49809.4
8213,49364.3,49452.0,49809.4
8214,49364.3,49452.0,49809.4
8215,49364.3,49452.0,49809.4
8216,49364.3,49452.0,49809.4
8217,49364.3,49452.0,49809.4
8218,49364.3,49452.0,49809.4
8219,49364.3,49452.0,49809.4
8220,49364.3,49452.0,49809.4
8221,49364.3,49452.0,49809.4
8222,49364.3,49452.0,49809.4
8223,49364.3,49452.0,49809.4
8224,49364.3,49452.0,49809.4
8225,49364.3,49452.0,49809.4
8226,49364.3,49452.0,49810.5
8227,49364.3,49452.0,49810.5
8228,49364.3,49452.0,49810.5
8229,49364.3,49452.0,49810.5
8230,49364.3,49452.0,49810.5
8231,49364.3,49452.0,49810.5
8232,49364.3,49452.0,49810.5
8233,49364.3,49452.0,49810.5
8234,49364.3,49452.0,49810.5
8235,49364.3,49452.0,49810.5
8236,49364.3,49452.0,49812.1
8237,49364.3,49452.0,49812.1
8238,49364.3,49452.0,49812.1
8239,49364.3,49452.0,49812.1
8240,49364.3,49452.0,49812.1
8241,49364.3,49452.0,49812.1
8242,49364.3,49452.0,49812.1
8243,49364.3,49452.0,49812.1
8244,49364.3,49452.0,49812.1
8245,49364.3,49452.0,49812.1
8246,49364.3,49452.0,49812.1
8247,49364.3,49452.0,49812.1
8248,49364.3,49452.0,49812.1
8249,49364.3,49452.0,49812.1
8250,49364.3,49452.0,49812.1
8251,49364.3,49452.0,49812.1
8252,49364.3,49452.0,49812.1
8253,49364.3,49452.0,49812.1
8254,49364.3,49452.0,49812.1
8255,49364.3,49452.0,49812.1
8256,49364.3,49452.0,49812.1
8257,49364.3,49452.0,49812.1
8258,49364.3,49452.0,49812.1
8259,49364.3,49452.0,49812.1
8260,49364.3,49452.0,49812.1
8261,49364.3,49452.0,49812.1
8262,49364.3,49452.0,49812.1
8263,49364.3,49452.0,49812.1
8264,49364.3,49452.0,49812.1
8265,49364.3,49452.0,49812.1
8266,49364.3,49452.0,49812.1
8267,49364.3,49452.0,49812.1
8268,49364.3,49452.0,49812.1
8269,49364.3,49452.0,49812.1
8270,49364.3,49452.0,49812.1
8271,49364.3,49452.0,49812.1
8272,49364.3,49452.0,49812.1
8273,49364.3,49452.0,49812.1
8274,49364.3,49452.0,49812.1
8275,49364.3,49452.0,49812.1
8276,49364.3,49452.0,49812.1
8277,49364.3,49452.0,49812.1
8278,49364.3,49452.0,49812.1
8279,49364.3,49452.0,49812.1
8280,49364.3,49452.0,49812.1
8281,49364.3,49452.0,49812.1
8282,49364.3,49452.0,49812.1
8283,49364.3,49452.0,49812.1
8284,49364.3,49452.0,49812.1
8285,49364.3,49452.0,49812.1
8286,49364.3,49452.0,49812.1
8287,49364.3,49452.0,49812.1
8288,49364.3,49452.0,49812.1
8289,49364.3,49452.0,49812.1
8290,49364.3,49452.0,49812.1
8291,49364.3,49452.0,49812.1
8292,49364.3,49452.0,49812.1
8293,49364.3,49452.0,49813.3
8294,49364.3,49452.0,49813.3
8295,49364.3,49452.0,49813.3
8296,49364.3,49452.0,49813.3
8297,49364.3,49452.0,49813.7
8298,49364.3,49452.0,49813.7
8299,49364.3,49452.0,49813.7
8300,49364.3,49452.0,49813.7
8301,49364.3,49452.0,49813.8
8302,49364.3,49452.0,49813.8
8303,49364.3,49452.0,49813.8
8304,49364.3,49452.0,49813.8
8305,49364.3,49452.0,49813.8
8306,49364.3,49452.0,49813.8
8307,49364.3,49452.0,49813.8
8308,49364.3,49452.0,49813.8
8309,49364.3,49452.0,49813.8
8310,49364.3,49452.0,49813.8
8311,49364.3,49452.0,49813.8
8312,49364.3,49452.0,49813.8
8313,49364.3,49452.0,49813.8
8314,49364.3,49452.0,49813.8
8315,49364.3,49452.0,49813.8
8316,49364.3,49452.0,49813.8
8317,49364.3,49452.0,49813.8
8318,49364.3,49452.0,49813.8
8319,49364.3,49452.0,49813.8
8320,49364.3,49452.0,49813.8
8321,49364.3,49452.0,49813.8
8322,49364.3,49452.0,49813.8
8323,49364.3,49452.0,49813.8
8324,49364.3,49452.0,49813.8
8325,49364.3,49452.0,49813.8
8326,49364.3,49452.0,49813.8
8327,49364.3,49452.0,49813.8
8328,49364.3,49452.0,49813.8
8329,49364.3,49452.0,49813.8
8330,49364.3,49452.0,49813.8
8331,49364.3,49452.0,49813.8
8332,49364.3,49452.0,49813.8
8333,49364.3,49452.0,49813.8
8334,49364.3,49452.0,49813.8
8335,49364.3,49452.0,49813.8
8336,49364.3,49452.0,49813.8
8337,49364.3,49452.0,49813.8
8338,49364.3,49452.0,49813.8
8339,49364.3,49452.0,49813.8
8340,49364.3,49452.0,49813.8
8341,49364.3,49452.0,49813.8
8342,49364.3,49452.0,49813.8
8343,49364.3,49452.0,49813.8
8344,49364.3,49452.0,49813.8
8345,49364.3,49452.0,49813.8
8346,49364.3,49452.0,49813.8
8347,49364.3,49452.0,49813.8
8348,49364.3,49452.0,49813.8
8349,49364.3,49452.0,49813.8
8350,49364.3,49452.0,49813.8
8351,49364.3,49452.0,49813.8
8352,49364.3,49452.0,49813.8
8353,49364.3,49452.0,49813.8
8354,49364.3,49452.0,49813.8
8355,49364.3,49452.0,49813.8
8356,49364.3,49452.0,49813.8
8357,49364.3,49452.0,49813.8
8358,49364.3,49452.0,49813.8
8359,49364.3,49452.0,49813.8
8360,49364.3,49452.0,49813.8
8361,49364.3,49452.0,49813.8
8362,49364.3,49452.0,49813.8
8363,49364.3,49452.0,49813.8
8364,49364.3,49452.0,49813.8
8365,49364.3,49452.0,49813.8
8366,49364.3,49452.0,49813.8
8367,49364.3,49452.0,49813.8
8368,49364.3,49452.0,49813.8
8369,49364.3,49452.0,49813.8
8370,49364.3,49452.0,49813.8
8371,49364.3,49452.0,49813.8
8372,49364.3,49452.0,49813.8
8373,49364.3,49452.0,49813.8
8374,49364.3,49452.0,49813.8
8375,49364.3,49452.0,49813.8
8376,49364.3,49452.0,49813.8
8377,49364.3,49452.0,49813.8
8378,49364.3,49452.0,49813.8
8379,49364.3,49452.0,49813.8
8380,49364.3,49452.0,49813.8
8381,49364.3,49452.0,49813.8
8382,49364.3,49452.0,49813.8
8383,49364.3,49452.0,49813.8
8384,49364.3,49452.0,49813.8
8385,49364.3,49452.0,49813.8
8386,49364.3,49452.0,49813.8
8387,49364.3,49452.0,49813.8
8388,49364.3,49452.0,49813.8
8389,49364.3,49452.0,49813.8
8390,49364.3,49452.0,49813.8
8391,49364.3,49452.0,49813.8
8392,49364.3,49452.0,49813.8
8393,49364.3,49452.0,49813.8
8394,49364.3,49452.0,49813.8
8395,49364.3,49452.0,49813.8
8396,49364.3,49452.0,49814.0
8397,49364.3,49452.0,49814.0
8398,49364.3,49452.0,49814.0
8399,49364.3,49452.0,49814.0
8400,49364.3,49452.0,49814.0
8401,49364.3,49452.0,49814.0
8402,49364.3,49452.0,49814.0
8403,49364.3,49452.0,49814.0
8404,49364.3,49452.0,49814.0
8405,49364.3,49452.0,49814.0
8406,49364.3,49452.0,49814.0
8407,49364.3,49452.0,49814.0
8408,49364.3,49452.0,49814.0
8409,49364.3,49452.0,49814.0
8410,49364.3,49452.0,49814.0
8411,49364.3,49452.0,49814.0
8412,49364.3,49452.0,49814.0
8413,49364.3,49452.0,49814.0
8414,49364.3,49452.0,49814.0
8415,49364.3,49452.0,49814.0
8416,49364.3,49452.0,49814.0
8417,49364.3,49452.0,49814.0
8418,49364.3,49452.0,49814.0
8419,49364.3,49452.0,49814.0
8420,49364.3,49452.0,49814.0
8421,49364.3,49452.0,49814.0
8422,49364.3,49452.0,49814.0
8423,49364.3,49452.0,49814.0
8424,49364.3,49452.0,49814.0
8425,49364.3,49452.0,49814.0
8426,49364.3,49452.0,49814.0
8427,49364.3,49452.0,49814.0
8428,49364.3,49452.0,49814.0
8429,49364.3,49452.0,49814.0
8430,49364.3,49452.0,49815.7
8431,49364.3,49452.0,49816.8
8432,49364.3,49452.0,49816.8
8433,49364.3,49452.0,49817.2
8434,49364.3,49452.0,49817.2
8435,49364.3,49452.0,49817.2
8436,49364.3,49452.0,49817.2
8437,49364.3,49452.0,49817.2
8438,49364.3,49452.0,49817.2
8439,49364.3,49452.0,49817.2
8440,49364.3,49452.0,49817.2
8441,49364.3,49452.0,49817.2
8442,49364.3,49452.0,49817.2
8443,49364.3,49452.0,49817.2
8444,49364.3,49452.0,49817.2
8445,49364.3,49452.0,49817.2
8446,49364.3,49452.0,49817.2
8447,49364.3,49452.0,49817.2
8448,49364.3,49452.0,49817.2
8449,49364.3,49452.0,49817.2
8450,49364.3,49452.0,49817.2
8451,49364.3,49452.0,49817.2
8452,49364.3,49452.0,49817.2
8453,49364.3,49452.0,49817.2
8454,49364.3,49452.0,49817.2
8455,49364.3,49452.0,49817.3
8456,49364.3,49452.0,49817.3
8457,49364.3,49452.0,49817.3
8458,49364.3,49452.0,49817.3
8459,49364.3,49452.0,49817.3
8460,49364.3,49452.0,49817.3
8461,49364.3,49452.0,49817.3
8462,49364.3,49452.0,49817.3
8463,49364.3,49452.0,49817.3
8464,49364.3,49452.0,49817.3
8465,49364.3,49452.0,49818.9
8466,49364.3,49452.0,49818.9
8467,49364.3,49452.0,49818.9
8468,49364.3,49452.0,49818.9
8469,49364.3,49452.0,49818.9
8470,49364.3,49452.0,49818.9
8471,49364.3,49452.0,49819.6
8472,49364.3,49452.0,49819.6
8473,49364.3,49452.0,49819.6
8474,49364.3,49452.0,49819.6
8475,49364.3,49452.0,49819.6
8476,49364.3,49452.0,49819.6
8477,49364.3,49452.0,49819.6
8478,49364.3,49452.0,49819.6
8479,49364.3,49452.0,49819.6
8480,49364.3,49452.0,49819.6
8481,49364.3,49452.0,49819.6
8482,49364.3,49452.0,49819.6
8483,49364.3,49452.0,49819.6
8484,49364.3,49452.0,49819.6
8485,49364.3,49452.0,49819.6
8486,49364.3,49452.0,49819.6
8487,49364.3,49452.0,49819.6
8488,49364.3,49452.0,49820.4
8489,49364.3,49452.0,49820.4
8490,49364.3,49452.0,49820.4
8491,49364.3,49452.0,49820.4
8492,49364.3,49452.0,49820.4
8493,49364.3,49452.0,49820.4
8494,49364.3,49452.0,49820.4
8495,49364.3,49452.0,49820.4
8496,49364.3,49452.0,49820.4
8497,49364.3,49452.0,49820.4
8498,49364.3,49452.0,49820.4
8499,49364.3,49452.0,49820.5
8500,49364.3,49452.0,49820.5
8501,49364.3,49452.0,49820.5
8502,49364.3,49452.0,49820.5
8503,49364.3,49452.0,49820.5
8504,49364.3,49452.0,49820.5
8505,49364.3,49452.0,49820.5
8506,49364.3,49452.0,49820.5
8507,49364.3,49452.0,49820.5
8508,49364.3,49452.0,49820.5
8509,49364.3,49452.0,49820.5
8510,49364.3,49452.0,49820.5
8511,49364.3,49452.0,49820.5
8512,49364.3,49452.0,49820.5
8513,49364.3,49452.0,49820.5
8514,49364.3,49452.0,49820.5
8515,49364.3,49452.0,49820.5
8516,49364.3,49452.0,49820.5
8517,49364.3,49452.0,49820.5
8518,49364.3,49452.0,49820.5
8519,49364.3,49452.0,49820.5
8520,49364.3,49452.0,49820.5
8521,49364.3,49452.0,49820.5
8522,49364.3,49452.0,49821.3
8523,49364.3,49452.0,49821.3
8524,49364.3,49452.0,49821.3
8525,49364.3,49452.0,49821.3
8526,49364.3,49452.0,49821.3
8527,49364.3,49452.0,49821.3
8528,49364.3,49452.0,49821.3
8529,49364.3,49452.0,49821.3
8530,49364.3,49452.0,49821.3
8531,49364.3,49452.0,49821.3
8532,49364.3,49452.0,49821.3
8533,49364.3,49452.0,49821.3
8534,49364.3,49452.0,49821.3
8535,49364.3,49452.0,49821.3
8536,49364.3,49452.0,49821.3
8537,49364.3,49452.0,49821.3
8538,49364.3,49452.0,49821.3
8539,49364.3,49452.0,49821.3
8540,49364.3,49452.0,49821.3
8541,49364.3,49452.0,49821.3
8542,49364.3,49452.0,49821.3
8543,49364.3,49452.0,49821.3
8544,49364.3,49452.0,49821.3
8545,49364.3,49452.0,49821.3
8546,49364.3,49452.0,49821.3
8547,49364.3,49452.0,49821.3
8548,49364.3,49452.0,49821.3
8549,49364.3,49452.0,49821.3
8550,49364.3,49452.0,49821.3
8551,49364.3,49452.0,49821.3
8552,49364.3,49452.0,49821.3
8553,49364.3,49452.0,49821.3
8554,49364.3,49452.0,49821.3
8555,49364.3,49452.0,49821.3
8556,49364.3,49452.0,49821.3
8557,49364.3,49452.0,49821.3
8558,49364.3,49452.0,49821.3
8559,49364.3,49452.0,49821.3
8560,49364.3,49452.0,49821.3
8561,49364.3,49452.0,49821.3
8562,49364.3,49452.0,49821.3
8563,49364.3,49452.0,49821.3
8564,49364.3,49452.0,49821.3
8565,49364.3,49452.0,49821.3
8566,49364.3,49452.0,49821.3
8567,49364.3,49452.0,49821.3
8568,49364.3,49452.0,49821.3
8569,49364.3,49452.0,49821.3
8570,49364.3,49452.0,49822.7
8571,49364.3,49452.0,49822.7
8572,49364.3,49452.0,49822.7
8573,49364.3,49452.0,49822.7
8574,49364.3,49452.0,49822.7
8575,49364.3,49452.0,49822.7
8576,49364.3,49452.0,49822.7
8577,49364.3,49452.0,49822.7
8578,49364.3,49452.0,49822.7
8579,49364.3,49452.0,49822.7
8580,49364.3,49452.0,49822.7
8581,49364.3,49452.0,49822.7
8582,49364.3,49452.0,49822.7
8583,49364.3,49452.0,49822.7
8584,49364.3,49452.0,49822.7
8585,49364.3,49452.0,49822.7
8586,49364.3,49452.0,49822.7
8587,49364.3,49452.0,49822.7
8588,49364.3,49452.0,49822.7
8589,49364.3,49452.0,49822.7
8590,49364.3,49452.0,49822.7
8591,49364.3,49452.0,49822.7
8592,49364.3,49452.0,49822.7
8593,49364.3,49452.0,49822.7
8594,49364.3,49452.0,49822.7
8595,49364.3,49452.0,49822.7
8596,49364.3,49452.0,49822.7
8597,49364.3,49452.0,49822.7
8598,49364.3,49452.0,49822.7
8599,49364.3,49452.0,49822.7
8600,49364.3,49452.0,49822.7
8601,49364.3,49452.0,49822.7
8602,49364.3,49452.0,49822.7
8603,49364.3,49452.0,49822.7
8604,49364.3,49452.0,49822.7
8605,49364.3,49452.0,49822.7
8606,49364.3,49452.0,49822.7
8607,49364.3,49452.0,49822.7
8608,49364.3,49452.0,49822.7
8609,49364.3,49452.0,49822.7
8610,49364.3,49452.0,49822.7
8611,49364.3,49452.0,49822.7
8612,49364.3,49452.0,49822.7
8613,49364.3,49452.0,49822.7
8614,49364.3,49452.0,49822.7
8615,49364.3,49452.0,49822.7
8616,49364.3,49452.0,49822.7
8617,49364.3,49452.0,49822.7
8618,49364.3,49452.0,49822.7
8619,49364.3,49452.0,49822.7
8620,49364.3,49452.0,49822.7
8621,49364.3,49452.0,49822.7
8622,49364.3,49452.0,49822.7
8623,49364.3,49452.0,49822.7
8624,49364.3,49452.0,49822.7
8625,49364.3,49452.0,49822.7
8626,49364.3,49452.0,49822.7
8627,49364.3,49452.0,49822.7
8628,49364.3,49452.0,49822.7
8629,49364.3,49452.0,49823.9
8630,49364.3,49452.0,49823.9
8631,49364.3,49452.0,49823.9
8632,49364.3,49452.0,49823.9
8633,49364.3,49452.0,49823.9
8634,49364.3,49452.0,49823.9
8635,49364.3,49452.0,49823.9
8636,49364.3,49452.0,49823.9
8637,49364.3,49452.0,49825.3
8638,49364.3,49452.0,49825.3
8639,49364.3,49452.0,49825.3
8640,49364.3,49452.0,49825.3
8641,49364.3,49452.0,49825.3
8642,49364.3,49452.0,49825.3
8643,49364.3,49452.0,49825.3
8644,49364.3,49452.0,49825.3
8645,49364.3,49452.0,49826.5
8646,49364.3,49452.0,49826.5
8647,49364.3,49452.0,49826.5
8648,49364.3,49452.0,49826.5
8649,49364.3,49452.0,49826.5
8650,49364.3,49452.0,49826.5
8651,49364.3,49452.0,49828.3
8652,49364.3,49452.0,49828.3
8653,49364.3,49452.0,49828.3
8654,49364.3,49452.0,49828.3
8655,49364.3,49452.0,49828.3
8656,49364.3,49452.0,49828.3
8657,49364.3,49452.0,49828.3
8658,49364.3,49452.0,49828.3
8659,49364.3,49452.0,49829.9
8660,49364.3,49452.0,49829.9
8661,49364.3,49452.0,49829.9
8662,49364.3,49452.0,49829.9
8663,49364.3,49452.0,49829.9
8664,49364.3,49452.0,49829.9
8665,49364.3,49452.0,49829.9
8666,49364.3,49452.0,49829.9
8667,49364.3,49452.0,49829.9
8668,49364.3,49452.0,49829.9
8669,49364.3,49452.0,49829.9
8670,49364.3,49452.0,49829.9
8671,49364.3,49452.0,49829.9
8672,49364.3,49452.0,49829.9
8673,49364.3,49452.0,49829.9
8674,49364.3,49452.0,49829.9
8675,49364.3,49452.0,49829.9
8676,49364.3,49452.0,49829.9
8677,49364.3,49452.0,49829.9
8678,49364.3,49452.0,49829.9
8679,49364.3,49452.0,49829.9
8680,49364.3,49452.0,49829.9
8681,49364.3,49452.0,49829.9
8682,49364.3,49452.0,49829.9
8683,49364.3,49452.0,49829.9
8684,49364.3,49452.0,49829.9
8685,49364.3,49452.0,49829.9
8686,49364.3,49452.0,49829.9
8687,49364.3,49452.0,49829.9
8688,49364.3,49452.0,49829.9
8689,49364.3,49452.0,49829.9
8690,49364.3,49452.0,49829.9
8691,49364.3,49452.0,49829.9
8692,49364.3,49452.0,49829.9
8693,49364.3,49452.0,49829.9
8694,49364.3,49452.0,49829.9
8695,49364.3,49452.0,49829.9
8696,49364.3,49452.0,49829.9
8697,49364.3,49452.0,49829.9
8698,49364.3,49452.0,49829.9
8699,49364.3,49452.0,49829.9
8700,49364.3,49452.0,49829.9
8701,49364.3,49452.0,49829.9
8702,49364.3,49452.0,49829.9
8703,49364.3,49452.0,49829.9
8704,49364.3,49452.0,49829.9
8705,49364.3,49452.0,49829.9
8706,49364.3,49452.0,49829.9
8707,49364.3,49452.0,49829.9
8708,49364.3,49452.0,49829.9
8709,49364.3,49452.0,49829.9
8710,49364.3,49452.0,49829.9
8711,49364.3,49452.0,49829.9
8712,49364.3,49452.0,49829.9
8713,49364.3,49452.0,49829.9
8714,49364.3,49452.0,49829.9
8715,49364.3,49452.0,49829.9
8716,49364.3,49452.0,49829.9
8717,49364.3,49452.0,49829.9
8718,49364.3,49452.0,49830.2
8719,49364.3,49452.0,49830.2
8720,49364.3,49452.0,49830.2
8721,49364.3,49452.0,49830.2
8722,49364.3,49452.0,49830.3
8723,49364.3,49452.0,49830.3
8724,49364.3,49452.0,49830.3
8725,49364.3,49452.0,49830.3
8726,49364.3,49452.0,49830.3
8727,49364.3,49452.0,49830.3
8728,49364.3,49452.0,49830.3
8729,49364.3,49452.0,49830.3
8730,49364.3,49452.0,49830.3
8731,49364.3,49452.0,49830.3
8732,49364.3,49452.0,49830.3
8733,49364.3,49452.0,49830.3
8734,49364.3,49452.0,49830.4
8735,49364.3,49452.0,49830.4
8736,49364.3,49452.0,49831.4
8737,49364.3,49452.0,49831.4
8738,49364.3,49452.0,49831.4
8739,49364.3,49452.0,49831.4
8740,49364.3,49452.0,49831.4
8741,49364.3,49452.0,49831.4
8742,49364.3,49452.0,49831.4
8743,49364.3,49452.0,49831.4
8744,49364.3,49452.0,49831.4
8745,49364.3,49452.0,49831.4
8746,49364.3,49452.0,49831.4
8747,49364.3,49452.0,49831.4
8748,49364.3,49452.0,49831.4
8749,49364.3,49452.0,49831.4
8750,49364.3,49452.0,49831.4
8751,49364.3,49452.0,49831.4
8752,49364.3,49452.0,49831.4
8753,49364.3,49452.0,49831.4
8754,49364.3,49452.0,49831.4
8755,49364.3,49452.0,49831.4
8756,49364.3,49452.0,49831.4
8757,49364.3,49452.0,49831.4
8758,49364.3,49452.0,49831.4
8759,49364.3,49452.0,49831.4
8760,49364.3,49452.0,49831.4
8761,49364.3,49452.0,49831.4
8762,49364.3,49452.0,49831.4
8763,49364.3,49452.0,49831.4
8764,49364.3,49452.0,49833.3
8765,49364.3,49452.0,49833.3
8766,49364.3,49452.0,49833.3
8767,49364.3,49452.0,49833.3
8768,49364.3,49452.0,49833.3
8769,49364.3,49452.0,49833.3
8770,49364.3,49452.0,49833.3
8771,49364.3,49452.0,49833.3
8772,49364.3,49452.0,49833.3
8773,49364.3,49452.0,49833.3
8774,49364.3,49452.0,49833.3
8775,49364.3,49452.0,49833.3
8776,49364.3,49452.0,49833.3
8777,49364.3,49452.0,49833.3
8778,49364.3,49452.0,49833.3
8779,49364.3,49452.0,49833.3
8780,49364.3,49452.0,49833.3
8781,49364.3,49452.0,49833.3
8782,49364.3,49452.0,49833.3
8783,49364.3,49452.0,49833.3
8784,49364.3,49452.0,49833.3
8785,49364.3,49452.0,49833.3
8786,49364.3,49452.0,49833.3
8787,49364.3,49452.0,49833.3
8788,49364.3,49452.0,49833.3
8789,49364.3,49452.0,49833.3
8790,49364.3,49452.0,49833.3
8791,49364.3,49452.0,49833.3
8792,49364.3,49452.0,49833.3
8793,49364.3,49452.0,49833.3
8794,49364.3,49452.0,49833.3
8795,49364.3,49452.0,49833.3
8796,49364.3,49452.0,49833.3
8797,49364.3,49452.0,49833.3
8798,49364.3,49452.0,49833.3
8799,49364.3,49452.0,49833.3
8800,49364.3,49452.0,49833.3
8801,49364.3,49452.0,49833.3
8802,49364.3,49452.0,49833.3
8803,49364.3,49452.0,49833.3
8804,49364.3,49452.0,49833.3
8805,49364.3,49452.0,49833.3
8806,49364.3,49452.0,49833.3
8807,49364.3,49452.0,49833.3
8808,49364.3,49452.0,49833.3
8809,49364.3,49452.0,49833.3
8810,49364.3,49452.0,49833.3
8811,49364.3,49452.0,49833.3
8812,49364.3,49452.0,49833.3
8813,49364.3,49452.0,49833.3
8814,49364.3,49452.0,49833.3
8815,49364.3,49452.0,49833.3
8816,49364.3,49452.0,49833.3
8817,49364.3,49452.0,49833.3
8818,49364.3,49452.0,49833.3
8819,49364.3,49452.0,49833.3
8820,49364.3,49452.0,49833.3
8821,49364.3,49452.0,49833.3
8822,49364.3,49452.0,49833.3
8823,49364.3,49452.0,49833.3
8824,49364.3,49452.0,49833.3
8825,49364.3,49452.0,49833.3
8826,49364.3,49452.0,49833.3
8827,49364.3,49452.0,49833.3
8828,49364.3,49452.0,49833.3
8829,49364.3,49452.0,49833.3
8830,49364.3,49452.0,49833.3
8831,49364.3,49452.0,49833.3
8832,49364.3,49452.0,49833.3
8833,49364.3,49452.0,49833.3
8834,49364.3,49452.0,49833.3
8835,49364.3,49452.0,49833.3
8836,49364.3,49452.0,49833.3
8837,49364.3,49452.0,49833.3
8838,49364.3,49452.0,49833.3
8839,49364.3,49452.0,49833.3
8840,49364.3,49452.0,49833.3
8841,49364.3,49452.0,49833.3
8842,49364.3,49452.0,49833.3
8843,49364.3,49452.0,49833.3
8844,49364.3,49452.0,49833.3
8845,49364.3,49452.0,49833.3
8846,49364.3,49452.0,49833.3
8847,49364.3,49452.0,49833.3
8848,49364.3,49452.0,49833.3
8849,49364.3,49452.0,49833.3
8850,49364.3,49452.0,49833.3
8851,49364.3,49452.0,49833.3
8852,49364.3,49452.0,49833.3
8853,49364.3,49452.0,49833.3
8854,49364.3,49452.0,49833.3
8855,49364.3,49452.0,49833.3
8856,49364.3,49452.0,49833.3
8857,49364.3,49452.0,49833.3
8858,49364.3,49452.0,49833.3
8859,49364.3,49452.0,49833.3
8860,49364.3,49452.0,49833.3
8861,49364.3,49452.0,49833.3
8862,49364.3,49452.0,49833.3
8863,49364.3,49452.0,49833.3
8864,49364.3,49452.0,49833.3
8865,49364.3,49452.0,49833.3
8866,49364.3,49452.0,49833.3
8867,49364.3,49452.0,49833.3
8868,49364.3,49452.0,49833.3
8869,49364.3,49452.0,49833.3
8870,49364.3,49452.0,49833.3
8871,49364.3,49452.0,49833.3
8872,49364.3,49452.0,49833.3
8873,49364.3,49452.0,49833.3
8874,49364.3,49452.0,49833.3
8875,49364.3,49452.0,49833.3
8876,49364.3,49452.0,49833.3
8877,49364.3,49452.0,49833.3
8878,49364.3,49452.0,49833.3
8879,49364.3,49452.0,49833.3
8880,49364.3,49452.0,49833.3
8881,49364.3,49452.0,49833.3
8882,49364.3,49452.0,49833.3
8883,49364.3,49452.0,49833.3
8884,49364.3,49452.0,49833.3
8885,49364.3,49452.0,49833.3
8886,49364.3,49452.0,49833.3
8887,49364.3,49452.0,49833.3
8888,49364.3,49452.0,49833.3
8889,49364.3,49452.0,49833.3
8890,49364.3,49452.0,49833.3
8891,49364.3,49452.0,49833.3
8892,49364.3,49452.0,49833.3
8893,49364.3,49452.0,49833.3
8894,49364.3,49452.0,49833.3
8895,49364.3,49452.0,49833.3
8896,49364.3,49452.0,49833.3
8897,49364.3,49452.0,49833.3
8898,49364.3,49452.0,49833.3
8899,49364.3,49452.0,49833.3
8900,49364.3,49452.0,49833.3
8901,49364.3,49452.0,49833.3
8902,49364.3,49452.0,49833.3
8903,49364.3,49452.0,49833.3
8904,49364.3,49452.0,49833.3
8905,49364.3,49452.0,49833.3
8906,49364.3,49452.0,49833.3
8907,49364.3,49452.0,49833.3
8908,49364.3,49452.0,49833.3
8909,49364.3,49452.0,49833.3
8910,49364.3,49452.0,49833.3
8911,49364.3,49452.0,49833.3
8912,49364.3,49452.0,49833.3
8913,49364.3,49452.0,49833.3
8914,49364.3,49452.0,49833.3
8915,49364.3,49452.0,49833.3
8916,49364.3,49452.0,49833.3
8917,49364.3,49452.0,49833.3
8918,49364.3,49452.0,49833.3
8919,49364.3,49452.0,49833.3
8920,49364.3,49452.0,49833.3
8921,49364.3,49452.0,49833.3
8922,49364.3,49452.0,49833.3
8923,49364.3,49452.0,49833.3
8924,49364.3,49452.0,49833.3
8925,49364.3,49452.0,49833.3
8926,49364.3,49452.0,49833.3
8927,49364.3,49452.0,49833.3
8928,49364.3,49452.0,49833.3
8929,49364.3,49452.0,49833.3
8930,49364.3,49452.0,49833.3
8931,49364.3,49452.0,49833.3
8932,49364.3,49452.0,49833.3
8933,49364.3,49452.0,49833.3
8934,49364.3,49452.0,49833.3
8935,49364.3,49452.0,49833.3
8936,49364.3,49452.0,49833.3
8937,49364.3,49452.0,49833.3
8938,49364.3,49452.0,49833.3
8939,49364.3,49452.0,49833.3
8940,49364.3,49452.0,49833.3
8941,49364.3,49452.0,49833.3
8942,49364.3,49452.0,49833.3
8943,49364.3,49452.0,49833.3
8944,49364.3,49452.0,49833.3
8945,49364.3,49452.0,49833.3
8946,49364.3,49452.0,49833.3
8947,49364.3,49452.0,49833.3
8948,49364.3,49452.0,49833.3
8949,49364.3,49452.0,49833.3
8950,49364.3,49452.0,49833.3
8951,49364.3,49452.0,49833.3
8952,49364.3,49452.0,49833.3
8953,49364.3,49452.0,49833.3
8954,49364.3,49452.0,49833.3
8955,49364.3,49452.0,49833.3
8956,49364.3,49452.0,49833.3
8957,49364.3,49452.0,49833.3
8958,49364.3,49452.0,49833.3
8959,49364.3,49452.0,49833.3
8960,49364.3,49452.0,49833.3
8961,49364.3,49452.0,49833.3
8962,49364.3,49452.0,49833.3
8963,49364.3,49452.0,49833.3
8964,49364.3,49452.0,49833.3
8965,49364.3,49452.0,49833.3
8966,49364.3,49452.0,49833.3
8967,49364.3,49452.0,49833.3
8968,49364.3,49452.0,49833.3
8969,49364.3,49452.0,49833.3
8970,49364.3,49452.0,49833.3
8971,49364.3,49452.0,49833.3
8972,49364.3,49452.0,49833.3
8973,49364.3,49452.0,49833.3
8974,49364.3,49452.0,49833.3
8975,49364.3,49452.0,49833.3
8976,49364.3,49452.0,49833.3
8977,49364.3,49452.0,49833.3
8978,49364.3,49452.0,49833.3
8979,49364.3,49452.0,49833.3
8980,49364.3,49452.0,49833.3
8981,49364.3,49452.0,49833.3
8982,49364.3,49452.0,49833.3
8983,49364.3,49452.0,49833.3
8984,49364.3,49452.0,49833.3
8985,49364.3,49452.0,49833.3
8986,49364.3,49452.0,49833.3
8987,49364.3,49452.0,49833.3
8988,49364.3,49452.0,49833.3
8989,49364.3,49452.0,49833.3
8990,49364.3,49452.0,49833.3
8991,49364.3,49452.0,49833.3
8992,49364.3,49452.0,49833.3
8993,49364.3,49452.0,49833.3
8994,49364.3,49452.0,49833.3
8995,49364.3,49452.0,49833.3
8996,49364.3,49452.0,49833.3
8997,49364.3,49452.0,49833.3
8998,49364.3,49452.0,49833.3
8999,49364.3,49452.0,49833.3
9000,49364.3,49452.0,49833.3
9001,49364.3,49452.0,49833.3
9002,49364.3,49452.0,49833.3
9003,49364.3,49452.0,49833.3
9004,49364.3,49452.0,49833.3
9005,49364.3,49452.0,49833.3
9006,49364.3,49452.0,49833.3
9007,49364.3,49452.0,49833.3
9008,49364.3,49452.0,49833.3
9009,49364.3,49452.0,49833.3
9010,49364.3,49452.0,49833.3
9011,49364.3,49452.0,49833.3
9012,49364.3,49452.0,49833.3
9013,49364.3,49452.0,49833.3
9014,49364.3,49452.0,49833.3
9015,49364.3,49452.0,49833.3
9016,49364.3,49452.0,49833.3
9017,49364.3,49452.0,49833.3
9018,49364.3,49452.0,49833.3
9019,49364.3,49452.0,49833.3
9020,49364.3,49452.0,49833.3
9021,49364.3,49452.0,49833.3
9022,49364.3,49452.0,49833.3
9023,49364.3,49452.0,49833.3
9024,49364.3,49452.0,49833.3
9025,49364.3,49452.0,49833.3
9026,49364.3,49452.0,49833.3
9027,49364.3,49452.0,49833.3
9028,49364.3,49452.0,49833.3
9029,49364.3,49452.0,49833.3
9030,49364.3,49452.0,49833.3
9031,49364.3,49452.0,49833.3
9032,49364.3,49452.0,49833.3
9033,49364.3,49452.0,49833.3
9034,49364.3,49452.0,49833.3
9035,49364.3,49452.0,49833.3
9036,49364.3,49452.0,49833.3
9037,49364.3,49452.0,49833.3
9038,49364.3,49452.0,49833.3
9039,49364.3,49452.0,49833.3
9040,49364.3,49452.0,49833.3
9041,49364.3,49452.0,49833.3
9042,49364.3,49452.0,49833.3
9043,49364.3,49452.0,49833.3
9044,49364.3,49452.0,49833.3
9045,49364.3,49452.0,49833.3
9046,49364.3,49452.0,49833.3
9047,49364.3,49452.0,49833.3
9048,49364.3,49452.0,49833.3
9049,49364.3,49452.0,49833.3
9050,49364.3,49452.0,49833.3
9051,49364.3,49452.0,49833.3
9052,49364.3,49452.0,49833.3
9053,49364.3,49452.0,49833.3
9054,49364.3,49452.0,49833.3
9055,49364.3,49452.0,49833.3
9056,49364.3,49452.0,49833.3
9057,49364.3,49452.0,49833.3
9058,49364.3,49452.0,49833.3
9059,49364.3,49452.0,49833.3
9060,49364.3,49452.0,49833.3
9061,49364.3,49452.0,49833.3
9062,49364.3,49452.0,49833.3
9063,49364.3,49452.0,49833.3
9064,49364.3,49452.0,49833.3
9065,49364.3,49452.0,49833.3
9066,49364.3,49452.0,49833.3
9067,49364.3,49452.0,49833.3
9068,49364.3,49452.0,49833.3
9069,49364.3,49452.0,49833.3
9070,49364.3,49452.0,49833.3
9071,49364.3,49452.0,49833.3
9072,49364.3,49452.0,49833.3
9073,49364.3,49452.0,49833.3
9074,49364.3,49452.0,49833.3
9075,49364.3,49452.0,49833.3
9076,49364.3,49452.0,49833.3
9077,49364.3,49452.0,49833.3
9078,49364.3,49452.0,49833.3
9079,49364.3,49452.0,49833.3
9080,49364.3,49452.0,49833.3
9081,49364.3,49452.0,49833.3
9082,49364.3,49452.0,49833.3
9083,49364.3,49452.0,49833.3
9084,49364.3,49452.0,49833.3
9085,49364.3,49452.0,49833.3
9086,49364.3,49452.0,49833.3
9087,49364.3,49452.0,49833.3
9088,49364.3,49452.0,49833.3
9089,49364.3,49452.0,49833.3
9090,49364.3,49452.0,49833.3
9091,49364.3,49452.0,49833.3
9092,49364.3,49452.0,49833.3
9093,49364.3,49452.0,49833.3
9094,49364.3,49452.0,49833.3
9095,49364.3,49452.0,49833.3
9096,49364.3,49452.0,49833.3
9097,49364.3,49452.0,49833.3
9098,49364.3,49452.0,49833.3
9099,49364.3,49452.0,49833.3
9100,49364.3,49452.0,49833.3
9101,49364.3,49452.0,49833.3
9102,49364.3,49452.0,49833.3
9103,49364.3,49452.0,49833.3
9104,49364.3,49452.0,49833.3
9105,49364.3,49452.0,49833.3
9106,49364.3,49452.0,49833.3
9107,49364.3,49452.0,49833.3
9108,49364.3,49452.0,49833.3
9109,49364.3,49452.0,49833.3
9110,49364.3,49452.0,49833.3
9111,49364.3,49452.0,49833.3
9112,49364.3,49452.0,49833.3
9113,49364.3,49452.0,49833.3
9114,49364.3,49452.0,49833.3
9115,49364.3,49452.0,49833.3
9116,49364.3,49452.0,49833.3
9117,49364.3,49452.0,49833.3
9118,49364.3,49452.0,49833.3
9119,49364.3,49452.0,49833.3
9120,49364.3,49452.0,49833.3
9121,49364.3,49452.0,49833.3
9122,49364.3,49452.0,49833.3
9123,49364.3,49452.0,49833.3
9124,49364.3,49452.0,49833.3
9125,49364.3,49452.0,49833.3
9126,49364.3,49452.0,49833.3
9127,49364.3,49452.0,49833.3
9128,49364.3,49452.0,49833.3
9129,49364.3,49452.0,49833.3
9130,49364.3,49452.0,49833.3
9131,49364.3,49452.0,49833.3
9132,49364.3,49452.0,49833.3
9133,49364.3,49452.0,49833.3
9134,49364.3,49452.0,49833.3
9135,49364.3,49452.0,49833.3
9136,49364.3,49452.0,49833.3
9137,49364.3,49452.0,49833.3
9138,49364.3,49452.0,49833.3
9139,49364.3,49452.0,49833.3
9140,49364.3,49452.0,49833.3
9141,49364.3,49452.0,49833.3
9142,49364.3,49452.0,49833.3
9143,49364.3,49452.0,49833.3
9144,49364.3,49452.0,49833.3
9145,49364.3,49452.0,49833.3
9146,49364.3,49452.0,49833.3
9147,49364.3,49452.0,49833.3
9148,49364.3,49452.0,49833.3
9149,49364.3,49452.0,49833.3
9150,49364.3,49452.0,49833.3
9151,49364.3,49452.0,49833.3
9152,49364.3,49452.0,49833.3
9153,49364.3,49452.0,49833.3
9154,49364.3,49452.0,49833.3
9155,49364.3,49452.0,49833.3
9156,49364.3,49452.0,49833.3
9157,49364.3,49452.0,49833.3
9158,49364.3,49452.0,49833.3
9159,49364.3,49452.0,49833.3
9160,49364.3,49452.0,49833.3
9161,49364.3,49452.0,49833.3
9162,49364.3,49452.0,49833.3
9163,49364.3,49452.0,49833.3
9164,49364.3,49452.0,49833.3
9165,49364.3,49452.0,49833.3
9166,49364.3,49452.0,49833.3
9167,49364.3,49452.0,49833.3
9168,49364.3,49452.0,49833.3
9169,49364.3,49452.0,49833.3
9170,49364.3,49452.0,49833.3
9171,49364.3,49452.0,49833.3
9172,49364.3,49452.0,49833.3
9173,49364.3,49452.0,49833.3
9174,49364.3,49452.0,49833.3
9175,49364.3,49452.0,49833.3
9176,49364.3,49452.0,49833.3
9177,49364.3,49452.0,49833.3
9178,49364.3,49452.0,49833.3
9179,49364.3,49452.0,49833.3
9180,49364.3,49452.0,49833.3
9181,49364.3,49452.0,49833.3
9182,49364.3,49452.0,49833.3
9183,49364.3,49452.0,49833.3
9184,49364.3,49452.0,49833.3
9185,49364.3,49452.0,49833.3
9186,49364.3,49452.0,49833.3
9187,49364.3,49452.0,49833.3
9188,49364.3,49452.0,49833.3
9189,49364.3,49452.0,49833.3
9190,49364.3,49452.0,49833.3
9191,49364.3,49452.0,49833.3
9192,49364.3,49452.0,49833.3
9193,49364.3,49452.0,49833.3
9194,49364.3,49452.0,49833.3
9195,49364.3,49452.0,49833.3
9196,49364.3,49452.0,49833.3
9197,49364.3,49452.0,49833.3
9198,49364.3,49452.0,49833.3
9199,49364.3,49452.0,49833.3
9200,49364.3,49452.0,49833.3
9201,49364.3,49452.0,49833.3
9202,49364.3,49452.0,49833.3
9203,49364.3,49452.0,49833.3
9204,49364.3,49452.0,49833.3
9205,49364.3,49452.0,49833.3
9206,49364.3,49452.0,49833.3
9207,49364.3,49452.0,49833.3
9208,49364.3,49452.0,49833.3
9209,49364.3,49452.0,49833.3
9210,49364.3,49452.0,49833.3
9211,49364.3,49452.0,49833.3
9212,49364.3,49452.0,49833.3
9213,49364.3,49452.0,49833.3
9214,49364.3,49452.0,49833.3
9215,49364.3,49452.0,49833.3
9216,49364.3,49452.0,49833.3
9217,49364.3,49452.0,49833.3
9218,49364.3,49452.0,49833.3
9219,49364.3,49452.0,49833.3
9220,49364.3,49452.0,49833.3
9221,49364.3,49452.0,49833.3
9222,49364.3,49452.0,49833.3
9223,49364.3,49452.0,49833.3
9224,49364.3,49452.0,49833.3
9225,49364.3,49452.0,49833.3
9226,49364.3,49452.0,49833.3
9227,49364.3,49452.0,49833.3
9228,49364.3,49452.0,49833.3
9229,49364.3,49452.0,49833.3
9230,49364.3,49452.0,49833.3
9231,49364.3,49452.0,49833.3
9232,49364.3,49452.0,49833.3
9233,49364.3,49452.0,49833.3
9234,49364.3,49452.0,49833.3
9235,49364.3,49452.0,49833.3
9236,49364.3,49452.0,49833.3
9237,49364.3,49452.0,49833.3
9238,49364.3,49452.0,49833.3
9239,49364.3,49452.0,49833.3
9240,49364.3,49452.0,49833.3
9241,49364.3,49452.0,49833.3
9242,49364.3,49452.0,49833.3
9243,49364.3,49452.0,49833.3
9244,49364.3,49452.0,49833.3
9245,49364.3,49452.0,49833.3
9246,49364.3,49452.0,49833.3
9247,49364.3,49452.0,49833.3
9248,49364.3,49452.0,49833.3
9249,49364.3,49452.0,49833.3
9250,49364.3,49452.0,49833.3
9251,49364.3,49452.0,49833.3
9252,49364.3,49452.0,49833.3
9253,49364.3,49452.0,49833.3
9254,49364.3,49452.0,49833.3
9255,49364.3,49452.0,49833.3
9256,49364.3,49452.0,49833.3
9257,49364.3,49452.0,49833.3
9258,49364.3,49452.0,49833.3
9259,49364.3,49452.0,49833.3
9260,49364.3,49452.0,49833.3
9261,49364.3,49452.0,49833.3
9262,49364.3,49452.0,49833.3
9263,49364.3,49452.0,49833.3
9264,49364.3,49452.0,49833.3
9265,49364.3,49452.0,49833.3
9266,49364.3,49452.0,49833.3
9267,49364.3,49452.0,49833.3
9268,49364.3,49452.0,49833.3
9269,49364.3,49452.0,49833.3
9270,49364.3,49452.0,49833.3
9271,49364.3,49452.0,49833.3
9272,49364.3,49452.0,49833.3
9273,49364.3,49452.0,49833.3
9274,49364.3,49452.0,49833.3
9275,49364.3,49452.0,49833.3
9276,49364.3,49452.0,49833.3
9277,49364.3,49452.0,49833.3
9278,49364.3,49452.0,49833.3
9279,49364.3,49452.0,49833.3
9280,49364.3,49452.0,49833.3
9281,49364.3,49452.0,49833.3
9282,49364.3,49452.0,49833.3
9283,49364.3,49452.0,49833.3
9284,49364.3,49452.0,49833.3
9285,49364.3,49452.0,49833.3
9286,49364.3,49452.0,49833.3
9287,49364.3,49452.0,49833.3
9288,49364.3,49452.0,49833.3
9289,49364.3,49452.0,49833.3
9290,49364.3,49452.0,49833.3
9291,49364.3,49452.0,49833.3
9292,49364.3,49452.0,49833.3
9293,49364.3,49452.0,49833.3
9294,49364.3,49452.0,49833.3
9295,49364.3,49452.0,49833.3
9296,49364.3,49452.0,49833.3
9297,49364.3,49452.0,49833.3
9298,49364.3,49452.0,49833.3
9299,49364.3,49452.0,49833.3
9300,49364.3,49452.0,49833.3
9301,49364.3,49452.0,49833.3
9302,49364.3,49452.0,49833.3
9303,49364.3,49452.0,49833.3
9304,49364.3,49452.0,49833.3
9305,49364.3,49452.0,49833.3
9306,49364.3,49452.0,49833.3
9307,49364.3,49452.0,49833.3
9308,49364.3,49452.0,49833.3
9309,49364.3,49452.0,49833.3
9310,49364.3,49452.0,49833.3
9311,49364.3,49452.0,49833.3
9312,49364.3,49452.0,49833.3
9313,49364.3,49452.0,49833.3
9314,49364.3,49452.0,49833.3
9315,49364.3,49452.0,49833.3
9316,49364.3,49452.0,49833.3
9317,49364.3,49452.0,49833.3
9318,49364.3,49452.0,49833.3
9319,49364.3,49452.0,49833.3
9320,49364.3,49452.0,49833.3
9321,49364.3,49452.0,49833.3
9322,49364.3,49452.0,49833.3
9323,49364.3,49452.0,49833.3
9324,49364.3,49452.0,49833.3
9325,49364.3,49452.0,49833.3
9326,49364.3,49452.0,49833.3
9327,49364.3,49452.0,49833.3
9328,49364.3,49452.0,49833.3
9329,49364.3,49452.0,49833.3
9330,49364.3,49452.0,49833.3
9331,49364.3,49452.0,49833.3
9332,49364.3,49452.0,49833.3
9333,49364.3,49452.0,49833.3
9334,49364.3,49452.0,49833.3
9335,49364.3,49452.0,49833.3
9336,49364.3,49452.0,49833.3
9337,49364.3,49452.0,49833.3
9338,49364.3,49452.0,49833.3
9339,49364.3,49452.0,49833.3
9340,49364.3,49452.0,49833.3
9341,49364.3,49452.0,49833.3
9342,49364.3,49452.0,49833.3
9343,49364.3,49452.0,49833.3
9344,49364.3,49452.0,49833.3
9345,49364.3,49452.0,49833.3
9346,49364.3,49452.0,49833.3
9347,49364.3,49452.0,49833.3
9348,49364.3,49452.0,49833.3
9349,49364.3,49452.0,49833.3
9350,49364.3,49452.0,49833.3
9351,49364.3,49452.0,49833.3
9352,49364.3,49452.0,49833.3
9353,49364.3,49452.0,49833.3
9354,49364.3,49452.0,49833.3
9355,49364.3,49452.0,49833.3
9356,49364.3,49452.0,49833.3
9357,49364.3,49452.0,49833.3
9358,49364.3,49452.0,49833.3
9359,49364.3,49452.0,49833.3
9360,49364.3,49452.0,49833.3
9361,49364.3,49452.0,49833.3
9362,49364.3,49452.0,49833.3
9363,49364.3,49452.0,49833.3
9364,49364.3,49452.0,49833.3
9365,49364.3,49452.0,49833.3
9366,49364.3,49452.0,49833.3
9367,49364.3,49452.0,49833.3
9368,49364.3,49452.0,49833.3
9369,49364.3,49452.0,49833.3
9370,49364.3,49452.0,49833.3
9371,49364.3,49452.0,49833.3
9372,49364.3,49452.0,49833.3
9373,49364.3,49452.0,49833.3
9374,49364.3,49452.0,49833.3
9375,49364.3,49452.0,49833.3
9376,49364.3,49452.0,49833.3
9377,49364.3,49452.0,49833.3
9378,49364.3,49452.0,49833.3
9379,49364.3,49452.0,49833.3
9380,49364.3,49452.0,49833.3
9381,49364.3,49452.0,49833.3
9382,49364.3,49452.0,49833.3
9383,49364.3,49452.0,49833.3
9384,49364.3,49452.0,49833.3
9385,49364.3,49452.0,49833.3
9386,49364.3,49452.0,49833.3
9387,49364.3,49452.0,49833.3
9388,49364.3,49452.0,49833.3
9389,49364.3,49452.0,49833.3
9390,49364.3,49452.0,49833.3
9391,49364.3,49452.0,49833.3
9392,49364.3,49452.0,49833.3
9393,49364.3,49452.0,49833.3
9394,49364.3,49452.0,49833.3
9395,49364.3,49452.0,49833.3
9396,49364.3,49452.0,49833.3
9397,49364.3,49452.0,49833.3
9398,49364.3,49452.0,49833.3
9399,49364.3,49452.0,49833.3
9400,49364.3,49452.0,49833.3
9401,49364.3,49452.0,49833.3
9402,49364.3,49452.0,49833.3
9403,49364.3,49452.0,49833.3
9404,49364.3,49452.0,49833.3
9405,49364.3,49452.0,49833.3
9406,49364.3,49452.0,49833.3
9407,49364.3,49452.0,49833.3
9408,49364.3,49452.0,49833.3
9409,49364.3,49452.0,49833.3
9410,49364.3,49452.0,49833.3
9411,49364.3,49452.0,49833.3
9412,49364.3,49452.0,49833.3
9413,49364.3,49452.0,49833.3
9414,49364.3,49452.0,49833.3
9415,49364.3,49452.0,49833.3
9416,49364.3,49452.0,49833.3
9417,49364.3,49452.0,49833.3
9418,49364.3,49452.0,49833.3
9419,49364.3,49452.0,49833.3
9420,49364.3,49452.0,49833.3
9421,49364.3,49452.0,49833.3
9422,49364.3,49452.0,49833.3
9423,49364.3,49452.0,49833.3
9424,49364.3,49452.0,49833.3
9425,49364.3,49452.0,49833.3
9426,49364.3,49452.0,49833.3
9427,49364.3,49452.0,49833.3
9428,49364.3,49452.0,49833.3
9429,49364.3,49452.0,49833.3
9430,49364.3,49452.0,49833.3
9431,49364.3,49452.0,49833.3
9432,49364.3,49452.0,49833.3
9433,49364.3,49452.0,49833.3
9434,49364.3,49452.0,49833.3
9435,49364.3,49452.0,49833.3
9436,49364.3,49452.0,49833.3
9437,49364.3,49452.0,49833.3
9438,49364.3,49452.0,49833.3
9439,49364.3,49452.0,49833.3
9440,49364.3,49452.0,49833.3
9441,49364.3,49452.0,49833.3
9442,49364.3,49452.0,49833.3
9443,49364.3,49452.0,49833.3
9444,49364.3,49452.0,49833.3
9445,49364.3,49452.0,49833.3
9446,49364.3,49452.0,49833.3
9447,49364.3,49452.0,49833.3
9448,49364.3,49452.0,49833.3
9449,49364.3,49452.0,49833.3
9450,49364.3,49452.0,49833.3
9451,49364.3,49452.0,49833.3
9452,49364.3,49452.0,49833.3
9453,49364.3,49452.0,49833.3
9454,49364.3,49452.0,49833.3
9455,49364.3,49452.0,49833.3
9456,49364.3,49452.0,49833.3
9457,49364.3,49452.0,49833.3
9458,49364.3,49452.0,49833.3
9459,49364.3,49452.0,49833.3
9460,49364.3,49452.0,49833.3
9461,49364.3,49452.0,49833.3
9462,49364.3,49452.0,49833.3
9463,49364.3,49452.0,49833.3
9464,49364.3,49452.0,49833.3
9465,49364.3,49452.0,49833.3
9466,49364.3,49452.0,49833.3
9467,49364.3,49452.0,49833.3
9468,49364.3,49452.0,49833.3
9469,49364.3,49452.0,49833.3
9470,49364.3,49452.0,49833.3
9471,49364.3,49452.0,49833.3
9472,49364.3,49452.0,49833.3
9473,49364.3,49452.0,49833.3
9474,49364.3,49452.0,49833.3
9475,49364.3,49452.0,49833.3
9476,49364.3,49452.0,49833.3
9477,49364.3,49452.0,49833.3
9478,49364.3,49452.0,49833.3
9479,49364.3,49452.0,49833.3
9480,49364.3,49452.0,49833.3
9481,49364.3,49452.0,49833.3
9482,49364.3,49452.0,49833.3
9483,49364.3,49452.0,49833.3
9484,49364.3,49452.0,49833.3
9485,49364.3,49452.0,49833.3
9486,49364.3,49452.0,49833.3
9487,49364.3,49452.0,49833.3
9488,49364.3,49452.0,49833.3
9489,49364.3,49452.0,49833.3
9490,49364.3,49452.0,49833.3
9491,49364.3,49452.0,49833.3
9492,49364.3,49452.0,49833.3
9493,49364.3,49452.0,49833.3
9494,49364.3,49452.0,49833.3
9495,49364.3,49452.0,49833.3
9496,49364.3,49452.0,49833.3
9497,49364.3,49452.0,49833.3
9498,49364.3,49452.0,49833.3
9499,49364.3,49452.0,49833.3
9500,49364.3,49452.0,49833.3
9501,49364.3,49452.0,49833.3
9502,49364.3,49452.0,49833.3
9503,49364.3,49452.0,49833.3
9504,49364.3,49452.0,49833.3
9505,49364.3,49452.0,49833.3
9506,49364.3,49452.0,49833.3
9507,49364.3,49452.0,49833.3
9508,49364.3,49452.0,49833.3
9509,49364.3,49452.0,49833.3
9510,49364.3,49452.0,49833.3
9511,49364.3,49452.0,49833.3
9512,49364.3,49452.0,49833.3
9513,49364.3,49452.0,49833.3
9514,49364.3,49452.0,49833.3
9515,49364.3,49452.0,49833.3
9516,49364.3,49452.0,49833.3
9517,49364.3,49452.0,49833.3
9518,49364.3,49452.0,49833.3
9519,49364.3,49452.0,49833.3
9520,49364.3,49452.0,49833.3
9521,49364.3,49452.0,49833.3
9522,49364.3,49452.0,49833.3
9523,49364.3,49452.0,49833.3
9524,49364.3,49452.0,49833.3
9525,49364.3,49452.0,49833.3
9526,49364.3,49452.0,49833.3
9527,49364.3,49452.0,49833.3
9528,49364.3,49452.0,49833.3
9529,49364.3,49452.0,49833.3
9530,49364.3,49452.0,49833.3
9531,49364.3,49452.0,49833.3
9532,49364.3,49452.0,49833.3
9533,49364.3,49452.0,49833.3
9534,49364.3,49452.0,49833.3
9535,49364.3,49452.0,49833.3
9536,49364.3,49452.0,49833.3
9537,49364.3,49452.0,49833.3
9538,49364.3,49452.0,49833.3
9539,49364.3,49452.0,49833.3
9540,49364.3,49452.0,49833.3
9541,49364.3,49452.0,49833.3
9542,49364.3,49452.0,49833.3
9543,49364.3,49452.0,49833.3
9544,49364.3,49452.0,49833.3
9545,49364.3,49452.0,49833.3
9546,49364.3,49452.0,49833.3
9547,49364.3,49452.0,49833.3
9548,49364.3,49452.0,49833.3
9549,49364.3,49452.0,49833.3
9550,49364.3,49452.0,49833.3
9551,49364.3,49452.0,49833.3
9552,49364.3,49452.0,49833.3
9553,49364.3,49452.0,49833.3
9554,49364.3,49452.0,49833.3
9555,49364.3,49452.0,49833.3
9556,49364.3,49452.0,49833.3
9557,49364.3,49452.0,49833.3
9558,49364.3,49452.0,49833.3
9559,49364.3,49452.0,49833.3
9560,49364.3,49452.0,49833.3
9561,49364.3,49452.0,49833.3
9562,49364.3,49452.0,49833.3
9563,49364.3,49452.0,49833.3
9564,49364.3,49452.0,49833.3
9565,49364.3,49452.0,49833.3
9566,49364.3,49452.0,49833.3
9567,49364.3,49452.0,49833.3
9568,49364.3,49452.0,49833.3
9569,49364.3,49452.0,49833.3
9570,49364.3,49452.0,49833.3
9571,49364.3,49452.0,49833.3
9572,49364.3,49452.0,49833.3
9573,49364.3,49452.0,49833.3
9574,49364.3,49452.0,49833.3
9575,49364.3,49452.0,49833.3
9576,49364.3,49452.0,49833.3
9577,49364.3,49452.0,49833.3
9578,49364.3,49452.0,49833.3
9579,49364.3,49452.0,49833.3
9580,49364.3,49452.0,49833.3
9581,49364.3,49452.0,49833.3
9582,49364.3,49452.0,49833.3
9583,49364.3,49452.0,49833.3
9584,49364.3,49452.0,49833.3
9585,49364.3,49452.0,49833.3
9586,49364.3,49452.0,49833.3
9587,49364.3,49452.0,49833.3
9588,49364.3,49452.0,49833.3
9589,49364.3,49452.0,49833.3
9590,49364.3,49452.0,49833.3
9591,49364.3,49452.0,49833.3
9592,49364.3,49452.0,49833.3
9593,49364.3,49452.0,49833.3
9594,49364.3,49452.0,49833.3
9595,49364.3,49452.0,49833.3
9596,49364.3,49452.0,49833.3
9597,49364.3,49452.0,49833.3
9598,49364.3,49452.0,49833.3
9599,49364.3,49452.0,49833.3
9600,49364.3,49452.0,49833.3
9601,49364.3,49452.0,49833.3
9602,49364.3,49452.0,49833.3
9603,49364.3,49452.0,49833.3
9604,49364.3,49452.0,49833.3
9605,49364.3,49452.0,49833.3
9606,49364.3,49452.0,49833.3
9607,49364.3,49452.0,49833.3
9608,49364.3,49452.0,49833.3
9609,49364.3,49452.0,49833.3
9610,49364.3,49452.0,49833.3
9611,49364.3,49452.0,49833.3
9612,49364.3,49452.0,49833.3
9613,49364.3,49452.0,49833.3
9614,49364.3,49452.0,49833.3
9615,49364.3,49452.0,49833.3
9616,49364.3,49452.0,49833.3
9617,49364.3,49452.0,49833.3
9618,49364.3,49452.0,49833.3
9619,49364.3,49452.0,49833.3
9620,49364.3,49452.0,49833.3
9621,49364.3,49452.0,49833.3
9622,49364.3,49452.0,49833.3
9623,49364.3,49452.0,49833.3
9624,49364.3,49452.0,49833.3
9625,49364.3,49452.0,49833.3
9626,49364.3,49452.0,49833.3
9627,49364.3,49452.0,49833.3
9628,49364.3,49452.0,49833.3
9629,49364.3,49452.0,49833.3
9630,49364.3,49452.0,49833.3
9631,49364.3,49452.0,49833.3
9632,49364.3,49452.0,49833.3
9633,49364.3,49452.0,49833.3
9634,49364.3,49452.0,49833.3
9635,49364.3,49452.0,49833.3
9636,49364.3,49452.0,49833.3
9637,49364.3,49452.0,49833.3
9638,49364.3,49452.0,49833.3
9639,49364.3,49452.0,49833.3
9640,49364.3,49452.0,49833.3
9641,49364.3,49452.0,49833.3
9642,49364.3,49452.0,49833.3
9643,49364.3,49452.0,49833.3
9644,49364.3,49452.0,49833.3
9645,49364.3,49452.0,49833.3
9646,49364.3,49452.0,49833.3
9647,49364.3,49452.0,49833.3
9648,49364.3,49452.0,49833.3
9649,49364.3,49452.0,49833.3
9650,49364.3,49452.0,49833.3
9651,49364.3,49452.0,49833.3
9652,49364.3,49452.0,49833.3
9653,49364.3,49452.0,49833.3
9654,49364.3,49452.0,49833.3
9655,49364.3,49452.0,49833.3
9656,49364.3,49452.0,49833.3
9657,49364.3,49452.0,49833.3
9658,49364.3,49452.0,49833.3
9659,49364.3,49452.0,49833.3
9660,49364.3,49452.0,49833.3
9661,49364.3,49452.0,49833.3
9662,49364.3,49452.0,49833.3
9663,49364.3,49452.0,49833.3
9664,49364.3,49452.0,49833.3
9665,49364.3,49452.0,49833.3
9666,49364.3,49452.0,49833.3
9667,49364.3,49452.0,49833.3
9668,49364.3,49452.0,49833.3
9669,49364.3,49452.0,49833.3
9670,49364.3,49452.0,49833.3
9671,49364.3,49452.0,49833.3
9672,49364.3,49452.0,49833.3
9673,49364.3,49452.0,49833.3
9674,49364.3,49452.0,49833.3
9675,49364.3,49452.0,49833.3
9676,49364.3,49452.0,49833.3
9677,49364.3,49452.0,49833.3
9678,49364.3,49452.0,49833.3
9679,49364.3,49452.0,49833.3
9680,49364.3,49452.0,49833.3
9681,49364.3,49452.0,49833.3
9682,49364.3,49452.0,49833.3
9683,49364.3,49452.0,49833.3
9684,49364.3,49452.0,49833.3
9685,49364.3,49452.0,49833.3
9686,49364.3,49452.0,49833.3
9687,49364.3,49452.0,49833.3
9688,49364.3,49452.0,49833.3
9689,49364.3,49452.0,49833.3
9690,49364.3,49452.0,49833.3
9691,49364.3,49452.0,49833.3
9692,49364.3,49452.0,49833.3
9693,49364.3,49452.0,49833.3
9694,49364.3,49452.0,49833.3
9695,49364.3,49452.0,49833.3
9696,49364.3,49452.0,49833.3
9697,49364.3,49452.0,49833.3
9698,49364.3,49452.0,49833.3
9699,49364.3,49452.0,49833.3
9700,49364.3,49452.0,49833.3
9701,49364.3,49452.0,49833.3
9702,49364.3,49452.0,49833.3
9703,49364.3,49452.0,49833.3
9704,49364.3,49452.0,49833.3
9705,49364.3,49452.0,49833.3
9706,49364.3,49452.0,49833.3
9707,49364.3,49452.0,49833.3
9708,49364.3,49452.0,49833.3
9709,49364.3,49452.0,49833.3
9710,49364.3,49452.0,49833.3
9711,49364.3,49452.0,49833.3
9712,49364.3,49452.0,49833.3
9713,49364.3,49452.0,49833.3
9714,49364.3,49452.0,49833.3
9715,49364.3,49452.0,49833.3
9716,49364.3,49452.0,49833.3
9717,49364.3,49452.0,49833.3
9718,49364.3,49452.0,49833.3
9719,49364.3,49452.0,49833.3
9720,49364.3,49452.0,49833.3
9721,49364.3,49452.0,49833.3
9722,49364.3,49452.0,49833.3
9723,49364.3,49452.0,49833.3
9724,49364.3,49452.0,49833.3
9725,49364.3,49452.0,49833.3
9726,49364.3,49452.0,49833.3
9727,49364.3,49452.0,49833.3
9728,49364.3,49452.0,49833.3
9729,49364.3,49452.0,49833.3
9730,49364.3,49452.0,49833.3
9731,49364.3,49452.0,49833.3
9732,49364.3,49452.0,49833.3
9733,49364.3,49452.0,49833.3
9734,49364.3,49452.0,49833.3
9735,49364.3,49452.0,49833.3
9736,49364.3,49452.0,49833.3
9737,49364.3,49452.0,49833.3
9738,49364.3,49452.0,49833.3
9739,49364.3,49452.0,49833.3
9740,49364.3,49452.0,49833.3
9741,49364.3,49452.0,49833.3
9742,49364.3,49452.0,49833.3
9743,49364.3,49452.0,49833.3
9744,49364.3,49452.0,49833.3
9745,49364.3,49452.0,49833.3
9746,49364.3,49452.0,49833.3
9747,49364.3,49452.0,49833.3
9748,49364.3,49452.0,49833.3
9749,49364.3,49452.0,49833.3
9750,49364.3,49452.0,49833.3
9751,49364.3,49452.0,49833.3
9752,49364.3,49452.0,49833.3
9753,49364.3,49452.0,49833.3
9754,49364.3,49452.0,49833.3
9755,49364.3,49452.0,49833.3
9756,49364.3,49452.0,49833.3
9757,49364.3,49452.0,49833.3
9758,49364.3,49452.0,49833.3
9759,49364.3,49452.0,49833.3
9760,49364.3,49452.0,49833.3
9761,49364.3,49452.0,49833.3
9762,49364.3,49452.0,49833.3
9763,49364.3,49452.0,49833.3
9764,49364.3,49452.0,49833.3
9765,49364.3,49452.0,49833.3
9766,49364.3,49452.0,49833.3
9767,49364.3,49452.0,49833.3
9768,49364.3,49452.0,49833.3
9769,49364.3,49452.0,49833.3
9770,49364.3,49452.0,49833.3
9771,49364.3,49452.0,49833.3
9772,49364.3,49452.0,49833.3
9773,49364.3,49452.0,49833.3
9774,49364.3,49452.0,49833.3
9775,49364.3,49452.0,49833.3
9776,49364.3,49452.0,49833.3
9777,49364.3,49452.0,49833.3
9778,49364.3,49452.0,49833.3
9779,49364.3,49452.0,49833.3
9780,49364.3,49452.0,49833.3
9781,49364.3,49452.0,49833.3
9782,49364.3,49452.0,49833.3
9783,49364.3,49452.0,49833.3
9784,49364.3,49452.0,49833.3
9785,49364.3,49452.0,49833.3
9786,49364.3,49452.0,49833.3
9787,49364.3,49452.0,49833.3
9788,49364.3,49452.0,49833.3
9789,49364.3,49452.0,49833.3
9790,49364.3,49452.0,49833.3
9791,49364.3,49452.0,49833.3
9792,49364.3,49452.0,49833.3
9793,49364.3,49452.0,49833.3
9794,49364.3,49452.0,49833.3
9795,49364.3,49452.0,49833.3
9796,49364.3,49452.0,49833.3
9797,49364.3,49452.0,49833.3
9798,49364.3,49452.0,49833.3
9799,49364.3,49452.0,49833.3
9800,49364.3,49452.0,49833.3
9801,49364.3,49452.0,49833.3
9802,49364.3,49452.0,49833.3
9803,49364.3,49452.0,49833.3
9804,49364.3,49452.0,49833.3
9805,49364.3,49452.0,49833.3
9806,49364.3,49452.0,49833.3
9807,49364.3,49452.0,49833.3
9808,49364.3,49452.0,49833.3
9809,49364.3,49452.0,49833.3
9810,49364.3,49452.0,49833.3
9811,49364.3,49452.0,49833.3
9812,49364.3,49452.0,49833.3
9813,49364.3,49452.0,49833.3
9814,49364.3,49452.0,49833.3
9815,49364.3,49452.0,49833.3
9816,49364.3,49452.0,49833.3
9817,49364.3,49452.0,49833.3
9818,49364.3,49452.0,49833.3
9819,49364.3,49452.0,49833.3
9820,49364.3,49452.0,49833.3
9821,49364.3,49452.0,49833.3
9822,49364.3,49452.0,49833.3
9823,49364.3,49452.0,49833.3
9824,49364.3,49452.0,49833.3
9825,49364.3,49452.0,49833.3
9826,49364.3,49452.0,49833.3
9827,49364.3,49452.0,49833.3
9828,49364.3,49452.0,49833.3
9829,49364.3,49452.0,49833.3
9830,49364.3,49452.0,49833.3
9831,49364.3,49452.0,49833.3
9832,49364.3,49452.0,49833.3
9833,49364.3,49452.0,49833.3
9834,49364.3,49452.0,49833.3
9835,49364.3,49452.0,49833.3
9836,49364.3,49452.0,49833.3
9837,49364.3,49452.0,49833.3
9838,49364.3,49452.0,49833.3
9839,49364.3,49452.0,49833.3
9840,49364.3,49452.0,49833.3
9841,49364.3,49452.0,49833.3
9842,49364.3,49452.0,49833.3
9843,49364.3,49452.0,49833.3
9844,49364.3,49452.0,49833.3
9845,49364.3,49452.0,49833.3
9846,49364.3,49452.0,49833.3
9847,49364.3,49452.0,49833.3
9848,49364.3,49452.0,49833.3
9849,49364.3,49452.0,49833.3
9850,49364.3,49452.0,49833.3
9851,49364.3,49452.0,49833.3
9852,49364.3,49452.0,49833.3
9853,49364.3,49452.0,49833.3
9854,49364.3,49452.0,49833.3
9855,49364.3,49452.0,49833.3
9856,49364.3,49452.0,49833.3
9857,49364.3,49452.0,49833.3
9858,49364.3,49452.0,49833.3
9859,49364.3,49452.0,49833.3
9860,49364.3,49452.0,49833.3
9861,49364.3,49452.0,49833.3
9862,49364.3,49452.0,49833.3
9863,49364.3,49452.0,49833.3
9864,49364.3,49452.0,49833.3
9865,49364.3,49452.0,49833.3
9866,49364.3,49452.0,49833.3
9867,49364.3,49452.0,49833.3
9868,49364.3,49452.0,49833.3
9869,49364.3,49452.0,49833.3
9870,49364.3,49452.0,49833.3
9871,49364.3,49452.0,49833.3
9872,49364.3,49452.0,49833.3
9873,49364.3,49452.0,49833.3
9874,49364.3,49452.0,49833.3
9875,49364.3,49452.0,49833.3
9876,49364.3,49452.0,49833.3
9877,49364.3,49452.0,49833.3
9878,49364.3,49452.0,49833.3
9879,49364.3,49452.0,49833.3
9880,49364.3,49452.0,49833.3
9881,49364.3,49452.0,49833.3
9882,49364.3,49452.0,49833.3
9883,49364.3,49452.0,49833.3
9884,49364.3,49452.0,49833.3
9885,49364.3,49452.0,49833.3
9886,49364.3,49452.0,49833.3
9887,49364.3,49452.0,49833.3
9888,49364.3,49452.0,49833.3
9889,49364.3,49452.0,49833.3
9890,49364.3,49452.0,49833.3
9891,49364.3,49452.0,49833.3
9892,49364.3,49452.0,49833.3
9893,49364.3,49452.0,49833.3
9894,49364.3,49452.0,49833.3
9895,49364.3,49452.0,49833.3
9896,49364.3,49452.0,49833.3
9897,49364.3,49452.0,49833.3
9898,49364.3,49452.0,49833.3
9899,49364.3,49452.0,49833.3
9900,49364.3,49452.0,49833.3
9901,49364.3,49452.0,49833.3
9902,49364.3,49452.0,49833.3
9903,49364.3,49452.0,49833.3
9904,49364.3,49452.0,49833.3
9905,49364.3,49452.0,49833.3
9906,49364.3,49452.0,49833.3
9907,49364.3,49452.0,49833.3
9908,49364.3,49452.0,49833.3
9909,49364.3,49452.0,49833.3
9910,49364.3,49452.0,49833.3
9911,49364.3,49452.0,49833.3
9912,49364.3,49452.0,49833.3
9913,49364.3,49452.0,49833.3
9914,49364.3,49452.0,49833.3
9915,49364.3,49452.0,49833.3
9916,49364.3,49452.0,49833.3
9917,49364.3,49452.0,49833.3
9918,49364.3,49452.0,49833.3
9919,49364.3,49452.0,49833.3
9920,49364.3,49452.0,49833.3
9921,49364.3,49452.0,49833.3
9922,49364.3,49452.0,49833.3
9923,49364.3,49452.0,49833.3
9924,49364.3,49452.0,49833.3
9925,49364.3,49452.0,49833.3
9926,49364.3,49452.0,49833.3
9927,49364.3,49452.0,49833.3
9928,49364.3,49452.0,49833.3
9929,49364.3,49452.0,49833.3
9930,49364.3,49452.0,49833.3
9931,49364.3,49452.0,49833.3
9932,49364.3,49452.0,49833.3
9933,49364.3,49452.0,49833.3
9934,49364.3,49452.0,49833.3
9935,49364.3,49452.0,49833.3
9936,49364.3,49452.0,49833.3
9937,49364.3,49452.0,49833.3
9938,49364.3,49452.0,49833.3
9939,49364.3,49452.0,49833.3
9940,49364.3,49452.0,49833.3
9941,49364.3,49452.0,49833.3
9942,49364.3,49452.0,49833.3
9943,49364.3,49452.0,49833.3
9944,49364.3,49452.0,49833.3
9945,49364.3,49452.0,49833.3
9946,49364.3,49452.0,49833.3
9947,49364.3,49452.0,49833.3
9948,49364.3,49452.0,49833.3
9949,49364.3,49452.0,49833.3
9950,49364.3,49452.0,49833.3
9951,49364.3,49452.0,49833.3
9952,49364.3,49452.0,49833.3
9953,49364.3,49452.0,49833.3
9954,49364.3,49452.0,49833.3
9955,49364.3,49452.0,49833.3
9956,49364.3,49452.0,49833.3
9957,49364.3,49452.0,49833.3
9958,49364.3,49452.0,49833.3
9959,49364.3,49452.0,49833.3
9960,49364.3,49452.0,49833.3
9961,49364.3,49452.0,49833.3
9962,49364.3,49452.0,49833.3
9963,49364.3,49452.0,49833.3
9964,49364.3,49452.0,49833.3
9965,49364.3,49452.0,49833.3
9966,49364.3,49452.0,49833.3
9967,49364.3,49452.0,49833.3
9968,49364.3,49452.0,49833.3
9969,49364.3,49452.0,49833.3
9970,49364.3,49452.0,49833.3
9971,49364.3,49452.0,49833.3
9972,49364.3,49452.0,49833.3
9973,49364.3,49452.0,49833.3
9974,49364.3,49452.0,49833.3
9975,49364.3,49452.0,49833.3
9976,49364.3,49452.0,49833.3
9977,49364.3,49452.0,49833.3
9978,49364.3,49452.0,49833.3
9979,49364.3,49452.0,49833.3
9980,49364.3,49452.0,49833.3
9981,49364.3,49452.0,49833.3
9982,49364.3,49452.0,49833.3
9983,49364.3,49452.0,49833.3
9984,49364.3,49452.0,49833.3
9985,49364.3,49452.0,49833.3
9986,49364.3,49452.0,49833.3
9987,49364.3,49452.0,49833.3
9988,49364.3,49452.0,49833.3
9989,49364.3,49452.0,49833.3
9990,49364.3,49452.0,49833.3
9991,49364.3,49452.0,49833.3
9992,49364.3,49452.0,49833.3
9993,49364.3,49452.0,49833.3
9994,49364.3,49452.0,49833.3
9995,49364.3,49452.0,49833.3
9996,49364.3,49452.0,49833.3
9997,49364.3,49452.0,49833.3
9998,49364.3,49452.0,49833.3
9999,49364.3,49452.0,49833.3
